date,irec,side,stop,target,iend,branch,entry,exit,xtype,jexit,risk,plan_loss,net,fits,day_after,cut
20060106,607,1,1715.5,,727,S07,1734.0,1732.0,3,727,18.5,19.75,-2.75,True,-2.75,
20060118,6586,-1,1740.0,,6706,S07,1721.5,1724.5,3,6706,18.5,19.75,-3.75,True,-3.75,
20060119,7507,-1,1752.5,,7627,S07,1734.0,1736.0,3,7627,18.5,19.75,-2.75,True,-2.75,
20060127,12689,1,1693.0,,12809,S07,1711.5,1721.5,3,12809,18.5,19.75,9.25,True,9.25,
20060131,14129,-1,1716.25,,-1,PV2_V7m,1710.5,1716.75,1,14234,5.75,7.0,-7.0,True,-7.0,
20060201,14992,1,1690.0,,15112,S07,1708.5,1712.5,3,15112,18.5,19.75,3.25,True,3.25,
20060203,15649,-1,1692.5,,15769,S07,1674.0,1674.0,3,15769,18.5,19.75,-0.75,True,-0.75,
20060210,19031,1,1671.75,,-1,PV2_V7m,1673.0,1671.25,1,19039,1.25,2.5,-2.5,True,-2.5,
20060215,20988,1,1677.75,,-1,PV2_V7m,1681.5,1677.25,1,21002,3.75,5.0,-5.0,True,-5.0,
20060222,24414,-1,1679.5,,24534,S07,1661.0,1680.0,1,24530,18.5,19.75,-19.75,True,-19.75,
20060228,27490,-1,1688.25,,-1,PV2_V7m,1679.5,1675.5,3,27610,8.75,10.0,3.25,True,3.25,
20060303,29761,-1,1705.0,,29881,S07,1686.5,1691.0,3,29881,18.5,19.75,-5.25,True,-5.25,
20060307,30264,-1,1686.0,,30384,S07,1667.5,1668.0,3,30384,18.5,19.75,-1.25,True,-1.25,
20060310,32295,-1,1680.5,,32415,S07,1662.0,1671.0,3,32415,18.5,19.75,-9.75,True,-9.75,
20060313,32812,1,1680.75,,-1,PV2_V7m,1683.0,1680.25,1,32818,2.25,3.5,-3.5,True,-3.5,
20060314,33557,1,1683.75,,-1,PV2_V7m,1686.0,1683.25,1,33572,2.25,3.5,-3.5,True,-3.5,
20060316,35118,-1,1737.5,,35238,S07,1719.0,1716.5,3,35238,18.5,19.75,1.75,True,1.75,
20060320,36080,-1,1727.5,,36200,S07,1709.0,1704.5,3,36200,18.5,19.75,3.75,True,3.75,
20060321,36850,-1,1702.75,,-1,PV2_V7m,1701.0,1703.25,1,36872,1.75,3.0,-3.0,True,-3.0,
20060321,36941,1,1718.75,,-1,PV2_V7m,1720.5,1718.25,1,37049,1.75,3.0,-3.0,True,-6.0,
20060327,39225,1,1679.5,,39345,S07,1698.0,1698.5,3,39345,18.5,19.75,-0.25,True,-0.25,
20060328,39939,1,1681.5,,40059,S07,1700.0,1702.0,3,40059,18.5,19.75,1.25,True,1.25,
20060329,40807,1,1696.75,,-1,PV2_V7m,1698.0,1696.25,1,40837,1.25,2.5,-2.5,True,-2.5,
20060405,44576,1,1740.25,,-1,PV2_V7m,1742.0,1739.75,1,44585,1.75,3.0,-3.0,True,-3.0,
20060406,45347,1,1730.5,,45467,S07,1749.0,1750.0,3,45467,18.5,19.75,0.25,True,0.25,
20060407,46059,-1,1776.5,,46179,S07,1758.0,1744.0,3,46179,18.5,19.75,13.25,True,13.25,
20060413,49098,-1,1734.5,,49218,S07,1716.0,1735.0,1,49196,18.5,19.75,-19.75,True,-19.75,
20060418,50593,1,1715.75,,-1,PV2_V7m,1717.5,1715.25,1,50597,1.75,3.0,-3.0,True,-3.0,
20060419,51420,-1,1761.5,,51540,S07,1743.0,1738.5,3,51540,18.5,19.75,3.75,True,3.75,
20060421,52956,1,1728.5,,53076,S07,1747.0,1733.5,3,53076,18.5,19.75,-14.25,True,-14.25,
20060424,53717,-1,1711.25,,-1,PV2_V7m,1711.0,1711.75,1,53729,0.25,1.5,-1.5,True,-1.5,
20060427,55990,-1,1736.5,,56108,S07,1718.0,1709.0,4,56003,18.5,19.75,8.25,True,8.25,
20060427,56036,1,1724.25,,-1,PV2_V7m,1729.0,1731.0,3,56156,4.75,6.0,1.25,True,9.5,
20060428,56870,-1,1738.5,,56990,S07,1720.0,1715.0,3,56990,18.5,19.75,4.25,True,4.25,
20060501,57444,-1,1733.5,,57564,S07,1715.0,1710.5,3,57564,18.5,19.75,3.75,True,3.75,
20060502,58331,1,1685.0,,58451,S07,1703.5,1699.0,3,58451,18.5,19.75,-5.25,True,-5.25,
20060503,59118,-1,1714.0,,59238,S07,1695.5,1695.0,3,59238,18.5,19.75,-0.25,True,-0.25,
20060504,59904,-1,1730.5,,60024,S07,1712.0,1708.0,3,60024,18.5,19.75,3.25,True,3.25,
20060505,60634,-1,1733.5,,60754,S07,1715.0,1720.5,3,60754,18.5,19.75,-6.25,True,-6.25,
20060508,61289,-1,1745.0,,61409,S07,1726.5,1724.0,3,61409,18.5,19.75,1.75,True,1.75,
20060509,62004,-1,1737.0,,62124,S07,1718.5,1720.0,3,62124,18.5,19.75,-2.25,True,-2.25,
20060510,62759,1,1696.0,,62879,S07,1714.5,1712.25,3,62879,18.5,19.75,-3.0,True,-3.0,
20060511,63611,-1,1703.0,,63731,S07,1684.5,1668.5,3,63731,18.5,19.75,15.25,True,15.25,
20060512,64560,-1,1664.75,,64680,S07,1646.25,1645.0,3,64680,18.5,19.75,0.5,True,0.5,
20060515,65373,1,1623.75,,65493,S07,1642.25,1639.75,3,65493,18.5,19.75,-3.25,True,-3.25,
20060516,66232,1,1622.0,,66352,S07,1640.5,1627.75,3,66352,18.5,19.75,-13.5,True,-13.5,
20060518,67693,-1,1630.5,,67813,S07,1612.0,1611.75,3,67813,18.5,19.75,-0.5,True,-0.5,
20060519,68640,1,1578.0,,68760,S07,1596.5,1593.75,3,68760,18.5,19.75,-3.5,True,-3.5,
20060522,69435,1,1573.75,,69555,S07,1592.25,1588.5,3,69555,18.5,19.75,-4.5,True,-4.5,
20060523,70306,1,1585.0,,70426,S07,1603.5,1603.0,3,70426,18.5,19.75,-1.25,True,-1.25,
20060524,71423,-1,1585.0,,71543,S07,1566.5,1585.5,1,71439,18.5,19.75,-19.75,True,-19.75,
20060524,71452,1,1583.0,,-1,PV2_V7m,1589.0,1582.5,1,71466,6.0,7.25,-7.25,True,-27.0,
20060525,72330,-1,1612.0,,72450,S07,1593.5,1590.25,3,72450,18.5,19.75,2.5,True,2.5,
20060526,73171,-1,1624.5,,73291,S07,1606.0,1609.5,3,73291,18.5,19.75,-4.25,True,-4.25,
20060601,75746,-1,1600.75,,75866,S07,1582.25,1601.25,1,75846,18.5,19.75,-19.75,True,-19.75,
20060602,76687,-1,1646.5,,76807,S07,1628.0,1613.0,3,76807,18.5,19.75,14.25,True,14.25,
20060602,76825,-1,1604.5,,-1,PV2_V7m,1602.0,1605.0,1,76828,2.5,3.75,-3.75,True,10.5,
20060605,77425,-1,1606.0,,-1,PV2_V7m,1605.0,1606.5,1,77429,1.0,2.25,-2.25,True,-2.25,
20060608,79855,-1,1590.25,,79975,S07,1571.75,1552.0,3,79975,18.5,19.75,19.0,True,19.0,
20060609,80824,1,1570.75,,80944,S07,1589.25,1589.75,3,80944,18.5,19.75,-0.25,True,-0.25,
20060612,81573,-1,1588.75,,81693,S07,1570.25,1561.5,3,81693,18.5,19.75,8.0,True,8.0,
20060613,82598,-1,1557.0,,82718,S07,1538.5,1547.5,3,82718,18.5,19.75,-9.75,True,-9.75,
20060614,83626,1,1524.0,,83746,S07,1542.5,1547.5,3,83746,18.5,19.75,4.25,True,4.25,
20060615,84573,1,1540.25,,84693,S07,1558.75,1570.5,3,84693,18.5,19.75,11.0,True,11.0,
20060616,85506,1,1568.75,,85626,S07,1587.25,1576.0,3,85626,18.5,19.75,-12.0,True,-12.0,
20060621,87901,1,1575.5,,-1,PV2_V7m,1579.75,1595.5,3,88021,4.25,5.5,15.0,True,15.0,
20060627,91031,-1,1592.25,,91151,S07,1573.75,1553.5,3,91151,18.5,19.75,19.5,True,19.5,
20060629,92687,1,1544.75,,92807,S07,1563.25,1567.0,3,92807,18.5,19.75,3.0,True,3.0,
20060630,93671,-1,1625.25,,93791,S07,1606.75,1595.25,3,93791,18.5,19.75,10.75,True,10.75,
20060705,95140,-1,1602.25,,95260,S07,1583.75,1566.75,3,95260,18.5,19.75,16.25,True,16.25,
20060707,96812,-1,1570.75,,96932,S07,1552.25,1558.75,3,96932,18.5,19.75,-7.25,True,-7.25,
20060710,97762,-1,1535.5,,-1,PV2_V7m,1535.0,1536.0,1,97766,0.5,1.75,-1.75,True,-1.75,
20060711,98360,-1,1546.5,,98480,S07,1528.0,1528.5,3,98480,18.5,19.75,-1.25,True,-1.25,
20060712,99285,1,1523.0,,99405,S07,1541.5,1530.0,3,99405,18.5,19.75,-12.25,True,-12.25,
20060713,100239,-1,1519.75,,100359,S07,1501.25,1506.0,3,100359,18.5,19.75,-5.5,True,-5.5,
20060714,101221,-1,1509.0,,101341,S07,1490.5,1469.5,3,101341,18.5,19.75,20.25,True,20.25,
20060717,102042,1,1461.0,,102162,S07,1479.5,1482.25,3,102162,18.5,19.75,2.0,True,2.0,
20060719,103779,1,1463.75,,103899,S07,1482.25,1495.5,3,103899,18.5,19.75,12.5,True,12.5,
20060720,104692,1,1489.0,,104812,S07,1507.5,1497.0,3,104812,18.5,19.75,-11.25,True,-11.25,
20060721,105596,-1,1485.5,,105716,S07,1467.0,1466.0,3,105716,18.5,19.75,0.25,True,0.25,
20060725,107251,1,1475.75,,107371,S07,1494.25,1490.5,3,107371,18.5,19.75,-4.5,True,-4.5,
20060726,108035,-1,1509.75,,108155,S07,1491.25,1490.0,3,108155,18.5,19.75,0.5,True,0.5,
20060727,108872,1,1492.5,,108992,S07,1511.0,1507.75,3,108992,18.5,19.75,-4.0,True,-4.0,
20060728,109655,-1,1515.0,,109775,S07,1496.5,1513.25,3,109775,18.5,19.75,-17.5,True,-17.5,
20060731,110364,-1,1530.5,,110484,S07,1512.0,1518.75,3,110484,18.5,19.75,-7.5,True,-7.5,
20060801,111107,-1,1521.25,,111227,S07,1502.75,1492.0,3,111227,18.5,19.75,10.0,True,10.0,
20060803,112780,-1,1513.0,,112900,S07,1494.5,1504.25,3,112900,18.5,19.75,-10.5,True,-10.5,
20060804,113642,-1,1548.75,,113762,S07,1530.25,1528.25,3,113762,18.5,19.75,1.25,True,1.25,
20060809,116134,1,1494.5,,116254,S07,1513.0,1520.5,3,116254,18.5,19.75,6.75,True,6.75,
20060810,117086,1,1474.5,,117206,S07,1493.0,1497.25,3,117206,18.5,19.75,3.5,True,3.5,
20060811,117959,-1,1493.0,,-1,PV2_V7m,1492.5,1493.5,1,117968,0.5,1.75,-1.75,True,-1.75,
20060815,119438,-1,1540.25,,119558,S07,1521.75,1528.0,3,119558,18.5,19.75,-7.0,True,-7.0,
20060816,120335,-1,1567.25,,120455,S07,1548.75,1552.0,3,120455,18.5,19.75,-4.0,True,-4.0,
20060817,121257,1,1579.5,,-1,PV2_V7m,1580.75,1579.0,1,121259,1.25,2.5,-2.5,True,-2.5,
20060818,122046,-1,1569.75,,-1,PV2_V7m,1566.75,1570.25,1,122080,3.0,4.25,-4.25,True,-4.25,
20060822,123701,1,1573.25,,-1,PV2_V7m,1575.25,1577.75,3,123821,2.0,3.25,1.75,True,1.75,
20060824,125272,-1,1579.75,,125392,S07,1561.25,1552.75,3,125392,18.5,19.75,7.75,True,7.75,
20060829,127603,-1,1565.5,,-1,PV2_V7m,1564.0,1558.5,3,127723,1.5,2.75,4.75,True,4.75,
20060901,129911,1,1576.5,,130031,S07,1595.0,1590.25,3,130031,18.5,19.75,-5.5,True,-5.5,
20060905,130883,-1,1609.0,,131003,S07,1590.5,1595.75,3,131003,18.5,19.75,-6.0,True,-6.0,
20060906,131710,-1,1611.0,,131830,S07,1592.5,1589.0,3,131830,18.5,19.75,2.75,True,2.75,
20060914,136316,-1,1658.5,,136436,S07,1640.0,1645.5,3,136436,18.5,19.75,-6.25,True,-6.25,
20060915,137085,-1,1678.0,,137205,S07,1659.5,1653.25,3,137205,18.5,19.75,5.5,True,5.5,
20060918,137763,-1,1668.25,,137883,S07,1649.75,1657.5,3,137883,18.5,19.75,-8.5,True,-8.5,
20060919,138615,-1,1671.25,,138735,S07,1652.75,1648.25,3,138735,18.5,19.75,3.75,True,3.75,
20060920,139293,1,1637.75,,139413,S07,1656.25,1666.0,3,139413,18.5,19.75,9.0,True,9.0,
20060921,140152,-1,1684.75,,140272,S07,1666.25,1668.5,3,140272,18.5,19.75,-3.0,True,-3.0,
20060922,141047,-1,1642.75,,-1,PV2_V7m,1639.75,1643.25,1,141059,3.0,4.25,-4.25,True,-4.25,
20060925,141735,1,1630.75,,141855,S07,1649.25,1646.0,3,141855,18.5,19.75,-4.0,True,-4.0,
20060925,141937,1,1657.25,,-1,PV2_V7m,1660.0,1656.75,1,141980,2.75,4.0,-4.0,True,-8.0,
20060927,143414,1,1655.25,,143534,S07,1673.75,1679.25,3,143534,18.5,19.75,4.75,True,4.75,
20060929,145102,-1,1696.25,,145222,S07,1677.75,1678.75,3,145222,18.5,19.75,-1.75,True,-1.75,
20061002,145799,-1,1686.0,,145919,S07,1667.5,1670.25,3,145919,18.5,19.75,-3.5,True,-3.5,
20061003,146689,-1,1662.0,,146809,S07,1643.5,1650.25,3,146809,18.5,19.75,-7.5,True,-7.5,
20061005,148501,-1,1711.5,,148621,S07,1693.0,1698.25,3,148621,18.5,19.75,-6.0,True,-6.0,
20061006,149293,1,1677.75,,149413,S07,1696.25,1701.5,3,149413,18.5,19.75,4.5,True,4.5,
20061011,151736,-1,1716.5,,151856,S07,1698.0,1706.75,3,151856,18.5,19.75,-9.5,True,-9.5,
20061012,152504,1,1696.5,,152624,S07,1715.0,1715.25,3,152624,18.5,19.75,-0.5,True,-0.5,
20061012,152851,1,1726.0,,-1,PV2_V7m,1729.5,1731.75,3,152889,3.5,4.75,1.5,True,1.0,
20061017,154955,-1,1747.75,,155075,S07,1729.25,1715.5,3,155075,18.5,19.75,13.0,True,13.0,
20061018,155805,1,1713.25,,155925,S07,1731.75,1712.75,1,155874,18.5,19.75,-19.75,True,-19.75,
20061019,156684,-1,1727.0,,156804,S07,1708.5,1714.5,3,156804,18.5,19.75,-6.75,True,-6.75,
20061020,157534,-1,1737.25,,157654,S07,1718.75,1715.75,3,157654,18.5,19.75,2.25,True,2.25,
20061023,158239,1,1698.5,,158359,S07,1717.0,1740.25,3,158359,18.5,19.75,22.5,True,22.5,
20061025,159753,1,1708.5,,159873,S07,1727.0,1735.5,3,159873,18.5,19.75,7.75,True,7.75,
20061026,160546,-1,1761.25,,160666,S07,1742.75,1737.0,3,160666,18.5,19.75,5.0,True,5.0,
20061026,160823,1,1751.5,,-1,PV2_V7m,1752.25,1751.0,1,160827,0.75,2.0,-2.0,True,3.0,
20061101,163718,-1,1766.5,,163838,S07,1748.0,1737.25,3,163838,18.5,19.75,10.0,True,10.0,
20061102,164628,1,1695.5,,164714,S07,1714.0,1713.25,4,164663,18.5,19.75,-1.5,True,-1.5,
20061103,165338,1,1705.75,,165458,S07,1724.25,1705.25,1,165447,18.5,19.75,-19.75,True,-19.75,
20061106,166094,1,1732.75,,-1,PV2_V7m,1735.0,1741.5,3,166214,2.25,3.5,5.75,True,5.75,
20061107,166883,-1,1755.25,,167003,S07,1736.75,1755.75,1,166926,18.5,19.75,-19.75,True,-19.75,
20061108,167864,-1,1757.75,,167984,S07,1739.25,1746.75,3,167984,18.5,19.75,-8.25,True,-8.25,
20061109,168718,-1,1782.75,,168838,S07,1764.25,1766.75,3,168838,18.5,19.75,-3.25,True,-3.25,
20061113,170295,1,1771.25,,-1,PV2_V7m,1773.75,1770.75,1,170391,2.5,3.75,-3.75,True,-3.75,
20061114,171126,1,1760.25,,171246,S07,1778.75,1772.25,3,171246,18.5,19.75,-7.25,True,-7.25,
20061116,172867,-1,1822.75,,172987,S07,1804.25,1803.0,3,172987,18.5,19.75,0.5,True,0.5,
20061117,173641,-1,1816.25,,173761,S07,1797.75,1797.5,3,173761,18.5,19.75,-0.5,True,-0.5,
20061120,174431,-1,1820.5,,174551,S07,1802.0,1809.5,3,174551,18.5,19.75,-8.25,True,-8.25,
20061124,177108,1,1792.75,,177228,S07,1811.25,1826.25,3,177228,18.5,19.75,14.25,True,14.25,
20061127,177760,-1,1809.25,,-1,PV2_V7m,1808.0,1788.0,3,177880,1.25,2.5,19.25,True,19.25,
20061128,178644,1,1758.75,,178764,S07,1777.25,1780.0,3,178764,18.5,19.75,2.0,True,2.0,
20061129,179519,1,1775.25,,179639,S07,1793.75,1795.5,3,179639,18.5,19.75,1.0,True,1.0,
20061130,180341,1,1778.75,,180461,S07,1797.25,1791.25,3,180461,18.5,19.75,-6.75,True,-6.75,
20061201,181179,1,1776.0,,181299,S07,1794.5,1775.5,1,181214,18.5,19.75,-19.75,True,-19.75,
20061205,182659,-1,1824.0,,182779,S07,1805.5,1810.0,3,182779,18.5,19.75,-5.25,True,-5.25,
20061206,183449,-1,1797.5,,-1,PV2_V7m,1796.25,1798.0,1,183452,1.25,2.5,-2.5,True,-2.5,
20061208,184805,1,1776.0,,184925,S07,1794.5,1821.25,3,184925,18.5,19.75,26.0,True,26.0,
20061213,186926,-1,1830.75,,187046,S07,1812.25,1803.75,3,187046,18.5,19.75,7.75,True,7.75,
20061214,187732,-1,1829.25,,187852,S07,1810.75,1829.75,1,187755,18.5,19.75,-19.75,True,-19.75,
20061214,187764,1,1825.75,,-1,PV2_V7m,1829.25,1829.25,3,187884,3.5,4.75,-0.75,True,-20.5,
20061215,188400,1,1824.0,,188520,S07,1842.5,1836.75,3,188520,18.5,19.75,-6.5,True,-6.5,
20061218,189127,-1,1856.25,,189247,S07,1837.75,1833.5,3,189247,18.5,19.75,3.5,True,3.5,
20061218,189450,-1,1812.0,,-1,PV2_V7m,1811.0,1812.5,1,189452,1.0,2.25,-2.25,True,1.25,
20061219,190082,-1,1812.5,,190202,S07,1794.0,1798.0,3,190202,18.5,19.75,-4.75,True,-4.75,
20061221,191663,-1,1789.0,,-1,PV2_V7m,1787.5,1785.75,3,191783,1.5,2.75,1.0,True,1.0,
20061222,192254,-1,1779.25,,-1,PV2_V7m,1775.75,1779.75,1,192258,3.5,4.75,-4.75,True,-4.75,
20061227,193574,1,1760.5,,193694,S07,1779.0,1778.75,3,193694,18.5,19.75,-1.0,True,-1.0,
20061229,195084,1,1789.75,,-1,PV2_V7m,1791.25,1789.25,1,195114,1.5,2.75,-2.75,True,-2.75,
20070103,195980,-1,1805.75,,196100,S07,1787.25,1806.25,1,196039,18.5,19.75,-19.75,True,-19.75,
20070105,197844,-1,1819.75,,197964,S07,1801.25,1789.75,3,197964,18.5,19.75,10.75,True,10.75,
20070108,198564,-1,1819.5,,198684,S07,1801.0,1804.25,3,198684,18.5,19.75,-4.0,True,-4.0,
20070109,199330,-1,1824.5,,199450,S07,1806.0,1806.5,3,199450,18.5,19.75,-1.25,True,-1.25,
20070110,200350,-1,1823.0,,200470,S07,1804.5,1813.25,3,200470,18.5,19.75,-9.5,True,-9.5,
20070111,201299,-1,1852.75,,201419,S07,1834.25,1853.25,1,201399,18.5,19.75,-19.75,True,-19.75,
20070112,202236,1,1832.75,,202356,S07,1851.25,1852.5,3,202356,18.5,19.75,0.5,True,0.5,
20070116,203382,-1,1878.25,,203502,S07,1859.75,1857.5,3,203502,18.5,19.75,1.5,True,1.5,
20070117,204298,1,1833.75,,204418,S07,1852.25,1852.25,3,204418,18.5,19.75,-0.75,True,-0.75,
20070118,205287,-1,1854.75,,205407,S07,1836.25,1819.5,3,205407,18.5,19.75,16.0,True,16.0,
20070119,206145,-1,1821.75,,206265,S07,1803.25,1811.75,3,206265,18.5,19.75,-9.25,True,-9.25,
20070122,206912,-1,1797.0,,-1,PV2_V7m,1788.25,1787.0,3,207032,8.75,10.0,0.5,True,0.5,
20070125,209586,-1,1835.0,,209706,S07,1816.5,1808.0,3,209706,18.5,19.75,7.75,True,7.75,
20070126,210445,1,1775.75,,210565,S07,1794.25,1775.25,1,210476,18.5,19.75,-19.75,True,-19.75,
20070129,211223,1,1762.5,,211343,S07,1781.0,1783.5,3,211343,18.5,19.75,1.75,True,1.75,
20070130,212004,-1,1806.75,,212124,S07,1788.25,1789.0,3,212124,18.5,19.75,-1.5,True,-1.5,
20070201,213498,1,1792.75,,213618,S07,1811.25,1800.75,3,213618,18.5,19.75,-11.25,True,-11.25,
20070202,214237,-1,1824.5,,214357,S07,1806.0,1804.0,3,214357,18.5,19.75,1.25,True,1.25,
20070206,215649,-1,1824.25,,215769,S07,1805.75,1790.75,3,215769,18.5,19.75,14.25,True,14.25,
20070207,216509,1,1793.0,,216629,S07,1811.5,1822.75,3,216629,18.5,19.75,10.5,True,10.5,
20070208,217378,-1,1832.75,,217498,S07,1814.25,1815.75,3,217498,18.5,19.75,-2.25,True,-2.25,
20070209,218159,1,1803.75,,218279,S07,1822.25,1813.75,3,218279,18.5,19.75,-9.25,True,-9.25,
20070212,218923,-1,1810.5,,219043,S07,1792.0,1785.75,3,219043,18.5,19.75,5.5,True,5.5,
20070213,219788,1,1793.75,,-1,PV2_V7m,1795.0,1793.25,1,219799,1.25,2.5,-2.5,True,-2.5,
20070214,220547,1,1781.25,,220660,S07,1799.75,1810.25,4,220580,18.5,19.75,9.75,True,9.75,
20070215,221352,-1,1841.25,,221472,S07,1822.75,1825.0,3,221472,18.5,19.75,-3.0,True,-3.0,
20070220,223180,-1,1842.0,,223300,S07,1823.5,1836.25,3,223300,18.5,19.75,-13.5,True,-13.5,
20070221,223998,-1,1849.75,,224118,S07,1831.25,1837.5,3,224118,18.5,19.75,-7.0,True,-7.0,
20070222,224815,1,1832.5,,224935,S07,1851.0,1839.0,3,224935,18.5,19.75,-12.75,True,-12.75,
20070223,225671,-1,1867.25,,225791,S07,1848.75,1845.0,3,225791,18.5,19.75,3.0,True,3.0,
20070227,227354,-1,1823.75,,227474,S07,1805.25,1803.0,3,227474,18.5,19.75,1.5,True,1.5,
20070228,228575,1,1746.25,,228695,S07,1764.75,1771.75,3,228695,18.5,19.75,6.25,True,6.25,
20070301,229666,-1,1743.25,,229786,S07,1724.75,1743.75,1,229693,18.5,19.75,-19.75,True,-19.75,
20070302,230687,1,1728.75,,230807,S07,1747.25,1750.25,3,230807,18.5,19.75,2.25,True,2.25,
20070305,231607,-1,1732.25,,231727,S07,1713.75,1732.75,1,231644,18.5,19.75,-19.75,True,-19.75,
20070306,233050,1,1746.0,,-1,PV2_V7m,1747.25,1745.5,1,233065,1.25,2.5,-2.5,True,-2.5,
20070307,233559,1,1726.75,,233679,S07,1745.25,1737.5,3,233679,18.5,19.75,-8.5,True,-8.5,
20070309,234991,-1,1799.75,,235111,S07,1781.25,1772.5,3,235111,18.5,19.75,8.0,True,8.0,
20070312,235727,1,1749.5,,235847,S07,1768.0,1767.0,3,235847,18.5,19.75,-1.75,True,-1.75,
20070313,236535,1,1751.5,,236655,S07,1770.0,1772.5,3,236655,18.5,19.75,1.75,True,1.75,
20070314,237529,1,1731.0,,237649,S07,1749.5,1744.5,3,237649,18.5,19.75,-5.75,True,-5.75,
20070315,238533,1,1747.25,,238653,S07,1765.75,1765.5,3,238653,18.5,19.75,-1.0,True,-1.0,
20070316,239472,-1,1782.75,,239592,S07,1764.25,1756.0,3,239592,18.5,19.75,7.5,True,7.5,
20070319,240162,-1,1791.5,,240282,S07,1773.0,1779.0,3,240282,18.5,19.75,-6.75,True,-6.75,
20070321,241495,-1,1810.75,,241615,S07,1792.25,1787.25,3,241615,18.5,19.75,4.25,True,4.25,
20070322,242400,-1,1843.0,,242520,S07,1824.5,1819.0,3,242520,18.5,19.75,4.75,True,4.75,
20070323,243165,1,1801.5,,243285,S07,1820.0,1818.75,3,243285,18.5,19.75,-2.0,True,-2.0,
20070328,244974,1,1781.75,,245094,S07,1800.25,1793.5,3,245094,18.5,19.75,-7.5,True,-7.5,
20070329,245889,-1,1818.0,,246009,S07,1799.5,1790.5,3,246009,18.5,19.75,8.25,True,8.25,
20070330,246765,-1,1808.0,,246885,S07,1789.5,1787.5,3,246885,18.5,19.75,1.25,True,1.25,
20070403,248368,1,1781.75,,248488,S07,1800.25,1815.0,3,248488,18.5,19.75,14.0,True,14.0,
20070404,249167,-1,1830.75,,249287,S07,1812.25,1817.0,3,249287,18.5,19.75,-5.5,True,-5.5,
20070409,250671,-1,1850.75,,250791,S07,1832.25,1829.25,3,250791,18.5,19.75,2.25,True,2.25,
20070411,252388,-1,1846.25,,252508,S07,1827.75,1818.5,3,252508,18.5,19.75,8.5,True,8.5,
20070412,253294,-1,1828.25,,253414,S07,1809.75,1820.75,3,253414,18.5,19.75,-11.75,True,-11.75,
20070413,254142,-1,1821.25,,-1,PV2_V7m,1820.25,1821.75,1,254174,1.0,2.25,-2.25,True,-2.25,
20070417,255723,-1,1867.0,,255843,S07,1848.5,1850.0,3,255843,18.5,19.75,-2.25,True,-2.25,
20070418,256555,1,1825.0,,256675,S07,1843.5,1846.0,3,256675,18.5,19.75,1.75,True,1.75,
20070419,257596,-1,1851.75,,257716,S07,1833.25,1845.5,3,257716,18.5,19.75,-13.0,True,-13.0,
20070420,258555,1,1848.75,,258675,S07,1867.25,1857.75,3,258675,18.5,19.75,-10.25,True,-10.25,
20070423,259308,-1,1879.5,,259428,S07,1861.0,1865.75,3,259428,18.5,19.75,-5.5,True,-5.5,
20070424,260212,-1,1886.25,,260332,S07,1867.75,1865.0,3,260332,18.5,19.75,2.0,True,2.0,
20070425,261134,-1,1896.0,,261254,S07,1877.5,1878.25,3,261254,18.5,19.75,-1.5,True,-1.5,
20070426,262120,1,1883.0,,262240,S07,1901.5,1901.0,3,262240,18.5,19.75,-1.25,True,-1.25,
20070427,262978,1,1882.5,,263098,S07,1901.0,1898.75,3,263098,18.5,19.75,-3.0,True,-3.0,
20070430,263730,-1,1917.75,,263850,S07,1899.25,1901.25,3,263850,18.5,19.75,-2.75,True,-2.75,
20070502,265465,1,1868.5,,265585,S07,1887.0,1897.0,3,265585,18.5,19.75,9.25,True,9.25,
20070504,267146,-1,1928.0,,267266,S07,1909.5,1910.75,3,267266,18.5,19.75,-2.0,True,-2.0,
20070507,267900,1,1889.25,,268020,S07,1907.75,1910.0,3,268020,18.5,19.75,1.5,True,1.5,
20070508,268797,-1,1915.0,,268917,S07,1896.5,1901.75,3,268917,18.5,19.75,-6.0,True,-6.0,
20070510,270473,-1,1923.75,,270593,S07,1905.25,1898.5,3,270593,18.5,19.75,6.0,True,6.0,
20070511,271420,1,1869.5,,271540,S07,1888.0,1900.75,3,271540,18.5,19.75,12.0,True,12.0,
20070515,273057,1,1879.0,,273177,S07,1897.5,1898.5,3,273177,18.5,19.75,0.25,True,0.25,
20070516,273974,1,1868.75,,274094,S07,1887.25,1881.75,3,274094,18.5,19.75,-6.25,True,-6.25,
20070518,275652,1,1880.5,,275772,S07,1899.0,1897.25,3,275772,18.5,19.75,-2.5,True,-2.5,
20070522,277229,1,1901.5,,277349,S07,1920.0,1916.0,3,277349,18.5,19.75,-4.75,True,-4.75,
20070523,278025,-1,1943.0,,278145,S07,1924.5,1926.75,3,278145,18.5,19.75,-3.0,True,-3.0,
20070524,278966,-1,1925.25,,279086,S07,1906.75,1887.5,3,279086,18.5,19.75,18.5,True,18.5,
20070529,280813,1,1903.5,,-1,PV2_V7m,1904.5,1903.0,1,280817,1.0,2.25,-2.25,True,-2.25,
20070530,281746,-1,1909.0,,281866,S07,1890.5,1901.75,3,281866,18.5,19.75,-12.0,True,-12.0,
20070531,282612,-1,1946.25,,282732,S07,1927.75,1928.5,3,282732,18.5,19.75,-1.5,True,-1.5,
20070601,283509,1,1920.5,,283629,S07,1939.0,1936.5,3,283629,18.5,19.75,-3.25,True,-3.25,
20070604,284256,1,1907.5,,284376,S07,1926.0,1933.0,3,284376,18.5,19.75,6.25,True,6.25,
20070605,285095,1,1913.0,,285215,S07,1931.5,1930.5,3,285215,18.5,19.75,-1.75,True,-1.75,
20070606,286020,-1,1945.5,,286140,S07,1927.0,1919.0,3,286140,18.5,19.75,7.25,True,7.25,
20070607,286686,1,1939.5,,-1,PV2_V7m,1941.5,1939.0,1,286694,2.0,3.25,-3.25,True,-3.25,
20070608,287631,1,1896.25,,287751,S07,1914.75,1917.0,3,287751,18.5,19.75,1.5,True,1.5,
20070611,288116,-1,1949.75,,288236,S07,1931.25,1935.25,3,288236,18.5,19.75,-4.75,True,-4.75,
20070612,289030,-1,1937.75,,289150,S07,1919.25,1919.5,3,289150,18.5,19.75,-1.0,True,-1.0,
20070613,290010,-1,1941.5,,290130,S07,1923.0,1921.25,3,290130,18.5,19.75,1.0,True,1.0,
20070614,290898,1,1922.75,,291018,S07,1941.25,1950.0,3,291018,18.5,19.75,8.0,True,8.0,
20070615,291711,1,1952.75,,291831,S07,1971.25,1966.75,3,291831,18.5,19.75,-5.25,True,-5.25,
20070619,292880,1,1945.75,,293000,S07,1964.25,1961.5,3,293000,18.5,19.75,-3.5,True,-3.5,
20070620,293725,-1,1985.25,,293845,S07,1966.75,1968.75,3,293845,18.5,19.75,-2.75,True,-2.75,
20070621,294685,1,1931.25,,294805,S07,1949.75,1953.25,3,294805,18.5,19.75,2.75,True,2.75,
20070622,295534,-1,1976.75,,295654,S07,1958.25,1958.0,3,295654,18.5,19.75,-0.5,True,-0.5,
20070625,296336,-1,1965.25,,296456,S07,1946.75,1953.0,3,296456,18.5,19.75,-7.0,True,-7.0,
20070626,297228,-1,1962.0,,297348,S07,1943.5,1934.25,3,297348,18.5,19.75,8.5,True,8.5,
20070627,298253,1,1904.25,,298373,S07,1922.75,1936.25,3,298373,18.5,19.75,12.75,True,12.75,
20070628,299131,-1,1972.0,,299251,S07,1953.5,1956.75,3,299251,18.5,19.75,-4.0,True,-4.0,
20070629,299995,-1,1982.0,,300115,S07,1963.5,1965.75,3,300115,18.5,19.75,-3.0,True,-3.0,
20070702,300740,1,1946.75,,300860,S07,1965.25,1971.5,3,300860,18.5,19.75,5.5,True,5.5,
20070703,301585,-1,1993.75,,301705,S07,1975.25,1981.5,3,301705,18.5,19.75,-7.0,True,-7.0,
20070705,303015,-1,2004.0,,303135,S07,1985.5,1989.75,3,303135,18.5,19.75,-5.0,True,-5.0,
20070706,303897,-1,2017.0,,304017,S07,1998.5,2005.75,3,304017,18.5,19.75,-8.0,True,-8.0,
20070709,304626,1,1991.25,,304746,S07,2009.75,2007.5,3,304746,18.5,19.75,-3.0,True,-3.0,
20070710,305465,-1,2017.0,,305585,S07,1998.5,2006.0,3,305585,18.5,19.75,-8.25,True,-8.25,
20070711,306363,1,1973.25,,306483,S07,1991.75,1996.25,3,306483,18.5,19.75,3.75,True,3.75,
20070712,307283,-1,2029.5,,307403,S07,2011.0,2016.0,3,307403,18.5,19.75,-5.75,True,-5.75,
20070713,308112,1,2019.75,,308232,S07,2038.25,2039.0,3,308232,18.5,19.75,0.0,True,0.0,
20070716,308877,1,2029.0,,308997,S07,2047.5,2054.0,3,308997,18.5,19.75,5.75,True,5.75,
20070718,310813,-1,2064.0,,310933,S07,2045.5,2045.5,3,310933,18.5,19.75,-0.75,True,-0.75,
20070719,311746,-1,2088.0,,311866,S07,2069.5,2068.0,3,311866,18.5,19.75,0.75,True,0.75,
20070720,312745,1,2044.0,,312865,S07,2062.5,2051.75,3,312865,18.5,19.75,-11.5,True,-11.5,
20070723,313530,1,2041.25,,313650,S07,2059.75,2060.75,3,313650,18.5,19.75,0.25,True,0.25,
20070724,314422,-1,2055.25,,314542,S07,2036.75,2040.75,3,314542,18.5,19.75,-4.75,True,-4.75,
20070725,315470,-1,2049.25,,315590,S07,2030.75,2027.0,3,315590,18.5,19.75,3.0,True,3.0,
20070726,316512,1,1992.5,,316632,S07,2011.0,2001.0,3,316632,18.5,19.75,-10.75,True,-10.75,
20070727,317530,1,1982.5,,317650,S07,2001.0,1992.5,3,317650,18.5,19.75,-9.25,True,-9.25,
20070730,318403,1,1958.75,,318523,S07,1977.25,1968.5,3,318523,18.5,19.75,-9.5,True,-9.5,
20070731,319344,-1,2022.25,,319464,S07,2003.75,1984.75,3,319464,18.5,19.75,18.25,True,18.25,
20070801,320558,1,1936.0,,320678,S07,1954.5,1935.5,1,320568,18.5,19.75,-19.75,True,-19.75,
20070802,321585,1,1947.5,,321705,S07,1966.0,1965.25,3,321705,18.5,19.75,-1.5,True,-1.5,
20070803,322452,-1,1991.75,,322572,S07,1973.25,1963.75,3,322572,18.5,19.75,8.75,True,8.75,
20070806,323273,1,1928.25,,323393,S07,1946.75,1927.75,1,323290,18.5,19.75,-19.75,True,-19.75,
20070807,324127,-1,1972.75,,324247,S07,1954.25,1959.25,3,324247,18.5,19.75,-5.75,True,-5.75,
20070808,325044,1,1968.25,,325164,S07,1986.75,1988.0,3,325164,18.5,19.75,0.5,True,0.5,
20070809,326019,-1,1987.75,,326139,S07,1969.25,1988.25,1,326047,18.5,19.75,-19.75,True,-19.75,
20070810,327120,-1,1947.5,,327240,S07,1929.0,1926.0,3,327240,18.5,19.75,2.25,True,2.25,
20070813,327918,-1,1968.75,,328038,S07,1950.25,1956.0,3,328038,18.5,19.75,-6.5,True,-6.5,
20070814,328850,1,1930.0,,328970,S07,1948.5,1929.5,1,328930,18.5,19.75,-19.75,True,-19.75,
20070815,329890,1,1889.25,,330010,S07,1907.75,1914.75,3,330010,18.5,19.75,6.25,True,6.25,
20070816,331057,-1,1879.5,,331177,S07,1861.0,1846.75,3,331177,18.5,19.75,13.5,True,13.5,
20070817,332186,-1,1906.5,,332306,S07,1888.0,1874.25,3,332306,18.5,19.75,13.0,True,13.0,
20070820,332987,1,1880.5,,333107,S07,1899.0,1897.5,3,333107,18.5,19.75,-2.25,True,-2.25,
20070821,333899,1,1878.75,,334019,S07,1897.25,1912.0,3,334019,18.5,19.75,14.0,True,14.0,
20070822,334821,1,1916.5,,334941,S07,1935.0,1935.5,3,334941,18.5,19.75,-0.25,True,-0.25,
20070823,335879,-1,1969.0,,335999,S07,1950.5,1934.5,3,335999,18.5,19.75,15.25,True,15.25,
20070824,336758,1,1916.75,,336878,S07,1935.25,1943.5,3,336878,18.5,19.75,7.5,True,7.5,
20070828,338355,1,1924.25,,338475,S07,1942.75,1929.25,3,338475,18.5,19.75,-14.25,True,-14.25,
20070829,339355,1,1903.0,,339475,S07,1921.5,1931.0,3,339475,18.5,19.75,8.75,True,8.75,
20070830,340314,-1,1966.0,,340434,S07,1947.5,1966.5,1,340334,18.5,19.75,-19.75,True,-19.75,
20070831,341367,-1,2010.25,,341487,S07,1991.75,1986.75,3,341487,18.5,19.75,4.25,True,4.25,
20070904,342435,1,1979.0,,342555,S07,1997.5,2020.25,3,342555,18.5,19.75,22.0,True,22.0,
20070905,343446,-1,2035.25,,343566,S07,2016.75,2010.0,3,343566,18.5,19.75,6.0,True,6.0,
20070906,344404,-1,2026.75,,344524,S07,2008.25,2003.75,3,344524,18.5,19.75,3.75,True,3.75,
20070907,345286,-1,1990.75,,345406,S07,1972.25,1956.75,3,345406,18.5,19.75,14.75,True,14.75,
20070910,346099,1,1966.0,,346219,S07,1984.5,1965.5,1,346130,18.5,19.75,-19.75,True,-19.75,
20070911,347035,1,1959.0,,347155,S07,1977.5,1980.75,3,347155,18.5,19.75,2.5,True,2.5,
20070912,347945,1,1969.0,,348065,S07,1987.5,2006.75,3,348065,18.5,19.75,18.5,True,18.5,
20070914,349498,1,1991.75,,349618,S07,2010.25,2021.25,3,349618,18.5,19.75,10.25,True,10.25,
20070918,351146,-1,2038.75,,351266,S07,2020.25,2021.75,3,351266,18.5,19.75,-2.25,True,-2.25,
20070919,352131,1,2054.25,,352251,S07,2072.75,2074.75,3,352251,18.5,19.75,1.25,True,1.25,
20070920,353053,1,2041.25,,353173,S07,2059.75,2062.25,3,353173,18.5,19.75,1.75,True,1.75,
20070921,353953,-1,2084.75,,354073,S07,2066.25,2074.25,3,354073,18.5,19.75,-8.75,True,-8.75,
20070924,354701,1,2059.75,,354821,S07,2078.25,2092.0,3,354821,18.5,19.75,13.0,True,13.0,
20070925,355654,-1,2090.5,,355774,S07,2072.0,2091.0,1,355755,18.5,19.75,-19.75,True,-19.75,
20070926,356647,1,2091.75,,356767,S07,2110.25,2114.0,3,356767,18.5,19.75,3.0,True,3.0,
20070927,357604,-1,2137.5,,357724,S07,2119.0,2115.5,3,357724,18.5,19.75,2.75,True,2.75,
20070928,358571,-1,2136.75,,358691,S07,2118.25,2113.5,3,358691,18.5,19.75,4.0,True,4.0,
20071001,359376,1,2098.5,,359496,S07,2117.0,2123.25,3,359496,18.5,19.75,5.5,True,5.5,
20071002,360349,-1,2154.0,,360469,S07,2135.5,2131.75,3,360469,18.5,19.75,3.0,True,3.0,
20071003,361252,-1,2147.75,,361372,S07,2129.25,2135.0,3,361372,18.5,19.75,-6.5,True,-6.5,
20071004,362173,-1,2138.75,,362293,S07,2120.25,2123.75,3,362293,18.5,19.75,-4.25,True,-4.25,
20071005,362980,1,2125.0,,363100,S07,2143.5,2158.25,3,363100,18.5,19.75,14.0,True,14.0,
20071009,364705,-1,2205.5,,364825,S07,2187.0,2184.5,3,364825,18.5,19.75,1.75,True,1.75,
20071010,365592,-1,2208.25,,365712,S07,2189.75,2192.75,3,365712,18.5,19.75,-3.75,True,-3.75,
20071011,366575,1,2189.0,,366695,S07,2207.5,2207.25,3,366695,18.5,19.75,-1.0,True,-1.0,
20071012,367626,-1,2188.75,,367746,S07,2170.25,2189.25,1,367720,18.5,19.75,-19.75,True,-19.75,
20071015,368420,1,2183.5,,368540,S07,2202.0,2183.0,1,368510,18.5,19.75,-19.75,True,-19.75,
20071016,369394,-1,2185.25,,369514,S07,2166.75,2181.0,3,369514,18.5,19.75,-15.0,True,-15.0,
20071017,370498,-1,2216.0,,370618,S07,2197.5,2193.75,3,370618,18.5,19.75,3.0,True,3.0,
20071018,371541,1,2172.5,,371661,S07,2191.0,2183.75,3,371661,18.5,19.75,-8.0,True,-8.0,
20071019,372654,-1,2220.5,,372774,S07,2202.0,2166.0,3,372774,18.5,19.75,35.25,True,35.25,
20071022,373540,1,2121.0,,373660,S07,2139.5,2162.0,3,373660,18.5,19.75,21.75,True,21.75,
20071023,374592,1,2180.25,,374712,S07,2198.75,2187.75,3,374712,18.5,19.75,-11.75,True,-11.75,
20071024,375666,-1,2214.5,,375786,S07,2196.0,2165.25,3,375786,18.5,19.75,30.0,True,30.0,
20071025,376713,-1,2217.75,,376833,S07,2199.25,2196.25,3,376833,18.5,19.75,2.25,True,2.25,
20071026,377775,1,2196.0,,377895,S07,2214.5,2195.5,1,377797,18.5,19.75,-19.75,True,-19.75,
20071029,378663,1,2200.5,,378783,S07,2219.0,2216.75,3,378783,18.5,19.75,-3.0,True,-3.0,
20071030,379566,-1,2226.0,,379686,S07,2207.5,2213.75,3,379686,18.5,19.75,-7.0,True,-7.0,
20071031,380449,-1,2243.25,,380569,S07,2224.75,2231.0,3,380569,18.5,19.75,-7.0,True,-7.0,
20071101,381439,-1,2254.75,,381559,S07,2236.25,2231.5,3,381559,18.5,19.75,4.0,True,4.0,
20071102,382451,-1,2239.75,,382571,S07,2221.25,2202.25,3,382571,18.5,19.75,18.25,True,18.25,
20071105,383102,-1,2214.25,,383222,S07,2195.75,2214.75,1,383131,18.5,19.75,-19.75,True,-19.75,
20071106,384043,-1,2239.75,,384163,S07,2221.25,2205.5,3,384163,18.5,19.75,15.0,True,15.0,
20071107,385114,-1,2234.25,,385234,S07,2215.75,2217.5,3,385234,18.5,19.75,-2.5,True,-2.5,
20071108,386310,-1,2191.0,,386430,S07,2172.5,2148.5,3,386430,18.5,19.75,23.25,True,23.25,
20071109,387430,1,2055.5,,387550,S07,2074.0,2055.0,1,387436,18.5,19.75,-19.75,True,-19.75,
20071112,388327,-1,2051.25,,388447,S07,2032.75,2051.75,1,388335,18.5,19.75,-19.75,True,-19.75,
20071113,389550,1,2001.25,,389670,S07,2019.75,2046.0,3,389670,18.5,19.75,25.5,True,25.5,
20071114,390614,-1,2114.0,,390734,S07,2095.5,2072.25,3,390734,18.5,19.75,22.5,True,22.5,
20071115,391688,1,2030.25,,391808,S07,2048.75,2051.0,3,391808,18.5,19.75,1.5,True,1.5,
20071116,392717,-1,2064.25,,392837,S07,2045.75,2034.5,3,392837,18.5,19.75,10.5,True,10.5,
20071119,393569,-1,2061.75,,393689,S07,2043.25,2034.5,3,393689,18.5,19.75,8.0,True,8.0,
20071120,394675,1,2024.5,,394795,S07,2043.0,2065.5,3,394795,18.5,19.75,21.75,True,21.75,
20071120,394978,-1,2008.25,,-1,PV2_V7m,2003.0,2008.75,1,394981,5.25,6.5,-6.5,True,15.25,
20071121,395780,-1,2030.75,,395900,S07,2012.25,2005.75,3,395900,18.5,19.75,5.75,True,5.75,
20071123,397282,1,2006.0,,397402,S07,2024.5,2021.75,3,397402,18.5,19.75,-3.5,True,-3.5,
20071126,398153,-1,2052.0,,398273,S07,2033.5,2052.5,1,398179,18.5,19.75,-19.75,True,-19.75,
20071126,398185,1,2048.5,,-1,PV2_V7m,2050.0,2048.0,1,398186,1.5,2.75,-2.75,True,-22.5,
20071127,399347,-1,2028.0,,399467,S07,2009.5,2028.5,1,399414,18.5,19.75,-19.75,True,-19.75,
20071128,400416,-1,2081.5,,400536,S07,2063.0,2082.0,1,400480,18.5,19.75,-19.75,True,-19.75,
20071129,401502,1,2071.75,,401622,S07,2090.25,2108.0,3,401622,18.5,19.75,17.0,True,17.0,
20071130,402598,-1,2143.5,,402718,S07,2125.0,2093.0,3,402718,18.5,19.75,31.25,True,31.25,
20071203,403558,1,2069.5,,403678,S07,2088.0,2095.25,3,403678,18.5,19.75,6.5,True,6.5,
20071204,404539,1,2039.0,,404659,S07,2057.5,2067.75,3,404659,18.5,19.75,9.5,True,9.5,
20071205,405497,-1,2103.25,,405617,S07,2084.75,2103.75,1,405585,18.5,19.75,-19.75,True,-19.75,
20071206,406521,1,2084.5,,406641,S07,2103.0,2109.25,3,406641,18.5,19.75,5.5,True,5.5,
20071207,407473,-1,2146.0,,407593,S07,2127.5,2126.75,3,407593,18.5,19.75,0.0,True,0.0,
20071210,408341,-1,2151.5,,408461,S07,2133.0,2140.0,3,408461,18.5,19.75,-7.75,True,-7.75,
20071211,409299,1,2124.75,,409419,S07,2143.25,2142.25,3,409419,18.5,19.75,-1.75,True,-1.75,
20071211,409587,-1,2122.75,,-1,PV2_V7m,2117.75,2089.0,3,409685,5.0,6.25,28.0,True,26.25,
20071212,410402,1,2110.0,,410522,S07,2128.5,2121.75,3,410522,18.5,19.75,-7.5,True,-7.5,
20071214,411994,1,2083.75,,412114,S07,2102.25,2116.0,3,412114,18.5,19.75,13.0,True,13.0,
20071217,412986,1,2069.25,,413106,S07,2087.75,2074.0,3,413106,18.5,19.75,-14.5,True,-14.5,
20071218,413970,-1,2081.25,,414090,S07,2062.75,2042.25,3,414090,18.5,19.75,19.75,True,19.75,
20071218,414119,-1,2029.25,,-1,PV2_V7m,2021.5,2029.75,1,414124,7.75,9.0,-9.0,True,10.75,
20071219,414938,1,2035.5,,415058,S07,2054.0,2044.0,3,415058,18.5,19.75,-10.75,True,-10.75,
20071220,415875,-1,2092.25,,415995,S07,2073.75,2068.25,3,415995,18.5,19.75,4.75,True,4.75,
20071221,416883,-1,2139.75,,417003,S07,2121.25,2119.0,3,417003,18.5,19.75,1.5,True,1.5,
20071224,417662,1,2147.5,,-1,PV2_V7m,2148.0,2147.0,1,417671,0.5,1.75,-1.75,True,-1.75,
20071226,417990,1,2124.0,,418110,S07,2142.5,2146.25,3,418110,18.5,19.75,3.0,True,3.0,
20071228,419683,1,2123.25,,419803,S07,2141.75,2132.0,3,419803,18.5,19.75,-10.5,True,-10.5,
20080102,420972,1,2088.5,,421092,S07,2107.0,2088.0,1,421071,18.5,19.75,-19.75,True,-19.75,
20080104,422910,-1,2057.5,,423030,S07,2039.0,2016.5,3,423030,18.5,19.75,21.75,True,21.75,
20080107,423991,1,1970.5,,424111,S07,1989.0,1970.0,1,424037,18.5,19.75,-19.75,True,-19.75,
20080107,424044,-1,1966.0,,-1,PV2_V7m,1963.0,1966.5,1,424080,3.0,4.25,-4.25,True,-24.0,
20080108,425010,-1,1998.0,,425130,S07,1979.5,1998.5,1,425062,18.5,19.75,-19.75,True,-19.75,
20080109,426114,1,1908.0,,426234,S07,1926.5,1927.5,3,426234,18.5,19.75,0.25,True,0.25,
20080110,427198,-1,1957.25,,427318,S07,1938.75,1947.5,3,427318,18.5,19.75,-9.5,True,-9.5,
20080111,428256,-1,1969.5,,428376,S07,1951.0,1950.75,3,428376,18.5,19.75,-0.5,True,-0.5,
20080114,429277,-1,1967.25,,429397,S07,1948.75,1951.5,3,429397,18.5,19.75,-3.5,True,-3.5,
20080115,430286,1,1923.5,,430394,S07,1942.0,1937.75,4,430295,18.5,19.75,-5.0,True,-5.0,
20080116,431443,1,1876.25,,431563,S07,1894.75,1875.75,1,431485,18.5,19.75,-19.75,True,-19.75,
20080117,432521,-1,1912.5,,432641,S07,1894.0,1881.5,3,432641,18.5,19.75,11.75,True,11.75,
20080118,433633,-1,1879.25,,433753,S07,1860.75,1879.75,1,433671,18.5,19.75,-19.75,True,-19.75,
20080122,435667,-1,1773.0,,435787,S07,1754.5,1773.5,1,435670,18.5,19.75,-19.75,True,-19.75,
20080122,435702,1,1789.75,,-1,PV2_V7m,1799.0,1789.25,1,435708,9.25,10.5,-10.5,True,-30.25,
20080123,436913,1,1728.25,,437033,S07,1746.75,1727.75,1,437031,18.5,19.75,-19.75,True,-19.75,
20080124,438098,-1,1825.25,,438218,S07,1806.75,1825.75,1,438116,18.5,19.75,-19.75,True,-19.75,
20080124,438128,1,1822.25,,-1,PV2_V7m,1831.75,1821.75,1,438137,9.5,10.75,-10.75,True,-30.5,
20080125,439174,-1,1887.0,,439294,S07,1868.5,1828.0,3,439294,18.5,19.75,39.75,True,39.75,
20080128,440291,-1,1811.75,,440411,S07,1793.25,1810.0,3,440411,18.5,19.75,-17.5,True,-17.5,
20080129,441291,-1,1837.75,,441411,S07,1819.25,1814.5,3,441411,18.5,19.75,4.0,True,4.0,
20080130,442258,1,1792.0,,442378,S07,1810.5,1815.75,3,442378,18.5,19.75,4.5,True,4.5,
20080131,443404,1,1772.0,,443524,S07,1790.5,1818.25,3,443524,18.5,19.75,27.0,True,27.0,
20080201,444329,1,1837.0,,444449,S07,1855.5,1836.5,1,444400,18.5,19.75,-19.75,True,-19.75,
20080204,445311,-1,1876.0,,445431,S07,1857.5,1852.75,3,445431,18.5,19.75,4.0,True,4.0,
20080205,446239,1,1787.0,,446359,S07,1805.5,1806.5,3,446359,18.5,19.75,0.25,True,0.25,
20080206,447287,-1,1804.25,,447407,S07,1785.75,1798.25,3,447407,18.5,19.75,-13.25,True,-13.25,
20080207,448398,1,1712.75,,448518,S07,1731.25,1738.25,3,448518,18.5,19.75,6.25,True,6.25,
20080208,449409,1,1740.25,,449529,S07,1758.75,1777.25,3,449529,18.5,19.75,17.75,True,17.75,
20080211,450434,1,1768.5,,450553,S07,1787.0,1785.5,4,450515,18.5,19.75,-2.25,True,-2.25,
20080212,451374,-1,1823.75,,451494,S07,1805.25,1812.0,3,451494,18.5,19.75,-7.5,True,-7.5,
20080213,452393,1,1793.25,,452513,S07,1811.75,1808.0,3,452513,18.5,19.75,-4.5,True,-4.5,
20080214,453364,-1,1830.25,,453484,S07,1811.75,1805.25,3,453484,18.5,19.75,5.75,True,5.75,
20080215,454345,-1,1800.0,,454465,S07,1781.5,1778.25,3,454465,18.5,19.75,2.5,True,2.5,
20080218,455244,1,1805.75,,-1,PV2_V7m,1806.5,1810.5,4,455283,0.75,2.0,3.25,True,3.25,
20080219,455946,1,1792.25,,456066,S07,1810.75,1791.75,1,456043,18.5,19.75,-19.75,True,-19.75,
20080220,457021,1,1745.75,,457141,S07,1764.25,1765.75,3,457141,18.5,19.75,0.75,True,0.75,
20080221,458004,-1,1824.5,,458124,S07,1806.0,1790.25,3,458124,18.5,19.75,15.0,True,15.0,
20080222,458978,-1,1791.75,,459098,S07,1773.25,1759.0,3,459098,18.5,19.75,13.5,True,13.5,
20080226,460958,1,1761.25,,461078,S07,1779.75,1784.5,3,461078,18.5,19.75,4.0,True,4.0,
20080227,461929,1,1763.5,,462049,S07,1782.0,1800.75,3,462049,18.5,19.75,18.0,True,18.0,
20080228,462960,1,1776.75,,463080,S07,1795.25,1790.25,3,463080,18.5,19.75,-5.75,True,-5.75,
20080229,464046,1,1759.5,,464166,S07,1778.0,1759.0,1,464084,18.5,19.75,-19.75,True,-19.75,
20080229,464088,-1,1760.25,,-1,PV2_V7m,1757.75,1760.75,1,464092,2.5,3.75,-3.75,True,-23.5,
20080303,465136,1,1728.5,,465256,S07,1747.0,1736.5,3,465256,18.5,19.75,-11.25,True,-11.25,
20080304,466240,1,1709.75,,466360,S07,1728.25,1718.75,3,466360,18.5,19.75,-10.25,True,-10.25,
20080305,467257,-1,1767.5,,467377,S07,1749.0,1762.0,3,467377,18.5,19.75,-13.75,True,-13.75,
20080306,468309,1,1735.75,,468429,S07,1754.25,1748.0,3,468429,18.5,19.75,-7.0,True,-7.0,
20080307,469350,-1,1718.75,,469470,S07,1700.25,1719.25,1,469372,18.5,19.75,-19.75,True,-19.75,
20080307,469379,1,1722.5,,-1,PV2_V7m,1726.0,1722.0,1,469382,3.5,4.75,-4.75,True,-24.5,
20080310,470311,-1,1720.5,,470431,S07,1702.0,1693.25,3,470431,18.5,19.75,8.0,True,8.0,
20080311,471366,1,1694.25,,471486,S07,1712.75,1707.5,3,471486,18.5,19.75,-6.0,True,-6.0,
20080312,472395,1,1729.0,,472515,S07,1747.5,1758.75,3,472515,18.5,19.75,10.5,True,10.5,
20080313,473140,-1,1740.0,,473260,S07,1721.5,1728.75,3,473260,18.5,19.75,-8.0,True,-8.0,
20080314,474163,-1,1781.0,,474283,S07,1762.5,1723.75,3,474283,18.5,19.75,38.0,True,38.0,
20080317,475340,1,1673.25,,475460,S07,1691.75,1699.25,3,475460,18.5,19.75,6.75,True,6.75,
20080318,476324,1,1707.75,,476444,S07,1726.25,1734.0,3,476444,18.5,19.75,7.0,True,7.0,
20080319,477338,-1,1792.75,,477458,S07,1774.25,1773.75,3,477458,18.5,19.75,-0.25,True,-0.25,
20080320,478377,-1,1739.75,,478497,S07,1721.25,1734.25,3,478497,18.5,19.75,-13.75,True,-13.75,
20080324,479254,1,1751.25,,479374,S07,1769.75,1809.0,3,479374,18.5,19.75,38.5,True,38.5,
20080325,480212,-1,1835.5,,480332,S07,1817.0,1824.0,3,480332,18.5,19.75,-7.75,True,-7.75,
20080326,481159,1,1803.75,,481279,S07,1822.25,1816.5,3,481279,18.5,19.75,-6.5,True,-6.5,
20080327,482106,1,1795.75,,482226,S07,1814.25,1795.25,1,482166,18.5,19.75,-19.75,True,-19.75,
20080328,483033,1,1780.5,,483153,S07,1799.0,1798.75,3,483153,18.5,19.75,-1.0,True,-1.0,
20080331,484025,-1,1798.5,,484145,S07,1780.0,1784.75,3,484145,18.5,19.75,-5.5,True,-5.5,
20080401,485044,1,1795.75,,485164,S07,1814.25,1836.25,3,485164,18.5,19.75,21.25,True,21.25,
20080402,486130,-1,1875.0,,486250,S07,1856.5,1875.5,1,486192,18.5,19.75,-19.75,True,-19.75,
20080403,487143,1,1830.75,,487263,S07,1849.25,1852.25,3,487263,18.5,19.75,2.25,True,2.25,
20080404,488037,-1,1882.75,,488157,S07,1864.25,1869.25,3,488157,18.5,19.75,-5.75,True,-5.75,
20080407,489004,-1,1901.25,,489124,S07,1882.75,1886.75,3,489124,18.5,19.75,-4.75,True,-4.75,
20080408,490018,-1,1869.75,,490138,S07,1851.25,1864.75,3,490138,18.5,19.75,-14.25,True,-14.25,
20080409,491044,1,1837.0,,491164,S07,1855.5,1836.5,1,491077,18.5,19.75,-19.75,True,-19.75,
20080410,492046,1,1825.0,,492166,S07,1843.5,1860.75,3,492166,18.5,19.75,16.5,True,16.5,
20080411,493012,1,1820.0,,493132,S07,1838.5,1829.0,3,493132,18.5,19.75,-10.25,True,-10.25,
20080414,493821,-1,1818.75,,493941,S07,1800.25,1795.75,3,493941,18.5,19.75,3.75,True,3.75,
20080415,494759,1,1787.75,,494879,S07,1806.25,1787.25,1,494828,18.5,19.75,-19.75,True,-19.75,
20080416,495850,1,1805.25,,495970,S07,1823.75,1841.25,3,495970,18.5,19.75,16.75,True,16.75,
20080417,496909,1,1834.75,,497029,S07,1853.25,1839.5,3,497029,18.5,19.75,-14.5,True,-14.5,
20080418,497924,-1,1913.0,,498044,S07,1894.5,1904.75,3,498044,18.5,19.75,-11.0,True,-11.0,
20080421,498744,1,1884.0,,498864,S07,1902.5,1904.0,3,498864,18.5,19.75,0.75,True,0.75,
20080422,499701,-1,1923.25,,499821,S07,1904.75,1899.0,3,499821,18.5,19.75,5.0,True,5.0,
20080423,500644,-1,1920.5,,500764,S07,1902.0,1913.25,3,500764,18.5,19.75,-12.0,True,-12.0,
20080424,501708,1,1893.5,,501828,S07,1912.0,1893.0,1,501742,18.5,19.75,-19.75,True,-19.75,
20080424,501855,1,1924.25,,-1,PV2_V7m,1925.5,1938.0,3,501975,1.25,2.5,11.75,True,-8.0,
20080425,502743,-1,1947.0,,502863,S07,1928.5,1905.25,3,502863,18.5,19.75,22.5,True,22.5,
20080428,503601,-1,1946.25,,503720,S07,1927.75,1934.0,4,503640,18.5,19.75,-7.0,True,-7.0,
20080429,504499,1,1904.5,,504619,S07,1923.0,1930.5,3,504619,18.5,19.75,6.75,True,6.75,
20080430,505356,1,1924.75,,505476,S07,1943.25,1953.75,3,505476,18.5,19.75,9.75,True,9.75,
20080501,506181,1,1913.5,,506301,S07,1932.0,1961.5,3,506301,18.5,19.75,28.75,True,28.75,
20080502,507225,-1,2014.5,,507345,S07,1996.0,1983.75,3,507345,18.5,19.75,11.5,True,11.5,
20080505,508168,-1,2004.0,,508288,S07,1985.5,1984.25,3,508288,18.5,19.75,0.5,True,0.5,
20080506,509100,-1,1991.25,,509220,S07,1972.75,1975.0,3,509220,18.5,19.75,-3.0,True,-3.0,
20080507,510131,-1,2006.25,,510251,S07,1987.75,1989.25,3,510251,18.5,19.75,-2.25,True,-2.25,
20080508,511154,-1,1983.5,,511274,S07,1965.0,1975.5,3,511274,18.5,19.75,-11.25,True,-11.25,
20080509,512112,-1,1970.5,,512232,S07,1952.0,1971.0,1,512185,18.5,19.75,-19.75,True,-19.75,
20080512,512986,-1,1983.5,,513106,S07,1965.0,1979.75,3,513106,18.5,19.75,-15.5,True,-15.5,
20080513,513969,-1,2014.25,,514089,S07,1995.75,1988.75,3,514089,18.5,19.75,6.25,True,6.25,
20080514,514884,1,2020.25,,-1,PV2_V7m,2021.75,2019.75,1,514961,1.5,2.75,-2.75,True,-2.75,
20080515,515800,-1,2014.0,,515920,S07,1995.5,2014.5,1,515892,18.5,19.75,-19.75,True,-19.75,
20080516,516776,-1,2053.5,,516896,S07,2035.0,2019.0,3,516896,18.5,19.75,15.25,True,15.25,
20080519,517724,1,2046.5,,-1,PV2_V7m,2047.0,2046.0,1,517726,0.5,1.75,-1.75,True,-1.75,
20080520,518628,-1,2026.5,,518748,S07,2008.0,1998.0,3,518748,18.5,19.75,9.25,True,9.25,
20080521,519699,1,1987.5,,519819,S07,2006.0,1995.25,3,519819,18.5,19.75,-11.5,True,-11.5,
20080522,520804,1,1953.25,,520924,S07,1971.75,1969.25,3,520924,18.5,19.75,-3.25,True,-3.25,
20080523,521749,1,1944.25,,521869,S07,1962.75,1948.0,3,521869,18.5,19.75,-15.5,True,-15.5,
20080527,523123,-1,1984.75,,523243,S07,1966.25,1985.25,1,523156,18.5,19.75,-19.75,True,-19.75,
20080528,524120,-1,2023.25,,524240,S07,2004.75,1989.75,3,524240,18.5,19.75,14.25,True,14.25,
20080529,525111,1,1987.25,,525231,S07,2005.75,2014.25,3,525231,18.5,19.75,7.75,True,7.75,
20080530,526087,-1,2044.75,,526207,S07,2026.25,2033.75,3,526207,18.5,19.75,-8.25,True,-8.25,
20080602,527021,-1,2047.75,,527141,S07,2029.25,2005.75,3,527141,18.5,19.75,22.75,True,22.75,
20080603,528020,-1,2033.75,,528140,S07,2015.25,2024.0,3,528140,18.5,19.75,-9.5,True,-9.5,
20080604,528965,1,1973.0,,529085,S07,1991.5,2031.25,3,529085,18.5,19.75,39.0,True,39.0,
20080605,529933,-1,2043.5,,530053,S07,2025.0,2044.0,1,529971,18.5,19.75,-19.75,True,-19.75,
20080606,530972,-1,2051.75,,531092,S07,2033.25,2015.25,3,531092,18.5,19.75,17.25,True,17.25,
20080609,532104,-1,2009.75,,532224,S07,1991.25,1980.25,3,532224,18.5,19.75,10.25,True,10.25,
20080610,533242,1,1945.25,,533362,S07,1963.75,1963.75,3,533362,18.5,19.75,-0.75,True,-0.75,
20080611,534277,-1,1986.25,,534397,S07,1967.75,1944.0,3,534397,18.5,19.75,23.0,True,23.0,
20080612,534990,1,1934.0,,535110,S07,1952.5,1955.5,3,535110,18.5,19.75,2.25,True,2.25,
20080613,535923,-1,1966.75,,536043,S07,1948.25,1967.25,1,535968,18.5,19.75,-19.75,True,-19.75,
20080616,536582,1,1946.75,,536702,S07,1965.25,1984.75,3,536702,18.5,19.75,18.75,True,18.75,
20080616,536830,1,1997.75,,-1,PV2_V7m,2001.75,1997.25,1,536835,4.0,5.25,-5.25,True,13.5,
20080617,537486,-1,2018.0,,537606,S07,1999.5,1994.75,3,537606,18.5,19.75,4.0,True,4.0,
20080618,538421,1,1953.25,,538541,S07,1971.75,1952.75,1,538503,18.5,19.75,-19.75,True,-19.75,
20080619,539459,1,1940.75,,539579,S07,1959.25,1961.0,3,539579,18.5,19.75,1.0,True,1.0,
20080620,540475,-1,1986.0,,540595,S07,1967.5,1949.5,3,540595,18.5,19.75,17.25,True,17.25,
20080623,541537,-1,1961.0,,541657,S07,1942.5,1926.0,3,541657,18.5,19.75,15.75,True,15.75,
20080624,542573,1,1897.0,,542693,S07,1915.5,1896.5,1,542634,18.5,19.75,-19.75,True,-19.75,
20080625,543541,-1,1936.5,,543661,S07,1918.0,1937.0,1,543605,18.5,19.75,-19.75,True,-19.75,
20080626,544551,-1,1921.5,,544671,S07,1903.0,1885.0,3,544671,18.5,19.75,17.25,True,17.25,
20080627,545607,1,1847.25,,545727,S07,1865.75,1855.25,3,545727,18.5,19.75,-11.25,True,-11.25,
20080630,546594,-1,1877.0,,546714,S07,1858.5,1867.25,3,546714,18.5,19.75,-9.5,True,-9.5,
20080701,547595,1,1810.5,,547715,S07,1829.0,1853.0,3,547715,18.5,19.75,23.25,True,23.25,
20080702,548582,-1,1893.0,,548702,S07,1874.5,1853.5,3,548702,18.5,19.75,20.25,True,20.25,
20080702,548708,-1,1856.0,,-1,PV2_V7m,1854.75,1856.5,1,548709,1.25,2.5,-2.5,True,17.75,
20080703,549740,-1,1848.25,,549860,S07,1829.75,1832.0,3,549860,18.5,19.75,-3.0,True,-3.0,
20080707,550971,1,1826.0,,551091,S07,1844.5,1846.75,3,551091,18.5,19.75,1.5,True,1.5,
20080708,552064,-1,1848.25,,552184,S07,1829.75,1848.75,1,552071,18.5,19.75,-19.75,True,-19.75,
20080709,553185,-1,1888.0,,553305,S07,1869.5,1875.5,3,553305,18.5,19.75,-6.75,True,-6.75,
20080710,554246,1,1818.25,,554366,S07,1836.75,1840.25,3,554366,18.5,19.75,2.75,True,2.75,
20080711,555326,-1,1831.0,,555446,S07,1812.5,1831.5,1,555347,18.5,19.75,-19.75,True,-19.75,
20080714,556410,-1,1853.5,,556530,S07,1835.0,1814.0,3,556530,18.5,19.75,20.25,True,20.25,
20080715,557451,-1,1808.5,,557571,S07,1790.0,1786.25,3,557571,18.5,19.75,3.0,True,3.0,
20080716,558472,-1,1820.75,,558592,S07,1802.25,1821.25,1,558539,18.5,19.75,-19.75,True,-19.75,
20080717,559499,1,1841.0,,559619,S07,1859.5,1840.5,1,559589,18.5,19.75,-19.75,True,-19.75,
20080717,559598,-1,1838.0,,-1,PV2_V7m,1837.0,1838.5,1,559599,1.0,2.25,-2.25,True,-22.0,
20080718,560620,-1,1852.75,,560740,S07,1834.25,1838.0,3,560740,18.5,19.75,-4.5,True,-4.5,
20080721,561588,-1,1853.75,,561708,S07,1835.25,1826.75,3,561708,18.5,19.75,7.75,True,7.75,
20080722,562674,-1,1810.75,,562794,S07,1792.25,1806.0,3,562794,18.5,19.75,-14.5,True,-14.5,
20080723,563691,-1,1842.5,,563811,S07,1824.0,1843.0,1,563735,18.5,19.75,-19.75,True,-19.75,
20080724,564844,-1,1870.25,,564964,S07,1851.75,1834.75,3,564964,18.5,19.75,16.25,True,16.25,
20080725,565793,-1,1849.25,,565913,S07,1830.75,1843.75,3,565913,18.5,19.75,-13.75,True,-13.75,
20080728,566601,1,1825.0,,566721,S07,1843.5,1830.0,3,566721,18.5,19.75,-14.25,True,-14.25,
20080729,567627,1,1803.25,,567747,S07,1821.75,1848.75,3,567747,18.5,19.75,26.25,True,26.25,
20080730,568543,1,1837.25,,568663,S07,1855.75,1858.25,3,568663,18.5,19.75,1.75,True,1.75,
20080731,569538,1,1821.25,,569658,S07,1839.75,1867.5,3,569658,18.5,19.75,27.0,True,27.0,
20080801,570555,-1,1865.25,,570675,S07,1846.75,1828.75,3,570675,18.5,19.75,17.25,True,17.25,
20080804,571349,-1,1837.75,,571469,S07,1819.25,1819.0,3,571469,18.5,19.75,-0.5,True,-0.5,
20080805,572344,1,1813.25,,572464,S07,1831.75,1847.0,3,572464,18.5,19.75,14.5,True,14.5,
20080806,573427,1,1853.5,,573547,S07,1872.0,1878.75,3,573547,18.5,19.75,6.0,True,6.0,
20080807,574538,-1,1902.75,,574658,S07,1884.25,1891.75,3,574658,18.5,19.75,-8.25,True,-8.25,
20080808,575538,-1,1901.5,,575658,S07,1883.0,1902.0,1,575558,18.5,19.75,-19.75,True,-19.75,
20080808,575570,1,1901.0,,-1,PV2_V7m,1903.0,1914.25,3,575690,2.0,3.25,10.5,True,-9.25,
20080811,576521,-1,1939.25,,576641,S07,1920.75,1939.75,1,576567,18.5,19.75,-19.75,True,-19.75,
20080812,577489,-1,1957.5,,577609,S07,1939.0,1958.0,1,577528,18.5,19.75,-19.75,True,-19.75,
20080813,578487,1,1931.0,,578607,S07,1949.5,1933.25,3,578607,18.5,19.75,-17.0,True,-17.0,
20080814,579432,1,1918.75,,579552,S07,1937.25,1961.25,3,579552,18.5,19.75,23.25,True,23.25,
20080815,580479,1,1951.25,,580599,S07,1969.75,1972.25,3,580599,18.5,19.75,1.75,True,1.75,
20080818,581444,-1,1982.5,,581564,S07,1964.0,1956.0,3,581564,18.5,19.75,7.25,True,7.25,
20080819,582426,1,1912.0,,582546,S07,1930.5,1925.0,3,582546,18.5,19.75,-6.25,True,-6.25,
20080820,583475,-1,1939.5,,583595,S07,1921.0,1926.75,3,583595,18.5,19.75,-6.5,True,-6.5,
20080821,584525,1,1884.5,,584645,S07,1903.0,1895.25,3,584645,18.5,19.75,-8.5,True,-8.5,
20080822,585463,1,1904.5,,585583,S07,1923.0,1928.0,3,585583,18.5,19.75,4.25,True,4.25,
20080825,586367,1,1898.5,,586487,S07,1917.0,1900.25,3,586487,18.5,19.75,-17.5,True,-17.5,
20080826,587336,-1,1908.5,,587456,S07,1890.0,1893.0,3,587456,18.5,19.75,-3.75,True,-3.75,
20080827,588299,-1,1905.75,,588419,S07,1887.25,1892.75,3,588419,18.5,19.75,-6.25,True,-6.25,
20080828,589235,1,1894.25,,589355,S07,1912.75,1917.75,3,589355,18.5,19.75,4.25,True,4.25,
20080829,590227,-1,1914.5,,590347,S07,1896.0,1872.0,3,590347,18.5,19.75,23.25,True,23.25,
20080902,591668,-1,1922.25,,591788,S07,1903.75,1897.5,3,591788,18.5,19.75,5.5,True,5.5,
20080902,591932,-1,1860.25,,-1,PV2_V7m,1856.75,1860.75,1,591937,3.5,4.75,-4.75,True,0.75,
20080903,592696,1,1832.25,,592816,S07,1850.75,1837.75,3,592816,18.5,19.75,-13.75,True,-13.75,
20080904,593693,-1,1838.75,,593813,S07,1820.25,1802.5,3,593813,18.5,19.75,17.0,True,17.0,
20080905,594813,1,1747.0,,594933,S07,1765.5,1746.5,1,594897,18.5,19.75,-19.75,True,-19.75,
20080908,595694,1,1776.5,,595814,S07,1795.0,1776.0,1,595713,18.5,19.75,-19.75,True,-19.75,
20080909,596758,-1,1782.0,,596878,S07,1763.5,1757.0,3,596878,18.5,19.75,5.75,True,5.75,
20080910,597881,-1,1757.75,,598001,S07,1739.25,1734.25,3,598001,18.5,19.75,4.25,True,4.25,
20080911,598660,1,1706.75,,598780,S07,1725.25,1752.0,3,598780,18.5,19.75,26.0,True,26.0,
20080912,599664,-1,1781.25,,599784,S07,1762.75,1781.75,1,599776,18.5,19.75,-19.75,True,-19.75,
20080915,600896,1,1714.5,,601016,S07,1733.0,1752.75,3,601016,18.5,19.75,19.0,True,19.0,
20080916,602105,1,1685.0,,602225,S07,1703.5,1710.25,3,602225,18.5,19.75,6.0,True,6.0,
20080917,603277,-1,1715.75,,603397,S07,1697.25,1716.25,1,603300,18.5,19.75,-19.75,True,-19.75,
20080918,604444,1,1659.0,,604564,S07,1677.5,1658.5,1,604456,18.5,19.75,-19.75,True,-19.75,
20080919,605714,-1,1796.25,,605834,S07,1777.75,1742.25,3,605834,18.5,19.75,34.75,True,34.75,
20080922,606874,-1,1760.25,,606994,S07,1741.75,1716.25,3,606994,18.5,19.75,24.75,True,24.75,
20080923,607964,-1,1697.75,,608084,S07,1679.25,1698.25,1,608011,18.5,19.75,-19.75,True,-19.75,
20080924,609092,-1,1677.25,,609212,S07,1658.75,1669.75,3,609212,18.5,19.75,-11.75,True,-11.75,
20080925,610182,-1,1697.75,,610302,S07,1679.25,1698.25,1,610217,18.5,19.75,-19.75,True,-19.75,
20080925,610221,1,1694.25,,-1,PV2_V7m,1698.5,1693.75,1,610244,4.25,5.5,-5.5,True,-25.25,
20080926,611372,-1,1659.75,,611492,S07,1641.25,1660.25,1,611396,18.5,19.75,-19.75,True,-19.75,
20080929,612503,-1,1657.25,,612623,S07,1638.75,1589.25,3,612623,18.5,19.75,48.75,True,48.75,
20080930,613761,1,1524.0,,613881,S07,1542.5,1561.75,3,613881,18.5,19.75,18.5,True,18.5,
20081001,614824,-1,1601.0,,614944,S07,1582.5,1560.5,3,614944,18.5,19.75,21.25,True,21.25,
20081002,615954,-1,1573.5,,616074,S07,1555.0,1519.0,3,616074,18.5,19.75,35.25,True,35.25,
20081003,617037,1,1506.0,,617157,S07,1524.5,1548.5,3,617157,18.5,19.75,23.25,True,23.25,
20081006,618252,-1,1458.0,,618372,S07,1439.5,1400.25,3,618372,18.5,19.75,38.5,True,38.5,
20081007,619415,1,1411.25,,619535,S07,1429.75,1410.75,1,619435,18.5,19.75,-19.75,True,-19.75,
20081008,620627,1,1311.0,,620747,S07,1329.5,1351.25,3,620747,18.5,19.75,21.0,True,21.0,
20081009,621879,1,1341.25,,621999,S07,1359.75,1340.75,1,621939,18.5,19.75,-19.75,True,-19.75,
20081010,623152,-1,1251.75,,623272,S07,1233.25,1252.25,1,623159,18.5,19.75,-19.75,True,-19.75,
20081013,624384,-1,1349.5,,624504,S07,1331.0,1350.0,1,624452,18.5,19.75,-19.75,True,-19.75,
20081014,625662,-1,1477.25,,625782,S07,1458.75,1402.5,3,625782,18.5,19.75,55.5,True,55.5,
20081015,626864,-1,1363.75,,626984,S07,1345.25,1329.0,3,626984,18.5,19.75,15.5,True,15.5,
20081016,628066,-1,1262.0,,628186,S07,1243.5,1262.5,1,628078,18.5,19.75,-19.75,True,-19.75,
20081017,629233,-1,1303.25,,629353,S07,1284.75,1303.75,1,629244,18.5,19.75,-19.75,True,-19.75,
20081020,630426,-1,1347.5,,630546,S07,1329.0,1304.5,3,630546,18.5,19.75,23.75,True,23.75,
20081021,631534,-1,1341.25,,631652,S07,1322.75,1328.0,4,631543,18.5,19.75,-6.0,True,-6.0,
20081022,632757,1,1261.0,,632877,S07,1279.5,1260.5,1,632785,18.5,19.75,-19.75,True,-19.75,
20081023,633946,1,1223.5,,634066,S07,1242.0,1223.0,1,633960,18.5,19.75,-19.75,True,-19.75,
20081027,636252,1,1166.25,,636372,S07,1184.75,1184.75,3,636372,18.5,19.75,-0.75,True,-0.75,
20081028,637280,-1,1225.0,,637400,S07,1206.5,1190.5,3,637400,18.5,19.75,15.25,True,15.25,
20081028,637634,1,1248.25,,-1,PV2_V7m,1253.5,1247.75,1,637639,5.25,6.5,-6.5,True,8.75,
20081029,638422,-1,1297.5,,638542,S07,1279.0,1298.0,1,638458,18.5,19.75,-19.75,True,-19.75,
20081030,639569,-1,1349.25,,639689,S07,1330.75,1316.0,3,639689,18.5,19.75,14.0,True,14.0,
20081031,640663,-1,1335.75,,640783,S07,1317.25,1336.25,1,640766,18.5,19.75,-19.75,True,-19.75,
20081103,641759,-1,1347.25,,641879,S07,1328.75,1347.75,1,641800,18.5,19.75,-19.75,True,-19.75,
20081104,642817,-1,1372.75,,642937,S07,1354.25,1373.25,1,642906,18.5,19.75,-19.75,True,-19.75,
20081105,643988,-1,1377.25,,644108,S07,1358.75,1351.5,3,644108,18.5,19.75,6.5,True,6.5,
20081106,645145,1,1271.25,,645265,S07,1289.75,1270.75,1,645164,18.5,19.75,-19.75,True,-19.75,
20081107,646301,1,1240.0,,646421,S07,1258.5,1256.75,3,646421,18.5,19.75,-2.5,True,-2.5,
20081110,647365,-1,1315.0,,647485,S07,1296.5,1271.0,3,647485,18.5,19.75,24.75,True,24.75,
20081110,647554,-1,1250.75,,-1,PV2_V7m,1247.25,1251.25,1,647581,3.5,4.75,-4.75,True,20.0,
20081111,648419,-1,1247.25,,648539,S07,1228.75,1211.25,3,648539,18.5,19.75,16.75,True,16.75,
20081112,649482,-1,1221.75,,649602,S07,1203.25,1194.0,3,649602,18.5,19.75,8.5,True,8.5,
20081113,650682,1,1154.5,,650802,S07,1173.0,1154.0,1,650698,18.5,19.75,-19.75,True,-19.75,
20081114,651815,1,1193.75,,651935,S07,1212.25,1193.25,1,651861,18.5,19.75,-19.75,True,-19.75,
20081117,652988,-1,1172.25,,653108,S07,1153.75,1162.0,3,653108,18.5,19.75,-9.0,True,-9.0,
20081118,654114,1,1139.75,,654234,S07,1158.25,1155.0,3,654234,18.5,19.75,-4.0,True,-4.0,
20081119,655253,-1,1172.75,,655373,S07,1154.25,1129.25,3,655373,18.5,19.75,24.25,True,24.25,
20081120,656405,1,1062.5,,656525,S07,1081.0,1062.0,1,656437,18.5,19.75,-19.75,True,-19.75,
20081120,656441,-1,1066.5,,-1,PV2_V7m,1061.5,1067.0,1,656453,5.0,6.25,-6.25,True,-26.0,
20081121,657573,-1,1072.0,,657693,S07,1053.5,1048.25,3,657693,18.5,19.75,4.5,True,4.5,
20081124,658739,-1,1128.5,,658859,S07,1110.0,1129.0,1,658794,18.5,19.75,-19.75,True,-19.75,
20081125,659875,-1,1174.25,,659995,S07,1155.75,1136.5,3,659995,18.5,19.75,18.5,True,18.5,
20081126,660927,1,1119.0,,661047,S07,1137.5,1167.25,3,661047,18.5,19.75,29.0,True,29.0,
20081128,662399,1,1163.25,,662519,S07,1181.75,1178.25,3,662519,18.5,19.75,-4.25,True,-4.25,
20081201,663281,-1,1168.0,,663401,S07,1149.5,1123.0,3,663401,18.5,19.75,25.75,True,25.75,
20081202,664438,-1,1119.75,,664558,S07,1101.25,1120.25,1,664506,18.5,19.75,-19.75,True,-19.75,
20081203,665450,1,1087.5,,665570,S07,1106.0,1149.5,3,665570,18.5,19.75,42.75,True,42.75,
20081204,666527,1,1127.0,,666647,S07,1145.5,1160.25,3,666647,18.5,19.75,14.0,True,14.0,
20081205,667524,1,1100.5,,667644,S07,1119.0,1100.0,1,667564,18.5,19.75,-19.75,True,-19.75,
20081205,667837,1,1157.5,,-1,PV2_V7m,1160.75,1157.0,1,667853,3.25,4.5,-4.5,True,-24.25,
20081208,668661,-1,1219.25,,668781,S07,1200.75,1219.75,1,668727,18.5,19.75,-19.75,True,-19.75,
20081209,669741,1,1187.0,,669861,S07,1205.5,1235.5,3,669861,18.5,19.75,29.25,True,29.25,
20081210,670833,-1,1233.0,,670953,S07,1214.5,1227.25,3,670953,18.5,19.75,-13.5,True,-13.5,
20081211,671557,-1,1222.0,,671677,S07,1203.5,1222.5,1,671606,18.5,19.75,-19.75,True,-19.75,
20081212,672731,1,1150.0,,672851,S07,1168.5,1190.5,3,672851,18.5,19.75,21.25,True,21.25,
20081215,673728,-1,1224.0,,673848,S07,1205.5,1180.5,3,673848,18.5,19.75,24.25,True,24.25,
20081216,674665,-1,1215.75,,674785,S07,1197.25,1210.5,3,674785,18.5,19.75,-14.0,True,-14.0,
20081217,675817,-1,1243.5,,675937,S07,1225.0,1220.25,3,675937,18.5,19.75,4.0,True,4.0,
20081218,676760,-1,1241.5,,676880,S07,1223.0,1228.0,3,676880,18.5,19.75,-5.75,True,-5.75,
20081219,677757,1,1211.0,,677877,S07,1229.5,1229.0,3,677877,18.5,19.75,-1.25,True,-1.25,
20081222,678658,-1,1230.75,,678778,S07,1212.25,1192.5,3,678778,18.5,19.75,19.0,True,19.0,
20081223,679596,1,1180.25,,679716,S07,1198.75,1193.0,3,679716,18.5,19.75,-6.5,True,-6.5,
20081229,681552,-1,1205.5,,681672,S07,1187.0,1165.75,3,681672,18.5,19.75,20.5,True,20.5,
20081231,683269,1,1184.0,,683389,S07,1202.5,1220.0,3,683389,18.5,19.75,16.75,True,16.75,
20090102,683882,-1,1227.75,,684002,S07,1209.25,1228.25,1,683944,18.5,19.75,-19.75,True,-19.75,
20090102,683948,1,1227.5,,-1,PV2_V7m,1232.75,1244.75,3,684068,5.25,6.5,11.25,True,-8.5,
20090105,684897,1,1236.25,,685017,S07,1254.75,1260.0,3,685017,18.5,19.75,4.5,True,4.5,
20090106,685881,-1,1289.25,,686001,S07,1270.75,1271.0,3,686001,18.5,19.75,-1.0,True,-1.0,
20090107,686845,1,1234.75,,686965,S07,1253.25,1249.0,3,686965,18.5,19.75,-5.0,True,-5.0,
20090108,687911,-1,1251.0,,688031,S07,1232.5,1230.5,3,688031,18.5,19.75,1.25,True,1.25,
20090109,688890,-1,1265.75,,689010,S07,1247.25,1227.25,3,689010,18.5,19.75,19.25,True,19.25,
20090112,689868,-1,1240.0,,689988,S07,1221.5,1203.75,3,689988,18.5,19.75,17.0,True,17.0,
20090113,690872,-1,1215.75,,690992,S07,1197.25,1216.25,1,690886,18.5,19.75,-19.75,True,-19.75,
20090113,690904,1,1211.5,,-1,PV2_V7m,1213.25,1211.0,1,690910,1.75,3.0,-3.0,True,-22.75,
20090114,691860,-1,1200.75,,691980,S07,1182.25,1167.0,3,691980,18.5,19.75,14.5,True,14.5,
20090115,693040,1,1141.25,,693160,S07,1159.75,1140.75,1,693085,18.5,19.75,-19.75,True,-19.75,
20090116,694098,-1,1211.75,,694218,S07,1193.25,1181.25,3,694218,18.5,19.75,11.25,True,11.25,
20090120,695897,-1,1208.25,,696017,S07,1189.75,1161.75,3,696017,18.5,19.75,27.25,True,27.25,
20090121,697050,1,1141.5,,697170,S07,1160.0,1141.0,1,697134,18.5,19.75,-19.75,True,-19.75,
20090122,698149,-1,1176.75,,698269,S07,1158.25,1157.0,3,698269,18.5,19.75,0.5,True,0.5,
20090123,699178,1,1132.25,,699298,S07,1150.75,1169.0,3,699298,18.5,19.75,17.5,True,17.5,
20090126,700129,1,1155.75,,700249,S07,1174.25,1192.75,3,700249,18.5,19.75,17.75,True,17.75,
20090127,701174,1,1167.5,,701294,S07,1186.0,1192.5,3,701294,18.5,19.75,5.75,True,5.75,
20090128,702343,1,1193.0,,702463,S07,1211.5,1227.0,3,702463,18.5,19.75,14.75,True,14.75,
20090129,703519,-1,1233.5,,703639,S07,1215.0,1214.0,3,703639,18.5,19.75,0.25,True,0.25,
20090130,704555,-1,1227.75,,704675,S07,1209.25,1181.75,3,704675,18.5,19.75,26.75,True,26.75,
20090202,705594,1,1149.75,,705714,S07,1168.25,1186.25,3,705714,18.5,19.75,17.25,True,17.25,
20090203,706716,-1,1212.75,,706836,S07,1194.25,1200.75,3,706836,18.5,19.75,-7.25,True,-7.25,
20090204,707834,-1,1230.75,,707954,S07,1212.25,1231.25,1,707855,18.5,19.75,-19.75,True,-19.75,
20090204,707868,1,1233.75,,-1,PV2_V7m,1234.5,1233.25,1,707967,0.75,2.0,-2.0,True,-21.75,
20090205,709063,1,1181.5,,709183,S07,1200.0,1233.0,3,709183,18.5,19.75,32.25,True,32.25,
20090206,710213,1,1226.75,,710333,S07,1245.25,1266.25,3,710333,18.5,19.75,20.25,True,20.25,
20090209,711318,-1,1288.0,,711438,S07,1269.5,1277.0,3,711438,18.5,19.75,-8.25,True,-8.25,
20090210,712464,1,1254.75,,712584,S07,1273.25,1254.25,1,712558,18.5,19.75,-19.75,True,-19.75,
20090211,713614,1,1213.25,,713734,S07,1231.75,1233.0,3,713734,18.5,19.75,0.5,True,0.5,
20090212,714660,-1,1225.5,,714780,S07,1207.0,1220.5,3,714780,18.5,19.75,-14.25,True,-14.25,
20090213,715741,1,1222.75,,715861,S07,1241.25,1241.0,3,715861,18.5,19.75,-1.0,True,-1.0,
20090217,717530,1,1182.25,,717650,S07,1200.75,1181.75,1,717547,18.5,19.75,-19.75,True,-19.75,
20090218,718739,-1,1208.75,,718859,S07,1190.25,1195.25,3,718859,18.5,19.75,-5.75,True,-5.75,
20090219,719815,1,1178.0,,719935,S07,1196.5,1181.0,3,719935,18.5,19.75,-16.25,True,-16.25,
20090220,720891,-1,1173.5,,721011,S07,1155.0,1163.0,3,721011,18.5,19.75,-8.75,True,-8.75,
20090223,722020,-1,1191.75,,722140,S07,1173.25,1146.75,3,722140,18.5,19.75,25.75,True,25.75,
20090224,723248,-1,1155.25,,723368,S07,1136.75,1155.75,1,723323,18.5,19.75,-19.75,True,-19.75,
20090225,724383,-1,1178.0,,724503,S07,1159.5,1154.5,3,724503,18.5,19.75,4.25,True,4.25,
20090226,725517,-1,1184.75,,725637,S07,1166.25,1161.75,3,725637,18.5,19.75,3.75,True,3.75,
20090227,726622,1,1098.5,,726742,S07,1117.0,1123.25,3,726742,18.5,19.75,5.5,True,5.5,
20090302,727796,1,1083.5,,727916,S07,1102.0,1095.0,3,727916,18.5,19.75,-7.75,True,-7.75,
20090303,728985,-1,1110.5,,729105,S07,1092.0,1077.25,3,729105,18.5,19.75,14.0,True,14.0,
20090304,730170,-1,1112.0,,730290,S07,1093.5,1112.5,1,730259,18.5,19.75,-19.75,True,-19.75,
20090305,731274,-1,1110.75,,731394,S07,1092.25,1080.25,3,731394,18.5,19.75,11.25,True,11.25,
20090306,732328,-1,1095.25,,732448,S07,1076.75,1054.0,3,732448,18.5,19.75,22.0,True,22.0,
20090309,733419,1,1042.75,,733539,S07,1061.25,1063.0,3,733539,18.5,19.75,1.0,True,1.0,
20090310,734515,-1,1081.5,,734635,S07,1063.0,1082.0,1,734535,18.5,19.75,-19.75,True,-19.75,
20090310,734549,1,1078.25,,-1,PV2_V7m,1083.5,1102.5,3,734669,5.25,6.5,18.25,True,-1.5,
20090311,735623,-1,1131.75,,735743,S07,1113.25,1132.25,1,735676,18.5,19.75,-19.75,True,-19.75,
20090312,736366,1,1103.0,,736486,S07,1121.5,1132.25,3,736486,18.5,19.75,10.0,True,10.0,
20090313,737492,-1,1175.5,,737612,S07,1157.0,1152.75,3,737612,18.5,19.75,3.5,True,3.5,
20090316,738544,-1,1184.25,,738664,S07,1165.75,1160.75,3,738664,18.5,19.75,4.25,True,4.25,
20090317,739603,1,1137.0,,739723,S07,1155.5,1158.25,3,739723,18.5,19.75,2.0,True,2.0,
20090318,740687,1,1167.5,,740807,S07,1186.0,1186.25,3,740807,18.5,19.75,-0.5,True,-0.5,
20090319,741812,-1,1232.25,,741932,S07,1213.75,1202.25,3,741932,18.5,19.75,10.75,True,10.75,
20090320,742823,1,1191.25,,742943,S07,1209.75,1205.0,3,742943,18.5,19.75,-5.5,True,-5.5,
20090323,743970,-1,1224.75,,744090,S07,1206.25,1225.25,1,744033,18.5,19.75,-19.75,True,-19.75,
20090324,745199,1,1226.0,,745319,S07,1244.5,1244.0,3,745319,18.5,19.75,-1.25,True,-1.25,
20090325,746322,-1,1263.75,,746442,S07,1245.25,1250.75,3,746442,18.5,19.75,-6.25,True,-6.25,
20090326,747445,1,1236.75,,747565,S07,1255.25,1264.5,3,747565,18.5,19.75,8.5,True,8.5,
20090330,748841,-1,1245.0,,748961,S07,1226.5,1205.0,3,748961,18.5,19.75,20.75,True,20.75,
20090331,750029,1,1217.75,,750149,S07,1236.25,1236.0,3,750149,18.5,19.75,-1.0,True,-1.0,
20090331,750312,1,1248.5,,-1,PV2_V7m,1249.75,1248.0,1,750318,1.25,2.5,-2.5,True,-3.5,
20090401,751239,-1,1231.25,,751359,S07,1212.75,1231.75,1,751287,18.5,19.75,-19.75,True,-19.75,
20090402,752449,1,1256.0,,752569,S07,1274.5,1300.0,3,752569,18.5,19.75,24.75,True,24.75,
20090403,753676,1,1283.25,,753796,S07,1301.75,1300.25,3,753796,18.5,19.75,-2.25,True,-2.25,
20090406,754814,-1,1315.25,,754934,S07,1296.75,1290.75,3,754934,18.5,19.75,5.25,True,5.25,
20090407,755980,-1,1308.25,,756100,S07,1289.75,1288.75,3,756100,18.5,19.75,0.25,True,0.25,
20090408,757169,1,1274.0,,757289,S07,1292.5,1290.5,3,757289,18.5,19.75,-2.75,True,-2.75,
20090409,758314,-1,1338.75,,758434,S07,1320.25,1339.25,1,758341,18.5,19.75,-19.75,True,-19.75,
20090409,758352,1,1336.25,,-1,PV2_V7m,1337.25,1335.75,1,758357,1.0,2.25,-2.25,True,-22.0,
20090413,759315,-1,1348.75,,759435,S07,1330.25,1326.25,3,759435,18.5,19.75,3.25,True,3.25,
20090414,760463,-1,1343.25,,760583,S07,1324.75,1325.25,3,760583,18.5,19.75,-1.25,True,-1.25,
20090415,761628,-1,1326.0,,761748,S07,1307.5,1302.5,3,761748,18.5,19.75,4.25,True,4.25,
20090416,762829,-1,1350.25,,762949,S07,1331.75,1328.0,3,762949,18.5,19.75,3.0,True,3.0,
20090416,763159,1,1350.25,,-1,PV2_V7m,1351.5,1349.75,1,763160,1.25,2.5,-2.5,True,0.5,
20090420,764164,1,1310.75,,764284,S07,1329.25,1310.25,1,764223,18.5,19.75,-19.75,True,-19.75,
20090421,765312,1,1286.25,,765432,S07,1304.75,1321.5,3,765432,18.5,19.75,16.0,True,16.0,
20090422,766407,1,1304.5,,766527,S07,1323.0,1355.0,3,766527,18.5,19.75,31.25,True,31.25,
20090423,767600,-1,1354.5,,767720,S07,1336.0,1324.5,3,767720,18.5,19.75,10.75,True,10.75,
20090424,768744,-1,1364.5,,768864,S07,1346.0,1365.0,1,768860,18.5,19.75,-19.75,True,-19.75,
20090424,768873,1,1367.5,,-1,PV2_V7m,1370.25,1367.0,1,768892,2.75,4.0,-4.0,True,-23.75,
20090427,769761,1,1343.75,,769881,S07,1362.25,1377.75,3,769881,18.5,19.75,14.75,True,14.75,
20090428,770907,-1,1376.5,,771027,S07,1358.0,1377.0,1,770975,18.5,19.75,-19.75,True,-19.75,
20090429,772005,-1,1388.75,,772125,S07,1370.25,1389.25,1,772112,18.5,19.75,-19.75,True,-19.75,
20090430,773193,1,1377.25,,773313,S07,1395.75,1414.0,3,773313,18.5,19.75,17.5,True,17.5,
20090501,774205,-1,1409.75,,774325,S07,1391.25,1391.25,3,774325,18.5,19.75,-0.75,True,-0.75,
20090504,775325,-1,1423.25,,775445,S07,1404.75,1419.0,3,775445,18.5,19.75,-15.0,True,-15.0,
20090505,776480,-1,1438.0,,776600,S07,1419.5,1412.5,3,776600,18.5,19.75,6.25,True,6.25,
20090506,777649,-1,1450.5,,777769,S07,1432.0,1406.0,3,777769,18.5,19.75,25.25,True,25.25,
20090507,778836,-1,1446.0,,778956,S07,1427.5,1387.75,3,778956,18.5,19.75,39.0,True,39.0,
20090508,779983,-1,1416.75,,780103,S07,1398.25,1382.25,3,780103,18.5,19.75,15.25,True,15.25,
20090511,781134,1,1358.25,,781254,S07,1376.75,1395.75,3,781254,18.5,19.75,18.25,True,18.25,
20090512,782272,-1,1414.75,,782392,S07,1396.25,1371.0,3,782392,18.5,19.75,24.5,True,24.5,
20090513,783435,-1,1382.0,,783555,S07,1363.5,1349.0,3,783555,18.5,19.75,13.75,True,13.75,
20090514,784609,1,1331.25,,784729,S07,1349.75,1358.5,3,784729,18.5,19.75,8.0,True,8.0,
20090515,785658,1,1336.5,,785778,S07,1355.0,1368.0,3,785778,18.5,19.75,12.25,True,12.25,
20090518,786796,1,1348.75,,786916,S07,1367.25,1370.0,3,786916,18.5,19.75,2.0,True,2.0,
20090519,787987,-1,1399.75,,788107,S07,1381.25,1400.25,1,788052,18.5,19.75,-19.75,True,-19.75,
20090519,788309,1,1406.75,,-1,PV2_V7m,1408.5,1406.25,1,788312,1.75,3.0,-3.0,True,-22.75,
20090520,789077,1,1389.0,,789197,S07,1407.5,1416.75,3,789197,18.5,19.75,8.5,True,8.5,
20090521,790164,-1,1393.75,,790284,S07,1375.25,1362.0,3,790284,18.5,19.75,12.5,True,12.5,
20090522,791324,-1,1385.5,,791444,S07,1367.0,1372.75,3,791444,18.5,19.75,-6.5,True,-6.5,
20090526,793048,1,1338.5,,793168,S07,1357.0,1403.75,3,793168,18.5,19.75,46.0,True,46.0,
20090527,794253,-1,1424.5,,794373,S07,1406.0,1425.0,1,794304,18.5,19.75,-19.75,True,-19.75,
20090528,795352,1,1396.5,,795472,S07,1415.0,1396.0,1,795385,18.5,19.75,-19.75,True,-19.75,
20090529,796379,-1,1435.5,,796499,S07,1417.0,1416.0,3,796499,18.5,19.75,0.25,True,0.25,
20090601,797530,1,1432.75,,797650,S07,1451.25,1472.5,3,797650,18.5,19.75,20.5,True,20.5,
20090602,798697,-1,1486.0,,798817,S07,1467.5,1486.5,1,798724,18.5,19.75,-19.75,True,-19.75,
20090603,799769,1,1454.0,,799889,S07,1472.5,1474.75,3,799889,18.5,19.75,1.5,True,1.5,
20090604,800843,1,1460.0,,800963,S07,1478.5,1482.0,3,800963,18.5,19.75,2.75,True,2.75,
20090605,801913,-1,1521.75,,802033,S07,1503.25,1492.0,3,802033,18.5,19.75,10.5,True,10.5,
20090608,803013,1,1466.0,,803133,S07,1484.5,1470.25,3,803133,18.5,19.75,-15.0,True,-15.0,
20090609,804174,1,1477.0,,804294,S07,1495.5,1493.75,3,804294,18.5,19.75,-2.5,True,-2.5,
20090610,805322,-1,1526.0,,805442,S07,1507.5,1483.25,3,805442,18.5,19.75,23.5,True,23.5,
20090611,806049,1,1477.5,,806169,S07,1496.0,1502.25,3,806169,18.5,19.75,5.5,True,5.5,
20090612,807092,-1,1503.5,,807212,S07,1485.0,1476.5,3,807212,18.5,19.75,7.75,True,7.75,
20090615,808078,-1,1483.25,,808198,S07,1464.75,1447.75,3,808198,18.5,19.75,16.25,True,16.25,
20090616,809159,-1,1477.25,,809279,S07,1458.75,1464.0,3,809279,18.5,19.75,-6.0,True,-6.0,
20090617,810297,1,1431.25,,810417,S07,1449.75,1453.0,3,810417,18.5,19.75,2.5,True,2.5,
20090618,811418,-1,1469.0,,811538,S07,1450.5,1450.5,3,811538,18.5,19.75,-0.75,True,-0.75,
20090622,812708,1,1436.75,,812828,S07,1455.25,1436.25,1,812738,18.5,19.75,-19.75,True,-19.75,
20090622,812743,-1,1441.0,,-1,PV2_V7m,1440.5,1441.5,1,812744,0.5,1.75,-1.75,True,-21.5,
20090623,813814,-1,1446.75,,813934,S07,1428.25,1417.75,3,813934,18.5,19.75,9.75,True,9.75,
20090624,814878,-1,1452.0,,814998,S07,1433.5,1452.5,1,814925,18.5,19.75,-19.75,True,-19.75,
20090625,816014,1,1422.5,,816134,S07,1441.0,1469.5,3,816134,18.5,19.75,27.75,True,27.75,
20090626,817087,1,1447.75,,817207,S07,1466.25,1473.25,3,817207,18.5,19.75,6.25,True,6.25,
20090630,819127,1,1468.5,,819247,S07,1487.0,1471.75,3,819247,18.5,19.75,-16.0,True,-16.0,
20090701,820199,-1,1501.75,,820319,S07,1483.25,1492.5,3,820319,18.5,19.75,-10.0,True,-10.0,
20090702,821228,-1,1471.75,,821348,S07,1453.25,1445.75,3,821348,18.5,19.75,6.75,True,6.75,
20090706,823082,-1,1451.75,,823202,S07,1433.25,1427.75,3,823202,18.5,19.75,4.75,True,4.75,
20090707,824093,1,1421.5,,824213,S07,1440.0,1421.0,1,824132,18.5,19.75,-19.75,True,-19.75,
20090708,825204,-1,1428.0,,825324,S07,1409.5,1396.5,3,825324,18.5,19.75,12.25,True,12.25,
20090709,826272,-1,1432.75,,826392,S07,1414.25,1412.25,3,826392,18.5,19.75,1.25,True,1.25,
20090710,827300,1,1397.25,,827420,S07,1415.75,1406.75,3,827420,18.5,19.75,-9.75,True,-9.75,
20090713,828422,-1,1438.75,,828542,S07,1420.25,1433.75,3,828542,18.5,19.75,-14.25,True,-14.25,
20090713,828546,1,1433.0,,-1,PV2_V7m,1436.75,1439.25,3,828666,3.75,5.0,1.75,True,-12.5,
20090714,829520,1,1425.75,,829640,S07,1444.25,1449.0,3,829640,18.5,19.75,4.0,True,4.0,
20090715,830720,1,1453.75,,830840,S07,1472.25,1490.75,3,830840,18.5,19.75,17.75,True,17.75,
20090716,831941,1,1478.25,,832061,S07,1496.75,1500.75,3,832061,18.5,19.75,3.25,True,3.25,
20090717,833053,-1,1534.5,,833173,S07,1516.0,1515.25,3,833173,18.5,19.75,0.0,True,0.0,
20090720,834211,-1,1548.0,,834331,S07,1529.5,1534.75,3,834331,18.5,19.75,-6.0,True,-6.0,
20090721,835412,-1,1561.25,,835532,S07,1542.75,1538.5,3,835532,18.5,19.75,3.5,True,3.5,
20090722,836600,-1,1567.5,,836720,S07,1549.0,1563.25,3,836720,18.5,19.75,-15.0,True,-15.0,
20090723,837749,1,1545.25,,837869,S07,1563.75,1592.0,3,837869,18.5,19.75,27.5,True,27.5,
20090724,838954,1,1565.75,,839074,S07,1584.25,1587.5,3,839074,18.5,19.75,2.5,True,2.5,
20090727,840089,1,1577.75,,840209,S07,1596.25,1592.25,3,840209,18.5,19.75,-4.75,True,-4.75,
20090728,841180,1,1574.0,,841300,S07,1592.5,1583.75,3,841300,18.5,19.75,-9.5,True,-9.5,
20090729,842179,1,1577.75,,842299,S07,1596.25,1591.25,3,842299,18.5,19.75,-5.75,True,-5.75,
20090730,843359,1,1596.75,,843479,S07,1615.25,1622.25,3,843479,18.5,19.75,6.25,True,6.25,
20090731,844470,1,1593.0,,844590,S07,1611.5,1613.25,3,844590,18.5,19.75,1.0,True,1.0,
20090803,845601,1,1600.75,,845721,S07,1619.25,1612.25,3,845721,18.5,19.75,-7.75,True,-7.75,
20090804,846719,-1,1634.0,,846839,S07,1615.5,1623.0,3,846839,18.5,19.75,-8.25,True,-8.25,
20090805,847838,-1,1642.0,,847958,S07,1623.5,1608.75,3,847958,18.5,19.75,14.0,True,14.0,
20090806,849022,1,1602.75,,849142,S07,1621.25,1602.25,1,849049,18.5,19.75,-19.75,True,-19.75,
20090806,849056,-1,1606.0,,-1,PV2_V7m,1604.0,1606.5,1,849096,2.0,3.25,-3.25,True,-23.0,
20090807,850108,1,1607.0,,850228,S07,1625.5,1624.5,3,850228,18.5,19.75,-1.75,True,-1.75,
20090810,851179,1,1595.0,,851299,S07,1613.5,1610.75,3,851299,18.5,19.75,-3.5,True,-3.5,
20090811,852235,1,1583.75,,852355,S07,1602.25,1587.75,3,852355,18.5,19.75,-15.25,True,-15.25,
20090812,853371,1,1577.75,,853491,S07,1596.25,1622.5,3,853491,18.5,19.75,25.5,True,25.5,
20090813,854518,-1,1647.0,,854638,S07,1628.5,1622.5,3,854638,18.5,19.75,5.25,True,5.25,
20090814,855615,-1,1638.25,,855735,S07,1619.75,1596.5,3,855735,18.5,19.75,22.5,True,22.5,
20090817,856753,-1,1599.0,,856873,S07,1580.5,1570.25,3,856873,18.5,19.75,9.5,True,9.5,
20090818,857947,1,1557.25,,858067,S07,1575.75,1581.25,3,858067,18.5,19.75,4.75,True,4.75,
20090818,858142,1,1583.75,,-1,PV2_V7m,1584.75,1583.25,1,858145,1.0,2.25,-2.25,True,2.5,
20090819,859118,1,1551.25,,859238,S07,1569.75,1579.75,3,859238,18.5,19.75,9.25,True,9.25,
20090820,860302,1,1579.75,,860422,S07,1598.25,1608.75,3,860422,18.5,19.75,9.75,True,9.75,
20090821,861494,-1,1639.0,,861614,S07,1620.5,1639.5,1,861537,18.5,19.75,-19.75,True,-19.75,
20090824,862706,1,1622.0,,862826,S07,1640.5,1645.0,3,862826,18.5,19.75,3.75,True,3.75,
20090825,863887,1,1625.75,,864007,S07,1644.25,1646.5,3,864007,18.5,19.75,1.5,True,1.5,
20090826,865065,1,1619.5,,865185,S07,1638.0,1632.75,3,865185,18.5,19.75,-6.0,True,-6.0,
20090827,866226,-1,1651.0,,866346,S07,1632.5,1620.0,3,866346,18.5,19.75,11.75,True,11.75,
20090828,867367,-1,1678.5,,867487,S07,1660.0,1647.5,3,867487,18.5,19.75,11.75,True,11.75,
20090901,869766,1,1608.0,,869886,S07,1626.5,1607.5,1,869881,18.5,19.75,-19.75,True,-19.75,
20090901,869888,-1,1605.75,,-1,PV2_V7m,1601.75,1606.25,1,869892,4.0,5.25,-5.25,True,-25.0,
20090902,870992,1,1572.0,,871112,S07,1590.5,1599.25,3,871112,18.5,19.75,8.0,True,8.0,
20090903,872125,1,1585.25,,872245,S07,1603.75,1584.75,1,872175,18.5,19.75,-19.75,True,-19.75,
20090904,873208,1,1590.5,,873328,S07,1609.0,1617.75,3,873328,18.5,19.75,8.0,True,8.0,
20090908,875019,1,1637.25,,875139,S07,1655.75,1650.25,3,875139,18.5,19.75,-6.25,True,-6.25,
20090909,876150,-1,1668.0,,876270,S07,1649.5,1668.5,1,876244,18.5,19.75,-19.75,True,-19.75,
20090910,876932,1,1649.75,,877052,S07,1668.25,1671.75,3,877052,18.5,19.75,2.75,True,2.75,
20090911,877985,-1,1699.75,,878105,S07,1681.25,1681.5,3,878105,18.5,19.75,-1.0,True,-1.0,
20090914,879170,1,1659.5,,879290,S07,1678.0,1685.5,3,879290,18.5,19.75,6.75,True,6.75,
20090915,880270,1,1672.25,,880390,S07,1690.75,1693.25,3,880390,18.5,19.75,1.75,True,1.75,
20090916,881439,1,1686.75,,881559,S07,1705.25,1705.0,3,881559,18.5,19.75,-1.0,True,-1.0,
20090917,882638,1,1702.5,,882758,S07,1721.0,1728.75,3,882758,18.5,19.75,7.0,True,7.0,
20090918,883780,1,1709.0,,883900,S07,1727.5,1721.75,3,883900,18.5,19.75,-6.5,True,-6.5,
20090921,884913,1,1697.0,,885033,S07,1715.5,1731.5,3,885033,18.5,19.75,15.25,True,15.25,
20090922,886020,-1,1752.0,,886140,S07,1733.5,1732.75,3,886140,18.5,19.75,0.0,True,0.0,
20090923,887159,1,1719.75,,887279,S07,1738.25,1734.75,3,887279,18.5,19.75,-4.25,True,-4.25,
20090924,888406,1,1714.0,,888526,S07,1732.5,1713.5,1,888440,18.5,19.75,-19.75,True,-19.75,
20090925,889678,-1,1714.75,,889798,S07,1696.25,1698.25,3,889798,18.5,19.75,-2.75,True,-2.75,
20090928,890878,1,1685.75,,890998,S07,1704.25,1729.25,3,890998,18.5,19.75,24.25,True,24.25,
20090929,892066,1,1706.0,,892186,S07,1724.5,1712.5,3,892186,18.5,19.75,-12.75,True,-12.75,
20090930,893173,-1,1740.0,,893293,S07,1721.5,1705.5,3,893293,18.5,19.75,15.25,True,15.25,
20091001,894401,-1,1725.5,,894521,S07,1707.0,1673.5,3,894521,18.5,19.75,32.75,True,32.75,
20091002,895421,1,1639.25,,895541,S07,1657.75,1666.25,3,895541,18.5,19.75,7.75,True,7.75,
20091005,896562,1,1650.5,,896682,S07,1669.0,1673.0,3,896682,18.5,19.75,3.25,True,3.25,
20091006,897748,1,1666.0,,897868,S07,1684.5,1706.75,3,897868,18.5,19.75,21.5,True,21.5,
20091007,898900,1,1682.5,,899020,S07,1701.0,1703.25,3,899020,18.5,19.75,1.5,True,1.5,
20091008,900117,-1,1736.0,,900237,S07,1717.5,1729.25,3,900237,18.5,19.75,-12.5,True,-12.5,
20091009,901304,1,1692.5,,901424,S07,1711.0,1724.0,3,901424,18.5,19.75,12.25,True,12.25,
20091012,902358,1,1714.0,,902478,S07,1732.5,1736.0,3,902478,18.5,19.75,2.75,True,2.75,
20091013,903481,1,1712.0,,903601,S07,1730.5,1727.5,3,903601,18.5,19.75,-3.75,True,-3.75,
20091014,904657,-1,1766.5,,904777,S07,1748.0,1749.0,3,904777,18.5,19.75,-1.75,True,-1.75,
20091015,905795,1,1725.75,,905915,S07,1744.25,1742.5,3,905915,18.5,19.75,-2.5,True,-2.5,
20091016,906948,-1,1757.25,,907068,S07,1738.75,1727.25,3,907068,18.5,19.75,10.75,True,10.75,
20091019,908104,-1,1753.5,,908224,S07,1735.0,1750.5,3,908224,18.5,19.75,-16.25,True,-16.25,
20091019,908227,1,1749.5,,-1,PV2_V7m,1751.0,1754.25,3,908347,1.5,2.75,2.5,True,-13.75,
20091020,909270,-1,1776.25,,909390,S07,1757.75,1756.5,3,909390,18.5,19.75,0.5,True,0.5,
20091021,910404,1,1739.25,,910524,S07,1757.75,1769.75,3,910524,18.5,19.75,11.25,True,11.25,
20091022,911657,-1,1764.25,,911777,S07,1745.75,1746.25,3,911777,18.5,19.75,-1.25,True,-1.25,
20091023,912861,-1,1792.5,,912981,S07,1774.0,1753.5,3,912981,18.5,19.75,19.75,True,19.75,
20091023,913107,-1,1750.25,,-1,PV2_V7m,1749.0,1750.75,1,913109,1.25,2.5,-2.5,True,17.25,
20091026,914007,1,1742.75,,914127,S07,1761.25,1758.25,3,914127,18.5,19.75,-3.75,True,-3.75,
20091027,915164,1,1729.0,,915284,S07,1747.5,1728.5,1,915192,18.5,19.75,-19.75,True,-19.75,
20091027,915197,-1,1731.25,,-1,PV2_V7m,1729.75,1731.75,1,915201,1.5,2.75,-2.75,True,-22.5,
20091028,916334,1,1692.75,,916454,S07,1711.25,1692.25,1,916415,18.5,19.75,-19.75,True,-19.75,
20091028,916421,-1,1700.0,,-1,PV2_V7m,1697.25,1700.5,1,916438,2.75,4.0,-4.0,True,-23.75,
20091029,917510,-1,1712.5,,917630,S07,1694.0,1705.25,3,917630,18.5,19.75,-12.0,True,-12.0,
20091030,918602,1,1687.5,,918722,S07,1706.0,1697.75,3,918722,18.5,19.75,-9.0,True,-9.0,
20091102,919822,1,1650.25,,919942,S07,1668.75,1678.5,3,919942,18.5,19.75,9.0,True,9.0,
20091103,920982,-1,1677.25,,921102,S07,1658.75,1662.25,3,921102,18.5,19.75,-4.25,True,-4.25,
20091104,922119,1,1668.0,,922239,S07,1686.5,1695.5,3,922239,18.5,19.75,8.25,True,8.25,
20091105,923311,-1,1717.0,,923431,S07,1698.5,1717.5,1,923374,18.5,19.75,-19.75,True,-19.75,
20091106,924411,1,1696.25,,924531,S07,1714.75,1723.75,3,924531,18.5,19.75,8.25,True,8.25,
20091109,925545,-1,1760.0,,925665,S07,1741.5,1756.75,3,925665,18.5,19.75,-16.0,True,-16.0,
20091110,926705,1,1748.75,,926825,S07,1767.25,1764.5,3,926825,18.5,19.75,-3.5,True,-3.5,
20091111,927847,1,1765.75,,927967,S07,1784.25,1777.5,3,927967,18.5,19.75,-7.5,True,-7.5,
20091112,929034,-1,1799.5,,929154,S07,1781.0,1777.5,3,929154,18.5,19.75,2.75,True,2.75,
20091113,930178,-1,1794.5,,930298,S07,1776.0,1785.5,3,930298,18.5,19.75,-10.25,True,-10.25,
20091116,931375,-1,1811.75,,931495,S07,1793.25,1810.5,3,931495,18.5,19.75,-18.0,True,-18.0,
20091117,932523,1,1783.0,,932643,S07,1801.5,1799.5,3,932643,18.5,19.75,-2.75,True,-2.75,
20091118,933661,-1,1822.0,,933781,S07,1803.5,1794.75,3,933781,18.5,19.75,8.0,True,8.0,
20091119,934828,-1,1805.25,,934948,S07,1786.75,1764.5,3,934948,18.5,19.75,21.5,True,21.5,
20091120,936003,-1,1780.0,,936123,S07,1761.5,1758.75,3,936123,18.5,19.75,2.0,True,2.0,
20091123,937072,1,1766.25,,937192,S07,1784.75,1793.75,3,937192,18.5,19.75,8.25,True,8.25,
20091124,938152,-1,1806.5,,938272,S07,1788.0,1781.5,3,938272,18.5,19.75,5.75,True,5.75,
20091125,939261,-1,1807.0,,939381,S07,1788.5,1794.0,3,939381,18.5,19.75,-6.25,True,-6.25,
20091126,940353,-1,1763.0,,-1,PV2_V7m,1761.75,1749.75,3,940437,1.25,2.5,11.25,True,11.25,
20091127,941195,1,1732.5,,941315,S07,1751.0,1772.75,3,941315,18.5,19.75,21.0,True,21.0,
20091130,942256,-1,1774.5,,942376,S07,1756.0,1752.5,3,942376,18.5,19.75,2.75,True,2.75,
20091201,943485,1,1767.25,,943605,S07,1785.75,1790.75,3,943605,18.5,19.75,4.25,True,4.25,
20091202,944632,1,1777.25,,944752,S07,1795.75,1798.0,3,944752,18.5,19.75,1.5,True,1.5,
20091203,945806,1,1781.25,,945926,S07,1799.75,1800.75,3,945926,18.5,19.75,0.25,True,0.25,
20091204,946908,-1,1822.5,,947028,S07,1804.0,1796.25,3,947028,18.5,19.75,7.0,True,7.0,
20091207,948059,1,1773.25,,948179,S07,1791.75,1791.0,3,948179,18.5,19.75,-1.5,True,-1.5,
20091208,949166,-1,1788.75,,949286,S07,1770.25,1778.25,3,949286,18.5,19.75,-8.75,True,-8.75,
20091209,950325,-1,1787.75,,950445,S07,1769.25,1776.25,3,950445,18.5,19.75,-7.75,True,-7.75,
20091210,951194,1,1783.25,,951314,S07,1801.75,1805.25,3,951314,18.5,19.75,2.75,True,2.75,
20091211,952182,-1,1823.25,,952302,S07,1804.75,1786.75,3,952302,18.5,19.75,17.25,True,17.25,
20091214,953363,-1,1819.0,,953483,S07,1800.5,1802.75,3,953483,18.5,19.75,-3.0,True,-3.0,
20091215,954447,-1,1818.5,,954567,S07,1800.0,1807.5,3,954567,18.5,19.75,-8.25,True,-8.25,
20091216,955572,1,1787.0,,955692,S07,1805.5,1811.25,3,955692,18.5,19.75,5.0,True,5.0,
20091217,956774,-1,1805.0,,956894,S07,1786.5,1783.5,3,956894,18.5,19.75,2.25,True,2.25,
20091218,957976,-1,1809.25,,958096,S07,1790.75,1790.25,3,958096,18.5,19.75,-0.25,True,-0.25,
20091221,959155,1,1805.25,,959275,S07,1823.75,1830.5,3,959275,18.5,19.75,6.0,True,6.0,
20091222,960241,1,1815.0,,960361,S07,1833.5,1831.25,3,960361,18.5,19.75,-3.0,True,-3.0,
20091223,961309,-1,1860.25,,961429,S07,1841.75,1845.25,3,961429,18.5,19.75,-4.25,True,-4.25,
20091224,962265,1,1837.0,,962385,S07,1855.5,1865.25,3,962385,18.5,19.75,9.0,True,9.0,
20091228,963202,1,1857.5,,963322,S07,1876.0,1877.5,3,963322,18.5,19.75,0.75,True,0.75,
20091229,964214,1,1860.25,,964334,S07,1878.75,1871.25,3,964334,18.5,19.75,-8.25,True,-8.25,
20091230,965274,1,1852.75,,965394,S07,1871.25,1868.75,3,965394,18.5,19.75,-3.25,True,-3.25,
20100104,967353,-1,1899.5,,967473,S07,1881.0,1887.25,3,967473,18.5,19.75,-7.0,True,-7.0,
20100105,968470,1,1868.5,,968590,S07,1887.0,1884.5,3,968590,18.5,19.75,-3.25,True,-3.25,
20100106,969574,1,1869.5,,969694,S07,1888.0,1887.75,3,969694,18.5,19.75,-1.0,True,-1.0,
20100107,970711,1,1861.5,,970831,S07,1880.0,1872.0,3,970831,18.5,19.75,-8.75,True,-8.75,
20100108,971789,1,1855.75,,971909,S07,1874.25,1885.75,3,971909,18.5,19.75,10.75,True,10.75,
20100111,972916,-1,1909.0,,973036,S07,1890.5,1878.5,3,973036,18.5,19.75,11.25,True,11.25,
20100112,974098,1,1855.25,,974218,S07,1873.75,1867.5,3,974218,18.5,19.75,-7.0,True,-7.0,
20100113,975296,1,1851.75,,975416,S07,1870.25,1865.25,3,975416,18.5,19.75,-5.75,True,-5.75,
20100114,976414,1,1862.25,,976534,S07,1880.75,1882.5,3,976534,18.5,19.75,1.0,True,1.0,
20100115,977586,1,1872.25,,977706,S07,1890.75,1871.75,1,977614,18.5,19.75,-19.75,True,-19.75,
20100115,977615,-1,1879.0,,-1,PV2_V7m,1874.0,1863.0,3,977735,5.0,6.25,10.25,True,-9.5,
20100119,979587,1,1854.25,,979707,S07,1872.75,1888.25,3,979707,18.5,19.75,14.75,True,14.75,
20100120,980791,-1,1892.25,,980911,S07,1873.75,1853.75,3,980911,18.5,19.75,19.25,True,19.25,
20100121,982020,1,1861.75,,982140,S07,1880.25,1861.25,1,982073,18.5,19.75,-19.75,True,-19.75,
20100121,982085,-1,1855.25,,-1,PV2_V7m,1852.0,1855.75,1,982087,3.25,4.5,-4.5,True,-24.25,
20100122,983256,-1,1859.25,,983376,S07,1840.75,1835.25,3,983376,18.5,19.75,4.75,True,4.75,
20100125,984436,-1,1821.25,,984556,S07,1802.75,1797.5,3,984556,18.5,19.75,4.5,True,4.5,
20100126,985755,-1,1811.5,,985875,S07,1793.0,1810.5,3,985875,18.5,19.75,-18.25,True,-18.25,
20100127,987045,1,1785.5,,987165,S07,1804.0,1802.5,3,987165,18.5,19.75,-2.25,True,-2.25,
20100128,988321,-1,1814.0,,988441,S07,1795.5,1764.0,3,988441,18.5,19.75,30.75,True,30.75,
20100129,989631,-1,1801.0,,989751,S07,1782.5,1757.0,3,989751,18.5,19.75,24.75,True,24.75,
20100201,990859,1,1728.5,,990979,S07,1747.0,1750.5,3,990979,18.5,19.75,2.75,True,2.75,
20100202,992047,-1,1774.25,,992167,S07,1755.75,1764.0,3,992167,18.5,19.75,-9.0,True,-9.0,
20100203,993236,-1,1782.75,,993356,S07,1764.25,1776.75,3,993356,18.5,19.75,-13.25,True,-13.25,
20100204,994449,-1,1785.0,,994569,S07,1766.5,1747.5,3,994569,18.5,19.75,18.25,True,18.25,
20100205,995655,1,1719.75,,995775,S07,1738.25,1732.5,3,995775,18.5,19.75,-6.5,True,-6.5,
20100208,996873,-1,1759.5,,996993,S07,1741.0,1749.25,3,996993,18.5,19.75,-9.0,True,-9.0,
20100209,998093,1,1737.0,,998213,S07,1755.5,1736.5,1,998190,18.5,19.75,-19.75,True,-19.75,
20100210,999310,1,1734.75,,999430,S07,1753.25,1747.0,3,999430,18.5,19.75,-7.0,True,-7.0,
20100211,1000495,-1,1760.75,,1000615,S07,1742.25,1761.25,1,1000606,18.5,19.75,-19.75,True,-19.75,
20100211,1000612,1,1760.25,,-1,PV2_V7m,1762.0,1776.25,3,1000732,1.75,3.0,13.5,True,-6.25,
20100212,1001688,-1,1777.0,,1001808,S07,1758.5,1763.0,3,1001808,18.5,19.75,-5.25,True,-5.25,
20100216,1003478,-1,1809.0,,1003598,S07,1790.5,1796.25,3,1003598,18.5,19.75,-6.5,True,-6.5,
20100217,1004616,1,1788.75,,1004736,S07,1807.25,1798.75,3,1004736,18.5,19.75,-9.25,True,-9.25,
20100218,1005769,-1,1826.25,,1005889,S07,1807.75,1813.5,3,1005889,18.5,19.75,-6.5,True,-6.5,
20100219,1007061,-1,1835.75,,1007181,S07,1817.25,1825.25,3,1007181,18.5,19.75,-8.75,True,-8.75,
20100222,1008188,-1,1844.0,,1008308,S07,1825.5,1812.75,3,1008308,18.5,19.75,12.0,True,12.0,
20100223,1009328,1,1797.75,,1009448,S07,1816.25,1797.25,1,1009369,18.5,19.75,-19.75,True,-19.75,
20100224,1010537,1,1789.0,,1010657,S07,1807.5,1812.75,3,1010657,18.5,19.75,4.5,True,4.5,
20100225,1011769,-1,1804.75,,1011889,S07,1786.25,1784.75,3,1011889,18.5,19.75,0.75,True,0.75,
20100226,1012980,-1,1827.0,,1013100,S07,1808.5,1818.25,3,1013100,18.5,19.75,-10.5,True,-10.5,
20100301,1014138,1,1812.75,,1014258,S07,1831.25,1842.75,3,1014258,18.5,19.75,10.75,True,10.75,
20100302,1015285,1,1837.0,,1015405,S07,1855.5,1855.75,3,1015405,18.5,19.75,-0.5,True,-0.5,
20100303,1016370,1,1835.75,,1016490,S07,1854.25,1860.25,3,1016490,18.5,19.75,5.25,True,5.25,
20100304,1017472,-1,1871.75,,1017592,S07,1853.25,1851.75,3,1017592,18.5,19.75,0.75,True,0.75,
20100305,1018543,1,1852.75,,1018663,S07,1871.25,1884.0,3,1018663,18.5,19.75,12.0,True,12.0,
20100308,1019661,1,1870.25,,1019781,S07,1888.75,1888.25,3,1019781,18.5,19.75,-1.25,True,-1.25,
20100309,1020707,1,1871.25,,1020827,S07,1889.75,1904.0,3,1020827,18.5,19.75,13.5,True,13.5,
20100310,1021756,1,1888.75,,1021876,S07,1907.25,1919.25,3,1021876,18.5,19.75,11.25,True,11.25,
20100311,1022456,-1,1926.75,,1022576,S07,1908.25,1913.75,3,1022576,18.5,19.75,-6.25,True,-6.25,
20100312,1023500,-1,1942.75,,1023620,S07,1924.25,1923.0,3,1023620,18.5,19.75,0.5,True,0.5,
20100315,1024505,-1,1933.75,,1024625,S07,1915.25,1906.25,3,1024625,18.5,19.75,8.25,True,8.25,
20100316,1025489,-1,1938.5,,1025593,S07,1920.0,1927.5,4,1025576,18.5,19.75,-8.25,True,-8.25,
20100317,1026506,1,1915.25,,1026626,S07,1933.75,1938.0,3,1026626,18.5,19.75,3.5,True,3.5,
20100318,1027578,1,1917.5,,1027698,S07,1936.0,1938.75,3,1027698,18.5,19.75,2.0,True,2.0,
20100319,1028623,-1,1963.0,,1028743,S07,1944.5,1927.5,3,1028743,18.5,19.75,16.25,True,16.25,
20100322,1029774,1,1904.5,,1029894,S07,1923.0,1942.25,3,1029894,18.5,19.75,18.5,True,18.5,
20100323,1030793,-1,1965.5,,1030913,S07,1947.0,1945.75,3,1030913,18.5,19.75,0.5,True,0.5,
20100324,1031837,-1,1972.75,,1031957,S07,1954.25,1948.0,3,1031957,18.5,19.75,5.5,True,5.5,
20100325,1032854,1,1948.0,,1032974,S07,1966.5,1972.5,3,1032974,18.5,19.75,5.25,True,5.25,
20100326,1034040,1,1939.5,,1034160,S07,1958.0,1958.25,3,1034160,18.5,19.75,-0.5,True,-0.5,
20100329,1035111,1,1943.25,,1035231,S07,1961.75,1964.5,3,1035231,18.5,19.75,2.0,True,2.0,
20100330,1036234,1,1948.0,,1036354,S07,1966.5,1956.0,3,1036354,18.5,19.75,-11.25,True,-11.25,
20100331,1037263,1,1942.0,,1037383,S07,1960.5,1963.25,3,1037383,18.5,19.75,2.0,True,2.0,
20100401,1038402,1,1951.25,,1038522,S07,1969.75,1963.5,3,1038522,18.5,19.75,-7.0,True,-7.0,
20100405,1039687,-1,1976.75,,1039807,S07,1958.25,1977.25,1,1039766,18.5,19.75,-19.75,True,-19.75,
20100406,1040754,-1,1984.75,,1040874,S07,1966.25,1974.5,3,1040874,18.5,19.75,-9.0,True,-9.0,
20100407,1041772,-1,1994.25,,1041892,S07,1975.75,1979.0,3,1041892,18.5,19.75,-4.0,True,-4.0,
20100407,1042113,-1,1968.25,,-1,PV2_V7m,1966.0,1968.75,1,1042118,2.25,3.5,-3.5,True,-7.5,
20100408,1042861,-1,1985.0,,1042981,S07,1966.5,1966.75,3,1042981,18.5,19.75,-1.0,True,-1.0,
20100409,1043883,-1,1998.75,,1044003,S07,1980.25,1984.5,3,1044003,18.5,19.75,-5.0,True,-5.0,
20100412,1045034,1,1974.0,,1045154,S07,1992.5,1992.5,3,1045154,18.5,19.75,-0.75,True,-0.75,
20100414,1047249,-1,2029.25,,1047369,S07,2010.75,2015.75,3,1047369,18.5,19.75,-5.75,True,-5.75,
20100415,1048395,1,2030.5,,-1,PV2_V7m,2031.0,2030.0,1,1048398,0.5,1.75,-1.75,True,-1.75,
20100416,1049547,1,2012.0,,1049667,S07,2030.5,2014.25,3,1049667,18.5,19.75,-17.0,True,-17.0,
20100419,1050650,1,1989.5,,1050770,S07,2008.0,2001.0,3,1050770,18.5,19.75,-7.75,True,-7.75,
20100420,1051770,1,2002.5,,1051890,S07,2021.0,2017.0,3,1051890,18.5,19.75,-4.75,True,-4.75,
20100421,1052966,-1,2050.25,,1053086,S07,2031.75,2020.75,3,1053086,18.5,19.75,10.25,True,10.25,
20100422,1054146,-1,2026.75,,1054266,S07,2008.25,2011.25,3,1054266,18.5,19.75,-3.75,True,-3.75,
20100422,1054501,1,2041.5,,-1,PV2_V7m,2042.25,2041.0,1,1054505,0.75,2.0,-2.0,True,-5.75,
20100423,1055328,-1,2059.75,,1055448,S07,2041.25,2036.0,3,1055448,18.5,19.75,4.5,True,4.5,
20100426,1056207,1,2035.75,,1056327,S07,2054.25,2049.25,3,1056327,18.5,19.75,-5.75,True,-5.75,
20100427,1057326,1,2022.25,,1057446,S07,2040.75,2021.75,1,1057440,18.5,19.75,-19.75,True,-19.75,
20100428,1058539,-1,2027.75,,1058659,S07,2009.25,1997.5,3,1058659,18.5,19.75,11.0,True,11.0,
20100429,1059699,1,1999.5,,1059819,S07,2018.0,2032.25,3,1059819,18.5,19.75,13.5,True,13.5,
20100430,1060879,-1,2055.25,,1060999,S07,2036.75,2025.75,3,1060999,18.5,19.75,10.25,True,10.25,
20100503,1062065,1,1991.0,,1062185,S07,2009.5,2019.25,3,1062185,18.5,19.75,9.0,True,9.0,
20100504,1063171,-1,2004.25,,1063291,S07,1985.75,1965.75,3,1063291,18.5,19.75,19.25,True,19.25,
20100505,1064311,-1,1959.25,,1064431,S07,1940.75,1959.75,1,1064386,18.5,19.75,-19.75,True,-19.75,
20100506,1065457,1,1931.25,,1065577,S07,1949.75,1939.5,3,1065577,18.5,19.75,-11.0,True,-11.0,
20100507,1066805,-1,1888.75,,1066925,S07,1870.25,1889.25,1,1066810,18.5,19.75,-19.75,True,-19.75,
20100510,1068125,1,1909.0,,1068245,S07,1927.5,1931.5,3,1068245,18.5,19.75,3.25,True,3.25,
20100511,1069392,1,1904.0,,1069512,S07,1922.5,1944.75,3,1069512,18.5,19.75,21.5,True,21.5,
20100512,1070685,-1,1963.75,,1070805,S07,1945.25,1964.25,1,1070742,18.5,19.75,-19.75,True,-19.75,
20100513,1071913,-1,1986.0,,1072033,S07,1967.5,1970.25,3,1072033,18.5,19.75,-3.5,True,-3.5,
20100514,1073095,-1,1945.75,,1073215,S07,1927.25,1895.5,3,1073215,18.5,19.75,31.0,True,31.0,
20100517,1074407,1,1894.25,,1074527,S07,1912.75,1893.75,1,1074513,18.5,19.75,-19.75,True,-19.75,
20100518,1075644,-1,1946.0,,1075764,S07,1927.5,1907.75,3,1075764,18.5,19.75,19.0,True,19.0,
20100519,1076942,1,1866.0,,1077062,S07,1884.5,1865.5,1,1076987,18.5,19.75,-19.75,True,-19.75,
20100520,1078192,1,1816.75,,1078312,S07,1835.25,1816.25,1,1078239,18.5,19.75,-19.75,True,-19.75,
20100521,1079532,-1,1791.5,,1079652,S07,1773.0,1792.0,1,1079539,18.5,19.75,-19.75,True,-19.75,
20100524,1080817,1,1808.5,,1080937,S07,1827.0,1827.5,3,1080937,18.5,19.75,-0.25,True,-0.25,
20100525,1082146,1,1754.75,,1082266,S07,1773.25,1754.25,1,1082155,18.5,19.75,-19.75,True,-19.75,
20100526,1083464,1,1816.5,,1083584,S07,1835.0,1830.0,3,1083584,18.5,19.75,-5.75,True,-5.75,
20100527,1084801,1,1820.0,,1084921,S07,1838.5,1842.5,3,1084921,18.5,19.75,3.25,True,3.25,
20100528,1086126,-1,1880.5,,1086246,S07,1862.0,1848.25,3,1086246,18.5,19.75,13.0,True,13.0,
20100601,1088186,-1,1859.75,,1088306,S07,1841.25,1860.25,1,1088215,18.5,19.75,-19.75,True,-19.75,
20100602,1089473,-1,1860.25,,1089593,S07,1841.75,1853.5,3,1089593,18.5,19.75,-12.5,True,-12.5,
20100603,1090770,1,1869.25,,1090890,S07,1887.75,1885.5,3,1090890,18.5,19.75,-3.0,True,-3.0,
20100604,1091980,1,1843.5,,1092100,S07,1862.0,1862.75,3,1092100,18.5,19.75,0.0,True,0.0,
20100604,1092300,-1,1837.0,,-1,PV2_V7m,1832.5,1837.5,1,1092309,4.5,5.75,-5.75,True,-5.75,
20100607,1093303,-1,1858.0,,1093423,S07,1839.5,1819.0,3,1093423,18.5,19.75,19.75,True,19.75,
20100608,1094597,-1,1820.0,,1094717,S07,1801.5,1794.0,3,1094717,18.5,19.75,6.75,True,6.75,
20100609,1095866,1,1788.5,,1095986,S07,1807.0,1821.0,3,1095986,18.5,19.75,13.25,True,13.25,
20100610,1096683,1,1785.5,,1096803,S07,1804.0,1812.75,3,1096803,18.5,19.75,8.0,True,8.0,
20100611,1097834,1,1795.0,,1097954,S07,1813.5,1827.5,3,1097954,18.5,19.75,13.25,True,13.25,
20100614,1099023,1,1844.25,,1099143,S07,1862.75,1871.5,3,1099143,18.5,19.75,8.0,True,8.0,
20100615,1100169,1,1840.25,,1100289,S07,1858.75,1870.0,3,1100289,18.5,19.75,10.5,True,10.5,
20100616,1101347,1,1872.0,,1101467,S07,1890.5,1901.5,3,1101467,18.5,19.75,10.25,True,10.25,
20100617,1102561,-1,1931.75,,1102681,S07,1913.25,1904.75,3,1102681,18.5,19.75,7.75,True,7.75,
20100618,1103715,-1,1928.25,,1103835,S07,1909.75,1916.75,3,1103835,18.5,19.75,-7.75,True,-7.75,
20100621,1104986,-1,1952.25,,1105106,S07,1933.75,1925.0,3,1105106,18.5,19.75,8.0,True,8.0,
20100621,1105337,-1,1892.0,,-1,PV2_V7m,1891.25,1892.5,1,1105338,0.75,2.0,-2.0,True,6.0,
20100622,1106220,1,1885.25,,1106340,S07,1903.75,1911.5,3,1106340,18.5,19.75,7.0,True,7.0,
20100623,1107418,-1,1895.0,,1107538,S07,1876.5,1869.0,3,1107538,18.5,19.75,6.75,True,6.75,
20100624,1108667,1,1847.5,,1108787,S07,1866.0,1847.0,1,1108749,18.5,19.75,-19.75,True,-19.75,
20100625,1109909,-1,1863.0,,1110029,S07,1844.5,1838.75,3,1110029,18.5,19.75,5.0,True,5.0,
20100628,1110800,-1,1854.25,,1110920,S07,1835.75,1847.75,3,1110920,18.5,19.75,-12.75,True,-12.75,
20100629,1112071,-1,1820.0,,1112191,S07,1801.5,1781.5,3,1112191,18.5,19.75,19.25,True,19.25,
20100630,1113362,-1,1775.75,,1113482,S07,1757.25,1773.0,3,1113482,18.5,19.75,-16.5,True,-16.5,
20100701,1114665,1,1721.5,,1114785,S07,1740.0,1721.0,1,1114693,18.5,19.75,-19.75,True,-19.75,
20100702,1115875,1,1717.75,,1115995,S07,1736.25,1726.25,3,1115995,18.5,19.75,-10.75,True,-10.75,
20100706,1117987,-1,1770.5,,1118107,S07,1752.0,1753.0,3,1118107,18.5,19.75,-1.75,True,-1.75,
20100707,1119234,1,1720.25,,1119354,S07,1738.75,1759.0,3,1119354,18.5,19.75,19.5,True,19.5,
20100708,1120493,-1,1816.0,,1120613,S07,1797.5,1786.75,3,1120613,18.5,19.75,10.0,True,10.0,
20100709,1121499,-1,1811.25,,1121619,S07,1792.75,1801.25,3,1121619,18.5,19.75,-9.25,True,-9.25,
20100712,1122648,1,1796.5,,1122768,S07,1815.0,1810.0,3,1122768,18.5,19.75,-5.75,True,-5.75,
20100713,1123887,-1,1849.25,,1124007,S07,1830.75,1838.5,3,1124007,18.5,19.75,-8.5,True,-8.5,
20100714,1125120,1,1829.25,,1125240,S07,1847.75,1857.5,3,1125240,18.5,19.75,9.0,True,9.0,
20100715,1126345,-1,1864.25,,1126465,S07,1845.75,1837.75,3,1126465,18.5,19.75,7.25,True,7.25,
20100716,1127577,-1,1862.0,,1127697,S07,1843.5,1819.75,3,1127697,18.5,19.75,23.0,True,23.0,
20100719,1128771,1,1792.75,,1128891,S07,1811.25,1792.25,1,1128853,18.5,19.75,-19.75,True,-19.75,
20100720,1130063,-1,1806.75,,1130183,S07,1788.25,1807.25,1,1130168,18.5,19.75,-19.75,True,-19.75,
20100721,1131313,-1,1870.5,,1131433,S07,1852.0,1830.0,3,1131433,18.5,19.75,21.25,True,21.25,
20100722,1132558,1,1825.25,,1132678,S07,1843.75,1864.25,3,1132678,18.5,19.75,19.75,True,19.75,
20100723,1133771,-1,1868.5,,1133891,S07,1850.0,1856.0,3,1133891,18.5,19.75,-6.75,True,-6.75,
20100726,1134920,-1,1889.5,,1135040,S07,1871.0,1883.0,3,1135040,18.5,19.75,-12.75,True,-12.75,
20100727,1136061,-1,1915.25,,1136181,S07,1896.75,1882.5,3,1136181,18.5,19.75,13.5,True,13.5,
20100728,1137208,1,1870.25,,1137328,S07,1888.75,1879.25,3,1137328,18.5,19.75,-10.25,True,-10.25,
20100729,1138383,-1,1900.5,,1138503,S07,1882.0,1847.25,3,1138503,18.5,19.75,34.0,True,34.0,
20100730,1139618,-1,1859.25,,1139738,S07,1840.75,1859.75,1,1139687,18.5,19.75,-19.75,True,-19.75,
20100802,1140833,-1,1899.5,,1140953,S07,1881.0,1900.0,1,1140952,18.5,19.75,-19.75,True,-19.75,
20100803,1141970,-1,1913.25,,1142090,S07,1894.75,1892.25,3,1142090,18.5,19.75,1.75,True,1.75,
20100804,1143105,1,1882.75,,1143225,S07,1901.25,1901.5,3,1143225,18.5,19.75,-0.5,True,-0.5,
20100805,1144217,-1,1915.5,,1144337,S07,1897.0,1898.25,3,1144337,18.5,19.75,-2.0,True,-2.0,
20100806,1145241,1,1869.25,,1145361,S07,1887.75,1879.5,3,1145361,18.5,19.75,-9.0,True,-9.0,
20100809,1146401,-1,1928.5,,1146521,S07,1910.0,1911.75,3,1146521,18.5,19.75,-2.5,True,-2.5,
20100810,1147544,-1,1916.0,,1147664,S07,1897.5,1892.25,3,1147664,18.5,19.75,4.5,True,4.5,
20100811,1148765,-1,1871.5,,1148885,S07,1853.0,1843.75,3,1148885,18.5,19.75,8.5,True,8.5,
20100812,1150080,1,1796.25,,1150200,S07,1814.75,1835.5,3,1150200,18.5,19.75,20.0,True,20.0,
20100813,1151290,1,1810.0,,1151410,S07,1828.5,1818.75,3,1151410,18.5,19.75,-10.5,True,-10.5,
20100816,1152525,-1,1824.25,,1152643,S07,1805.75,1820.5,4,1152556,18.5,19.75,-15.5,True,-15.5,
20100817,1153733,1,1819.0,,1153853,S07,1837.5,1853.0,3,1153853,18.5,19.75,14.75,True,14.75,
20100818,1154948,-1,1856.0,,1155068,S07,1837.5,1846.25,3,1155068,18.5,19.75,-9.5,True,-9.5,
20100819,1156177,-1,1858.25,,1156297,S07,1839.75,1821.0,3,1156297,18.5,19.75,18.0,True,18.0,
20100820,1157393,-1,1836.0,,1157513,S07,1817.5,1815.0,3,1157513,18.5,19.75,1.75,True,1.75,
20100823,1158628,-1,1852.75,,1158748,S07,1834.25,1814.0,3,1158748,18.5,19.75,19.5,True,19.5,
20100824,1159850,-1,1799.75,,1159970,S07,1781.25,1786.75,3,1159970,18.5,19.75,-6.25,True,-6.25,
20100825,1161050,1,1748.0,,1161170,S07,1766.5,1777.0,3,1161170,18.5,19.75,9.75,True,9.75,
20100826,1162197,-1,1814.25,,1162317,S07,1795.75,1786.0,3,1162317,18.5,19.75,9.0,True,9.0,
20100827,1163396,-1,1796.0,,1163516,S07,1777.5,1785.0,3,1163516,18.5,19.75,-8.25,True,-8.25,
20100830,1164575,-1,1801.75,,1164695,S07,1783.25,1789.5,3,1164695,18.5,19.75,-7.0,True,-7.0,
20100831,1165749,-1,1780.5,,1165869,S07,1762.0,1781.0,1,1165786,18.5,19.75,-19.75,True,-19.75,
20100901,1166964,1,1780.75,,1167084,S07,1799.25,1824.5,3,1167084,18.5,19.75,24.5,True,24.5,
20100902,1168160,1,1802.5,,1168280,S07,1821.0,1830.75,3,1168280,18.5,19.75,9.0,True,9.0,
20100903,1169282,1,1841.75,,1169402,S07,1860.25,1857.0,3,1169402,18.5,19.75,-4.0,True,-4.0,
20100907,1171163,1,1844.0,,1171283,S07,1862.5,1862.5,3,1171283,18.5,19.75,-0.75,True,-0.75,
20100908,1172324,1,1847.25,,1172444,S07,1865.75,1881.25,3,1172444,18.5,19.75,14.75,True,14.75,
20100909,1172992,-1,1909.5,,1173112,S07,1891.0,1893.0,3,1173112,18.5,19.75,-2.75,True,-2.75,
20100910,1174131,-1,1901.25,,1174251,S07,1882.75,1886.25,3,1174251,18.5,19.75,-4.25,True,-4.25,
20100913,1175300,1,1888.75,,1175420,S07,1907.25,1919.0,3,1175420,18.5,19.75,11.0,True,11.0,
20100914,1176431,1,1898.5,,1176551,S07,1917.0,1929.0,3,1176551,18.5,19.75,11.25,True,11.25,
20100915,1177631,-1,1938.0,,1177751,S07,1919.5,1927.0,3,1177751,18.5,19.75,-8.25,True,-8.25,
20100915,1177987,1,1937.75,,-1,PV2_V7m,1938.5,1937.25,1,1177998,0.75,2.0,-2.0,True,-10.25,
20100916,1178823,1,1918.75,,1178943,S07,1937.25,1932.75,3,1178943,18.5,19.75,-5.25,True,-5.25,
20100917,1180053,-1,1974.25,,1180173,S07,1955.75,1951.5,3,1180173,18.5,19.75,3.5,True,3.5,
20100920,1181245,-1,1977.25,,1181365,S07,1958.75,1977.75,1,1181291,18.5,19.75,-19.75,True,-19.75,
20100920,1181298,1,1976.75,,-1,PV2_V7m,1977.25,1976.25,1,1181301,0.5,1.75,-1.75,True,-21.5,
20100921,1182370,-1,2004.25,,1182490,S07,1985.75,1983.5,3,1182490,18.5,19.75,1.5,True,1.5,
20100922,1183608,1,1961.5,,1183728,S07,1980.0,1973.75,3,1183728,18.5,19.75,-7.0,True,-7.0,
20100923,1184715,1,1950.5,,1184835,S07,1969.0,1999.0,3,1184835,18.5,19.75,29.25,True,29.25,
20100924,1185936,-1,2019.75,,1186056,S07,2001.25,2020.25,1,1186037,18.5,19.75,-19.75,True,-19.75,
20100927,1187124,-1,2034.5,,1187244,S07,2016.0,2014.75,3,1187244,18.5,19.75,0.5,True,0.5,
20100928,1188256,-1,2026.0,,1188376,S07,2007.5,2009.25,3,1188376,18.5,19.75,-2.5,True,-2.5,
20100929,1189424,1,1988.75,,1189544,S07,2007.25,2008.5,3,1189544,18.5,19.75,0.5,True,0.5,
20100930,1190425,1,2004.75,,1190545,S07,2023.25,2004.25,1,1190509,18.5,19.75,-19.75,True,-19.75,
20101001,1191614,-1,2029.75,,1191734,S07,2011.25,1990.25,3,1191734,18.5,19.75,20.25,True,20.25,
20101004,1192803,-1,2007.5,,1192923,S07,1989.0,1968.25,3,1192923,18.5,19.75,20.0,True,20.0,
20101005,1194010,1,1982.25,,1194130,S07,2000.75,2014.5,3,1194130,18.5,19.75,13.0,True,13.0,
20101006,1195216,1,2000.25,,1195336,S07,2018.75,2010.0,3,1195336,18.5,19.75,-9.5,True,-9.5,
20101007,1196340,-1,2031.0,,1196460,S07,2012.5,2009.0,3,1196460,18.5,19.75,2.75,True,2.75,
20101008,1197466,1,1994.5,,1197586,S07,2013.0,2023.5,3,1197586,18.5,19.75,9.75,True,9.75,
20101008,1197662,1,2026.0,,-1,PV2_V7m,2027.0,2025.5,1,1197663,1.0,2.25,-2.25,True,7.5,
20101011,1198572,-1,2043.25,,1198692,S07,2024.75,2030.0,3,1198692,18.5,19.75,-6.0,True,-6.0,
20101012,1199786,-1,2038.5,,1199906,S07,2020.0,2031.25,3,1199906,18.5,19.75,-12.0,True,-12.0,
20101013,1200996,-1,2067.5,,1201116,S07,2049.0,2058.75,3,1201116,18.5,19.75,-10.5,True,-10.5,
20101014,1202216,1,2037.5,,1202336,S07,2056.0,2053.25,3,1202336,18.5,19.75,-3.5,True,-3.5,
20101015,1203460,1,2056.25,,1203580,S07,2074.75,2080.25,3,1203580,18.5,19.75,4.75,True,4.75,
20101018,1204684,-1,2110.75,,1204804,S07,2092.25,2093.0,3,1204804,18.5,19.75,-1.5,True,-1.5,
20101019,1205961,-1,2081.5,,1206081,S07,2063.0,2082.0,1,1206020,18.5,19.75,-19.75,True,-19.75,
20101020,1207191,1,2061.0,,1207311,S07,2079.5,2091.25,3,1207311,18.5,19.75,11.0,True,11.0,
20101021,1208428,-1,2112.5,,1208548,S07,2094.0,2096.5,3,1208548,18.5,19.75,-3.25,True,-3.25,
20101022,1209546,-1,2103.5,,1209666,S07,2085.0,2097.5,3,1209666,18.5,19.75,-13.25,True,-13.25,
20101025,1210778,1,2096.25,,1210898,S07,2114.75,2117.5,3,1210898,18.5,19.75,2.0,True,2.0,
20101026,1211967,-1,2114.5,,1212087,S07,2096.0,2115.0,1,1212054,18.5,19.75,-19.75,True,-19.75,
20101027,1213230,1,2094.25,,1213350,S07,2112.75,2105.75,3,1213350,18.5,19.75,-7.75,True,-7.75,
20101028,1214425,-1,2147.75,,1214545,S07,2129.25,2119.75,3,1214545,18.5,19.75,8.75,True,8.75,
20101029,1215637,-1,2144.75,,1215757,S07,2126.25,2125.5,3,1215757,18.5,19.75,0.0,True,0.0,
20101101,1216833,1,2113.75,,1216953,S07,2132.25,2122.75,3,1216953,18.5,19.75,-10.25,True,-10.25,
20101102,1217971,1,2126.75,,1218091,S07,2145.25,2144.5,3,1218091,18.5,19.75,-1.5,True,-1.5,
20101103,1219159,-1,2167.75,,1219279,S07,2149.25,2138.25,3,1219279,18.5,19.75,10.25,True,10.25,
20101104,1220298,1,2165.0,,1220418,S07,2183.5,2185.5,3,1220418,18.5,19.75,1.25,True,1.25,
20101105,1221447,-1,2201.5,,1221567,S07,2183.0,2183.75,3,1221567,18.5,19.75,-1.5,True,-1.5,
20101108,1222605,1,2160.75,,1222725,S07,2179.25,2185.5,3,1222725,18.5,19.75,5.5,True,5.5,
20101109,1223769,-1,2209.75,,1223889,S07,2191.25,2186.5,3,1223889,18.5,19.75,4.0,True,4.0,
20101110,1225012,-1,2192.5,,1225132,S07,2174.0,2172.5,3,1225132,18.5,19.75,0.75,True,0.75,
20101111,1226271,-1,2164.5,,1226391,S07,2146.0,2165.0,1,1226323,18.5,19.75,-19.75,True,-19.75,
20101112,1227582,1,2145.75,,1227702,S07,2164.25,2145.25,1,1227665,18.5,19.75,-19.75,True,-19.75,
20101115,1228831,-1,2162.25,,1228951,S07,2143.75,2134.5,3,1228951,18.5,19.75,8.5,True,8.5,
20101116,1230132,1,2094.75,,1230252,S07,2113.25,2094.25,1,1230229,18.5,19.75,-19.75,True,-19.75,
20101116,1230234,-1,2098.25,,-1,PV2_V7m,2094.5,2098.75,1,1230297,3.75,5.0,-5.0,True,-24.75,
20101117,1231342,-1,2111.5,,1231462,S07,2093.0,2105.75,3,1231462,18.5,19.75,-13.5,True,-13.5,
20101118,1232604,1,2108.25,,1232724,S07,2126.75,2140.0,3,1232724,18.5,19.75,12.5,True,12.5,
20101119,1233891,1,2111.25,,1234011,S07,2129.75,2130.25,3,1234011,18.5,19.75,-0.25,True,-0.25,
20101122,1235058,-1,2143.5,,1235178,S07,2125.0,2144.0,1,1235079,18.5,19.75,-19.75,True,-19.75,
20101122,1235092,1,2146.0,,-1,PV2_V7m,2147.5,2145.5,1,1235095,1.5,2.75,-2.75,True,-22.5,
20101123,1236340,-1,2146.5,,1236460,S07,2128.0,2108.0,3,1236460,18.5,19.75,19.25,True,19.25,
20101124,1237569,1,2127.0,,1237689,S07,2145.5,2160.5,3,1237689,18.5,19.75,14.25,True,14.25,
20101126,1239533,-1,2163.0,,1239653,S07,2144.5,2154.0,3,1239653,18.5,19.75,-10.25,True,-10.25,
20101129,1240600,-1,2156.0,,1240720,S07,2137.5,2124.75,3,1240720,18.5,19.75,12.0,True,12.0,
20101130,1241858,-1,2138.75,,1241978,S07,2120.25,2117.5,3,1241978,18.5,19.75,2.0,True,2.0,
20101201,1243109,1,2140.5,,1243229,S07,2159.0,2165.0,3,1243229,18.5,19.75,5.25,True,5.25,
20101202,1244289,1,2149.25,,1244409,S07,2167.75,2180.0,3,1244409,18.5,19.75,11.5,True,11.5,
20101203,1245432,1,2163.5,,1245552,S07,2182.0,2182.5,3,1245552,18.5,19.75,-0.25,True,-0.25,
20101206,1246627,1,2173.25,,1246747,S07,2191.75,2185.5,3,1246747,18.5,19.75,-7.0,True,-7.0,
20101207,1247844,-1,2230.0,,1247964,S07,2211.5,2203.25,3,1247964,18.5,19.75,7.5,True,7.5,
20101208,1249082,1,2181.5,,1249202,S07,2200.0,2190.75,3,1249202,18.5,19.75,-10.0,True,-10.0,
20101209,1249928,-1,2226.75,,1250048,S07,2208.25,2198.0,3,1250048,18.5,19.75,9.5,True,9.5,
20101210,1251055,-1,2221.5,,1251175,S07,2203.0,2204.75,3,1251175,18.5,19.75,-2.5,True,-2.5,
20101213,1252173,-1,2239.25,,1252293,S07,2220.75,2218.5,3,1252293,18.5,19.75,1.5,True,1.5,
20101214,1253312,1,2192.25,,1253432,S07,2210.75,2216.25,3,1253432,18.5,19.75,4.75,True,4.75,
20101215,1254476,1,2191.5,,1254596,S07,2210.0,2215.0,3,1254596,18.5,19.75,4.25,True,4.25,
20101215,1254779,-1,2199.75,,-1,PV2_V7m,2198.5,2200.25,1,1254781,1.25,2.5,-2.5,True,1.75,
20101216,1255627,-1,2222.0,,1255747,S07,2203.5,2218.5,3,1255747,18.5,19.75,-15.75,True,-15.75,
20101217,1256748,-1,2238.75,,1256868,S07,2220.25,2221.5,3,1256868,18.5,19.75,-2.0,True,-2.0,
20101221,1258973,1,2211.25,,1259093,S07,2229.75,2231.0,3,1259093,18.5,19.75,0.5,True,0.5,
20101222,1260020,-1,2251.5,,1260140,S07,2233.0,2234.75,3,1260140,18.5,19.75,-2.5,True,-2.5,
20101223,1261000,-1,2248.75,,1261120,S07,2230.25,2228.75,3,1261120,18.5,19.75,0.75,True,0.75,
20101227,1262087,-1,2209.75,,-1,PV2_V7m,2208.5,2210.25,1,1262094,1.25,2.5,-2.5,True,-2.5,
20101228,1263041,-1,2251.25,,1263161,S07,2232.75,2225.5,3,1263161,18.5,19.75,6.5,True,6.5,
20101228,1263193,-1,2224.0,,-1,PV2_V7m,2222.75,2224.5,1,1263218,1.25,2.5,-2.5,True,4.0,
20101229,1264017,1,2213.5,,1264137,S07,2232.0,2231.5,3,1264137,18.5,19.75,-1.25,True,-1.25,
20101230,1265053,-1,2246.5,,1265173,S07,2228.0,2223.5,3,1265173,18.5,19.75,3.75,True,3.75,
20101231,1265800,-1,2212.0,,-1,PV2_V7m,2211.0,2212.5,1,1265802,1.0,2.25,-2.25,True,-2.25,
20110103,1266889,1,2224.25,,1267009,S07,2242.75,2264.0,3,1267009,18.5,19.75,20.5,True,20.5,
20110104,1268011,1,2243.0,,1268131,S07,2261.5,2245.5,3,1268131,18.5,19.75,-16.75,True,-16.75,
20110105,1269164,1,2227.0,,1269284,S07,2245.5,2266.0,3,1269284,18.5,19.75,19.75,True,19.75,
20110106,1270290,-1,2289.75,,1270410,S07,2271.25,2274.0,3,1270410,18.5,19.75,-3.5,True,-3.5,
20110107,1271414,-1,2296.25,,1271534,S07,2277.75,2269.75,3,1271534,18.5,19.75,7.25,True,7.25,
20110110,1272562,-1,2284.0,,1272682,S07,2265.5,2269.75,3,1272682,18.5,19.75,-5.0,True,-5.0,
20110111,1273709,1,2275.75,,1273829,S07,2294.25,2291.0,3,1273829,18.5,19.75,-4.0,True,-4.0,
20110112,1274801,-1,2311.75,,1274921,S07,2293.25,2299.25,3,1274921,18.5,19.75,-6.75,True,-6.75,
20110113,1275860,1,2285.25,,1275980,S07,2303.75,2308.25,3,1275980,18.5,19.75,3.75,True,3.75,
20110114,1277015,-1,2320.5,,1277135,S07,2302.0,2311.75,3,1277135,18.5,19.75,-10.5,True,-10.5,
20110117,1278200,-1,2289.75,,-1,PV2_V7m,2288.25,2290.25,1,1278203,1.5,2.75,-2.75,True,-2.75,
20110118,1279098,1,2289.5,,1279218,S07,2308.0,2319.75,3,1279218,18.5,19.75,11.0,True,11.0,
20110119,1280297,-1,2347.75,,1280417,S07,2329.25,2314.5,3,1280417,18.5,19.75,14.0,True,14.0,
20110120,1281561,1,2274.0,,1281681,S07,2292.5,2273.5,1,1281640,18.5,19.75,-19.75,True,-19.75,
20110121,1282789,-1,2312.5,,1282909,S07,2294.0,2284.5,3,1282909,18.5,19.75,8.75,True,8.75,
20110124,1283988,1,2251.5,,1284108,S07,2270.0,2289.25,3,1284108,18.5,19.75,18.5,True,18.5,
20110125,1285152,1,2271.0,,1285272,S07,2289.5,2286.75,3,1285272,18.5,19.75,-3.5,True,-3.5,
20110126,1286324,-1,2323.0,,1286444,S07,2304.5,2311.25,3,1286444,18.5,19.75,-7.5,True,-7.5,
20110127,1287464,1,2303.0,,1287584,S07,2321.5,2319.75,3,1287584,18.5,19.75,-2.5,True,-2.5,
20110128,1288614,-1,2342.5,,1288734,S07,2324.0,2286.25,3,1288734,18.5,19.75,37.0,True,37.0,
20110131,1289883,-1,2290.5,,1290003,S07,2272.0,2271.75,3,1290003,18.5,19.75,-0.5,True,-0.5,
20110201,1291123,1,2279.0,,1291243,S07,2297.5,2315.25,3,1291243,18.5,19.75,17.0,True,17.0,
20110202,1292270,1,2300.5,,1292390,S07,2319.0,2322.25,3,1292390,18.5,19.75,2.5,True,2.5,
20110203,1293315,-1,2333.25,,1293435,S07,2314.75,2311.5,3,1293435,18.5,19.75,2.5,True,2.5,
20110204,1294381,1,2308.25,,1294501,S07,2326.75,2324.5,3,1294501,18.5,19.75,-3.0,True,-3.0,
20110207,1295450,-1,2358.0,,1295570,S07,2339.5,2355.75,3,1295570,18.5,19.75,-17.0,True,-17.0,
20110208,1296551,1,2331.0,,1296671,S07,2349.5,2352.75,3,1296671,18.5,19.75,2.5,True,2.5,
20110209,1297718,1,2340.5,,1297838,S07,2359.0,2356.5,3,1297838,18.5,19.75,-3.25,True,-3.25,
20110210,1298932,-1,2360.75,,1299052,S07,2342.25,2361.25,1,1299035,18.5,19.75,-19.75,True,-19.75,
20110211,1300117,-1,2374.0,,1300237,S07,2355.5,2368.75,3,1300237,18.5,19.75,-14.0,True,-14.0,
20110214,1301239,-1,2395.25,,1301359,S07,2376.75,2383.25,3,1301359,18.5,19.75,-7.25,True,-7.25,
20110215,1302380,1,2361.0,,1302500,S07,2379.5,2380.0,3,1302500,18.5,19.75,-0.25,True,-0.25,
20110216,1303540,1,2370.5,,1303660,S07,2389.0,2396.0,3,1303660,18.5,19.75,6.25,True,6.25,
20110217,1304678,-1,2403.75,,1304798,S07,2385.25,2398.25,3,1304798,18.5,19.75,-13.75,True,-13.75,
20110218,1305958,1,2378.25,,1306078,S07,2396.75,2399.5,3,1306078,18.5,19.75,2.0,True,2.0,
20110222,1308058,-1,2363.75,,1308178,S07,2345.25,2364.25,1,1308100,18.5,19.75,-19.75,True,-19.75,
20110223,1309298,-1,2341.75,,1309418,S07,2323.25,2305.75,3,1309418,18.5,19.75,16.75,True,16.75,
20110224,1310502,-1,2322.0,,1310622,S07,2303.5,2307.25,3,1310622,18.5,19.75,-4.5,True,-4.5,
20110225,1311685,1,2309.25,,1311805,S07,2327.75,2343.0,3,1311805,18.5,19.75,14.5,True,14.5,
20110228,1312853,1,2340.75,,1312973,S07,2359.25,2351.75,3,1312973,18.5,19.75,-8.25,True,-8.25,
20110301,1314013,-1,2375.0,,1314133,S07,2356.5,2338.0,3,1314133,18.5,19.75,17.75,True,17.75,
20110302,1315277,1,2297.5,,1315397,S07,2316.0,2331.0,3,1315397,18.5,19.75,14.25,True,14.25,
20110303,1316478,1,2339.25,,1316598,S07,2357.75,2368.5,3,1316598,18.5,19.75,10.0,True,10.0,
20110304,1317640,-1,2387.75,,1317760,S07,2369.25,2364.5,3,1317760,18.5,19.75,4.0,True,4.0,
20110307,1318866,-1,2387.75,,1318986,S07,2369.25,2328.0,3,1318986,18.5,19.75,40.5,True,40.5,
20110308,1320093,1,2306.25,,1320213,S07,2324.75,2342.75,3,1320213,18.5,19.75,17.25,True,17.25,
20110309,1321318,-1,2342.5,,1321438,S07,2324.0,2312.25,3,1321438,18.5,19.75,11.0,True,11.0,
20110310,1322225,-1,2305.75,,1322345,S07,2287.25,2286.5,3,1322345,18.5,19.75,0.0,True,0.0,
20110311,1323415,1,2264.0,,1323535,S07,2282.5,2283.25,3,1323535,18.5,19.75,0.0,True,0.0,
20110314,1324692,1,2271.25,,1324812,S07,2289.75,2274.5,3,1324812,18.5,19.75,-16.0,True,-16.0,
20110315,1326019,1,2206.75,,1326139,S07,2225.25,2245.0,3,1326139,18.5,19.75,19.0,True,19.0,
20110316,1327365,-1,2261.25,,1327485,S07,2242.75,2228.5,3,1327485,18.5,19.75,13.5,True,13.5,
20110317,1328710,1,2217.75,,1328830,S07,2236.25,2240.5,3,1328830,18.5,19.75,3.5,True,3.5,
20110318,1330007,-1,2262.0,,1330127,S07,2243.5,2223.0,3,1330127,18.5,19.75,19.75,True,19.75,
20110321,1331266,1,2232.5,,1331386,S07,2251.0,2266.5,3,1331386,18.5,19.75,14.75,True,14.75,
20110322,1332480,1,2244.75,,1332600,S07,2263.25,2254.5,3,1332600,18.5,19.75,-9.5,True,-9.5,
20110323,1333701,-1,2265.0,,1333821,S07,2246.5,2251.0,3,1333821,18.5,19.75,-5.25,True,-5.25,
20110324,1334919,-1,2300.25,,1335039,S07,2281.75,2300.75,1,1335007,18.5,19.75,-19.75,True,-19.75,
20110325,1336138,-1,2332.5,,1336258,S07,2314.0,2326.75,3,1336258,18.5,19.75,-13.5,True,-13.5,
20110328,1337357,-1,2339.75,,1337477,S07,2321.25,2316.25,3,1337477,18.5,19.75,4.25,True,4.25,
20110329,1338601,-1,2313.75,,1338721,S07,2295.25,2314.25,1,1338643,18.5,19.75,-19.75,True,-19.75,
20110330,1339852,-1,2354.25,,1339972,S07,2335.75,2330.5,3,1339972,18.5,19.75,4.5,True,4.5,
20110331,1341002,1,2313.0,,1341122,S07,2331.5,2330.5,3,1341122,18.5,19.75,-1.75,True,-1.75,
20110401,1342243,-1,2366.0,,1342363,S07,2347.5,2356.0,3,1342363,18.5,19.75,-9.25,True,-9.25,
20110405,1344667,-1,2345.0,,1344787,S07,2326.5,2334.25,3,1344787,18.5,19.75,-8.5,True,-8.5,
20110406,1345721,1,2323.25,,1345841,S07,2341.75,2322.75,1,1345822,18.5,19.75,-19.75,True,-19.75,
20110407,1346844,1,2310.75,,1346964,S07,2329.25,2321.5,3,1346964,18.5,19.75,-8.5,True,-8.5,
20110408,1348011,-1,2356.5,,1348131,S07,2338.0,2328.25,3,1348131,18.5,19.75,9.0,True,9.0,
20110411,1349210,1,2309.75,,1349330,S07,2328.25,2316.0,3,1349330,18.5,19.75,-13.0,True,-13.0,
20110412,1350500,-1,2316.5,,1350620,S07,2298.0,2290.75,3,1350620,18.5,19.75,6.5,True,6.5,
20110413,1351708,-1,2327.25,,1351828,S07,2308.75,2313.75,3,1351828,18.5,19.75,-5.75,True,-5.75,
20110414,1352927,1,2277.25,,1353047,S07,2295.75,2298.25,3,1353047,18.5,19.75,1.75,True,1.75,
20110415,1354068,-1,2318.25,,1354188,S07,2299.75,2307.0,3,1354188,18.5,19.75,-8.0,True,-8.0,
20110418,1355261,-1,2289.75,,1355381,S07,2271.25,2259.25,3,1355381,18.5,19.75,11.25,True,11.25,
20110419,1356512,1,2276.0,,1356632,S07,2294.5,2285.0,3,1356632,18.5,19.75,-10.25,True,-10.25,
20110420,1357737,1,2328.25,,1357857,S07,2346.75,2352.75,3,1357857,18.5,19.75,5.25,True,5.25,
20110421,1359013,-1,2392.5,,1359133,S07,2374.0,2375.5,3,1359133,18.5,19.75,-2.25,True,-2.25,
20110425,1359993,1,2358.0,,1360113,S07,2376.5,2373.75,3,1360113,18.5,19.75,-3.5,True,-3.5,
20110426,1361168,-1,2403.25,,1361288,S07,2384.75,2397.0,3,1361288,18.5,19.75,-13.0,True,-13.0,
20110427,1362320,1,2381.75,,1362440,S07,2400.25,2391.5,3,1362440,18.5,19.75,-9.5,True,-9.5,
20110428,1363516,1,2386.75,,1363636,S07,2405.25,2406.25,3,1363636,18.5,19.75,0.25,True,0.25,
20110429,1364672,-1,2420.75,,1364792,S07,2402.25,2403.75,3,1364792,18.5,19.75,-2.25,True,-2.25,
20110502,1365909,-1,2425.5,,1366029,S07,2407.0,2404.75,3,1366029,18.5,19.75,1.5,True,1.5,
20110503,1367068,1,2381.0,,1367188,S07,2399.5,2393.75,3,1367188,18.5,19.75,-6.5,True,-6.5,
20110504,1368305,1,2371.25,,1368425,S07,2389.75,2370.75,1,1368409,18.5,19.75,-19.75,True,-19.75,
20110505,1369483,1,2356.0,,1369603,S07,2374.5,2386.75,3,1369603,18.5,19.75,11.5,True,11.5,
20110506,1370695,-1,2416.25,,1370815,S07,2397.75,2406.0,3,1370815,18.5,19.75,-9.0,True,-9.0,
20110509,1371929,1,2363.5,,1372049,S07,2382.0,2381.5,3,1372049,18.5,19.75,-1.25,True,-1.25,
20110510,1373068,-1,2412.75,,1373188,S07,2394.25,2396.25,3,1373188,18.5,19.75,-2.75,True,-2.75,
20110511,1374305,-1,2424.5,,1374425,S07,2406.0,2407.25,3,1374425,18.5,19.75,-2.0,True,-2.0,
20110512,1375555,-1,2395.75,,1375675,S07,2377.25,2394.0,3,1375675,18.5,19.75,-17.5,True,-17.5,
20110512,1375773,1,2399.0,,-1,PV2_V7m,2399.75,2398.5,1,1375882,0.75,2.0,-2.0,True,-19.5,
20110513,1376783,-1,2416.0,,1376903,S07,2397.5,2386.0,3,1376903,18.5,19.75,10.75,True,10.75,
20110516,1378025,-1,2380.75,,1378145,S07,2362.25,2366.0,3,1378145,18.5,19.75,-4.5,True,-4.5,
20110516,1378193,-1,2354.5,,-1,PV2_V7m,2353.75,2355.0,1,1378195,0.75,2.0,-2.0,True,-6.5,
20110517,1379255,-1,2343.5,,1379375,S07,2325.0,2322.75,3,1379375,18.5,19.75,1.5,True,1.5,
20110518,1380482,-1,2354.0,,1380602,S07,2335.5,2346.5,3,1380602,18.5,19.75,-11.75,True,-11.75,
20110519,1381705,-1,2386.0,,1381825,S07,2367.5,2357.5,3,1381825,18.5,19.75,9.25,True,9.25,
20110520,1382778,1,2348.25,,1382898,S07,2366.75,2347.75,1,1382850,18.5,19.75,-19.75,True,-19.75,
20110523,1384013,-1,2325.0,,1384133,S07,2306.5,2310.0,3,1384133,18.5,19.75,-4.25,True,-4.25,
20110524,1385238,-1,2335.25,,1385358,S07,2316.75,2311.75,3,1385358,18.5,19.75,4.25,True,4.25,
20110525,1386525,1,2283.25,,1386645,S07,2301.75,2308.75,3,1386645,18.5,19.75,6.25,True,6.25,
20110526,1387786,1,2289.0,,1387906,S07,2307.5,2315.0,3,1387906,18.5,19.75,6.75,True,6.75,
20110526,1387986,1,2323.5,,-1,PV2_V7m,2324.5,2323.0,1,1387987,1.0,2.25,-2.25,True,4.5,
20110527,1388977,1,2310.75,,1389097,S07,2329.25,2336.0,3,1389097,18.5,19.75,6.0,True,6.0,
20110531,1390814,1,2343.25,,1390934,S07,2361.75,2353.25,3,1390934,18.5,19.75,-9.25,True,-9.25,
20110601,1392028,1,2350.5,,1392148,S07,2369.0,2354.0,3,1392148,18.5,19.75,-15.75,True,-15.75,
20110602,1393322,1,2309.5,,1393442,S07,2328.0,2319.75,3,1393442,18.5,19.75,-9.0,True,-9.0,
20110603,1394485,1,2285.0,,1394605,S07,2303.5,2308.75,3,1394605,18.5,19.75,4.5,True,4.5,
20110606,1395699,1,2276.25,,1395819,S07,2294.75,2296.25,3,1395819,18.5,19.75,0.75,True,0.75,
20110607,1396915,-1,2299.25,,1397035,S07,2280.75,2275.5,3,1397035,18.5,19.75,4.5,True,4.5,
20110608,1398154,-1,2282.0,,1398274,S07,2263.5,2257.75,3,1398274,18.5,19.75,5.0,True,5.0,
20110609,1398921,-1,2265.25,,1399041,S07,2246.75,2254.25,3,1399041,18.5,19.75,-8.25,True,-8.25,
20110610,1400064,1,2227.0,,1400184,S07,2245.5,2226.5,1,1400142,18.5,19.75,-19.75,True,-19.75,
20110613,1401235,-1,2237.5,,1401355,S07,2219.0,2223.25,3,1401355,18.5,19.75,-5.0,True,-5.0,
20110614,1402410,1,2220.25,,1402530,S07,2238.75,2246.0,3,1402530,18.5,19.75,6.5,True,6.5,
20110615,1403587,1,2207.0,,1403707,S07,2225.5,2226.0,3,1403707,18.5,19.75,-0.25,True,-0.25,
20110616,1404530,-1,2221.25,,1404650,S07,2202.75,2211.75,3,1404650,18.5,19.75,-9.75,True,-9.75,
20110617,1405786,-1,2232.0,,1405906,S07,2213.5,2199.0,3,1405906,18.5,19.75,13.75,True,13.75,
20110620,1407026,1,2169.5,,1407146,S07,2188.0,2194.25,3,1407146,18.5,19.75,5.5,True,5.5,
20110621,1408248,-1,2221.0,,1408368,S07,2202.5,2221.5,1,1408276,18.5,19.75,-19.75,True,-19.75,
20110621,1408277,1,2215.0,,-1,PV2_V7m,2221.0,2240.5,3,1408397,6.0,7.25,18.75,True,-1.0,
20110622,1409522,1,2222.75,,1409642,S07,2241.25,2245.75,3,1409642,18.5,19.75,3.75,True,3.75,
20110623,1410783,-1,2222.25,,1410903,S07,2203.75,2213.5,3,1410903,18.5,19.75,-10.5,True,-10.5,
20110624,1412031,-1,2256.5,,1412151,S07,2238.0,2226.0,3,1412151,18.5,19.75,11.25,True,11.25,
20110627,1413297,1,2196.75,,1413417,S07,2215.25,2236.5,3,1413417,18.5,19.75,20.5,True,20.5,
20110628,1414537,-1,2272.5,,1414657,S07,2254.0,2273.0,1,1414647,18.5,19.75,-19.75,True,-19.75,
20110629,1415726,-1,2302.5,,1415846,S07,2284.0,2289.75,3,1415846,18.5,19.75,-6.5,True,-6.5,
20110630,1416931,1,2283.75,,1417051,S07,2302.25,2320.5,3,1417051,18.5,19.75,17.5,True,17.5,
20110701,1418110,-1,2337.0,,1418230,S07,2318.5,2337.5,1,1418139,18.5,19.75,-19.75,True,-19.75,
20110705,1419989,-1,2377.0,,1420109,S07,2358.5,2364.0,3,1420109,18.5,19.75,-6.25,True,-6.25,
20110706,1421180,-1,2383.25,,1421300,S07,2364.75,2368.0,3,1421300,18.5,19.75,-4.0,True,-4.0,
20110707,1422429,-1,2410.5,,1422549,S07,2392.0,2401.25,3,1422549,18.5,19.75,-10.0,True,-10.0,
20110708,1423590,1,2375.5,,1423710,S07,2394.0,2376.5,3,1423710,18.5,19.75,-18.25,True,-18.25,
20110711,1424780,1,2361.5,,1424900,S07,2380.0,2361.0,1,1424870,18.5,19.75,-19.75,True,-19.75,
20110711,1424876,-1,2362.25,,-1,PV2_V7m,2361.25,2362.75,1,1424887,1.0,2.25,-2.25,True,-22.0,
20110712,1426051,-1,2375.0,,1426171,S07,2356.5,2354.0,3,1426171,18.5,19.75,1.75,True,1.75,
20110713,1427318,1,2342.0,,1427438,S07,2360.5,2372.5,3,1427438,18.5,19.75,11.25,True,11.25,
20110714,1428590,-1,2371.5,,1428710,S07,2353.0,2344.0,3,1428710,18.5,19.75,8.25,True,8.25,
20110714,1428762,-1,2332.25,,-1,PV2_V7m,2329.75,2332.75,1,1428766,2.5,3.75,-3.75,True,4.5,
20110715,1429846,1,2333.0,,1429966,S07,2351.5,2332.5,1,1429898,18.5,19.75,-19.75,True,-19.75,
20110718,1431048,-1,2360.75,,1431168,S07,2342.25,2329.0,3,1431168,18.5,19.75,12.5,True,12.5,
20110719,1432251,1,2355.5,,1432371,S07,2374.0,2381.0,3,1432371,18.5,19.75,6.25,True,6.25,
20110720,1433497,-1,2422.5,,1433617,S07,2404.0,2390.25,3,1433617,18.5,19.75,13.0,True,13.0,
20110721,1434755,-1,2400.5,,1434875,S07,2382.0,2401.0,1,1434788,18.5,19.75,-19.75,True,-19.75,
20110722,1435903,1,2387.0,,1436023,S07,2405.5,2407.25,3,1436023,18.5,19.75,1.0,True,1.0,
20110725,1437169,-1,2425.5,,1437289,S07,2407.0,2426.0,1,1437284,18.5,19.75,-19.75,True,-19.75,
20110726,1438415,1,2406.75,,1438535,S07,2425.25,2427.75,3,1438535,18.5,19.75,1.75,True,1.75,
20110727,1439589,-1,2428.75,,1439709,S07,2410.25,2393.75,3,1439709,18.5,19.75,15.75,True,15.75,
20110728,1440852,-1,2382.0,,1440972,S07,2363.5,2382.5,1,1440921,18.5,19.75,-19.75,True,-19.75,
20110729,1442134,1,2335.25,,1442254,S07,2353.75,2377.0,3,1442254,18.5,19.75,22.5,True,22.5,
20110801,1443375,1,2372.75,,1443495,S07,2391.25,2372.25,1,1443388,18.5,19.75,-19.75,True,-19.75,
20110802,1444649,1,2317.75,,1444769,S07,2336.25,2332.0,3,1444769,18.5,19.75,-5.0,True,-5.0,
20110803,1445932,1,2277.25,,1446052,S07,2295.75,2276.75,1,1445981,18.5,19.75,-19.75,True,-19.75,
20110804,1447224,-1,2293.75,,1447344,S07,2275.25,2250.5,3,1447344,18.5,19.75,24.0,True,24.0,
20110805,1448530,1,2215.25,,1448650,S07,2233.75,2214.75,1,1448540,18.5,19.75,-19.75,True,-19.75,
20110805,1448560,-1,2185.0,,-1,PV2_V7m,2183.0,2185.5,1,1448564,2.0,3.25,-3.25,True,-23.0,
20110808,1449861,1,2118.25,,1449981,S07,2136.75,2117.75,1,1449906,18.5,19.75,-19.75,True,-19.75,
20110809,1451223,1,2063.25,,1451343,S07,2081.75,2062.75,1,1451234,18.5,19.75,-19.75,True,-19.75,
20110809,1451255,1,2105.0,,-1,PV2_V7m,2112.5,2104.5,1,1451258,7.5,8.75,-8.75,True,-28.5,
20110810,1452561,-1,2120.0,,1452681,S07,2101.5,2088.25,3,1452681,18.5,19.75,12.5,True,12.5,
20110811,1453899,1,2086.75,,1454019,S07,2105.25,2138.25,3,1454019,18.5,19.75,32.25,True,32.25,
20110812,1455199,1,2160.0,,1455319,S07,2178.5,2159.5,1,1455221,18.5,19.75,-19.75,True,-19.75,
20110815,1456438,1,2173.25,,1456558,S07,2191.75,2179.5,3,1456558,18.5,19.75,-13.0,True,-13.0,
20110816,1457669,-1,2206.25,,1457789,S07,2187.75,2206.75,1,1457755,18.5,19.75,-19.75,True,-19.75,
20110817,1458943,-1,2212.5,,1459063,S07,2194.0,2213.0,1,1458963,18.5,19.75,-19.75,True,-19.75,
20110818,1460239,-1,2131.25,,1460359,S07,2112.75,2086.5,3,1460359,18.5,19.75,25.5,True,25.5,
20110819,1461554,1,2041.75,,1461674,S07,2060.25,2073.25,3,1461674,18.5,19.75,12.25,True,12.25,
20110822,1462863,-1,2098.5,,1462983,S07,2080.0,2050.25,3,1462983,18.5,19.75,29.0,True,29.0,
20110823,1464166,-1,2070.0,,1464286,S07,2051.5,2070.5,1,1464189,18.5,19.75,-19.75,True,-19.75,
20110824,1465493,1,2106.5,,1465613,S07,2125.0,2121.5,3,1465613,18.5,19.75,-4.25,True,-4.25,
20110825,1466793,1,2132.0,,1466913,S07,2150.5,2131.5,1,1466818,18.5,19.75,-19.75,True,-19.75,
20110826,1468078,1,2085.25,,1468198,S07,2103.75,2084.75,1,1468111,18.5,19.75,-19.75,True,-19.75,
20110829,1469331,1,2174.0,,1469451,S07,2192.5,2200.25,3,1469451,18.5,19.75,7.0,True,7.0,
20110830,1470581,1,2198.25,,1470701,S07,2216.75,2229.0,3,1470701,18.5,19.75,11.5,True,11.5,
20110831,1471875,1,2235.0,,1471995,S07,2253.5,2247.0,3,1471995,18.5,19.75,-7.25,True,-7.25,
20110901,1473158,-1,2261.0,,1473278,S07,2242.5,2261.5,1,1473185,18.5,19.75,-19.75,True,-19.75,
20110902,1474436,1,2166.0,,1474556,S07,2184.5,2182.5,3,1474556,18.5,19.75,-2.75,True,-2.75,
20110905,1475643,-1,2120.25,,-1,PV2_V7m,2118.25,2120.75,1,1475672,2.0,3.25,-3.25,True,-3.25,
20110906,1476616,-1,2139.75,,1476736,S07,2121.25,2136.0,3,1476736,18.5,19.75,-15.5,True,-15.5,
20110906,1476903,1,2157.25,,-1,PV2_V7m,2160.25,2156.75,1,1476913,3.0,4.25,-4.25,True,-19.75,
20110907,1477896,1,2178.75,,1478016,S07,2197.25,2202.0,3,1478016,18.5,19.75,4.0,True,4.0,
20110909,1479846,-1,2207.0,,1479966,S07,2188.5,2176.25,3,1479966,18.5,19.75,11.5,True,11.5,
20110912,1481132,1,2124.75,,1481252,S07,2143.25,2163.25,3,1481252,18.5,19.75,19.25,True,19.25,
20110913,1482433,1,2177.5,,1482553,S07,2196.0,2190.25,3,1482553,18.5,19.75,-6.5,True,-6.5,
20110914,1483720,1,2212.75,,1483840,S07,2231.25,2212.25,1,1483765,18.5,19.75,-19.75,True,-19.75,
20110915,1485028,-1,2283.0,,1485148,S07,2264.5,2263.25,3,1485148,18.5,19.75,0.5,True,0.5,
20110916,1486302,1,2272.5,,1486422,S07,2291.0,2289.75,3,1486422,18.5,19.75,-2.0,True,-2.0,
20110919,1487589,-1,2289.25,,1487709,S07,2270.75,2279.75,3,1487709,18.5,19.75,-9.75,True,-9.75,
20110920,1488914,-1,2333.0,,1489034,S07,2314.5,2323.0,3,1489034,18.5,19.75,-9.25,True,-9.25,
20110921,1490212,1,2292.0,,1490332,S07,2310.5,2291.5,1,1490289,18.5,19.75,-19.75,True,-19.75,
20110922,1491563,1,2177.25,,1491683,S07,2195.75,2176.75,1,1491587,18.5,19.75,-19.75,True,-19.75,
20110923,1492902,1,2147.75,,1493022,S07,2166.25,2197.0,3,1493022,18.5,19.75,30.0,True,30.0,
20110926,1494218,-1,2223.0,,1494338,S07,2204.5,2196.25,3,1494338,18.5,19.75,7.5,True,7.5,
20110927,1495507,-1,2273.25,,1495627,S07,2254.75,2273.75,1,1495592,18.5,19.75,-19.75,True,-19.75,
20110928,1496806,1,2242.25,,1496926,S07,2260.75,2247.0,3,1496926,18.5,19.75,-14.5,True,-14.5,
20110929,1497907,-1,2267.0,,1498027,S07,2248.5,2212.25,3,1498027,18.5,19.75,35.5,True,35.5,
20110930,1499223,-1,2174.25,,1499343,S07,2155.75,2174.75,1,1499270,18.5,19.75,-19.75,True,-19.75,
20111003,1500551,1,2100.5,,1500671,S07,2119.0,2132.5,3,1500671,18.5,19.75,12.75,True,12.75,
20111004,1501881,1,2040.75,,1502001,S07,2059.25,2081.75,3,1502001,18.5,19.75,21.75,True,21.75,
20111005,1503221,-1,2121.5,,1503341,S07,2103.0,2122.0,1,1503265,18.5,19.75,-19.75,True,-19.75,
20111006,1504556,1,2157.5,,1504676,S07,2176.0,2197.75,3,1504676,18.5,19.75,21.0,True,21.0,
20111007,1505824,-1,2225.0,,1505944,S07,2206.5,2194.75,3,1505944,18.5,19.75,11.0,True,11.0,
20111010,1507115,1,2217.75,,1507235,S07,2236.25,2262.25,3,1507235,18.5,19.75,25.25,True,25.25,
20111011,1508402,-1,2287.5,,1508522,S07,2269.0,2288.0,1,1508451,18.5,19.75,-19.75,True,-19.75,
20111012,1509701,-1,2327.75,,1509821,S07,2309.25,2322.5,3,1509821,18.5,19.75,-14.0,True,-14.0,
20111013,1511005,1,2282.25,,1511125,S07,2300.75,2305.5,3,1511125,18.5,19.75,4.0,True,4.0,
20111014,1512332,1,2338.25,,1512452,S07,2356.75,2342.75,3,1512452,18.5,19.75,-14.75,True,-14.75,
20111017,1513546,1,2335.0,,1513666,S07,2353.5,2353.0,3,1513666,18.5,19.75,-1.25,True,-1.25,
20111018,1514858,-1,2345.5,,1514978,S07,2327.0,2328.75,3,1514978,18.5,19.75,-2.5,True,-2.5,
20111018,1515196,1,2355.5,,-1,PV2_V7m,2367.0,2355.0,1,1515219,11.5,12.75,-12.75,True,-15.25,
20111019,1516185,1,2329.25,,1516305,S07,2347.75,2350.5,3,1516305,18.5,19.75,2.0,True,2.0,
20111020,1517512,-1,2327.0,,1517632,S07,2308.5,2284.25,3,1517632,18.5,19.75,23.5,True,23.5,
20111021,1518790,-1,2343.0,,1518910,S07,2324.5,2343.5,1,1518838,18.5,19.75,-19.75,True,-19.75,
20111024,1520083,1,2324.25,,1520203,S07,2342.75,2376.25,3,1520203,18.5,19.75,32.75,True,32.75,
20111025,1521355,-1,2385.5,,1521475,S07,2367.0,2352.5,3,1521475,18.5,19.75,13.75,True,13.75,
20111026,1522617,1,2330.25,,1522737,S07,2348.75,2329.75,1,1522651,18.5,19.75,-19.75,True,-19.75,
20111027,1523945,-1,2400.75,,1524065,S07,2382.25,2367.0,3,1524065,18.5,19.75,14.5,True,14.5,
20111028,1525244,1,2368.5,,1525364,S07,2387.0,2395.25,3,1525364,18.5,19.75,7.5,True,7.5,
20111031,1526423,-1,2388.5,,1526543,S07,2370.0,2376.75,3,1526543,18.5,19.75,-7.5,True,-7.5,
20111101,1527724,1,2281.0,,1527844,S07,2299.5,2304.25,3,1527844,18.5,19.75,4.0,True,4.0,
20111102,1529022,1,2300.0,,1529142,S07,2318.5,2318.75,3,1529142,18.5,19.75,-0.5,True,-0.5,
20111103,1530342,1,2314.75,,1530462,S07,2333.25,2314.25,1,1530370,18.5,19.75,-19.75,True,-19.75,
20111103,1530564,1,2348.75,,-1,PV2_V7m,2351.75,2348.25,1,1530582,3.0,4.25,-4.25,True,-24.0,
20111104,1531576,1,2332.75,,1531696,S07,2351.25,2332.25,1,1531626,18.5,19.75,-19.75,True,-19.75,
20111107,1532838,1,2332.0,,1532958,S07,2350.5,2331.5,1,1532920,18.5,19.75,-19.75,True,-19.75,
20111108,1534110,-1,2403.5,,1534230,S07,2385.0,2365.5,3,1534230,18.5,19.75,18.75,True,18.75,
20111109,1535364,-1,2362.75,,1535484,S07,2344.25,2346.75,3,1535484,18.5,19.75,-3.25,True,-3.25,
20111110,1536658,-1,2349.25,,1536778,S07,2330.75,2306.75,3,1536778,18.5,19.75,23.25,True,23.25,
20111111,1537960,1,2317.75,,1538080,S07,2336.25,2350.75,3,1538080,18.5,19.75,13.75,True,13.75,
20111114,1539230,-1,2363.75,,1539350,S07,2345.25,2353.5,3,1539350,18.5,19.75,-9.0,True,-9.0,
20111115,1540479,-1,2348.25,,1540599,S07,2329.75,2348.75,1,1540493,18.5,19.75,-19.75,True,-19.75,
20111115,1540656,1,2353.0,,-1,PV2_V7m,2355.5,2366.75,3,1540776,2.5,3.75,10.5,True,-9.25,
20111116,1541800,-1,2363.0,,1541920,S07,2344.5,2358.75,3,1541920,18.5,19.75,-15.0,True,-15.0,
20111117,1543139,-1,2332.5,,1543259,S07,2314.0,2299.75,3,1543259,18.5,19.75,13.5,True,13.5,
20111118,1544468,-1,2283.5,,1544588,S07,2265.0,2264.5,3,1544588,18.5,19.75,-0.25,True,-0.25,
20111121,1545763,-1,2240.0,,1545883,S07,2221.5,2195.25,3,1545883,18.5,19.75,25.5,True,25.5,
20111122,1547089,-1,2222.25,,1547209,S07,2203.75,2196.0,3,1547209,18.5,19.75,7.0,True,7.0,
20111123,1548408,1,2182.0,,1548528,S07,2200.5,2181.5,1,1548447,18.5,19.75,-19.75,True,-19.75,
20111125,1550658,1,2146.5,,1550778,S07,2165.0,2171.0,3,1550778,18.5,19.75,5.25,True,5.25,
20111128,1551796,1,2191.5,,1551916,S07,2210.0,2226.5,3,1551916,18.5,19.75,15.75,True,15.75,
20111129,1553118,-1,2235.25,,1553238,S07,2216.75,2235.75,1,1553145,18.5,19.75,-19.75,True,-19.75,
20111130,1554441,-1,2286.75,,1554561,S07,2268.25,2287.25,1,1554506,18.5,19.75,-19.75,True,-19.75,
20111201,1555766,1,2277.25,,1555886,S07,2295.75,2296.75,3,1555886,18.5,19.75,0.25,True,0.25,
20111202,1557025,-1,2344.0,,1557145,S07,2325.5,2321.0,3,1557145,18.5,19.75,3.75,True,3.75,
20111205,1558257,-1,2348.75,,1558377,S07,2330.25,2337.5,3,1558377,18.5,19.75,-8.0,True,-8.0,
20111206,1559550,1,2316.25,,1559670,S07,2334.75,2319.5,3,1559670,18.5,19.75,-16.0,True,-16.0,
20111207,1560828,-1,2324.0,,1560948,S07,2305.5,2314.0,3,1560948,18.5,19.75,-9.25,True,-9.25,
20111208,1561694,-1,2321.25,,1561814,S07,2302.75,2302.25,3,1561814,18.5,19.75,-0.25,True,-0.25,
20111209,1562969,1,2273.25,,1563089,S07,2291.75,2311.0,3,1563089,18.5,19.75,18.5,True,18.5,
20111212,1564181,-1,2304.25,,1564301,S07,2285.75,2281.75,3,1564301,18.5,19.75,3.25,True,3.25,
20111213,1565421,1,2294.0,,1565541,S07,2312.5,2293.5,1,1565492,18.5,19.75,-19.75,True,-19.75,
20111214,1566656,-1,2274.5,,1566776,S07,2256.0,2218.0,3,1566776,18.5,19.75,37.25,True,37.25,
20111215,1567922,-1,2263.75,,1568042,S07,2245.25,2228.5,3,1568042,18.5,19.75,16.0,True,16.0,
20111216,1569179,1,2221.75,,1569299,S07,2240.25,2252.25,3,1569299,18.5,19.75,11.25,True,11.25,
20111219,1570476,1,2227.75,,1570596,S07,2246.25,2227.25,1,1570568,18.5,19.75,-19.75,True,-19.75,
20111220,1571721,1,2236.0,,1571841,S07,2254.5,2266.75,3,1571841,18.5,19.75,11.5,True,11.5,
20111221,1572943,-1,2277.5,,1573063,S07,2259.0,2229.75,3,1573063,18.5,19.75,28.5,True,28.5,
20111222,1574122,-1,2266.5,,1574242,S07,2248.0,2255.5,3,1574242,18.5,19.75,-8.25,True,-8.25,
20111223,1575275,-1,2286.0,,1575395,S07,2267.5,2273.75,3,1575395,18.5,19.75,-7.0,True,-7.0,
20111227,1575885,-1,2295.5,,1576005,S07,2277.0,2287.0,3,1576005,18.5,19.75,-10.75,True,-10.75,
20111228,1577000,-1,2301.5,,1577120,S07,2283.0,2266.0,3,1577120,18.5,19.75,16.25,True,16.25,
20111229,1577960,1,2248.5,,1578080,S07,2267.0,2270.0,3,1578080,18.5,19.75,2.25,True,2.25,
20111230,1579060,1,2258.5,,1579180,S07,2277.0,2282.25,3,1579180,18.5,19.75,4.5,True,4.5,
20120103,1579675,1,2302.75,,1579795,S07,2321.25,2325.25,3,1579795,18.5,19.75,3.25,True,3.25,
20120104,1580839,-1,2330.75,,1580959,S07,2312.25,2316.75,3,1580959,18.5,19.75,-5.25,True,-5.25,
20120105,1582034,1,2306.0,,1582154,S07,2324.5,2329.5,3,1582154,18.5,19.75,4.25,True,4.25,
20120105,1582282,1,2344.0,,-1,PV2_V7m,2345.75,2343.5,1,1582297,1.75,3.0,-3.0,True,1.25,
20120106,1583271,-1,2361.0,,1583391,S07,2342.5,2351.25,3,1583391,18.5,19.75,-9.5,True,-9.5,
20120109,1584474,-1,2374.25,,1584594,S07,2355.75,2344.25,3,1584594,18.5,19.75,10.75,True,10.75,
20120110,1585699,1,2354.0,,1585819,S07,2372.5,2370.75,3,1585819,18.5,19.75,-2.5,True,-2.5,
20120111,1586927,1,2344.0,,1587047,S07,2362.5,2366.25,3,1587047,18.5,19.75,3.0,True,3.0,
20120112,1588107,1,2357.0,,1588227,S07,2375.5,2356.5,1,1588158,18.5,19.75,-19.75,True,-19.75,
20120113,1589322,-1,2382.0,,1589442,S07,2363.5,2362.75,3,1589442,18.5,19.75,0.0,True,0.0,
20120117,1591436,1,2373.25,,1591556,S07,2391.75,2398.25,3,1591556,18.5,19.75,5.75,True,5.75,
20120118,1592669,1,2375.25,,1592789,S07,2393.75,2411.25,3,1592789,18.5,19.75,16.75,True,16.75,
20120119,1593922,1,2415.0,,1594042,S07,2433.5,2440.75,3,1594042,18.5,19.75,6.5,True,6.5,
20120120,1595145,1,2411.0,,1595265,S07,2429.5,2427.5,3,1595265,18.5,19.75,-2.75,True,-2.75,
20120123,1596278,1,2418.5,,1596398,S07,2437.0,2437.75,3,1596398,18.5,19.75,0.0,True,0.0,
20120124,1597486,1,2407.0,,1597606,S07,2425.5,2435.75,3,1597606,18.5,19.75,9.5,True,9.5,
20120125,1598718,-1,2468.25,,1598838,S07,2449.75,2449.5,3,1598838,18.5,19.75,-0.5,True,-0.5,
20120126,1599866,-1,2484.25,,1599986,S07,2465.75,2461.0,3,1599986,18.5,19.75,4.0,True,4.0,
20120127,1601087,1,2432.0,,1601207,S07,2450.5,2455.75,3,1601207,18.5,19.75,4.5,True,4.5,
20120130,1602279,-1,2454.5,,1602399,S07,2436.0,2455.0,1,1602386,18.5,19.75,-19.75,True,-19.75,
20120131,1603523,1,2455.5,,1603643,S07,2474.0,2455.0,1,1603601,18.5,19.75,-19.75,True,-19.75,
20120201,1604771,1,2461.0,,1604891,S07,2479.5,2482.75,3,1604891,18.5,19.75,2.5,True,2.5,
20120202,1605987,1,2475.5,,1606107,S07,2494.0,2495.75,3,1606107,18.5,19.75,1.0,True,1.0,
20120203,1607136,-1,2533.0,,1607256,S07,2514.5,2523.75,3,1607256,18.5,19.75,-10.0,True,-10.0,
20120206,1608331,-1,2531.75,,1608451,S07,2513.25,2520.75,3,1608451,18.5,19.75,-8.25,True,-8.25,
20120207,1609521,1,2503.75,,1609641,S07,2522.25,2533.25,3,1609641,18.5,19.75,10.25,True,10.25,
20120208,1610720,1,2514.0,,1610840,S07,2532.5,2524.25,3,1610840,18.5,19.75,-9.0,True,-9.0,
20120209,1612002,1,2532.75,,1612122,S07,2551.25,2554.25,3,1612122,18.5,19.75,2.25,True,2.25,
20120210,1613273,-1,2559.0,,1613393,S07,2540.5,2546.25,3,1613393,18.5,19.75,-6.5,True,-6.5,
20120213,1614506,-1,2581.75,,1614626,S07,2563.25,2560.0,3,1614626,18.5,19.75,2.5,True,2.5,
20120214,1615762,1,2544.75,,1615882,S07,2563.25,2563.5,3,1615882,18.5,19.75,-0.5,True,-0.5,
20120215,1617045,-1,2602.75,,1617165,S07,2584.25,2596.75,3,1617165,18.5,19.75,-13.25,True,-13.25,
20120216,1618378,-1,2575.0,,1618498,S07,2556.5,2560.0,3,1618498,18.5,19.75,-4.25,True,-4.25,
20120217,1619609,1,2571.25,,1619729,S07,2589.75,2578.25,3,1619729,18.5,19.75,-12.25,True,-12.25,
20120221,1621783,1,2569.25,,1621903,S07,2587.75,2598.5,3,1621903,18.5,19.75,10.0,True,10.0,
20120222,1623026,-1,2601.25,,1623146,S07,2582.75,2581.5,3,1623146,18.5,19.75,0.5,True,0.5,
20120223,1624201,-1,2596.75,,1624321,S07,2578.25,2597.25,1,1624301,18.5,19.75,-19.75,True,-19.75,
20120224,1625408,1,2585.75,,1625528,S07,2604.25,2605.0,3,1625528,18.5,19.75,0.0,True,0.0,
20120227,1626561,-1,2605.0,,1626681,S07,2586.5,2605.5,1,1626657,18.5,19.75,-19.75,True,-19.75,
20120228,1627752,-1,2626.75,,1627872,S07,2608.25,2627.25,1,1627810,18.5,19.75,-19.75,True,-19.75,
20120229,1628962,1,2619.25,,1629082,S07,2637.75,2627.5,3,1629082,18.5,19.75,-11.0,True,-11.0,
20120301,1630244,1,2616.5,,1630364,S07,2635.0,2634.5,3,1630364,18.5,19.75,-1.25,True,-1.25,
20120302,1631415,1,2622.25,,1631535,S07,2640.75,2648.75,3,1631535,18.5,19.75,7.25,True,7.25,
20120305,1632622,-1,2655.25,,1632742,S07,2636.75,2613.5,3,1632742,18.5,19.75,22.5,True,22.5,
20120306,1633909,1,2573.25,,1634029,S07,2591.75,2586.75,3,1634029,18.5,19.75,-5.75,True,-5.75,
20120307,1635154,-1,2618.0,,1635274,S07,2599.5,2608.75,3,1635274,18.5,19.75,-10.0,True,-10.0,
20120307,1635312,1,2611.25,,-1,PV2_V7m,2611.75,2610.75,1,1635315,0.5,1.75,-1.75,True,-11.75,
20120308,1635978,-1,2637.75,,1636098,S07,2619.25,2625.5,3,1636098,18.5,19.75,-7.0,True,-7.0,
20120309,1637062,1,2619.0,,1637182,S07,2637.5,2642.75,3,1637182,18.5,19.75,4.5,True,4.5,
20120312,1638216,-1,2658.25,,1638336,S07,2639.75,2634.75,3,1638336,18.5,19.75,4.25,True,4.25,
20120313,1639427,1,2640.0,,1639547,S07,2658.5,2667.5,3,1639547,18.5,19.75,8.25,True,8.25,
20120313,1639563,1,2669.0,,-1,PV2_V7m,2671.5,2675.0,3,1639683,2.5,3.75,2.75,True,11.0,
20120314,1640655,1,2682.25,,1640775,S07,2700.75,2699.0,3,1640775,18.5,19.75,-2.5,True,-2.5,
20120315,1641896,-1,2726.75,,1642016,S07,2708.25,2713.25,3,1642016,18.5,19.75,-5.75,True,-5.75,
20120316,1643068,-1,2730.25,,1643188,S07,2711.75,2710.25,3,1643188,18.5,19.75,0.75,True,0.75,
20120319,1644303,-1,2727.5,,1644423,S07,2709.0,2714.75,3,1644423,18.5,19.75,-6.5,True,-6.5,
20120319,1644439,1,2722.0,,-1,PV2_V7m,2723.0,2721.5,1,1644444,1.0,2.25,-2.25,True,-8.75,
20120320,1645491,-1,2729.25,,1645611,S07,2710.75,2715.75,3,1645611,18.5,19.75,-5.75,True,-5.75,
20120322,1647306,1,2703.5,,1647426,S07,2722.0,2726.0,3,1647426,18.5,19.75,3.25,True,3.25,
20120323,1648546,-1,2748.0,,1648666,S07,2729.5,2726.0,3,1648666,18.5,19.75,2.75,True,2.75,
20120326,1649796,-1,2763.25,,1649916,S07,2744.75,2754.75,3,1649916,18.5,19.75,-10.75,True,-10.75,
20120327,1651039,-1,2794.75,,1651159,S07,2776.25,2781.75,3,1651159,18.5,19.75,-6.25,True,-6.25,
20120328,1652252,1,2764.5,,1652372,S07,2783.0,2771.0,3,1652372,18.5,19.75,-12.75,True,-12.75,
20120329,1653513,1,2736.5,,1653633,S07,2755.0,2744.25,3,1653633,18.5,19.75,-11.5,True,-11.5,
20120330,1654765,-1,2787.25,,1654885,S07,2768.75,2755.25,3,1654885,18.5,19.75,12.75,True,12.75,
20120402,1655998,-1,2764.5,,1656118,S07,2746.0,2765.0,1,1656085,18.5,19.75,-19.75,True,-19.75,
20120403,1657206,-1,2801.75,,1657326,S07,2783.25,2781.5,3,1657326,18.5,19.75,1.0,True,1.0,
20120404,1658443,-1,2772.0,,1658563,S07,2753.5,2735.25,3,1658563,18.5,19.75,17.5,True,17.5,
20120405,1659696,1,2721.0,,1659816,S07,2739.5,2754.0,3,1659816,18.5,19.75,13.75,True,13.75,
20120409,1661300,1,2707.0,,1661420,S07,2725.5,2735.0,3,1661420,18.5,19.75,8.75,True,8.75,
20120410,1662541,1,2723.25,,1662661,S07,2741.75,2728.5,3,1662661,18.5,19.75,-14.0,True,-14.0,
20120411,1663818,-1,2729.25,,1663938,S07,2710.75,2717.75,3,1663938,18.5,19.75,-7.75,True,-7.75,
20120412,1665100,-1,2728.0,,1665220,S07,2709.5,2728.5,1,1665154,18.5,19.75,-19.75,True,-19.75,
20120413,1666173,-1,2740.5,,1666293,S07,2722.0,2703.0,3,1666293,18.5,19.75,18.25,True,18.25,
20120416,1667433,-1,2722.75,,1667553,S07,2704.25,2668.25,3,1667553,18.5,19.75,35.25,True,35.25,
20120417,1668689,1,2659.25,,1668809,S07,2677.75,2708.25,3,1668809,18.5,19.75,29.75,True,29.75,
20120418,1669939,1,2692.75,,1670059,S07,2711.25,2709.25,3,1670059,18.5,19.75,-2.75,True,-2.75,
20120419,1671195,1,2685.0,,1671315,S07,2703.5,2711.75,3,1671315,18.5,19.75,7.5,True,7.5,
20120420,1672442,-1,2707.5,,1672562,S07,2689.0,2708.0,1,1672507,18.5,19.75,-19.75,True,-19.75,
20120423,1673669,-1,2658.25,,1673789,S07,2639.75,2635.75,3,1673789,18.5,19.75,3.25,True,3.25,
20120424,1674936,1,2628.75,,1675056,S07,2647.25,2645.0,3,1675056,18.5,19.75,-3.0,True,-3.0,
20120425,1676218,1,2674.25,,1676338,S07,2692.75,2695.75,3,1676338,18.5,19.75,2.25,True,2.25,
20120426,1677465,1,2689.0,,1677585,S07,2707.5,2706.75,3,1677585,18.5,19.75,-1.5,True,-1.5,
20120427,1678752,1,2715.5,,1678872,S07,2734.0,2735.75,3,1678872,18.5,19.75,1.0,True,1.0,
20120430,1679926,-1,2748.0,,1680046,S07,2729.5,2721.25,3,1680046,18.5,19.75,7.5,True,7.5,
20120501,1681071,1,2698.25,,1681191,S07,2716.75,2746.75,3,1681191,18.5,19.75,29.25,True,29.25,
20120502,1682302,1,2688.25,,1682422,S07,2706.75,2721.0,3,1682422,18.5,19.75,13.5,True,13.5,
20120503,1683453,-1,2749.0,,1683573,S07,2730.5,2723.25,3,1683573,18.5,19.75,6.5,True,6.5,
20120503,1683595,-1,2713.0,,-1,PV2_V7m,2711.0,2713.5,1,1683651,2.0,3.25,-3.25,True,3.25,
20120504,1684651,-1,2695.0,,1684771,S07,2676.5,2647.5,3,1684771,18.5,19.75,28.25,True,28.25,
20120507,1685956,1,2604.5,,1686076,S07,2623.0,2635.75,3,1686076,18.5,19.75,12.0,True,12.0,
20120508,1687188,1,2604.75,,1687308,S07,2623.25,2604.25,1,1687227,18.5,19.75,-19.75,True,-19.75,
20120509,1688488,1,2581.0,,1688608,S07,2599.5,2615.25,3,1688608,18.5,19.75,15.0,True,15.0,
20120510,1689809,-1,2642.25,,1689929,S07,2623.75,2613.75,3,1689929,18.5,19.75,9.25,True,9.25,
20120511,1691125,1,2587.0,,1691245,S07,2605.5,2637.0,3,1691245,18.5,19.75,30.75,True,30.75,
20120514,1692394,1,2573.75,,1692514,S07,2592.25,2602.5,3,1692514,18.5,19.75,9.5,True,9.5,
20120515,1693678,1,2576.5,,1693798,S07,2595.0,2598.0,3,1693798,18.5,19.75,2.25,True,2.25,
20120516,1694997,-1,2607.25,,1695117,S07,2588.75,2577.0,3,1695117,18.5,19.75,11.0,True,11.0,
20120517,1696294,1,2544.25,,1696414,S07,2562.75,2543.75,1,1696321,18.5,19.75,-19.75,True,-19.75,
20120517,1696327,-1,2548.25,,-1,PV2_V7m,2547.0,2548.75,1,1696329,1.25,2.5,-2.5,True,-22.25,
20120518,1697621,1,2496.5,,1697741,S07,2515.0,2496.0,1,1697741,18.5,19.75,-19.75,True,-19.75,
20120521,1698914,1,2466.0,,1699034,S07,2484.5,2510.75,3,1699034,18.5,19.75,25.5,True,25.5,
20120522,1700192,1,2529.75,,1700312,S07,2548.25,2559.5,3,1700312,18.5,19.75,10.5,True,10.5,
20120523,1701512,1,2501.75,,1701632,S07,2520.25,2510.5,3,1701632,18.5,19.75,-10.5,True,-10.5,
20120524,1702797,-1,2561.25,,1702917,S07,2542.75,2536.25,3,1702917,18.5,19.75,5.75,True,5.75,
20120525,1704083,-1,2546.5,,1704203,S07,2528.0,2525.75,3,1704203,18.5,19.75,1.5,True,1.5,
20120529,1706269,-1,2562.5,,1706389,S07,2544.0,2563.0,1,1706314,18.5,19.75,-19.75,True,-19.75,
20120530,1707559,-1,2548.75,,1707679,S07,2530.25,2528.25,3,1707679,18.5,19.75,1.25,True,1.25,
20120531,1708856,-1,2551.75,,1708976,S07,2533.25,2517.0,3,1708976,18.5,19.75,15.5,True,15.5,
20120601,1710154,1,2472.25,,1710274,S07,2490.75,2471.75,1,1710250,18.5,19.75,-19.75,True,-19.75,
20120604,1711465,1,2454.5,,1711585,S07,2473.0,2454.0,1,1711488,18.5,19.75,-19.75,True,-19.75,
20120605,1712750,1,2452.75,,1712870,S07,2471.25,2479.0,3,1712870,18.5,19.75,7.0,True,7.0,
20120606,1714068,1,2491.75,,1714188,S07,2510.25,2536.25,3,1714188,18.5,19.75,25.25,True,25.25,
20120607,1714846,-1,2578.75,,1714966,S07,2560.25,2542.25,3,1714966,18.5,19.75,17.25,True,17.25,
20120608,1716052,-1,2536.5,,1716172,S07,2518.0,2537.0,1,1716114,18.5,19.75,-19.75,True,-19.75,
20120611,1717325,-1,2583.0,,1717445,S07,2564.5,2549.0,3,1717445,18.5,19.75,14.75,True,14.75,
20120612,1718605,1,2507.75,,1718725,S07,2526.25,2507.25,1,1718651,18.5,19.75,-19.75,True,-19.75,
20120612,1718721,1,2533.5,,-1,PV2_V7m,2535.5,2533.0,1,1718724,2.0,3.25,-3.25,True,-23.0,
20120613,1719817,-1,2548.25,,1719937,S07,2529.75,2548.75,1,1719882,18.5,19.75,-19.75,True,-19.75,
20120614,1721086,-1,2537.75,,1721206,S07,2519.25,2538.25,1,1721197,18.5,19.75,-19.75,True,-19.75,
20120615,1722338,1,2522.75,,1722458,S07,2541.25,2557.0,3,1722458,18.5,19.75,15.0,True,15.0,
20120618,1723635,-1,2569.5,,1723755,S07,2551.0,2570.0,1,1723646,18.5,19.75,-19.75,True,-19.75,
20120619,1724889,1,2584.75,,1725009,S07,2603.25,2616.25,3,1725009,18.5,19.75,12.25,True,12.25,
20120620,1726110,-1,2633.75,,1726230,S07,2615.25,2617.5,3,1726230,18.5,19.75,-3.0,True,-3.0,
20120621,1727385,1,2598.75,,1727505,S07,2617.25,2598.25,1,1727416,18.5,19.75,-19.75,True,-19.75,
20120622,1728668,-1,2578.0,,1728788,S07,2559.5,2563.0,3,1728788,18.5,19.75,-4.25,True,-4.25,
20120625,1729923,-1,2568.75,,1730043,S07,2550.25,2525.5,3,1730043,18.5,19.75,24.0,True,24.0,
20120626,1731180,1,2517.5,,1731300,S07,2536.0,2535.25,3,1731300,18.5,19.75,-1.5,True,-1.5,
20120627,1732405,1,2538.25,,1732525,S07,2556.75,2564.0,3,1732525,18.5,19.75,6.5,True,6.5,
20120628,1733636,-1,2544.25,,1733756,S07,2525.75,2521.75,3,1733756,18.5,19.75,3.25,True,3.25,
20120629,1734964,-1,2593.5,,1735084,S07,2575.0,2594.0,1,1735072,18.5,19.75,-19.75,True,-19.75,
20120702,1736180,-1,2629.5,,1736300,S07,2611.0,2606.25,3,1736300,18.5,19.75,4.0,True,4.0,
20120703,1737432,-1,2638.25,,1737552,S07,2619.75,2638.75,1,1737545,18.5,19.75,-19.75,True,-19.75,
20120703,1737545,1,2634.5,,-1,PV2_V7m,2637.75,2634.0,1,1737573,3.25,4.5,-4.5,True,-24.25,
20120705,1739343,-1,2655.25,,1739463,S07,2636.75,2649.75,3,1739463,18.5,19.75,-13.75,True,-13.75,
20120706,1740570,-1,2647.0,,1740690,S07,2628.5,2597.75,3,1740690,18.5,19.75,30.0,True,30.0,
20120709,1741574,1,2593.25,,1741694,S07,2611.75,2592.75,1,1741633,18.5,19.75,-19.75,True,-19.75,
20120710,1742781,1,2602.75,,1742901,S07,2621.25,2602.25,1,1742827,18.5,19.75,-19.75,True,-19.75,
20120711,1744018,-1,2588.75,,1744138,S07,2570.25,2564.75,3,1744138,18.5,19.75,4.75,True,4.75,
20120712,1745285,-1,2561.0,,1745405,S07,2542.5,2527.25,3,1745405,18.5,19.75,14.5,True,14.5,
20120713,1746555,1,2532.75,,1746675,S07,2551.25,2566.5,3,1746675,18.5,19.75,14.5,True,14.5,
20120716,1747711,1,2557.5,,1747831,S07,2576.0,2579.0,3,1747831,18.5,19.75,2.25,True,2.25,
20120717,1748962,1,2570.75,,1749082,S07,2589.25,2570.25,1,1748992,18.5,19.75,-19.75,True,-19.75,
20120717,1749034,-1,2553.0,,-1,PV2_V7m,2549.5,2553.5,1,1749040,3.5,4.75,-4.75,True,-24.5,
20120718,1750208,1,2566.0,,1750328,S07,2584.5,2615.5,3,1750328,18.5,19.75,30.25,True,30.25,
20120719,1751485,1,2623.5,,1751605,S07,2642.0,2648.5,3,1751605,18.5,19.75,5.75,True,5.75,
20120720,1752760,1,2627.25,,1752880,S07,2645.75,2629.25,3,1752880,18.5,19.75,-17.25,True,-17.25,
20120723,1754042,-1,2572.0,,1754162,S07,2553.5,2564.5,3,1754162,18.5,19.75,-11.75,True,-11.75,
20120724,1755354,-1,2604.75,,1755474,S07,2586.25,2576.75,3,1755474,18.5,19.75,8.75,True,8.75,
20120725,1756673,1,2528.25,,1756793,S07,2546.75,2539.5,3,1756793,18.5,19.75,-8.0,True,-8.0,
20120726,1757933,1,2571.5,,1758053,S07,2590.0,2571.0,1,1758013,18.5,19.75,-19.75,True,-19.75,
20120727,1759180,1,2576.5,,1759300,S07,2595.0,2613.75,3,1759300,18.5,19.75,18.0,True,18.0,
20120730,1760424,1,2634.5,,1760544,S07,2653.0,2634.0,1,1760532,18.5,19.75,-19.75,True,-19.75,
20120731,1761683,1,2624.0,,1761803,S07,2642.5,2647.5,3,1761803,18.5,19.75,4.25,True,4.25,
20120801,1762927,-1,2670.25,,1763047,S07,2651.75,2638.0,3,1763047,18.5,19.75,13.0,True,13.0,
20120802,1764180,1,2590.0,,1764300,S07,2608.5,2618.5,3,1764300,18.5,19.75,9.25,True,9.25,
20120803,1765423,-1,2678.5,,1765543,S07,2660.0,2679.0,1,1765524,18.5,19.75,-19.75,True,-19.75,
20120806,1766660,-1,2696.5,,1766780,S07,2678.0,2693.0,3,1766780,18.5,19.75,-15.75,True,-15.75,
20120807,1767901,1,2684.5,,1768021,S07,2703.0,2713.0,3,1768021,18.5,19.75,9.25,True,9.25,
20120808,1769164,-1,2722.0,,1769284,S07,2703.5,2715.25,3,1769284,18.5,19.75,-12.5,True,-12.5,
20120809,1770406,1,2694.75,,1770526,S07,2713.25,2717.25,3,1770526,18.5,19.75,3.25,True,3.25,
20120810,1771635,-1,2728.0,,1771755,S07,2709.5,2712.5,3,1771755,18.5,19.75,-3.75,True,-3.75,
20120813,1772834,1,2701.0,,1772954,S07,2719.5,2711.75,3,1772954,18.5,19.75,-8.5,True,-8.5,
20120814,1774038,-1,2756.5,,1774158,S07,2738.0,2742.25,3,1774158,18.5,19.75,-5.0,True,-5.0,
20120815,1775227,1,2712.25,,1775347,S07,2730.75,2733.5,3,1775347,18.5,19.75,2.0,True,2.0,
20120816,1776446,-1,2764.25,,1776566,S07,2745.75,2757.25,3,1776566,18.5,19.75,-12.25,True,-12.25,
20120817,1777660,-1,2787.0,,1777780,S07,2768.5,2772.75,3,1777780,18.5,19.75,-5.0,True,-5.0,
20120820,1778820,-1,2796.0,,1778940,S07,2777.5,2773.75,3,1778940,18.5,19.75,3.0,True,3.0,
20120821,1779966,1,2778.5,,1780086,S07,2797.0,2786.0,3,1780086,18.5,19.75,-11.75,True,-11.75,
20120821,1780165,-1,2774.25,,-1,PV2_V7m,2773.0,2774.75,1,1780167,1.25,2.5,-2.5,True,-14.25,
20120822,1781192,-1,2781.25,,1781312,S07,2762.75,2766.75,3,1781312,18.5,19.75,-4.75,True,-4.75,
20120823,1782439,-1,2787.5,,1782559,S07,2769.0,2777.5,3,1782559,18.5,19.75,-9.25,True,-9.25,
20120824,1783661,-1,2774.25,,1783781,S07,2755.75,2774.75,1,1783763,18.5,19.75,-19.75,True,-19.75,
20120827,1784894,-1,2805.5,,1785014,S07,2787.0,2792.25,3,1785014,18.5,19.75,-6.0,True,-6.0,
20120828,1786095,-1,2797.5,,1786215,S07,2779.0,2779.25,3,1786215,18.5,19.75,-1.0,True,-1.0,
20120829,1787222,1,2769.0,,1787342,S07,2787.5,2778.5,3,1787342,18.5,19.75,-9.75,True,-9.75,
20120830,1788444,-1,2784.25,,1788564,S07,2765.75,2757.75,3,1788564,18.5,19.75,7.25,True,7.25,
20120831,1789658,-1,2794.0,,1789778,S07,2775.5,2776.0,3,1789778,18.5,19.75,-1.25,True,-1.25,
20120904,1791752,-1,2786.0,,1791872,S07,2767.5,2749.75,3,1791872,18.5,19.75,17.0,True,17.0,
20120905,1792987,1,2750.75,,1793107,S07,2769.25,2775.0,3,1793107,18.5,19.75,5.0,True,5.0,
20120906,1794199,1,2775.75,,1794319,S07,2794.25,2820.25,3,1794319,18.5,19.75,25.25,True,25.25,
20120907,1795462,-1,2836.75,,1795582,S07,2818.25,2822.75,3,1795582,18.5,19.75,-5.25,True,-5.25,
20120910,1796625,1,2804.25,,1796745,S07,2822.75,2809.25,3,1796745,18.5,19.75,-14.25,True,-14.25,
20120911,1797874,-1,2807.0,,1797994,S07,2788.5,2797.5,3,1797994,18.5,19.75,-9.75,True,-9.75,
20120912,1799135,-1,2813.25,,1799255,S07,2794.75,2786.5,3,1799255,18.5,19.75,7.5,True,7.5,
20120914,1801047,1,2815.75,,1801167,S07,2834.25,2855.0,3,1801167,18.5,19.75,20.0,True,20.0,
20120917,1802229,-1,2864.0,,1802349,S07,2845.5,2845.25,3,1802349,18.5,19.75,-0.5,True,-0.5,
20120918,1803400,1,2827.0,,1803520,S07,2845.5,2850.0,3,1803520,18.5,19.75,3.75,True,3.75,
20120919,1804608,-1,2868.75,,1804728,S07,2850.25,2855.5,3,1804728,18.5,19.75,-6.0,True,-6.0,
20120920,1805825,1,2828.0,,1805945,S07,2846.5,2849.5,3,1805945,18.5,19.75,2.25,True,2.25,
20120921,1807048,1,2851.5,,1807168,S07,2870.0,2864.75,3,1807168,18.5,19.75,-6.0,True,-6.0,
20120924,1808303,-1,2846.5,,1808423,S07,2828.0,2835.0,3,1808423,18.5,19.75,-7.75,True,-7.75,
20120925,1809488,-1,2863.0,,1809608,S07,2844.5,2850.5,3,1809608,18.5,19.75,-6.75,True,-6.75,
20120926,1810724,1,2778.0,,1810844,S07,2796.5,2777.5,1,1810774,18.5,19.75,-19.75,True,-19.75,
20120927,1811977,-1,2801.5,,1812097,S07,2783.0,2789.25,3,1812097,18.5,19.75,-7.0,True,-7.0,
20120928,1813215,-1,2823.25,,1813335,S07,2804.75,2793.25,3,1813335,18.5,19.75,10.75,True,10.75,
20121001,1814496,1,2792.5,,1814616,S07,2811.0,2811.75,3,1814616,18.5,19.75,0.0,True,0.0,
20121002,1815721,1,2787.0,,1815841,S07,2805.5,2797.25,3,1815841,18.5,19.75,-9.0,True,-9.0,
20121003,1816923,1,2786.25,,1817043,S07,2804.75,2809.75,3,1817043,18.5,19.75,4.25,True,4.25,
20121004,1818210,-1,2835.75,,1818330,S07,2817.25,2813.25,3,1818330,18.5,19.75,3.25,True,3.25,
20121005,1819373,1,2817.75,,1819493,S07,2836.25,2826.0,3,1819493,18.5,19.75,-11.0,True,-11.0,
20121008,1820576,-1,2802.25,,1820696,S07,2783.75,2778.5,3,1820696,18.5,19.75,4.5,True,4.5,
20121009,1821617,-1,2786.0,,1821737,S07,2767.5,2736.0,3,1821737,18.5,19.75,30.75,True,30.75,
20121010,1822908,-1,2753.25,,1823028,S07,2734.75,2736.0,3,1823028,18.5,19.75,-2.0,True,-2.0,
20121011,1824209,-1,2758.75,,1824329,S07,2740.25,2729.25,3,1824329,18.5,19.75,10.25,True,10.25,
20121012,1825475,-1,2731.75,,1825595,S07,2713.25,2712.0,3,1825595,18.5,19.75,0.5,True,0.5,
20121015,1826750,1,2709.25,,1826870,S07,2727.75,2708.75,1,1826797,18.5,19.75,-19.75,True,-19.75,
20121016,1828017,-1,2758.0,,1828137,S07,2739.5,2758.5,1,1828127,18.5,19.75,-19.75,True,-19.75,
20121017,1829328,-1,2775.0,,1829448,S07,2756.5,2775.5,1,1829358,18.5,19.75,-19.75,True,-19.75,
20121018,1830550,1,2744.0,,1830670,S07,2762.5,2760.75,3,1830670,18.5,19.75,-2.5,True,-2.5,
20121019,1831821,-1,2747.25,,1831941,S07,2728.75,2695.0,3,1831941,18.5,19.75,33.0,True,33.0,
20121022,1833108,1,2654.0,,1833228,S07,2672.5,2674.25,3,1833228,18.5,19.75,1.0,True,1.0,
20121023,1834367,1,2645.5,,1834487,S07,2664.0,2661.75,3,1834487,18.5,19.75,-3.0,True,-3.0,
20121024,1835644,1,2658.75,,1835764,S07,2677.25,2658.25,1,1835724,18.5,19.75,-19.75,True,-19.75,
20121025,1836908,-1,2688.75,,1837028,S07,2670.25,2650.5,3,1837028,18.5,19.75,19.0,True,19.0,
20121026,1838254,-1,2665.5,,1838374,S07,2647.0,2666.0,1,1838269,18.5,19.75,-19.75,True,-19.75,
20121031,1841194,1,2639.25,,1841314,S07,2657.75,2638.75,1,1841262,18.5,19.75,-19.75,True,-19.75,
20121101,1842484,1,2636.0,,1842604,S07,2654.5,2676.75,3,1842604,18.5,19.75,21.5,True,21.5,
20121102,1843746,-1,2705.75,,1843866,S07,2687.25,2678.0,3,1843866,18.5,19.75,8.5,True,8.5,
20121102,1844059,-1,2661.25,,-1,PV2_V7m,2659.0,2661.75,1,1844072,2.25,3.5,-3.5,True,5.0,
20121105,1844970,1,2636.0,,1845090,S07,2654.5,2657.25,3,1845090,18.5,19.75,2.0,True,2.0,
20121106,1846197,-1,2686.0,,1846317,S07,2667.5,2669.75,3,1846317,18.5,19.75,-3.0,True,-3.0,
20121107,1847540,-1,2658.75,,1847660,S07,2640.25,2604.0,3,1847660,18.5,19.75,35.5,True,35.5,
20121108,1848838,1,2601.0,,1848958,S07,2619.5,2600.5,1,1848889,18.5,19.75,-19.75,True,-19.75,
20121109,1850142,1,2556.0,,1850262,S07,2574.5,2593.25,3,1850262,18.5,19.75,18.0,True,18.0,
20121112,1851402,1,2576.5,,1851522,S07,2595.0,2576.0,1,1851480,18.5,19.75,-19.75,True,-19.75,
20121113,1852693,-1,2572.75,,1852813,S07,2554.25,2573.25,1,1852717,18.5,19.75,-19.75,True,-19.75,
20121114,1853961,1,2556.0,,1854081,S07,2574.5,2555.5,1,1854026,18.5,19.75,-19.75,True,-19.75,
20121115,1855244,-1,2551.0,,1855364,S07,2532.5,2523.0,3,1855364,18.5,19.75,8.75,True,8.75,
20121116,1856523,-1,2531.5,,1856643,S07,2513.0,2497.25,3,1856643,18.5,19.75,15.0,True,15.0,
20121119,1857772,1,2542.5,,1857892,S07,2561.0,2573.75,3,1857892,18.5,19.75,12.0,True,12.0,
20121120,1859052,-1,2605.0,,1859172,S07,2586.5,2592.25,3,1859172,18.5,19.75,-6.5,True,-6.5,
20121121,1860359,1,2577.5,,1860479,S07,2596.0,2593.0,3,1860479,18.5,19.75,-3.75,True,-3.75,
20121123,1862299,1,2598.0,,1862419,S07,2616.5,2632.25,3,1862419,18.5,19.75,15.0,True,15.0,
20121126,1863367,-1,2649.5,,1863487,S07,2631.0,2627.75,3,1863487,18.5,19.75,2.5,True,2.5,
20121127,1864608,-1,2665.25,,1864728,S07,2646.75,2645.25,3,1864728,18.5,19.75,0.75,True,0.75,
20121128,1865871,-1,2644.75,,1865991,S07,2626.25,2645.25,1,1865977,18.5,19.75,-19.75,True,-19.75,
20121128,1866121,1,2654.25,,-1,PV2_V7m,2656.5,2653.75,1,1866134,2.25,3.5,-3.5,True,-23.25,
20121129,1867148,1,2664.75,,1867268,S07,2683.25,2680.5,3,1867268,18.5,19.75,-3.5,True,-3.5,
20121130,1868428,-1,2697.5,,1868548,S07,2679.0,2668.75,3,1868548,18.5,19.75,9.5,True,9.5,
20121203,1869725,-1,2712.75,,1869845,S07,2694.25,2683.75,3,1869845,18.5,19.75,9.75,True,9.75,
20121204,1870998,-1,2684.0,,1871118,S07,2665.5,2656.25,3,1871118,18.5,19.75,8.5,True,8.5,
20121205,1872272,-1,2679.0,,1872392,S07,2660.5,2642.75,3,1872392,18.5,19.75,17.0,True,17.0,
20121206,1873563,-1,2644.0,,1873683,S07,2625.5,2644.5,1,1873586,18.5,19.75,-19.75,True,-19.75,
20121207,1874773,1,2649.0,,1874893,S07,2667.5,2648.5,1,1874796,18.5,19.75,-19.75,True,-19.75,
20121210,1876032,1,2617.5,,1876152,S07,2636.0,2655.75,3,1876152,18.5,19.75,19.0,True,19.0,
20121211,1877233,1,2646.25,,1877353,S07,2664.75,2689.75,3,1877353,18.5,19.75,24.25,True,24.25,
20121212,1878473,-1,2709.0,,1878593,S07,2690.5,2681.5,3,1878593,18.5,19.75,8.25,True,8.25,
20121213,1879537,-1,2648.25,,-1,PV2_V7m,2646.25,2648.75,1,1879583,2.0,3.25,-3.25,True,-3.25,
20121214,1880593,-1,2644.25,,1880713,S07,2625.75,2627.0,3,1880713,18.5,19.75,-2.0,True,-2.0,
20121217,1881849,-1,2644.25,,1881969,S07,2625.75,2640.25,3,1881969,18.5,19.75,-15.25,True,-15.25,
20121218,1883128,-1,2686.75,,1883248,S07,2668.25,2687.25,1,1883208,18.5,19.75,-19.75,True,-19.75,
20121218,1883238,1,2689.25,,-1,PV2_V7m,2691.0,2688.75,1,1883242,1.75,3.0,-3.0,True,-22.75,
20121219,1884336,-1,2727.25,,1884456,S07,2708.75,2710.25,3,1884456,18.5,19.75,-2.25,True,-2.25,
20121220,1885589,-1,2711.25,,1885709,S07,2692.75,2679.5,3,1885709,18.5,19.75,12.5,True,12.5,
20121221,1886921,-1,2656.5,,1887041,S07,2638.0,2657.0,1,1886962,18.5,19.75,-19.75,True,-19.75,
20121224,1888108,1,2635.5,,1888228,S07,2654.0,2652.75,3,1888228,18.5,19.75,-2.0,True,-2.0,
20121226,1888526,1,2636.0,,1888646,S07,2654.5,2635.5,1,1888615,18.5,19.75,-19.75,True,-19.75,
20121226,1888629,-1,2632.25,,-1,PV2_V7m,2631.25,2632.75,1,1888667,1.0,2.25,-2.25,True,-22.0,
20121227,1889704,-1,2644.25,,1889824,S07,2625.75,2613.75,3,1889824,18.5,19.75,11.25,True,11.25,
20121228,1890953,1,2593.75,,1891073,S07,2612.25,2617.5,3,1891073,18.5,19.75,4.5,True,4.5,
20121231,1892151,1,2581.0,,1892271,S07,2599.5,2619.0,3,1892271,18.5,19.75,18.75,True,18.75,
20130102,1892796,1,2710.0,,1892916,S07,2728.5,2717.5,3,1892916,18.5,19.75,-11.75,True,-11.75,
20130103,1894029,-1,2753.0,,1894149,S07,2734.5,2744.75,3,1894149,18.5,19.75,-11.0,True,-11.0,
20130104,1895269,-1,2741.25,,1895389,S07,2722.75,2718.75,3,1895389,18.5,19.75,3.25,True,3.25,
20130107,1896509,-1,2721.75,,1896629,S07,2703.25,2719.5,3,1896629,18.5,19.75,-17.0,True,-17.0,
20130108,1897719,-1,2735.5,,1897839,S07,2717.0,2701.5,3,1897839,18.5,19.75,14.75,True,14.75,
20130109,1898969,1,2700.75,,1899089,S07,2719.25,2726.25,3,1899089,18.5,19.75,6.25,True,6.25,
20130110,1900199,-1,2759.25,,1900319,S07,2740.75,2720.25,3,1900319,18.5,19.75,19.75,True,19.75,
20130111,1901449,-1,2754.5,,1901569,S07,2736.0,2733.75,3,1901569,18.5,19.75,1.5,True,1.5,
20130114,1902707,1,2712.0,,1902827,S07,2730.5,2727.0,3,1902827,18.5,19.75,-4.25,True,-4.25,
20130115,1903941,-1,2732.0,,1904061,S07,2713.5,2712.25,3,1904061,18.5,19.75,0.5,True,0.5,
20130116,1905219,1,2702.25,,1905339,S07,2720.75,2730.5,3,1905339,18.5,19.75,9.0,True,9.0,
20130117,1906488,1,2722.25,,1906608,S07,2740.75,2742.75,3,1906608,18.5,19.75,1.25,True,1.25,
20130118,1907759,1,2716.5,,1907879,S07,2735.0,2726.0,3,1907879,18.5,19.75,-9.75,True,-9.75,
20130122,1909835,-1,2757.25,,1909955,S07,2738.75,2725.0,3,1909955,18.5,19.75,13.0,True,13.0,
20130123,1911083,1,2736.25,,1911203,S07,2754.75,2753.75,3,1911203,18.5,19.75,-1.75,True,-1.75,
20130124,1912412,1,2705.75,,1912532,S07,2724.25,2741.75,3,1912532,18.5,19.75,16.75,True,16.75,
20130125,1913685,-1,2741.0,,1913805,S07,2722.5,2727.75,3,1913805,18.5,19.75,-6.0,True,-6.0,
20130128,1914869,1,2715.5,,1914989,S07,2734.0,2742.25,3,1914989,18.5,19.75,7.5,True,7.5,
20130129,1916114,-1,2748.25,,1916234,S07,2729.75,2739.0,3,1916234,18.5,19.75,-10.0,True,-10.0,
20130130,1917323,-1,2758.5,,1917443,S07,2740.0,2746.0,3,1917443,18.5,19.75,-6.75,True,-6.75,
20130131,1918338,1,2713.25,,1918458,S07,2731.75,2725.5,3,1918458,18.5,19.75,-7.0,True,-7.0,
20130201,1919572,1,2726.75,,1919692,S07,2745.25,2748.5,3,1919692,18.5,19.75,2.5,True,2.5,
20130204,1920763,1,2726.0,,1920883,S07,2744.5,2725.5,1,1920880,18.5,19.75,-19.75,True,-19.75,
20130204,1920886,-1,2726.5,,-1,PV2_V7m,2725.5,2717.5,3,1921006,1.0,2.25,7.25,True,-12.5,
20130205,1922043,-1,2738.5,,1922163,S07,2720.0,2739.0,1,1922110,18.5,19.75,-19.75,True,-19.75,
20130206,1923286,1,2722.5,,1923406,S07,2741.0,2750.75,3,1923406,18.5,19.75,9.0,True,9.0,
20130207,1924489,-1,2760.25,,1924609,S07,2741.75,2720.75,3,1924609,18.5,19.75,20.25,True,20.25,
20130208,1925726,1,2739.5,,1925846,S07,2758.0,2773.25,3,1925846,18.5,19.75,14.5,True,14.5,
20130211,1926833,-1,2790.25,,1926953,S07,2771.75,2771.75,3,1926953,18.5,19.75,-0.75,True,-0.75,
20130212,1928040,-1,2787.5,,1928160,S07,2769.0,2764.5,3,1928160,18.5,19.75,3.75,True,3.75,
20130213,1929207,-1,2786.75,,1929327,S07,2768.25,2767.5,3,1929327,18.5,19.75,0.0,True,0.0,
20130214,1930398,1,2740.75,,1930518,S07,2759.25,2767.5,3,1930518,18.5,19.75,7.5,True,7.5,
20130215,1931584,1,2751.5,,1931704,S07,2770.0,2769.75,3,1931704,18.5,19.75,-1.0,True,-1.0,
20130215,1931886,-1,2759.0,,-1,PV2_V7m,2757.0,2759.5,1,1931913,2.0,3.25,-3.25,True,-4.25,
20130219,1933476,-1,2788.0,,1933596,S07,2769.5,2772.25,3,1933596,18.5,19.75,-3.5,True,-3.5,
20130220,1934657,1,2763.5,,1934777,S07,2782.0,2767.75,3,1934777,18.5,19.75,-15.0,True,-15.0,
20130221,1935926,-1,2746.0,,1936046,S07,2727.5,2713.0,3,1936046,18.5,19.75,13.75,True,13.75,
20130222,1937169,1,2707.5,,1937289,S07,2726.0,2721.0,3,1937289,18.5,19.75,-5.75,True,-5.75,
20130225,1938395,1,2741.25,,1938515,S07,2759.75,2749.5,3,1938515,18.5,19.75,-11.0,True,-11.0,
20130226,1939709,-1,2724.5,,1939829,S07,2706.0,2698.5,3,1939829,18.5,19.75,6.75,True,6.75,
20130227,1940942,-1,2728.0,,1941062,S07,2709.5,2728.5,1,1940993,18.5,19.75,-19.75,True,-19.75,
20130228,1942163,-1,2760.5,,1942283,S07,2742.0,2752.25,3,1942283,18.5,19.75,-11.0,True,-11.0,
20130301,1943389,-1,2740.5,,1943509,S07,2722.0,2741.0,1,1943471,18.5,19.75,-19.75,True,-19.75,
20130304,1944661,-1,2757.0,,1944781,S07,2738.5,2747.0,3,1944781,18.5,19.75,-9.25,True,-9.25,
20130305,1945863,1,2758.25,,1945983,S07,2776.75,2796.5,3,1945983,18.5,19.75,19.0,True,19.0,
20130306,1947060,-1,2822.75,,1947180,S07,2804.25,2794.5,3,1947180,18.5,19.75,9.0,True,9.0,
20130307,1947805,1,2774.75,,1947925,S07,2793.25,2796.25,3,1947925,18.5,19.75,2.25,True,2.25,
20130308,1948915,-1,2823.75,,1949035,S07,2805.25,2798.75,3,1949035,18.5,19.75,5.75,True,5.75,
20130311,1950029,-1,2812.25,,1950149,S07,2793.75,2794.75,3,1950149,18.5,19.75,-1.75,True,-1.75,
20130312,1951131,-1,2813.25,,1951251,S07,2794.75,2785.75,3,1951251,18.5,19.75,8.25,True,8.25,
20130313,1952281,-1,2814.25,,1952401,S07,2795.75,2792.0,3,1952401,18.5,19.75,3.0,True,3.0,
20130314,1953372,1,2784.5,,1953492,S07,2803.0,2798.75,3,1953492,18.5,19.75,-5.0,True,-5.0,
20130315,1954501,-1,2818.5,,1954621,S07,2800.0,2798.0,3,1954621,18.5,19.75,1.25,True,1.25,
20130318,1955831,-1,2780.75,,1955951,S07,2762.25,2781.25,1,1955873,18.5,19.75,-19.75,True,-19.75,
20130319,1956997,1,2777.0,,1957117,S07,2795.5,2787.5,3,1957117,18.5,19.75,-8.75,True,-8.75,
20130320,1958199,-1,2819.0,,1958319,S07,2800.5,2793.5,3,1958319,18.5,19.75,6.25,True,6.25,
20130321,1959401,1,2758.75,,1959521,S07,2777.25,2775.25,3,1959521,18.5,19.75,-2.75,True,-2.75,
20130322,1960583,1,2763.5,,1960703,S07,2782.0,2786.5,3,1960703,18.5,19.75,3.75,True,3.75,
20130325,1961844,-1,2820.75,,1961964,S07,2802.25,2784.75,3,1961964,18.5,19.75,16.75,True,16.75,
20130326,1963006,1,2778.25,,1963126,S07,2796.75,2795.0,3,1963126,18.5,19.75,-2.5,True,-2.5,
20130327,1964134,-1,2797.0,,1964254,S07,2778.5,2797.5,1,1964239,18.5,19.75,-19.75,True,-19.75,
20130328,1965349,-1,2822.0,,1965469,S07,2803.5,2807.25,3,1965469,18.5,19.75,-4.5,True,-4.5,
20130401,1966445,-1,2830.75,,1966565,S07,2812.25,2798.5,3,1966565,18.5,19.75,13.0,True,13.0,
20130402,1967655,1,2787.75,,1967775,S07,2806.25,2821.0,3,1967775,18.5,19.75,14.0,True,14.0,
20130403,1968844,1,2799.5,,1968964,S07,2818.0,2803.75,3,1968964,18.5,19.75,-15.0,True,-15.0,
20130404,1970089,-1,2804.75,,1970209,S07,2786.25,2784.25,3,1970209,18.5,19.75,1.25,True,1.25,
20130405,1971351,-1,2759.25,,1971471,S07,2740.75,2754.25,3,1971471,18.5,19.75,-14.25,True,-14.25,
20130408,1972581,-1,2783.25,,1972701,S07,2764.75,2761.25,3,1972701,18.5,19.75,2.75,True,2.75,
20130409,1973767,-1,2806.0,,1973887,S07,2787.5,2780.75,3,1973887,18.5,19.75,6.0,True,6.0,
20130410,1974930,1,2793.75,,1975050,S07,2812.25,2846.5,3,1975050,18.5,19.75,33.5,True,33.5,
20130411,1976180,-1,2862.25,,1976300,S07,2843.75,2855.75,3,1976300,18.5,19.75,-12.75,True,-12.75,
20130412,1977405,1,2827.5,,1977525,S07,2846.0,2836.0,3,1977525,18.5,19.75,-10.75,True,-10.75,
20130415,1978689,-1,2854.75,,1978809,S07,2836.25,2835.5,3,1978809,18.5,19.75,0.0,True,0.0,
20130416,1980023,1,2791.25,,1980143,S07,2809.75,2818.0,3,1980143,18.5,19.75,7.5,True,7.5,
20130417,1981272,-1,2820.25,,1981392,S07,2801.75,2773.75,3,1981392,18.5,19.75,27.25,True,27.25,
20130418,1982590,-1,2792.5,,1982710,S07,2774.0,2751.5,3,1982710,18.5,19.75,21.75,True,21.75,
20130419,1983886,-1,2763.0,,1984006,S07,2744.5,2763.5,1,1983919,18.5,19.75,-19.75,True,-19.75,
20130419,1983919,1,2757.0,,-1,PV2_V7m,2762.0,2756.5,1,1983926,5.0,6.25,-6.25,True,-26.0,
20130422,1984943,1,2773.5,,1985063,S07,2792.0,2773.0,1,1984996,18.5,19.75,-19.75,True,-19.75,
20130423,1986201,1,2800.75,,1986321,S07,2819.25,2834.25,3,1986321,18.5,19.75,14.25,True,14.25,
20130424,1987513,1,2808.0,,1987633,S07,2826.5,2824.25,3,1987633,18.5,19.75,-3.0,True,-3.0,
20130425,1988757,1,2823.5,,1988877,S07,2842.0,2851.75,3,1988877,18.5,19.75,9.0,True,9.0,
20130426,1990045,-1,2854.0,,1990165,S07,2835.5,2829.25,3,1990165,18.5,19.75,5.5,True,5.5,
20130429,1991201,1,2827.5,,1991321,S07,2846.0,2861.5,3,1991321,18.5,19.75,14.75,True,14.75,
20130430,1992398,-1,2877.75,,1992518,S07,2859.25,2871.5,3,1992518,18.5,19.75,-13.0,True,-13.0,
20130501,1993452,1,2864.25,,1993572,S07,2882.75,2880.75,3,1993572,18.5,19.75,-2.75,True,-2.75,
20130502,1994651,1,2857.25,,1994771,S07,2875.75,2901.5,3,1994771,18.5,19.75,25.0,True,25.0,
20130503,1995792,1,2916.0,,1995912,S07,2934.5,2943.5,3,1995912,18.5,19.75,8.25,True,8.25,
20130506,1996996,1,2927.25,,1997116,S07,2945.75,2944.0,3,1997116,18.5,19.75,-2.5,True,-2.5,
20130507,1998205,-1,2970.25,,1998325,S07,2951.75,2946.0,3,1998325,18.5,19.75,5.0,True,5.0,
20130508,1999414,-1,2962.5,,1999534,S07,2944.0,2963.0,1,1999486,18.5,19.75,-19.75,True,-19.75,
20130509,2000561,1,2939.0,,2000681,S07,2957.5,2962.0,3,2000681,18.5,19.75,3.75,True,3.75,
20130510,2001781,1,2948.0,,2001901,S07,2966.5,2970.5,3,2001901,18.5,19.75,3.25,True,3.25,
20130513,2003017,1,2955.25,,2003137,S07,2973.75,2977.0,3,2003137,18.5,19.75,2.5,True,2.5,
20130514,2004218,1,2966.75,,2004338,S07,2985.25,3001.0,3,2004338,18.5,19.75,15.0,True,15.0,
20130515,2005410,1,2979.0,,2005530,S07,2997.5,3000.75,3,2005530,18.5,19.75,2.5,True,2.5,
20130516,2006651,1,2988.5,,2006771,S07,3007.0,3013.75,3,2006771,18.5,19.75,6.0,True,6.0,
20130517,2007860,1,2996.5,,2007980,S07,3015.0,3009.5,3,2007980,18.5,19.75,-6.25,True,-6.25,
20130520,2009095,1,3004.75,,2009215,S07,3023.25,3029.0,3,2009215,18.5,19.75,5.0,True,5.0,
20130521,2010286,1,3005.0,,2010406,S07,3023.5,3024.25,3,2010406,18.5,19.75,0.0,True,0.0,
20130522,2011455,-1,3046.25,,2011575,S07,3027.75,3046.75,1,2011495,18.5,19.75,-19.75,True,-19.75,
20130523,2012793,1,2958.5,,2012913,S07,2977.0,2991.75,3,2012913,18.5,19.75,14.0,True,14.0,
20130524,2014077,1,2957.25,,2014197,S07,2975.75,2975.0,3,2014197,18.5,19.75,-1.5,True,-1.5,
20130528,2016186,-1,3041.0,,2016306,S07,3022.5,3027.25,3,2016306,18.5,19.75,-5.5,True,-5.5,
20130529,2017481,1,2977.75,,2017601,S07,2996.25,2990.5,3,2017601,18.5,19.75,-6.5,True,-6.5,
20130530,2018792,1,2980.75,,2018912,S07,2999.25,3017.0,3,2018912,18.5,19.75,17.0,True,17.0,
20130531,2020074,1,2980.25,,2020194,S07,2998.75,3020.0,3,2020194,18.5,19.75,20.5,True,20.5,
20130603,2021409,1,2966.0,,2021529,S07,2984.5,2965.5,1,2021476,18.5,19.75,-19.75,True,-19.75,
20130604,2022721,1,2977.25,,2022841,S07,2995.75,2997.0,3,2022841,18.5,19.75,0.5,True,0.5,
20130605,2024025,1,2945.75,,2024145,S07,2964.25,2945.25,1,2024117,18.5,19.75,-19.75,True,-19.75,
20130606,2025307,1,2922.0,,2025427,S07,2940.5,2933.5,3,2025427,18.5,19.75,-7.75,True,-7.75,
20130607,2026607,-1,2977.0,,2026727,S07,2958.5,2977.5,1,2026650,18.5,19.75,-19.75,True,-19.75,
20130610,2027889,-1,3007.75,,2028009,S07,2989.25,2997.5,3,2028009,18.5,19.75,-9.0,True,-9.0,
20130611,2029171,-1,2973.75,,2029291,S07,2955.25,2974.25,1,2029229,18.5,19.75,-19.75,True,-19.75,
20130612,2030415,1,2959.0,,2030535,S07,2977.5,2958.5,1,2030443,18.5,19.75,-19.75,True,-19.75,
20130613,2031260,-1,2935.0,,2031380,S07,2916.5,2926.0,3,2031380,18.5,19.75,-10.25,True,-10.25,
20130613,2031533,1,2942.5,,-1,PV2_V7m,2943.75,2942.0,1,2031541,1.25,2.5,-2.5,True,-12.75,
20130614,2032472,1,2938.0,,2032592,S07,2956.5,2942.5,3,2032592,18.5,19.75,-14.75,True,-14.75,
20130617,2033689,1,2949.0,,2033809,S07,2967.5,2982.0,3,2033809,18.5,19.75,13.75,True,13.75,
20130618,2034845,1,2957.5,,2034965,S07,2976.0,2994.5,3,2034965,18.5,19.75,17.75,True,17.75,
20130619,2036051,-1,3010.25,,2036171,S07,2991.75,2990.0,3,2036171,18.5,19.75,1.0,True,1.0,
20130620,2037359,-1,2940.25,,2037479,S07,2921.75,2907.75,3,2037479,18.5,19.75,13.25,True,13.25,
20130621,2038683,1,2869.5,,2038803,S07,2888.0,2869.0,1,2038728,18.5,19.75,-19.75,True,-19.75,
20130624,2040015,-1,2860.0,,2040135,S07,2841.5,2825.0,3,2040135,18.5,19.75,15.75,True,15.75,
20130625,2041361,1,2851.25,,2041481,S07,2869.75,2850.75,1,2041394,18.5,19.75,-19.75,True,-19.75,
20130626,2042653,1,2871.25,,2042773,S07,2889.75,2881.5,3,2042773,18.5,19.75,-9.0,True,-9.0,
20130627,2043900,1,2886.75,,2044020,S07,2905.25,2907.5,3,2044020,18.5,19.75,1.5,True,1.5,
20130628,2045133,1,2874.5,,2045253,S07,2893.0,2908.0,3,2045253,18.5,19.75,14.25,True,14.25,
20130701,2046434,1,2911.25,,2046554,S07,2929.75,2939.5,3,2046554,18.5,19.75,9.0,True,9.0,
20130702,2047668,1,2904.25,,2047788,S07,2922.75,2933.75,3,2047788,18.5,19.75,10.25,True,10.25,
20130703,2048912,1,2895.75,,2049032,S07,2914.25,2934.5,3,2049032,18.5,19.75,19.5,True,19.5,
20130703,2049064,1,2941.75,,-1,PV2_V7m,2943.25,2941.25,1,2049095,1.5,2.75,-2.75,True,16.75,
20130705,2050761,-1,2969.25,,2050881,S07,2950.75,2938.0,3,2050881,18.5,19.75,12.0,True,12.0,
20130708,2052039,-1,2989.5,,2052159,S07,2971.0,2955.25,3,2052159,18.5,19.75,15.0,True,15.0,
20130709,2053089,-1,2989.75,,2053209,S07,2971.25,2977.5,3,2053209,18.5,19.75,-7.0,True,-7.0,
20130710,2054321,1,2959.5,,2054441,S07,2978.0,2984.25,3,2054441,18.5,19.75,5.5,True,5.5,
20130716,2056339,1,3060.5,,2056459,S07,3079.0,3069.5,3,2056459,18.5,19.75,-10.25,True,-10.25,
20130717,2057495,-1,3096.25,,2057615,S07,3077.75,3075.25,3,2057615,18.5,19.75,1.75,True,1.75,
20130718,2058734,-1,3094.5,,2058854,S07,3076.0,3083.5,3,2058854,18.5,19.75,-8.25,True,-8.25,
20130719,2060032,1,3024.25,,2060152,S07,3042.75,3039.25,3,2060152,18.5,19.75,-4.25,True,-4.25,
20130722,2061290,1,3032.25,,2061410,S07,3050.75,3049.25,3,2061410,18.5,19.75,-2.25,True,-2.25,
20130723,2062501,-1,3069.25,,2062621,S07,3050.75,3037.0,3,2062621,18.5,19.75,13.0,True,13.0,
20130724,2063737,-1,3073.0,,2063857,S07,3054.5,3049.5,3,2063857,18.5,19.75,4.25,True,4.25,
20130725,2064984,-1,3065.5,,2065104,S07,3047.0,3037.75,3,2065104,18.5,19.75,8.5,True,8.5,
20130726,2066229,1,3023.5,,2066349,S07,3042.0,3050.5,3,2066349,18.5,19.75,7.75,True,7.75,
20130729,2067488,1,3048.25,,2067608,S07,3066.75,3060.0,3,2067608,18.5,19.75,-7.5,True,-7.5,
20130730,2068693,-1,3094.0,,2068813,S07,3075.5,3088.5,3,2068813,18.5,19.75,-13.75,True,-13.75,
20130731,2069886,1,3074.25,,2070006,S07,3092.75,3093.25,3,2070006,18.5,19.75,-0.25,True,-0.25,
20130801,2071153,1,3090.5,,2071273,S07,3109.0,3111.75,3,2071273,18.5,19.75,2.0,True,2.0,
20130802,2072356,-1,3136.5,,2072476,S07,3118.0,3122.75,3,2072476,18.5,19.75,-5.5,True,-5.5,
20130805,2073557,1,3114.5,,2073677,S07,3133.0,3133.5,3,2073677,18.5,19.75,-0.25,True,-0.25,
20130806,2074776,1,3116.0,,2074896,S07,3134.5,3115.5,1,2074836,18.5,19.75,-19.75,True,-19.75,
20130807,2075996,-1,3128.0,,2076116,S07,3109.5,3097.5,3,2076116,18.5,19.75,11.25,True,11.25,
20130808,2077285,-1,3146.25,,2077405,S07,3127.75,3127.75,3,2077405,18.5,19.75,-0.75,True,-0.75,
20130809,2078543,1,3107.75,,2078663,S07,3126.25,3107.25,1,2078656,18.5,19.75,-19.75,True,-19.75,
20130812,2079827,1,3088.0,,2079947,S07,3106.5,3127.25,3,2079947,18.5,19.75,20.0,True,20.0,
20130813,2081005,1,3110.5,,2081125,S07,3129.0,3110.0,1,2081037,18.5,19.75,-19.75,True,-19.75,
20130813,2081043,-1,3112.25,,-1,PV2_V7m,3112.0,3112.75,1,2081044,0.25,1.5,-1.5,True,-21.25,
20130813,2081231,1,3134.5,,-1,PV2_V7m,3136.25,3134.0,1,2081256,1.75,3.0,-3.0,True,-24.25,
20130814,2082257,1,3123.25,,2082377,S07,3141.75,3132.75,3,2082377,18.5,19.75,-9.75,True,-9.75,
20130815,2083540,-1,3105.5,,2083660,S07,3087.0,3085.0,3,2083660,18.5,19.75,1.25,True,1.25,
20130816,2084844,-1,3092.5,,2084964,S07,3074.0,3084.25,3,2084964,18.5,19.75,-11.0,True,-11.0,
20130819,2086074,-1,3092.0,,2086194,S07,3073.5,3092.5,1,2086101,18.5,19.75,-19.75,True,-19.75,
20130819,2086107,1,3093.25,,-1,PV2_V7m,3095.5,3092.75,1,2086130,2.25,3.5,-3.5,True,-23.25,
20130820,2087336,-1,3095.0,,2087456,S07,3076.5,3090.0,3,2087456,18.5,19.75,-14.25,True,-14.25,
20130821,2088537,1,3060.25,,2088657,S07,3078.75,3082.5,3,2088657,18.5,19.75,3.0,True,3.0,
20130822,2089831,1,3069.75,,2089951,S07,3088.25,3095.75,3,2089951,18.5,19.75,6.75,True,6.75,
20130823,2091067,1,3102.75,,2091187,S07,3121.25,3117.25,3,2091187,18.5,19.75,-4.75,True,-4.75,
20130826,2092263,-1,3143.0,,2092383,S07,3124.5,3143.5,1,2092364,18.5,19.75,-19.75,True,-19.75,
20130827,2093546,1,3073.5,,2093666,S07,3092.0,3093.75,3,2093666,18.5,19.75,1.0,True,1.0,
20130828,2094834,1,3045.5,,2094954,S07,3064.0,3068.5,3,2094954,18.5,19.75,3.75,True,3.75,
20130829,2096097,1,3057.0,,2096217,S07,3075.5,3107.0,3,2096217,18.5,19.75,30.75,True,30.75,
20130830,2097392,-1,3110.75,,2097512,S07,3092.25,3073.25,3,2097512,18.5,19.75,18.25,True,18.25,
20130903,2099583,1,3090.75,,2099703,S07,3109.25,3095.75,3,2099703,18.5,19.75,-14.25,True,-14.25,
20130904,2100781,1,3081.25,,2100901,S07,3099.75,3119.25,3,2100901,18.5,19.75,18.75,True,18.75,
20130905,2101971,1,3109.0,,2102091,S07,3127.5,3130.5,3,2102091,18.5,19.75,2.25,True,2.25,
20130906,2103168,-1,3155.0,,2103288,S07,3136.5,3138.75,3,2103288,18.5,19.75,-3.0,True,-3.0,
20130909,2104415,1,3131.75,,2104535,S07,3150.25,3155.0,3,2104535,18.5,19.75,4.0,True,4.0,
20130910,2105651,-1,3202.0,,2105771,S07,3183.5,3185.75,3,2105771,18.5,19.75,-3.0,True,-3.0,
20130911,2106877,-1,3185.25,,2106997,S07,3166.75,3172.0,3,2106997,18.5,19.75,-6.0,True,-6.0,
20130912,2108056,-1,3196.5,,2108176,S07,3178.0,3177.75,3,2108176,18.5,19.75,-0.5,True,-0.5,
20130913,2109198,-1,3187.75,,2109318,S07,3169.25,3167.5,3,2109318,18.5,19.75,1.0,True,1.0,
20130916,2110451,-1,3214.0,,2110571,S07,3195.5,3180.25,3,2110571,18.5,19.75,14.5,True,14.5,
20130917,2111636,1,3153.75,,2111756,S07,3172.25,3184.25,3,2111756,18.5,19.75,11.25,True,11.25,
20130918,2112781,-1,3207.75,,2112901,S07,3189.25,3188.0,3,2112901,18.5,19.75,0.5,True,0.5,
20130919,2114028,1,3216.0,,2114148,S07,3234.5,3225.25,3,2114148,18.5,19.75,-10.0,True,-10.0,
20130920,2115207,-1,3255.25,,2115327,S07,3236.75,3233.0,3,2115327,18.5,19.75,3.0,True,3.0,
20130923,2116428,1,3213.0,,2116548,S07,3231.5,3212.5,1,2116465,18.5,19.75,-19.75,True,-19.75,
20130924,2117607,-1,3235.5,,2117727,S07,3217.0,3225.0,3,2117727,18.5,19.75,-8.75,True,-8.75,
20130925,2118783,-1,3227.5,,2118903,S07,3209.0,3216.25,3,2118903,18.5,19.75,-8.0,True,-8.0,
20130926,2120004,1,3202.25,,2120124,S07,3220.75,3220.0,3,2120124,18.5,19.75,-1.5,True,-1.5,
20130927,2121198,-1,3227.25,,2121318,S07,3208.75,3223.0,3,2121318,18.5,19.75,-15.0,True,-15.0,
20130930,2122476,1,3170.25,,2122596,S07,3188.75,3214.25,3,2122596,18.5,19.75,24.75,True,24.75,
20131001,2123772,1,3206.25,,2123892,S07,3224.75,3239.5,3,2123892,18.5,19.75,14.0,True,14.0,
20131002,2125039,1,3209.0,,2125159,S07,3227.5,3239.25,3,2125159,18.5,19.75,11.0,True,11.0,
20131003,2126320,1,3226.25,,2126440,S07,3244.75,3225.75,1,2126349,18.5,19.75,-19.75,True,-19.75,
20131003,2126353,-1,3230.0,,-1,PV2_V7m,3224.75,3192.25,3,2126473,5.25,6.5,31.75,True,12.0,
20131004,2127585,-1,3224.5,,2127705,S07,3206.0,3225.0,1,2127622,18.5,19.75,-19.75,True,-19.75,
20131007,2128864,1,3190.75,,2128984,S07,3209.25,3222.25,3,2128984,18.5,19.75,12.25,True,12.25,
20131008,2130157,-1,3225.0,,2130277,S07,3206.5,3167.25,3,2130277,18.5,19.75,38.5,True,38.5,
20131009,2131476,-1,3168.5,,2131596,S07,3150.0,3122.0,3,2131596,18.5,19.75,27.25,True,27.25,
20131010,2132774,1,3159.5,,2132894,S07,3178.0,3188.25,3,2132894,18.5,19.75,9.5,True,9.5,
20131011,2134094,1,3178.75,,2134214,S07,3197.25,3212.25,3,2134214,18.5,19.75,14.25,True,14.25,
20131014,2135399,1,3190.5,,2135519,S07,3209.0,3220.5,3,2135519,18.5,19.75,10.75,True,10.75,
20131015,2136691,-1,3263.75,,2136811,S07,3245.25,3261.0,3,2136811,18.5,19.75,-16.5,True,-16.5,
20131016,2137787,1,3238.25,,2137907,S07,3256.75,3272.0,3,2137907,18.5,19.75,14.5,True,14.5,
20131017,2139052,-1,3277.0,,2139172,S07,3258.5,3277.5,1,2139147,18.5,19.75,-19.75,True,-19.75,
20131018,2140345,-1,3337.5,,2140465,S07,3319.0,3330.0,3,2140465,18.5,19.75,-11.75,True,-11.75,
20131021,2141597,1,3342.0,,2141717,S07,3360.5,3353.5,3,2141717,18.5,19.75,-7.75,True,-7.75,
20131022,2142758,1,3351.25,,2142878,S07,3369.75,3350.75,1,2142833,18.5,19.75,-19.75,True,-19.75,
20131023,2144056,1,3326.5,,2144176,S07,3345.0,3326.0,1,2144134,18.5,19.75,-19.75,True,-19.75,
20131024,2145328,-1,3360.75,,2145448,S07,3342.25,3354.75,3,2145448,18.5,19.75,-13.25,True,-13.25,
20131025,2146610,-1,3398.0,,2146730,S07,3379.5,3375.5,3,2146730,18.5,19.75,3.25,True,3.25,
20131028,2147839,-1,3391.75,,2147959,S07,3373.25,3369.75,3,2147959,18.5,19.75,2.75,True,2.75,
20131029,2149090,1,3372.25,,2149210,S07,3390.75,3371.75,1,2149120,18.5,19.75,-19.75,True,-19.75,
20131030,2150299,-1,3413.0,,2150419,S07,3394.5,3387.25,3,2150419,18.5,19.75,6.5,True,6.5,
20131031,2151581,-1,3389.5,,2151701,S07,3371.0,3387.25,3,2151701,18.5,19.75,-17.0,True,-17.0,
20131101,2152822,1,3365.75,,2152942,S07,3384.25,3365.25,1,2152920,18.5,19.75,-19.75,True,-19.75,
20131104,2154025,-1,3400.25,,2154145,S07,3381.75,3369.0,3,2154145,18.5,19.75,12.0,True,12.0,
20131105,2155227,-1,3380.5,,2155347,S07,3362.0,3375.5,3,2155347,18.5,19.75,-14.25,True,-14.25,
20131106,2156493,-1,3410.5,,2156613,S07,3392.0,3379.5,3,2156613,18.5,19.75,11.75,True,11.75,
20131107,2157734,-1,3397.75,,2157854,S07,3379.25,3338.75,3,2157854,18.5,19.75,39.75,True,39.75,
20131108,2159017,1,3314.25,,2159137,S07,3332.75,3345.5,3,2159137,18.5,19.75,12.0,True,12.0,
20131111,2160284,-1,3368.75,,2160404,S07,3350.25,3353.25,3,2160404,18.5,19.75,-3.75,True,-3.75,
20131112,2161542,1,3330.25,,2161662,S07,3348.75,3361.0,3,2161662,18.5,19.75,11.5,True,11.5,
20131113,2162820,1,3327.5,,2162940,S07,3346.0,3365.75,3,2162940,18.5,19.75,19.0,True,19.0,
20131114,2164130,1,3372.5,,2164250,S07,3391.0,3406.25,3,2164250,18.5,19.75,14.5,True,14.5,
20131115,2165383,-1,3429.5,,2165503,S07,3411.0,3411.75,3,2165503,18.5,19.75,-1.5,True,-1.5,
20131118,2166622,1,3404.5,,2166742,S07,3423.0,3413.75,3,2166742,18.5,19.75,-10.0,True,-10.0,
20131119,2167872,1,3368.75,,2167992,S07,3387.25,3389.25,3,2167992,18.5,19.75,1.25,True,1.25,
20131120,2169133,1,3372.5,,2169253,S07,3391.0,3391.25,3,2169253,18.5,19.75,-0.5,True,-0.5,
20131121,2170382,1,3369.0,,2170502,S07,3387.5,3391.25,3,2170502,18.5,19.75,3.0,True,3.0,
20131122,2171600,1,3392.75,,2171720,S07,3411.25,3416.5,3,2171720,18.5,19.75,4.5,True,4.5,
20131125,2172824,1,3418.0,,2172944,S07,3436.5,3431.0,3,2172944,18.5,19.75,-6.25,True,-6.25,
20131126,2174019,-1,3448.25,,2174139,S07,3429.75,3437.75,3,2174139,18.5,19.75,-8.75,True,-8.75,
20131127,2175203,1,3437.0,,2175323,S07,3455.5,3467.0,3,2175323,18.5,19.75,10.75,True,10.75,
20131129,2177163,1,3466.5,,2177283,S07,3485.0,3492.75,3,2177283,18.5,19.75,7.0,True,7.0,
20131202,2178183,1,3478.5,,2178303,S07,3497.0,3486.5,3,2178303,18.5,19.75,-11.25,True,-11.25,
20131203,2179401,1,3462.5,,2179521,S07,3481.0,3476.5,3,2179521,18.5,19.75,-5.25,True,-5.25,
20131204,2180635,1,3448.25,,2180755,S07,3466.75,3483.75,3,2180755,18.5,19.75,16.25,True,16.25,
20131205,2181864,1,3467.75,,2181984,S07,3486.25,3474.0,3,2181984,18.5,19.75,-13.0,True,-13.0,
20131206,2183067,-1,3524.25,,2183187,S07,3505.75,3504.25,3,2183187,18.5,19.75,0.75,True,0.75,
20131209,2184245,-1,3533.0,,2184365,S07,3514.5,3522.0,3,2184365,18.5,19.75,-8.25,True,-8.25,
20131210,2185423,-1,3529.25,,2185543,S07,3510.75,3516.0,3,2185543,18.5,19.75,-6.0,True,-6.0,
20131211,2186719,-1,3504.0,,-1,PV2_V7m,3502.75,3504.5,1,2186724,1.25,2.5,-2.5,True,-2.5,
20131213,2188779,1,3452.0,,2188899,S07,3470.5,3457.0,3,2188899,18.5,19.75,-14.25,True,-14.25,
20131216,2190059,1,3455.0,,2190179,S07,3473.5,3480.25,3,2190179,18.5,19.75,6.0,True,6.0,
20131217,2191186,-1,3487.5,,2191306,S07,3469.0,3459.25,3,2191306,18.5,19.75,9.0,True,9.0,
20131218,2192388,1,3449.0,,2192508,S07,3467.5,3454.25,3,2192508,18.5,19.75,-14.0,True,-14.0,
20131219,2193653,-1,3510.0,,2193773,S07,3491.5,3494.25,3,2193773,18.5,19.75,-3.5,True,-3.5,
20131220,2194850,1,3486.25,,2194970,S07,3504.75,3527.75,3,2194970,18.5,19.75,22.25,True,22.25,
20131223,2196076,-1,3572.5,,2196196,S07,3554.0,3560.0,3,2196196,18.5,19.75,-6.75,True,-6.75,
20131224,2197154,1,3551.0,,2197274,S07,3569.5,3565.5,3,2197274,18.5,19.75,-4.75,True,-4.75,
20131230,2198886,1,3547.5,,2199006,S07,3566.0,3565.0,3,2199006,18.5,19.75,-1.75,True,-1.75,
20140102,2200344,-1,3589.5,,2200464,S07,3571.0,3563.0,3,2200464,18.5,19.75,7.25,True,7.25,
20140103,2201580,-1,3572.5,,2201700,S07,3554.0,3539.75,3,2201700,18.5,19.75,13.5,True,13.5,
20140106,2202817,-1,3549.25,,2202937,S07,3530.75,3511.0,3,2202937,18.5,19.75,19.0,True,19.0,
20140107,2204022,1,3514.5,,2204142,S07,3533.0,3549.0,3,2204142,18.5,19.75,15.25,True,15.25,
20140108,2205182,1,3535.0,,2205302,S07,3553.5,3564.5,3,2205302,18.5,19.75,10.25,True,10.25,
20140109,2206376,-1,3589.75,,2206496,S07,3571.25,3540.25,3,2206496,18.5,19.75,30.25,True,30.25,
20140110,2207560,-1,3576.75,,2207680,S07,3558.25,3532.75,3,2207680,18.5,19.75,24.75,True,24.75,
20140113,2208733,1,3538.75,,2208853,S07,3557.25,3564.0,3,2208853,18.5,19.75,6.0,True,6.0,
20140113,2208944,-1,3540.5,,-1,PV2_V7m,3538.75,3541.0,1,2208946,1.75,3.0,-3.0,True,3.0,
20140114,2209974,1,3505.25,,2210094,S07,3523.75,3557.75,3,2210094,18.5,19.75,33.25,True,33.25,
20140115,2211164,1,3572.0,,2211284,S07,3590.5,3600.25,3,2211284,18.5,19.75,9.0,True,9.0,
20140116,2212381,1,3584.5,,2212501,S07,3603.0,3601.0,3,2212501,18.5,19.75,-2.75,True,-2.75,
20140117,2213597,-1,3609.75,,2213717,S07,3591.25,3598.75,3,2213717,18.5,19.75,-8.25,True,-8.25,
20140121,2215654,1,3588.75,,2215774,S07,3607.25,3588.25,1,2215750,18.5,19.75,-19.75,True,-19.75,
20140122,2216919,1,3599.75,,2217039,S07,3618.25,3619.0,3,2217039,18.5,19.75,0.0,True,0.0,
20140123,2218237,-1,3617.5,,2218357,S07,3599.0,3593.75,3,2218357,18.5,19.75,4.5,True,4.5,
20140124,2219527,1,3575.25,,2219647,S07,3593.75,3574.75,1,2219538,18.5,19.75,-19.75,True,-19.75,
20140124,2219557,-1,3582.5,,-1,PV2_V7m,3579.25,3583.0,1,2219560,3.25,4.5,-4.5,True,-24.25,
20140203,2220846,1,3496.5,,2220966,S07,3515.0,3496.0,1,2220873,18.5,19.75,-19.75,True,-19.75,
20140203,2220879,-1,3495.75,,-1,PV2_V7m,3494.25,3496.25,1,2220881,1.5,2.75,-2.75,True,-22.5,
20140204,2222194,1,3436.25,,2222314,S07,3454.75,3460.25,3,2222314,18.5,19.75,4.75,True,4.75,
20140205,2223488,1,3436.0,,2223608,S07,3454.5,3435.5,1,2223513,18.5,19.75,-19.75,True,-19.75,
20140206,2224758,1,3453.75,,2224878,S07,3472.25,3493.0,3,2224878,18.5,19.75,20.0,True,20.0,
20140207,2226006,1,3496.25,,2226126,S07,3514.75,3528.5,3,2226126,18.5,19.75,13.0,True,13.0,
20140210,2227291,1,3542.75,,2227411,S07,3561.25,3569.25,3,2227411,18.5,19.75,7.25,True,7.25,
20140211,2228515,-1,3604.25,,2228635,S07,3585.75,3604.75,1,2228632,18.5,19.75,-19.75,True,-19.75,
20140212,2229779,1,3609.75,,2229899,S07,3628.25,3620.75,3,2229899,18.5,19.75,-8.25,True,-8.25,
20140213,2231080,1,3589.5,,2231200,S07,3608.0,3642.5,3,2231200,18.5,19.75,33.75,True,33.75,
20140214,2232404,1,3629.5,,2232524,S07,3648.0,3653.75,3,2232524,18.5,19.75,5.0,True,5.0,
20140218,2234563,1,3651.25,,2234683,S07,3669.75,3679.0,3,2234683,18.5,19.75,8.5,True,8.5,
20140219,2235808,1,3654.0,,2235928,S07,3672.5,3674.25,3,2235928,18.5,19.75,1.0,True,1.0,
20140220,2237129,1,3645.0,,2237249,S07,3663.5,3644.5,1,2237149,18.5,19.75,-19.75,True,-19.75,
20140221,2238386,1,3662.0,,2238506,S07,3680.5,3681.75,3,2238506,18.5,19.75,0.5,True,0.5,
20140224,2239663,1,3657.25,,2239783,S07,3675.75,3696.5,3,2239783,18.5,19.75,20.0,True,20.0,
20140225,2240873,-1,3706.0,,2240993,S07,3687.5,3695.0,3,2240993,18.5,19.75,-8.25,True,-8.25,
20140226,2242142,1,3675.0,,2242262,S07,3693.5,3697.5,3,2242262,18.5,19.75,3.25,True,3.25,
20140227,2243413,1,3660.5,,2243533,S07,3679.0,3686.5,3,2243533,18.5,19.75,6.75,True,6.75,
20140228,2244665,1,3682.5,,2244785,S07,3701.0,3713.75,3,2244785,18.5,19.75,12.0,True,12.0,
20140228,2244998,-1,3680.0,,-1,PV2_V7m,3675.0,3680.5,1,2245010,5.0,6.25,-6.25,True,5.75,
20140303,2246008,1,3643.0,,2246128,S07,3661.5,3657.75,3,2246128,18.5,19.75,-4.5,True,-4.5,
20140304,2247315,-1,3726.75,,2247435,S07,3708.25,3715.75,3,2247435,18.5,19.75,-8.25,True,-8.25,
20140305,2248536,-1,3738.5,,2248656,S07,3720.0,3723.0,3,2248656,18.5,19.75,-3.75,True,-3.75,
20140306,2249793,1,3716.0,,2249913,S07,3734.5,3732.5,3,2249913,18.5,19.75,-2.75,True,-2.75,
20140307,2250978,-1,3745.25,,2251098,S07,3726.75,3694.5,3,2251098,18.5,19.75,31.5,True,31.5,
20140310,2252250,-1,3717.5,,2252370,S07,3699.0,3701.5,3,2252370,18.5,19.75,-3.25,True,-3.25,
20140311,2253437,1,3697.0,,2253557,S07,3715.5,3719.75,3,2253557,18.5,19.75,3.5,True,3.5,
20140311,2253744,-1,3692.5,,-1,PV2_V7m,3691.25,3693.0,1,2253750,1.25,2.5,-2.5,True,1.0,
20140312,2254645,-1,3693.75,,2254765,S07,3675.25,3694.25,1,2254729,18.5,19.75,-19.75,True,-19.75,
20140313,2255593,-1,3694.25,,-1,PV2_V7m,3692.0,3659.25,3,2255713,2.25,3.5,32.0,True,32.0,
20140314,2256767,-1,3657.75,,2256887,S07,3639.25,3631.0,3,2256887,18.5,19.75,7.5,True,7.5,
20140317,2258066,1,3628.0,,2258186,S07,3646.5,3655.25,3,2258186,18.5,19.75,8.0,True,8.0,
20140318,2259290,1,3643.5,,2259410,S07,3662.0,3690.5,3,2259410,18.5,19.75,27.75,True,27.75,
20140319,2260542,-1,3714.25,,2260662,S07,3695.75,3692.5,3,2260662,18.5,19.75,2.5,True,2.5,
20140320,2261843,1,3656.5,,2261963,S07,3675.0,3681.75,3,2261963,18.5,19.75,6.0,True,6.0,
20140321,2263019,-1,3724.5,,2263139,S07,3706.0,3678.25,3,2263139,18.5,19.75,27.0,True,27.0,
20140324,2264298,-1,3671.0,,2264418,S07,3652.5,3588.75,3,2264418,18.5,19.75,63.0,True,63.0,
20140325,2265557,1,3617.5,,2265677,S07,3636.0,3617.0,1,2265633,18.5,19.75,-19.75,True,-19.75,
20140326,2266764,-1,3657.75,,2266884,S07,3639.25,3628.75,3,2266884,18.5,19.75,9.75,True,9.75,
20140327,2268071,1,3551.25,,2268191,S07,3569.75,3550.75,1,2268074,18.5,19.75,-19.75,True,-19.75,
20140328,2269322,-1,3581.25,,2269442,S07,3562.75,3581.75,1,2269328,18.5,19.75,-19.75,True,-19.75,
20140328,2269356,1,3588.25,,-1,PV2_V7m,3590.75,3587.75,1,2269368,2.5,3.75,-3.75,True,-23.5,
20140331,2270567,1,3579.0,,2270687,S07,3597.5,3593.75,3,2270687,18.5,19.75,-4.5,True,-4.5,
20140401,2271798,1,3595.5,,2271918,S07,3614.0,3635.25,3,2271918,18.5,19.75,20.5,True,20.5,
20140402,2273060,-1,3676.25,,2273180,S07,3657.75,3655.25,3,2273180,18.5,19.75,1.75,True,1.75,
20140403,2274242,-1,3674.75,,2274362,S07,3656.25,3640.25,3,2274362,18.5,19.75,15.25,True,15.25,
20140403,2274414,-1,3635.0,,-1,PV2_V7m,3632.75,3624.75,3,2274534,2.25,3.5,7.25,True,22.5,
20140404,2275463,-1,3663.25,,2275583,S07,3644.75,3577.0,3,2275583,18.5,19.75,67.0,True,67.0,
20140407,2276745,1,3499.0,,2276865,S07,3517.5,3498.5,1,2276757,18.5,19.75,-19.75,True,-19.75,
20140408,2278041,1,3492.5,,2278161,S07,3511.0,3492.0,1,2278092,18.5,19.75,-19.75,True,-19.75,
20140409,2279250,1,3529.5,,2279370,S07,3548.0,3552.75,3,2279370,18.5,19.75,4.0,True,4.0,
20140410,2280547,-1,3603.75,,2280667,S07,3585.25,3530.0,3,2280667,18.5,19.75,54.5,True,54.5,
20140411,2281636,-1,3469.5,,2281756,S07,3451.0,3470.0,1,2281646,18.5,19.75,-19.75,True,-19.75,
20140414,2282940,1,3451.0,,2283060,S07,3469.5,3450.5,1,2282963,18.5,19.75,-19.75,True,-19.75,
20140415,2284183,-1,3492.25,,2284303,S07,3473.75,3492.75,1,2284195,18.5,19.75,-19.75,True,-19.75,
20140416,2285491,-1,3526.75,,2285611,S07,3508.25,3498.5,3,2285611,18.5,19.75,9.0,True,9.0,
20140417,2286795,-1,3527.0,,2286915,S07,3508.5,3527.5,1,2286848,18.5,19.75,-19.75,True,-19.75,
20140421,2287901,-1,3548.0,,2288021,S07,3529.5,3532.5,3,2288021,18.5,19.75,-3.75,True,-3.75,
20140422,2289144,1,3546.0,,2289264,S07,3564.5,3581.5,3,2289264,18.5,19.75,16.25,True,16.25,
20140423,2290401,-1,3591.75,,2290521,S07,3573.25,3559.0,3,2290521,18.5,19.75,13.5,True,13.5,
20140424,2291702,-1,3615.25,,2291822,S07,3596.75,3586.25,3,2291822,18.5,19.75,9.75,True,9.75,
20140425,2292949,1,3544.5,,2293069,S07,3563.0,3544.0,1,2292976,18.5,19.75,-19.75,True,-19.75,
20140428,2294224,1,3521.25,,2294344,S07,3539.75,3520.75,1,2294235,18.5,19.75,-19.75,True,-19.75,
20140429,2295488,1,3535.75,,2295608,S07,3554.25,3535.25,1,2295540,18.5,19.75,-19.75,True,-19.75,
20140430,2296770,-1,3567.5,,2296890,S07,3549.0,3568.0,1,2296849,18.5,19.75,-19.75,True,-19.75,
20140501,2298087,1,3601.75,,-1,PV2_V7m,3602.5,3601.25,1,2298091,0.75,2.0,-2.0,True,-2.0,
20140502,2299171,1,3577.5,,2299291,S07,3596.0,3577.0,1,2299245,18.5,19.75,-19.75,True,-19.75,
20140505,2300425,-1,3567.5,,2300545,S07,3549.0,3568.0,1,2300446,18.5,19.75,-19.75,True,-19.75,
20140506,2301589,1,3571.5,,2301709,S07,3590.0,3577.5,3,2301709,18.5,19.75,-13.25,True,-13.25,
20140506,2301845,-1,3562.75,,-1,PV2_V7m,3561.25,3563.25,1,2301846,1.5,2.75,-2.75,True,-16.0,
20140507,2302871,1,3539.75,,2302991,S07,3558.25,3539.25,1,2302884,18.5,19.75,-19.75,True,-19.75,
20140507,2302905,-1,3536.5,,-1,PV2_V7m,3523.75,3525.75,3,2303025,12.75,14.0,-2.75,True,-22.5,
20140508,2304173,-1,3537.75,,2304293,S07,3519.25,3538.25,1,2304178,18.5,19.75,-19.75,True,-19.75,
20140508,2304219,1,3565.25,,-1,PV2_V7m,3567.5,3564.75,1,2304244,2.25,3.5,-3.5,True,-23.25,
20140509,2305430,1,3510.5,,2305550,S07,3529.0,3510.0,1,2305441,18.5,19.75,-19.75,True,-19.75,
20140512,2306685,1,3553.25,,2306805,S07,3571.75,3597.75,3,2306805,18.5,19.75,25.25,True,25.25,
20140513,2307960,1,3593.75,,2308080,S07,3612.25,3613.75,3,2308080,18.5,19.75,0.75,True,0.75,
20140514,2309175,1,3585.25,,2309295,S07,3603.75,3601.75,3,2309295,18.5,19.75,-2.75,True,-2.75,
20140515,2310435,-1,3610.0,,2310555,S07,3591.5,3555.25,3,2310555,18.5,19.75,35.5,True,35.5,
20140516,2311710,1,3547.75,,2311830,S07,3566.25,3547.25,1,2311745,18.5,19.75,-19.75,True,-19.75,
20140519,2312991,1,3561.5,,2313111,S07,3580.0,3610.0,3,2313111,18.5,19.75,29.25,True,29.25,
20140520,2314235,-1,3630.25,,2314355,S07,3611.75,3615.0,3,2314355,18.5,19.75,-4.0,True,-4.0,
20140520,2314489,-1,3588.5,,-1,PV2_V7m,3587.5,3589.0,1,2314492,1.0,2.25,-2.25,True,-6.25,
20140521,2315499,1,3588.5,,2315619,S07,3607.0,3613.5,3,2315619,18.5,19.75,5.75,True,5.75,
20140522,2316755,-1,3653.0,,2316875,S07,3634.5,3653.5,1,2316866,18.5,19.75,-19.75,True,-19.75,
20140523,2317963,1,3638.25,,2318083,S07,3656.75,3662.5,3,2318083,18.5,19.75,5.0,True,5.0,
20140527,2319960,1,3677.0,,2320080,S07,3695.5,3705.0,3,2320080,18.5,19.75,8.75,True,8.75,
20140527,2320312,1,3713.0,,-1,PV2_V7m,3714.25,3712.5,1,2320319,1.25,2.5,-2.5,True,6.25,
20140528,2321199,1,3703.5,,2321319,S07,3722.0,3721.25,3,2321319,18.5,19.75,-1.5,True,-1.5,
20140529,2322368,1,3707.0,,2322488,S07,3725.5,3728.75,3,2322488,18.5,19.75,2.5,True,2.5,
20140530,2323589,1,3715.75,,2323709,S07,3734.25,3736.5,3,2323709,18.5,19.75,1.5,True,1.5,
20140602,2324793,-1,3755.0,,2324913,S07,3736.5,3730.25,3,2324913,18.5,19.75,5.5,True,5.5,
20140603,2325966,1,3703.0,,2326086,S07,3721.5,3723.0,3,2326086,18.5,19.75,0.75,True,0.75,
20140604,2327148,1,3702.25,,2327268,S07,3720.75,3741.25,3,2327268,18.5,19.75,19.75,True,19.75,
20140605,2328320,1,3734.5,,2328440,S07,3753.0,3734.0,1,2328363,18.5,19.75,-19.75,True,-19.75,
20140606,2329567,-1,3804.0,,2329687,S07,3785.5,3789.75,3,2329687,18.5,19.75,-5.0,True,-5.0,
20140609,2330722,1,3778.25,,2330842,S07,3796.75,3800.0,3,2330842,18.5,19.75,2.5,True,2.5,
20140610,2331872,1,3774.0,,2331992,S07,3792.5,3798.25,3,2331992,18.5,19.75,5.0,True,5.0,
20140612,2333844,-1,3801.25,,2333964,S07,3782.75,3781.75,3,2333964,18.5,19.75,0.25,True,0.25,
20140613,2335081,-1,3790.75,,2335201,S07,3772.25,3770.25,3,2335201,18.5,19.75,1.25,True,1.25,
20140616,2336320,-1,3780.0,,2336440,S07,3761.5,3780.5,1,2336353,18.5,19.75,-19.75,True,-19.75,
20140617,2337448,1,3749.0,,2337568,S07,3767.5,3769.25,3,2337568,18.5,19.75,1.0,True,1.0,
20140618,2338600,-1,3794.5,,2338720,S07,3776.0,3769.0,3,2338720,18.5,19.75,6.25,True,6.25,
20140619,2339807,1,3782.0,,2339927,S07,3800.5,3788.75,3,2339927,18.5,19.75,-12.5,True,-12.5,
20140620,2340999,-1,3810.75,,2341119,S07,3792.25,3791.5,3,2341119,18.5,19.75,0.0,True,0.0,
20140623,2342223,-1,3809.5,,2342343,S07,3791.0,3787.25,3,2342343,18.5,19.75,3.0,True,3.0,
20140624,2343418,1,3781.75,,2343538,S07,3800.25,3826.5,3,2343538,18.5,19.75,25.5,True,25.5,
20140625,2344715,1,3768.25,,2344835,S07,3786.75,3805.5,3,2344835,18.5,19.75,18.0,True,18.0,
20140626,2345735,-1,3832.75,,2345855,S07,3814.25,3802.5,3,2345855,18.5,19.75,11.0,True,11.0,
20140627,2346976,1,3799.5,,2347096,S07,3818.0,3822.0,3,2347096,18.5,19.75,3.25,True,3.25,
20140630,2348167,1,3817.5,,2348287,S07,3836.0,3845.75,3,2348287,18.5,19.75,9.0,True,9.0,
20140701,2349341,1,3839.25,,2349461,S07,3857.75,3883.25,3,2349461,18.5,19.75,24.75,True,24.75,
20140702,2350495,1,3870.75,,2350615,S07,3889.25,3890.25,3,2350615,18.5,19.75,0.25,True,0.25,
20140703,2351618,-1,3920.25,,2351738,S07,3901.75,3906.5,3,2351738,18.5,19.75,-5.5,True,-5.5,
20140707,2353237,1,3891.25,,2353357,S07,3909.75,3904.5,3,2353357,18.5,19.75,-6.0,True,-6.0,
20140708,2354402,-1,3913.25,,2354522,S07,3894.75,3851.75,3,2354522,18.5,19.75,42.25,True,42.25,
20140709,2355586,1,3856.0,,2355706,S07,3874.5,3877.25,3,2355706,18.5,19.75,2.0,True,2.0,
20140710,2356786,1,3820.0,,2356906,S07,3838.5,3867.75,3,2356906,18.5,19.75,28.5,True,28.5,
20140711,2358020,1,3868.0,,2358140,S07,3886.5,3886.75,3,2358140,18.5,19.75,-0.5,True,-0.5,
20140714,2359231,-1,3933.25,,2359351,S07,3914.75,3927.5,3,2359351,18.5,19.75,-13.5,True,-13.5,
20140715,2360413,1,3910.25,,2360533,S07,3928.75,3909.75,1,2360478,18.5,19.75,-19.75,True,-19.75,
20140716,2361607,-1,3952.0,,2361727,S07,3933.5,3926.75,3,2361727,18.5,19.75,6.0,True,6.0,
20140717,2362871,1,3899.25,,2362991,S07,3917.75,3898.75,1,2362973,18.5,19.75,-19.75,True,-19.75,
20140718,2364195,1,3873.75,,2364315,S07,3892.25,3909.25,3,2364315,18.5,19.75,16.25,True,16.25,
20140721,2365370,1,3911.25,,2365490,S07,3929.75,3910.75,1,2365440,18.5,19.75,-19.75,True,-19.75,
20140722,2366594,1,3927.75,,2366714,S07,3946.25,3955.0,3,2366714,18.5,19.75,8.0,True,8.0,
20140723,2367818,1,3952.0,,2367938,S07,3970.5,3980.5,3,2367938,18.5,19.75,9.25,True,9.25,
20140724,2369078,1,3970.5,,2369198,S07,3989.0,3970.0,1,2369111,18.5,19.75,-19.75,True,-19.75,
20140725,2370344,-1,3968.5,,2370464,S07,3950.0,3944.75,3,2370464,18.5,19.75,4.5,True,4.5,
20140728,2371602,-1,3977.5,,2371722,S07,3959.0,3956.5,3,2371722,18.5,19.75,1.75,True,1.75,
20140729,2372812,-1,3982.25,,2372932,S07,3963.75,3955.25,3,2372932,18.5,19.75,7.75,True,7.75,
20140730,2374036,1,3957.75,,2374156,S07,3976.25,3957.25,1,2374108,18.5,19.75,-19.75,True,-19.75,
20140731,2375264,-1,3951.5,,2375384,S07,3933.0,3904.25,3,2375384,18.5,19.75,28.0,True,28.0,
20140801,2376579,1,3865.25,,2376699,S07,3883.75,3871.75,3,2376699,18.5,19.75,-12.75,True,-12.75,
20140804,2377869,-1,3898.75,,2377989,S07,3880.25,3885.5,3,2377989,18.5,19.75,-6.0,True,-6.0,
20140805,2379146,1,3864.75,,2379266,S07,3883.25,3890.5,3,2379266,18.5,19.75,6.5,True,6.5,
20140806,2380448,1,3830.75,,2380568,S07,3849.25,3880.5,3,2380568,18.5,19.75,30.5,True,30.5,
20140807,2381727,-1,3900.5,,2381847,S07,3882.0,3879.0,3,2381847,18.5,19.75,2.25,True,2.25,
20140808,2383047,-1,3877.25,,2383167,S07,3858.75,3864.75,3,2383167,18.5,19.75,-6.75,True,-6.75,
20140811,2384292,1,3880.5,,2384412,S07,3899.0,3915.5,3,2384412,18.5,19.75,15.75,True,15.75,
20140812,2385521,1,3884.5,,2385641,S07,3903.0,3894.25,3,2385641,18.5,19.75,-9.5,True,-9.5,
20140813,2386737,1,3904.25,,2386857,S07,3922.75,3943.25,3,2386857,18.5,19.75,19.75,True,19.75,
20140814,2387981,1,3933.25,,2388101,S07,3951.75,3953.25,3,2388101,18.5,19.75,0.75,True,0.75,
20140815,2389200,1,3968.75,,2389319,S07,3987.25,3968.25,1,2389281,18.5,19.75,-19.75,True,-19.75,
20140818,2390453,-1,4022.75,,2390573,S07,4004.25,4014.0,3,2390573,18.5,19.75,-10.5,True,-10.5,
20140819,2391661,1,4007.75,,2391781,S07,4026.25,4028.5,3,2391781,18.5,19.75,1.5,True,1.5,
20140820,2392868,1,4017.5,,2392988,S07,4036.0,4040.75,3,2392988,18.5,19.75,4.0,True,4.0,
20140821,2394102,1,4024.0,,2394222,S07,4042.5,4043.5,3,2394222,18.5,19.75,0.25,True,0.25,
20140822,2395293,-1,4066.0,,2395413,S07,4047.5,4053.5,3,2395413,18.5,19.75,-6.75,True,-6.75,
20140825,2396367,1,4054.25,,2396487,S07,4072.75,4075.5,3,2396487,18.5,19.75,2.0,True,2.0,
20140826,2397539,-1,4090.0,,2397659,S07,4071.5,4072.5,3,2397659,18.5,19.75,-1.75,True,-1.75,
20140827,2398690,-1,4091.25,,2398810,S07,4072.75,4072.5,3,2398810,18.5,19.75,-0.5,True,-0.5,
20140828,2399833,-1,4076.75,,2399953,S07,4058.25,4064.25,3,2399953,18.5,19.75,-6.75,True,-6.75,
20140829,2400983,-1,4094.75,,2401103,S07,4076.25,4079.75,3,2401103,18.5,19.75,-4.25,True,-4.25,
20140902,2403048,1,4075.75,,2403168,S07,4094.25,4091.0,3,2403168,18.5,19.75,-4.0,True,-4.0,
20140903,2404266,-1,4122.25,,2404386,S07,4103.75,4076.0,3,2404386,18.5,19.75,27.0,True,27.0,
20140904,2405461,-1,4094.0,,2405581,S07,4075.5,4094.5,1,2405478,18.5,19.75,-19.75,True,-19.75,
20140904,2405492,1,4092.5,,-1,PV2_V7m,4093.0,4092.0,1,2405493,0.5,1.75,-1.75,True,-21.5,
20140905,2406720,-1,4088.75,,2406840,S07,4070.25,4059.75,3,2406840,18.5,19.75,9.75,True,9.75,
20140908,2407908,1,4074.5,,2408028,S07,4093.0,4100.5,3,2408028,18.5,19.75,6.75,True,6.75,
20140909,2409152,-1,4105.75,,2409272,S07,4087.25,4086.75,3,2409272,18.5,19.75,-0.25,True,-0.25,
20140910,2410411,1,4048.75,,2410531,S07,4067.25,4071.0,3,2410531,18.5,19.75,3.0,True,3.0,
20140911,2411295,1,4053.75,,2411415,S07,4072.25,4073.5,3,2411415,18.5,19.75,0.5,True,0.5,
20140912,2412446,-1,4095.0,,2412566,S07,4076.5,4071.25,3,2412566,18.5,19.75,4.5,True,4.5,
20140915,2413677,-1,4073.75,,2413797,S07,4055.25,4023.25,3,2413797,18.5,19.75,31.25,True,31.25,
20140916,2414893,1,3994.75,,2415013,S07,4013.25,4031.25,3,2415013,18.5,19.75,17.25,True,17.25,
20140917,2416063,1,4043.25,,2416183,S07,4061.75,4055.75,3,2416183,18.5,19.75,-6.75,True,-6.75,
20140918,2417329,-1,4096.5,,2417449,S07,4078.0,4086.75,3,2417449,18.5,19.75,-9.5,True,-9.5,
20140919,2418661,-1,4126.75,,2418781,S07,4108.25,4097.25,3,2418781,18.5,19.75,10.25,True,10.25,
20140922,2419965,-1,4098.25,,2420085,S07,4079.75,4049.0,3,2420085,18.5,19.75,30.0,True,30.0,
20140923,2421197,1,4025.5,,2421317,S07,4044.0,4051.75,3,2421317,18.5,19.75,7.0,True,7.0,
20140924,2422474,1,4034.25,,2422594,S07,4052.75,4033.75,1,2422521,18.5,19.75,-19.75,True,-19.75,
20140924,2422575,1,4058.5,,-1,PV2_V7m,4062.0,4071.5,3,2422695,3.5,4.75,8.75,True,-11.0,
20140925,2423691,-1,4091.25,,2423811,S07,4072.75,4011.75,3,2423811,18.5,19.75,60.25,True,60.25,
20140926,2424930,1,3996.75,,2425050,S07,4015.25,4011.25,3,2425050,18.5,19.75,-4.75,True,-4.75,
20140926,2425222,1,4037.75,,-1,PV2_V7m,4043.5,4044.75,3,2425316,5.75,7.0,0.5,True,-4.25,
20140929,2426216,-1,4020.25,,2426336,S07,4001.75,4020.75,1,2426254,18.5,19.75,-19.75,True,-19.75,
20140930,2427251,-1,4068.5,,2427371,S07,4050.0,4063.5,3,2427371,18.5,19.75,-14.25,True,-14.25,
20141001,2428559,-1,4050.0,,2428679,S07,4031.5,4002.25,3,2428679,18.5,19.75,28.5,True,28.5,
20141002,2429853,1,3962.0,,2429973,S07,3980.5,3961.5,1,2429914,18.5,19.75,-19.75,True,-19.75,
20141003,2431146,-1,4012.75,,2431266,S07,3994.25,4013.25,1,2431169,18.5,19.75,-19.75,True,-19.75,
20141006,2432392,1,4015.25,,2432512,S07,4033.75,4014.75,1,2432469,18.5,19.75,-19.75,True,-19.75,
20141007,2433647,-1,3995.5,,2433767,S07,3977.0,3996.0,1,2433704,18.5,19.75,-19.75,True,-19.75,
20141008,2434947,-1,3966.5,,2435067,S07,3948.0,3958.25,3,2435067,18.5,19.75,-11.0,True,-11.0,
20141008,2435220,1,3981.25,,-1,PV2_V7m,3988.25,4030.75,3,2435333,7.0,8.25,41.75,True,30.75,
20141009,2436260,1,4011.0,,2436380,S07,4029.5,4010.5,1,2436322,18.5,19.75,-19.75,True,-19.75,
20141010,2437603,-1,3946.0,,2437723,S07,3927.5,3946.5,1,2437607,18.5,19.75,-19.75,True,-19.75,
20141010,2437648,-1,3916.0,,-1,PV2_V7m,3909.5,3916.5,1,2437674,6.5,7.75,-7.75,True,-27.5,
20141013,2438968,1,3848.25,,2439088,S07,3866.75,3847.75,1,2438985,18.5,19.75,-19.75,True,-19.75,
20141014,2440311,1,3813.5,,2440431,S07,3832.0,3813.0,1,2440334,18.5,19.75,-19.75,True,-19.75,
20141015,2441625,-1,3768.0,,2441745,S07,3749.5,3768.5,1,2441641,18.5,19.75,-19.75,True,-19.75,
20141016,2442956,1,3696.25,,2443076,S07,3714.75,3762.75,3,2443076,18.5,19.75,47.25,True,47.25,
20141017,2444285,-1,3816.25,,2444405,S07,3797.75,3816.75,1,2444330,18.5,19.75,-19.75,True,-19.75,
20141020,2445600,-1,3816.25,,2445720,S07,3797.75,3816.75,1,2445607,18.5,19.75,-19.75,True,-19.75,
20141020,2445630,1,3819.75,,-1,PV2_V7m,3825.0,3819.25,1,2445635,5.25,6.5,-6.5,True,-26.25,
20141021,2446940,1,3889.5,,2447060,S07,3908.0,3933.0,3,2447060,18.5,19.75,24.25,True,24.25,
20141022,2448235,-1,3987.0,,2448355,S07,3968.5,3977.0,3,2448355,18.5,19.75,-9.25,True,-9.25,
20141023,2449541,-1,3994.75,,2449661,S07,3976.25,3995.25,1,2449572,18.5,19.75,-19.75,True,-19.75,
20141024,2450871,1,3990.0,,2450991,S07,4008.5,4016.0,3,2450991,18.5,19.75,6.75,True,6.75,
20141027,2452143,1,4007.5,,2452263,S07,4026.0,4037.0,3,2452263,18.5,19.75,10.25,True,10.25,
20141028,2453372,1,4041.25,,2453492,S07,4059.75,4079.5,3,2453492,18.5,19.75,19.0,True,19.0,
20141029,2454661,-1,4102.0,,2454781,S07,4083.5,4083.0,3,2454781,18.5,19.75,-0.25,True,-0.25,
20141030,2455938,1,4055.25,,2456058,S07,4073.75,4068.25,3,2456058,18.5,19.75,-6.25,True,-6.25,
20141031,2457257,-1,4170.25,,2457377,S07,4151.75,4151.0,3,2457377,18.5,19.75,0.0,True,0.0,
20141103,2458494,-1,4171.75,,2458614,S07,4153.25,4172.25,1,2458521,18.5,19.75,-19.75,True,-19.75,
20141104,2459783,1,4133.25,,2459903,S07,4151.75,4132.75,1,2459865,18.5,19.75,-19.75,True,-19.75,
20141105,2461100,-1,4187.25,,2461220,S07,4168.75,4153.25,3,2461220,18.5,19.75,14.75,True,14.75,
20141106,2462381,1,4132.25,,2462501,S07,4150.75,4131.75,1,2462439,18.5,19.75,-19.75,True,-19.75,
20141107,2463689,-1,4178.5,,2463809,S07,4160.0,4155.5,3,2463809,18.5,19.75,3.75,True,3.75,
20141110,2464954,-1,4174.25,,2465074,S07,4155.75,4174.75,1,2465036,18.5,19.75,-19.75,True,-19.75,
20141111,2466209,-1,4191.25,,2466329,S07,4172.75,4179.0,3,2466329,18.5,19.75,-7.0,True,-7.0,
20141112,2467468,1,4155.0,,2467588,S07,4173.5,4181.75,3,2467588,18.5,19.75,7.5,True,7.5,
20141113,2468750,1,4183.5,,2468870,S07,4202.0,4208.25,3,2468870,18.5,19.75,5.5,True,5.5,
20141114,2470016,-1,4226.25,,2470136,S07,4207.75,4220.5,3,2470136,18.5,19.75,-13.5,True,-13.5,
20141117,2471353,-1,4231.0,,2471473,S07,4212.5,4194.5,3,2471473,18.5,19.75,17.25,True,17.25,
20141118,2472562,1,4199.25,,2472682,S07,4217.75,4229.25,3,2472682,18.5,19.75,10.75,True,10.75,
20141119,2473810,-1,4249.0,,2473930,S07,4230.5,4217.25,3,2473930,18.5,19.75,12.5,True,12.5,
20141120,2475104,1,4186.75,,2475224,S07,4205.25,4243.0,3,2475224,18.5,19.75,37.0,True,37.0,
20141121,2476391,-1,4298.75,,2476511,S07,4280.25,4260.5,3,2476511,18.5,19.75,19.0,True,19.0,
20141124,2477616,1,4244.5,,2477736,S07,4263.0,4274.0,3,2477736,18.5,19.75,10.25,True,10.25,
20141125,2478883,1,4277.0,,2479003,S07,4295.5,4292.5,3,2479003,18.5,19.75,-3.75,True,-3.75,
20141126,2480126,-1,4310.75,,2480246,S07,4292.25,4306.75,3,2480246,18.5,19.75,-15.25,True,-15.25,
20141128,2482352,1,4312.75,,2482472,S07,4331.25,4343.75,3,2482472,18.5,19.75,11.75,True,11.75,
20141201,2483457,1,4314.5,,2483577,S07,4333.0,4314.0,1,2483467,18.5,19.75,-19.75,True,-19.75,
20141201,2483487,-1,4304.75,,-1,PV2_V7m,4301.75,4305.25,1,2483488,3.0,4.25,-4.25,True,-24.0,
20141202,2484744,-1,4305.5,,2484864,S07,4287.0,4306.0,1,2484778,18.5,19.75,-19.75,True,-19.75,
20141203,2485991,-1,4328.75,,2486111,S07,4310.25,4306.0,3,2486111,18.5,19.75,3.5,True,3.5,
20141204,2487214,1,4291.0,,2487334,S07,4309.5,4299.5,3,2487334,18.5,19.75,-10.75,True,-10.75,
20141205,2488442,1,4303.25,,2488562,S07,4321.75,4318.25,3,2488562,18.5,19.75,-4.25,True,-4.25,
20141208,2489700,1,4284.5,,2489820,S07,4303.0,4311.0,3,2489820,18.5,19.75,7.25,True,7.25,
20141209,2491030,1,4219.5,,2491150,S07,4238.0,4219.0,1,2491089,18.5,19.75,-19.75,True,-19.75,
20141210,2492360,1,4275.5,,2492480,S07,4294.0,4275.0,1,2492378,18.5,19.75,-19.75,True,-19.75,
20141211,2493326,1,4223.0,,2493446,S07,4241.5,4288.25,3,2493446,18.5,19.75,46.0,True,46.0,
20141212,2494648,1,4203.25,,2494768,S07,4221.75,4225.75,3,2494768,18.5,19.75,3.25,True,3.25,
20141215,2495982,1,4206.75,,2496102,S07,4225.25,4206.25,1,2496012,18.5,19.75,-19.75,True,-19.75,
20141216,2497325,1,4108.5,,2497445,S07,4127.0,4108.0,1,2497366,18.5,19.75,-19.75,True,-19.75,
20141217,2498674,-1,4108.5,,2498794,S07,4090.0,4109.0,1,2498684,18.5,19.75,-19.75,True,-19.75,
20141218,2499991,-1,4231.25,,2500111,S07,4212.75,4231.75,1,2500018,18.5,19.75,-19.75,True,-19.75,
20141219,2501335,-1,4278.5,,2501455,S07,4260.0,4279.0,1,2501367,18.5,19.75,-19.75,True,-19.75,
20141222,2502618,1,4265.0,,2502738,S07,4283.5,4295.0,3,2502738,18.5,19.75,10.75,True,10.75,
20141223,2503775,-1,4321.0,,2503895,S07,4302.5,4289.25,3,2503895,18.5,19.75,12.5,True,12.5,
20141224,2504893,1,4268.0,,2505013,S07,4286.5,4296.75,3,2505013,18.5,19.75,9.5,True,9.5,
20141226,2505663,-1,4313.0,,2505783,S07,4294.5,4306.75,3,2505783,18.5,19.75,-13.0,True,-13.0,
20141229,2506665,1,4293.5,,2506785,S07,4312.0,4318.25,3,2506785,18.5,19.75,5.5,True,5.5,
20141230,2507885,1,4282.75,,2508005,S07,4301.25,4293.5,3,2508005,18.5,19.75,-8.5,True,-8.5,
20141231,2508978,-1,4305.5,,2509098,S07,4287.0,4292.25,3,2509098,18.5,19.75,-6.0,True,-6.0,
20150102,2510250,1,4245.5,,2510370,S07,4264.0,4245.0,1,2510297,18.5,19.75,-19.75,True,-19.75,
20150105,2511581,-1,4218.75,,2511701,S07,4200.25,4170.25,3,2511701,18.5,19.75,29.25,True,29.25,
20150106,2512911,1,4150.0,,2513031,S07,4168.5,4149.5,1,2512938,18.5,19.75,-19.75,True,-19.75,
20150107,2514232,-1,4137.0,,2514352,S07,4118.5,4137.5,1,2514237,18.5,19.75,-19.75,True,-19.75,
20150107,2514264,1,4145.75,,-1,PV2_V7m,4147.5,4145.25,1,2514269,1.75,3.0,-3.0,True,-22.75,
20150108,2515570,1,4170.0,,2515690,S07,4188.5,4230.0,3,2515690,18.5,19.75,40.75,True,40.75,
20150109,2516883,-1,4255.75,,2517003,S07,4237.25,4193.75,3,2517003,18.5,19.75,42.75,True,42.75,
20150112,2518150,-1,4229.0,,2518270,S07,4210.5,4173.5,3,2518270,18.5,19.75,36.25,True,36.25,
20150113,2519444,1,4200.5,,2519564,S07,4219.0,4236.5,3,2519564,18.5,19.75,16.75,True,16.75,
20150114,2520782,1,4114.25,,2520902,S07,4132.75,4124.25,3,2520902,18.5,19.75,-9.25,True,-9.25,
20150115,2522098,1,4136.5,,2522218,S07,4155.0,4136.0,1,2522101,18.5,19.75,-19.75,True,-19.75,
20150115,2522131,-1,4109.5,,-1,PV2_V7m,4106.25,4110.0,1,2522132,3.25,4.5,-4.5,True,-24.25,
20150116,2523457,1,4068.75,,2523577,S07,4087.25,4098.25,3,2523577,18.5,19.75,10.25,True,10.25,
20150119,2524768,1,4127.0,,2524888,S07,4145.5,4134.25,3,2524888,18.5,19.75,-12.0,True,-12.0,
20150120,2525873,1,4144.0,,2525993,S07,4162.5,4143.5,1,2525882,18.5,19.75,-19.75,True,-19.75,
20150121,2527198,-1,4158.25,,2527318,S07,4139.75,4158.75,1,2527202,18.5,19.75,-19.75,True,-19.75,
20150122,2528483,-1,4219.5,,2528603,S07,4201.0,4220.0,1,2528561,18.5,19.75,-19.75,True,-19.75,
20150123,2529761,-1,4275.75,,2529881,S07,4257.25,4272.25,3,2529881,18.5,19.75,-15.75,True,-15.75,
20150126,2531076,-1,4276.25,,2531196,S07,4257.75,4258.0,3,2531196,18.5,19.75,-1.0,True,-1.0,
20150127,2532329,-1,4209.75,,2532449,S07,4191.25,4168.75,3,2532449,18.5,19.75,21.75,True,21.75,
20150128,2533675,-1,4235.0,,2533795,S07,4216.5,4184.75,3,2533795,18.5,19.75,31.0,True,31.0,
20150129,2535001,1,4114.75,,2535121,S07,4133.25,4114.25,1,2535007,18.5,19.75,-19.75,True,-19.75,
20150129,2535357,1,4170.25,,-1,PV2_V7m,4171.75,4169.75,1,2535361,1.5,2.75,-2.75,True,-22.5,
20150130,2536312,1,4172.75,,2536432,S07,4191.25,4172.25,1,2536350,18.5,19.75,-19.75,True,-19.75,
20150202,2537608,-1,4160.25,,2537728,S07,4141.75,4154.0,3,2537728,18.5,19.75,-13.0,True,-13.0,
20150203,2538927,1,4183.25,,2539047,S07,4201.75,4182.75,1,2538998,18.5,19.75,-19.75,True,-19.75,
20150204,2540218,1,4186.0,,2540338,S07,4204.5,4228.75,3,2540338,18.5,19.75,23.5,True,23.5,
20150205,2541530,1,4202.75,,2541650,S07,4221.25,4241.25,3,2541650,18.5,19.75,19.25,True,19.25,
20150206,2542777,-1,4267.25,,2542897,S07,4248.75,4267.75,1,2542852,18.5,19.75,-19.75,True,-19.75,
20150206,2543015,-1,4237.0,,-1,PV2_V7m,4232.5,4237.5,1,2543018,4.5,5.75,-5.75,True,-25.5,
20150209,2544066,1,4194.5,,2544186,S07,4213.0,4222.25,3,2544186,18.5,19.75,8.5,True,8.5,
20150210,2545287,-1,4251.75,,2545407,S07,4233.25,4248.75,3,2545407,18.5,19.75,-16.25,True,-16.25,
20150211,2546505,1,4265.75,,2546625,S07,4284.25,4293.5,3,2546625,18.5,19.75,8.5,True,8.5,
20150212,2547823,-1,4340.25,,2547943,S07,4321.75,4325.5,3,2547943,18.5,19.75,-4.5,True,-4.5,
20150213,2549089,1,4339.5,,2549209,S07,4358.0,4358.75,3,2549209,18.5,19.75,0.0,True,0.0,
20150216,2550298,1,4362.5,,2550415,S07,4381.0,4381.0,4,2550312,18.5,19.75,-0.75,True,-0.75,
20150217,2551332,-1,4397.25,,2551452,S07,4378.75,4379.75,3,2551452,18.5,19.75,-1.75,True,-1.75,
20150218,2552497,-1,4398.0,,2552617,S07,4379.5,4383.75,3,2552617,18.5,19.75,-5.0,True,-5.0,
20150219,2553640,1,4371.25,,2553760,S07,4389.75,4409.5,3,2553760,18.5,19.75,19.0,True,19.0,
20150220,2554780,-1,4429.25,,2554900,S07,4410.75,4416.75,3,2554900,18.5,19.75,-6.75,True,-6.75,
20150223,2555929,-1,4455.75,,2556049,S07,4437.25,4441.75,3,2556049,18.5,19.75,-5.25,True,-5.25,
20150224,2557072,-1,4454.75,,2557192,S07,4436.25,4451.25,3,2557192,18.5,19.75,-15.75,True,-15.75,
20150225,2558255,-1,4457.0,,2558375,S07,4438.5,4451.0,3,2558375,18.5,19.75,-13.25,True,-13.25,
20150226,2559434,-1,4458.0,,2559554,S07,4439.5,4458.5,1,2559539,18.5,19.75,-19.75,True,-19.75,
20150227,2560655,1,4441.5,,2560775,S07,4460.0,4455.5,3,2560775,18.5,19.75,-5.25,True,-5.25,
20150302,2561831,1,4433.5,,2561951,S07,4452.0,4476.75,3,2561951,18.5,19.75,24.0,True,24.0,
20150303,2563004,1,4449.25,,2563124,S07,4467.75,4448.75,1,2563067,18.5,19.75,-19.75,True,-19.75,
20150304,2564163,-1,4461.25,,2564283,S07,4442.75,4443.75,3,2564283,18.5,19.75,-1.75,True,-1.75,
20150305,2565325,1,4436.5,,2565445,S07,4455.0,4451.5,3,2565445,18.5,19.75,-4.25,True,-4.25,
20150306,2566453,1,4427.25,,2566573,S07,4445.75,4426.75,1,2566551,18.5,19.75,-19.75,True,-19.75,
20150306,2566555,-1,4431.75,,-1,PV2_V7m,4428.5,4409.25,3,2566675,3.25,4.5,18.5,True,-1.25,
20150309,2567689,-1,4421.25,,2567809,S07,4402.75,4408.5,3,2567809,18.5,19.75,-6.5,True,-6.5,
20150309,2567947,1,4422.25,,-1,PV2_V7m,4423.0,4421.75,1,2567949,0.75,2.0,-2.0,True,-8.5,
20150310,2568868,-1,4396.0,,2568988,S07,4377.5,4361.25,3,2568988,18.5,19.75,15.5,True,15.5,
20150311,2570166,-1,4353.75,,2570286,S07,4335.25,4335.0,3,2570286,18.5,19.75,-0.5,True,-0.5,
20150312,2570953,1,4283.75,,2571073,S07,4302.25,4322.25,3,2571073,18.5,19.75,19.25,True,19.25,
20150313,2572125,-1,4339.0,,2572245,S07,4320.5,4339.5,1,2572138,18.5,19.75,-19.75,True,-19.75,
20150316,2573362,-1,4338.25,,2573482,S07,4319.75,4338.75,1,2573380,18.5,19.75,-19.75,True,-19.75,
20150316,2573394,1,4340.0,,-1,PV2_V7m,4343.5,4349.75,3,2573514,3.5,4.75,5.5,True,-14.25,
20150317,2574594,1,4334.75,,2574714,S07,4353.25,4348.5,3,2574714,18.5,19.75,-5.5,True,-5.5,
20150318,2575755,-1,4376.0,,2575875,S07,4357.5,4357.25,3,2575875,18.5,19.75,-0.5,True,-0.5,
20150318,2576035,1,4389.0,,-1,PV2_V7m,4397.25,4413.75,3,2576141,8.25,9.5,15.75,True,15.25,
20150319,2577037,1,4403.0,,2577157,S07,4421.5,4420.5,3,2577157,18.5,19.75,-1.75,True,-1.75,
20150320,2578277,-1,4475.0,,2578397,S07,4456.5,4464.25,3,2578397,18.5,19.75,-8.5,True,-8.5,
20150323,2579498,1,4429.25,,2579618,S07,4447.75,4449.75,3,2579618,18.5,19.75,1.25,True,1.25,
20150324,2580752,1,4424.5,,2580872,S07,4443.0,4457.75,3,2580872,18.5,19.75,14.0,True,14.0,
20150325,2581989,-1,4449.5,,2582109,S07,4431.0,4380.75,3,2582109,18.5,19.75,49.5,True,49.5,
20150326,2583313,-1,4292.25,,2583433,S07,4273.75,4292.75,1,2583320,18.5,19.75,-19.75,True,-19.75,
20150327,2584609,1,4296.75,,2584729,S07,4315.25,4319.25,3,2584729,18.5,19.75,3.25,True,3.25,
20150330,2585924,1,4337.5,,2586044,S07,4356.0,4362.75,3,2586044,18.5,19.75,6.0,True,6.0,
20150331,2587218,1,4343.25,,2587338,S07,4361.75,4359.75,3,2587338,18.5,19.75,-2.75,True,-2.75,
20150401,2588553,1,4305.5,,2588673,S07,4324.0,4305.0,1,2588559,18.5,19.75,-19.75,True,-19.75,
20150401,2588585,-1,4288.75,,-1,PV2_V7m,4282.75,4289.25,1,2588592,6.0,7.25,-7.25,True,-27.0,
20150402,2589864,1,4287.25,,2589984,S07,4305.75,4310.25,3,2589984,18.5,19.75,3.75,True,3.75,
20150406,2591583,1,4268.0,,2591703,S07,4286.5,4335.25,3,2591703,18.5,19.75,48.0,True,48.0,
20150407,2592798,1,4333.5,,2592918,S07,4352.0,4365.25,3,2592918,18.5,19.75,12.5,True,12.5,
20150408,2594082,1,4329.0,,2594202,S07,4347.5,4362.25,3,2594202,18.5,19.75,14.0,True,14.0,
20150409,2595289,1,4368.75,,2595409,S07,4387.25,4368.25,1,2595310,18.5,19.75,-19.75,True,-19.75,
20150410,2596324,1,4381.0,,2596444,S07,4399.5,4407.75,3,2596444,18.5,19.75,7.5,True,7.5,
20150413,2597526,1,4408.25,,2597646,S07,4426.75,4435.0,3,2597646,18.5,19.75,7.5,True,7.5,
20150414,2598720,1,4392.5,,2598840,S07,4411.0,4392.0,1,2598733,18.5,19.75,-19.75,True,-19.75,
20150415,2599919,-1,4420.75,,2600039,S07,4402.25,4402.0,3,2600039,18.5,19.75,-0.5,True,-0.5,
20150416,2601115,-1,4423.75,,2601235,S07,4405.25,4412.0,3,2601235,18.5,19.75,-7.5,True,-7.5,
20150417,2602323,1,4358.75,,2602443,S07,4377.25,4358.25,1,2602334,18.5,19.75,-19.75,True,-19.75,
20150417,2602365,-1,4350.25,,-1,PV2_V7m,4347.0,4350.75,1,2602367,3.25,4.5,-4.5,True,-24.25,
20150420,2603646,1,4351.25,,2603766,S07,4369.75,4404.5,3,2603766,18.5,19.75,34.0,True,34.0,
20150421,2604935,1,4419.75,,2605055,S07,4438.25,4430.5,3,2605055,18.5,19.75,-8.5,True,-8.5,
20150422,2606196,-1,4457.25,,2606316,S07,4438.75,4436.25,3,2606316,18.5,19.75,1.75,True,1.75,
20150423,2607432,1,4423.75,,2607552,S07,4442.25,4450.25,3,2607552,18.5,19.75,7.25,True,7.25,
20150423,2607619,1,4469.25,,-1,PV2_V7m,4474.0,4476.75,3,2607739,4.75,6.0,2.0,True,9.25,
20150424,2608755,-1,4535.5,,2608875,S07,4517.0,4527.0,3,2608875,18.5,19.75,-10.75,True,-10.75,
20150427,2609968,-1,4562.0,,2610088,S07,4543.5,4544.5,3,2610088,18.5,19.75,-1.75,True,-1.75,
20150428,2611217,1,4503.0,,2611337,S07,4521.5,4502.5,1,2611233,18.5,19.75,-19.75,True,-19.75,
20150428,2611247,-1,4503.5,,-1,PV2_V7m,4487.25,4504.0,1,2611285,16.25,17.5,-17.5,True,-37.25,
20150429,2612410,1,4477.0,,2612530,S07,4495.5,4483.0,3,2612530,18.5,19.75,-13.25,True,-13.25,
20150429,2612578,-1,4469.5,,-1,PV2_V7m,4467.5,4470.0,1,2612580,2.0,3.25,-3.25,True,-16.5,
20150430,2613691,1,4446.25,,2613811,S07,4464.75,4445.75,1,2613718,18.5,19.75,-19.75,True,-19.75,
20150501,2614899,1,4413.0,,2615019,S07,4431.5,4447.75,3,2615019,18.5,19.75,15.5,True,15.5,
20150504,2616121,1,4469.0,,2616241,S07,4487.5,4485.0,3,2616241,18.5,19.75,-3.25,True,-3.25,
20150505,2617279,1,4444.25,,2617399,S07,4462.75,4443.75,1,2617294,18.5,19.75,-19.75,True,-19.75,
20150505,2617318,-1,4440.0,,-1,PV2_V7m,4430.5,4440.5,1,2617329,9.5,10.75,-10.75,True,-30.5,
20150506,2618554,-1,4431.25,,2618674,S07,4412.75,4384.25,3,2618674,18.5,19.75,27.75,True,27.75,
20150507,2619828,1,4356.75,,2619948,S07,4375.25,4397.75,3,2619948,18.5,19.75,21.75,True,21.75,
20150508,2621080,1,4430.5,,2621200,S07,4449.0,4458.75,3,2621200,18.5,19.75,9.0,True,9.0,
20150511,2622278,1,4441.0,,2622398,S07,4459.5,4440.5,1,2622336,18.5,19.75,-19.75,True,-19.75,
20150512,2623534,-1,4414.75,,2623654,S07,4396.25,4415.25,1,2623606,18.5,19.75,-19.75,True,-19.75,
20150513,2624794,1,4429.0,,2624914,S07,4447.5,4428.5,1,2624881,18.5,19.75,-19.75,True,-19.75,
20150514,2626007,-1,4475.5,,2626127,S07,4457.0,4471.25,3,2626127,18.5,19.75,-15.0,True,-15.0,
20150515,2627255,1,4486.0,,2627375,S07,4504.5,4485.5,1,2627282,18.5,19.75,-19.75,True,-19.75,
20150518,2628475,1,4462.25,,2628595,S07,4480.75,4501.0,3,2628595,18.5,19.75,19.5,True,19.5,
20150519,2629640,1,4500.0,,2629760,S07,4518.5,4509.25,3,2629760,18.5,19.75,-10.0,True,-10.0,
20150520,2630865,-1,4517.5,,2630985,S07,4499.0,4502.25,3,2630985,18.5,19.75,-4.0,True,-4.0,
20150521,2632104,1,4479.75,,2632224,S07,4498.25,4529.5,3,2632224,18.5,19.75,30.5,True,30.5,
20150522,2633288,1,4512.75,,2633408,S07,4531.25,4528.5,3,2633408,18.5,19.75,-3.5,True,-3.5,
20150526,2635280,1,4498.0,,2635400,S07,4516.5,4497.5,1,2635293,18.5,19.75,-19.75,True,-19.75,
20150526,2635311,-1,4491.75,,-1,PV2_V7m,4485.75,4473.25,3,2635431,6.0,7.25,11.75,True,-8.0,
20150527,2636518,-1,4498.0,,2636638,S07,4479.5,4498.5,1,2636534,18.5,19.75,-19.75,True,-19.75,
20150527,2636551,1,4504.25,,-1,PV2_V7m,4508.25,4523.75,3,2636671,4.0,5.25,14.75,True,-5.0,
20150528,2637772,1,4523.25,,2637892,S07,4541.75,4522.75,1,2637800,18.5,19.75,-19.75,True,-19.75,
20150529,2638957,1,4515.25,,2639077,S07,4533.75,4514.75,1,2639020,18.5,19.75,-19.75,True,-19.75,
20150601,2640205,-1,4544.75,,2640325,S07,4526.25,4510.25,3,2640325,18.5,19.75,15.25,True,15.25,
20150602,2641447,1,4486.5,,2641567,S07,4505.0,4486.0,1,2641463,18.5,19.75,-19.75,True,-19.75,
20150603,2642655,-1,4540.25,,2642775,S07,4521.75,4531.5,3,2642775,18.5,19.75,-10.5,True,-10.5,
20150604,2643916,1,4485.75,,2644036,S07,4504.25,4501.25,3,2644036,18.5,19.75,-3.75,True,-3.75,
20150605,2645150,-1,4492.75,,2645270,S07,4474.25,4493.25,1,2645217,18.5,19.75,-19.75,True,-19.75,
20150608,2646385,-1,4489.75,,2646505,S07,4471.25,4453.75,3,2646505,18.5,19.75,16.75,True,16.75,
20150609,2647644,1,4408.25,,2647764,S07,4426.75,4407.75,1,2647654,18.5,19.75,-19.75,True,-19.75,
20150609,2647676,-1,4406.0,,-1,PV2_V7m,4399.25,4406.5,1,2647680,6.75,8.0,-8.0,True,-27.75,
20150610,2648828,1,4423.0,,2648948,S07,4441.5,4486.5,3,2648948,18.5,19.75,44.25,True,44.25,
20150611,2649592,1,4482.25,,2649712,S07,4500.75,4481.75,1,2649657,18.5,19.75,-19.75,True,-19.75,
20150612,2650722,1,4447.0,,2650842,S07,4465.5,4446.5,1,2650785,18.5,19.75,-19.75,True,-19.75,
20150615,2651993,-1,4416.75,,2652113,S07,4398.25,4417.25,1,2652090,18.5,19.75,-19.75,True,-19.75,
20150616,2653190,1,4402.5,,2653310,S07,4421.0,4434.25,3,2653310,18.5,19.75,12.5,True,12.5,
20150617,2654351,1,4442.0,,2654471,S07,4460.5,4450.5,3,2654471,18.5,19.75,-10.75,True,-10.75,
20150618,2655564,1,4466.5,,2655684,S07,4485.0,4527.0,3,2655684,18.5,19.75,41.25,True,41.25,
20150619,2656783,-1,4547.25,,2656903,S07,4528.75,4519.25,3,2656903,18.5,19.75,8.75,True,8.75,
20150622,2657980,1,4523.25,,2658100,S07,4541.75,4550.0,3,2658100,18.5,19.75,7.5,True,7.5,
20150623,2659190,1,4524.25,,2659310,S07,4542.75,4523.75,1,2659257,18.5,19.75,-19.75,True,-19.75,
20150624,2660352,1,4517.25,,2660472,S07,4535.75,4543.0,3,2660472,18.5,19.75,6.5,True,6.5,
20150625,2661570,-1,4549.25,,2661690,S07,4530.75,4535.5,3,2661690,18.5,19.75,-5.5,True,-5.5,
20150626,2662800,-1,4516.75,,2662920,S07,4498.25,4517.25,1,2662828,18.5,19.75,-19.75,True,-19.75,
20150629,2664150,-1,4442.25,,2664270,S07,4423.75,4442.75,1,2664161,18.5,19.75,-19.75,True,-19.75,
20150630,2665450,1,4382.5,,2665570,S07,4401.0,4382.0,1,2665499,18.5,19.75,-19.75,True,-19.75,
20150701,2666605,-1,4445.5,,2666725,S07,4427.0,4422.25,3,2666725,18.5,19.75,4.0,True,4.0,
20150702,2667825,-1,4449.5,,2667945,S07,4431.0,4415.25,3,2667945,18.5,19.75,15.0,True,15.0,
20150706,2670094,-1,4406.25,,2670214,S07,4387.75,4406.75,1,2670109,18.5,19.75,-19.75,True,-19.75,
20150707,2671391,-1,4427.25,,2671511,S07,4408.75,4338.5,3,2671511,18.5,19.75,69.5,True,69.5,
20150708,2672495,1,4372.25,,2672615,S07,4390.75,4371.75,1,2672510,18.5,19.75,-19.75,True,-19.75,
20150708,2672533,-1,4369.0,,-1,PV2_V7m,4363.75,4369.5,1,2672542,5.25,6.5,-6.5,True,-26.25,
20150709,2673827,1,4385.0,,2673947,S07,4403.5,4384.5,1,2673875,18.5,19.75,-19.75,True,-19.75,
20150710,2675175,-1,4416.0,,2675295,S07,4397.5,4408.0,3,2675295,18.5,19.75,-11.25,True,-11.25,
20150713,2676510,1,4434.0,,2676630,S07,4452.5,4476.0,3,2676630,18.5,19.75,22.75,True,22.75,
20150714,2677750,1,4474.75,,2677870,S07,4493.25,4518.25,3,2677870,18.5,19.75,24.25,True,24.25,
20150715,2679026,1,4509.75,,2679146,S07,4528.25,4535.75,3,2679146,18.5,19.75,6.75,True,6.75,
20150716,2680340,-1,4575.5,,2680460,S07,4557.0,4571.25,3,2680460,18.5,19.75,-15.0,True,-15.0,
20150717,2681652,1,4605.0,,2681772,S07,4623.5,4638.5,3,2681772,18.5,19.75,14.25,True,14.25,
20150720,2682835,-1,4677.5,,2682955,S07,4659.0,4666.25,3,2682955,18.5,19.75,-8.0,True,-8.0,
20150721,2684088,-1,4684.5,,2684208,S07,4666.0,4663.5,3,2684208,18.5,19.75,1.75,True,1.75,
20150722,2685405,1,4594.25,,2685525,S07,4612.75,4616.0,3,2685525,18.5,19.75,2.5,True,2.5,
20150723,2686660,1,4601.5,,2686780,S07,4620.0,4622.0,3,2686780,18.5,19.75,1.25,True,1.25,
20150724,2687953,-1,4624.5,,2688073,S07,4606.0,4598.5,3,2688073,18.5,19.75,6.75,True,6.75,
20150727,2689261,-1,4538.5,,2689381,S07,4520.0,4539.0,1,2689321,18.5,19.75,-19.75,True,-19.75,
20150728,2690575,-1,4541.5,,2690695,S07,4523.0,4524.25,3,2690695,18.5,19.75,-2.0,True,-2.0,
20150729,2691831,1,4546.5,,2691951,S07,4565.0,4546.0,1,2691860,18.5,19.75,-19.75,True,-19.75,
20150730,2693062,-1,4578.0,,2693182,S07,4559.5,4567.75,3,2693182,18.5,19.75,-9.0,True,-9.0,
20150731,2694298,-1,4617.0,,2694418,S07,4598.5,4597.25,3,2694418,18.5,19.75,0.5,True,0.5,
20150803,2695531,-1,4604.75,,2695651,S07,4586.25,4591.5,3,2695651,18.5,19.75,-6.0,True,-6.0,
20150804,2696801,-1,4584.25,,2696921,S07,4565.75,4557.75,3,2696921,18.5,19.75,7.25,True,7.25,
20150805,2698065,1,4571.0,,2698185,S07,4589.5,4626.75,3,2698185,18.5,19.75,36.5,True,36.5,
20150806,2699322,-1,4620.5,,2699442,S07,4602.0,4518.5,3,2699442,18.5,19.75,82.75,True,82.75,
20150807,2700585,-1,4523.25,,2700705,S07,4504.75,4523.75,1,2700609,18.5,19.75,-19.75,True,-19.75,
20150807,2700695,-1,4489.75,,-1,PV2_V7m,4487.5,4490.25,1,2700697,2.25,3.5,-3.5,True,-23.25,
20150810,2701857,1,4538.0,,2701977,S07,4556.5,4561.5,3,2701977,18.5,19.75,4.25,True,4.25,
20150811,2703169,1,4523.25,,2703289,S07,4541.75,4522.75,1,2703261,18.5,19.75,-19.75,True,-19.75,
20150811,2703269,-1,4526.75,,-1,PV2_V7m,4524.5,4527.25,1,2703270,2.25,3.5,-3.5,True,-23.25,
20150812,2704497,-1,4486.75,,2704617,S07,4468.25,4461.75,3,2704617,18.5,19.75,5.75,True,5.75,
20150813,2705811,1,4522.25,,2705931,S07,4540.75,4521.75,1,2705818,18.5,19.75,-19.75,True,-19.75,
20150814,2707044,1,4494.75,,2707164,S07,4513.25,4504.0,3,2707164,18.5,19.75,-10.0,True,-10.0,
20150817,2708281,-1,4525.75,,2708401,S07,4507.25,4526.25,1,2708324,18.5,19.75,-19.75,True,-19.75,
20150817,2708373,1,4542.75,,-1,PV2_V7m,4545.0,4542.25,1,2708390,2.25,3.5,-3.5,True,-23.25,
20150818,2709534,-1,4571.5,,2709654,S07,4553.0,4550.25,3,2709654,18.5,19.75,2.0,True,2.0,
20150819,2710802,-1,4538.0,,2710922,S07,4519.5,4492.5,3,2710922,18.5,19.75,26.25,True,26.25,
20150820,2712115,-1,4483.75,,2712235,S07,4465.25,4421.5,3,2712235,18.5,19.75,43.0,True,43.0,
20150821,2713467,-1,4332.75,,2713587,S07,4314.25,4333.25,1,2713473,18.5,19.75,-19.75,True,-19.75,
20150825,2716187,1,4148.25,,2716307,S07,4166.75,4147.75,1,2716192,18.5,19.75,-19.75,True,-19.75,
20150826,2717551,1,4126.25,,2717671,S07,4144.75,4125.75,1,2717553,18.5,19.75,-19.75,True,-19.75,
20150826,2717893,1,4175.75,,-1,PV2_V7m,4182.25,4175.25,1,2717894,6.5,7.75,-7.75,True,-27.5,
20150827,2718904,1,4262.0,,2719024,S07,4280.5,4261.5,1,2718936,18.5,19.75,-19.75,True,-19.75,
20150828,2720252,1,4295.5,,2720372,S07,4314.0,4295.0,1,2720285,18.5,19.75,-19.75,True,-19.75,
20150831,2721612,1,4293.5,,2721732,S07,4312.0,4293.0,1,2721628,18.5,19.75,-19.75,True,-19.75,
20150901,2722967,1,4162.0,,2723087,S07,4180.5,4211.0,3,2723087,18.5,19.75,29.75,True,29.75,
20150902,2724328,-1,4215.5,,2724448,S07,4197.0,4192.5,3,2724448,18.5,19.75,3.75,True,3.75,
20150903,2725677,-1,4280.0,,2725797,S07,4261.5,4280.5,1,2725683,18.5,19.75,-19.75,True,-19.75,
20150904,2727001,1,4166.5,,2727121,S07,4185.0,4181.5,3,2727121,18.5,19.75,-4.25,True,-4.25,
20150907,2728344,-1,4233.5,,2728464,S07,4215.0,4215.25,3,2728464,18.5,19.75,-1.0,True,-1.0,
20150908,2729458,1,4252.25,,2729578,S07,4270.75,4251.75,1,2729526,18.5,19.75,-19.75,True,-19.75,
20150909,2730804,-1,4364.5,,2730924,S07,4346.0,4313.5,3,2730924,18.5,19.75,31.75,True,31.75,
20150910,2731880,1,4230.75,,2732000,S07,4249.25,4271.0,3,2732000,18.5,19.75,21.0,True,21.0,
20150911,2733114,1,4253.5,,2733234,S07,4272.0,4265.0,3,2733234,18.5,19.75,-7.75,True,-7.75,
20150914,2734455,-1,4336.75,,2734575,S07,4318.25,4286.5,3,2734575,18.5,19.75,31.0,True,31.0,
20150915,2735755,-1,4319.25,,2735875,S07,4300.75,4319.75,1,2735803,18.5,19.75,-19.75,True,-19.75,
20150916,2737063,1,4339.75,,2737183,S07,4358.25,4339.25,1,2737079,18.5,19.75,-19.75,True,-19.75,
20150917,2738367,1,4353.5,,2738487,S07,4372.0,4376.25,3,2738487,18.5,19.75,3.5,True,3.5,
20150918,2739708,1,4306.75,,2739828,S07,4325.25,4345.0,3,2739828,18.5,19.75,19.0,True,19.0,
20150921,2741035,-1,4354.5,,2741155,S07,4336.0,4355.0,1,2741098,18.5,19.75,-19.75,True,-19.75,
20150922,2742329,1,4246.5,,2742449,S07,4265.0,4246.0,1,2742387,18.5,19.75,-19.75,True,-19.75,
20150923,2743668,-1,4283.5,,2743788,S07,4265.0,4284.0,1,2743746,18.5,19.75,-19.75,True,-19.75,
20150924,2744774,1,4214.5,,2744894,S07,4233.0,4214.0,1,2744784,18.5,19.75,-19.75,True,-19.75,
20150925,2746132,-1,4306.0,,2746252,S07,4287.5,4280.0,3,2746252,18.5,19.75,6.75,True,6.75,
20150928,2747475,-1,4198.75,,2747595,S07,4180.25,4133.75,3,2747595,18.5,19.75,45.75,True,45.75,
20150929,2748833,-1,4105.75,,2748953,S07,4087.25,4106.25,1,2748857,18.5,19.75,-19.75,True,-19.75,
20150929,2749185,-1,4053.5,,-1,PV2_V7m,4050.75,4054.0,1,2749192,2.75,4.0,-4.0,True,-23.75,
20150930,2750193,1,4116.0,,2750313,S07,4134.5,4154.5,3,2750313,18.5,19.75,19.25,True,19.25,
20151001,2751545,-1,4180.75,,2751665,S07,4162.25,4142.25,3,2751665,18.5,19.75,19.25,True,19.25,
20151002,2752892,1,4110.0,,2753012,S07,4128.5,4169.0,3,2753012,18.5,19.75,39.75,True,39.75,
20151005,2754249,-1,4302.75,,2754369,S07,4284.25,4303.25,1,2754299,18.5,19.75,-19.75,True,-19.75,
20151006,2755592,1,4297.25,,2755712,S07,4315.75,4296.75,1,2755638,18.5,19.75,-19.75,True,-19.75,
20151007,2756945,-1,4336.25,,2757065,S07,4317.75,4278.0,3,2757065,18.5,19.75,39.0,True,39.0,
20151008,2758297,-1,4322.5,,2758417,S07,4304.0,4287.5,3,2758417,18.5,19.75,15.75,True,15.75,
20151009,2759646,-1,4355.25,,2759766,S07,4336.75,4355.75,1,2759666,18.5,19.75,-19.75,True,-19.75,
20151012,2760941,-1,4381.75,,2761061,S07,4363.25,4370.75,3,2761061,18.5,19.75,-8.25,True,-8.25,
20151013,2762267,-1,4361.75,,2762387,S07,4343.25,4362.25,1,2762278,18.5,19.75,-19.75,True,-19.75,
20151014,2763607,-1,4361.25,,2763727,S07,4342.75,4361.75,1,2763619,18.5,19.75,-19.75,True,-19.75,
20151015,2764957,-1,4368.75,,2765077,S07,4350.25,4369.25,1,2764966,18.5,19.75,-19.75,True,-19.75,
20151016,2766302,-1,4428.25,,2766422,S07,4409.75,4418.5,3,2766422,18.5,19.75,-9.5,True,-9.5,
20151019,2767619,1,4405.0,,2767739,S07,4423.5,4449.0,3,2767739,18.5,19.75,24.75,True,24.75,
20151020,2768923,1,4429.0,,2769043,S07,4447.5,4437.0,3,2769043,18.5,19.75,-11.25,True,-11.25,
20151021,2770246,-1,4464.0,,2770366,S07,4445.5,4444.25,3,2770366,18.5,19.75,0.5,True,0.5,
20151022,2771577,1,4423.75,,2771697,S07,4442.25,4469.75,3,2771697,18.5,19.75,26.75,True,26.75,
20151023,2772937,-1,4617.25,,2773057,S07,4598.75,4617.75,1,2772958,18.5,19.75,-19.75,True,-19.75,
20151026,2774263,-1,4626.0,,2774383,S07,4607.5,4626.5,1,2774343,18.5,19.75,-19.75,True,-19.75,
20151027,2775542,1,4595.75,,2775662,S07,4614.25,4632.25,3,2775662,18.5,19.75,17.25,True,17.25,
20151028,2776841,-1,4645.0,,2776961,S07,4626.5,4637.75,3,2776961,18.5,19.75,-12.0,True,-12.0,
20151029,2778181,-1,4664.5,,2778301,S07,4646.0,4659.0,3,2778301,18.5,19.75,-13.75,True,-13.75,
20151030,2779521,-1,4685.75,,2779641,S07,4667.25,4659.75,3,2779641,18.5,19.75,6.75,True,6.75,
20151102,2780864,-1,4668.25,,2780984,S07,4649.75,4668.75,1,2780898,18.5,19.75,-19.75,True,-19.75,
20151103,2782145,-1,4699.25,,2782265,S07,4680.75,4699.75,1,2782265,18.5,19.75,-19.75,True,-19.75,
20151103,2782300,1,4708.0,,-1,PV2_V7m,4710.0,4707.5,1,2782306,2.0,3.25,-3.25,True,-23.0,
20151104,2783482,1,4706.25,,2783602,S07,4724.75,4705.75,1,2783499,18.5,19.75,-19.75,True,-19.75,
20151105,2784797,-1,4732.5,,2784917,S07,4714.0,4688.75,3,2784917,18.5,19.75,24.5,True,24.5,
20151106,2786080,1,4677.0,,2786200,S07,4695.5,4676.5,1,2786102,18.5,19.75,-19.75,True,-19.75,
20151109,2787411,-1,4697.25,,2787531,S07,4678.75,4631.25,3,2787531,18.5,19.75,46.75,True,46.75,
20151110,2788736,-1,4646.5,,2788856,S07,4628.0,4627.5,3,2788856,18.5,19.75,-0.25,True,-0.25,
20151111,2790055,-1,4663.25,,2790175,S07,4644.75,4648.0,3,2790175,18.5,19.75,-4.0,True,-4.0,
20151112,2791366,-1,4630.5,,2791486,S07,4612.0,4631.0,1,2791412,18.5,19.75,-19.75,True,-19.75,
20151113,2792708,-1,4588.75,,2792828,S07,4570.25,4533.25,3,2792828,18.5,19.75,36.25,True,36.25,
20151116,2794058,1,4479.75,,2794178,S07,4498.25,4497.25,3,2794178,18.5,19.75,-1.75,True,-1.75,
20151117,2795389,-1,4583.25,,2795509,S07,4564.75,4583.75,1,2795459,18.5,19.75,-19.75,True,-19.75,
20151118,2796721,-1,4598.0,,2796841,S07,4579.5,4598.5,1,2796743,18.5,19.75,-19.75,True,-19.75,
20151119,2798067,1,4639.5,,2798187,S07,4658.0,4665.25,3,2798187,18.5,19.75,6.5,True,6.5,
20151120,2799304,1,4659.0,,2799424,S07,4677.5,4686.25,3,2799424,18.5,19.75,8.0,True,8.0,
20151123,2800577,-1,4703.75,,2800697,S07,4685.25,4704.25,1,2800622,18.5,19.75,-19.75,True,-19.75,
20151123,2800870,-1,4664.25,,-1,PV2_V7m,4661.25,4664.75,1,2800896,3.0,4.25,-4.25,True,-24.0,
20151124,2801840,1,4634.25,,2801960,S07,4652.75,4633.75,1,2801898,18.5,19.75,-19.75,True,-19.75,
20151124,2801909,-1,4629.5,,-1,PV2_V7m,4627.75,4630.0,1,2801922,1.75,3.0,-3.0,True,-22.75,
20151125,2803102,-1,4692.75,,2803222,S07,4674.25,4672.25,3,2803222,18.5,19.75,1.25,True,1.25,
20151127,2805352,1,4666.25,,2805472,S07,4684.75,4665.75,1,2805381,18.5,19.75,-19.75,True,-19.75,
20151127,2805385,-1,4669.75,,-1,PV2_V7m,4669.25,4670.25,1,2805386,0.5,1.75,-1.75,True,-21.5,
20151130,2806416,-1,4709.25,,2806536,S07,4690.75,4667.25,3,2806536,18.5,19.75,22.75,True,22.75,
20151201,2807726,-1,4705.25,,2807846,S07,4686.75,4705.75,1,2807743,18.5,19.75,-19.75,True,-19.75,
20151201,2807755,1,4703.0,,-1,PV2_V7m,4707.75,4702.5,1,2807758,4.75,6.0,-6.0,True,-25.75,
20151202,2809010,-1,4735.25,,2809130,S07,4716.75,4735.75,1,2809036,18.5,19.75,-19.75,True,-19.75,
20151202,2809040,1,4734.75,,-1,PV2_V7m,4735.5,4734.25,1,2809041,0.75,2.0,-2.0,True,-21.75,
20151203,2810341,-1,4712.25,,2810461,S07,4693.75,4675.5,3,2810461,18.5,19.75,17.5,True,17.5,
20151204,2811669,1,4595.5,,2811789,S07,4614.0,4677.0,3,2811789,18.5,19.75,62.25,True,62.25,
20151207,2812943,-1,4725.75,,2813063,S07,4707.25,4679.0,3,2813063,18.5,19.75,27.5,True,27.5,
20151208,2814266,-1,4662.5,,2814386,S07,4644.0,4663.0,1,2814277,18.5,19.75,-19.75,True,-19.75,
20151209,2815602,-1,4686.25,,2815722,S07,4667.75,4686.75,1,2815619,18.5,19.75,-19.75,True,-19.75,
20151210,2816486,-1,4633.25,,2816606,S07,4614.75,4633.75,1,2816493,18.5,19.75,-19.75,True,-19.75,
20151210,2816564,1,4648.0,,-1,PV2_V7m,4648.5,4647.5,1,2816565,0.5,1.75,-1.75,True,-21.5,
20151211,2817717,1,4572.5,,2817837,S07,4591.0,4572.0,1,2817734,18.5,19.75,-19.75,True,-19.75,
20151214,2819049,1,4514.0,,2819169,S07,4532.5,4513.5,1,2819088,18.5,19.75,-19.75,True,-19.75,
20151215,2820395,1,4587.25,,2820515,S07,4605.75,4609.25,3,2820515,18.5,19.75,2.75,True,2.75,
20151216,2821704,1,4611.5,,2821824,S07,4630.0,4611.0,1,2821729,18.5,19.75,-19.75,True,-19.75,
20151217,2823041,-1,4693.75,,2823161,S07,4675.25,4616.75,3,2823161,18.5,19.75,57.75,True,57.75,
20151218,2824401,-1,4586.5,,2824521,S07,4568.0,4587.0,1,2824419,18.5,19.75,-19.75,True,-19.75,
20151221,2825746,1,4528.25,,2825866,S07,4546.75,4527.75,1,2825858,18.5,19.75,-19.75,True,-19.75,
20151222,2827059,-1,4586.75,,2827179,S07,4568.25,4556.75,3,2827179,18.5,19.75,10.75,True,10.75,
20151223,2828305,-1,4624.75,,2828425,S07,4606.25,4602.25,3,2828425,18.5,19.75,3.25,True,3.25,
20151224,2829542,1,4603.75,,2829662,S07,4622.25,4621.0,3,2829662,18.5,19.75,-2.0,True,-2.0,
20151228,2830570,-1,4620.5,,2830690,S07,4602.0,4580.5,3,2830690,18.5,19.75,20.75,True,20.75,
20151229,2831844,1,4627.5,,2831964,S07,4646.0,4678.75,3,2831964,18.5,19.75,32.0,True,32.0,
20151230,2833119,-1,4695.5,,2833239,S07,4677.0,4663.0,3,2833239,18.5,19.75,13.25,True,13.25,
20151231,2834313,1,4606.75,,2834433,S07,4625.25,4606.25,1,2834367,18.5,19.75,-19.75,True,-19.75,
20160104,2835673,-1,4495.5,,2835793,S07,4477.0,4448.25,3,2835793,18.5,19.75,28.0,True,28.0,
20160105,2837024,1,4489.0,,2837144,S07,4507.5,4488.5,1,2837047,18.5,19.75,-19.75,True,-19.75,
20160105,2837184,-1,4467.0,,-1,PV2_V7m,4462.5,4467.5,1,2837185,4.5,5.75,-5.75,True,-25.5,
20160106,2838372,1,4392.75,,2838492,S07,4411.25,4451.75,3,2838492,18.5,19.75,39.75,True,39.75,
20160107,2839733,-1,4353.75,,2839853,S07,4335.25,4354.25,1,2839737,18.5,19.75,-19.75,True,-19.75,
20160108,2841097,1,4326.75,,2841217,S07,4345.25,4326.25,1,2841133,18.5,19.75,-19.75,True,-19.75,
20160111,2842462,1,4282.0,,2842582,S07,4300.5,4281.5,1,2842470,18.5,19.75,-19.75,True,-19.75,
20160112,2843821,1,4299.75,,2843941,S07,4318.25,4299.25,1,2843919,18.5,19.75,-19.75,True,-19.75,
20160113,2845184,-1,4356.25,,2845304,S07,4337.75,4309.75,3,2845304,18.5,19.75,27.25,True,27.25,
20160114,2846248,-1,4203.5,,2846368,S07,4185.0,4204.0,1,2846304,18.5,19.75,-19.75,True,-19.75,
20160115,2847612,1,4120.75,,2847732,S07,4139.25,4120.25,1,2847710,18.5,19.75,-19.75,True,-19.75,
20160118,2848977,-1,4150.75,,2849097,S07,4132.25,4133.0,3,2849097,18.5,19.75,-1.5,True,-1.5,
20160119,2850112,-1,4200.5,,2850232,S07,4182.0,4156.5,3,2850232,18.5,19.75,24.75,True,24.75,
20160120,2851477,1,4068.0,,2851597,S07,4086.5,4067.5,1,2851485,18.5,19.75,-19.75,True,-19.75,
20160120,2851506,-1,4047.25,,-1,PV2_V7m,4037.5,4047.75,1,2851509,9.75,11.0,-11.0,True,-30.75,
20160121,2852842,-1,4145.0,,2852962,S07,4126.5,4145.5,1,2852879,18.5,19.75,-19.75,True,-19.75,
20160122,2854206,1,4193.0,,2854326,S07,4211.5,4223.5,3,2854326,18.5,19.75,11.25,True,11.25,
20160125,2855565,1,4221.75,,2855685,S07,4240.25,4234.0,3,2855685,18.5,19.75,-7.0,True,-7.0,
20160126,2856922,-1,4216.5,,2857042,S07,4198.0,4217.0,1,2856989,18.5,19.75,-19.75,True,-19.75,
20160127,2858286,1,4185.75,,2858406,S07,4204.25,4185.25,1,2858304,18.5,19.75,-19.75,True,-19.75,
20160127,2858325,-1,4174.25,,-1,PV2_V7m,4159.75,4174.75,1,2858391,14.5,15.75,-15.75,True,-35.5,
20160128,2859650,-1,4202.5,,2859770,S07,4184.0,4143.0,3,2859770,18.5,19.75,40.25,True,40.25,
20160129,2861015,1,4160.75,,2861135,S07,4179.25,4218.75,3,2861135,18.5,19.75,38.75,True,38.75,
20160201,2862378,-1,4258.25,,2862498,S07,4239.75,4258.75,1,2862449,18.5,19.75,-19.75,True,-19.75,
20160202,2863740,1,4236.5,,2863860,S07,4255.0,4236.0,1,2863745,18.5,19.75,-19.75,True,-19.75,
20160203,2865104,-1,4221.0,,2865224,S07,4202.5,4127.75,3,2865224,18.5,19.75,74.0,True,74.0,
20160204,2866468,1,4134.75,,2866588,S07,4153.25,4134.25,1,2866472,18.5,19.75,-19.75,True,-19.75,
20160205,2867820,-1,4152.0,,2867940,S07,4133.5,4042.5,3,2867940,18.5,19.75,90.25,True,90.25,
20160208,2869183,-1,3956.5,,2869303,S07,3938.0,3916.25,3,2869303,18.5,19.75,21.0,True,21.0,
20160209,2870544,1,3890.0,,2870664,S07,3908.5,3961.75,3,2870664,18.5,19.75,52.5,True,52.5,
20160210,2871891,-1,4005.25,,2872011,S07,3986.75,4005.75,1,2871912,18.5,19.75,-19.75,True,-19.75,
20160210,2871956,1,4028.5,,-1,PV2_V7m,4030.5,4028.0,1,2871957,2.0,3.25,-3.25,True,-23.0,
20160211,2873253,1,3908.0,,2873364,S07,3926.5,3934.75,4,2873274,18.5,19.75,7.5,True,7.5,
20160212,2874603,1,3976.25,,2874723,S07,3994.75,3975.75,1,2874619,18.5,19.75,-19.75,True,-19.75,
20160215,2875962,-1,4087.25,,2876082,S07,4068.75,4072.75,3,2876082,18.5,19.75,-4.75,True,-4.75,
20160216,2877093,1,4054.0,,2877213,S07,4072.5,4053.5,1,2877185,18.5,19.75,-19.75,True,-19.75,
20160217,2878451,-1,4155.75,,2878571,S07,4137.25,4156.25,1,2878491,18.5,19.75,-19.75,True,-19.75,
20160218,2879796,-1,4213.75,,2879916,S07,4195.25,4170.5,3,2879916,18.5,19.75,24.0,True,24.0,
20160219,2881143,1,4120.75,,2881263,S07,4139.25,4120.25,1,2881151,18.5,19.75,-19.75,True,-19.75,
20160222,2882491,-1,4217.25,,2882611,S07,4198.75,4217.75,1,2882506,18.5,19.75,-19.75,True,-19.75,
20160223,2883843,1,4185.75,,2883963,S07,4204.25,4185.25,1,2883885,18.5,19.75,-19.75,True,-19.75,
20160224,2885196,-1,4122.5,,2885316,S07,4104.0,4103.5,3,2885316,18.5,19.75,-0.25,True,-0.25,
20160225,2886555,-1,4230.5,,2886675,S07,4212.0,4192.75,3,2886675,18.5,19.75,18.5,True,18.5,
20160226,2887895,-1,4283.75,,2888015,S07,4265.25,4239.0,3,2888015,18.5,19.75,25.5,True,25.5,
20160229,2889255,-1,4244.75,,2889375,S07,4226.25,4245.25,1,2889263,18.5,19.75,-19.75,True,-19.75,
20160229,2889382,1,4258.5,,-1,PV2_V7m,4260.0,4258.0,1,2889390,1.5,2.75,-2.75,True,-22.5,
20160301,2890605,-1,4254.0,,2890725,S07,4235.5,4254.5,1,2890634,18.5,19.75,-19.75,True,-19.75,
20160301,2890665,1,4268.25,,-1,PV2_V7m,4277.5,4267.75,1,2890690,9.25,10.5,-10.5,True,-30.25,
20160302,2891958,1,4310.5,,2892078,S07,4329.0,4310.0,1,2892026,18.5,19.75,-19.75,True,-19.75,
20160303,2893304,-1,4341.25,,2893424,S07,4322.75,4299.0,3,2893424,18.5,19.75,23.0,True,23.0,
20160304,2894625,-1,4340.75,,2894745,S07,4322.25,4341.25,1,2894731,18.5,19.75,-19.75,True,-19.75,
20160307,2895948,-1,4320.25,,2896068,S07,4301.75,4312.75,3,2896068,18.5,19.75,-11.75,True,-11.75,
20160308,2897293,-1,4280.75,,2897413,S07,4262.25,4281.25,1,2897308,18.5,19.75,-19.75,True,-19.75,
20160309,2898627,-1,4296.5,,2898747,S07,4278.0,4285.75,3,2898747,18.5,19.75,-8.5,True,-8.5,
20160310,2899390,-1,4321.75,,2899510,S07,4303.25,4322.25,1,2899413,18.5,19.75,-19.75,True,-19.75,
20160311,2900710,-1,4337.0,,2900830,S07,4318.5,4337.5,1,2900785,18.5,19.75,-19.75,True,-19.75,
20160314,2901981,1,4322.0,,2902101,S07,4340.5,4357.5,3,2902101,18.5,19.75,16.25,True,16.25,
20160315,2903254,-1,4362.25,,2903374,S07,4343.75,4353.5,3,2903374,18.5,19.75,-10.5,True,-10.5,
20160316,2904527,1,4333.0,,2904647,S07,4351.5,4369.0,3,2904647,18.5,19.75,16.75,True,16.75,
20160317,2905843,1,4367.5,,2905963,S07,4386.0,4367.0,1,2905870,18.5,19.75,-19.75,True,-19.75,
20160318,2907133,1,4383.25,,2907253,S07,4401.75,4382.75,1,2907149,18.5,19.75,-19.75,True,-19.75,
20160321,2908427,1,4381.25,,2908547,S07,4399.75,4407.5,3,2908547,18.5,19.75,7.0,True,7.0,
20160322,2909718,1,4378.75,,2909838,S07,4397.25,4420.75,3,2909838,18.5,19.75,22.75,True,22.75,
20160323,2911002,-1,4436.75,,2911122,S07,4418.25,4399.0,3,2911122,18.5,19.75,18.5,True,18.5,
20160324,2912304,-1,4387.75,,2912424,S07,4369.25,4388.25,1,2912372,18.5,19.75,-19.75,True,-19.75,
20160328,2913512,-1,4415.75,,2913632,S07,4397.25,4396.25,3,2913632,18.5,19.75,0.25,True,0.25,
20160329,2914831,-1,4399.0,,2914951,S07,4380.5,4399.5,1,2914897,18.5,19.75,-19.75,True,-19.75,
20160330,2916158,-1,4502.75,,2916278,S07,4484.25,4503.25,1,2916170,18.5,19.75,-19.75,True,-19.75,
20160330,2916190,1,4501.75,,-1,PV2_V7m,4505.25,4501.25,1,2916224,3.5,4.75,-4.75,True,-24.5,
20160331,2917463,1,4463.25,,2917583,S07,4481.75,4488.5,3,2917583,18.5,19.75,6.0,True,6.0,
20160401,2918815,-1,4465.0,,2918935,S07,4446.5,4465.5,1,2918842,18.5,19.75,-19.75,True,-19.75,
20160401,2918914,1,4493.25,,-1,PV2_V7m,4497.5,4492.75,1,2918982,4.25,5.5,-5.5,True,-25.25,
20160404,2920127,-1,4538.0,,2920247,S07,4519.5,4506.5,3,2920247,18.5,19.75,12.25,True,12.25,
20160405,2921464,1,4453.25,,2921584,S07,4471.75,4475.5,3,2921584,18.5,19.75,3.0,True,3.0,
20160406,2922804,1,4457.0,,2922924,S07,4475.5,4504.0,3,2922924,18.5,19.75,27.75,True,27.75,
20160407,2924122,-1,4529.5,,2924242,S07,4511.0,4483.0,3,2924242,18.5,19.75,27.25,True,27.25,
20160408,2925233,-1,4514.25,,2925353,S07,4495.75,4474.5,3,2925353,18.5,19.75,20.5,True,20.5,
20160411,2926573,-1,4500.75,,2926693,S07,4482.25,4501.25,1,2926605,18.5,19.75,-19.75,True,-19.75,
20160411,2926617,1,4505.75,,-1,PV2_V7m,4507.25,4505.25,1,2926619,1.5,2.75,-2.75,True,-22.5,
20160412,2927924,-1,4468.25,,2928044,S07,4449.75,4468.75,1,2928020,18.5,19.75,-19.75,True,-19.75,
20160412,2928034,1,4474.25,,-1,PV2_V7m,4477.5,4473.75,1,2928037,3.25,4.5,-4.5,True,-24.25,
20160413,2929253,-1,4536.75,,2929373,S07,4518.25,4537.25,1,2929270,18.5,19.75,-19.75,True,-19.75,
20160413,2929286,1,4534.0,,-1,PV2_V7m,4537.25,4533.5,1,2929316,3.25,4.5,-4.5,True,-24.25,
20160414,2930561,-1,4564.25,,2930681,S07,4545.75,4546.25,3,2930681,18.5,19.75,-1.25,True,-1.25,
20160415,2931823,1,4524.0,,2931943,S07,4542.5,4548.75,3,2931943,18.5,19.75,5.5,True,5.5,
20160418,2933154,1,4505.5,,2933274,S07,4524.0,4546.25,3,2933274,18.5,19.75,21.5,True,21.5,
20160419,2934470,-1,4578.5,,2934590,S07,4560.0,4538.0,3,2934590,18.5,19.75,21.25,True,21.25,
20160420,2935807,-1,4546.0,,2935927,S07,4527.5,4546.5,1,2935910,18.5,19.75,-19.75,True,-19.75,
20160421,2937141,-1,4551.0,,2937261,S07,4532.5,4551.5,1,2937229,18.5,19.75,-19.75,True,-19.75,
20160422,2938500,1,4465.25,,2938620,S07,4483.75,4464.75,1,2938545,18.5,19.75,-19.75,True,-19.75,
20160422,2938551,-1,4461.75,,-1,PV2_V7m,4458.25,4462.25,1,2938557,3.5,4.75,-4.75,True,-24.5,
20160425,2939804,1,4437.0,,2939924,S07,4455.5,4452.25,3,2939924,18.5,19.75,-4.0,True,-4.0,
20160426,2941104,-1,4491.0,,2941224,S07,4472.5,4448.75,3,2941224,18.5,19.75,23.0,True,23.0,
20160427,2942459,1,4391.5,,2942579,S07,4410.0,4391.0,1,2942486,18.5,19.75,-19.75,True,-19.75,
20160428,2943809,-1,4428.75,,2943929,S07,4410.25,4429.25,1,2943836,18.5,19.75,-19.75,True,-19.75,
20160428,2943842,1,4426.5,,-1,PV2_V7m,4430.25,4426.0,1,2943843,3.75,5.0,-5.0,True,-24.75,
20160428,2944131,-1,4392.0,,-1,PV2_V7m,4388.5,4355.75,3,2944195,3.5,4.75,32.0,True,7.25,
20160429,2945150,-1,4368.0,,2945270,S07,4349.5,4307.0,3,2945270,18.5,19.75,41.75,True,41.75,
20160502,2946476,-1,4347.25,,2946596,S07,4328.75,4347.75,1,2946522,18.5,19.75,-19.75,True,-19.75,
20160503,2947742,-1,4360.0,,2947862,S07,4341.5,4324.0,3,2947862,18.5,19.75,16.75,True,16.75,
20160504,2949074,1,4290.25,,2949194,S07,4308.75,4300.25,3,2949194,18.5,19.75,-9.25,True,-9.25,
20160505,2950381,-1,4335.0,,2950501,S07,4316.5,4313.5,3,2950501,18.5,19.75,2.25,True,2.25,
20160506,2951694,1,4270.25,,2951814,S07,4288.75,4292.25,3,2951814,18.5,19.75,2.75,True,2.75,
20160509,2953017,1,4313.25,,2953137,S07,4331.75,4331.25,3,2953137,18.5,19.75,-1.25,True,-1.25,
20160510,2954349,1,4333.5,,2954469,S07,4352.0,4372.25,3,2954469,18.5,19.75,19.5,True,19.5,
20160511,2955666,-1,4407.5,,2955786,S07,4389.0,4384.0,3,2955786,18.5,19.75,4.25,True,4.25,
20160512,2956983,-1,4385.25,,2957103,S07,4366.75,4317.75,3,2957103,18.5,19.75,48.25,True,48.25,
20160513,2958297,1,4321.5,,2958417,S07,4340.0,4356.25,3,2958417,18.5,19.75,15.5,True,15.5,
20160516,2959635,1,4309.75,,2959755,S07,4328.25,4362.5,3,2959755,18.5,19.75,33.5,True,33.5,
20160517,2960928,1,4361.25,,2961048,S07,4379.75,4360.75,1,2960936,18.5,19.75,-19.75,True,-19.75,
20160518,2962268,1,4300.0,,2962388,S07,4318.5,4343.75,3,2962388,18.5,19.75,24.5,True,24.5,
20160519,2963593,1,4303.75,,2963713,S07,4322.25,4303.25,1,2963619,18.5,19.75,-19.75,True,-19.75,
20160519,2963625,-1,4302.25,,-1,PV2_V7m,4298.5,4302.75,1,2963654,3.75,5.0,-5.0,True,-24.75,
20160520,2964920,1,4318.5,,2965040,S07,4337.0,4374.75,3,2965040,18.5,19.75,37.0,True,37.0,
20160523,2966250,1,4349.25,,2966370,S07,4367.75,4369.25,3,2966370,18.5,19.75,0.75,True,0.75,
20160524,2967518,1,4364.25,,2967638,S07,4382.75,4429.75,3,2967638,18.5,19.75,46.25,True,46.25,
20160525,2968854,-1,4479.25,,2968974,S07,4460.75,4479.75,1,2968898,18.5,19.75,-19.75,True,-19.75,
20160526,2970160,1,4466.0,,2970280,S07,4484.5,4482.75,3,2970280,18.5,19.75,-2.5,True,-2.5,
20160527,2971435,1,4476.0,,2971555,S07,4494.5,4508.75,3,2971555,18.5,19.75,13.5,True,13.5,
20160531,2973683,-1,4535.0,,2973803,S07,4516.5,4514.0,3,2973803,18.5,19.75,1.75,True,1.75,
20160601,2975015,1,4492.0,,2975135,S07,4510.5,4518.0,3,2975135,18.5,19.75,6.75,True,6.75,
20160602,2976302,-1,4526.75,,2976422,S07,4508.25,4509.75,3,2976422,18.5,19.75,-2.25,True,-2.25,
20160603,2977542,1,4498.75,,2977662,S07,4517.25,4498.25,1,2977560,18.5,19.75,-19.75,True,-19.75,
20160603,2977574,-1,4495.75,,-1,PV2_V7m,4493.25,4496.25,1,2977606,2.5,3.75,-3.75,True,-23.5,
20160606,2978826,-1,4530.25,,2978946,S07,4511.75,4526.0,3,2978946,18.5,19.75,-15.0,True,-15.0,
20160607,2980048,-1,4544.5,,2980168,S07,4526.0,4527.25,3,2980168,18.5,19.75,-2.0,True,-2.0,
20160608,2981295,-1,4538.0,,2981415,S07,4519.5,4519.25,3,2981415,18.5,19.75,-0.5,True,-0.5,
20160610,2983324,1,4449.0,,2983444,S07,4467.5,4465.75,3,2983444,18.5,19.75,-2.5,True,-2.5,
20160613,2984654,1,4419.75,,2984774,S07,4438.25,4437.5,3,2984774,18.5,19.75,-1.5,True,-1.5,
20160614,2985956,1,4400.25,,2986076,S07,4418.75,4399.75,1,2986021,18.5,19.75,-19.75,True,-19.75,
20160615,2987287,-1,4441.25,,2987407,S07,4422.75,4414.5,3,2987407,18.5,19.75,7.5,True,7.5,
20160616,2988628,-1,4401.0,,2988748,S07,4382.5,4371.25,3,2988748,18.5,19.75,10.5,True,10.5,
20160617,2989948,-1,4417.75,,2990068,S07,4399.25,4356.5,3,2990068,18.5,19.75,42.0,True,42.0,
20160620,2991287,-1,4435.25,,2991407,S07,4416.75,4435.75,1,2991319,18.5,19.75,-19.75,True,-19.75,
20160620,2991325,1,4430.75,,-1,PV2_V7m,4432.0,4430.25,1,2991327,1.25,2.5,-2.5,True,-22.25,
20160621,2992595,1,4383.25,,2992715,S07,4401.75,4395.0,3,2992715,18.5,19.75,-7.5,True,-7.5,
20160622,2993867,1,4390.5,,2993987,S07,4409.0,4421.75,3,2993987,18.5,19.75,12.0,True,12.0,
20160623,2995123,-1,4442.25,,2995243,S07,4423.75,4442.75,1,2995226,18.5,19.75,-19.75,True,-19.75,
20160624,2996486,1,4287.75,,2996606,S07,4306.25,4322.0,3,2996606,18.5,19.75,15.0,True,15.0,
20160627,2997844,-1,4251.0,,2997964,S07,4232.5,4189.75,3,2997964,18.5,19.75,42.0,True,42.0,
20160628,2999204,1,4216.5,,2999324,S07,4235.0,4241.25,3,2999324,18.5,19.75,5.5,True,5.5,
20160629,3000542,1,4300.0,,3000662,S07,4318.5,4344.75,3,3000662,18.5,19.75,25.5,True,25.5,
20160630,3001659,-1,4380.75,,3001779,S07,4362.25,4381.25,1,3001755,18.5,19.75,-19.75,True,-19.75,
20160701,3002946,1,4389.0,,3003066,S07,4407.5,4436.0,3,3003066,18.5,19.75,27.75,True,27.75,
20160704,3004182,1,4419.25,,3004302,S07,4437.75,4432.75,3,3004302,18.5,19.75,-5.75,True,-5.75,
20160705,3005224,1,4390.0,,3005344,S07,4408.5,4389.5,1,3005238,18.5,19.75,-19.75,True,-19.75,
20160706,3006578,1,4364.25,,3006698,S07,4382.75,4417.0,3,3006698,18.5,19.75,33.5,True,33.5,
20160706,3006737,1,4430.0,,-1,PV2_V7m,4432.5,4429.5,1,3006738,2.5,3.75,-3.75,True,29.75,
20160707,3007916,1,4429.0,,3008036,S07,4447.5,4441.5,3,3008036,18.5,19.75,-6.75,True,-6.75,
20160708,3009244,1,4454.0,,3009364,S07,4472.5,4509.5,3,3009364,18.5,19.75,36.25,True,36.25,
20160711,3010570,1,4525.25,,3010690,S07,4543.75,4556.0,3,3010690,18.5,19.75,11.5,True,11.5,
20160712,3011852,1,4558.5,,3011972,S07,4577.0,4575.25,3,3011972,18.5,19.75,-2.5,True,-2.5,
20160713,3013154,-1,4588.25,,3013274,S07,4569.75,4564.75,3,3013274,18.5,19.75,4.25,True,4.25,
20160714,3014461,-1,4605.75,,3014581,S07,4587.25,4587.0,3,3014581,18.5,19.75,-0.5,True,-0.5,
20160715,3015794,1,4581.25,,3015914,S07,4599.75,4580.75,1,3015897,18.5,19.75,-19.75,True,-19.75,
20160718,3017132,-1,4604.5,,3017252,S07,4586.0,4605.0,1,3017170,18.5,19.75,-19.75,True,-19.75,
20160719,3018413,1,4581.0,,3018533,S07,4599.5,4603.25,3,3018533,18.5,19.75,3.0,True,3.0,
20160720,3019711,-1,4636.5,,3019831,S07,4618.0,4637.0,1,3019757,18.5,19.75,-19.75,True,-19.75,
20160721,3020982,-1,4669.25,,3021102,S07,4650.75,4650.5,3,3021102,18.5,19.75,-0.5,True,-0.5,
20160722,3022278,-1,4654.0,,3022398,S07,4635.5,4654.5,1,3022350,18.5,19.75,-19.75,True,-19.75,
20160725,3023569,1,4639.0,,3023689,S07,4657.5,4650.75,3,3023689,18.5,19.75,-7.5,True,-7.5,
20160726,3024871,-1,4677.75,,3024991,S07,4659.25,4678.25,1,3024888,18.5,19.75,-19.75,True,-19.75,
20160726,3024902,1,4678.0,,-1,PV2_V7m,4679.75,4677.5,1,3024905,1.75,3.0,-3.0,True,-22.75,
20160727,3026211,-1,4718.5,,3026331,S07,4700.0,4694.0,3,3026331,18.5,19.75,5.25,True,5.25,
20160728,3027525,1,4690.25,,3027645,S07,4708.75,4689.75,1,3027531,18.5,19.75,-19.75,True,-19.75,
20160729,3028875,-1,4744.0,,3028995,S07,4725.5,4730.0,3,3028995,18.5,19.75,-5.25,True,-5.25,
20160801,3030192,1,4710.25,,3030312,S07,4728.75,4757.0,3,3030312,18.5,19.75,27.5,True,27.5,
20160802,3031480,1,4723.75,,3031600,S07,4742.25,4723.25,1,3031513,18.5,19.75,-19.75,True,-19.75,
20160802,3031523,-1,4722.75,,-1,PV2_V7m,4717.25,4699.25,3,3031643,5.5,6.75,17.25,True,-2.5,
20160803,3032807,-1,4727.0,,3032927,S07,4708.5,4715.5,3,3032927,18.5,19.75,-7.75,True,-7.75,
20160804,3034105,-1,4746.0,,3034225,S07,4727.5,4737.25,3,3034225,18.5,19.75,-10.5,True,-10.5,
20160805,3035366,1,4748.25,,3035486,S07,4766.75,4794.75,3,3035486,18.5,19.75,27.25,True,27.25,
20160808,3036624,-1,4805.75,,3036744,S07,4787.25,4775.75,3,3036744,18.5,19.75,10.75,True,10.75,
20160809,3037845,1,4770.75,,3037965,S07,4789.25,4803.25,3,3037965,18.5,19.75,13.25,True,13.25,
20160810,3039095,-1,4811.0,,3039215,S07,4792.5,4768.5,3,3039215,18.5,19.75,23.25,True,23.25,
20160811,3040310,1,4783.5,,3040430,S07,4802.0,4798.0,3,3040430,18.5,19.75,-4.75,True,-4.75,
20160812,3041556,1,4776.25,,3041676,S07,4794.75,4799.5,3,3041676,18.5,19.75,4.0,True,4.0,
20160815,3042771,1,4794.0,,3042891,S07,4812.5,4833.75,3,3042891,18.5,19.75,20.5,True,20.5,
20160816,3044050,-1,4831.25,,3044170,S07,4812.75,4806.25,3,3044170,18.5,19.75,5.75,True,5.75,
20160817,3045287,-1,4811.0,,3045407,S07,4792.5,4775.25,3,3045407,18.5,19.75,16.5,True,16.5,
20160818,3046570,1,4789.75,,3046690,S07,4808.25,4810.75,3,3046690,18.5,19.75,1.75,True,1.75,
20160819,3047831,-1,4812.5,,3047951,S07,4794.0,4813.0,1,3047889,18.5,19.75,-19.75,True,-19.75,
20160822,3049102,-1,4812.5,,3049222,S07,4794.0,4813.0,1,3049148,18.5,19.75,-19.75,True,-19.75,
20160823,3050370,-1,4845.5,,3050490,S07,4827.0,4826.75,3,3050490,18.5,19.75,-0.5,True,-0.5,
20160824,3051631,1,4798.75,,3051751,S07,4817.25,4808.0,3,3051751,18.5,19.75,-10.0,True,-10.0,
20160824,3051909,-1,4798.0,,-1,PV2_V7m,4796.0,4785.25,3,3052017,2.0,3.25,10.0,True,0.0,
20160825,3052918,-1,4791.5,,3053038,S07,4773.0,4792.0,1,3053021,18.5,19.75,-19.75,True,-19.75,
20160826,3054148,1,4770.25,,3054268,S07,4788.75,4811.25,3,3054268,18.5,19.75,21.75,True,21.75,
20160826,3054311,-1,4766.0,,-1,PV2_V7m,4763.5,4766.5,1,3054314,2.5,3.75,-3.75,True,18.0,
20160829,3055428,-1,4806.25,,3055548,S07,4787.75,4791.5,3,3055548,18.5,19.75,-4.5,True,-4.5,
20160830,3056677,1,4776.0,,3056797,S07,4794.5,4775.5,1,3056723,18.5,19.75,-19.75,True,-19.75,
20160831,3057924,-1,4785.25,,3058044,S07,4766.75,4770.25,3,3058044,18.5,19.75,-4.25,True,-4.25,
20160831,3058097,-1,4757.25,,-1,PV2_V7m,4756.25,4757.75,1,3058098,1.0,2.25,-2.25,True,-6.5,
20160901,3059238,1,4763.25,,3059358,S07,4781.75,4762.75,1,3059292,18.5,19.75,-19.75,True,-19.75,
20160901,3059304,-1,4755.5,,-1,PV2_V7m,4753.0,4756.0,1,3059307,2.5,3.75,-3.75,True,-23.5,
20160902,3060479,1,4788.5,,3060599,S07,4807.0,4802.25,3,3060599,18.5,19.75,-5.5,True,-5.5,
20160905,3061714,-1,4810.75,,3061834,S07,4792.25,4787.25,3,3061834,18.5,19.75,4.25,True,4.25,
20160906,3062685,-1,4820.0,,3062805,S07,4801.5,4809.25,3,3062805,18.5,19.75,-8.5,True,-8.5,
20160907,3063962,1,4812.75,,3064082,S07,4831.25,4825.0,3,3064082,18.5,19.75,-7.0,True,-7.0,
20160908,3064706,-1,4827.5,,3064826,S07,4809.0,4804.25,3,3064826,18.5,19.75,4.0,True,4.0,
20160909,3065905,1,4745.0,,3066025,S07,4763.5,4744.5,1,3065980,18.5,19.75,-19.75,True,-19.75,
20160912,3067265,1,4654.25,,3067385,S07,4672.75,4717.25,3,3067385,18.5,19.75,43.75,True,43.75,
20160913,3068595,1,4724.0,,3068715,S07,4742.5,4723.5,1,3068623,18.5,19.75,-19.75,True,-19.75,
20160914,3069910,1,4716.0,,3070030,S07,4734.5,4758.75,3,3070030,18.5,19.75,23.5,True,23.5,
20160915,3071238,1,4734.25,,3071358,S07,4752.75,4803.5,3,3071358,18.5,19.75,50.0,True,50.0,
20160916,3072544,-1,4828.0,,3072664,S07,4809.5,4798.5,3,3072664,18.5,19.75,10.25,True,10.25,
20160919,3073859,-1,4844.5,,3073979,S07,4826.0,4817.75,3,3073979,18.5,19.75,7.5,True,7.5,
20160920,3075158,1,4791.75,,3075278,S07,4810.25,4802.75,3,3075278,18.5,19.75,-8.25,True,-8.25,
20160921,3076477,-1,4836.25,,3076597,S07,4817.75,4805.5,3,3076597,18.5,19.75,11.5,True,11.5,
20160922,3077770,1,4859.25,,3077890,S07,4877.75,4881.0,3,3077890,18.5,19.75,2.5,True,2.5,
20160923,3079059,-1,4894.75,,3079179,S07,4876.25,4875.0,3,3079179,18.5,19.75,0.5,True,0.5,
20160926,3080360,-1,4842.0,,3080480,S07,4823.5,4810.25,3,3080480,18.5,19.75,12.5,True,12.5,
20160927,3081693,1,4794.25,,3081813,S07,4812.75,4847.75,3,3081813,18.5,19.75,34.25,True,34.25,
20160928,3083002,1,4847.75,,3083122,S07,4866.25,4847.25,1,3083093,18.5,19.75,-19.75,True,-19.75,
20160929,3084286,1,4843.75,,3084406,S07,4862.25,4843.25,1,3084389,18.5,19.75,-19.75,True,-19.75,
20160930,3085604,1,4836.0,,3085724,S07,4854.5,4872.5,3,3085724,18.5,19.75,17.25,True,17.25,
20161003,3086873,1,4842.0,,3086993,S07,4860.5,4858.75,3,3086993,18.5,19.75,-2.5,True,-2.5,
20161004,3088148,1,4861.5,,3088268,S07,4880.0,4861.0,1,3088245,18.5,19.75,-19.75,True,-19.75,
20161005,3089434,1,4851.25,,3089554,S07,4869.75,4880.5,3,3089554,18.5,19.75,10.0,True,10.0,
20161006,3090680,-1,4885.0,,3090800,S07,4866.5,4858.75,3,3090800,18.5,19.75,7.0,True,7.0,
20161007,3091981,-1,4892.25,,3092101,S07,4873.75,4857.5,3,3092101,18.5,19.75,15.5,True,15.5,
20161010,3093251,1,4868.5,,3093371,S07,4887.0,4896.25,3,3093371,18.5,19.75,8.5,True,8.5,
20161011,3094568,-1,4898.0,,3094688,S07,4879.5,4833.5,3,3094688,18.5,19.75,45.25,True,45.25,
20161012,3095894,-1,4827.5,,3096014,S07,4809.0,4821.25,3,3096014,18.5,19.75,-13.0,True,-13.0,
20161013,3097240,1,4764.25,,3097360,S07,4782.75,4763.75,1,3097258,18.5,19.75,-19.75,True,-19.75,
20161013,3097272,-1,4759.5,,-1,PV2_V7m,4757.25,4760.0,1,3097273,2.25,3.5,-3.5,True,-23.25,
20161014,3098547,1,4805.75,,3098667,S07,4824.25,4812.5,3,3098667,18.5,19.75,-12.5,True,-12.5,
20161017,3099888,1,4784.0,,3100008,S07,4802.5,4797.75,3,3100008,18.5,19.75,-5.5,True,-5.5,
20161018,3101218,-1,4862.0,,3101338,S07,4843.5,4844.0,3,3101338,18.5,19.75,-1.25,True,-1.25,
20161019,3102491,1,4810.5,,3102611,S07,4829.0,4831.5,3,3102611,18.5,19.75,1.75,True,1.75,
20161020,3103788,1,4808.0,,3103908,S07,4826.5,4807.5,1,3103794,18.5,19.75,-19.75,True,-19.75,
20161020,3103849,-1,4814.0,,-1,PV2_V7m,4809.75,4814.5,1,3103895,4.25,5.5,-5.5,True,-25.25,
20161021,3105099,-1,4842.25,,3105219,S07,4823.75,4837.25,3,3105219,18.5,19.75,-14.25,True,-14.25,
20161024,3106395,1,4862.0,,3106515,S07,4880.5,4895.75,3,3106515,18.5,19.75,14.5,True,14.5,
20161025,3107719,-1,4921.75,,3107839,S07,4903.25,4895.25,3,3107839,18.5,19.75,7.25,True,7.25,
20161026,3109035,-1,4873.25,,3109155,S07,4854.75,4873.75,1,3109121,18.5,19.75,-19.75,True,-19.75,
20161027,3110347,-1,4892.75,,3110467,S07,4874.25,4849.75,3,3110467,18.5,19.75,23.75,True,23.75,
20161028,3111652,-1,4826.0,,3111772,S07,4807.5,4826.5,1,3111664,18.5,19.75,-19.75,True,-19.75,
20161031,3112978,-1,4832.25,,3113098,S07,4813.75,4813.75,3,3113098,18.5,19.75,-0.75,True,-0.75,
20161101,3114291,-1,4819.5,,3114411,S07,4801.0,4781.25,3,3114411,18.5,19.75,19.0,True,19.0,
20161102,3115638,-1,4772.25,,3115758,S07,4753.75,4755.0,3,3115758,18.5,19.75,-2.0,True,-2.0,
20161103,3116995,1,4707.0,,3117115,S07,4725.5,4706.5,1,3117024,18.5,19.75,-19.75,True,-19.75,
20161104,3118277,-1,4682.75,,3118397,S07,4664.25,4683.25,1,3118282,18.5,19.75,-19.75,True,-19.75,
20161107,3119611,-1,4746.75,,3119731,S07,4728.25,4747.25,1,3119670,18.5,19.75,-19.75,True,-19.75,
20161108,3120941,-1,4780.75,,3121061,S07,4762.25,4781.25,1,3121042,18.5,19.75,-19.75,True,-19.75,
20161109,3122305,1,4763.25,,3122425,S07,4781.75,4762.75,1,3122310,18.5,19.75,-19.75,True,-19.75,
20161110,3123670,-1,4854.5,,3123790,S07,4836.0,4728.0,3,3123790,18.5,19.75,107.25,True,107.25,
20161111,3125032,1,4706.0,,3125152,S07,4724.5,4705.5,1,3125055,18.5,19.75,-19.75,True,-19.75,
20161114,3126390,-1,4753.25,,3126510,S07,4734.75,4686.75,3,3126510,18.5,19.75,47.25,True,47.25,
20161115,3127744,1,4713.0,,3127864,S07,4731.5,4758.75,3,3127864,18.5,19.75,26.5,True,26.5,
20161116,3129089,1,4728.75,,3129209,S07,4747.25,4790.5,3,3129209,18.5,19.75,42.5,True,42.5,
20161117,3130437,1,4775.5,,3130557,S07,4794.0,4808.5,3,3130557,18.5,19.75,13.75,True,13.75,
20161118,3131764,1,4818.25,,3131884,S07,4836.75,4817.75,1,3131809,18.5,19.75,-19.75,True,-19.75,
20161121,3133082,1,4805.0,,3133202,S07,4823.5,4845.25,3,3133202,18.5,19.75,21.0,True,21.0,
20161122,3134419,1,4861.25,,3134539,S07,4879.75,4865.75,3,3134539,18.5,19.75,-14.75,True,-14.75,
20161123,3135679,-1,4867.75,,3135799,S07,4849.25,4834.0,3,3135799,18.5,19.75,14.5,True,14.5,
20161124,3136913,-1,4868.0,,3137033,S07,4849.5,4859.0,3,3137033,18.5,19.75,-10.25,True,-10.25,
20161125,3137940,1,4839.5,,3138060,S07,4858.0,4864.25,3,3138060,18.5,19.75,5.5,True,5.5,
20161128,3139032,1,4843.75,,3139152,S07,4862.25,4869.25,3,3139152,18.5,19.75,6.25,True,6.25,
20161129,3140310,-1,4879.0,,3140430,S07,4860.5,4879.5,1,3140425,18.5,19.75,-19.75,True,-19.75,
20161130,3141592,-1,4888.0,,3141712,S07,4869.5,4843.25,3,3141712,18.5,19.75,25.5,True,25.5,
20161201,3142912,-1,4819.0,,3143032,S07,4800.5,4756.25,3,3143032,18.5,19.75,43.5,True,43.5,
20161202,3144238,1,4714.75,,3144358,S07,4733.25,4752.5,3,3144358,18.5,19.75,18.5,True,18.5,
20161205,3145570,-1,4769.75,,3145690,S07,4751.25,4770.25,1,3145591,18.5,19.75,-19.75,True,-19.75,
20161205,3145606,1,4777.5,,-1,PV2_V7m,4782.5,4777.0,1,3145614,5.0,6.25,-6.25,True,-26.0,
20161206,3146845,-1,4799.25,,3146965,S07,4780.75,4776.5,3,3146965,18.5,19.75,3.5,True,3.5,
20161207,3148098,1,4760.5,,3148218,S07,4779.0,4784.5,3,3148218,18.5,19.75,4.75,True,4.75,
20161207,3148318,1,4815.5,,-1,PV2_V7m,4817.5,4815.0,1,3148320,2.0,3.25,-3.25,True,1.5,
20161208,3149082,-1,4863.75,,3149202,S07,4845.25,4864.25,1,3149101,18.5,19.75,-19.75,True,-19.75,
20161209,3150272,-1,4895.25,,3150392,S07,4876.75,4895.75,1,3150338,18.5,19.75,-19.75,True,-19.75,
20161212,3151607,-1,4885.25,,3151727,S07,4866.75,4867.25,3,3151727,18.5,19.75,-1.25,True,-1.25,
20161213,3152886,1,4873.25,,3153006,S07,4891.75,4951.75,3,3153006,18.5,19.75,59.25,True,59.25,
20161214,3154133,1,4929.75,,3154253,S07,4948.25,4938.0,3,3154253,18.5,19.75,-11.0,True,-11.0,
20161215,3155461,1,4917.5,,3155581,S07,4936.0,4956.5,3,3155581,18.5,19.75,19.75,True,19.75,
20161216,3156737,1,4929.25,,3156857,S07,4947.75,4928.75,1,3156798,18.5,19.75,-19.75,True,-19.75,
20161219,3158014,-1,4936.0,,3158134,S07,4917.5,4936.5,1,3158030,18.5,19.75,-19.75,True,-19.75,
20161219,3158050,1,4936.25,,-1,PV2_V7m,4936.75,4947.75,3,3158170,0.5,1.75,10.25,True,-9.5,
20161220,3159263,1,4935.75,,3159383,S07,4954.25,4954.25,3,3159383,18.5,19.75,-0.75,True,-0.75,
20161221,3160506,1,4939.0,,3160626,S07,4957.5,4946.25,3,3160626,18.5,19.75,-12.0,True,-12.0,
20161222,3161789,-1,4961.75,,3161909,S07,4943.25,4929.5,3,3161909,18.5,19.75,13.0,True,13.0,
20161223,3163012,1,4913.75,,3163132,S07,4932.25,4925.25,3,3163132,18.5,19.75,-7.75,True,-7.75,
20161227,3164187,1,4934.25,,3164307,S07,4952.75,4982.25,3,3164307,18.5,19.75,28.75,True,28.75,
20161228,3165476,1,4959.75,,3165596,S07,4978.25,4959.25,1,3165487,18.5,19.75,-19.75,True,-19.75,
20161228,3165510,-1,4952.5,,-1,PV2_V7m,4949.0,4953.0,1,3165584,3.5,4.75,-4.75,True,-24.5,
20161229,3166772,1,4907.25,,3166892,S07,4925.75,4911.0,3,3166892,18.5,19.75,-15.5,True,-15.5,
20161230,3168103,-1,4936.75,,3168223,S07,4918.25,4880.75,3,3168223,18.5,19.75,36.75,True,36.75,
20170103,3169449,-1,4914.0,,3169569,S07,4895.5,4914.5,1,3169482,18.5,19.75,-19.75,True,-19.75,
20170103,3169494,1,4915.5,,-1,PV2_V7m,4917.75,4915.0,1,3169508,2.25,3.5,-3.5,True,-23.25,
20170104,3170766,1,4905.75,,3170886,S07,4924.25,4928.75,3,3170886,18.5,19.75,3.75,True,3.75,
20170105,3172089,1,4922.5,,3172209,S07,4941.0,4943.5,3,3172209,18.5,19.75,1.75,True,1.75,
20170106,3173370,1,4945.25,,3173490,S07,4963.75,4992.5,3,3173490,18.5,19.75,28.0,True,28.0,
20170109,3174685,1,4990.25,,3174805,S07,5008.75,5019.25,3,3174805,18.5,19.75,9.75,True,9.75,
20170110,3176017,1,5006.5,,3176137,S07,5025.0,5038.5,3,3176137,18.5,19.75,12.75,True,12.75,
20170111,3177336,1,5017.75,,3177456,S07,5036.25,5017.25,1,3177453,18.5,19.75,-19.75,True,-19.75,
20170112,3178684,-1,5043.25,,3178804,S07,5024.75,5004.0,3,3178804,18.5,19.75,20.0,True,20.0,
20170113,3179974,1,5029.0,,3180094,S07,5047.5,5059.25,3,3180094,18.5,19.75,11.0,True,11.0,
20170117,3182346,-1,5059.5,,3182466,S07,5041.0,5040.5,3,3182466,18.5,19.75,-0.25,True,-0.25,
20170118,3183672,-1,5060.75,,3183792,S07,5042.25,5045.0,3,3183792,18.5,19.75,-3.5,True,-3.5,
20170119,3184976,1,5041.25,,3185096,S07,5059.75,5057.75,3,3185096,18.5,19.75,-2.75,True,-2.75,
20170120,3186294,1,5052.0,,3186414,S07,5070.5,5063.25,3,3186414,18.5,19.75,-8.0,True,-8.0,
20170123,3187645,1,5038.75,,3187765,S07,5057.25,5038.25,1,3187705,18.5,19.75,-19.75,True,-19.75,
20170123,3187709,-1,5042.75,,-1,PV2_V7m,5039.5,5043.25,1,3187712,3.25,4.5,-4.5,True,-24.25,
20170124,3188966,1,5057.5,,3189086,S07,5076.0,5072.0,3,3189086,18.5,19.75,-4.75,True,-4.75,
20170125,3190304,-1,5144.25,,3190424,S07,5125.75,5132.75,3,3190424,18.5,19.75,-7.75,True,-7.75,
20170126,3191649,1,5143.75,,3191769,S07,5162.25,5152.0,3,3191769,18.5,19.75,-11.0,True,-11.0,
20170127,3192961,1,5144.5,,3193081,S07,5163.0,5159.25,3,3193081,18.5,19.75,-4.5,True,-4.5,
20170130,3194265,-1,5156.0,,3194385,S07,5137.5,5106.75,3,3194385,18.5,19.75,30.0,True,30.0,
20170131,3195588,-1,5125.25,,3195708,S07,5106.75,5088.5,3,3195708,18.5,19.75,17.5,True,17.5,
20170201,3196926,1,5133.0,,3197046,S07,5151.5,5132.5,1,3196991,18.5,19.75,-19.75,True,-19.75,
20170202,3198283,-1,5146.0,,3198403,S07,5127.5,5146.5,1,3198306,18.5,19.75,-19.75,True,-19.75,
20170203,3199614,1,5129.75,,3199734,S07,5148.25,5149.0,3,3199734,18.5,19.75,0.0,True,0.0,
20170206,3200929,1,5130.25,,3201049,S07,5148.75,5160.75,3,3201049,18.5,19.75,11.25,True,11.25,
20170207,3202246,1,5153.5,,3202366,S07,5172.0,5184.0,3,3202366,18.5,19.75,11.25,True,11.25,
20170208,3203578,1,5155.0,,3203698,S07,5173.5,5188.5,3,3203698,18.5,19.75,14.25,True,14.25,
20170209,3204880,1,5178.5,,3205000,S07,5197.0,5216.0,3,3205000,18.5,19.75,18.25,True,18.25,
20170210,3206224,1,5202.5,,3206344,S07,5221.0,5220.0,3,3206344,18.5,19.75,-1.75,True,-1.75,
20170213,3207532,1,5223.75,,3207652,S07,5242.25,5250.75,3,3207652,18.5,19.75,7.75,True,7.75,
20170214,3208853,1,5236.25,,3208973,S07,5254.75,5253.25,3,3208973,18.5,19.75,-2.25,True,-2.25,
20170215,3210175,1,5253.0,,3210295,S07,5271.5,5288.25,3,3210295,18.5,19.75,16.0,True,16.0,
20170216,3211507,1,5292.0,,3211627,S07,5310.5,5291.5,1,3211588,18.5,19.75,-19.75,True,-19.75,
20170217,3212817,-1,5313.5,,3212937,S07,5295.0,5304.25,3,3212937,18.5,19.75,-10.0,True,-10.0,
20170220,3214128,-1,5348.0,,3214248,S07,5329.5,5339.5,3,3214248,18.5,19.75,-10.75,True,-10.75,
20170221,3215209,-1,5354.0,,3215329,S07,5335.5,5340.0,3,3215329,18.5,19.75,-5.25,True,-5.25,
20170222,3216511,-1,5363.0,,3216631,S07,5344.5,5349.0,3,3216631,18.5,19.75,-5.25,True,-5.25,
20170223,3217823,-1,5374.5,,3217943,S07,5356.0,5324.5,3,3217943,18.5,19.75,30.75,True,30.75,
20170224,3219153,1,5289.25,,3219273,S07,5307.75,5323.0,3,3219273,18.5,19.75,14.5,True,14.5,
20170227,3220507,-1,5348.0,,3220626,S07,5329.5,5331.5,4,3220552,18.5,19.75,-2.75,True,-2.75,
20170228,3221835,-1,5364.0,,3221955,S07,5345.5,5343.0,3,3221955,18.5,19.75,1.75,True,1.75,
20170301,3223188,-1,5381.75,,3223308,S07,5363.25,5380.75,3,3223308,18.5,19.75,-18.25,True,-18.25,
20170302,3224525,-1,5403.0,,3224645,S07,5384.5,5366.75,3,3224645,18.5,19.75,17.0,True,17.0,
20170303,3225870,1,5341.5,,3225990,S07,5360.0,5353.75,3,3225990,18.5,19.75,-7.0,True,-7.0,
20170306,3227211,-1,5371.0,,3227331,S07,5352.5,5345.5,3,3227331,18.5,19.75,6.25,True,6.25,
20170307,3228532,1,5336.25,,3228652,S07,5354.75,5353.25,3,3228652,18.5,19.75,-2.25,True,-2.25,
20170308,3229883,1,5333.0,,3230003,S07,5351.5,5365.5,3,3230003,18.5,19.75,13.25,True,13.25,
20170310,3232165,-1,5407.75,,3232285,S07,5389.25,5389.25,3,3232285,18.5,19.75,-0.75,True,-0.75,
20170313,3233462,1,5373.5,,3233582,S07,5392.0,5389.0,3,3233582,18.5,19.75,-3.75,True,-3.75,
20170314,3234714,-1,5403.25,,3234834,S07,5384.75,5377.5,3,3234834,18.5,19.75,6.5,True,6.5,
20170315,3235992,-1,5410.5,,3236112,S07,5392.0,5388.5,3,3236112,18.5,19.75,2.75,True,2.75,
20170316,3237320,-1,5445.25,,3237440,S07,5426.75,5406.5,3,3237440,18.5,19.75,19.5,True,19.5,
20170317,3238607,-1,5433.5,,3238727,S07,5415.0,5411.5,3,3238727,18.5,19.75,2.75,True,2.75,
20170320,3239935,-1,5425.75,,3240055,S07,5407.25,5426.25,1,3239981,18.5,19.75,-19.75,True,-19.75,
20170321,3241250,1,5416.25,,3241370,S07,5434.75,5415.75,1,3241291,18.5,19.75,-19.75,True,-19.75,
20170322,3242612,1,5319.5,,3242732,S07,5338.0,5366.0,3,3242732,18.5,19.75,27.25,True,27.25,
20170323,3243944,-1,5375.25,,3244064,S07,5356.75,5375.75,1,3244044,18.5,19.75,-19.75,True,-19.75,
20170324,3245255,1,5360.75,,3245375,S07,5379.25,5389.0,3,3245375,18.5,19.75,9.0,True,9.0,
20170327,3246611,1,5315.0,,3246731,S07,5333.5,5365.5,3,3246731,18.5,19.75,31.25,True,31.25,
20170328,3247956,1,5358.75,,3248076,S07,5377.25,5388.75,3,3248076,18.5,19.75,10.75,True,10.75,
20170328,3248100,1,5394.5,,-1,PV2_V7m,5395.75,5394.0,1,3248102,1.25,2.5,-2.5,True,8.25,
20170329,3249299,-1,5428.5,,3249419,S07,5410.0,5418.75,3,3249419,18.5,19.75,-9.5,True,-9.5,
20170330,3250639,1,5416.75,,3250759,S07,5435.25,5443.75,3,3250759,18.5,19.75,7.75,True,7.75,
20170331,3251976,-1,5448.75,,3252096,S07,5430.25,5445.75,3,3252096,18.5,19.75,-16.25,True,-16.25,
20170403,3253296,1,5426.0,,3253416,S07,5444.5,5425.5,1,3253382,18.5,19.75,-19.75,True,-19.75,
20170403,3253395,-1,5418.0,,-1,PV2_V7m,5416.25,5418.5,1,3253398,1.75,3.0,-3.0,True,-22.75,
20170404,3254620,1,5403.75,,3254740,S07,5422.25,5429.75,3,3254740,18.5,19.75,6.75,True,6.75,
20170405,3255943,1,5429.5,,3256063,S07,5448.0,5467.75,3,3256063,18.5,19.75,19.0,True,19.0,
20170406,3257304,-1,5441.0,,3257424,S07,5422.5,5431.5,3,3257424,18.5,19.75,-9.75,True,-9.75,
20170407,3258650,-1,5436.0,,3258770,S07,5417.5,5418.5,3,3258770,18.5,19.75,-1.75,True,-1.75,
20170410,3259955,1,5409.75,,3260075,S07,5428.25,5422.0,3,3260075,18.5,19.75,-7.0,True,-7.0,
20170411,3261288,1,5402.0,,3261408,S07,5420.5,5401.5,1,3261296,18.5,19.75,-19.75,True,-19.75,
20170411,3261317,-1,5392.25,,-1,PV2_V7m,5390.75,5392.75,1,3261318,1.5,2.75,-2.75,True,-22.5,
20170412,3262631,1,5375.25,,3262751,S07,5393.75,5383.0,3,3262751,18.5,19.75,-11.5,True,-11.5,
20170413,3263980,-1,5384.25,,3264100,S07,5365.75,5384.75,1,3263998,18.5,19.75,-19.75,True,-19.75,
20170413,3264013,1,5391.0,,-1,PV2_V7m,5392.25,5390.5,1,3264014,1.25,2.5,-2.5,True,-22.25,
20170417,3265267,1,5355.5,,3265387,S07,5374.0,5385.25,3,3265387,18.5,19.75,10.5,True,10.5,
20170418,3266598,1,5365.75,,3266718,S07,5384.25,5388.5,3,3266718,18.5,19.75,3.5,True,3.5,
20170419,3267930,1,5400.25,,3268050,S07,5418.75,5429.0,3,3268050,18.5,19.75,9.5,True,9.5,
20170420,3269249,1,5406.0,,3269369,S07,5424.5,5424.5,3,3269369,18.5,19.75,-0.75,True,-0.75,
20170421,3270559,-1,5458.75,,3270679,S07,5440.25,5446.0,3,3270679,18.5,19.75,-6.5,True,-6.5,
20170424,3271918,1,5481.0,,3272038,S07,5499.5,5496.5,3,3272038,18.5,19.75,-3.75,True,-3.75,
20170425,3273238,-1,5543.0,,3273358,S07,5524.5,5539.5,3,3273358,18.5,19.75,-15.75,True,-15.75,
20170426,3274575,1,5539.5,,3274695,S07,5558.0,5553.75,3,3274695,18.5,19.75,-5.0,True,-5.0,
20170427,3275891,1,5532.25,,3276011,S07,5550.75,5560.25,3,3276011,18.5,19.75,8.75,True,8.75,
20170428,3277227,1,5574.5,,3277347,S07,5593.0,5575.5,3,3277347,18.5,19.75,-18.25,True,-18.25,
20170501,3278488,1,5582.0,,3278608,S07,5600.5,5616.0,3,3278608,18.5,19.75,14.75,True,14.75,
20170502,3279804,-1,5651.5,,3279924,S07,5633.0,5634.25,3,3279924,18.5,19.75,-2.0,True,-2.0,
20170503,3281108,-1,5639.25,,3281228,S07,5620.75,5616.5,3,3281228,18.5,19.75,3.5,True,3.5,
20170504,3282417,-1,5640.75,,3282537,S07,5622.25,5624.0,3,3282537,18.5,19.75,-2.5,True,-2.5,
20170505,3283726,-1,5654.25,,3283846,S07,5635.75,5620.75,3,3283846,18.5,19.75,14.25,True,14.25,
20170508,3285064,1,5630.25,,3285184,S07,5648.75,5640.0,3,3285184,18.5,19.75,-9.5,True,-9.5,
20170509,3286369,1,5648.5,,3286489,S07,5667.0,5677.5,3,3286489,18.5,19.75,9.75,True,9.75,
20170510,3287698,-1,5693.5,,3287818,S07,5675.0,5669.5,3,3287818,18.5,19.75,4.75,True,4.75,
20170511,3289025,1,5645.75,,3289145,S07,5664.25,5645.25,1,3289048,18.5,19.75,-19.75,True,-19.75,
20170511,3289063,-1,5649.25,,-1,PV2_V7m,5646.0,5649.75,1,3289141,3.25,4.5,-4.5,True,-24.25,
20170512,3290349,1,5660.75,,3290469,S07,5679.25,5683.5,3,3290469,18.5,19.75,3.5,True,3.5,
20170515,3291671,1,5668.25,,3291791,S07,5686.75,5697.75,3,3291791,18.5,19.75,10.25,True,10.25,
20170516,3292995,-1,5730.0,,3293115,S07,5711.5,5711.5,3,3293115,18.5,19.75,-0.75,True,-0.75,
20170517,3294360,1,5666.0,,3294480,S07,5684.5,5665.5,1,3294384,18.5,19.75,-19.75,True,-19.75,
20170517,3294392,-1,5661.5,,-1,PV2_V7m,5655.75,5662.0,1,3294393,5.75,7.0,-7.0,True,-26.75,
20170518,3295723,1,5565.75,,3295843,S07,5584.25,5629.25,3,3295843,18.5,19.75,44.25,True,44.25,
20170519,3297079,-1,5669.5,,3297199,S07,5651.0,5670.0,1,3297133,18.5,19.75,-19.75,True,-19.75,
20170522,3298416,1,5655.25,,3298536,S07,5673.75,5687.25,3,3298536,18.5,19.75,12.75,True,12.75,
20170523,3299747,-1,5730.75,,3299867,S07,5712.25,5707.25,3,3299867,18.5,19.75,4.25,True,4.25,
20170524,3301054,1,5702.75,,3301174,S07,5721.25,5715.25,3,3301174,18.5,19.75,-6.75,True,-6.75,
20170525,3302400,-1,5767.5,,3302520,S07,5749.0,5768.0,1,3302458,18.5,19.75,-19.75,True,-19.75,
20170525,3302502,1,5774.25,,-1,PV2_V7m,5776.0,5773.75,1,3302522,1.75,3.0,-3.0,True,-22.75,
20170526,3303741,-1,5793.25,,3303861,S07,5774.75,5793.75,1,3303808,18.5,19.75,-19.75,True,-19.75,
20170530,3306084,1,5773.5,,3306204,S07,5792.0,5797.75,3,3306204,18.5,19.75,5.0,True,5.0,
20170531,3307412,-1,5831.5,,3307532,S07,5813.0,5781.5,3,3307532,18.5,19.75,30.75,True,30.75,
20170601,3308747,1,5788.5,,3308867,S07,5807.0,5788.0,1,3308783,18.5,19.75,-19.75,True,-19.75,
20170602,3310107,-1,5851.25,,3310227,S07,5832.75,5851.75,1,3310190,18.5,19.75,-19.75,True,-19.75,
20170602,3310235,1,5857.75,,-1,PV2_V7m,5859.0,5874.5,3,3310355,1.25,2.5,14.75,True,-5.0,
20170605,3311429,-1,5893.5,,3311549,S07,5875.0,5877.0,3,3311549,18.5,19.75,-2.75,True,-2.75,
20170606,3312743,1,5855.5,,3312863,S07,5874.0,5881.0,3,3312863,18.5,19.75,6.25,True,6.25,
20170607,3314046,1,5858.25,,3314166,S07,5876.75,5870.75,3,3314166,18.5,19.75,-6.75,True,-6.75,
20170608,3315152,-1,5913.75,,3315272,S07,5895.25,5880.75,3,3315272,18.5,19.75,13.75,True,13.75,
20170609,3316483,-1,5916.5,,3316603,S07,5898.0,5882.75,3,3316603,18.5,19.75,14.5,True,14.5,
20170612,3317832,-1,5698.0,,3317952,S07,5679.5,5698.5,1,3317834,18.5,19.75,-19.75,True,-19.75,
20170613,3319170,1,5735.25,,3319290,S07,5753.75,5734.75,1,3319249,18.5,19.75,-19.75,True,-19.75,
20170614,3320484,-1,5793.5,,3320604,S07,5775.0,5769.25,3,3320604,18.5,19.75,5.0,True,5.0,
20170614,3320802,-1,5726.25,,-1,PV2_V7m,5721.75,5726.0,1,3320803,3.75,5.0,-5.0,True,0.0,True
20170615,3321840,-1,5697.0,,3321960,S07,5678.5,5684.5,3,3321960,18.5,19.75,-6.75,True,-6.75,
20170616,3323192,-1,5708.0,,3323312,S07,5689.5,5681.0,3,3323312,18.5,19.75,7.75,True,7.75,
20170619,3324530,-1,5749.75,,3324650,S07,5731.25,5750.25,1,3324536,18.5,19.75,-19.75,True,-19.75,
20170619,3324567,1,5766.75,,-1,PV2_V7m,5770.25,5766.25,1,3324569,3.5,4.75,-4.75,True,-24.5,
20170620,3325865,-1,5783.75,,3325985,S07,5765.25,5753.5,3,3325985,18.5,19.75,11.0,True,11.0,
20170621,3327210,-1,5764.5,,3327330,S07,5746.0,5765.0,1,3327278,18.5,19.75,-19.75,True,-19.75,
20170622,3328561,-1,5807.75,,3328681,S07,5789.25,5789.0,3,3328681,18.5,19.75,-0.5,True,-0.5,
20170623,3329850,-1,5799.5,,3329970,S07,5781.0,5791.5,3,3329970,18.5,19.75,-11.25,True,-11.25,
20170623,3329997,1,5797.0,,-1,PV2_V7m,5798.25,5796.5,1,3330006,1.25,2.5,-2.5,True,-13.75,
20170626,3331157,1,5825.5,,3331277,S07,5844.0,5825.0,1,3331193,18.5,19.75,-19.75,True,-19.75,
20170627,3332476,-1,5758.0,,3332596,S07,5739.5,5758.5,1,3332507,18.5,19.75,-19.75,True,-19.75,
20170628,3333838,1,5675.75,,3333958,S07,5694.25,5675.25,1,3333856,18.5,19.75,-19.75,True,-19.75,
20170628,3333914,1,5714.75,,-1,PV2_V7m,5718.0,5714.25,1,3333932,3.25,4.5,-4.5,True,-24.25,
20170629,3335181,-1,5731.5,,3335301,S07,5713.0,5647.0,3,3335301,18.5,19.75,65.25,True,65.25,
20170630,3336545,1,5655.75,,3336665,S07,5674.25,5655.25,1,3336576,18.5,19.75,-19.75,True,-19.75,
20170703,3337895,-1,5703.0,,3338015,S07,5684.5,5625.25,3,3338015,18.5,19.75,58.5,True,58.5,
20170704,3339036,1,5591.75,,3339156,S07,5610.25,5591.25,1,3339129,18.5,19.75,-19.75,True,-19.75,
20170705,3340169,-1,5627.75,,3340289,S07,5609.25,5628.25,1,3340172,18.5,19.75,-19.75,True,-19.75,
20170706,3341510,1,5591.5,,3341630,S07,5610.0,5591.0,1,3341526,18.5,19.75,-19.75,True,-19.75,
20170707,3342861,1,5608.0,,3342981,S07,5626.5,5654.75,3,3342981,18.5,19.75,27.5,True,27.5,
20170710,3344212,1,5652.75,,3344332,S07,5671.25,5652.25,1,3344233,18.5,19.75,-19.75,True,-19.75,
20170711,3345560,1,5670.75,,3345680,S07,5689.25,5670.25,1,3345673,18.5,19.75,-19.75,True,-19.75,
20170712,3346900,-1,5779.5,,3347020,S07,5761.0,5766.5,3,3347020,18.5,19.75,-6.25,True,-6.25,
20170713,3348243,1,5771.75,,3348363,S07,5790.25,5795.25,3,3348363,18.5,19.75,4.25,True,4.25,
20170714,3349555,-1,5833.75,,3349675,S07,5815.25,5817.5,3,3349675,18.5,19.75,-3.0,True,-3.0,
20170717,3350891,-1,5861.5,,3351011,S07,5843.0,5862.0,1,3350923,18.5,19.75,-19.75,True,-19.75,
20170718,3352232,-1,5845.25,,3352352,S07,5826.75,5845.75,1,3352270,18.5,19.75,-19.75,True,-19.75,
20170718,3352523,1,5873.25,,-1,PV2_V7m,5875.0,5872.75,1,3352525,1.75,3.0,-3.0,True,-22.75,
20170719,3353577,1,5884.75,,3353697,S07,5903.25,5911.5,3,3353697,18.5,19.75,7.5,True,7.5,
20170720,3354898,-1,5951.5,,3355018,S07,5933.0,5918.25,3,3355018,18.5,19.75,14.0,True,14.0,
20170721,3356243,1,5886.25,,3356363,S07,5904.75,5904.75,3,3356363,18.5,19.75,-0.75,True,-0.75,
20170724,3357586,1,5903.0,,3357706,S07,5921.5,5919.0,3,3357706,18.5,19.75,-3.25,True,-3.25,
20170724,3357937,1,5943.5,,-1,PV2_V7m,5945.0,5943.0,1,3357963,1.5,2.75,-2.75,True,-6.0,
20170725,3358909,1,5910.75,,3359029,S07,5929.25,5928.25,3,3359029,18.5,19.75,-1.75,True,-1.75,
20170726,3360240,-1,5965.25,,3360360,S07,5946.75,5942.0,3,3360360,18.5,19.75,4.0,True,4.0,
20170727,3361602,-1,6006.25,,3361722,S07,5987.75,5991.75,3,3361722,18.5,19.75,-4.75,True,-4.75,
20170727,3361815,-1,5930.0,,-1,PV2_V7m,5923.75,5889.75,3,3361935,6.25,7.5,33.25,True,28.5,
20170728,3362964,-1,5889.25,,3363084,S07,5870.75,5889.75,1,3362969,18.5,19.75,-19.75,True,-19.75,
20170731,3364300,-1,5941.5,,3364420,S07,5923.0,5889.0,3,3364420,18.5,19.75,33.25,True,33.25,
20170801,3365652,-1,5907.25,,3365772,S07,5888.75,5888.25,3,3365772,18.5,19.75,-0.25,True,-0.25,
20170802,3367006,-1,5948.0,,3367126,S07,5929.5,5874.5,3,3367126,18.5,19.75,54.25,True,54.25,
20170803,3368357,-1,5932.0,,3368477,S07,5913.5,5894.75,3,3368477,18.5,19.75,18.0,True,18.0,
20170804,3369667,-1,5909.75,,3369787,S07,5891.25,5910.25,1,3369680,18.5,19.75,-19.75,True,-19.75,
20170807,3370983,-1,5923.75,,3371103,S07,5905.25,5924.25,1,3371080,18.5,19.75,-19.75,True,-19.75,
20170808,3372292,-1,5940.75,,3372412,S07,5922.25,5941.25,1,3372373,18.5,19.75,-19.75,True,-19.75,
20170809,3373654,1,5863.5,,3373774,S07,5882.0,5863.0,1,3373663,18.5,19.75,-19.75,True,-19.75,
20170810,3375014,1,5866.0,,3375134,S07,5884.5,5865.5,1,3375026,18.5,19.75,-19.75,True,-19.75,
20170810,3375043,-1,5867.5,,-1,PV2_V7m,5853.75,5824.25,3,3375163,13.75,15.0,28.75,True,9.0,
20170811,3376379,1,5787.5,,3376499,S07,5806.0,5787.0,1,3376394,18.5,19.75,-19.75,True,-19.75,
20170814,3377738,1,5866.75,,3377858,S07,5885.25,5902.75,3,3377858,18.5,19.75,16.75,True,16.75,
20170815,3379095,-1,5937.25,,3379215,S07,5918.75,5914.5,3,3379215,18.5,19.75,3.5,True,3.5,
20170816,3380432,1,5908.0,,3380552,S07,5926.5,5907.5,1,3380450,18.5,19.75,-19.75,True,-19.75,
20170817,3381782,1,5881.75,,3381902,S07,5900.25,5881.25,1,3381809,18.5,19.75,-19.75,True,-19.75,
20170818,3383143,-1,5825.0,,3383263,S07,5806.5,5819.0,3,3383263,18.5,19.75,-13.25,True,-13.25,
20170821,3384495,-1,5809.0,,3384615,S07,5790.5,5785.0,3,3384615,18.5,19.75,4.75,True,4.75,
20170822,3385844,1,5803.25,,3385964,S07,5821.75,5863.75,3,3385964,18.5,19.75,41.25,True,41.25,
20170823,3387196,1,5832.0,,3387316,S07,5850.5,5860.0,3,3387316,18.5,19.75,8.75,True,8.75,
20170824,3388548,-1,5886.5,,3388668,S07,5868.0,5809.5,3,3388668,18.5,19.75,57.75,True,57.75,
20170825,3389901,-1,5872.0,,3390021,S07,5853.5,5872.5,1,3389929,18.5,19.75,-19.75,True,-19.75,
20170828,3391254,-1,5854.25,,3391374,S07,5835.75,5854.75,1,3391334,18.5,19.75,-19.75,True,-19.75,
20170829,3392615,1,5784.0,,3392735,S07,5802.5,5849.0,3,3392735,18.5,19.75,45.75,True,45.75,
20170830,3393965,1,5854.75,,3394085,S07,5873.25,5901.25,3,3394085,18.5,19.75,27.25,True,27.25,
20170831,3395317,1,5936.5,,3395437,S07,5955.0,5966.5,3,3395437,18.5,19.75,10.75,True,10.75,
20170901,3396655,1,5991.25,,3396775,S07,6009.75,5990.75,1,3396675,18.5,19.75,-19.75,True,-19.75,
20170904,3398009,1,5949.0,,3398129,S07,5967.5,5972.0,3,3398129,18.5,19.75,3.75,True,3.75,
20170905,3399145,1,5960.75,,3399265,S07,5979.25,5960.25,1,3399151,18.5,19.75,-19.75,True,-19.75,
20170906,3400506,1,5937.5,,3400626,S07,5956.0,5937.0,1,3400548,18.5,19.75,-19.75,True,-19.75,
20170907,3401700,1,5951.5,,3401820,S07,5970.0,5951.0,1,3401732,18.5,19.75,-19.75,True,-19.75,
20170908,3403027,-1,5979.75,,3403147,S07,5961.25,5948.5,3,3403147,18.5,19.75,12.0,True,12.0,
20170911,3404372,1,5956.0,,3404492,S07,5974.5,5981.25,3,3404492,18.5,19.75,6.0,True,6.0,
20170912,3405700,1,5988.0,,3405820,S07,6006.5,5987.5,1,3405718,18.5,19.75,-19.75,True,-19.75,
20170913,3407033,1,5973.75,,3407153,S07,5992.25,5995.75,3,3407153,18.5,19.75,2.75,True,2.75,
20170914,3408373,-1,6000.5,,3408493,S07,5982.0,6001.0,1,3408475,18.5,19.75,-19.75,True,-19.75,
20170915,3409735,1,5955.0,,3409855,S07,5973.5,6000.5,3,3409855,18.5,19.75,26.25,True,26.25,
20170918,3411085,-1,6016.0,,3411205,S07,5997.5,6016.5,1,3411103,18.5,19.75,-19.75,True,-19.75,
20170919,3412434,1,5979.75,,3412554,S07,5998.25,5979.25,1,3412442,18.5,19.75,-19.75,True,-19.75,
20170920,3413775,-1,6006.75,,3413895,S07,5988.25,5968.5,3,3413895,18.5,19.75,19.0,True,19.0,
20170921,3415132,-1,5983.0,,3415252,S07,5964.5,5953.5,3,3415252,18.5,19.75,10.25,True,10.25,
20170922,3416495,1,5908.75,,3416615,S07,5927.25,5926.5,3,3416615,18.5,19.75,-1.5,True,-1.5,
20170925,3417849,-1,5924.25,,3417969,S07,5905.75,5871.25,3,3417969,18.5,19.75,33.75,True,33.75,
20170926,3419209,1,5889.0,,3419329,S07,5907.5,5888.5,1,3419285,18.5,19.75,-19.75,True,-19.75,
20170927,3420562,1,5907.75,,3420682,S07,5926.25,5907.25,1,3420624,18.5,19.75,-19.75,True,-19.75,
20170928,3421919,1,5913.5,,3422039,S07,5932.0,5913.0,1,3421923,18.5,19.75,-19.75,True,-19.75,
20170929,3423270,1,5932.25,,3423390,S07,5950.75,5971.25,3,3423390,18.5,19.75,19.75,True,19.75,
20171002,3424617,1,5975.25,,3424737,S07,5993.75,5992.0,3,3424737,18.5,19.75,-2.5,True,-2.5,
20171003,3425961,-1,6007.25,,3426081,S07,5988.75,5995.5,3,3426081,18.5,19.75,-7.5,True,-7.5,
20171004,3427290,1,5969.0,,3427410,S07,5987.5,6000.25,3,3427410,18.5,19.75,12.0,True,12.0,
20171005,3428597,1,6014.0,,3428717,S07,6032.5,6033.25,3,3428717,18.5,19.75,0.0,True,0.0,
20171005,3428770,1,6045.25,,-1,PV2_V7m,6046.5,6044.75,1,3428776,1.25,2.5,-2.5,True,-2.5,
20171006,3429924,1,6031.0,,3430044,S07,6049.5,6057.75,3,3430044,18.5,19.75,7.5,True,7.5,
20171009,3431265,-1,6094.25,,3431385,S07,6075.75,6074.0,3,3431385,18.5,19.75,1.0,True,1.0,
20171010,3432591,1,6063.0,,3432711,S07,6081.5,6062.5,1,3432625,18.5,19.75,-19.75,True,-19.75,
20171011,3433910,1,6047.5,,3434030,S07,6066.0,6068.0,3,3434030,18.5,19.75,1.25,True,1.25,
20171012,3435224,1,6061.0,,3435344,S07,6079.5,6085.75,3,3435344,18.5,19.75,5.5,True,5.5,
20171013,3436572,-1,6112.5,,3436692,S07,6094.0,6093.0,3,3436692,18.5,19.75,0.25,True,0.25,
20171016,3437915,1,6096.0,,3438035,S07,6114.5,6111.25,3,3438035,18.5,19.75,-4.0,True,-4.0,
20171017,3439239,-1,6133.0,,3439359,S07,6114.5,6116.75,3,3439359,18.5,19.75,-3.0,True,-3.0,
20171018,3440529,-1,6147.25,,3440649,S07,6128.75,6118.5,3,3440649,18.5,19.75,9.5,True,9.5,
20171019,3441870,1,6065.25,,3441990,S07,6083.75,6064.75,1,3441881,18.5,19.75,-19.75,True,-19.75,
20171019,3441905,-1,6061.25,,-1,PV2_V7m,6055.75,6061.75,1,3441910,5.5,6.75,-6.75,True,-26.5,
20171020,3443231,-1,6135.0,,3443351,S07,6116.5,6110.5,3,3443351,18.5,19.75,5.25,True,5.25,
20171023,3444588,-1,6137.0,,3444708,S07,6118.5,6095.0,3,3444708,18.5,19.75,22.75,True,22.75,
20171024,3445943,-1,6094.25,,3446063,S07,6075.75,6084.0,3,3446063,18.5,19.75,-9.0,True,-9.0,
20171024,3446197,1,6089.0,,-1,PV2_V7m,6090.0,6088.5,1,3446199,1.0,2.25,-2.25,True,-11.25,
20171025,3447288,1,6059.75,,3447408,S07,6078.25,6059.25,1,3447360,18.5,19.75,-19.75,True,-19.75,
20171026,3448638,1,6038.25,,3448758,S07,6056.75,6037.75,1,3448675,18.5,19.75,-19.75,True,-19.75,
20171027,3450003,-1,6149.75,,3450123,S07,6131.25,6150.25,1,3450022,18.5,19.75,-19.75,True,-19.75,
20171027,3450032,1,6150.75,,-1,PV2_V7m,6160.75,6202.5,3,3450152,10.0,11.25,41.0,True,21.25,
20171030,3451355,1,6198.5,,3451475,S07,6217.0,6223.0,3,3451475,18.5,19.75,5.25,True,5.25,
20171031,3452698,-1,6260.0,,3452818,S07,6241.5,6247.25,3,3452818,18.5,19.75,-6.5,True,-6.5,
20171101,3454056,1,6254.75,,3454176,S07,6273.25,6254.25,1,3454098,18.5,19.75,-19.75,True,-19.75,
20171101,3454276,-1,6236.25,,-1,PV2_V7m,6228.75,6236.75,1,3454291,7.5,8.75,-8.75,True,-28.5,
20171102,3455420,-1,6251.5,,3455540,S07,6233.0,6203.75,3,3455540,18.5,19.75,28.5,True,28.5,
20171103,3456754,-1,6269.25,,3456874,S07,6250.75,6257.5,3,3456874,18.5,19.75,-7.5,True,-7.5,
20171103,3456970,1,6275.0,,-1,PV2_V7m,6277.25,6294.75,3,3457090,2.25,3.5,16.75,True,9.25,
20171106,3458117,1,6280.75,,3458237,S07,6299.25,6301.5,3,3458237,18.5,19.75,1.5,True,1.5,
20171107,3459473,1,6301.0,,3459593,S07,6319.5,6311.75,3,3459593,18.5,19.75,-8.5,True,-8.5,
20171108,3460824,-1,6331.75,,3460944,S07,6313.25,6326.75,3,3460944,18.5,19.75,-14.25,True,-14.25,
20171108,3461037,1,6335.75,,-1,PV2_V7m,6336.75,6335.25,1,3461039,1.0,2.25,-2.25,True,-16.5,
20171109,3462182,1,6276.5,,3462302,S07,6295.0,6276.0,1,3462194,18.5,19.75,-19.75,True,-19.75,
20171110,3463543,1,6281.0,,3463663,S07,6299.5,6294.0,3,3463663,18.5,19.75,-6.25,True,-6.25,
20171113,3464900,1,6270.75,,3465020,S07,6289.25,6316.5,3,3465020,18.5,19.75,26.5,True,26.5,
20171114,3466243,-1,6312.0,,3466363,S07,6293.5,6295.75,3,3466363,18.5,19.75,-3.0,True,-3.0,
20171115,3467608,-1,6277.0,,3467728,S07,6258.5,6277.5,1,3467715,18.5,19.75,-19.75,True,-19.75,
20171116,3468972,1,6287.25,,3469092,S07,6305.75,6336.25,3,3469092,18.5,19.75,29.75,True,29.75,
20171117,3470333,-1,6362.25,,3470453,S07,6343.75,6336.25,3,3470453,18.5,19.75,6.75,True,6.75,
20171120,3471696,-1,6339.5,,3471816,S07,6321.0,6313.25,3,3471816,18.5,19.75,7.0,True,7.0,
20171121,3473045,1,6327.75,,3473165,S07,6346.25,6379.25,3,3473165,18.5,19.75,32.25,True,32.25,
20171122,3474408,1,6371.25,,3474528,S07,6389.75,6378.75,3,3474528,18.5,19.75,-11.75,True,-11.75,
20171123,3475709,1,6372.0,,3475829,S07,6390.5,6383.0,3,3475829,18.5,19.75,-8.25,True,-8.25,
20171124,3476828,-1,6411.5,,3476948,S07,6393.0,6412.0,1,3476931,18.5,19.75,-19.75,True,-19.75,
20171127,3477977,-1,6427.25,,3478097,S07,6408.75,6402.25,3,3478097,18.5,19.75,5.75,True,5.75,
20171128,3479338,-1,6440.0,,3479458,S07,6421.5,6416.25,3,3479458,18.5,19.75,4.5,True,4.5,
20171129,3480684,-1,6423.0,,3480804,S07,6404.5,6311.25,3,3480804,18.5,19.75,92.5,True,92.5,
20171130,3482046,-1,6355.5,,3482166,S07,6337.0,6356.0,1,3482104,18.5,19.75,-19.75,True,-19.75,
20171201,3483410,1,6329.25,,3483530,S07,6347.75,6328.75,1,3483423,18.5,19.75,-19.75,True,-19.75,
20171204,3484773,-1,6389.25,,3484893,S07,6370.75,6297.25,3,3484893,18.5,19.75,72.75,True,72.75,
20171205,3486137,1,6251.0,,3486257,S07,6269.5,6329.5,3,3486257,18.5,19.75,59.25,True,59.25,
20171206,3487502,1,6232.25,,3487622,S07,6250.75,6278.75,3,3487622,18.5,19.75,27.25,True,27.25,
20171207,3488712,1,6304.0,,3488832,S07,6322.5,6344.25,3,3488832,18.5,19.75,21.0,True,21.0,
20171208,3490052,1,6375.75,,3490172,S07,6394.25,6375.25,1,3490166,18.5,19.75,-19.75,True,-19.75,
20171211,3491395,1,6362.75,,3491515,S07,6381.25,6388.75,3,3491515,18.5,19.75,6.75,True,6.75,
20171212,3492751,-1,6424.75,,3492871,S07,6406.25,6420.75,3,3492871,18.5,19.75,-15.25,True,-15.25,
20171213,3494106,1,6415.0,,3494226,S07,6433.5,6429.25,3,3494226,18.5,19.75,-5.0,True,-5.0,
20171214,3495460,-1,6445.0,,3495580,S07,6426.5,6433.25,3,3495580,18.5,19.75,-7.5,True,-7.5,
20171215,3496820,1,6413.75,,3496940,S07,6432.25,6458.25,3,3496940,18.5,19.75,25.25,True,25.25,
20171218,3498183,-1,6541.25,,3498303,S07,6522.75,6526.75,3,3498303,18.5,19.75,-4.75,True,-4.75,
20171219,3499516,1,6509.75,,3499636,S07,6528.25,6509.25,1,3499527,18.5,19.75,-19.75,True,-19.75,
20171220,3500867,-1,6536.75,,3500987,S07,6518.25,6477.5,3,3500987,18.5,19.75,40.0,True,40.0,
20171221,3502219,1,6486.75,,3502339,S07,6505.25,6486.25,1,3502239,18.5,19.75,-19.75,True,-19.75,
20171222,3503549,-1,6498.75,,3503669,S07,6480.25,6476.75,3,3503669,18.5,19.75,2.75,True,2.75,
20171226,3504807,-1,6470.5,,3504927,S07,6452.0,6448.5,3,3504927,18.5,19.75,2.75,True,2.75,
20171227,3506157,-1,6478.25,,3506277,S07,6459.75,6464.0,3,3506277,18.5,19.75,-5.0,True,-5.0,
20171228,3507494,-1,6481.0,,3507614,S07,6462.5,6450.5,3,3507614,18.5,19.75,11.25,True,11.25,
20171229,3508807,-1,6467.0,,3508927,S07,6448.5,6419.25,3,3508927,18.5,19.75,28.5,True,28.5,
20180102,3510162,-1,6449.75,,3510282,S07,6431.25,6450.25,1,3510169,18.5,19.75,-19.75,True,-19.75,
20180102,3510196,1,6480.25,,-1,PV2_V7m,6482.25,6502.25,3,3510316,2.0,3.25,19.25,True,-0.5,
20180103,3511492,1,6516.5,,3511612,S07,6535.0,6576.5,3,3511612,18.5,19.75,40.75,True,40.75,
20180104,3512853,1,6595.0,,3512973,S07,6613.5,6594.5,1,3512861,18.5,19.75,-19.75,True,-19.75,
20180105,3514209,-1,6644.0,,3514329,S07,6625.5,6644.5,1,3514293,18.5,19.75,-19.75,True,-19.75,
20180108,3515561,1,6650.5,,3515681,S07,6669.0,6686.75,3,3515681,18.5,19.75,17.0,True,17.0,
20180109,3516909,1,6684.0,,3517029,S07,6702.5,6683.5,1,3516916,18.5,19.75,-19.75,True,-19.75,
20180110,3518267,1,6640.5,,3518387,S07,6659.0,6640.0,1,3518286,18.5,19.75,-19.75,True,-19.75,
20180111,3519625,-1,6702.0,,3519745,S07,6683.5,6687.0,3,3519745,18.5,19.75,-4.25,True,-4.25,
20180112,3520982,-1,6729.75,,3521102,S07,6711.25,6730.25,1,3521010,18.5,19.75,-19.75,True,-19.75,
20180112,3521032,1,6732.75,,-1,PV2_V7m,6735.0,6756.0,3,3521152,2.25,3.5,20.25,True,0.5,
20180115,3522340,-1,6795.5,,3522460,S07,6777.0,6780.0,3,3522460,18.5,19.75,-3.75,True,-3.75,
20180116,3523475,1,6803.75,,3523595,S07,6822.25,6803.25,1,3523563,18.5,19.75,-19.75,True,-19.75,
20180117,3524840,-1,6791.75,,3524960,S07,6773.25,6792.25,1,3524942,18.5,19.75,-19.75,True,-19.75,
20180118,3526205,1,6798.0,,3526325,S07,6816.5,6797.5,1,3526243,18.5,19.75,-19.75,True,-19.75,
20180119,3527569,-1,6860.75,,3527689,S07,6842.25,6829.5,3,3527689,18.5,19.75,12.0,True,12.0,
20180122,3528928,-1,6857.25,,3529048,S07,6838.75,6857.75,1,3528954,18.5,19.75,-19.75,True,-19.75,
20180122,3528970,1,6866.25,,-1,PV2_V7m,6872.75,6895.0,3,3529090,6.5,7.75,21.5,True,1.75,
20180123,3530293,1,6925.75,,3530413,S07,6944.25,6971.25,3,3530413,18.5,19.75,26.25,True,26.25,
20180124,3531652,1,6972.75,,3531772,S07,6991.25,6972.25,1,3531656,18.5,19.75,-19.75,True,-19.75,
20180125,3533013,-1,6988.75,,3533133,S07,6970.25,6949.5,3,3533133,18.5,19.75,20.0,True,20.0,
20180126,3534375,-1,6972.5,,3534495,S07,6954.0,6973.0,1,3534403,18.5,19.75,-19.75,True,-19.75,
20180126,3534465,1,6980.0,,-1,PV2_V7m,6981.75,6979.5,1,3534466,1.75,3.0,-3.0,True,-22.75,
20180129,3535739,-1,7019.0,,3535859,S07,7000.5,7019.5,1,3535748,18.5,19.75,-19.75,True,-19.75,
20180130,3537104,1,6920.5,,3537224,S07,6939.0,6920.0,1,3537123,18.5,19.75,-19.75,True,-19.75,
20180131,3538468,1,6968.25,,3538588,S07,6986.75,6967.75,1,3538550,18.5,19.75,-19.75,True,-19.75,
20180201,3539831,1,6914.0,,3539951,S07,6932.5,6957.75,3,3539951,18.5,19.75,24.5,True,24.5,
20180202,3541196,1,6859.75,,3541316,S07,6878.25,6859.25,1,3541213,18.5,19.75,-19.75,True,-19.75,
20180202,3541233,-1,6827.25,,-1,PV2_V7m,6819.25,6827.75,1,3541234,8.0,9.25,-9.25,True,-29.0,
20180205,3542561,1,6699.5,,3542681,S07,6718.0,6761.5,3,3542681,18.5,19.75,42.75,True,42.75,
20180206,3543926,1,6444.5,,3544046,S07,6463.0,6444.0,1,3543988,18.5,19.75,-19.75,True,-19.75,
20180207,3545291,-1,6653.75,,3545411,S07,6635.25,6654.25,1,3545295,18.5,19.75,-19.75,True,-19.75,
20180207,3545391,1,6702.25,,-1,PV2_V7m,6707.75,6701.75,1,3545396,5.5,6.75,-6.75,True,-26.5,
20180208,3546656,-1,6601.0,,3546776,S07,6582.5,6475.0,3,3546776,18.5,19.75,106.75,True,106.75,
20180209,3548021,1,6390.75,,3548141,S07,6409.25,6390.25,1,3548025,18.5,19.75,-19.75,True,-19.75,
20180212,3549384,1,6476.75,,3549504,S07,6495.25,6476.25,1,3549405,18.5,19.75,-19.75,True,-19.75,
20180213,3550749,1,6483.5,,3550869,S07,6502.0,6483.0,1,3550751,18.5,19.75,-19.75,True,-19.75,
20180214,3552113,1,6525.5,,3552233,S07,6544.0,6613.0,3,3552233,18.5,19.75,68.25,True,68.25,
20180215,3553478,-1,6742.0,,3553598,S07,6723.5,6742.5,1,3553495,18.5,19.75,-19.75,True,-19.75,
20180216,3554844,-1,6805.75,,3554964,S07,6787.25,6806.25,1,3554847,18.5,19.75,-19.75,True,-19.75,
20180219,3556196,-1,6819.75,,3556316,S07,6801.25,6777.75,3,3556316,18.5,19.75,22.75,True,22.75,
20180220,3557334,1,6745.75,,3557454,S07,6764.25,6825.0,3,3557454,18.5,19.75,60.0,True,60.0,
20180221,3558699,1,6805.75,,3558819,S07,6824.25,6860.0,3,3558819,18.5,19.75,35.0,True,35.0,
20180222,3560064,1,6790.5,,3560184,S07,6809.0,6790.0,1,3560088,18.5,19.75,-19.75,True,-19.75,
20180223,3561427,1,6802.75,,3561547,S07,6821.25,6802.25,1,3561444,18.5,19.75,-19.75,True,-19.75,
20180226,3562792,1,6924.25,,3562912,S07,6942.75,6963.5,3,3562912,18.5,19.75,20.0,True,20.0,
20180227,3564157,-1,7008.5,,3564277,S07,6990.0,7009.0,1,3564207,18.5,19.75,-19.75,True,-19.75,
20180228,3565522,-1,6960.5,,3565642,S07,6942.0,6961.0,1,3565550,18.5,19.75,-19.75,True,-19.75,
20180301,3566887,-1,6894.0,,3567007,S07,6875.5,6894.5,1,3566949,18.5,19.75,-19.75,True,-19.75,
20180302,3568252,1,6685.0,,3568372,S07,6703.5,6684.5,1,3568255,18.5,19.75,-19.75,True,-19.75,
20180305,3569616,1,6779.25,,3569736,S07,6797.75,6778.75,1,3569621,18.5,19.75,-19.75,True,-19.75,
20180305,3569747,1,6854.75,,-1,PV2_V7m,6856.75,6874.25,3,3569867,2.0,3.25,16.75,True,-3.0,
20180306,3570981,1,6900.0,,3571101,S07,6918.5,6899.5,1,3570993,18.5,19.75,-19.75,True,-19.75,
20180307,3572346,1,6863.75,,3572466,S07,6882.25,6892.0,3,3572466,18.5,19.75,9.0,True,9.0,
20180308,3573575,1,6970.25,,3573695,S07,6988.75,6969.75,1,3573610,18.5,19.75,-19.75,True,-19.75,
20180309,3574933,-1,7058.75,,3575053,S07,7040.25,7059.25,1,3574968,18.5,19.75,-19.75,True,-19.75,
20180312,3576295,-1,7165.75,,3576415,S07,7147.25,7166.25,1,3576306,18.5,19.75,-19.75,True,-19.75,
20180313,3577649,-1,7213.0,,3577769,S07,7194.5,7213.5,1,3577661,18.5,19.75,-19.75,True,-19.75,
20180314,3579013,-1,7110.75,,3579133,S07,7092.25,7069.75,3,3579133,18.5,19.75,21.75,True,21.75,
20180315,3580378,-1,7081.5,,3580498,S07,7063.0,7082.0,1,3580435,18.5,19.75,-19.75,True,-19.75,
20180316,3581743,-1,7085.75,,3581863,S07,7067.25,7066.5,3,3581863,18.5,19.75,0.0,True,0.0,
20180319,3583108,-1,6970.25,,3583228,S07,6951.75,6970.75,1,3583128,18.5,19.75,-19.75,True,-19.75,
20180319,3583141,-1,6957.0,,-1,PV2_V7m,6952.5,6863.75,3,3583261,4.5,5.75,88.0,True,68.25,
20180320,3584473,-1,6905.75,,3584593,S07,6887.25,6906.25,1,3584481,18.5,19.75,-19.75,True,-19.75,
20180321,3585828,1,6871.0,,3585948,S07,6889.5,6910.0,3,3585948,18.5,19.75,19.75,True,19.75,
20180322,3587193,1,6764.5,,3587313,S07,6783.0,6764.0,1,3587267,18.5,19.75,-19.75,True,-19.75,
20180323,3588558,1,6700.25,,3588678,S07,6718.75,6699.75,1,3588561,18.5,19.75,-19.75,True,-19.75,
20180326,3589923,1,6650.25,,3590043,S07,6668.75,6649.75,1,3589964,18.5,19.75,-19.75,True,-19.75,
20180327,3591288,-1,6810.75,,3591408,S07,6792.25,6811.25,1,3591320,18.5,19.75,-19.75,True,-19.75,
20180327,3591473,-1,6741.0,,-1,PV2_V7m,6737.0,6741.5,1,3591478,4.0,5.25,-5.25,True,-25.0,
20180328,3592653,1,6522.0,,3592773,S07,6540.5,6521.5,1,3592654,18.5,19.75,-19.75,True,-19.75,
20180329,3594018,-1,6518.5,,3594138,S07,6500.0,6519.0,1,3594089,18.5,19.75,-19.75,True,-19.75,
20180402,3595382,1,6526.75,,3595502,S07,6545.25,6526.25,1,3595394,18.5,19.75,-19.75,True,-19.75,
20180402,3595418,-1,6505.5,,-1,PV2_V7m,6497.0,6387.0,3,3595538,8.5,9.75,109.25,True,89.5,
20180403,3596747,-1,6456.5,,3596867,S07,6438.0,6457.0,1,3596753,18.5,19.75,-19.75,True,-19.75,
20180404,3598111,1,6350.75,,3598231,S07,6369.25,6466.0,3,3598231,18.5,19.75,96.0,True,96.0,
20180405,3599476,1,6622.25,,3599596,S07,6640.75,6621.75,1,3599481,18.5,19.75,-19.75,True,-19.75,
20180406,3600841,1,6538.0,,3600961,S07,6556.5,6537.5,1,3600911,18.5,19.75,-19.75,True,-19.75,
20180409,3602205,1,6484.5,,3602325,S07,6503.0,6484.0,1,3602210,18.5,19.75,-19.75,True,-19.75,
20180409,3602238,1,6532.5,,-1,PV2_V7m,6541.5,6532.0,1,3602246,9.0,10.25,-10.25,True,-30.0,
20180410,3603570,-1,6593.75,,3603690,S07,6575.25,6594.25,1,3603627,18.5,19.75,-19.75,True,-19.75,
20180411,3604936,1,6590.5,,3605056,S07,6609.0,6619.75,3,3605056,18.5,19.75,10.0,True,10.0,
20180412,3606299,1,6620.75,,3606419,S07,6639.25,6682.5,3,3606419,18.5,19.75,42.5,True,42.5,
20180413,3607663,-1,6722.0,,3607783,S07,6703.5,6657.75,3,3607783,18.5,19.75,45.0,True,45.0,
20180416,3609028,-1,6693.0,,3609148,S07,6674.5,6661.5,3,3609148,18.5,19.75,12.25,True,12.25,
20180417,3610393,-1,6764.0,,3610513,S07,6745.5,6764.5,1,3610400,18.5,19.75,-19.75,True,-19.75,
20180417,3610490,1,6801.75,,-1,PV2_V7m,6804.0,6801.25,1,3610494,2.25,3.5,-3.5,True,-23.25,
20180418,3611751,1,6817.75,,3611871,S07,6836.25,6817.25,1,3611764,18.5,19.75,-19.75,True,-19.75,
20180419,3613111,1,6791.75,,3613231,S07,6810.25,6791.25,1,3613122,18.5,19.75,-19.75,True,-19.75,
20180420,3614475,-1,6767.5,,3614595,S07,6749.0,6685.0,3,3614595,18.5,19.75,63.25,True,63.25,
20180423,3615840,-1,6713.75,,3615960,S07,6695.25,6714.25,1,3615931,18.5,19.75,-19.75,True,-19.75,
20180424,3617198,-1,6698.0,,3617318,S07,6679.5,6596.75,3,3617318,18.5,19.75,82.0,True,82.0,
20180425,3618562,1,6503.75,,3618682,S07,6522.25,6503.25,1,3618564,18.5,19.75,-19.75,True,-19.75,
20180425,3618592,-1,6454.5,,-1,PV2_V7m,6440.5,6455.0,1,3618594,14.0,15.25,-15.25,True,-35.0,
20180426,3619926,-1,6623.0,,3620046,S07,6604.5,6623.5,1,3619959,18.5,19.75,-19.75,True,-19.75,
20180427,3621290,-1,6757.0,,3621410,S07,6738.5,6671.5,3,3621410,18.5,19.75,66.25,True,66.25,
20180430,3622624,1,6668.75,,3622744,S07,6687.25,6671.5,3,3622744,18.5,19.75,-16.5,True,-16.5,
20180501,3623984,1,6582.0,,3624104,S07,6600.5,6581.5,1,3623989,18.5,19.75,-19.75,True,-19.75,
20180502,3625348,-1,6705.5,,3625468,S07,6687.0,6706.0,1,3625388,18.5,19.75,-19.75,True,-19.75,
20180503,3626712,-1,6628.75,,3626832,S07,6610.25,6629.25,1,3626735,18.5,19.75,-19.75,True,-19.75,
20180504,3628073,-1,6634.25,,3628193,S07,6615.75,6634.75,1,3628075,18.5,19.75,-19.75,True,-19.75,
20180507,3629437,1,6792.0,,3629557,S07,6810.5,6845.5,3,3629557,18.5,19.75,34.25,True,34.25,
20180508,3630799,1,6802.75,,3630919,S07,6821.25,6802.25,1,3630802,18.5,19.75,-19.75,True,-19.75,
20180509,3632159,1,6814.75,,3632279,S07,6833.25,6814.25,1,3632241,18.5,19.75,-19.75,True,-19.75,
20180510,3633519,1,6900.5,,3633639,S07,6919.0,6945.25,3,3633639,18.5,19.75,25.5,True,25.5,
20180511,3634873,1,6939.0,,3634993,S07,6957.5,6938.5,1,3634891,18.5,19.75,-19.75,True,-19.75,
20180514,3636235,1,6965.5,,3636355,S07,6984.0,6997.5,3,3636355,18.5,19.75,12.75,True,12.75,
20180515,3637595,-1,6911.0,,3637715,S07,6892.5,6879.25,3,3637715,18.5,19.75,12.5,True,12.5,
20180516,3638956,1,6887.25,,3639076,S07,6905.75,6913.5,3,3639076,18.5,19.75,7.0,True,7.0,
20180517,3640310,1,6900.5,,3640430,S07,6919.0,6944.0,3,3640430,18.5,19.75,24.25,True,24.25,
20180518,3641666,1,6865.75,,3641786,S07,6884.25,6865.25,1,3641728,18.5,19.75,-19.75,True,-19.75,
20180521,3643018,1,6924.0,,3643138,S07,6942.5,6923.5,1,3643119,18.5,19.75,-19.75,True,-19.75,
20180522,3644357,1,6924.5,,3644477,S07,6943.0,6924.0,1,3644397,18.5,19.75,-19.75,True,-19.75,
20180523,3645721,1,6838.75,,3645841,S07,6857.25,6881.25,3,3645841,18.5,19.75,23.25,True,23.25,
20180523,3646054,1,6938.75,,-1,PV2_V7m,6943.25,6938.25,1,3646056,4.5,5.75,-5.75,True,17.5,
20180524,3647085,1,6939.75,,3647205,S07,6958.25,6939.25,1,3647097,18.5,19.75,-19.75,True,-19.75,
20180524,3647119,-1,6936.0,,-1,PV2_V7m,6929.75,6936.5,1,3647231,6.25,7.5,-7.5,True,-27.25,
20180525,3648449,1,6940.0,,3648569,S07,6958.5,6981.25,3,3648569,18.5,19.75,22.0,True,22.0,
20180528,3649796,-1,6991.0,,3649916,S07,6972.5,6991.5,1,3649858,18.5,19.75,-19.75,True,-19.75,
20180529,3650925,1,6918.5,,3651045,S07,6937.0,6918.0,1,3650926,18.5,19.75,-19.75,True,-19.75,
20180530,3652290,1,6940.75,,3652410,S07,6959.25,6984.75,3,3652410,18.5,19.75,24.75,True,24.75,
20180531,3653645,1,6968.25,,3653765,S07,6986.75,6967.75,1,3653721,18.5,19.75,-19.75,True,-19.75,
20180531,3653780,1,7015.75,,-1,PV2_V7m,7016.5,7015.25,1,3653781,0.75,2.0,-2.0,True,-21.75,
20180601,3655003,-1,7031.25,,3655123,S07,7012.75,7031.75,1,3655005,18.5,19.75,-19.75,True,-19.75,
20180601,3655035,1,7033.25,,-1,PV2_V7m,7039.25,7032.75,1,3655037,6.0,7.25,-7.25,True,-27.0,
20180604,3656368,1,7097.25,,3656488,S07,7115.75,7125.5,3,3656488,18.5,19.75,9.0,True,9.0,
20180605,3657722,-1,7175.75,,3657842,S07,7157.25,7176.25,1,3657749,18.5,19.75,-19.75,True,-19.75,
20180606,3659079,1,7160.5,,3659199,S07,7179.0,7160.0,1,3659105,18.5,19.75,-19.75,True,-19.75,
20180607,3660152,-1,7244.5,,3660272,S07,7226.0,7183.25,3,3660272,18.5,19.75,42.0,True,42.0,
20180608,3661493,-1,7156.0,,3661613,S07,7137.5,7156.5,1,3661513,18.5,19.75,-19.75,True,-19.75,
20180611,3662846,1,7161.25,,3662966,S07,7179.75,7190.5,3,3662966,18.5,19.75,10.0,True,10.0,
20180611,3663006,1,7206.0,,-1,PV2_V7m,7208.0,7205.5,1,3663008,2.0,3.25,-3.25,True,6.75,
20180612,3664207,1,7194.25,,3664327,S07,7212.75,7219.0,3,3664327,18.5,19.75,5.5,True,5.5,
20180613,3665567,1,7228.5,,3665687,S07,7247.0,7285.0,3,3665687,18.5,19.75,37.25,True,37.25,
20180614,3666931,1,7259.0,,3667051,S07,7277.5,7302.75,3,3667051,18.5,19.75,24.5,True,24.5,
20180615,3668293,-1,7292.0,,3668413,S07,7273.5,7265.5,3,3668413,18.5,19.75,7.25,True,7.25,
20180618,3669656,-1,7237.25,,3669776,S07,7218.75,7237.75,1,3669671,18.5,19.75,-19.75,True,-19.75,
20180619,3671020,1,7185.25,,3671140,S07,7203.75,7184.75,1,3671047,18.5,19.75,-19.75,True,-19.75,
20180620,3672385,1,7271.75,,3672505,S07,7290.25,7303.25,3,3672505,18.5,19.75,12.25,True,12.25,
20180621,3673747,-1,7338.0,,3673867,S07,7319.5,7278.75,3,3673867,18.5,19.75,40.0,True,40.0,
20180622,3675111,-1,7269.0,,3675231,S07,7250.5,7228.25,3,3675231,18.5,19.75,21.5,True,21.5,
20180625,3676469,1,7146.75,,3676589,S07,7165.25,7146.25,1,3676472,18.5,19.75,-19.75,True,-19.75,
20180626,3677832,-1,7101.25,,3677952,S07,7082.75,7101.75,1,3677842,18.5,19.75,-19.75,True,-19.75,
20180627,3679195,-1,7133.75,,3679315,S07,7115.25,7134.25,1,3679211,18.5,19.75,-19.75,True,-19.75,
20180628,3680560,1,6971.25,,3680680,S07,6989.75,6970.75,1,3680624,18.5,19.75,-19.75,True,-19.75,
20180629,3681923,1,7077.25,,3682043,S07,7095.75,7102.0,3,3682043,18.5,19.75,5.5,True,5.5,
20180702,3683289,-1,7017.0,,3683409,S07,6998.5,7017.5,1,3683294,18.5,19.75,-19.75,True,-19.75,
20180703,3684650,-1,7143.25,,3684770,S07,7124.75,7100.75,3,3684770,18.5,19.75,23.25,True,23.25,
20180704,3685804,-1,7060.25,,3685924,S07,7041.75,7032.0,3,3685924,18.5,19.75,9.0,True,9.0,
20180705,3686942,1,7069.5,,3687062,S07,7088.0,7069.0,1,3686982,18.5,19.75,-19.75,True,-19.75,
20180706,3688307,-1,7142.75,,3688427,S07,7124.25,7143.25,1,3688310,18.5,19.75,-19.75,True,-19.75,
20180706,3688339,1,7158.75,,-1,PV2_V7m,7161.5,7158.25,1,3688340,2.75,4.0,-4.0,True,-23.75,
20180709,3689671,1,7256.5,,3689791,S07,7275.0,7256.0,1,3689692,18.5,19.75,-19.75,True,-19.75,
20180710,3691036,-1,7312.0,,3691156,S07,7293.5,7312.5,1,3691103,18.5,19.75,-19.75,True,-19.75,
20180711,3692401,1,7243.0,,3692521,S07,7261.5,7254.0,3,3692521,18.5,19.75,-8.25,True,-8.25,
20180712,3693765,1,7279.25,,3693885,S07,7297.75,7347.75,3,3693885,18.5,19.75,49.25,True,49.25,
20180713,3695129,1,7376.75,,3695249,S07,7395.25,7376.25,1,3695149,18.5,19.75,-19.75,True,-19.75,
20180716,3696493,1,7385.75,,3696613,S07,7404.25,7385.25,1,3696506,18.5,19.75,-19.75,True,-19.75,
20180717,3697858,1,7296.0,,3697978,S07,7314.5,7375.0,3,3697978,18.5,19.75,59.75,True,59.75,
20180717,3698030,1,7407.5,,-1,PV2_V7m,7413.25,7422.0,3,3698150,5.75,7.0,8.0,True,67.75,
20180718,3699222,1,7402.5,,3699342,S07,7421.0,7402.0,1,3699230,18.5,19.75,-19.75,True,-19.75,
20180719,3700578,1,7372.75,,3700698,S07,7391.25,7372.25,1,3700597,18.5,19.75,-19.75,True,-19.75,
20180720,3701941,1,7367.5,,3702061,S07,7386.0,7408.75,3,3702061,18.5,19.75,22.0,True,22.0,
20180723,3703302,1,7334.5,,3703422,S07,7353.0,7334.0,1,3703305,18.5,19.75,-19.75,True,-19.75,
20180724,3704667,1,7446.25,,3704787,S07,7464.75,7445.75,1,3704759,18.5,19.75,-19.75,True,-19.75,
20180725,3706029,1,7412.75,,3706149,S07,7431.25,7444.5,3,3706149,18.5,19.75,12.5,True,12.5,
20180726,3707394,1,7411.25,,3707514,S07,7429.75,7410.75,1,3707411,18.5,19.75,-19.75,True,-19.75,
20180727,3708757,-1,7462.5,,3708877,S07,7444.0,7380.75,3,3708877,18.5,19.75,62.5,True,62.5,
20180730,3710119,-1,7306.5,,3710239,S07,7288.0,7219.0,3,3710239,18.5,19.75,68.25,True,68.25,
20180731,3711484,1,7230.5,,3711604,S07,7249.0,7230.0,1,3711501,18.5,19.75,-19.75,True,-19.75,
20180801,3712847,1,7255.5,,3712967,S07,7274.0,7271.5,3,3712967,18.5,19.75,-3.25,True,-3.25,
20180802,3714210,1,7214.5,,3714330,S07,7233.0,7323.75,3,3714330,18.5,19.75,90.0,True,90.0,
20180803,3715575,1,7378.75,,3715695,S07,7397.25,7378.25,1,3715576,18.5,19.75,-19.75,True,-19.75,
20180806,3716936,-1,7412.0,,3717056,S07,7393.5,7412.5,1,3716958,18.5,19.75,-19.75,True,-19.75,
20180807,3718294,1,7456.5,,3718414,S07,7475.0,7456.0,1,3718310,18.5,19.75,-19.75,True,-19.75,
20180808,3719652,-1,7465.75,,3719772,S07,7447.25,7466.25,1,3719657,18.5,19.75,-19.75,True,-19.75,
20180809,3721005,-1,7496.5,,3721125,S07,7478.0,7497.0,1,3721057,18.5,19.75,-19.75,True,-19.75,
20180810,3722369,1,7415.25,,3722489,S07,7433.75,7414.75,1,3722396,18.5,19.75,-19.75,True,-19.75,
20180813,3723734,1,7417.0,,3723854,S07,7435.5,7433.75,3,3723854,18.5,19.75,-2.5,True,-2.5,
20180814,3725096,1,7420.0,,3725216,S07,7438.5,7419.5,1,3725112,18.5,19.75,-19.75,True,-19.75,
20180815,3726458,1,7377.25,,3726578,S07,7395.75,7376.75,1,3726483,18.5,19.75,-19.75,True,-19.75,
20180815,3726495,-1,7356.0,,-1,PV2_V7m,7346.0,7356.5,1,3726498,10.0,11.25,-11.25,True,-31.0,
20180816,3727822,-1,7431.5,,3727942,S07,7413.0,7422.0,3,3727942,18.5,19.75,-9.75,True,-9.75,
20180817,3729186,-1,7368.5,,3729306,S07,7350.0,7369.0,1,3729190,18.5,19.75,-19.75,True,-19.75,
20180820,3730550,-1,7412.25,,3730670,S07,7393.75,7366.75,3,3730670,18.5,19.75,26.25,True,26.25,
20180821,3731906,1,7392.5,,3732026,S07,7411.0,7425.25,3,3732026,18.5,19.75,13.5,True,13.5,
20180822,3733272,1,7385.25,,3733392,S07,7403.75,7384.75,1,3733301,18.5,19.75,-19.75,True,-19.75,
20180823,3734636,1,7416.0,,3734756,S07,7434.5,7415.5,1,3734744,18.5,19.75,-19.75,True,-19.75,
20180824,3736001,1,7441.0,,3736121,S07,7459.5,7492.0,3,3736121,18.5,19.75,31.75,True,31.75,
20180827,3737367,-1,7553.25,,3737487,S07,7534.75,7553.75,1,3737407,18.5,19.75,-19.75,True,-19.75,
20180828,3738731,1,7570.25,,3738851,S07,7588.75,7569.75,1,3738806,18.5,19.75,-19.75,True,-19.75,
20180829,3740096,1,7574.25,,3740216,S07,7592.75,7656.75,3,3740216,18.5,19.75,63.25,True,63.25,
20180830,3741459,1,7637.5,,3741579,S07,7656.0,7663.0,3,3741579,18.5,19.75,6.25,True,6.25,
20180831,3742824,1,7640.0,,3742944,S07,7658.5,7661.5,3,3742944,18.5,19.75,2.25,True,2.25,
20180903,3744183,-1,7687.5,,3744303,S07,7669.0,7683.25,3,3744303,18.5,19.75,-15.0,True,-15.0,
20180904,3745315,1,7622.75,,3745435,S07,7641.25,7622.25,1,3745317,18.5,19.75,-19.75,True,-19.75,
20180904,3745344,-1,7617.5,,-1,PV2_V7m,7615.25,7618.0,1,3745345,2.25,3.5,-3.5,True,-23.25,
20180905,3746678,-1,7622.0,,3746798,S07,7603.5,7514.25,3,3746798,18.5,19.75,88.5,True,88.5,
20180906,3748040,1,7515.0,,3748160,S07,7533.5,7514.5,1,3748042,18.5,19.75,-19.75,True,-19.75,
20180907,3749405,1,7393.25,,3749525,S07,7411.75,7481.25,3,3749525,18.5,19.75,68.75,True,68.75,
20180910,3750771,-1,7470.0,,3750891,S07,7451.5,7450.5,3,3750891,18.5,19.75,0.25,True,0.25,
20180911,3752133,-1,7424.25,,3752253,S07,7405.75,7424.75,1,3752138,18.5,19.75,-19.75,True,-19.75,
20180911,3752286,1,7512.0,,-1,PV2_V7m,7515.5,7511.5,1,3752299,3.5,4.75,-4.75,True,-24.5,
20180912,3753498,1,7482.0,,3753618,S07,7500.5,7481.5,1,3753500,18.5,19.75,-19.75,True,-19.75,
20180913,3754682,1,7558.0,,3754802,S07,7576.5,7586.75,3,3754802,18.5,19.75,9.5,True,9.5,
20180914,3756036,-1,7603.75,,3756156,S07,7585.25,7604.25,1,3756040,18.5,19.75,-19.75,True,-19.75,
20180917,3757402,1,7544.5,,3757522,S07,7563.0,7544.0,1,3757405,18.5,19.75,-19.75,True,-19.75,
20180917,3757435,-1,7519.25,,-1,PV2_V7m,7508.25,7512.75,3,3757555,11.0,12.25,-5.25,True,-25.0,
20180918,3758768,1,7481.5,,3758888,S07,7500.0,7552.25,3,3758888,18.5,19.75,51.5,True,51.5,
20180919,3760132,1,7525.25,,3760252,S07,7543.75,7524.75,1,3760137,18.5,19.75,-19.75,True,-19.75,
20180919,3760175,-1,7485.5,,-1,PV2_V7m,7479.5,7486.0,1,3760183,6.0,7.25,-7.25,True,-27.0,
20180920,3761495,1,7557.75,,3761615,S07,7576.25,7557.25,1,3761496,18.5,19.75,-19.75,True,-19.75,
20180921,3762856,-1,7640.25,,3762976,S07,7621.75,7601.5,3,3762976,18.5,19.75,19.5,True,19.5,
20180924,3764221,-1,7493.0,,3764341,S07,7474.5,7493.5,1,3764225,18.5,19.75,-19.75,True,-19.75,
20180925,3765577,-1,7594.0,,3765697,S07,7575.5,7588.25,3,3765697,18.5,19.75,-13.5,True,-13.5,
20180926,3766942,1,7594.25,,3767062,S07,7612.75,7637.25,3,3767062,18.5,19.75,23.75,True,23.75,
20180927,3768306,1,7613.25,,3768426,S07,7631.75,7668.25,3,3768426,18.5,19.75,35.75,True,35.75,
20180928,3769669,1,7626.75,,3769789,S07,7645.25,7626.25,1,3769682,18.5,19.75,-19.75,True,-19.75,
20181001,3771033,1,7693.5,,3771153,S07,7712.0,7714.75,3,3771153,18.5,19.75,2.0,True,2.0,
20181002,3772392,1,7649.0,,3772512,S07,7667.5,7648.5,1,3772397,18.5,19.75,-19.75,True,-19.75,
20181003,3773752,-1,7702.5,,3773872,S07,7684.0,7703.0,1,3773793,18.5,19.75,-19.75,True,-19.75,
20181004,3775117,-1,7624.75,,3775237,S07,7606.25,7531.0,3,3775237,18.5,19.75,74.5,True,74.5,
20181005,3776480,-1,7518.0,,3776600,S07,7499.5,7518.5,1,3776483,18.5,19.75,-19.75,True,-19.75,
20181008,3777845,-1,7385.25,,3777965,S07,7366.75,7385.75,1,3777851,18.5,19.75,-19.75,True,-19.75,
20181009,3779208,1,7360.25,,3779328,S07,7378.75,7431.5,3,3779328,18.5,19.75,52.0,True,52.0,
20181010,3780573,-1,7349.5,,3780693,S07,7331.0,7220.5,3,3780693,18.5,19.75,109.75,True,109.75,
20181011,3781939,1,7053.5,,3782059,S07,7072.0,7053.0,1,3781940,18.5,19.75,-19.75,True,-19.75,
20181012,3783304,-1,7167.5,,3783424,S07,7149.0,7168.0,1,3783333,18.5,19.75,-19.75,True,-19.75,
20181015,3784669,-1,7151.0,,3784789,S07,7132.5,7151.5,1,3784783,18.5,19.75,-19.75,True,-19.75,
20181016,3786034,1,7147.75,,3786154,S07,7166.25,7147.25,1,3786095,18.5,19.75,-19.75,True,-19.75,
20181017,3787399,-1,7318.25,,3787519,S07,7299.75,7263.25,3,3787519,18.5,19.75,35.75,True,35.75,
20181018,3788764,-1,7258.0,,3788884,S07,7239.5,7175.25,3,3788884,18.5,19.75,63.5,True,63.5,
20181019,3790128,1,7176.25,,3790248,S07,7194.75,7175.75,1,3790247,18.5,19.75,-19.75,True,-19.75,
20181022,3791493,1,7157.5,,3791613,S07,7176.0,7157.0,1,3791498,18.5,19.75,-19.75,True,-19.75,
20181023,3792858,-1,7036.25,,3792978,S07,7017.75,7036.75,1,3792861,18.5,19.75,-19.75,True,-19.75,
20181023,3792891,-1,6980.75,,-1,PV2_V7m,6968.25,6981.25,1,3792912,12.5,13.75,-13.75,True,-33.5,
20181024,3794223,-1,7129.75,,3794343,S07,7111.25,6987.5,3,3794343,18.5,19.75,123.0,True,123.0,
20181025,3795588,1,6894.5,,3795708,S07,6913.0,6894.0,1,3795589,18.5,19.75,-19.75,True,-19.75,
20181025,3795625,1,6966.75,,-1,PV2_V7m,6974.0,6966.25,1,3795626,7.25,8.5,-8.5,True,-28.25,
20181026,3796954,-1,6818.25,,3797074,S07,6799.75,6818.75,1,3796956,18.5,19.75,-19.75,True,-19.75,
20181029,3798319,-1,6970.25,,3798439,S07,6951.75,6970.75,1,3798349,18.5,19.75,-19.75,True,-19.75,
20181030,3799684,1,6693.75,,3799804,S07,6712.25,6693.25,1,3799687,18.5,19.75,-19.75,True,-19.75,
20181031,3801049,1,6915.0,,3801169,S07,6933.5,6983.5,3,3801169,18.5,19.75,49.25,True,49.25,
20181101,3802414,1,6984.0,,3802534,S07,7002.5,6983.5,1,3802424,18.5,19.75,-19.75,True,-19.75,
20181102,3803779,1,7032.25,,3803899,S07,7050.75,7031.75,1,3803807,18.5,19.75,-19.75,True,-19.75,
20181105,3805144,-1,6953.5,,3805264,S07,6935.0,6954.0,1,3805147,18.5,19.75,-19.75,True,-19.75,
20181105,3805178,-1,6902.25,,-1,PV2_V7m,6892.25,6902.75,1,3805228,10.0,11.25,-11.25,True,-31.0,
20181106,3806510,1,6962.5,,3806630,S07,6981.0,6962.0,1,3806600,18.5,19.75,-19.75,True,-19.75,
20181107,3807875,1,7066.0,,3807995,S07,7084.5,7145.5,3,3807995,18.5,19.75,60.25,True,60.25,
20181108,3809240,-1,7184.0,,3809360,S07,7165.5,7184.5,1,3809255,18.5,19.75,-19.75,True,-19.75,
20181109,3810605,-1,7121.25,,3810725,S07,7102.75,7048.0,3,3810725,18.5,19.75,54.0,True,54.0,
20181112,3811970,-1,6984.0,,3812090,S07,6965.5,6827.0,3,3812090,18.5,19.75,137.75,True,137.75,
20181113,3813335,1,6892.5,,3813455,S07,6911.0,6892.0,1,3813344,18.5,19.75,-19.75,True,-19.75,
20181113,3813428,1,6928.0,,-1,PV2_V7m,6942.25,6927.5,1,3813446,14.25,15.5,-15.5,True,-35.25,
20181114,3814700,-1,6918.5,,3814820,S07,6900.0,6919.0,1,3814703,18.5,19.75,-19.75,True,-19.75,
20181115,3816065,-1,6768.0,,3816185,S07,6749.5,6768.5,1,3816066,18.5,19.75,-19.75,True,-19.75,
20181115,3816307,1,6858.25,,-1,PV2_V7m,6868.0,6857.75,1,3816313,9.75,11.0,-11.0,True,-30.75,
20181116,3817430,-1,6854.5,,3817550,S07,6836.0,6855.0,1,3817445,18.5,19.75,-19.75,True,-19.75,
20181119,3818795,-1,6856.25,,3818915,S07,6837.75,6715.0,3,3818915,18.5,19.75,122.0,True,122.0,
20181120,3820160,1,6505.0,,3820280,S07,6523.5,6504.5,1,3820162,18.5,19.75,-19.75,True,-19.75,
20181121,3821525,1,6622.25,,3821645,S07,6640.75,6621.75,1,3821528,18.5,19.75,-19.75,True,-19.75,
20181122,3822890,-1,6568.75,,3823010,S07,6550.25,6520.25,3,3823010,18.5,19.75,29.25,True,29.25,
20181123,3824027,1,6536.5,,3824147,S07,6555.0,6566.75,3,3824147,18.5,19.75,11.0,True,11.0,
20181126,3825182,-1,6640.75,,3825302,S07,6622.25,6641.25,1,3825202,18.5,19.75,-19.75,True,-19.75,
20181127,3826547,1,6637.25,,3826667,S07,6655.75,6636.75,1,3826551,18.5,19.75,-19.75,True,-19.75,
20181128,3827912,-1,6764.25,,3828032,S07,6745.75,6732.25,3,3828032,18.5,19.75,12.75,True,12.75,
20181129,3829277,1,6883.0,,3829397,S07,6901.5,6882.5,1,3829280,18.5,19.75,-19.75,True,-19.75,
20181130,3830642,-1,6910.75,,3830762,S07,6892.25,6911.25,1,3830699,18.5,19.75,-19.75,True,-19.75,
20181203,3832007,-1,7099.75,,3832127,S07,7081.25,7100.25,1,3832061,18.5,19.75,-19.75,True,-19.75,
20181204,3833372,-1,7053.0,,3833492,S07,7034.5,7005.25,3,3833492,18.5,19.75,28.5,True,28.5,
20181204,3833531,-1,6960.0,,-1,PV2_V7m,6950.0,6883.5,3,3833651,10.0,11.25,65.75,True,94.25,
20181206,3835667,-1,6664.75,,3835787,S07,6646.25,6665.25,1,3835668,18.5,19.75,-19.75,True,-19.75,
20181207,3837032,-1,6826.75,,3837152,S07,6808.25,6827.25,1,3837035,18.5,19.75,-19.75,True,-19.75,
20181210,3838397,1,6631.0,,3838517,S07,6649.5,6630.5,1,3838413,18.5,19.75,-19.75,True,-19.75,
20181211,3839762,-1,6797.75,,3839882,S07,6779.25,6732.5,3,3839882,18.5,19.75,46.0,True,46.0,
20181212,3841127,-1,6820.75,,3841247,S07,6802.25,6821.25,1,3841159,18.5,19.75,-19.75,True,-19.75,
20181213,3842414,-1,6840.0,,3842534,S07,6821.5,6840.5,1,3842419,18.5,19.75,-19.75,True,-19.75,
20181214,3843772,-1,6722.25,,3843892,S07,6703.75,6722.75,1,3843797,18.5,19.75,-19.75,True,-19.75,
20181217,3845137,1,6569.25,,3845257,S07,6587.75,6568.75,1,3845140,18.5,19.75,-19.75,True,-19.75,
20181217,3845168,-1,6562.75,,-1,PV2_V7m,6555.25,6563.25,1,3845170,7.5,8.75,-8.75,True,-28.5,
20181218,3846502,-1,6543.25,,3846622,S07,6524.75,6543.75,1,3846514,18.5,19.75,-19.75,True,-19.75,
20181219,3847867,1,6503.5,,3847987,S07,6522.0,6548.75,3,3847987,18.5,19.75,26.0,True,26.0,
20181220,3849232,1,6343.75,,3849352,S07,6362.25,6343.25,1,3849239,18.5,19.75,-19.75,True,-19.75,
20181221,3850597,-1,6317.75,,3850717,S07,6299.25,6318.25,1,3850640,18.5,19.75,-19.75,True,-19.75,
20181224,3851962,1,6029.5,,3852082,S07,6048.0,6029.0,1,3851964,18.5,19.75,-19.75,True,-19.75,
20181224,3851993,-1,5989.25,,-1,PV2_V7m,5971.5,5989.75,1,3852000,17.75,19.0,-19.0,True,-38.75,
20181226,3853117,1,6007.25,,3853237,S07,6025.75,6006.75,1,3853139,18.5,19.75,-19.75,True,-19.75,
20181227,3854482,-1,6204.0,,3854602,S07,6185.5,6204.5,1,3854486,18.5,19.75,-19.75,True,-19.75,
20181228,3855847,-1,6331.75,,3855967,S07,6313.25,6332.25,1,3855858,18.5,19.75,-19.75,True,-19.75,
20181231,3857212,1,6340.25,,3857332,S07,6358.75,6339.75,1,3857230,18.5,19.75,-19.75,True,-19.75,
20190102,3858577,1,6216.0,,3858697,S07,6234.5,6344.25,3,3858697,18.5,19.75,109.0,True,109.0,
20190103,3859942,1,6278.5,,3860062,S07,6297.0,6278.0,1,3859945,18.5,19.75,-19.75,True,-19.75,
20190103,3859979,-1,6232.25,,-1,PV2_V7m,6218.0,6232.75,1,3860040,14.25,15.5,-15.5,True,-35.25,
20190104,3861307,1,6240.25,,3861427,S07,6258.75,6396.25,3,3861427,18.5,19.75,136.75,True,136.75,
20190107,3862672,1,6433.5,,3862792,S07,6452.0,6433.0,1,3862674,18.5,19.75,-19.75,True,-19.75,
20190108,3864037,1,6558.25,,3864157,S07,6576.75,6557.75,1,3864052,18.5,19.75,-19.75,True,-19.75,
20190109,3865402,1,6567.0,,3865522,S07,6585.5,6566.5,1,3865474,18.5,19.75,-19.75,True,-19.75,
20190110,3866767,-1,6575.75,,3866887,S07,6557.25,6576.25,1,3866817,18.5,19.75,-19.75,True,-19.75,
20190111,3868132,-1,6611.0,,3868252,S07,6592.5,6584.75,3,3868252,18.5,19.75,7.0,True,7.0,
20190114,3869497,-1,6551.0,,3869617,S07,6532.5,6551.5,1,3869543,18.5,19.75,-19.75,True,-19.75,
20190115,3870862,1,6576.75,,3870982,S07,6595.25,6645.0,3,3870982,18.5,19.75,49.0,True,49.0,
20190116,3872227,1,6680.5,,3872347,S07,6699.0,6680.0,1,3872295,18.5,19.75,-19.75,True,-19.75,
20190117,3873592,1,6641.25,,3873712,S07,6659.75,6695.0,3,3873712,18.5,19.75,34.5,True,34.5,
20190118,3874957,1,6757.5,,3875077,S07,6776.0,6757.0,1,3874964,18.5,19.75,-19.75,True,-19.75,
20190121,3876322,-1,6774.5,,3876442,S07,6756.0,6760.25,3,3876442,18.5,19.75,-5.0,True,-5.0,
20190122,3877462,-1,6759.25,,3877582,S07,6740.75,6717.5,3,3877582,18.5,19.75,22.5,True,22.5,
20190123,3878827,1,6679.0,,3878947,S07,6697.5,6678.5,1,3878884,18.5,19.75,-19.75,True,-19.75,
20190124,3880192,-1,6701.5,,3880312,S07,6683.0,6702.0,1,3880204,18.5,19.75,-19.75,True,-19.75,
20190125,3881557,-1,6762.5,,3881677,S07,6744.0,6763.0,1,3881577,18.5,19.75,-19.75,True,-19.75,
20190128,3882922,-1,6696.0,,3883042,S07,6677.5,6696.5,1,3882991,18.5,19.75,-19.75,True,-19.75,
20190129,3884287,-1,6723.5,,3884407,S07,6705.0,6635.5,3,3884407,18.5,19.75,68.75,True,68.75,
20190130,3885652,1,6704.0,,3885772,S07,6722.5,6703.5,1,3885679,18.5,19.75,-19.75,True,-19.75,
20190131,3887017,-1,6864.0,,3887137,S07,6845.5,6864.5,1,3887030,18.5,19.75,-19.75,True,-19.75,
20190201,3888382,-1,6897.5,,3888502,S07,6879.0,6898.0,1,3888385,18.5,19.75,-19.75,True,-19.75,
20190204,3889747,1,6874.25,,3889867,S07,6892.75,6873.75,1,3889753,18.5,19.75,-19.75,True,-19.75,
20190205,3891112,1,6978.75,,3891232,S07,6997.25,7006.5,3,3891232,18.5,19.75,8.5,True,8.5,
20190206,3892477,1,7016.75,,3892597,S07,7035.25,7016.25,1,3892481,18.5,19.75,-19.75,True,-19.75,
20190206,3892524,-1,6989.25,,-1,PV2_V7m,6985.0,6989.75,1,3892529,4.25,5.5,-5.5,True,-25.25,
20190207,3893842,-1,6947.75,,3893962,S07,6929.25,6948.25,1,3893893,18.5,19.75,-19.75,True,-19.75,
20190208,3895207,1,6843.5,,3895327,S07,6862.0,6843.0,1,3895234,18.5,19.75,-19.75,True,-19.75,
20190211,3896569,1,6930.75,,3896689,S07,6949.25,6930.25,1,3896583,18.5,19.75,-19.75,True,-19.75,
20190212,3897933,-1,6977.5,,3898053,S07,6959.0,6978.0,1,3897941,18.5,19.75,-19.75,True,-19.75,
20190212,3897965,1,6989.25,,-1,PV2_V7m,6990.25,6988.75,1,3897966,1.0,2.25,-2.25,True,-22.0,
20190213,3899298,1,7036.25,,3899418,S07,7054.75,7035.75,1,3899338,18.5,19.75,-19.75,True,-19.75,
20190214,3900663,-1,7003.0,,3900783,S07,6984.5,7003.5,1,3900686,18.5,19.75,-19.75,True,-19.75,
20190215,3902027,-1,7084.25,,3902147,S07,7065.75,7038.5,3,3902147,18.5,19.75,26.5,True,26.5,
20190218,3903392,1,7048.25,,3903512,S07,7066.75,7074.25,3,3903512,18.5,19.75,6.75,True,6.75,
20190219,3904532,1,7036.75,,3904652,S07,7055.25,7067.5,3,3904652,18.5,19.75,11.5,True,11.5,
20190220,3905897,1,7067.25,,3906017,S07,7085.75,7091.5,3,3906017,18.5,19.75,5.0,True,5.0,
20190221,3907262,1,7041.75,,3907382,S07,7060.25,7041.25,1,3907270,18.5,19.75,-19.75,True,-19.75,
20190221,3907296,-1,7024.75,,-1,PV2_V7m,7015.25,7025.25,1,3907332,9.5,10.75,-10.75,True,-30.5,
20190222,3908627,-1,7078.0,,3908747,S07,7059.5,7078.5,1,3908654,18.5,19.75,-19.75,True,-19.75,
20190225,3909992,1,7136.75,,3910112,S07,7155.25,7159.0,3,3910112,18.5,19.75,3.0,True,3.0,
20190226,3911357,1,7082.0,,3911477,S07,7100.5,7132.0,3,3911477,18.5,19.75,30.75,True,30.75,
20190227,3912538,1,7090.0,,3912658,S07,7108.5,7089.5,1,3912561,18.5,19.75,-19.75,True,-19.75,
20190227,3912581,-1,7067.0,,-1,PV2_V7m,7064.75,7067.5,1,3912582,2.25,3.5,-3.5,True,-23.25,
20190228,3913902,1,7089.75,,3914022,S07,7108.25,7089.25,1,3913935,18.5,19.75,-19.75,True,-19.75,
20190301,3915267,-1,7168.75,,3915387,S07,7150.25,7115.5,3,3915387,18.5,19.75,34.0,True,34.0,
20190304,3916632,1,7181.0,,3916752,S07,7199.5,7180.5,1,3916713,18.5,19.75,-19.75,True,-19.75,
20190305,3917997,-1,7166.25,,3918117,S07,7147.75,7166.75,1,3918077,18.5,19.75,-19.75,True,-19.75,
20190306,3919361,-1,7181.25,,3919481,S07,7162.75,7123.0,3,3919481,18.5,19.75,39.0,True,39.0,
20190307,3920519,-1,7082.25,,-1,PV2_V7m,7077.25,7082.75,1,3920585,5.0,6.25,-6.25,True,-6.25,
20190308,3921845,1,6964.75,,3921965,S07,6983.25,7019.75,3,3921965,18.5,19.75,35.75,True,35.75,
20190311,3923210,1,7077.25,,3923330,S07,7095.75,7157.25,3,3923330,18.5,19.75,60.75,True,60.75,
20190312,3924572,-1,7217.5,,3924692,S07,7199.0,7218.0,1,3924581,18.5,19.75,-19.75,True,-19.75,
20190313,3925937,-1,7279.5,,3926057,S07,7261.0,7280.0,1,3925958,18.5,19.75,-19.75,True,-19.75,
20190313,3926032,1,7294.75,,-1,PV2_V7m,7301.25,7304.0,3,3926152,6.5,7.75,2.0,True,-17.75,
20190314,3927301,-1,7301.75,,3927421,S07,7283.25,7280.75,3,3927421,18.5,19.75,1.75,True,1.75,
20190315,3928666,1,7281.5,,3928786,S07,7300.0,7332.25,3,3928786,18.5,19.75,31.5,True,31.5,
20190318,3930030,1,7334.0,,3930150,S07,7352.5,7333.5,1,3930150,18.5,19.75,-19.75,True,-19.75,
20190319,3931395,1,7376.5,,3931515,S07,7395.0,7376.0,1,3931404,18.5,19.75,-19.75,True,-19.75,
20190320,3932759,-1,7391.5,,3932879,S07,7373.0,7392.0,1,3932847,18.5,19.75,-19.75,True,-19.75,
20190321,3934124,1,7378.5,,3934244,S07,7397.0,7468.25,3,3934244,18.5,19.75,70.5,True,70.5,
20190322,3935489,1,7487.75,,3935609,S07,7506.25,7487.25,1,3935502,18.5,19.75,-19.75,True,-19.75,
20190322,3935520,-1,7464.0,,-1,PV2_V7m,7452.5,7464.5,1,3935524,11.5,12.75,-12.75,True,-32.5,
20190325,3936854,-1,7349.5,,3936974,S07,7331.0,7350.0,1,3936857,18.5,19.75,-19.75,True,-19.75,
20190326,3938218,1,7393.5,,3938338,S07,7412.0,7411.25,3,3938338,18.5,19.75,-1.5,True,-1.5,
20190327,3939584,1,7381.25,,3939704,S07,7399.75,7380.75,1,3939589,18.5,19.75,-19.75,True,-19.75,
20190328,3940949,1,7329.25,,3941069,S07,7347.75,7328.75,1,3940950,18.5,19.75,-19.75,True,-19.75,
20190329,3942313,-1,7412.75,,3942433,S07,7394.25,7390.75,3,3942433,18.5,19.75,2.75,True,2.75,
20190401,3943678,1,7458.0,,3943798,S07,7476.5,7457.5,1,3943699,18.5,19.75,-19.75,True,-19.75,
20190402,3945043,-1,7515.75,,3945163,S07,7497.25,7516.25,1,3945103,18.5,19.75,-19.75,True,-19.75,
20190403,3946408,-1,7576.5,,3946528,S07,7558.0,7577.0,1,3946455,18.5,19.75,-19.75,True,-19.75,
20190404,3947772,1,7558.5,,3947892,S07,7577.0,7558.0,1,3947821,18.5,19.75,-19.75,True,-19.75,
20190405,3949135,-1,7603.5,,3949255,S07,7585.0,7604.0,1,3949166,18.5,19.75,-19.75,True,-19.75,
20190408,3950497,-1,7608.25,,3950617,S07,7589.75,7604.25,3,3950617,18.5,19.75,-15.25,True,-15.25,
20190409,3951860,-1,7611.25,,3951980,S07,7592.75,7611.75,1,3951893,18.5,19.75,-19.75,True,-19.75,
20190410,3953223,1,7584.0,,3953343,S07,7602.5,7625.5,3,3953343,18.5,19.75,22.25,True,22.25,
20190411,3954588,-1,7656.5,,3954708,S07,7638.0,7627.25,3,3954708,18.5,19.75,10.0,True,10.0,
20190412,3955952,-1,7665.0,,3956072,S07,7646.5,7633.25,3,3956072,18.5,19.75,12.5,True,12.5,
20190415,3957316,1,7635.5,,3957436,S07,7654.0,7635.0,1,3957357,18.5,19.75,-19.75,True,-19.75,
20190416,3958678,-1,7691.0,,3958798,S07,7672.5,7691.5,1,3958718,18.5,19.75,-19.75,True,-19.75,
20190417,3960042,-1,7744.75,,3960162,S07,7726.25,7683.75,3,3960162,18.5,19.75,41.75,True,41.75,
20190418,3961407,-1,7722.5,,3961527,S07,7704.0,7689.0,3,3961527,18.5,19.75,14.25,True,14.25,
20190422,3962772,1,7661.75,,3962892,S07,7680.25,7721.75,3,3962892,18.5,19.75,40.75,True,40.75,
20190423,3964136,1,7728.25,,3964256,S07,7746.75,7809.75,3,3964256,18.5,19.75,62.25,True,62.25,
20190424,3965500,-1,7850.25,,3965620,S07,7831.75,7841.75,3,3965620,18.5,19.75,-10.75,True,-10.75,
20190425,3966865,-1,7872.75,,3966985,S07,7854.25,7843.75,3,3966985,18.5,19.75,9.75,True,9.75,
20190426,3968230,-1,7825.75,,3968350,S07,7807.25,7813.25,3,3968350,18.5,19.75,-6.75,True,-6.75,
20190429,3969594,1,7828.5,,3969714,S07,7847.0,7828.0,1,3969629,18.5,19.75,-19.75,True,-19.75,
20190429,3969885,1,7860.5,,-1,PV2_V7m,7862.25,7860.0,1,3969934,1.75,3.0,-3.0,True,-22.75,
20190430,3970959,1,7783.0,,3971079,S07,7801.5,7782.5,1,3971011,18.5,19.75,-19.75,True,-19.75,
20190501,3972321,-1,7860.75,,3972441,S07,7842.25,7851.5,3,3972441,18.5,19.75,-10.0,True,-10.0,
20190502,3973686,-1,7777.0,,3973806,S07,7758.5,7777.5,1,3973689,18.5,19.75,-19.75,True,-19.75,
20190503,3975051,1,7775.75,,3975171,S07,7794.25,7827.5,3,3975171,18.5,19.75,32.5,True,32.5,
20190506,3976416,1,7703.0,,3976536,S07,7721.5,7766.25,3,3976536,18.5,19.75,44.0,True,44.0,
20190507,3977781,1,7714.0,,3977901,S07,7732.5,7713.5,1,3977796,18.5,19.75,-19.75,True,-19.75,
20190508,3979146,-1,7640.5,,3979266,S07,7622.0,7641.0,1,3979158,18.5,19.75,-19.75,True,-19.75,
20190509,3980511,1,7534.0,,3980631,S07,7552.5,7533.5,1,3980515,18.5,19.75,-19.75,True,-19.75,
20190509,3980546,-1,7513.75,,-1,PV2_V7m,7506.5,7514.25,1,3980549,7.25,8.5,-8.5,True,-28.25,
20190510,3981876,-1,7574.75,,3981996,S07,7556.25,7575.25,1,3981881,18.5,19.75,-19.75,True,-19.75,
20190513,3983241,1,7402.25,,3983361,S07,7420.75,7401.75,1,3983258,18.5,19.75,-19.75,True,-19.75,
20190514,3984606,1,7359.75,,3984726,S07,7378.25,7359.25,1,3984622,18.5,19.75,-19.75,True,-19.75,
20190515,3985970,1,7358.0,,3986090,S07,7376.5,7507.0,3,3986090,18.5,19.75,129.75,True,129.75,
20190516,3987335,1,7510.0,,3987455,S07,7528.5,7620.0,3,3987455,18.5,19.75,90.75,True,90.75,
20190517,3988700,1,7522.5,,3988820,S07,7541.0,7584.25,3,3988820,18.5,19.75,42.5,True,42.5,
20190520,3990065,1,7388.0,,3990185,S07,7406.5,7387.5,1,3990068,18.5,19.75,-19.75,True,-19.75,
20190521,3991430,1,7435.25,,3991550,S07,7453.75,7434.75,1,3991466,18.5,19.75,-19.75,True,-19.75,
20190522,3992795,1,7419.75,,3992915,S07,7438.25,7446.5,3,3992915,18.5,19.75,7.5,True,7.5,
20190523,3994160,-1,7348.25,,3994280,S07,7329.75,7322.75,3,3994280,18.5,19.75,6.25,True,6.25,
20190524,3995524,1,7349.75,,3995644,S07,7368.25,7349.25,1,3995579,18.5,19.75,-19.75,True,-19.75,
20190527,3996888,-1,7331.25,,3997008,S07,7312.75,7313.75,3,3997008,18.5,19.75,-1.75,True,-1.75,
20190528,3998027,1,7330.5,,3998147,S07,7349.0,7330.0,1,3998071,18.5,19.75,-19.75,True,-19.75,
20190529,3999392,-1,7251.25,,3999512,S07,7232.75,7251.75,1,3999436,18.5,19.75,-19.75,True,-19.75,
20190530,4000757,1,7238.25,,4000877,S07,7256.75,7237.75,1,4000845,18.5,19.75,-19.75,True,-19.75,
20190531,4002120,-1,7176.75,,4002240,S07,7158.25,7177.25,1,4002197,18.5,19.75,-19.75,True,-19.75,
20190603,4003485,1,7107.75,,4003605,S07,7126.25,7107.25,1,4003495,18.5,19.75,-19.75,True,-19.75,
20190604,4004849,-1,7074.75,,4004969,S07,7056.25,7075.25,1,4004900,18.5,19.75,-19.75,True,-19.75,
20190605,4006214,1,7211.5,,4006334,S07,7230.0,7211.0,1,4006222,18.5,19.75,-19.75,True,-19.75,
20190606,4007579,-1,7246.25,,4007699,S07,7227.75,7246.75,1,4007585,18.5,19.75,-19.75,True,-19.75,
20190606,4007935,1,7279.75,,-1,PV2_V7m,7282.5,7279.25,1,4007936,2.75,4.0,-4.0,True,-23.75,
20190607,4008944,1,7298.75,,4009064,S07,7317.25,7423.75,3,4009064,18.5,19.75,105.75,True,105.75,
20190610,4010309,1,7479.25,,4010429,S07,7497.75,7564.25,3,4010429,18.5,19.75,65.75,True,65.75,
20190611,4011674,1,7575.0,,4011794,S07,7593.5,7574.5,1,4011678,18.5,19.75,-19.75,True,-19.75,
20190612,4013039,-1,7501.75,,4013159,S07,7483.25,7502.25,1,4013046,18.5,19.75,-19.75,True,-19.75,
20190614,4015674,-1,7519.25,,4015794,S07,7500.75,7519.75,1,4015755,18.5,19.75,-19.75,True,-19.75,
20190617,4017037,-1,7540.5,,4017157,S07,7522.0,7541.0,1,4017043,18.5,19.75,-19.75,True,-19.75,
20190617,4017069,1,7559.5,,-1,PV2_V7m,7567.0,7559.0,1,4017081,7.5,8.75,-8.75,True,-28.5,
20190618,4018397,1,7622.75,,4018517,S07,7641.25,7699.75,3,4018517,18.5,19.75,57.75,True,57.75,
20190619,4019762,-1,7691.0,,4019882,S07,7672.5,7661.75,3,4019882,18.5,19.75,10.0,True,10.0,
20190620,4021127,-1,7801.0,,4021247,S07,7782.5,7740.75,3,4021247,18.5,19.75,41.0,True,41.0,
20190621,4022492,-1,7758.0,,4022612,S07,7739.5,7758.5,1,4022515,18.5,19.75,-19.75,True,-19.75,
20190624,4023856,-1,7787.0,,4023976,S07,7768.5,7772.25,3,4023976,18.5,19.75,-4.5,True,-4.5,
20190625,4025218,-1,7763.75,,4025338,S07,7745.25,7690.0,3,4025338,18.5,19.75,54.5,True,54.5,
20190626,4026583,1,7665.25,,4026703,S07,7683.75,7674.25,3,4026703,18.5,19.75,-10.25,True,-10.25,
20190627,4027948,1,7674.75,,4028068,S07,7693.25,7674.25,1,4027955,18.5,19.75,-19.75,True,-19.75,
20190628,4029312,-1,7720.25,,4029432,S07,7701.75,7688.5,3,4029432,18.5,19.75,12.5,True,12.5,
20190701,4030677,-1,7852.25,,4030797,S07,7833.75,7803.0,3,4030797,18.5,19.75,30.0,True,30.0,
20190702,4032042,-1,7802.25,,4032162,S07,7783.75,7802.75,1,4032100,18.5,19.75,-19.75,True,-19.75,
20190703,4033407,-1,7856.0,,4033527,S07,7837.5,7856.5,1,4033461,18.5,19.75,-19.75,True,-19.75,
20190704,4034560,1,7878.5,,4034680,S07,7897.0,7905.5,3,4034680,18.5,19.75,7.75,True,7.75,
20190705,4035696,1,7819.75,,4035816,S07,7838.25,7819.25,1,4035719,18.5,19.75,-19.75,True,-19.75,
20190708,4037061,-1,7821.25,,4037181,S07,7802.75,7795.75,3,4037181,18.5,19.75,6.25,True,6.25,
20190709,4038423,1,7769.25,,4038543,S07,7787.75,7826.5,3,4038543,18.5,19.75,38.0,True,38.0,
20190710,4039787,1,7898.25,,4039907,S07,7916.75,7897.75,1,4039873,18.5,19.75,-19.75,True,-19.75,
20190711,4041151,-1,7953.25,,4041271,S07,7934.75,7953.75,1,4041178,18.5,19.75,-19.75,True,-19.75,
20190712,4042515,1,7916.5,,4042635,S07,7935.0,7945.5,3,4042635,18.5,19.75,9.75,True,9.75,
20190715,4043877,-1,7990.5,,4043997,S07,7972.0,7969.0,3,4043997,18.5,19.75,2.25,True,2.25,
20190716,4045241,-1,7997.0,,4045361,S07,7978.5,7969.5,3,4045361,18.5,19.75,8.25,True,8.25,
20190716,4045405,-1,7941.0,,-1,PV2_V7m,7929.25,7936.75,1,4045410,7.0,8.25,-8.25,True,0.0,True
20190717,4046603,-1,7966.25,,4046723,S07,7947.75,7934.75,3,4046723,18.5,19.75,12.25,True,12.25,
20190718,4047968,1,7861.5,,4048088,S07,7880.0,7861.0,1,4048076,18.5,19.75,-19.75,True,-19.75,
20190719,4049333,-1,7977.5,,4049453,S07,7959.0,7933.25,3,4049453,18.5,19.75,25.0,True,25.0,
20190722,4050698,1,7866.75,,4050818,S07,7885.25,7896.5,3,4050818,18.5,19.75,10.5,True,10.5,
20190723,4052063,-1,7975.75,,4052183,S07,7957.25,7929.5,3,4052183,18.5,19.75,27.0,True,27.0,
20190724,4053428,1,7934.0,,4053548,S07,7952.5,7979.5,3,4053548,18.5,19.75,26.25,True,26.25,
20190725,4054792,-1,8007.0,,4054912,S07,7988.5,7962.5,3,4054912,18.5,19.75,25.25,True,25.25,
20190726,4056157,1,7997.75,,4056277,S07,8016.25,8022.75,3,4056277,18.5,19.75,5.75,True,5.75,
20190729,4057521,-1,8024.5,,4057641,S07,8006.0,7981.5,3,4057641,18.5,19.75,23.75,True,23.75,
20190730,4058886,-1,7961.25,,4059006,S07,7942.75,7961.75,1,4058889,18.5,19.75,-19.75,True,-19.75,
20190731,4060251,-1,7996.0,,4060371,S07,7977.5,7984.25,3,4060371,18.5,19.75,-7.5,True,-7.5,
20190801,4061616,1,7888.0,,4061736,S07,7906.5,8008.5,3,4061736,18.5,19.75,101.25,True,101.25,
20190802,4062981,-1,7756.75,,4063101,S07,7738.25,7757.25,1,4062987,18.5,19.75,-19.75,True,-19.75,
20190805,4064346,-1,7551.25,,4064466,S07,7532.75,7476.0,3,4064466,18.5,19.75,56.0,True,56.0,
20190806,4065711,1,7500.5,,4065831,S07,7519.0,7500.0,1,4065724,18.5,19.75,-19.75,True,-19.75,
20190807,4067076,-1,7452.75,,4067196,S07,7434.25,7453.25,1,4067081,18.5,19.75,-19.75,True,-19.75,
20190808,4068441,-1,7627.25,,4068561,S07,7608.75,7627.75,1,4068469,18.5,19.75,-19.75,True,-19.75,
20190809,4069806,1,7681.75,,4069926,S07,7700.25,7681.25,1,4069822,18.5,19.75,-19.75,True,-19.75,
20190812,4071171,-1,7627.0,,4071291,S07,7608.5,7627.5,1,4071223,18.5,19.75,-19.75,True,-19.75,
20190813,4072536,1,7544.0,,4072656,S07,7562.5,7700.25,3,4072656,18.5,19.75,137.0,True,137.0,
20190814,4073901,-1,7632.5,,4074021,S07,7614.0,7633.0,1,4073907,18.5,19.75,-19.75,True,-19.75,
20190815,4075266,1,7506.25,,4075386,S07,7524.75,7505.75,1,4075268,18.5,19.75,-19.75,True,-19.75,
20190816,4076631,1,7557.0,,4076751,S07,7575.5,7600.0,3,4076751,18.5,19.75,23.75,True,23.75,
20190819,4077995,1,7708.75,,4078115,S07,7727.25,7708.25,1,4078031,18.5,19.75,-19.75,True,-19.75,
20190820,4079360,-1,7717.5,,4079480,S07,7699.0,7718.0,1,4079443,18.5,19.75,-19.75,True,-19.75,
20190821,4080725,-1,7752.5,,4080845,S07,7734.0,7753.0,1,4080732,18.5,19.75,-19.75,True,-19.75,
20190822,4082090,1,7740.75,,4082210,S07,7759.25,7740.25,1,4082125,18.5,19.75,-19.75,True,-19.75,
20190822,4082161,-1,7680.0,,-1,PV2_V7m,7667.25,7680.5,1,4082184,12.75,14.0,-14.0,True,-33.75,
20190823,4083455,1,7651.75,,4083575,S07,7670.25,7651.25,1,4083470,18.5,19.75,-19.75,True,-19.75,
20190823,4083555,-1,7592.25,,-1,PV2_V7m,7585.0,7592.75,1,4083557,7.25,8.5,-8.5,True,-28.25,
20190826,4084820,-1,7562.25,,4084940,S07,7543.75,7562.75,1,4084823,18.5,19.75,-19.75,True,-19.75,
20190827,4086185,-1,7649.25,,4086305,S07,7630.75,7581.5,3,4086305,18.5,19.75,48.5,True,48.5,
20190828,4087550,-1,7540.0,,4087670,S07,7521.5,7540.5,1,4087565,18.5,19.75,-19.75,True,-19.75,
20190829,4088914,1,7695.0,,4089034,S07,7713.5,7694.5,1,4088952,18.5,19.75,-19.75,True,-19.75,
20190830,4090279,-1,7756.25,,4090399,S07,7737.75,7674.0,3,4090399,18.5,19.75,63.0,True,63.0,
20190902,4091629,-1,7674.5,,4091749,S07,7656.0,7658.5,3,4091749,18.5,19.75,-3.25,True,-3.25,
20190903,4092769,-1,7652.5,,4092889,S07,7634.0,7653.0,1,4092771,18.5,19.75,-19.75,True,-19.75,
20190904,4094134,-1,7705.0,,4094254,S07,7686.5,7705.5,1,4094147,18.5,19.75,-19.75,True,-19.75,
20190905,4095497,1,7803.25,,4095617,S07,7821.75,7863.5,3,4095617,18.5,19.75,41.0,True,41.0,
20190906,4096862,-1,7882.0,,4096982,S07,7863.5,7861.75,3,4096982,18.5,19.75,1.0,True,1.0,
20190909,4098227,-1,7893.5,,4098347,S07,7875.0,7872.0,3,4098347,18.5,19.75,2.25,True,2.25,
20190910,4099592,-1,7799.5,,4099712,S07,7781.0,7757.75,3,4099712,18.5,19.75,22.5,True,22.5,
20190911,4100957,-1,7834.0,,4101077,S07,7815.5,7834.5,1,4100962,18.5,19.75,-19.75,True,-19.75,
20190912,4102227,1,7952.25,,4102347,S07,7970.75,7951.75,1,4102237,18.5,19.75,-19.75,True,-19.75,
20190913,4103591,-1,7932.75,,4103711,S07,7914.25,7933.25,1,4103608,18.5,19.75,-19.75,True,-19.75,
20190916,4104956,1,7854.0,,4105076,S07,7872.5,7879.25,3,4105076,18.5,19.75,6.0,True,6.0,
20190917,4106321,1,7860.25,,4106441,S07,7878.75,7884.0,3,4106441,18.5,19.75,4.5,True,4.5,
20190918,4107686,-1,7911.5,,4107806,S07,7893.0,7890.75,3,4107806,18.5,19.75,1.5,True,1.5,
20190919,4109051,1,7926.25,,4109171,S07,7944.75,7961.5,3,4109171,18.5,19.75,16.0,True,16.0,
20190920,4110416,-1,7949.0,,4110536,S07,7930.5,7904.0,3,4110536,18.5,19.75,25.75,True,25.75,
20190923,4111781,-1,7848.25,,4111901,S07,7829.75,7844.5,3,4111901,18.5,19.75,-15.5,True,-15.5,
20190924,4113146,-1,7890.75,,4113266,S07,7872.25,7891.25,1,4113162,18.5,19.75,-19.75,True,-19.75,
20190925,4114511,1,7712.75,,4114631,S07,7731.25,7712.25,1,4114523,18.5,19.75,-19.75,True,-19.75,
20190926,4115876,-1,7815.75,,4115996,S07,7797.25,7747.25,3,4115996,18.5,19.75,49.25,True,49.25,
20190927,4117241,-1,7812.5,,4117361,S07,7794.0,7785.25,3,4117361,18.5,19.75,8.0,True,8.0,
20190930,4118606,-1,7737.0,,4118726,S07,7718.5,7737.5,1,4118623,18.5,19.75,-19.75,True,-19.75,
20191001,4119971,1,7796.75,,4120091,S07,7815.25,7796.25,1,4120003,18.5,19.75,-19.75,True,-19.75,
20191002,4121336,-1,7649.0,,4121456,S07,7630.5,7553.75,3,4121456,18.5,19.75,76.0,True,76.0,
20191003,4122701,1,7560.25,,4122821,S07,7578.75,7559.75,1,4122707,18.5,19.75,-19.75,True,-19.75,
20191003,4122741,-1,7492.5,,-1,PV2_V7m,7489.25,7493.0,1,4122742,3.25,4.5,-4.5,True,-24.25,
20191004,4124066,-1,7711.75,,4124186,S07,7693.25,7712.25,1,4124070,18.5,19.75,-19.75,True,-19.75,
20191007,4125431,1,7736.0,,4125551,S07,7754.5,7735.5,1,4125434,18.5,19.75,-19.75,True,-19.75,
20191008,4126796,1,7672.75,,4126916,S07,7691.25,7672.25,1,4126800,18.5,19.75,-19.75,True,-19.75,
20191009,4128161,-1,7698.5,,4128281,S07,7680.0,7685.0,3,4128281,18.5,19.75,-5.75,True,-5.75,
20191010,4129526,1,7688.5,,4129646,S07,7707.0,7779.25,3,4129646,18.5,19.75,71.5,True,71.5,
20191011,4130891,1,7831.25,,4131011,S07,7849.75,7907.25,3,4131011,18.5,19.75,56.75,True,56.75,
20191014,4132256,1,7834.75,,4132376,S07,7853.25,7865.75,3,4132376,18.5,19.75,11.75,True,11.75,
20191015,4133621,1,7869.75,,4133741,S07,7888.25,7944.0,3,4133741,18.5,19.75,55.0,True,55.0,
20191016,4134986,1,7910.5,,4135106,S07,7929.0,7910.0,1,4135017,18.5,19.75,-19.75,True,-19.75,
20191017,4136350,1,7965.5,,4136470,S07,7984.0,7965.0,1,4136404,18.5,19.75,-19.75,True,-19.75,
20191018,4137713,1,7930.75,,4137833,S07,7949.25,7930.25,1,4137755,18.5,19.75,-19.75,True,-19.75,
20191021,4139078,-1,7936.0,,4139198,S07,7917.5,7936.5,1,4139082,18.5,19.75,-19.75,True,-19.75,
20191022,4140440,1,7959.5,,4140560,S07,7978.0,7959.0,1,4140479,18.5,19.75,-19.75,True,-19.75,
20191023,4141805,-1,7879.25,,4141925,S07,7860.75,7879.75,1,4141811,18.5,19.75,-19.75,True,-19.75,
20191024,4143169,1,7934.0,,4143289,S07,7952.5,7933.5,1,4143191,18.5,19.75,-19.75,True,-19.75,
20191025,4144534,1,7930.25,,4144654,S07,7948.75,8027.5,3,4144654,18.5,19.75,78.0,True,78.0,
20191028,4145899,1,8068.5,,4146019,S07,8087.0,8102.75,3,4146019,18.5,19.75,15.0,True,15.0,
20191029,4147261,1,8088.5,,4147381,S07,8107.0,8088.0,1,4147269,18.5,19.75,-19.75,True,-19.75,
20191030,4148626,-1,8078.25,,4148746,S07,8059.75,8051.25,3,4148746,18.5,19.75,7.75,True,7.75,
20191031,4149990,1,8090.0,,4150110,S07,8108.5,8089.5,1,4150002,18.5,19.75,-19.75,True,-19.75,
20191101,4151353,-1,8139.25,,4151473,S07,8120.75,8139.75,1,4151373,18.5,19.75,-19.75,True,-19.75,
20191104,4152718,1,8205.0,,4152838,S07,8223.5,8204.5,1,4152748,18.5,19.75,-19.75,True,-19.75,
20191105,4154083,-1,8236.75,,4154203,S07,8218.25,8222.25,3,4154203,18.5,19.75,-4.75,True,-4.75,
20191106,4155446,-1,8215.75,,4155566,S07,8197.25,8196.75,3,4155566,18.5,19.75,-0.25,True,-0.25,
20191107,4156810,-1,8254.75,,4156930,S07,8236.25,8255.25,1,4156818,18.5,19.75,-19.75,True,-19.75,
20191108,4158176,-1,8225.5,,4158296,S07,8207.0,8226.0,1,4158180,18.5,19.75,-19.75,True,-19.75,
20191111,4159541,-1,8234.75,,4159661,S07,8216.25,8235.25,1,4159593,18.5,19.75,-19.75,True,-19.75,
20191112,4160906,1,8244.25,,4161026,S07,8262.75,8295.5,3,4161026,18.5,19.75,32.0,True,32.0,
20191113,4162271,1,8229.25,,4162391,S07,8247.75,8266.25,3,4162391,18.5,19.75,17.75,True,17.75,
20191114,4163636,1,8227.25,,4163756,S07,8245.75,8242.25,3,4163756,18.5,19.75,-4.25,True,-4.25,
20191115,4165000,-1,8325.0,,4165120,S07,8306.5,8317.25,3,4165120,18.5,19.75,-11.5,True,-11.5,
20191118,4166365,-1,8322.75,,4166485,S07,8304.25,8316.75,3,4166485,18.5,19.75,-13.25,True,-13.25,
20191119,4167729,-1,8372.25,,4167849,S07,8353.75,8342.5,3,4167849,18.5,19.75,10.5,True,10.5,
20191120,4169094,1,8310.0,,4169214,S07,8328.5,8325.25,3,4169214,18.5,19.75,-4.0,True,-4.0,
20191120,4169304,-1,8284.5,,-1,PV2_V7m,8278.0,8285.0,1,4169401,6.5,7.75,-7.75,True,-11.75,
20191121,4170459,-1,8293.5,,4170579,S07,8275.0,8262.5,3,4170579,18.5,19.75,11.75,True,11.75,
20191122,4171824,-1,8303.5,,4171944,S07,8285.0,8254.75,3,4171944,18.5,19.75,29.5,True,29.5,
20191125,4173187,1,8317.0,,4173307,S07,8335.5,8363.75,3,4173307,18.5,19.75,27.5,True,27.5,
20191126,4174552,-1,8394.75,,4174672,S07,8376.25,8395.25,1,4174650,18.5,19.75,-19.75,True,-19.75,
20191127,4175917,-1,8428.5,,4176037,S07,8410.0,8429.0,1,4175992,18.5,19.75,-19.75,True,-19.75,
20191128,4177281,1,8422.25,,4177401,S07,8440.75,8441.75,3,4177401,18.5,19.75,0.25,True,0.25,
20191129,4178421,-1,8442.75,,4178541,S07,8424.25,8425.75,3,4178541,18.5,19.75,-2.25,True,-2.25,
20191202,4179576,-1,8414.0,,4179696,S07,8395.5,8288.0,3,4179696,18.5,19.75,106.75,True,106.75,
20191203,4180941,1,8189.75,,4181061,S07,8208.25,8189.25,1,4180956,18.5,19.75,-19.75,True,-19.75,
20191204,4182306,-1,8309.25,,4182426,S07,8290.75,8309.75,1,4182309,18.5,19.75,-19.75,True,-19.75,
20191205,4183671,-1,8332.0,,4183791,S07,8313.5,8291.0,3,4183791,18.5,19.75,21.75,True,21.75,
20191206,4185036,1,8358.5,,4185156,S07,8377.0,8392.75,3,4185156,18.5,19.75,15.0,True,15.0,
20191209,4186401,1,8376.5,,4186521,S07,8395.0,8399.25,3,4186521,18.5,19.75,3.5,True,3.5,
20191210,4187766,-1,8380.5,,4187886,S07,8362.0,8381.0,1,4187807,18.5,19.75,-19.75,True,-19.75,
20191211,4189131,-1,8387.75,,4189251,S07,8369.25,8388.25,1,4189157,18.5,19.75,-19.75,True,-19.75,
20191212,4190379,-1,8428.0,,4190499,S07,8409.5,8428.5,1,4190381,18.5,19.75,-19.75,True,-19.75,
20191212,4190412,1,8495.75,,-1,PV2_V7m,8503.75,8495.25,1,4190450,8.0,9.25,-9.25,True,-29.0,
20191213,4191743,-1,8490.5,,4191863,S07,8472.0,8491.0,1,4191745,18.5,19.75,-19.75,True,-19.75,
20191213,4191777,1,8533.75,,-1,PV2_V7m,8538.5,8533.25,1,4191778,4.75,6.0,-6.0,True,-25.75,
20191216,4193107,1,8564.75,,4193227,S07,8583.25,8611.0,3,4193227,18.5,19.75,27.0,True,27.0,
20191217,4194472,-1,8629.5,,4194592,S07,8611.0,8601.25,3,4194592,18.5,19.75,9.0,True,9.0,
20191218,4195834,1,8604.25,,4195954,S07,8622.75,8633.25,3,4195954,18.5,19.75,9.75,True,9.75,
20191219,4197199,1,8615.25,,4197319,S07,8633.75,8655.25,3,4197319,18.5,19.75,20.75,True,20.75,
20191220,4198564,-1,8722.25,,4198684,S07,8703.75,8709.5,3,4198684,18.5,19.75,-6.5,True,-6.5,
20191223,4199927,-1,8746.75,,4200047,S07,8728.25,8735.0,3,4200047,18.5,19.75,-7.5,True,-7.5,
20191224,4201288,-1,8744.75,,4201408,S07,8726.25,8723.25,3,4201408,18.5,19.75,2.25,True,2.25,
20191226,4202429,1,8726.5,,4202549,S07,8745.0,8773.0,3,4202549,18.5,19.75,27.25,True,27.25,
20191227,4203794,1,8812.25,,4203914,S07,8830.75,8811.75,1,4203810,18.5,19.75,-19.75,True,-19.75,
20191230,4205159,-1,8793.0,,4205279,S07,8774.5,8730.75,3,4205279,18.5,19.75,43.0,True,43.0,
20191231,4206517,1,8701.75,,4206637,S07,8720.25,8704.75,3,4206637,18.5,19.75,-16.25,True,-16.25,
20200102,4207881,1,8813.0,,4208001,S07,8831.5,8812.5,1,4207923,18.5,19.75,-19.75,True,-19.75,
20200103,4209246,1,8800.0,,4209366,S07,8818.5,8823.75,3,4209366,18.5,19.75,4.5,True,4.5,
20200106,4210611,1,8740.75,,4210731,S07,8759.25,8834.75,3,4210731,18.5,19.75,74.75,True,74.75,
20200107,4211976,-1,8881.0,,4212096,S07,8862.5,8881.5,1,4212064,18.5,19.75,-19.75,True,-19.75,
20200108,4213341,1,8854.75,,4213461,S07,8873.25,8889.75,3,4213461,18.5,19.75,15.75,True,15.75,
20200109,4214706,1,8996.0,,4214826,S07,9014.5,8995.5,1,4214720,18.5,19.75,-19.75,True,-19.75,
20200110,4216071,-1,9041.25,,4216191,S07,9022.75,9041.75,1,4216139,18.5,19.75,-19.75,True,-19.75,
20200113,4217436,1,9001.25,,4217556,S07,9019.75,9042.75,3,4217556,18.5,19.75,22.25,True,22.25,
20200114,4218801,-1,9096.25,,4218921,S07,9077.75,9062.5,3,4218921,18.5,19.75,14.5,True,14.5,
20200115,4220166,1,9053.75,,4220286,S07,9072.25,9079.5,3,4220286,18.5,19.75,6.5,True,6.5,
20200116,4221531,1,9086.25,,4221651,S07,9104.75,9085.75,1,4221630,18.5,19.75,-19.75,True,-19.75,
20200117,4222896,-1,9177.0,,4223016,S07,9158.5,9143.0,3,4223016,18.5,19.75,14.75,True,14.75,
20200120,4224256,1,9149.75,,4224376,S07,9168.25,9172.25,3,4224376,18.5,19.75,3.25,True,3.25,
20200121,4225394,1,9148.5,,4225514,S07,9167.0,9194.25,3,4225514,18.5,19.75,26.5,True,26.5,
20200122,4226759,-1,9238.5,,4226879,S07,9220.0,9239.0,1,4226767,18.5,19.75,-19.75,True,-19.75,
20200123,4228124,-1,9185.5,,4228244,S07,9167.0,9186.0,1,4228149,18.5,19.75,-19.75,True,-19.75,
20200124,4229488,-1,9292.0,,4229608,S07,9273.5,9219.75,3,4229608,18.5,19.75,53.0,True,53.0,
20200127,4230853,1,8938.75,,4230973,S07,8957.25,8954.75,3,4230973,18.5,19.75,-3.25,True,-3.25,
20200128,4232218,1,9016.0,,4232338,S07,9034.5,9015.5,1,4232220,18.5,19.75,-19.75,True,-19.75,
20200128,4232277,1,9048.25,,-1,PV2_V7m,9052.5,9104.75,3,4232397,4.25,5.5,51.5,True,31.75,
20200129,4233583,1,9127.0,,4233703,S07,9145.5,9126.5,1,4233598,18.5,19.75,-19.75,True,-19.75,
20200130,4234948,1,9065.5,,4235068,S07,9084.0,9065.0,1,4235010,18.5,19.75,-19.75,True,-19.75,
20200131,4236313,-1,9167.0,,4236433,S07,9148.5,9041.25,3,4236433,18.5,19.75,106.5,True,106.5,
20200203,4237678,1,9047.0,,4237798,S07,9065.5,9133.0,3,4237798,18.5,19.75,66.75,True,66.75,
20200204,4239043,-1,9255.0,,4239163,S07,9236.5,9255.5,1,4239053,18.5,19.75,-19.75,True,-19.75,
20200205,4240408,-1,9454.75,,4240528,S07,9436.25,9358.75,3,4240528,18.5,19.75,76.75,True,76.75,
20200206,4241773,-1,9404.0,,4241893,S07,9385.5,9404.5,1,4241799,18.5,19.75,-19.75,True,-19.75,
20200207,4243138,-1,9413.0,,4243258,S07,9394.5,9413.5,1,4243158,18.5,19.75,-19.75,True,-19.75,
20200210,4244503,1,9389.5,,4244623,S07,9408.0,9472.25,3,4244623,18.5,19.75,63.5,True,63.5,
20200211,4245868,-1,9584.0,,4245988,S07,9565.5,9584.5,1,4245909,18.5,19.75,-19.75,True,-19.75,
20200212,4247233,1,9580.25,,4247353,S07,9598.75,9579.75,1,4247249,18.5,19.75,-19.75,True,-19.75,
20200213,4248598,1,9550.5,,4248718,S07,9569.0,9624.0,3,4248718,18.5,19.75,54.25,True,54.25,
20200214,4249963,1,9616.75,,4250083,S07,9635.25,9616.25,1,4249966,18.5,19.75,-19.75,True,-19.75,
20200217,4251327,1,9643.0,,4251447,S07,9661.5,9666.0,3,4251447,18.5,19.75,3.75,True,3.75,
20200218,4252467,1,9587.5,,4252587,S07,9606.0,9593.0,3,4252587,18.5,19.75,-13.75,True,-13.75,
20200219,4253832,-1,9703.25,,4253952,S07,9684.75,9703.75,1,4253835,18.5,19.75,-19.75,True,-19.75,
20200220,4255197,1,9696.5,,4255317,S07,9715.0,9696.0,1,4255200,18.5,19.75,-19.75,True,-19.75,
20200221,4256562,-1,9609.5,,4256682,S07,9591.0,9525.0,3,4256682,18.5,19.75,65.25,True,65.25,
20200224,4257927,1,9121.5,,4258047,S07,9140.0,9121.0,1,4257986,18.5,19.75,-19.75,True,-19.75,
20200225,4259293,-1,9166.25,,4259413,S07,9147.75,9166.75,1,4259298,18.5,19.75,-19.75,True,-19.75,
20200226,4260658,1,8917.25,,4260778,S07,8935.75,8916.75,1,4260659,18.5,19.75,-19.75,True,-19.75,
20200226,4260689,1,8933.0,,-1,PV2_V7m,8940.75,8932.5,1,4260691,7.75,9.0,-9.0,True,-28.75,
20200227,4262023,1,8643.25,,4262143,S07,8661.75,8642.75,1,4262024,18.5,19.75,-19.75,True,-19.75,
20200228,4263389,1,8214.0,,4263509,S07,8232.5,8213.5,1,4263401,18.5,19.75,-19.75,True,-19.75,
20200302,4264754,-1,8569.25,,4264874,S07,8550.75,8569.75,1,4264766,18.5,19.75,-19.75,True,-19.75,
20200303,4266119,1,8865.25,,4266239,S07,8883.75,8864.75,1,4266120,18.5,19.75,-19.75,True,-19.75,
20200304,4267484,1,8756.75,,4267604,S07,8775.25,8756.25,1,4267485,18.5,19.75,-19.75,True,-19.75,
20200305,4268849,1,8702.0,,4268969,S07,8720.5,8840.5,3,4268969,18.5,19.75,119.25,True,119.25,
20200306,4270214,1,8435.25,,4270334,S07,8453.75,8434.75,1,4270215,18.5,19.75,-19.75,True,-19.75,
20200310,4272689,1,8207.5,,4272809,S07,8226.0,8207.0,1,4272691,18.5,19.75,-19.75,True,-19.75,
20200311,4274054,1,8173.75,,4274174,S07,8192.25,8173.25,1,4274059,18.5,19.75,-19.75,True,-19.75,
20200317,4278157,-1,7169.75,,4278277,S07,7151.25,7170.25,1,4278158,18.5,19.75,-19.75,True,-19.75,
20200319,4280477,-1,7104.25,,4280597,S07,7085.75,7104.75,1,4280479,18.5,19.75,-19.75,True,-19.75,
20200320,4281824,-1,7442.0,,4281944,S07,7423.5,7442.5,1,4281826,18.5,19.75,-19.75,True,-19.75,
20200323,4283138,-1,7012.25,,4283258,S07,6993.75,7012.75,1,4283161,18.5,19.75,-19.75,True,-19.75,
20200324,4284483,1,7376.25,,4284603,S07,7394.75,7375.75,1,4284488,18.5,19.75,-19.75,True,-19.75,
20200325,4285848,1,7568.25,,4285968,S07,7586.75,7567.75,1,4285862,18.5,19.75,-19.75,True,-19.75,
20200326,4287213,1,7535.75,,4287333,S07,7554.25,7535.25,1,4287231,18.5,19.75,-19.75,True,-19.75,
20200327,4288578,1,7651.25,,4288698,S07,7669.75,7650.75,1,4288584,18.5,19.75,-19.75,True,-19.75,
20200330,4289943,1,7672.75,,4290063,S07,7691.25,7672.25,1,4289947,18.5,19.75,-19.75,True,-19.75,
20200331,4291308,-1,7845.5,,4291428,S07,7827.0,7846.0,1,4291309,18.5,19.75,-19.75,True,-19.75,
20200401,4292673,1,7569.25,,4292793,S07,7587.75,7568.75,1,4292686,18.5,19.75,-19.75,True,-19.75,
20200402,4294038,1,7463.25,,4294158,S07,7481.75,7462.75,1,4294047,18.5,19.75,-19.75,True,-19.75,
20200403,4295403,1,7598.75,,4295523,S07,7617.25,7598.25,1,4295423,18.5,19.75,-19.75,True,-19.75,
20200406,4296768,-1,7795.5,,4296888,S07,7777.0,7796.0,1,4296781,18.5,19.75,-19.75,True,-19.75,
20200407,4298133,-1,8272.5,,4298253,S07,8254.0,8273.0,1,4298154,18.5,19.75,-19.75,True,-19.75,
20200408,4299489,-1,8144.0,,4299609,S07,8125.5,8144.5,1,4299496,18.5,19.75,-19.75,True,-19.75,
20200409,4300854,-1,8259.25,,4300974,S07,8240.75,8259.75,1,4300856,18.5,19.75,-19.75,True,-19.75,
20200413,4302219,-1,8209.0,,4302339,S07,8190.5,8209.5,1,4302223,18.5,19.75,-19.75,True,-19.75,
20200414,4303584,1,8467.75,,4303704,S07,8486.25,8585.5,3,4303704,18.5,19.75,98.5,True,98.5,
20200415,4304949,1,8533.0,,4305069,S07,8551.5,8532.5,1,4304958,18.5,19.75,-19.75,True,-19.75,
20200416,4306314,1,8673.75,,4306434,S07,8692.25,8673.25,1,4306315,18.5,19.75,-19.75,True,-19.75,
20200417,4307679,-1,8839.0,,4307799,S07,8820.5,8839.5,1,4307712,18.5,19.75,-19.75,True,-19.75,
20200420,4309044,1,8746.5,,4309164,S07,8765.0,8746.0,1,4309055,18.5,19.75,-19.75,True,-19.75,
20200421,4310409,-1,8643.0,,4310529,S07,8624.5,8390.5,3,4310529,18.5,19.75,233.25,True,233.25,
20200422,4311774,-1,8568.75,,4311894,S07,8550.25,8569.25,1,4311776,18.5,19.75,-19.75,True,-19.75,
20200423,4313139,1,8696.5,,4313259,S07,8715.0,8744.0,3,4313259,18.5,19.75,28.25,True,28.25,
20200424,4314504,-1,8665.0,,4314624,S07,8646.5,8665.5,1,4314569,18.5,19.75,-19.75,True,-19.75,
20200427,4315869,-1,8864.5,,4315989,S07,8846.0,8865.0,1,4315894,18.5,19.75,-19.75,True,-19.75,
20200428,4317234,-1,8898.25,,4317354,S07,8879.75,8744.75,3,4317354,18.5,19.75,134.25,True,134.25,
20200429,4318599,-1,8859.5,,4318719,S07,8841.0,8860.0,1,4318608,18.5,19.75,-19.75,True,-19.75,
20200429,4318657,1,8921.5,,-1,PV2_V7m,8935.75,8921.0,1,4318663,14.25,15.5,-15.5,True,-35.25,
20200430,4319964,-1,9001.25,,4320084,S07,8982.75,9001.75,1,4319982,18.5,19.75,-19.75,True,-19.75,
20200501,4321329,1,8806.25,,4321449,S07,8824.75,8805.75,1,4321337,18.5,19.75,-19.75,True,-19.75,
20200504,4322694,-1,8681.0,,4322814,S07,8662.5,8681.5,1,4322695,18.5,19.75,-19.75,True,-19.75,
20200505,4324059,1,8913.75,,4324179,S07,8932.25,8968.5,3,4324179,18.5,19.75,35.5,True,35.5,
20200506,4325424,1,8989.5,,4325544,S07,9008.0,8989.0,1,4325446,18.5,19.75,-19.75,True,-19.75,
20200507,4326789,1,9083.25,,4326909,S07,9101.75,9082.75,1,4326791,18.5,19.75,-19.75,True,-19.75,
20200508,4328154,-1,9151.75,,4328274,S07,9133.25,9152.25,1,4328166,18.5,19.75,-19.75,True,-19.75,
20200511,4329519,1,9151.25,,4329639,S07,9169.75,9258.75,3,4329639,18.5,19.75,88.25,True,88.25,
20200512,4330884,-1,9333.0,,4331004,S07,9314.5,9316.75,3,4331004,18.5,19.75,-3.0,True,-3.0,
20200513,4332249,-1,9115.25,,4332369,S07,9096.75,9115.75,1,4332270,18.5,19.75,-19.75,True,-19.75,
20200513,4332308,1,9172.75,,-1,PV2_V7m,9189.0,9172.25,1,4332321,16.25,17.5,-17.5,True,-37.25,
20200514,4333614,-1,8946.25,,4333734,S07,8927.75,8946.75,1,4333616,18.5,19.75,-19.75,True,-19.75,
20200515,4334979,1,8968.5,,4335099,S07,8987.0,8968.0,1,4334980,18.5,19.75,-19.75,True,-19.75,
20200518,4336344,-1,9272.25,,4336464,S07,9253.75,9272.75,1,4336347,18.5,19.75,-19.75,True,-19.75,
20200519,4337709,1,9330.75,,4337829,S07,9349.25,9330.25,1,4337710,18.5,19.75,-19.75,True,-19.75,
20200519,4337742,1,9371.5,,-1,PV2_V7m,9379.75,9371.0,1,4337764,8.25,9.5,-9.5,True,-29.25,
20200520,4339074,1,9401.0,,4339194,S07,9419.5,9488.75,3,4339194,18.5,19.75,68.5,True,68.5,
20200521,4340439,-1,9495.5,,4340559,S07,9477.0,9496.0,1,4340444,18.5,19.75,-19.75,True,-19.75,
20200522,4341804,-1,9368.25,,4341924,S07,9349.75,9368.75,1,4341824,18.5,19.75,-19.75,True,-19.75,
20200525,4343169,1,9499.75,,4343289,S07,9518.25,9528.5,3,4343289,18.5,19.75,9.5,True,9.5,
20200526,4344308,-1,9560.0,,4344428,S07,9541.5,9453.75,3,4344428,18.5,19.75,87.0,True,87.0,
20200527,4345673,-1,9369.25,,4345793,S07,9350.75,9369.75,1,4345675,18.5,19.75,-19.75,True,-19.75,
20200527,4345709,-1,9306.0,,-1,PV2_V7m,9303.75,9306.5,1,4345710,2.25,3.5,-3.5,True,-23.25,
20200528,4347038,1,9383.5,,4347158,S07,9402.0,9473.0,3,4347158,18.5,19.75,70.25,True,70.25,
20200529,4348403,1,9436.5,,4348523,S07,9455.0,9436.0,1,4348405,18.5,19.75,-19.75,True,-19.75,
20200601,4349768,1,9514.25,,4349888,S07,9532.75,9513.75,1,4349774,18.5,19.75,-19.75,True,-19.75,
20200602,4351133,-1,9593.75,,4351253,S07,9575.25,9594.25,1,4351136,18.5,19.75,-19.75,True,-19.75,
20200602,4351226,-1,9540.0,,-1,PV2_V7m,9528.25,9540.5,1,4351246,11.75,13.0,-13.0,True,-32.75,
20200603,4352498,1,9666.25,,4352616,S07,9684.75,9665.75,1,4352501,18.5,19.75,-19.75,True,-19.75,
20200604,4353861,1,9673.0,,4353981,S07,9691.5,9672.5,1,4353960,18.5,19.75,-19.75,True,-19.75,
20200605,4355226,-1,9690.0,,4355346,S07,9671.5,9690.5,1,4355227,18.5,19.75,-19.75,True,-19.75,
20200605,4355259,1,9754.25,,-1,PV2_V7m,9770.75,9753.75,1,4355262,16.5,17.75,-17.75,True,-37.5,
20200608,4356591,-1,9816.25,,4356711,S07,9797.75,9816.75,1,4356593,18.5,19.75,-19.75,True,-19.75,
20200609,4357956,1,9849.75,,4358076,S07,9868.25,9957.5,3,4358076,18.5,19.75,88.5,True,88.5,
20200610,4359321,-1,10058.5,,4359441,S07,10040.0,10059.0,1,4359328,18.5,19.75,-19.75,True,-19.75,
20200611,4360643,-1,9927.5,,4360763,S07,9909.0,9928.0,1,4360670,18.5,19.75,-19.75,True,-19.75,
20200612,4362008,1,9770.5,,4362128,S07,9789.0,9770.0,1,4362048,18.5,19.75,-19.75,True,-19.75,
20200615,4363371,-1,9507.5,,4363491,S07,9489.0,9508.0,1,4363373,18.5,19.75,-19.75,True,-19.75,
20200616,4364736,-1,9971.5,,4364856,S07,9953.0,9972.0,1,4364745,18.5,19.75,-19.75,True,-19.75,
20200617,4366101,1,9985.25,,4366221,S07,10003.75,9984.75,1,4366105,18.5,19.75,-19.75,True,-19.75,
20200618,4367466,1,9950.75,,4367586,S07,9969.25,9950.25,1,4367470,18.5,19.75,-19.75,True,-19.75,
20200619,4368831,1,10076.0,,4368951,S07,10094.5,10075.5,1,4368835,18.5,19.75,-19.75,True,-19.75,
20200622,4370196,-1,10013.0,,4370316,S07,9994.5,10013.5,1,4370217,18.5,19.75,-19.75,True,-19.75,
20200623,4371562,-1,10185.25,,4371682,S07,10166.75,10185.75,1,4371567,18.5,19.75,-19.75,True,-19.75,
20200624,4372927,1,10167.25,,4373047,S07,10185.75,10166.75,1,4372944,18.5,19.75,-19.75,True,-19.75,
20200624,4372956,-1,10111.25,,-1,PV2_V7m,10097.25,10111.75,1,4372967,14.0,15.25,-15.25,True,-35.0,
20200625,4374292,-1,10012.75,,4374412,S07,9994.25,10013.25,1,4374294,18.5,19.75,-19.75,True,-19.75,
20200626,4375657,1,10049.25,,4375777,S07,10067.75,10048.75,1,4375663,18.5,19.75,-19.75,True,-19.75,
20200626,4375693,-1,9993.25,,-1,PV2_V7m,9987.5,9919.75,3,4375813,5.75,7.0,67.0,True,47.25,
20200629,4377022,-1,9841.25,,4377142,S07,9822.75,9841.75,1,4377068,18.5,19.75,-19.75,True,-19.75,
20200630,4378387,1,9955.75,,4378507,S07,9974.25,10072.0,3,4378507,18.5,19.75,97.0,True,97.0,
20200701,4379752,1,10170.0,,4379872,S07,10188.5,10169.5,1,4379754,18.5,19.75,-19.75,True,-19.75,
20200702,4381117,1,10378.75,,4381237,S07,10397.25,10378.25,1,4381122,18.5,19.75,-19.75,True,-19.75,
20200703,4382483,-1,10366.5,,4382603,S07,10348.0,10336.5,3,4382603,18.5,19.75,10.75,True,10.75,
20200706,4383623,1,10465.75,,4383743,S07,10484.25,10602.0,3,4383743,18.5,19.75,117.0,True,117.0,
20200707,4384988,1,10588.5,,4385108,S07,10607.0,10588.0,1,4384993,18.5,19.75,-19.75,True,-19.75,
20200707,4385039,1,10654.25,,-1,PV2_V7m,10661.25,10653.75,1,4385043,7.0,8.25,-8.25,True,-28.0,
20200708,4386353,1,10573.75,,4386473,S07,10592.25,10573.25,1,4386448,18.5,19.75,-19.75,True,-19.75,
20200709,4387718,1,10722.5,,4387838,S07,10741.0,10722.0,1,4387721,18.5,19.75,-19.75,True,-19.75,
20200710,4389083,-1,10734.5,,4389203,S07,10716.0,10735.0,1,4389196,18.5,19.75,-19.75,True,-19.75,
20200713,4390448,1,10934.25,,4390568,S07,10952.75,11049.5,3,4390568,18.5,19.75,96.0,True,96.0,
20200714,4391813,1,10552.75,,4391933,S07,10571.25,10552.25,1,4391818,18.5,19.75,-19.75,True,-19.75,
20200715,4393178,1,10710.75,,4393298,S07,10729.25,10710.25,1,4393179,18.5,19.75,-19.75,True,-19.75,
20200716,4394543,-1,10585.25,,4394663,S07,10566.75,10585.75,1,4394548,18.5,19.75,-19.75,True,-19.75,
20200717,4395908,-1,10650.25,,4396028,S07,10631.75,10610.75,3,4396028,18.5,19.75,20.25,True,20.25,
20200720,4397273,-1,10682.0,,4397393,S07,10663.5,10682.5,1,4397294,18.5,19.75,-19.75,True,-19.75,
20200720,4397319,1,10720.25,,-1,PV2_V7m,10737.75,10818.5,3,4397439,17.5,18.75,80.0,True,60.25,
20200721,4398633,-1,10998.75,,4398753,S07,10980.25,10884.25,3,4398753,18.5,19.75,95.25,True,95.25,
20200722,4399998,1,10852.5,,4400118,S07,10871.0,10852.0,1,4400000,18.5,19.75,-19.75,True,-19.75,
20200723,4401363,-1,10831.0,,4401483,S07,10812.5,10831.5,1,4401366,18.5,19.75,-19.75,True,-19.75,
20200724,4402728,1,10402.25,,4402848,S07,10420.75,10401.75,1,4402730,18.5,19.75,-19.75,True,-19.75,
20200727,4404093,1,10528.25,,4404213,S07,10546.75,10548.25,3,4404213,18.5,19.75,0.75,True,0.75,
20200728,4405458,-1,10619.75,,4405578,S07,10601.25,10620.25,1,4405460,18.5,19.75,-19.75,True,-19.75,
20200729,4406823,1,10581.75,,4406943,S07,10600.25,10581.25,1,4406834,18.5,19.75,-19.75,True,-19.75,
20200730,4408188,1,10586.75,,4408308,S07,10605.25,10586.25,1,4408191,18.5,19.75,-19.75,True,-19.75,
20200731,4409553,-1,10861.5,,4409673,S07,10843.0,10819.5,3,4409673,18.5,19.75,22.75,True,22.75,
20200803,4410918,1,10997.25,,4411038,S07,11015.75,10996.75,1,4410992,18.5,19.75,-19.75,True,-19.75,
20200804,4412282,1,11015.75,,4412402,S07,11034.25,11015.25,1,4412286,18.5,19.75,-19.75,True,-19.75,
20200805,4413648,-1,11095.5,,4413768,S07,11077.0,11096.0,1,4413665,18.5,19.75,-19.75,True,-19.75,
20200806,4415012,1,11100.0,,4415132,S07,11118.5,11099.5,1,4415013,18.5,19.75,-19.75,True,-19.75,
20200806,4415285,1,11206.75,,-1,PV2_V7m,11210.75,11254.5,3,4415398,4.0,5.25,43.0,True,23.25,
20200807,4416376,1,11213.0,,4416496,S07,11231.5,11212.5,1,4416383,18.5,19.75,-19.75,True,-19.75,
20200810,4417741,-1,11139.0,,4417861,S07,11120.5,11139.5,1,4417744,18.5,19.75,-19.75,True,-19.75,
20200810,4417770,-1,11087.0,,-1,PV2_V7m,11068.5,11031.0,3,4417890,18.5,19.75,36.75,True,17.0,
20200811,4419106,-1,11003.25,,4419226,S07,10984.75,11003.75,1,4419112,18.5,19.75,-19.75,True,-19.75,
20200812,4420471,1,10970.75,,4420591,S07,10989.25,11113.5,3,4420591,18.5,19.75,123.5,True,123.5,
20200813,4421836,1,11176.5,,4421956,S07,11195.0,11176.0,1,4421837,18.5,19.75,-19.75,True,-19.75,
20200813,4421900,1,11231.5,,-1,PV2_V7m,11238.5,11231.0,1,4421904,7.0,8.25,-8.25,True,-28.0,
20200814,4423201,-1,11200.25,,4423321,S07,11181.75,11200.75,1,4423205,18.5,19.75,-19.75,True,-19.75,
20200817,4424565,1,11217.75,,4424685,S07,11236.25,11254.75,3,4424685,18.5,19.75,17.75,True,17.75,
20200818,4425929,1,11322.25,,4426049,S07,11340.75,11321.75,1,4425963,18.5,19.75,-19.75,True,-19.75,
20200819,4427294,1,11370.5,,4427414,S07,11389.0,11370.0,1,4427302,18.5,19.75,-19.75,True,-19.75,
20200820,4428659,1,11270.5,,4428779,S07,11289.0,11396.75,3,4428779,18.5,19.75,107.0,True,107.0,
20200821,4430024,1,11458.75,,4430144,S07,11477.25,11458.25,1,4430031,18.5,19.75,-19.75,True,-19.75,
20200821,4430088,1,11531.75,,-1,PV2_V7m,11534.75,11531.25,1,4430089,3.0,4.25,-4.25,True,-24.0,
20200824,4431389,-1,11710.5,,4431509,S07,11692.0,11711.0,1,4431395,18.5,19.75,-19.75,True,-19.75,
20200825,4432754,-1,11616.75,,4432874,S07,11598.25,11617.25,1,4432756,18.5,19.75,-19.75,True,-19.75,
20200826,4434119,1,11747.75,,4434239,S07,11766.25,11863.75,3,4434239,18.5,19.75,96.75,True,96.75,
20200827,4435484,-1,11969.0,,4435604,S07,11950.5,11969.5,1,4435487,18.5,19.75,-19.75,True,-19.75,
20200828,4436848,1,11968.25,,4436968,S07,11986.75,11967.75,1,4436861,18.5,19.75,-19.75,True,-19.75,
20200831,4438213,1,12016.5,,4438333,S07,12035.0,12016.0,1,4438214,18.5,19.75,-19.75,True,-19.75,
20200901,4439578,-1,12153.5,,4439698,S07,12135.0,12154.0,1,4439580,18.5,19.75,-19.75,True,-19.75,
20200902,4440943,-1,12419.0,,4441063,S07,12400.5,12276.75,3,4441063,18.5,19.75,123.0,True,123.0,
20200903,4442308,1,12213.75,,4442428,S07,12232.25,12213.25,1,4442309,18.5,19.75,-19.75,True,-19.75,
20200904,4443674,1,11808.25,,4443794,S07,11826.75,11807.75,1,4443675,18.5,19.75,-19.75,True,-19.75,
20200907,4445039,1,11453.0,,4445159,S07,11471.5,11452.5,1,4445062,18.5,19.75,-19.75,True,-19.75,
20200908,4446179,1,11187.25,,4446299,S07,11205.75,11186.75,1,4446186,18.5,19.75,-19.75,True,-19.75,
20200909,4447544,-1,11277.75,,4447664,S07,11259.25,11278.25,1,4447545,18.5,19.75,-19.75,True,-19.75,
20200910,4448846,1,11499.0,,4448966,S07,11517.5,11498.5,1,4448847,18.5,19.75,-19.75,True,-19.75,
20200911,4450196,-1,11196.25,,4450316,S07,11177.75,11196.75,1,4450198,18.5,19.75,-19.75,True,-19.75,
20200914,4451554,1,11208.5,,4451674,S07,11227.0,11208.0,1,4451555,18.5,19.75,-19.75,True,-19.75,
20200915,4452918,-1,11431.25,,4453038,S07,11412.75,11431.75,1,4452922,18.5,19.75,-19.75,True,-19.75,
20200916,4454283,1,11444.25,,4454403,S07,11462.75,11443.75,1,4454286,18.5,19.75,-19.75,True,-19.75,
20200917,4455648,1,10976.0,,4455768,S07,10994.5,10975.5,1,4455650,18.5,19.75,-19.75,True,-19.75,
20200918,4457013,-1,11111.75,,4457133,S07,11093.25,10935.5,3,4457133,18.5,19.75,157.0,True,157.0,
20200921,4458378,1,10780.5,,4458498,S07,10799.0,10780.0,1,4458379,18.5,19.75,-19.75,True,-19.75,
20200922,4459743,1,11038.0,,4459863,S07,11056.5,11037.5,1,4459744,18.5,19.75,-19.75,True,-19.75,
20200923,4461108,-1,11137.0,,4461228,S07,11118.5,11137.5,1,4461118,18.5,19.75,-19.75,True,-19.75,
20200924,4462472,1,10719.0,,4462592,S07,10737.5,10718.5,1,4462473,18.5,19.75,-19.75,True,-19.75,
20200925,4463837,-1,10904.25,,4463957,S07,10885.75,10904.75,1,4463846,18.5,19.75,-19.75,True,-19.75,
20200928,4465202,-1,11329.75,,4465322,S07,11311.25,11288.25,3,4465322,18.5,19.75,22.25,True,22.25,
20200929,4466567,1,11340.25,,4466687,S07,11358.75,11339.75,1,4466576,18.5,19.75,-19.75,True,-19.75,
20200930,4467932,1,11325.5,,4468052,S07,11344.0,11325.0,1,4467935,18.5,19.75,-19.75,True,-19.75,
20200930,4467964,1,11409.75,,-1,PV2_V7m,11419.5,11409.25,1,4467966,9.75,11.0,-11.0,True,-30.75,
20201001,4469297,-1,11570.0,,4469417,S07,11551.5,11540.0,3,4469417,18.5,19.75,10.75,True,10.75,
20201002,4470662,1,11338.5,,4470782,S07,11357.0,11346.0,3,4470782,18.5,19.75,-11.75,True,-11.75,
20201005,4472027,1,11322.75,,4472147,S07,11341.25,11424.0,3,4472147,18.5,19.75,82.0,True,82.0,
20201006,4473392,1,11448.25,,4473512,S07,11466.75,11447.75,1,4473399,18.5,19.75,-19.75,True,-19.75,
20201007,4474757,1,11407.25,,4474877,S07,11425.75,11406.75,1,4474784,18.5,19.75,-19.75,True,-19.75,
20201008,4476122,-1,11576.75,,4476242,S07,11558.25,11505.75,3,4476242,18.5,19.75,51.75,True,51.75,
20201009,4477487,1,11588.25,,4477607,S07,11606.75,11668.0,3,4477607,18.5,19.75,60.5,True,60.5,
20201012,4478852,-1,11906.25,,4478972,S07,11887.75,11906.75,1,4478854,18.5,19.75,-19.75,True,-19.75,
20201013,4480217,-1,12119.5,,4480337,S07,12101.0,12120.0,1,4480301,18.5,19.75,-19.75,True,-19.75,
20201014,4481582,-1,12101.5,,4481702,S07,12083.0,12102.0,1,4481584,18.5,19.75,-19.75,True,-19.75,
20201015,4482947,1,11804.25,,4483067,S07,11822.75,11803.75,1,4482988,18.5,19.75,-19.75,True,-19.75,
20201016,4484312,-1,11956.5,,4484432,S07,11938.0,11957.0,1,4484314,18.5,19.75,-19.75,True,-19.75,
20201019,4485604,-1,11749.0,,4485724,S07,11730.5,11689.5,3,4485724,18.5,19.75,40.25,True,40.25,
20201020,4486911,1,11709.0,,4487031,S07,11727.5,11708.5,1,4486958,18.5,19.75,-19.75,True,-19.75,
20201021,4488218,1,11604.0,,4488338,S07,11622.5,11603.5,1,4488313,18.5,19.75,-19.75,True,-19.75,
20201022,4489524,-1,11661.75,,4489644,S07,11643.25,11650.5,3,4489644,18.5,19.75,-8.0,True,-8.0,
20201026,4491599,1,11594.0,,4491719,S07,11612.5,11593.5,1,4491658,18.5,19.75,-19.75,True,-19.75,
20201027,4492964,-1,11522.75,,4493084,S07,11504.25,11523.25,1,4492966,18.5,19.75,-19.75,True,-19.75,
20201028,4494328,-1,11390.0,,4494448,S07,11371.5,11203.0,3,4494448,18.5,19.75,167.75,True,167.75,
20201029,4495693,1,11212.5,,4495813,S07,11231.0,11212.0,1,4495696,18.5,19.75,-19.75,True,-19.75,
20201030,4497058,1,11247.75,,4497178,S07,11266.25,11247.25,1,4497059,18.5,19.75,-19.75,True,-19.75,
20201030,4497093,-1,11190.25,,-1,PV2_V7m,11175.5,11042.25,3,4497213,14.75,16.0,132.5,True,112.75,
20201102,4498423,1,11113.0,,4498543,S07,11131.5,11112.5,1,4498492,18.5,19.75,-19.75,True,-19.75,
20201103,4499788,-1,11132.25,,4499908,S07,11113.75,11132.75,1,4499792,18.5,19.75,-19.75,True,-19.75,
20201103,4499824,1,11225.5,,-1,PV2_V7m,11241.0,11284.0,3,4499944,15.5,16.75,42.25,True,22.5,
20201104,4501152,1,11645.25,,4501272,S07,11663.75,11644.75,1,4501154,18.5,19.75,-19.75,True,-19.75,
20201104,4501189,1,11692.75,,-1,PV2_V7m,11703.25,11778.0,3,4501309,10.5,11.75,74.0,True,54.25,
20201105,4502517,-1,11999.25,,4502637,S07,11980.75,11999.75,1,4502519,18.5,19.75,-19.75,True,-19.75,
20201106,4503882,-1,12009.5,,4504002,S07,11991.0,12010.0,1,4503961,18.5,19.75,-19.75,True,-19.75,
20201109,4505246,-1,12141.5,,4505366,S07,12123.0,12142.0,1,4505250,18.5,19.75,-19.75,True,-19.75,
20201110,4506611,1,11726.75,,4506731,S07,11745.25,11726.25,1,4506612,18.5,19.75,-19.75,True,-19.75,
20201111,4507976,-1,11735.75,,4508096,S07,11717.25,11736.25,1,4507977,18.5,19.75,-19.75,True,-19.75,
20201112,4509341,-1,11921.0,,4509461,S07,11902.5,11921.5,1,4509342,18.5,19.75,-19.75,True,-19.75,
20201113,4510706,-1,11896.5,,4510826,S07,11878.0,11897.0,1,4510710,18.5,19.75,-19.75,True,-19.75,
20201116,4512071,1,11898.75,,4512191,S07,11917.25,11898.25,1,4512073,18.5,19.75,-19.75,True,-19.75,
20201117,4513436,-1,12047.25,,4513556,S07,12028.75,11983.0,3,4513556,18.5,19.75,45.0,True,45.0,
20201118,4514801,-1,11964.5,,4514921,S07,11946.0,11965.0,1,4514803,18.5,19.75,-19.75,True,-19.75,
20201119,4516166,-1,11879.25,,4516286,S07,11860.75,11879.75,1,4516177,18.5,19.75,-19.75,True,-19.75,
20201120,4517531,-1,11991.25,,4517651,S07,11972.75,11991.75,1,4517594,18.5,19.75,-19.75,True,-19.75,
20201123,4518896,1,11945.25,,4519016,S07,11963.75,11944.75,1,4518929,18.5,19.75,-19.75,True,-19.75,
20201124,4520252,-1,11965.25,,4520372,S07,11946.75,11965.75,1,4520321,18.5,19.75,-19.75,True,-19.75,
20201125,4521617,1,12100.0,,4521737,S07,12118.5,12099.5,1,4521648,18.5,19.75,-19.75,True,-19.75,
20201126,4522982,-1,12221.25,,4523102,S07,12202.75,12196.5,3,4523102,18.5,19.75,5.5,True,5.5,
20201127,4524122,1,12230.0,,4524242,S07,12248.5,12229.5,1,4524128,18.5,19.75,-19.75,True,-19.75,
20201130,4525277,1,12266.25,,4525397,S07,12284.75,12265.75,1,4525279,18.5,19.75,-19.75,True,-19.75,
20201201,4526642,-1,12370.75,,4526762,S07,12352.25,12371.25,1,4526648,18.5,19.75,-19.75,True,-19.75,
20201201,4526677,1,12405.0,,-1,PV2_V7m,12417.75,12404.5,1,4526695,12.75,14.0,-14.0,True,-33.75,
20201202,4528007,-1,12372.0,,4528127,S07,12353.5,12372.5,1,4528012,18.5,19.75,-19.75,True,-19.75,
20201203,4529372,1,12475.75,,4529492,S07,12494.25,12475.25,1,4529384,18.5,19.75,-19.75,True,-19.75,
20201204,4530737,-1,12485.0,,4530857,S07,12466.5,12485.5,1,4530747,18.5,19.75,-19.75,True,-19.75,
20201207,4532102,1,12524.0,,4532222,S07,12542.5,12594.0,3,4532222,18.5,19.75,50.75,True,50.75,
20201208,4533467,-1,12575.75,,4533587,S07,12557.25,12576.25,1,4533468,18.5,19.75,-19.75,True,-19.75,
20201208,4533764,1,12645.25,,-1,PV2_V7m,12648.5,12644.75,1,4533765,3.25,4.5,-4.5,True,-24.25,
20201209,4534832,-1,12621.0,,4534952,S07,12602.5,12621.5,1,4534842,18.5,19.75,-19.75,True,-19.75,
20201210,4536121,1,12243.5,,4536241,S07,12262.0,12243.0,1,4536122,18.5,19.75,-19.75,True,-19.75,
20201211,4537474,-1,12334.0,,4537594,S07,12315.5,12334.5,1,4537476,18.5,19.75,-19.75,True,-19.75,
20201214,4538833,1,12427.25,,4538953,S07,12445.75,12518.25,3,4538953,18.5,19.75,71.75,True,71.75,
20201215,4540198,1,12560.5,,4540318,S07,12579.0,12560.0,1,4540199,18.5,19.75,-19.75,True,-19.75,
20201216,4541563,-1,12620.5,,4541683,S07,12602.0,12621.0,1,4541600,18.5,19.75,-19.75,True,-19.75,
20201217,4542928,1,12730.5,,4543048,S07,12749.0,12730.0,1,4542951,18.5,19.75,-19.75,True,-19.75,
20201218,4544293,-1,12788.0,,4544413,S07,12769.5,12685.75,3,4544413,18.5,19.75,83.0,True,83.0,
20201221,4545658,1,12610.5,,4545778,S07,12629.0,12610.0,1,4545669,18.5,19.75,-19.75,True,-19.75,
20201222,4547023,-1,12709.5,,4547143,S07,12691.0,12710.0,1,4547032,18.5,19.75,-19.75,True,-19.75,
20201223,4548388,-1,12710.75,,4548508,S07,12692.25,12711.25,1,4548391,18.5,19.75,-19.75,True,-19.75,
20201224,4549753,1,12660.5,,4549873,S07,12679.0,12682.75,3,4549873,18.5,19.75,3.0,True,3.0,
20201228,4550908,-1,12812.0,,4551028,S07,12793.5,12812.5,1,4550910,18.5,19.75,-19.75,True,-19.75,
20201229,4552273,1,12888.5,,4552393,S07,12907.0,12888.0,1,4552295,18.5,19.75,-19.75,True,-19.75,
20201230,4553638,-1,12907.5,,4553758,S07,12889.0,12864.0,3,4553758,18.5,19.75,24.25,True,24.25,
20201231,4555003,-1,12856.25,,4555123,S07,12837.75,12856.75,1,4555010,18.5,19.75,-19.75,True,-19.75,
20210104,4556368,-1,12918.5,,4556488,S07,12900.0,12711.75,3,4556488,18.5,19.75,187.5,True,187.5,
20210105,4557733,1,12663.5,,4557853,S07,12682.0,12740.75,3,4557853,18.5,19.75,58.0,True,58.0,
20210106,4559098,-1,12598.25,,4559218,S07,12579.75,12598.75,1,4559101,18.5,19.75,-19.75,True,-19.75,
20210107,4560463,1,12748.5,,4560583,S07,12767.0,12905.25,3,4560583,18.5,19.75,137.5,True,137.5,
20210108,4561828,1,12996.75,,4561948,S07,13015.25,12996.25,1,4561842,18.5,19.75,-19.75,True,-19.75,
20210111,4563193,-1,12953.25,,4563313,S07,12934.75,12953.75,1,4563202,18.5,19.75,-19.75,True,-19.75,
20210112,4564558,1,12910.25,,4564678,S07,12928.75,12909.75,1,4564571,18.5,19.75,-19.75,True,-19.75,
20210113,4565923,1,12879.75,,4566043,S07,12898.25,12879.25,1,4565929,18.5,19.75,-19.75,True,-19.75,
20210113,4565995,1,12948.5,,-1,PV2_V7m,12963.5,12948.0,1,4566029,15.0,16.25,-16.25,True,-36.0,
20210114,4567288,1,12981.5,,4567408,S07,13000.0,12981.0,1,4567294,18.5,19.75,-19.75,True,-19.75,
20210115,4568653,1,12900.25,,4568773,S07,12918.75,12899.75,1,4568662,18.5,19.75,-19.75,True,-19.75,
20210118,4570018,-1,12807.5,,4570138,S07,12789.0,12808.0,1,4570040,18.5,19.75,-19.75,True,-19.75,
20210119,4571158,1,12900.75,,4571278,S07,12919.25,12900.25,1,4571164,18.5,19.75,-19.75,True,-19.75,
20210119,4571423,1,12986.0,,-1,PV2_V7m,12987.75,12985.5,1,4571425,1.75,3.0,-3.0,True,-22.75,
20210120,4572523,-1,13152.25,,4572643,S07,13133.75,13152.75,1,4572525,18.5,19.75,-19.75,True,-19.75,
20210120,4572568,1,13224.5,,-1,PV2_V7m,13236.5,13224.0,1,4572571,12.0,13.25,-13.25,True,-33.0,
20210121,4573888,-1,13322.5,,4574008,S07,13304.0,13323.0,1,4573891,18.5,19.75,-19.75,True,-19.75,
20210122,4575253,-1,13354.75,,4575373,S07,13336.25,13355.25,1,4575255,18.5,19.75,-19.75,True,-19.75,
20210125,4576618,1,13505.25,,4576738,S07,13523.75,13504.75,1,4576673,18.5,19.75,-19.75,True,-19.75,
20210126,4577983,1,13481.0,,4578103,S07,13499.5,13480.5,1,4577986,18.5,19.75,-19.75,True,-19.75,
20210127,4579347,-1,13289.0,,4579467,S07,13270.5,13289.5,1,4579374,18.5,19.75,-19.75,True,-19.75,
20210127,4579386,-1,13351.25,,-1,PV2_V7m,13341.75,13351.75,1,4579394,9.5,10.75,-10.75,True,-30.5,
20210128,4580712,1,13160.0,,4580832,S07,13178.5,13159.5,1,4580717,18.5,19.75,-19.75,True,-19.75,
20210129,4582077,-1,13131.25,,4582197,S07,13112.75,13131.75,1,4582078,18.5,19.75,-19.75,True,-19.75,
20210201,4583442,1,13063.0,,4583562,S07,13081.5,13062.5,1,4583451,18.5,19.75,-19.75,True,-19.75,
20210202,4584807,1,13350.75,,4584927,S07,13369.25,13415.0,3,4584927,18.5,19.75,45.0,True,45.0,
20210203,4586172,-1,13509.5,,4586292,S07,13491.0,13510.0,1,4586173,18.5,19.75,-19.75,True,-19.75,
20210204,4587537,-1,13457.5,,4587657,S07,13439.0,13458.0,1,4587553,18.5,19.75,-19.75,True,-19.75,
20210205,4588902,-1,13592.25,,4589022,S07,13573.75,13558.0,3,4589022,18.5,19.75,15.0,True,15.0,
20210208,4590267,-1,13664.75,,4590387,S07,13646.25,13665.25,1,4590276,18.5,19.75,-19.75,True,-19.75,
20210209,4591632,1,13651.25,,4591752,S07,13669.75,13684.5,3,4591752,18.5,19.75,14.0,True,14.0,
20210210,4592997,-1,13759.25,,4593117,S07,13740.75,13604.0,3,4593117,18.5,19.75,136.0,True,136.0,
20210211,4594361,1,13707.25,,4594481,S07,13725.75,13706.75,1,4594363,18.5,19.75,-19.75,True,-19.75,
20210212,4595726,-1,13695.25,,4595846,S07,13676.75,13695.75,1,4595737,18.5,19.75,-19.75,True,-19.75,
20210215,4597090,1,13831.5,,4597210,S07,13850.0,13856.0,3,4597210,18.5,19.75,5.25,True,5.25,
20210216,4598230,1,13829.5,,4598350,S07,13848.0,13829.0,1,4598233,18.5,19.75,-19.75,True,-19.75,
20210217,4599595,-1,13642.75,,4599715,S07,13624.25,13643.25,1,4599597,18.5,19.75,-19.75,True,-19.75,
20210218,4600960,1,13522.0,,4601080,S07,13540.5,13521.5,1,4600992,18.5,19.75,-19.75,True,-19.75,
20210219,4602325,-1,13697.25,,4602445,S07,13678.75,13697.75,1,4602440,18.5,19.75,-19.75,True,-19.75,
20210222,4603690,-1,13397.25,,4603810,S07,13378.75,13397.75,1,4603694,18.5,19.75,-19.75,True,-19.75,
20210222,4603754,-1,13339.5,,-1,PV2_V7m,13330.25,13340.0,1,4603756,9.25,10.5,-10.5,True,-30.25,
20210223,4605055,-1,12983.75,,4605175,S07,12965.25,12984.25,1,4605105,18.5,19.75,-19.75,True,-19.75,
20210224,4606420,1,13069.5,,4606540,S07,13088.0,13069.0,1,4606422,18.5,19.75,-19.75,True,-19.75,
20210225,4607785,1,13227.75,,4607905,S07,13246.25,13227.25,1,4607806,18.5,19.75,-19.75,True,-19.75,
20210226,4609150,1,12944.75,,4609270,S07,12963.25,12944.25,1,4609152,18.5,19.75,-19.75,True,-19.75,
20210301,4610515,-1,13097.5,,4610635,S07,13079.0,13098.0,1,4610517,18.5,19.75,-19.75,True,-19.75,
20210302,4611880,-1,13270.75,,4612000,S07,13252.25,13271.25,1,4611881,18.5,19.75,-19.75,True,-19.75,
20210302,4611910,-1,13237.75,,-1,PV2_V7m,13231.0,13238.25,1,4611914,6.75,8.0,-8.0,True,-27.75,
20210303,4613245,1,13015.0,,4613365,S07,13033.5,13014.5,1,4613247,18.5,19.75,-19.75,True,-19.75,
20210304,4614610,1,12707.75,,4614730,S07,12726.25,12707.25,1,4614622,18.5,19.75,-19.75,True,-19.75,
20210305,4615975,-1,12566.5,,4616095,S07,12548.0,12258.75,3,4616095,18.5,19.75,288.5,True,288.5,
20210308,4617340,-1,12602.75,,4617460,S07,12584.25,12603.25,1,4617347,18.5,19.75,-19.75,True,-19.75,
20210309,4618705,-1,12614.25,,4618825,S07,12595.75,12614.75,1,4618706,18.5,19.75,-19.75,True,-19.75,
20210310,4620070,1,12927.75,,4620190,S07,12946.25,12927.25,1,4620071,18.5,19.75,-19.75,True,-19.75,
20210311,4621399,1,12964.25,,4621519,S07,12982.75,12963.75,1,4621402,18.5,19.75,-19.75,True,-19.75,
20210312,4622761,1,12822.25,,4622881,S07,12840.75,12821.75,1,4622763,18.5,19.75,-19.75,True,-19.75,
20210315,4624126,-1,12924.0,,4624246,S07,12905.5,12924.5,1,4624127,18.5,19.75,-19.75,True,-19.75,
20210316,4625491,1,13159.25,,4625611,S07,13177.75,13158.75,1,4625495,18.5,19.75,-19.75,True,-19.75,
20210317,4626856,-1,13003.0,,4626976,S07,12984.5,13003.5,1,4626870,18.5,19.75,-19.75,True,-19.75,
20210318,4628221,1,12992.0,,4628341,S07,13010.5,12991.5,1,4628223,18.5,19.75,-19.75,True,-19.75,
20210319,4629586,1,12794.5,,4629706,S07,12813.0,12794.0,1,4629590,18.5,19.75,-19.75,True,-19.75,
20210319,4629786,1,12870.0,,-1,PV2_V7m,12875.0,12869.5,1,4629788,5.0,6.25,-6.25,True,-26.0,
20210322,4630951,1,12956.0,,4631071,S07,12974.5,12955.5,1,4630959,18.5,19.75,-19.75,True,-19.75,
20210323,4632316,-1,13115.0,,4632436,S07,13096.5,13115.5,1,4632352,18.5,19.75,-19.75,True,-19.75,
20210324,4633681,-1,13069.75,,4633801,S07,13051.25,13015.75,3,4633801,18.5,19.75,34.75,True,34.75,
20210325,4635045,1,12711.25,,4635165,S07,12729.75,12710.75,1,4635114,18.5,19.75,-19.75,True,-19.75,
20210326,4636410,1,12771.0,,4636530,S07,12789.5,12770.5,1,4636412,18.5,19.75,-19.75,True,-19.75,
20210329,4637775,1,12909.0,,4637895,S07,12927.5,12908.5,1,4637788,18.5,19.75,-19.75,True,-19.75,
20210330,4639140,-1,12855.75,,4639260,S07,12837.25,12856.25,1,4639146,18.5,19.75,-19.75,True,-19.75,
20210331,4640504,-1,12980.5,,4640624,S07,12962.0,12981.0,1,4640506,18.5,19.75,-19.75,True,-19.75,
20210331,4640538,1,13064.5,,-1,PV2_V7m,13079.75,13127.0,3,4640658,15.25,16.5,46.5,True,26.75,
20210401,4641869,1,13254.0,,4641989,S07,13272.5,13283.25,3,4641989,18.5,19.75,10.0,True,10.0,
20210405,4644134,1,13418.75,,4644254,S07,13437.25,13540.5,3,4644254,18.5,19.75,102.5,True,102.5,
20210406,4645499,-1,13585.5,,4645619,S07,13567.0,13586.0,1,4645510,18.5,19.75,-19.75,True,-19.75,
20210407,4646864,-1,13555.75,,4646984,S07,13537.25,13556.25,1,4646875,18.5,19.75,-19.75,True,-19.75,
20210408,4648229,1,13720.25,,4648349,S07,13738.75,13719.75,1,4648239,18.5,19.75,-19.75,True,-19.75,
20210409,4649594,1,13673.75,,4649714,S07,13692.25,13673.25,1,4649597,18.5,19.75,-19.75,True,-19.75,
20210412,4650959,-1,13811.0,,4651079,S07,13792.5,13780.0,3,4651079,18.5,19.75,11.75,True,11.75,
20210413,4652324,-1,13895.75,,4652444,S07,13877.25,13896.25,1,4652326,18.5,19.75,-19.75,True,-19.75,
20210414,4653689,-1,13976.75,,4653809,S07,13958.25,13874.0,3,4653809,18.5,19.75,83.5,True,83.5,
20210415,4655054,1,13936.25,,4655174,S07,13954.75,13935.75,1,4655083,18.5,19.75,-19.75,True,-19.75,
20210415,4655119,1,13989.75,,-1,PV2_V7m,13993.75,13989.25,1,4655122,4.0,5.25,-5.25,True,-25.0,
20210416,4656419,-1,13998.5,,4656539,S07,13980.0,13999.0,1,4656428,18.5,19.75,-19.75,True,-19.75,
20210419,4657781,1,13982.75,,4657901,S07,14001.25,13982.25,1,4657810,18.5,19.75,-19.75,True,-19.75,
20210420,4659146,-1,13890.75,,4659266,S07,13872.25,13891.25,1,4659150,18.5,19.75,-19.75,True,-19.75,
20210421,4660511,-1,13755.0,,4660631,S07,13736.5,13755.5,1,4660513,18.5,19.75,-19.75,True,-19.75,
20210422,4661876,-1,13905.25,,4661996,S07,13886.75,13905.75,1,4661928,18.5,19.75,-19.75,True,-19.75,
20210423,4663241,1,13788.5,,4663361,S07,13807.0,13788.0,1,4663255,18.5,19.75,-19.75,True,-19.75,
20210423,4663270,1,13820.0,,-1,PV2_V7m,13829.0,13931.25,3,4663390,9.0,10.25,101.5,True,81.75,
20210426,4664606,1,13918.75,,4664726,S07,13937.25,13918.25,1,4664608,18.5,19.75,-19.75,True,-19.75,
20210427,4665971,-1,14032.75,,4666091,S07,14014.25,13955.0,3,4666091,18.5,19.75,58.5,True,58.5,
20210428,4667336,-1,13927.25,,4667456,S07,13908.75,13927.75,1,4667349,18.5,19.75,-19.75,True,-19.75,
20210429,4668701,-1,14051.5,,4668821,S07,14033.0,13906.0,3,4668821,18.5,19.75,126.25,True,126.25,
20210429,4668859,-1,13833.25,,-1,PV2_V7m,13828.5,13833.75,1,4668860,4.75,6.0,-6.0,True,120.25,
20210430,4670066,1,13852.0,,4670186,S07,13870.5,13883.5,3,4670186,18.5,19.75,12.25,True,12.25,
20210503,4671419,-1,13920.25,,4671539,S07,13901.75,13920.75,1,4671453,18.5,19.75,-19.75,True,-19.75,
20210504,4672784,-1,13662.75,,4672904,S07,13644.25,13433.5,3,4672904,18.5,19.75,210.0,True,210.0,
20210505,4674148,1,13628.75,,4674268,S07,13647.25,13628.25,1,4674150,18.5,19.75,-19.75,True,-19.75,
20210506,4675513,-1,13460.75,,4675633,S07,13442.25,13461.25,1,4675516,18.5,19.75,-19.75,True,-19.75,
20210507,4676878,-1,13697.25,,4676998,S07,13678.75,13697.75,1,4676881,18.5,19.75,-19.75,True,-19.75,
20210510,4678243,-1,13603.5,,4678363,S07,13585.0,13484.75,3,4678363,18.5,19.75,99.5,True,99.5,
20210511,4679608,1,13104.75,,4679728,S07,13123.25,13104.25,1,4679609,18.5,19.75,-19.75,True,-19.75,
20210512,4680973,1,13154.5,,4681093,S07,13173.0,13154.0,1,4680980,18.5,19.75,-19.75,True,-19.75,
20210513,4682338,1,13115.25,,4682458,S07,13133.75,13114.75,1,4682346,18.5,19.75,-19.75,True,-19.75,
20210514,4683703,1,13234.25,,4683823,S07,13252.75,13233.75,1,4683707,18.5,19.75,-19.75,True,-19.75,
20210517,4685068,-1,13293.75,,4685188,S07,13275.25,13294.25,1,4685069,18.5,19.75,-19.75,True,-19.75,
20210518,4686432,-1,13337.5,,4686552,S07,13319.0,13338.0,1,4686433,18.5,19.75,-19.75,True,-19.75,
20210519,4687797,1,13012.0,,4687917,S07,13030.5,13011.5,1,4687801,18.5,19.75,-19.75,True,-19.75,
20210520,4689162,1,13303.75,,4689282,S07,13322.25,13468.75,3,4689282,18.5,19.75,145.75,True,145.75,
20210521,4690527,-1,13558.75,,4690647,S07,13540.25,13461.25,3,4690647,18.5,19.75,78.25,True,78.25,
20210524,4691892,1,13514.75,,4692012,S07,13533.25,13649.0,3,4692012,18.5,19.75,115.0,True,115.0,
20210525,4693257,1,13698.25,,4693377,S07,13716.75,13697.75,1,4693258,18.5,19.75,-19.75,True,-19.75,
20210526,4694622,1,13678.0,,4694742,S07,13696.5,13677.5,1,4694631,18.5,19.75,-19.75,True,-19.75,
20210527,4695987,-1,13688.75,,4696107,S07,13670.25,13689.25,1,4696030,18.5,19.75,-19.75,True,-19.75,
20210528,4697352,-1,13718.25,,4697472,S07,13699.75,13718.75,1,4697355,18.5,19.75,-19.75,True,-19.75,
20210531,4698713,1,13657.0,,4698833,S07,13675.5,13667.0,3,4698833,18.5,19.75,-9.25,True,-9.25,
20210601,4699853,-1,13766.25,,4699973,S07,13747.75,13766.75,1,4699860,18.5,19.75,-19.75,True,-19.75,
20210602,4701218,1,13663.75,,4701338,S07,13682.25,13663.25,1,4701223,18.5,19.75,-19.75,True,-19.75,
20210603,4702582,1,13540.25,,4702702,S07,13558.75,13539.75,1,4702585,18.5,19.75,-19.75,True,-19.75,
20210604,4703947,1,13623.75,,4704067,S07,13642.25,13760.0,3,4704067,18.5,19.75,117.0,True,117.0,
20210607,4705312,-1,13748.75,,4705432,S07,13730.25,13749.25,1,4705314,18.5,19.75,-19.75,True,-19.75,
20210608,4706677,-1,13890.75,,4706797,S07,13872.25,13891.25,1,4706681,18.5,19.75,-19.75,True,-19.75,
20210609,4708042,-1,13886.0,,4708162,S07,13867.5,13886.5,1,4708046,18.5,19.75,-19.75,True,-19.75,
20210610,4709285,1,13821.5,,4709405,S07,13840.0,13821.0,1,4709367,18.5,19.75,-19.75,True,-19.75,
20210611,4710636,1,13936.75,,4710756,S07,13955.25,13936.25,1,4710638,18.5,19.75,-19.75,True,-19.75,
20210614,4711999,-1,13990.25,,4712119,S07,13971.75,13990.75,1,4712005,18.5,19.75,-19.75,True,-19.75,
20210615,4713364,-1,14089.75,,4713484,S07,14071.25,14090.25,1,4713372,18.5,19.75,-19.75,True,-19.75,
20210616,4714728,-1,14072.0,,4714848,S07,14053.5,14072.5,1,4714737,18.5,19.75,-19.75,True,-19.75,
20210617,4716093,1,13951.0,,4716213,S07,13969.5,14181.5,3,4716213,18.5,19.75,211.25,True,211.25,
20210618,4717458,1,14101.0,,4717578,S07,14119.5,14100.5,1,4717459,18.5,19.75,-19.75,True,-19.75,
20210621,4718823,-1,14025.25,,4718943,S07,14006.75,14025.75,1,4718843,18.5,19.75,-19.75,True,-19.75,
20210622,4720188,1,14127.5,,4720308,S07,14146.0,14127.0,1,4720198,18.5,19.75,-19.75,True,-19.75,
20210623,4721553,1,14270.75,,4721673,S07,14289.25,14270.25,1,4721574,18.5,19.75,-19.75,True,-19.75,
20210624,4722917,-1,14369.75,,4723037,S07,14351.25,14370.25,1,4722919,18.5,19.75,-19.75,True,-19.75,
20210625,4724282,1,14364.5,,4724402,S07,14383.0,14364.0,1,4724286,18.5,19.75,-19.75,True,-19.75,
20210628,4725647,1,14416.5,,4725767,S07,14435.0,14472.0,3,4725767,18.5,19.75,36.25,True,36.25,
20210629,4727027,-1,14504.5,,4727147,S07,14486.0,14505.0,1,4727031,18.5,19.75,-19.75,True,-19.75,
20210630,4728407,-1,14564.0,,4728527,S07,14545.5,14564.5,1,4728420,18.5,19.75,-19.75,True,-19.75,
20210701,4729787,1,14540.0,,4729907,S07,14558.5,14539.5,1,4729808,18.5,19.75,-19.75,True,-19.75,
20210702,4731167,1,14617.0,,4731287,S07,14635.5,14639.75,3,4731287,18.5,19.75,3.5,True,3.5,
20210705,4732547,-1,14719.5,,4732667,S07,14701.0,14697.75,3,4732667,18.5,19.75,2.5,True,2.5,
20210706,4733687,1,14747.75,,4733807,S07,14766.25,14747.25,1,4733699,18.5,19.75,-19.75,True,-19.75,
20210707,4735067,-1,14863.5,,4735187,S07,14845.0,14751.0,3,4735187,18.5,19.75,93.25,True,93.25,
20210708,4736447,1,14597.25,,4736567,S07,14615.75,14596.75,1,4736458,18.5,19.75,-19.75,True,-19.75,
20210709,4737827,1,14697.25,,4737947,S07,14715.75,14696.75,1,4737829,18.5,19.75,-19.75,True,-19.75,
20210709,4737913,1,14767.5,,-1,PV2_V7m,14773.75,14818.75,3,4738033,6.25,7.5,44.25,True,24.5,
20210712,4739207,-1,14891.75,,4739327,S07,14873.25,14829.75,3,4739327,18.5,19.75,42.75,True,42.75,
20210713,4740586,1,14856.5,,4740706,S07,14875.0,14856.0,1,4740588,18.5,19.75,-19.75,True,-19.75,
20210713,4740619,1,14924.5,,-1,PV2_V7m,14929.5,14924.0,1,4740621,5.0,6.25,-6.25,True,-26.0,
20210714,4741966,1,14968.75,,4742086,S07,14987.25,14968.25,1,4741969,18.5,19.75,-19.75,True,-19.75,
20210715,4743345,-1,14871.75,,4743465,S07,14853.25,14872.25,1,4743367,18.5,19.75,-19.75,True,-19.75,
20210715,4743395,-1,14855.0,,-1,PV2_V7m,14844.75,14764.25,3,4743515,10.25,11.5,79.75,True,60.0,
20210716,4744725,1,14836.0,,4744845,S07,14854.5,14835.5,1,4744733,18.5,19.75,-19.75,True,-19.75,
20210719,4746105,-1,14512.5,,4746225,S07,14494.0,14513.0,1,4746107,18.5,19.75,-19.75,True,-19.75,
20210720,4747485,-1,14573.75,,4747605,S07,14555.25,14574.25,1,4747500,18.5,19.75,-19.75,True,-19.75,
20210721,4748865,1,14700.5,,4748985,S07,14719.0,14768.75,3,4748985,18.5,19.75,49.0,True,49.0,
20210722,4750245,1,14851.5,,4750365,S07,14870.0,14891.5,3,4750365,18.5,19.75,20.75,True,20.75,
20210723,4751625,-1,14977.0,,4751745,S07,14958.5,14977.5,1,4751640,18.5,19.75,-19.75,True,-19.75,
20210726,4753005,-1,15063.5,,4753125,S07,15045.0,15064.0,1,4753008,18.5,19.75,-19.75,True,-19.75,
20210727,4754383,-1,15092.75,,4754503,S07,15074.25,14841.75,3,4754503,18.5,19.75,231.75,True,231.75,
20210728,4755763,-1,15001.25,,4755883,S07,14982.75,15001.75,1,4755797,18.5,19.75,-19.75,True,-19.75,
20210729,4757143,1,14989.25,,4757263,S07,15007.75,15058.75,3,4757263,18.5,19.75,50.25,True,50.25,
20210730,4758523,1,14867.5,,4758643,S07,14886.0,14923.0,3,4758643,18.5,19.75,36.25,True,36.25,
20210802,4759903,-1,15039.0,,4760023,S07,15020.5,15039.5,1,4760001,18.5,19.75,-19.75,True,-19.75,
20210803,4761283,-1,14974.25,,4761403,S07,14955.75,14974.75,1,4761289,18.5,19.75,-19.75,True,-19.75,
20210804,4762663,1,15043.25,,4762783,S07,15061.75,15042.75,1,4762664,18.5,19.75,-19.75,True,-19.75,
20210805,4764043,1,15074.0,,4764163,S07,15092.5,15158.5,3,4764163,18.5,19.75,65.25,True,65.25,
20210806,4765423,1,15110.5,,4765543,S07,15129.0,15110.0,1,4765435,18.5,19.75,-19.75,True,-19.75,
20210809,4766803,1,15111.5,,4766923,S07,15130.0,15111.0,1,4766805,18.5,19.75,-19.75,True,-19.75,
20210810,4768183,-1,15143.5,,4768303,S07,15125.0,15144.0,1,4768195,18.5,19.75,-19.75,True,-19.75,
20210811,4769563,1,15088.75,,4769683,S07,15107.25,15088.25,1,4769565,18.5,19.75,-19.75,True,-19.75,
20210812,4770943,1,14974.25,,4771063,S07,14992.75,14973.75,1,4770945,18.5,19.75,-19.75,True,-19.75,
20210813,4772322,-1,15096.5,,4772442,S07,15078.0,15097.0,1,4772335,18.5,19.75,-19.75,True,-19.75,
20210816,4773702,-1,15105.25,,4773822,S07,15086.75,15105.75,1,4773704,18.5,19.75,-19.75,True,-19.75,
20210816,4773734,-1,15041.75,,-1,PV2_V7m,15026.75,15007.5,3,4773854,15.0,16.25,18.5,True,-1.25,
20210817,4775082,-1,15012.25,,4775202,S07,14993.75,15012.75,1,4775085,18.5,19.75,-19.75,True,-19.75,
20210818,4776462,1,14974.5,,4776582,S07,14993.0,14974.0,1,4776562,18.5,19.75,-19.75,True,-19.75,
20210819,4777842,1,14791.25,,4777962,S07,14809.75,14790.75,1,4777846,18.5,19.75,-19.75,True,-19.75,
20210820,4779222,1,14971.0,,4779342,S07,14989.5,14970.5,1,4779225,18.5,19.75,-19.75,True,-19.75,
20210820,4779265,1,15054.0,,-1,PV2_V7m,15062.0,15053.5,1,4779315,8.0,9.25,-9.25,True,-29.0,
20210823,4780602,1,15136.0,,4780722,S07,15154.5,15280.0,3,4780722,18.5,19.75,124.75,True,124.75,
20210824,4781982,-1,15354.5,,4782101,S07,15336.0,15355.0,1,4782017,18.5,19.75,-19.75,True,-19.75,
20210825,4783360,1,15361.75,,4783480,S07,15380.25,15361.25,1,4783393,18.5,19.75,-19.75,True,-19.75,
20210826,4784728,1,15332.5,,4784848,S07,15351.0,15332.0,1,4784755,18.5,19.75,-19.75,True,-19.75,
20210827,4786108,1,15301.5,,4786228,S07,15320.0,15301.0,1,4786114,18.5,19.75,-19.75,True,-19.75,
20210827,4786142,1,15341.25,,-1,PV2_V7m,15352.0,15415.5,3,4786262,10.75,12.0,62.75,True,43.0,
20210830,4787488,1,15464.75,,4787608,S07,15483.25,15573.5,3,4787608,18.5,19.75,89.5,True,89.5,
20210831,4788868,-1,15581.75,,4788988,S07,15563.25,15566.25,3,4788988,18.5,19.75,-3.75,True,-3.75,
20210901,4790248,1,15647.0,,4790368,S07,15665.5,15684.25,3,4790368,18.5,19.75,18.0,True,18.0,
20210902,4791628,1,15650.75,,4791748,S07,15669.25,15650.25,1,4791651,18.5,19.75,-19.75,True,-19.75,
20210903,4793008,-1,15596.0,,4793128,S07,15577.5,15596.5,1,4793016,18.5,19.75,-19.75,True,-19.75,
20210906,4794384,-1,15706.75,,4794504,S07,15688.25,15707.25,1,4794416,18.5,19.75,-19.75,True,-19.75,
20210907,4795523,-1,15663.75,,4795643,S07,15645.25,15664.25,1,4795532,18.5,19.75,-19.75,True,-19.75,
20210908,4796903,-1,15663.75,,4797023,S07,15645.25,15564.25,3,4797023,18.5,19.75,80.25,True,80.25,
20210909,4798083,1,15611.25,,4798203,S07,15629.75,15610.75,1,4798196,18.5,19.75,-19.75,True,-19.75,
20210910,4799461,1,15632.75,,4799581,S07,15651.25,15632.25,1,4799490,18.5,19.75,-19.75,True,-19.75,
20210913,4800841,1,15523.5,,4800961,S07,15542.0,15523.0,1,4800843,18.5,19.75,-19.75,True,-19.75,
20210914,4802220,1,15487.0,,4802340,S07,15505.5,15486.5,1,4802221,18.5,19.75,-19.75,True,-19.75,
20210915,4803600,-1,15403.5,,4803720,S07,15385.0,15348.75,3,4803720,18.5,19.75,35.5,True,35.5,
20210916,4804980,1,15452.5,,4805100,S07,15471.0,15452.0,1,4804983,18.5,19.75,-19.75,True,-19.75,
20210917,4806360,-1,15463.25,,4806480,S07,15444.75,15310.5,3,4806480,18.5,19.75,133.5,True,133.5,
20210920,4807740,1,15102.25,,4807860,S07,15120.75,15101.75,1,4807741,18.5,19.75,-19.75,True,-19.75,
20210921,4809120,-1,15050.0,,4809240,S07,15031.5,15050.5,1,4809121,18.5,19.75,-19.75,True,-19.75,
20210922,4810500,-1,15059.0,,4810620,S07,15040.5,15059.5,1,4810522,18.5,19.75,-19.75,True,-19.75,
20210923,4811880,-1,15220.25,,4812000,S07,15201.75,15220.75,1,4811884,18.5,19.75,-19.75,True,-19.75,
20210923,4811920,1,15308.0,,-1,PV2_V7m,15319.25,15307.5,1,4811944,11.25,12.5,-12.5,True,-32.25,
20210924,4813259,-1,15216.5,,4813379,S07,15198.0,15217.0,1,4813260,18.5,19.75,-19.75,True,-19.75,
20210927,4814639,-1,15181.5,,4814759,S07,15163.0,15182.0,1,4814690,18.5,19.75,-19.75,True,-19.75,
20210928,4816019,-1,15005.5,,4816139,S07,14987.0,14772.5,3,4816139,18.5,19.75,213.75,True,213.75,
20210929,4817399,1,14810.0,,4817519,S07,14828.5,14809.5,1,4817404,18.5,19.75,-19.75,True,-19.75,
20210930,4818779,1,14828.25,,4818899,S07,14846.75,14827.75,1,4818785,18.5,19.75,-19.75,True,-19.75,
20211001,4820159,-1,14701.75,,4820279,S07,14683.25,14702.25,1,4820161,18.5,19.75,-19.75,True,-19.75,
20211004,4821429,-1,14701.75,,4821549,S07,14683.25,14426.25,3,4821549,18.5,19.75,256.25,True,256.25,
20211005,4822809,1,14521.25,,4822929,S07,14539.75,14520.75,1,4822810,18.5,19.75,-19.75,True,-19.75,
20211005,4822843,1,14593.25,,-1,PV2_V7m,14599.75,14712.75,3,4822963,6.5,7.75,112.25,True,92.5,
20211006,4824189,1,14525.25,,4824309,S07,14543.75,14524.75,1,4824216,18.5,19.75,-19.75,True,-19.75,
20211007,4825569,1,14899.0,,4825689,S07,14917.5,14969.75,3,4825689,18.5,19.75,51.5,True,51.5,
20211008,4826949,-1,14927.75,,4827069,S07,14909.25,14842.75,3,4827069,18.5,19.75,65.75,True,65.75,
20211011,4828329,1,14764.0,,4828449,S07,14782.5,14763.5,1,4828330,18.5,19.75,-19.75,True,-19.75,
20211012,4829709,1,14743.5,,4829829,S07,14762.0,14743.0,1,4829712,18.5,19.75,-19.75,True,-19.75,
20211013,4831089,1,14716.5,,4831209,S07,14735.0,14716.0,1,4831106,18.5,19.75,-19.75,True,-19.75,
20211014,4832468,-1,14920.0,,4832588,S07,14901.5,14920.5,1,4832475,18.5,19.75,-19.75,True,-19.75,
20211014,4832624,1,15020.25,,-1,PV2_V7m,15026.0,15019.75,1,4832680,5.75,7.0,-7.0,True,-26.75,
20211015,4833848,-1,15080.5,,4833968,S07,15062.0,15081.0,1,4833853,18.5,19.75,-19.75,True,-19.75,
20211018,4835228,1,15060.25,,4835348,S07,15078.75,15059.75,1,4835229,18.5,19.75,-19.75,True,-19.75,
20211019,4836608,-1,15334.0,,4836728,S07,15315.5,15334.5,1,4836614,18.5,19.75,-19.75,True,-19.75,
20211020,4837988,1,15403.0,,4838108,S07,15421.5,15402.5,1,4837991,18.5,19.75,-19.75,True,-19.75,
20211021,4839368,1,15333.75,,4839488,S07,15352.25,15401.75,3,4839488,18.5,19.75,48.75,True,48.75,
20211022,4840748,1,15413.5,,4840868,S07,15432.0,15413.0,1,4840762,18.5,19.75,-19.75,True,-19.75,
20211025,4842128,1,15403.75,,4842248,S07,15422.25,15403.25,1,4842132,18.5,19.75,-19.75,True,-19.75,
20211025,4842327,1,15496.0,,-1,PV2_V7m,15500.5,15495.5,1,4842332,4.5,5.75,-5.75,True,-25.5,
20211026,4843508,1,15607.0,,4843628,S07,15625.5,15606.5,1,4843510,18.5,19.75,-19.75,True,-19.75,
20211027,4844888,1,15567.75,,4845008,S07,15586.25,15567.25,1,4844889,18.5,19.75,-19.75,True,-19.75,
20211028,4846268,1,15660.5,,4846388,S07,15679.0,15660.0,1,4846269,18.5,19.75,-19.75,True,-19.75,
20211028,4846348,1,15730.25,,-1,PV2_V7m,15732.0,15729.75,1,4846350,1.75,3.0,-3.0,True,-22.75,
20211029,4847648,1,15621.75,,4847768,S07,15640.25,15739.5,3,4847768,18.5,19.75,98.5,True,98.5,
20211101,4849027,-1,15858.25,,4849147,S07,15839.75,15848.25,3,4849147,18.5,19.75,-9.25,True,-9.25,
20211102,4850407,-1,15894.25,,4850527,S07,15875.75,15894.75,1,4850409,18.5,19.75,-19.75,True,-19.75,
20211102,4850438,1,15947.5,,-1,PV2_V7m,15952.75,15947.0,1,4850440,5.25,6.5,-6.5,True,-26.25,
20211103,4851787,-1,15975.75,,4851907,S07,15957.25,15976.25,1,4851793,18.5,19.75,-19.75,True,-19.75,
20211104,4853167,1,16160.75,,4853287,S07,16179.25,16261.75,3,4853287,18.5,19.75,81.75,True,81.75,
20211105,4854547,1,16400.25,,4854667,S07,16418.75,16399.75,1,4854562,18.5,19.75,-19.75,True,-19.75,
20211108,4855926,1,16342.5,,4856046,S07,16361.0,16342.0,1,4855935,18.5,19.75,-19.75,True,-19.75,
20211109,4857306,-1,16389.5,,4857426,S07,16371.0,16249.5,3,4857426,18.5,19.75,120.75,True,120.75,
20211110,4858686,-1,16076.0,,4858806,S07,16057.5,16076.5,1,4858688,18.5,19.75,-19.75,True,-19.75,
20211111,4860066,-1,16101.0,,4860186,S07,16082.5,16101.5,1,4860068,18.5,19.75,-19.75,True,-19.75,
20211112,4861446,-1,16077.25,,4861566,S07,16058.75,16077.75,1,4861518,18.5,19.75,-19.75,True,-19.75,
20211115,4862826,1,16223.5,,4862946,S07,16242.0,16223.0,1,4862834,18.5,19.75,-19.75,True,-19.75,
20211115,4862963,-1,16124.0,,-1,PV2_V7m,16108.75,16124.5,1,4862968,15.25,16.5,-16.5,True,-36.25,
20211116,4864206,1,16170.5,,4864326,S07,16189.0,16299.0,3,4864326,18.5,19.75,109.25,True,109.25,
20211117,4865586,1,16289.0,,4865706,S07,16307.5,16288.5,1,4865604,18.5,19.75,-19.75,True,-19.75,
20211118,4866966,-1,16385.75,,4867086,S07,16367.25,16386.25,1,4866972,18.5,19.75,-19.75,True,-19.75,
20211119,4868346,-1,16546.0,,4868466,S07,16527.5,16546.5,1,4868349,18.5,19.75,-19.75,True,-19.75,
20211119,4868375,1,16600.0,,-1,PV2_V7m,16608.75,16599.5,1,4868377,8.75,10.0,-10.0,True,-29.75,
20211122,4869726,1,16656.25,,4869846,S07,16674.75,16655.75,1,4869821,18.5,19.75,-19.75,True,-19.75,
20211123,4871106,-1,16324.0,,4871226,S07,16305.5,16324.5,1,4871110,18.5,19.75,-19.75,True,-19.75,
20211124,4872486,-1,16174.0,,4872606,S07,16155.5,16174.5,1,4872489,18.5,19.75,-19.75,True,-19.75,
20211125,4873866,-1,16400.0,,4873986,S07,16381.5,16400.5,1,4873878,18.5,19.75,-19.75,True,-19.75,
20211126,4875006,1,16255.5,,4875126,S07,16274.0,16255.0,1,4875010,18.5,19.75,-19.75,True,-19.75,
20211129,4876161,-1,16250.25,,4876281,S07,16231.75,16250.75,1,4876166,18.5,19.75,-19.75,True,-19.75,
20211130,4877541,1,16342.0,,4877661,S07,16360.5,16341.5,1,4877544,18.5,19.75,-19.75,True,-19.75,
20211201,4878921,-1,16325.75,,4879041,S07,16307.25,16326.25,1,4878934,18.5,19.75,-19.75,True,-19.75,
20211202,4880301,1,15840.0,,4880421,S07,15858.5,15839.5,1,4880302,18.5,19.75,-19.75,True,-19.75,
20211203,4881681,1,16046.5,,4881801,S07,16065.0,16046.0,1,4881682,18.5,19.75,-19.75,True,-19.75,
20211206,4883061,-1,15681.75,,4883181,S07,15663.25,15682.25,1,4883075,18.5,19.75,-19.75,True,-19.75,
20211207,4884441,1,16134.0,,4884561,S07,16152.5,16133.5,1,4884445,18.5,19.75,-19.75,True,-19.75,
20211207,4884475,1,16211.5,,-1,PV2_V7m,16223.0,16309.0,3,4884595,11.5,12.75,85.25,True,65.5,
20211208,4885821,-1,16305.75,,4885941,S07,16287.25,16306.25,1,4885823,18.5,19.75,-19.75,True,-19.75,
20211209,4887149,1,16368.5,,4887269,S07,16387.0,16367.25,1,4887168,18.5,19.75,-20.5,True,-20.5,
20211210,4888522,1,16277.25,,4888642,S07,16295.75,16276.75,1,4888524,18.5,19.75,-19.75,True,-19.75,
20211213,4889901,-1,16312.75,,4890021,S07,16294.25,16313.25,1,4889903,18.5,19.75,-19.75,True,-19.75,
20211214,4891281,1,15886.75,,4891401,S07,15905.25,15886.25,1,4891282,18.5,19.75,-19.75,True,-19.75,
20211215,4892661,-1,15901.75,,4892781,S07,15883.25,15902.25,1,4892663,18.5,19.75,-19.75,True,-19.75,
20211216,4894041,-1,16306.25,,4894161,S07,16287.75,16306.75,1,4894042,18.5,19.75,-19.75,True,-19.75,
20211217,4895421,1,15768.0,,4895541,S07,15786.5,15767.5,1,4895422,18.5,19.75,-19.75,True,-19.75,
20211220,4896801,-1,15582.25,,4896921,S07,15563.75,15582.75,1,4896802,18.5,19.75,-19.75,True,-19.75,
20211221,4898181,1,15774.75,,4898301,S07,15793.25,15774.25,1,4898182,18.5,19.75,-19.75,True,-19.75,
20211222,4899561,-1,15958.25,,4899681,S07,15939.75,15958.75,1,4899562,18.5,19.75,-19.75,True,-19.75,
20211223,4900939,1,16183.25,,4901059,S07,16201.75,16309.0,3,4901059,18.5,19.75,106.5,True,106.5,
20211227,4902319,1,16386.5,,4902439,S07,16405.0,16506.0,3,4902439,18.5,19.75,100.25,True,100.25,
20211228,4903699,-1,16583.5,,4903819,S07,16565.0,16584.0,1,4903721,18.5,19.75,-19.75,True,-19.75,
20211229,4905079,1,16513.25,,4905199,S07,16531.75,16512.75,1,4905081,18.5,19.75,-19.75,True,-19.75,
20211230,4906459,1,16482.75,,4906579,S07,16501.25,16482.25,1,4906467,18.5,19.75,-19.75,True,-19.75,
20211231,4907839,1,16427.5,,4907959,S07,16446.0,16427.0,1,4907850,18.5,19.75,-19.75,True,-19.75,
20220103,4909219,1,16422.25,,4909339,S07,16440.75,16421.75,1,4909231,18.5,19.75,-19.75,True,-19.75,
20220104,4910597,-1,16492.25,,4910717,S07,16473.75,16492.75,1,4910599,18.5,19.75,-19.75,True,-19.75,
20220104,4910646,-1,16394.0,,-1,PV2_V7m,16379.75,16394.5,1,4910653,14.25,15.5,-15.5,True,-35.25,
20220105,4911977,-1,16153.25,,4912097,S07,16134.75,16153.75,1,4911980,18.5,19.75,-19.75,True,-19.75,
20220106,4913357,1,15748.25,,4913477,S07,15766.75,15747.75,1,4913374,18.5,19.75,-19.75,True,-19.75,
20220107,4914737,-1,15732.0,,4914857,S07,15713.5,15732.5,1,4914738,18.5,19.75,-19.75,True,-19.75,
20220110,4916117,-1,15348.0,,4916237,S07,15329.5,15294.5,3,4916237,18.5,19.75,34.25,True,34.25,
20220111,4917497,-1,15548.75,,4917617,S07,15530.25,15549.25,1,4917498,18.5,19.75,-19.75,True,-19.75,
20220112,4918877,1,15969.5,,4918997,S07,15988.0,15969.0,1,4918879,18.5,19.75,-19.75,True,-19.75,
20220113,4920257,1,15941.75,,4920377,S07,15960.25,15941.25,1,4920259,18.5,19.75,-19.75,True,-19.75,
20220114,4921637,1,15421.0,,4921757,S07,15439.5,15420.5,1,4921638,18.5,19.75,-19.75,True,-19.75,
20220117,4923017,-1,15607.25,,4923137,S07,15588.75,15607.75,1,4923021,18.5,19.75,-19.75,True,-19.75,
20220118,4924157,-1,15340.5,,4924277,S07,15322.0,15341.0,1,4924165,18.5,19.75,-19.75,True,-19.75,
20220119,4925537,-1,15297.5,,4925657,S07,15279.0,15298.0,1,4925540,18.5,19.75,-19.75,True,-19.75,
20220120,4926917,1,15191.0,,4927037,S07,15209.5,15190.5,1,4926919,18.5,19.75,-19.75,True,-19.75,
20220121,4928297,1,14785.5,,4928417,S07,14804.0,14785.0,1,4928299,18.5,19.75,-19.75,True,-19.75,
20220124,4929677,1,14181.75,,4929797,S07,14200.25,14181.25,1,4929678,18.5,19.75,-19.75,True,-19.75,
20220125,4931057,1,14234.25,,4931177,S07,14252.75,14233.75,1,4931058,18.5,19.75,-19.75,True,-19.75,
20220126,4932437,-1,14430.25,,4932557,S07,14411.75,14430.75,1,4932438,18.5,19.75,-19.75,True,-19.75,
20220127,4933817,1,14305.75,,4933937,S07,14324.25,14305.25,1,4933818,18.5,19.75,-19.75,True,-19.75,
20220128,4935197,-1,14002.0,,4935317,S07,13983.5,14002.5,1,4935242,18.5,19.75,-19.75,True,-19.75,
20220128,4935308,1,14205.5,,-1,PV2_V7m,14223.25,14205.0,1,4935314,17.75,19.0,-19.0,True,-38.75,
20220131,4936577,-1,14475.0,,4936697,S07,14456.5,14475.5,1,4936578,18.5,19.75,-19.75,True,-19.75,
20220201,4937957,-1,14900.5,,4938077,S07,14882.0,14901.0,1,4937958,18.5,19.75,-19.75,True,-19.75,
20220202,4939337,-1,15130.25,,4939457,S07,15111.75,15130.75,1,4939338,18.5,19.75,-19.75,True,-19.75,
20220203,4940717,1,14724.75,,4940837,S07,14743.25,14724.25,1,4940718,18.5,19.75,-19.75,True,-19.75,
20220204,4942097,1,14471.75,,4942217,S07,14490.25,14471.25,1,4942098,18.5,19.75,-19.75,True,-19.75,
20220207,4943477,-1,14698.75,,4943597,S07,14680.25,14699.25,1,4943479,18.5,19.75,-19.75,True,-19.75,
20220208,4944857,-1,14545.25,,4944977,S07,14526.75,14545.75,1,4944860,18.5,19.75,-19.75,True,-19.75,
20220209,4946237,1,14911.0,,4946357,S07,14929.5,14910.5,1,4946238,18.5,19.75,-19.75,True,-19.75,
20220210,4947617,1,14762.0,,4947737,S07,14780.5,14862.0,3,4947737,18.5,19.75,80.75,True,80.75,
20220211,4948997,1,14726.75,,4949117,S07,14745.25,14726.25,1,4948998,18.5,19.75,-19.75,True,-19.75,
20220214,4950377,-1,14206.25,,4950497,S07,14187.75,14206.75,1,4950378,18.5,19.75,-19.75,True,-19.75,
20220215,4951756,1,14472.5,,4951876,S07,14491.0,14472.0,1,4951772,18.5,19.75,-19.75,True,-19.75,
20220216,4953135,-1,14507.5,,4953255,S07,14489.0,14446.5,3,4953255,18.5,19.75,41.75,True,41.75,
20220217,4954515,-1,14491.75,,4954635,S07,14473.25,14492.25,1,4954521,18.5,19.75,-19.75,True,-19.75,
20220217,4954568,-1,14364.25,,-1,PV2_V7m,14354.25,14364.75,1,4954581,10.0,11.25,-11.25,True,-31.0,
20220218,4955895,-1,14190.0,,4956015,S07,14171.5,14190.5,1,4955915,18.5,19.75,-19.75,True,-19.75,
20220218,4955958,-1,14072.5,,-1,PV2_V7m,14062.75,14073.0,1,4955967,9.75,11.0,-11.0,True,-30.75,
20220221,4957275,1,13852.25,,4957395,S07,13870.75,13851.75,1,4957277,18.5,19.75,-19.75,True,-19.75,
20220222,4958415,-1,13905.0,,4958535,S07,13886.5,13905.5,1,4958416,18.5,19.75,-19.75,True,-19.75,
20220222,4958445,1,13993.25,,-1,PV2_V7m,14010.0,13992.75,1,4958447,16.75,18.0,-18.0,True,-37.75,
20220223,4959795,1,13987.5,,4959915,S07,14006.0,13987.0,1,4959797,18.5,19.75,-19.75,True,-19.75,
20220224,4961175,1,13182.0,,4961295,S07,13200.5,13181.5,1,4961176,18.5,19.75,-19.75,True,-19.75,
20220224,4961436,1,13641.0,,-1,PV2_V7m,13648.0,13640.5,1,4961437,7.0,8.25,-8.25,True,-28.0,
20220225,4962555,-1,13993.25,,4962675,S07,13974.75,13993.75,1,4962556,18.5,19.75,-19.75,True,-19.75,
20220228,4963935,1,14061.5,,4964055,S07,14080.0,14061.0,1,4963937,18.5,19.75,-19.75,True,-19.75,
20220301,4965315,-1,14186.25,,4965435,S07,14167.75,14186.75,1,4965316,18.5,19.75,-19.75,True,-19.75,
20220302,4966695,-1,14061.0,,4966815,S07,14042.5,14061.5,1,4966702,18.5,19.75,-19.75,True,-19.75,
20220303,4968075,-1,14329.25,,4968195,S07,14310.75,14101.5,3,4968195,18.5,19.75,208.5,True,208.5,
20220304,4969455,1,13943.25,,4969575,S07,13961.75,13942.75,1,4969456,18.5,19.75,-19.75,True,-19.75,
20220307,4970835,-1,13849.25,,4970955,S07,13830.75,13849.75,1,4970840,18.5,19.75,-19.75,True,-19.75,
20220307,4970871,-1,13694.25,,-1,PV2_V7m,13676.5,13543.5,3,4970991,17.75,19.0,132.25,True,112.5,
20220308,4972215,-1,13257.25,,4972335,S07,13238.75,13257.75,1,4972217,18.5,19.75,-19.75,True,-19.75,
20220309,4973595,-1,13573.75,,4973715,S07,13555.25,13574.25,1,4973596,18.5,19.75,-19.75,True,-19.75,
20220310,4974919,1,13529.75,,4975039,S07,13548.25,13529.25,1,4974920,18.5,19.75,-19.75,True,-19.75,
20220311,4976283,-1,13697.0,,4976403,S07,13678.5,13437.5,3,4976403,18.5,19.75,240.25,True,240.25,
20220314,4977663,-1,13242.75,,4977783,S07,13224.25,13243.25,1,4977665,18.5,19.75,-19.75,True,-19.75,
20220315,4979043,1,13172.25,,4979163,S07,13190.75,13171.75,1,4979044,18.5,19.75,-19.75,True,-19.75,
20220316,4980423,-1,13644.5,,4980543,S07,13626.0,13645.0,1,4980424,18.5,19.75,-19.75,True,-19.75,
20220317,4981803,1,13853.0,,4981923,S07,13871.5,13852.5,1,4981806,18.5,19.75,-19.75,True,-19.75,
20220318,4983183,-1,14039.0,,4983303,S07,14020.5,14039.5,1,4983185,18.5,19.75,-19.75,True,-19.75,
20220321,4984563,1,14372.0,,4984683,S07,14390.5,14371.5,1,4984579,18.5,19.75,-19.75,True,-19.75,
20220322,4985943,1,14403.5,,4986063,S07,14422.0,14403.0,1,4985961,18.5,19.75,-19.75,True,-19.75,
20220323,4987323,-1,14522.25,,4987443,S07,14503.75,14522.75,1,4987327,18.5,19.75,-19.75,True,-19.75,
20220324,4988702,-1,14516.0,,4988822,S07,14497.5,14516.5,1,4988709,18.5,19.75,-19.75,True,-19.75,
20220325,4990082,-1,14789.75,,4990202,S07,14771.25,14790.25,1,4990144,18.5,19.75,-19.75,True,-19.75,
20220328,4991462,1,14777.25,,4991582,S07,14795.75,14776.75,1,4991582,18.5,19.75,-19.75,True,-19.75,
20220329,4992842,1,15185.75,,4992962,S07,15204.25,15185.25,1,4992844,18.5,19.75,-19.75,True,-19.75,
20220330,4994222,1,15168.75,,4994342,S07,15187.25,15168.25,1,4994226,18.5,19.75,-19.75,True,-19.75,
20220331,4995602,-1,15056.5,,4995722,S07,15038.0,15057.0,1,4995664,18.5,19.75,-19.75,True,-19.75,
20220401,4996982,1,14895.25,,4997102,S07,14913.75,14894.75,1,4996983,18.5,19.75,-19.75,True,-19.75,
20220404,4998362,-1,14914.0,,4998482,S07,14895.5,14914.5,1,4998363,18.5,19.75,-19.75,True,-19.75,
20220404,4998392,1,15040.75,,-1,PV2_V7m,15051.5,15040.25,1,4998394,10.75,12.0,-12.0,True,-31.75,
20220405,4999742,-1,15127.75,,4999862,S07,15109.25,15128.25,1,4999744,18.5,19.75,-19.75,True,-19.75,
20220406,5001122,-1,14618.0,,5001242,S07,14599.5,14461.25,3,5001242,18.5,19.75,137.5,True,137.5,
20220407,5002502,1,14494.0,,5002622,S07,14512.5,14493.5,1,5002515,18.5,19.75,-19.75,True,-19.75,
20220408,5003881,-1,14432.25,,5004001,S07,14413.75,14432.75,1,5003960,18.5,19.75,-19.75,True,-19.75,
20220411,5005261,-1,14147.0,,5005381,S07,14128.5,14147.5,1,5005264,18.5,19.75,-19.75,True,-19.75,
20220412,5006641,-1,14167.25,,5006761,S07,14148.75,14167.75,1,5006643,18.5,19.75,-19.75,True,-19.75,
20220413,5008021,-1,13954.5,,5008141,S07,13936.0,13955.0,1,5008022,18.5,19.75,-19.75,True,-19.75,
20220414,5009401,-1,14229.75,,5009521,S07,14211.25,14230.25,1,5009403,18.5,19.75,-19.75,True,-19.75,
20220414,5009430,-1,14133.5,,-1,PV2_V7m,14123.5,14134.0,1,5009431,10.0,11.25,-11.25,True,-31.0,
20220418,5010781,1,13906.0,,5010901,S07,13924.5,13905.5,1,5010783,18.5,19.75,-19.75,True,-19.75,
20220419,5012161,1,13874.0,,5012281,S07,13892.5,13873.5,1,5012163,18.5,19.75,-19.75,True,-19.75,
20220420,5013541,-1,14236.0,,5013661,S07,14217.5,14058.5,3,5013661,18.5,19.75,158.25,True,158.25,
20220421,5014921,1,14228.75,,5015041,S07,14247.25,14228.25,1,5014942,18.5,19.75,-19.75,True,-19.75,
20220422,5016301,1,13752.5,,5016421,S07,13771.0,13752.0,1,5016302,18.5,19.75,-19.75,True,-19.75,
20220425,5017681,-1,13288.0,,5017801,S07,13269.5,13288.5,1,5017682,18.5,19.75,-19.75,True,-19.75,
20220426,5019061,-1,13402.75,,5019181,S07,13384.25,13167.5,3,5019181,18.5,19.75,216.0,True,216.0,
20220427,5020441,1,13068.75,,5020561,S07,13087.25,13068.25,1,5020477,18.5,19.75,-19.75,True,-19.75,
20220428,5021821,-1,13241.25,,5021941,S07,13222.75,13241.75,1,5021822,18.5,19.75,-19.75,True,-19.75,
20220429,5023201,1,13310.5,,5023321,S07,13329.0,13310.0,1,5023205,18.5,19.75,-19.75,True,-19.75,
20220502,5024581,-1,12858.0,,5024701,S07,12839.5,12858.5,1,5024590,18.5,19.75,-19.75,True,-19.75,
20220503,5025961,-1,13066.75,,5026081,S07,13048.25,13067.25,1,5025962,18.5,19.75,-19.75,True,-19.75,
20220504,5027341,-1,13100.0,,5027461,S07,13081.5,13100.5,1,5027345,18.5,19.75,-19.75,True,-19.75,
20220504,5027381,-1,13002.25,,-1,PV2_V7m,12983.75,12972.5,3,5027501,18.5,19.75,10.5,True,-9.25,
20220505,5028721,-1,13304.75,,5028841,S07,13286.25,13305.25,1,5028723,18.5,19.75,-19.75,True,-19.75,
20220506,5030101,-1,12713.0,,5030221,S07,12694.5,12713.5,1,5030102,18.5,19.75,-19.75,True,-19.75,
20220509,5031481,-1,12472.0,,5031601,S07,12453.5,12472.5,1,5031482,18.5,19.75,-19.75,True,-19.75,
20220510,5032861,-1,12507.5,,5032981,S07,12489.0,12508.0,1,5032891,18.5,19.75,-19.75,True,-19.75,
20220511,5034241,-1,12246.5,,5034361,S07,12228.0,12247.0,1,5034249,18.5,19.75,-19.75,True,-19.75,
20220512,5035621,-1,11780.75,,5035741,S07,11762.25,11781.25,1,5035623,18.5,19.75,-19.75,True,-19.75,
20220513,5037001,-1,12142.75,,5037121,S07,12124.25,12143.25,1,5037005,18.5,19.75,-19.75,True,-19.75,
20220516,5038381,-1,12286.5,,5038501,S07,12268.0,12287.0,1,5038386,18.5,19.75,-19.75,True,-19.75,
20220517,5039761,1,12497.75,,5039881,S07,12516.25,12497.25,1,5039762,18.5,19.75,-19.75,True,-19.75,
20220518,5041141,1,12375.75,,5041261,S07,12394.25,12375.25,1,5041142,18.5,19.75,-19.75,True,-19.75,
20220518,5041255,-1,12186.0,,-1,PV2_V7m,12171.75,12186.5,1,5041270,14.25,15.5,-15.5,True,-35.25,
20220519,5042521,1,11910.75,,5042641,S07,11929.25,11910.25,1,5042522,18.5,19.75,-19.75,True,-19.75,
20220520,5043901,-1,12033.25,,5044021,S07,12014.75,12033.75,1,5043911,18.5,19.75,-19.75,True,-19.75,
20220523,5045281,-1,11882.0,,5045401,S07,11863.5,11882.5,1,5045282,18.5,19.75,-19.75,True,-19.75,
20220524,5046660,-1,11837.25,,5046780,S07,11818.75,11643.0,3,5046780,18.5,19.75,175.0,True,175.0,
20220525,5048040,1,11774.0,,5048160,S07,11792.5,11773.5,1,5048041,18.5,19.75,-19.75,True,-19.75,
20220526,5049419,1,11928.0,,5049539,S07,11946.5,12194.0,3,5049539,18.5,19.75,246.75,True,246.75,
20220527,5050799,1,12443.0,,5050919,S07,12461.5,12579.75,3,5050919,18.5,19.75,117.5,True,117.5,
20220530,5052179,-1,12786.25,,5052299,S07,12767.75,12786.75,1,5052254,18.5,19.75,-19.75,True,-19.75,
20220531,5053319,-1,12615.0,,5053439,S07,12596.5,12615.5,1,5053377,18.5,19.75,-19.75,True,-19.75,
20220601,5054699,1,12761.25,,5054819,S07,12779.75,12760.75,1,5054706,18.5,19.75,-19.75,True,-19.75,
20220602,5056079,-1,12513.0,,5056199,S07,12494.5,12513.5,1,5056080,18.5,19.75,-19.75,True,-19.75,
20220603,5057459,1,12688.75,,5057579,S07,12707.25,12688.25,1,5057461,18.5,19.75,-19.75,True,-19.75,
20220606,5058838,-1,12774.75,,5058958,S07,12756.25,12775.25,1,5058865,18.5,19.75,-19.75,True,-19.75,
20220607,5060218,1,12450.25,,5060338,S07,12468.75,12598.75,3,5060338,18.5,19.75,129.25,True,129.25,
20220608,5061598,-1,12673.0,,5061718,S07,12654.5,12673.5,1,5061600,18.5,19.75,-19.75,True,-19.75,
20220609,5062786,1,12575.75,,5062906,S07,12594.25,12575.25,1,5062791,18.5,19.75,-19.75,True,-19.75,
20220610,5064162,-1,12047.0,,5064282,S07,12028.5,12047.5,1,5064167,18.5,19.75,-19.75,True,-19.75,
20220613,5065542,1,11558.5,,5065662,S07,11577.0,11558.0,1,5065543,18.5,19.75,-19.75,True,-19.75,
20220614,5066922,-1,11422.5,,5067042,S07,11404.0,11423.0,1,5066949,18.5,19.75,-19.75,True,-19.75,
20220615,5068302,-1,11502.5,,5068422,S07,11484.0,11503.0,1,5068304,18.5,19.75,-19.75,True,-19.75,
20220616,5069682,-1,11314.5,,5069802,S07,11296.0,11315.0,1,5069685,18.5,19.75,-19.75,True,-19.75,
20220617,5071062,1,11248.25,,5071182,S07,11266.75,11247.75,1,5071067,18.5,19.75,-19.75,True,-19.75,
20220617,5071094,1,11262.5,,-1,PV2_V7m,11273.75,11262.0,1,5071096,11.25,12.5,-12.5,True,-32.25,
20220620,5072442,1,11346.25,,5072562,S07,11364.75,11345.75,1,5072450,18.5,19.75,-19.75,True,-19.75,
20220621,5073582,1,11490.75,,5073702,S07,11509.25,11656.25,3,5073702,18.5,19.75,146.25,True,146.25,
20220622,5074962,1,11478.0,,5075082,S07,11496.5,11477.5,1,5074963,18.5,19.75,-19.75,True,-19.75,
20220622,5075010,1,11647.25,,-1,PV2_V7m,11653.5,11646.75,1,5075051,6.25,7.5,-7.5,True,-27.25,
20220623,5076342,-1,11661.75,,5076462,S07,11643.25,11662.25,1,5076369,18.5,19.75,-19.75,True,-19.75,
20220624,5077722,1,11883.75,,5077842,S07,11902.25,12004.75,3,5077842,18.5,19.75,101.75,True,101.75,
20220627,5079102,-1,12157.5,,5079222,S07,12139.0,12122.0,3,5079222,18.5,19.75,16.25,True,16.25,
20220628,5080482,1,12128.25,,5080602,S07,12146.75,12127.75,1,5080494,18.5,19.75,-19.75,True,-19.75,
20220629,5081862,-1,11607.5,,5081982,S07,11589.0,11608.0,1,5081864,18.5,19.75,-19.75,True,-19.75,
20220630,5083242,1,11529.25,,5083362,S07,11547.75,11528.75,1,5083243,18.5,19.75,-19.75,True,-19.75,
20220630,5083281,-1,11377.0,,-1,PV2_V7m,11372.5,11377.5,1,5083282,4.5,5.75,-5.75,True,-25.5,
20220701,5084622,-1,11508.25,,5084742,S07,11489.75,11508.75,1,5084630,18.5,19.75,-19.75,True,-19.75,
20220704,5086002,-1,11578.25,,5086122,S07,11559.75,11558.75,3,5086122,18.5,19.75,0.25,True,0.25,
20220705,5087142,-1,11436.0,,5087262,S07,11417.5,11436.5,1,5087154,18.5,19.75,-19.75,True,-19.75,
20220706,5088522,1,11846.75,,5088642,S07,11865.25,11846.25,1,5088523,18.5,19.75,-19.75,True,-19.75,
20220707,5089902,1,11942.25,,5090022,S07,11960.75,12033.5,3,5090022,18.5,19.75,72.0,True,72.0,
20220708,5091282,1,12016.5,,5091402,S07,12035.0,12016.0,1,5091298,18.5,19.75,-19.75,True,-19.75,
20220711,5092662,-1,12053.0,,5092782,S07,12034.5,11928.25,3,5092782,18.5,19.75,105.5,True,105.5,
20220712,5094042,1,11935.0,,5094162,S07,11953.5,11934.5,1,5094043,18.5,19.75,-19.75,True,-19.75,
20220713,5095422,1,11554.75,,5095542,S07,11573.25,11554.25,1,5095424,18.5,19.75,-19.75,True,-19.75,
20220714,5096802,-1,11614.5,,5096922,S07,11596.0,11615.0,1,5096815,18.5,19.75,-19.75,True,-19.75,
20220714,5096845,-1,11547.75,,-1,PV2_V7m,11535.0,11548.25,1,5096849,12.75,14.0,-14.0,True,-33.75,
20220715,5098182,1,11938.5,,5098302,S07,11957.0,11938.0,1,5098188,18.5,19.75,-19.75,True,-19.75,
20220718,5099562,1,12137.75,,5099682,S07,12156.25,12137.25,1,5099563,18.5,19.75,-19.75,True,-19.75,
20220719,5100940,1,12038.0,,5101060,S07,12056.5,12037.5,1,5100942,18.5,19.75,-19.75,True,-19.75,
20220720,5102320,1,12272.5,,5102440,S07,12291.0,12272.0,1,5102353,18.5,19.75,-19.75,True,-19.75,
20220721,5103700,-1,12486.0,,5103820,S07,12467.5,12486.5,1,5103701,18.5,19.75,-19.75,True,-19.75,
20220722,5105080,-1,12613.75,,5105200,S07,12595.25,12614.25,1,5105084,18.5,19.75,-19.75,True,-19.75,
20220722,5105196,-1,12505.0,,-1,PV2_V7m,12487.25,12393.5,3,5105316,17.75,19.0,93.0,True,73.25,
20220725,5106460,-1,12450.0,,5106580,S07,12431.5,12381.75,3,5106580,18.5,19.75,49.0,True,49.0,
20220726,5107840,-1,12253.75,,5107960,S07,12235.25,12254.25,1,5107847,18.5,19.75,-19.75,True,-19.75,
20220727,5109219,-1,12302.0,,5109339,S07,12283.5,12302.5,1,5109221,18.5,19.75,-19.75,True,-19.75,
20220728,5110599,1,12592.75,,5110719,S07,12611.25,12592.25,1,5110604,18.5,19.75,-19.75,True,-19.75,
20220728,5110629,-1,12529.25,,-1,PV2_V7m,12520.75,12529.75,1,5110674,8.5,9.75,-9.75,True,-29.5,
20220729,5111979,-1,12802.0,,5112099,S07,12783.5,12802.5,1,5111985,18.5,19.75,-19.75,True,-19.75,
20220801,5113359,-1,12886.5,,5113479,S07,12868.0,12887.0,1,5113360,18.5,19.75,-19.75,True,-19.75,
20220802,5114739,1,12890.75,,5114859,S07,12909.25,12890.25,1,5114740,18.5,19.75,-19.75,True,-19.75,
20220803,5116119,1,13031.5,,5116238,S07,13050.0,13031.0,1,5116120,18.5,19.75,-19.75,True,-19.75,
20220804,5117498,1,13255.0,,5117618,S07,13273.5,13254.5,1,5117504,18.5,19.75,-19.75,True,-19.75,
20220805,5118878,1,13144.25,,5118998,S07,13162.75,13143.75,1,5118986,18.5,19.75,-19.75,True,-19.75,
20220808,5120258,1,13293.0,,5120378,S07,13311.5,13292.5,1,5120263,18.5,19.75,-19.75,True,-19.75,
20220809,5121638,-1,13067.0,,5121758,S07,13048.5,13067.5,1,5121641,18.5,19.75,-19.75,True,-19.75,
20220809,5121671,-1,13010.0,,-1,PV2_V7m,12995.5,13010.5,1,5121679,14.5,15.75,-15.75,True,-35.5,
20220810,5123018,-1,13340.25,,5123138,S07,13321.75,13340.75,1,5123034,18.5,19.75,-19.75,True,-19.75,
20220811,5124398,-1,13500.5,,5124518,S07,13482.0,13501.0,1,5124407,18.5,19.75,-19.75,True,-19.75,
20220812,5125778,-1,13399.5,,5125898,S07,13381.0,13400.0,1,5125785,18.5,19.75,-19.75,True,-19.75,
20220815,5127158,1,13569.5,,5127278,S07,13588.0,13569.0,1,5127165,18.5,19.75,-19.75,True,-19.75,
20220816,5128537,-1,13662.25,,5128657,S07,13643.75,13643.5,3,5128657,18.5,19.75,-0.5,True,-0.5,
20220817,5129917,-1,13544.0,,5130037,S07,13525.5,13544.5,1,5129919,18.5,19.75,-19.75,True,-19.75,
20220818,5131296,-1,13478.75,,5131416,S07,13460.25,13479.25,1,5131302,18.5,19.75,-19.75,True,-19.75,
20220819,5132676,1,13386.75,,5132796,S07,13405.25,13386.25,1,5132680,18.5,19.75,-19.75,True,-19.75,
20220819,5132709,-1,13323.25,,-1,PV2_V7m,13316.5,13323.75,1,5132711,6.75,8.0,-8.0,True,-27.75,
20220822,5134056,-1,13079.25,,5134176,S07,13060.75,12968.5,3,5134176,18.5,19.75,91.5,True,91.5,
20220823,5135436,1,12913.25,,5135556,S07,12931.75,12912.75,1,5135441,18.5,19.75,-19.75,True,-19.75,
20220824,5136816,-1,12905.5,,5136936,S07,12887.0,12906.0,1,5136834,18.5,19.75,-19.75,True,-19.75,
20220824,5136924,1,12972.0,,-1,PV2_V7m,12979.5,12971.5,1,5136925,7.5,8.75,-8.75,True,-28.5,
20220825,5138196,-1,12999.5,,5138316,S07,12981.0,13000.0,1,5138203,18.5,19.75,-19.75,True,-19.75,
20220825,5138251,1,13083.5,,-1,PV2_V7m,13091.75,13083.0,1,5138278,8.25,9.5,-9.5,True,-29.25,
20220826,5139576,-1,13154.75,,5139696,S07,13136.25,13155.25,1,5139577,18.5,19.75,-19.75,True,-19.75,
20220829,5140956,1,12532.25,,5141076,S07,12550.75,12531.75,1,5140983,18.5,19.75,-19.75,True,-19.75,
20220830,5142336,1,12554.75,,5142455,S07,12573.25,12554.25,1,5142337,18.5,19.75,-19.75,True,-19.75,
20220831,5143715,-1,12453.25,,5143835,S07,12434.75,12453.75,1,5143722,18.5,19.75,-19.75,True,-19.75,
20220901,5145095,-1,12163.25,,5145215,S07,12144.75,12163.75,1,5145097,18.5,19.75,-19.75,True,-19.75,
20220902,5146475,-1,12361.5,,5146595,S07,12343.0,12362.0,1,5146493,18.5,19.75,-19.75,True,-19.75,
20220905,5147855,-1,12125.0,,5147975,S07,12106.5,12125.5,1,5147857,18.5,19.75,-19.75,True,-19.75,
20220906,5148995,-1,12123.5,,5149115,S07,12105.0,12124.0,1,5148997,18.5,19.75,-19.75,True,-19.75,
20220907,5150375,1,12050.0,,5150495,S07,12068.5,12049.5,1,5150402,18.5,19.75,-19.75,True,-19.75,
20220908,5151511,-1,12221.25,,5151631,S07,12202.75,12221.75,1,5151515,18.5,19.75,-19.75,True,-19.75,
20220909,5152835,1,12510.75,,5152955,S07,12529.25,12510.25,1,5152847,18.5,19.75,-19.75,True,-19.75,
20220912,5154214,1,12738.25,,5154334,S07,12756.75,12737.75,1,5154216,18.5,19.75,-19.75,True,-19.75,
20220912,5154248,1,12801.75,,-1,PV2_V7m,12817.75,12801.25,1,5154282,16.0,17.25,-17.25,True,-37.0,
20220913,5155594,1,12466.5,,5155714,S07,12485.0,12466.0,1,5155595,18.5,19.75,-19.75,True,-19.75,
20220913,5155626,-1,12383.25,,-1,PV2_V7m,12371.75,12383.75,1,5155627,11.5,12.75,-12.75,True,-32.5,
20220914,5156974,-1,12137.75,,5157094,S07,12119.25,12138.25,1,5156980,18.5,19.75,-19.75,True,-19.75,
20220915,5158354,-1,12150.0,,5158474,S07,12131.5,12150.5,1,5158355,18.5,19.75,-19.75,True,-19.75,
20220915,5158441,-1,12026.5,,-1,PV2_V7m,12011.0,12027.0,1,5158445,15.5,16.75,-16.75,True,-36.5,
20220916,5159734,-1,11854.5,,5159854,S07,11836.0,11855.0,1,5159741,18.5,19.75,-19.75,True,-19.75,
20220919,5161114,1,11850.0,,5161234,S07,11868.5,11896.75,3,5161234,18.5,19.75,27.5,True,27.5,
20220920,5162494,1,11922.5,,5162614,S07,11941.0,11922.0,1,5162496,18.5,19.75,-19.75,True,-19.75,
20220921,5163873,-1,11962.25,,5163993,S07,11943.75,11962.75,1,5163881,18.5,19.75,-19.75,True,-19.75,
20220922,5165253,1,11660.5,,5165373,S07,11679.0,11660.0,1,5165254,18.5,19.75,-19.75,True,-19.75,
20220923,5166630,-1,11458.25,,5166750,S07,11439.75,11458.75,1,5166631,18.5,19.75,-19.75,True,-19.75,
20220923,5166670,-1,11379.0,,-1,PV2_V7m,11369.5,11379.5,1,5166671,9.5,10.75,-10.75,True,-30.5,
20220926,5168010,1,11408.75,,5168130,S07,11427.25,11408.25,1,5168012,18.5,19.75,-19.75,True,-19.75,
20220926,5168042,1,11470.5,,-1,PV2_V7m,11482.25,11470.0,1,5168047,11.75,13.0,-13.0,True,-32.75,
20220927,5169387,1,11502.25,,5169507,S07,11520.75,11501.75,1,5169403,18.5,19.75,-19.75,True,-19.75,
20220928,5170767,-1,11313.5,,5170887,S07,11295.0,11314.0,1,5170775,18.5,19.75,-19.75,True,-19.75,
20220929,5172147,-1,11400.25,,5172267,S07,11381.75,11221.0,3,5172267,18.5,19.75,160.0,True,160.0,
20220930,5173527,1,11218.25,,5173647,S07,11236.75,11217.75,1,5173529,18.5,19.75,-19.75,True,-19.75,
20221003,5174907,-1,11091.0,,5175027,S07,11072.5,11091.5,1,5174908,18.5,19.75,-19.75,True,-19.75,
20221004,5176287,1,11535.0,,5176407,S07,11553.5,11637.0,3,5176407,18.5,19.75,82.75,True,82.75,
20221005,5177667,1,11511.75,,5177787,S07,11530.25,11511.25,1,5177671,18.5,19.75,-19.75,True,-19.75,
20221006,5179047,1,11635.5,,5179167,S07,11654.0,11635.0,1,5179072,18.5,19.75,-19.75,True,-19.75,
20221007,5180427,1,11318.75,,5180547,S07,11337.25,11318.25,1,5180428,18.5,19.75,-19.75,True,-19.75,
20221010,5181807,-1,11077.25,,5181927,S07,11058.75,11077.75,1,5181809,18.5,19.75,-19.75,True,-19.75,
20221011,5183187,-1,10924.5,,5183307,S07,10906.0,10925.0,1,5183304,18.5,19.75,-19.75,True,-19.75,
20221012,5184567,-1,10837.25,,5184687,S07,10818.75,10837.75,1,5184568,18.5,19.75,-19.75,True,-19.75,
20221013,5185946,1,10500.5,,5186066,S07,10519.0,10500.0,1,5185949,18.5,19.75,-19.75,True,-19.75,
20221014,5187326,-1,11153.25,,5187446,S07,11134.75,11153.75,1,5187331,18.5,19.75,-19.75,True,-19.75,
20221017,5188706,1,11022.75,,5188826,S07,11041.25,11022.25,1,5188811,18.5,19.75,-19.75,True,-19.75,
20221018,5190086,-1,11411.0,,5190206,S07,11392.5,11116.5,3,5190206,18.5,19.75,275.25,True,275.25,
20221019,5191466,1,11156.5,,5191586,S07,11175.0,11156.0,1,5191473,18.5,19.75,-19.75,True,-19.75,
20221020,5192846,1,11129.5,,5192966,S07,11148.0,11129.0,1,5192848,18.5,19.75,-19.75,True,-19.75,
20221021,5194226,1,11035.25,,5194346,S07,11053.75,11034.75,1,5194227,18.5,19.75,-19.75,True,-19.75,
20221024,5195606,-1,11327.75,,5195726,S07,11309.25,11328.25,1,5195607,18.5,19.75,-19.75,True,-19.75,
20221025,5196986,1,11540.5,,5197106,S07,11559.0,11540.0,1,5196989,18.5,19.75,-19.75,True,-19.75,
20221025,5197016,1,11633.0,,-1,PV2_V7m,11643.5,11632.5,1,5197018,10.5,11.75,-11.75,True,-31.5,
20221026,5198366,-1,11484.5,,5198486,S07,11466.0,11485.0,1,5198370,18.5,19.75,-19.75,True,-19.75,
20221027,5199746,1,11436.75,,5199866,S07,11455.25,11436.25,1,5199747,18.5,19.75,-19.75,True,-19.75,
20221028,5201126,1,11281.0,,5201246,S07,11299.5,11280.5,1,5201127,18.5,19.75,-19.75,True,-19.75,
20221031,5202506,-1,11484.0,,5202626,S07,11465.5,11484.5,1,5202507,18.5,19.75,-19.75,True,-19.75,
20221101,5203886,-1,11617.25,,5204006,S07,11598.75,11373.25,3,5204006,18.5,19.75,224.75,True,224.75,
20221102,5205266,-1,11298.5,,5205386,S07,11280.0,11299.0,1,5205268,18.5,19.75,-19.75,True,-19.75,
20221103,5206646,1,10825.0,,5206766,S07,10843.5,10824.5,1,5206648,18.5,19.75,-19.75,True,-19.75,
20221104,5208026,-1,10886.0,,5208146,S07,10867.5,10886.5,1,5208065,18.5,19.75,-19.75,True,-19.75,
20221107,5208773,-1,10916.5,,5208893,S07,10898.0,10917.0,1,5208774,18.5,19.75,-19.75,True,-19.75,
20221108,5210153,-1,11056.75,,5210273,S07,11038.25,11057.25,1,5210172,18.5,19.75,-19.75,True,-19.75,
20221109,5211533,-1,11004.25,,5211653,S07,10985.75,11004.75,1,5211535,18.5,19.75,-19.75,True,-19.75,
20221109,5211784,-1,10884.0,,-1,PV2_V7m,10876.25,10884.5,1,5211804,7.75,9.0,-9.0,True,-28.75,
20221110,5212913,1,11333.0,,5213033,S07,11351.5,11332.5,1,5212914,18.5,19.75,-19.75,True,-19.75,
20221111,5214293,-1,11615.75,,5214413,S07,11597.25,11616.25,1,5214301,18.5,19.75,-19.75,True,-19.75,
20221114,5215673,-1,11779.75,,5215793,S07,11761.25,11780.25,1,5215703,18.5,19.75,-19.75,True,-19.75,
20221115,5217053,-1,12053.5,,5217173,S07,12035.0,12054.0,1,5217085,18.5,19.75,-19.75,True,-19.75,
20221116,5218433,-1,11840.25,,5218553,S07,11821.75,11775.75,3,5218553,18.5,19.75,45.25,True,45.25,
20221117,5219813,1,11561.75,,5219933,S07,11580.25,11646.75,3,5219933,18.5,19.75,65.75,True,65.75,
20221118,5221193,-1,11797.5,,5221313,S07,11779.0,11702.5,3,5221313,18.5,19.75,75.75,True,75.75,
20221121,5222573,-1,11676.5,,5222693,S07,11658.0,11677.0,1,5222586,18.5,19.75,-19.75,True,-19.75,
20221122,5223953,-1,11618.25,,5224073,S07,11599.75,11618.75,1,5223995,18.5,19.75,-19.75,True,-19.75,
20221123,5225333,1,11749.5,,5225453,S07,11768.0,11853.5,3,5225453,18.5,19.75,84.75,True,84.75,
20221124,5226711,1,11897.5,,5226831,S07,11916.0,11916.0,3,5226831,18.5,19.75,-0.75,True,-0.75,
20221125,5227849,-1,11804.0,,5227969,S07,11785.5,11804.5,1,5227853,18.5,19.75,-19.75,True,-19.75,
20221128,5229004,1,11721.0,,5229124,S07,11739.5,11720.5,1,5229051,18.5,19.75,-19.75,True,-19.75,
20221129,5230384,-1,11635.75,,5230504,S07,11617.25,11636.25,1,5230441,18.5,19.75,-19.75,True,-19.75,
20221130,5231764,1,11537.0,,5231884,S07,11555.5,11536.5,1,5231768,18.5,19.75,-19.75,True,-19.75,
20221130,5232016,1,11662.75,,-1,PV2_V7m,11669.25,11662.25,1,5232017,6.5,7.75,-7.75,True,-27.5,
20221201,5233144,1,12049.25,,5233264,S07,12067.75,12048.75,1,5233182,18.5,19.75,-19.75,True,-19.75,
20221202,5234524,1,11887.25,,5234644,S07,11905.75,11886.75,1,5234525,18.5,19.75,-19.75,True,-19.75,
20221205,5235904,1,11914.25,,5236024,S07,11932.75,11913.75,1,5235931,18.5,19.75,-19.75,True,-19.75,
20221206,5237284,-1,11800.75,,5237404,S07,11782.25,11631.25,3,5237404,18.5,19.75,150.25,True,150.25,
20221207,5238664,1,11521.5,,5238784,S07,11540.0,11521.0,1,5238677,18.5,19.75,-19.75,True,-19.75,
20221208,5240044,-1,11542.25,,5240164,S07,11523.75,11542.75,1,5240062,18.5,19.75,-19.75,True,-19.75,
20221208,5240084,1,11624.5,,-1,PV2_V7m,11635.0,11624.0,1,5240087,10.5,11.75,-11.75,True,-31.5,
20221209,5241424,1,11580.25,,5241544,S07,11598.75,11579.75,1,5241426,18.5,19.75,-19.75,True,-19.75,
20221212,5242803,1,11686.75,,5242923,S07,11705.25,11686.25,1,5242807,18.5,19.75,-19.75,True,-19.75,
20221213,5244181,-1,12247.25,,5244301,S07,12228.75,12247.75,1,5244191,18.5,19.75,-19.75,True,-19.75,
20221214,5245561,1,11957.0,,5245681,S07,11975.5,12044.25,3,5245681,18.5,19.75,68.0,True,68.0,
20221215,5246941,-1,11666.75,,5247061,S07,11648.25,11487.5,3,5247061,18.5,19.75,160.0,True,160.0,
20221216,5248321,1,11422.75,,5248441,S07,11441.25,11422.25,1,5248327,18.5,19.75,-19.75,True,-19.75,
20221219,5249701,-1,11325.5,,5249821,S07,11307.0,11326.0,1,5249707,18.5,19.75,-19.75,True,-19.75,
20221220,5251081,1,11128.0,,5251201,S07,11146.5,11127.5,1,5251082,18.5,19.75,-19.75,True,-19.75,
20221221,5252461,-1,11215.5,,5252581,S07,11197.0,11216.0,1,5252466,18.5,19.75,-19.75,True,-19.75,
20221222,5253840,-1,11171.5,,5253960,S07,11153.0,10996.5,3,5253960,18.5,19.75,155.75,True,155.75,
20221223,5255220,1,11003.5,,5255340,S07,11022.0,11003.0,1,5255221,18.5,19.75,-19.75,True,-19.75,
20221227,5256600,-1,11040.0,,5256720,S07,11021.5,10976.0,3,5256720,18.5,19.75,44.75,True,44.75,
20221228,5257980,1,10936.0,,5258100,S07,10954.5,10935.5,1,5257999,18.5,19.75,-19.75,True,-19.75,
20221229,5259359,1,10863.25,,5259479,S07,10881.75,11043.75,3,5259479,18.5,19.75,161.25,True,161.25,
20221230,5260737,1,10918.25,,5260857,S07,10936.75,10917.75,1,5260744,18.5,19.75,-19.75,True,-19.75,
20230103,5262117,1,11115.5,,5262237,S07,11134.0,11115.0,1,5262118,18.5,19.75,-19.75,True,-19.75,
20230104,5263497,-1,10984.25,,5263617,S07,10965.75,10984.75,1,5263498,18.5,19.75,-19.75,True,-19.75,
20230105,5264877,-1,10880.5,,5264997,S07,10862.0,10881.0,1,5264879,18.5,19.75,-19.75,True,-19.75,
20230106,5266257,1,10902.0,,5266377,S07,10920.5,10901.5,1,5266260,18.5,19.75,-19.75,True,-19.75,
20230109,5267635,1,11201.75,,5267755,S07,11220.25,11201.25,1,5267638,18.5,19.75,-19.75,True,-19.75,
20230109,5267673,1,11298.75,,-1,PV2_V7m,11315.5,11298.25,1,5267675,16.75,18.0,-18.0,True,-37.75,
20230110,5269015,1,11186.0,,5269135,S07,11204.5,11185.5,1,5269023,18.5,19.75,-19.75,True,-19.75,
20230111,5270395,-1,11325.75,,5270515,S07,11307.25,11326.25,1,5270397,18.5,19.75,-19.75,True,-19.75,
20230112,5271775,-1,11476.25,,5271895,S07,11457.75,11476.75,1,5271814,18.5,19.75,-19.75,True,-19.75,
20230113,5273155,1,11418.5,,5273275,S07,11437.0,11418.0,1,5273164,18.5,19.75,-19.75,True,-19.75,
20230116,5274534,1,11579.75,,5274654,S07,11598.25,11579.25,1,5274652,18.5,19.75,-19.75,True,-19.75,
20230117,5275674,-1,11607.75,,5275794,S07,11589.25,11608.25,1,5275676,18.5,19.75,-19.75,True,-19.75,
20230118,5277054,-1,11716.0,,5277174,S07,11697.5,11716.5,1,5277055,18.5,19.75,-19.75,True,-19.75,
20230119,5278434,1,11420.25,,5278554,S07,11438.75,11419.75,1,5278436,18.5,19.75,-19.75,True,-19.75,
20230120,5279814,-1,11419.5,,5279934,S07,11401.0,11420.0,1,5279821,18.5,19.75,-19.75,True,-19.75,
20230123,5281193,1,11681.5,,5281313,S07,11700.0,11922.25,3,5281313,18.5,19.75,221.5,True,221.5,
20230124,5282573,1,11858.0,,5282693,S07,11876.5,11857.5,1,5282577,18.5,19.75,-19.75,True,-19.75,
20230125,5283953,-1,11699.25,,5284073,S07,11680.75,11699.75,1,5283956,18.5,19.75,-19.75,True,-19.75,
20230125,5283983,-1,11642.75,,-1,PV2_V7m,11628.25,11643.25,1,5283985,14.5,15.75,-15.75,True,-35.5,
20230126,5285333,1,12025.75,,5285453,S07,12044.25,12025.25,1,5285343,18.5,19.75,-19.75,True,-19.75,
20230127,5286713,1,12059.5,,5286833,S07,12078.0,12181.25,3,5286833,18.5,19.75,102.5,True,102.5,
20230130,5288093,1,12075.75,,5288213,S07,12094.25,12075.25,1,5288094,18.5,19.75,-19.75,True,-19.75,
20230131,5289473,1,11989.75,,5289593,S07,12008.25,11989.25,1,5289480,18.5,19.75,-19.75,True,-19.75,
20230201,5290853,-1,12140.75,,5290973,S07,12122.25,12141.25,1,5290871,18.5,19.75,-19.75,True,-19.75,
20230202,5292233,1,12694.25,,5292353,S07,12712.75,12693.75,1,5292234,18.5,19.75,-19.75,True,-19.75,
20230203,5293613,1,12590.0,,5293733,S07,12608.5,12866.0,3,5293733,18.5,19.75,256.75,True,256.75,
20230206,5294993,1,12527.75,,5295113,S07,12546.25,12527.25,1,5294997,18.5,19.75,-19.75,True,-19.75,
20230207,5296372,-1,12525.75,,5296492,S07,12507.25,12526.25,1,5296377,18.5,19.75,-19.75,True,-19.75,
20230208,5297752,-1,12720.5,,5297872,S07,12702.0,12721.0,1,5297755,18.5,19.75,-19.75,True,-19.75,
20230209,5299132,-1,12718.0,,5299252,S07,12699.5,12572.5,3,5299252,18.5,19.75,126.25,True,126.25,
20230210,5300512,1,12351.25,,5300632,S07,12369.75,12350.75,1,5300517,18.5,19.75,-19.75,True,-19.75,
20230213,5301892,-1,12396.25,,5302012,S07,12377.75,12396.75,1,5301899,18.5,19.75,-19.75,True,-19.75,
20230214,5303272,-1,12428.0,,5303392,S07,12409.5,12428.5,1,5303273,18.5,19.75,-19.75,True,-19.75,
20230214,5303314,1,12637.25,,-1,PV2_V7m,12653.0,12636.75,1,5303318,15.75,17.0,-17.0,True,-36.75,
20230215,5304652,1,12580.75,,5304772,S07,12599.25,12580.25,1,5304658,18.5,19.75,-19.75,True,-19.75,
20230216,5306032,1,12529.0,,5306152,S07,12547.5,12528.5,1,5306035,18.5,19.75,-19.75,True,-19.75,
20230217,5307412,1,12382.0,,5307532,S07,12400.5,12381.5,1,5307416,18.5,19.75,-19.75,True,-19.75,
20230220,5308792,-1,12407.0,,5308912,S07,12388.5,12379.5,3,5308912,18.5,19.75,8.25,True,8.25,
20230221,5309931,1,12228.25,,5310051,S07,12246.75,12227.75,1,5309949,18.5,19.75,-19.75,True,-19.75,
20230222,5311311,1,12124.25,,5311431,S07,12142.75,12123.75,1,5311314,18.5,19.75,-19.75,True,-19.75,
20230223,5312690,-1,12261.5,,5312810,S07,12243.0,12082.5,3,5312810,18.5,19.75,159.75,True,159.75,
20230224,5314070,1,12000.25,,5314190,S07,12018.75,11999.75,1,5314074,18.5,19.75,-19.75,True,-19.75,
20230227,5315450,1,12117.25,,5315570,S07,12135.75,12116.75,1,5315455,18.5,19.75,-19.75,True,-19.75,
20230228,5316829,-1,12075.0,,5316949,S07,12056.5,12075.5,1,5316836,18.5,19.75,-19.75,True,-19.75,
20230301,5318209,-1,12053.25,,5318329,S07,12034.75,12053.75,1,5318221,18.5,19.75,-19.75,True,-19.75,
20230302,5319589,1,11847.25,,5319709,S07,11865.75,11888.75,3,5319709,18.5,19.75,22.25,True,22.25,
20230303,5320969,-1,12134.5,,5321089,S07,12116.0,12135.0,1,5320974,18.5,19.75,-19.75,True,-19.75,
20230306,5322349,1,12372.25,,5322469,S07,12390.75,12371.75,1,5322351,18.5,19.75,-19.75,True,-19.75,
20230307,5323728,1,12320.75,,5323848,S07,12339.25,12320.25,1,5323755,18.5,19.75,-19.75,True,-19.75,
20230307,5323769,-1,12225.0,,-1,PV2_V7m,12212.25,12225.5,1,5323777,12.75,14.0,-14.0,True,-33.75,
20230308,5325108,-1,12208.0,,5325228,S07,12189.5,12208.5,1,5325166,18.5,19.75,-19.75,True,-19.75,
20230309,5326488,1,12247.5,,5326608,S07,12266.0,12293.75,3,5326608,18.5,19.75,27.0,True,27.0,
20230310,5327868,-1,12002.0,,5327988,S07,11983.5,12002.5,1,5327952,18.5,19.75,-19.75,True,-19.75,
20230313,5329248,1,11896.25,,5329368,S07,11914.75,11895.75,1,5329249,18.5,19.75,-19.75,True,-19.75,
20230314,5330628,1,12198.0,,5330748,S07,12216.5,12350.0,3,5330748,18.5,19.75,132.75,True,132.75,
20230315,5332008,1,12225.75,,5332128,S07,12244.25,12225.25,1,5332012,18.5,19.75,-19.75,True,-19.75,
20230316,5333388,-1,12353.0,,5333508,S07,12334.5,12353.5,1,5333393,18.5,19.75,-19.75,True,-19.75,
20230317,5334768,1,12699.75,,5334888,S07,12718.25,12699.25,1,5334770,18.5,19.75,-19.75,True,-19.75,
20230320,5336148,-1,12640.75,,5336268,S07,12622.25,12641.25,1,5336232,18.5,19.75,-19.75,True,-19.75,
20230321,5337528,1,12782.25,,5337648,S07,12800.75,12781.75,1,5337535,18.5,19.75,-19.75,True,-19.75,
20230322,5338908,-1,12875.25,,5339028,S07,12856.75,12875.75,1,5338912,18.5,19.75,-19.75,True,-19.75,
20230323,5340288,1,12855.25,,5340408,S07,12873.75,12854.75,1,5340295,18.5,19.75,-19.75,True,-19.75,
20230324,5341668,-1,12816.0,,5341788,S07,12797.5,12816.5,1,5341690,18.5,19.75,-19.75,True,-19.75,
20230327,5343048,-1,12924.5,,5343168,S07,12906.0,12925.0,1,5343057,18.5,19.75,-19.75,True,-19.75,
20230327,5343194,-1,12792.25,,-1,PV2_V7m,12782.0,12792.75,1,5343210,10.25,11.5,-11.5,True,-31.25,
20230328,5344428,-1,12747.25,,5344548,S07,12728.75,12702.75,3,5344548,18.5,19.75,25.25,True,25.25,
20230329,5345808,1,12887.75,,5345928,S07,12906.25,12887.25,1,5345860,18.5,19.75,-19.75,True,-19.75,
20230330,5347188,1,13049.25,,5347308,S07,13067.75,13048.75,1,5347191,18.5,19.75,-19.75,True,-19.75,
20230331,5348568,1,13096.0,,5348688,S07,13114.5,13192.25,3,5348688,18.5,19.75,77.0,True,77.0,
20230403,5349948,1,13214.0,,5350068,S07,13232.5,13213.5,1,5350023,18.5,19.75,-19.75,True,-19.75,
20230404,5351327,-1,13298.5,,5351447,S07,13280.0,13299.0,1,5351354,18.5,19.75,-19.75,True,-19.75,
20230405,5352707,-1,13189.0,,5352827,S07,13170.5,13059.25,3,5352827,18.5,19.75,110.5,True,110.5,
20230406,5353790,-1,12994.25,,5353910,S07,12975.75,12994.75,1,5353817,18.5,19.75,-19.75,True,-19.75,
20230406,5353946,1,13133.5,,-1,PV2_V7m,13137.25,13133.0,1,5353947,3.75,5.0,-5.0,True,-24.75,
20230410,5356083,-1,13050.25,,5356203,S07,13031.75,13050.75,1,5356176,18.5,19.75,-19.75,True,-19.75,
20230411,5357463,-1,13160.75,,5357583,S07,13142.25,13078.0,3,5357583,18.5,19.75,63.5,True,63.5,
20230412,5358842,1,13159.0,,5358962,S07,13177.5,13158.5,1,5358843,18.5,19.75,-19.75,True,-19.75,
20230413,5360222,1,13029.75,,5360342,S07,13048.25,13123.5,3,5360342,18.5,19.75,74.5,True,74.5,
20230414,5361602,1,13121.25,,5361722,S07,13139.75,13120.75,1,5361671,18.5,19.75,-19.75,True,-19.75,
20230417,5362982,-1,13182.25,,5363102,S07,13163.75,13182.75,1,5362984,18.5,19.75,-19.75,True,-19.75,
20230418,5364361,-1,13282.25,,5364481,S07,13263.75,13282.75,1,5364371,18.5,19.75,-19.75,True,-19.75,
20230419,5365740,1,13090.0,,5365860,S07,13108.5,13089.5,1,5365761,18.5,19.75,-19.75,True,-19.75,
20230420,5367120,1,13062.25,,5367240,S07,13080.75,13113.5,3,5367240,18.5,19.75,32.0,True,32.0,
20230421,5368500,1,13049.75,,5368620,S07,13068.25,13049.25,1,5368501,18.5,19.75,-19.75,True,-19.75,
20230424,5369880,1,13065.25,,5370000,S07,13083.75,13064.75,1,5369942,18.5,19.75,-19.75,True,-19.75,
20230425,5371260,-1,13012.5,,5371380,S07,12994.0,13013.0,1,5371270,18.5,19.75,-19.75,True,-19.75,
20230426,5372640,-1,12932.25,,5372760,S07,12913.75,12932.75,1,5372643,18.5,19.75,-19.75,True,-19.75,
20230427,5374020,-1,13033.0,,5374140,S07,13014.5,13033.5,1,5374023,18.5,19.75,-19.75,True,-19.75,
20230428,5375400,-1,13222.25,,5375520,S07,13203.75,13222.75,1,5375418,18.5,19.75,-19.75,True,-19.75,
20230501,5376780,-1,13312.5,,5376900,S07,13294.0,13313.0,1,5376788,18.5,19.75,-19.75,True,-19.75,
20230502,5378160,1,13287.5,,5378280,S07,13306.0,13287.0,1,5378164,18.5,19.75,-19.75,True,-19.75,
20230503,5379539,-1,13213.75,,5379659,S07,13195.25,13214.25,1,5379541,18.5,19.75,-19.75,True,-19.75,
20230504,5380919,-1,13074.75,,5381039,S07,13056.25,13075.25,1,5380920,18.5,19.75,-19.75,True,-19.75,
20230505,5382299,1,13134.25,,5382419,S07,13152.75,13270.0,3,5382419,18.5,19.75,116.5,True,116.5,
20230508,5383679,-1,13318.0,,5383799,S07,13299.5,13292.5,3,5383799,18.5,19.75,6.25,True,6.25,
20230509,5385057,1,13268.0,,5385177,S07,13286.5,13267.5,1,5385156,18.5,19.75,-19.75,True,-19.75,
20230510,5386437,1,13387.25,,5386557,S07,13405.75,13386.75,1,5386443,18.5,19.75,-19.75,True,-19.75,
20230510,5386478,1,13416.5,,-1,PV2_V7m,13420.0,13416.0,1,5386480,3.5,4.75,-4.75,True,-24.5,
20230511,5387817,-1,13405.0,,5387937,S07,13386.5,13405.5,1,5387826,18.5,19.75,-19.75,True,-19.75,
20230512,5389197,1,13462.75,,5389317,S07,13481.25,13462.25,1,5389202,18.5,19.75,-19.75,True,-19.75,
20230515,5390577,-1,13432.0,,5390697,S07,13413.5,13432.5,1,5390685,18.5,19.75,-19.75,True,-19.75,
20230516,5391957,1,13450.25,,5392077,S07,13468.75,13522.5,3,5392077,18.5,19.75,53.0,True,53.0,
20230517,5393337,1,13512.25,,5393457,S07,13530.75,13511.75,1,5393347,18.5,19.75,-19.75,True,-19.75,
20230518,5394717,1,13657.5,,5394837,S07,13676.0,13821.0,3,5394837,18.5,19.75,144.25,True,144.25,
20230519,5396097,-1,13915.5,,5396217,S07,13897.0,13916.0,1,5396104,18.5,19.75,-19.75,True,-19.75,
20230522,5397477,1,13857.25,,5397597,S07,13875.75,13911.0,3,5397597,18.5,19.75,34.5,True,34.5,
20230523,5398857,1,13832.0,,5398977,S07,13850.5,13866.25,3,5398977,18.5,19.75,15.0,True,15.0,
20230524,5400237,1,13631.0,,5400357,S07,13649.5,13630.5,1,5400258,18.5,19.75,-19.75,True,-19.75,
20230525,5401617,-1,13911.75,,5401737,S07,13893.25,13912.25,1,5401684,18.5,19.75,-19.75,True,-19.75,
20230526,5402997,1,14025.5,,5403117,S07,14044.0,14025.0,1,5402999,18.5,19.75,-19.75,True,-19.75,
20230526,5403028,1,14123.25,,-1,PV2_V7m,14133.25,14293.25,3,5403148,10.0,11.25,159.25,True,139.5,
20230529,5404377,-1,14389.5,,5404497,S07,14371.0,14390.0,1,5404454,18.5,19.75,-19.75,True,-19.75,
20230530,5405517,1,14500.0,,5405637,S07,14518.5,14499.5,1,5405519,18.5,19.75,-19.75,True,-19.75,
20230531,5406897,1,14320.0,,5407017,S07,14338.5,14319.5,1,5406941,18.5,19.75,-19.75,True,-19.75,
20230601,5408277,1,14282.25,,5408397,S07,14300.75,14281.75,1,5408278,18.5,19.75,-19.75,True,-19.75,
20230601,5408354,1,14361.75,,-1,PV2_V7m,14365.25,14361.25,1,5408355,3.5,4.75,-4.75,True,-24.5,
20230602,5409657,1,14589.75,,5409777,S07,14608.25,14589.25,1,5409669,18.5,19.75,-19.75,True,-19.75,
20230605,5411032,1,14580.75,,5411152,S07,14599.25,14580.25,1,5411056,18.5,19.75,-19.75,True,-19.75,
20230606,5412412,-1,14538.75,,5412532,S07,14520.25,14539.25,1,5412420,18.5,19.75,-19.75,True,-19.75,
20230607,5413790,1,14630.0,,5413910,S07,14648.5,14629.5,1,5413811,18.5,19.75,-19.75,True,-19.75,
20230608,5415170,1,14355.25,,5415290,S07,14373.75,14354.75,1,5415171,18.5,19.75,-19.75,True,-19.75,
20230608,5415208,1,14385.25,,-1,PV2_V7m,14398.0,14494.25,3,5415328,12.75,14.0,95.5,True,75.75,
20230609,5416550,1,14561.25,,5416670,S07,14579.75,14560.75,1,5416628,18.5,19.75,-19.75,True,-19.75,
20230612,5417925,1,14784.75,,5418045,S07,14803.25,14784.25,1,5417929,18.5,19.75,-19.75,True,-19.75,
20230613,5419305,-1,15127.0,,5419425,S07,15108.5,15127.5,1,5419315,18.5,19.75,-19.75,True,-19.75,
20230614,5420684,-1,15097.75,,5420804,S07,15079.25,15098.25,1,5420693,18.5,19.75,-19.75,True,-19.75,
20230615,5422064,-1,15136.5,,5422184,S07,15118.0,15137.0,1,5422070,18.5,19.75,-19.75,True,-19.75,
20230616,5423444,-1,15446.5,,5423564,S07,15428.0,15350.75,3,5423564,18.5,19.75,76.5,True,76.5,
20230619,5424824,-1,15265.25,,5424944,S07,15246.75,15234.5,3,5424944,18.5,19.75,11.5,True,11.5,
20230620,5425963,1,15240.25,,5426083,S07,15258.75,15239.75,1,5425986,18.5,19.75,-19.75,True,-19.75,
20230621,5427342,-1,15214.25,,5427462,S07,15195.75,15214.75,1,5427345,18.5,19.75,-19.75,True,-19.75,
20230622,5428722,1,14991.75,,5428842,S07,15010.25,15128.75,3,5428842,18.5,19.75,117.75,True,117.75,
20230623,5430102,1,15042.0,,5430222,S07,15060.5,15041.5,1,5430109,18.5,19.75,-19.75,True,-19.75,
20230626,5431482,1,15031.75,,5431602,S07,15050.25,15031.25,1,5431551,18.5,19.75,-19.75,True,-19.75,
20230627,5432862,-1,14924.75,,5432982,S07,14906.25,14925.25,1,5432863,18.5,19.75,-19.75,True,-19.75,
20230628,5434242,1,15040.25,,5434362,S07,15058.75,15039.75,1,5434255,18.5,19.75,-19.75,True,-19.75,
20230629,5435622,1,15107.25,,5435742,S07,15125.75,15106.75,1,5435633,18.5,19.75,-19.75,True,-19.75,
20230630,5437000,1,15238.5,,5437120,S07,15257.0,15318.5,3,5437120,18.5,19.75,60.75,True,60.75,
20230703,5438380,1,15346.75,,5438500,S07,15365.25,15346.25,1,5438384,18.5,19.75,-19.75,True,-19.75,
20230704,5439533,1,15345.75,,5439653,S07,15364.25,15345.25,1,5439600,18.5,19.75,-19.75,True,-19.75,
20230705,5440672,1,15314.25,,5440792,S07,15332.75,15371.75,3,5440792,18.5,19.75,38.25,True,38.25,
20230706,5442052,-1,15193.0,,5442172,S07,15174.5,15193.5,1,5442059,18.5,19.75,-19.75,True,-19.75,
20230707,5443431,-1,15235.5,,5443551,S07,15217.0,15236.0,1,5443443,18.5,19.75,-19.75,True,-19.75,
20230710,5444811,1,15177.5,,5444931,S07,15196.0,15177.0,1,5444821,18.5,19.75,-19.75,True,-19.75,
20230711,5446191,-1,15215.5,,5446311,S07,15197.0,15216.0,1,5446193,18.5,19.75,-19.75,True,-19.75,
20230712,5447570,1,15416.0,,5447690,S07,15434.5,15415.5,1,5447577,18.5,19.75,-19.75,True,-19.75,
20230713,5448950,1,15572.75,,5449070,S07,15591.25,15572.25,1,5449003,18.5,19.75,-19.75,True,-19.75,
20230714,5450330,1,15744.5,,5450450,S07,15763.0,15819.75,3,5450450,18.5,19.75,56.0,True,56.0,
20230717,5451710,1,15733.5,,5451830,S07,15752.0,15733.0,1,5451722,18.5,19.75,-19.75,True,-19.75,
20230718,5453090,-1,15791.5,,5453210,S07,15773.0,15792.0,1,5453162,18.5,19.75,-19.75,True,-19.75,
20230718,5453271,1,15898.75,,-1,PV2_V7m,15913.75,15898.25,1,5453293,15.0,16.25,-16.25,True,-36.0,
20230719,5454470,-1,16017.75,,5454590,S07,15999.25,16018.25,1,5454476,18.5,19.75,-19.75,True,-19.75,
20230720,5455850,1,15855.5,,5455970,S07,15874.0,15855.0,1,5455877,18.5,19.75,-19.75,True,-19.75,
20230721,5457230,1,15681.0,,5457350,S07,15699.5,15680.5,1,5457235,18.5,19.75,-19.75,True,-19.75,
20230724,5458610,1,15584.75,,5458730,S07,15603.25,15584.25,1,5458616,18.5,19.75,-19.75,True,-19.75,
20230725,5459989,1,15602.0,,5460109,S07,15620.5,15654.75,3,5460109,18.5,19.75,33.5,True,33.5,
20230726,5461369,-1,15597.75,,5461489,S07,15579.25,15598.25,1,5461377,18.5,19.75,-19.75,True,-19.75,
20230727,5462749,1,15832.5,,5462869,S07,15851.0,15832.0,1,5462789,18.5,19.75,-19.75,True,-19.75,
20230728,5464129,1,15726.0,,5464249,S07,15744.5,15725.5,1,5464132,18.5,19.75,-19.75,True,-19.75,
20230728,5464161,1,15808.25,,-1,PV2_V7m,15822.0,15807.75,1,5464170,13.75,15.0,-15.0,True,-34.75,
20230731,5465509,-1,15881.25,,5465629,S07,15862.75,15881.75,1,5465514,18.5,19.75,-19.75,True,-19.75,
20230801,5466889,-1,15786.0,,5467009,S07,15767.5,15786.5,1,5466890,18.5,19.75,-19.75,True,-19.75,
20230802,5468269,-1,15661.25,,5468389,S07,15642.75,15501.0,3,5468389,18.5,19.75,141.0,True,141.0,
20230803,5469649,-1,15372.75,,5469769,S07,15354.25,15373.25,1,5469650,18.5,19.75,-19.75,True,-19.75,
20230804,5471029,1,15532.25,,5471149,S07,15550.75,15531.75,1,5471037,18.5,19.75,-19.75,True,-19.75,
20230807,5472409,-1,15440.75,,5472529,S07,15422.25,15441.25,1,5472413,18.5,19.75,-19.75,True,-19.75,
20230808,5473789,-1,15375.25,,5473909,S07,15356.75,15247.5,3,5473909,18.5,19.75,108.5,True,108.5,
20230809,5475169,-1,15371.25,,5475289,S07,15352.75,15183.0,3,5475289,18.5,19.75,169.0,True,169.0,
20230810,5476549,-1,15320.0,,5476669,S07,15301.5,15320.5,1,5476550,18.5,19.75,-19.75,True,-19.75,
20230810,5476581,1,15425.0,,-1,PV2_V7m,15434.75,15424.5,1,5476583,9.75,11.0,-11.0,True,-30.75,
20230811,5477929,-1,15095.5,,5478049,S07,15077.0,15096.0,1,5477931,18.5,19.75,-19.75,True,-19.75,
20230814,5479309,1,15043.0,,5479429,S07,15061.5,15042.5,1,5479313,18.5,19.75,-19.75,True,-19.75,
20230815,5480689,1,15209.5,,5480809,S07,15228.0,15209.0,1,5480700,18.5,19.75,-19.75,True,-19.75,
20230815,5480730,-1,15147.75,,-1,PV2_V7m,15135.5,15148.25,1,5480737,12.25,13.5,-13.5,True,-33.25,
20230816,5482069,-1,15079.75,,5482189,S07,15061.25,15080.25,1,5482073,18.5,19.75,-19.75,True,-19.75,
20230817,5483449,-1,14990.5,,5483569,S07,14972.0,14867.5,3,5483569,18.5,19.75,103.75,True,103.75,
20230818,5484829,1,14650.5,,5484949,S07,14669.0,14650.0,1,5484830,18.5,19.75,-19.75,True,-19.75,
20230821,5486209,1,14806.0,,5486329,S07,14824.5,14805.5,1,5486306,18.5,19.75,-19.75,True,-19.75,
20230822,5487589,-1,15097.0,,5487709,S07,15078.5,15019.75,3,5487709,18.5,19.75,58.0,True,58.0,
20230823,5488969,1,15005.25,,5489089,S07,15023.75,15004.75,1,5488975,18.5,19.75,-19.75,True,-19.75,
20230823,5489000,1,15082.0,,-1,PV2_V7m,15094.5,15182.5,3,5489120,12.5,13.75,87.25,True,67.5,
20230824,5490349,-1,15289.25,,5490469,S07,15270.75,15006.75,3,5490469,18.5,19.75,263.25,True,263.25,
20230825,5491729,1,14910.0,,5491849,S07,14928.5,14909.5,1,5491734,18.5,19.75,-19.75,True,-19.75,
20230828,5493107,1,15084.5,,5493227,S07,15103.0,15084.0,1,5493111,18.5,19.75,-19.75,True,-19.75,
20230829,5494486,1,15077.0,,5494606,S07,15095.5,15355.0,3,5494606,18.5,19.75,258.75,True,258.75,
20230830,5495866,-1,15440.75,,5495986,S07,15422.25,15441.25,1,5495867,18.5,19.75,-19.75,True,-19.75,
20230831,5497246,1,15530.75,,5497366,S07,15549.25,15530.25,1,5497247,18.5,19.75,-19.75,True,-19.75,
20230901,5498626,-1,15649.0,,5498746,S07,15630.5,15507.25,3,5498746,18.5,19.75,122.5,True,122.5,
20230904,5500004,1,15545.0,,5500124,S07,15563.5,15544.5,1,5500062,18.5,19.75,-19.75,True,-19.75,
20230905,5501144,1,15455.75,,5501264,S07,15474.25,15455.25,1,5501146,18.5,19.75,-19.75,True,-19.75,
20230906,5502524,-1,15493.75,,5502644,S07,15475.25,15494.25,1,5502534,18.5,19.75,-19.75,True,-19.75,
20230907,5503904,-1,15203.0,,5504024,S07,15184.5,15203.5,1,5503908,18.5,19.75,-19.75,True,-19.75,
20230908,5505284,1,15317.0,,5505404,S07,15335.5,15316.5,1,5505308,18.5,19.75,-19.75,True,-19.75,
20230911,5506664,1,15627.5,,5506784,S07,15646.0,15627.0,1,5506665,18.5,19.75,-19.75,True,-19.75,
20230912,5508043,1,15595.25,,5508163,S07,15613.75,15594.75,1,5508095,18.5,19.75,-19.75,True,-19.75,
20230913,5509423,1,15505.75,,5509543,S07,15524.25,15505.25,1,5509454,18.5,19.75,-19.75,True,-19.75,
20230914,5510803,-1,15622.75,,5510923,S07,15604.25,15623.25,1,5510810,18.5,19.75,-19.75,True,-19.75,
20230915,5512183,-1,15599.5,,5512303,S07,15581.0,15421.75,3,5512303,18.5,19.75,158.5,True,158.5,
20230918,5513562,1,15379.75,,5513682,S07,15398.25,15379.25,1,5513575,18.5,19.75,-19.75,True,-19.75,
20230919,5514942,-1,15355.75,,5515062,S07,15337.25,15356.25,1,5514943,18.5,19.75,-19.75,True,-19.75,
20230920,5516321,-1,15409.25,,5516441,S07,15390.75,15409.75,1,5516326,18.5,19.75,-19.75,True,-19.75,
20230921,5517701,-1,15001.0,,5517821,S07,14982.5,15001.5,1,5517703,18.5,19.75,-19.75,True,-19.75,
20230922,5519081,-1,14948.0,,5519201,S07,14929.5,14948.5,1,5519096,18.5,19.75,-19.75,True,-19.75,
20230925,5520460,-1,14809.5,,5520580,S07,14791.0,14810.0,1,5520462,18.5,19.75,-19.75,True,-19.75,
20230926,5521840,-1,14826.75,,5521960,S07,14808.25,14827.25,1,5521841,18.5,19.75,-19.75,True,-19.75,
20230927,5523220,-1,14784.0,,5523340,S07,14765.5,14784.5,1,5523231,18.5,19.75,-19.75,True,-19.75,
20230928,5524600,-1,14707.0,,5524720,S07,14688.5,14707.5,1,5524601,18.5,19.75,-19.75,True,-19.75,
20230929,5525980,-1,15016.75,,5526100,S07,14998.25,15017.25,1,5525995,18.5,19.75,-19.75,True,-19.75,
20231002,5527360,1,14885.5,,5527480,S07,14904.0,15021.0,3,5527480,18.5,19.75,116.25,True,116.25,
20231003,5528740,1,14878.25,,5528860,S07,14896.75,14877.75,1,5528769,18.5,19.75,-19.75,True,-19.75,
20231004,5530120,1,14771.0,,5530240,S07,14789.5,14770.5,1,5530149,18.5,19.75,-19.75,True,-19.75,
20231005,5531500,1,14887.5,,5531620,S07,14906.0,14887.0,1,5531506,18.5,19.75,-19.75,True,-19.75,
20231005,5531543,-1,14788.0,,-1,PV2_V7m,14777.25,14788.5,1,5531545,10.75,12.0,-12.0,True,-31.75,
20231006,5532880,1,14767.75,,5533000,S07,14786.25,14767.25,1,5532881,18.5,19.75,-19.75,True,-19.75,
20231006,5533014,1,14994.0,,-1,PV2_V7m,15001.0,15085.0,3,5533134,7.0,8.25,83.25,True,63.5,
20231009,5534260,-1,14991.75,,5534380,S07,14973.25,14992.25,1,5534266,18.5,19.75,-19.75,True,-19.75,
20231010,5535637,1,15195.0,,5535757,S07,15213.5,15194.5,1,5535640,18.5,19.75,-19.75,True,-19.75,
20231011,5537017,1,15347.5,,5537137,S07,15366.0,15347.0,1,5537024,18.5,19.75,-19.75,True,-19.75,
20231012,5538397,-1,15400.75,,5538517,S07,15382.25,15401.25,1,5538399,18.5,19.75,-19.75,True,-19.75,
20231012,5538681,-1,15236.25,,-1,PV2_V7m,15224.0,15236.75,1,5538684,12.25,13.5,-13.5,True,-33.25,
20231013,5539777,-1,15353.75,,5539897,S07,15335.25,15354.25,1,5539784,18.5,19.75,-19.75,True,-19.75,
20231016,5541157,1,15203.0,,5541277,S07,15221.5,15202.5,1,5541168,18.5,19.75,-19.75,True,-19.75,
20231017,5542537,-1,15141.5,,5542657,S07,15123.0,15142.0,1,5542573,18.5,19.75,-19.75,True,-19.75,
20231018,5543917,1,15153.25,,5544037,S07,15171.75,15152.75,1,5543921,18.5,19.75,-19.75,True,-19.75,
20231019,5545297,-1,15107.25,,5545417,S07,15088.75,15107.75,1,5545337,18.5,19.75,-19.75,True,-19.75,
20231020,5546677,-1,14831.75,,5546797,S07,14813.25,14832.25,1,5546679,18.5,19.75,-19.75,True,-19.75,
20231023,5548057,-1,14599.0,,5548177,S07,14580.5,14599.5,1,5548073,18.5,19.75,-19.75,True,-19.75,
20231024,5549437,1,14769.25,,5549557,S07,14787.75,14768.75,1,5549454,18.5,19.75,-19.75,True,-19.75,
20231025,5550817,-1,14703.0,,5550937,S07,14684.5,14624.75,3,5550937,18.5,19.75,59.0,True,59.0,
20231026,5552197,1,14439.5,,5552317,S07,14458.0,14439.0,1,5552198,18.5,19.75,-19.75,True,-19.75,
20231026,5552230,-1,14338.25,,-1,PV2_V7m,14319.75,14338.75,1,5552270,18.5,19.75,-19.75,True,-39.5,
20231027,5553577,1,14317.5,,5553697,S07,14336.0,14317.0,1,5553579,18.5,19.75,-19.75,True,-19.75,
20231030,5554957,1,14358.75,,5555077,S07,14377.25,14358.25,1,5555002,18.5,19.75,-19.75,True,-19.75,
20231031,5556337,-1,14405.0,,5556457,S07,14386.5,14405.5,1,5556375,18.5,19.75,-19.75,True,-19.75,
20231101,5557717,1,14516.25,,5557837,S07,14534.75,14579.5,3,5557837,18.5,19.75,44.0,True,44.0,
20231102,5559097,1,14908.75,,5559217,S07,14927.25,14908.25,1,5559110,18.5,19.75,-19.75,True,-19.75,
20231103,5560477,1,15049.75,,5560597,S07,15068.25,15049.25,1,5560483,18.5,19.75,-19.75,True,-19.75,
20231106,5561857,-1,15235.25,,5561977,S07,15216.75,15235.75,1,5561861,18.5,19.75,-19.75,True,-19.75,
20231107,5563237,-1,15266.5,,5563357,S07,15248.0,15267.0,1,5563247,18.5,19.75,-19.75,True,-19.75,
20231108,5564617,1,15381.75,,5564737,S07,15400.25,15381.25,1,5564645,18.5,19.75,-19.75,True,-19.75,
20231109,5565997,-1,15407.75,,5566117,S07,15389.25,15408.25,1,5566021,18.5,19.75,-19.75,True,-19.75,
20231110,5567377,1,15306.25,,5567497,S07,15324.75,15425.75,3,5567497,18.5,19.75,100.25,True,100.25,
20231113,5568757,1,15512.25,,5568877,S07,15530.75,15511.75,1,5568758,18.5,19.75,-19.75,True,-19.75,
20231114,5570137,-1,15823.75,,5570257,S07,15805.25,15824.25,1,5570138,18.5,19.75,-19.75,True,-19.75,
20231115,5571517,-1,15970.0,,5571637,S07,15951.5,15970.5,1,5571519,18.5,19.75,-19.75,True,-19.75,
20231116,5572897,-1,15859.75,,5573017,S07,15841.25,15860.25,1,5572909,18.5,19.75,-19.75,True,-19.75,
20231117,5574277,-1,15881.75,,5574397,S07,15863.25,15859.25,3,5574397,18.5,19.75,3.25,True,3.25,
20231120,5575657,1,15923.75,,5575777,S07,15942.25,16008.5,3,5575777,18.5,19.75,65.5,True,65.5,
20231121,5577037,-1,16016.25,,5577157,S07,15997.75,16016.75,1,5577043,18.5,19.75,-19.75,True,-19.75,
20231122,5578417,1,16104.0,,5578537,S07,16122.5,16103.5,1,5578435,18.5,19.75,-19.75,True,-19.75,
20231123,5579796,-1,16075.5,,5579916,S07,16057.0,16070.25,3,5579916,18.5,19.75,-14.0,True,-14.0,
20231124,5580936,1,16031.75,,5581056,S07,16050.25,16031.25,1,5580940,18.5,19.75,-19.75,True,-19.75,
20231127,5582091,-1,16016.5,,5582211,S07,15998.0,16017.0,1,5582118,18.5,19.75,-19.75,True,-19.75,
20231128,5583471,1,15981.5,,5583591,S07,16000.0,15981.0,1,5583478,18.5,19.75,-19.75,True,-19.75,
20231129,5584851,1,16164.25,,5584971,S07,16182.75,16163.75,1,5584882,18.5,19.75,-19.75,True,-19.75,
20231130,5586231,1,16021.5,,5586351,S07,16040.0,16021.0,1,5586233,18.5,19.75,-19.75,True,-19.75,
20231130,5586267,-1,15947.25,,-1,PV2_V7m,15939.5,15947.75,1,5586269,7.75,9.0,-9.0,True,-28.75,
20231201,5587611,-1,15920.5,,5587731,S07,15902.0,15921.0,1,5587618,18.5,19.75,-19.75,True,-19.75,
20231201,5587805,1,16027.75,,-1,PV2_V7m,16030.75,16027.25,1,5587823,3.0,4.25,-4.25,True,-24.0,
20231204,5588991,-1,15880.5,,5589111,S07,15862.0,15776.0,3,5589111,18.5,19.75,85.25,True,85.25,
20231205,5590371,1,15784.25,,5590491,S07,15802.75,15889.5,3,5590491,18.5,19.75,86.0,True,86.0,
20231206,5591751,-1,15999.75,,5591871,S07,15981.25,15870.25,3,5591871,18.5,19.75,110.25,True,110.25,
20231207,5593131,1,15928.5,,5593251,S07,15947.0,15928.0,1,5593144,18.5,19.75,-19.75,True,-19.75,
20231208,5594511,1,15960.5,,5594631,S07,15979.0,15960.0,1,5594512,18.5,19.75,-19.75,True,-19.75,
20231211,5595889,1,16311.75,,5596009,S07,16330.25,16311.25,1,5595891,18.5,19.75,-19.75,True,-19.75,
20231212,5597269,-1,16447.25,,5597389,S07,16428.75,16447.75,1,5597287,18.5,19.75,-19.75,True,-19.75,
20231213,5598649,1,16603.75,,5598769,S07,16622.25,16603.25,1,5598672,18.5,19.75,-19.75,True,-19.75,
20231214,5600029,1,16832.75,,5600149,S07,16851.25,16832.25,1,5600031,18.5,19.75,-19.75,True,-19.75,
20231215,5601409,1,16777.0,,5601529,S07,16795.5,16883.0,3,5601529,18.5,19.75,86.75,True,86.75,
20231218,5602789,1,16848.0,,5602909,S07,16866.5,16847.5,1,5602804,18.5,19.75,-19.75,True,-19.75,
20231219,5604169,1,16955.5,,5604289,S07,16974.0,16955.0,1,5604173,18.5,19.75,-19.75,True,-19.75,
20231220,5605549,1,16970.5,,5605669,S07,16989.0,17031.5,3,5605669,18.5,19.75,41.75,True,41.75,
20231221,5606929,-1,16940.25,,5607049,S07,16921.75,16890.0,3,5607049,18.5,19.75,31.0,True,31.0,
20231222,5608309,1,16999.0,,5608429,S07,17017.5,16998.5,1,5608310,18.5,19.75,-19.75,True,-19.75,
20231226,5609689,1,17004.0,,5609809,S07,17022.5,17044.0,3,5609809,18.5,19.75,20.75,True,20.75,
20231227,5611069,1,17094.75,,5611189,S07,17113.25,17094.25,1,5611107,18.5,19.75,-19.75,True,-19.75,
20231228,5612449,-1,17154.5,,5612569,S07,17136.0,17116.0,3,5612569,18.5,19.75,19.25,True,19.25,
20231229,5613829,1,17075.0,,5613949,S07,17093.5,17074.5,1,5613833,18.5,19.75,-19.75,True,-19.75,
20240102,5615209,-1,16866.5,,5615329,S07,16848.0,16767.5,3,5615329,18.5,19.75,79.75,True,79.75,
20240103,5616589,-1,16618.75,,5616709,S07,16600.25,16619.25,1,5616590,18.5,19.75,-19.75,True,-19.75,
20240104,5617969,1,16450.0,,5618089,S07,16468.5,16449.5,1,5617996,18.5,19.75,-19.75,True,-19.75,
20240105,5619349,1,16448.5,,5619469,S07,16467.0,16448.0,1,5619356,18.5,19.75,-19.75,True,-19.75,
20240105,5619387,1,16536.0,,-1,PV2_V7m,16539.25,16535.5,1,5619391,3.25,4.5,-4.5,True,-24.25,
20240108,5620729,1,16527.0,,5620849,S07,16545.5,16658.0,3,5620849,18.5,19.75,111.75,True,111.75,
20240109,5622108,1,16683.0,,5622228,S07,16701.5,16682.5,1,5622112,18.5,19.75,-19.75,True,-19.75,
20240110,5623488,1,16842.5,,5623608,S07,16861.0,16842.0,1,5623505,18.5,19.75,-19.75,True,-19.75,
20240111,5624868,1,16982.25,,5624988,S07,17000.75,16981.75,1,5624880,18.5,19.75,-19.75,True,-19.75,
20240112,5626248,1,16967.75,,5626368,S07,16986.25,16967.25,1,5626275,18.5,19.75,-19.75,True,-19.75,
20240115,5627628,1,16944.5,,5627748,S07,16963.0,16944.0,1,5627643,18.5,19.75,-19.75,True,-19.75,
20240116,5628768,1,16901.5,,5628888,S07,16920.0,16901.0,1,5628774,18.5,19.75,-19.75,True,-19.75,
20240117,5630148,-1,16793.5,,5630268,S07,16775.0,16794.0,1,5630239,18.5,19.75,-19.75,True,-19.75,
20240118,5631528,1,17016.75,,5631648,S07,17035.25,17016.25,1,5631533,18.5,19.75,-19.75,True,-19.75,
20240119,5632908,-1,17206.75,,5633028,S07,17188.25,17207.25,1,5632918,18.5,19.75,-19.75,True,-19.75,
20240122,5634288,1,17547.0,,5634408,S07,17565.5,17546.5,1,5634292,18.5,19.75,-19.75,True,-19.75,
20240123,5635668,-1,17454.5,,5635788,S07,17436.0,17455.0,1,5635672,18.5,19.75,-19.75,True,-19.75,
20240124,5637048,-1,17694.25,,5637168,S07,17675.75,17694.75,1,5637089,18.5,19.75,-19.75,True,-19.75,
20240125,5638428,1,17684.25,,5638548,S07,17702.75,17683.75,1,5638432,18.5,19.75,-19.75,True,-19.75,
20240126,5639808,1,17549.0,,5639928,S07,17567.5,17548.5,1,5639810,18.5,19.75,-19.75,True,-19.75,
20240129,5641188,1,17527.5,,5641308,S07,17546.0,17527.0,1,5641219,18.5,19.75,-19.75,True,-19.75,
20240130,5642567,1,17663.25,,5642687,S07,17681.75,17662.75,1,5642590,18.5,19.75,-19.75,True,-19.75,
20240131,5643947,1,17389.5,,5644067,S07,17408.0,17389.0,1,5643952,18.5,19.75,-19.75,True,-19.75,
20240201,5645327,1,17299.5,,5645447,S07,17318.0,17299.0,1,5645350,18.5,19.75,-19.75,True,-19.75,
20240201,5645370,1,17333.75,,-1,PV2_V7m,17347.0,17333.25,1,5645374,13.25,14.5,-14.5,True,-34.25,
20240202,5646707,1,17478.75,,5646827,S07,17497.25,17683.0,3,5646827,18.5,19.75,185.0,True,185.0,
20240205,5648078,1,17706.0,,5648198,S07,17724.5,17705.5,1,5648083,18.5,19.75,-19.75,True,-19.75,
20240206,5649458,-1,17756.75,,5649578,S07,17738.25,17650.25,3,5649578,18.5,19.75,87.25,True,87.25,
20240207,5650838,-1,17768.5,,5650958,S07,17750.0,17769.0,1,5650876,18.5,19.75,-19.75,True,-19.75,
20240208,5652218,-1,17841.0,,5652338,S07,17822.5,17841.5,1,5652220,18.5,19.75,-19.75,True,-19.75,
20240209,5653597,-1,17920.75,,5653717,S07,17902.25,17921.25,1,5653619,18.5,19.75,-19.75,True,-19.75,
20240212,5654970,1,18020.5,,5655090,S07,18039.0,18020.0,1,5654985,18.5,19.75,-19.75,True,-19.75,
20240213,5656350,1,17610.75,,5656470,S07,17629.25,17737.5,3,5656470,18.5,19.75,107.5,True,107.5,
20240214,5657730,1,17777.75,,5657850,S07,17796.25,17777.25,1,5657732,18.5,19.75,-19.75,True,-19.75,
20240215,5659110,1,17870.75,,5659230,S07,17889.25,17870.25,1,5659112,18.5,19.75,-19.75,True,-19.75,
20240215,5659139,-1,17827.5,,-1,PV2_V7m,17816.5,17828.0,1,5659144,11.0,12.25,-12.25,True,-32.0,
20240216,5660490,-1,17922.25,,5660610,S07,17903.75,17922.75,1,5660494,18.5,19.75,-19.75,True,-19.75,
20240216,5660524,-1,17762.25,,-1,PV2_V7m,17756.25,17762.75,1,5660525,6.0,7.25,-7.25,True,-27.0,
20240219,5661870,1,17772.25,,5661990,S07,17790.75,17784.5,3,5661990,18.5,19.75,-7.0,True,-7.0,
20240220,5663010,1,17673.25,,5663130,S07,17691.75,17672.75,1,5663011,18.5,19.75,-19.75,True,-19.75,
20240220,5663043,-1,17552.25,,-1,PV2_V7m,17546.75,17552.75,1,5663044,5.5,6.75,-6.75,True,-26.5,
20240221,5664390,1,17474.0,,5664510,S07,17492.5,17473.5,1,5664400,18.5,19.75,-19.75,True,-19.75,
20240221,5664689,-1,17419.0,,-1,PV2_V7m,17410.0,17419.5,1,5664743,9.0,10.25,-10.25,True,-30.0,
20240222,5665770,-1,17887.0,,5665890,S07,17868.5,17887.5,1,5665774,18.5,19.75,-19.75,True,-19.75,
20240223,5667150,1,18115.75,,5667270,S07,18134.25,18115.25,1,5667166,18.5,19.75,-19.75,True,-19.75,
20240226,5668530,1,18008.0,,5668650,S07,18026.5,18007.5,1,5668532,18.5,19.75,-19.75,True,-19.75,
20240227,5669910,-1,18029.75,,5670030,S07,18011.25,18030.25,1,5669956,18.5,19.75,-19.75,True,-19.75,
20240228,5671290,-1,17923.25,,5671410,S07,17904.75,17923.75,1,5671291,18.5,19.75,-19.75,True,-19.75,
20240229,5672670,1,18030.25,,5672790,S07,18048.75,18029.75,1,5672707,18.5,19.75,-19.75,True,-19.75,
20240301,5674050,1,18118.75,,5674170,S07,18137.25,18118.25,1,5674054,18.5,19.75,-19.75,True,-19.75,
20240304,5675430,-1,18308.0,,5675550,S07,18289.5,18308.5,1,5675431,18.5,19.75,-19.75,True,-19.75,
20240305,5676810,-1,18100.0,,5676930,S07,18081.5,17941.75,3,5676930,18.5,19.75,139.0,True,139.0,
20240306,5678190,1,18091.75,,5678310,S07,18110.25,18091.25,1,5678192,18.5,19.75,-19.75,True,-19.75,
20240307,5679570,1,18155.5,,5679690,S07,18174.0,18155.0,1,5679582,18.5,19.75,-19.75,True,-19.75,
20240307,5679646,1,18262.75,,-1,PV2_V7m,18272.5,18262.25,1,5679647,9.75,11.0,-11.0,True,-30.75,
20240308,5680950,-1,18347.75,,5681070,S07,18329.25,18348.25,1,5680951,18.5,19.75,-19.75,True,-19.75,
20240311,5682330,-1,18177.5,,5682450,S07,18159.0,18178.0,1,5682331,18.5,19.75,-19.75,True,-19.75,
20240312,5683710,-1,18320.75,,5683830,S07,18302.25,18321.25,1,5683743,18.5,19.75,-19.75,True,-19.75,
20240312,5683773,1,18386.5,,-1,PV2_V7m,18394.5,18386.0,1,5683861,8.0,9.25,-9.25,True,-29.0,
20240313,5685090,-1,18420.5,,5685210,S07,18402.0,18326.25,3,5685210,18.5,19.75,75.0,True,75.0,
20240314,5686470,-1,18362.5,,5686590,S07,18344.0,18363.0,1,5686471,18.5,19.75,-19.75,True,-19.75,
20240314,5686507,-1,18274.0,,-1,PV2_V7m,18261.5,18274.5,1,5686508,12.5,13.75,-13.75,True,-33.5,
20240315,5687850,-1,18159.5,,5687970,S07,18141.0,18160.0,1,5687851,18.5,19.75,-19.75,True,-19.75,
20240318,5689230,1,18292.5,,5689350,S07,18311.0,18292.0,1,5689254,18.5,19.75,-19.75,True,-19.75,
20240319,5690610,1,18117.25,,5690730,S07,18135.75,18116.75,1,5690612,18.5,19.75,-19.75,True,-19.75,
20240320,5691990,1,18309.75,,5692110,S07,18328.25,18309.25,1,5691991,18.5,19.75,-19.75,True,-19.75,
20240321,5693370,-1,18682.75,,5693490,S07,18664.25,18683.25,1,5693375,18.5,19.75,-19.75,True,-19.75,
20240322,5694750,-1,18545.75,,5694870,S07,18527.25,18546.25,1,5694757,18.5,19.75,-19.75,True,-19.75,
20240325,5696130,1,18452.0,,5696250,S07,18470.5,18451.5,1,5696136,18.5,19.75,-19.75,True,-19.75,
20240326,5697510,1,18555.5,,5697630,S07,18574.0,18555.0,1,5697566,18.5,19.75,-19.75,True,-19.75,
20240327,5698890,-1,18541.25,,5699010,S07,18522.75,18398.0,3,5699010,18.5,19.75,124.0,True,124.0,
20240328,5700269,-1,18490.5,,5700389,S07,18472.0,18491.0,1,5700274,18.5,19.75,-19.75,True,-19.75,
20240401,5701649,1,18513.75,,5701769,S07,18532.25,18513.25,1,5701714,18.5,19.75,-19.75,True,-19.75,
20240402,5703029,-1,18283.5,,5703149,S07,18265.0,18284.0,1,5703032,18.5,19.75,-19.75,True,-19.75,
20240403,5704409,1,18247.25,,5704529,S07,18265.75,18445.25,3,5704529,18.5,19.75,178.75,True,178.75,
20240404,5705789,1,18525.75,,5705909,S07,18544.25,18525.25,1,5705807,18.5,19.75,-19.75,True,-19.75,
20240405,5707169,-1,18155.75,,5707289,S07,18137.25,18156.25,1,5707178,18.5,19.75,-19.75,True,-19.75,
20240408,5708549,-1,18325.0,,5708669,S07,18306.5,18325.5,1,5708601,18.5,19.75,-19.75,True,-19.75,
20240409,5709929,-1,18391.0,,5710049,S07,18372.5,18391.5,1,5709934,18.5,19.75,-19.75,True,-19.75,
20240410,5711308,1,18126.25,,5711428,S07,18144.75,18125.75,1,5711321,18.5,19.75,-19.75,True,-19.75,
20240411,5712688,-1,18274.5,,5712808,S07,18256.0,18275.0,1,5712791,18.5,19.75,-19.75,True,-19.75,
20240411,5712906,1,18367.75,,-1,PV2_V7m,18379.0,18497.75,3,5713026,11.25,12.5,118.0,True,98.25,
20240412,5714067,1,18294.5,,5714187,S07,18313.0,18294.0,1,5714097,18.5,19.75,-19.75,True,-19.75,
20240415,5715447,-1,18301.5,,5715567,S07,18283.0,18302.0,1,5715454,18.5,19.75,-19.75,True,-19.75,
20240416,5716827,-1,17886.25,,5716947,S07,17867.75,17886.75,1,5716829,18.5,19.75,-19.75,True,-19.75,
20240417,5718207,-1,17960.75,,5718327,S07,17942.25,17735.5,3,5718327,18.5,19.75,206.0,True,206.0,
20240418,5719587,-1,17649.75,,5719707,S07,17631.25,17650.25,1,5719624,18.5,19.75,-19.75,True,-19.75,
20240419,5720967,1,17473.0,,5721087,S07,17491.5,17472.5,1,5720968,18.5,19.75,-19.75,True,-19.75,
20240422,5722347,1,17282.75,,5722467,S07,17301.25,17282.25,1,5722348,18.5,19.75,-19.75,True,-19.75,
20240423,5723727,1,17431.0,,5723847,S07,17449.5,17430.5,1,5723728,18.5,19.75,-19.75,True,-19.75,
20240424,5725107,-1,17734.75,,5725227,S07,17716.25,17735.25,1,5725108,18.5,19.75,-19.75,True,-19.75,
20240425,5726487,-1,17337.0,,5726607,S07,17318.5,17337.5,1,5726489,18.5,19.75,-19.75,True,-19.75,
20240426,5727867,1,17693.25,,5727987,S07,17711.75,17831.5,3,5727987,18.5,19.75,119.0,True,119.0,
20240429,5729247,1,17922.0,,5729367,S07,17940.5,17921.5,1,5729250,18.5,19.75,-19.75,True,-19.75,
20240430,5730627,1,17826.75,,5730747,S07,17845.25,17826.25,1,5730632,18.5,19.75,-19.75,True,-19.75,
20240501,5732007,-1,17491.5,,5732127,S07,17473.0,17492.0,1,5732009,18.5,19.75,-19.75,True,-19.75,
20240502,5733386,-1,17581.75,,5733506,S07,17563.25,17521.25,3,5733506,18.5,19.75,41.25,True,41.25,
20240503,5734766,-1,17952.5,,5734886,S07,17934.0,17953.0,1,5734770,18.5,19.75,-19.75,True,-19.75,
20240506,5736146,-1,18075.25,,5736266,S07,18056.75,18075.75,1,5736148,18.5,19.75,-19.75,True,-19.75,
20240507,5737524,1,18205.0,,5737644,S07,18223.5,18204.5,1,5737540,18.5,19.75,-19.75,True,-19.75,
20240508,5738903,1,18077.75,,5739023,S07,18096.25,18186.5,3,5739023,18.5,19.75,89.5,True,89.5,
20240509,5740281,-1,18197.75,,5740401,S07,18179.25,18198.25,1,5740345,18.5,19.75,-19.75,True,-19.75,
20240510,5741661,1,18276.25,,5741781,S07,18294.75,18275.75,1,5741699,18.5,19.75,-19.75,True,-19.75,
20240513,5743041,-1,18328.75,,5743161,S07,18310.25,18285.5,3,5743161,18.5,19.75,24.0,True,24.0,
20240514,5744421,-1,18286.5,,5744541,S07,18268.0,18287.0,1,5744422,18.5,19.75,-19.75,True,-19.75,
20240514,5744479,1,18356.75,,-1,PV2_V7m,18367.0,18356.25,1,5744480,10.25,11.5,-11.5,True,-31.25,
20240515,5745801,1,18501.25,,5745921,S07,18519.75,18500.75,1,5745805,18.5,19.75,-19.75,True,-19.75,
20240516,5747181,-1,18699.5,,5747301,S07,18681.0,18700.0,1,5747190,18.5,19.75,-19.75,True,-19.75,
20240517,5748560,-1,18666.5,,5748680,S07,18648.0,18667.0,1,5748565,18.5,19.75,-19.75,True,-19.75,
20240520,5749940,1,18659.25,,5750060,S07,18677.75,18760.75,3,5750060,18.5,19.75,82.25,True,82.25,
20240521,5751318,1,18683.25,,5751438,S07,18701.75,18682.75,1,5751331,18.5,19.75,-19.75,True,-19.75,
20240522,5752698,1,18799.75,,5752818,S07,18818.25,18799.25,1,5752705,18.5,19.75,-19.75,True,-19.75,
20240523,5754078,-1,18959.5,,5754198,S07,18941.0,18899.5,3,5754198,18.5,19.75,40.75,True,40.75,
20240523,5754346,-1,18731.0,,-1,PV2_V7m,18716.5,18696.75,3,5754464,14.5,15.75,19.0,True,59.75,
20240524,5755458,1,18736.5,,5755578,S07,18755.0,18736.0,1,5755479,18.5,19.75,-19.75,True,-19.75,
20240527,5756838,1,18881.0,,5756958,S07,18899.5,18880.5,1,5756860,18.5,19.75,-19.75,True,-19.75,
20240528,5757978,-1,18927.0,,5758098,S07,18908.5,18927.5,1,5758063,18.5,19.75,-19.75,True,-19.75,
20240529,5759358,1,18773.5,,5759478,S07,18792.0,18838.25,3,5759478,18.5,19.75,45.5,True,45.5,
20240530,5760738,-1,18761.5,,5760858,S07,18743.0,18683.5,3,5760858,18.5,19.75,58.75,True,58.75,
20240531,5762118,-1,18602.25,,5762238,S07,18583.75,18602.75,1,5762121,18.5,19.75,-19.75,True,-19.75,
20240603,5763498,1,18698.5,,5763618,S07,18717.0,18698.0,1,5763516,18.5,19.75,-19.75,True,-19.75,
20240604,5764878,-1,18632.25,,5764998,S07,18613.75,18632.75,1,5764905,18.5,19.75,-19.75,True,-19.75,
20240605,5766258,-1,18846.0,,5766378,S07,18827.5,18846.5,1,5766270,18.5,19.75,-19.75,True,-19.75,
20240605,5766326,1,18912.25,,-1,PV2_V7m,18924.25,18911.75,1,5766328,12.0,13.25,-13.25,True,-33.0,
20240606,5767638,1,19083.0,,5767758,S07,19101.5,19082.5,1,5767651,18.5,19.75,-19.75,True,-19.75,
20240607,5769017,-1,19032.0,,5769137,S07,19013.5,19032.5,1,5769030,18.5,19.75,-19.75,True,-19.75,
20240610,5770396,1,18985.75,,5770516,S07,19004.25,18985.25,1,5770410,18.5,19.75,-19.75,True,-19.75,
20240611,5771776,1,19056.25,,5771896,S07,19074.75,19055.75,1,5771783,18.5,19.75,-19.75,True,-19.75,
20240612,5773156,1,19410.0,,5773276,S07,19428.5,19528.75,3,5773276,18.5,19.75,99.5,True,99.5,
20240613,5774536,1,19620.5,,5774656,S07,19639.0,19620.0,1,5774538,18.5,19.75,-19.75,True,-19.75,
20240614,5775916,1,19554.5,,5776036,S07,19573.0,19623.0,3,5776036,18.5,19.75,49.25,True,49.25,
20240617,5777294,-1,19961.0,,5777414,S07,19942.5,19961.5,1,5777326,18.5,19.75,-19.75,True,-19.75,
20240617,5777477,1,20070.0,,-1,PV2_V7m,20082.5,20240.5,3,5777597,12.5,13.75,157.25,True,137.5,
20240618,5778674,1,20183.0,,5778794,S07,20201.5,20182.5,1,5778682,18.5,19.75,-19.75,True,-19.75,
20240619,5780054,-1,20263.75,,5780174,S07,20245.25,20243.5,3,5780174,18.5,19.75,1.0,True,1.0,
20240620,5781194,-1,20234.25,,5781314,S07,20215.75,20234.75,1,5781199,18.5,19.75,-19.75,True,-19.75,
20240621,5782574,-1,20014.5,,5782694,S07,19996.0,20015.0,1,5782575,18.5,19.75,-19.75,True,-19.75,
20240624,5783951,1,19932.25,,5784071,S07,19950.75,19931.75,1,5783954,18.5,19.75,-19.75,True,-19.75,
20240625,5785331,-1,19836.5,,5785451,S07,19818.0,19837.0,1,5785341,18.5,19.75,-19.75,True,-19.75,
20240626,5786711,1,19914.75,,5786831,S07,19933.25,19914.25,1,5786809,18.5,19.75,-19.75,True,-19.75,
20240627,5788091,1,20028.75,,5788211,S07,20047.25,20028.25,1,5788110,18.5,19.75,-19.75,True,-19.75,
20240627,5788121,1,20055.5,,-1,PV2_V7m,20063.25,20055.0,1,5788125,7.75,9.0,-9.0,True,-28.75,
20240628,5789471,-1,20066.0,,5789591,S07,20047.5,20066.5,1,5789474,18.5,19.75,-19.75,True,-19.75,
20240628,5789517,1,20221.25,,-1,PV2_V7m,20227.75,20220.75,1,5789527,6.5,7.75,-7.75,True,-27.5,
20240701,5790851,-1,19965.0,,5790971,S07,19946.5,19965.5,1,5790856,18.5,19.75,-19.75,True,-19.75,
20240702,5792231,1,20007.5,,5792351,S07,20026.0,20007.0,1,5792233,18.5,19.75,-19.75,True,-19.75,
20240703,5793611,1,20234.75,,5793731,S07,20253.25,20234.25,1,5793613,18.5,19.75,-19.75,True,-19.75,
20240704,5794763,-1,20410.75,,5794883,S07,20392.25,20390.5,3,5794883,18.5,19.75,1.0,True,1.0,
20240705,5795902,1,20432.0,,5796022,S07,20450.5,20431.5,1,5795915,18.5,19.75,-19.75,True,-19.75,
20240708,5797282,1,20617.75,,5797402,S07,20636.25,20617.25,1,5797284,18.5,19.75,-19.75,True,-19.75,
20240709,5798661,1,20725.25,,5798781,S07,20743.75,20724.75,1,5798666,18.5,19.75,-19.75,True,-19.75,
20240710,5800041,-1,20761.0,,5800161,S07,20742.5,20761.5,1,5800053,18.5,19.75,-19.75,True,-19.75,
20240711,5801421,-1,20903.25,,5801541,S07,20884.75,20536.5,3,5801541,18.5,19.75,347.5,True,347.5,
20240712,5802801,1,20435.75,,5802921,S07,20454.25,20435.25,1,5802802,18.5,19.75,-19.75,True,-19.75,
20240715,5804181,1,20616.25,,5804301,S07,20634.75,20615.75,1,5804183,18.5,19.75,-19.75,True,-19.75,
20240715,5804243,1,20687.25,,-1,PV2_V7m,20705.75,20686.75,1,5804313,18.5,19.75,-19.75,True,-39.5,
20240716,5805561,1,20628.0,,5805681,S07,20646.5,20627.5,1,5805574,18.5,19.75,-19.75,True,-19.75,
20240717,5806941,-1,20269.5,,5807061,S07,20251.0,20270.0,1,5806943,18.5,19.75,-19.75,True,-19.75,
20240718,5808321,-1,20133.0,,5808441,S07,20114.5,19793.5,3,5808441,18.5,19.75,320.25,True,320.25,
20240719,5809701,-1,19891.25,,5809811,S07,19872.75,19891.75,1,5809702,18.5,19.75,-19.75,True,-19.75,
20240722,5811071,-1,19904.5,,5811191,S07,19886.0,19905.0,1,5811072,18.5,19.75,-19.75,True,-19.75,
20240723,5812451,1,19944.5,,5812571,S07,19963.0,19944.0,1,5812525,18.5,19.75,-19.75,True,-19.75,
20240724,5813831,-1,19631.0,,5813951,S07,19612.5,19396.75,3,5813951,18.5,19.75,215.0,True,215.0,
20240725,5815211,-1,19168.25,,5815326,S07,19149.75,19168.75,1,5815218,18.5,19.75,-19.75,True,-19.75,
20240726,5816586,-1,19131.25,,5816706,S07,19112.75,19131.75,1,5816590,18.5,19.75,-19.75,True,-19.75,
20240729,5817965,1,19245.75,,5818085,S07,19264.25,19245.25,1,5818006,18.5,19.75,-19.75,True,-19.75,
20240730,5819344,1,19262.5,,5819464,S07,19281.0,19262.0,1,5819355,18.5,19.75,-19.75,True,-19.75,
20240731,5820724,-1,19360.75,,5820844,S07,19342.25,19361.25,1,5820730,18.5,19.75,-19.75,True,-19.75,
20240801,5822104,-1,19569.0,,5822224,S07,19550.5,19569.5,1,5822110,18.5,19.75,-19.75,True,-19.75,
20240801,5822183,-1,19387.25,,-1,PV2_V7m,19382.75,19387.75,1,5822184,4.5,5.75,-5.75,True,-25.5,
20240802,5823484,-1,18581.75,,5823604,S07,18563.25,18582.25,1,5823487,18.5,19.75,-19.75,True,-19.75,
20240805,5824856,1,17662.75,,5824974,S07,17681.25,17662.25,1,5824858,18.5,19.75,-19.75,True,-19.75,
20240806,5826234,1,18135.0,,5826354,S07,18153.5,18134.5,1,5826235,18.5,19.75,-19.75,True,-19.75,
20240807,5827614,1,18457.25,,5827734,S07,18475.75,18456.75,1,5827659,18.5,19.75,-19.75,True,-19.75,
20240808,5828994,-1,18213.25,,5829114,S07,18194.75,18213.75,1,5828995,18.5,19.75,-19.75,True,-19.75,
20240809,5830374,1,18457.0,,5830494,S07,18475.5,18456.5,1,5830376,18.5,19.75,-19.75,True,-19.75,
20240812,5831754,-1,18670.5,,5831874,S07,18652.0,18671.0,1,5831756,18.5,19.75,-19.75,True,-19.75,
20240813,5833134,1,18849.0,,5833254,S07,18867.5,18848.5,1,5833136,18.5,19.75,-19.75,True,-19.75,
20240814,5834514,-1,19138.0,,5834634,S07,19119.5,19131.5,3,5834634,18.5,19.75,-12.75,True,-12.75,
20240815,5835894,1,19330.5,,5836014,S07,19349.0,19511.0,3,5836014,18.5,19.75,161.25,True,161.25,
20240816,5837274,1,19492.5,,5837394,S07,19511.0,19492.0,1,5837275,18.5,19.75,-19.75,True,-19.75,
20240819,5838653,-1,19614.25,,5838773,S07,19595.75,19614.75,1,5838662,18.5,19.75,-19.75,True,-19.75,
20240820,5840033,1,19829.0,,5840153,S07,19847.5,19828.5,1,5840072,18.5,19.75,-19.75,True,-19.75,
20240821,5841412,-1,19845.5,,5841532,S07,19827.0,19846.0,1,5841418,18.5,19.75,-19.75,True,-19.75,
20240822,5842792,-1,20012.75,,5842912,S07,19994.25,19776.0,3,5842912,18.5,19.75,217.5,True,217.5,
20240823,5844172,-1,19729.0,,5844292,S07,19710.5,19729.5,1,5844174,18.5,19.75,-19.75,True,-19.75,
20240826,5845551,1,19775.25,,5845671,S07,19793.75,19774.75,1,5845553,18.5,19.75,-19.75,True,-19.75,
20240827,5846931,1,19515.75,,5847051,S07,19534.25,19515.25,1,5846932,18.5,19.75,-19.75,True,-19.75,
20240828,5848311,1,19627.25,,5848431,S07,19645.75,19626.75,1,5848312,18.5,19.75,-19.75,True,-19.75,
20240829,5849691,1,19546.75,,5849811,S07,19565.25,19546.25,1,5849699,18.5,19.75,-19.75,True,-19.75,
20240830,5851071,-1,19544.5,,5851191,S07,19526.0,19545.0,1,5851073,18.5,19.75,-19.75,True,-19.75,
20240902,5852451,-1,19639.5,,5852571,S07,19621.0,19640.0,1,5852462,18.5,19.75,-19.75,True,-19.75,
20240903,5853590,-1,19442.5,,5853710,S07,19424.0,19195.5,3,5853710,18.5,19.75,227.75,True,227.75,
20240904,5854970,1,18887.5,,5855090,S07,18906.0,18887.0,1,5854974,18.5,19.75,-19.75,True,-19.75,
20240905,5856350,1,18912.75,,5856470,S07,18931.25,18912.25,1,5856351,18.5,19.75,-19.75,True,-19.75,
20240906,5857730,-1,18925.0,,5857850,S07,18906.5,18925.5,1,5857732,18.5,19.75,-19.75,True,-19.75,
20240909,5859110,1,18636.0,,5859230,S07,18654.5,18635.5,1,5859117,18.5,19.75,-19.75,True,-19.75,
20240910,5860490,1,18774.5,,5860610,S07,18793.0,18774.0,1,5860491,18.5,19.75,-19.75,True,-19.75,
20240911,5861870,1,18874.5,,5861990,S07,18893.0,18874.0,1,5861871,18.5,19.75,-19.75,True,-19.75,
20240911,5862171,1,19112.0,,-1,PV2_V7m,19130.5,19111.5,1,5862172,18.5,19.75,-19.75,True,-39.5,
20240912,5863250,1,19251.0,,5863370,S07,19269.5,19250.5,1,5863252,18.5,19.75,-19.75,True,-19.75,
20240912,5863484,1,19402.25,,-1,PV2_V7m,19416.5,19401.75,1,5863486,14.25,15.5,-15.5,True,-35.25,
20240913,5864629,1,19418.25,,5864749,S07,19436.75,19417.75,1,5864656,18.5,19.75,-19.75,True,-19.75,
20240916,5866001,-1,19605.5,,5866121,S07,19587.0,19606.0,1,5866006,18.5,19.75,-19.75,True,-19.75,
20240917,5867381,-1,19812.25,,5867501,S07,19793.75,19812.75,1,5867416,18.5,19.75,-19.75,True,-19.75,
20240918,5868760,-1,19731.5,,5868880,S07,19713.0,19636.5,3,5868880,18.5,19.75,75.75,True,75.75,
20240919,5870140,1,20018.5,,5870260,S07,20037.0,20018.0,1,5870142,18.5,19.75,-19.75,True,-19.75,
20240920,5871517,1,20027.75,,5871637,S07,20046.25,20027.25,1,5871538,18.5,19.75,-19.75,True,-19.75,
20240923,5872897,-1,20080.0,,5873017,S07,20061.5,20080.5,1,5872912,18.5,19.75,-19.75,True,-19.75,
20240924,5874277,-1,20130.25,,5874397,S07,20111.75,20130.75,1,5874396,18.5,19.75,-19.75,True,-19.75,
20240925,5875657,1,20170.5,,5875777,S07,20189.0,20170.0,1,5875665,18.5,19.75,-19.75,True,-19.75,
20240926,5877037,-1,20484.25,,5877157,S07,20465.75,20238.25,3,5877157,18.5,19.75,226.75,True,226.75,
20240927,5878417,1,20348.5,,5878537,S07,20367.0,20348.0,1,5878419,18.5,19.75,-19.75,True,-19.75,
20240927,5878539,-1,20257.0,,-1,PV2_V7m,20255.75,20257.5,1,5878540,1.25,2.5,-2.5,True,-22.25,
20240930,5879797,1,20210.25,,5879917,S07,20228.75,20209.75,1,5879823,18.5,19.75,-19.75,True,-19.75,
20241001,5881177,-1,20199.5,,5881297,S07,20181.0,19915.0,3,5881297,18.5,19.75,265.25,True,265.25,
20241002,5882557,1,19931.0,,5882677,S07,19949.5,19930.5,1,5882559,18.5,19.75,-19.75,True,-19.75,
20241003,5883937,1,19941.75,,5884057,S07,19960.25,19941.25,1,5883986,18.5,19.75,-19.75,True,-19.75,
20241004,5885317,-1,20210.0,,5885437,S07,20191.5,20210.5,1,5885318,18.5,19.75,-19.75,True,-19.75,
20241007,5886697,1,20124.0,,5886817,S07,20142.5,20123.5,1,5886706,18.5,19.75,-19.75,True,-19.75,
20241007,5887016,-1,20014.5,,-1,PV2_V7m,20010.5,20015.0,1,5887033,4.0,5.25,-5.25,True,-25.0,
20241008,5888077,-1,20095.0,,5888197,S07,20076.5,20095.5,1,5888080,18.5,19.75,-19.75,True,-19.75,
20241009,5889457,-1,20283.75,,5889577,S07,20265.25,20284.25,1,5889464,18.5,19.75,-19.75,True,-19.75,
20241010,5890837,1,20360.5,,5890957,S07,20379.0,20360.0,1,5890842,18.5,19.75,-19.75,True,-19.75,
20241011,5892217,-1,20359.0,,5892337,S07,20340.5,20359.5,1,5892230,18.5,19.75,-19.75,True,-19.75,
20241014,5893597,1,20550.25,,5893717,S07,20568.75,20549.75,1,5893684,18.5,19.75,-19.75,True,-19.75,
20241015,5894977,-1,20645.0,,5895097,S07,20626.5,20645.5,1,5894979,18.5,19.75,-19.75,True,-19.75,
20241016,5896357,-1,20344.5,,5896477,S07,20326.0,20345.0,1,5896409,18.5,19.75,-19.75,True,-19.75,
20241017,5897736,-1,20527.0,,5897856,S07,20508.5,20461.0,3,5897856,18.5,19.75,46.75,True,46.75,
20241018,5899116,-1,20469.0,,5899236,S07,20450.5,20469.5,1,5899122,18.5,19.75,-19.75,True,-19.75,
20241021,5900496,1,20426.0,,5900616,S07,20444.5,20425.5,1,5900563,18.5,19.75,-19.75,True,-19.75,
20241022,5901875,1,20392.0,,5901995,S07,20410.5,20391.5,1,5901877,18.5,19.75,-19.75,True,-19.75,
20241023,5903255,-1,20435.5,,5903375,S07,20417.0,20436.0,1,5903257,18.5,19.75,-19.75,True,-19.75,
20241024,5904635,-1,20351.75,,5904755,S07,20333.25,20352.25,1,5904637,18.5,19.75,-19.75,True,-19.75,
20241025,5906015,1,20517.5,,5906135,S07,20536.0,20646.75,3,5906135,18.5,19.75,110.0,True,110.0,
20241028,5907395,-1,20607.0,,5907515,S07,20588.5,20607.5,1,5907449,18.5,19.75,-19.75,True,-19.75,
20241029,5908775,-1,20464.0,,5908895,S07,20445.5,20464.5,1,5908778,18.5,19.75,-19.75,True,-19.75,
20241030,5910155,-1,20660.25,,5910275,S07,20641.75,20660.75,1,5910186,18.5,19.75,-19.75,True,-19.75,
20241031,5911535,-1,20276.5,,5911655,S07,20258.0,20277.0,1,5911536,18.5,19.75,-19.75,True,-19.75,
20241101,5912915,1,20075.25,,5913035,S07,20093.75,20074.75,1,5912918,18.5,19.75,-19.75,True,-19.75,
20241101,5912944,1,20153.75,,-1,PV2_V7m,20163.0,20153.25,1,5912945,9.25,10.5,-10.5,True,-30.25,
20241104,5914295,-1,20093.0,,5914415,S07,20074.5,20093.5,1,5914303,18.5,19.75,-19.75,True,-19.75,
20241105,5915675,1,20181.75,,5915795,S07,20200.25,20331.0,3,5915795,18.5,19.75,130.0,True,130.0,
20241106,5917055,1,20722.75,,5917175,S07,20741.25,20722.25,1,5917056,18.5,19.75,-19.75,True,-19.75,
20241107,5918435,1,21025.5,,5918555,S07,21044.0,21025.0,1,5918437,18.5,19.75,-19.75,True,-19.75,
20241108,5919815,1,21207.5,,5919935,S07,21226.0,21207.0,1,5919816,18.5,19.75,-19.75,True,-19.75,
20241111,5921195,1,21265.75,,5921315,S07,21284.25,21265.25,1,5921200,18.5,19.75,-19.75,True,-19.75,
20241112,5922575,-1,21217.5,,5922695,S07,21199.0,21218.0,1,5922577,18.5,19.75,-19.75,True,-19.75,
20241113,5923955,-1,21191.25,,5924075,S07,21172.75,21152.5,3,5924075,18.5,19.75,19.5,True,19.5,
20241114,5925335,-1,21160.25,,5925455,S07,21141.75,21160.75,1,5925336,18.5,19.75,-19.75,True,-19.75,
20241115,5926715,-1,20768.5,,5926835,S07,20750.0,20584.25,3,5926835,18.5,19.75,165.0,True,165.0,
20241118,5928095,-1,20545.0,,5928215,S07,20526.5,20545.5,1,5928099,18.5,19.75,-19.75,True,-19.75,
20241118,5928164,1,20668.75,,-1,PV2_V7m,20677.0,20668.25,1,5928232,8.25,9.5,-9.5,True,-29.25,
20241119,5929475,1,20500.25,,5929595,S07,20518.75,20685.0,3,5929595,18.5,19.75,165.5,True,165.5,
20241120,5930855,-1,20734.0,,5930975,S07,20715.5,20563.0,3,5930975,18.5,19.75,151.75,True,151.75,
20241121,5932235,-1,20856.25,,5932355,S07,20837.75,20787.75,3,5932355,18.5,19.75,49.25,True,49.25,
20241122,5933615,1,20797.25,,5933735,S07,20815.75,20796.75,1,5933619,18.5,19.75,-19.75,True,-19.75,
20241125,5934994,-1,21019.25,,5935114,S07,21000.75,21019.75,1,5934996,18.5,19.75,-19.75,True,-19.75,
20241126,5936374,1,20961.0,,5936494,S07,20979.5,20960.5,1,5936382,18.5,19.75,-19.75,True,-19.75,
20241127,5937754,-1,20915.0,,5937874,S07,20896.5,20736.0,3,5937874,18.5,19.75,159.75,True,159.75,
20241128,5939134,1,20871.75,,5939254,S07,20890.25,20889.5,3,5939254,18.5,19.75,-1.5,True,-1.5,
20241129,5940274,-1,20843.25,,5940394,S07,20824.75,20843.75,1,5940277,18.5,19.75,-19.75,True,-19.75,
20241202,5941429,1,21094.25,,5941549,S07,21112.75,21182.25,3,5941549,18.5,19.75,68.75,True,68.75,
20241203,5942809,-1,21180.5,,5942929,S07,21162.0,21181.0,1,5942810,18.5,19.75,-19.75,True,-19.75,
20241204,5944188,1,21410.0,,5944308,S07,21428.5,21409.5,1,5944189,18.5,19.75,-19.75,True,-19.75,
20241205,5945568,1,21518.5,,5945688,S07,21537.0,21518.0,1,5945584,18.5,19.75,-19.75,True,-19.75,
20241206,5946948,1,21503.0,,5947068,S07,21521.5,21630.75,3,5947068,18.5,19.75,108.5,True,108.5,
20241209,5948328,-1,21623.0,,5948448,S07,21604.5,21623.5,1,5948336,18.5,19.75,-19.75,True,-19.75,
20241210,5949708,1,21499.0,,5949828,S07,21517.5,21498.5,1,5949793,18.5,19.75,-19.75,True,-19.75,
20241211,5951088,1,21581.5,,5951208,S07,21600.0,21757.5,3,5951208,18.5,19.75,156.75,True,156.75,
20241212,5952467,-1,21681.75,,5952587,S07,21663.25,21682.25,1,5952469,18.5,19.75,-19.75,True,-19.75,
20241213,5953847,1,21795.75,,5953967,S07,21814.25,21795.25,1,5953911,18.5,19.75,-19.75,True,-19.75,
20241216,5955222,1,22189.5,,5955342,S07,22208.0,22323.25,3,5955342,18.5,19.75,114.5,True,114.5,
20241217,5956600,-1,22313.75,,5956720,S07,22295.25,22314.25,1,5956601,18.5,19.75,-19.75,True,-19.75,
20241218,5957980,-1,22275.5,,5958100,S07,22257.0,22276.0,1,5957991,18.5,19.75,-19.75,True,-19.75,
20241219,5959360,1,21667.25,,5959480,S07,21685.75,21666.75,1,5959362,18.5,19.75,-19.75,True,-19.75,
20241220,5960740,-1,21212.0,,5960860,S07,21193.5,21212.5,1,5960741,18.5,19.75,-19.75,True,-19.75,
20241223,5962120,1,21640.5,,5962240,S07,21659.0,21640.0,1,5962122,18.5,19.75,-19.75,True,-19.75,
20241224,5963500,-1,21839.0,,5963620,S07,21820.5,21839.5,1,5963504,18.5,19.75,-19.75,True,-19.75,
20241224,5963540,1,21906.5,,-1,PV2_V7m,21921.0,21906.0,1,5963547,14.5,15.75,-15.75,True,-35.5,
20241226,5964654,1,21953.0,,5964774,S07,21971.5,21952.5,1,5964670,18.5,19.75,-19.75,True,-19.75,
20241227,5966034,-1,21827.75,,5966154,S07,21809.25,21646.75,3,5966154,18.5,19.75,161.75,True,161.75,
20241230,5967414,-1,21374.0,,5967534,S07,21355.5,21374.5,1,5967416,18.5,19.75,-19.75,True,-19.75,
20241231,5968794,1,21460.0,,5968914,S07,21478.5,21459.5,1,5968795,18.5,19.75,-19.75,True,-19.75,
20250102,5970174,-1,21304.5,,5970294,S07,21286.0,21305.0,1,5970175,18.5,19.75,-19.75,True,-19.75,
20250103,5971553,1,21337.75,,5971673,S07,21356.25,21337.25,1,5971554,18.5,19.75,-19.75,True,-19.75,
20250106,5972933,1,21750.75,,5973053,S07,21769.25,21880.5,3,5973053,18.5,19.75,110.5,True,110.5,
20250107,5974313,-1,21782.5,,5974433,S07,21764.0,21783.0,1,5974325,18.5,19.75,-19.75,True,-19.75,
20250108,5975693,-1,21345.0,,5975813,S07,21326.5,21345.5,1,5975694,18.5,19.75,-19.75,True,-19.75,
20250110,5978003,1,21163.0,,5978123,S07,21181.5,21162.5,1,5978004,18.5,19.75,-19.75,True,-19.75,
20250113,5979383,-1,20779.25,,5979503,S07,20760.75,20779.75,1,5979394,18.5,19.75,-19.75,True,-19.75,
20250114,5980763,1,21037.5,,5980883,S07,21056.0,21037.0,1,5980782,18.5,19.75,-19.75,True,-19.75,
20250115,5982143,1,21250.5,,5982263,S07,21269.0,21250.0,1,5982145,18.5,19.75,-19.75,True,-19.75,
20250116,5983523,-1,21437.5,,5983643,S07,21419.0,21438.0,1,5983525,18.5,19.75,-19.75,True,-19.75,
20250117,5984903,-1,21584.75,,5985023,S07,21566.25,21585.25,1,5984906,18.5,19.75,-19.75,True,-19.75,
20250120,5986283,1,21718.0,,5986403,S07,21736.5,21717.5,1,5986313,18.5,19.75,-19.75,True,-19.75,
20250121,5987423,-1,21717.75,,5987543,S07,21699.25,21638.0,3,5987543,18.5,19.75,60.5,True,60.5,
20250122,5988803,1,21937.75,,5988923,S07,21956.25,21937.25,1,5988806,18.5,19.75,-19.75,True,-19.75,
20250123,5990165,1,21876.5,,5990285,S07,21895.0,21876.0,1,5990194,18.5,19.75,-19.75,True,-19.75,
20250124,5991545,-1,22045.0,,5991665,S07,22026.5,22045.5,1,5991557,18.5,19.75,-19.75,True,-19.75,
20250127,5992925,1,21208.5,,5993045,S07,21227.0,21208.0,1,5992926,18.5,19.75,-19.75,True,-19.75,
20250128,5994305,-1,21292.25,,5994425,S07,21273.75,21292.75,1,5994332,18.5,19.75,-19.75,True,-19.75,
20250129,5995685,-1,21578.5,,5995805,S07,21560.0,21498.0,3,5995805,18.5,19.75,61.25,True,61.25,
20250130,5997065,1,21624.5,,5997185,S07,21643.0,21624.0,1,5997066,18.5,19.75,-19.75,True,-19.75,
20250131,5998445,1,21796.75,,5998565,S07,21815.25,21796.25,1,5998447,18.5,19.75,-19.75,True,-19.75,
20250203,5999825,1,21200.5,,5999945,S07,21219.0,21200.0,1,5999842,18.5,19.75,-19.75,True,-19.75,
20250204,6001205,1,21430.0,,6001325,S07,21448.5,21668.5,3,6001325,18.5,19.75,219.25,True,219.25,
20250205,6002585,1,21523.5,,6002705,S07,21542.0,21523.0,1,6002615,18.5,19.75,-19.75,True,-19.75,
20250206,6003965,-1,21774.75,,6004085,S07,21756.25,21775.25,1,6003967,18.5,19.75,-19.75,True,-19.75,
20250207,6005345,1,21931.75,,6005465,S07,21950.25,21931.25,1,6005347,18.5,19.75,-19.75,True,-19.75,
20250210,6006725,-1,21770.5,,6006845,S07,21752.0,21771.0,1,6006728,18.5,19.75,-19.75,True,-19.75,
20250211,6008105,1,21747.0,,6008225,S07,21765.5,21828.5,3,6008225,18.5,19.75,62.25,True,62.25,
20250212,6009485,1,21555.0,,6009605,S07,21573.5,21676.0,3,6009605,18.5,19.75,101.75,True,101.75,
20250213,6010864,1,21928.75,,6010984,S07,21947.25,21928.25,1,6010867,18.5,19.75,-19.75,True,-19.75,
20250214,6012244,-1,22124.5,,6012364,S07,22106.0,22125.0,1,6012259,18.5,19.75,-19.75,True,-19.75,
20250217,6013624,-1,22240.0,,6013744,S07,22221.5,22240.5,1,6013709,18.5,19.75,-19.75,True,-19.75,
20250218,6014764,-1,22278.75,,6014884,S07,22260.25,22181.0,3,6014884,18.5,19.75,78.5,True,78.5,
20250219,6016144,-1,22208.5,,6016264,S07,22190.0,22209.0,1,6016146,18.5,19.75,-19.75,True,-19.75,
20250220,6017524,-1,22199.5,,6017644,S07,22181.0,22200.0,1,6017528,18.5,19.75,-19.75,True,-19.75,
20250221,6018904,-1,22179.25,,6019024,S07,22160.75,22014.75,3,6019024,18.5,19.75,145.25,True,145.25,
20250224,6020283,-1,21763.75,,6020403,S07,21745.25,21593.5,3,6020403,18.5,19.75,151.0,True,151.0,
20250225,6021663,-1,21379.5,,6021783,S07,21361.0,21380.0,1,6021666,18.5,19.75,-19.75,True,-19.75,
20250226,6023043,-1,21233.25,,6023163,S07,21214.75,21233.75,1,6023047,18.5,19.75,-19.75,True,-19.75,
20250227,6024423,1,21335.0,,6024543,S07,21353.5,21334.5,1,6024428,18.5,19.75,-19.75,True,-19.75,
20250228,6025803,-1,20516.25,,6025923,S07,20497.75,20516.75,1,6025805,18.5,19.75,-19.75,True,-19.75,
20250303,6027183,1,21072.0,,6027303,S07,21090.5,21071.5,1,6027185,18.5,19.75,-19.75,True,-19.75,
20250304,6028563,-1,20314.75,,6028683,S07,20296.25,20315.25,1,6028564,18.5,19.75,-19.75,True,-19.75,
20250304,6028915,1,20701.75,,-1,PV2_V7m,20708.0,20701.25,1,6028916,6.25,7.5,-7.5,True,-27.25,
20250305,6029943,-1,20423.75,,6030063,S07,20405.25,20424.25,1,6029945,18.5,19.75,-19.75,True,-19.75,
20250306,6031323,-1,20300.0,,6031443,S07,20281.5,20300.5,1,6031328,18.5,19.75,-19.75,True,-19.75,
20250307,6032703,1,20069.75,,6032823,S07,20088.25,20069.25,1,6032706,18.5,19.75,-19.75,True,-19.75,
20250310,6034083,-1,19820.5,,6034203,S07,19802.0,19821.0,1,6034085,18.5,19.75,-19.75,True,-19.75,
20250311,6035463,-1,19444.25,,6035583,S07,19425.75,19444.75,1,6035466,18.5,19.75,-19.75,True,-19.75,
20250312,6036843,1,19735.5,,6036963,S07,19754.0,19735.0,1,6036844,18.5,19.75,-19.75,True,-19.75,
20250313,6038223,-1,19538.5,,6038343,S07,19520.0,19539.0,1,6038224,18.5,19.75,-19.75,True,-19.75,
20250313,6038257,-1,19450.0,,-1,PV2_V7m,19439.5,19450.5,1,6038262,10.5,11.75,-11.75,True,-31.5,
20250314,6039603,1,19511.75,,6039723,S07,19530.25,19511.25,1,6039630,18.5,19.75,-19.75,True,-19.75,
20250317,6040983,1,19944.25,,6041103,S07,19962.75,19943.75,1,6041000,18.5,19.75,-19.75,True,-19.75,
20250318,6042363,-1,19893.25,,6042483,S07,19874.75,19687.5,3,6042483,18.5,19.75,186.5,True,186.5,
20250319,6043743,1,19781.75,,6043863,S07,19800.25,19781.25,1,6043744,18.5,19.75,-19.75,True,-19.75,
20250320,6045123,1,19845.5,,6045243,S07,19864.0,20001.0,3,6045243,18.5,19.75,136.25,True,136.25,
20250321,6046503,1,19649.25,,6046623,S07,19667.75,19648.75,1,6046505,18.5,19.75,-19.75,True,-19.75,
20250324,6047883,-1,20273.5,,6048003,S07,20255.0,20274.0,1,6047888,18.5,19.75,-19.75,True,-19.75,
20250325,6049261,-1,20425.0,,6049381,S07,20406.5,20425.5,1,6049269,18.5,19.75,-19.75,True,-19.75,
20250326,6050641,-1,20439.5,,6050761,S07,20421.0,20440.0,1,6050643,18.5,19.75,-19.75,True,-19.75,
20250327,6052021,-1,19997.5,,6052141,S07,19979.0,19998.0,1,6052022,18.5,19.75,-19.75,True,-19.75,
20250328,6053401,-1,19865.75,,6053521,S07,19847.25,19866.25,1,6053402,18.5,19.75,-19.75,True,-19.75,
20250331,6054781,-1,19066.25,,6054901,S07,19047.75,19066.75,1,6054784,18.5,19.75,-19.75,True,-19.75,
20250401,6056161,-1,19404.0,,6056281,S07,19385.5,19404.5,1,6056169,18.5,19.75,-19.75,True,-19.75,
20250402,6057541,1,19376.0,,6057661,S07,19394.5,19699.5,3,6057661,18.5,19.75,304.25,True,304.25,
20250403,6058918,1,19024.25,,6059038,S07,19042.75,19023.75,1,6058920,18.5,19.75,-19.75,True,-19.75,
20250404,6060298,-1,18159.5,,6060418,S07,18141.0,18160.0,1,6060299,18.5,19.75,-19.75,True,-19.75,
20250407,6061678,-1,16933.25,,6061798,S07,16914.75,16933.75,1,6061693,18.5,19.75,-19.75,True,-19.75,
20250408,6063058,1,18143.75,,6063178,S07,18162.25,18143.25,1,6063059,18.5,19.75,-19.75,True,-19.75,
20250409,6064438,1,17309.0,,6064558,S07,17327.5,17308.5,1,6064439,18.5,19.75,-19.75,True,-19.75,
20250410,6065818,-1,18824.5,,6065938,S07,18806.0,18825.0,1,6065819,18.5,19.75,-19.75,True,-19.75,
20250411,6067198,-1,18423.5,,6067318,S07,18405.0,18424.0,1,6067200,18.5,19.75,-19.75,True,-19.75,
20250414,6068578,-1,19201.75,,6068698,S07,19183.25,19202.25,1,6068579,18.5,19.75,-19.75,True,-19.75,
20250415,6069958,1,18984.0,,6070078,S07,19002.5,18983.5,1,6069960,18.5,19.75,-19.75,True,-19.75,
20250416,6071338,1,18618.0,,6071458,S07,18636.5,18617.5,1,6071340,18.5,19.75,-19.75,True,-19.75,
20250417,6072718,-1,18445.5,,6072838,S07,18427.0,18446.0,1,6072726,18.5,19.75,-19.75,True,-19.75,
20250421,6074098,1,18123.75,,6074218,S07,18142.25,18123.25,1,6074100,18.5,19.75,-19.75,True,-19.75,
20250422,6075478,-1,18145.75,,6075598,S07,18127.25,18146.25,1,6075482,18.5,19.75,-19.75,True,-19.75,
20250423,6076858,1,18983.75,,6076978,S07,19002.25,18983.25,1,6076859,18.5,19.75,-19.75,True,-19.75,
20250424,6078238,1,18848.75,,6078358,S07,18867.25,18848.25,1,6078241,18.5,19.75,-19.75,True,-19.75,
20250425,6079618,1,19291.25,,6079738,S07,19309.75,19290.75,1,6079629,18.5,19.75,-19.75,True,-19.75,
20250428,6080998,-1,19534.75,,6081118,S07,19516.25,19535.25,1,6081005,18.5,19.75,-19.75,True,-19.75,
20250429,6082378,1,19426.75,,6082498,S07,19445.25,19426.25,1,6082380,18.5,19.75,-19.75,True,-19.75,
20250430,6083758,1,19257.5,,6083878,S07,19276.0,19257.0,1,6083761,18.5,19.75,-19.75,True,-19.75,
20250501,6085138,-1,19970.5,,6085258,S07,19952.0,19971.0,1,6085152,18.5,19.75,-19.75,True,-19.75,
20250502,6086518,1,20091.0,,6086638,S07,20109.5,20090.5,1,6086519,18.5,19.75,-19.75,True,-19.75,
20250505,6087898,1,20001.0,,6088018,S07,20019.5,20000.5,1,6087905,18.5,19.75,-19.75,True,-19.75,
20250506,6089278,1,19810.0,,6089398,S07,19828.5,19809.5,1,6089291,18.5,19.75,-19.75,True,-19.75,
20250507,6090658,1,19887.5,,6090778,S07,19906.0,19887.0,1,6090659,18.5,19.75,-19.75,True,-19.75,
20250508,6092038,-1,20140.75,,6092158,S07,20122.25,20141.25,1,6092148,18.5,19.75,-19.75,True,-19.75,
20250509,6093418,1,20230.75,,6093538,S07,20249.25,20230.25,1,6093429,18.5,19.75,-19.75,True,-19.75,
20250512,6094798,-1,20845.0,,6094918,S07,20826.5,20845.5,1,6094819,18.5,19.75,-19.75,True,-19.75,
20250513,6096178,1,21015.5,,6096298,S07,21034.0,21282.5,3,6096298,18.5,19.75,247.75,True,247.75,
20250514,6097558,1,21351.5,,6097678,S07,21370.0,21351.0,1,6097569,18.5,19.75,-19.75,True,-19.75,
20250515,6098938,1,21303.75,,6099058,S07,21322.25,21303.25,1,6098941,18.5,19.75,-19.75,True,-19.75,
20250516,6100318,-1,21442.75,,6100438,S07,21424.25,21443.25,1,6100320,18.5,19.75,-19.75,True,-19.75,
20250519,6101698,1,21229.25,,6101818,S07,21247.75,21421.5,3,6101818,18.5,19.75,173.0,True,173.0,
20250520,6103078,1,21413.0,,6103198,S07,21431.5,21412.5,1,6103080,18.5,19.75,-19.75,True,-19.75,
20250521,6104458,1,21320.75,,6104578,S07,21339.25,21320.25,1,6104459,18.5,19.75,-19.75,True,-19.75,
20250522,6105838,-1,21158.75,,6105958,S07,21140.25,21159.25,1,6105840,18.5,19.75,-19.75,True,-19.75,
20250522,6105883,1,21254.75,,-1,PV2_V7m,21261.25,21254.25,1,6105885,6.5,7.75,-7.75,True,-27.5,
20250523,6107218,1,20884.25,,6107338,S07,20902.75,20883.75,1,6107228,18.5,19.75,-19.75,True,-19.75,
20250526,6108598,1,21281.0,,6108718,S07,21299.5,21280.5,1,6108620,18.5,19.75,-19.75,True,-19.75,
20250527,6109738,-1,21273.0,,6109858,S07,21254.5,21273.5,1,6109753,18.5,19.75,-19.75,True,-19.75,
20250527,6109788,1,21364.75,,-1,PV2_V7m,21370.5,21364.25,1,6109789,5.75,7.0,-7.0,True,-26.75,
20250528,6111118,1,21493.75,,6111238,S07,21512.25,21493.25,1,6111133,18.5,19.75,-19.75,True,-19.75,
20250529,6112498,-1,21627.5,,6112618,S07,21609.0,21440.0,3,6112618,18.5,19.75,168.25,True,168.25,
20250530,6113878,-1,21355.0,,6113998,S07,21336.5,21355.5,1,6113914,18.5,19.75,-19.75,True,-19.75,
20250602,6115258,1,21386.5,,6115378,S07,21405.0,21386.0,1,6115271,18.5,19.75,-19.75,True,-19.75,
20250603,6116638,-1,21565.75,,6116758,S07,21547.25,21566.25,1,6116647,18.5,19.75,-19.75,True,-19.75,
20250604,6118018,1,21731.25,,6118138,S07,21749.75,21730.75,1,6118045,18.5,19.75,-19.75,True,-19.75,
20250605,6119398,1,21788.75,,6119518,S07,21807.25,21788.25,1,6119399,18.5,19.75,-19.75,True,-19.75,
20250606,6120778,-1,21801.0,,6120898,S07,21782.5,21801.5,1,6120782,18.5,19.75,-19.75,True,-19.75,
20250609,6122158,-1,21814.75,,6122278,S07,21796.25,21815.25,1,6122177,18.5,19.75,-19.75,True,-19.75,
20250610,6123538,1,21828.25,,6123658,S07,21846.75,21827.75,1,6123539,18.5,19.75,-19.75,True,-19.75,
20250611,6124918,-1,21997.5,,6125038,S07,21979.0,21998.0,1,6124924,18.5,19.75,-19.75,True,-19.75,
20250612,6126298,1,21837.5,,6126418,S07,21856.0,21837.0,1,6126301,18.5,19.75,-19.75,True,-19.75,
20250613,6127678,1,21737.25,,6127798,S07,21755.75,21736.75,1,6127681,18.5,19.75,-19.75,True,-19.75,
20250616,6129056,1,22057.75,,6129176,S07,22076.25,22057.25,1,6129058,18.5,19.75,-19.75,True,-19.75,
20250617,6130436,1,22067.0,,6130556,S07,22085.5,22066.5,1,6130445,18.5,19.75,-19.75,True,-19.75,
20250618,6131816,-1,21958.25,,6131935,S07,21939.75,21958.75,1,6131820,18.5,19.75,-19.75,True,-19.75,
20250619,6133195,-1,21778.0,,6133315,S07,21759.5,21714.5,3,6133315,18.5,19.75,44.25,True,44.25,
20250620,6134335,1,22056.5,,6134455,S07,22075.0,22056.0,1,6134352,18.5,19.75,-19.75,True,-19.75,
20250623,6135715,-1,21808.5,,6135835,S07,21790.0,21809.0,1,6135718,18.5,19.75,-19.75,True,-19.75,
20250624,6137095,-1,22301.5,,6137215,S07,22283.0,22302.0,1,6137097,18.5,19.75,-19.75,True,-19.75,
20250624,6137216,1,22362.5,,-1,PV2_V7m,22371.0,22362.0,1,6137239,8.5,9.75,-9.75,True,-29.5,
20250625,6138475,1,22496.5,,6138595,S07,22515.0,22496.0,1,6138492,18.5,19.75,-19.75,True,-19.75,
20250626,6139855,-1,22559.25,,6139975,S07,22540.75,22559.75,1,6139882,18.5,19.75,-19.75,True,-19.75,
20250626,6140133,1,22656.75,,-1,PV2_V7m,22669.75,22656.25,1,6140170,13.0,14.25,-14.25,True,-34.0,
20250627,6141234,1,22707.25,,6141354,S07,22725.75,22706.75,1,6141237,18.5,19.75,-19.75,True,-19.75,
20250627,6141265,1,22781.25,,-1,PV2_V7m,22794.0,22780.75,1,6141286,12.75,14.0,-14.0,True,-33.75,
20250630,6142494,-1,22847.25,,6142614,S07,22828.75,22847.75,1,6142532,18.5,19.75,-19.75,True,-19.75,
20250701,6143874,1,22795.0,,6143994,S07,22813.5,22794.5,1,6143884,18.5,19.75,-19.75,True,-19.75,
20250702,6145254,1,22660.0,,6145374,S07,22678.5,22814.5,3,6145374,18.5,19.75,135.25,True,135.25,
20250703,6146633,1,22947.5,,6146753,S07,22966.0,22947.0,1,6146640,18.5,19.75,-19.75,True,-19.75,
20250704,6147788,-1,22930.75,,6147908,S07,22912.25,22931.25,1,6147801,18.5,19.75,-19.75,True,-19.75,
20250707,6148928,-1,22940.5,,6149048,S07,22922.0,22941.0,1,6148932,18.5,19.75,-19.75,True,-19.75,
20250708,6150308,-1,22930.0,,6150428,S07,22911.5,22930.5,1,6150372,18.5,19.75,-19.75,True,-19.75,
20250709,6151686,1,23003.5,,6151806,S07,23022.0,23003.0,1,6151744,18.5,19.75,-19.75,True,-19.75,
20250710,6153066,-1,23053.5,,6153186,S07,23035.0,22992.25,3,6153186,18.5,19.75,42.0,True,42.0,
20250711,6154446,1,22906.5,,6154566,S07,22925.0,22906.0,1,6154450,18.5,19.75,-19.75,True,-19.75,
20250714,6155826,1,22931.25,,6155946,S07,22949.75,22930.75,1,6155827,18.5,19.75,-19.75,True,-19.75,
20250715,6157206,-1,23191.0,,6157326,S07,23172.5,23191.5,1,6157247,18.5,19.75,-19.75,True,-19.75,
20250716,6158586,-1,23072.0,,6158706,S07,23053.5,22919.0,3,6158706,18.5,19.75,133.75,True,133.75,
20250717,6159966,-1,23092.25,,6160086,S07,23073.75,23092.75,1,6159968,18.5,19.75,-19.75,True,-19.75,
20250718,6161346,1,23283.75,,6161466,S07,23302.25,23283.25,1,6161348,18.5,19.75,-19.75,True,-19.75,
20250724,6162617,-1,23374.0,,6162737,S07,23355.5,23374.5,1,6162619,18.5,19.75,-19.75,True,-19.75,
20250725,6163997,1,23349.75,,6164117,S07,23368.25,23349.25,1,6164001,18.5,19.75,-19.75,True,-19.75,
20250728,6165377,1,23468.5,,6165497,S07,23487.0,23468.0,1,6165483,18.5,19.75,-19.75,True,-19.75,
20250729,6166757,1,23612.0,,6166877,S07,23630.5,23611.5,1,6166770,18.5,19.75,-19.75,True,-19.75,
20250730,6168136,1,23462.0,,6168256,S07,23480.5,23480.25,3,6168256,18.5,19.75,-1.0,True,-1.0,
20250731,6169516,-1,23697.25,,6169636,S07,23678.75,23697.75,1,6169540,18.5,19.75,-19.75,True,-19.75,
20250801,6170896,-1,23048.75,,6171016,S07,23030.25,22920.25,3,6171016,18.5,19.75,109.25,True,109.25,
20250804,6172276,1,23103.5,,6172396,S07,23122.0,23218.5,3,6172396,18.5,19.75,95.75,True,95.75,
20250805,6173656,-1,23349.25,,6173776,S07,23330.75,23349.75,1,6173661,18.5,19.75,-19.75,True,-19.75,
20250806,6175036,1,23179.25,,6175156,S07,23197.75,23178.75,1,6175039,18.5,19.75,-19.75,True,-19.75,
20250807,6176351,1,23606.5,,6176471,S07,23625.0,23606.0,1,6176353,18.5,19.75,-19.75,True,-19.75,
20250808,6177731,1,23533.25,,6177851,S07,23551.75,23532.75,1,6177732,18.5,19.75,-19.75,True,-19.75,
20250808,6177762,1,23633.0,,-1,PV2_V7m,23649.25,23632.5,1,6177773,16.25,17.5,-17.5,True,-37.25,
20250811,6179111,-1,23709.25,,6179231,S07,23690.75,23709.75,1,6179116,18.5,19.75,-19.75,True,-19.75,
20250812,6180491,1,23742.0,,6180611,S07,23760.5,23741.5,1,6180502,18.5,19.75,-19.75,True,-19.75,
20250813,6181871,1,24040.5,,6181991,S07,24059.0,24040.0,1,6181880,18.5,19.75,-19.75,True,-19.75,
20250814,6183250,1,23850.75,,6183370,S07,23869.25,23894.5,3,6183370,18.5,19.75,24.5,True,24.5,
20250815,6184630,-1,23882.25,,6184750,S07,23863.75,23882.75,1,6184633,18.5,19.75,-19.75,True,-19.75,
20250818,6186010,1,23783.25,,6186130,S07,23801.75,23782.75,1,6186018,18.5,19.75,-19.75,True,-19.75,
20250819,6187390,-1,23699.75,,6187510,S07,23681.25,23700.25,1,6187395,18.5,19.75,-19.75,True,-19.75,
20250820,6188770,-1,23415.75,,6188890,S07,23397.25,23243.75,3,6188890,18.5,19.75,152.75,True,152.75,
20250821,6190150,1,23251.75,,6190270,S07,23270.25,23251.25,1,6190151,18.5,19.75,-19.75,True,-19.75,
20250822,6191529,-1,23246.5,,6191649,S07,23228.0,23247.0,1,6191530,18.5,19.75,-19.75,True,-19.75,
20250825,6192909,-1,23466.75,,6193029,S07,23448.25,23467.25,1,6192910,18.5,19.75,-19.75,True,-19.75,
20250826,6194289,1,23488.25,,6194409,S07,23506.75,23487.75,1,6194292,18.5,19.75,-19.75,True,-19.75,
20250827,6195669,-1,23564.25,,6195789,S07,23545.75,23564.75,1,6195671,18.5,19.75,-19.75,True,-19.75,
20250828,6197049,1,23720.75,,6197169,S07,23739.25,23720.25,1,6197051,18.5,19.75,-19.75,True,-19.75,
20250829,6198429,-1,23656.75,,6198549,S07,23638.25,23463.0,3,6198549,18.5,19.75,174.5,True,174.5,
20250901,6199809,-1,23473.5,,6199929,S07,23455.0,23474.0,1,6199813,18.5,19.75,-19.75,True,-19.75,
20250902,6200949,1,23070.0,,6201069,S07,23088.5,23096.75,3,6201069,18.5,19.75,7.5,True,7.5,
20250903,6202329,-1,23430.0,,6202449,S07,23411.5,23430.5,1,6202347,18.5,19.75,-19.75,True,-19.75,
20250904,6203709,1,23504.25,,6203829,S07,23522.75,23503.75,1,6203713,18.5,19.75,-19.75,True,-19.75,
20250905,6205089,-1,23866.25,,6205209,S07,23847.75,23866.75,1,6205090,18.5,19.75,-19.75,True,-19.75,
20250908,6206469,1,23782.25,,6206589,S07,23800.75,23876.0,3,6206589,18.5,19.75,74.5,True,74.5,
20250909,6207849,1,23822.0,,6207969,S07,23840.5,23821.5,1,6207857,18.5,19.75,-19.75,True,-19.75,
20250910,6209229,-1,23972.0,,6209349,S07,23953.5,23972.5,1,6209231,18.5,19.75,-19.75,True,-19.75,
20250911,6210608,1,23975.75,,6210728,S07,23994.25,23975.25,1,6210610,18.5,19.75,-19.75,True,-19.75,
20250912,6211988,-1,24059.75,,6212108,S07,24041.25,24060.25,1,6212025,18.5,19.75,-19.75,True,-19.75,
20250915,6213363,1,24415.0,,6213483,S07,24433.5,24493.0,3,6213483,18.5,19.75,58.75,True,58.75,
20250916,6214743,-1,24589.0,,6214863,S07,24570.5,24513.5,3,6214863,18.5,19.75,56.25,True,56.25,
20250917,6216123,-1,24526.0,,6216243,S07,24507.5,24417.75,3,6216243,18.5,19.75,89.0,True,89.0,
20250918,6217503,1,24677.25,,6217623,S07,24695.75,24676.75,1,6217508,18.5,19.75,-19.75,True,-19.75,
20250919,6218883,-1,24772.25,,6219003,S07,24753.75,24772.75,1,6218891,18.5,19.75,-19.75,True,-19.75,
20250922,6220262,1,24829.0,,6220382,S07,24847.5,24828.5,1,6220269,18.5,19.75,-19.75,True,-19.75,
20250922,6220424,1,24941.5,,-1,PV2_V7m,24958.25,25000.25,3,6220544,16.75,18.0,41.25,True,21.5,
20250923,6221642,1,24981.5,,6221762,S07,25000.0,24981.0,1,6221644,18.5,19.75,-19.75,True,-19.75,
20250923,6221672,-1,24952.5,,-1,PV2_V7m,24936.0,24953.0,1,6221674,16.5,17.75,-17.75,True,-37.5,
20250924,6223022,-1,24850.25,,6223142,S07,24831.75,24850.75,1,6223024,18.5,19.75,-19.75,True,-19.75,
20250925,6224402,-1,24568.5,,6224522,S07,24550.0,24569.0,1,6224438,18.5,19.75,-19.75,True,-19.75,
20250926,6225782,1,24672.5,,6225902,S07,24691.0,24672.0,1,6225785,18.5,19.75,-19.75,True,-19.75,
20250929,6227162,1,24860.75,,6227282,S07,24879.25,24860.25,1,6227280,18.5,19.75,-19.75,True,-19.75,
20250930,6228542,-1,24790.5,,6228662,S07,24772.0,24791.0,1,6228553,18.5,19.75,-19.75,True,-19.75,
20251001,6229922,1,24809.0,,6230042,S07,24827.5,24808.5,1,6229924,18.5,19.75,-19.75,True,-19.75,
20251002,6231302,-1,25151.5,,6231422,S07,25133.0,25030.5,3,6231422,18.5,19.75,101.75,True,101.75,
20251003,6232682,1,25127.75,,6232802,S07,25146.25,25127.25,1,6232690,18.5,19.75,-19.75,True,-19.75,
20251006,6234062,-1,25186.0,,6234182,S07,25167.5,25186.5,1,6234066,18.5,19.75,-19.75,True,-19.75,
20251007,6235442,-1,25248.75,,6235562,S07,25230.25,25249.25,1,6235445,18.5,19.75,-19.75,True,-19.75,
20251008,6236822,1,25112.25,,6236942,S07,25130.75,25111.75,1,6236824,18.5,19.75,-19.75,True,-19.75,
20251008,6236855,1,25195.75,,-1,PV2_V7m,25210.5,25195.25,1,6236871,14.75,16.0,-16.0,True,-35.75,
20251009,6238202,-1,25322.0,,6238322,S07,25303.5,25219.75,3,6238322,18.5,19.75,83.0,True,83.0,
20251010,6239581,1,25305.5,,6239701,S07,25324.0,25305.0,1,6239624,18.5,19.75,-19.75,True,-19.75,
20251013,6240961,-1,24804.5,,6241081,S07,24786.0,24805.0,1,6240971,18.5,19.75,-19.75,True,-19.75,
20251014,6242341,-1,24588.0,,6242461,S07,24569.5,24588.5,1,6242365,18.5,19.75,-19.75,True,-19.75,
20251015,6243721,-1,24993.25,,6243841,S07,24974.75,24993.75,1,6243725,18.5,19.75,-19.75,True,-19.75,
20251016,6245101,1,25064.25,,6245221,S07,25082.75,25063.75,1,6245104,18.5,19.75,-19.75,True,-19.75,
20251017,6246481,1,24741.75,,6246601,S07,24760.25,24741.25,1,6246487,18.5,19.75,-19.75,True,-19.75,
20251020,6247861,1,25169.0,,6247981,S07,25187.5,25323.0,3,6247981,18.5,19.75,134.75,True,134.75,
20251022,6248755,-1,25214.5,,6248875,S07,25196.0,25215.0,1,6248761,18.5,19.75,-19.75,True,-19.75,
20251023,6250135,1,25020.5,,6250255,S07,25039.0,25020.0,1,6250137,18.5,19.75,-19.75,True,-19.75,
20251024,6251515,1,25450.0,,6251635,S07,25468.5,25449.5,1,6251598,18.5,19.75,-19.75,True,-19.75,
20251103,6252895,1,26235.75,,6253015,S07,26254.25,26235.25,1,6252896,18.5,19.75,-19.75,True,-19.75,
20251104,6254275,-1,25691.25,,6254395,S07,25672.75,25691.75,1,6254277,18.5,19.75,-19.75,True,-19.75,
20251105,6255655,-1,25558.25,,6255775,S07,25539.75,25558.75,1,6255661,18.5,19.75,-19.75,True,-19.75,
20251106,6257035,-1,25651.0,,6257155,S07,25632.5,25651.5,1,6257036,18.5,19.75,-19.75,True,-19.75,
20251107,6258415,-1,25070.0,,6258535,S07,25051.5,25070.5,1,6258416,18.5,19.75,-19.75,True,-19.75,
20251110,6259795,1,25566.0,,6259915,S07,25584.5,25565.5,1,6259873,18.5,19.75,-19.75,True,-19.75,
20251111,6261175,1,25608.75,,6261295,S07,25627.25,25608.25,1,6261176,18.5,19.75,-19.75,True,-19.75,
20251112,6262555,-1,25713.75,,6262675,S07,25695.25,25591.25,3,6262675,18.5,19.75,103.25,True,103.25,
20251113,6263935,-1,25473.5,,6264055,S07,25455.0,25474.0,1,6263976,18.5,19.75,-19.75,True,-19.75,
20251114,6265315,-1,24654.75,,6265435,S07,24636.25,24655.25,1,6265316,18.5,19.75,-19.75,True,-19.75,
20251117,6266695,1,25041.25,,6266815,S07,25059.75,25040.75,1,6266784,18.5,19.75,-19.75,True,-19.75,
20251118,6268075,1,24770.0,,6268195,S07,24788.5,24769.5,1,6268076,18.5,19.75,-19.75,True,-19.75,
20251119,6269455,1,24606.5,,6269575,S07,24625.0,24696.25,3,6269575,18.5,19.75,70.5,True,70.5,
20251120,6270835,-1,25183.75,,6270955,S07,25165.25,25184.25,1,6270836,18.5,19.75,-19.75,True,-19.75,
20251121,6272215,-1,24220.5,,6272335,S07,24202.0,24221.0,1,6272216,18.5,19.75,-19.75,True,-19.75,
20251124,6273595,1,24631.5,,6273715,S07,24650.0,24631.0,1,6273602,18.5,19.75,-19.75,True,-19.75,
20251125,6274975,-1,24860.5,,6275095,S07,24842.0,24861.0,1,6274976,18.5,19.75,-19.75,True,-19.75,
20251126,6276355,1,25229.5,,6276475,S07,25248.0,25229.0,1,6276356,18.5,19.75,-19.75,True,-19.75,
20251127,6277735,1,25298.25,,6277855,S07,25316.75,25297.75,1,6277739,18.5,19.75,-19.75,True,-19.75,
20251128,6278228,1,25365.0,,6278348,S07,25383.5,25364.5,1,6278235,18.5,19.75,-19.75,True,-19.75,
20251201,6279383,1,25264.75,,6279503,S07,25283.25,25264.25,1,6279389,18.5,19.75,-19.75,True,-19.75,
20251202,6280763,1,25495.75,,6280883,S07,25514.25,25495.25,1,6280872,18.5,19.75,-19.75,True,-19.75,
20251203,6282143,1,25499.25,,6282263,S07,25517.75,25498.75,1,6282144,18.5,19.75,-19.75,True,-19.75,
20251204,6283523,-1,25638.25,,6283643,S07,25619.75,25638.75,1,6283530,18.5,19.75,-19.75,True,-19.75,
20251205,6284903,1,25752.75,,6285023,S07,25771.25,25752.25,1,6284905,18.5,19.75,-19.75,True,-19.75,
20251208,6286283,1,25814.25,,6286403,S07,25832.75,25813.75,1,6286285,18.5,19.75,-19.75,True,-19.75,
20251209,6287663,-1,25607.25,,6287783,S07,25588.75,25607.75,1,6287665,18.5,19.75,-19.75,True,-19.75,
20251210,6289043,-1,25639.75,,6289163,S07,25621.25,25640.25,1,6289048,18.5,19.75,-19.75,True,-19.75,
20251211,6290423,-1,25601.75,,6290543,S07,25583.25,25602.25,1,6290424,18.5,19.75,-19.75,True,-19.75,
20251212,6291803,-1,25596.25,,6291923,S07,25577.75,25596.75,1,6291806,18.5,19.75,-19.75,True,-19.75,
20251215,6293183,-1,25618.5,,6293303,S07,25600.0,25619.0,1,6293186,18.5,19.75,-19.75,True,-19.75,
20251216,6294563,1,25278.5,,6294683,S07,25297.0,25278.0,1,6294564,18.5,19.75,-19.75,True,-19.75,
20251217,6295943,-1,25433.5,,6296063,S07,25415.0,25027.25,3,6296063,18.5,19.75,387.0,True,387.0,
20251218,6297323,-1,25293.0,,6297443,S07,25274.5,25293.5,1,6297350,18.5,19.75,-19.75,True,-19.75,
20251219,6298703,1,25417.25,,6298823,S07,25435.75,25416.75,1,6298707,18.5,19.75,-19.75,True,-19.75,
20251219,6298740,1,25531.25,,-1,PV2_V7m,25548.25,25530.75,1,6298742,17.0,18.25,-18.25,True,-38.0,
20251222,6300083,-1,25744.0,,6300203,S07,25725.5,25744.5,1,6300101,18.5,19.75,-19.75,True,-19.75,
20251223,6301463,1,25685.5,,6301583,S07,25704.0,25685.0,1,6301486,18.5,19.75,-19.75,True,-19.75,
20251224,6302840,1,25792.0,,6302960,S07,25810.5,25791.5,1,6302846,18.5,19.75,-19.75,True,-19.75,
20251226,6303992,1,25889.5,,6304112,S07,25908.0,25889.0,1,6304010,18.5,19.75,-19.75,True,-19.75,
20251229,6305372,1,25688.5,,6305492,S07,25707.0,25688.0,1,6305408,18.5,19.75,-19.75,True,-19.75,
20251230,6306752,1,25701.5,,6306872,S07,25720.0,25701.0,1,6306754,18.5,19.75,-19.75,True,-19.75,
20251231,6308132,-1,25677.0,,6308252,S07,25658.5,25677.5,1,6308134,18.5,19.75,-19.75,True,-19.75,
