date,status,reason,side,level,event_pos,entry_pos,exit_pos,gross,net,trades,morning_high,morning_low,direction,event_open,event_close,entry_price,exit_price,held_minutes,mae,mfe
2020-01-02,known,first_retest_no_body_cross,L,3236.5,4639698.0,,,0.0,0.0,0,3251.0,3236.5,-1.0,3237.5,3236.75,,,,,
2020-01-03,known,closed_back_inside,H,3239.5,4641010.0,4641011.0,4641015.0,-1.5,-1.9,1,3239.5,3220.75,1.0,3238.0,3240.5,3240.25,3238.75,4.0,1.5,0.5
2020-01-06,known,closed_back_inside,H,3231.25,4642375.0,4642376.0,4642396.0,-1.0,-1.4,1,3231.25,3213.25,1.0,3230.75,3232.5,3232.25,3231.25,20.0,1.75,2.5
2020-01-07,known,closed_back_inside,H,3242.25,4643756.0,4643757.0,4643758.0,-0.75,-1.15,1,3242.25,3231.75,1.0,3241.75,3242.5,3242.75,3242.0,1.0,1.0,0.0
2020-01-08,known,closed_back_inside,H,3249.5,4645152.0,4645153.0,4645154.0,-1.25,-1.65,1,3249.5,3236.0,1.0,3246.5,3250.0,3250.0,3248.75,1.0,4.0,0.5
2020-01-09,known,first_retest_no_body_cross,H,3274.0,4646467.0,,,0.0,0.0,0,3274.0,3265.5,1.0,3273.5,3273.75,,,,,
2020-01-10,known,first_retest_no_body_cross,L,3274.75,4647885.0,,,0.0,0.0,0,3283.75,3274.75,-1.0,3275.5,3275.0,,,,,
2020-01-13,known,first_retest_no_body_cross,H,3276.0,4649207.0,,,0.0,0.0,0,3276.0,3268.0,1.0,3274.75,3276.0,,,,,
2020-01-14,known,first_retest_no_body_cross,H,3286.5,4650556.0,,,0.0,0.0,0,3286.5,3279.0,1.0,3285.75,3286.0,,,,,
2020-01-15,known,closed_back_inside,H,3297.0,4651925.0,4651926.0,4651927.0,-0.75,-1.15,1,3297.0,3281.75,1.0,3295.5,3297.5,3297.5,3296.75,1.0,1.0,0.0
2020-01-16,known,first_retest_no_body_cross,H,3308.5,4653289.0,,,0.0,0.0,0,3308.5,3302.75,1.0,3308.0,3307.0,,,,,
2020-01-17,known,closed_back_inside,L,3320.0,4654689.0,4654690.0,4654691.0,-0.75,-1.15,1,3326.5,3320.0,-1.0,3320.75,3319.25,3319.25,3320.0,1.0,1.75,0.0
2020-01-21,known,first_retest_no_body_cross,H,3323.5,4657176.0,,,0.0,0.0,0,3323.5,3316.0,1.0,3322.75,3323.5,,,,,
2020-01-22,known,first_retest_no_body_cross,H,3336.0,4658509.0,,,0.0,0.0,0,3336.0,3328.0,1.0,3335.0,3336.0,,,,,
2020-01-23,known,closed_back_inside,H,3315.75,4660040.0,4660041.0,4660042.0,-1.5,-1.9,1,3315.75,3301.25,1.0,3314.75,3316.5,3316.5,3315.0,1.0,1.75,0.5
2020-01-24,known,closed_back_inside,L,3316.75,4661240.0,4661241.0,4661242.0,-1.5,-1.9,1,3332.5,3316.75,-1.0,3317.25,3315.75,3315.75,3317.25,1.0,2.0,0.25
2020-01-27,known,closed_back_inside,H,3253.5,4662696.0,4662697.0,4662699.0,-1.5,-1.9,1,3253.5,3233.0,1.0,3252.75,3254.5,3254.25,3252.75,2.0,1.75,0.0
2020-01-28,known,first_retest_no_body_cross,H,3272.25,4663959.0,,,0.0,0.0,0,3272.25,3251.75,1.0,3271.25,3272.25,,,,,
2020-01-29,known,closed_back_inside,H,3291.25,4665533.0,4665534.0,4665535.0,-0.75,-1.15,1,3291.25,3270.25,1.0,3289.5,3291.5,3291.75,3291.0,1.0,1.5,0.5
2020-01-30,known,closed_back_inside,L,3248.5,4666694.0,4666695.0,4666726.0,-2.0,-2.4,1,3264.75,3248.5,-1.0,3249.25,3248.25,3248.0,3250.0,31.0,2.25,7.0
2020-01-31,known,first_retest_no_body_cross,L,3252.0,4668052.0,,,0.0,0.0,0,3277.5,3252.0,-1.0,3253.0,3253.25,,,,,
2020-02-03,known,no_first_retest,,,,,,0.0,0.0,0,3267.25,3237.75,,,,,,,,
2020-02-04,known,first_retest_no_body_cross,H,3296.5,4670782.0,,,0.0,0.0,0,3296.5,3282.25,1.0,3296.0,3296.25,,,,,
2020-02-05,known,first_retest_no_body_cross,L,3313.5,4672150.0,,,0.0,0.0,0,3329.25,3313.5,-1.0,3316.25,3314.75,,,,,
2020-02-06,known,first_retest_no_body_cross,H,3345.5,4673562.0,,,0.0,0.0,0,3345.5,3332.75,1.0,3344.75,3344.5,,,,,
2020-02-07,known,first_retest_no_body_cross,H,3334.75,4674880.0,,,0.0,0.0,0,3334.75,3324.0,1.0,3334.5,3334.0,,,,,
2020-02-10,known,first_retest_no_body_cross,H,3338.0,4676239.0,,,0.0,0.0,0,3338.0,3316.25,1.0,3337.0,3337.75,,,,,
2020-02-11,known,closed_back_inside,H,3373.75,4677613.0,4677614.0,4677615.0,-1.0,-1.4,1,3373.75,3359.25,1.0,3371.75,3374.25,3374.0,3373.0,1.0,1.25,0.5
2020-02-12,known,first_retest_no_body_cross,H,3377.0,4679225.0,,,0.0,0.0,0,3377.0,3368.5,1.0,3376.25,3377.0,,,,,
2020-02-13,known,first_retest_no_body_cross,H,3371.75,4680350.0,,,0.0,0.0,0,3371.75,3359.0,1.0,3371.0,3371.75,,,,,
2020-02-14,known,closed_back_inside,H,3380.0,4681745.0,4681746.0,4681747.0,-0.25,-0.65,1,3380.0,3370.25,1.0,3379.5,3380.5,3380.25,3380.0,1.0,0.5,0.5
2020-02-18,known,next_open_back_inside,L,3362.5,4684244.0,,,0.0,0.0,0,3374.5,3362.5,-1.0,3363.75,3362.25,,,,,
2020-02-19,known,closed_back_inside,H,3387.25,4685592.0,4685593.0,4685596.0,-0.5,-0.9,1,3387.25,3377.75,1.0,3387.0,3387.75,3387.75,3387.25,3.0,0.75,0.5
2020-02-20,known,first_retest_no_body_cross,H,3389.0,4686947.0,,,0.0,0.0,0,3389.0,3377.75,1.0,3388.25,3388.5,,,,,
2020-02-21,known,closed_back_inside,L,3336.25,4688308.0,4688309.0,4688317.0,-1.5,-1.9,1,3360.5,3336.25,-1.0,3337.75,3334.25,3334.5,3336.0,8.0,1.75,2.5
2020-02-24,known,first_retest_no_body_cross,L,3229.5,4689759.0,,,0.0,0.0,0,3260.0,3229.5,-1.0,3231.0,3230.0,,,,,
2020-02-25,known,closed_back_inside,L,3201.0,4691031.0,4691032.0,4691034.0,-5.25,-5.65,1,3247.25,3201.0,-1.0,3204.0,3199.5,3199.25,3204.5,2.0,6.0,3.5
2020-02-26,known,closed_back_inside,H,3175.25,4692405.0,4692406.0,4692407.0,-2.0,-2.4,1,3175.25,3138.75,1.0,3171.25,3176.75,3176.75,3174.75,1.0,3.0,1.0
2020-02-27,known,first_retest_no_body_cross,L,3021.5,4693771.0,,,0.0,0.0,0,3069.25,3021.5,-1.0,3025.5,3023.75,,,,,
2020-02-28,known,closed_back_inside,H,2931.0,4695193.0,4695194.0,4695202.0,-1.25,-1.65,1,2931.0,2853.25,1.0,2927.25,2931.75,2931.75,2930.5,8.0,4.25,27.5
2020-03-02,known,first_retest_no_body_cross,H,2989.25,4696507.0,,,0.0,0.0,0,2989.25,2942.5,1.0,2981.0,2988.5,,,,,
2020-03-03,known,closed_back_inside,L,3046.75,4697907.0,4697908.0,4697922.0,-6.5,-6.9,1,3137.0,3046.75,-1.0,3058.0,3042.5,3042.75,3049.25,14.0,9.5,19.25
2020-03-04,known,first_retest_no_body_cross,H,3070.75,4699360.0,,,0.0,0.0,0,3070.75,3030.75,1.0,3068.75,3070.25,,,,,
2020-03-05,known,closed_back_inside,H,3067.5,4700620.0,4700621.0,4700650.0,-4.0,-4.4,1,3067.5,3035.25,1.0,3064.0,3069.5,3069.5,3065.5,29.0,4.25,12.75
2020-03-06,known,first_retest_no_body_cross,H,2962.75,4701957.0,,,0.0,0.0,0,2962.75,2911.25,1.0,2958.0,2962.5,,,,,
2020-03-09,unknown,opening_hour_incomplete,,,,,,,,0,,,,,,,,,,
2020-03-10,known,closed_back_inside,L,2803.25,4704486.0,4704487.0,4704488.0,-4.5,-4.9,1,2846.0,2803.25,-1.0,2809.75,2802.0,2801.75,2806.25,1.0,4.25,0.75
2020-03-11,known,first_retest_no_body_cross,L,2779.0,4705845.0,,,0.0,0.0,0,2814.5,2779.0,-1.0,2785.25,2779.25,,,,,
2020-03-12,unknown,opening_hour_incomplete,,,,,,,,0,,,,,,,,,,
2020-03-13,known,closed_back_inside,L,2534.75,4708492.0,4708493.0,4708497.0,-7.0,-7.4,1,2624.0,2534.75,-1.0,2536.0,2529.0,2528.75,2535.75,4.0,9.0,5.75
2020-03-16,unknown,opening_hour_incomplete,,,,,,,,0,,,,,,,,,,
2020-03-17,known,closed_back_inside,H,2455.25,4710527.0,4710528.0,4710649.0,-9.25,-9.65,1,2455.25,2352.0,1.0,2445.75,2456.5,2456.5,2447.25,121.0,10.25,86.25
2020-03-18,unknown,exit_open_unknown,L,2343.25,4711703.0,4711704.0,,,,1,2442.0,2343.25,-1.0,2349.0,2342.5,2342.5,,,,
2020-03-19,known,closed_back_inside,H,2422.75,4712968.0,4712969.0,4712971.0,-9.0,-9.4,1,2422.75,2306.25,1.0,2419.25,2431.25,2431.25,2422.25,2.0,11.25,3.5
2020-03-20,known,first_retest_no_body_cross,H,2431.5,4714285.0,,,0.0,0.0,0,2431.5,2361.0,1.0,2427.25,2425.75,,,,,
2020-03-23,known,first_retest_no_body_cross,L,2218.25,4715670.0,,,0.0,0.0,0,2287.0,2218.25,-1.0,2226.25,2221.5,,,,,
2020-03-24,known,closed_back_inside,H,2388.25,4717031.0,4717032.0,4717041.0,-3.0,-3.4,1,2388.25,2334.0,1.0,2384.75,2389.5,2389.75,2386.75,9.0,4.5,6.5
2020-03-25,known,closed_back_inside,H,2486.0,4718439.0,4718440.0,4718648.0,-10.0,-10.4,1,2486.0,2393.5,1.0,2483.25,2487.75,2487.75,2477.75,208.0,16.75,73.0
2020-03-26,known,first_retest_no_body_cross,H,2573.0,4719751.0,,,0.0,0.0,0,2573.0,2487.25,1.0,2568.25,2572.0,,,,,
2020-03-27,known,first_retest_no_body_cross,H,2545.5,4721096.0,,,0.0,0.0,0,2545.5,2505.25,1.0,2539.75,2545.0,,,,,
2020-03-30,known,closed_back_inside,H,2572.0,4722426.0,4722427.0,4722444.0,-2.25,-2.65,1,2572.0,2532.25,1.0,2567.5,2573.0,2573.25,2571.0,17.0,2.75,9.25
2020-03-31,known,closed_back_inside,H,2625.5,4723795.0,4723796.0,4723797.0,-2.0,-2.4,1,2625.5,2578.75,1.0,2623.0,2627.0,2627.0,2625.0,1.0,2.25,0.5
2020-04-01,known,closed_back_inside,H,2500.0,4725169.0,4725170.0,4725172.0,-1.25,-1.65,1,2500.0,2471.75,1.0,2498.25,2501.0,2501.0,2499.75,2.0,2.25,1.0
2020-04-02,known,closed_back_inside,H,2486.5,4726577.0,4726578.0,4726686.0,-4.25,-4.65,1,2486.5,2441.25,1.0,2485.5,2487.75,2488.0,2483.75,108.0,4.25,27.75
2020-04-03,known,closed_back_inside,L,2495.25,4727884.0,4727885.0,4727886.0,-1.5,-1.9,1,2529.5,2495.25,-1.0,2499.0,2493.75,2493.75,2495.25,1.0,3.0,0.5
2020-04-06,known,first_retest_no_body_cross,H,2606.75,4729325.0,,,0.0,0.0,0,2606.75,2564.0,1.0,2603.75,2606.75,,,,,
2020-04-07,known,closed_back_inside,L,2691.0,4730632.0,4730633.0,4730643.0,-5.5,-5.9,1,2750.0,2691.0,-1.0,2694.5,2689.25,2689.25,2694.75,10.0,5.75,10.75
2020-04-08,known,first_retest_no_body_cross,H,2688.75,4732000.0,,,0.0,0.0,0,2688.75,2653.5,1.0,2687.25,2687.0,,,,,
2020-04-09,known,closed_back_inside,H,2803.5,4733481.0,4733482.0,4733486.0,-3.5,-3.9,1,2803.5,2765.5,1.0,2801.25,2806.0,2806.0,2802.5,4.0,4.5,1.25
2020-04-13,known,first_retest_no_body_cross,L,2725.0,4734707.0,,,0.0,0.0,0,2771.75,2725.0,-1.0,2728.25,2725.0,,,,,
2020-04-14,known,closed_back_inside,H,2836.25,4736267.0,4736268.0,4736270.0,-1.75,-2.15,1,2836.25,2796.25,1.0,2835.75,2837.75,2837.5,2835.75,2.0,2.25,1.0
2020-04-15,known,closed_back_inside,L,2753.0,4737438.0,4737439.0,4737440.0,-2.5,-2.9,1,2781.75,2753.0,-1.0,2757.0,2751.75,2751.75,2754.25,1.0,2.75,0.5
2020-04-16,known,closed_back_inside,H,2795.0,4738879.0,4738880.0,4738884.0,-2.75,-3.15,1,2795.0,2754.75,1.0,2793.5,2796.75,2797.0,2794.25,4.0,3.0,0.75
2020-04-17,known,closed_back_inside,L,2830.75,4740163.0,4740164.0,4740168.0,-0.5,-0.9,1,2854.0,2830.75,-1.0,2832.5,2830.0,2830.25,2830.75,4.0,1.75,2.5
2020-04-20,known,first_retest_no_body_cross,H,2838.0,4741526.0,,,0.0,0.0,0,2838.0,2819.0,1.0,2835.75,2836.25,,,,,
2020-04-21,known,first_retest_no_body_cross,L,2750.0,4742908.0,,,0.0,0.0,0,2777.5,2750.0,-1.0,2750.5,2751.75,,,,,
2020-04-22,known,closed_back_inside,H,2786.25,4744327.0,4744328.0,4744329.0,-1.75,-2.15,1,2786.25,2766.25,1.0,2783.75,2787.25,2787.25,2785.5,1.0,2.25,0.25
2020-04-23,known,next_open_back_inside,H,2823.5,4745717.0,,,0.0,0.0,0,2823.5,2798.75,1.0,2822.75,2823.75,,,,,
2020-04-24,known,first_retest_no_body_cross,L,2785.0,4747025.0,,,0.0,0.0,0,2810.75,2785.0,-1.0,2787.25,2785.25,,,,,
2020-04-27,known,closed_back_inside,H,2860.75,4748372.0,4748373.0,4748375.0,-1.0,-1.4,1,2860.75,2843.75,1.0,2858.75,2861.0,2861.25,2860.25,2.0,2.0,0.5
2020-04-28,known,closed_back_inside,L,2883.25,4749718.0,4749719.0,4749721.0,-2.75,-3.15,1,2912.25,2883.25,-1.0,2884.25,2882.5,2882.25,2885.0,2.0,3.25,0.75
2020-04-29,known,closed_back_inside,H,2919.25,4751090.0,4751091.0,4751097.0,-1.25,-1.65,1,2919.25,2902.25,1.0,2918.5,2920.25,2920.25,2919.0,6.0,2.25,1.25
2020-04-30,known,first_retest_no_body_cross,L,2893.5,4752533.0,,,0.0,0.0,0,2919.0,2893.5,-1.0,2899.5,2895.5,,,,,
2020-05-01,known,session_close,L,2838.25,4753864.0,4753865.0,4754139.0,13.25,12.85,1,2857.75,2838.25,-1.0,2840.25,2837.75,2837.5,2824.25,275.0,1.75,25.75
2020-05-04,known,closed_back_inside,H,2817.75,4755435.0,4755436.0,4755438.0,-1.5,-1.9,1,2817.75,2788.5,1.0,2816.0,2819.0,2819.0,2817.5,2.0,2.25,0.5
2020-05-05,known,closed_back_inside,H,2881.75,4756592.0,4756593.0,4756596.0,-0.5,-0.9,1,2881.75,2859.0,1.0,2881.0,2882.25,2882.0,2881.5,3.0,0.75,1.0
2020-05-06,known,closed_back_inside,L,2847.25,4758211.0,4758212.0,4758214.0,-2.25,-2.65,1,2881.75,2847.25,-1.0,2848.0,2846.0,2846.0,2848.25,2.0,3.25,1.0
2020-05-07,known,closed_back_inside,H,2886.75,4759343.0,4759344.0,4759409.0,-2.0,-2.4,1,2886.75,2868.75,1.0,2885.0,2888.25,2888.25,2886.25,65.0,2.5,6.75
2020-05-08,known,first_retest_no_body_cross,H,2912.75,4760690.0,,,0.0,0.0,0,2912.75,2895.75,1.0,2912.25,2912.0,,,,,
2020-05-11,known,first_retest_no_body_cross,H,2909.5,4762004.0,,,0.0,0.0,0,2909.5,2895.5,1.0,2907.5,2909.0,,,,,
2020-05-12,known,session_close,L,2912.5,4763528.0,4763529.0,4763694.0,47.75,47.35,1,2939.25,2912.5,-1.0,2913.0,2910.75,2910.5,2862.75,166.0,2.25,48.5
2020-05-13,known,closed_back_inside,L,2832.75,4764782.0,4764783.0,4764785.0,-1.0,-1.4,1,2861.5,2832.75,-1.0,2835.75,2832.0,2831.75,2832.75,2.0,3.0,0.5
2020-05-14,known,closed_back_inside,H,2794.5,4766114.0,4766115.0,4766123.0,-4.25,-4.65,1,2794.5,2760.25,1.0,2792.25,2797.25,2797.25,2793.0,8.0,5.0,5.25
2020-05-15,known,first_retest_no_body_cross,H,2847.0,4767624.0,,,0.0,0.0,0,2847.0,2809.5,1.0,2845.75,2847.0,,,,,
2020-05-18,known,first_retest_no_body_cross,H,2938.5,4768836.0,,,0.0,0.0,0,2938.5,2923.5,1.0,2937.25,2937.5,,,,,
2020-05-19,known,first_retest_no_body_cross,H,2955.0,4770250.0,,,0.0,0.0,0,2955.0,2931.75,1.0,2954.25,2954.0,,,,,
2020-05-20,known,first_retest_no_body_cross,H,2972.25,4771600.0,,,0.0,0.0,0,2972.25,2952.25,1.0,2972.0,2971.75,,,,,
2020-05-21,known,no_first_retest,,,,,,0.0,0.0,0,2973.0,2959.0,,,,,,,,
2020-05-22,known,first_retest_no_body_cross,H,2944.5,4774461.0,,,0.0,0.0,0,2944.5,2928.25,1.0,2943.75,2944.0,,,,,
2020-05-26,known,first_retest_no_body_cross,L,3000.75,4776845.0,,,0.0,0.0,0,3019.0,3000.75,-1.0,3006.0,3000.75,,,,,
2020-05-27,known,closed_back_inside,L,2989.5,4778158.0,4778159.0,4778234.0,-3.0,-3.4,1,3019.0,2989.5,-1.0,2991.0,2988.0,2987.75,2990.75,75.0,3.5,22.25
2020-05-28,known,first_retest_no_body_cross,H,3046.25,4779531.0,,,0.0,0.0,0,3046.25,3030.0,1.0,3043.5,3045.5,,,,,
2020-05-29,known,first_retest_no_body_cross,L,3008.25,4780897.0,,,0.0,0.0,0,3028.5,3008.25,-1.0,3009.5,3009.25,,,,,
2020-06-01,known,first_retest_no_body_cross,H,3048.0,4782251.0,,,0.0,0.0,0,3048.0,3027.0,1.0,3047.0,3047.75,,,,,
2020-06-02,known,closed_back_inside,L,3051.75,4783651.0,4783652.0,4783655.0,-1.5,-1.9,1,3068.75,3051.75,-1.0,3053.5,3050.75,3050.5,3052.0,3.0,2.25,1.75
2020-06-03,known,first_retest_no_body_cross,H,3106.5,4784980.0,,,0.0,0.0,0,3106.5,3096.0,1.0,3105.5,3106.0,,,,,
2020-06-04,known,closed_back_inside,H,3123.25,4786361.0,4786362.0,4786363.0,-1.75,-2.15,1,3123.25,3106.5,1.0,3123.0,3124.75,3124.5,3122.75,1.0,2.25,0.25
2020-06-05,known,first_retest_no_body_cross,H,3184.25,4787723.0,,,0.0,0.0,0,3184.25,3168.5,1.0,3182.25,3183.75,,,,,
2020-06-08,known,first_retest_no_body_cross,L,3194.0,4789077.0,,,0.0,0.0,0,3209.25,3194.0,-1.0,3195.5,3195.0,,,,,
2020-06-09,known,closed_back_inside,H,3204.75,4790452.0,4790453.0,4790504.0,-0.75,-1.15,1,3204.75,3190.75,1.0,3203.0,3205.5,3205.5,3204.75,51.0,1.0,9.25
2020-06-10,known,closed_back_inside,L,3183.75,4791826.0,4791827.0,4791832.0,-1.0,-1.4,1,3215.5,3183.75,-1.0,3186.25,3183.5,3183.5,3184.5,5.0,1.25,3.75
2020-06-11,known,first_retest_no_body_cross,L,3086.0,4793183.0,,,0.0,0.0,0,3107.5,3086.0,-1.0,3089.25,3086.0,,,,,
2020-06-12,known,first_retest_no_body_cross,L,3046.5,4794534.0,,,0.0,0.0,0,3076.75,3046.5,-1.0,3048.25,3048.5,,,,,
2020-06-15,known,first_retest_no_body_cross,H,2998.5,4795914.0,,,0.0,0.0,0,2998.5,2952.5,1.0,2997.75,2997.5,,,,,
2020-06-16,known,closed_back_inside,L,3123.75,4797269.0,4797270.0,4797271.0,-1.75,-2.15,1,3141.5,3123.75,-1.0,3136.75,3123.25,3123.0,3124.75,1.0,2.5,3.75
2020-06-17,known,closed_back_inside,H,3128.5,4798815.0,4798816.0,4798819.0,-0.5,-0.9,1,3128.5,3100.0,1.0,3128.0,3129.0,3129.0,3128.5,3.0,1.25,1.25
2020-06-18,known,first_retest_no_body_cross,H,3104.25,4799998.0,,,0.0,0.0,0,3104.25,3080.75,1.0,3098.5,3103.75,,,,,
2020-06-19,known,closed_back_inside,L,3126.0,4801360.0,4801361.0,4801364.0,-2.0,-2.4,1,3144.0,3126.0,-1.0,3127.25,3125.0,3124.75,3126.75,3.0,2.5,1.5
2020-06-22,known,closed_back_inside,H,3095.25,4802816.0,4802817.0,4803017.0,-0.25,-0.65,1,3095.25,3066.25,1.0,3092.75,3095.5,3095.5,3095.25,200.0,2.0,14.0
2020-06-23,known,first_retest_no_body_cross,L,3122.25,4804105.0,,,0.0,0.0,0,3137.75,3122.25,-1.0,3127.75,3123.25,,,,,
2020-06-24,known,first_retest_no_body_cross,L,3069.0,4805459.0,,,0.0,0.0,0,3104.5,3069.0,-1.0,3071.75,3073.5,,,,,
2020-06-25,known,closed_back_inside,H,3048.75,4806930.0,4806931.0,4806934.0,-1.25,-1.65,1,3048.75,3011.5,1.0,3047.25,3049.25,3049.25,3048.0,3.0,1.5,1.0
2020-06-26,known,closed_back_inside,L,3019.5,4808187.0,4808188.0,4808219.0,-6.5,-6.9,1,3063.25,3019.5,-1.0,3023.0,3014.0,3014.0,3020.5,31.0,7.25,8.5
2020-06-29,known,closed_back_inside,H,3023.25,4809557.0,4809558.0,4809585.0,-3.25,-3.65,1,3023.25,2988.5,1.0,3019.0,3025.75,3025.75,3022.5,27.0,4.0,8.0
2020-06-30,known,first_retest_no_body_cross,H,3058.5,4810931.0,,,0.0,0.0,0,3058.5,3037.5,1.0,3058.25,3057.0,,,,,
2020-07-01,known,closed_back_inside,L,3091.75,4812338.0,4812339.0,4812340.0,-1.75,-2.15,1,3109.25,3091.75,-1.0,3094.25,3091.0,3091.0,3092.75,1.0,2.0,0.25
2020-07-02,known,first_retest_no_body_cross,L,3135.0,4813648.0,,,0.0,0.0,0,3156.5,3135.0,-1.0,3136.75,3135.5,,,,,
2020-07-06,known,no_first_retest,,,,,,0.0,0.0,0,3174.5,3155.0,,,,,,,,
2020-07-07,known,closed_back_inside,H,3169.5,4817555.0,4817556.0,4817578.0,-1.0,-1.4,1,3169.5,3148.25,1.0,3168.25,3169.75,3170.0,3169.0,22.0,1.5,4.25
2020-07-08,known,first_retest_no_body_cross,L,3140.25,4818917.0,,,0.0,0.0,0,3162.25,3140.25,-1.0,3144.5,3140.75,,,,,
2020-07-09,known,closed_back_inside,L,3144.5,4820253.0,4820254.0,4820475.0,-2.0,-2.4,1,3170.0,3144.5,-1.0,3145.0,3142.5,3142.5,3144.5,221.0,3.0,37.25
2020-07-10,known,closed_back_inside,H,3149.75,4821622.0,4821623.0,4821627.0,-1.25,-1.65,1,3149.75,3126.5,1.0,3148.25,3151.0,3151.0,3149.75,4.0,1.5,5.0
2020-07-13,known,first_retest_no_body_cross,H,3210.0,4822987.0,,,0.0,0.0,0,3210.0,3191.0,1.0,3208.75,3208.75,,,,,
2020-07-14,known,first_retest_no_body_cross,H,3152.25,4824342.0,,,0.0,0.0,0,3152.25,3119.0,1.0,3147.0,3151.75,,,,,
2020-07-15,known,first_retest_no_body_cross,H,3225.5,4825707.0,,,0.0,0.0,0,3225.5,3210.5,1.0,3225.0,3225.25,,,,,
2020-07-16,known,first_retest_no_body_cross,H,3204.25,4827075.0,,,0.0,0.0,0,3204.25,3190.25,1.0,3203.0,3202.0,,,,,
2020-07-17,known,first_retest_no_body_cross,L,3197.25,4828436.0,,,0.0,0.0,0,3219.0,3197.25,-1.0,3198.0,3197.75,,,,,
2020-07-20,known,closed_back_inside,H,3225.75,4829825.0,4829826.0,4829827.0,-0.75,-1.15,1,3225.75,3205.25,1.0,3224.5,3226.0,3226.0,3225.25,1.0,1.0,0.0
2020-07-21,known,first_retest_no_body_cross,L,3254.25,4831174.0,,,0.0,0.0,0,3268.75,3254.25,-1.0,3255.5,3254.5,,,,,
2020-07-22,known,first_retest_no_body_cross,L,3245.0,4832569.0,,,0.0,0.0,0,3261.0,3245.0,-1.0,3247.25,3245.5,,,,,
2020-07-23,known,first_retest_no_body_cross,L,3254.5,4833990.0,,,0.0,0.0,0,3271.75,3254.5,-1.0,3255.5,3257.5,,,,,
2020-07-24,known,first_retest_no_body_cross,H,3216.25,4835283.0,,,0.0,0.0,0,3216.25,3194.25,1.0,3215.5,3215.75,,,,,
2020-07-27,known,first_retest_no_body_cross,H,3228.75,4836629.0,,,0.0,0.0,0,3228.75,3207.25,1.0,3226.75,3228.75,,,,,
2020-07-28,known,first_retest_no_body_cross,H,3230.0,4838011.0,,,0.0,0.0,0,3230.0,3212.5,1.0,3228.0,3228.75,,,,,
2020-07-29,known,first_retest_no_body_cross,H,3233.0,4839351.0,,,0.0,0.0,0,3233.0,3220.0,1.0,3231.75,3232.25,,,,,
2020-07-30,known,first_retest_no_body_cross,H,3223.5,4840766.0,,,0.0,0.0,0,3223.5,3195.0,1.0,3222.75,3223.5,,,,,
2020-07-31,known,first_retest_no_body_cross,L,3223.25,4842096.0,,,0.0,0.0,0,3260.5,3223.25,-1.0,3226.5,3224.75,,,,,
2020-08-03,known,first_retest_no_body_cross,H,3292.0,4843515.0,,,0.0,0.0,0,3292.0,3276.5,1.0,3290.75,3292.0,,,,,
2020-08-04,known,first_retest_no_body_cross,H,3292.5,4844826.0,,,0.0,0.0,0,3292.5,3277.75,1.0,3291.0,3292.25,,,,,
2020-08-05,known,first_retest_no_body_cross,H,3320.75,4846187.0,,,0.0,0.0,0,3320.75,3311.5,1.0,3319.75,3319.75,,,,,
2020-08-06,known,first_retest_no_body_cross,L,3313.0,4847553.0,,,0.0,0.0,0,3325.75,3313.0,-1.0,3314.25,3313.0,,,,,
2020-08-07,known,first_retest_no_body_cross,H,3340.25,4848906.0,,,0.0,0.0,0,3340.25,3327.5,1.0,3339.0,3340.25,,,,,
2020-08-10,known,closed_back_inside,L,3346.25,4850284.0,4850285.0,4850351.0,-1.75,-2.15,1,3355.25,3346.25,-1.0,3347.75,3345.25,3345.25,3347.0,66.0,2.0,16.25
2020-08-11,known,first_retest_no_body_cross,H,3372.25,4851806.0,,,0.0,0.0,0,3372.25,3354.5,1.0,3370.5,3372.25,,,,,
2020-08-12,known,closed_back_inside,H,3371.25,4853009.0,4853010.0,4853011.0,-2.25,-2.65,1,3371.25,3353.5,1.0,3370.0,3373.25,3373.25,3371.0,1.0,2.25,0.75
2020-08-13,known,first_retest_no_body_cross,H,3379.25,4854400.0,,,0.0,0.0,0,3379.25,3363.75,1.0,3378.25,3379.0,,,,,
2020-08-14,known,first_retest_no_body_cross,H,3368.5,4855740.0,,,0.0,0.0,0,3368.5,3358.25,1.0,3368.25,3367.75,,,,,
2020-08-17,known,closed_back_inside,H,3381.0,4857115.0,4857116.0,4857120.0,0.0,-0.4,1,3381.0,3374.0,1.0,3380.5,3381.5,3381.25,3381.25,4.0,0.5,1.5
2020-08-18,known,first_retest_no_body_cross,H,3390.0,4858742.0,,,0.0,0.0,0,3390.0,3367.0,1.0,3388.0,3389.75,,,,,
2020-08-19,known,closed_back_inside,H,3391.5,4859824.0,4859825.0,4859828.0,0.0,-0.4,1,3391.5,3385.5,1.0,3391.0,3391.75,3391.75,3391.75,3.0,0.5,0.5
2020-08-20,known,closed_back_inside,H,3372.5,4861209.0,4861210.0,4861216.0,-1.25,-1.65,1,3372.5,3351.25,1.0,3372.0,3373.5,3373.5,3372.25,6.0,1.25,0.5
2020-08-21,known,closed_back_inside,H,3387.25,4862578.0,4862579.0,4862582.0,-2.25,-2.65,1,3387.25,3374.75,1.0,3386.75,3387.5,3387.5,3385.25,3.0,2.25,1.5
2020-08-24,known,closed_back_inside,L,3412.5,4863941.0,4863942.0,4863944.0,-2.0,-2.4,1,3423.5,3412.5,-1.0,3414.5,3411.0,3410.75,3412.75,2.0,2.25,1.0
2020-08-25,known,first_retest_no_body_cross,L,3424.25,4865286.0,,,0.0,0.0,0,3436.5,3424.25,-1.0,3425.75,3424.75,,,,,
2020-08-26,known,no_first_retest,,,,,,0.0,0.0,0,3448.5,3441.0,,,,,,,,
2020-08-27,known,closed_back_inside,H,3494.25,4868016.0,4868017.0,4868018.0,-1.75,-2.15,1,3494.25,3473.75,1.0,3493.25,3494.75,3494.5,3492.75,1.0,2.25,0.5
2020-08-28,known,closed_back_inside,L,3484.75,4869380.0,4869381.0,4869386.0,-0.5,-0.9,1,3495.25,3484.75,-1.0,3486.75,3484.5,3484.5,3485.0,5.0,1.0,3.0
2020-08-31,known,first_retest_no_body_cross,H,3506.25,4870746.0,,,0.0,0.0,0,3506.25,3497.75,1.0,3505.5,3505.5,,,,,
2020-09-01,known,closed_back_inside,H,3513.5,4872301.0,4872302.0,4872303.0,-0.25,-0.65,1,3513.5,3491.75,1.0,3513.25,3514.0,3513.75,3513.5,1.0,1.0,0.25
2020-09-02,known,first_retest_no_body_cross,H,3549.5,4873480.0,,,0.0,0.0,0,3549.5,3533.75,1.0,3548.5,3548.0,,,,,
2020-09-03,known,closed_back_inside,L,3519.25,4874845.0,4874846.0,4874848.0,-2.0,-2.4,1,3563.5,3519.25,-1.0,3522.25,3517.5,3517.5,3519.5,2.0,3.0,4.0
2020-09-04,known,first_retest_no_body_cross,L,3389.75,4876204.0,,,0.0,0.0,0,3477.25,3389.75,-1.0,3398.75,3390.0,,,,,
2020-09-08,known,closed_back_inside,H,3375.0,4878717.0,4878718.0,4878719.0,-8.0,-8.4,1,3375.0,3337.25,1.0,3374.25,3377.0,3377.0,3369.0,1.0,8.5,0.75
2020-09-09,known,first_retest_no_body_cross,H,3397.5,4880085.0,,,0.0,0.0,0,3397.5,3365.0,1.0,3396.25,3397.25,,,,,
2020-09-10,known,session_close,L,3400.5,4881417.0,4881418.0,4881739.0,59.75,59.35,1,3414.0,3400.5,-1.0,3403.0,3390.25,3390.25,3330.5,322.0,7.75,73.5
2020-09-11,known,closed_back_inside,H,3352.0,4882779.0,4882780.0,4882781.0,-0.5,-0.9,1,3352.0,3325.5,1.0,3350.25,3352.75,3352.75,3352.25,1.0,1.0,1.5
2020-09-14,known,no_first_retest,,,,,,0.0,0.0,0,3392.5,3358.25,,,,,,,,
2020-09-15,known,closed_back_inside,L,3397.5,4885505.0,4885506.0,4885509.0,-1.25,-1.65,1,3409.0,3397.5,-1.0,3398.25,3397.0,3397.0,3398.25,3.0,1.5,2.5
2020-09-16,known,closed_back_inside,L,3396.0,4886863.0,4886864.0,4886866.0,-1.5,-1.9,1,3406.75,3396.0,-1.0,3399.0,3395.25,3395.5,3397.0,2.0,1.5,0.75
2020-09-17,known,closed_back_inside,H,3356.5,4888237.0,4888238.0,4888239.0,-2.0,-2.4,1,3356.5,3319.75,1.0,3352.25,3358.25,3358.5,3356.5,1.0,2.25,0.0
2020-09-18,known,closed_back_inside,L,3332.25,4889610.0,4889611.0,4889624.0,-2.25,-2.65,1,3357.25,3332.25,-1.0,3333.5,3330.75,3330.5,3332.75,13.0,2.75,4.5
2020-09-21,known,first_retest_no_body_cross,L,3225.75,4890982.0,,,0.0,0.0,0,3266.25,3225.75,-1.0,3227.5,3228.75,,,,,
2020-09-22,known,first_retest_no_body_cross,L,3270.25,4892345.0,,,0.0,0.0,0,3291.75,3270.25,-1.0,3272.75,3271.25,,,,,
2020-09-23,known,closed_back_inside,L,3289.25,4893688.0,4893689.0,4893694.0,-4.5,-4.9,1,3312.5,3289.25,-1.0,3293.75,3285.5,3285.75,3290.25,5.0,5.0,0.5
2020-09-24,known,first_retest_no_body_cross,H,3246.5,4895137.0,,,0.0,0.0,0,3246.5,3198.0,1.0,3245.5,3246.5,,,,,
2020-09-25,known,first_retest_no_body_cross,H,3242.75,4896416.0,,,0.0,0.0,0,3242.75,3216.0,1.0,3240.25,3240.0,,,,,
2020-09-28,known,first_retest_no_body_cross,H,3346.5,4897959.0,,,0.0,0.0,0,3346.5,3321.75,1.0,3345.5,3346.25,,,,,
2020-09-29,known,first_retest_no_body_cross,L,3335.0,4899148.0,,,0.0,0.0,0,3348.25,3335.0,-1.0,3336.75,3335.0,,,,,
2020-09-30,known,closed_back_inside,H,3363.75,4900517.0,4900518.0,4900519.0,-2.0,-2.4,1,3363.75,3331.25,1.0,3362.25,3364.0,3364.0,3362.0,1.0,3.25,0.0
2020-10-01,known,closed_back_inside,L,3355.75,4902083.0,4902084.0,4902086.0,-2.25,-2.65,1,3387.5,3355.75,-1.0,3361.5,3354.5,3354.0,3356.25,2.0,2.5,2.5
2020-10-02,known,first_retest_no_body_cross,H,3353.5,4903287.0,,,0.0,0.0,0,3353.5,3311.5,1.0,3350.75,3352.0,,,,,
2020-10-05,known,closed_back_inside,H,3378.5,4904603.0,4904604.0,4904810.0,-0.75,-1.15,1,3378.5,3360.5,1.0,3378.0,3379.0,3379.0,3378.25,206.0,1.75,9.75
2020-10-06,known,first_retest_no_body_cross,H,3405.75,4905979.0,,,0.0,0.0,0,3405.75,3390.75,1.0,3404.5,3403.0,,,,,
2020-10-07,known,closed_back_inside,H,3395.25,4907352.0,4907353.0,4907355.0,-0.75,-1.15,1,3395.25,3381.0,1.0,3394.5,3395.75,3395.5,3394.75,2.0,1.25,0.5
2020-10-08,known,first_retest_no_body_cross,H,3434.75,4908702.0,,,0.0,0.0,0,3434.75,3422.75,1.0,3433.75,3434.25,,,,,
2020-10-09,known,first_retest_no_body_cross,H,3461.5,4910131.0,,,0.0,0.0,0,3461.5,3449.5,1.0,3461.0,3461.5,,,,,
2020-10-12,known,first_retest_no_body_cross,H,3502.75,4911430.0,,,0.0,0.0,0,3502.75,3491.25,1.0,3501.5,3502.5,,,,,
2020-10-13,known,closed_back_inside,L,3507.25,4912807.0,4912808.0,4912809.0,-2.25,-2.65,1,3524.75,3507.25,-1.0,3509.0,3506.5,3506.5,3508.75,1.0,3.5,0.0
2020-10-14,known,first_retest_no_body_cross,L,3501.5,4914213.0,,,0.0,0.0,0,3520.25,3501.5,-1.0,3502.5,3501.75,,,,,
2020-10-15,known,closed_back_inside,H,3457.5,4915569.0,4915570.0,4915572.0,-2.0,-2.4,1,3457.5,3431.5,1.0,3455.0,3459.5,3459.75,3457.75,2.0,2.5,1.25
2020-10-16,known,first_retest_no_body_cross,H,3507.75,4916890.0,,,0.0,0.0,0,3507.75,3483.5,1.0,3507.0,3506.0,,,,,
2020-10-19,known,first_retest_no_body_cross,L,3429.25,4918247.0,,,0.0,0.0,0,3443.75,3429.25,-1.0,3431.75,3430.25,,,,,
2020-10-20,known,closed_back_inside,H,3449.25,4919515.0,4919516.0,4919521.0,-1.25,-1.65,1,3449.25,3443.0,1.0,3448.25,3450.5,3450.5,3449.25,5.0,1.25,0.25
2020-10-21,known,first_retest_no_body_cross,L,3408.25,4920828.0,,,0.0,0.0,0,3415.5,3408.25,-1.0,3409.25,3408.75,,,,,
2020-10-22,known,first_retest_no_body_cross,H,3449.75,4922174.0,,,0.0,0.0,0,3449.75,3441.0,1.0,3448.75,3449.5,,,,,
2020-10-23,unknown,opening_hour_incomplete,,,,,,,,0,,,,,,,,,,
2020-10-26,known,no_first_retest,,,,,,0.0,0.0,0,3430.0,3415.25,,,,,,,,
2020-10-27,known,first_retest_no_body_cross,H,3401.0,4925721.0,,,0.0,0.0,0,3401.0,3381.25,1.0,3399.75,3399.5,,,,,
2020-10-28,known,closed_back_inside,L,3281.75,4926923.0,4926924.0,4926927.0,-0.75,-1.15,1,3328.25,3281.75,-1.0,3283.5,3281.25,3281.25,3282.0,3.0,3.5,4.75
2020-10-29,known,first_retest_no_body_cross,H,3290.75,4928274.0,,,0.0,0.0,0,3290.75,3250.25,1.0,3288.0,3289.25,,,,,
2020-10-30,known,first_retest_no_body_cross,L,3248.25,4929634.0,,,0.0,0.0,0,3296.25,3248.25,-1.0,3253.0,3249.0,,,,,
2020-11-02,known,closed_back_inside,L,3289.25,4931135.0,4931136.0,4931137.0,-2.0,-2.4,1,3323.5,3289.25,-1.0,3292.25,3287.75,3287.75,3289.75,1.0,2.5,0.25
2020-11-03,known,first_retest_no_body_cross,H,3380.75,4932392.0,,,0.0,0.0,0,3380.75,3331.5,1.0,3379.0,3380.0,,,,,
2020-11-04,known,first_retest_no_body_cross,H,3465.0,4933812.0,,,0.0,0.0,0,3465.0,3395.75,1.0,3461.75,3465.0,,,,,
2020-11-05,known,no_first_retest,,,,,,0.0,0.0,0,3522.5,3488.75,,,,,,,,
2020-11-06,known,closed_back_inside,H,3503.25,4936480.0,4936481.0,4936484.0,-2.5,-2.9,1,3503.25,3476.5,1.0,3501.5,3504.25,3504.25,3501.75,3.0,2.25,1.25
2020-11-09,known,first_retest_no_body_cross,L,3605.0,4937829.0,,,0.0,0.0,0,3645.25,3605.0,-1.0,3606.5,3605.0,,,,,
2020-11-10,known,closed_back_inside,L,3519.5,4939192.0,4939193.0,4939216.0,-1.75,-2.15,1,3546.25,3519.5,-1.0,3522.0,3518.5,3518.75,3520.5,23.0,2.0,12.25
2020-11-11,known,closed_back_inside,H,3567.0,4940601.0,4940602.0,4940604.0,-1.5,-1.9,1,3567.0,3551.75,1.0,3565.5,3567.75,3567.75,3566.25,2.0,1.75,1.0
2020-11-12,known,first_retest_no_body_cross,H,3563.25,4941928.0,,,0.0,0.0,0,3563.25,3547.25,1.0,3561.25,3563.0,,,,,
2020-11-13,known,closed_back_inside,L,3551.0,4943309.0,4943310.0,4943312.0,-2.25,-2.65,1,3563.25,3551.0,-1.0,3551.5,3550.25,3550.5,3552.75,2.0,2.75,0.75
2020-11-16,known,closed_back_inside,H,3616.0,4944649.0,4944650.0,4944651.0,-1.25,-1.65,1,3616.0,3596.75,1.0,3615.75,3617.0,3617.0,3615.75,1.0,1.5,0.0
2020-11-17,known,closed_back_inside,H,3602.5,4946033.0,4946034.0,4946306.0,-3.5,-3.9,1,3602.5,3584.25,1.0,3601.5,3604.25,3604.0,3600.5,272.0,3.5,16.25
2020-11-18,known,first_retest_no_body_cross,H,3614.25,4947400.0,,,0.0,0.0,0,3614.25,3604.0,1.0,3613.0,3614.25,,,,,
2020-11-19,known,closed_back_inside,H,3564.75,4948757.0,4948758.0,4948765.0,-1.25,-1.65,1,3564.75,3542.25,1.0,3562.25,3565.0,3565.0,3563.75,7.0,1.75,2.5
2020-11-20,known,closed_back_inside,L,3562.0,4950389.0,4950390.0,4950404.0,-0.5,-0.9,1,3577.5,3562.0,-1.0,3564.0,3561.5,3561.5,3562.0,14.0,1.0,5.5
2020-11-23,known,closed_back_inside,L,3560.25,4951513.0,4951514.0,4951582.0,-2.75,-3.15,1,3588.0,3560.25,-1.0,3562.75,3557.5,3557.5,3560.25,68.0,3.25,8.75
2020-11-24,known,session_close,H,3611.0,4952840.0,4952841.0,4953159.0,20.0,19.6,1,3611.0,3593.25,1.0,3608.75,3611.75,3612.0,3632.0,319.0,0.5,26.75
2020-11-25,known,first_retest_no_body_cross,H,3632.0,4954493.0,,,0.0,0.0,0,3632.0,3615.25,1.0,3630.25,3631.5,,,,,
2020-11-27,known,first_retest_no_body_cross,L,3635.75,4956763.0,,,0.0,0.0,0,3642.75,3635.75,-1.0,3637.5,3635.75,,,,,
2020-11-30,known,first_retest_no_body_cross,L,3611.75,4958010.0,,,0.0,0.0,0,3631.5,3611.75,-1.0,3613.5,3612.0,,,,,
2020-12-01,known,first_retest_no_body_cross,H,3675.5,4959439.0,,,0.0,0.0,0,3675.5,3650.25,1.0,3673.25,3675.25,,,,,
2020-12-02,known,first_retest_no_body_cross,H,3657.75,4960593.0,,,0.0,0.0,0,3657.75,3642.25,1.0,3656.5,3657.75,,,,,
2020-12-03,known,first_retest_no_body_cross,H,3679.5,4961950.0,,,0.0,0.0,0,3679.5,3666.5,1.0,3676.5,3678.75,,,,,
2020-12-04,known,closed_back_inside,H,3687.75,4963317.0,4963318.0,4963320.0,0.0,-0.4,1,3687.75,3672.25,1.0,3687.0,3688.0,3688.0,3688.0,2.0,0.75,1.0
2020-12-07,known,first_retest_no_body_cross,H,3695.0,4964690.0,,,0.0,0.0,0,3695.0,3688.5,1.0,3693.75,3694.5,,,,,
2020-12-08,known,first_retest_no_body_cross,H,3687.75,4966063.0,,,0.0,0.0,0,3687.75,3676.5,1.0,3686.5,3687.75,,,,,
2020-12-09,known,first_retest_no_body_cross,L,3693.75,4967441.0,,,0.0,0.0,0,3710.5,3693.75,-1.0,3695.5,3693.75,,,,,
2020-12-10,known,next_open_back_inside,H,3667.5,4968767.0,,,0.0,0.0,0,3667.5,3636.0,1.0,3666.5,3667.75,,,,,
2020-12-11,known,closed_back_inside,L,3634.5,4970177.0,4970178.0,4970180.0,-0.5,-0.9,1,3651.5,3634.5,-1.0,3636.0,3634.0,3634.25,3634.75,2.0,1.0,2.0
2020-12-14,known,first_retest_no_body_cross,H,3691.0,4971479.0,,,0.0,0.0,0,3691.0,3676.25,1.0,3690.0,3689.0,,,,,
2020-12-15,known,closed_back_inside,L,3657.5,4972850.0,4972851.0,4972858.0,-3.25,-3.65,1,3671.0,3657.5,-1.0,3658.75,3655.5,3655.75,3659.0,7.0,3.5,1.75
2020-12-16,known,first_retest_no_body_cross,H,3693.25,4974229.0,,,0.0,0.0,0,3693.25,3681.25,1.0,3692.0,3693.0,,,,,
2020-12-17,known,first_retest_no_body_cross,L,3705.25,4975586.0,,,0.0,0.0,0,3717.0,3705.25,-1.0,3708.75,3708.0,,,,,
2020-12-18,known,first_retest_no_body_cross,L,3691.75,4976945.0,,,0.0,0.0,0,3718.5,3691.75,-1.0,3693.25,3693.25,,,,,
2020-12-21,known,first_retest_no_body_cross,H,3670.75,4978420.0,,,0.0,0.0,0,3670.75,3625.0,1.0,3669.0,3670.25,,,,,
2020-12-22,known,first_retest_no_body_cross,H,3688.0,4979670.0,,,0.0,0.0,0,3688.0,3676.0,1.0,3687.25,3687.5,,,,,
2020-12-23,known,closed_back_inside,H,3697.5,4981136.0,4981137.0,4981138.0,-0.75,-1.15,1,3697.5,3687.75,1.0,3697.0,3698.0,3698.0,3697.25,1.0,0.75,0.25
2020-12-24,known,first_retest_no_body_cross,H,3692.0,4982395.0,,,0.0,0.0,0,3692.0,3685.0,1.0,3691.25,3691.75,,,,,
2020-12-28,known,first_retest_no_body_cross,H,3727.25,4983669.0,,,0.0,0.0,0,3727.25,3716.0,1.0,3726.75,3727.25,,,,,
2020-12-29,known,first_retest_no_body_cross,L,3724.25,4985028.0,,,0.0,0.0,0,3746.25,3724.25,-1.0,3726.0,3725.25,,,,,
2020-12-30,known,first_retest_no_body_cross,L,3728.0,4986287.0,,,0.0,0.0,0,3736.25,3728.0,-1.0,3730.0,3728.75,,,,,
2020-12-31,known,session_close,H,3727.5,4987864.0,4987865.0,4987968.0,15.75,15.35,1,3727.5,3717.75,1.0,3727.25,3731.25,3731.25,3747.0,104.0,1.75,21.75
2021-01-04,known,closed_back_inside,L,3726.25,4989005.0,4989006.0,4989016.0,-1.5,-1.9,1,3760.0,3726.25,-1.0,3727.0,3725.25,3725.5,3727.0,10.0,1.5,3.75
2021-01-05,known,closed_back_inside,H,3714.0,4990578.0,4990579.0,4990678.0,-4.75,-5.15,1,3714.0,3685.25,1.0,3713.5,3719.0,3719.0,3714.25,99.0,5.5,11.0
2021-01-06,known,closed_back_inside,H,3744.5,4991998.0,4991999.0,4992004.0,-3.5,-3.9,1,3744.5,3695.75,1.0,3742.5,3748.25,3748.0,3744.5,5.0,5.0,3.0
2021-01-07,known,first_retest_no_body_cross,H,3797.25,4993104.0,,,0.0,0.0,0,3797.25,3763.75,1.0,3796.0,3795.75,,,,,
2021-01-08,known,closed_back_inside,L,3793.0,4994632.0,4994633.0,4994680.0,-1.5,-1.9,1,3816.5,3793.0,-1.0,3794.25,3792.5,3792.25,3793.75,47.0,2.75,17.25
2021-01-11,known,first_retest_no_body_cross,H,3802.75,4995831.0,,,0.0,0.0,0,3802.75,3781.0,1.0,3801.25,3802.5,,,,,
2021-01-12,known,first_retest_no_body_cross,H,3801.75,4997234.0,,,0.0,0.0,0,3801.75,3781.5,1.0,3799.75,3801.0,,,,,
2021-01-13,known,first_retest_no_body_cross,H,3797.75,4998563.0,,,0.0,0.0,0,3797.75,3782.75,1.0,3797.0,3796.75,,,,,
2021-01-14,known,first_retest_no_body_cross,L,3806.75,4999991.0,,,0.0,0.0,0,3816.0,3806.75,-1.0,3807.75,3808.0,,,,,
2021-01-15,known,no_first_retest,,,,,,0.0,0.0,0,3780.5,3741.5,,,,,,,,
2021-01-19,known,closed_back_inside,L,3775.0,5003841.0,5003842.0,5003843.0,-1.25,-1.65,1,3792.5,3775.0,-1.0,3776.25,3773.75,3774.0,3775.25,1.0,1.75,0.25
2021-01-20,known,first_retest_no_body_cross,H,3833.5,5005163.0,,,0.0,0.0,0,3833.5,3811.25,1.0,3832.75,3832.5,,,,,
2021-01-21,known,closed_back_inside,H,3852.5,5006530.0,5006531.0,5006532.0,-1.25,-1.65,1,3852.5,3836.5,1.0,3851.25,3852.75,3853.0,3851.75,1.0,1.5,0.0
2021-01-22,known,first_retest_no_body_cross,L,3823.5,5007893.0,,,0.0,0.0,0,3837.25,3823.5,-1.0,3826.5,3824.0,,,,,
2021-01-25,known,first_retest_no_body_cross,L,3837.0,5009273.0,,,0.0,0.0,0,3852.0,3837.0,-1.0,3840.25,3837.25,,,,,
2021-01-26,known,first_retest_no_body_cross,L,3842.25,5010693.0,,,0.0,0.0,0,3862.25,3842.25,-1.0,3843.5,3842.25,,,,,
2021-01-27,known,closed_back_inside,L,3759.5,5012224.0,5012225.0,5012236.0,-3.5,-3.9,1,3806.75,3759.5,-1.0,3763.25,3758.75,3758.75,3762.25,11.0,4.0,9.25
2021-01-28,known,first_retest_no_body_cross,H,3806.25,5013381.0,,,0.0,0.0,0,3806.25,3762.5,1.0,3803.25,3805.25,,,,,
2021-01-29,known,closed_back_inside,L,3734.5,5014771.0,5014772.0,5015017.0,-0.25,-0.65,1,3769.75,3734.5,-1.0,3738.75,3734.25,3734.25,3734.5,245.0,1.0,48.75
2021-02-01,known,session_close,H,3747.25,5016134.0,5016135.0,5016408.0,16.5,16.1,1,3747.25,3717.25,1.0,3746.0,3747.75,3747.5,3764.0,274.0,0.75,29.5
2021-02-02,known,first_retest_no_body_cross,H,3829.0,5017482.0,,,0.0,0.0,0,3829.0,3799.0,1.0,3827.75,3827.75,,,,,
2021-02-03,known,first_retest_no_body_cross,L,3810.25,5018815.0,,,0.0,0.0,0,3833.75,3810.25,-1.0,3811.0,3811.25,,,,,
2021-02-04,known,closed_back_inside,H,3847.25,5020205.0,5020206.0,5020217.0,-1.75,-2.15,1,3847.25,3830.5,1.0,3846.25,3848.25,3848.5,3846.75,11.0,2.25,1.5
2021-02-05,known,first_retest_no_body_cross,H,3886.25,5021672.0,,,0.0,0.0,0,3886.25,3868.5,1.0,3885.0,3886.0,,,,,
2021-02-08,known,closed_back_inside,H,3902.25,5022920.0,5022921.0,5022922.0,-0.25,-0.65,1,3902.25,3894.5,1.0,3901.25,3902.5,3902.5,3902.25,1.0,0.5,0.5
2021-02-09,known,first_retest_no_body_cross,H,3907.5,5024276.0,,,0.0,0.0,0,3907.5,3895.0,1.0,3907.25,3906.75,,,,,
2021-02-10,known,first_retest_no_body_cross,L,3890.25,5025637.0,,,0.0,0.0,0,3926.0,3890.25,-1.0,3891.5,3891.75,,,,,
2021-02-11,known,closed_back_inside,L,3906.5,5027040.0,5027041.0,5027043.0,-1.0,-1.4,1,3920.5,3906.5,-1.0,3908.75,3906.25,3906.25,3907.25,2.0,1.5,1.5
2021-02-12,known,closed_back_inside,H,3911.0,5028371.0,5028372.0,5028534.0,-1.25,-1.65,1,3911.0,3901.0,1.0,3909.25,3912.25,3912.25,3911.0,162.0,3.0,7.5
2021-02-16,known,first_retest_no_body_cross,H,3945.0,5030869.0,,,0.0,0.0,0,3945.0,3931.5,1.0,3944.25,3944.75,,,,,
2021-02-17,known,closed_back_inside,H,3920.75,5032443.0,5032444.0,5032445.0,-0.75,-1.15,1,3920.75,3896.5,1.0,3918.0,3921.25,3921.0,3920.25,1.0,1.5,0.25
2021-02-18,known,closed_back_inside,L,3882.0,5033599.0,5033600.0,5033601.0,-2.75,-3.15,1,3906.25,3882.0,-1.0,3883.0,3881.0,3881.0,3883.75,1.0,3.25,0.25
2021-02-19,known,first_retest_no_body_cross,H,3926.25,5034998.0,,,0.0,0.0,0,3926.25,3913.75,1.0,3925.0,3926.25,,,,,
2021-02-22,known,first_retest_no_body_cross,H,3888.75,5036454.0,,,0.0,0.0,0,3888.75,3870.0,1.0,3887.5,3887.25,,,,,
2021-02-23,known,closed_back_inside,H,3850.25,5037707.0,5037708.0,5037743.0,-3.75,-4.15,1,3850.25,3804.75,1.0,3849.0,3854.0,3854.25,3850.5,35.0,4.25,10.0
2021-02-24,known,closed_back_inside,H,3880.0,5039059.0,5039060.0,5039063.0,-2.25,-2.65,1,3880.0,3855.5,1.0,3878.0,3881.75,3882.0,3879.75,3.0,4.0,0.75
2021-02-25,known,first_retest_no_body_cross,L,3895.25,5040462.0,,,0.0,0.0,0,3921.75,3895.25,-1.0,3897.25,3895.25,,,,,
2021-02-26,known,first_retest_no_body_cross,H,3851.75,5041891.0,,,0.0,0.0,0,3851.75,3785.0,1.0,3851.75,3854.25,,,,,
2021-03-01,known,first_retest_no_body_cross,H,3886.5,5043155.0,,,0.0,0.0,0,3886.5,3858.0,1.0,3884.25,3885.5,,,,,
2021-03-02,known,first_retest_no_body_cross,L,3877.75,5044525.0,,,0.0,0.0,0,3903.5,3877.75,-1.0,3880.75,3878.0,,,,,
2021-03-03,known,first_retest_no_body_cross,L,3833.25,5046114.0,,,0.0,0.0,0,3870.5,3833.25,-1.0,3834.25,3833.25,,,,,
2021-03-04,known,first_retest_no_body_cross,H,3835.75,5047318.0,,,0.0,0.0,0,3835.75,3788.0,1.0,3835.5,3834.75,,,,,
2021-03-05,known,closed_back_inside,L,3759.75,5048619.0,5048620.0,5048621.0,-3.5,-3.9,1,3808.0,3759.75,-1.0,3767.25,3757.25,3757.0,3760.5,1.0,6.0,0.75
2021-03-08,known,first_retest_no_body_cross,H,3871.5,5049989.0,,,0.0,0.0,0,3871.5,3829.5,1.0,3868.25,3871.25,,,,,
2021-03-09,known,first_retest_no_body_cross,H,3888.5,5051352.0,,,0.0,0.0,0,3888.5,3855.25,1.0,3887.0,3887.75,,,,,
2021-03-10,known,closed_back_inside,L,3886.25,5052717.0,5052718.0,5052720.0,-4.0,-4.4,1,3911.5,3886.25,-1.0,3891.0,3885.5,3885.5,3889.5,2.0,4.0,2.0
2021-03-11,known,first_retest_no_body_cross,H,3925.0,5054079.0,,,0.0,0.0,0,3925.0,3909.5,1.0,3924.25,3924.5,,,,,
2021-03-12,known,first_retest_no_body_cross,L,3905.0,5055471.0,,,0.0,0.0,0,3923.75,3905.0,-1.0,3909.25,3905.75,,,,,
2021-03-15,known,first_retest_no_body_cross,L,3926.25,5056803.0,,,0.0,0.0,0,3939.25,3926.25,-1.0,3928.25,3927.5,,,,,
2021-03-16,known,first_retest_no_body_cross,H,3968.75,5058186.0,,,0.0,0.0,0,3968.75,3959.5,1.0,3966.75,3967.0,,,,,
2021-03-17,known,closed_back_inside,L,3930.25,5059544.0,5059545.0,5059557.0,-0.75,-1.15,1,3942.0,3930.25,-1.0,3931.25,3929.75,3930.0,3930.75,12.0,1.25,3.75
2021-03-18,known,closed_back_inside,H,3945.25,5060904.0,5060905.0,5060906.0,-1.0,-1.4,1,3945.25,3931.0,1.0,3942.75,3946.25,3946.0,3945.0,1.0,1.5,1.0
2021-03-19,known,closed_back_inside,H,3905.5,5062338.0,5062339.0,5062344.0,-0.75,-1.15,1,3905.5,3875.0,1.0,3903.75,3905.75,3905.75,3905.0,5.0,0.75,2.75
2021-03-22,known,first_retest_no_body_cross,H,3920.75,5063629.0,,,0.0,0.0,0,3920.75,3903.5,1.0,3919.0,3920.0,,,,,
2021-03-23,known,first_retest_no_body_cross,L,3919.25,5064998.0,,,0.0,0.0,0,3933.75,3919.25,-1.0,3921.25,3919.75,,,,,
2021-03-24,known,first_retest_no_body_cross,H,3924.0,5066376.0,,,0.0,0.0,0,3924.0,3906.5,1.0,3921.75,3923.25,,,,,
2021-03-25,known,first_retest_no_body_cross,L,3854.5,5067734.0,,,0.0,0.0,0,3877.25,3854.5,-1.0,3857.0,3855.0,,,,,
2021-03-26,known,first_retest_no_body_cross,L,3912.5,5069138.0,,,0.0,0.0,0,3924.75,3912.5,-1.0,3914.0,3912.5,,,,,
2021-03-29,known,closed_back_inside,L,3935.0,5070475.0,5070476.0,5070478.0,-1.0,-1.4,1,3960.75,3935.0,-1.0,3939.0,3934.0,3934.25,3935.25,2.0,1.75,0.75
2021-03-30,known,first_retest_no_body_cross,H,3951.0,5071830.0,,,0.0,0.0,0,3951.0,3933.75,1.0,3949.5,3950.0,,,,,
2021-03-31,known,closed_back_inside,H,3969.25,5073191.0,5073192.0,5073507.0,-3.75,-4.15,1,3969.25,3956.5,1.0,3968.0,3972.0,3972.0,3968.25,315.0,5.25,11.75
2021-04-01,known,first_retest_no_body_cross,H,3996.0,5074550.0,,,0.0,0.0,0,3996.0,3985.0,1.0,3995.75,3995.5,,,,,
2021-04-05,known,session_close,H,4059.0,5076786.0,5076787.0,5077113.0,7.25,6.85,1,4059.0,4037.5,1.0,4058.5,4059.5,4059.5,4066.75,327.0,0.5,14.25
2021-04-06,known,first_retest_no_body_cross,H,4075.75,5078224.0,,,0.0,0.0,0,4075.75,4058.75,1.0,4075.25,4075.25,,,,,
2021-04-07,known,first_retest_no_body_cross,H,4072.25,5079521.0,,,0.0,0.0,0,4072.25,4062.75,1.0,4071.5,4072.0,,,,,
2021-04-08,known,first_retest_no_body_cross,H,4084.0,5080940.0,,,0.0,0.0,0,4084.0,4073.0,1.0,4083.5,4083.25,,,,,
2021-04-09,known,first_retest_no_body_cross,H,4096.5,5082314.0,,,0.0,0.0,0,4096.5,4086.75,1.0,4095.25,4096.0,,,,,
2021-04-12,known,first_retest_no_body_cross,L,4108.5,5083616.0,,,0.0,0.0,0,4119.25,4108.5,-1.0,4109.75,4108.5,,,,,
2021-04-13,known,closed_back_inside,H,4125.75,5084975.0,5084976.0,5084977.0,-1.25,-1.65,1,4125.75,4115.5,1.0,4125.25,4126.0,4126.0,4124.75,1.0,1.25,0.25
2021-04-14,known,first_retest_no_body_cross,H,4142.5,5086341.0,,,0.0,0.0,0,4142.5,4129.5,1.0,4141.75,4142.0,,,,,
2021-04-15,known,no_first_retest,,,,,,0.0,0.0,0,4150.0,4141.25,,,,,,,,
2021-04-16,known,closed_back_inside,H,4178.5,5089328.0,5089329.0,5089333.0,-0.5,-0.9,1,4178.5,4161.75,1.0,4178.25,4178.75,4179.0,4178.5,4.0,0.5,0.5
2021-04-19,known,closed_back_inside,L,4154.75,5090444.0,5090445.0,5090452.0,-1.0,-1.4,1,4171.5,4154.75,-1.0,4156.75,4153.75,4153.75,4154.75,7.0,1.5,6.0
2021-04-20,known,no_first_retest,,,,,,0.0,0.0,0,4151.0,4141.0,,,,,,,,
2021-04-21,known,first_retest_no_body_cross,H,4145.25,5093191.0,,,0.0,0.0,0,4145.25,4117.75,1.0,4143.5,4145.0,,,,,
2021-04-22,known,first_retest_no_body_cross,H,4163.5,5094528.0,,,0.0,0.0,0,4163.5,4149.25,1.0,4162.5,4163.0,,,,,
2021-04-23,known,first_retest_no_body_cross,H,4148.75,5095890.0,,,0.0,0.0,0,4148.75,4131.75,1.0,4147.0,4148.75,,,,,
2021-04-26,known,first_retest_no_body_cross,H,4185.5,5097532.0,,,0.0,0.0,0,4185.5,4175.75,1.0,4184.5,4185.25,,,,,
2021-04-27,known,closed_back_inside,H,4183.75,5098925.0,5098926.0,5098929.0,-0.5,-0.9,1,4183.75,4166.75,1.0,4183.25,4184.25,4184.25,4183.75,3.0,0.75,1.0
2021-04-28,known,closed_back_inside,L,4176.75,5100062.0,5100063.0,5100064.0,-1.5,-1.9,1,4188.25,4176.75,-1.0,4177.75,4176.25,4176.5,4178.0,1.0,1.75,0.25
2021-04-29,known,first_retest_no_body_cross,L,4190.25,5101392.0,,,0.0,0.0,0,4211.0,4190.25,-1.0,4191.75,4190.25,,,,,
2021-04-30,known,first_retest_no_body_cross,L,4177.75,5102720.0,,,0.0,0.0,0,4189.25,4177.75,-1.0,4180.25,4180.25,,,,,
2021-05-03,known,first_retest_no_body_cross,L,4190.0,5104085.0,,,0.0,0.0,0,4202.5,4190.0,-1.0,4191.0,4190.75,,,,,
2021-05-04,known,first_retest_no_body_cross,L,4135.25,5105458.0,,,0.0,0.0,0,4170.25,4135.25,-1.0,4135.5,4136.25,,,,,
2021-05-05,known,first_retest_no_body_cross,H,4178.25,5106874.0,,,0.0,0.0,0,4178.25,4153.0,1.0,4178.0,4178.0,,,,,
2021-05-06,known,closed_back_inside,H,4167.0,5108220.0,5108221.0,5108360.0,-3.0,-3.4,1,4167.0,4140.5,1.0,4166.25,4170.25,4170.0,4167.0,139.0,3.5,9.5
2021-05-07,known,closed_back_inside,H,4230.75,5109594.0,5109595.0,5109596.0,-3.5,-3.9,1,4230.75,4195.5,1.0,4230.0,4232.0,4232.25,4228.75,1.0,3.75,0.0
2021-05-10,known,first_retest_no_body_cross,L,4220.5,5110928.0,,,0.0,0.0,0,4231.0,4220.5,-1.0,4222.25,4221.25,,,,,
2021-05-11,known,first_retest_no_body_cross,L,4121.5,5112274.0,,,0.0,0.0,0,4156.25,4121.5,-1.0,4122.25,4121.5,,,,,
2021-05-12,known,session_close,L,4106.25,5113624.0,5113625.0,5113944.0,46.25,45.85,1,4129.0,4106.25,-1.0,4107.0,4104.75,4104.75,4058.5,320.0,1.5,53.75
2021-05-13,known,first_retest_no_body_cross,H,4117.75,5114983.0,,,0.0,0.0,0,4117.75,4073.25,1.0,4117.0,4117.5,,,,,
2021-05-14,known,first_retest_no_body_cross,H,4155.25,5116372.0,,,0.0,0.0,0,4155.25,4134.75,1.0,4154.25,4155.25,,,,,
2021-05-17,known,closed_back_inside,L,4144.25,5117713.0,5117714.0,5117716.0,-2.75,-3.15,1,4167.0,4144.25,-1.0,4145.25,4143.5,4143.5,4146.25,2.0,2.75,1.0
2021-05-18,known,closed_back_inside,L,4147.5,5119308.0,5119309.0,5119310.0,-0.75,-1.15,1,4163.5,4147.5,-1.0,4148.75,4146.5,4146.5,4147.25,1.0,1.25,0.25
2021-05-19,known,closed_back_inside,H,4079.0,5120478.0,5120479.0,5120487.0,-1.75,-2.15,1,4079.0,4055.5,1.0,4074.25,4079.75,4079.75,4078.0,8.0,2.25,3.0
2021-05-20,known,first_retest_no_body_cross,H,4139.5,5121815.0,,,0.0,0.0,0,4139.5,4119.25,1.0,4138.5,4137.75,,,,,
2021-05-21,known,closed_back_inside,L,4170.25,5123177.0,5123178.0,5123184.0,-1.0,-1.4,1,4185.0,4170.25,-1.0,4172.5,4169.0,4169.25,4170.25,6.0,1.5,1.75
2021-05-24,known,first_retest_no_body_cross,H,4196.0,5124541.0,,,0.0,0.0,0,4196.0,4173.5,1.0,4195.5,4195.75,,,,,
2021-05-25,known,first_retest_no_body_cross,L,4195.0,5125902.0,,,0.0,0.0,0,4210.0,4195.0,-1.0,4197.0,4196.25,,,,,
2021-05-26,known,closed_back_inside,H,4194.75,5127299.0,5127300.0,5127306.0,-1.5,-1.9,1,4194.75,4180.5,1.0,4194.0,4195.25,4195.25,4193.75,6.0,3.0,1.5
2021-05-27,known,closed_back_inside,H,4209.25,5128643.0,5128644.0,5128645.0,-0.25,-0.65,1,4209.25,4200.75,1.0,4208.5,4209.5,4209.5,4209.25,1.0,0.5,0.25
2021-05-28,known,first_retest_no_body_cross,H,4214.0,5130089.0,,,0.0,0.0,0,4214.0,4202.5,1.0,4213.5,4213.75,,,,,
2021-06-01,known,first_retest_no_body_cross,L,4201.75,5132514.0,,,0.0,0.0,0,4230.0,4201.75,-1.0,4202.5,4201.75,,,,,
2021-06-02,known,first_retest_no_body_cross,H,4212.5,5133876.0,,,0.0,0.0,0,4212.5,4198.0,1.0,4211.75,4212.25,,,,,
2021-06-03,known,session_close,H,4184.5,5135244.0,5135245.0,5135554.0,4.75,4.35,1,4184.5,4165.25,1.0,4183.75,4186.25,4186.25,4191.0,310.0,0.25,16.25
2021-06-04,known,first_retest_no_body_cross,H,4219.0,5136600.0,,,0.0,0.0,0,4219.0,4209.25,1.0,4217.5,4218.75,,,,,
2021-06-07,known,first_retest_no_body_cross,L,4217.5,5137956.0,,,0.0,0.0,0,4230.5,4217.5,-1.0,4218.0,4218.75,,,,,
2021-06-08,known,closed_back_inside,L,4218.0,5139364.0,5139365.0,5139366.0,-1.75,-2.15,1,4235.0,4218.0,-1.0,4221.0,4216.75,4216.75,4218.5,1.0,2.25,0.0
2021-06-09,known,first_retest_no_body_cross,L,4226.0,5140771.0,,,0.0,0.0,0,4235.0,4226.0,-1.0,4227.0,4226.0,,,,,
2021-06-10,known,closed_back_inside,L,4222.25,5141994.0,5141995.0,5142029.0,-3.0,-3.4,1,4239.5,4222.25,-1.0,4223.25,4219.25,4219.5,4222.5,34.0,3.25,10.75
2021-06-11,known,first_retest_no_body_cross,L,4228.0,5143345.0,,,0.0,0.0,0,4237.5,4228.0,-1.0,4228.5,4228.75,,,,,
2021-06-14,known,first_retest_no_body_cross,L,4227.0,5144708.0,,,0.0,0.0,0,4238.0,4227.0,-1.0,4228.25,4227.0,,,,,
2021-06-15,known,first_retest_no_body_cross,L,4235.75,5146070.0,,,0.0,0.0,0,4248.25,4235.75,-1.0,4236.75,4235.75,,,,,
2021-06-16,known,first_retest_no_body_cross,L,4234.0,5147442.0,,,0.0,0.0,0,4241.5,4234.0,-1.0,4235.25,4234.25,,,,,
2021-06-17,known,first_retest_no_body_cross,H,4221.5,5148803.0,,,0.0,0.0,0,4221.5,4203.25,1.0,4219.5,4221.5,,,,,
2021-06-18,known,first_retest_no_body_cross,L,4166.25,5150184.0,,,0.0,0.0,0,4183.75,4166.25,-1.0,4167.25,4167.75,,,,,
2021-06-21,known,no_first_retest,,,,,,0.0,0.0,0,4197.5,4164.75,,,,,,,,
2021-06-22,known,closed_back_inside,H,4218.75,5152893.0,5152894.0,5152895.0,-0.5,-0.9,1,4218.75,4205.75,1.0,4218.25,4219.0,4219.25,4218.75,1.0,0.5,0.5
2021-06-23,known,first_retest_no_body_cross,L,4235.75,5154291.0,,,0.0,0.0,0,4246.25,4235.75,-1.0,4237.25,4236.0,,,,,
2021-06-24,known,first_retest_no_body_cross,H,4260.25,5155626.0,,,0.0,0.0,0,4260.25,4252.5,1.0,4259.75,4260.25,,,,,
2021-06-25,known,first_retest_no_body_cross,H,4270.0,5157234.0,,,0.0,0.0,0,4270.0,4260.75,1.0,4270.0,4270.0,,,,,
2021-06-28,known,first_retest_no_body_cross,L,4265.75,5158508.0,,,0.0,0.0,0,4278.0,4265.75,-1.0,4266.25,4265.75,,,,,
2021-06-29,known,first_retest_no_body_cross,H,4289.0,5159753.0,,,0.0,0.0,0,4289.0,4283.75,1.0,4288.5,4288.5,,,,,
2021-06-30,known,first_retest_no_body_cross,H,4285.5,5161165.0,,,0.0,0.0,0,4285.5,4277.25,1.0,4285.25,4285.5,,,,,
2021-07-01,known,first_retest_no_body_cross,H,4302.0,5162516.0,,,0.0,0.0,0,4302.0,4293.25,1.0,4301.75,4301.0,,,,,
2021-07-02,known,first_retest_no_body_cross,H,4325.5,5163897.0,,,0.0,0.0,0,4325.5,4319.0,1.0,4324.75,4324.75,,,,,
2021-07-06,known,closed_back_inside,L,4324.25,5166389.0,5166390.0,5166396.0,-1.75,-2.15,1,4345.75,4324.25,-1.0,4326.5,4322.5,4322.5,4324.25,6.0,2.75,4.25
2021-07-07,known,closed_back_inside,L,4330.75,5167769.0,5167770.0,5167774.0,-1.5,-1.9,1,4347.5,4330.75,-1.0,4332.0,4329.75,4329.75,4331.25,4.0,2.5,2.0
2021-07-08,known,closed_back_inside,H,4301.25,5169195.0,5169196.0,5169210.0,-1.5,-1.9,1,4301.25,4280.25,1.0,4298.75,4301.75,4301.75,4300.25,14.0,1.25,4.25
2021-07-09,known,closed_back_inside,H,4349.25,5170551.0,5170552.0,5170553.0,-1.5,-1.9,1,4349.25,4328.25,1.0,4348.75,4349.5,4349.5,4348.0,1.0,2.0,0.25
2021-07-12,known,first_retest_no_body_cross,H,4369.75,5171964.0,,,0.0,0.0,0,4369.75,4354.75,1.0,4368.5,4369.5,,,,,
2021-07-13,known,first_retest_no_body_cross,H,4377.25,5173322.0,,,0.0,0.0,0,4377.25,4367.0,1.0,4376.5,4377.25,,,,,
2021-07-14,known,first_retest_no_body_cross,L,4372.25,5174670.0,,,0.0,0.0,0,4384.5,4372.25,-1.0,4372.75,4372.25,,,,,
2021-07-15,known,closed_back_inside,L,4345.0,5176209.0,5176210.0,5176212.0,-2.25,-2.65,1,4360.75,4345.0,-1.0,4347.0,4343.5,4343.25,4345.5,2.0,2.25,1.0
2021-07-16,known,first_retest_no_body_cross,L,4336.5,5177461.0,,,0.0,0.0,0,4365.75,4336.5,-1.0,4337.5,4339.25,,,,,
2021-07-19,known,first_retest_no_body_cross,L,4231.25,5178936.0,,,0.0,0.0,0,4272.0,4231.25,-1.0,4232.5,4231.5,,,,,
2021-07-20,known,first_retest_no_body_cross,H,4299.5,5180196.0,,,0.0,0.0,0,4299.5,4252.75,1.0,4297.75,4299.5,,,,,
2021-07-21,known,closed_back_inside,H,4342.0,5181646.0,5181647.0,5181669.0,-0.75,-1.15,1,4342.0,4326.0,1.0,4341.5,4342.75,4342.75,4342.0,22.0,1.0,2.25
2021-07-22,known,closed_back_inside,H,4355.25,5182954.0,5182955.0,5182961.0,-0.25,-0.65,1,4355.25,4344.0,1.0,4354.0,4355.5,4355.5,4355.25,6.0,1.0,3.0
2021-07-23,known,session_close,H,4381.25,5184329.0,5184330.0,5184653.0,22.0,21.6,1,4381.25,4372.5,1.0,4380.0,4381.5,4381.75,4403.75,324.0,0.25,26.5
2021-07-26,known,first_retest_no_body_cross,L,4397.25,5185719.0,,,0.0,0.0,0,4407.25,4397.25,-1.0,4397.75,4399.0,,,,,
2021-07-27,known,first_retest_no_body_cross,L,4385.25,5187104.0,,,0.0,0.0,0,4404.0,4385.25,-1.0,4386.0,4385.5,,,,,
2021-07-28,known,first_retest_no_body_cross,L,4385.5,5188630.0,,,0.0,0.0,0,4403.0,4385.5,-1.0,4386.5,4385.75,,,,,
2021-07-29,known,first_retest_no_body_cross,H,4415.5,5189850.0,,,0.0,0.0,0,4415.5,4402.5,1.0,4414.0,4415.25,,,,,
2021-07-30,known,closed_back_inside,L,4383.75,5191469.0,5191470.0,5191474.0,-1.5,-1.9,1,4405.0,4383.75,-1.0,4384.5,4383.25,4383.25,4384.75,4.0,2.0,1.0
2021-08-02,known,first_retest_no_body_cross,L,4401.5,5192682.0,,,0.0,0.0,0,4414.0,4401.5,-1.0,4402.5,4402.25,,,,,
2021-08-03,known,session_close,H,4391.0,5194053.0,5194054.0,5194311.0,23.75,23.35,1,4391.0,4365.25,1.0,4388.5,4392.0,4391.75,4415.5,258.0,0.25,25.25
2021-08-04,known,first_retest_no_body_cross,L,4398.5,5195384.0,,,0.0,0.0,0,4408.25,4398.5,-1.0,4400.75,4398.75,,,,,
2021-08-05,known,closed_back_inside,H,4412.75,5196763.0,5196764.0,5196782.0,-0.5,-0.9,1,4412.75,4402.0,1.0,4412.25,4413.25,4413.0,4412.5,18.0,0.75,2.0
2021-08-06,known,no_first_retest,,,,,,0.0,0.0,0,4433.25,4421.75,,,,,,,,
2021-08-09,known,no_first_retest,,,,,,0.0,0.0,0,4432.0,4416.75,,,,,,,,
2021-08-10,known,closed_back_inside,L,4426.0,5200891.0,5200892.0,5200896.0,-1.75,-2.15,1,4438.25,4426.0,-1.0,4428.0,4425.25,4425.0,4426.75,4.0,2.0,1.0
2021-08-11,known,first_retest_no_body_cross,L,4436.0,5202291.0,,,0.0,0.0,0,4442.5,4436.0,-1.0,4436.75,4436.25,,,,,
2021-08-12,known,closed_back_inside,H,4440.0,5203660.0,5203661.0,5203673.0,-1.25,-1.65,1,4440.0,4430.25,1.0,4439.25,4440.25,4440.25,4439.0,12.0,1.5,0.75
2021-08-13,known,signal_at_session_close,H,4462.0,5205344.0,,,0.0,0.0,0,4462.0,4454.25,1.0,4460.25,4463.0,,,,,
2021-08-16,known,first_retest_no_body_cross,L,4433.0,5206419.0,,,0.0,0.0,0,4451.25,4433.0,-1.0,4433.75,4435.25,,,,,
2021-08-17,known,first_retest_no_body_cross,H,4452.0,5207794.0,,,0.0,0.0,0,4452.0,4436.25,1.0,4450.5,4452.0,,,,,
2021-08-18,known,closed_back_inside,L,4430.25,5209378.0,5209379.0,5209390.0,-4.75,-5.15,1,4449.75,4430.25,-1.0,4431.75,4426.5,4426.5,4431.25,11.0,4.75,6.25
2021-08-19,known,closed_back_inside,H,4403.5,5210609.0,5210610.0,5210692.0,-1.0,-1.4,1,4403.5,4364.5,1.0,4400.5,4404.25,4404.25,4403.25,82.0,1.5,10.5
2021-08-20,known,first_retest_no_body_cross,H,4433.0,5211920.0,,,0.0,0.0,0,4433.0,4400.0,1.0,4431.75,4433.0,,,,,
2021-08-23,known,closed_back_inside,H,4475.5,5213317.0,5213318.0,5213319.0,-0.5,-0.9,1,4475.5,4454.25,1.0,4475.0,4476.0,4476.0,4475.5,1.0,1.0,0.0
2021-08-24,known,first_retest_no_body_cross,H,4487.0,5214679.0,,,0.0,0.0,0,4487.0,4477.5,1.0,4486.75,4487.0,,,,,
2021-08-25,known,first_retest_no_body_cross,H,4488.5,5216061.0,,,0.0,0.0,0,4488.5,4480.75,1.0,4488.0,4488.5,,,,,
2021-08-26,known,first_retest_no_body_cross,L,4469.25,5217437.0,,,0.0,0.0,0,4492.0,4469.25,-1.0,4471.25,4470.25,,,,,
2021-08-27,known,first_retest_no_body_cross,H,4502.25,5218824.0,,,0.0,0.0,0,4502.25,4473.75,1.0,4501.75,4500.0,,,,,
2021-08-30,known,no_first_retest,,,,,,0.0,0.0,0,4525.25,4510.5,,,,,,,,
2021-08-31,known,first_retest_no_body_cross,H,4526.0,5221603.0,,,0.0,0.0,0,4526.0,4512.5,1.0,4525.25,4525.5,,,,,
2021-09-01,known,first_retest_no_body_cross,H,4530.5,5222966.0,,,0.0,0.0,0,4530.5,4521.75,1.0,4529.5,4530.25,,,,,
2021-09-02,known,closed_back_inside,L,4534.0,5224485.0,5224486.0,5224487.0,-0.75,-1.15,1,4544.0,4534.0,-1.0,4535.0,4533.5,4533.5,4534.25,1.0,0.75,0.25
2021-09-03,known,first_retest_no_body_cross,H,4533.75,5225739.0,,,0.0,0.0,0,4533.75,4519.25,1.0,4533.25,4532.5,,,,,
2021-09-07,known,no_first_retest,,,,,,0.0,0.0,0,4532.0,4510.75,,,,,,,,
2021-09-08,known,closed_back_inside,L,4507.0,5229596.0,5229597.0,5229697.0,-1.0,-1.4,1,4520.25,4507.0,-1.0,4507.75,4506.25,4506.0,4507.0,100.0,1.5,14.0
2021-09-09,known,session_close,L,4498.5,5231116.0,5231117.0,5231275.0,11.0,10.6,1,4519.75,4498.5,-1.0,4500.5,4494.5,4494.5,4483.5,159.0,1.25,13.25
2021-09-10,known,closed_back_inside,L,4480.75,5232433.0,5232434.0,5232436.0,-0.75,-1.15,1,4509.25,4480.75,-1.0,4481.5,4480.0,4480.25,4481.0,2.0,0.75,0.25
2021-09-13,known,closed_back_inside,L,4448.5,5233747.0,5233748.0,5233757.0,-2.0,-2.4,1,4483.5,4448.5,-1.0,4449.25,4447.0,4447.0,4449.0,9.0,2.5,4.75
2021-09-14,known,closed_back_inside,L,4444.75,5235091.0,5235092.0,5235100.0,-1.75,-2.15,1,4477.25,4444.75,-1.0,4448.5,4443.75,4444.0,4445.75,8.0,1.75,3.5
2021-09-15,known,first_retest_no_body_cross,H,4448.75,5236520.0,,,0.0,0.0,0,4448.75,4427.5,1.0,4448.5,4448.5,,,,,
2021-09-16,known,first_retest_no_body_cross,L,4438.5,5237864.0,,,0.0,0.0,0,4476.0,4438.5,-1.0,4438.75,4440.75,,,,,
2021-09-17,known,closed_back_inside,L,4430.5,5239233.0,5239234.0,5239242.0,-0.25,-0.65,1,4460.25,4430.5,-1.0,4432.75,4430.0,4430.25,4430.5,8.0,0.75,4.75
2021-09-20,known,first_retest_no_body_cross,L,4344.25,5240634.0,,,0.0,0.0,0,4371.25,4344.25,-1.0,4345.25,4344.25,,,,,
2021-09-21,known,closed_back_inside,L,4350.0,5241991.0,5241992.0,5241993.0,-4.75,-5.15,1,4385.0,4350.0,-1.0,4350.5,4349.75,4349.75,4354.5,1.0,5.25,0.0
2021-09-22,known,first_retest_no_body_cross,H,4383.5,5243365.0,,,0.0,0.0,0,4383.5,4356.5,1.0,4382.75,4383.25,,,,,
2021-09-23,known,first_retest_no_body_cross,H,4442.5,5244761.0,,,0.0,0.0,0,4442.5,4401.25,1.0,4439.25,4442.25,,,,,
2021-09-24,known,first_retest_no_body_cross,H,4445.0,5246389.0,,,0.0,0.0,0,4445.0,4417.75,1.0,4443.75,4445.0,,,,,
2021-09-27,known,first_retest_no_body_cross,H,4444.25,5247508.0,,,0.0,0.0,0,4444.25,4425.0,1.0,4442.75,4444.0,,,,,
2021-09-28,known,first_retest_no_body_cross,L,4355.25,5248885.0,,,0.0,0.0,0,4406.25,4355.25,-1.0,4360.5,4358.0,,,,,
2021-09-29,known,first_retest_no_body_cross,H,4375.5,5250279.0,,,0.0,0.0,0,4375.5,4346.0,1.0,4373.75,4373.5,,,,,
2021-09-30,known,closed_back_inside,L,4352.0,5251650.0,5251651.0,5251686.0,-4.5,-4.9,1,4373.5,4352.0,-1.0,4355.0,4348.25,4348.25,4352.75,35.0,6.0,9.5
2021-10-01,known,first_retest_no_body_cross,L,4277.25,5253035.0,,,0.0,0.0,0,4321.25,4277.25,-1.0,4280.5,4280.0,,,,,
2021-10-04,known,no_first_retest,,,,,,0.0,0.0,0,4344.5,4302.75,,,,,,,,
2021-10-05,known,first_retest_no_body_cross,H,4343.0,5255684.0,,,0.0,0.0,0,4343.0,4298.5,1.0,4342.75,4342.0,,,,,
2021-10-06,known,closed_back_inside,H,4317.5,5257081.0,5257082.0,5257083.0,-4.75,-5.15,1,4317.5,4279.5,1.0,4309.25,4318.25,4318.25,4313.5,1.0,5.25,0.25
2021-10-07,known,first_retest_no_body_cross,L,4386.75,5258756.0,,,0.0,0.0,0,4421.5,4386.75,-1.0,4389.25,4387.25,,,,,
2021-10-08,known,closed_back_inside,L,4383.75,5259929.0,5259930.0,5259931.0,-1.25,-1.65,1,4403.25,4383.75,-1.0,4384.0,4383.0,4383.0,4384.25,1.0,1.75,0.75
2021-10-11,known,closed_back_inside,L,4373.5,5261362.0,5261363.0,5261411.0,-2.5,-2.9,1,4407.5,4373.5,-1.0,4375.5,4371.75,4371.75,4374.25,48.0,2.75,8.25
2021-10-12,known,first_retest_no_body_cross,H,4365.0,5262669.0,,,0.0,0.0,0,4365.0,4339.0,1.0,4364.25,4362.5,,,,,
2021-10-13,known,closed_back_inside,H,4357.25,5264161.0,5264162.0,5264164.0,-8.25,-8.65,1,4357.25,4318.75,1.0,4352.5,4361.5,4361.5,4353.25,2.0,8.5,0.5
2021-10-14,known,first_retest_no_body_cross,H,4414.0,5265349.0,,,0.0,0.0,0,4414.0,4390.0,1.0,4413.75,4414.0,,,,,
2021-10-15,known,first_retest_no_body_cross,H,4461.75,5266911.0,,,0.0,0.0,0,4461.75,4445.0,1.0,4461.25,4461.25,,,,,
2021-10-18,known,closed_back_inside,H,4462.0,5268100.0,5268101.0,5268103.0,-1.5,-1.9,1,4462.0,4436.75,1.0,4460.5,4462.75,4463.0,4461.5,2.0,1.75,2.0
2021-10-19,known,first_retest_no_body_cross,H,4502.25,5269494.0,,,0.0,0.0,0,4502.25,4487.25,1.0,4500.75,4502.25,,,,,
2021-10-20,known,closed_back_inside,H,4530.0,5270869.0,5270870.0,5270872.0,-1.25,-1.65,1,4530.0,4514.5,1.0,4529.75,4531.0,4531.0,4529.75,2.0,1.5,0.0
2021-10-21,known,first_retest_no_body_cross,H,4529.5,5272238.0,,,0.0,0.0,0,4529.5,4517.75,1.0,4528.75,4529.0,,,,,
2021-10-22,known,first_retest_no_body_cross,L,4533.75,5273656.0,,,0.0,0.0,0,4551.5,4533.75,-1.0,4536.5,4535.75,,,,,
2021-10-25,known,first_retest_no_body_cross,H,4548.0,5275021.0,,,0.0,0.0,0,4548.0,4528.75,1.0,4545.75,4547.0,,,,,
2021-10-26,known,closed_back_inside,L,4572.75,5276462.0,5276463.0,5276472.0,-1.75,-2.15,1,4590.0,4572.75,-1.0,4574.75,4571.5,4571.75,4573.5,9.0,2.0,1.75
2021-10-27,known,closed_back_inside,L,4558.0,5278030.0,5278031.0,5278045.0,-1.75,-2.15,1,4576.75,4558.0,-1.0,4560.0,4557.25,4557.5,4559.25,14.0,2.0,7.0
2021-10-28,known,closed_back_inside,H,4576.25,5279218.0,5279219.0,5279220.0,-0.5,-0.9,1,4576.25,4559.0,1.0,4575.75,4576.75,4576.75,4576.25,1.0,1.25,0.5
2021-10-29,known,first_retest_no_body_cross,H,4581.5,5280545.0,,,0.0,0.0,0,4581.5,4560.25,1.0,4580.0,4581.5,,,,,
2021-11-01,known,no_first_retest,,,,,,0.0,0.0,0,4612.0,4586.5,,,,,,,,
2021-11-02,known,first_retest_no_body_cross,H,4619.0,5283277.0,,,0.0,0.0,0,4619.0,4605.5,1.0,4618.25,4618.5,,,,,
2021-11-03,known,first_retest_no_body_cross,H,4620.5,5284664.0,,,0.0,0.0,0,4620.5,4613.0,1.0,4619.5,4619.75,,,,,
2021-11-04,known,first_retest_no_body_cross,H,4674.5,5286045.0,,,0.0,0.0,0,4674.5,4654.5,1.0,4673.75,4674.5,,,,,
2021-11-05,known,closed_back_inside,L,4694.75,5287546.0,5287547.0,5287548.0,-2.5,-2.9,1,4711.75,4694.75,-1.0,4695.25,4694.5,4694.5,4697.0,1.0,2.5,0.25
2021-11-08,known,next_open_back_inside,L,4693.5,5288794.0,,,0.0,0.0,0,4707.0,4693.5,-1.0,4696.25,4693.25,,,,,
2021-11-09,known,first_retest_no_body_cross,L,4666.25,5290255.0,,,0.0,0.0,0,4700.5,4666.25,-1.0,4668.0,4668.0,,,,,
2021-11-10,known,closed_back_inside,L,4658.0,5291698.0,5291699.0,5291705.0,-1.75,-2.15,1,4678.75,4658.0,-1.0,4658.5,4657.0,4657.0,4658.75,6.0,2.5,4.25
2021-11-11,known,first_retest_no_body_cross,L,4646.75,5293025.0,,,0.0,0.0,0,4657.5,4646.75,-1.0,4648.0,4647.0,,,,,
2021-11-12,known,session_close,H,4656.5,5294331.0,5294332.0,5294631.0,19.5,19.1,1,4656.5,4645.75,1.0,4656.0,4658.25,4658.0,4677.5,300.0,0.0,25.5
2021-11-15,known,first_retest_no_body_cross,L,4680.0,5295691.0,,,0.0,0.0,0,4692.75,4680.0,-1.0,4681.5,4680.25,,,,,
2021-11-16,known,first_retest_no_body_cross,H,4695.5,5297102.0,,,0.0,0.0,0,4695.5,4675.5,1.0,4695.0,4695.0,,,,,
2021-11-17,known,first_retest_no_body_cross,H,4695.25,5298526.0,,,0.0,0.0,0,4695.25,4679.25,1.0,4694.0,4695.25,,,,,
2021-11-18,known,first_retest_no_body_cross,H,4698.25,5299911.0,,,0.0,0.0,0,4698.25,4668.0,1.0,4696.5,4698.0,,,,,
2021-11-19,known,closed_back_inside,H,4707.0,5301299.0,5301300.0,5301310.0,-1.25,-1.65,1,4707.0,4691.5,1.0,4706.0,4708.0,4708.0,4706.75,10.0,1.5,1.5
2021-11-22,known,closed_back_inside,L,4712.0,5302660.0,5302661.0,5302705.0,-2.25,-2.65,1,4740.5,4712.0,-1.0,4713.0,4710.25,4710.0,4712.25,44.0,3.0,12.5
2021-11-23,known,first_retest_no_body_cross,L,4663.75,5303963.0,,,0.0,0.0,0,4695.5,4663.75,-1.0,4665.75,4665.0,,,,,
2021-11-24,known,first_retest_no_body_cross,H,4679.25,5305343.0,,,0.0,0.0,0,4679.25,4656.25,1.0,4678.0,4678.75,,,,,
2021-11-26,known,first_retest_no_body_cross,L,4594.0,5307902.0,,,0.0,0.0,0,4643.25,4594.0,-1.0,4595.0,4596.25,,,,,
2021-11-29,known,closed_back_inside,L,4628.75,5309013.0,5309014.0,5309016.0,-4.0,-4.4,1,4650.0,4628.75,-1.0,4631.0,4625.75,4626.0,4630.0,2.0,3.75,0.0
2021-11-30,known,first_retest_no_body_cross,H,4643.0,5310397.0,,,0.0,0.0,0,4643.0,4614.5,1.0,4639.5,4638.25,,,,,
2021-12-01,known,closed_back_inside,H,4635.5,5311794.0,5311795.0,5311798.0,-0.75,-1.15,1,4635.5,4606.25,1.0,4634.0,4636.5,4636.5,4635.75,3.0,1.75,1.75
2021-12-02,known,first_retest_no_body_cross,H,4566.75,5313198.0,,,0.0,0.0,0,4566.75,4506.25,1.0,4565.0,4565.5,,,,,
2021-12-03,known,first_retest_no_body_cross,L,4538.75,5314537.0,,,0.0,0.0,0,4606.5,4538.75,-1.0,4542.5,4539.0,,,,,
2021-12-06,known,first_retest_no_body_cross,H,4586.5,5315939.0,,,0.0,0.0,0,4586.5,4539.25,1.0,4583.25,4586.5,,,,,
2021-12-07,known,closed_back_inside,H,4685.0,5317305.0,5317306.0,5317354.0,-1.75,-2.15,1,4685.0,4647.25,1.0,4684.5,4686.75,4687.0,4685.25,48.0,3.0,5.5
2021-12-08,known,closed_back_inside,L,4677.25,5318689.0,5318690.0,5318691.0,-3.5,-3.9,1,4696.5,4677.25,-1.0,4678.0,4675.25,4675.25,4678.75,1.0,3.75,0.25
2021-12-09,known,first_retest_no_body_cross,H,4687.0,5320236.0,,,0.0,0.0,0,4687.0,4671.0,1.0,4684.25,4686.0,,,,,
2021-12-10,known,closed_back_inside,L,4678.0,5321434.0,5321435.0,5321436.0,-2.25,-2.65,1,4697.75,4678.0,-1.0,4680.0,4675.75,4675.5,4677.75,1.0,3.25,1.75
2021-12-13,known,first_retest_no_body_cross,L,4669.0,5322810.0,,,0.0,0.0,0,4701.5,4669.0,-1.0,4670.5,4670.25,,,,,
2021-12-14,known,first_retest_no_body_cross,L,4623.25,5324200.0,,,0.0,0.0,0,4652.0,4623.25,-1.0,4627.5,4623.5,,,,,
2021-12-15,known,closed_back_inside,L,4606.0,5325631.0,5325632.0,5325644.0,-2.0,-2.4,1,4632.0,4606.0,-1.0,4607.25,4604.5,4604.25,4606.25,12.0,2.25,2.0
2021-12-16,known,first_retest_no_body_cross,L,4692.5,5326992.0,,,0.0,0.0,0,4723.25,4692.5,-1.0,4695.5,4692.5,,,,,
2021-12-17,known,closed_back_inside,H,4633.25,5328345.0,5328346.0,5328395.0,-1.5,-1.9,1,4633.25,4590.0,1.0,4631.75,4634.5,4634.5,4633.0,49.0,3.75,22.5
2021-12-20,known,first_retest_no_body_cross,L,4531.25,5329728.0,,,0.0,0.0,0,4558.25,4531.25,-1.0,4533.25,4531.75,,,,,
2021-12-21,known,closed_back_inside,L,4575.5,5331096.0,5331097.0,5331099.0,-2.5,-2.9,1,4604.0,4575.5,-1.0,4576.75,4574.0,4574.25,4576.75,2.0,2.75,2.0
2021-12-22,known,session_close,H,4655.25,5332475.0,5332476.0,5332798.0,30.5,30.1,1,4655.25,4635.5,1.0,4653.75,4655.5,4655.5,4686.0,323.0,0.5,32.0
2021-12-23,known,first_retest_no_body_cross,H,4717.75,5333867.0,,,0.0,0.0,0,4717.75,4695.5,1.0,4717.5,4717.0,,,,,
2021-12-27,known,first_retest_no_body_cross,H,4756.5,5335229.0,,,0.0,0.0,0,4756.5,4729.5,1.0,4754.75,4756.25,,,,,
2021-12-28,known,closed_back_inside,L,4780.75,5336724.0,5336725.0,5336815.0,-0.25,-0.65,1,4798.0,4780.75,-1.0,4785.5,4780.5,4780.5,4780.75,90.0,1.25,10.0
2021-12-29,known,first_retest_no_body_cross,H,4791.75,5338289.0,,,0.0,0.0,0,4791.75,4770.0,1.0,4790.0,4791.75,,,,,
2021-12-30,known,first_retest_no_body_cross,L,4786.25,5339643.0,,,0.0,0.0,0,4799.75,4786.25,-1.0,4787.5,4786.25,,,,,
2021-12-31,known,first_retest_no_body_cross,L,4758.0,5341071.0,,,0.0,0.0,0,4778.5,4758.0,-1.0,4759.75,4759.75,,,,,
2022-01-03,known,signal_at_session_close,H,4786.5,5342451.0,,,0.0,0.0,0,4786.5,4747.5,1.0,4782.75,4786.75,,,,,
2022-01-04,known,first_retest_no_body_cross,L,4795.75,5343509.0,,,0.0,0.0,0,4808.25,4795.75,-1.0,4797.25,4796.75,,,,,
2022-01-05,known,first_retest_no_body_cross,L,4770.0,5345015.0,,,0.0,0.0,0,4788.25,4770.0,-1.0,4771.25,4771.25,,,,,
2022-01-06,known,first_retest_no_body_cross,H,4712.0,5346394.0,,,0.0,0.0,0,4712.0,4662.0,1.0,4708.75,4712.0,,,,,
2022-01-07,known,first_retest_no_body_cross,L,4675.0,5347648.0,,,0.0,0.0,0,4699.5,4675.0,-1.0,4675.75,4675.0,,,,,
2022-01-10,known,closed_back_inside,L,4580.5,5349034.0,5349035.0,5349045.0,-3.75,-4.15,1,4637.25,4580.5,-1.0,4581.25,4577.0,4577.0,4580.75,10.0,6.5,4.25
2022-01-11,known,first_retest_no_body_cross,H,4662.0,5350445.0,,,0.0,0.0,0,4662.0,4627.25,1.0,4658.75,4661.25,,,,,
2022-01-12,known,first_retest_no_body_cross,L,4716.25,5351791.0,,,0.0,0.0,0,4739.5,4716.25,-1.0,4720.75,4716.5,,,,,
2022-01-13,known,first_retest_no_body_cross,L,4712.25,5353164.0,,,0.0,0.0,0,4736.25,4712.25,-1.0,4716.75,4712.25,,,,,
2022-01-14,known,first_retest_no_body_cross,L,4614.5,5354587.0,,,0.0,0.0,0,4655.75,4614.5,-1.0,4619.0,4616.5,,,,,
2022-01-18,known,first_retest_no_body_cross,L,4578.25,5357099.0,,,0.0,0.0,0,4606.5,4578.25,-1.0,4581.0,4578.25,,,,,
2022-01-19,known,closed_back_inside,L,4570.0,5358444.0,5358445.0,5358450.0,-3.0,-3.4,1,4603.0,4570.0,-1.0,4570.5,4568.0,4568.0,4571.0,5.0,3.25,2.25
2022-01-20,known,closed_back_inside,H,4576.75,5359823.0,5359824.0,5359897.0,-1.5,-1.9,1,4576.75,4541.5,1.0,4574.5,4577.75,4578.0,4576.5,73.0,1.75,16.25
2022-01-21,known,closed_back_inside,H,4472.75,5361222.0,5361223.0,5361226.0,-6.5,-6.9,1,4472.75,4412.5,1.0,4462.0,4475.25,4475.0,4468.5,3.0,7.75,2.75
2022-01-24,known,first_retest_no_body_cross,L,4263.0,5362649.0,,,0.0,0.0,0,4340.5,4263.0,-1.0,4276.5,4265.25,,,,,
2022-01-25,known,first_retest_no_body_cross,H,4351.75,5364157.0,,,0.0,0.0,0,4351.75,4276.5,1.0,4348.0,4351.25,,,,,
2022-01-26,known,first_retest_no_body_cross,L,4391.0,5365351.0,,,0.0,0.0,0,4437.0,4391.0,-1.0,4397.75,4391.25,,,,,
2022-01-27,known,closed_back_inside,L,4375.5,5366723.0,5366724.0,5366726.0,-1.25,-1.65,1,4422.0,4375.5,-1.0,4384.75,4374.25,4374.25,4375.5,2.0,4.5,2.25
2022-01-28,known,closed_back_inside,H,4336.5,5368131.0,5368132.0,5368133.0,-3.25,-3.65,1,4336.5,4283.0,1.0,4332.75,4338.75,4339.0,4335.75,1.0,5.5,2.75
2022-01-31,known,first_retest_no_body_cross,H,4463.0,5369561.0,,,0.0,0.0,0,4463.0,4402.75,1.0,4461.25,4462.75,,,,,
2022-02-01,known,closed_back_inside,H,4514.5,5370950.0,5370951.0,5370952.0,-3.0,-3.4,1,4514.5,4474.0,1.0,4511.5,4514.75,4514.75,4511.75,1.0,5.5,0.25
2022-02-02,known,first_retest_no_body_cross,L,4543.5,5372246.0,,,0.0,0.0,0,4569.0,4543.5,-1.0,4547.5,4544.25,,,,,
2022-02-03,known,first_retest_no_body_cross,H,4532.75,5373633.0,,,0.0,0.0,0,4532.75,4505.0,1.0,4528.5,4530.25,,,,,
2022-02-04,known,closed_back_inside,L,4455.25,5375010.0,5375011.0,5375012.0,-4.0,-4.4,1,4491.5,4455.25,-1.0,4458.5,4454.5,4454.25,4458.25,1.0,5.25,1.75
2022-02-07,known,closed_back_inside,H,4508.25,5376385.0,5376386.0,5376392.0,-2.75,-3.15,1,4508.25,4486.0,1.0,4503.75,4509.75,4510.0,4507.25,6.0,3.75,3.0
2022-02-08,known,first_retest_no_body_cross,H,4479.0,5377777.0,,,0.0,0.0,0,4479.0,4456.25,1.0,4473.0,4478.5,,,,,
2022-02-09,known,closed_back_inside,H,4568.75,5379144.0,5379145.0,5379151.0,-0.75,-1.15,1,4568.75,4554.5,1.0,4566.0,4569.5,4569.5,4568.75,6.0,1.5,2.25
2022-02-10,known,closed_back_inside,H,4573.75,5380530.0,5380531.0,5380538.0,-0.5,-0.9,1,4573.75,4516.75,1.0,4569.5,4574.5,4574.5,4574.0,7.0,2.25,7.25
2022-02-11,known,first_retest_no_body_cross,L,4486.75,5381942.0,,,0.0,0.0,0,4520.5,4486.75,-1.0,4490.25,4492.25,,,,,
2022-02-14,known,closed_back_inside,L,4380.25,5383284.0,5383285.0,5383286.0,-3.25,-3.65,1,4416.5,4380.25,-1.0,4386.5,4379.75,4379.75,4383.0,1.0,4.0,1.0
2022-02-15,known,closed_back_inside,H,4462.25,5384680.0,5384681.0,5384682.0,-1.0,-1.4,1,4462.25,4438.75,1.0,4460.25,4462.5,4462.75,4461.75,1.0,1.5,0.75
2022-02-16,known,first_retest_no_body_cross,L,4426.0,5386164.0,,,0.0,0.0,0,4452.0,4426.0,-1.0,4429.0,4427.5,,,,,
2022-02-17,known,first_retest_no_body_cross,L,4402.5,5387442.0,,,0.0,0.0,0,4441.75,4402.5,-1.0,4404.5,4402.5,,,,,
2022-02-18,known,first_retest_no_body_cross,L,4362.5,5388803.0,,,0.0,0.0,0,4390.25,4362.5,-1.0,4363.25,4362.75,,,,,
2022-02-22,known,first_retest_no_body_cross,L,4308.25,5391406.0,,,0.0,0.0,0,4358.5,4308.25,-1.0,4310.75,4312.0,,,,,
2022-02-23,known,first_retest_no_body_cross,L,4284.0,5392714.0,,,0.0,0.0,0,4335.75,4284.0,-1.0,4285.5,4286.75,,,,,
2022-02-24,known,closed_back_inside,H,4183.5,5394120.0,5394121.0,5394122.0,-6.5,-6.9,1,4183.5,4108.75,1.0,4181.25,4185.0,4185.25,4178.75,1.0,8.75,0.75
2022-02-25,known,first_retest_no_body_cross,H,4325.5,5395473.0,,,0.0,0.0,0,4325.5,4281.25,1.0,4324.25,4322.0,,,,,
2022-02-28,known,closed_back_inside,H,4348.5,5396849.0,5396850.0,5396948.0,-2.25,-2.65,1,4348.5,4321.25,1.0,4344.75,4350.5,4350.5,4348.25,98.0,3.0,35.0
2022-03-01,known,first_retest_no_body_cross,L,4336.75,5398231.0,,,0.0,0.0,0,4374.5,4336.75,-1.0,4341.0,4337.75,,,,,
2022-03-02,known,closed_back_inside,H,4354.5,5399607.0,5399608.0,5399611.0,0.0,-0.4,1,4354.5,4318.75,1.0,4345.25,4354.75,4354.75,4354.75,3.0,3.0,4.75
2022-03-03,known,closed_back_inside,L,4373.75,5400987.0,5400988.0,5401083.0,-1.5,-1.9,1,4414.0,4373.75,-1.0,4379.5,4373.25,4373.25,4374.75,95.0,1.75,32.25
2022-03-04,known,first_retest_no_body_cross,L,4289.5,5402376.0,,,0.0,0.0,0,4328.0,4289.5,-1.0,4293.75,4289.5,,,,,
2022-03-07,known,closed_back_inside,L,4263.25,5403753.0,5403754.0,5403756.0,-2.5,-2.9,1,4321.25,4263.25,-1.0,4265.5,4261.75,4261.5,4264.0,2.0,3.5,0.75
2022-03-08,known,first_retest_no_body_cross,L,4160.25,5405124.0,,,0.0,0.0,0,4215.5,4160.25,-1.0,4164.0,4161.75,,,,,
2022-03-09,known,closed_back_inside,H,4267.5,5406529.0,5406530.0,5406532.0,-5.5,-5.9,1,4267.5,4230.75,1.0,4265.75,4272.0,4272.25,4266.75,2.0,6.0,0.25
2022-03-10,known,first_retest_no_body_cross,L,4214.0,5407886.0,,,0.0,0.0,0,4246.5,4214.0,-1.0,4217.0,4217.5,,,,,
2022-03-11,known,closed_back_inside,L,4241.75,5409322.0,5409323.0,5409339.0,-1.75,-2.15,1,4281.25,4241.75,-1.0,4243.75,4240.5,4240.75,4242.5,16.0,2.75,9.75
2022-03-14,known,closed_back_inside,H,4229.25,5410662.0,5410663.0,5410682.0,-0.5,-0.9,1,4229.25,4185.5,1.0,4224.5,4229.5,4229.75,4229.25,19.0,1.5,10.0
2022-03-15,known,first_retest_no_body_cross,H,4213.25,5412252.0,,,0.0,0.0,0,4213.25,4178.5,1.0,4210.75,4212.0,,,,,
2022-03-16,known,first_retest_no_body_cross,L,4292.75,5413611.0,,,0.0,0.0,0,4339.75,4292.75,-1.0,4307.5,4307.0,,,,,
2022-03-17,known,session_close,H,4364.0,5414892.0,5414893.0,5415110.0,37.5,37.1,1,4364.0,4325.75,1.0,4362.5,4367.5,4367.5,4405.0,218.0,3.0,39.0
2022-03-18,known,first_retest_no_body_cross,H,4416.0,5416227.0,,,0.0,0.0,0,4416.0,4379.0,1.0,4409.5,4414.5,,,,,
2022-03-21,known,first_retest_no_body_cross,L,4435.5,5417668.0,,,0.0,0.0,0,4473.0,4435.5,-1.0,4439.25,4437.75,,,,,
2022-03-22,known,first_retest_no_body_cross,H,4496.75,5418955.0,,,0.0,0.0,0,4496.75,4467.0,1.0,4496.0,4496.0,,,,,
2022-03-23,known,first_retest_no_body_cross,H,4487.75,5420304.0,,,0.0,0.0,0,4487.75,4465.25,1.0,4486.5,4487.25,,,,,
2022-03-24,known,first_retest_no_body_cross,H,4478.25,5421711.0,,,0.0,0.0,0,4478.25,4456.0,1.0,4474.5,4478.0,,,,,
2022-03-25,known,closed_back_inside,H,4534.0,5423065.0,5423066.0,5423069.0,-0.75,-1.15,1,4534.0,4511.75,1.0,4532.75,4534.75,4534.75,4534.0,3.0,1.0,1.75
2022-03-28,known,first_retest_no_body_cross,L,4525.75,5424503.0,,,0.0,0.0,0,4546.0,4525.75,-1.0,4529.25,4526.5,,,,,
2022-03-29,known,first_retest_no_body_cross,H,4623.0,5426101.0,,,0.0,0.0,0,4623.0,4581.75,1.0,4622.75,4622.5,,,,,
2022-03-30,known,first_retest_no_body_cross,L,4608.75,5427202.0,,,0.0,0.0,0,4622.5,4608.75,-1.0,4610.75,4609.5,,,,,
2022-03-31,known,closed_back_inside,H,4591.75,5428596.0,5428597.0,5428598.0,-2.25,-2.65,1,4591.75,4575.0,1.0,4587.5,4592.75,4592.75,4590.5,1.0,3.0,1.75
2022-04-01,known,first_retest_no_body_cross,L,4518.0,5429971.0,,,0.0,0.0,0,4545.0,4518.0,-1.0,4521.75,4518.75,,,,,
2022-04-04,known,first_retest_no_body_cross,H,4558.75,5431347.0,,,0.0,0.0,0,4558.75,4532.75,1.0,4558.25,4557.5,,,,,
2022-04-05,known,next_open_back_inside,L,4548.5,5432728.0,,,0.0,0.0,0,4588.75,4548.5,-1.0,4548.75,4548.25,,,,,
2022-04-06,known,closed_back_inside,H,4485.25,5434310.0,5434311.0,5434313.0,-4.25,-4.65,1,4485.25,4454.5,1.0,4484.25,4488.75,4488.5,4484.25,2.0,8.5,3.25
2022-04-07,known,closed_back_inside,L,4462.5,5435488.0,5435489.0,5435504.0,-5.25,-5.65,1,4486.75,4462.5,-1.0,4465.75,4458.0,4458.25,4463.5,15.0,5.0,5.0
2022-04-08,known,closed_back_inside,H,4491.75,5436878.0,5436879.0,5437094.0,-3.0,-3.4,1,4491.75,4468.75,1.0,4485.25,4493.5,4493.5,4490.5,215.0,3.25,22.5
2022-04-11,known,closed_back_inside,L,4433.25,5438243.0,5438244.0,5438246.0,-1.25,-1.65,1,4459.5,4433.25,-1.0,4435.0,4432.75,4432.75,4434.0,2.0,1.75,1.5
2022-04-12,known,first_retest_no_body_cross,L,4432.75,5439637.0,,,0.0,0.0,0,4466.75,4432.75,-1.0,4436.25,4433.5,,,,,
2022-04-13,known,session_close,H,4411.75,5441030.0,5441031.0,5441326.0,26.5,26.1,1,4411.75,4387.0,1.0,4410.0,4416.0,4416.0,4442.5,296.0,2.25,33.5
2022-04-14,known,first_retest_no_body_cross,L,4413.75,5442467.0,,,0.0,0.0,0,4455.75,4413.75,-1.0,4416.0,4414.0,,,,,
2022-04-18,known,first_retest_no_body_cross,H,4403.75,5443767.0,,,0.0,0.0,0,4403.75,4376.25,1.0,4400.25,4400.25,,,,,
2022-04-19,known,closed_back_inside,H,4437.5,5445139.0,5445140.0,5445142.0,-1.25,-1.65,1,4437.5,4385.0,1.0,4436.25,4438.25,4438.0,4436.75,2.0,1.75,1.0
2022-04-20,known,closed_back_inside,L,4452.5,5446779.0,5446780.0,5446789.0,-2.75,-3.15,1,4484.25,4452.5,-1.0,4453.25,4450.75,4450.75,4453.5,9.0,5.25,7.25
2022-04-21,known,first_retest_no_body_cross,L,4487.75,5447908.0,,,0.0,0.0,0,4509.0,4487.75,-1.0,4489.25,4490.25,,,,,
2022-04-22,known,first_retest_no_body_cross,L,4335.75,5449287.0,,,0.0,0.0,0,4380.5,4335.75,-1.0,4338.25,4336.0,,,,,
2022-04-25,known,first_retest_no_body_cross,H,4246.5,5450659.0,,,0.0,0.0,0,4246.5,4207.25,1.0,4243.5,4244.75,,,,,
2022-04-26,known,closed_back_inside,L,4221.25,5452045.0,5452046.0,5452056.0,-3.5,-3.9,1,4267.5,4221.25,-1.0,4226.5,4218.5,4218.25,4221.75,10.0,7.5,6.5
2022-04-27,known,first_retest_no_body_cross,H,4227.25,5453534.0,,,0.0,0.0,0,4227.25,4165.0,1.0,4223.25,4226.0,,,,,
2022-04-28,known,closed_back_inside,L,4191.0,5454815.0,5454816.0,5454821.0,-0.75,-1.15,1,4238.0,4191.0,-1.0,4194.0,4190.75,4190.5,4191.25,5.0,3.0,6.0
2022-04-29,known,first_retest_no_body_cross,L,4216.5,5456180.0,,,0.0,0.0,0,4265.5,4216.5,-1.0,4218.25,4219.25,,,,,
2022-05-02,known,closed_back_inside,H,4156.0,5457569.0,5457570.0,5457571.0,-3.25,-3.65,1,4156.0,4098.0,1.0,4154.0,4158.0,4158.0,4154.75,1.0,3.5,1.75
2022-05-03,known,closed_back_inside,H,4168.25,5458939.0,5458940.0,5458943.0,-3.0,-3.4,1,4168.25,4139.0,1.0,4163.0,4171.0,4171.0,4168.0,3.0,5.25,2.0
2022-05-04,known,next_open_back_inside,L,4150.5,5460321.0,,,0.0,0.0,0,4180.25,4150.5,-1.0,4151.75,4150.25,,,,,
2022-05-05,known,closed_back_inside,L,4182.75,5461699.0,5461700.0,5461702.0,-2.25,-2.65,1,4252.0,4182.75,-1.0,4187.5,4181.5,4181.25,4183.5,2.0,3.0,1.5
2022-05-06,known,first_retest_no_body_cross,H,4123.25,5463093.0,,,0.0,0.0,0,4123.25,4062.0,1.0,4111.75,4122.0,,,,,
2022-05-09,known,closed_back_inside,L,4027.0,5464464.0,5464465.0,5464472.0,-4.75,-5.15,1,4069.0,4027.0,-1.0,4027.75,4023.75,4023.75,4028.5,7.0,6.75,7.5
2022-05-10,known,closed_back_inside,L,4023.25,5465840.0,5465841.0,5465842.0,-2.25,-2.65,1,4065.5,4023.25,-1.0,4030.75,4022.25,4022.25,4024.5,1.0,2.25,2.0
2022-05-11,known,first_retest_no_body_cross,H,4038.75,5467225.0,,,0.0,0.0,0,4038.75,3966.25,1.0,4029.0,4033.75,,,,,
2022-05-12,known,closed_back_inside,H,3941.0,5468623.0,5468624.0,5468628.0,-3.75,-4.15,1,3941.0,3872.75,1.0,3938.75,3943.0,3943.0,3939.25,4.0,6.0,2.75
2022-05-13,known,closed_back_inside,H,4019.0,5470034.0,5470035.0,5470039.0,-1.25,-1.65,1,4019.0,3959.5,1.0,4018.0,4020.0,4019.75,4018.5,4.0,2.5,2.0
2022-05-16,known,first_retest_no_body_cross,H,4022.0,5471449.0,,,0.0,0.0,0,4022.0,3979.5,1.0,4020.25,4019.75,,,,,
2022-05-17,known,first_retest_no_body_cross,L,4045.0,5472742.0,,,0.0,0.0,0,4070.0,4045.0,-1.0,4048.0,4045.0,,,,,
2022-05-18,known,first_retest_no_body_cross,L,4007.5,5474137.0,,,0.0,0.0,0,4041.5,4007.5,-1.0,4010.75,4007.75,,,,,
2022-05-19,known,closed_back_inside,H,3922.0,5475564.0,5475565.0,5475583.0,-3.0,-3.4,1,3922.0,3874.0,1.0,3917.0,3923.0,3923.0,3920.0,18.0,5.25,13.0
2022-05-20,known,closed_back_inside,L,3901.0,5476894.0,5476895.0,5476896.0,-2.5,-2.9,1,3941.0,3901.0,-1.0,3905.5,3900.25,3900.25,3902.75,1.0,2.75,1.0
2022-05-23,known,first_retest_no_body_cross,H,3947.0,5478259.0,,,0.0,0.0,0,3947.0,3906.5,1.0,3944.0,3946.0,,,,,
2022-05-24,known,closed_back_inside,L,3876.75,5479654.0,5479655.0,5479664.0,-3.0,-3.4,1,3938.5,3876.75,-1.0,3883.75,3876.0,3876.0,3879.0,9.0,4.0,4.0
2022-05-25,known,first_retest_no_body_cross,H,3967.5,5481018.0,,,0.0,0.0,0,3967.5,3921.5,1.0,3966.5,3967.25,,,,,
2022-05-26,known,first_retest_no_body_cross,H,4042.75,5482425.0,,,0.0,0.0,0,4042.75,3987.5,1.0,4041.75,4042.75,,,,,
2022-05-27,known,first_retest_no_body_cross,H,4126.0,5483848.0,,,0.0,0.0,0,4126.0,4079.5,1.0,4124.0,4126.0,,,,,
2022-05-31,known,closed_back_inside,H,4141.5,5486377.0,5486378.0,5486405.0,-4.5,-4.9,1,4141.5,4102.75,1.0,4138.0,4144.5,4144.5,4140.0,27.0,4.75,14.0
2022-06-01,known,closed_back_inside,L,4105.0,5487678.0,5487679.0,5487690.0,-4.5,-4.9,1,4165.0,4105.0,-1.0,4107.5,4101.25,4101.25,4105.75,11.0,5.0,8.0
2022-06-02,known,first_retest_no_body_cross,H,4108.0,5489088.0,,,0.0,0.0,0,4108.0,4072.25,1.0,4103.75,4107.25,,,,,
2022-06-03,known,closed_back_inside,L,4115.5,5490444.0,5490445.0,5490452.0,-3.0,-3.4,1,4142.25,4115.5,-1.0,4117.0,4112.25,4112.25,4115.25,7.0,4.25,3.25
2022-06-06,known,closed_back_inside,L,4138.75,5491863.0,5491864.0,5491891.0,-6.75,-7.15,1,4168.25,4138.75,-1.0,4140.25,4134.5,4134.5,4141.25,27.0,7.0,5.0
2022-06-07,known,first_retest_no_body_cross,H,4116.75,5493197.0,,,0.0,0.0,0,4116.75,4077.75,1.0,4114.75,4115.5,,,,,
2022-06-08,known,closed_back_inside,L,4128.25,5494705.0,5494706.0,5494726.0,-4.25,-4.65,1,4160.0,4128.25,-1.0,4130.5,4124.75,4124.5,4128.75,20.0,4.75,7.5
2022-06-09,known,first_retest_no_body_cross,L,4085.0,5495990.0,,,0.0,0.0,0,4118.25,4085.0,-1.0,4088.5,4086.5,,,,,
2022-06-10,known,first_retest_no_body_cross,L,3901.75,5497392.0,,,0.0,0.0,0,3958.25,3901.75,-1.0,3903.0,3907.0,,,,,
2022-06-13,known,first_retest_no_body_cross,L,3770.5,5498717.0,,,0.0,0.0,0,3819.5,3770.5,-1.0,3773.0,3771.25,,,,,
2022-06-14,known,first_retest_no_body_cross,L,3742.75,5500103.0,,,0.0,0.0,0,3782.0,3742.75,-1.0,3749.25,3745.0,,,,,
2022-06-15,known,closed_back_inside,L,3769.5,5501499.0,5501500.0,5501503.0,-2.5,-2.9,1,3797.75,3769.5,-1.0,3774.0,3769.0,3769.0,3771.5,3.0,2.75,2.25
2022-06-16,known,closed_back_inside,L,3676.0,5502868.0,5502869.0,5502900.0,-3.5,-3.9,1,3711.75,3676.0,-1.0,3678.5,3674.75,3674.75,3678.25,31.0,3.75,16.0
2022-06-17,known,closed_back_inside,L,3659.0,5504239.0,5504240.0,5504269.0,-8.0,-8.4,1,3711.75,3659.0,-1.0,3661.25,3654.0,3654.25,3662.25,29.0,8.5,15.25
2022-06-21,known,closed_back_inside,H,3773.75,5506758.0,5506759.0,5506761.0,-4.5,-4.9,1,3773.75,3735.5,1.0,3771.25,3775.5,3775.5,3771.0,2.0,6.5,1.5
2022-06-22,known,closed_back_inside,H,3788.0,5508137.0,5508138.0,5508141.0,-0.25,-0.65,1,3788.0,3719.25,1.0,3785.0,3788.5,3788.25,3788.0,3.0,0.75,3.5
2022-06-23,known,closed_back_inside,H,3793.25,5509526.0,5509527.0,5509528.0,-1.5,-1.9,1,3793.25,3765.0,1.0,3788.0,3793.5,3793.5,3792.0,1.0,4.25,1.25
2022-06-24,known,first_retest_no_body_cross,H,3889.75,5510930.0,,,0.0,0.0,0,3889.75,3831.0,1.0,3888.5,3889.5,,,,,
2022-06-27,known,first_retest_no_body_cross,L,3893.5,5512551.0,,,0.0,0.0,0,3931.75,3893.5,-1.0,3896.5,3894.0,,,,,
2022-06-28,known,no_first_retest,,,,,,0.0,0.0,0,3950.0,3912.25,,,,,,,,
2022-06-29,known,no_first_retest,,,,,,0.0,0.0,0,3840.0,3801.25,,,,,,,,
2022-06-30,known,closed_back_inside,H,3786.25,5516472.0,5516473.0,5516478.0,-5.25,-5.65,1,3786.25,3741.25,1.0,3785.0,3791.75,3791.75,3786.5,5.0,5.75,2.75
2022-07-01,known,closed_back_inside,L,3764.0,5517816.0,5517817.0,5517820.0,-3.5,-3.9,1,3816.75,3764.0,-1.0,3769.0,3763.75,3763.5,3767.0,3.0,3.75,5.25
2022-07-05,known,closed_back_inside,H,3778.75,5520429.0,5520430.0,5520448.0,-4.75,-5.15,1,3778.75,3744.0,1.0,3775.5,3782.75,3783.0,3778.25,18.0,4.75,3.5
2022-07-06,known,closed_back_inside,L,3822.0,5521729.0,5521730.0,5521732.0,-3.0,-3.4,1,3852.25,3822.0,-1.0,3824.25,3820.0,3820.0,3823.0,2.0,3.5,2.0
2022-07-07,known,closed_back_inside,H,3891.75,5523098.0,5523099.0,5523102.0,-1.25,-1.65,1,3891.75,3866.5,1.0,3890.25,3892.75,3892.75,3891.5,3.0,1.25,1.25
2022-07-08,known,first_retest_no_body_cross,H,3908.75,5524457.0,,,0.0,0.0,0,3908.75,3871.5,1.0,3907.5,3908.75,,,,,
2022-07-11,known,closed_back_inside,L,3851.25,5526156.0,5526157.0,5526159.0,-1.25,-1.65,1,3884.0,3851.25,-1.0,3854.0,3851.0,3851.0,3852.25,2.0,1.75,1.0
2022-07-12,known,first_retest_no_body_cross,L,3840.0,5527484.0,,,0.0,0.0,0,3876.5,3840.0,-1.0,3841.5,3840.25,,,,,
2022-07-13,known,first_retest_no_body_cross,H,3796.0,5528601.0,,,0.0,0.0,0,3796.0,3760.5,1.0,3791.75,3794.75,,,,,
2022-07-14,known,first_retest_no_body_cross,H,3757.75,5530028.0,,,0.0,0.0,0,3757.75,3723.75,1.0,3752.25,3756.75,,,,,
2022-07-15,known,first_retest_no_body_cross,H,3857.75,5531358.0,,,0.0,0.0,0,3857.75,3819.75,1.0,3855.0,3857.75,,,,,
2022-07-18,known,closed_back_inside,L,3886.5,5532883.0,5532884.0,5532888.0,-0.25,-0.65,1,3905.25,3886.5,-1.0,3887.0,3886.25,3886.25,3886.5,4.0,0.75,1.75
2022-07-19,known,first_retest_no_body_cross,H,3896.5,5534127.0,,,0.0,0.0,0,3896.5,3868.0,1.0,3894.5,3896.25,,,,,
2022-07-20,known,closed_back_inside,H,3950.0,5535672.0,5535673.0,5535694.0,-4.0,-4.4,1,3950.0,3924.75,1.0,3946.5,3951.0,3951.25,3947.25,21.0,4.25,8.0
2022-07-21,known,closed_back_inside,H,3971.75,5536938.0,5536939.0,5536941.0,-1.25,-1.65,1,3971.75,3930.25,1.0,3967.75,3972.25,3972.25,3971.0,2.0,1.75,1.5
2022-07-22,known,session_close,L,3986.5,5538306.0,5538307.0,5538583.0,20.5,20.1,1,4016.25,3986.5,-1.0,3988.75,3986.25,3986.0,3965.5,277.0,1.25,44.5
2022-07-25,known,first_retest_no_body_cross,H,3974.5,5539697.0,,,0.0,0.0,0,3974.5,3951.0,1.0,3973.5,3973.75,,,,,
2022-07-26,known,closed_back_inside,L,3936.75,5541019.0,5541020.0,5541021.0,-0.5,-0.9,1,3955.0,3936.75,-1.0,3938.0,3936.25,3936.0,3936.5,1.0,2.25,0.0
2022-07-27,known,first_retest_no_body_cross,H,3974.0,5542419.0,,,0.0,0.0,0,3974.0,3954.5,1.0,3973.25,3971.75,,,,,
2022-07-28,known,first_retest_no_body_cross,H,4041.0,5543827.0,,,0.0,0.0,0,4041.0,3994.5,1.0,4037.75,4040.75,,,,,
2022-07-29,known,first_retest_no_body_cross,H,4123.25,5545355.0,,,0.0,0.0,0,4123.25,4081.0,1.0,4122.5,4121.75,,,,,
2022-08-01,known,first_retest_no_body_cross,H,4141.5,5546554.0,,,0.0,0.0,0,4141.5,4097.0,1.0,4139.25,4141.25,,,,,
2022-08-02,known,closed_back_inside,H,4110.0,5547927.0,5547928.0,5547930.0,-2.0,-2.4,1,4110.0,4080.5,1.0,4109.0,4111.0,4111.0,4109.0,2.0,2.5,4.0
2022-08-03,known,next_open_back_inside,H,4137.25,5549336.0,,,0.0,0.0,0,4137.25,4112.5,1.0,4135.0,4137.5,,,,,
2022-08-04,known,first_retest_no_body_cross,L,4144.5,5550676.0,,,0.0,0.0,0,4163.0,4144.5,-1.0,4147.0,4145.25,,,,,
2022-08-05,known,no_first_retest,,,,,,0.0,0.0,0,4153.25,4107.25,,,,,,,,
2022-08-08,known,closed_back_inside,L,4160.5,5553499.0,5553500.0,5553516.0,-3.5,-3.9,1,4188.0,4160.5,-1.0,4162.25,4157.25,4157.0,4160.5,16.0,4.0,10.25
2022-08-09,known,closed_back_inside,L,4118.25,5554841.0,5554842.0,5554849.0,-2.25,-2.65,1,4138.75,4118.25,-1.0,4121.75,4117.0,4117.0,4119.25,7.0,2.25,2.75
2022-08-10,known,first_retest_no_body_cross,H,4200.0,5556219.0,,,0.0,0.0,0,4200.0,4178.5,1.0,4199.0,4199.25,,,,,
2022-08-11,known,first_retest_no_body_cross,L,4233.0,5557607.0,,,0.0,0.0,0,4260.5,4233.0,-1.0,4234.0,4233.75,,,,,
2022-08-12,known,closed_back_inside,H,4239.75,5558982.0,5558983.0,5558985.0,-1.75,-2.15,1,4239.75,4221.0,1.0,4236.75,4241.25,4241.25,4239.5,2.0,3.0,2.25
2022-08-15,known,first_retest_no_body_cross,H,4284.0,5560404.0,,,0.0,0.0,0,4284.0,4257.75,1.0,4282.5,4283.75,,,,,
2022-08-16,known,first_retest_no_body_cross,L,4284.25,5561736.0,,,0.0,0.0,0,4297.75,4284.25,-1.0,4285.75,4285.25,,,,,
2022-08-17,known,closed_back_inside,L,4268.75,5563095.0,5563096.0,5563098.0,-2.25,-2.65,1,4285.25,4268.75,-1.0,4269.25,4268.25,4268.0,4270.25,2.0,3.25,1.75
2022-08-18,known,first_retest_no_body_cross,H,4279.75,5564478.0,,,0.0,0.0,0,4279.75,4264.0,1.0,4273.5,4278.75,,,,,
2022-08-19,known,first_retest_no_body_cross,L,4235.0,5565874.0,,,0.0,0.0,0,4261.75,4235.0,-1.0,4237.0,4235.75,,,,,
2022-08-22,known,first_retest_no_body_cross,L,4154.75,5567232.0,,,0.0,0.0,0,4180.5,4154.75,-1.0,4156.25,4155.0,,,,,
2022-08-23,known,closed_back_inside,L,4131.25,5568640.0,5568641.0,5568643.0,-4.25,-4.65,1,4161.75,4131.25,-1.0,4131.75,4128.5,4128.5,4132.75,2.0,5.0,1.0
2022-08-24,known,first_retest_no_body_cross,H,4143.5,5570031.0,,,0.0,0.0,0,4143.5,4121.25,1.0,4142.0,4143.5,,,,,
2022-08-25,known,first_retest_no_body_cross,H,4182.75,5571371.0,,,0.0,0.0,0,4182.75,4147.5,1.0,4181.5,4182.75,,,,,
2022-08-26,known,no_first_retest,,,,,,0.0,0.0,0,4206.25,4150.25,,,,,,,,
2022-08-29,known,first_retest_no_body_cross,L,4020.75,5574150.0,,,0.0,0.0,0,4050.5,4020.75,-1.0,4024.5,4021.25,,,,,
2022-08-30,unknown,opening_hour_incomplete,,,,,,,,0,,,,,,,,,,
2022-08-31,known,first_retest_no_body_cross,L,3982.75,5576890.0,,,0.0,0.0,0,4017.0,3982.75,-1.0,3987.0,3984.25,,,,,
2022-09-01,known,first_retest_no_body_cross,L,3908.75,5578281.0,,,0.0,0.0,0,3938.0,3908.75,-1.0,3910.0,3909.0,,,,,
2022-09-02,known,first_retest_no_body_cross,H,4007.75,5579677.0,,,0.0,0.0,0,4007.75,3973.25,1.0,4007.0,4007.25,,,,,
2022-09-06,known,no_first_retest,,,,,,0.0,0.0,0,3944.5,3886.75,,,,,,,,
2022-09-07,known,first_retest_no_body_cross,H,3930.0,5583559.0,,,0.0,0.0,0,3930.0,3904.5,1.0,3929.0,3929.25,,,,,
2022-09-08,known,first_retest_no_body_cross,H,3987.0,5584931.0,,,0.0,0.0,0,3987.0,3942.75,1.0,3984.25,3986.5,,,,,
2022-09-09,known,first_retest_no_body_cross,H,4058.0,5586317.0,,,0.0,0.0,0,4058.0,4026.25,1.0,4056.75,4058.0,,,,,
2022-09-12,known,no_first_retest,,,,,,0.0,0.0,0,4137.75,4103.75,,,,,,,,
2022-09-13,known,closed_back_inside,L,4017.0,5589069.0,5589070.0,5589071.0,-3.5,-3.9,1,4051.25,4017.0,-1.0,4021.5,4016.5,4016.5,4020.0,1.0,8.0,0.0
2022-09-14,known,first_retest_no_body_cross,H,3975.5,5590471.0,,,0.0,0.0,0,3975.5,3938.25,1.0,3973.5,3975.0,,,,,
2022-09-15,known,closed_back_inside,L,3940.5,5591847.0,5591848.0,5591882.0,-3.75,-4.15,1,3977.5,3940.5,-1.0,3944.5,3937.0,3936.75,3940.5,34.0,6.25,14.0
2022-09-16,known,closed_back_inside,H,3886.25,5593212.0,5593213.0,5593215.0,-5.0,-5.4,1,3886.25,3853.5,1.0,3884.5,3888.75,3888.75,3883.75,2.0,5.0,3.0
2022-09-19,known,closed_back_inside,H,3891.25,5594592.0,5594593.0,5594639.0,-3.5,-3.9,1,3891.25,3853.25,1.0,3888.0,3894.25,3894.5,3891.0,46.0,4.25,9.25
2022-09-20,known,first_retest_no_body_cross,L,3862.5,5595973.0,,,0.0,0.0,0,3885.0,3862.5,-1.0,3867.75,3862.5,,,,,
2022-09-21,known,first_retest_no_body_cross,L,3886.0,5597384.0,,,0.0,0.0,0,3904.5,3886.0,-1.0,3887.5,3887.5,,,,,
2022-09-22,known,closed_back_inside,L,3772.0,5598754.0,5598755.0,5598764.0,-2.25,-2.65,1,3806.75,3772.0,-1.0,3774.75,3770.75,3770.5,3772.75,9.0,3.0,3.5
2022-09-23,known,first_retest_no_body_cross,L,3702.5,5600125.0,,,0.0,0.0,0,3735.25,3702.5,-1.0,3705.0,3703.0,,,,,
2022-09-26,known,first_retest_no_body_cross,L,3688.5,5601539.0,,,0.0,0.0,0,3730.5,3688.5,-1.0,3690.0,3688.75,,,,,
2022-09-27,known,session_close,L,3686.25,5602915.0,5602916.0,5603189.0,23.25,22.85,1,3733.0,3686.25,-1.0,3688.5,3684.5,3684.25,3661.0,274.0,2.25,49.0
2022-09-28,known,first_retest_no_body_cross,H,3692.25,5604242.0,,,0.0,0.0,0,3692.25,3652.25,1.0,3688.0,3687.0,,,,,
2022-09-29,known,first_retest_no_body_cross,L,3631.25,5605827.0,,,0.0,0.0,0,3697.5,3631.25,-1.0,3632.5,3632.0,,,,,
2022-09-30,known,closed_back_inside,H,3662.0,5607002.0,5607003.0,5607018.0,-2.25,-2.65,1,3662.0,3626.5,1.0,3659.25,3664.0,3663.75,3661.5,15.0,6.0,7.75
2022-10-03,known,closed_back_inside,H,3673.75,5608397.0,5608398.0,5608399.0,-1.0,-1.4,1,3673.75,3617.0,1.0,3672.0,3674.75,3674.75,3673.75,1.0,2.0,0.25
2022-10-04,known,closed_back_inside,H,3798.25,5609788.0,5609789.0,5609790.0,-1.0,-1.4,1,3798.25,3748.5,1.0,3796.5,3799.0,3799.25,3798.25,1.0,2.5,0.75
2022-10-05,known,first_retest_no_body_cross,L,3739.5,5611160.0,,,0.0,0.0,0,3777.25,3739.5,-1.0,3742.75,3740.25,,,,,
2022-10-06,known,closed_back_inside,L,3760.0,5612524.0,5612525.0,5612526.0,-3.5,-3.9,1,3811.5,3760.0,-1.0,3764.5,3759.0,3759.0,3762.5,1.0,5.0,1.0
2022-10-07,known,session_close,L,3670.75,5614011.0,5614012.0,5614229.0,17.0,16.6,1,3717.5,3670.75,-1.0,3673.5,3668.25,3668.0,3651.0,218.0,2.0,35.5
2022-10-10,known,closed_back_inside,L,3632.5,5615287.0,5615288.0,5615333.0,-2.0,-2.4,1,3665.5,3632.5,-1.0,3636.0,3630.5,3630.25,3632.25,45.0,2.75,14.25
2022-10-11,known,closed_back_inside,H,3611.5,5616693.0,5616694.0,5616697.0,-8.5,-8.9,1,3611.5,3580.25,1.0,3608.5,3615.5,3615.75,3607.25,3.0,8.75,1.75
2022-10-12,known,no_first_retest,,,,,,0.0,0.0,0,3620.75,3585.5,,,,,,,,
2022-10-13,known,first_retest_no_body_cross,H,3562.5,5619437.0,,,0.0,0.0,0,3562.5,3502.0,1.0,3556.5,3559.0,,,,,
2022-10-14,known,first_retest_no_body_cross,L,3628.0,5620813.0,,,0.0,0.0,0,3725.25,3628.0,-1.0,3633.5,3629.25,,,,,
2022-10-17,known,no_first_retest,,,,,,0.0,0.0,0,3702.5,3661.5,,,,,,,,
2022-10-18,known,closed_back_inside,L,3741.5,5623582.0,5623583.0,5623584.0,-1.25,-1.65,1,3777.25,3741.5,-1.0,3743.75,3740.5,3740.5,3741.75,1.0,2.75,0.75
2022-10-19,known,first_retest_no_body_cross,L,3700.5,5625071.0,,,0.0,0.0,0,3740.5,3700.5,-1.0,3704.25,3700.5,,,,,
2022-10-20,known,closed_back_inside,L,3690.25,5626477.0,5626478.0,5626482.0,-6.5,-6.9,1,3748.0,3690.25,-1.0,3690.75,3686.0,3686.0,3692.5,4.0,8.0,2.0
2022-10-21,known,first_retest_no_body_cross,H,3727.25,5627791.0,,,0.0,0.0,0,3727.25,3655.5,1.0,3725.0,3726.25,,,,,
2022-10-24,known,closed_back_inside,H,3808.75,5629332.0,5629333.0,5629400.0,-0.25,-0.65,1,3808.75,3751.75,1.0,3805.75,3809.25,3809.25,3809.0,67.0,1.0,12.75
2022-10-25,known,first_retest_no_body_cross,H,3849.0,5630480.0,,,0.0,0.0,0,3849.0,3807.0,1.0,3847.5,3848.75,,,,,
2022-10-26,known,closed_back_inside,H,3870.25,5631849.0,5631850.0,5631987.0,-4.75,-5.15,1,3870.25,3834.25,1.0,3869.75,3870.75,3870.75,3866.0,137.0,5.25,26.75
2022-10-27,known,first_retest_no_body_cross,H,3867.5,5633221.0,,,0.0,0.0,0,3867.5,3825.5,1.0,3866.0,3867.5,,,,,
2022-10-28,known,first_retest_no_body_cross,H,3864.25,5634609.0,,,0.0,0.0,0,3864.25,3816.5,1.0,3863.75,3864.0,,,,,
2022-10-31,known,first_retest_no_body_cross,H,3894.75,5636034.0,,,0.0,0.0,0,3894.75,3872.25,1.0,3890.5,3894.5,,,,,
2022-11-01,known,closed_back_inside,L,3869.25,5637370.0,5637371.0,5637373.0,-0.75,-1.15,1,3924.25,3869.25,-1.0,3874.25,3868.5,3868.75,3869.5,2.0,2.0,3.5
2022-11-02,known,first_retest_no_body_cross,L,3840.25,5638846.0,,,0.0,0.0,0,3860.25,3840.25,-1.0,3841.25,3840.5,,,,,
2022-11-03,known,first_retest_no_body_cross,H,3745.0,5640135.0,,,0.0,0.0,0,3745.0,3704.25,1.0,3739.0,3742.25,,,,,
2022-11-04,known,first_retest_no_body_cross,H,3797.5,5641501.0,,,0.0,0.0,0,3797.5,3738.25,1.0,3796.0,3795.0,,,,,
2022-11-07,known,session_close,H,3800.0,5642467.0,5642468.0,5642576.0,14.5,14.1,1,3800.0,3771.25,1.0,3799.25,3801.75,3801.5,3816.0,109.0,0.25,20.25
2022-11-08,known,first_retest_no_body_cross,H,3838.75,5643630.0,,,0.0,0.0,0,3838.75,3810.75,1.0,3837.75,3838.25,,,,,
2022-11-09,known,first_retest_no_body_cross,L,3795.0,5645021.0,,,0.0,0.0,0,3825.75,3795.0,-1.0,3796.0,3800.25,,,,,
2022-11-10,known,closed_back_inside,H,3919.5,5646415.0,5646416.0,5646418.0,-3.25,-3.65,1,3919.5,3870.75,1.0,3918.0,3920.75,3921.0,3917.75,2.0,5.25,1.0
2022-11-11,known,first_retest_no_body_cross,H,3991.25,5647941.0,,,0.0,0.0,0,3991.25,3951.0,1.0,3989.75,3991.0,,,,,
2022-11-14,known,first_retest_no_body_cross,H,4005.5,5649273.0,,,0.0,0.0,0,4005.5,3974.5,1.0,4003.0,4005.25,,,,,
2022-11-15,known,closed_back_inside,L,4015.0,5650547.0,5650548.0,5650550.0,-2.25,-2.65,1,4038.75,4015.0,-1.0,4019.25,4014.75,4014.5,4016.75,2.0,3.0,0.5
2022-11-16,known,first_retest_no_body_cross,L,3972.0,5651928.0,,,0.0,0.0,0,3992.75,3972.0,-1.0,3975.5,3972.0,,,,,
2022-11-17,known,closed_back_inside,H,3934.75,5653372.0,5653373.0,5653573.0,-5.5,-5.9,1,3934.75,3913.75,1.0,3928.25,3939.25,3939.0,3933.5,200.0,5.5,23.5
2022-11-18,known,first_retest_no_body_cross,L,3955.75,5654693.0,,,0.0,0.0,0,3991.75,3955.75,-1.0,3964.0,3957.0,,,,,
2022-11-21,known,first_retest_no_body_cross,L,3947.25,5656060.0,,,0.0,0.0,0,3970.5,3947.25,-1.0,3949.5,3947.25,,,,,
2022-11-22,known,first_retest_no_body_cross,H,3985.75,5657428.0,,,0.0,0.0,0,3985.75,3962.75,1.0,3983.5,3981.25,,,,,
2022-11-23,known,closed_back_inside,H,4031.25,5658809.0,5658810.0,5658813.0,-1.5,-1.9,1,4031.25,4005.0,1.0,4030.75,4032.25,4032.5,4031.0,3.0,1.75,0.75
2022-11-25,known,first_retest_no_body_cross,H,4038.25,5661359.0,,,0.0,0.0,0,4038.25,4025.25,1.0,4038.0,4037.5,,,,,
2022-11-28,known,first_retest_no_body_cross,L,3997.5,5662501.0,,,0.0,0.0,0,4017.75,3997.5,-1.0,3998.75,3998.75,,,,,
2022-11-29,known,first_retest_no_body_cross,H,3979.0,5663879.0,,,0.0,0.0,0,3979.0,3961.0,1.0,3978.5,3977.75,,,,,
2022-11-30,known,first_retest_no_body_cross,L,3947.0,5665260.0,,,0.0,0.0,0,3970.5,3947.0,-1.0,3948.75,3949.25,,,,,
2022-12-01,known,no_first_retest,,,,,,0.0,0.0,0,4110.0,4057.75,,,,,,,,
2022-12-02,known,next_open_back_inside,H,4054.0,5668017.0,,,0.0,0.0,0,4054.0,4027.5,1.0,4052.0,4054.25,,,,,
2022-12-05,known,first_retest_no_body_cross,L,4022.0,5669446.0,,,0.0,0.0,0,4055.5,4022.0,-1.0,4022.75,4022.75,,,,,
2022-12-06,known,first_retest_no_body_cross,L,3963.0,5670762.0,,,0.0,0.0,0,4005.5,3963.0,-1.0,3964.0,3964.75,,,,,
2022-12-07,known,first_retest_no_body_cross,H,3957.75,5672162.0,,,0.0,0.0,0,3957.75,3924.25,1.0,3955.75,3956.75,,,,,
2022-12-08,known,first_retest_no_body_cross,H,3975.75,5673527.0,,,0.0,0.0,0,3975.75,3937.75,1.0,3973.5,3974.5,,,,,
2022-12-09,known,first_retest_no_body_cross,H,3972.0,5674928.0,,,0.0,0.0,0,3972.0,3944.0,1.0,3969.75,3971.25,,,,,
2022-12-12,known,session_close,H,3983.75,5676314.0,5676315.0,5676609.0,41.5,41.1,1,3983.75,3969.0,1.0,3982.5,3984.25,3984.25,4025.75,295.0,1.0,41.75
2022-12-13,known,closed_back_inside,L,4085.75,5677668.0,5677669.0,5677676.0,-7.0,-7.4,1,4141.0,4085.75,-1.0,4090.25,4082.0,4081.75,4088.75,7.0,7.75,8.75
2022-12-14,known,first_retest_no_body_cross,H,4080.0,5679054.0,,,0.0,0.0,0,4080.0,4051.25,1.0,4079.0,4078.25,,,,,
2022-12-15,known,first_retest_no_body_cross,L,3933.5,5680447.0,,,0.0,0.0,0,3985.25,3933.5,-1.0,3936.0,3933.75,,,,,
2022-12-16,known,closed_back_inside,L,3872.25,5681802.0,5681803.0,5681812.0,-1.25,-1.65,1,3912.5,3872.25,-1.0,3874.25,3872.0,3871.75,3873.0,9.0,1.75,7.25
2022-12-19,known,first_retest_no_body_cross,L,3862.0,5683209.0,,,0.0,0.0,0,3883.5,3862.0,-1.0,3864.0,3862.0,,,,,
2022-12-20,known,first_retest_no_body_cross,H,3860.75,5684737.0,,,0.0,0.0,0,3860.75,3822.25,1.0,3859.5,3860.75,,,,,
2022-12-21,known,no_first_retest,,,,,,0.0,0.0,0,3895.75,3870.5,,,,,,,,
2022-12-22,known,closed_back_inside,L,3834.75,5687345.0,5687346.0,5687356.0,-3.0,-3.4,1,3875.5,3834.75,-1.0,3835.25,3834.0,3833.75,3836.75,10.0,3.75,5.0
2022-12-23,known,closed_back_inside,H,3859.75,5688771.0,5688772.0,5688774.0,-2.0,-2.4,1,3859.75,3821.25,1.0,3858.5,3860.5,3860.5,3858.5,2.0,2.5,2.25
2022-12-27,known,first_retest_no_body_cross,H,3872.0,5690096.0,,,0.0,0.0,0,3872.0,3837.25,1.0,3869.5,3871.0,,,,,
2022-12-28,known,first_retest_no_body_cross,L,3842.75,5691481.0,,,0.0,0.0,0,3875.0,3842.75,-1.0,3843.75,3843.0,,,,,
2022-12-29,known,first_retest_no_body_cross,H,3868.0,5692842.0,,,0.0,0.0,0,3868.0,3829.0,1.0,3865.0,3866.5,,,,,
2022-12-30,known,closed_back_inside,L,3827.75,5694391.0,5694392.0,5694393.0,-0.5,-0.9,1,3854.0,3827.75,-1.0,3830.0,3827.5,3827.5,3828.0,1.0,0.75,1.75
2023-01-03,known,first_retest_no_body_cross,L,3838.0,5695600.0,,,0.0,0.0,0,3901.5,3838.0,-1.0,3838.25,3843.25,,,,,
2023-01-04,known,closed_back_inside,H,3880.0,5697040.0,5697041.0,5697130.0,-4.75,-5.15,1,3880.0,3836.5,1.0,3877.75,3883.75,3883.5,3878.75,89.0,5.25,12.75
2023-01-05,known,first_retest_no_body_cross,L,3823.5,5698413.0,,,0.0,0.0,0,3853.5,3823.5,-1.0,3824.75,3823.5,,,,,
2023-01-06,known,session_close,H,3875.0,5699745.0,5699746.0,5700068.0,37.75,37.35,1,3875.0,3829.0,1.0,3873.5,3878.0,3878.25,3916.0,323.0,1.0,50.5
2023-01-09,known,closed_back_inside,H,3957.5,5701122.0,5701123.0,5701246.0,-2.75,-3.15,1,3957.5,3928.5,1.0,3956.75,3959.5,3959.5,3956.75,123.0,3.25,13.75
2023-01-10,known,closed_back_inside,L,3904.75,5702502.0,5702503.0,5702504.0,-0.5,-0.9,1,3935.0,3904.75,-1.0,3909.0,3904.5,3904.25,3904.75,1.0,2.0,0.75
2023-01-11,known,first_retest_no_body_cross,L,3953.0,5703885.0,,,0.0,0.0,0,3966.75,3953.0,-1.0,3957.25,3954.5,,,,,
2023-01-12,known,first_retest_no_body_cross,H,4003.0,5705269.0,,,0.0,0.0,0,4003.0,3957.25,1.0,4002.0,3998.5,,,,,
2023-01-13,known,first_retest_no_body_cross,H,3998.75,5706655.0,,,0.0,0.0,0,3998.75,3965.75,1.0,3996.25,3997.75,,,,,
2023-01-17,known,first_retest_no_body_cross,L,4009.0,5709196.0,,,0.0,0.0,0,4035.25,4009.0,-1.0,4011.0,4010.5,,,,,
2023-01-18,known,first_retest_no_body_cross,L,4015.75,5710546.0,,,0.0,0.0,0,4033.5,4015.75,-1.0,4019.0,4015.75,,,,,
2023-01-19,known,closed_back_inside,L,3913.0,5711925.0,5711926.0,5711928.0,-4.25,-4.65,1,3933.75,3913.0,-1.0,3914.5,3912.0,3912.0,3916.25,2.0,5.5,0.5
2023-01-20,known,first_retest_no_body_cross,H,3939.5,5713325.0,,,0.0,0.0,0,3939.5,3912.25,1.0,3938.25,3939.0,,,,,
2023-01-23,known,closed_back_inside,H,4024.5,5714694.0,5714695.0,5714935.0,-3.5,-3.9,1,4024.5,3986.25,1.0,4023.75,4026.75,4026.75,4023.25,240.0,6.0,30.0
2023-01-24,known,closed_back_inside,H,4030.75,5716079.0,5716080.0,5716098.0,-0.5,-0.9,1,4030.75,4005.25,1.0,4028.0,4031.25,4031.25,4030.75,18.0,1.0,5.75
2023-01-25,known,first_retest_no_body_cross,L,3969.5,5717438.0,,,0.0,0.0,0,3994.5,3969.5,-1.0,3974.25,3970.5,,,,,
2023-01-26,known,closed_back_inside,L,4035.25,5718838.0,5718839.0,5718848.0,-1.75,-2.15,1,4068.25,4035.25,-1.0,4041.5,4034.0,4034.25,4036.0,9.0,2.5,7.0
2023-01-27,known,first_retest_no_body_cross,H,4093.75,5720322.0,,,0.0,0.0,0,4093.75,4061.75,1.0,4093.0,4093.5,,,,,
2023-01-30,known,closed_back_inside,L,4053.0,5721584.0,5721585.0,5721595.0,-2.25,-2.65,1,4078.0,4053.0,-1.0,4055.0,4052.25,4052.25,4054.5,10.0,2.25,6.75
2023-01-31,known,first_retest_no_body_cross,H,4053.75,5722957.0,,,0.0,0.0,0,4053.75,4033.25,1.0,4052.0,4052.5,,,,,
2023-02-01,known,first_retest_no_body_cross,L,4073.25,5724353.0,,,0.0,0.0,0,4089.75,4073.25,-1.0,4076.25,4073.5,,,,,
2023-02-02,known,closed_back_inside,H,4176.0,5725962.0,5725963.0,5725964.0,-5.0,-5.4,1,4176.0,4153.25,1.0,4174.75,4177.5,4177.5,4172.5,1.0,6.25,0.0
2023-02-03,known,first_retest_no_body_cross,H,4184.0,5727099.0,,,0.0,0.0,0,4184.0,4139.25,1.0,4183.25,4183.5,,,,,
2023-02-06,known,first_retest_no_body_cross,H,4132.25,5728510.0,,,0.0,0.0,0,4132.25,4109.0,1.0,4126.75,4130.0,,,,,
2023-02-07,known,closed_back_inside,H,4118.5,5729892.0,5729893.0,5729906.0,-0.75,-1.15,1,4118.5,4106.0,1.0,4115.5,4119.0,4119.0,4118.25,13.0,1.5,3.25
2023-02-08,known,first_retest_no_body_cross,L,4149.75,5731245.0,,,0.0,0.0,0,4168.0,4149.75,-1.0,4151.0,4150.75,,,,,
2023-02-09,known,closed_back_inside,L,4141.75,5732647.0,5732648.0,5732654.0,-3.25,-3.65,1,4166.75,4141.75,-1.0,4143.5,4138.75,4138.75,4142.0,6.0,4.5,3.5
2023-02-10,known,next_open_back_inside,H,4100.75,5734164.0,,,0.0,0.0,0,4100.75,4069.75,1.0,4097.25,4101.0,,,,,
2023-02-13,known,first_retest_no_body_cross,H,4129.0,5735379.0,,,0.0,0.0,0,4129.0,4101.5,1.0,4128.0,4129.0,,,,,
2023-02-14,known,first_retest_no_body_cross,L,4114.0,5736770.0,,,0.0,0.0,0,4170.0,4114.0,-1.0,4118.75,4119.5,,,,,
2023-02-15,known,first_retest_no_body_cross,H,4134.75,5738138.0,,,0.0,0.0,0,4134.75,4113.0,1.0,4132.25,4133.5,,,,,
2023-02-16,known,first_retest_no_body_cross,H,4122.75,5739515.0,,,0.0,0.0,0,4122.75,4098.25,1.0,4121.25,4122.5,,,,,
2023-02-17,known,first_retest_no_body_cross,H,4085.75,5740901.0,,,0.0,0.0,0,4085.75,4057.0,1.0,4083.25,4080.75,,,,,
2023-02-21,known,first_retest_no_body_cross,L,4029.5,5743415.0,,,0.0,0.0,0,4056.25,4029.5,-1.0,4031.5,4030.25,,,,,
2023-02-22,known,closed_back_inside,L,3992.75,5744796.0,5744797.0,5744800.0,-2.75,-3.15,1,4018.5,3992.75,-1.0,3994.0,3991.25,3991.25,3994.0,3.0,3.0,0.75
2023-02-23,known,closed_back_inside,L,4017.25,5746175.0,5746176.0,5746177.0,-1.75,-2.15,1,4034.25,4017.25,-1.0,4020.0,4016.5,4016.5,4018.25,1.0,2.25,1.0
2023-02-24,known,first_retest_no_body_cross,L,3949.5,5747556.0,,,0.0,0.0,0,3976.0,3949.5,-1.0,3950.0,3953.25,,,,,
2023-02-27,known,first_retest_no_body_cross,L,4002.0,5748943.0,,,0.0,0.0,0,4024.75,4002.0,-1.0,4004.75,4002.5,,,,,
2023-02-28,known,first_retest_no_body_cross,H,3993.5,5750359.0,,,0.0,0.0,0,3993.5,3975.0,1.0,3991.75,3992.5,,,,,
2023-03-01,known,first_retest_no_body_cross,L,3950.0,5751731.0,,,0.0,0.0,0,3976.5,3950.0,-1.0,3957.0,3950.0,,,,,
2023-03-02,known,closed_back_inside,H,3949.25,5753076.0,5753077.0,5753078.0,-1.0,-1.4,1,3949.25,3931.0,1.0,3947.25,3949.75,3949.75,3948.75,1.0,1.0,1.0
2023-03-03,known,first_retest_no_body_cross,H,4022.0,5754455.0,,,0.0,0.0,0,4022.0,3998.0,1.0,4020.0,4022.0,,,,,
2023-03-06,known,first_retest_no_body_cross,H,4078.25,5755846.0,,,0.0,0.0,0,4078.25,4055.25,1.0,4077.25,4078.25,,,,,
2023-03-07,known,closed_back_inside,L,4012.25,5757241.0,5757242.0,5757244.0,-2.0,-2.4,1,4054.0,4012.25,-1.0,4015.5,4011.0,4011.0,4013.0,2.0,2.75,2.0
2023-03-08,known,first_retest_no_body_cross,H,3999.0,5758593.0,,,0.0,0.0,0,3999.0,3974.25,1.0,3993.5,3994.5,,,,,
2023-03-09,known,first_retest_no_body_cross,L,3998.5,5760010.0,,,0.0,0.0,0,4019.75,3998.5,-1.0,3999.75,3999.0,,,,,
2023-03-10,known,next_open_back_inside,H,3915.75,5761381.0,,,0.0,0.0,0,3915.75,3878.5,1.0,3912.75,3916.0,,,,,
2023-03-13,known,closed_back_inside,H,3908.0,5762758.0,5762759.0,5762856.0,-1.75,-2.15,1,3908.0,3840.75,1.0,3900.75,3909.5,3909.75,3908.0,97.0,4.0,30.75
2023-03-14,known,first_retest_no_body_cross,H,3960.5,5764143.0,,,0.0,0.0,0,3960.5,3936.25,1.0,3958.25,3958.5,,,,,
2023-03-15,known,first_retest_no_body_cross,L,3882.25,5765497.0,,,0.0,0.0,0,3909.75,3882.25,-1.0,3882.5,3888.75,,,,,
2023-03-16,known,closed_back_inside,H,3922.25,5766883.0,5766884.0,5766885.0,-3.0,-3.4,1,3922.25,3895.0,1.0,3918.0,3923.0,3922.75,3919.75,1.0,3.0,2.5
2023-03-17,known,closed_back_inside,L,3953.25,5768256.0,5768257.0,5768261.0,-3.75,-4.15,1,3992.5,3953.25,-1.0,3954.75,3951.5,3951.25,3955.0,4.0,4.25,5.25
2023-03-20,known,first_retest_no_body_cross,H,3974.0,5769633.0,,,0.0,0.0,0,3974.0,3946.75,1.0,3972.25,3972.75,,,,,
2023-03-21,known,first_retest_no_body_cross,L,4008.25,5771018.0,,,0.0,0.0,0,4031.5,4008.25,-1.0,4009.0,4009.0,,,,,
2023-03-22,known,first_retest_no_body_cross,L,4029.0,5772504.0,,,0.0,0.0,0,4047.25,4029.0,-1.0,4030.0,4029.0,,,,,
2023-03-23,known,closed_back_inside,H,4018.75,5773787.0,5773788.0,5773884.0,-1.25,-1.65,1,4018.75,3995.0,1.0,4017.5,4019.5,4019.75,4018.5,96.0,2.0,19.75
2023-03-24,known,closed_back_inside,H,3970.5,5775228.0,5775229.0,5775232.0,-4.25,-4.65,1,3970.5,3937.5,1.0,3968.0,3973.75,3974.0,3969.75,3.0,4.75,2.0
2023-03-27,known,first_retest_no_body_cross,L,4015.5,5776717.0,,,0.0,0.0,0,4034.25,4015.5,-1.0,4016.5,4015.75,,,,,
2023-03-28,known,closed_back_inside,L,3994.0,5777915.0,5777916.0,5777928.0,-2.25,-2.65,1,4009.5,3994.0,-1.0,3996.25,3992.0,3991.75,3994.0,12.0,3.0,2.0
2023-03-29,known,first_retest_no_body_cross,L,4037.5,5779296.0,,,0.0,0.0,0,4047.75,4037.5,-1.0,4039.0,4038.75,,,,,
2023-03-30,known,first_retest_no_body_cross,L,4072.0,5780749.0,,,0.0,0.0,0,4087.75,4072.0,-1.0,4076.25,4073.75,,,,,
2023-03-31,known,first_retest_no_body_cross,H,4104.0,5782054.0,,,0.0,0.0,0,4104.0,4088.5,1.0,4103.25,4103.75,,,,,
2023-04-03,known,closed_back_inside,L,4131.75,5783468.0,5783469.0,5783479.0,-0.75,-1.15,1,4157.25,4131.75,-1.0,4134.0,4131.25,4131.25,4132.0,10.0,1.0,3.5
2023-04-04,known,first_retest_no_body_cross,L,4143.5,5784822.0,,,0.0,0.0,0,4163.25,4143.5,-1.0,4148.75,4145.0,,,,,
2023-04-05,known,first_retest_no_body_cross,L,4112.5,5786202.0,,,0.0,0.0,0,4127.75,4112.5,-1.0,4114.5,4112.75,,,,,
2023-04-06,known,first_retest_no_body_cross,H,4113.0,5787623.0,,,0.0,0.0,0,4113.0,4096.5,1.0,4112.25,4112.0,,,,,
2023-04-10,known,first_retest_no_body_cross,H,4111.0,5789854.0,,,0.0,0.0,0,4111.0,4098.75,1.0,4109.0,4110.75,,,,,
2023-04-11,known,closed_back_inside,L,4133.0,5791234.0,5791235.0,5791236.0,-1.5,-1.9,1,4142.75,4133.0,-1.0,4134.0,4132.25,4132.25,4133.75,1.0,1.75,0.5
2023-04-12,known,closed_back_inside,L,4140.75,5792615.0,5792616.0,5792619.0,-3.5,-3.9,1,4161.0,4140.75,-1.0,4141.5,4137.25,4137.25,4140.75,3.0,3.75,0.5
2023-04-13,known,first_retest_no_body_cross,H,4146.5,5794048.0,,,0.0,0.0,0,4146.5,4124.5,1.0,4145.75,4145.25,,,,,
2023-04-14,known,closed_back_inside,L,4159.25,5795371.0,5795372.0,5795373.0,-3.0,-3.4,1,4189.0,4159.25,-1.0,4159.75,4159.0,4158.75,4161.75,1.0,3.0,1.0
2023-04-17,known,first_retest_no_body_cross,L,4159.5,5796755.0,,,0.0,0.0,0,4169.5,4159.5,-1.0,4163.25,4159.5,,,,,
2023-04-18,known,closed_back_inside,L,4170.5,5798144.0,5798145.0,5798146.0,-4.25,-4.65,1,4194.75,4170.5,-1.0,4171.0,4167.5,4167.5,4171.75,1.0,4.5,0.25
2023-04-19,known,next_open_back_inside,H,4167.0,5799502.0,,,0.0,0.0,0,4167.0,4157.75,1.0,4166.0,4167.25,,,,,
2023-04-20,known,closed_back_inside,H,4159.5,5800883.0,5800884.0,5800885.0,-1.5,-1.9,1,4159.5,4145.0,1.0,4158.25,4160.5,4160.75,4159.25,1.0,1.5,0.75
2023-04-21,known,closed_back_inside,L,4137.75,5802274.0,5802275.0,5802276.0,-2.0,-2.4,1,4158.25,4137.75,-1.0,4138.75,4137.5,4137.5,4139.5,1.0,2.75,2.25
2023-04-24,known,first_retest_no_body_cross,L,4152.75,5803644.0,,,0.0,0.0,0,4164.0,4152.75,-1.0,4155.0,4153.0,,,,,
2023-04-25,known,closed_back_inside,L,4126.5,5805019.0,5805020.0,5805027.0,-2.75,-3.15,1,4144.25,4126.5,-1.0,4126.75,4125.25,4125.25,4128.0,7.0,2.75,1.75
2023-04-26,known,first_retest_no_body_cross,H,4104.25,5806441.0,,,0.0,0.0,0,4104.25,4081.25,1.0,4102.5,4103.5,,,,,
2023-04-27,known,first_retest_no_body_cross,H,4115.0,5807782.0,,,0.0,0.0,0,4115.0,4097.25,1.0,4114.0,4114.75,,,,,
2023-04-28,known,first_retest_no_body_cross,H,4178.25,5809244.0,,,0.0,0.0,0,4178.25,4143.75,1.0,4175.75,4178.25,,,,,
2023-05-01,known,first_retest_no_body_cross,H,4197.75,5810552.0,,,0.0,0.0,0,4197.75,4184.0,1.0,4196.25,4197.25,,,,,
2023-05-02,known,first_retest_no_body_cross,L,4134.0,5811917.0,,,0.0,0.0,0,4177.25,4134.0,-1.0,4134.75,4134.0,,,,,
2023-05-03,known,closed_back_inside,L,4140.0,5813304.0,5813305.0,5813306.0,-1.75,-2.15,1,4154.5,4140.0,-1.0,4141.25,4139.25,4139.0,4140.75,1.0,1.75,0.25
2023-05-04,known,closed_back_inside,L,4065.0,5814772.0,5814773.0,5814775.0,-2.0,-2.4,1,4098.25,4065.0,-1.0,4066.25,4064.25,4064.0,4066.0,2.0,2.25,1.75
2023-05-05,known,closed_back_inside,H,4136.75,5816061.0,5816062.0,5816083.0,-1.75,-2.15,1,4136.75,4111.5,1.0,4136.0,4138.0,4138.0,4136.25,21.0,2.25,3.75
2023-05-08,known,first_retest_no_body_cross,L,4142.25,5817440.0,,,0.0,0.0,0,4156.25,4142.25,-1.0,4143.25,4143.25,,,,,
2023-05-09,known,first_retest_no_body_cross,H,4142.75,5819018.0,,,0.0,0.0,0,4142.75,4131.0,1.0,4141.75,4142.25,,,,,
2023-05-10,known,closed_back_inside,L,4138.5,5820202.0,5820203.0,5820233.0,-1.75,-2.15,1,4169.5,4138.5,-1.0,4143.5,4137.75,4137.5,4139.25,30.0,2.75,12.0
2023-05-11,known,closed_back_inside,H,4143.0,5821683.0,5821684.0,5821685.0,-0.75,-1.15,1,4143.0,4121.5,1.0,4141.75,4143.75,4143.75,4143.0,1.0,1.0,0.25
2023-05-12,known,first_retest_no_body_cross,L,4139.5,5822984.0,,,0.0,0.0,0,4158.25,4139.5,-1.0,4141.0,4139.5,,,,,
2023-05-15,known,closed_back_inside,H,4144.0,5824462.0,5824463.0,5824465.0,-1.0,-1.4,1,4144.0,4123.0,1.0,4142.5,4145.25,4145.0,4144.0,2.0,1.75,0.5
2023-05-16,known,session_close,L,4127.0,5826025.0,5826026.0,5826034.0,2.25,1.85,1,4148.75,4127.0,-1.0,4130.75,4125.25,4125.0,4122.75,9.0,1.75,2.5
2023-05-17,known,closed_back_inside,H,4144.25,5827130.0,5827131.0,5827133.0,-4.0,-4.4,1,4144.25,4125.75,1.0,4139.75,4145.25,4145.5,4141.5,2.0,5.75,2.75
2023-05-18,known,closed_back_inside,H,4187.5,5828478.0,5828479.0,5828484.0,-0.75,-1.15,1,4187.5,4164.75,1.0,4184.5,4188.0,4188.0,4187.25,5.0,1.0,2.5
2023-05-19,known,first_retest_no_body_cross,H,4225.75,5829847.0,,,0.0,0.0,0,4225.75,4216.25,1.0,4225.25,4223.25,,,,,
2023-05-22,known,no_first_retest,,,,,,0.0,0.0,0,4221.75,4191.0,,,,,,,,
2023-05-23,known,closed_back_inside,L,4185.25,5832727.0,5832728.0,5832729.0,-2.0,-2.4,1,4198.5,4185.25,-1.0,4187.75,4184.5,4184.5,4186.5,1.0,2.5,0.5
2023-05-24,known,first_retest_no_body_cross,L,4118.75,5834005.0,,,0.0,0.0,0,4140.5,4118.75,-1.0,4120.0,4119.5,,,,,
2023-05-25,known,first_retest_no_body_cross,H,4161.75,5835538.0,,,0.0,0.0,0,4161.75,4137.5,1.0,4161.25,4161.5,,,,,
2023-05-26,known,closed_back_inside,H,4205.5,5836747.0,5836748.0,5836757.0,-3.75,-4.15,1,4205.5,4165.5,1.0,4205.0,4207.75,4207.75,4204.0,9.0,4.0,4.0
2023-05-30,known,first_retest_no_body_cross,L,4214.25,5839307.0,,,0.0,0.0,0,4238.5,4214.25,-1.0,4216.5,4214.75,,,,,
2023-05-31,known,first_retest_no_body_cross,L,4176.25,5840646.0,,,0.0,0.0,0,4204.5,4176.25,-1.0,4177.25,4178.5,,,,,
2023-06-01,known,session_close,H,4197.5,5842031.0,5842032.0,5842349.0,29.25,28.85,1,4197.5,4178.0,1.0,4197.0,4199.5,4199.5,4228.75,318.0,0.25,40.25
2023-06-02,known,first_retest_no_body_cross,H,4273.75,5843413.0,,,0.0,0.0,0,4273.75,4249.0,1.0,4272.5,4273.0,,,,,
2023-06-05,known,first_retest_no_body_cross,H,4304.25,5844879.0,,,0.0,0.0,0,4304.25,4285.75,1.0,4304.0,4303.0,,,,,
2023-06-06,known,first_retest_no_body_cross,H,4285.0,5846155.0,,,0.0,0.0,0,4285.0,4268.5,1.0,4284.5,4285.0,,,,,
2023-06-07,known,closed_back_inside,L,4288.0,5847534.0,5847535.0,5847590.0,-2.25,-2.65,1,4304.75,4288.0,-1.0,4289.25,4286.5,4286.25,4288.5,55.0,2.5,7.75
2023-06-08,known,session_close,H,4281.0,5848920.0,5848921.0,5849237.0,16.5,16.1,1,4281.0,4264.5,1.0,4279.5,4281.25,4281.25,4297.75,317.0,0.75,21.25
2023-06-09,known,closed_back_inside,L,4305.0,5850341.0,5850342.0,5850343.0,-0.5,-0.9,1,4325.0,4305.0,-1.0,4312.25,4304.75,4304.75,4305.25,1.0,0.5,2.0
2023-06-12,known,first_retest_no_body_cross,L,4351.75,5851668.0,,,0.0,0.0,0,4361.75,4351.75,-1.0,4354.0,4353.25,,,,,
2023-06-13,known,first_retest_no_body_cross,H,4421.75,5853095.0,,,0.0,0.0,0,4421.75,4396.0,1.0,4420.25,4421.0,,,,,
2023-06-14,known,first_retest_no_body_cross,H,4431.25,5854431.0,,,0.0,0.0,0,4431.25,4413.75,1.0,4429.0,4431.25,,,,,
2023-06-15,known,first_retest_no_body_cross,H,4442.25,5855818.0,,,0.0,0.0,0,4442.25,4407.25,1.0,4438.75,4442.0,,,,,
2023-06-16,known,first_retest_no_body_cross,L,4469.0,5857235.0,,,0.0,0.0,0,4493.5,4469.0,-1.0,4472.0,4469.0,,,,,
2023-06-20,known,first_retest_no_body_cross,H,4442.5,5859865.0,,,0.0,0.0,0,4442.5,4410.75,1.0,4440.5,4442.5,,,,,
2023-06-21,known,first_retest_no_body_cross,L,4404.0,5861092.0,,,0.0,0.0,0,4422.75,4404.0,-1.0,4406.75,4404.75,,,,,
2023-06-22,known,first_retest_no_body_cross,H,4418.5,5862689.0,,,0.0,0.0,0,4418.5,4393.75,1.0,4417.75,4418.0,,,,,
2023-06-23,known,closed_back_inside,H,4397.25,5863838.0,5863839.0,5863840.0,-1.75,-2.15,1,4397.25,4384.0,1.0,4395.75,4398.75,4398.75,4397.0,1.0,2.25,1.0
2023-06-26,known,closed_back_inside,L,4382.5,5865219.0,5865220.0,5865221.0,-2.25,-2.65,1,4403.0,4382.5,-1.0,4385.0,4382.25,4382.25,4384.5,1.0,2.75,1.0
2023-06-27,known,closed_back_inside,H,4389.0,5866609.0,5866610.0,5866612.0,-0.5,-0.9,1,4389.0,4374.5,1.0,4386.75,4389.5,4389.25,4388.75,2.0,1.25,1.0
2023-06-28,known,closed_back_inside,H,4412.5,5868025.0,5868026.0,5868104.0,-3.75,-4.15,1,4412.5,4399.25,1.0,4411.5,4413.5,4413.5,4409.75,78.0,5.0,16.75
2023-06-29,known,first_retest_no_body_cross,H,4428.0,5869394.0,,,0.0,0.0,0,4428.0,4409.75,1.0,4425.75,4427.5,,,,,
2023-06-30,known,first_retest_no_body_cross,H,4487.5,5870730.0,,,0.0,0.0,0,4487.5,4465.0,1.0,4486.25,4486.5,,,,,
2023-07-03,known,first_retest_no_body_cross,H,4490.0,5872178.0,,,0.0,0.0,0,4490.0,4479.5,1.0,4489.25,4489.25,,,,,
2023-07-05,known,first_retest_no_body_cross,H,4488.75,5874404.0,,,0.0,0.0,0,4488.75,4471.0,1.0,4487.25,4488.75,,,,,
2023-07-06,known,first_retest_no_body_cross,L,4423.75,5875761.0,,,0.0,0.0,0,4446.0,4423.75,-1.0,4426.75,4424.25,,,,,
2023-07-07,known,first_retest_no_body_cross,H,4451.25,5877202.0,,,0.0,0.0,0,4451.25,4433.5,1.0,4451.0,4451.25,,,,,
2023-07-10,known,first_retest_no_body_cross,L,4428.75,5878548.0,,,0.0,0.0,0,4446.75,4428.75,-1.0,4432.25,4429.75,,,,,
2023-07-11,known,closed_back_inside,H,4458.75,5879977.0,5879978.0,5879979.0,-0.5,-0.9,1,4458.75,4442.0,1.0,4457.5,4459.5,4459.25,4458.75,1.0,1.0,0.0
2023-07-12,known,first_retest_no_body_cross,H,4522.0,5881284.0,,,0.0,0.0,0,4522.0,4506.75,1.0,4521.0,4522.0,,,,,
2023-07-13,known,first_retest_no_body_cross,H,4532.25,5882684.0,,,0.0,0.0,0,4532.25,4521.25,1.0,4531.25,4531.0,,,,,
2023-07-14,known,first_retest_no_body_cross,L,4548.0,5884036.0,,,0.0,0.0,0,4560.5,4548.0,-1.0,4549.0,4550.25,,,,,
2023-07-17,known,first_retest_no_body_cross,H,4546.75,5885428.0,,,0.0,0.0,0,4546.75,4536.25,1.0,4546.25,4546.75,,,,,
2023-07-18,known,session_close,H,4563.5,5886798.0,5886799.0,5887117.0,23.5,23.1,1,4563.5,4545.25,1.0,4562.75,4564.25,4564.5,4588.0,319.0,1.5,30.0
2023-07-19,known,closed_back_inside,L,4595.0,5888190.0,5888191.0,5888192.0,-2.75,-3.15,1,4608.5,4595.0,-1.0,4597.5,4594.25,4594.25,4597.0,1.0,3.0,2.0
2023-07-20,known,closed_back_inside,L,4575.0,5889548.0,5889549.0,5889552.0,-1.0,-1.4,1,4594.25,4575.0,-1.0,4575.5,4574.5,4574.75,4575.75,3.0,1.0,2.25
2023-07-21,known,first_retest_no_body_cross,H,4582.75,5890987.0,,,0.0,0.0,0,4582.75,4564.0,1.0,4581.5,4582.0,,,,,
2023-07-24,known,first_retest_no_body_cross,H,4586.5,5892349.0,,,0.0,0.0,0,4586.5,4568.75,1.0,4585.25,4585.25,,,,,
2023-07-25,known,first_retest_no_body_cross,H,4592.5,5893744.0,,,0.0,0.0,0,4592.5,4579.5,1.0,4592.0,4592.5,,,,,
2023-07-26,known,first_retest_no_body_cross,L,4584.75,5895068.0,,,0.0,0.0,0,4592.0,4584.75,-1.0,4586.0,4585.25,,,,,
2023-07-27,known,first_retest_no_body_cross,L,4615.0,5896466.0,,,0.0,0.0,0,4633.5,4615.0,-1.0,4618.0,4615.0,,,,,
2023-07-28,known,first_retest_no_body_cross,H,4607.25,5897852.0,,,0.0,0.0,0,4607.25,4589.75,1.0,4606.75,4606.25,,,,,
2023-07-31,known,closed_back_inside,L,4601.75,5899349.0,5899350.0,5899352.0,-1.25,-1.65,1,4619.25,4601.75,-1.0,4603.5,4601.5,4601.25,4602.5,2.0,1.5,1.75
2023-08-01,known,first_retest_no_body_cross,L,4591.5,5900699.0,,,0.0,0.0,0,4609.25,4591.5,-1.0,4592.5,4592.5,,,,,
2023-08-02,known,first_retest_no_body_cross,L,4550.75,5901970.0,,,0.0,0.0,0,4570.25,4550.75,-1.0,4552.25,4550.75,,,,,
2023-08-03,known,closed_back_inside,H,4526.0,5903387.0,5903388.0,5903391.0,-0.25,-0.65,1,4526.0,4506.25,1.0,4524.5,4526.25,4526.25,4526.0,3.0,0.75,1.75
2023-08-04,known,first_retest_no_body_cross,H,4550.75,5904795.0,,,0.0,0.0,0,4550.75,4518.75,1.0,4550.5,4549.75,,,,,
2023-08-07,known,first_retest_no_body_cross,H,4529.0,5906104.0,,,0.0,0.0,0,4529.0,4510.5,1.0,4528.75,4527.75,,,,,
2023-08-08,known,first_retest_no_body_cross,L,4483.25,5907506.0,,,0.0,0.0,0,4511.5,4483.25,-1.0,4484.5,4484.5,,,,,
2023-08-09,known,first_retest_no_body_cross,L,4509.25,5908873.0,,,0.0,0.0,0,4521.5,4509.25,-1.0,4510.25,4511.0,,,,,
2023-08-10,known,first_retest_no_body_cross,L,4506.75,5910281.0,,,0.0,0.0,0,4544.75,4506.75,-1.0,4511.5,4507.25,,,,,
2023-08-11,known,first_retest_no_body_cross,H,4493.0,5911620.0,,,0.0,0.0,0,4493.0,4459.0,1.0,4490.0,4492.5,,,,,
2023-08-14,known,closed_back_inside,H,4489.25,5912994.0,5912995.0,5913104.0,-0.25,-0.65,1,4489.25,4469.0,1.0,4486.5,4489.5,4489.5,4489.25,109.0,0.5,13.75
2023-08-15,known,first_retest_no_body_cross,L,4461.25,5914371.0,,,0.0,0.0,0,4491.0,4461.25,-1.0,4462.0,4461.5,,,,,
2023-08-16,known,first_retest_no_body_cross,L,4447.25,5915836.0,,,0.0,0.0,0,4465.5,4447.25,-1.0,4448.0,4448.75,,,,,
2023-08-17,known,first_retest_no_body_cross,L,4419.75,5917130.0,,,0.0,0.0,0,4435.75,4419.75,-1.0,4421.75,4420.25,,,,,
2023-08-18,known,closed_back_inside,H,4372.75,5918537.0,5918538.0,5918547.0,-2.75,-3.15,1,4372.75,4350.0,1.0,4370.5,4374.75,4375.0,4372.25,9.0,4.25,1.25
2023-08-21,known,first_retest_no_body_cross,L,4384.5,5919892.0,,,0.0,0.0,0,4408.5,4384.5,-1.0,4385.5,4387.0,,,,,
2023-08-22,known,closed_back_inside,L,4412.5,5921268.0,5921269.0,5921290.0,-3.0,-3.4,1,4431.25,4412.5,-1.0,4413.25,4410.25,4410.25,4413.25,21.0,3.5,5.25
2023-08-23,known,session_close,H,4430.0,5922658.0,5922659.0,5922975.0,16.25,15.85,1,4430.0,4409.0,1.0,4428.75,4431.75,4431.75,4448.0,317.0,0.5,23.5
2023-08-24,known,no_first_retest,,,,,,0.0,0.0,0,4468.75,4437.75,,,,,,,,
2023-08-25,known,closed_back_inside,L,4387.0,5925406.0,5925407.0,5925408.0,-1.25,-1.65,1,4427.75,4387.0,-1.0,4390.0,4386.75,4386.75,4388.0,1.0,3.5,0.25
2023-08-28,known,closed_back_inside,L,4432.75,5926806.0,5926807.0,5926812.0,-3.75,-4.15,1,4447.25,4432.75,-1.0,4434.5,4430.25,4430.5,4434.25,5.0,5.25,2.0
2023-08-29,known,first_retest_no_body_cross,H,4475.0,5928171.0,,,0.0,0.0,0,4475.0,4438.5,1.0,4473.25,4474.5,,,,,
2023-08-30,known,first_retest_no_body_cross,H,4530.0,5929661.0,,,0.0,0.0,0,4530.0,4501.0,1.0,4528.25,4529.25,,,,,
2023-08-31,known,first_retest_no_body_cross,H,4538.25,5930918.0,,,0.0,0.0,0,4538.25,4525.0,1.0,4537.5,4538.25,,,,,
2023-09-01,known,closed_back_inside,L,4521.75,5932317.0,5932318.0,5932325.0,-1.0,-1.4,1,4547.5,4521.75,-1.0,4522.5,4521.0,4521.25,4522.25,7.0,1.75,4.25
2023-09-05,known,first_retest_no_body_cross,H,4519.5,5934839.0,,,0.0,0.0,0,4519.5,4501.75,1.0,4519.0,4519.0,,,,,
2023-09-06,known,first_retest_no_body_cross,L,4469.25,5936198.0,,,0.0,0.0,0,4494.25,4469.25,-1.0,4470.25,4469.5,,,,,
2023-09-07,known,first_retest_no_body_cross,L,4434.75,5937562.0,,,0.0,0.0,0,4451.0,4434.75,-1.0,4436.0,4435.0,,,,,
2023-09-08,known,first_retest_no_body_cross,H,4475.5,5939000.0,,,0.0,0.0,0,4475.5,4454.25,1.0,4475.25,4474.25,,,,,
2023-09-11,known,first_retest_no_body_cross,L,4522.25,5940341.0,,,0.0,0.0,0,4543.5,4522.25,-1.0,4523.5,4524.5,,,,,
2023-09-12,known,closed_back_inside,L,4518.25,5941713.0,5941714.0,5941717.0,-1.0,-1.4,1,4532.5,4518.25,-1.0,4519.25,4518.0,4517.75,4518.75,3.0,1.5,1.25
2023-09-13,known,closed_back_inside,H,4525.75,5943104.0,5943105.0,5943107.0,-0.75,-1.15,1,4525.75,4503.0,1.0,4523.5,4526.0,4526.0,4525.25,2.0,1.0,1.5
2023-09-14,known,first_retest_no_body_cross,H,4544.75,5944461.0,,,0.0,0.0,0,4544.75,4528.0,1.0,4543.0,4544.75,,,,,
2023-09-15,known,first_retest_no_body_cross,L,4521.0,5945842.0,,,0.0,0.0,0,4540.5,4521.0,-1.0,4524.25,4521.5,,,,,
2023-09-18,known,first_retest_no_body_cross,H,4502.25,5947209.0,,,0.0,0.0,0,4502.25,4490.0,1.0,4499.75,4502.0,,,,,
2023-09-19,known,closed_back_inside,L,4474.0,5948588.0,5948589.0,5948749.0,-2.5,-2.9,1,4496.25,4474.0,-1.0,4475.5,4472.5,4472.5,4475.0,160.0,2.75,10.25
2023-09-20,known,first_retest_no_body_cross,L,4496.75,5950007.0,,,0.0,0.0,0,4507.5,4496.75,-1.0,4497.5,4497.75,,,,,
2023-09-21,known,first_retest_no_body_cross,L,4398.75,5951364.0,,,0.0,0.0,0,4418.5,4398.75,-1.0,4399.75,4400.0,,,,,
2023-09-22,known,closed_back_inside,H,4389.0,5952716.0,5952717.0,5952727.0,-2.5,-2.9,1,4389.0,4374.25,1.0,4387.75,4390.25,4390.5,4388.0,10.0,3.25,3.25
2023-09-25,known,closed_back_inside,H,4364.25,5954140.0,5954141.0,5954237.0,-2.25,-2.65,1,4364.25,4343.5,1.0,4363.25,4365.25,4365.25,4363.0,96.0,2.25,12.25
2023-09-26,known,first_retest_no_body_cross,L,4325.25,5955531.0,,,0.0,0.0,0,4354.0,4325.25,-1.0,4326.25,4325.25,,,,,
2023-09-27,known,closed_back_inside,L,4313.25,5956874.0,5956875.0,5956892.0,-3.5,-3.9,1,4331.75,4313.25,-1.0,4314.25,4310.75,4311.0,4314.5,17.0,3.5,6.25
2023-09-28,known,closed_back_inside,H,4325.25,5958250.0,5958251.0,5958252.0,-1.25,-1.65,1,4325.25,4301.0,1.0,4323.0,4326.0,4326.25,4325.0,1.0,1.75,0.0
2023-09-29,known,first_retest_no_body_cross,L,4352.75,5959648.0,,,0.0,0.0,0,4371.25,4352.75,-1.0,4354.0,4353.0,,,,,
2023-10-02,known,first_retest_no_body_cross,L,4312.75,5961005.0,,,0.0,0.0,0,4332.25,4312.75,-1.0,4317.5,4312.75,,,,,
2023-10-03,known,first_retest_no_body_cross,L,4273.75,5962381.0,,,0.0,0.0,0,4317.0,4273.75,-1.0,4277.25,4274.0,,,,,
2023-10-04,known,first_retest_no_body_cross,H,4283.0,5963830.0,,,0.0,0.0,0,4283.0,4254.25,1.0,4275.5,4283.0,,,,,
2023-10-05,known,closed_back_inside,L,4273.0,5965138.0,5965139.0,5965235.0,-3.5,-3.9,1,4299.5,4273.0,-1.0,4277.0,4272.25,4272.25,4275.75,96.0,3.75,14.25
2023-10-06,known,no_first_retest,,,,,,0.0,0.0,0,4276.5,4251.5,,,,,,,,
2023-10-09,known,closed_back_inside,L,4319.5,5967910.0,5967911.0,5967915.0,-2.0,-2.4,1,4338.0,4319.5,-1.0,4322.75,4318.0,4318.0,4320.0,4.0,2.25,2.0
2023-10-10,known,closed_back_inside,H,4399.0,5969271.0,5969272.0,5969282.0,-0.75,-1.15,1,4399.0,4371.25,1.0,4398.25,4399.5,4399.75,4399.0,10.0,1.75,3.75
2023-10-11,known,first_retest_no_body_cross,L,4392.5,5970660.0,,,0.0,0.0,0,4410.5,4392.5,-1.0,4396.25,4393.0,,,,,
2023-10-12,known,closed_back_inside,H,4414.25,5972136.0,5972137.0,5972141.0,-2.75,-3.15,1,4414.25,4393.25,1.0,4412.0,4417.0,4417.0,4414.25,4.0,3.5,0.25
2023-10-13,known,first_retest_no_body_cross,L,4384.25,5973415.0,,,0.0,0.0,0,4407.75,4384.25,-1.0,4386.0,4385.25,,,,,
2023-10-16,known,first_retest_no_body_cross,H,4402.25,5974864.0,,,0.0,0.0,0,4402.25,4377.75,1.0,4399.5,4402.0,,,,,
2023-10-17,known,closed_back_inside,H,4394.25,5976171.0,5976172.0,5976178.0,-1.75,-2.15,1,4394.25,4365.75,1.0,4392.25,4396.5,4396.25,4394.5,6.0,3.0,2.5
2023-10-18,known,first_retest_no_body_cross,L,4372.5,5977549.0,,,0.0,0.0,0,4392.5,4372.5,-1.0,4374.0,4373.25,,,,,
2023-10-19,known,closed_back_inside,L,4326.75,5978927.0,5978928.0,5978930.0,-3.0,-3.4,1,4352.25,4326.75,-1.0,4328.0,4325.0,4325.25,4328.25,2.0,3.25,0.25
2023-10-20,known,first_retest_no_body_cross,L,4268.75,5980312.0,,,0.0,0.0,0,4302.25,4268.75,-1.0,4270.0,4269.25,,,,,
2023-10-23,known,first_retest_no_body_cross,H,4252.5,5981721.0,,,0.0,0.0,0,4252.5,4213.25,1.0,4251.75,4252.0,,,,,
2023-10-24,known,closed_back_inside,H,4280.0,5983071.0,5983072.0,5983073.0,-0.5,-0.9,1,4280.0,4259.5,1.0,4277.75,4280.25,4280.25,4279.75,1.0,0.75,1.0
2023-10-25,known,first_retest_no_body_cross,L,4224.25,5984540.0,,,0.0,0.0,0,4253.5,4224.25,-1.0,4226.75,4225.5,,,,,
2023-10-26,known,first_retest_no_body_cross,L,4176.25,5985830.0,,,0.0,0.0,0,4205.0,4176.25,-1.0,4178.0,4176.5,,,,,
2023-10-27,known,closed_back_inside,L,4154.25,5987214.0,5987215.0,5987220.0,-1.0,-1.4,1,4175.75,4154.25,-1.0,4157.0,4153.5,4153.25,4154.25,5.0,1.75,4.25
2023-10-30,known,first_retest_no_body_cross,L,4156.0,5988583.0,,,0.0,0.0,0,4184.0,4156.0,-1.0,4158.0,4157.75,,,,,
2023-10-31,known,closed_back_inside,H,4193.25,5989985.0,5989986.0,5989988.0,-1.25,-1.65,1,4193.25,4171.75,1.0,4192.5,4194.5,4194.5,4193.25,2.0,2.25,1.25
2023-11-01,known,first_retest_no_body_cross,H,4244.5,5991348.0,,,0.0,0.0,0,4244.5,4215.5,1.0,4241.75,4244.0,,,,,
2023-11-02,known,closed_back_inside,H,4312.5,5992724.0,5992725.0,5992726.0,-0.5,-0.9,1,4312.5,4293.75,1.0,4311.0,4312.75,4312.75,4312.25,1.0,1.75,0.25
2023-11-03,known,first_retest_no_body_cross,H,4383.25,5994208.0,,,0.0,0.0,0,4383.25,4358.25,1.0,4382.5,4382.5,,,,,
2023-11-06,known,first_retest_no_body_cross,L,4375.0,5995616.0,,,0.0,0.0,0,4389.5,4375.0,-1.0,4376.0,4375.0,,,,,
2023-11-07,known,first_retest_no_body_cross,H,4392.25,5996963.0,,,0.0,0.0,0,4392.25,4372.25,1.0,4391.5,4391.5,,,,,
2023-11-08,known,first_retest_no_body_cross,L,4393.5,5998245.0,,,0.0,0.0,0,4407.75,4393.5,-1.0,4395.5,4394.5,,,,,
2023-11-09,known,first_retest_no_body_cross,L,4388.0,5999630.0,,,0.0,0.0,0,4409.5,4388.0,-1.0,4388.5,4388.25,,,,,
2023-11-10,known,closed_back_inside,L,4369.75,6001004.0,6001005.0,6001006.0,-0.75,-1.15,1,4386.5,4369.75,-1.0,4370.25,4369.0,4369.25,4370.0,1.0,2.0,0.0
2023-11-13,known,closed_back_inside,H,4419.25,6002396.0,6002397.0,6002399.0,-1.0,-1.4,1,4419.25,4407.25,1.0,4418.5,4420.0,4420.0,4419.0,2.0,1.25,1.25
2023-11-14,known,first_retest_no_body_cross,H,4512.5,6003759.0,,,0.0,0.0,0,4512.5,4483.75,1.0,4512.0,4512.5,,,,,
2023-11-15,known,closed_back_inside,H,4535.25,6005158.0,6005159.0,6005160.0,-1.0,-1.4,1,4535.25,4516.75,1.0,4534.5,4535.5,4535.75,4534.75,1.0,1.25,1.0
2023-11-16,known,closed_back_inside,L,4512.0,6006523.0,6006524.0,6006525.0,-1.25,-1.65,1,4526.25,4512.0,-1.0,4515.75,4511.5,4511.5,4512.75,1.0,2.5,0.25
2023-11-17,known,closed_back_inside,L,4514.25,6007933.0,6007934.0,6007935.0,-1.25,-1.65,1,4526.0,4514.25,-1.0,4516.25,4513.25,4513.5,4514.75,1.0,1.5,0.75
2023-11-20,known,closed_back_inside,H,4543.0,6009292.0,6009293.0,6009296.0,-0.75,-1.15,1,4543.0,4524.5,1.0,4541.75,4543.25,4543.25,4542.5,3.0,1.75,0.75
2023-11-21,known,first_retest_no_body_cross,H,4551.75,6010789.0,,,0.0,0.0,0,4551.75,4538.75,1.0,4550.75,4551.25,,,,,
2023-11-22,known,no_first_retest,,,,,,0.0,0.0,0,4580.5,4555.0,,,,,,,,
2023-11-24,known,first_retest_no_body_cross,L,4563.0,6014561.0,,,0.0,0.0,0,4571.0,4563.0,-1.0,4563.5,4564.25,,,,,
2023-11-27,known,closed_back_inside,H,4567.25,6015780.0,6015781.0,6015782.0,-1.75,-2.15,1,4567.25,4555.5,1.0,4566.25,4567.75,4567.75,4566.0,1.0,2.25,0.5
2023-11-28,known,first_retest_no_body_cross,H,4557.25,6017081.0,,,0.0,0.0,0,4557.25,4549.25,1.0,4554.5,4557.25,,,,,
2023-11-29,known,first_retest_no_body_cross,L,4574.5,6018465.0,,,0.0,0.0,0,4597.0,4574.5,-1.0,4575.75,4577.0,,,,,
2023-11-30,known,closed_back_inside,L,4552.5,6019848.0,6019849.0,6019850.0,-1.0,-1.4,1,4568.5,4552.5,-1.0,4554.75,4552.25,4552.25,4553.25,1.0,2.0,0.75
2023-12-01,known,first_retest_no_body_cross,H,4582.25,6021253.0,,,0.0,0.0,0,4582.25,4562.5,1.0,4579.25,4582.25,,,,,
2023-12-04,known,first_retest_no_body_cross,L,4556.25,6022596.0,,,0.0,0.0,0,4578.5,4556.25,-1.0,4557.75,4556.75,,,,,
2023-12-05,known,first_retest_no_body_cross,H,4579.75,6023984.0,,,0.0,0.0,0,4579.75,4558.25,1.0,4578.0,4579.0,,,,,
2023-12-06,known,closed_back_inside,L,4576.5,6025401.0,6025402.0,6025403.0,-1.5,-1.9,1,4597.5,4576.5,-1.0,4581.0,4575.75,4575.75,4577.25,1.0,2.0,1.0
2023-12-07,known,first_retest_no_body_cross,H,4587.25,6026735.0,,,0.0,0.0,0,4587.25,4569.75,1.0,4586.25,4587.0,,,,,
2023-12-08,known,closed_back_inside,H,4610.5,6028369.0,6028370.0,6028371.0,-0.75,-1.15,1,4610.5,4578.25,1.0,4609.75,4611.0,4611.0,4610.25,1.0,0.75,0.0
2023-12-11,known,first_retest_no_body_cross,H,4664.0,6029487.0,,,0.0,0.0,0,4664.0,4653.0,1.0,4663.0,4663.5,,,,,
2023-12-12,known,first_retest_no_body_cross,H,4679.5,6030869.0,,,0.0,0.0,0,4679.5,4662.25,1.0,4678.0,4679.0,,,,,
2023-12-13,known,closed_back_inside,H,4704.5,6032239.0,6032240.0,6032242.0,-0.75,-1.15,1,4704.5,4697.5,1.0,4704.25,4705.25,4705.25,4704.5,2.0,1.0,0.25
2023-12-14,known,first_retest_no_body_cross,L,4772.25,6033626.0,,,0.0,0.0,0,4791.75,4772.25,-1.0,4773.5,4772.5,,,,,
2023-12-15,known,first_retest_no_body_cross,H,4775.25,6035001.0,,,0.0,0.0,0,4775.25,4761.5,1.0,4774.25,4774.0,,,,,
2023-12-18,known,first_retest_no_body_cross,H,4791.5,6036421.0,,,0.0,0.0,0,4791.5,4780.25,1.0,4789.0,4791.0,,,,,
2023-12-19,known,first_retest_no_body_cross,H,4812.5,6037759.0,,,0.0,0.0,0,4812.5,4796.5,1.0,4812.0,4812.5,,,,,
2023-12-20,known,first_retest_no_body_cross,H,4823.75,6039180.0,,,0.0,0.0,0,4823.75,4808.5,1.0,4823.0,4822.75,,,,,
2023-12-21,known,first_retest_no_body_cross,L,4773.0,6040605.0,,,0.0,0.0,0,4792.5,4773.0,-1.0,4774.75,4773.25,,,,,
2023-12-22,known,first_retest_no_body_cross,L,4806.0,6041926.0,,,0.0,0.0,0,4821.75,4806.0,-1.0,4809.25,4807.5,,,,,
2023-12-26,known,first_retest_no_body_cross,H,4819.5,6043278.0,,,0.0,0.0,0,4819.5,4808.0,1.0,4819.0,4819.0,,,,,
2023-12-27,known,closed_back_inside,L,4819.0,6044668.0,6044669.0,6044670.0,-0.25,-0.65,1,4829.0,4819.0,-1.0,4819.75,4818.5,4818.5,4818.75,1.0,1.0,0.25
2023-12-28,known,first_retest_no_body_cross,H,4837.5,6046029.0,,,0.0,0.0,0,4837.5,4831.5,1.0,4836.25,4837.5,,,,,
2023-12-29,known,first_retest_no_body_cross,L,4827.0,6047407.0,,,0.0,0.0,0,4835.0,4827.0,-1.0,4828.75,4827.75,,,,,
2024-01-02,known,first_retest_no_body_cross,L,4774.0,6048790.0,,,0.0,0.0,0,4789.75,4774.0,-1.0,4774.5,4774.0,,,,,
2024-01-03,known,closed_back_inside,L,4751.75,6050170.0,6050171.0,6050192.0,-3.0,-3.4,1,4769.5,4751.75,-1.0,4752.5,4749.5,4749.75,4752.75,21.0,3.25,3.25
2024-01-04,known,closed_back_inside,H,4758.5,6051562.0,6051563.0,6051564.0,-0.75,-1.15,1,4758.5,4737.75,1.0,4757.5,4759.0,4758.75,4758.0,1.0,1.75,0.5
2024-01-05,known,first_retest_no_body_cross,H,4760.0,6052963.0,,,0.0,0.0,0,4760.0,4726.75,1.0,4758.5,4758.75,,,,,
2024-01-08,known,no_first_retest,,,,,,0.0,0.0,0,4755.0,4738.0,,,,,,,,
2024-01-09,known,session_close,H,4783.75,6055724.0,6055725.0,6056007.0,7.5,7.1,1,4783.75,4767.5,1.0,4782.0,4785.5,4785.5,4793.0,283.0,2.0,18.5
2024-01-10,known,first_retest_no_body_cross,H,4807.25,6057187.0,,,0.0,0.0,0,4807.25,4792.25,1.0,4806.0,4806.75,,,,,
2024-01-11,known,closed_back_inside,L,4786.25,6058480.0,6058481.0,6058540.0,-4.25,-4.65,1,4832.25,4786.25,-1.0,4788.25,4782.0,4782.0,4786.25,59.0,4.5,9.25
2024-01-12,known,first_retest_no_body_cross,L,4809.0,6059830.0,,,0.0,0.0,0,4836.5,4809.0,-1.0,4811.0,4810.5,,,,,
2024-01-16,known,first_retest_no_body_cross,H,4812.0,6062340.0,,,0.0,0.0,0,4812.0,4783.5,1.0,4811.25,4810.0,,,,,
2024-01-17,known,first_retest_no_body_cross,H,4770.75,6063724.0,,,0.0,0.0,0,4770.75,4758.0,1.0,4768.5,4770.25,,,,,
2024-01-18,known,closed_back_inside,H,4790.75,6065101.0,6065102.0,6065108.0,-1.0,-1.4,1,4790.75,4779.75,1.0,4790.0,4791.0,4791.25,4790.25,6.0,2.0,3.0
2024-01-19,known,first_retest_no_body_cross,H,4829.75,6066500.0,,,0.0,0.0,0,4829.75,4815.0,1.0,4827.75,4829.5,,,,,
2024-01-22,known,first_retest_no_body_cross,L,4885.0,6067857.0,,,0.0,0.0,0,4898.25,4885.0,-1.0,4887.25,4886.75,,,,,
2024-01-23,known,first_retest_no_body_cross,L,4879.25,6069239.0,,,0.0,0.0,0,4889.25,4879.25,-1.0,4880.0,4880.25,,,,,
2024-01-24,known,closed_back_inside,H,4923.75,6070621.0,6070622.0,6070633.0,-1.75,-2.15,1,4923.75,4909.0,1.0,4922.0,4925.0,4925.0,4923.25,11.0,2.0,6.75
2024-01-25,known,first_retest_no_body_cross,L,4910.75,6072088.0,,,0.0,0.0,0,4926.5,4910.75,-1.0,4914.0,4912.25,,,,,
2024-01-26,known,first_retest_no_body_cross,H,4925.25,6073373.0,,,0.0,0.0,0,4925.25,4912.75,1.0,4923.75,4925.0,,,,,
2024-01-29,known,closed_back_inside,L,4915.25,6074755.0,6074756.0,6074757.0,-1.75,-2.15,1,4924.25,4915.25,-1.0,4916.5,4913.75,4913.75,4915.5,1.0,2.0,0.25
2024-01-30,known,first_retest_no_body_cross,L,4944.0,6076155.0,,,0.0,0.0,0,4954.0,4944.0,-1.0,4944.5,4945.0,,,,,
2024-01-31,known,first_retest_no_body_cross,L,4911.25,6077511.0,,,0.0,0.0,0,4930.5,4911.25,-1.0,4912.5,4912.25,,,,,
2024-02-01,known,closed_back_inside,L,4879.25,6078919.0,6078920.0,6078927.0,-3.0,-3.4,1,4899.25,4879.25,-1.0,4881.0,4877.75,4877.5,4880.5,7.0,3.25,1.5
2024-02-02,known,session_close,H,4950.0,6080279.0,6080280.0,6080598.0,28.0,27.6,1,4950.0,4929.0,1.0,4949.0,4951.25,4951.25,4979.25,319.0,1.25,46.5
2024-02-05,known,first_retest_no_body_cross,L,4942.75,6081651.0,,,0.0,0.0,0,4973.0,4942.75,-1.0,4945.0,4943.5,,,,,
2024-02-06,known,no_first_retest,,,,,,0.0,0.0,0,4978.25,4955.0,,,,,,,,
2024-02-07,known,closed_back_inside,H,5014.5,6084551.0,6084552.0,6084553.0,-4.0,-4.4,1,5014.5,4988.0,1.0,5007.75,5015.0,5015.0,5011.0,1.0,5.0,0.0
2024-02-08,known,first_retest_no_body_cross,L,5008.5,6085779.0,,,0.0,0.0,0,5016.0,5008.5,-1.0,5009.0,5011.0,,,,,
2024-02-09,known,first_retest_no_body_cross,H,5029.75,6087158.0,,,0.0,0.0,0,5029.75,5016.25,1.0,5029.0,5029.5,,,,,
2024-02-12,known,closed_back_inside,H,5045.75,6088524.0,6088525.0,6088529.0,-0.75,-1.15,1,5045.75,5041.25,1.0,5045.5,5046.75,5046.5,5045.75,4.0,1.25,0.5
2024-02-13,known,first_retest_no_body_cross,H,4982.0,6089911.0,,,0.0,0.0,0,4982.0,4961.75,1.0,4980.5,4981.5,,,,,
2024-02-14,known,closed_back_inside,L,4986.75,6091308.0,6091309.0,6091316.0,-3.75,-4.15,1,5009.0,4986.75,-1.0,4988.5,4984.25,4984.25,4988.0,7.0,4.25,3.75
2024-02-15,known,closed_back_inside,L,5018.5,6092690.0,6092691.0,6092692.0,-0.25,-0.65,1,5032.0,5018.5,-1.0,5022.0,5018.25,5018.25,5018.5,1.0,1.5,1.25
2024-02-16,known,closed_back_inside,H,5045.25,6094085.0,6094086.0,6094088.0,-0.75,-1.15,1,5045.25,5012.75,1.0,5043.5,5045.75,5045.75,5045.0,2.0,1.5,0.5
2024-02-20,known,first_retest_no_body_cross,L,4983.0,6096637.0,,,0.0,0.0,0,5009.25,4983.0,-1.0,4985.75,4983.5,,,,,
2024-02-21,known,closed_back_inside,H,4984.75,6097973.0,6097974.0,6097978.0,-1.0,-1.4,1,4984.75,4973.0,1.0,4983.75,4985.0,4985.0,4984.0,4.0,1.75,2.0
2024-02-22,known,first_retest_no_body_cross,H,5076.75,6099313.0,,,0.0,0.0,0,5076.75,5052.25,1.0,5075.5,5076.75,,,,,
2024-02-23,known,first_retest_no_body_cross,L,5112.75,6100703.0,,,0.0,0.0,0,5123.5,5112.75,-1.0,5113.25,5113.25,,,,,
2024-02-26,known,closed_back_inside,L,5097.75,6102089.0,6102090.0,6102092.0,-1.5,-1.9,1,5108.0,5097.75,-1.0,5098.25,5096.75,5097.0,5098.5,2.0,2.25,1.5
2024-02-27,known,first_retest_no_body_cross,L,5074.75,6103516.0,,,0.0,0.0,0,5087.0,5074.75,-1.0,5076.25,5075.75,,,,,
2024-02-28,known,closed_back_inside,H,5079.0,6104833.0,6104834.0,6104837.0,-1.0,-1.4,1,5079.0,5068.5,1.0,5078.25,5079.75,5079.75,5078.75,3.0,1.75,0.5
2024-02-29,known,closed_back_inside,L,5084.5,6106272.0,6106273.0,6106274.0,-1.0,-1.4,1,5105.5,5084.5,-1.0,5086.75,5084.25,5084.0,5085.0,1.0,1.5,0.25
2024-03-01,known,closed_back_inside,H,5120.25,6107602.0,6107603.0,6107606.0,-1.75,-2.15,1,5120.25,5101.25,1.0,5118.5,5120.75,5120.75,5119.0,3.0,2.5,1.25
2024-03-04,known,closed_back_inside,H,5141.75,6108963.0,6108964.0,6108965.0,-0.75,-1.15,1,5141.75,5135.25,1.0,5140.75,5142.0,5142.0,5141.25,1.0,0.75,0.25
2024-03-05,known,closed_back_inside,L,5095.0,6110397.0,6110398.0,6110401.0,-1.75,-2.15,1,5121.5,5095.0,-1.0,5095.75,5094.0,5094.25,5096.0,3.0,2.25,1.75
2024-03-06,known,first_retest_no_body_cross,H,5122.25,6111753.0,,,0.0,0.0,0,5122.25,5097.75,1.0,5119.75,5122.0,,,,,
2024-03-07,known,first_retest_no_body_cross,H,5153.5,6113106.0,,,0.0,0.0,0,5153.5,5133.25,1.0,5152.0,5152.75,,,,,
2024-03-08,known,first_retest_no_body_cross,L,5163.25,6114535.0,,,0.0,0.0,0,5193.0,5163.25,-1.0,5165.0,5163.25,,,,,
2024-03-11,known,closed_back_inside,H,5182.5,6115992.0,6115993.0,6115995.0,-1.0,-1.4,1,5182.5,5157.0,1.0,5180.75,5183.5,5183.25,5182.25,2.0,1.75,0.25
2024-03-12,known,first_retest_no_body_cross,H,5223.5,6117357.0,,,0.0,0.0,0,5223.5,5180.0,1.0,5223.0,5223.0,,,,,
2024-03-13,known,closed_back_inside,H,5243.5,6118773.0,6118774.0,6118775.0,-1.25,-1.65,1,5243.5,5228.75,1.0,5242.75,5244.0,5244.0,5242.75,1.0,1.75,0.5
2024-03-14,known,closed_back_inside,L,5203.0,6120161.0,6120162.0,6120167.0,-4.25,-4.65,1,5241.5,5203.0,-1.0,5203.25,5201.5,5201.5,5205.75,5.0,4.25,1.75
2024-03-15,known,closed_back_inside,H,5198.25,6121390.0,6121391.0,6121393.0,-2.25,-2.65,1,5198.25,5172.75,1.0,5197.0,5199.5,5199.5,5197.25,2.0,2.5,2.25
2024-03-18,known,closed_back_inside,L,5222.5,6122892.0,6122893.0,6122911.0,-0.75,-1.15,1,5240.25,5222.5,-1.0,5224.5,5222.0,5222.0,5222.75,18.0,1.5,3.0
2024-03-19,known,first_retest_no_body_cross,H,5206.0,6124142.0,,,0.0,0.0,0,5206.0,5195.25,1.0,5205.25,5205.75,,,,,
2024-03-20,known,first_retest_no_body_cross,L,5235.25,6125697.0,,,0.0,0.0,0,5247.5,5235.25,-1.0,5235.5,5235.25,,,,,
2024-03-21,known,first_retest_no_body_cross,H,5321.5,6126986.0,,,0.0,0.0,0,5321.5,5308.5,1.0,5320.5,5320.75,,,,,
2024-03-22,known,first_retest_no_body_cross,L,5294.0,6128275.0,,,0.0,0.0,0,5304.75,5294.0,-1.0,5294.75,5294.25,,,,,
2024-03-25,known,first_retest_no_body_cross,H,5287.5,6129868.0,,,0.0,0.0,0,5287.5,5274.25,1.0,5287.25,5286.75,,,,,
2024-03-26,known,closed_back_inside,L,5286.25,6131028.0,6131029.0,6131030.0,-1.25,-1.65,1,5294.5,5286.25,-1.0,5287.75,5286.0,5285.75,5287.0,1.0,2.0,0.25
2024-03-27,known,closed_back_inside,L,5272.75,6132426.0,6132427.0,6132428.0,-0.75,-1.15,1,5294.0,5272.75,-1.0,5274.25,5272.25,5272.25,5273.0,1.0,1.0,0.25
2024-03-28,known,first_retest_no_body_cross,H,5315.0,6133835.0,,,0.0,0.0,0,5315.0,5305.0,1.0,5314.0,5314.25,,,,,
2024-04-01,known,first_retest_no_body_cross,L,5301.5,6135169.0,,,0.0,0.0,0,5317.25,5301.5,-1.0,5302.5,5301.5,,,,,
2024-04-02,known,closed_back_inside,H,5255.25,6136821.0,6136822.0,6136824.0,-1.0,-1.4,1,5255.25,5235.0,1.0,5252.75,5256.25,5256.25,5255.25,2.0,1.5,0.5
2024-04-03,known,first_retest_no_body_cross,H,5277.25,6137928.0,,,0.0,0.0,0,5277.25,5247.0,1.0,5276.75,5275.75,,,,,
2024-04-04,known,closed_back_inside,L,5294.25,6139347.0,6139348.0,6139349.0,-1.0,-1.4,1,5307.0,5294.25,-1.0,5295.75,5293.25,5293.25,5294.25,1.0,1.5,0.5
2024-04-05,known,closed_back_inside,H,5231.25,6140700.0,6140701.0,6140702.0,-1.25,-1.65,1,5231.25,5206.75,1.0,5228.75,5231.5,5231.5,5230.25,1.0,1.75,0.5
2024-04-08,known,first_retest_no_body_cross,H,5262.75,6142124.0,,,0.0,0.0,0,5262.75,5246.5,1.0,5261.75,5262.25,,,,,
2024-04-09,known,first_retest_no_body_cross,L,5240.0,6143548.0,,,0.0,0.0,0,5274.25,5240.0,-1.0,5241.75,5240.0,,,,,
2024-04-10,known,first_retest_no_body_cross,H,5216.25,6144823.0,,,0.0,0.0,0,5216.25,5191.0,1.0,5211.5,5215.5,,,,,
2024-04-11,known,session_close,H,5220.5,6146355.0,6146356.0,6146530.0,19.0,18.6,1,5220.5,5181.75,1.0,5219.25,5223.75,5223.5,5242.5,175.0,1.0,34.0
2024-04-12,known,first_retest_no_body_cross,L,5195.5,6147583.0,,,0.0,0.0,0,5218.75,5195.5,-1.0,5198.25,5195.75,,,,,
2024-04-15,known,closed_back_inside,L,5179.0,6148966.0,6148967.0,6148970.0,-2.0,-2.4,1,5213.0,5179.0,-1.0,5185.25,5178.75,5178.75,5180.75,3.0,2.75,4.75
2024-04-16,known,first_retest_no_body_cross,L,5087.0,6150342.0,,,0.0,0.0,0,5110.5,5087.0,-1.0,5088.75,5089.25,,,,,
2024-04-17,known,closed_back_inside,L,5090.75,6151740.0,6151741.0,6151751.0,-5.25,-5.65,1,5119.0,5090.75,-1.0,5095.5,5087.75,5087.5,5092.75,10.0,6.75,9.5
2024-04-18,known,closed_back_inside,H,5076.25,6153225.0,6153226.0,6153228.0,-2.5,-2.9,1,5076.25,5050.75,1.0,5073.5,5078.25,5078.0,5075.5,2.0,2.5,1.25
2024-04-19,known,first_retest_no_body_cross,L,5028.5,6154487.0,,,0.0,0.0,0,5058.0,5028.5,-1.0,5030.25,5029.0,,,,,
2024-04-22,known,first_retest_no_body_cross,L,5014.0,6155881.0,,,0.0,0.0,0,5034.25,5014.0,-1.0,5016.0,5014.5,,,,,
2024-04-23,known,first_retest_no_body_cross,H,5096.0,6157274.0,,,0.0,0.0,0,5096.0,5063.75,1.0,5095.0,5094.75,,,,,
2024-04-24,known,first_retest_no_body_cross,L,5110.0,6158622.0,,,0.0,0.0,0,5124.75,5110.0,-1.0,5112.5,5111.75,,,,,
2024-04-25,known,first_retest_no_body_cross,H,5045.0,6159999.0,,,0.0,0.0,0,5045.0,5022.25,1.0,5043.75,5044.5,,,,,
2024-04-26,known,closed_back_inside,H,5138.25,6161409.0,6161410.0,6161415.0,-1.25,-1.65,1,5138.25,5104.5,1.0,5136.5,5138.75,5138.75,5137.5,5.0,3.25,4.75
2024-04-29,known,first_retest_no_body_cross,L,5136.75,6162823.0,,,0.0,0.0,0,5154.25,5136.75,-1.0,5138.0,5137.5,,,,,
2024-04-30,known,first_retest_no_body_cross,L,5127.25,6164138.0,,,0.0,0.0,0,5141.25,5127.25,-1.0,5128.0,5128.5,,,,,
2024-05-01,known,first_retest_no_body_cross,L,5044.5,6165565.0,,,0.0,0.0,0,5062.25,5044.5,-1.0,5046.25,5045.5,,,,,
2024-05-02,known,first_retest_no_body_cross,H,5088.75,6167117.0,,,0.0,0.0,0,5088.75,5036.25,1.0,5086.5,5085.75,,,,,
2024-05-03,known,first_retest_no_body_cross,L,5127.75,6168315.0,,,0.0,0.0,0,5166.75,5127.75,-1.0,5133.5,5129.5,,,,,
2024-05-06,known,first_retest_no_body_cross,H,5187.0,6169666.0,,,0.0,0.0,0,5187.0,5174.0,1.0,5186.25,5186.5,,,,,
2024-05-07,known,closed_back_inside,H,5220.25,6171060.0,6171061.0,6171100.0,-2.0,-2.4,1,5220.25,5210.5,1.0,5219.25,5220.75,5220.75,5218.75,39.0,2.0,3.25
2024-05-08,known,first_retest_no_body_cross,H,5211.25,6172427.0,,,0.0,0.0,0,5211.25,5191.25,1.0,5210.25,5211.25,,,,,
2024-05-09,known,first_retest_no_body_cross,H,5221.5,6173796.0,,,0.0,0.0,0,5221.5,5204.25,1.0,5220.75,5221.5,,,,,
2024-05-10,known,first_retest_no_body_cross,L,5243.25,6175179.0,,,0.0,0.0,0,5264.0,5243.25,-1.0,5244.5,5244.5,,,,,
2024-05-13,known,first_retest_no_body_cross,L,5247.25,6176584.0,,,0.0,0.0,0,5263.25,5247.25,-1.0,5249.75,5247.25,,,,,
2024-05-14,known,first_retest_no_body_cross,L,5244.5,6177938.0,,,0.0,0.0,0,5260.0,5244.5,-1.0,5247.0,5246.0,,,,,
2024-05-15,known,first_retest_no_body_cross,H,5303.25,6179311.0,,,0.0,0.0,0,5303.25,5286.75,1.0,5303.0,5303.0,,,,,
2024-05-16,known,first_retest_no_body_cross,H,5341.5,6180698.0,,,0.0,0.0,0,5341.5,5328.25,1.0,5340.75,5340.75,,,,,
2024-05-17,known,first_retest_no_body_cross,H,5324.5,6182068.0,,,0.0,0.0,0,5324.5,5315.75,1.0,5323.5,5324.0,,,,,
2024-05-20,known,first_retest_no_body_cross,H,5346.25,6183455.0,,,0.0,0.0,0,5346.25,5326.75,1.0,5344.75,5346.0,,,,,
2024-05-21,known,closed_back_inside,H,5332.0,6184919.0,6184920.0,6184947.0,-1.0,-1.4,1,5332.0,5322.5,1.0,5330.25,5332.25,5332.5,5331.5,27.0,1.25,2.5
2024-05-22,known,closed_back_inside,H,5344.0,6186226.0,6186227.0,6186228.0,-0.5,-0.9,1,5344.0,5337.25,1.0,5343.75,5344.5,5344.5,5344.0,1.0,1.0,0.5
2024-05-23,known,closed_back_inside,L,5322.25,6187595.0,6187596.0,6187602.0,-3.5,-3.9,1,5358.25,5322.25,-1.0,5322.75,5320.0,5319.75,5323.25,6.0,3.5,3.0
2024-05-24,known,closed_back_inside,H,5313.5,6188974.0,6188975.0,6189223.0,-0.75,-1.15,1,5313.5,5294.75,1.0,5313.0,5313.75,5314.0,5313.25,248.0,4.75,15.25
2024-05-28,known,closed_back_inside,L,5316.0,6191668.0,6191669.0,6191683.0,-3.25,-3.65,1,5331.25,5316.0,-1.0,5317.0,5314.0,5313.75,5317.0,14.0,3.5,2.75
2024-05-29,known,first_retest_no_body_cross,H,5294.75,6192851.0,,,0.0,0.0,0,5294.75,5278.75,1.0,5293.75,5293.75,,,,,
2024-05-30,known,first_retest_no_body_cross,L,5258.0,6194236.0,,,0.0,0.0,0,5274.25,5258.0,-1.0,5258.25,5258.0,,,,,
2024-05-31,known,first_retest_no_body_cross,L,5230.25,6195636.0,,,0.0,0.0,0,5270.25,5230.25,-1.0,5232.0,5230.5,,,,,
2024-06-03,known,first_retest_no_body_cross,L,5295.0,6196992.0,,,0.0,0.0,0,5313.25,5295.0,-1.0,5298.75,5295.75,,,,,
2024-06-04,known,closed_back_inside,L,5277.75,6198403.0,6198404.0,6198405.0,-1.75,-2.15,1,5298.0,5277.75,-1.0,5279.5,5276.75,5276.75,5278.5,1.0,1.75,0.5
2024-06-05,known,closed_back_inside,H,5328.0,6199751.0,6199752.0,6199754.0,-0.75,-1.15,1,5328.0,5306.5,1.0,5327.0,5328.5,5328.5,5327.75,2.0,1.25,2.0
2024-06-06,known,first_retest_no_body_cross,L,5362.25,6201157.0,,,0.0,0.0,0,5373.25,5362.25,-1.0,5362.75,5364.5,,,,,
2024-06-07,known,first_retest_no_body_cross,H,5364.0,6202505.0,,,0.0,0.0,0,5364.0,5341.0,1.0,5362.25,5363.25,,,,,
2024-06-10,known,closed_back_inside,H,5351.75,6203883.0,6203884.0,6203886.0,-0.25,-0.65,1,5351.75,5341.0,1.0,5350.5,5352.0,5352.25,5352.0,2.0,0.75,0.5
2024-06-11,known,first_retest_no_body_cross,H,5355.75,6205268.0,,,0.0,0.0,0,5355.75,5334.5,1.0,5354.0,5355.75,,,,,
2024-06-12,known,next_open_back_inside,H,5453.25,6206634.0,,,0.0,0.0,0,5453.25,5426.0,1.0,5452.25,5453.5,,,,,
2024-06-13,known,first_retest_no_body_cross,L,5417.0,6208040.0,,,0.0,0.0,0,5444.75,5417.0,-1.0,5418.25,5419.25,,,,,
2024-06-14,known,first_retest_no_body_cross,L,5409.25,6209392.0,,,0.0,0.0,0,5426.25,5409.25,-1.0,5411.75,5410.25,,,,,
2024-06-17,known,first_retest_no_body_cross,H,5503.0,6210780.0,,,0.0,0.0,0,5503.0,5489.75,1.0,5502.5,5503.0,,,,,
2024-06-18,known,first_retest_no_body_cross,L,5547.0,6212153.0,,,0.0,0.0,0,5558.75,5547.0,-1.0,5547.75,5547.25,,,,,
2024-06-20,known,closed_back_inside,L,5559.0,6214714.0,6214715.0,6214716.0,-2.5,-2.9,1,5576.75,5559.0,-1.0,5561.0,5558.25,5558.25,5560.75,1.0,2.75,0.0
2024-06-21,known,first_retest_no_body_cross,H,5538.0,6216043.0,,,0.0,0.0,0,5538.0,5519.0,1.0,5536.0,5537.5,,,,,
2024-06-24,known,first_retest_no_body_cross,L,5525.75,6217574.0,,,0.0,0.0,0,5558.5,5525.75,-1.0,5528.25,5526.0,,,,,
2024-06-25,known,first_retest_no_body_cross,H,5529.0,6218773.0,,,0.0,0.0,0,5529.0,5517.5,1.0,5527.75,5529.0,,,,,
2024-06-26,known,closed_back_inside,L,5518.0,6220192.0,6220193.0,6220194.0,-1.5,-1.9,1,5534.5,5518.0,-1.0,5521.5,5517.5,5517.25,5518.75,1.0,2.25,0.25
2024-06-27,known,closed_back_inside,L,5536.5,6221589.0,6221590.0,6221591.0,-3.0,-3.4,1,5555.0,5536.5,-1.0,5539.75,5534.75,5534.5,5537.5,1.0,3.5,0.25
2024-06-28,known,first_retest_no_body_cross,L,5547.75,6223011.0,,,0.0,0.0,0,5585.0,5547.75,-1.0,5550.0,5548.5,,,,,
2024-07-01,known,first_retest_no_body_cross,L,5505.5,6224316.0,,,0.0,0.0,0,5539.25,5505.5,-1.0,5506.75,5509.0,,,,,
2024-07-02,known,first_retest_no_body_cross,H,5536.25,6225678.0,,,0.0,0.0,0,5536.25,5515.0,1.0,5534.5,5535.5,,,,,
2024-07-03,known,closed_back_inside,H,5580.0,6227096.0,6227097.0,6227098.0,-1.0,-1.4,1,5580.0,5563.75,1.0,5579.25,5580.5,5580.75,5579.75,1.0,1.75,0.0
2024-07-05,known,first_retest_no_body_cross,H,5602.75,6229351.0,,,0.0,0.0,0,5602.75,5585.5,1.0,5602.25,5600.25,,,,,
2024-07-08,known,first_retest_no_body_cross,L,5626.5,6230717.0,,,0.0,0.0,0,5637.5,5626.5,-1.0,5627.75,5626.75,,,,,
2024-07-09,known,first_retest_no_body_cross,H,5642.75,6232106.0,,,0.0,0.0,0,5642.75,5630.0,1.0,5641.25,5642.25,,,,,
2024-07-10,known,first_retest_no_body_cross,L,5640.5,6233496.0,,,0.0,0.0,0,5650.25,5640.5,-1.0,5642.0,5641.25,,,,,
2024-07-11,known,first_retest_no_body_cross,L,5665.0,6234853.0,,,0.0,0.0,0,5695.75,5665.0,-1.0,5666.25,5665.75,,,,,
2024-07-12,known,closed_back_inside,H,5669.0,6236543.0,6236544.0,6236546.0,-6.75,-7.15,1,5669.0,5642.5,1.0,5667.25,5674.25,5674.25,5667.5,2.0,7.25,0.25
2024-07-15,known,closed_back_inside,H,5698.0,6237711.0,6237712.0,6237714.0,-2.0,-2.4,1,5698.0,5683.25,1.0,5697.0,5699.25,5699.25,5697.25,2.0,2.5,1.25
2024-07-16,known,first_retest_no_body_cross,H,5705.75,6238999.0,,,0.0,0.0,0,5705.75,5690.25,1.0,5705.5,5705.25,,,,,
2024-07-17,known,first_retest_no_body_cross,L,5646.25,6240413.0,,,0.0,0.0,0,5672.75,5646.25,-1.0,5647.5,5646.25,,,,,
2024-07-18,known,first_retest_no_body_cross,L,5643.25,6241739.0,,,0.0,0.0,0,5661.75,5643.25,-1.0,5645.5,5643.25,,,,,
2024-07-19,unknown,opening_hour_incomplete,,,,,,,,0,,,,,,,,,,
2024-07-22,known,first_retest_no_body_cross,H,5607.75,6244506.0,,,0.0,0.0,0,5607.75,5576.5,1.0,5605.75,5604.75,,,,,
2024-07-23,known,first_retest_no_body_cross,H,5626.5,6245913.0,,,0.0,0.0,0,5626.5,5603.5,1.0,5625.75,5626.5,,,,,
2024-07-24,known,first_retest_no_body_cross,L,5513.25,6247257.0,,,0.0,0.0,0,5551.75,5513.25,-1.0,5514.0,5514.25,,,,,
2024-07-25,unknown,gap_before_first_retest,,,,,,,,0,5474.25,5432.5,,,,,,,,
2024-07-26,known,closed_back_inside,H,5501.75,6250091.0,6250092.0,6250192.0,-3.25,-3.65,1,5501.75,5470.0,1.0,5500.75,5504.0,5504.0,5500.75,100.0,5.5,24.25
2024-07-29,known,closed_back_inside,L,5501.5,6251384.0,6251385.0,6251390.0,-0.75,-1.15,1,5525.0,5501.5,-1.0,5503.75,5500.75,5500.75,5501.5,5.0,1.75,2.0
2024-07-30,known,no_first_retest,,,,,,0.0,0.0,0,5527.5,5501.75,,,,,,,,
2024-07-31,known,first_retest_no_body_cross,H,5559.25,6254169.0,,,0.0,0.0,0,5559.25,5528.75,1.0,5557.0,5558.5,,,,,
2024-08-01,known,no_first_retest,,,,,,0.0,0.0,0,5600.75,5549.75,,,,,,,,
2024-08-02,known,first_retest_no_body_cross,L,5342.0,6256908.0,,,0.0,0.0,0,5417.25,5342.0,-1.0,5343.5,5344.25,,,,,
2024-08-05,unknown,gap_before_first_retest,,,,,,,,0,5254.5,5146.0,,,,,,,,
2024-08-06,known,first_retest_no_body_cross,H,5286.75,6259658.0,,,0.0,0.0,0,5286.75,5221.75,1.0,5279.5,5286.75,,,,,
2024-08-07,known,closed_back_inside,L,5323.25,6261106.0,6261107.0,6261115.0,-6.0,-6.4,1,5359.25,5323.25,-1.0,5324.75,5318.75,5318.75,5324.75,8.0,6.75,5.75
2024-08-08,known,first_retest_no_body_cross,H,5322.75,6262417.0,,,0.0,0.0,0,5322.75,5259.75,1.0,5319.5,5322.5,,,,,
2024-08-09,known,first_retest_no_body_cross,H,5357.75,6263816.0,,,0.0,0.0,0,5357.75,5324.75,1.0,5354.0,5356.5,,,,,
2024-08-12,known,first_retest_no_body_cross,H,5386.5,6265176.0,,,0.0,0.0,0,5386.5,5347.75,1.0,5385.5,5385.0,,,,,
2024-08-13,known,first_retest_no_body_cross,L,5401.5,6266554.0,,,0.0,0.0,0,5423.0,5401.5,-1.0,5405.25,5405.0,,,,,
2024-08-14,known,closed_back_inside,L,5446.0,6267934.0,6267935.0,6267939.0,-2.25,-2.65,1,5470.25,5446.0,-1.0,5447.75,5444.5,5444.25,5446.5,4.0,4.25,5.5
2024-08-15,known,first_retest_no_body_cross,H,5544.75,6269313.0,,,0.0,0.0,0,5544.75,5526.25,1.0,5543.5,5544.25,,,,,
2024-08-16,known,session_close,H,5571.75,6270791.0,6270792.0,6271020.0,5.5,5.1,1,5571.75,5547.5,1.0,5570.75,5572.5,5572.5,5578.0,229.0,1.25,13.75
2024-08-19,known,first_retest_no_body_cross,H,5592.0,6272072.0,,,0.0,0.0,0,5592.0,5573.5,1.0,5589.5,5590.75,,,,,
2024-08-20,known,first_retest_no_body_cross,L,5622.75,6273450.0,,,0.0,0.0,0,5643.75,5622.75,-1.0,5624.75,5624.0,,,,,
2024-08-21,known,closed_back_inside,H,5642.75,6274835.0,6274836.0,6274849.0,-7.0,-7.4,1,5642.75,5623.5,1.0,5635.75,5647.25,5647.0,5640.0,13.0,7.0,8.25
2024-08-22,known,first_retest_no_body_cross,L,5637.75,6276225.0,,,0.0,0.0,0,5665.25,5637.75,-1.0,5638.25,5638.0,,,,,
2024-08-23,known,closed_back_inside,L,5618.75,6277606.0,6277607.0,6277608.0,-5.5,-5.9,1,5662.25,5618.75,-1.0,5633.0,5617.0,5617.0,5622.5,1.0,7.25,0.75
2024-08-26,known,closed_back_inside,L,5644.75,6278969.0,6278970.0,6279104.0,-1.0,-1.4,1,5669.0,5644.75,-1.0,5648.5,5644.0,5644.0,5645.0,134.0,2.0,17.5
2024-08-27,known,first_retest_no_body_cross,H,5640.0,6280404.0,,,0.0,0.0,0,5640.0,5611.5,1.0,5639.25,5638.25,,,,,
2024-08-28,known,first_retest_no_body_cross,L,5631.75,6281739.0,,,0.0,0.0,0,5644.5,5631.75,-1.0,5635.0,5634.25,,,,,
2024-08-29,known,closed_back_inside,H,5646.75,6283108.0,6283109.0,6283111.0,-2.25,-2.65,1,5646.75,5620.5,1.0,5645.25,5647.5,5647.5,5645.25,2.0,3.25,2.75
2024-08-30,known,closed_back_inside,L,5627.25,6284514.0,6284515.0,6284522.0,-2.75,-3.15,1,5646.0,5627.25,-1.0,5631.75,5624.5,5624.5,5627.25,7.0,3.75,6.25
2024-09-03,known,closed_back_inside,L,5584.75,6287003.0,6287004.0,6287006.0,-2.25,-2.65,1,5630.0,5584.75,-1.0,5589.0,5583.25,5583.25,5585.5,2.0,3.75,1.75
2024-09-04,known,first_retest_no_body_cross,H,5549.0,6288385.0,,,0.0,0.0,0,5549.0,5520.75,1.0,5546.5,5548.75,,,,,
2024-09-05,known,first_retest_no_body_cross,L,5525.5,6289782.0,,,0.0,0.0,0,5557.25,5525.5,-1.0,5528.5,5526.75,,,,,
2024-09-06,known,no_first_retest,,,,,,0.0,0.0,0,5532.5,5462.5,,,,,,,,
2024-09-09,known,first_retest_no_body_cross,L,5456.75,6292525.0,,,0.0,0.0,0,5479.75,5456.75,-1.0,5459.25,5456.75,,,,,
2024-09-10,known,closed_back_inside,L,5470.25,6293982.0,6293983.0,6294046.0,-3.5,-3.9,1,5501.25,5470.25,-1.0,5474.25,5467.0,5466.75,5470.25,63.0,4.5,18.5
2024-09-11,known,first_retest_no_body_cross,H,5501.5,6295439.0,,,0.0,0.0,0,5501.5,5424.5,1.0,5498.5,5501.0,,,,,
2024-09-12,known,closed_back_inside,H,5572.75,6296666.0,6296667.0,6296668.0,-12.75,-13.15,1,5572.75,5540.25,1.0,5571.75,5574.0,5574.25,5561.5,1.0,18.25,0.0
2024-09-13,known,closed_back_inside,H,5634.75,6298056.0,6298057.0,6298058.0,-1.0,-1.4,1,5634.75,5605.0,1.0,5633.5,5635.0,5635.0,5634.0,1.0,1.5,0.75
2024-09-16,known,first_retest_no_body_cross,L,5679.0,6299415.0,,,0.0,0.0,0,5700.5,5679.0,-1.0,5679.5,5679.0,,,,,
2024-09-17,known,closed_back_inside,H,5733.5,6300808.0,6300809.0,6300815.0,-2.25,-2.65,1,5733.5,5711.25,1.0,5730.5,5735.0,5735.0,5732.75,6.0,2.5,2.0
2024-09-18,known,first_retest_no_body_cross,L,5690.75,6302243.0,,,0.0,0.0,0,5709.25,5690.75,-1.0,5691.75,5690.75,,,,,
2024-09-19,known,closed_back_inside,H,5782.0,6303561.0,6303562.0,6303563.0,-4.75,-5.15,1,5782.0,5748.25,1.0,5781.5,5783.75,5783.5,5778.75,1.0,6.0,0.5
2024-09-20,known,first_retest_no_body_cross,L,5745.5,6304954.0,,,0.0,0.0,0,5767.25,5745.5,-1.0,5748.0,5745.5,,,,,
2024-09-23,known,first_retest_no_body_cross,L,5763.5,6306444.0,,,0.0,0.0,0,5784.5,5763.5,-1.0,5767.0,5766.5,,,,,
2024-09-24,known,first_retest_no_body_cross,L,5756.25,6307696.0,,,0.0,0.0,0,5785.25,5756.25,-1.0,5757.75,5756.75,,,,,
2024-09-25,known,first_retest_no_body_cross,L,5788.0,6309086.0,,,0.0,0.0,0,5798.75,5788.0,-1.0,5789.5,5788.25,,,,,
2024-09-26,known,first_retest_no_body_cross,L,5804.0,6310448.0,,,0.0,0.0,0,5827.25,5804.0,-1.0,5805.75,5805.25,,,,,
2024-09-27,known,first_retest_no_body_cross,L,5805.0,6311907.0,,,0.0,0.0,0,5821.5,5805.0,-1.0,5806.25,5805.0,,,,,
2024-09-30,known,first_retest_no_body_cross,H,5791.0,6313213.0,,,0.0,0.0,0,5791.0,5778.5,1.0,5789.75,5789.25,,,,,
2024-10-01,known,closed_back_inside,L,5741.0,6314588.0,6314589.0,6314590.0,-3.5,-3.9,1,5809.5,5741.0,-1.0,5742.0,5740.75,5740.5,5744.0,1.0,3.75,1.0
2024-10-02,known,first_retest_no_body_cross,H,5761.5,6315971.0,,,0.0,0.0,0,5761.5,5724.0,1.0,5759.5,5757.5,,,,,
2024-10-03,known,closed_back_inside,L,5739.0,6317359.0,6317360.0,6317362.0,-2.0,-2.4,1,5770.0,5739.0,-1.0,5743.0,5737.5,5737.5,5739.5,2.0,2.75,2.75
2024-10-04,known,first_retest_no_body_cross,L,5752.75,6318728.0,,,0.0,0.0,0,5797.5,5752.75,-1.0,5754.5,5756.25,,,,,
2024-10-07,known,first_retest_no_body_cross,L,5774.0,6320207.0,,,0.0,0.0,0,5788.75,5774.0,-1.0,5775.75,5774.75,,,,,
2024-10-08,known,closed_back_inside,H,5782.75,6321499.0,6321500.0,6321643.0,-11.5,-11.9,1,5782.75,5763.75,1.0,5780.0,5792.25,5792.5,5781.0,143.0,12.75,2.5
2024-10-09,known,first_retest_no_body_cross,H,5813.25,6322887.0,,,0.0,0.0,0,5813.25,5793.75,1.0,5813.0,5813.25,,,,,
2024-10-10,known,first_retest_no_body_cross,H,5834.0,6324331.0,,,0.0,0.0,0,5834.0,5812.75,1.0,5833.25,5834.0,,,,,
2024-10-11,known,first_retest_no_body_cross,H,5866.25,6325904.0,,,0.0,0.0,0,5866.25,5823.25,1.0,5863.5,5865.0,,,,,
2024-10-14,known,closed_back_inside,H,5901.75,6327006.0,6327007.0,6327020.0,-0.25,-0.65,1,5901.75,5873.0,1.0,5901.25,5902.0,5902.0,5901.75,13.0,1.25,1.75
2024-10-15,known,no_first_retest,,,,,,0.0,0.0,0,5914.0,5897.0,,,,,,,,
2024-10-16,known,first_retest_no_body_cross,H,5875.5,6329904.0,,,0.0,0.0,0,5875.5,5853.25,1.0,5875.0,5874.25,,,,,
2024-10-17,known,closed_back_inside,L,5891.25,6331173.0,6331174.0,6331178.0,-2.0,-2.4,1,5925.0,5891.25,-1.0,5892.5,5890.0,5890.25,5892.25,4.0,2.0,3.75
2024-10-18,known,first_retest_no_body_cross,H,5903.25,6332579.0,,,0.0,0.0,0,5903.25,5886.5,1.0,5901.25,5903.25,,,,,
2024-10-21,known,no_first_retest,,,,,,0.0,0.0,0,5908.5,5897.5,,,,,,,,
2024-10-22,known,first_retest_no_body_cross,H,5881.0,6335314.0,,,0.0,0.0,0,5881.0,5862.25,1.0,5880.25,5878.5,,,,,
2024-10-23,known,first_retest_no_body_cross,L,5858.0,6336699.0,,,0.0,0.0,0,5874.75,5858.0,-1.0,5860.25,5858.5,,,,,
2024-10-24,known,first_retest_no_body_cross,L,5842.75,6338059.0,,,0.0,0.0,0,5857.75,5842.75,-1.0,5845.75,5843.25,,,,,
2024-10-25,known,session_close,L,5870.0,6339581.0,6339582.0,6339747.0,22.0,21.6,1,5900.75,5870.0,-1.0,5872.0,5867.25,5867.25,5845.25,166.0,1.5,32.25
2024-10-28,known,first_retest_no_body_cross,L,5866.5,6340860.0,,,0.0,0.0,0,5880.75,5866.5,-1.0,5869.75,5866.75,,,,,
2024-10-29,known,first_retest_no_body_cross,H,5872.25,6342268.0,,,0.0,0.0,0,5872.25,5837.5,1.0,5867.5,5872.25,,,,,
2024-10-30,known,first_retest_no_body_cross,H,5882.5,6343565.0,,,0.0,0.0,0,5882.5,5845.5,1.0,5879.25,5881.75,,,,,
2024-10-31,known,first_retest_no_body_cross,L,5768.0,6344952.0,,,0.0,0.0,0,5807.25,5768.0,-1.0,5769.25,5768.5,,,,,
2024-11-01,known,closed_back_inside,L,5755.5,6346638.0,6346639.0,6346643.0,-6.0,-6.4,1,5803.25,5755.5,-1.0,5760.25,5754.0,5753.75,5759.75,4.0,6.75,1.25
2024-11-04,known,closed_back_inside,L,5738.5,6347771.0,6347772.0,6347773.0,-2.75,-3.15,1,5771.5,5738.5,-1.0,5743.75,5737.75,5737.75,5740.5,1.0,2.75,0.5
2024-11-05,known,first_retest_no_body_cross,H,5794.5,6349084.0,,,0.0,0.0,0,5794.5,5750.5,1.0,5793.75,5793.0,,,,,
2024-11-06,known,first_retest_no_body_cross,H,5941.25,6350594.0,,,0.0,0.0,0,5941.25,5900.75,1.0,5939.75,5940.5,,,,,
2024-11-07,known,first_retest_no_body_cross,H,5990.5,6351838.0,,,0.0,0.0,0,5990.5,5976.0,1.0,5989.5,5990.25,,,,,
2024-11-08,known,first_retest_no_body_cross,H,6018.75,6353219.0,,,0.0,0.0,0,6018.75,6004.5,1.0,6018.0,6018.5,,,,,
2024-11-11,known,first_retest_no_body_cross,L,6029.0,6354728.0,,,0.0,0.0,0,6045.25,6029.0,-1.0,6031.0,6029.0,,,,,
2024-11-12,known,closed_back_inside,L,6021.25,6355991.0,6355992.0,6355994.0,-2.5,-2.9,1,6036.5,6021.25,-1.0,6021.75,6019.0,6019.0,6021.5,2.0,3.0,0.75
2024-11-13,known,first_retest_no_body_cross,H,6019.75,6357407.0,,,0.0,0.0,0,6019.75,5991.75,1.0,6017.5,6017.0,,,,,
2024-11-14,known,first_retest_no_body_cross,L,5992.75,6358841.0,,,0.0,0.0,0,6020.5,5992.75,-1.0,5996.75,5993.25,,,,,
2024-11-15,known,first_retest_no_body_cross,L,5906.0,6360118.0,,,0.0,0.0,0,5941.75,5906.0,-1.0,5907.5,5907.0,,,,,
2024-11-18,known,closed_back_inside,H,5912.0,6361696.0,6361697.0,6361700.0,-2.0,-2.4,1,5912.0,5891.25,1.0,5911.0,5912.5,5912.75,5910.75,3.0,2.5,1.0
2024-11-19,known,no_first_retest,,,,,,0.0,0.0,0,5901.0,5876.25,,,,,,,,
2024-11-20,known,closed_back_inside,H,5940.25,6364576.0,6364577.0,6364578.0,-3.0,-3.4,1,5940.25,5880.0,1.0,5937.0,5940.5,5940.5,5937.5,1.0,3.25,0.25
2024-11-21,known,session_close,H,5969.5,6365769.0,6365770.0,6365965.0,-1.0,-1.4,1,5969.5,5908.25,1.0,5968.0,5971.25,5971.25,5970.25,196.0,2.0,13.75
2024-11-22,known,first_retest_no_body_cross,H,5993.25,6367177.0,,,0.0,0.0,0,5993.25,5962.75,1.0,5990.0,5992.0,,,,,
2024-11-25,known,first_retest_no_body_cross,L,6006.0,6368461.0,,,0.0,0.0,0,6040.0,6006.0,-1.0,6007.75,6006.5,,,,,
2024-11-26,known,closed_back_inside,H,6027.0,6369835.0,6369836.0,6369838.0,-0.75,-1.15,1,6027.0,6011.25,1.0,6026.0,6027.25,6027.5,6026.75,2.0,1.5,0.5
2024-11-27,known,first_retest_no_body_cross,L,6020.5,6371160.0,,,0.0,0.0,0,6037.0,6020.5,-1.0,6021.0,6021.0,,,,,
2024-11-29,known,closed_back_inside,H,6043.5,6373682.0,6373683.0,6373684.0,-0.5,-0.9,1,6043.5,6019.0,1.0,6043.0,6044.0,6044.0,6043.5,1.0,1.0,1.0
2024-12-02,known,first_retest_no_body_cross,H,6062.0,6374900.0,,,0.0,0.0,0,6062.0,6049.75,1.0,6060.5,6061.75,,,,,
2024-12-03,known,first_retest_no_body_cross,L,6048.75,6376225.0,,,0.0,0.0,0,6062.0,6048.75,-1.0,6050.5,6049.0,,,,,
2024-12-04,known,first_retest_no_body_cross,H,6085.5,6377594.0,,,0.0,0.0,0,6085.5,6072.5,1.0,6083.0,6085.5,,,,,
2024-12-05,known,first_retest_no_body_cross,L,6093.25,6378985.0,,,0.0,0.0,0,6104.75,6093.25,-1.0,6094.5,6093.25,,,,,
2024-12-06,known,first_retest_no_body_cross,L,6093.5,6380443.0,,,0.0,0.0,0,6111.0,6093.5,-1.0,6095.75,6094.0,,,,,
2024-12-09,known,closed_back_inside,L,6080.5,6381735.0,6381736.0,6381739.0,-0.5,-0.9,1,6097.75,6080.5,-1.0,6082.25,6079.75,6080.0,6080.5,3.0,0.75,2.75
2024-12-10,known,closed_back_inside,H,6073.25,6383109.0,6383110.0,6383111.0,-2.5,-2.9,1,6073.25,6061.0,1.0,6072.5,6073.75,6074.0,6071.5,1.0,3.0,0.0
2024-12-11,known,session_close,H,6090.25,6384539.0,6384540.0,6384813.0,2.0,1.6,1,6090.25,6072.5,1.0,6089.75,6090.75,6090.75,6092.75,274.0,1.0,11.75
2024-12-12,known,closed_back_inside,H,6082.75,6385862.0,6385863.0,6385865.0,-2.0,-2.4,1,6082.75,6067.5,1.0,6081.75,6084.0,6084.0,6082.0,2.0,2.5,0.0
2024-12-13,known,first_retest_no_body_cross,L,6062.75,6387244.0,,,0.0,0.0,0,6084.75,6062.75,-1.0,6063.25,6063.25,,,,,
2024-12-16,known,first_retest_no_body_cross,H,6152.0,6388615.0,,,0.0,0.0,0,6152.0,6136.5,1.0,6150.25,6151.5,,,,,
2024-12-17,known,closed_back_inside,H,6134.75,6390029.0,6390030.0,6390037.0,-2.5,-2.9,1,6134.75,6117.0,1.0,6132.5,6136.25,6136.5,6134.0,7.0,4.0,1.0
2024-12-18,known,closed_back_inside,H,6137.5,6391427.0,6391428.0,6391492.0,-1.75,-2.15,1,6137.5,6118.5,1.0,6135.75,6138.5,6138.75,6137.0,64.0,1.75,7.25
2024-12-19,known,closed_back_inside,L,5961.0,6392758.0,6392759.0,6392760.0,-1.25,-1.65,1,6005.25,5961.0,-1.0,5963.5,5959.75,5959.75,5961.0,1.0,3.75,2.75
2024-12-20,known,no_first_retest,,,,,,0.0,0.0,0,5960.75,5898.25,,,,,,,,
2024-12-23,known,closed_back_inside,H,6008.25,6395585.0,6395586.0,6395589.0,-2.25,-2.65,1,6008.25,5965.0,1.0,6005.25,6009.25,6009.25,6007.0,3.0,3.0,1.5
2024-12-24,known,session_close,H,6070.75,6396888.0,6396889.0,6397035.0,26.0,25.6,1,6070.75,6042.25,1.0,6069.75,6072.5,6072.5,6098.5,147.0,0.5,27.0
2024-12-26,known,first_retest_no_body_cross,H,6087.25,6398061.0,,,0.0,0.0,0,6087.25,6063.25,1.0,6086.5,6087.25,,,,,
2024-12-27,known,first_retest_no_body_cross,L,6003.75,6399430.0,,,0.0,0.0,0,6055.5,6003.75,-1.0,6006.5,6005.0,,,,,
2024-12-30,known,closed_back_inside,H,5955.75,6400848.0,6400849.0,6400852.0,-1.5,-1.9,1,5955.75,5918.25,1.0,5950.0,5957.25,5957.25,5955.75,3.0,2.0,2.0
2024-12-31,known,session_close,L,5954.75,6402213.0,6402214.0,6402509.0,17.25,16.85,1,5980.25,5954.75,-1.0,5957.25,5951.75,5952.0,5934.75,296.0,2.25,34.75
2025-01-02,known,closed_back_inside,L,5934.5,6403593.0,6403594.0,6403605.0,-5.5,-5.9,1,5985.0,5934.5,-1.0,5936.75,5931.5,5931.5,5937.0,11.0,8.75,7.5
2025-01-03,known,closed_back_inside,H,5965.75,6404973.0,6404974.0,6404976.0,-6.25,-6.65,1,5965.75,5934.0,1.0,5964.25,5967.5,5967.5,5961.25,2.0,6.75,1.25
2025-01-06,known,first_retest_no_body_cross,H,6060.75,6406343.0,,,0.0,0.0,0,6060.75,6028.75,1.0,6060.0,6060.75,,,,,
2025-01-07,known,closed_back_inside,L,5987.75,6407708.0,6407709.0,6407726.0,-5.0,-5.4,1,6045.5,5987.75,-1.0,5992.25,5985.0,5985.0,5990.0,17.0,6.0,15.5
2025-01-08,known,closed_back_inside,H,5954.0,6409146.0,6409147.0,6409174.0,-4.0,-4.4,1,5954.0,5925.5,1.0,5952.5,5956.0,5956.0,5952.0,27.0,4.0,9.25
2025-01-10,known,closed_back_inside,L,5852.0,6411456.0,6411457.0,6411458.0,-2.0,-2.4,1,5921.75,5852.0,-1.0,5857.75,5851.25,5851.25,5853.25,1.0,2.25,3.25
2025-01-13,known,closed_back_inside,H,5846.25,6412783.0,6412784.0,6412792.0,-5.5,-5.9,1,5846.25,5813.0,1.0,5844.25,5846.5,5846.75,5841.25,8.0,5.75,5.0
2025-01-14,known,first_retest_no_body_cross,L,5878.75,6414170.0,,,0.0,0.0,0,5909.75,5878.75,-1.0,5883.0,5883.75,,,,,
2025-01-15,known,closed_back_inside,H,5991.75,6415767.0,6415768.0,6415850.0,-0.75,-1.15,1,5991.75,5952.5,1.0,5989.5,5992.75,5992.5,5991.75,82.0,1.0,8.75
2025-01-16,known,first_retest_no_body_cross,H,6003.0,6416947.0,,,0.0,0.0,0,6003.0,5973.25,1.0,6000.5,6002.5,,,,,
2025-01-17,known,next_open_back_inside,H,6033.0,6418298.0,,,0.0,0.0,0,6033.0,6012.75,1.0,6029.75,6033.25,,,,,
2025-01-21,known,first_retest_no_body_cross,H,6072.0,6420898.0,,,0.0,0.0,0,6072.0,6043.5,1.0,6071.25,6071.0,,,,,
2025-01-22,known,first_retest_no_body_cross,H,6127.75,6422197.0,,,0.0,0.0,0,6127.75,6111.25,1.0,6127.25,6126.75,,,,,
2025-01-23,known,closed_back_inside,H,6119.0,6423560.0,6423561.0,6423562.0,-1.0,-1.4,1,6119.0,6111.25,1.0,6117.75,6119.75,6119.5,6118.5,1.0,1.25,0.25
2025-01-24,known,first_retest_no_body_cross,L,6146.5,6424939.0,,,0.0,0.0,0,6162.25,6146.5,-1.0,6147.5,6146.75,,,,,
2025-01-27,known,first_retest_no_body_cross,H,6043.0,6426312.0,,,0.0,0.0,0,6043.0,5996.75,1.0,6040.25,6041.5,,,,,
2025-01-28,known,first_retest_no_body_cross,H,6079.0,6427717.0,,,0.0,0.0,0,6079.0,6023.5,1.0,6078.5,6078.25,,,,,
2025-01-29,known,first_retest_no_body_cross,L,6074.5,6429108.0,,,0.0,0.0,0,6091.25,6074.5,-1.0,6077.25,6075.0,,,,,
2025-01-30,known,first_retest_no_body_cross,L,6073.5,6430473.0,,,0.0,0.0,0,6109.75,6073.5,-1.0,6079.25,6073.75,,,,,
2025-01-31,known,first_retest_no_body_cross,H,6138.25,6431922.0,,,0.0,0.0,0,6138.25,6118.25,1.0,6137.25,6138.25,,,,,
2025-02-03,known,first_retest_no_body_cross,H,6011.5,6433212.0,,,0.0,0.0,0,6011.5,5950.25,1.0,6004.25,6008.0,,,,,
2025-02-04,known,first_retest_no_body_cross,H,6057.0,6434599.0,,,0.0,0.0,0,6057.0,6018.0,1.0,6054.25,6056.25,,,,,
2025-02-05,known,closed_back_inside,H,6055.5,6436010.0,6436011.0,6436014.0,-3.0,-3.4,1,6055.5,6029.5,1.0,6054.0,6057.25,6057.25,6054.25,3.0,4.25,1.25
2025-02-06,known,closed_back_inside,L,6092.0,6437360.0,6437361.0,6437363.0,-6.75,-7.15,1,6105.0,6092.0,-1.0,6101.25,6088.25,6088.25,6095.0,2.0,7.25,0.5
2025-02-07,known,closed_back_inside,L,6078.75,6438754.0,6438755.0,6438782.0,-18.25,-18.65,1,6123.25,6078.75,-1.0,6094.5,6062.25,6062.5,6080.75,27.0,24.0,10.0
2025-02-10,known,closed_back_inside,H,6089.0,6440125.0,6440126.0,6440147.0,-1.25,-1.65,1,6089.0,6067.75,1.0,6087.75,6089.25,6089.25,6088.0,21.0,1.5,5.25
2025-02-11,known,first_retest_no_body_cross,H,6082.5,6441491.0,,,0.0,0.0,0,6082.5,6064.0,1.0,6081.0,6081.25,,,,,
2025-02-12,known,first_retest_no_body_cross,H,6062.5,6442877.0,,,0.0,0.0,0,6062.5,6023.75,1.0,6060.75,6062.5,,,,,
2025-02-13,known,first_retest_no_body_cross,H,6102.5,6444252.0,,,0.0,0.0,0,6102.5,6070.25,1.0,6100.25,6101.25,,,,,
2025-02-14,known,first_retest_no_body_cross,L,6132.5,6445641.0,,,0.0,0.0,0,6145.25,6132.5,-1.0,6134.75,6134.75,,,,,
2025-02-18,known,closed_back_inside,L,6127.5,6448365.0,6448366.0,6448383.0,-6.0,-6.4,1,6144.5,6127.5,-1.0,6129.0,6123.0,6123.0,6129.0,17.0,7.5,4.75
2025-02-19,known,session_close,H,6136.5,6449558.0,6449559.0,6449857.0,26.0,25.6,1,6136.5,6129.25,1.0,6135.0,6137.0,6137.0,6163.0,299.0,0.25,29.5
2025-02-20,known,no_first_retest,,,,,,0.0,0.0,0,6150.0,6102.75,,,,,,,,
2025-02-21,known,closed_back_inside,L,6095.25,6452291.0,6452292.0,6452294.0,-3.0,-3.4,1,6133.0,6095.25,-1.0,6098.5,6095.0,6095.0,6098.0,2.0,3.5,2.0
2025-02-24,known,no_first_retest,,,,,,0.0,0.0,0,6060.0,5994.5,,,,,,,,
2025-02-25,known,first_retest_no_body_cross,L,5934.75,6455049.0,,,0.0,0.0,0,6007.75,5934.75,-1.0,5936.0,5937.75,,,,,
2025-02-26,known,closed_back_inside,H,6020.5,6456459.0,6456460.0,6456461.0,-3.0,-3.4,1,6020.5,5978.25,1.0,6019.25,6022.0,6022.0,6019.0,1.0,4.75,0.5
2025-02-27,known,session_close,L,5931.5,6458048.0,6458049.0,6458137.0,50.75,50.35,1,6007.25,5931.5,-1.0,5934.0,5928.5,5928.25,5877.5,89.0,1.75,55.25
2025-02-28,known,first_retest_no_body_cross,H,5907.5,6459210.0,,,0.0,0.0,0,5907.5,5857.0,1.0,5906.5,5904.75,,,,,
2025-03-03,known,session_close,L,5930.5,6460723.0,6460724.0,6460897.0,66.75,66.35,1,5997.0,5930.5,-1.0,5937.25,5929.5,5929.5,5862.75,174.0,1.25,107.75
2025-03-04,known,closed_back_inside,H,5824.25,6462154.0,6462155.0,6462258.0,-3.75,-4.15,1,5824.25,5744.0,1.0,5821.5,5825.5,5825.75,5822.0,103.0,4.5,50.0
2025-03-05,known,closed_back_inside,L,5770.25,6463368.0,6463369.0,6463416.0,-4.75,-5.15,1,5817.0,5770.25,-1.0,5775.0,5769.5,5769.75,5774.5,47.0,5.75,19.0
2025-03-06,known,first_retest_no_body_cross,H,5806.5,6464714.0,,,0.0,0.0,0,5806.5,5753.25,1.0,5802.75,5804.5,,,,,
2025-03-07,known,first_retest_no_body_cross,L,5724.5,6466089.0,,,0.0,0.0,0,5778.0,5724.5,-1.0,5735.5,5725.75,,,,,
2025-03-10,known,first_retest_no_body_cross,L,5667.25,6467470.0,,,0.0,0.0,0,5711.25,5667.25,-1.0,5671.25,5668.0,,,,,
2025-03-11,known,first_retest_no_body_cross,L,5571.0,6468854.0,,,0.0,0.0,0,5635.75,5571.0,-1.0,5574.5,5574.25,,,,,
2025-03-12,known,closed_back_inside,L,5592.75,6470230.0,6470231.0,6470297.0,-2.0,-2.4,1,5645.0,5592.75,-1.0,5594.5,5591.0,5591.25,5593.25,66.0,4.5,41.0
2025-03-13,known,first_retest_no_body_cross,L,5556.75,6471664.0,,,0.0,0.0,0,5603.75,5556.75,-1.0,5558.5,5557.0,,,,,
2025-03-14,known,session_close,H,5607.75,6473017.0,6473018.0,6473317.0,24.0,23.6,1,5607.75,5564.0,1.0,5606.75,5613.75,5613.5,5637.5,300.0,3.25,35.25
2025-03-17,known,session_close,H,5726.25,6474554.0,6474555.0,6474697.0,3.0,2.6,1,5726.25,5685.25,1.0,5725.0,5729.25,5729.5,5732.5,143.0,2.5,30.25
2025-03-18,known,first_retest_no_body_cross,L,5661.75,6475778.0,,,0.0,0.0,0,5711.25,5661.75,-1.0,5668.25,5662.0,,,,,
2025-03-19,known,closed_back_inside,H,5713.75,6477207.0,6477208.0,6477232.0,-1.25,-1.65,1,5713.75,5675.75,1.0,5711.75,5714.5,5714.5,5713.25,24.0,1.75,8.75
2025-03-20,known,first_retest_no_body_cross,H,5760.0,6478516.0,,,0.0,0.0,0,5760.0,5684.5,1.0,5756.75,5758.5,,,,,
2025-03-21,known,closed_back_inside,H,5676.75,6479913.0,6479914.0,6479934.0,-3.75,-4.15,1,5676.75,5652.25,1.0,5675.75,5677.75,5677.75,5674.0,20.0,4.25,13.25
2025-03-24,known,first_retest_no_body_cross,H,5808.0,6481286.0,,,0.0,0.0,0,5808.0,5776.0,1.0,5806.75,5808.0,,,,,
2025-03-25,known,closed_back_inside,H,5831.0,6482651.0,6482652.0,6482654.0,-0.25,-0.65,1,5831.0,5812.25,1.0,5829.5,5831.5,5831.25,5831.0,2.0,1.0,1.0
2025-03-26,known,first_retest_no_body_cross,L,5797.0,6484081.0,,,0.0,0.0,0,5834.5,5797.0,-1.0,5800.25,5798.0,,,,,
2025-03-27,known,first_retest_no_body_cross,H,5766.5,6485514.0,,,0.0,0.0,0,5766.5,5720.0,1.0,5765.75,5766.5,,,,,
2025-03-28,known,first_retest_no_body_cross,L,5662.0,6486787.0,,,0.0,0.0,0,5731.25,5662.0,-1.0,5667.0,5663.75,,,,,
2025-03-31,known,closed_back_inside,H,5581.25,6488170.0,6488171.0,6488172.0,-2.5,-2.9,1,5581.25,5533.75,1.0,5579.0,5582.5,5582.5,5580.0,1.0,5.25,1.75
2025-04-01,known,first_retest_no_body_cross,H,5650.0,6489559.0,,,0.0,0.0,0,5650.0,5600.25,1.0,5643.25,5648.75,,,,,
2025-04-02,known,closed_back_inside,H,5673.5,6490935.0,6490936.0,6490940.0,-4.0,-4.4,1,5673.5,5610.75,1.0,5669.0,5674.0,5673.75,5669.75,4.0,4.75,4.75
2025-04-03,known,first_retest_no_body_cross,L,5475.5,6492319.0,,,0.0,0.0,0,5540.5,5475.5,-1.0,5478.5,5481.25,,,,,
2025-04-04,unknown,opening_hour_incomplete,,,,,,,,0,,,,,,,,,,
2025-04-07,known,no_first_retest,,,,,,0.0,0.0,0,5286.5,4867.0,,,,,,,,
2025-04-08,known,first_retest_no_body_cross,L,5231.0,6496474.0,,,0.0,0.0,0,5305.25,5231.0,-1.0,5232.0,5234.0,,,,,
2025-04-09,known,closed_back_inside,L,4982.75,6497853.0,6497854.0,6497855.0,-8.0,-8.4,1,5087.25,4982.75,-1.0,4988.0,4981.5,4981.5,4989.5,1.0,9.75,1.5
2025-04-10,known,first_retest_no_body_cross,L,5315.75,6499233.0,,,0.0,0.0,0,5389.0,5315.75,-1.0,5318.5,5316.5,,,,,
2025-04-11,known,session_close,H,5340.5,6500705.0,6500706.0,6500913.0,46.5,46.1,1,5340.5,5252.75,1.0,5336.25,5343.5,5343.75,5390.25,208.0,3.5,74.5
2025-04-14,known,first_retest_no_body_cross,L,5444.25,6502021.0,,,0.0,0.0,0,5496.5,5444.25,-1.0,5450.5,5446.25,,,,,
2025-04-15,known,closed_back_inside,L,5433.0,6503516.0,6503517.0,6503521.0,-0.5,-0.9,1,5485.0,5433.0,-1.0,5436.25,5432.5,5432.25,5432.75,4.0,1.75,6.75
2025-04-16,known,closed_back_inside,H,5388.75,6504778.0,6504779.0,6504793.0,-7.0,-7.4,1,5388.75,5346.0,1.0,5386.5,5394.25,5394.25,5387.25,14.0,7.0,6.75
2025-04-17,known,first_retest_no_body_cross,L,5297.75,6506131.0,,,0.0,0.0,0,5340.25,5297.75,-1.0,5301.25,5302.5,,,,,
2025-04-21,known,first_retest_no_body_cross,L,5196.5,6507486.0,,,0.0,0.0,0,5262.5,5196.5,-1.0,5197.75,5196.5,,,,,
2025-04-22,known,first_retest_no_body_cross,H,5280.0,6508872.0,,,0.0,0.0,0,5280.0,5236.0,1.0,5279.0,5279.25,,,,,
2025-04-23,known,first_retest_no_body_cross,L,5440.75,6510297.0,,,0.0,0.0,0,5499.75,5440.75,-1.0,5459.75,5443.25,,,,,
2025-04-24,known,closed_back_inside,H,5469.0,6511626.0,6511627.0,6511638.0,-2.5,-2.9,1,5469.0,5398.5,1.0,5466.0,5470.5,5470.25,5467.75,11.0,8.0,8.5
2025-04-25,known,first_retest_no_body_cross,L,5482.25,6513005.0,,,0.0,0.0,0,5524.75,5482.25,-1.0,5486.25,5483.75,,,,,
2025-04-28,known,closed_back_inside,L,5539.25,6514423.0,6514424.0,6514426.0,-3.5,-3.9,1,5578.75,5539.25,-1.0,5541.0,5537.5,5537.5,5541.0,2.0,4.0,4.0
2025-04-29,known,next_open_back_inside,H,5570.5,6515789.0,,,0.0,0.0,0,5570.5,5527.75,1.0,5566.0,5570.75,,,,,
2025-04-30,known,closed_back_inside,H,5516.75,6517174.0,6517175.0,6517178.0,-5.25,-5.65,1,5516.75,5455.5,1.0,5510.5,5520.25,5520.0,5514.75,3.0,5.5,2.5
2025-05-01,known,first_retest_no_body_cross,H,5663.5,6518530.0,,,0.0,0.0,0,5663.5,5627.25,1.0,5658.5,5663.5,,,,,
2025-05-02,known,closed_back_inside,H,5703.75,6519992.0,6519993.0,6519994.0,-1.5,-1.9,1,5703.75,5663.0,1.0,5702.5,5704.25,5704.25,5702.75,1.0,2.0,0.5
2025-05-05,known,first_retest_no_body_cross,H,5681.75,6521293.0,,,0.0,0.0,0,5681.75,5655.25,1.0,5679.25,5680.75,,,,,
2025-05-06,known,first_retest_no_body_cross,H,5647.0,6522666.0,,,0.0,0.0,0,5647.0,5607.0,1.0,5644.5,5646.25,,,,,
2025-05-07,known,closed_back_inside,L,5631.25,6524067.0,6524068.0,6524082.0,-1.25,-1.65,1,5656.5,5631.25,-1.0,5635.5,5630.25,5630.0,5631.25,14.0,3.75,7.25
2025-05-08,known,first_retest_no_body_cross,L,5659.0,6525447.0,,,0.0,0.0,0,5693.25,5659.0,-1.0,5666.5,5663.75,,,,,
2025-05-09,known,closed_back_inside,L,5672.75,6526808.0,6526809.0,6526816.0,-3.5,-3.9,1,5710.0,5672.75,-1.0,5675.75,5671.0,5670.75,5674.25,7.0,3.5,8.25
2025-05-12,known,closed_back_inside,H,5852.75,6528340.0,6528341.0,6528354.0,-5.0,-5.4,1,5852.75,5814.5,1.0,5851.0,5854.75,5854.75,5849.75,13.0,5.5,6.25
2025-05-13,known,closed_back_inside,H,5915.0,6529619.0,6529620.0,6529623.0,-4.0,-4.4,1,5915.0,5863.5,1.0,5914.25,5916.75,5916.75,5912.75,3.0,4.25,0.25
2025-05-14,known,closed_back_inside,L,5898.75,6530977.0,6530978.0,6530981.0,-2.5,-2.9,1,5925.0,5898.75,-1.0,5902.0,5896.0,5896.25,5898.75,3.0,2.75,3.75
2025-05-15,known,closed_back_inside,H,5905.5,6532357.0,6532358.0,6532363.0,-0.75,-1.15,1,5905.5,5884.5,1.0,5904.25,5906.75,5906.5,5905.75,5.0,1.25,2.5
2025-05-16,known,first_retest_no_body_cross,L,5931.75,6533714.0,,,0.0,0.0,0,5948.25,5931.75,-1.0,5934.5,5932.25,,,,,
2025-05-19,known,closed_back_inside,H,5964.75,6535153.0,6535154.0,6535158.0,-0.5,-0.9,1,5964.75,5912.25,1.0,5963.5,5965.5,5965.25,5964.75,4.0,0.75,4.25
2025-05-20,known,closed_back_inside,H,5966.75,6536472.0,6536473.0,6536485.0,-1.25,-1.65,1,5966.75,5950.75,1.0,5964.5,5967.75,5967.75,5966.5,12.0,1.75,3.25
2025-05-21,known,closed_back_inside,H,5944.5,6537881.0,6537882.0,6537910.0,-2.5,-2.9,1,5944.5,5913.5,1.0,5941.25,5946.0,5946.25,5943.75,28.0,2.75,6.5
2025-05-22,known,closed_back_inside,H,5880.5,6539328.0,6539329.0,6539331.0,-1.25,-1.65,1,5880.5,5842.75,1.0,5878.5,5881.75,5881.5,5880.25,2.0,1.5,3.5
2025-05-23,known,first_retest_no_body_cross,H,5813.5,6540620.0,,,0.0,0.0,0,5813.5,5780.5,1.0,5809.25,5808.25,,,,,
2025-05-27,known,first_retest_no_body_cross,H,5907.75,6543138.0,,,0.0,0.0,0,5907.75,5868.25,1.0,5906.0,5907.5,,,,,
2025-05-28,known,first_retest_no_body_cross,L,5923.75,6544504.0,,,0.0,0.0,0,5952.5,5923.75,-1.0,5925.0,5925.25,,,,,
2025-05-29,known,closed_back_inside,L,5908.5,6545970.0,6545971.0,6545988.0,-11.25,-11.65,1,5956.25,5908.5,-1.0,5912.75,5898.0,5897.75,5909.0,17.0,12.25,13.75
2025-05-30,known,closed_back_inside,H,5918.5,6547264.0,6547265.0,6547266.0,-1.25,-1.65,1,5918.5,5885.0,1.0,5915.75,5918.75,5919.0,5917.75,1.0,1.5,0.75
2025-06-02,known,closed_back_inside,H,5917.75,6548723.0,6548724.0,6548725.0,-1.5,-1.9,1,5917.75,5870.5,1.0,5913.75,5918.25,5918.25,5916.75,1.0,2.0,2.0
2025-06-03,known,first_retest_no_body_cross,H,5959.25,6550040.0,,,0.0,0.0,0,5959.25,5938.25,1.0,5958.0,5959.0,,,,,
2025-06-04,known,first_retest_no_body_cross,H,5998.75,6551619.0,,,0.0,0.0,0,5998.75,5974.25,1.0,5997.5,5998.5,,,,,
2025-06-05,known,closed_back_inside,H,5997.75,6552830.0,6552831.0,6552890.0,-3.5,-3.9,1,5997.75,5957.5,1.0,5996.5,5999.5,5999.75,5996.25,59.0,3.75,9.25
2025-06-06,known,closed_back_inside,L,6000.25,6554211.0,6554212.0,6554219.0,-3.0,-3.4,1,6025.0,6000.25,-1.0,6006.0,5998.25,5998.0,6001.0,7.0,5.0,9.25
2025-06-09,known,first_retest_no_body_cross,H,6015.25,6555544.0,,,0.0,0.0,0,6015.25,6000.0,1.0,6014.25,6014.5,,,,,
2025-06-10,known,first_retest_no_body_cross,H,6027.0,6556925.0,,,0.0,0.0,0,6027.0,6015.75,1.0,6026.5,6025.5,,,,,
2025-06-11,known,closed_back_inside,H,6062.75,6558321.0,6558322.0,6558323.0,-3.0,-3.4,1,6062.75,6035.75,1.0,6062.25,6063.5,6063.5,6060.5,1.0,3.0,0.25
2025-06-12,known,first_retest_no_body_cross,H,6040.25,6559684.0,,,0.0,0.0,0,6040.25,6008.5,1.0,6039.25,6039.25,,,,,
2025-06-13,known,first_retest_no_body_cross,L,5977.25,6561064.0,,,0.0,0.0,0,6014.75,5977.25,-1.0,5978.75,5980.5,,,,,
2025-06-16,known,closed_back_inside,H,6105.75,6562445.0,6562446.0,6562450.0,-2.5,-2.9,1,6105.75,6066.25,1.0,6105.25,6107.5,6107.25,6104.75,4.0,4.0,1.75
2025-06-17,known,first_retest_no_body_cross,H,6079.75,6563867.0,,,0.0,0.0,0,6079.75,6060.5,1.0,6077.25,6079.75,,,,,
2025-06-18,known,first_retest_no_body_cross,H,6072.25,6565204.0,,,0.0,0.0,0,6072.25,6034.5,1.0,6069.25,6072.0,,,,,
2025-06-20,known,closed_back_inside,L,6028.75,6567734.0,6567735.0,6567771.0,-2.75,-3.15,1,6071.0,6028.75,-1.0,6030.25,6026.5,6026.5,6029.25,36.0,4.0,16.25
2025-06-23,known,closed_back_inside,L,6010.5,6569226.0,6569227.0,6569234.0,-5.5,-5.9,1,6058.25,6010.5,-1.0,6012.5,6009.5,6009.5,6015.0,7.0,5.75,16.25
2025-06-24,known,closed_back_inside,H,6130.25,6570515.0,6570516.0,6570518.0,-1.5,-1.9,1,6130.25,6109.0,1.0,6127.5,6130.5,6130.75,6129.25,2.0,2.25,1.0
2025-06-25,known,first_retest_no_body_cross,L,6148.25,6571895.0,,,0.0,0.0,0,6160.25,6148.25,-1.0,6149.5,6148.5,,,,,
2025-06-26,known,no_first_retest,,,,,,0.0,0.0,0,6176.0,6159.25,,,,,,,,
2025-06-27,known,first_retest_no_body_cross,H,6230.0,6574630.0,,,0.0,0.0,0,6230.0,6202.0,1.0,6229.75,6227.0,,,,,
2025-06-30,known,first_retest_no_body_cross,L,6233.25,6576009.0,,,0.0,0.0,0,6248.75,6233.25,-1.0,6234.0,6233.75,,,,,
2025-07-01,known,first_retest_no_body_cross,L,6234.0,6577397.0,,,0.0,0.0,0,6253.0,6234.0,-1.0,6236.0,6235.0,,,,,
2025-07-02,known,closed_back_inside,H,6259.5,6578778.0,6578779.0,6578787.0,-1.25,-1.65,1,6259.5,6238.25,1.0,6257.75,6261.0,6260.75,6259.5,8.0,2.25,3.0
2025-07-03,known,first_retest_no_body_cross,H,6321.0,6580147.0,,,0.0,0.0,0,6321.0,6292.75,1.0,6319.0,6320.75,,,,,
2025-07-07,known,first_retest_no_body_cross,L,6293.5,6582441.0,,,0.0,0.0,0,6309.75,6293.5,-1.0,6294.0,6294.0,,,,,
2025-07-08,known,first_retest_no_body_cross,L,6263.75,6583839.0,,,0.0,0.0,0,6284.25,6263.75,-1.0,6265.5,6265.25,,,,,
2025-07-09,known,closed_back_inside,L,6293.75,6585196.0,6585197.0,6585198.0,-3.0,-3.4,1,6315.25,6293.75,-1.0,6296.0,6292.5,6292.25,6295.25,1.0,3.5,3.0
2025-07-10,known,first_retest_no_body_cross,H,6310.0,6586584.0,,,0.0,0.0,0,6310.0,6296.0,1.0,6309.0,6309.75,,,,,
2025-07-11,known,first_retest_no_body_cross,H,6306.25,6587959.0,,,0.0,0.0,0,6306.25,6278.5,1.0,6305.75,6306.0,,,,,
2025-07-14,known,first_retest_no_body_cross,H,6299.75,6589237.0,,,0.0,0.0,0,6299.75,6280.5,1.0,6297.75,6299.0,,,,,
2025-07-15,known,closed_back_inside,L,6314.75,6590587.0,6590588.0,6590589.0,-1.75,-2.15,1,6341.75,6314.75,-1.0,6317.5,6313.75,6313.5,6315.25,1.0,2.25,3.0
2025-07-16,known,first_retest_no_body_cross,L,6277.5,6591991.0,,,0.0,0.0,0,6302.0,6277.5,-1.0,6280.25,6284.0,,,,,
2025-07-17,known,session_close,H,6323.25,6593381.0,6593382.0,6593675.0,17.5,17.1,1,6323.25,6302.0,1.0,6321.5,6324.5,6324.75,6342.25,294.0,2.0,20.75
2025-07-18,known,first_retest_no_body_cross,L,6331.25,6594736.0,,,0.0,0.0,0,6353.5,6331.25,-1.0,6331.75,6332.75,,,,,
2025-07-21,known,first_retest_no_body_cross,H,6372.25,6596106.0,,,0.0,0.0,0,6372.25,6344.5,1.0,6371.5,6372.25,,,,,
2025-07-22,known,first_retest_no_body_cross,H,6349.25,6597663.0,,,0.0,0.0,0,6349.25,6318.75,1.0,6344.75,6348.75,,,,,
2025-07-23,known,closed_back_inside,H,6373.5,6598949.0,6598950.0,6598978.0,-3.25,-3.65,1,6373.5,6353.5,1.0,6367.0,6374.75,6374.75,6371.5,28.0,4.25,10.25
2025-07-24,known,closed_back_inside,H,6410.25,6600264.0,6600265.0,6600310.0,-0.25,-0.65,1,6410.25,6396.25,1.0,6409.5,6410.5,6410.5,6410.25,45.0,0.5,5.0
2025-07-25,known,first_retest_no_body_cross,H,6410.75,6601629.0,,,0.0,0.0,0,6410.75,6402.5,1.0,6409.5,6410.25,,,,,
2025-07-28,known,closed_back_inside,L,6424.25,6603052.0,6603053.0,6603064.0,-1.5,-1.9,1,6434.25,6424.25,-1.0,6425.75,6422.5,6422.75,6424.25,11.0,1.75,6.25
2025-07-29,known,closed_back_inside,L,6425.5,6604398.0,6604399.0,6604401.0,-0.5,-0.9,1,6440.0,6425.5,-1.0,6426.5,6425.25,6425.25,6425.75,2.0,1.0,0.75
2025-07-30,known,next_open_back_inside,H,6419.25,6605770.0,,,0.0,0.0,0,6419.25,6405.0,1.0,6418.75,6419.5,,,,,
2025-07-31,known,closed_back_inside,L,6427.5,6607163.0,6607164.0,6607233.0,-0.0,-0.4,1,6451.0,6427.5,-1.0,6432.25,6427.25,6427.25,6427.25,69.0,0.75,25.0
2025-08-01,known,first_retest_no_body_cross,L,6243.75,6608742.0,,,0.0,0.0,0,6311.5,6243.75,-1.0,6248.75,6244.0,,,,,
2025-08-04,known,first_retest_no_body_cross,H,6342.5,6609922.0,,,0.0,0.0,0,6342.5,6302.0,1.0,6341.0,6342.25,,,,,
2025-08-05,known,first_retest_no_body_cross,L,6337.5,6611284.0,,,0.0,0.0,0,6371.75,6337.5,-1.0,6342.25,6337.5,,,,,
2025-08-06,known,first_retest_no_body_cross,H,6351.0,6612687.0,,,0.0,0.0,0,6351.0,6325.75,1.0,6348.0,6351.0,,,,,
2025-08-07,known,first_retest_no_body_cross,L,6375.25,6614061.0,,,0.0,0.0,0,6414.5,6375.25,-1.0,6376.0,6377.75,,,,,
2025-08-08,known,closed_back_inside,H,6410.5,6615425.0,6615426.0,6615432.0,-0.5,-0.9,1,6410.5,6379.75,1.0,6409.0,6410.75,6411.0,6410.5,6.0,1.5,2.0
2025-08-11,known,closed_back_inside,L,6410.0,6616820.0,6616821.0,6616824.0,-3.25,-3.65,1,6421.5,6410.0,-1.0,6411.5,6408.25,6408.5,6411.75,3.0,4.0,1.75
2025-08-12,known,closed_back_inside,H,6439.75,6618203.0,6618204.0,6618207.0,-1.75,-2.15,1,6439.75,6408.5,1.0,6438.0,6440.5,6440.75,6439.0,3.0,2.25,2.5
2025-08-13,known,closed_back_inside,L,6479.5,6619563.0,6619564.0,6619565.0,-0.75,-1.15,1,6502.5,6479.5,-1.0,6482.0,6478.75,6479.0,6479.75,1.0,3.0,0.5
2025-08-14,known,closed_back_inside,H,6485.75,6620943.0,6620944.0,6620948.0,-1.75,-2.15,1,6485.75,6462.75,1.0,6484.25,6487.25,6487.25,6485.5,4.0,3.0,1.0
2025-08-15,known,closed_back_inside,L,6468.25,6622392.0,6622393.0,6622394.0,-2.5,-2.9,1,6498.0,6468.25,-1.0,6469.5,6466.75,6466.75,6469.25,1.0,3.0,0.5
2025-08-18,known,closed_back_inside,L,6461.0,6623719.0,6623720.0,6623721.0,-2.25,-2.65,1,6475.25,6461.0,-1.0,6461.5,6460.25,6460.5,6462.75,1.0,2.75,0.25
2025-08-19,known,first_retest_no_body_cross,L,6454.75,6625095.0,,,0.0,0.0,0,6476.25,6454.75,-1.0,6458.25,6457.5,,,,,
2025-08-20,known,first_retest_no_body_cross,L,6370.0,6626462.0,,,0.0,0.0,0,6430.75,6370.0,-1.0,6371.0,6374.0,,,,,
2025-08-21,known,first_retest_no_body_cross,L,6375.5,6628007.0,,,0.0,0.0,0,6412.25,6375.5,-1.0,6378.5,6375.75,,,,,
2025-08-22,known,first_retest_no_body_cross,H,6486.25,6629235.0,,,0.0,0.0,0,6486.25,6402.5,1.0,6484.0,6486.0,,,,,
2025-08-25,known,first_retest_no_body_cross,H,6476.75,6630641.0,,,0.0,0.0,0,6476.75,6463.75,1.0,6474.75,6476.75,,,,,
2025-08-26,known,closed_back_inside,H,6461.75,6632085.0,6632086.0,6632094.0,-1.0,-1.4,1,6461.75,6444.5,1.0,6461.25,6462.75,6462.75,6461.75,8.0,1.5,2.0
2025-08-27,known,closed_back_inside,H,6492.0,6633362.0,6633363.0,6633364.0,-0.5,-0.9,1,6492.0,6472.75,1.0,6491.0,6492.25,6492.5,6492.0,1.0,1.0,0.0
2025-08-28,known,closed_back_inside,H,6508.5,6634857.0,6634858.0,6634860.0,-3.5,-3.9,1,6508.5,6480.75,1.0,6507.25,6509.75,6509.75,6506.25,2.0,3.75,0.75
2025-08-29,known,first_retest_no_body_cross,L,6460.25,6636137.0,,,0.0,0.0,0,6502.75,6460.25,-1.0,6462.25,6461.25,,,,,
2025-09-02,known,closed_back_inside,L,6383.25,6638703.0,6638704.0,6638769.0,-4.0,-4.4,1,6425.0,6383.25,-1.0,6385.0,6379.75,6379.75,6383.75,65.0,4.5,8.0
2025-09-03,known,first_retest_no_body_cross,H,6454.5,6640022.0,,,0.0,0.0,0,6454.5,6437.75,1.0,6453.75,6454.5,,,,,
2025-09-04,known,first_retest_no_body_cross,H,6474.75,6641399.0,,,0.0,0.0,0,6474.75,6456.25,1.0,6472.5,6473.5,,,,,
2025-09-05,known,first_retest_no_body_cross,L,6479.25,6642780.0,,,0.0,0.0,0,6541.75,6479.25,-1.0,6482.5,6479.5,,,,,
2025-09-08,known,first_retest_no_body_cross,H,6509.0,6644160.0,,,0.0,0.0,0,6509.0,6495.25,1.0,6507.75,6507.0,,,,,
2025-09-09,known,closed_back_inside,L,6501.5,6645539.0,6645540.0,6645562.0,-3.5,-3.9,1,6515.0,6501.5,-1.0,6502.5,6497.5,6497.75,6501.25,22.0,3.75,8.5
2025-09-10,known,first_retest_no_body_cross,L,6543.75,6646961.0,,,0.0,0.0,0,6562.25,6543.75,-1.0,6546.5,6543.75,,,,,
2025-09-11,known,first_retest_no_body_cross,H,6579.0,6648296.0,,,0.0,0.0,0,6579.0,6552.0,1.0,6577.75,6578.5,,,,,
2025-09-12,known,next_open_back_inside,H,6595.75,6649698.0,,,0.0,0.0,0,6595.75,6585.0,1.0,6595.25,6596.0,,,,,
2025-09-15,known,first_retest_no_body_cross,H,6678.25,6651059.0,,,0.0,0.0,0,6678.25,6665.0,1.0,6677.5,6678.25,,,,,
2025-09-16,known,first_retest_no_body_cross,L,6666.0,6652454.0,,,0.0,0.0,0,6688.25,6666.0,-1.0,6668.25,6666.25,,,,,
2025-09-17,known,first_retest_no_body_cross,L,6659.75,6653806.0,,,0.0,0.0,0,6675.75,6659.75,-1.0,6660.0,6660.5,,,,,
2025-09-18,known,no_first_retest,,,,,,0.0,0.0,0,6713.5,6670.25,,,,,,,,
2025-09-19,known,closed_back_inside,L,6696.75,6656575.0,6656576.0,6656580.0,-0.25,-0.65,1,6711.25,6696.75,-1.0,6697.5,6696.25,6696.25,6696.5,4.0,0.75,3.0
2025-09-22,known,first_retest_no_body_cross,H,6725.25,6657942.0,,,0.0,0.0,0,6725.25,6705.75,1.0,6724.5,6725.0,,,,,
2025-09-23,known,closed_back_inside,L,6746.25,6659322.0,6659323.0,6659326.0,-0.75,-1.15,1,6756.5,6746.25,-1.0,6747.25,6745.75,6745.75,6746.5,3.0,0.75,1.25
2025-09-24,known,first_retest_no_body_cross,L,6706.0,6660741.0,,,0.0,0.0,0,6728.5,6706.0,-1.0,6709.25,6706.25,,,,,
2025-09-25,known,closed_back_inside,H,6672.5,6662150.0,6662151.0,6662156.0,-2.0,-2.4,1,6672.5,6631.25,1.0,6671.5,6674.5,6674.5,6672.5,5.0,3.5,0.5
2025-09-26,known,no_first_retest,,,,,,0.0,0.0,0,6703.75,6657.25,,,,,,,,
2025-09-29,known,first_retest_no_body_cross,L,6715.75,6664879.0,,,0.0,0.0,0,6731.25,6715.75,-1.0,6718.25,6716.5,,,,,
2025-09-30,known,first_retest_no_body_cross,L,6696.75,6666224.0,,,0.0,0.0,0,6713.0,6696.75,-1.0,6700.0,6696.75,,,,,
2025-10-01,known,closed_back_inside,H,6732.25,6667600.0,6667601.0,6667606.0,-0.5,-0.9,1,6732.25,6705.25,1.0,6729.25,6732.5,6732.5,6732.0,5.0,0.75,3.25
2025-10-02,known,first_retest_no_body_cross,L,6757.0,6668977.0,,,0.0,0.0,0,6780.25,6757.0,-1.0,6760.75,6757.25,,,,,
2025-10-03,known,closed_back_inside,H,6788.25,6670355.0,6670356.0,6670357.0,-2.25,-2.65,1,6788.25,6771.5,1.0,6787.0,6788.5,6788.5,6786.25,1.0,2.25,0.5
2025-10-06,known,first_retest_no_body_cross,H,6788.75,6671808.0,,,0.0,0.0,0,6788.75,6766.5,1.0,6787.25,6788.0,,,,,
2025-10-07,known,closed_back_inside,L,6783.75,6673116.0,6673117.0,6673122.0,-2.0,-2.4,1,6801.75,6783.75,-1.0,6786.0,6782.0,6782.0,6784.0,5.0,2.5,2.75
2025-10-08,known,first_retest_no_body_cross,H,6790.75,6674522.0,,,0.0,0.0,0,6790.75,6764.5,1.0,6790.0,6790.75,,,,,
2025-10-09,known,first_retest_no_body_cross,L,6780.5,6675923.0,,,0.0,0.0,0,6809.5,6780.5,-1.0,6783.5,6780.75,,,,,
2025-10-10,known,session_close,L,6784.25,6677277.0,6677278.0,6677579.0,181.25,180.85,1,6806.5,6784.25,-1.0,6795.0,6776.25,6776.25,6595.0,302.0,2.75,184.5
2025-10-13,known,first_retest_no_body_cross,L,6661.75,6678666.0,,,0.0,0.0,0,6697.0,6661.75,-1.0,6665.0,6665.5,,,,,
2025-10-14,known,closed_back_inside,H,6661.75,6680016.0,6680017.0,6680018.0,-2.75,-3.15,1,6661.75,6593.25,1.0,6658.25,6662.75,6662.75,6660.0,1.0,2.75,1.0
2025-10-15,known,closed_back_inside,L,6724.25,6681456.0,6681457.0,6681459.0,-2.75,-3.15,1,6766.75,6724.25,-1.0,6728.5,6723.75,6723.75,6726.5,2.0,3.5,1.75
2025-10-16,known,first_retest_no_body_cross,H,6744.25,6682781.0,,,0.0,0.0,0,6744.25,6717.25,1.0,6739.75,6744.25,,,,,
2025-10-17,known,first_retest_no_body_cross,L,6641.5,6684216.0,,,0.0,0.0,0,6697.5,6641.5,-1.0,6645.5,6643.5,,,,,
2025-10-20,known,closed_back_inside,H,6764.5,6685539.0,6685540.0,6685575.0,-1.25,-1.65,1,6764.5,6733.0,1.0,6763.0,6765.25,6765.25,6764.0,35.0,1.5,10.25
2025-10-21,known,closed_back_inside,H,6778.5,6686932.0,6686933.0,6686962.0,-0.25,-0.65,1,6778.5,6759.25,1.0,6776.75,6778.75,6778.75,6778.5,29.0,3.5,8.5
2025-10-22,known,first_retest_no_body_cross,L,6752.0,6688332.0,,,0.0,0.0,0,6779.25,6752.0,-1.0,6755.75,6753.0,,,,,
2025-10-23,known,first_retest_no_body_cross,H,6766.0,6689766.0,,,0.0,0.0,0,6766.0,6736.0,1.0,6763.75,6766.0,,,,,
2025-10-24,known,first_retest_no_body_cross,H,6835.5,6691096.0,,,0.0,0.0,0,6835.5,6812.5,1.0,6833.5,6834.5,,,,,
2025-10-27,known,first_retest_no_body_cross,H,6892.5,6692521.0,,,0.0,0.0,0,6892.5,6877.0,1.0,6891.5,6892.25,,,,,
2025-10-28,known,first_retest_no_body_cross,L,6906.75,6693874.0,,,0.0,0.0,0,6927.25,6906.75,-1.0,6909.0,6906.75,,,,,
2025-10-29,known,closed_back_inside,L,6936.25,6695209.0,6695210.0,6695212.0,-3.75,-4.15,1,6952.0,6936.25,-1.0,6938.25,6935.75,6935.75,6939.5,2.0,3.75,3.25
2025-10-30,known,first_retest_no_body_cross,L,6867.75,6696856.0,,,0.0,0.0,0,6913.75,6867.75,-1.0,6870.5,6868.75,,,,,
2025-10-31,known,first_retest_no_body_cross,L,6873.75,6698036.0,,,0.0,0.0,0,6902.5,6873.75,-1.0,6876.0,6877.25,,,,,
2025-11-03,known,no_first_retest,,,,,,0.0,0.0,0,6909.5,6852.75,,,,,,,,
2025-11-04,known,first_retest_no_body_cross,H,6846.0,6700718.0,,,0.0,0.0,0,6846.0,6795.75,1.0,6843.5,6846.0,,,,,
2025-11-05,known,first_retest_no_body_cross,H,6829.5,6702101.0,,,0.0,0.0,0,6829.5,6789.75,1.0,6827.25,6827.25,,,,,
2025-11-06,known,closed_back_inside,L,6772.0,6703476.0,6703477.0,6703686.0,-4.25,-4.65,1,6821.5,6772.0,-1.0,6779.5,6770.75,6770.5,6774.75,209.0,4.25,37.0
2025-11-07,known,first_retest_no_body_cross,L,6683.5,6704865.0,,,0.0,0.0,0,6723.75,6683.5,-1.0,6686.0,6684.0,,,,,
2025-11-10,known,closed_back_inside,L,6813.5,6706251.0,6706252.0,6706324.0,-7.0,-7.4,1,6835.75,6813.5,-1.0,6814.75,6808.75,6809.0,6816.0,72.0,7.0,16.25
2025-11-11,known,first_retest_no_body_cross,L,6831.5,6707614.0,,,0.0,0.0,0,6852.0,6831.5,-1.0,6832.75,6833.5,,,,,
2025-11-12,known,next_open_back_inside,L,6871.0,6708991.0,,,0.0,0.0,0,6892.75,6871.0,-1.0,6873.25,6870.75,,,,,
2025-11-13,known,closed_back_inside,L,6817.0,6710377.0,6710378.0,6710380.0,-3.75,-4.15,1,6850.5,6817.0,-1.0,6822.0,6814.75,6814.75,6818.5,2.0,6.5,1.5
2025-11-14,known,first_retest_no_body_cross,H,6738.0,6711753.0,,,0.0,0.0,0,6738.0,6670.5,1.0,6734.25,6734.75,,,,,
2025-11-17,known,first_retest_no_body_cross,L,6726.5,6713168.0,,,0.0,0.0,0,6774.75,6726.5,-1.0,6730.5,6728.75,,,,,
2025-11-18,known,closed_back_inside,L,6603.25,6714541.0,6714542.0,6714548.0,-15.25,-15.65,1,6679.0,6603.25,-1.0,6611.0,6596.75,6596.75,6612.0,6.0,16.5,2.75
2025-11-19,known,first_retest_no_body_cross,L,6635.75,6716013.0,,,0.0,0.0,0,6709.0,6635.75,-1.0,6641.0,6638.0,,,,,
2025-11-20,known,closed_back_inside,H,6790.0,6717277.0,6717278.0,6717279.0,-2.5,-2.9,1,6790.0,6760.25,1.0,6787.25,6790.5,6790.5,6788.0,1.0,4.5,0.25
2025-11-21,known,closed_back_inside,L,6554.5,6718655.0,6718656.0,6718664.0,-6.5,-6.9,1,6596.0,6554.5,-1.0,6558.25,6548.25,6548.0,6554.5,8.0,8.75,9.0
2025-11-24,known,first_retest_no_body_cross,H,6689.0,6720032.0,,,0.0,0.0,0,6689.0,6646.75,1.0,6687.25,6688.25,,,,,
2025-11-25,known,closed_back_inside,H,6730.0,6721424.0,6721425.0,6721430.0,-5.0,-5.4,1,6730.0,6674.5,1.0,6727.0,6734.25,6734.5,6729.5,5.0,8.25,6.25
2025-11-26,known,session_close,H,6824.0,6722819.0,6722820.0,6723119.0,0.75,0.35,1,6824.0,6795.75,1.0,6822.75,6824.5,6824.75,6825.5,300.0,1.0,22.0
2025-11-28,known,first_retest_no_body_cross,H,6850.0,6724675.0,,,0.0,0.0,0,6850.0,6831.25,1.0,6848.5,6850.0,,,,,
2025-12-01,known,closed_back_inside,H,6844.25,6725884.0,6725885.0,6725901.0,-1.75,-2.15,1,6844.25,6812.75,1.0,6842.0,6845.5,6845.75,6844.0,16.0,3.0,4.25
2025-12-02,known,first_retest_no_body_cross,H,6857.75,6727210.0,,,0.0,0.0,0,6857.75,6838.75,1.0,6856.75,6857.25,,,,,
2025-12-03,known,first_retest_no_body_cross,H,6847.25,6728575.0,,,0.0,0.0,0,6847.25,6820.25,1.0,6840.5,6846.5,,,,,
2025-12-04,known,first_retest_no_body_cross,L,6844.5,6730182.0,,,0.0,0.0,0,6876.75,6844.5,-1.0,6848.5,6845.25,,,,,
2025-12-05,known,closed_back_inside,H,6904.0,6731334.0,6731335.0,6731336.0,-1.0,-1.4,1,6904.0,6874.0,1.0,6902.5,6904.25,6904.25,6903.25,1.0,1.75,0.0
2025-12-08,known,first_retest_no_body_cross,L,6858.0,6732737.0,,,0.0,0.0,0,6886.25,6858.0,-1.0,6859.75,6858.25,,,,,
2025-12-09,known,closed_back_inside,H,6868.5,6734137.0,6734138.0,6734151.0,-1.25,-1.65,1,6868.5,6847.25,1.0,6867.5,6869.0,6869.0,6867.75,13.0,1.5,3.25
2025-12-10,known,first_retest_no_body_cross,H,6852.5,6735520.0,,,0.0,0.0,0,6852.5,6830.75,1.0,6849.25,6852.25,,,,,
2025-12-11,known,closed_back_inside,H,6884.75,6736928.0,6736929.0,6736930.0,-4.75,-5.15,1,6884.75,6838.0,1.0,6883.0,6885.5,6885.75,6881.0,1.0,5.25,0.75
2025-12-12,known,closed_back_inside,L,6850.0,6738257.0,6738258.0,6738395.0,-4.0,-4.4,1,6903.0,6850.0,-1.0,6852.5,6849.5,6849.5,6853.5,137.0,6.25,44.5
2025-12-15,known,no_first_retest,,,,,,0.0,0.0,0,6931.75,6864.25,,,,,,,,
2025-12-16,known,first_retest_no_body_cross,L,6832.75,6741125.0,,,0.0,0.0,0,6880.5,6832.75,-1.0,6837.0,6833.0,,,,,
2025-12-17,known,session_close,L,6841.5,6742377.0,6742378.0,6742701.0,62.0,61.6,1,6871.25,6841.5,-1.0,6844.25,6838.5,6838.25,6776.25,324.0,3.75,62.75
2025-12-18,known,closed_back_inside,L,6820.5,6743858.0,6743859.0,6743861.0,-1.75,-2.15,1,6855.25,6820.5,-1.0,6825.0,6819.5,6819.25,6821.0,2.0,2.75,4.25
2025-12-19,known,first_retest_no_body_cross,H,6887.5,6745192.0,,,0.0,0.0,0,6887.5,6845.75,1.0,6884.75,6886.5,,,,,
2025-12-22,known,first_retest_no_body_cross,L,6911.0,6746518.0,,,0.0,0.0,0,6927.75,6911.0,-1.0,6915.0,6911.0,,,,,
2025-12-23,known,first_retest_no_body_cross,H,6943.5,6747903.0,,,0.0,0.0,0,6943.5,6918.75,1.0,6942.25,6942.75,,,,,
2025-12-24,known,first_retest_no_body_cross,H,6972.25,6749273.0,,,0.0,0.0,0,6972.25,6957.25,1.0,6971.25,6972.0,,,,,
2025-12-26,known,closed_back_inside,L,6973.0,6750514.0,6750515.0,6750516.0,-0.25,-0.65,1,6994.0,6973.0,-1.0,6974.5,6972.75,6972.75,6973.0,1.0,0.5,0.25
2025-12-29,known,closed_back_inside,L,6943.5,6751866.0,6751867.0,6751869.0,-1.25,-1.65,1,6967.75,6943.5,-1.0,6944.25,6942.5,6942.5,6943.75,2.0,2.0,0.25
2025-12-30,known,first_retest_no_body_cross,L,6942.25,6753181.0,,,0.0,0.0,0,6960.75,6942.25,-1.0,6943.0,6942.5,,,,,
2025-12-31,known,first_retest_no_body_cross,L,6921.5,6754571.0,,,0.0,0.0,0,6947.5,6921.5,-1.0,6923.25,6921.75,,,,,
