riz_id,tf,date,entry_mod,side,t0_kind,confirmed,twin_absorbed,zone_age_d,e,b,M,d,s,minutes_t0_to_q,run_t0_q,M_minus_b,close_q_from_b,touched_b_before_q,status,p0,Y,X,G,G_lo,G_hi,ret,ret_lo,ret_hi,cont,cont_lo,cont_hi,minutes_held
riz_a48b847c18de3686d0224e8e0015ee17,123,20060118,624,north,minute_ignition,True,False,11.828472222222222,1736.5,1736.0,1737.5,0.5,1.25,1,-0.5,1.5,0.5,True,b_first,0.7142857142857143,1.0,0.2857142857142857,0.5,0.5,0.5,0.5,0.5,0.5,-0.5,-0.5,-0.5,1.0
riz_76e2bdeb25af04b1023925cb4fa36748,218,20060118,730,north,minute_ignition,False,False,11.77361111111111,1726.5,1734.0,1737.5,-7.5,11.25,108,-8.5,3.5,-7.5,True,b_at_entry,,,,,,,,,,,,,
riz_b0a5c3b7c09bfa2cd7479d4a85c58e88,174,20060126,684,south,minute_ignition,True,False,0.8020833333333334,1692.5,1696.5,1685.0,4.0,7.75,111,3.5,11.5,4.0,True,b_first,0.6595744680851063,1.0,0.34042553191489366,4.0,4.0,4.0,4.0,4.0,4.0,-4.0,-4.0,-4.0,14.0
riz_f68c673f1f0846192928736570a43f60,211,20060126,695,south,minute_ignition,False,False,0.7993055555555556,1695.5,1693.5,1685.0,-2.0,10.75,78,-2.0,8.5,-1.5,True,b_at_entry,,,,,,,,,,,,,
riz_47a76d97389834d9fff32512fbcf9dfa,212,20060126,700,south,minute_ignition,False,False,0.7986111111111112,1695.5,1692.0,1685.0,-3.5,10.75,78,-4.5,7.0,-3.5,True,b_at_entry,,,,,,,,,,,,,
riz_1634f897977c7a877ac076317a1f447b,193,20060127,605,north,minute_ignition,True,False,8.863194444444444,1725.5,1721.0,1726.5,4.5,1.25,4,3.5,5.5,4.5,False,a_first,0.21739130434782608,0.0,-0.21739130434782608,-1.25,-1.25,-1.25,-1.25,-1.25,-1.25,1.25,1.25,1.25,1.0
riz_7c37d651b7b86e62f016ead715fb24fe,163,20060215,618,north,native_confirmation,True,False,6.0,1679.0,1678.0,1679.5,1.0,0.75,0,0.0,1.5,1.0,False,a_first,0.42857142857142855,0.0,-0.42857142857142855,-0.75,-0.75,-0.75,-0.75,-0.75,-0.75,0.75,0.75,0.75,1.0
riz_a211b31f0ce2af40fc4588b6c6069da0,205,20060215,665,north,minute_ignition,False,False,5.968055555555556,1673.5,1679.5,1682.5,-6.0,9.25,46,-7.5,3.0,-6.5,True,b_at_entry,,,,,,,,,,,,,
riz_7f631a3a91923faaa90d8cc2880bb536,218,20060215,730,north,minute_ignition,False,False,5.926388888888889,1669.0,1681.5,1682.5,-12.5,13.75,106,-12.5,1.0,-12.0,True,b_at_entry,,,,,,,,,,,,,
riz_4eccaa00b693062f490a1f7bdc7e1e8d,160,20060221,600,south,minute_ignition,True,False,1.3180555555555555,1674.0,1679.5,1673.5,5.5,0.75,23,5.0,6.0,6.0,True,a_first,0.12,0.0,-0.12,-0.75,-0.75,-0.75,-0.75,-0.75,-0.75,0.75,0.75,0.75,1.0
riz_d225d3e468dc1d2f2b88441da82398a2,211,20060222,695,north,minute_ignition,True,False,1.14375,1681.0,1680.5,1683.0,0.5,2.25,4,0.0,2.5,0.5,True,b_first,0.8181818181818182,1.0,0.18181818181818177,0.5,0.5,0.5,0.5,0.5,0.5,-0.5,-0.5,-0.5,1.0
riz_6a8fa0a158b95e2a870e8aef694262a2,132,20060222,696,north,minute_ignition,True,False,1.2708333333333333,1680.5,1677.0,1683.0,3.5,2.75,7,3.0,6.0,3.5,True,a_first,0.44,0.0,-0.44,-2.75,-2.75,-2.75,-2.75,-2.75,-2.75,2.75,2.75,2.75,28.0
riz_d84bbdf9a3866e397f1495faa4c67b66,137,20060222,736,north,minute_ignition,False,False,1.1868055555555554,1682.5,1683.0,1684.5,-0.5,2.25,5,-1.5,1.5,-0.5,True,b_at_entry,,,,,,,,,,,,,
riz_8b3bb901f36cefc98b671b1f52fc0e06,229,20060222,785,north,minute_ignition,True,False,6.770138888888889,1687.0,1670.5,1688.5,16.5,1.75,102,14.5,18.0,16.5,False,a_first,0.0958904109589041,0.0,-0.0958904109589041,-1.75,-1.75,-1.75,-1.75,-1.75,-1.75,1.75,1.75,1.75,2.0
riz_25d306bb85098a3e827e813202cc144a,191,20060222,786,north,minute_ignition,True,False,6.795138888888889,1687.5,1668.5,1688.5,19.0,1.25,105,18.0,20.0,19.0,False,a_first,0.06172839506172839,0.0,-0.06172839506172839,-1.25,-1.25,-1.25,-1.25,-1.25,-1.25,1.25,1.25,1.25,1.0
riz_23a7edfd34f3000a960a9032710d2a73,129,20060222,801,north,minute_ignition,True,False,6.767361111111111,1686.0,1674.0,1689.5,12.0,3.75,116,11.0,15.5,12.0,True,censored_horizon,0.23809523809523808,,,1.5,1.5,1.5,1.5,1.5,1.5,-1.5,-1.5,-1.5,120.0
riz_9d07b5fdedcf2176b94716d5c8294a26,206,20060222,876,north,minute_ignition,True,False,1.1847222222222222,1683.0,1682.5,1689.5,0.5,6.75,146,0.0,7.0,0.5,True,b_first,0.9310344827586207,1.0,0.06896551724137934,0.5,0.5,0.5,0.5,0.5,0.5,-0.5,-0.5,-0.5,2.0
riz_fd60566d9b3ebb37351bd7856da9fec5,217,20060301,725,north,minute_ignition,False,False,1.1493055555555556,1695.5,1696.0,1697.0,-0.5,1.75,2,-1.0,1.0,-0.5,True,b_at_entry,,,,,,,,,,,,,
riz_110530ed1b4cb047a13eb1f310827449,123,20060301,747,north,minute_ignition,True,False,1.9583333333333333,1693.0,1689.0,1697.0,4.0,4.25,60,3.5,8.0,4.0,True,censored_horizon,0.5151515151515151,,,-3.0,-3.0,-3.0,-3.0,-3.0,-3.0,3.0,3.0,3.0,120.0
riz_0517b098de557fd54129029de8ceba89,125,20060301,765,north,minute_ignition,True,False,1.948611111111111,1695.0,1691.0,1697.0,4.0,2.25,74,3.5,6.0,4.0,True,a_first,0.36,0.0,-0.36,-2.25,-2.25,-2.25,-2.25,-2.25,-2.25,2.25,2.25,2.25,110.0
riz_10f772c093c76845675138d84bbc05d0,121,20060308,608,north,minute_ignition,False,False,0.24791666666666667,1663.5,1665.5,1666.5,-2.0,3.25,7,-2.0,1.0,-1.5,True,b_at_entry,,,,,,,,,,,,,
riz_69541cc46198f54d6bc57d0a7d6b9400,191,20060322,595,north,minute_ignition,False,False,7.727083333333334,1683.0,1685.0,1688.0,-2.0,5.25,12,-3.5,3.0,-2.0,True,b_at_entry,,,,,,,,,,,,,
riz_2530f2484719c92042e322db23e09f0c,147,20060324,669,north,minute_ignition,False,False,2.879861111111111,1702.5,1704.0,1706.0,-1.5,3.75,26,-2.0,2.0,-1.5,True,b_at_entry,,,,,,,,,,,,,
riz_34f6b5491ed173984480070931a325f8,121,20060328,850,north,minute_ignition,False,False,6.932638888888889,1707.5,1711.0,1712.0,-3.5,4.75,97,-4.5,1.0,-4.0,True,b_at_entry,,,,,,,,,,,,,
riz_84d362db8952ec016d46e32ceb9122ca,126,20060329,648,north,minute_ignition,False,False,0.8965277777777778,1698.0,1700.5,1702.5,-2.5,4.75,23,-3.5,2.0,-2.5,True,b_at_entry,,,,,,,,,,,,,
riz_cae0ab30cf1c86b495d5518918fe398b,145,20060329,655,north,minute_ignition,False,False,0.8791666666666667,1698.0,1702.0,1702.5,-4.0,4.75,29,-4.5,0.5,-4.0,True,b_at_entry,,,,,,,,,,,,,
riz_87f56899141d49c20abf2a9aa2ac1bae,129,20060405,801,south,minute_ignition,False,False,0.2875,1746.0,1732.5,1732.0,-13.5,14.25,102,-14.0,0.5,-13.5,True,b_at_entry,,,,,,,,,,,,,
riz_df0871c081f772b2091431e416deb79c,152,20060406,856,north,native_confirmation,True,False,80.17013888888889,1761.0,1760.0,1761.0,1.0,0.25,0,0.0,1.0,1.0,False,b_first,0.2,1.0,0.8,1.0,1.0,1.0,1.0,1.0,1.0,-1.0,-1.0,-1.0,3.0
riz_4eb0b6c8444269e273166089ddae74a9,141,20060406,909,north,minute_ignition,False,False,80.30208333333333,1756.0,1758.0,1761.0,-2.0,5.25,72,-3.5,3.0,-2.5,True,b_at_entry,,,,,,,,,,,,,
riz_98075a2c56f0d7f9564e1e1e84badf3d,143,20060418,784,north,minute_ignition,True,False,4.949305555555555,1733.0,1721.0,1734.0,12.0,1.25,73,11.0,13.0,12.0,False,a_first,0.09433962264150944,0.0,-0.09433962264150944,-1.25,-1.25,-1.25,-1.25,-1.25,-1.25,1.25,1.25,1.25,2.0
riz_2bd9fc8f7f4def5c6d80e2e59fc9e4c8,194,20060420,610,south,minute_ignition,False,False,0.8402777777777778,1745.0,1743.0,1740.5,-2.0,4.75,36,-3.0,2.5,-2.0,True,b_at_entry,,,,,,,,,,,,,
riz_02e1fbc4b62da8010591d7613d47a07c,138,20060421,882,south,minute_ignition,True,False,3.995833333333333,1720.0,1720.5,1718.0,0.5,2.25,6,-0.0,2.5,0.5,True,a_first,0.8181818181818182,0.0,-0.8181818181818182,-2.25,-2.25,-2.25,-2.25,-2.25,-2.25,2.25,2.25,2.25,4.0
riz_af6df9a56a0775bf98b9a714192e0d92,159,20060421,912,south,minute_ignition,True,False,3.9763888888888888,1716.0,1719.0,1715.0,3.0,1.25,34,2.0,4.0,3.0,True,a_first,0.29411764705882354,0.0,-0.29411764705882354,-1.25,-1.25,-1.25,-1.25,-1.25,-1.25,1.25,1.25,1.25,2.0
riz_c92fb142beafdb0dd3dee9e880473e46,160,20060421,920,south,minute_ignition,True,False,3.9763888888888888,1714.5,1717.5,1712.0,3.0,2.75,34,2.0,5.5,2.5,True,b_first,0.4782608695652174,1.0,0.5217391304347826,3.0,3.0,3.0,3.0,3.0,3.0,-3.0,-3.0,-3.0,11.0
riz_087156650ad2840295843fd5bb013c2a,183,20060421,921,south,minute_ignition,False,False,3.9277777777777776,1715.0,1714.5,1712.0,-0.5,3.25,5,-1.0,2.5,-0.5,True,b_at_entry,,,,,,,,,,,,,
riz_2266424e5312dabec21aa4a3b052b1f2,194,20060424,610,south,minute_ignition,True,False,6.126388888888889,1710.0,1710.5,1708.0,0.5,2.25,12,-0.0,2.5,0.5,True,b_first,0.8181818181818182,1.0,0.18181818181818177,0.5,0.5,0.5,0.5,0.5,0.5,-0.5,-0.5,-0.5,1.0
riz_c1fb8ffd7c7d38c809401944b17d78ab,151,20060424,697,south,minute_ignition,False,False,6.142361111111111,1710.0,1709.0,1708.0,-1.0,2.25,97,-1.5,1.0,-1.0,True,b_at_entry,,,,,,,,,,,,,
riz_8bb8e947b17b2ccac1b35f09a379e35d,120,20060424,840,north,minute_ignition,False,False,0.2076388888888889,1718.0,1718.0,1722.0,0.0,4.25,62,-2.0,4.0,0.0,True,b_at_entry,,,,,,,,,,,,,
riz_9c2313a232d63586535fbd5652ed4ff0,120,20060427,720,north,minute_ignition,True,False,8.765972222222222,1735.0,1729.0,1739.0,6.0,4.25,97,3.0,10.0,6.0,True,b_first,0.4146341463414634,1.0,0.5853658536585367,6.0,6.0,6.0,6.0,6.0,6.0,-6.0,-6.0,-6.0,51.0
riz_0f85e6246ee34d300a360339255da8c0,124,20060501,880,south,minute_ignition,True,False,4.245833333333334,1694.0,1707.0,1691.0,13.0,3.25,18,11.0,16.0,13.0,False,a_first,0.2,0.0,-0.2,-3.25,-3.25,-3.25,-3.25,-3.25,-3.25,3.25,3.25,3.25,6.0
riz_2c0e166de71cfdf39f714ee09aca245f,122,20060511,616,south,minute_ignition,True,False,50.296527777777776,1673.25,1676.0,1673.0,2.75,0.5,1,0.5,3.0,2.75,False,a_first,0.15384615384615385,0.0,-0.15384615384615385,-0.5,-0.5,-0.5,-0.5,-0.5,-0.5,0.5,0.5,0.5,1.0
riz_43d504c029121a797c7edc6386f7e0b7,212,20060523,700,north,minute_ignition,True,False,3.7645833333333334,1604.5,1604.25,1607.0,0.25,2.75,124,0.0,2.75,0.75,True,b_first,0.9166666666666666,1.0,0.08333333333333337,0.25,0.25,0.25,0.25,0.25,0.25,-0.25,-0.25,-0.25,1.0
riz_a27af64b8acdb334ece9b94960a81e4b,121,20060524,850,south,minute_ignition,False,False,0.19375,1571.25,1567.5,1558.75,-3.75,12.75,84,-4.0,8.75,-3.75,True,b_at_entry,,,,,,,,,,,,,
riz_e75fb9bd190d6d804a9a85510e503619,122,20060524,860,south,minute_ignition,False,False,0.19930555555555557,1574.0,1566.0,1558.75,-8.0,15.5,79,-9.5,7.25,-7.75,True,b_at_entry,,,,,,,,,,,,,
riz_18c3070938bfd96a66869ead94e3b52b,142,20060531,918,south,minute_ignition,False,False,0.45,1575.0,1571.0,1570.5,-4.0,4.75,62,-4.0,0.5,-3.5,True,b_at_entry,,,,,,,,,,,,,
riz_8eb0d82fb43f77c7008a1379b31ef8fc,130,20060531,940,south,minute_ignition,True,False,0.8770833333333333,1576.0,1581.5,1570.5,5.5,5.75,97,5.0,11.0,5.5,True,b_first,0.5111111111111111,1.0,0.48888888888888893,5.5,5.5,5.5,5.5,5.5,5.5,-5.5,-5.5,-5.5,4.0
riz_7b60df745dedfe95f9b6933cd988cf63,123,20060602,747,south,minute_ignition,False,False,4.010416666666667,1608.0,1607.5,1601.0,-0.5,7.25,42,-1.0,6.5,-0.5,True,b_at_entry,,,,,,,,,,,,,
riz_6909ab1217abe921cedaed35a848b883,164,20060605,952,south,minute_ignition,True,False,4.450694444444444,1579.75,1582.25,1579.5,2.5,0.5,7,1.75,2.75,2.5,True,a_first,0.16666666666666666,0.0,-0.16666666666666666,-0.5,-0.5,-0.5,-0.5,-0.5,-0.5,0.5,0.5,0.5,1.0
riz_5e69dd89bee3a3a6dcf2978bbec90922,188,20060605,956,south,minute_ignition,True,False,4.3875,1580.25,1580.5,1579.25,0.25,1.25,6,-0.5,1.25,0.25,True,b_first,0.8333333333333334,1.0,0.16666666666666663,0.25,0.25,0.25,0.25,0.25,0.25,-0.25,-0.25,-0.25,1.0
riz_866f368a20ef67fb0fd5a67a4275aa8e,131,20060607,688,south,minute_ignition,False,False,0.19583333333333333,1583.25,1578.0,1573.25,-5.25,10.25,111,-5.5,4.75,-5.25,True,b_at_entry,,,,,,,,,,,,,
riz_7be9be8817f11a6b8fb6fcfce1064657,128,20060616,664,south,minute_ignition,True,False,6.761805555555555,1578.75,1583.25,1575.0,4.5,4.0,87,4.0,8.25,4.5,True,a_first,0.47058823529411764,0.0,-0.47058823529411764,-4.0,-4.0,-4.0,-4.0,-4.0,-4.0,4.0,4.0,4.0,21.0
riz_87403bed8c762887f250ac788e8bf349,210,20060616,690,south,minute_ignition,True,False,6.771527777777778,1575.5,1578.75,1573.5,3.25,2.25,44,3.0,5.25,3.5,True,b_first,0.4090909090909091,1.0,0.5909090909090908,3.25,3.25,3.25,3.25,3.25,3.25,-3.25,-3.25,-3.25,9.0
riz_8a71d7f01ec8148257ae06e145089451,229,20060620,785,north,minute_ignition,False,False,1.0986111111111112,1574.0,1580.25,1583.75,-6.25,10.0,87,-7.75,3.5,-6.25,True,b_at_entry,,,,,,,,,,,,,
riz_1c0e872ef8b3059edeb6fd902d4f8585,234,20060620,810,north,minute_ignition,False,False,1.0875,1572.5,1582.0,1583.75,-9.5,11.5,108,-10.25,1.75,-9.5,True,b_at_entry,,,,,,,,,,,,,
riz_39525d9d73eeeb7253c6829332e3c5c3,129,20060623,801,north,minute_ignition,True,False,0.3125,1579.75,1573.5,1584.75,6.25,5.25,66,5.75,11.25,6.25,True,b_first,0.45652173913043476,1.0,0.5434782608695652,6.25,6.25,6.25,6.25,6.25,6.25,-6.25,-6.25,-6.25,87.0
riz_971e1521a15b37f342b144215a2dc6b6,181,20060623,907,north,minute_ignition,False,False,0.2604166666666667,1570.5,1574.75,1584.75,-4.25,14.5,169,-6.75,10.0,-4.25,True,b_at_entry,,,,,,,,,,,,,
riz_f21ba54798c5eb4b48e10964e967c95e,201,20060627,846,south,minute_ignition,True,False,14.754166666666666,1552.25,1558.25,1546.75,6.0,5.75,181,5.25,11.5,6.0,False,a_first,0.48936170212765956,0.0,-0.48936170212765956,-5.75,-5.75,-5.75,-5.75,-5.75,-5.75,5.75,5.75,5.75,21.0
riz_d67e395f389397cef04c10f3d16ba07f,185,20060629,935,north,minute_ignition,True,False,7.381944444444445,1599.5,1594.25,1600.0,5.25,0.75,6,2.75,5.75,5.5,False,a_first,0.125,0.0,-0.125,-0.75,-0.75,-0.75,-0.75,-0.75,-0.75,0.75,0.75,0.75,4.0
riz_89caef76190e9352d4c661839e220880,138,20060630,606,south,minute_ignition,False,False,7.997222222222222,1593.75,1592.25,1591.5,-1.5,2.5,4,-1.75,0.75,-1.5,True,b_at_entry,,,,,,,,,,,,,
riz_65090b3a41ca80f607707527f2bbc722,128,20060630,664,south,minute_ignition,False,False,8.04513888888889,1596.25,1595.25,1590.25,-1.0,6.25,63,-2.75,5.0,-0.75,True,b_at_entry,,,,,,,,,,,,,
riz_1da1c490295130dddf76169f1cab2194,173,20060630,678,south,minute_ignition,False,False,7.963888888888889,1595.25,1591.0,1590.25,-4.25,5.25,52,-4.75,0.75,-4.5,True,b_at_entry,,,,,,,,,,,,,
riz_ac3d42ff2916391899896978900563c5,147,20060707,669,south,minute_ignition,False,False,9.728472222222223,1553.75,1553.0,1548.25,-0.75,5.75,97,-2.0,4.75,-0.75,True,b_at_entry,,,,,,,,,,,,,
riz_7e3a9455f7b57c6d9bf84ac7a679cf7c,172,20060707,672,south,minute_ignition,False,False,9.692361111111111,1553.75,1551.5,1548.25,-2.25,5.75,99,-2.5,3.25,-2.0,True,b_at_entry,,,,,,,,,,,,,
riz_2218ed9f4d684cb8d77e6629298aa916,160,20060712,600,south,minute_ignition,True,False,1.7048611111111112,1536.25,1538.5,1536.0,2.25,0.5,7,2.0,2.5,2.25,True,a_first,0.18181818181818182,0.0,-0.18181818181818182,-0.5,-0.5,-0.5,-0.5,-0.5,-0.5,0.5,0.5,0.5,1.0
riz_f0160e15e3eab060377d3dd964dd9e85,193,20060712,605,south,minute_ignition,False,False,1.1319444444444444,1535.25,1534.75,1533.25,-0.5,2.25,3,-1.25,1.5,-0.5,True,b_at_entry,,,,,,,,,,,,,
riz_2a7e4f052b0deb4292632738310bdebd,120,20060712,720,south,minute_ignition,False,False,0.9416666666666667,1532.75,1531.0,1527.0,-1.75,6.0,84,-2.25,4.0,-1.5,True,b_at_entry,,,,,,,,,,,,,
riz_fc146d95119bec7cc748af0163c26be1,239,20060712,835,south,minute_ignition,True,False,1.0256944444444445,1515.75,1534.0,1512.5,18.25,3.5,202,16.75,21.5,18.25,True,a_first,0.16091954022988506,0.0,-0.16091954022988506,-3.5,-3.5,-3.5,-3.5,-3.5,-3.5,3.5,3.5,3.5,62.0
riz_0a2e8dd4e9dfefe010d656e24be6254c,197,20060713,822,north,minute_ignition,False,False,0.49236111111111114,1499.25,1516.75,1519.5,-17.5,20.5,83,-18.5,2.75,-18.0,True,b_at_entry,,,,,,,,,,,,,
riz_04e05f4bbe357a34f3b053c8394bffc2,184,20060717,744,north,minute_ignition,False,False,3.1416666666666666,1481.25,1485.5,1486.75,-4.25,5.75,165,-5.0,1.25,-4.25,True,b_at_entry,,,,,,,,,,,,,
riz_ce2065a3e34e18811c6444a9e8d228c0,161,20060725,606,south,minute_ignition,False,False,4.75625,1502.0,1492.75,1489.75,-9.25,12.5,29,-10.0,3.0,-9.25,True,b_at_entry,,,,,,,,,,,,,
riz_6357cd2dc2a2dfecb871e7c3d4d2e92f,194,20060725,610,south,minute_ignition,False,False,4.710416666666666,1504.25,1491.0,1489.75,-13.25,14.75,29,-13.5,1.25,-13.25,True,b_at_entry,,,,,,,,,,,,,
riz_edce987f66dc495d2cbf125f8afcefaf,236,20060728,584,north,minute_ignition,True,False,0.9993055555555556,1502.0,1501.5,1503.5,0.5,1.75,1,0.25,2.0,0.5,False,a_first,0.7777777777777778,0.0,-0.7777777777777778,-1.75,-1.75,-1.75,-1.75,-1.75,-1.75,1.75,1.75,1.75,2.0
riz_a8d43d6f58b089405aa5cecdcca638af,189,20060728,585,north,minute_ignition,True,False,1.13125,1502.75,1499.25,1503.5,3.5,1.0,3,3.25,4.25,3.5,False,a_first,0.2222222222222222,0.0,-0.2222222222222222,-1.0,-1.0,-1.0,-1.0,-1.0,-1.0,1.0,1.0,1.0,1.0
riz_4f622af6b1357ab92fc676f2b4889e8b,238,20060728,592,north,minute_ignition,False,False,0.9958333333333333,1503.75,1503.75,1506.25,0.0,2.75,6,-1.5,2.5,0.0,True,b_at_entry,,,,,,,,,,,,,
riz_dd58a15b4df6514721ace190764b6ed0,143,20060731,641,north,minute_ignition,True,False,18.726388888888888,1521.75,1521.0,1527.0,0.75,5.5,15,0.5,6.0,0.75,True,b_first,0.88,1.0,0.12,0.75,0.75,0.75,0.75,0.75,0.75,-0.75,-0.75,-0.75,1.0
riz_03adda76ad023b83fb23c3f01ad76099,146,20060801,662,south,minute_ignition,True,False,4.7555555555555555,1490.25,1499.25,1488.25,9.0,2.25,60,8.0,11.0,8.75,False,censored_horizon,0.2,,,2.75,2.75,2.75,2.75,2.75,2.75,-2.75,-2.75,-2.75,120.0
riz_401749f60dcf5690f0fd3fc0c58442d9,232,20060801,800,south,minute_ignition,True,False,4.710416666666666,1489.75,1500.75,1488.25,11.0,1.75,199,10.25,12.5,11.25,False,a_first,0.13725490196078433,0.0,-0.13725490196078433,-1.75,-1.75,-1.75,-1.75,-1.75,-1.75,1.75,1.75,1.75,3.0
riz_cef4426513fa10fefa6d2f7845a74f31,120,20060802,600,north,minute_ignition,False,False,4.8284722222222225,1505.0,1508.0,1508.75,-3.0,4.0,7,-3.5,0.75,-3.0,True,b_at_entry,,,,,,,,,,,,,
riz_d0658ebb3752092925f58821b598e208,122,20060804,738,south,minute_ignition,True,False,0.2534722222222222,1516.0,1517.5,1516.0,1.5,0.25,2,1.25,1.5,1.5,True,b_first,0.14285714285714285,1.0,0.8571428571428572,1.5,1.5,1.5,1.5,1.5,1.5,-1.5,-1.5,-1.5,2.0
riz_71f38d03c328ef1559ab02e5f1589d5c,143,20060804,784,south,minute_ignition,False,False,1.3805555555555555,1511.75,1509.0,1508.5,-2.75,3.5,24,-3.0,0.5,-2.75,True,b_at_entry,,,,,,,,,,,,,
riz_144617489c7e9501d290f6a3dfe3fd26,232,20060804,800,south,minute_ignition,False,False,1.1583333333333334,1507.25,1507.25,1505.0,-0.0,2.5,4,-0.75,2.25,-0.0,True,b_at_entry,,,,,,,,,,,,,
riz_356872cfc14a276215af3b874efe6822,236,20060804,820,south,minute_ignition,True,False,1.1520833333333333,1502.5,1505.0,1501.5,2.5,1.25,17,1.75,3.5,2.5,True,b_first,0.3333333333333333,1.0,0.6666666666666667,2.5,2.5,2.5,2.5,2.5,2.5,-2.5,-2.5,-2.5,3.0
riz_529e38a05442f7f613f97e8e49c86099,120,20060804,840,south,minute_ignition,True,False,1.8208333333333333,1504.75,1511.0,1501.5,6.25,3.5,82,4.75,9.5,6.0,True,a_first,0.358974358974359,0.0,-0.358974358974359,-3.5,-3.5,-3.5,-3.5,-3.5,-3.5,3.5,3.5,3.5,25.0
riz_81bca6844f9698057bfb9832acf3c743,137,20060804,873,south,minute_ignition,True,False,1.14375,1502.0,1503.0,1500.5,1.0,1.75,67,0.5,2.5,1.0,True,b_first,0.6363636363636364,1.0,0.36363636363636365,1.0,1.0,1.0,1.0,1.0,1.0,-1.0,-1.0,-1.0,2.0
riz_3854d001ecdb6148288f5b73564653e4,213,20060809,705,north,minute_ignition,True,False,4.997916666666667,1524.25,1521.25,1525.25,3.0,1.25,3,2.25,4.0,3.0,False,b_first,0.29411764705882354,1.0,0.7058823529411764,3.0,3.0,3.0,3.0,3.0,3.0,-3.0,-3.0,-3.0,13.0
riz_f8a335020c3cbed79fa696550f57a731,134,20060809,712,north,minute_ignition,False,False,4.9944444444444445,1521.75,1523.0,1525.25,-1.25,3.75,8,-2.75,2.25,-1.25,True,b_at_entry,,,,,,,,,,,,,
riz_10479b2aa5efe8da80ecc085ed1ca699,120,20060809,720,north,minute_ignition,True,False,5.064583333333333,1521.25,1519.75,1525.25,1.5,4.25,27,1.5,5.5,1.75,True,b_first,0.7391304347826086,1.0,0.26086956521739135,1.5,1.5,1.5,1.5,1.5,1.5,-1.5,-1.5,-1.5,13.0
riz_40490a28a0ef78172129d91bc6247d0d,134,20060810,846,north,minute_ignition,True,False,1.0923611111111111,1506.5,1505.0,1506.75,1.5,0.5,1,1.25,1.75,1.5,True,b_first,0.25,1.0,0.75,1.5,1.5,1.5,1.5,1.5,1.5,-1.5,-1.5,-1.5,2.0
riz_0a3c011f7929daeb81fe0334e032d25d,201,20060810,846,north,native_confirmation,True,False,1.0,1506.5,1506.25,1506.75,0.25,0.5,0,0.0,0.5,0.25,False,b_first,0.6666666666666666,1.0,0.33333333333333337,0.25,0.25,0.25,0.25,0.25,0.25,-0.25,-0.25,-0.25,1.0
riz_181cd3ec55d113816b03e53e839a9f86,208,20060810,888,north,minute_ignition,False,False,1.1006944444444444,1499.75,1501.75,1507.25,-2.0,7.75,63,-2.5,5.5,-1.75,True,b_at_entry,,,,,,,,,,,,,
riz_2c364b94f1c800337225af59677b2fd5,205,20060811,665,south,minute_ignition,False,False,1.1034722222222222,1495.0,1490.5,1489.25,-4.5,6.0,56,-4.75,1.25,-4.25,True,b_at_entry,,,,,,,,,,,,,
riz_ed14566cc1182c4d136b8d03ddbf5a32,221,20060811,745,south,minute_ignition,True,False,1.0486111111111112,1489.5,1492.5,1488.0,3.0,1.75,151,2.75,4.5,3.0,True,b_first,0.3684210526315789,1.0,0.631578947368421,3.0,3.0,3.0,3.0,3.0,3.0,-3.0,-3.0,-3.0,20.0
riz_68a2de41b0a876d5738022c06fff854e,233,20060811,805,south,minute_ignition,True,False,1.1006944444444444,1486.5,1490.0,1486.0,3.5,0.75,88,2.25,4.0,3.5,True,a_first,0.17647058823529413,0.0,-0.17647058823529413,-0.75,-0.75,-0.75,-0.75,-0.75,-0.75,0.75,0.75,0.75,2.0
riz_ae6949d0a46c290f6c89ce0529fadf5c,127,20060814,656,north,minute_ignition,False,False,4.853472222222222,1505.25,1508.25,1509.0,-3.0,4.0,84,-3.25,0.75,-3.0,True,b_at_entry,,,,,,,,,,,,,
riz_4cc883fa2db3faeb9f1715c5733bb6a0,135,20060822,585,north,minute_ignition,True,False,0.2763888888888889,1574.5,1571.5,1575.0,3.0,0.75,7,2.75,3.5,3.0,True,a_first,0.2,0.0,-0.2,-0.75,-0.75,-0.75,-0.75,-0.75,-0.75,0.75,0.75,0.75,1.0
riz_6eff5747e31f47d223b8d012926f2531,132,20060822,696,north,minute_ignition,False,False,4.770833333333333,1581.5,1581.75,1583.75,-0.25,2.5,6,-0.75,2.0,-0.5,True,b_at_entry,,,,,,,,,,,,,
riz_1ba169b7638ed140d73ca86c8226bce1,120,20060822,840,south,minute_ignition,True,False,0.22430555555555556,1566.5,1569.0,1561.5,2.5,5.25,37,1.75,7.5,2.5,False,a_first,0.6774193548387096,0.0,-0.6774193548387096,-5.25,-5.25,-5.25,-5.25,-5.25,-5.25,5.25,5.25,5.25,13.0
riz_c011ea49c47f47b27ff9f1e3c545ea79,122,20060822,860,south,minute_ignition,True,False,0.21597222222222223,1562.75,1567.0,1560.75,4.25,2.25,55,4.0,6.25,4.25,True,b_first,0.34615384615384615,1.0,0.6538461538461539,4.25,4.25,4.25,4.25,4.25,4.25,-4.25,-4.25,-4.25,21.0
riz_6d62657c824787f7d8a8a276d8d80d40,136,20060822,864,south,minute_ignition,True,False,0.2326388888888889,1562.75,1570.5,1560.75,7.75,2.25,73,7.25,9.75,7.5,True,b_first,0.225,1.0,0.775,7.75,7.75,7.75,7.75,7.75,7.75,-7.75,-7.75,-7.75,38.0
riz_917afd03fa6763c0a44814e8a979591b,123,20060822,870,south,minute_ignition,True,False,0.22013888888888888,1564.25,1565.75,1560.75,1.5,3.75,52,1.0,5.0,1.5,True,b_first,0.7142857142857143,1.0,0.2857142857142857,1.5,1.5,1.5,1.5,1.5,1.5,-1.5,-1.5,-1.5,11.0
riz_0871bc49360e39d201a3581d1497d21d,189,20060823,585,north,minute_ignition,False,False,0.8625,1573.25,1573.5,1576.5,-0.25,3.5,9,-1.75,3.0,0.0,True,b_at_entry,,,,,,,,,,,,,
riz_186df430abac78bf6a45c12e351e487c,137,20060824,736,south,minute_ignition,True,False,0.19166666666666668,1548.25,1556.5,1546.75,8.25,1.75,135,7.75,9.75,8.25,True,b_first,0.175,1.0,0.825,8.25,8.25,8.25,8.25,8.25,8.25,-8.25,-8.25,-8.25,114.0
riz_7bcf5f8d1e67d8199a7c766762d0d820,123,20060825,624,north,minute_ignition,True,False,1.9854166666666666,1569.75,1566.25,1576.0,3.5,6.5,21,1.5,9.75,3.5,False,b_first,0.65,1.0,0.35,3.5,3.5,3.5,3.5,3.5,3.5,-3.5,-3.5,-3.5,10.0
riz_485a48f36ad2e180095bd24ec57e8807,159,20060829,753,south,minute_ignition,False,False,1.1381944444444445,1559.5,1559.25,1556.0,-0.25,3.75,119,-0.75,3.25,-0.25,True,b_at_entry,,,,,,,,,,,,,
riz_54ff11015c78576a4920f6db66a8197d,131,20060829,950,north,minute_ignition,True,False,1.0416666666666667,1578.5,1568.25,1580.25,10.25,2.0,71,9.75,12.0,10.25,True,censored_window,0.16326530612244897,,,1.0,1.0,1.0,1.0,1.0,1.0,-1.0,-1.0,-1.0,10.0
riz_fa545ea14141e203b3277e39deb8cebf,120,20060905,720,north,minute_ignition,True,False,63.0125,1604.25,1600.5,1605.0,3.75,1.0,12,1.75,4.5,3.5,False,a_first,0.21052631578947367,0.0,-0.21052631578947367,-1.0,-1.0,-1.0,-1.0,-1.0,-1.0,1.0,1.0,1.0,1.0
riz_2429c9c94ea8bae7526bfb4dde92216b,143,20060907,784,north,minute_ignition,False,False,0.2375,1590.0,1591.25,1599.5,-1.25,9.75,91,-2.5,8.25,-1.5,True,b_at_entry,,,,,,,,,,,,,
riz_2ba14e544966e59cf1fcac143daffdab,165,20060907,795,north,minute_ignition,False,False,1.8375,1593.5,1597.0,1599.5,-3.5,6.25,69,-4.0,2.5,-3.75,True,b_at_entry,,,,,,,,,,,,,
riz_1f924e7d63d732b686b2f8dc9cc4b129,199,20060907,834,north,minute_ignition,True,False,1.7993055555555555,1600.75,1598.25,1602.0,2.5,1.5,106,2.25,3.75,2.75,True,b_first,0.375,1.0,0.625,2.5,2.5,2.5,2.5,2.5,2.5,-2.5,-2.5,-2.5,5.0
riz_58826915943de6544bf9d75c09a7514b,213,20060907,918,north,minute_ignition,False,False,1.8659722222222221,1591.0,1596.5,1602.0,-5.5,11.25,193,-6.0,5.5,-5.5,True,b_at_entry,,,,,,,,,,,,,
riz_f06515d54a2a9b10e33e6a06942bfc8c,145,20060911,800,north,minute_ignition,True,False,2.85,1606.75,1591.25,1607.25,15.5,0.75,71,15.0,16.0,15.5,True,a_first,0.046153846153846156,0.0,-0.046153846153846156,-0.75,-0.75,-0.75,-0.75,-0.75,-0.75,0.75,0.75,0.75,1.0
riz_3c6253b2643ec8475ee74250ad880311,173,20060912,678,north,minute_ignition,True,False,102.22847222222222,1619.25,1618.25,1621.25,1.0,2.25,17,0.25,3.0,0.75,False,b_first,0.6923076923076923,1.0,0.3076923076923077,1.0,1.0,1.0,1.0,1.0,1.0,-1.0,-1.0,-1.0,3.0
riz_82917436f23965f1589cd8440b7d1f09,175,20060912,690,north,minute_ignition,False,False,102.22638888888889,1617.75,1619.5,1621.25,-1.75,3.75,24,-2.25,1.75,-1.75,True,b_at_entry,,,,,,,,,,,,,
riz_c3d8fc4b742522792d1b0b0cf509405a,233,20060912,805,north,minute_ignition,False,False,102.07083333333334,1616.75,1621.0,1621.25,-4.25,4.75,131,-4.25,0.25,-4.0,True,b_at_entry,,,,,,,,,,,,,
riz_b72a61428c56e9fd933d1b097741da43,155,20060912,880,north,minute_ignition,True,False,102.20138888888889,1630.25,1622.5,1631.5,7.75,1.5,20,6.75,9.0,7.75,False,a_first,0.16216216216216217,0.0,-0.16216216216216217,-1.5,-1.5,-1.5,-1.5,-1.5,-1.5,1.5,1.5,1.5,8.0
riz_87b7fbd8a1838181464409f400f43225,184,20060925,928,north,minute_ignition,True,False,4.247222222222222,1670.75,1668.0,1672.0,2.75,1.5,12,1.5,4.0,3.0,False,b_first,0.35294117647058826,1.0,0.6470588235294117,2.75,2.75,2.75,2.75,2.75,2.75,-2.75,-2.75,-2.75,5.0
riz_beb6e160e213c3b6e550c8425e801f07,198,20061002,828,south,native_confirmation,True,False,10.1375,1652.25,1652.75,1652.0,0.5,0.5,0,-0.0,0.75,0.5,False,a_first,0.5,0.0,-0.5,-0.5,-0.5,-0.5,-0.5,-0.5,-0.5,0.5,0.5,0.5,1.0
riz_576c308c62d4e569b52a916c5f863176,188,20061002,956,south,minute_ignition,True,False,10.172916666666667,1650.0,1651.5,1646.25,1.5,4.0,127,0.25,5.25,1.25,True,censored_window,0.7272727272727273,,,-1.0,-1.0,-1.0,-1.0,-1.0,-1.0,1.0,1.0,1.0,4.0
riz_7f6b74627058ae6770e36f721f6ffc24,221,20061003,745,north,minute_ignition,True,False,7.80625,1659.75,1650.0,1661.0,9.75,1.5,58,9.75,11.0,10.0,True,a_first,0.13333333333333333,0.0,-0.13333333333333333,-1.5,-1.5,-1.5,-1.5,-1.5,-1.5,1.5,1.5,1.5,8.0
riz_496da1d65cc646cfd267fd1b4724d059,222,20061003,750,north,minute_ignition,True,False,7.829861111111111,1658.75,1654.75,1661.0,4.0,2.5,23,3.5,6.25,3.75,True,a_first,0.38461538461538464,0.0,-0.38461538461538464,-2.5,-2.5,-2.5,-2.5,-2.5,-2.5,2.5,2.5,2.5,3.0
riz_1d23decabc72241388a3f68f2b05b458,226,20061003,770,north,minute_ignition,True,False,7.817361111111111,1658.0,1656.25,1661.5,1.75,3.75,37,1.25,5.25,1.75,True,a_first,0.6818181818181818,0.0,-0.6818181818181818,-3.75,-3.75,-3.75,-3.75,-3.75,-3.75,3.75,3.75,3.75,10.0
riz_852f554e3c2049b79637c79ab932c704,227,20061003,775,north,minute_ignition,True,False,7.815972222222222,1659.0,1658.25,1661.5,0.75,2.75,38,0.0,3.25,0.5,True,b_first,0.7857142857142857,1.0,0.2142857142857143,0.75,0.75,0.75,0.75,0.75,0.75,-0.75,-0.75,-0.75,2.0
riz_89946873bc5578628895969565cd3df6,125,20061005,765,north,minute_ignition,False,False,147.30555555555554,1696.25,1702.25,1703.5,-6.0,7.5,61,-6.75,1.25,-6.0,True,b_at_entry,,,,,,,,,,,,,
riz_5777047e6ed4669f1a46d86c3d3a262a,145,20061011,945,south,minute_ignition,False,False,0.2534722222222222,1703.5,1702.25,1685.0,-1.25,18.75,70,-1.75,17.25,-1.5,True,b_at_entry,,,,,,,,,,,,,
riz_88b33d59049eae8863a0de3331d43121,197,20061019,625,north,minute_ignition,True,False,1.125,1724.0,1722.75,1726.25,1.25,2.5,17,1.0,3.5,1.25,True,b_first,0.6666666666666666,1.0,0.33333333333333337,1.25,1.25,1.25,1.25,1.25,1.25,-1.25,-1.25,-1.25,2.0
riz_784ed5ac04bd3e4e89f43a29f4cb3da2,196,20061023,620,north,minute_ignition,False,False,6.997916666666667,1738.5,1738.75,1740.0,-0.25,1.75,3,-0.75,1.25,-0.25,True,b_at_entry,,,,,,,,,,,,,
riz_ff935f09ce9f27b9513c3c6ac0b503a7,196,20061023,816,north,minute_ignition,False,False,6.868055555555555,1738.5,1741.25,1745.0,-2.75,6.75,190,-2.75,3.75,-2.5,True,b_at_entry,,,,,,,,,,,,,
riz_aac8a88e434b05f27593d7d9f3546bbb,123,20061023,870,south,minute_ignition,True,False,6.327083333333333,1732.25,1734.75,1730.75,2.5,1.75,22,2.25,4.0,2.5,True,b_first,0.4117647058823529,1.0,0.5882352941176471,2.5,2.5,2.5,2.5,2.5,2.5,-2.5,-2.5,-2.5,6.0
riz_4e4b13208a63be79d78a0b345a673034,141,20061023,909,south,minute_ignition,False,False,6.3381944444444445,1738.75,1736.5,1730.75,-2.25,8.25,79,-2.75,5.75,-2.5,True,b_at_entry,,,,,,,,,,,,,
riz_cbef5b2a270df17967ea23bace0bedfb,162,20061024,774,south,minute_ignition,True,False,1.2243055555555555,1718.5,1719.5,1717.5,1.0,1.25,1,0.25,2.0,1.25,False,a_first,0.5555555555555556,0.0,-0.5555555555555556,-1.25,-1.25,-1.25,-1.25,-1.25,-1.25,1.25,1.25,1.25,4.0
riz_9e051df915a1e125504065c926c4f92e,142,20061024,776,south,minute_ignition,True,False,1.292361111111111,1719.0,1721.25,1717.5,2.25,1.75,5,0.75,3.75,2.5,False,a_first,0.4375,0.0,-0.4375,-1.75,-1.75,-1.75,-1.75,-1.75,-1.75,1.75,1.75,1.75,2.0
riz_2816d54a5e1cfd15352569214e3df37c,136,20061026,864,north,minute_ignition,True,False,0.2,1754.25,1743.5,1754.75,10.75,0.75,120,10.75,11.25,11.0,True,a_first,0.06521739130434782,0.0,-0.06521739130434782,-0.75,-0.75,-0.75,-0.75,-0.75,-0.75,0.75,0.75,0.75,2.0
riz_02a5bb7cb117daeccba8f64c8bfbccb3,126,20061102,774,north,minute_ignition,False,False,0.2659722222222222,1714.75,1719.25,1723.5,-4.5,9.0,121,-5.25,4.25,-4.5,True,b_at_entry,,,,,,,,,,,,,
riz_1d429b9b9a343ae786e16a23f332823b,203,20061106,655,north,minute_ignition,True,False,6.8180555555555555,1741.0,1729.5,1742.75,11.5,2.0,59,10.75,13.25,11.25,False,censored_horizon,0.14814814814814814,,,1.5,1.5,1.5,1.5,1.5,1.5,-1.5,-1.5,-1.5,120.0
riz_b66ce95e6f88d8e3a01ad5aab9094027,126,20061107,900,south,minute_ignition,False,False,11.620833333333334,1755.25,1753.25,1748.75,-2.0,6.75,48,-2.5,4.5,-1.75,True,b_at_entry,,,,,,,,,,,,,
riz_baaefa54e72f587acfd99357f086f7ce,127,20061124,656,north,minute_ignition,True,False,0.9736111111111111,1823.5,1823.0,1825.25,0.5,2.0,4,0.0,2.25,0.5,True,a_first,0.8,0.0,-0.8,-2.0,-2.0,-2.0,-2.0,-2.0,-2.0,2.0,2.0,2.0,3.0
riz_35f53bfb92fc3705be7c58795833e422,120,20061206,600,south,minute_ignition,False,False,4.988194444444445,1798.25,1795.75,1793.5,-2.5,5.0,17,-3.25,2.25,-2.5,True,b_at_entry,,,,,,,,,,,,,
riz_cbae0bddcf528dc40790651f0ff3377a,163,20061211,618,north,native_confirmation,True,False,4.115277777777778,1826.25,1824.5,1827.25,1.75,1.25,0,0.0,2.75,1.75,False,b_first,0.4166666666666667,1.0,0.5833333333333333,1.75,1.75,1.75,1.75,1.75,1.75,-1.75,-1.75,-1.75,2.0
riz_abde99da18b5f4f9eadeec853fa1bf25,158,20061218,904,south,minute_ignition,True,False,6.761111111111111,1809.5,1817.5,1808.75,8.0,1.0,18,6.5,8.75,8.0,False,a_first,0.1111111111111111,0.0,-0.1111111111111111,-1.0,-1.0,-1.0,-1.0,-1.0,-1.0,1.0,1.0,1.0,1.0
riz_57978de1ada2722d6c11c71225db2d8f,128,20061218,920,south,minute_ignition,True,False,4.345138888888889,1806.5,1808.0,1804.25,1.5,2.5,15,0.75,3.75,1.5,True,b_first,0.625,1.0,0.375,1.5,1.5,1.5,1.5,1.5,1.5,-1.5,-1.5,-1.5,6.0
riz_4a3772560ebd557dfa22b2090252b099,167,20070103,642,north,minute_ignition,False,False,14.465972222222222,1804.75,1805.25,1806.25,-0.5,1.75,3,-0.5,1.0,-0.25,True,b_at_entry,,,,,,,,,,,,,
riz_2b315feaa32b19635642022eac93eb9e,216,20070103,720,north,minute_ignition,True,False,13.084027777777777,1804.0,1799.75,1811.0,4.25,7.25,95,3.5,11.25,4.25,False,b_first,0.6304347826086957,1.0,0.3695652173913043,4.25,4.25,4.25,4.25,4.25,4.25,-4.25,-4.25,-4.25,27.0
riz_be1c9bb7ea45efaecd47dcb7d365e467,195,20070103,810,north,minute_ignition,False,False,14.427083333333334,1797.25,1805.5,1811.0,-8.25,14.0,166,-9.75,5.5,-8.25,True,b_at_entry,,,,,,,,,,,,,
riz_33f7456d897d30172fd28be49a6cd906,135,20070103,855,south,minute_ignition,True,False,5.091666666666667,1771.25,1778.0,1766.5,6.75,5.0,3,4.75,11.5,6.5,False,a_first,0.425531914893617,0.0,-0.425531914893617,-5.0,-5.0,-5.0,-5.0,-5.0,-5.0,5.0,5.0,5.0,3.0
riz_166005322fd2befa1fa8bebccc525308,122,20070103,860,south,minute_ignition,True,False,12.977777777777778,1762.25,1794.0,1760.25,31.75,2.25,32,30.75,33.75,31.75,True,a_first,0.0661764705882353,0.0,-0.0661764705882353,-2.25,-2.25,-2.25,-2.25,-2.25,-2.25,2.25,2.25,2.25,19.0
riz_dd627607e06da74fec6776873cb34b27,122,20070103,860,south,minute_ignition,True,False,4.913888888888889,1762.25,1783.0,1760.25,20.75,2.25,9,18.5,22.75,20.75,False,a_first,0.09782608695652174,0.0,-0.09782608695652174,-2.25,-2.25,-2.25,-2.25,-2.25,-2.25,2.25,2.25,2.25,19.0
riz_4f1d3d8b00fa16c839e4ac5d7147f90d,169,20070104,654,north,minute_ignition,True,False,0.8805555555555555,1796.25,1794.5,1799.0,1.75,3.0,3,-0.5,4.5,1.75,False,a_first,0.631578947368421,0.0,-0.631578947368421,-3.0,-3.0,-3.0,-3.0,-3.0,-3.0,3.0,3.0,3.0,8.0
riz_50ff3af3402a37487e3af38a6e385b9b,170,20070104,660,north,minute_ignition,True,False,0.8729166666666667,1797.5,1792.0,1799.0,5.5,1.75,13,5.0,7.0,5.5,True,a_first,0.2413793103448276,0.0,-0.2413793103448276,-1.75,-1.75,-1.75,-1.75,-1.75,-1.75,1.75,1.75,1.75,2.0
riz_84ed656727a4b55329988577f48f319c,128,20070104,664,north,minute_ignition,True,False,0.9097222222222222,1801.25,1799.0,1802.0,2.25,1.0,2,1.75,3.0,2.0,True,a_first,0.3076923076923077,0.0,-0.3076923076923077,-1.0,-1.0,-1.0,-1.0,-1.0,-1.0,1.0,1.0,1.0,2.0
riz_cadf7f0e57658f479fae61f0eb1367c3,164,20070104,788,north,minute_ignition,False,False,0.9138888888888889,1799.0,1799.75,1803.0,-0.75,4.25,124,-1.75,3.25,-0.5,True,b_at_entry,,,,,,,,,,,,,
riz_bad614d09e4fa8c17b0e555fb104a7dd,146,20070110,954,north,minute_ignition,False,False,23.397916666666667,1831.0,1832.25,1833.0,-1.25,2.25,11,-1.5,0.75,-1.25,True,b_at_entry,,,,,,,,,,,,,
riz_f4d372904f414b61a450409e76896c02,121,20070116,850,north,minute_ignition,False,False,3.845138888888889,1854.5,1861.5,1862.5,-7.0,8.25,98,-7.75,1.0,-7.25,True,b_at_entry,,,,,,,,,,,,,
riz_83686c689454df1b03cef42292a49168,138,20070118,606,south,native_confirmation,True,False,30.713194444444444,1819.5,1822.5,1819.25,3.0,0.5,0,-0.0,3.25,3.25,False,a_first,0.14285714285714285,0.0,-0.14285714285714285,-0.5,-0.5,-0.5,-0.5,-0.5,-0.5,0.5,0.5,0.5,1.0
riz_e07c889a2905bc37d3fe69935a7d5de4,133,20070118,704,south,minute_ignition,True,False,30.745833333333334,1820.0,1827.0,1815.0,7.0,5.25,100,5.5,12.0,7.0,False,a_first,0.42857142857142855,0.0,-0.42857142857142855,-5.25,-5.25,-5.25,-5.25,-5.25,-5.25,5.25,5.25,5.25,38.0
riz_7ddc4dc2df133dc7f1e6136de64b329f,137,20070119,736,north,minute_ignition,False,False,8.85,1805.75,1814.0,1815.5,-8.25,10.0,79,-8.5,1.5,-8.25,True,b_at_entry,,,,,,,,,,,,,
riz_143077493f2ea9a72fb3f50f34523a5b,169,20070123,654,north,minute_ignition,True,False,0.6909722222222222,1794.5,1792.25,1799.0,2.25,4.75,80,1.0,6.75,2.25,True,a_first,0.6785714285714286,0.0,-0.6785714285714286,-4.75,-4.75,-4.75,-4.75,-4.75,-4.75,4.75,4.75,4.75,22.0
riz_8f943d2832dec3eb920bb99ff657d633,132,20070123,696,north,minute_ignition,True,False,0.29375,1798.5,1794.25,1800.0,4.25,1.75,105,3.5,5.75,4.25,True,a_first,0.2916666666666667,0.0,-0.2916666666666667,-1.75,-1.75,-1.75,-1.75,-1.75,-1.75,1.75,1.75,1.75,23.0
riz_1fbffa44353369d6566aea56501d50f4,126,20070123,900,south,minute_ignition,True,False,0.2423611111111111,1789.5,1790.0,1783.25,0.5,6.5,29,-0.0,6.75,0.5,True,b_first,0.9285714285714286,1.0,0.0714285714285714,0.5,0.5,0.5,0.5,0.5,0.5,-0.5,-0.5,-0.5,1.0
riz_13996fb88ccc904d44f2c673985ddd36,128,20070123,920,south,minute_ignition,True,False,0.31805555555555554,1790.0,1791.75,1783.25,1.75,7.0,55,0.75,8.5,1.75,True,censored_window,0.8,,,-4.0,-4.0,-4.0,-4.0,-4.0,-4.0,4.0,4.0,4.0,40.0
riz_dadbff877408083acd0068627ed38e27,128,20070124,664,north,minute_ignition,True,False,2.176388888888889,1811.5,1810.5,1812.25,1.0,1.0,2,0.75,1.75,1.0,True,a_first,0.5,0.0,-0.5,-1.0,-1.0,-1.0,-1.0,-1.0,-1.0,1.0,1.0,1.0,2.0
riz_c09c1838c1c65677a04bad923b42a497,171,20070124,666,north,native_confirmation,True,False,2.11875,1812.0,1811.75,1812.5,0.25,0.75,0,0.0,0.75,0.25,False,same_minute,0.75,,,,-0.75,0.25,,-0.75,0.25,,-0.25,0.75,1.0
riz_65b94c20cfddedbd67f6d61ba44eaf38,188,20070125,768,south,minute_ignition,True,False,2.9118055555555555,1801.25,1806.5,1798.0,5.25,3.5,127,2.75,8.5,5.25,True,a_first,0.4,0.0,-0.4,-3.5,-3.5,-3.5,-3.5,-3.5,-3.5,3.5,3.5,3.5,52.0
riz_fd1312a9733873658ce17786353ef73c,236,20070125,820,south,minute_ignition,True,False,2.935416666666667,1796.25,1803.5,1795.75,7.25,0.75,93,5.0,7.75,7.5,True,a_first,0.09375,0.0,-0.09375,-0.75,-0.75,-0.75,-0.75,-0.75,-0.75,0.75,0.75,0.75,6.0
riz_535547bf5afbfe5b4acef54ce0134bcc,237,20070125,825,south,minute_ignition,True,False,2.8583333333333334,1796.25,1807.75,1795.75,11.5,0.75,204,10.75,12.0,11.5,True,a_first,0.061224489795918366,0.0,-0.061224489795918366,-0.75,-0.75,-0.75,-0.75,-0.75,-0.75,0.75,0.75,0.75,1.0
riz_e35915f753d4f93847508c6de2a021c6,143,20070125,927,south,minute_ignition,True,False,2.0569444444444445,1789.0,1790.0,1784.75,1.0,4.5,61,-0.0,5.25,0.75,True,b_first,0.8181818181818182,1.0,0.18181818181818177,1.0,1.0,1.0,1.0,1.0,1.0,-1.0,-1.0,-1.0,2.0
riz_8dfb3719e2b69b0cf8a4de8bf47d7993,165,20070126,630,south,minute_ignition,False,False,22.097916666666666,1782.75,1775.0,1773.0,-7.75,10.0,24,-8.75,2.0,-7.75,True,b_at_entry,,,,,,,,,,,,,
riz_f5a053c04c1fcb3d5f6c6dc5e1e97966,142,20070126,634,south,minute_ignition,False,False,22.27638888888889,1786.25,1777.5,1773.0,-8.75,13.5,29,-11.0,4.5,-8.75,True,b_at_entry,,,,,,,,,,,,,
riz_0a0c09cfd53675e6a5e0ee344f845a7a,173,20070126,678,south,minute_ignition,False,False,22.544444444444444,1786.0,1779.5,1773.0,-6.5,13.25,81,-7.0,6.5,-6.5,True,b_at_entry,,,,,,,,,,,,,
riz_973095ebd432238a2f5e91e25837cd51,193,20070129,798,north,minute_ignition,False,False,4.988194444444445,1794.0,1797.5,1798.25,-3.5,4.5,17,-3.5,0.75,-3.25,True,b_at_entry,,,,,,,,,,,,,
riz_5f924104fc50296a959137cab5d07ca4,240,20070207,600,south,minute_ignition,False,False,0.8319444444444445,1807.0,1805.0,1804.0,-2.0,3.25,2,-2.25,1.0,-2.0,True,b_at_entry,,,,,,,,,,,,,
riz_1fc8cc6fbfdb0a570b456796cd6883f6,137,20070209,873,south,minute_ignition,True,False,2.935416666666667,1795.25,1798.75,1791.75,3.5,3.75,93,2.75,7.0,3.5,True,a_first,0.5172413793103449,0.0,-0.5172413793103449,-3.75,-3.75,-3.75,-3.75,-3.75,-3.75,3.75,3.75,3.75,3.0
riz_ac6810fca8834c44194088c3f494a6b6,221,20070214,745,north,minute_ignition,False,False,5.7625,1818.5,1819.25,1822.25,-0.75,4.0,67,-1.0,3.0,-0.75,True,b_at_entry,,,,,,,,,,,,,
riz_f529944d01b89c11cbed8e38781145e4,220,20070216,740,south,minute_ignition,False,False,1.0479166666666666,1826.25,1821.75,1819.75,-4.5,6.75,151,-5.0,2.0,-4.5,True,b_at_entry,,,,,,,,,,,,,
riz_45dd96ebf22199420b8dfbaba35defaf,235,20070220,815,north,minute_ignition,False,False,33.27638888888889,1834.75,1839.75,1841.25,-5.0,6.75,72,-5.75,1.5,-5.25,True,b_at_entry,,,,,,,,,,,,,
riz_17e8284c870b00c32e43bf174b6b1ac9,122,20070223,616,south,minute_ignition,True,False,0.8076388888888889,1847.25,1848.0,1844.5,0.75,3.0,33,0.75,3.5,1.0,True,b_first,0.8,1.0,0.19999999999999996,0.75,0.75,0.75,0.75,0.75,0.75,-0.75,-0.75,-0.75,1.0
riz_c4fffcd087364280a13e91000e530280,120,20070226,600,south,minute_ignition,True,False,2.9034722222222222,1841.0,1850.5,1840.5,9.5,0.75,19,9.0,10.0,9.75,True,a_first,0.07317073170731707,0.0,-0.07317073170731707,-0.75,-0.75,-0.75,-0.75,-0.75,-0.75,0.75,0.75,0.75,1.0
riz_bcc9d91e0da615d93e781bcf8f1ffcaf,190,20070226,780,south,minute_ignition,True,False,6.13125,1824.75,1826.0,1824.25,1.25,0.75,1,1.0,1.75,1.25,True,a_first,0.375,0.0,-0.375,-0.75,-0.75,-0.75,-0.75,-0.75,-0.75,0.75,0.75,0.75,1.0
riz_73136fc5cd937dd3684eed65198c56ce,219,20070228,735,south,minute_ignition,False,False,0.50625,1768.25,1751.0,1748.75,-17.25,19.75,147,-18.75,2.25,-17.25,True,b_at_entry,,,,,,,,,,,,,
riz_96d01c0c9de7c981bf6dd83a7e734ec4,136,20070301,592,south,minute_ignition,False,False,119.70347222222222,1728.0,1727.5,1720.0,-0.5,8.25,19,-2.75,7.5,-0.75,True,b_at_entry,,,,,,,,,,,,,
riz_4119db783a0d7aaabc97546d5e6d5deb,134,20070301,712,north,minute_ignition,False,False,0.2604166666666667,1762.0,1764.75,1768.5,-2.75,6.75,27,-3.25,3.75,-2.75,True,b_at_entry,,,,,,,,,,,,,
riz_00dceb6d8d0b9b2ff8ab76d255f353c5,120,20070301,720,north,minute_ignition,False,False,0.23055555555555557,1758.5,1767.0,1768.5,-8.5,10.25,28,-8.75,1.5,-8.5,True,b_at_entry,,,,,,,,,,,,,
riz_4c4050e8aaaeac6094fff66806e7b12e,146,20070305,954,south,native_confirmation,True,False,119.40625,1716.0,1716.5,1715.5,0.5,0.75,0,-0.0,1.0,0.75,False,same_minute,0.6,,,,-0.75,0.5,,-0.75,0.5,,-0.5,0.75,1.0
riz_27103a93ae2a47618035c5c604097b7b,156,20070321,888,north,minute_ignition,True,False,35.050694444444446,1811.75,1800.0,1814.75,11.75,3.25,23,9.25,14.75,11.75,False,a_first,0.21666666666666667,0.0,-0.21666666666666667,-3.25,-3.25,-3.25,-3.25,-3.25,-3.25,3.25,3.25,3.25,7.0
riz_ef9e79968a619a4c2b626ac0c1c37a9d,121,20070322,608,south,minute_ignition,True,False,22.94375,1816.0,1819.0,1815.0,3.0,1.25,21,2.25,4.0,2.75,True,b_first,0.29411764705882354,1.0,0.7058823529411764,3.0,3.0,3.0,3.0,3.0,3.0,-3.0,-3.0,-3.0,3.0
riz_c4aa6c257ce455940b26d6bd6f0a4c3e,123,20070322,624,south,minute_ignition,False,False,22.939583333333335,1818.75,1816.5,1815.0,-2.25,4.0,27,-2.75,1.5,-2.5,True,b_at_entry,,,,,,,,,,,,,
riz_301a5378175e51c0bf765c7d44b270ce,218,20070322,730,south,minute_ignition,False,False,22.904166666666665,1821.5,1814.0,1812.5,-7.5,9.25,78,-8.25,1.5,-7.75,True,b_at_entry,,,,,,,,,,,,,
riz_88af1250c721c3b1add667a0577cb0ff,153,20070326,711,south,minute_ignition,False,False,26.802083333333332,1803.75,1803.5,1796.5,-0.25,7.5,72,-4.75,7.0,-0.25,True,b_at_entry,,,,,,,,,,,,,
riz_7dfd470616ec1cc4f2f17f0760b08f3b,182,20070326,732,south,minute_ignition,False,False,26.785416666666666,1802.5,1798.25,1796.5,-4.25,6.25,67,-5.5,1.75,-4.25,True,b_at_entry,,,,,,,,,,,,,
riz_cb70352d706194b24820c417cc71ca4e,165,20070327,630,south,minute_ignition,True,False,3.740972222222222,1812.0,1813.25,1810.5,1.25,1.75,28,-1.25,2.75,1.0,True,a_first,0.5833333333333334,0.0,-0.5833333333333334,-1.75,-1.75,-1.75,-1.75,-1.75,-1.75,1.75,1.75,1.75,2.0
riz_9026d420710ad6af1b8fa801bb8ecc22,181,20070327,726,south,minute_ignition,True,False,0.7680555555555556,1809.75,1815.0,1806.25,5.25,3.75,153,4.5,8.75,5.25,True,censored_horizon,0.4166666666666667,,,1.5,1.5,1.5,1.5,1.5,1.5,-1.5,-1.5,-1.5,120.0
riz_5c4bd42c7e2101ad4896bab1e64a5ce5,145,20070328,655,south,minute_ignition,False,False,6.893055555555556,1793.5,1790.75,1789.0,-2.75,4.75,9,-4.0,1.75,-2.75,True,b_at_entry,,,,,,,,,,,,,
riz_327d78283e1cb7047fb04c967450d27b,203,20070329,655,south,minute_ignition,True,False,0.5576388888888889,1789.0,1791.75,1785.75,2.75,3.5,11,1.75,6.0,2.75,False,a_first,0.56,0.0,-0.56,-3.5,-3.5,-3.5,-3.5,-3.5,-3.5,3.5,3.5,3.5,17.0
riz_5bc55b3cdaa308c01846c25ca9f9fe18,130,20070419,940,south,minute_ignition,False,False,0.63125,1843.25,1842.25,1841.25,-1.0,2.25,1,-2.0,1.0,-1.0,True,b_at_entry,,,,,,,,,,,,,
riz_647f243178fe5c7d1cd379441a36c816,206,20070514,670,south,minute_ignition,True,False,3.814583333333333,1899.75,1906.75,1899.0,7.0,1.0,61,7.0,7.75,7.25,True,censored_gap,0.125,,,2.25,2.25,2.25,2.25,2.25,2.25,-2.25,-2.25,-2.25,103.0
riz_7ee828d098b57b3525afc88795798fd7,210,20070514,900,south,minute_ignition,True,False,3.8756944444444446,1890.25,1890.75,1886.25,0.5,4.25,59,-0.0,4.5,0.25,True,b_first,0.8947368421052632,1.0,0.10526315789473684,0.5,0.5,0.5,0.5,0.5,0.5,-0.5,-0.5,-0.5,4.0
riz_1160bdb5d74f87e9d7d16dffb02c5278,169,20070515,654,north,minute_ignition,True,False,3.7430555555555554,1902.5,1899.25,1907.25,3.25,5.0,49,3.25,8.0,3.5,True,b_first,0.6060606060606061,1.0,0.3939393939393939,3.25,3.25,3.25,3.25,3.25,3.25,-3.25,-3.25,-3.25,4.0
riz_e79497ceb5e6feaa725d27ba626c5619,146,20070515,662,north,minute_ignition,False,False,3.7555555555555555,1898.25,1906.25,1907.25,-8.0,9.25,39,-8.5,1.0,-8.25,True,b_at_entry,,,,,,,,,,,,,
riz_368d45b1f11427391d71ad493bdcc599,130,20070515,680,north,minute_ignition,False,False,3.7534722222222223,1898.5,1905.0,1907.25,-6.5,9.0,60,-7.5,2.25,-6.75,True,b_at_entry,,,,,,,,,,,,,
riz_3d7e94a5f5638ec0734ad20babc7d5df,145,20070515,945,south,minute_ignition,False,False,14.059722222222222,1884.25,1880.5,1878.0,-3.75,6.5,59,-4.0,2.5,-3.5,True,b_at_entry,,,,,,,,,,,,,
riz_d8dfb1591e203153afe9470547898912,144,20070516,936,north,minute_ignition,True,False,1.0986111111111112,1896.25,1895.0,1896.5,1.25,0.5,2,0.75,1.5,1.0,True,b_first,0.2857142857142857,1.0,0.7142857142857143,1.25,1.25,1.25,1.25,1.25,1.25,-1.25,-1.25,-1.25,3.0
riz_8a4f59a6da63088587cd0858c84d2476,130,20070524,680,south,minute_ignition,True,False,6.361805555555556,1889.25,1890.75,1888.75,1.5,0.75,1,1.0,2.0,1.5,False,b_first,0.3333333333333333,1.0,0.6666666666666667,1.5,1.5,1.5,1.5,1.5,1.5,-1.5,-1.5,-1.5,1.0
riz_642a271c4f7710e9eda2c05c757fee74,238,20070525,830,north,minute_ignition,False,False,7.033333333333333,1890.5,1892.25,1895.0,-1.75,4.75,190,-3.75,2.75,-2.0,True,b_at_entry,,,,,,,,,,,,,
riz_e62a728836aee6fac7cc994c5472c901,180,20070530,720,north,minute_ignition,False,False,0.6138888888888889,1902.0,1903.5,1905.25,-1.5,3.5,18,-2.25,1.75,-2.0,True,b_at_entry,,,,,,,,,,,,,
riz_fdfc17dcee19aa664086caffe5ada247,143,20070607,641,north,minute_ignition,False,False,0.26458333333333334,1939.25,1944.5,1945.75,-5.25,6.75,50,-5.5,1.25,-5.25,True,b_at_entry,,,,,,,,,,,,,
riz_239f30dce759ca3aeebd7c602b4aa6d1,171,20070608,837,north,minute_ignition,False,False,2.1104166666666666,1927.5,1929.0,1929.75,-1.5,2.5,12,-1.5,0.75,-1.25,True,b_at_entry,,,,,,,,,,,,,
riz_fe7d8cf1ae669f787b3ee743491bc800,129,20070608,930,north,minute_ignition,False,False,2.2131944444444445,1928.25,1931.75,1932.75,-3.5,4.75,80,-3.75,1.0,-3.5,True,b_at_entry,,,,,,,,,,,,,
riz_418e7990d99e3e6dc43af6ba116d7a86,213,20070612,918,north,minute_ignition,False,False,0.9472222222222222,1920.75,1936.5,1938.25,-15.75,17.75,76,-16.25,1.75,-16.0,True,b_at_entry,,,,,,,,,,,,,
riz_8082ce3021ec92dfe393152f5bed680a,214,20070612,924,north,minute_ignition,False,False,0.9416666666666667,1921.25,1933.75,1938.25,-12.5,17.25,84,-13.75,4.5,-12.5,True,b_at_entry,,,,,,,,,,,,,
riz_186c905ee27195460fdbf817f3c80f33,135,20070619,855,north,minute_ignition,False,False,0.2833333333333333,1965.0,1966.0,1972.0,-1.0,7.25,132,-2.0,6.0,-1.0,True,b_at_entry,,,,,,,,,,,,,
riz_a59287044879599a6f4466398ebc1d47,149,20070629,832,south,minute_ignition,False,False,0.25833333333333336,1962.5,1956.25,1954.5,-6.25,8.25,76,-6.5,1.75,-6.25,True,b_at_entry,,,,,,,,,,,,,
riz_e8595ca933ef97d99f8adbb45f3498df,142,20070629,918,south,minute_ignition,False,False,3.0965277777777778,1945.25,1943.0,1941.5,-2.25,4.0,3,-3.0,1.5,-2.5,True,b_at_entry,,,,,,,,,,,,,
riz_4c1b609f4ef91591988c996712ccb38f,158,20070706,588,south,minute_ignition,True,False,0.3229166666666667,1994.0,1996.75,1993.0,2.75,1.25,11,2.0,3.75,2.75,True,a_first,0.3125,0.0,-0.3125,-1.25,-1.25,-1.25,-1.25,-1.25,-1.25,1.25,1.25,1.25,9.0
riz_8ae5e84058d369b8685bb4a185cc0dac,139,20070724,752,north,minute_ignition,True,False,0.28888888888888886,2053.0,2050.75,2054.0,2.25,1.25,1,-0.5,3.25,2.0,False,a_first,0.35714285714285715,0.0,-0.35714285714285715,-1.25,-1.25,-1.25,-1.25,-1.25,-1.25,1.25,1.25,1.25,1.0
riz_7551b67626ac4c8749f77a202a8fd2c1,177,20070724,879,north,minute_ignition,False,False,0.27708333333333335,2035.5,2050.5,2054.25,-15.0,19.0,133,-15.25,3.75,-15.0,True,b_at_entry,,,,,,,,,,,,,
riz_464090e1bc82d90613d9cd2408862821,226,20070731,770,south,minute_ignition,True,False,0.37569444444444444,1984.5,1992.0,1978.75,7.5,6.0,138,6.75,13.25,7.75,True,a_first,0.4444444444444444,0.0,-0.4444444444444444,-6.0,-6.0,-6.0,-6.0,-6.0,-6.0,6.0,6.0,6.0,53.0
riz_8f848803a273a6833e770ca2c46134c2,201,20070808,645,north,minute_ignition,True,False,8.13888888888889,1994.5,1993.75,1995.0,0.75,0.75,1,0.0,1.25,0.75,True,a_first,0.5,0.0,-0.5,-0.75,-0.75,-0.75,-0.75,-0.75,-0.75,0.75,0.75,0.75,1.0
riz_07d89a8beea4da3698a2d1d8b59a6f7c,126,20070808,648,north,minute_ignition,False,False,8.17361111111111,1995.0,1995.0,1996.75,0.0,2.0,2,-0.25,1.75,0.0,True,b_at_entry,,,,,,,,,,,,,
riz_04d2725bc177a26ac74b94972c55d0f4,170,20070808,660,north,minute_ignition,True,False,8.21111111111111,1993.25,1992.25,1996.75,1.0,3.75,36,0.75,4.5,1.0,True,b_first,0.7894736842105263,1.0,0.21052631578947367,1.0,1.0,1.0,1.0,1.0,1.0,-1.0,-1.0,-1.0,2.0
riz_f607c12b5a253e706f7cc7c9af48720d,235,20070808,815,north,minute_ignition,True,False,8.161805555555556,1999.5,1998.0,1999.75,1.5,0.5,2,1.0,1.75,1.25,True,a_first,0.25,0.0,-0.25,-0.5,-0.5,-0.5,-0.5,-0.5,-0.5,0.5,0.5,0.5,1.0
riz_0c2902c26e16037f3e1c06541c6bbac5,131,20070808,819,north,minute_ignition,False,False,8.17986111111111,1999.25,2000.25,2001.5,-1.0,2.5,3,-1.75,1.25,-1.0,True,b_at_entry,,,,,,,,,,,,,
riz_b18bc296e4a424e7de6e6a28068d4d1d,230,20070809,790,north,minute_ignition,False,False,0.5263888888888889,1972.5,1997.0,2002.25,-24.5,30.0,162,-25.25,5.25,-24.75,True,b_at_entry,,,,,,,,,,,,,
riz_803e6eb15794f82b29d113e92e92c147,135,20070810,720,north,native_confirmation,True,False,0.28125,1940.0,1938.5,1940.0,1.5,0.25,0,0.0,1.5,1.5,False,a_first,0.14285714285714285,0.0,-0.14285714285714285,-0.25,-0.25,-0.25,-0.25,-0.25,-0.25,0.25,0.25,0.25,1.0
riz_62330a0becda3aa2123182733509bed3,136,20070810,728,north,minute_ignition,True,False,0.27708333333333335,1944.75,1937.25,1946.75,7.5,2.25,9,7.0,9.5,7.75,True,b_first,0.23076923076923078,1.0,0.7692307692307692,7.5,7.5,7.5,7.5,7.5,7.5,-7.5,-7.5,-7.5,3.0
riz_0eec509a3982b6f7184011eb42359150,165,20070810,795,north,minute_ignition,False,False,0.2923611111111111,1933.75,1941.75,1955.75,-8.0,22.25,74,-8.25,14.0,-8.0,True,b_at_entry,,,,,,,,,,,,,
riz_0e58c31b60635533ad87d30db54251dd,163,20070816,781,south,minute_ignition,True,False,119.18541666666667,1814.75,1838.0,1813.75,23.25,1.25,59,21.25,24.25,23.0,True,b_first,0.05102040816326531,1.0,0.9489795918367347,23.25,23.25,23.25,23.25,23.25,23.25,-23.25,-23.25,-23.25,41.0
riz_f9c3e775e1e7d4405925ab586754074e,216,20070824,720,north,minute_ignition,True,False,1.75625,1947.0,1943.5,1947.75,3.5,1.0,51,2.75,4.25,3.25,True,a_first,0.2222222222222222,0.0,-0.2222222222222222,-1.0,-1.0,-1.0,-1.0,-1.0,-1.0,1.0,1.0,1.0,17.0
riz_0b01d5f3e1eca6e359db42a347bdb32d,217,20070824,725,north,minute_ignition,True,False,1.7097222222222221,1946.0,1941.5,1947.75,4.5,2.0,123,3.0,6.25,4.5,True,a_first,0.3076923076923077,0.0,-0.3076923076923077,-2.0,-2.0,-2.0,-2.0,-2.0,-2.0,2.0,2.0,2.0,12.0
riz_117ee5babc60bb66f6f073cdbbade6e0,222,20070824,750,north,minute_ignition,True,False,1.7854166666666667,1953.5,1945.0,1957.0,8.5,3.75,39,6.75,12.0,8.75,True,a_first,0.30612244897959184,0.0,-0.30612244897959184,-3.75,-3.75,-3.75,-3.75,-3.75,-3.75,3.75,3.75,3.75,97.0
riz_93dccde2a115d96a09fb821d1852bd39,159,20070824,753,north,minute_ignition,False,False,1.5451388888888888,1952.25,1955.0,1957.0,-2.75,5.0,11,-3.5,2.0,-3.0,True,b_at_entry,,,,,,,,,,,,,
riz_15466e7e4f63be7bce436a2df3812811,163,20070824,781,north,minute_ignition,True,False,1.648611111111111,1953.0,1947.75,1957.0,5.25,4.25,44,4.75,9.25,5.25,False,a_first,0.4473684210526316,0.0,-0.4473684210526316,-4.25,-4.25,-4.25,-4.25,-4.25,-4.25,4.25,4.25,4.25,66.0
riz_21832a4008fed2b2bb7a53f22dddf377,174,20070827,684,south,minute_ignition,False,False,3.998611111111111,1953.5,1953.0,1951.5,-0.5,2.25,2,-0.75,1.5,-0.5,True,b_at_entry,,,,,,,,,,,,,
riz_e80120a7c2bfd466bb70bbbc776fa5ec,209,20070827,685,south,minute_ignition,True,False,3.9930555555555554,1953.5,1954.75,1951.5,1.25,2.25,10,1.0,3.25,1.25,True,b_first,0.6428571428571429,1.0,0.3571428571428571,1.25,1.25,1.25,1.25,1.25,1.25,-1.25,-1.25,-1.25,2.0
riz_0a3c13a999e778393a0e5ab7b5850003,158,20070829,746,north,minute_ignition,False,False,4.967361111111111,1934.0,1935.25,1937.0,-1.25,3.25,47,-1.5,1.75,-1.25,True,b_at_entry,,,,,,,,,,,,,
riz_d20b2ece2f8b16b5d46b00b472b90be9,127,20070829,910,north,minute_ignition,True,False,5.065277777777778,1947.0,1940.0,1947.5,7.0,0.75,33,6.75,7.5,7.25,True,a_first,0.0967741935483871,0.0,-0.0967741935483871,-0.75,-0.75,-0.75,-0.75,-0.75,-0.75,0.75,0.75,0.75,1.0
riz_7bf33c14c5a8147231b44e80314d7594,193,20070830,605,south,minute_ignition,False,False,2.111111111111111,1965.75,1947.75,1946.75,-18.0,19.25,33,-18.5,1.0,-18.25,True,b_at_entry,,,,,,,,,,,,,
riz_3240e7f967ecbc8aeb444cd02ba166a1,181,20070830,726,south,minute_ignition,False,False,2.1444444444444444,1977.5,1949.0,1946.75,-28.5,31.0,155,-29.0,2.25,-28.25,True,b_at_entry,,,,,,,,,,,,,
riz_f329152ea110d54ea8b93c9a044527c6,121,20070914,608,north,minute_ignition,True,False,0.33541666666666664,2021.5,2019.25,2022.0,2.25,0.75,6,2.0,2.75,2.25,True,a_first,0.25,0.0,-0.25,-0.75,-0.75,-0.75,-0.75,-0.75,-0.75,0.75,0.75,0.75,1.0
riz_e9086fb9f56159e7db5526205f3ec9c5,142,20071012,634,north,minute_ignition,True,False,3.7020833333333334,2184.0,2175.25,2187.0,8.75,3.25,43,6.25,11.75,8.75,True,a_first,0.2708333333333333,0.0,-0.2708333333333333,-3.25,-3.25,-3.25,-3.25,-3.25,-3.25,3.25,3.25,3.25,29.0
riz_42605db9c0fb5f5e857f3211e3266c1c,133,20071012,837,north,minute_ignition,False,False,1.8340277777777778,2188.5,2194.0,2194.5,-5.5,6.25,56,-5.75,0.5,-5.5,True,b_at_entry,,,,,,,,,,,,,
riz_e46426fe1bc4527a5ab57bb7ebd6806b,198,20071015,630,north,minute_ignition,False,False,3.9625,2196.75,2203.5,2204.0,-6.75,7.5,54,-7.25,0.5,-6.75,True,b_at_entry,,,,,,,,,,,,,
riz_26cd7a842332e4be9b0146800180af2f,120,20071019,600,south,minute_ignition,True,False,0.40208333333333335,2191.5,2201.25,2188.75,9.75,3.0,22,8.25,12.5,9.75,False,a_first,0.23529411764705882,0.0,-0.23529411764705882,-3.0,-3.0,-3.0,-3.0,-3.0,-3.0,3.0,3.0,3.0,3.0
riz_ee481e8cb67b369af5ff8c5382148458,142,20071023,634,north,native_confirmation,True,False,4.098611111111111,2200.75,2200.25,2201.25,0.5,0.75,0,0.0,1.0,0.25,False,same_minute,0.6,,,,-0.75,0.5,,-0.75,0.5,,-0.5,0.75,1.0
riz_1dc7168a771a58e48d804f45fc2d7292,161,20071024,767,south,minute_ignition,False,False,4.820138888888889,2178.25,2177.5,2155.5,-0.75,23.0,98,-2.0,22.0,-1.0,True,b_at_entry,,,,,,,,,,,,,
riz_0d27e914212ac5e908b2f4776463b85f,159,20071025,594,south,minute_ignition,True,False,0.7694444444444445,2187.75,2191.25,2187.0,3.5,1.0,14,0.25,4.25,3.25,True,a_first,0.2222222222222222,0.0,-0.2222222222222222,-1.0,-1.0,-1.0,-1.0,-1.0,-1.0,1.0,1.0,1.0,4.0
riz_fb26705f3ab567d4ba36b6b724db727f,141,20071025,627,south,minute_ignition,False,False,0.7833333333333333,2200.25,2188.0,2182.25,-12.25,18.25,30,-12.5,5.75,-12.0,True,b_at_entry,,,,,,,,,,,,,
riz_65244f21f5054ddef81e7431f62cdb5e,126,20071025,648,south,minute_ignition,False,False,0.8784722222222222,2194.75,2184.25,2182.25,-10.5,12.75,49,-11.5,2.0,-10.25,True,b_at_entry,,,,,,,,,,,,,
riz_ddcaf2d5ed6208a128dd8ef3913c64fb,145,20071025,655,south,minute_ignition,True,False,0.24375,2196.25,2206.0,2182.25,9.75,14.25,84,8.0,23.75,9.75,True,a_first,0.59375,0.0,-0.59375,-14.25,-14.25,-14.25,-14.25,-14.25,-14.25,14.25,14.25,14.25,63.0
riz_134cffb4caccde8020aa05f3f0de041b,154,20071025,718,south,native_confirmation,True,False,0.8930555555555556,2178.25,2182.5,2178.0,4.25,0.5,0,-0.0,4.5,4.0,False,a_first,0.10526315789473684,0.0,-0.10526315789473684,-0.5,-0.5,-0.5,-0.5,-0.5,-0.5,0.5,0.5,0.5,1.0
riz_ce611afe053d6da386940c5ebae09808,145,20071031,945,south,minute_ignition,False,False,0.7451388888888889,2246.0,2218.75,2210.5,-27.25,35.75,87,-32.5,8.25,-27.25,True,b_at_entry,,,,,,,,,,,,,
riz_d069fbe67b53bd83cc83286cb63f07bd,129,20071106,930,north,minute_ignition,True,False,0.20277777777777778,2227.5,2222.25,2228.5,5.25,1.25,95,5.0,6.25,5.5,True,a_first,0.19230769230769232,0.0,-0.19230769230769232,-1.25,-1.25,-1.25,-1.25,-1.25,-1.25,1.25,1.25,1.25,1.0
riz_0cceb4ba81416c86e86e8214a0ae0098,188,20071107,956,south,minute_ignition,True,False,13.038194444444445,2182.5,2185.25,2178.75,2.75,4.0,5,2.0,6.5,3.0,False,a_first,0.5925925925925926,0.0,-0.5925925925925926,-4.0,-4.0,-4.0,-4.0,-4.0,-4.0,4.0,4.0,4.0,4.0
riz_0b5a2f886e75025011fb1d685e0ed7b7,217,20071108,725,south,minute_ignition,True,False,0.35555555555555557,2140.0,2156.75,2133.5,16.75,6.75,140,16.5,23.25,16.75,True,a_first,0.2872340425531915,0.0,-0.2872340425531915,-6.75,-6.75,-6.75,-6.75,-6.75,-6.75,6.75,6.75,6.75,4.0
riz_2711013802058c2566b740707fe96553,223,20071108,755,south,minute_ignition,True,False,0.34791666666666665,2122.5,2155.5,2115.75,33.0,7.0,169,32.25,39.75,32.75,True,a_first,0.175,0.0,-0.175,-7.0,-7.0,-7.0,-7.0,-7.0,-7.0,7.0,7.0,7.0,3.0
riz_1fac2cb8a8ec7ea862ba6431cda7156d,162,20071112,936,south,minute_ignition,False,False,55.6,2008.0,2004.75,2003.25,-3.25,5.0,6,-4.25,1.5,-3.25,True,b_at_entry,,,,,,,,,,,,,
riz_136201c007e2df41909b58a5c46e7fcb,163,20071112,944,south,native_confirmation,True,False,55.607638888888886,2003.0,2003.25,2002.0,0.25,1.25,0,-0.0,1.25,0.25,False,a_first,0.8333333333333334,0.0,-0.8333333333333334,-1.25,-1.25,-1.25,-1.25,-1.25,-1.25,1.25,1.25,1.25,1.0
riz_cc0d73a7991fae07dd86ed7963a7898c,131,20071114,950,south,minute_ignition,True,False,4.973611111111111,2049.75,2058.0,2049.75,8.25,0.25,13,6.0,8.25,8.0,True,a_first,0.029411764705882353,0.0,-0.029411764705882353,-0.25,-0.25,-0.25,-0.25,-0.25,-0.25,0.25,0.25,0.25,1.0
riz_57c78f139c2961e6364a960ad801b1a4,180,20071115,900,south,native_confirmation,True,False,2.9166666666666665,2021.5,2022.25,2020.25,0.75,1.5,0,-0.0,2.0,0.75,False,b_first,0.6666666666666666,1.0,0.33333333333333337,0.75,0.75,0.75,0.75,0.75,0.75,-0.75,-0.75,-0.75,1.0
riz_a9d63dac58e4e117bac132223a0c5249,145,20071217,800,south,minute_ignition,True,False,12.844444444444445,2062.5,2064.5,2061.5,2.0,1.25,4,1.75,3.0,2.25,True,b_first,0.38461538461538464,1.0,0.6153846153846154,2.0,2.0,2.0,2.0,2.0,2.0,-2.0,-2.0,-2.0,1.0
riz_ab8c776152de06e518d735fccadc409f,124,20071218,880,north,minute_ignition,True,False,0.3090277777777778,2057.25,2056.5,2065.25,0.75,8.25,52,-0.5,8.75,0.75,True,b_first,0.9166666666666666,1.0,0.08333333333333337,0.75,0.75,0.75,0.75,0.75,0.75,-0.75,-0.75,-0.75,2.0
riz_98359da81df980a954976f600da52dba,140,20071218,900,north,minute_ignition,False,False,0.2625,2052.75,2061.0,2065.25,-8.25,12.75,42,-9.25,4.25,-8.25,True,b_at_entry,,,,,,,,,,,,,
riz_3b35c74dd2d3a57697261cd6bfe417fe,208,20071226,888,north,minute_ignition,True,False,48.25486111111111,2161.0,2160.25,2164.25,0.75,3.5,49,0.25,4.0,0.75,True,b_first,0.8235294117647058,1.0,0.17647058823529416,0.75,0.75,0.75,0.75,0.75,0.75,-0.75,-0.75,-0.75,17.0
riz_5800cc0071497e0528ec92aab31b8098,210,20071226,900,north,minute_ignition,True,False,48.27152777777778,2162.5,2162.0,2164.25,0.5,2.0,29,-0.25,2.25,0.25,True,b_first,0.8,1.0,0.19999999999999996,0.5,0.5,0.5,0.5,0.5,0.5,-0.5,-0.5,-0.5,1.0
riz_27c88224e24fea4e19926b7a8f53533c,181,20071226,907,north,minute_ignition,True,False,48.324305555555554,2159.5,2158.5,2164.25,1.0,5.0,76,0.75,5.75,1.0,True,b_first,0.8333333333333334,1.0,0.16666666666666663,1.0,1.0,1.0,1.0,1.0,1.0,-1.0,-1.0,-1.0,3.0
riz_06622aa609e73cd375dea39a2dc09752,213,20071226,918,north,minute_ignition,False,False,48.263888888888886,2159.25,2163.25,2164.25,-4.0,5.25,46,-4.5,1.0,-4.25,True,b_at_entry,,,,,,,,,,,,,
riz_ba21f2c9c3a252dea23c00ca0f189ee6,128,20071227,664,south,native_confirmation,True,False,1.0,2146.0,2148.25,2145.5,2.25,0.75,0,-0.0,2.75,2.75,False,a_first,0.25,0.0,-0.25,-0.75,-0.75,-0.75,-0.75,-0.75,-0.75,0.75,0.75,0.75,1.0
riz_1181be47f5af58f41b8a96c4e5aefe49,219,20080102,735,south,minute_ignition,True,False,18.752777777777776,2063.0,2098.0,2062.0,35.0,1.25,116,34.5,36.0,35.0,True,a_first,0.034482758620689655,0.0,-0.034482758620689655,-1.25,-1.25,-1.25,-1.25,-1.25,-1.25,1.25,1.25,1.25,2.0
riz_d8d8089d38eef8ca4939c468c5fc7af4,125,20080102,765,south,minute_ignition,False,False,13.422916666666667,2063.25,2058.5,2056.75,-4.75,6.75,21,-5.25,1.75,-4.5,True,b_at_entry,,,,,,,,,,,,,
riz_bb1b16d7972876c93f56422ade6f6a3b,225,20080102,765,south,minute_ignition,True,False,16.547916666666666,2063.25,2094.0,2056.75,30.75,6.75,115,29.75,37.25,31.0,True,a_first,0.18,0.0,-0.18,-6.75,-6.75,-6.75,-6.75,-6.75,-6.75,6.75,6.75,6.75,29.0
riz_e4ab6c700260e4cfecb8a391a31b9a54,207,20080103,882,north,minute_ignition,False,False,13.815972222222221,2069.75,2081.25,2082.0,-11.5,12.5,127,-11.75,0.75,-11.25,True,b_at_entry,,,,,,,,,,,,,
riz_a63db0cfaf55b777df864cf16711db54,164,20080104,952,south,minute_ignition,True,False,38.734722222222224,1980.0,1999.75,1978.0,19.75,2.25,90,19.5,21.75,19.75,True,censored_window,0.10227272727272728,,,0.0,0.0,0.0,0.0,0.0,0.0,-0.0,-0.0,-0.0,8.0
riz_8f42e4e415f946ac78082a3bb8ceed4e,196,20080107,816,south,minute_ignition,False,False,132.05138888888888,1982.25,1946.0,1943.75,-36.25,38.75,182,-37.25,2.25,-36.25,True,b_at_entry,,,,,,,,,,,,,
riz_e41d3ebe1f9942137ce97c7a7f03f78d,153,20080109,864,south,minute_ignition,False,False,133.66875,1911.25,1908.75,1903.0,-2.5,8.5,15,-3.0,5.75,-2.75,True,b_at_entry,,,,,,,,,,,,,
riz_f863a74accaf492b0bb2d03155af984b,217,20080109,942,south,minute_ignition,False,False,133.71875,1953.25,1911.75,1903.0,-41.5,50.5,110,-41.5,8.75,-41.25,True,b_at_entry,,,,,,,,,,,,,
riz_acad28b034954991125a005b04dafb51,218,20080117,948,south,minute_ignition,True,False,153.4951388888889,1851.5,1852.25,1850.25,0.75,1.5,1,-0.75,2.0,0.75,True,same_minute,0.6666666666666666,,,,-1.5,0.75,,-1.5,0.75,,-0.75,1.5,1.0
riz_031a0b754b649c5da15e65c4068f5134,137,20080123,736,south,minute_ignition,True,False,323.80069444444445,1716.25,1716.25,1711.5,-0.0,5.0,5,-2.25,4.75,0.25,True,b_at_entry,,,,,,,,,,,,,
riz_f0978686d6f58895e92da01481c9ac3b,122,20080123,738,south,minute_ignition,False,False,323.8,1722.0,1717.75,1711.5,-4.25,10.75,8,-5.25,6.25,-4.25,True,b_at_entry,,,,,,,,,,,,,
riz_698dd21bdf90ad802984661d3b8aa0c3,128,20080123,920,north,minute_ignition,False,False,0.4409722222222222,1770.0,1772.75,1774.75,-2.75,5.0,5,-4.25,2.0,-2.75,True,b_at_entry,,,,,,,,,,,,,
riz_1fbc6c732bbb79b761deb744e3d39634,139,20080125,613,south,minute_ignition,False,False,4.2868055555555555,1842.75,1842.75,1839.5,-0.0,3.5,4,-1.0,3.25,-0.0,True,b_at_entry,,,,,,,,,,,,,
riz_096379c0f361b9fab384038977723a36,126,20080204,648,south,minute_ignition,False,False,2.9006944444444445,1848.5,1847.75,1842.75,-0.75,6.0,17,-1.75,5.0,-0.5,True,b_at_entry,,,,,,,,,,,,,
riz_a1e9c17676351882cd7c932cd9738a83,175,20080213,865,north,minute_ignition,False,False,8.340277777777779,1821.5,1826.0,1829.0,-4.5,7.75,35,-5.0,3.0,-4.25,True,b_at_entry,,,,,,,,,,,,,
riz_d36fbe0f1c4f89aa84e8f7bcc48c549c,133,20080215,704,north,minute_ignition,False,False,0.32013888888888886,1775.0,1790.25,1791.5,-15.25,16.75,71,-15.5,1.25,-15.25,True,b_at_entry,,,,,,,,,,,,,
riz_13d1b0d9dbd0a2ba00fa3077e38ad19c,147,20080218,669,north,native_confirmation,True,False,4.795833333333333,1817.5,1817.75,1818.0,-0.25,0.75,0,0.0,0.25,0.25,False,b_at_entry,,,,,,,,,,,,,
riz_66515fa7f45da485a06b82eb766a13c6,130,20080218,680,north,minute_ignition,True,False,4.809027777777778,1820.25,1816.0,1821.0,4.25,1.0,15,3.0,5.0,4.25,False,censored_gap,0.19047619047619047,,,0.5,0.5,0.5,0.5,0.5,0.5,-0.5,-0.5,-0.5,10.0
riz_10ada6c79c2a694659a4690fe0997825,155,20080219,725,south,minute_ignition,False,False,4.072916666666667,1797.75,1792.0,1790.75,-5.75,7.25,50,-6.0,1.25,-5.5,True,b_at_entry,,,,,,,,,,,,,
riz_a58df6a31e65a14df8e03260fa62852a,125,20080220,890,north,native_confirmation,True,False,2.348611111111111,1790.5,1790.5,1791.25,0.0,1.0,0,0.0,0.75,0.75,False,b_at_entry,,,,,,,,,,,,,
riz_2b0869816026b7ca0b4e272da3172d33,138,20080225,606,south,minute_ignition,False,False,2.8979166666666667,1773.5,1768.75,1764.75,-4.75,9.0,9,-5.5,4.0,-5.0,True,b_at_entry,,,,,,,,,,,,,
riz_387330010419846c1d662a966f34cf9e,217,20080225,725,south,minute_ignition,False,False,2.7583333333333333,1777.5,1770.5,1764.75,-7.0,13.0,131,-8.25,5.75,-7.0,True,b_at_entry,,,,,,,,,,,,,
riz_f06d10a7bc80900f916e6c8dd0ed590c,125,20080226,765,north,minute_ignition,True,False,0.22361111111111112,1800.0,1792.0,1805.5,8.0,5.75,55,7.75,13.5,8.0,True,a_first,0.41818181818181815,0.0,-0.41818181818181815,-5.75,-5.75,-5.75,-5.75,-5.75,-5.75,5.75,5.75,5.75,17.0
riz_90f554f8dd75c99d81da2be3ee0cffe2,120,20080226,840,north,minute_ignition,False,False,5.097916666666666,1800.25,1802.25,1811.5,-2.0,11.5,99,-2.0,9.25,-1.75,True,b_at_entry,,,,,,,,,,,,,
riz_ed46b64a9cd07b9441c0ec38ba68aa9c,197,20080227,822,north,minute_ignition,False,False,0.42430555555555555,1795.75,1797.5,1809.75,-1.75,14.25,180,-3.0,12.25,-1.75,True,b_at_entry,,,,,,,,,,,,,
riz_eb215a48b26bd633424a8a9bfeb4cdd9,126,20080229,900,south,minute_ignition,False,False,6.958333333333333,1754.75,1754.5,1749.0,-0.25,6.0,60,-1.5,5.5,-0.25,True,b_at_entry,,,,,,,,,,,,,
riz_d68b7ef44f8b8f74689a72beb64d7ada,123,20080303,747,south,minute_ignition,False,False,25.125,1743.0,1729.25,1729.0,-13.75,14.25,66,-14.25,0.25,-14.0,True,b_at_entry,,,,,,,,,,,,,
riz_8e952e3d1da846d11e1588c980c88467,131,20080311,819,south,minute_ignition,False,False,0.8729166666666667,1703.75,1691.25,1687.75,-12.5,16.25,52,-12.5,3.5,-12.25,True,b_at_entry,,,,,,,,,,,,,
riz_24b4b432e403f4fe8e6741c5b3284c71,149,20080311,832,south,minute_ignition,False,False,0.8604166666666667,1702.25,1688.75,1687.75,-13.5,14.75,58,-14.25,1.0,-13.75,True,b_at_entry,,,,,,,,,,,,,
riz_f2ff3f63d49e4173f1c3ea84a6d07bfb,226,20080313,770,north,minute_ignition,False,False,0.7930555555555555,1730.0,1737.25,1743.0,-7.25,13.25,48,-9.75,5.75,-7.25,True,b_at_entry,,,,,,,,,,,,,
riz_be3e124740840cce7e7ab47e13dcd50e,163,20080313,781,north,minute_ignition,False,False,0.7944444444444444,1734.5,1740.25,1743.0,-5.75,8.75,57,-7.5,2.75,-5.75,True,b_at_entry,,,,,,,,,,,,,
riz_ad3852d566a5ba188040bc3b89ff921f,193,20080314,605,south,minute_ignition,True,False,1.2652777777777777,1723.0,1731.25,1706.75,8.25,16.5,6,5.5,24.5,8.5,False,b_first,0.6666666666666666,1.0,0.33333333333333337,8.25,8.25,8.25,8.25,8.25,8.25,-8.25,-8.25,-8.25,2.0
riz_6a292cd4cd8f790419d21d7280d7ce88,194,20080314,610,south,minute_ignition,False,False,1.2638888888888888,1739.0,1727.75,1706.75,-11.25,32.5,10,-15.25,21.0,-11.75,True,b_at_entry,,,,,,,,,,,,,
riz_8aabb916324005aeb01686f478635761,164,20080314,624,south,minute_ignition,False,False,1.3298611111111112,1739.25,1732.5,1706.75,-6.75,32.75,26,-8.0,25.75,-6.75,True,b_at_entry,,,,,,,,,,,,,
riz_7547a7de700ac44cba8b4177983b5739,144,20080314,648,south,minute_ignition,True,False,1.3659722222222221,1726.25,1735.0,1706.75,8.75,19.75,51,9.0,28.25,9.25,True,b_first,0.6929824561403509,1.0,0.3070175438596491,8.75,8.75,8.75,8.75,8.75,8.75,-8.75,-8.75,-8.75,6.0
riz_daac2bf19d36f0d9b8c0ac71307892ae,211,20080314,695,south,minute_ignition,False,False,1.08125,1726.25,1724.25,1706.75,-2.0,19.75,94,-10.0,17.5,-1.75,True,b_at_entry,,,,,,,,,,,,,
riz_0a7b777ed51f431509d3b9e1f7399234,193,20080324,605,north,minute_ignition,True,False,24.66875,1790.25,1788.5,1793.0,1.75,3.0,2,-0.5,4.5,1.75,False,a_first,0.631578947368421,0.0,-0.631578947368421,-3.0,-3.0,-3.0,-3.0,-3.0,-3.0,3.0,3.0,3.0,5.0
riz_30ef027c216be1c5c2bc1701963806a5,130,20080327,940,south,minute_ignition,True,False,27.770138888888887,1786.0,1789.25,1785.5,3.25,0.75,1,1.25,3.75,3.5,False,b_first,0.1875,1.0,0.8125,3.25,3.25,3.25,3.25,3.25,3.25,-3.25,-3.25,-3.25,5.0
riz_a2592fe4ce500d293d1fd628d2f3978b,173,20080328,678,south,minute_ignition,False,False,0.5868055555555556,1796.5,1794.5,1793.5,-2.0,3.25,20,-2.25,1.0,-2.0,True,b_at_entry,,,,,,,,,,,,,
riz_b2017691813b64b1339bf3f65ad5f36e,131,20080401,950,north,minute_ignition,False,False,59.9375,1856.5,1857.25,1859.75,-0.75,3.5,5,-1.5,2.5,-0.75,True,b_at_entry,,,,,,,,,,,,,
riz_df000f0c59f823505fff28ab2d18983e,137,20080407,873,south,minute_ignition,True,False,0.7618055555555555,1872.25,1873.25,1871.25,1.0,1.25,1,0.75,2.0,1.25,True,a_first,0.5555555555555556,0.0,-0.5555555555555556,-1.25,-1.25,-1.25,-1.25,-1.25,-1.25,1.25,1.25,1.25,1.0
riz_e4b539c9a3b5f2a030e3b196f4ab8631,128,20080410,664,north,minute_ignition,True,False,1.0652777777777778,1859.0,1853.0,1863.0,6.0,4.25,34,5.25,10.0,6.0,True,a_first,0.4146341463414634,0.0,-0.4146341463414634,-4.25,-4.25,-4.25,-4.25,-4.25,-4.25,4.25,4.25,4.25,10.0
riz_28579cc45f7d41c2dd260d56a67ca79a,130,20080410,680,north,minute_ignition,True,False,1.0645833333333334,1862.75,1855.25,1863.5,7.5,1.0,37,6.75,8.25,7.25,True,a_first,0.11764705882352941,0.0,-0.11764705882352941,-1.0,-1.0,-1.0,-1.0,-1.0,-1.0,1.0,1.0,1.0,1.0
riz_58ed6b890682ce70dd2e5f888616bd2d,185,20080410,750,north,minute_ignition,True,False,0.2625,1862.25,1837.75,1867.5,24.5,5.5,177,22.5,29.75,24.5,True,a_first,0.18333333333333332,0.0,-0.18333333333333332,-5.5,-5.5,-5.5,-5.5,-5.5,-5.5,5.5,5.5,5.5,61.0
riz_72a5e42d999eb1d52a65a62826a8e982,121,20080411,608,south,minute_ignition,True,False,1.0645833333333334,1830.0,1833.75,1828.25,3.75,2.0,28,3.25,5.5,3.75,True,a_first,0.34782608695652173,0.0,-0.34782608695652173,-2.0,-2.0,-2.0,-2.0,-2.0,-2.0,2.0,2.0,2.0,1.0
riz_a976e9b41e9866df1b2839bf467e881a,144,20080411,648,south,minute_ignition,False,False,1.0729166666666667,1832.0,1829.5,1825.5,-2.5,6.75,39,-6.0,4.0,-2.75,True,b_at_entry,,,,,,,,,,,,,
riz_a4763ea3793efc9b45105c6867c43227,161,20080416,767,north,minute_ignition,True,False,5.920833333333333,1844.5,1838.25,1848.75,6.25,4.5,114,6.25,10.5,6.5,True,censored_horizon,0.4186046511627907,,,-1.25,-1.25,-1.25,-1.25,-1.25,-1.25,1.25,1.25,1.25,120.0
riz_3a1553925c8a8439651ffa7b7e30b583,196,20080416,816,north,minute_ignition,True,False,5.89375,1842.25,1840.75,1848.75,1.5,6.75,153,1.0,8.0,1.5,True,b_first,0.8181818181818182,1.0,0.18181818181818177,1.5,1.5,1.5,1.5,1.5,1.5,-1.5,-1.5,-1.5,4.0
riz_00d2ae3ed53740089a8c6a3fd38bb761,131,20080417,950,north,minute_ignition,True,False,0.9506944444444444,1850.5,1849.75,1850.75,0.75,0.5,1,0.25,1.0,0.5,False,same_minute,0.4,,,,-0.5,0.75,,-0.5,0.75,,-0.75,0.5,1.0
riz_253b2c37047f26b0a07a9fd89f92b107,146,20080417,954,north,minute_ignition,False,False,0.9527777777777777,1850.75,1851.25,1853.0,-0.5,2.5,2,-1.25,1.75,-0.25,True,b_at_entry,,,,,,,,,,,,,
riz_57ba4110bb9a120bd01a4a891a9714fe,142,20080424,776,north,minute_ignition,False,False,101.04722222222222,1930.5,1936.0,1937.75,-5.5,7.5,14,-5.75,1.75,-5.5,True,b_at_entry,,,,,,,,,,,,,
riz_43ba69397fc0d6a30db8213e228797c3,202,20080424,852,north,minute_ignition,False,False,100.95486111111111,1940.25,1941.0,1941.75,-0.75,1.75,5,-1.75,0.75,-1.0,True,b_at_entry,,,,,,,,,,,,,
riz_eee2ea9d60620e0d57b021cdd38da91f,167,20080425,642,south,minute_ignition,True,False,0.5458333333333333,1911.25,1918.5,1907.0,7.25,4.5,50,6.75,11.5,7.5,True,a_first,0.3829787234042553,0.0,-0.3829787234042553,-4.5,-4.5,-4.5,-4.5,-4.5,-4.5,4.5,4.5,4.5,31.0
riz_5ac147dc007304aa0a57f26c7c29af21,127,20080425,910,north,native_confirmation,True,False,0.4409722222222222,1922.25,1921.25,1922.5,1.0,0.5,0,0.0,1.25,1.0,False,a_first,0.3333333333333333,0.0,-0.3333333333333333,-0.5,-0.5,-0.5,-0.5,-0.5,-0.5,0.5,0.5,0.5,1.0
riz_f083658c2c2fbfc9f39363478c58597d,161,20080425,928,north,minute_ignition,True,False,0.32569444444444445,1925.5,1925.0,1929.0,0.5,3.75,14,0.25,4.0,0.5,True,b_first,0.8823529411764706,1.0,0.11764705882352944,0.5,0.5,0.5,0.5,0.5,0.5,-0.5,-0.5,-0.5,2.0
riz_0e28495242b1c2342309586ffe6ed406,145,20080425,945,north,minute_ignition,True,False,0.37916666666666665,1924.5,1922.75,1929.0,1.75,4.75,34,0.0,6.25,1.75,True,b_first,0.7307692307692307,1.0,0.2692307692307693,1.75,1.75,1.75,1.75,1.75,1.75,-1.75,-1.75,-1.75,9.0
riz_d8efd37657d828b42a0ce6e5404d3333,133,20080429,704,north,minute_ignition,False,False,0.8361111111111111,1929.75,1930.25,1932.25,-0.5,2.75,103,-0.75,2.0,-0.5,True,b_at_entry,,,,,,,,,,,,,
riz_701793b59be74e7c0e7333a7576d6d07,140,20080430,900,south,minute_ignition,True,False,0.28888888888888886,1930.0,1938.25,1930.0,8.25,0.25,4,5.5,8.25,8.0,False,a_first,0.029411764705882353,0.0,-0.029411764705882353,-0.25,-0.25,-0.25,-0.25,-0.25,-0.25,0.25,0.25,0.25,1.0
riz_37c6e5021b44af7e7a30cfb9a9b6cfcd,141,20080430,909,south,minute_ignition,True,False,0.28402777777777777,1924.25,1939.75,1922.5,15.5,2.0,14,14.0,17.25,15.25,False,a_first,0.11428571428571428,0.0,-0.11428571428571428,-2.0,-2.0,-2.0,-2.0,-2.0,-2.0,2.0,2.0,2.0,4.0
riz_7ef9cf1f9bbe23a80568cce2d4c8655d,161,20080501,606,north,minute_ignition,True,False,0.8861111111111111,1946.0,1942.0,1947.75,4.0,2.0,3,0.0,5.75,4.25,False,a_first,0.3333333333333333,0.0,-0.3333333333333333,-2.0,-2.0,-2.0,-2.0,-2.0,-2.0,2.0,2.0,2.0,12.0
riz_ee690a6fd89dd60dcd09fdba23ae4750,142,20080501,634,north,minute_ignition,True,False,0.8944444444444445,1951.25,1948.5,1955.5,2.75,4.5,10,2.75,7.0,3.0,True,a_first,0.6206896551724138,0.0,-0.6206896551724138,-4.5,-4.5,-4.5,-4.5,-4.5,-4.5,4.5,4.5,4.5,22.0
riz_2ff08fc0feafcc99c50de458cf5c78a9,132,20080501,696,north,minute_ignition,True,False,0.9326388888888889,1962.0,1940.75,1966.5,21.25,4.75,97,20.75,25.75,21.25,True,a_first,0.18269230769230768,0.0,-0.18269230769230768,-4.75,-4.75,-4.75,-4.75,-4.75,-4.75,4.75,4.75,4.75,37.0
riz_971551a62dbf47d3a5b8aa289d30d8e7,230,20080507,790,south,minute_ignition,True,False,1.1590277777777778,1977.75,1979.25,1977.5,1.5,0.5,1,0.75,1.75,1.5,False,a_first,0.25,0.0,-0.25,-0.5,-0.5,-0.5,-0.5,-0.5,-0.5,0.5,0.5,0.5,1.0
riz_7fae0e23048e9482bb52175b55b197db,128,20080507,792,south,minute_ignition,True,False,1.2638888888888888,1975.25,1980.75,1975.25,5.5,0.25,4,4.0,5.5,5.5,False,a_first,0.043478260869565216,0.0,-0.043478260869565216,-0.25,-0.25,-0.25,-0.25,-0.25,-0.25,0.25,0.25,0.25,1.0
riz_d1f305d59ac13b3a8d622449be2ca3d8,144,20080507,792,south,minute_ignition,True,False,1.198611111111111,1975.25,1978.0,1975.25,2.75,0.25,2,2.5,2.75,2.75,False,a_first,0.08333333333333333,0.0,-0.08333333333333333,-0.25,-0.25,-0.25,-0.25,-0.25,-0.25,0.25,0.25,0.25,1.0
riz_cb595d8e719651c672fef0718b2b3935,192,20080507,792,south,minute_ignition,True,False,1.132638888888889,1975.25,1976.75,1975.25,1.5,0.25,1,0.5,1.5,1.5,False,a_first,0.14285714285714285,0.0,-0.14285714285714285,-0.25,-0.25,-0.25,-0.25,-0.25,-0.25,0.25,0.25,0.25,1.0
riz_0a2eea3b5bf40c452a187225be4ecf7d,135,20080507,855,south,minute_ignition,True,False,1.1659722222222222,1971.25,1972.5,1967.75,1.25,3.75,31,1.0,4.75,1.25,True,a_first,0.75,0.0,-0.75,-3.75,-3.75,-3.75,-3.75,-3.75,-3.75,3.75,3.75,3.75,9.0
riz_0f9c03780695dd6883d751518ab4a804,139,20080507,891,south,minute_ignition,True,False,1.1472222222222221,1960.5,1971.25,1955.25,10.75,5.5,66,10.5,16.0,10.75,True,a_first,0.3384615384615385,0.0,-0.3384615384615385,-5.5,-5.5,-5.5,-5.5,-5.5,-5.5,5.5,5.5,5.5,17.0
riz_2d92fb59eb6512197150de1bf25e42c0,157,20080507,896,south,minute_ignition,True,False,1.167361111111111,1958.25,1974.0,1955.25,15.75,3.25,73,15.25,18.75,15.75,True,a_first,0.17105263157894737,0.0,-0.17105263157894737,-3.25,-3.25,-3.25,-3.25,-3.25,-3.25,3.25,3.25,3.25,12.0
riz_3b3cf06ee3b62b63eb00683367409b06,154,20080508,718,north,minute_ignition,False,False,1.86875,1974.25,1977.75,1979.0,-3.5,5.0,35,-4.5,1.25,-3.5,True,b_at_entry,,,,,,,,,,,,,
riz_ae921923af70aae7f3491151f71c5da1,216,20080508,936,north,minute_ignition,False,False,1.9277777777777778,1967.75,1981.25,1984.0,-13.5,16.5,104,-13.5,2.75,-13.25,True,b_at_entry,,,,,,,,,,,,,
riz_334098aaa2a9fcc719bb93b285171a8d,217,20080508,942,north,minute_ignition,False,False,1.9243055555555555,1966.5,1983.5,1984.0,-17.0,17.75,109,-17.25,0.5,-17.0,True,b_at_entry,,,,,,,,,,,,,
riz_12a9d71f8091713a74a0fdfaa6850c0c,142,20080514,918,south,minute_ignition,False,False,130.95208333333332,2016.0,2013.75,2011.5,-2.25,4.75,9,-2.75,2.25,-2.25,True,b_at_entry,,,,,,,,,,,,,
riz_7c21d0a54ef1d7ef182e8368f8b7db31,128,20080515,664,north,minute_ignition,True,False,0.9993055555555556,2013.0,2010.5,2013.0,2.5,0.25,1,2.0,2.5,2.5,False,a_first,0.09090909090909091,0.0,-0.09090909090909091,-0.25,-0.25,-0.25,-0.25,-0.25,-0.25,0.25,0.25,0.25,1.0
riz_f1d09375157e7f747c38ef9688069dd5,157,20080515,739,north,minute_ignition,False,False,0.9951388888888889,2016.0,2017.5,2019.75,-1.5,4.0,7,-3.0,2.25,-1.5,True,b_at_entry,,,,,,,,,,,,,
riz_727691b80f183dabb43e7bccc3fbc695,125,20080515,765,north,minute_ignition,True,False,0.9847222222222223,2023.5,2019.5,2027.0,4.0,3.75,22,2.75,7.5,4.5,True,a_first,0.4838709677419355,0.0,-0.4838709677419355,-3.75,-3.75,-3.75,-3.75,-3.75,-3.75,3.75,3.75,3.75,21.0
riz_656e0527e6fd4e6cbd2b02a0f1d44920,196,20080515,816,north,minute_ignition,True,False,0.9611111111111111,2024.75,2024.0,2028.0,0.75,3.5,56,0.0,4.0,0.75,True,b_first,0.8235294117647058,1.0,0.17647058823529416,0.75,0.75,0.75,0.75,0.75,0.75,-0.75,-0.75,-0.75,1.0
riz_0d67a8ab9075efa0a2c1b5142bb86768,139,20080516,891,north,minute_ignition,False,False,0.7715277777777778,2029.5,2030.0,2031.25,-0.5,2.0,3,-1.5,1.25,-0.75,True,b_at_entry,,,,,,,,,,,,,
riz_f79b743c6af1e54e3ede11eaa006d6c0,161,20080516,928,north,minute_ignition,True,False,0.33194444444444443,2036.5,2035.0,2037.75,1.5,1.5,5,1.0,2.75,1.75,True,b_first,0.5,1.0,0.5,1.5,1.5,1.5,1.5,1.5,1.5,-1.5,-1.5,-1.5,1.0
riz_bc09d00b2eb90bbc60ccd28b44873730,163,20080516,944,north,minute_ignition,False,False,0.3277777777777778,2035.5,2036.75,2037.75,-1.25,2.5,18,-1.75,1.0,-1.0,True,b_at_entry,,,,,,,,,,,,,
riz_28ee726ba44c95cad5b58138def4ee05,157,20080519,582,south,minute_ignition,False,False,2.7805555555555554,2031.75,2031.5,2030.75,-0.25,1.25,2,-0.75,0.75,-0.25,True,b_at_entry,,,,,,,,,,,,,
riz_a318cb818283aecde257efc0b188f53b,149,20080523,683,north,minute_ignition,False,False,0.48125,1957.75,1967.0,1967.75,-9.25,10.25,62,-9.75,0.75,-9.25,True,b_at_entry,,,,,,,,,,,,,
riz_7fb9e0356a61392993768f4594de2759,138,20080528,606,south,minute_ignition,True,False,0.38333333333333336,1991.75,1992.25,1991.0,0.5,1.0,1,-0.25,1.25,0.5,True,b_first,0.6666666666666666,1.0,0.33333333333333337,0.5,0.5,0.5,0.5,0.5,0.5,-0.5,-0.5,-0.5,1.0
riz_474df433be5f1dba9fea9b6537f251b0,225,20080528,765,south,minute_ignition,True,False,0.3680555555555556,1989.25,1990.75,1983.25,1.5,6.25,145,-0.0,7.5,1.75,True,b_first,0.8064516129032258,1.0,0.19354838709677424,1.5,1.5,1.5,1.5,1.5,1.5,-1.5,-1.5,-1.5,23.0
riz_2e44c95a04355353246042dfccb7c09a,238,20080530,830,north,minute_ignition,True,False,10.966666666666667,2041.75,2038.75,2041.75,3.0,0.25,48,2.75,3.0,3.0,True,a_first,0.07692307692307693,0.0,-0.07692307692307693,-0.25,-0.25,-0.25,-0.25,-0.25,-0.25,0.25,0.25,0.25,1.0
riz_7b0da28ae85e1f879c126cc18187d462,239,20080530,835,north,minute_ignition,False,False,10.994444444444444,2039.75,2040.0,2043.0,-0.25,3.5,8,-0.75,3.0,-0.25,True,b_at_entry,,,,,,,,,,,,,
riz_4b76708d82640f6c5b140c7746d167a1,133,20080530,837,north,minute_ignition,False,False,10.995833333333334,2039.75,2042.25,2043.0,-2.5,3.5,6,-2.75,0.75,-2.5,True,b_at_entry,,,,,,,,,,,,,
riz_1f060a150d50376d64f5b01292386d91,133,20080602,837,south,minute_ignition,False,False,4.947916666666667,1998.25,1996.25,1991.0,-2.0,7.5,75,-2.0,5.25,-1.75,True,b_at_entry,,,,,,,,,,,,,
riz_d9e05a907246ab6596affe444799d9e9,165,20080603,630,north,minute_ignition,False,False,4.750694444444444,2018.75,2019.75,2029.25,-1.0,10.75,29,-4.25,9.5,-1.0,True,b_at_entry,,,,,,,,,,,,,
riz_0c889a1eac157d1cdc07f17c53f4a4cd,137,20080604,599,north,minute_ignition,False,False,1.0888888888888888,2005.0,2009.25,2010.75,-4.25,6.0,9,-4.75,1.5,-4.25,True,b_at_entry,,,,,,,,,,,,,
riz_aef0ef575ff445151f01f44c3bad984e,168,20080604,648,north,minute_ignition,True,False,0.30833333333333335,2017.75,2000.0,2019.5,17.75,2.0,67,17.25,19.5,17.75,True,a_first,0.10126582278481013,0.0,-0.10126582278481013,-2.0,-2.0,-2.0,-2.0,-2.0,-2.0,2.0,2.0,2.0,4.0
riz_6b5cff9e7f1c82d54320ac7ac6ecfb6a,186,20080604,756,north,minute_ignition,True,False,0.26458333333333334,2035.5,1998.5,2038.0,37.0,2.75,177,36.75,39.5,37.0,True,censored_horizon,0.06918238993710692,,,14.25,14.25,14.25,14.25,14.25,14.25,-14.25,-14.25,-14.25,120.0
riz_7c9350c18bf603112cc881820f17c6e0,182,20080606,914,south,minute_ignition,False,False,2.2395833333333335,2008.5,1996.0,1994.75,-12.5,14.0,19,-12.75,1.25,-12.5,True,b_at_entry,,,,,,,,,,,,,
riz_c39a38e3233f84da322de4f777b406d2,143,20080606,927,south,minute_ignition,False,False,2.348611111111111,2001.5,1997.5,1994.75,-4.0,7.0,70,-4.25,2.75,-4.0,True,b_at_entry,,,,,,,,,,,,,
riz_85831975794eea351029c4de51f3d63f,146,20080609,808,south,minute_ignition,False,False,13.199305555555556,1966.75,1963.75,1962.0,-3.0,5.0,5,-4.5,1.75,-3.25,True,b_at_entry,,,,,,,,,,,,,
riz_ee61c0c67c6bafdabaf1f900dfd08cb1,142,20080609,918,south,minute_ignition,True,False,13.235416666666667,1959.0,1962.25,1949.0,3.25,10.25,87,-0.5,13.25,3.5,True,b_first,0.7592592592592593,1.0,0.2407407407407407,3.25,3.25,3.25,3.25,3.25,3.25,-3.25,-3.25,-3.25,3.0
riz_83e0080b21a85089a634d00709fbadbb,140,20080610,760,north,native_confirmation,True,False,0.6805555555555556,1983.25,1983.0,1983.75,0.25,0.75,0,0.0,0.75,0.25,False,same_minute,0.75,,,,-0.75,0.25,,-0.75,0.25,,-0.25,0.75,1.0
riz_c13a9363aedee0b3b4ec63e20783f2a5,166,20080610,802,north,minute_ignition,True,False,0.8416666666666667,1986.0,1985.0,1988.75,1.0,3.0,10,0.0,3.75,1.25,True,b_first,0.75,1.0,0.25,1.0,1.0,1.0,1.0,1.0,1.0,-1.0,-1.0,-1.0,1.0
riz_ea737d7beba5f692cbf0030c46647160,197,20080610,822,north,minute_ignition,False,False,0.8430555555555556,1981.25,1986.25,1989.5,-5.0,8.5,28,-5.5,3.25,-5.0,True,b_at_entry,,,,,,,,,,,,,
riz_a8236fe4774941382893bb3609a29fb9,227,20080613,775,north,minute_ignition,False,False,2.2125,1965.25,1976.5,1979.5,-11.25,14.5,148,-11.25,3.0,-11.0,True,b_at_entry,,,,,,,,,,,,,
riz_ac5d656dda893ce5e67d6e4692f09320,196,20080616,816,north,minute_ignition,True,False,7.404166666666667,2001.25,1992.25,2002.25,9.0,1.25,6,7.25,10.0,9.25,False,a_first,0.12195121951219512,0.0,-0.12195121951219512,-1.25,-1.25,-1.25,-1.25,-1.25,-1.25,1.25,1.25,1.25,5.0
riz_d5360d618551d5a143f5c931608cb5ce,147,20080619,816,north,minute_ignition,False,False,1.3659722222222221,1985.0,1986.5,1987.0,-1.5,2.25,61,-1.5,0.5,-1.25,True,b_at_entry,,,,,,,,,,,,,
riz_650b7d0a2a38ec1cb1daeb0ab9da5262,135,20080627,585,south,native_confirmation,True,False,70.90625,1850.0,1852.0,1850.0,2.0,0.25,0,-0.0,2.0,2.0,False,same_minute,0.1111111111111111,,,,-0.25,2.0,,-0.25,2.0,,-2.0,0.25,1.0
riz_7326ac0c0ed8a1ffbcb393a6e8adf1f5,134,20080627,846,south,minute_ignition,True,False,70.96458333333334,1845.5,1845.75,1836.0,0.25,9.75,51,-0.25,9.75,0.25,True,b_first,0.975,1.0,0.025000000000000022,0.25,0.25,0.25,0.25,0.25,0.25,-0.25,-0.25,-0.25,1.0
riz_c39b52906deaaf6f739f6792808e2ffd,147,20080630,669,north,minute_ignition,False,False,2.722916666666667,1862.0,1865.0,1867.75,-3.0,6.0,93,-3.5,2.75,-2.75,True,b_at_entry,,,,,,,,,,,,,
riz_24bfae24bbc1ad22301ddc27ba290e2e,141,20080701,627,north,minute_ignition,True,False,75.87916666666666,1841.25,1833.25,1852.0,8.0,11.0,33,7.75,18.75,8.0,True,a_first,0.5789473684210527,0.0,-0.5789473684210527,-11.0,-11.0,-11.0,-11.0,-11.0,-11.0,11.0,11.0,11.0,22.0
riz_5755c381b150628576c4e9b3210b37d9,228,20080701,780,north,minute_ignition,False,False,0.3770833333333333,1833.25,1850.5,1859.75,-17.25,26.75,141,-17.75,9.25,-17.0,True,b_at_entry,,,,,,,,,,,,,
riz_86ad1c82b0469a6c9b662be55afe6ff8,150,20080702,690,south,minute_ignition,True,False,0.3680555555555556,1857.5,1868.25,1855.5,10.75,2.25,72,7.5,12.75,10.5,True,a_first,0.17307692307692307,0.0,-0.17307692307692307,-2.25,-2.25,-2.25,-2.25,-2.25,-2.25,2.25,2.25,2.25,2.0
riz_934e7a4ffa3918a828e608e115829d27,131,20080708,950,north,native_confirmation,True,False,6.363888888888889,1872.25,1871.5,1872.5,0.75,0.5,0,0.0,1.0,0.75,False,a_first,0.4,0.0,-0.4,-0.5,-0.5,-0.5,-0.5,-0.5,-0.5,0.5,0.5,0.5,1.0
riz_1f836b3b6222bef64c3dfa6751b0c5e8,199,20080722,635,north,minute_ignition,False,False,5.850694444444445,1798.0,1807.75,1810.0,-9.75,12.25,16,-10.75,2.25,-9.75,True,b_at_entry,,,,,,,,,,,,,
riz_9a76552709ef5f3f0a25d5e8230e5cb1,161,20080729,606,north,minute_ignition,True,False,3.8875,1837.5,1834.5,1839.0,3.0,1.75,1,-0.5,4.5,3.0,False,a_first,0.3684210526315789,0.0,-0.3684210526315789,-1.75,-1.75,-1.75,-1.75,-1.75,-1.75,1.75,1.75,1.75,1.0
riz_e31002bb7fe96f945eeecf2c76d6181c,129,20080730,801,south,minute_ignition,False,False,1.9930555555555556,1837.75,1832.75,1831.25,-5.0,6.75,10,-4.75,1.5,-4.5,True,b_at_entry,,,,,,,,,,,,,
riz_c126f2c6e33b94843f2953eef8ca1e93,147,20080730,816,south,minute_ignition,False,False,1.9791666666666667,1837.75,1836.25,1831.25,-1.5,6.75,30,-2.25,5.0,-1.5,True,b_at_entry,,,,,,,,,,,,,
riz_51fa6fe73640628c2a6aec09b10cb16e,149,20080730,832,south,native_confirmation,True,False,2.0,1830.5,1831.25,1830.75,0.75,-0.0,0,-0.0,0.5,0.5,False,a_at_entry,,,,,,,,,,,,,
riz_961bae1a97384eb7aee1413a9c95d287,206,20080730,876,south,minute_ignition,False,False,1.9381944444444446,1840.0,1834.0,1828.25,-6.0,12.0,89,-6.75,5.75,-6.0,True,b_at_entry,,,,,,,,,,,,,
riz_17b66e8ced667684a6a74ffaa01230a5,120,20080801,600,south,minute_ignition,True,False,3.7444444444444445,1818.0,1822.25,1806.75,4.25,11.5,8,1.25,15.5,4.25,False,b_first,0.7301587301587301,1.0,0.2698412698412699,4.25,4.25,4.25,4.25,4.25,4.25,-4.25,-4.25,-4.25,1.0
riz_92d6b87b009955247fe9b40e5636746a,132,20080801,696,south,minute_ignition,False,False,3.74375,1829.0,1824.0,1806.75,-5.0,22.5,105,-7.0,17.25,-5.25,True,b_at_entry,,,,,,,,,,,,,
riz_8bd6607c9286dc54ab70e38eb8c8c787,156,20080805,732,north,minute_ignition,False,False,4.208333333333333,1845.75,1849.5,1850.5,-3.75,5.0,12,-4.75,1.0,-3.75,True,b_at_entry,,,,,,,,,,,,,
riz_d54826c488e46fe4dec55763d2bf3113,120,20080808,720,north,minute_ignition,True,False,44.26111111111111,1915.25,1914.25,1916.75,1.0,1.75,104,-0.25,2.5,1.0,True,b_first,0.6363636363636364,1.0,0.36363636363636365,1.0,1.0,1.0,1.0,1.0,1.0,-1.0,-1.0,-1.0,4.0
riz_73bb94c54ea9e880554d849a062c629e,233,20080808,805,north,minute_ignition,True,False,44.113194444444446,1919.75,1916.25,1923.25,3.5,3.75,70,2.75,7.0,3.25,True,a_first,0.5172413793103449,0.0,-0.5172413793103449,-3.75,-3.75,-3.75,-3.75,-3.75,-3.75,3.75,3.75,3.75,4.0
riz_94b5ee3fa390b87bfb31db9ef90ebf65,137,20080811,599,north,native_confirmation,True,False,46.80972222222222,1935.25,1934.0,1936.75,1.25,1.75,0,0.0,2.75,1.0,False,b_first,0.5833333333333334,1.0,0.41666666666666663,1.25,1.25,1.25,1.25,1.25,1.25,-1.25,-1.25,-1.25,1.0
riz_a692d05ff3f61714e6bdb2e4d3b8c9d7,136,20080814,864,north,minute_ignition,False,False,55.93333333333333,1965.5,1972.0,1973.0,-6.5,7.75,96,-7.0,1.0,-6.75,True,b_at_entry,,,,,,,,,,,,,
riz_cc8411b4c3256762ec15ba595b4e1f41,161,20080827,767,north,minute_ignition,True,False,5.222916666666666,1911.5,1909.25,1911.5,2.25,0.25,1,1.0,2.25,2.0,False,a_first,0.1,0.0,-0.1,-0.25,-0.25,-0.25,-0.25,-0.25,-0.25,0.25,0.25,0.25,1.0
riz_59429c8c00dea6106671510ed9f82ec9,141,20080827,768,north,minute_ignition,True,False,5.195138888888889,1911.75,1910.5,1912.0,1.25,0.5,1,0.5,1.5,1.25,False,a_first,0.2857142857142857,0.0,-0.2857142857142857,-0.5,-0.5,-0.5,-0.5,-0.5,-0.5,0.5,0.5,0.5,1.0
riz_280b47031d9e99c364f42bc0834300f9,132,20080827,828,north,minute_ignition,True,False,5.147222222222222,1912.25,1912.0,1914.5,0.25,2.5,52,-0.25,2.5,0.25,True,b_first,0.9090909090909091,1.0,0.09090909090909094,0.25,0.25,0.25,0.25,0.25,0.25,-0.25,-0.25,-0.25,1.0
riz_3b5bdab2922275f279c74145e3bbd618,122,20080827,860,north,minute_ignition,True,False,5.2659722222222225,1909.25,1906.5,1914.5,2.75,5.5,105,1.75,8.0,2.5,True,a_first,0.6666666666666666,0.0,-0.6666666666666666,-5.5,-5.5,-5.5,-5.5,-5.5,-5.5,5.5,5.5,5.5,23.0
riz_7366af15f1a1ced67d4b997dafa4292d,178,20080827,886,north,minute_ignition,False,False,5.122916666666667,1915.5,1915.75,1916.5,-0.25,1.25,1,-0.25,0.75,0.0,True,b_at_entry,,,,,,,,,,,,,
riz_449dcb5946d3e0ec06130a93eaa8940d,205,20080828,665,north,minute_ignition,False,False,5.85,1917.0,1920.0,1921.25,-3.0,4.5,11,-3.5,1.25,-3.0,True,b_at_entry,,,,,,,,,,,,,
riz_2cdb7a285b8ba8c9d4b87732a773e059,124,20080829,632,south,minute_ignition,True,False,2.0833333333333335,1888.25,1888.75,1886.75,0.5,1.75,4,-0.25,2.0,0.5,True,b_first,0.7777777777777778,1.0,0.2222222222222222,0.5,0.5,0.5,0.5,0.5,0.5,-0.5,-0.5,-0.5,2.0
riz_22e10eda859ea71f7eadc3ef9748e450,175,20080902,690,north,minute_ignition,False,False,4.80625,1895.75,1911.75,1915.5,-16.0,20.0,104,-18.0,3.75,-16.0,True,b_at_entry,,,,,,,,,,,,,
riz_671f4abcea1c3b990952d8db76d1eae3,139,20080902,752,south,minute_ignition,True,False,3.8993055555555554,1883.25,1885.5,1882.0,2.25,1.5,6,1.5,3.5,2.25,True,a_first,0.4,0.0,-0.4,-1.5,-1.5,-1.5,-1.5,-1.5,-1.5,1.5,1.5,1.5,1.0
riz_60eee53c8eebb8b11c5e8187edff0193,141,20080902,768,south,minute_ignition,False,False,0.38680555555555557,1877.5,1877.0,1876.25,-0.5,1.5,7,-1.0,0.75,-0.5,True,b_at_entry,,,,,,,,,,,,,
riz_f8320d6a942faaef2e1f8d204fe1fd2b,194,20080902,804,south,minute_ignition,True,False,3.8430555555555554,1878.25,1884.0,1876.25,5.75,2.25,55,4.5,7.75,5.75,False,a_first,0.28125,0.0,-0.28125,-2.25,-2.25,-2.25,-2.25,-2.25,-2.25,2.25,2.25,2.25,18.0
riz_f2203414f44d6a2edd5be3f81a0cd936,170,20080909,660,south,minute_ignition,False,False,0.4701388888888889,1757.5,1756.75,1754.25,-0.75,3.5,3,-3.0,2.5,-1.0,True,b_at_entry,,,,,,,,,,,,,
riz_9b5f1b674074614ebdd7ad8386ea4765,148,20080909,676,south,minute_ignition,True,False,0.40902777777777777,1750.0,1754.25,1749.25,4.25,1.0,4,2.25,5.0,4.0,False,a_first,0.19047619047619047,0.0,-0.19047619047619047,-1.0,-1.0,-1.0,-1.0,-1.0,-1.0,1.0,1.0,1.0,1.0
riz_288b6e9df2f27939e628e86d18ac43fa,167,20080915,642,north,minute_ignition,True,False,3.748611111111111,1753.25,1749.0,1759.75,4.25,6.75,29,3.25,10.75,4.5,True,b_first,0.6136363636363636,1.0,0.38636363636363635,4.25,4.25,4.25,4.25,4.25,4.25,-4.25,-4.25,-4.25,5.0
riz_4318ed48aef2bccaa46ac16254b4ffdc,121,20080916,729,north,minute_ignition,True,False,0.17916666666666667,1718.75,1717.5,1734.0,1.25,15.5,105,-1.25,16.5,1.25,True,b_first,0.9253731343283582,1.0,0.07462686567164178,1.25,1.25,1.25,1.25,1.25,1.25,-1.25,-1.25,-1.25,3.0
riz_9a861851480cb02ce9db693840317db0,198,20080918,630,south,minute_ignition,False,False,0.5236111111111111,1664.5,1652.25,1651.5,-12.25,13.25,41,-12.75,0.75,-12.25,True,b_at_entry,,,,,,,,,,,,,
riz_f8ec7e0ec3959cd0b695a2386b3bf6bd,237,20080918,825,south,minute_ignition,False,False,838.8569444444445,1637.5,1617.0,1612.25,-20.5,25.5,56,-21.75,4.75,-20.5,True,b_at_entry,,,,,,,,,,,,,
riz_3c9c71a4ca498fcd66d2d890fc37de57,146,20080918,954,north,minute_ignition,True,False,0.3736111111111111,1709.0,1656.5,1712.75,52.5,4.0,46,49.5,56.25,52.25,False,censored_window,0.07079646017699115,,,12.25,12.25,12.25,12.25,12.25,12.25,-12.25,-12.25,-12.25,6.0
riz_5f9c794413e8bff876ece49e8219e7d6,218,20080919,730,south,minute_ignition,False,False,2.0659722222222223,1761.75,1731.25,1721.25,-30.5,40.75,123,-33.25,10.0,-30.5,True,b_at_entry,,,,,,,,,,,,,
riz_7ca68c014a434e9f50fc7ca140b7af29,232,20080919,800,south,minute_ignition,False,False,2.0277777777777777,1754.25,1728.5,1721.25,-25.75,33.25,192,-27.5,7.25,-25.75,True,b_at_entry,,,,,,,,,,,,,
riz_e9b5e488f5d646c2fc6d8156857e0720,197,20080922,822,south,minute_ignition,False,False,4.996527777777778,1703.75,1702.25,1699.25,-1.5,4.75,5,-3.5,3.0,-1.5,True,b_at_entry,,,,,,,,,,,,,
riz_79b0b13a3628f8e825d0ff0e20704031,160,20080922,920,south,minute_ignition,True,False,4.999305555555556,1686.5,1692.0,1686.0,5.5,0.75,1,3.75,6.0,5.5,False,a_first,0.12,0.0,-0.12,-0.75,-0.75,-0.75,-0.75,-0.75,-0.75,0.75,0.75,0.75,1.0
riz_a72cb2ba818bf86d48c6e2de8fa3640c,217,20080923,725,north,minute_ignition,False,False,4.722916666666666,1682.25,1695.75,1701.75,-13.5,19.75,104,-16.75,6.0,-13.0,True,b_at_entry,,,,,,,,,,,,,
riz_72c1561f52247b56e37d956331d6f93e,168,20080923,816,south,minute_ignition,True,False,4.997916666666667,1651.5,1653.5,1649.25,2.0,2.5,3,0.5,4.25,2.25,True,b_first,0.5555555555555556,1.0,0.4444444444444444,2.0,2.0,2.0,2.0,2.0,2.0,-2.0,-2.0,-2.0,2.0
riz_2e4223a6e2798310c74211e002b1d0ad,149,20080923,832,south,native_confirmation,True,False,5.0,1649.5,1650.0,1647.75,0.5,2.0,0,-0.0,2.25,0.25,False,b_first,0.8,1.0,0.19999999999999996,0.5,0.5,0.5,0.5,0.5,0.5,-0.5,-0.5,-0.5,1.0
riz_b7e48daadcee089f4d7f936d0c84b680,134,20080923,846,south,minute_ignition,True,False,0.2222222222222222,1657.5,1673.0,1647.75,15.5,10.0,83,13.5,25.25,15.25,True,b_first,0.39215686274509803,1.0,0.607843137254902,15.5,15.5,15.5,15.5,15.5,15.5,-15.5,-15.5,-15.5,22.0
riz_946a87346201784a026ba7768939de9c,201,20080923,846,south,minute_ignition,False,False,4.976388888888889,1657.5,1656.5,1647.75,-1.0,10.0,34,-2.5,8.75,-1.25,True,b_at_entry,,,,,,,,,,,,,
riz_d3bb6c1ff56ba8d79595afa4c754153b,137,20080923,873,south,minute_ignition,False,False,0.20625,1679.75,1675.25,1647.75,-4.5,32.25,114,-5.75,27.5,-4.25,True,b_at_entry,,,,,,,,,,,,,
riz_457aff5a47a5da388cb4ee4ecf7573c1,139,20080923,891,south,minute_ignition,False,False,0.2013888888888889,1684.5,1669.25,1647.75,-15.25,37.0,127,-16.75,21.5,-15.5,True,b_at_entry,,,,,,,,,,,,,
riz_81475bb3ebf7384473ce863a65445558,195,20080929,615,south,native_confirmation,True,False,749.2708333333334,1586.25,1589.0,1586.0,2.75,0.5,0,-0.0,3.0,2.75,False,a_first,0.15384615384615385,0.0,-0.15384615384615385,-0.5,-0.5,-0.5,-0.5,-0.5,-0.5,0.5,0.5,0.5,1.0
riz_89cd39ad54cab95cc68b8f4a8f3ac1d5,141,20080929,627,south,minute_ignition,True,False,748.1736111111111,1588.0,1600.5,1575.25,12.5,13.0,32,12.25,25.25,12.75,True,censored_horizon,0.5098039215686274,,,-5.75,-5.75,-5.75,-5.75,-5.75,-5.75,5.75,5.75,5.75,120.0
riz_454418f5bd82563f81c0ec0b9a75157a,172,20080929,672,south,minute_ignition,True,False,748.0666666666667,1594.75,1599.0,1575.25,4.25,19.75,76,1.5,23.75,4.25,True,censored_horizon,0.8229166666666666,,,-11.5,-11.5,-11.5,-11.5,-11.5,-11.5,11.5,11.5,11.5,120.0
riz_3f0f6983236956c139ccab4d12b0ef25,218,20080929,730,south,minute_ignition,False,False,749.0722222222222,1587.25,1585.25,1575.25,-2.0,12.25,114,-3.5,10.0,-1.75,True,b_at_entry,,,,,,,,,,,,,
riz_8b6f53a5c7c4adcfed2ce541944ac40f,198,20080929,828,south,minute_ignition,True,False,761.9979166666667,1545.0,1563.75,1537.75,18.75,7.5,3,8.5,26.0,18.75,False,b_first,0.2857142857142857,1.0,0.7142857142857143,18.75,18.75,18.75,18.75,18.75,18.75,-18.75,-18.75,-18.75,5.0
riz_b39447322792f970a0b9e08c3f91092a,203,20080929,858,south,minute_ignition,True,False,761.9763888888889,1555.75,1569.0,1534.5,13.25,21.5,34,11.5,34.5,14.0,True,b_first,0.6187050359712231,1.0,0.38129496402877694,13.25,13.25,13.25,13.25,13.25,13.25,-13.25,-13.25,-13.25,6.0
riz_e70598626bc17218d924e079b5daca54,123,20080930,747,north,minute_ignition,False,False,762.8034722222222,1557.75,1564.25,1573.25,-6.5,15.75,37,-9.0,9.0,-6.5,True,b_at_entry,,,,,,,,,,,,,
riz_6f8d6175551181439c7f77c117b7c4e8,140,20080930,760,north,minute_ignition,False,False,762.7881944444445,1564.0,1568.5,1573.25,-4.5,9.5,45,-5.5,4.75,-4.75,True,b_at_entry,,,,,,,,,,,,,
riz_e8b4577168b571d7014eecb3b8d4afb0,131,20080930,950,north,minute_ignition,True,False,749.18125,1603.75,1602.5,1605.0,1.25,1.5,1,-1.0,2.5,1.25,True,same_minute,0.5454545454545454,,,,-1.5,1.25,,-1.5,1.25,,-1.25,1.5,1.0
riz_a0b143e1292a6ac7ec1b959ba7044b1e,204,20081001,660,south,minute_ignition,True,False,1.711111111111111,1559.0,1573.75,1555.5,14.75,3.75,56,11.5,18.25,15.0,True,a_first,0.20270270270270271,0.0,-0.20270270270270271,-3.75,-3.75,-3.75,-3.75,-3.75,-3.75,3.75,3.75,3.75,5.0
riz_8674000229f582faba25c9a960af37e2,206,20081001,670,south,minute_ignition,True,False,1.7395833333333333,1553.5,1563.75,1552.25,10.25,1.5,25,10.0,11.5,10.25,True,b_first,0.1276595744680851,1.0,0.8723404255319149,10.25,10.25,10.25,10.25,10.25,10.25,-10.25,-10.25,-10.25,12.0
riz_2babeac912170d667491a2caf9b66b63,128,20081003,664,north,minute_ignition,False,False,2.910416666666667,1548.5,1549.0,1551.75,-0.5,3.5,1,-2.0,2.75,-0.5,True,b_at_entry,,,,,,,,,,,,,
riz_604c71274d2b594e8fa49b0c9ee61d9c,156,20081003,888,south,minute_ignition,False,False,783.9895833333334,1501.0,1493.0,1486.75,-8.0,14.5,15,-10.0,6.25,-7.75,True,b_at_entry,,,,,,,,,,,,,
riz_3a4778cc018af92cf4dbe72926ff7eb9,143,20081016,641,north,minute_ignition,False,False,5.730555555555555,1210.0,1267.5,1276.5,-57.5,66.75,54,-61.25,9.0,-57.5,True,b_at_entry,,,,,,,,,,,,,
riz_2f33ef105269de14fdf97d9aff39e0bc,219,20081016,954,north,minute_ignition,False,False,3.6055555555555556,1307.0,1308.5,1315.25,-1.5,8.5,4,-3.5,6.75,-1.5,True,b_at_entry,,,,,,,,,,,,,
riz_de3fb323841a58e07220af8aed6bdb08,167,20081017,809,north,minute_ignition,False,False,3.88125,1350.75,1350.5,1355.5,0.25,5.0,5,-3.25,5.0,0.0,True,b_first,0.9523809523809523,1.0,0.04761904761904767,0.25,0.25,0.25,0.25,0.25,0.25,-0.25,-0.25,-0.25,1.0
riz_2392f04bb086523e7bbeedba4cf1172d,148,20081105,824,south,minute_ignition,True,False,1.5597222222222222,1331.25,1340.0,1322.75,8.75,8.75,87,7.75,17.25,8.75,True,a_first,0.5,0.0,-0.5,-8.75,-8.75,-8.75,-8.75,-8.75,-8.75,8.75,8.75,8.75,17.0
riz_c41708cd4ffc9dbdac05d102493a2fe8,199,20081106,834,south,minute_ignition,True,False,13.431944444444444,1242.5,1244.25,1240.25,1.75,2.5,35,-0.0,4.0,1.25,True,b_first,0.5882352941176471,1.0,0.4117647058823529,1.75,1.75,1.75,1.75,1.75,1.75,-1.75,-1.75,-1.75,1.0
riz_a12ca8ea72f307e6939b4f89f67070c5,200,20081106,840,south,minute_ignition,False,False,13.44513888888889,1250.0,1243.0,1240.25,-7.0,10.0,19,-9.0,2.75,-7.5,True,b_at_entry,,,,,,,,,,,,,
riz_8bae7601ef5284c25f6f9d50a41f48ff,218,20081106,948,south,minute_ignition,False,False,13.489583333333334,1247.75,1239.75,1237.5,-8.0,10.5,9,-9.0,2.25,-8.0,True,b_at_entry,,,,,,,,,,,,,
riz_42487bc79178c2a5f645cf0617e64910,219,20081106,954,south,minute_ignition,True,False,13.409722222222221,1236.25,1241.25,1236.25,5.0,0.25,127,4.75,5.0,5.0,True,a_first,0.047619047619047616,0.0,-0.047619047619047616,-0.25,-0.25,-0.25,-0.25,-0.25,-0.25,0.25,0.25,0.25,1.0
riz_52ca50bd2d4785550cf78382b268c8c7,124,20081112,632,south,minute_ignition,True,False,14.921527777777778,1196.0,1199.0,1193.5,3.0,2.75,49,0.5,5.5,3.0,True,a_first,0.4782608695652174,0.0,-0.4782608695652174,-2.75,-2.75,-2.75,-2.75,-2.75,-2.75,2.75,2.75,2.75,1.0
riz_036bf8218b89ac56eab4ed79b4484044,239,20081114,596,south,minute_ignition,False,False,1.8166666666666667,1219.25,1208.75,1204.5,-10.5,15.0,25,-12.25,4.25,-10.25,True,b_at_entry,,,,,,,,,,,,,
riz_a90b70532ae7e1fe9cccacf714c7ff30,122,20081114,616,south,minute_ignition,True,False,1.9104166666666667,1202.75,1206.0,1198.25,3.25,4.75,7,-2.5,7.75,3.5,False,a_first,0.59375,0.0,-0.59375,-4.75,-4.75,-4.75,-4.75,-4.75,-4.75,4.75,4.75,4.75,4.0
riz_992332281dcf1c553f66e97a60cf0e89,165,20081114,630,south,minute_ignition,False,False,1.8784722222222223,1200.5,1196.75,1193.5,-3.75,7.25,10,-6.5,3.25,-3.75,True,b_at_entry,,,,,,,,,,,,,
riz_17fcad7d6027b99051127d37f160402e,205,20081114,665,south,minute_ignition,True,False,1.8395833333333333,1186.0,1194.0,1184.5,8.0,1.75,26,7.0,9.5,7.75,True,a_first,0.1794871794871795,0.0,-0.1794871794871795,-1.75,-1.75,-1.75,-1.75,-1.75,-1.75,1.75,1.75,1.75,1.0
riz_bcc34fcecf33507eef3aceff0602a783,173,20081114,678,south,minute_ignition,False,False,1.7548611111111112,1194.75,1185.5,1184.25,-9.25,10.75,11,-9.75,1.25,-9.5,True,b_at_entry,,,,,,,,,,,,,
riz_a05bd5935a3bd6ff0d2aacf28d45055b,149,20081114,683,south,minute_ignition,False,False,1.7847222222222223,1191.0,1187.5,1184.25,-3.5,7.0,18,-4.75,3.25,-3.5,True,b_at_entry,,,,,,,,,,,,,
riz_904749f4d1b5cde30c9dce9793cfaa80,131,20081114,688,south,minute_ignition,True,False,1.8583333333333334,1193.25,1200.0,1184.25,6.75,9.25,73,5.75,15.75,7.0,True,a_first,0.578125,0.0,-0.578125,-9.25,-9.25,-9.25,-9.25,-9.25,-9.25,9.25,9.25,9.25,14.0
riz_6688f49cff5fdb78205ee549d0d36333,218,20081114,730,south,minute_ignition,True,False,1.7868055555555555,1183.25,1190.25,1178.0,7.0,5.5,89,6.5,12.25,7.0,True,a_first,0.44,0.0,-0.44,-5.5,-5.5,-5.5,-5.5,-5.5,-5.5,5.5,5.5,5.5,8.0
riz_8a3af4dc9d9b47228d46db192cef94ba,185,20081114,750,south,minute_ignition,False,False,1.8055555555555556,1186.5,1178.5,1176.25,-8.0,10.5,10,-8.25,2.25,-8.0,True,b_at_entry,,,,,,,,,,,,,
riz_9e9a6c4c128cf58a97a4834a1bd6c331,199,20081114,834,south,minute_ignition,False,False,1.7791666666666666,1200.75,1184.0,1176.25,-16.75,24.75,132,-18.0,7.75,-16.75,True,b_at_entry,,,,,,,,,,,,,
riz_ff7df2e811c5029887195add79c39c5a,128,20081118,792,south,minute_ignition,False,False,0.2638888888888889,1137.0,1136.0,1135.25,-1.0,2.0,4,-1.25,0.75,-1.0,True,b_at_entry,,,,,,,,,,,,,
riz_ecc48e2e0ee93ad66e5bcaf0b95c1c4e,129,20081118,801,south,minute_ignition,False,False,0.2638888888888889,1134.5,1134.25,1129.75,-0.25,5.0,7,-2.5,4.5,-0.25,True,b_at_entry,,,,,,,,,,,,,
riz_3c43b9f70e8990c18b8cd78f688a77b2,131,20081118,819,south,minute_ignition,True,False,0.24930555555555556,1128.0,1139.5,1127.0,11.5,1.25,34,11.25,12.5,11.5,False,a_first,0.09803921568627451,0.0,-0.09803921568627451,-1.25,-1.25,-1.25,-1.25,-1.25,-1.25,1.25,1.25,1.25,1.0
riz_58299844090941af2fa485a6bc695cea,135,20081118,855,south,minute_ignition,True,False,0.23055555555555557,1129.75,1141.0,1119.5,11.25,10.5,73,11.0,21.5,11.25,True,a_first,0.4827586206896552,0.0,-0.4827586206896552,-10.5,-10.5,-10.5,-10.5,-10.5,-10.5,10.5,10.5,10.5,32.0
riz_2ddb3fb12c2d7e4bd537670520c9d27f,138,20081118,882,south,minute_ignition,True,False,0.22083333333333333,1127.25,1138.0,1119.5,10.75,8.0,96,9.75,18.5,10.5,True,a_first,0.4266666666666667,0.0,-0.4266666666666667,-8.0,-8.0,-8.0,-8.0,-8.0,-8.0,8.0,8.0,8.0,5.0
riz_a0e9c1db3e0cda66bfb6eecc74da17a4,134,20081120,712,north,minute_ignition,False,False,0.5145833333333333,1091.5,1094.0,1109.75,-2.5,18.5,66,-8.5,15.75,-2.5,True,b_at_entry,,,,,,,,,,,,,
riz_35c1f9ce768239b94cccbeacabaf53ed,159,20081203,753,north,minute_ignition,False,False,6.9375,1147.0,1149.75,1158.75,-2.75,12.0,90,-5.25,9.0,-2.75,True,b_at_entry,,,,,,,,,,,,,
riz_01b1667faf4dc9e2538f56e3a22d25fc,161,20081203,767,north,minute_ignition,True,False,6.9222222222222225,1149.0,1145.25,1158.75,3.75,10.0,112,1.25,13.5,3.5,True,b_first,0.7272727272727273,1.0,0.2727272727272727,3.75,3.75,3.75,3.75,3.75,3.75,-3.75,-3.75,-3.75,2.0
riz_ad517a2ae453b28e45a0ac0c3d66753a,163,20081203,781,north,minute_ignition,False,False,6.925694444444445,1146.25,1154.25,1158.75,-8.0,12.75,107,-8.5,4.5,-8.25,True,b_at_entry,,,,,,,,,,,,,
riz_1a6bb4b5f165b4929392e1261fae7744,124,20081203,880,south,minute_ignition,False,False,0.3055555555555556,1143.5,1122.75,1116.75,-20.75,27.0,56,-21.5,6.0,-20.75,True,b_at_entry,,,,,,,,,,,,,
riz_3fc097ffb540425ccf9435d74455b739,140,20081211,900,south,minute_ignition,True,False,13.290277777777778,1187.25,1188.5,1184.0,1.25,3.5,2,-0.5,4.5,1.5,False,a_first,0.7368421052631579,0.0,-0.7368421052631579,-3.5,-3.5,-3.5,-3.5,-3.5,-3.5,3.5,3.5,3.5,2.0
riz_9e1a30a05631451c45d05c14bc174a02,124,20081212,632,north,minute_ignition,False,False,4.4118055555555555,1181.25,1189.75,1193.5,-8.5,12.5,27,-9.25,3.75,-8.25,True,b_at_entry,,,,,,,,,,,,,
riz_f8dbb084e43696061a3118e5d5c1bdf6,227,20081212,775,north,minute_ignition,True,False,4.233333333333333,1206.5,1195.0,1206.75,11.5,0.5,118,10.25,11.75,11.5,True,a_first,0.041666666666666664,0.0,-0.041666666666666664,-0.5,-0.5,-0.5,-0.5,-0.5,-0.5,0.5,0.5,0.5,1.0
riz_aaa8bfdd33269dfef1d49adda8c6b09e,219,20081215,735,south,minute_ignition,False,False,3.5569444444444445,1183.5,1173.5,1171.0,-10.0,12.75,74,-11.5,2.5,-9.75,True,b_at_entry,,,,,,,,,,,,,
riz_64698201890af6fdd77d23e73a846b90,161,20081222,928,south,minute_ignition,True,False,6.93125,1170.5,1184.75,1170.5,14.25,0.25,99,13.0,14.25,14.0,True,a_first,0.017241379310344827,0.0,-0.017241379310344827,-0.25,-0.25,-0.25,-0.25,-0.25,-0.25,0.25,0.25,0.25,1.0
riz_a1e77298da6380f5966663638c097dce,130,20081229,680,south,minute_ignition,True,False,0.3993055555555556,1163.5,1181.75,1161.25,18.25,2.5,79,17.75,20.5,18.5,False,a_first,0.12048192771084337,0.0,-0.12048192771084337,-2.5,-2.5,-2.5,-2.5,-2.5,-2.5,2.5,2.5,2.5,100.0
riz_1542ea7ced264799e55dd4fd941b36cd,135,20090113,585,north,native_confirmation,True,False,0.6986111111111111,1209.75,1206.0,1210.0,3.75,0.5,0,0.0,4.0,3.5,False,a_first,0.11764705882352941,0.0,-0.11764705882352941,-0.5,-0.5,-0.5,-0.5,-0.5,-0.5,0.5,0.5,0.5,1.0
riz_5899e7174f0ba1e4aa0ac2e1478e0577,190,20090113,590,north,minute_ignition,True,False,0.39652777777777776,1215.0,1211.75,1218.0,3.25,3.25,3,3.0,6.25,3.25,True,b_first,0.5,1.0,0.5,3.25,3.25,3.25,3.25,3.25,3.25,-3.25,-3.25,-3.25,4.0
riz_d8b584e41695ec6173eedc4634ae8e3d,120,20090113,840,south,minute_ignition,True,False,0.2076388888888889,1188.25,1200.25,1186.75,12.0,1.75,61,11.25,13.5,12.0,True,a_first,0.12727272727272726,0.0,-0.12727272727272726,-1.75,-1.75,-1.75,-1.75,-1.75,-1.75,1.75,1.75,1.75,26.0
riz_0c196340670495c39969a4251c74801b,124,20090114,756,south,minute_ignition,False,False,15.83611111111111,1167.0,1165.0,1158.75,-2.0,8.5,112,-2.75,6.25,-2.25,True,b_at_entry,,,,,,,,,,,,,
riz_b2c96d2d555c665c9fde9f4398525404,163,20090114,781,south,minute_ignition,True,False,15.786111111111111,1168.5,1169.0,1158.75,0.5,10.0,145,-0.5,10.25,0.5,True,b_first,0.9523809523809523,1.0,0.04761904761904767,0.5,0.5,0.5,0.5,0.5,0.5,-0.5,-0.5,-0.5,1.0
riz_33ccc30f0cd791742d333072a0eb3209,229,20090116,785,south,minute_ignition,True,False,1.8027777777777778,1173.75,1174.25,1164.5,0.5,9.5,55,-1.0,9.75,0.25,True,b_first,0.95,1.0,0.050000000000000044,0.5,0.5,0.5,0.5,0.5,0.5,-0.5,-0.5,-0.5,1.0
riz_5f5056cffdf8cdba9556833189c24bbb,148,20090205,676,north,minute_ignition,True,False,0.8729166666666667,1228.5,1219.25,1234.5,9.25,6.25,35,7.75,15.25,9.0,True,a_first,0.4032258064516129,0.0,-0.4032258064516129,-6.25,-6.25,-6.25,-6.25,-6.25,-6.25,6.25,6.25,6.25,21.0
riz_679664f24330482ffb40d5d2e6af865b,235,20090205,815,north,minute_ignition,True,False,0.8756944444444444,1236.25,1217.25,1248.0,19.0,12.0,179,17.5,30.75,18.75,True,a_first,0.3870967741935484,0.0,-0.3870967741935484,-12.0,-12.0,-12.0,-12.0,-12.0,-12.0,12.0,12.0,12.0,64.0
riz_d7ad8075f81ec31885c448b4ff88368a,236,20090205,820,north,minute_ignition,True,False,0.8777777777777778,1236.0,1222.5,1248.0,13.5,12.25,176,12.0,25.5,13.25,False,a_first,0.47572815533980584,0.0,-0.47572815533980584,-12.25,-12.25,-12.25,-12.25,-12.25,-12.25,12.25,12.25,12.25,59.0
riz_32af82987fb27c196413143f6cb4e68e,237,20090205,825,north,minute_ignition,True,False,0.8715277777777778,1239.0,1219.0,1248.0,20.0,9.25,185,19.75,29.0,20.0,True,a_first,0.3162393162393162,0.0,-0.3162393162393162,-9.25,-9.25,-9.25,-9.25,-9.25,-9.25,9.25,9.25,9.25,54.0
riz_9f627276f543cb0862480ac2e05043e0,169,20090211,654,south,minute_ignition,False,False,6.73125,1226.0,1216.25,1213.75,-9.75,12.5,21,-11.25,2.5,-9.75,True,b_at_entry,,,,,,,,,,,,,
riz_485db84787f6f8b3607b475041ffe510,230,20090218,790,south,minute_ignition,False,False,16.195138888888888,1192.5,1174.5,1171.5,-18.0,21.25,179,-20.0,3.0,-17.75,True,b_at_entry,,,,,,,,,,,,,
riz_743e39cb2d276b6181a406e5c71f3133,137,20090220,873,south,minute_ignition,False,False,0.22152777777777777,1175.5,1157.25,1152.25,-18.25,23.5,92,-18.5,5.0,-18.25,True,b_at_entry,,,,,,,,,,,,,
riz_fd120259ed17e2268c020193c38cfe0e,140,20090220,900,south,minute_ignition,False,False,0.21944444444444444,1174.5,1154.75,1152.25,-19.75,22.5,104,-21.0,2.5,-19.5,True,b_at_entry,,,,,,,,,,,,,
riz_70c1eee1ffc8cea218f6f02ea6ca0db7,217,20090305,942,south,minute_ignition,False,False,1.7229166666666667,1075.0,1074.75,1072.75,-0.25,2.5,46,-1.25,2.0,-0.0,True,b_at_entry,,,,,,,,,,,,,
riz_c0bc75c629396e4442240c6f6755456c,193,20090306,605,south,native_confirmation,True,False,2.7118055555555554,1069.5,1070.0,1069.0,0.5,0.75,0,-0.0,1.0,0.75,False,a_first,0.6,0.0,-0.6,-0.75,-0.75,-0.75,-0.75,-0.75,-0.75,0.75,0.75,0.75,1.0
riz_f49395969e2cb99d0f14ee8f416c46c7,195,20090306,615,south,minute_ignition,True,False,2.7180555555555554,1066.75,1067.75,1066.25,1.0,0.75,1,0.75,1.5,1.0,True,a_first,0.42857142857142855,0.0,-0.42857142857142855,-0.75,-0.75,-0.75,-0.75,-0.75,-0.75,0.75,0.75,0.75,1.0
riz_34da6abf1fcbbb0a14a979a957e23a4d,166,20090306,636,south,native_confirmation,True,False,104.88472222222222,1057.5,1058.75,1057.0,1.25,0.75,0,-0.0,1.75,1.5,False,a_first,0.375,0.0,-0.375,-0.75,-0.75,-0.75,-0.75,-0.75,-0.75,0.75,0.75,0.75,1.0
riz_42a3e88cf28cceff0cc18d6f988b5cd6,188,20090313,580,south,minute_ignition,False,False,14.692361111111111,1163.0,1157.25,1155.25,-5.75,8.0,7,-7.0,2.0,-6.0,True,b_at_entry,,,,,,,,,,,,,
riz_2276828828d33261a356d78625164a4d,151,20090313,697,south,native_confirmation,True,False,14.748611111111112,1151.0,1151.75,1151.25,0.75,-0.0,0,-0.0,0.5,0.25,False,a_at_entry,,,,,,,,,,,,,
riz_c37796aec043c98c89d32641a16f04cf,229,20090313,785,south,minute_ignition,False,False,14.727083333333333,1155.75,1154.0,1147.5,-1.75,8.5,104,-2.25,6.5,-1.75,True,b_at_entry,,,,,,,,,,,,,
riz_5284d47843390253c7965ad631e8652c,145,20090313,945,north,minute_ignition,False,False,0.2875,1164.0,1165.5,1167.5,-1.5,3.75,21,-1.5,2.0,-1.25,True,b_at_entry,,,,,,,,,,,,,
riz_c0cc3aac47a4670104314899b30d9334,120,20090316,600,south,minute_ignition,True,False,0.49375,1160.0,1163.5,1156.5,3.5,3.75,9,1.75,7.0,3.75,False,a_first,0.5172413793103449,0.0,-0.5172413793103449,-3.75,-3.75,-3.75,-3.75,-3.75,-3.75,3.75,3.75,3.75,7.0
riz_c305647e15ee2207003a31cf64ed83fa,157,20090318,896,north,native_confirmation,True,False,30.285416666666666,1223.75,1221.75,1224.75,2.0,1.25,0,0.0,3.0,2.0,False,b_first,0.38461538461538464,1.0,0.6153846153846154,2.0,2.0,2.0,2.0,2.0,2.0,-2.0,-2.0,-2.0,2.0
riz_18c6575a1dacca6b9ac8df6dd0824137,127,20090401,783,north,minute_ignition,True,False,0.8486111111111111,1244.0,1242.75,1249.75,1.25,6.0,91,1.0,7.0,1.25,True,b_first,0.8275862068965517,1.0,0.1724137931034483,1.25,1.25,1.25,1.25,1.25,1.25,-1.25,-1.25,-1.25,4.0
riz_7ea3c5fe8f181d9e75a8848380e89c10,148,20090402,676,north,minute_ignition,True,False,143.55555555555554,1301.75,1293.25,1302.75,8.5,1.25,29,7.75,9.5,8.5,True,a_first,0.1282051282051282,0.0,-0.1282051282051282,-1.25,-1.25,-1.25,-1.25,-1.25,-1.25,1.25,1.25,1.25,4.0
riz_6a58611b377f9431c0596d09a52e2a76,120,20090414,600,south,minute_ignition,False,False,0.3145833333333333,1330.5,1324.25,1321.75,-6.25,9.0,27,-8.5,2.5,-6.5,True,b_at_entry,,,,,,,,,,,,,
riz_73d8b34d6eb47bc9b77ec181fc1780c2,206,20090421,670,north,minute_ignition,False,False,4.803472222222222,1317.75,1325.25,1326.5,-7.5,9.0,77,-8.0,1.25,-7.5,True,b_at_entry,,,,,,,,,,,,,
riz_9cece21d21c4b82516e9595c789853bb,190,20090422,590,north,minute_ignition,False,False,0.6930555555555555,1325.75,1327.25,1330.75,-1.5,5.25,12,-3.25,3.5,-1.5,True,b_at_entry,,,,,,,,,,,,,
riz_e9f70de356a3dfac9976c22c85b8cc01,120,20090422,600,north,native_confirmation,True,False,5.75,1337.0,1336.75,1337.25,0.25,0.5,0,0.0,0.5,0.25,False,same_minute,0.6666666666666666,,,,-0.5,0.25,,-0.5,0.25,,-0.25,0.5,1.0
riz_5fee3062f4479288c39c5510497db02d,121,20090422,608,north,minute_ignition,True,False,5.743055555555555,1344.5,1338.0,1346.0,6.5,1.75,7,4.25,8.0,6.5,False,a_first,0.21212121212121213,0.0,-0.21212121212121213,-1.75,-1.75,-1.75,-1.75,-1.75,-1.75,1.75,1.75,1.75,6.0
riz_1d06e0da399291b267a6ed0b4a813ed7,122,20090428,860,south,minute_ignition,False,False,0.4888888888888889,1364.25,1364.5,1361.0,0.25,3.5,28,-2.0,3.5,-0.0,True,b_first,0.9333333333333333,1.0,0.06666666666666665,0.25,0.25,0.25,0.25,0.25,0.25,-0.25,-0.25,-0.25,1.0
riz_3a0a70beb75052da3c22d1a892f9a03e,124,20090428,880,south,minute_ignition,False,False,0.4888888888888889,1373.5,1362.5,1361.0,-11.0,12.75,42,-11.0,1.5,-10.75,True,b_at_entry,,,,,,,,,,,,,
riz_0b5bb1bf5b326871cda6c18f4b222181,163,20090428,944,south,minute_ignition,True,False,0.4513888888888889,1359.25,1360.5,1358.75,1.25,0.75,2,0.5,1.75,1.25,True,b_first,0.375,1.0,0.625,1.25,1.25,1.25,1.25,1.25,1.25,-1.25,-1.25,-1.25,1.0
riz_1216791a69c78856a4126c28360cf306,131,20090501,819,north,minute_ignition,True,False,0.2659722222222222,1400.5,1397.25,1400.5,3.25,0.25,10,2.75,3.25,3.25,True,a_first,0.07142857142857142,0.0,-0.07142857142857142,-0.25,-0.25,-0.25,-0.25,-0.25,-0.25,0.25,0.25,0.25,1.0
riz_dbeea963178ac70076b5722becaf89ee,134,20090501,846,north,minute_ignition,True,False,0.2611111111111111,1399.25,1399.0,1402.75,0.25,3.75,27,-1.25,3.75,0.25,True,b_first,0.9375,1.0,0.0625,0.25,0.25,0.25,0.25,0.25,0.25,-0.25,-0.25,-0.25,1.0
riz_23ea247743cd4c459f845d3a158cab2f,194,20090507,610,south,minute_ignition,True,False,5.863194444444445,1395.5,1396.75,1391.5,1.25,4.25,3,-0.25,5.25,1.0,False,b_first,0.7727272727272727,1.0,0.2272727272727273,1.25,1.25,1.25,1.25,1.25,1.25,-1.25,-1.25,-1.25,5.0
riz_6844d698fe4ccd591b012033f3be5301,240,20090512,600,south,minute_ignition,True,False,1.3243055555555556,1381.5,1385.25,1377.0,3.75,4.75,13,2.75,8.25,4.0,True,a_first,0.5588235294117647,0.0,-0.5588235294117647,-4.75,-4.75,-4.75,-4.75,-4.75,-4.75,4.75,4.75,4.75,12.0
riz_d636b4c561ac57c12c35fd03711a81aa,200,20090512,640,south,minute_ignition,False,False,1.1375,1373.75,1373.5,1372.5,-0.25,1.5,2,-0.25,1.0,-0.0,True,b_at_entry,,,,,,,,,,,,,
riz_c7b4056961ec14da5a6004fa8b99d5da,226,20090512,770,south,minute_ignition,True,False,1.1152777777777778,1364.25,1369.5,1361.0,5.25,3.5,60,4.25,8.5,5.25,True,a_first,0.4,0.0,-0.4,-3.5,-3.5,-3.5,-3.5,-3.5,-3.5,3.5,3.5,3.5,10.0
riz_672daaabf3addb590f80224d0a813b6d,193,20090512,798,south,minute_ignition,True,False,1.1888888888888889,1364.25,1373.0,1360.75,8.75,3.75,114,7.75,12.25,8.75,True,b_first,0.3,1.0,0.7,8.75,8.75,8.75,8.75,8.75,8.75,-8.75,-8.75,-8.75,83.0
riz_c6f5e81d2a359642a5ba8ea883f9b629,226,20090514,770,north,minute_ignition,True,False,15.439583333333333,1362.25,1360.25,1364.0,2.0,2.0,48,1.0,3.75,2.0,False,a_first,0.5,0.0,-0.5,-2.0,-2.0,-2.0,-2.0,-2.0,-2.0,2.0,2.0,2.0,5.0
riz_1a6289e095355d0405a44733216ad473,181,20090519,726,south,minute_ignition,False,False,6.01875,1393.5,1380.25,1379.0,-13.25,14.75,154,-14.25,1.25,-13.5,True,b_at_entry,,,,,,,,,,,,,
riz_45a4306cfa1c10e06f93618f5aa5a9cd,150,20090520,690,north,minute_ignition,False,False,13.161805555555556,1415.75,1422.5,1423.0,-6.75,7.5,67,-7.0,0.5,-6.75,True,b_at_entry,,,,,,,,,,,,,
riz_ef3a6025a5e7b984a85e33359ec0793a,157,20090521,582,south,minute_ignition,False,False,7.9944444444444445,1379.25,1376.0,1373.5,-3.25,6.0,8,-3.75,2.5,-3.0,True,b_at_entry,,,,,,,,,,,,,
riz_9afb77eeef228d8899803034b43a0ebc,174,20090526,684,north,minute_ignition,True,False,0.9215277777777777,1404.0,1361.25,1405.75,42.75,2.0,107,38.75,44.5,42.5,False,a_first,0.0446927374301676,0.0,-0.0446927374301676,-2.0,-2.0,-2.0,-2.0,-2.0,-2.0,2.0,2.0,2.0,21.0
riz_ac6bfc442e28fd1225b352f64ff1e814,167,20090527,642,north,minute_ignition,True,False,20.113194444444446,1426.75,1426.25,1427.5,0.5,1.0,4,0.25,1.25,0.75,True,b_first,0.6666666666666666,1.0,0.33333333333333337,0.5,0.5,0.5,0.5,0.5,0.5,-0.5,-0.5,-0.5,1.0
riz_e8e12b2212542f4ad819a6e1570fcad5,126,20090527,648,north,minute_ignition,False,False,20.160416666666666,1424.0,1424.5,1427.5,-0.5,3.75,21,-0.5,3.0,-0.25,True,b_at_entry,,,,,,,,,,,,,
riz_2ef6bd6ebf99eaf56f4db54a162bd430,137,20090527,736,north,minute_ignition,True,False,20.189583333333335,1428.25,1428.0,1428.75,0.25,0.75,1,0.0,0.75,0.25,True,b_first,0.75,1.0,0.25,0.25,0.25,0.25,0.25,0.25,0.25,-0.25,-0.25,-0.25,1.0
riz_c6797ee94bed8faaa6f0678b0011c585,195,20090528,615,south,minute_ignition,False,False,7.714583333333334,1395.5,1393.5,1389.25,-2.0,6.5,6,-2.25,4.25,-1.75,True,b_at_entry,,,,,,,,,,,,,
riz_ce74aab457671f90417f6124442cc54c,132,20090528,696,north,minute_ignition,False,False,0.8222222222222222,1405.0,1413.5,1418.25,-8.5,13.5,124,-12.25,4.75,-8.5,True,b_at_entry,,,,,,,,,,,,,
riz_9a6f310946236a91118d2b1f5ecf9e67,196,20090529,620,south,minute_ignition,False,False,0.3763888888888889,1423.75,1417.5,1414.25,-6.25,9.75,46,-6.75,3.25,-6.25,True,b_at_entry,,,,,,,,,,,,,
riz_4752e19206c1fd5293c74a637a5ebe2e,236,20090610,820,south,native_confirmation,True,False,2.0,1476.75,1476.75,1476.5,-0.0,0.5,0,-0.0,0.25,0.25,False,b_at_entry,,,,,,,,,,,,,
riz_b7b88052ac3ec3c6b9912fe5dd246e91,143,20090610,927,south,minute_ignition,False,False,2.0444444444444443,1483.25,1474.75,1473.25,-8.5,10.25,79,-9.5,1.5,-8.25,True,b_at_entry,,,,,,,,,,,,,
riz_eaf739ae9f52e9fd91d3418ac5ff409d,136,20090611,592,north,minute_ignition,True,False,1.2805555555555554,1507.25,1505.5,1508.25,1.75,1.25,4,0.0,2.75,1.75,True,b_first,0.4166666666666667,1.0,0.5833333333333333,1.75,1.75,1.75,1.75,1.75,1.75,-1.75,-1.75,-1.75,7.0
riz_fee95a295d14ad314534161bd391454c,163,20090611,618,north,minute_ignition,True,False,1.2256944444444444,1508.75,1508.5,1510.0,0.25,1.5,1,-0.25,1.5,0.25,True,b_first,0.8571428571428571,1.0,0.1428571428571429,0.25,0.25,0.25,0.25,0.25,0.25,-0.25,-0.25,-0.25,1.0
riz_c6b109937de0deffd69e06e6bf48afd0,211,20090611,695,north,minute_ignition,False,False,1.2194444444444446,1501.5,1507.25,1510.0,-5.75,8.75,106,-6.25,2.75,-5.75,True,b_at_entry,,,,,,,,,,,,,
riz_3ff3e4d3dfe2c1885a436de9918e2fee,160,20090616,760,south,native_confirmation,True,False,0.4444444444444444,1452.75,1454.25,1452.5,1.5,0.5,0,-0.0,1.75,1.25,False,a_first,0.25,0.0,-0.25,-0.5,-0.5,-0.5,-0.5,-0.5,-0.5,0.5,0.5,0.5,1.0
riz_6f441e4ecd752295ce5f35a51a7621df,120,20090617,720,north,minute_ignition,False,False,1.2229166666666667,1454.5,1454.5,1455.5,0.0,1.25,39,-0.25,1.0,0.0,True,b_at_entry,,,,,,,,,,,,,
riz_9e2ae76e4a17eedebe8d8ed2e5cd06a7,122,20090617,738,north,minute_ignition,True,False,1.2430555555555556,1457.0,1455.75,1459.0,1.25,2.25,16,-0.5,3.25,1.25,True,a_first,0.6428571428571429,0.0,-0.6428571428571429,-2.25,-2.25,-2.25,-2.25,-2.25,-2.25,2.25,2.25,2.25,5.0
riz_648295a96574af5ebe2874edc2660bae,186,20090617,756,north,minute_ignition,False,False,1.1208333333333333,1457.25,1460.0,1462.25,-2.75,5.25,12,-4.0,2.25,-3.0,True,b_at_entry,,,,,,,,,,,,,
riz_dc1f309e831088a0f0934f8d37db90b7,193,20090625,605,south,minute_ignition,False,False,2.7131944444444445,1459.25,1434.5,1432.75,-24.75,26.75,27,-25.25,1.75,-24.25,True,b_at_entry,,,,,,,,,,,,,
riz_c19375fb6a2f442676c692e9c5137788,129,20090629,672,south,minute_ignition,False,False,0.30277777777777776,1482.75,1472.0,1466.75,-10.75,16.25,80,-10.75,5.25,-10.5,True,b_at_entry,,,,,,,,,,,,,
riz_706232a18488d9d559f8b3b6f1c86195,135,20090702,585,south,minute_ignition,True,False,7.089583333333334,1451.0,1451.75,1447.0,0.75,4.25,6,-0.75,4.75,0.75,True,b_first,0.85,1.0,0.15000000000000002,0.75,0.75,0.75,0.75,0.75,0.75,-0.75,-0.75,-0.75,2.0
riz_f81175ac2503703c0c95c70e84f3f45e,185,20090702,750,south,minute_ignition,False,False,7.029861111111111,1445.25,1444.0,1441.25,-1.25,4.25,142,-2.0,2.75,-1.5,True,b_at_entry,,,,,,,,,,,,,
riz_bc2f772bb16f9c7226be7b8a707aeb1f,164,20090707,624,south,minute_ignition,True,False,0.8701388888888889,1425.25,1429.75,1421.0,4.5,4.5,23,2.75,8.75,4.5,False,a_first,0.5,0.0,-0.5,-4.5,-4.5,-4.5,-4.5,-4.5,-4.5,4.5,4.5,4.5,14.0
riz_98b969338fd6ad26a81d69cb22aae8da,123,20090713,747,north,minute_ignition,True,False,6.790972222222222,1435.5,1430.0,1441.0,5.5,5.75,55,5.25,11.0,5.75,True,a_first,0.5111111111111111,0.0,-0.5111111111111111,-5.75,-5.75,-5.75,-5.75,-5.75,-5.75,5.75,5.75,5.75,55.0
riz_1b2b356c118f467f603ca6129d2169c2,144,20090713,792,north,minute_ignition,True,False,6.777083333333334,1436.5,1431.25,1441.0,5.25,4.75,98,2.75,9.75,5.25,False,a_first,0.475,0.0,-0.475,-4.75,-4.75,-4.75,-4.75,-4.75,-4.75,4.75,4.75,4.75,10.0
riz_c6b5054007b3ac19917ee6b17733e697,123,20090715,747,north,minute_ignition,False,False,13.955555555555556,1490.0,1490.5,1492.25,-0.5,2.5,64,-1.0,1.75,-0.75,True,b_at_entry,,,,,,,,,,,,,
riz_fb6b8f3f70f9c359030e56c9f7e22d9b,139,20090717,891,north,minute_ignition,False,False,287.05069444444445,1523.0,1525.25,1525.75,-2.25,3.0,66,-2.75,0.5,-2.5,True,b_at_entry,,,,,,,,,,,,,
riz_4f225da08abd2bbfb3163a3f35821fdb,147,20090724,816,north,minute_ignition,True,False,0.8958333333333334,1595.0,1594.75,1596.25,0.25,1.5,3,0.0,1.5,0.25,True,b_first,0.8571428571428571,1.0,0.1428571428571429,0.25,0.25,0.25,0.25,0.25,0.25,-0.25,-0.25,-0.25,1.0
riz_9a4263a1885e5ac3dba413dcf5ed7fd8,129,20090724,930,north,minute_ignition,False,False,0.9430555555555555,1594.0,1596.25,1597.75,-2.25,4.0,82,-2.25,1.5,-2.0,True,b_at_entry,,,,,,,,,,,,,
riz_6962ec5bd87d72c211129589380f61cd,173,20090804,851,north,minute_ignition,False,False,0.6166666666666667,1619.25,1626.0,1632.5,-6.75,13.5,150,-8.0,6.5,-7.0,True,b_at_entry,,,,,,,,,,,,,
riz_0a43dfc77e96e1bf0b409210b1954087,126,20090804,900,south,minute_ignition,False,False,0.3111111111111111,1618.25,1618.0,1617.0,-0.25,1.5,56,-0.75,1.0,-0.25,True,b_at_entry,,,,,,,,,,,,,
riz_16cda6b23976d2ad2dea1562ae3e5c74,146,20090812,662,north,minute_ignition,True,False,1.1541666666666666,1623.25,1612.0,1623.75,11.25,0.75,70,8.75,11.75,11.25,False,a_first,0.0625,0.0,-0.0625,-0.75,-0.75,-0.75,-0.75,-0.75,-0.75,0.75,0.75,0.75,2.0
riz_994e9c7cf09c456dc196f771d3280e13,175,20090812,690,north,minute_ignition,True,False,4.832638888888889,1623.25,1620.5,1625.0,2.75,2.0,66,1.0,4.5,2.75,True,b_first,0.42105263157894735,1.0,0.5789473684210527,2.75,2.75,2.75,2.75,2.75,2.75,-2.75,-2.75,-2.75,52.0
riz_0fcebd3faf3d67c4a55c983ba59c8974,128,20090814,664,south,minute_ignition,True,False,2.952777777777778,1602.0,1607.25,1597.5,5.25,4.75,68,4.5,9.75,5.25,True,a_first,0.475,0.0,-0.475,-4.75,-4.75,-4.75,-4.75,-4.75,-4.75,4.75,4.75,4.75,27.0
riz_b320ddc1ac90be65ad80b1c0c8ed0238,129,20090814,672,south,minute_ignition,True,False,2.9506944444444443,1600.25,1604.5,1597.5,4.25,3.0,71,1.0,7.0,4.0,False,a_first,0.41379310344827586,0.0,-0.41379310344827586,-3.0,-3.0,-3.0,-3.0,-3.0,-3.0,3.0,3.0,3.0,19.0
riz_1f9adabdb2e9dc582ba65d7d84614052,121,20090827,608,south,minute_ignition,True,False,6.501388888888889,1611.5,1612.75,1610.5,1.25,1.25,4,0.5,2.25,1.0,True,b_first,0.5,1.0,0.5,1.25,1.25,1.25,1.25,1.25,1.25,-1.25,-1.25,-1.25,1.0
riz_a004ac100236edfb3405f7ee527a7c69,179,20090827,714,south,minute_ignition,True,False,12.915277777777778,1619.0,1624.0,1610.5,5.0,8.75,122,3.5,13.5,5.0,False,b_first,0.6363636363636364,1.0,0.36363636363636365,5.0,5.0,5.0,5.0,5.0,5.0,-5.0,-5.0,-5.0,18.0
riz_71d5a1cf99bd6ac399b8e74ffb9a4053,188,20090827,956,north,minute_ignition,True,False,0.31180555555555556,1639.75,1634.5,1643.5,5.25,4.0,115,5.25,9.0,5.5,True,censored_window,0.43243243243243246,,,-1.0,-1.0,-1.0,-1.0,-1.0,-1.0,1.0,1.0,1.0,4.0
riz_4570f5b164d051a182acc78519ef8135,214,20090828,710,north,minute_ignition,False,False,335.7236111111111,1645.75,1665.0,1668.5,-19.25,23.0,133,-22.0,3.5,-19.5,True,b_at_entry,,,,,,,,,,,,,
riz_7584405ffdadae6ce961b78a1864ea9d,235,20090828,815,south,minute_ignition,False,False,0.975,1639.75,1631.5,1630.5,-8.25,9.5,36,-8.75,1.0,-8.25,True,b_at_entry,,,,,,,,,,,,,
riz_6333fb164d70c2a3ef3c3c6d160dfc54,157,20090901,582,north,minute_ignition,True,False,0.325,1629.0,1626.5,1630.75,2.5,2.0,3,0.75,4.25,2.5,False,a_first,0.4444444444444444,0.0,-0.4444444444444444,-2.0,-2.0,-2.0,-2.0,-2.0,-2.0,2.0,2.0,2.0,2.0
riz_de5d9bc9d3e8ef6e628281faeeb6a721,167,20090901,642,north,minute_ignition,True,False,0.3055555555555556,1641.0,1629.25,1649.0,11.75,8.25,61,10.25,19.75,11.5,True,b_first,0.4125,1.0,0.5875,11.75,11.75,11.75,11.75,11.75,11.75,-11.75,-11.75,-11.75,19.0
riz_84a6c8791f8627f9e3d65f00ffc0cad7,132,20090901,696,south,minute_ignition,True,False,11.363194444444444,1601.75,1606.75,1601.5,5.0,0.5,5,1.0,5.25,5.25,False,a_first,0.09090909090909091,0.0,-0.09090909090909091,-0.5,-0.5,-0.5,-0.5,-0.5,-0.5,0.5,0.5,0.5,1.0
riz_35ef861b6c6b5315121487b5294bb0a6,129,20090904,672,north,minute_ignition,False,False,2.9756944444444446,1616.5,1618.0,1621.25,-1.5,5.0,35,-2.25,3.25,-1.75,True,b_at_entry,,,,,,,,,,,,,
riz_cc6f3935feae6e8b863d5a14bd81dfbb,132,20090909,696,south,minute_ignition,False,False,0.28194444444444444,1672.25,1650.25,1648.75,-22.0,23.75,122,-23.0,1.5,-22.0,True,b_at_entry,,,,,,,,,,,,,
riz_de7a1addc3ca55a2db723beb3b5efd40,136,20090910,592,north,minute_ignition,False,False,0.27291666666666664,1668.0,1670.5,1673.75,-2.5,6.0,16,-4.25,3.25,-2.5,True,b_at_entry,,,,,,,,,,,,,
riz_1996e9b877416daa90f3ba68705a987e,195,20090924,615,south,minute_ignition,True,False,3.1305555555555555,1709.75,1713.5,1709.75,3.75,0.25,7,1.75,3.75,3.75,True,a_first,0.0625,0.0,-0.0625,-0.25,-0.25,-0.25,-0.25,-0.25,-0.25,0.25,0.25,0.25,1.0
riz_3f2e01ef3fc5b143d30da7ad947db257,216,20090924,720,south,minute_ignition,True,False,3.0729166666666665,1702.25,1711.25,1696.0,9.0,6.5,111,8.5,15.25,9.0,True,censored_horizon,0.41935483870967744,,,-2.0,-2.0,-2.0,-2.0,-2.0,-2.0,2.0,2.0,2.0,120.0
riz_266ad474ab9e318413609fab0cf03652,193,20090928,605,north,minute_ignition,True,False,6.852777777777778,1721.25,1714.5,1722.75,6.75,1.75,19,5.0,8.25,7.0,True,a_first,0.20588235294117646,0.0,-0.20588235294117646,-1.75,-1.75,-1.75,-1.75,-1.75,-1.75,1.75,1.75,1.75,3.0
riz_12f5cbba781c5d98e4ffb74eadd23508,134,20090928,712,north,minute_ignition,True,False,4.0375,1730.25,1725.75,1730.5,4.5,0.5,80,4.0,4.75,4.75,True,a_first,0.1,0.0,-0.1,-0.5,-0.5,-0.5,-0.5,-0.5,-0.5,0.5,0.5,0.5,3.0
riz_136aa0b71679a6916b4a13ac0d1a44c0,221,20090930,745,south,minute_ignition,False,False,2.3583333333333334,1710.75,1693.0,1688.75,-17.75,22.25,147,-19.75,4.25,-18.0,True,b_at_entry,,,,,,,,,,,,,
riz_8c044d0b29e172f37ab081e26b1d3c41,120,20090930,840,north,minute_ignition,True,False,0.19930555555555557,1722.75,1720.25,1730.0,2.5,7.5,73,2.0,9.75,2.5,True,b_first,0.75,1.0,0.25,2.5,2.5,2.5,2.5,2.5,2.5,-2.5,-2.5,-2.5,2.0
riz_ec362a3940484db7634b1ba0dd4c45e6,158,20090930,904,north,minute_ignition,False,False,0.23194444444444445,1713.0,1718.25,1730.0,-5.25,17.25,140,-6.25,11.75,-5.5,True,b_at_entry,,,,,,,,,,,,,
riz_db01a0060c39932404a3daf6f7859c73,144,20091012,936,south,minute_ignition,False,False,3.901388888888889,1726.0,1717.75,1716.5,-8.25,9.75,58,-8.5,1.25,-8.25,True,b_at_entry,,,,,,,,,,,,,
riz_00920285c238ca52d13844ada94a5e04,162,20091019,612,south,minute_ignition,False,False,0.44375,1734.0,1729.75,1729.5,-4.25,4.75,10,-4.5,0.25,-4.25,True,b_at_entry,,,,,,,,,,,,,
riz_707e89625ca2c6d1abff38dacae87087,150,20091019,690,north,minute_ignition,False,False,3.770138888888889,1749.0,1749.0,1749.5,0.0,0.75,1,-0.25,0.5,0.0,True,b_at_entry,,,,,,,,,,,,,
riz_d561e948761fefb3fda3d756eba56439,145,20091021,945,south,minute_ignition,True,False,0.29583333333333334,1749.25,1753.25,1748.75,4.0,0.75,9,3.75,4.5,4.0,True,a_first,0.15789473684210525,0.0,-0.15789473684210525,-0.75,-0.75,-0.75,-0.75,-0.75,-0.75,0.75,0.75,0.75,1.0
riz_7838f116a5baf8512997a3afd7bb29be,156,20091022,888,north,minute_ignition,True,False,1.086111111111111,1759.5,1757.75,1762.0,1.75,2.75,32,0.75,4.25,1.75,True,a_first,0.6111111111111112,0.0,-0.6111111111111112,-2.75,-2.75,-2.75,-2.75,-2.75,-2.75,2.75,2.75,2.75,16.0
riz_4083242c62dfba5e2f43c4acf9c5a1e3,157,20091022,896,north,minute_ignition,False,False,1.086111111111111,1759.25,1759.25,1762.0,0.0,3.0,33,-1.25,2.75,0.0,True,b_at_entry,,,,,,,,,,,,,
riz_89bad3fcfc4753da07072bd5bd5121b3,158,20091022,904,north,native_confirmation,True,False,1.1097222222222223,1762.75,1761.75,1763.0,1.0,0.5,0,0.0,1.25,1.0,False,b_first,0.3333333333333333,1.0,0.6666666666666667,1.0,1.0,1.0,1.0,1.0,1.0,-1.0,-1.0,-1.0,2.0
riz_a3999b5c2a185cd4da3fc3737c639b54,163,20091022,944,north,minute_ignition,False,False,1.0972222222222223,1760.75,1763.25,1766.25,-2.5,5.75,23,-3.5,3.0,-2.75,True,b_at_entry,,,,,,,,,,,,,
riz_fd75eac81a01e177f01fcdce01272866,122,20091030,738,south,minute_ignition,True,False,1.8138888888888889,1682.0,1688.5,1678.25,6.5,4.0,31,5.5,10.25,6.5,True,a_first,0.38095238095238093,0.0,-0.38095238095238093,-4.0,-4.0,-4.0,-4.0,-4.0,-4.0,4.0,4.0,4.0,9.0
riz_d774c8fb21b3abfdb13888e441ceefe1,128,20091102,664,north,minute_ignition,False,False,4.025,1675.0,1686.75,1687.75,-11.75,13.0,24,-12.0,1.0,-11.75,True,b_at_entry,,,,,,,,,,,,,
riz_651d5611cb62f995e510269b79bd039f,159,20091112,594,north,minute_ignition,True,False,0.5493055555555556,1790.5,1784.25,1791.5,6.25,1.25,5,4.0,7.25,6.25,False,a_first,0.16666666666666666,0.0,-0.16666666666666666,-1.25,-1.25,-1.25,-1.25,-1.25,-1.25,1.25,1.25,1.25,3.0
riz_60c235898b350acbc63d049ad33b5f1c,158,20091117,588,north,minute_ignition,False,False,0.7791666666666667,1806.5,1807.0,1808.5,-0.5,2.25,2,-1.0,1.5,-0.5,True,b_at_entry,,,,,,,,,,,,,
riz_7e0bdec80ddfd53466f8e354e7581911,171,20091123,666,north,minute_ignition,False,False,4.711805555555555,1795.75,1801.0,1801.75,-5.25,6.25,62,-5.25,0.75,-5.0,True,b_at_entry,,,,,,,,,,,,,
riz_7c6899fb282284d2126b0684ef11d66d,136,20091124,592,south,minute_ignition,True,False,0.37430555555555556,1781.0,1787.0,1779.5,6.0,1.75,5,5.5,7.5,6.0,False,a_first,0.22580645161290322,0.0,-0.22580645161290322,-1.75,-1.75,-1.75,-1.75,-1.75,-1.75,1.75,1.75,1.75,2.0
riz_fce7f34e11efa8c5511fe4faf9797a75,126,20091124,900,north,minute_ignition,True,False,0.2534722222222222,1788.0,1787.5,1789.25,0.5,1.5,13,0.5,1.75,0.75,True,b_first,0.75,1.0,0.25,0.5,0.5,0.5,0.5,0.5,0.5,-0.5,-0.5,-0.5,2.0
riz_b84479a83c097f27aa011c168fbc5855,216,20091127,720,north,minute_ignition,True,False,4.392361111111111,1774.0,1768.25,1779.75,5.75,6.0,84,5.5,11.5,5.75,True,b_first,0.5106382978723404,1.0,0.4893617021276596,5.75,5.75,5.75,5.75,5.75,5.75,-5.75,-5.75,-5.75,25.0
riz_2d33796cc22ee8f1184b44cd481ef4d2,158,20091204,588,north,minute_ignition,True,False,16.102777777777778,1813.25,1809.0,1814.0,4.25,1.0,10,4.0,5.0,4.5,True,a_first,0.19047619047619047,0.0,-0.19047619047619047,-1.0,-1.0,-1.0,-1.0,-1.0,-1.0,1.0,1.0,1.0,1.0
riz_234892dc154db5f11a72b2a8c2b8290d,146,20091204,808,south,minute_ignition,True,False,0.7805555555555556,1784.5,1786.0,1772.75,1.5,12.0,104,-1.25,13.25,1.5,True,b_first,0.8888888888888888,1.0,0.11111111111111116,1.5,1.5,1.5,1.5,1.5,1.5,-1.5,-1.5,-1.5,16.0
riz_2994d070ff685b200df66ddddf7fbfcb,130,20091204,810,south,minute_ignition,True,False,0.7763888888888889,1783.75,1792.75,1772.75,9.0,11.25,112,7.25,20.0,9.0,False,b_first,0.5555555555555556,1.0,0.4444444444444444,9.0,9.0,9.0,9.0,9.0,9.0,-9.0,-9.0,-9.0,115.0
riz_d35d1b6ee07db1bc696eb5a2ebf6d79f,175,20091211,690,south,minute_ignition,True,False,1.3618055555555555,1787.25,1788.75,1785.5,1.5,2.0,5,0.25,3.25,1.5,True,a_first,0.5714285714285714,0.0,-0.5714285714285714,-2.0,-2.0,-2.0,-2.0,-2.0,-2.0,2.0,2.0,2.0,1.0
riz_aa2d5c2f45224313888dfc93ca60c7e5,134,20091211,712,south,minute_ignition,True,False,1.4465277777777779,1783.75,1790.0,1782.5,6.25,1.5,28,5.5,7.5,6.25,False,b_first,0.1935483870967742,1.0,0.8064516129032258,6.25,6.25,6.25,6.25,6.25,6.25,-6.25,-6.25,-6.25,63.0
riz_2d2e717ee004f68eb279feca32a1de5d,228,20091211,780,south,minute_ignition,False,False,1.4131944444444444,1791.5,1791.5,1782.5,-0.0,9.25,97,-1.0,9.0,-0.0,True,b_at_entry,,,,,,,,,,,,,
riz_f79dfd68fe19d669fb2efbd4b27dc5b1,171,20091215,666,north,minute_ignition,True,False,0.46041666666666664,1809.5,1806.5,1812.0,3.0,2.75,22,2.5,5.5,2.75,True,b_first,0.4782608695652174,1.0,0.5217391304347826,3.0,3.0,3.0,3.0,3.0,3.0,-3.0,-3.0,-3.0,23.0
riz_10b9a0d4d8e3e47f2baa1687e695f369,211,20091216,906,south,minute_ignition,False,False,0.7298611111111111,1799.75,1798.25,1797.5,-1.5,2.5,4,-2.0,0.75,-1.5,True,b_at_entry,,,,,,,,,,,,,
riz_1876f7926bfe1b0db670171de82a86b6,222,20091230,750,north,minute_ignition,False,False,1.0381944444444444,1874.5,1876.75,1880.25,-2.25,6.0,167,-2.75,3.5,-2.25,True,b_at_entry,,,,,,,,,,,,,
riz_3cd4cd5298a5c06ecdcd876e4914686a,223,20091230,755,north,minute_ignition,False,False,1.0375,1874.75,1878.0,1880.25,-3.25,5.75,169,-3.75,2.25,-3.0,True,b_at_entry,,,,,,,,,,,,,
riz_1a32e55f2eea079132c8d893a887cadc,202,20100104,650,north,minute_ignition,True,False,489.1375,1887.5,1885.0,1888.25,2.5,1.0,64,1.5,3.25,2.5,True,a_first,0.2857142857142857,0.0,-0.2857142857142857,-1.0,-1.0,-1.0,-1.0,-1.0,-1.0,1.0,1.0,1.0,3.0
riz_631bcc447913b09811636f1fb284fc16,206,20100104,670,north,minute_ignition,False,False,489.17291666666665,1887.75,1888.25,1889.0,-0.5,1.5,17,-0.75,0.75,-0.5,True,b_at_entry,,,,,,,,,,,,,
riz_5e11224592bbd4a729f42480f36aff55,200,20100106,840,south,minute_ignition,False,False,5.997222222222222,1873.75,1873.5,1872.25,-0.25,1.75,4,-0.5,1.25,-0.25,True,b_at_entry,,,,,,,,,,,,,
riz_df5218ce96a266d2300e269ae6751eb3,159,20100114,594,north,minute_ignition,False,False,0.32916666666666666,1884.25,1885.0,1885.75,-0.75,1.75,4,-1.0,0.75,-0.75,True,b_at_entry,,,,,,,,,,,,,
riz_d01b98ffe095eff141cb2ed85566ef1d,193,20100115,605,north,minute_ignition,False,False,0.6888888888888889,1874.25,1890.75,1891.25,-16.5,17.25,34,-16.75,0.5,-16.5,True,b_at_entry,,,,,,,,,,,,,
riz_fe27d590d0dba9ddda2faf26c4e3c8db,197,20100115,625,south,minute_ignition,True,False,2.984027777777778,1870.75,1875.0,1866.5,4.25,4.5,23,3.5,8.5,4.0,True,a_first,0.5142857142857142,0.0,-0.5142857142857142,-4.5,-4.5,-4.5,-4.5,-4.5,-4.5,4.5,4.5,4.5,82.0
riz_096576fb87a9352a95de4a2f12a5da1d,193,20100120,605,south,native_confirmation,True,False,1.1340277777777779,1869.0,1869.25,1867.75,0.25,1.5,0,-0.0,1.5,0.25,False,same_minute,0.8571428571428571,,,,-1.5,0.25,,-1.5,0.25,,-0.25,1.5,1.0
riz_e9c50cf7143ee6a4c04fc0839b05038c,138,20100120,606,south,native_confirmation,True,False,1.0958333333333334,1866.25,1866.75,1865.5,0.5,1.0,0,-0.0,1.25,0.5,False,b_first,0.6666666666666666,1.0,0.33333333333333337,0.5,0.5,0.5,0.5,0.5,0.5,-0.5,-0.5,-0.5,1.0
riz_b6283d1e652de0393fe3cd3e96e365ad,162,20100120,612,south,minute_ignition,True,False,1.1104166666666666,1862.5,1863.5,1861.5,1.0,1.25,3,0.25,2.0,1.0,True,b_first,0.5555555555555556,1.0,0.4444444444444444,1.0,1.0,1.0,1.0,1.0,1.0,-1.0,-1.0,-1.0,1.0
riz_1c8b806310e2e4f3ea9a48d5af67ee29,129,20100120,672,south,minute_ignition,False,False,27.99861111111111,1849.25,1845.75,1845.5,-3.5,4.0,2,-3.75,0.25,-3.5,True,b_at_entry,,,,,,,,,,,,,
riz_3666e339a668fb5b84e1c947ca114b52,222,20100120,750,south,minute_ignition,True,False,1.0555555555555556,1855.25,1866.0,1845.5,10.75,10.0,142,10.75,20.5,11.0,True,censored_horizon,0.4819277108433735,,,0.5,0.5,0.5,0.5,0.5,0.5,-0.5,-0.5,-0.5,120.0
riz_0bc8c944fd04cc78fa24c2a80e76ffa4,122,20100122,860,south,minute_ignition,False,False,505.12083333333334,1824.5,1822.25,1821.25,-2.25,3.5,8,-3.0,1.0,-2.5,True,b_at_entry,,,,,,,,,,,,,
riz_546ab37a97479a83d8bdaf03d25a603b,140,20100122,900,south,minute_ignition,True,False,505.11875,1807.25,1821.0,1805.5,13.75,2.0,29,12.25,15.5,13.75,True,a_first,0.12698412698412698,0.0,-0.12698412698412698,-2.0,-2.0,-2.0,-2.0,-2.0,-2.0,2.0,2.0,2.0,14.0
riz_3179bc01f588684502ab00c60dd246f5,155,20100126,725,north,minute_ignition,True,False,35.99236111111111,1815.25,1814.75,1816.5,0.5,1.5,11,0.25,1.75,0.5,True,b_first,0.75,1.0,0.25,0.5,0.5,0.5,0.5,0.5,0.5,-0.5,-0.5,-0.5,1.0
riz_4522aadcb585ee64a1079e14a9c9fa18,188,20100126,768,north,minute_ignition,True,False,35.99375,1823.25,1820.5,1823.25,2.75,0.25,9,2.25,2.75,2.75,True,b_first,0.08333333333333333,1.0,0.9166666666666666,2.75,2.75,2.75,2.75,2.75,2.75,-2.75,-2.75,-2.75,4.0
riz_806c1031dbde99998e62344a66ef6e80,191,20100126,786,north,minute_ignition,False,False,35.9875,1822.25,1822.75,1823.25,-0.5,1.25,18,-1.0,0.5,-0.5,True,b_at_entry,,,,,,,,,,,,,
riz_0f7587ba7e532acf6cc687516ecdf96a,133,20100126,837,north,minute_ignition,True,False,36.02013888888889,1822.25,1818.0,1823.25,4.25,1.25,104,4.0,5.25,4.25,True,a_first,0.22727272727272727,0.0,-0.22727272727272727,-1.25,-1.25,-1.25,-1.25,-1.25,-1.25,1.25,1.25,1.25,4.0
riz_6636a418ff8d0fc649ed058cf9fcef42,161,20100127,606,north,minute_ignition,False,False,0.7569444444444444,1801.25,1805.75,1809.5,-4.5,8.5,28,-4.75,3.75,-4.25,True,b_at_entry,,,,,,,,,,,,,
riz_9d104240af592da40c7d42a98104d0e9,173,20100127,678,north,minute_ignition,False,False,0.8131944444444444,1800.25,1807.0,1809.5,-6.75,9.5,96,-7.0,2.5,-6.75,True,b_at_entry,,,,,,,,,,,,,
riz_2f0ed2beaffb88546fd149fda6bc1cad,129,20100209,672,south,minute_ignition,True,False,0.7576388888888889,1739.0,1741.75,1737.0,2.75,2.25,4,2.5,4.75,2.75,False,a_first,0.45,0.0,-0.45,-2.25,-2.25,-2.25,-2.25,-2.25,-2.25,2.25,2.25,2.25,5.0
riz_96537fdd6b313a44bcae1700b39605c8,130,20100209,680,south,minute_ignition,False,False,0.7583333333333333,1741.5,1740.0,1736.5,-1.5,5.25,11,-3.5,3.5,-1.5,True,b_at_entry,,,,,,,,,,,,,
riz_0c252541f97dabe1def771271f0b5a60,214,20100209,710,south,minute_ignition,False,False,0.58125,1750.75,1737.75,1736.5,-13.0,14.5,19,-13.25,1.25,-13.0,True,b_at_entry,,,,,,,,,,,,,
riz_e9e27abd1c57ca3588e11f17342a02ce,131,20100209,819,north,minute_ignition,False,False,6.94375,1756.25,1763.25,1767.25,-7.0,11.25,81,-7.75,4.0,-7.0,True,b_at_entry,,,,,,,,,,,,,
riz_f7f4a998c7921623d71dffeb8baa86f7,157,20100211,739,north,minute_ignition,True,False,7.884027777777778,1776.0,1773.5,1777.25,2.5,1.5,10,2.5,3.75,2.75,True,b_first,0.375,1.0,0.625,2.5,2.5,2.5,2.5,2.5,2.5,-2.5,-2.5,-2.5,6.0
riz_0715b4159d0119df43966523c441b332,189,20100216,585,south,minute_ignition,True,False,12.130555555555556,1784.75,1785.0,1784.25,0.25,0.75,1,-0.25,0.75,0.25,True,a_first,0.75,0.0,-0.75,-0.75,-0.75,-0.75,-0.75,-0.75,-0.75,0.75,0.75,0.75,1.0
riz_e09dcd57703eb84a92dad4bdb5dde0e0,229,20100223,785,south,minute_ignition,True,False,4.352777777777778,1789.0,1806.0,1785.25,17.0,4.0,179,16.5,20.75,17.0,True,censored_horizon,0.19047619047619047,,,6.25,6.25,6.25,6.25,6.25,6.25,-6.25,-6.25,-6.25,120.0
riz_9c003569d81c287a56bd506990d9f08d,156,20100224,576,north,minute_ignition,False,False,5.107638888888889,1808.25,1808.25,1808.75,0.0,0.75,1,-0.25,0.5,0.0,True,b_at_entry,,,,,,,,,,,,,
riz_ef095f625089c8dce21e22a29fa9cccb,146,20100224,662,north,minute_ignition,True,False,5.049305555555556,1816.0,1810.0,1819.75,6.0,4.0,75,5.0,9.75,5.75,True,censored_horizon,0.4,,,2.75,2.75,2.75,2.75,2.75,2.75,-2.75,-2.75,-2.75,120.0
riz_9684141658973eabc23b760045b9901a,133,20100225,837,north,minute_ignition,True,False,1.8708333333333333,1799.75,1796.0,1799.75,3.75,0.25,3,2.5,3.75,3.5,False,a_first,0.0625,0.0,-0.0625,-0.25,-0.25,-0.25,-0.25,-0.25,-0.25,0.25,0.25,0.25,1.0
riz_4a43c6775e5ec4618f1f56fd8a035f71,134,20100225,846,north,minute_ignition,False,False,0.27569444444444446,1803.75,1804.0,1806.25,-0.25,2.75,5,-1.25,2.25,-0.25,True,b_at_entry,,,,,,,,,,,,,
riz_556816258484795878b254234795512b,121,20100301,608,north,minute_ignition,True,False,0.22708333333333333,1836.75,1829.0,1837.75,7.75,1.25,36,7.5,8.75,7.75,True,a_first,0.1388888888888889,0.0,-0.1388888888888889,-1.25,-1.25,-1.25,-1.25,-1.25,-1.25,1.25,1.25,1.25,2.0
riz_2e133d03e78bccbd47f1e136d8d2a007,127,20100302,783,north,minute_ignition,False,False,40.77847222222222,1856.75,1858.5,1859.0,-1.75,2.5,82,-2.25,0.5,-2.0,True,b_at_entry,,,,,,,,,,,,,
riz_e01c88180962a2caa9d761baca8fc38d,143,20100302,927,north,minute_ignition,False,False,40.87152777777778,1849.0,1859.75,1862.25,-10.75,13.5,92,-10.75,2.5,-10.5,True,b_at_entry,,,,,,,,,,,,,
riz_13c6094c7ab8d1ffcacc6f3364163462,167,20100304,642,south,minute_ignition,True,False,0.3458333333333333,1846.5,1846.75,1844.5,0.25,2.25,3,-0.25,2.25,0.25,True,b_first,0.9,1.0,0.09999999999999998,0.25,0.25,0.25,0.25,0.25,0.25,-0.25,-0.25,-0.25,1.0
riz_aa788dbff2a32f903a7177e5d71c0aa9,127,20100304,656,south,minute_ignition,False,False,0.4263888888888889,1849.75,1848.25,1844.5,-1.5,5.5,22,-2.5,3.75,-1.5,True,b_at_entry,,,,,,,,,,,,,
riz_86a80d308f13b8715e56a2586e1529ad,145,20100309,945,south,minute_ignition,False,False,57.18680555555556,1900.75,1896.5,1893.5,-4.25,7.5,21,-5.5,3.0,-4.25,True,b_at_entry,,,,,,,,,,,,,
riz_3cf2449599b5f54fcfe4e2e220d64acd,223,20100312,755,south,minute_ignition,True,False,0.3451388888888889,1919.75,1921.75,1913.75,2.0,6.25,173,1.0,8.0,2.0,True,b_first,0.7575757575757576,1.0,0.24242424242424243,2.0,2.0,2.0,2.0,2.0,2.0,-2.0,-2.0,-2.0,23.0
riz_5ac576c4cc8c6188100f1ac5aee8e3f3,162,20100318,774,south,minute_ignition,False,False,0.3034722222222222,1935.5,1932.5,1931.5,-3.0,4.25,49,-3.25,1.0,-3.0,True,b_at_entry,,,,,,,,,,,,,
riz_ebeb3e0838ed6e5658e06cbba511bbc3,148,20100325,676,north,minute_ignition,True,False,584.1,1970.0,1967.75,1970.75,2.25,1.0,4,1.5,3.0,2.0,True,a_first,0.3076923076923077,0.0,-0.3076923076923077,-1.0,-1.0,-1.0,-1.0,-1.0,-1.0,1.0,1.0,1.0,7.0
riz_8132a1512d79ce05487a46f1b8fe8c6d,194,20100326,610,north,minute_ignition,True,False,0.8625,1961.25,1960.75,1963.0,0.5,2.0,4,-1.25,2.25,0.5,True,b_first,0.8,1.0,0.19999999999999996,0.5,0.5,0.5,0.5,0.5,0.5,-0.5,-0.5,-0.5,1.0
riz_a830877eed68f73455e66a856071bdfa,164,20100326,788,south,minute_ignition,True,False,0.675,1940.25,1945.25,1939.75,5.0,0.75,12,4.75,5.5,5.0,True,a_first,0.13043478260869565,0.0,-0.13043478260869565,-0.75,-0.75,-0.75,-0.75,-0.75,-0.75,0.75,0.75,0.75,2.0
riz_14f5bb80303944132a003ff601c9950d,237,20100405,588,south,minute_ignition,False,False,3.6909722222222223,1967.25,1957.75,1955.25,-9.5,12.25,13,-10.75,2.5,-9.5,True,b_at_entry,,,,,,,,,,,,,
riz_5d7fdace563da0be4364dac1c721dc79,189,20100408,585,south,minute_ignition,True,False,3.1284722222222223,1960.25,1962.75,1959.25,2.5,1.25,4,-0.0,3.5,2.75,False,b_first,0.3333333333333333,1.0,0.6666666666666667,2.5,2.5,2.5,2.5,2.5,2.5,-2.5,-2.5,-2.5,8.0
riz_b63387135c4a9b9137738069c8037907,130,20100408,810,north,minute_ignition,True,False,0.9597222222222223,1979.0,1978.0,1982.5,1.0,3.75,58,1.0,4.5,1.25,True,b_first,0.7894736842105263,1.0,0.21052631578947367,1.0,1.0,1.0,1.0,1.0,1.0,-1.0,-1.0,-1.0,24.0
riz_6b836022f397b41fa6893f161c4976f5,133,20100408,837,north,minute_ignition,False,False,0.9604166666666667,1977.0,1979.75,1982.5,-2.75,5.75,57,-3.75,2.75,-2.75,True,b_at_entry,,,,,,,,,,,,,
riz_9baca12138d775460e641bb7794855cb,192,20100412,600,south,minute_ignition,True,False,661.3993055555555,1988.5,1989.75,1988.5,1.25,0.25,1,0.75,1.25,1.25,False,same_minute,0.16666666666666666,,,,-0.25,1.25,,-0.25,1.25,,-1.25,0.25,1.0
riz_a1f237ccd6bcab125df533b07b761c30,144,20100422,648,north,native_confirmation,True,False,0.3,2022.0,2021.5,2022.0,0.5,0.25,0,0.0,0.5,0.5,False,a_first,0.3333333333333333,0.0,-0.3333333333333333,-0.25,-0.25,-0.25,-0.25,-0.25,-0.25,0.25,0.25,0.25,1.0
riz_3ee37a9c8521f442cfd21ff608f890ea,192,20100427,792,south,minute_ignition,True,False,5.063194444444444,2015.5,2016.0,2005.25,0.5,10.5,101,-1.75,10.75,0.75,True,b_first,0.9545454545454546,1.0,0.045454545454545414,0.5,0.5,0.5,0.5,0.5,0.5,-0.5,-0.5,-0.5,4.0
riz_783f010a64b286fa636f8598695ea832,167,20100427,809,south,minute_ignition,False,False,5.031944444444444,2022.0,2021.75,2005.25,-0.25,17.0,121,-2.0,16.5,-0.25,True,b_at_entry,,,,,,,,,,,,,
riz_30f1f9c92243445434f750726442880a,195,20100427,810,south,minute_ignition,False,False,5.0680555555555555,2023.75,2013.0,2005.25,-10.75,18.75,97,-11.25,7.75,-10.5,True,b_at_entry,,,,,,,,,,,,,
riz_848da388fadc443038569164ed0ede2b,240,20100427,840,south,minute_ignition,False,False,5.0625,2020.5,2018.75,2005.25,-1.75,15.5,150,-2.25,13.5,-2.0,True,b_at_entry,,,,,,,,,,,,,
riz_3874eba4482700afd025bab025f13567,151,20100430,848,south,minute_ignition,False,False,1.4743055555555555,2008.5,2007.25,2004.25,-1.25,4.5,72,-2.0,3.0,-1.25,True,b_at_entry,,,,,,,,,,,,,
riz_5cd5a97bfdf5a372b547057e2d95f3db,157,20100503,582,north,minute_ignition,False,False,3.9993055555555554,2013.0,2014.0,2014.25,-1.0,1.5,1,-1.25,0.25,-1.0,True,b_at_entry,,,,,,,,,,,,,
riz_486ef3d836fa5c358532afce93159296,205,20100503,665,north,minute_ignition,False,False,3.9625,2014.75,2016.25,2020.5,-1.5,6.0,54,-2.25,4.25,-1.75,True,b_at_entry,,,,,,,,,,,,,
riz_364f748a5aa8762eb8c7a8edc8f5ea85,171,20100503,666,north,minute_ignition,False,False,3.964583333333333,2014.25,2018.5,2020.5,-4.25,6.5,51,-5.0,2.0,-4.5,True,b_at_entry,,,,,,,,,,,,,
riz_2599be29b54cb43a5f30e29bb95b3f23,135,20100503,720,north,minute_ignition,True,False,3.990972222222222,2025.25,2021.25,2026.5,4.0,1.5,13,2.75,5.25,4.0,False,a_first,0.2727272727272727,0.0,-0.2727272727272727,-1.5,-1.5,-1.5,-1.5,-1.5,-1.5,1.5,1.5,1.5,20.0
riz_fef8e0abf09931219cfe7f2b6cb857b9,156,20100503,732,north,minute_ignition,True,False,4.023611111111111,2025.0,2015.0,2026.5,10.0,1.75,122,10.0,11.5,10.25,True,a_first,0.14893617021276595,0.0,-0.14893617021276595,-1.75,-1.75,-1.75,-1.75,-1.75,-1.75,1.75,1.75,1.75,8.0
riz_4934e8f6e8a6f699dbfc1d65760d35d8,159,20100503,753,north,minute_ignition,True,False,3.9715277777777778,2033.75,2023.75,2034.5,10.0,1.0,41,9.75,10.75,10.25,True,a_first,0.09090909090909091,0.0,-0.09090909090909091,-1.0,-1.0,-1.0,-1.0,-1.0,-1.0,1.0,1.0,1.0,6.0
riz_d2a4fd4a8bb28d0eb6ee6ebd1f3bc691,227,20100504,775,south,minute_ignition,True,False,26.375694444444445,1962.0,1974.0,1952.25,12.0,10.0,140,8.25,21.75,12.0,False,censored_horizon,0.45454545454545453,,,-1.25,-1.25,-1.25,-1.25,-1.25,-1.25,1.25,1.25,1.25,120.0
riz_048fb6548e8de604affb330eab762c71,194,20100506,804,south,minute_ignition,True,False,47.81666666666667,1927.75,1933.25,1927.75,5.5,0.25,93,5.25,5.5,5.5,True,a_first,0.043478260869565216,0.0,-0.043478260869565216,-0.25,-0.25,-0.25,-0.25,-0.25,-0.25,0.25,0.25,0.25,1.0
riz_3afbe1f2647ba7d4e289309c7c570e80,202,20100506,852,south,native_confirmation,True,False,52.0,1910.5,1914.25,1910.0,3.75,0.75,0,-0.0,4.25,3.75,False,b_first,0.16666666666666666,1.0,0.8333333333333334,3.75,3.75,3.75,3.75,3.75,3.75,-3.75,-3.75,-3.75,2.0
riz_697795c36067d0ef117525a00383d6ed,122,20100506,860,south,minute_ignition,True,False,51.99861111111111,1903.5,1908.75,1902.75,5.25,1.0,2,2.75,6.0,5.25,False,a_first,0.16,0.0,-0.16,-1.0,-1.0,-1.0,-1.0,-1.0,-1.0,1.0,1.0,1.0,1.0
riz_0c5fde8b64cd06942fae713cd6e3b122,177,20100506,879,south,minute_ignition,True,False,58.202777777777776,1881.25,1885.0,1876.25,3.75,5.25,2,0.5,8.75,3.5,True,a_first,0.5833333333333334,0.0,-0.5833333333333334,-5.25,-5.25,-5.25,-5.25,-5.25,-5.25,5.25,5.25,5.25,1.0
riz_2c3cffa879834b942289823fc90f728c,178,20100506,886,south,native_confirmation,True,False,70.08194444444445,1784.75,1799.5,1780.75,14.75,4.25,0,-0.0,18.75,17.25,False,a_first,0.2236842105263158,0.0,-0.2236842105263158,-4.25,-4.25,-4.25,-4.25,-4.25,-4.25,4.25,4.25,4.25,1.0
riz_3cadfe1cc2dd4c39b10fd1da5e283d9d,178,20100506,886,south,minute_ignition,True,False,103.9576388888889,1784.75,1835.0,1780.75,50.25,4.25,1,38.5,54.25,52.75,False,a_first,0.0779816513761468,0.0,-0.0779816513761468,-4.25,-4.25,-4.25,-4.25,-4.25,-4.25,4.25,4.25,4.25,1.0
riz_1383324f248c97b8907b9b96cdfa1e2b,156,20100506,888,south,minute_ignition,True,False,51.97847222222222,1801.5,1910.25,1730.25,108.75,71.5,31,108.25,180.0,108.5,True,b_first,0.39667128987517336,1.0,0.6033287101248266,108.75,108.75,108.75,108.75,108.75,108.75,-108.75,-108.75,-108.75,61.0
riz_c071d3400f1cc5e7d826c787a82c843b,208,20100506,888,south,minute_ignition,False,False,83.10208333333334,1801.5,1767.0,1730.25,-34.5,71.5,1,-35.25,36.75,-34.75,True,b_at_entry,,,,,,,,,,,,,
riz_d554045692cbcab0530e057fb44604a8,215,20100506,930,south,minute_ignition,True,False,51.94513888888889,1875.0,1915.75,1730.25,40.75,145.0,79,40.0,185.5,40.75,True,censored_window,0.7806191117092867,,,16.0,16.0,16.0,16.0,16.0,16.0,-16.0,-16.0,-16.0,30.0
riz_3d5c06bed485e686a531699ac1c5f252,143,20100511,641,north,native_confirmation,True,False,0.5958333333333333,1937.75,1935.75,1938.25,2.0,0.75,0,0.0,2.5,2.0,False,b_first,0.2727272727272727,1.0,0.7272727272727273,2.0,2.0,2.0,2.0,2.0,2.0,-2.0,-2.0,-2.0,1.0
riz_ab4895188990956a080f3a0c3a6b6d54,120,20100514,600,south,minute_ignition,True,False,2.313888888888889,1902.75,1926.5,1901.0,23.75,2.0,28,22.75,25.5,23.5,True,a_first,0.07766990291262135,0.0,-0.07766990291262135,-2.0,-2.0,-2.0,-2.0,-2.0,-2.0,2.0,2.0,2.0,1.0
riz_f2bdce704777de153b8c8cfb5fe5517f,176,20100517,696,south,minute_ignition,False,False,0.3611111111111111,1896.25,1893.75,1891.0,-2.5,5.5,8,-4.25,2.75,-2.25,True,b_at_entry,,,,,,,,,,,,,
riz_4df603e7a7c6df6d507e4652b0c34b80,180,20100517,720,south,minute_ignition,True,False,0.3472222222222222,1888.5,1898.0,1888.0,9.5,0.75,40,6.25,10.0,9.75,True,a_first,0.07317073170731707,0.0,-0.07317073170731707,-0.75,-0.75,-0.75,-0.75,-0.75,-0.75,0.75,0.75,0.75,1.0
riz_4a1b0147e81a6e1ff0423302b147e6de,165,20100517,795,south,minute_ignition,True,False,0.40208333333333335,1881.75,1890.5,1870.5,8.75,11.5,81,8.25,20.0,8.75,True,b_first,0.5679012345679012,1.0,0.4320987654320988,8.75,8.75,8.75,8.75,8.75,8.75,-8.75,-8.75,-8.75,12.0
riz_80897de7f8dbb4bd8054fb0c90867d0b,157,20100518,582,north,minute_ignition,False,False,6.108333333333333,1929.25,1929.5,1930.75,-0.25,1.75,1,-0.5,1.25,0.0,True,b_at_entry,,,,,,,,,,,,,
riz_2d66035b5841ed7bc77b13a31f4da998,169,20100518,654,south,minute_ignition,True,False,0.45555555555555555,1897.0,1912.25,1892.25,15.25,5.0,20,13.0,20.0,15.25,True,a_first,0.24691358024691357,0.0,-0.24691358024691357,-5.0,-5.0,-5.0,-5.0,-5.0,-5.0,5.0,5.0,5.0,71.0
riz_7ae890eafa7aa6ffe802d23cefedd252,207,20100518,675,south,minute_ignition,False,False,0.8388888888888889,1908.75,1900.5,1892.25,-8.25,16.75,25,-8.5,8.25,-8.0,True,b_at_entry,,,,,,,,,,,,,
riz_e7eb8ca84351fd507eddeaa53451cafb,189,20100521,774,north,minute_ignition,True,False,0.2701388888888889,1821.25,1803.5,1834.0,17.75,13.0,178,15.25,30.5,18.25,True,b_first,0.42276422764227645,1.0,0.5772357723577235,17.75,17.75,17.75,17.75,17.75,17.75,-17.75,-17.75,-17.75,113.0
riz_83b4ddf52fb3679cd43403772a19f310,128,20100521,920,south,minute_ignition,False,False,0.26458333333333334,1798.5,1798.5,1795.5,-0.0,3.25,3,-1.25,3.0,-0.0,True,b_at_entry,,,,,,,,,,,,,
riz_aeaddf74f513c6858896ab26f53146f4,144,20100526,936,south,minute_ignition,True,False,1.5944444444444446,1793.5,1794.0,1791.25,0.5,2.5,8,-0.25,2.75,0.75,True,b_first,0.8333333333333334,1.0,0.16666666666666663,0.5,0.5,0.5,0.5,0.5,0.5,-0.5,-0.5,-0.5,1.0
riz_ec28ed0f615c6170a96e29983c989500,188,20100601,956,south,minute_ignition,True,False,0.38819444444444445,1838.25,1839.75,1836.0,1.5,2.5,5,1.25,3.75,1.75,True,a_first,0.625,0.0,-0.625,-2.5,-2.5,-2.5,-2.5,-2.5,-2.5,2.5,2.5,2.5,2.0
riz_0b630b991a906ef427c6dc0933a9142a,135,20100602,720,north,minute_ignition,True,False,0.8486111111111111,1858.25,1852.5,1860.25,5.75,2.25,83,5.5,7.75,5.75,True,a_first,0.28125,0.0,-0.28125,-2.25,-2.25,-2.25,-2.25,-2.25,-2.25,2.25,2.25,2.25,4.0
riz_7e5f783472a2117335affda7f95777ed,157,20100602,739,north,minute_ignition,True,False,0.8472222222222222,1860.0,1854.75,1862.25,5.25,2.5,63,4.75,7.5,5.25,True,a_first,0.3225806451612903,0.0,-0.3225806451612903,-2.5,-2.5,-2.5,-2.5,-2.5,-2.5,2.5,2.5,2.5,31.0
riz_bda1dbc768ad819828d72ea7f818540f,125,20100607,640,south,minute_ignition,True,False,0.5680555555555555,1829.0,1831.75,1826.25,2.75,3.0,57,0.5,5.5,2.75,True,b_first,0.5217391304347826,1.0,0.4782608695652174,2.75,2.75,2.75,2.75,2.75,2.75,-2.75,-2.75,-2.75,3.0
riz_fd6e78b0ee9c19e4156a808bdacb6945,214,20100607,924,south,minute_ignition,False,False,11.741666666666667,1803.0,1803.0,1800.25,-0.0,3.0,2,-0.5,2.75,-0.0,True,b_at_entry,,,,,,,,,,,,,
riz_a506784784226f5ba2849c94582eddd0,168,20100610,648,north,minute_ignition,True,False,0.8305555555555556,1812.5,1802.5,1817.0,10.0,4.75,76,6.5,14.5,10.0,True,b_first,0.3220338983050847,1.0,0.6779661016949152,10.0,10.0,10.0,10.0,10.0,10.0,-10.0,-10.0,-10.0,117.0
riz_c3da8b53b243fb1b24d85fc1a138aa98,170,20100610,660,north,minute_ignition,True,False,0.8215277777777777,1811.75,1806.75,1817.0,5.0,5.5,87,4.75,10.25,5.0,True,b_first,0.5238095238095238,1.0,0.47619047619047616,5.0,5.0,5.0,5.0,5.0,5.0,-5.0,-5.0,-5.0,46.0
riz_32650656565073ac9f58a677c3d9aa97,146,20100610,662,north,minute_ignition,True,False,0.8493055555555555,1814.0,1808.0,1817.0,6.0,3.25,71,5.75,9.0,6.0,True,b_first,0.35135135135135137,1.0,0.6486486486486487,6.0,6.0,6.0,6.0,6.0,6.0,-6.0,-6.0,-6.0,42.0
riz_9883277be8c9eda067d1aedd10918b75,128,20100610,664,north,minute_ignition,True,False,0.8625,1815.25,1810.5,1817.0,4.75,2.0,70,2.0,6.5,5.0,True,b_first,0.2962962962962963,1.0,0.7037037037037037,4.75,4.75,4.75,4.75,4.75,4.75,-4.75,-4.75,-4.75,31.0
riz_4c7c6dddf7f784485f5a536a02d9d9ad,153,20100617,711,south,minute_ignition,False,False,0.4638888888888889,1906.75,1902.5,1892.75,-4.25,14.25,97,-4.75,9.75,-4.25,True,b_at_entry,,,,,,,,,,,,,
riz_4deb0eb1f3a9901b211f760d076a89d0,218,20100617,730,south,minute_ignition,False,False,0.3770833333333333,1906.25,1900.25,1892.75,-6.0,13.75,111,-7.75,7.5,-6.0,True,b_at_entry,,,,,,,,,,,,,
riz_76c926051e217cab7096457442201a7d,126,20100622,900,south,minute_ignition,True,False,0.22430555555555556,1885.75,1898.5,1882.0,12.75,4.0,55,12.25,16.5,13.0,True,a_first,0.23880597014925373,0.0,-0.23880597014925373,-4.0,-4.0,-4.0,-4.0,-4.0,-4.0,4.0,4.0,4.0,30.0
riz_90b74a051c325428bd5642e0f0e1dffb,137,20100623,873,north,native_confirmation,True,False,0.28541666666666665,1888.5,1885.5,1889.25,3.0,1.0,0,0.0,3.75,3.25,False,same_minute,0.25,,,,-1.0,3.0,,-1.0,3.0,,-3.0,1.0,1.0
riz_0ac4f379c1409c57fa28379f8e7ca1e3,149,20100701,683,south,minute_ignition,False,False,243.8673611111111,1714.5,1701.0,1698.0,-13.5,16.75,42,-13.5,3.0,-13.25,True,b_at_entry,,,,,,,,,,,,,
riz_a1399889ae285470040c6b1ca210b948,134,20100707,578,north,minute_ignition,True,False,0.9993055555555556,1745.0,1743.75,1745.5,1.25,0.75,1,0.25,1.75,1.25,False,same_minute,0.375,,,,-0.75,1.25,,-0.75,1.25,,-1.25,0.75,1.0
riz_6f10f5c437c4be3001f07bb4ba03aa68,121,20100707,608,north,minute_ignition,False,False,0.9138888888888889,1750.25,1750.25,1753.0,0.0,3.0,3,-1.75,2.75,0.0,True,b_at_entry,,,,,,,,,,,,,
riz_d10cfb84c420f5b06b3f08b85e3070b4,121,20100707,608,north,minute_ignition,True,False,0.9923611111111111,1750.25,1745.5,1753.0,4.75,3.0,11,4.5,7.5,4.75,True,a_first,0.3870967741935484,0.0,-0.3870967741935484,-3.0,-3.0,-3.0,-3.0,-3.0,-3.0,3.0,3.0,3.0,5.0
riz_d0648de0c4296100209d48f1b9e753da,141,20100707,627,north,minute_ignition,True,False,0.9826388888888888,1749.5,1747.0,1754.75,2.5,5.5,25,0.25,7.75,2.75,False,b_first,0.6875,1.0,0.3125,2.5,2.5,2.5,2.5,2.5,2.5,-2.5,-2.5,-2.5,2.0
riz_68b22677c7cd625f2ca743db845723a1,141,20100708,627,north,minute_ignition,False,False,27.868055555555557,1799.0,1800.5,1803.25,-1.5,4.5,49,-2.5,2.75,-1.5,True,b_at_entry,,,,,,,,,,,,,
riz_c26aabfc8d888693c364a75f949c9dd9,159,20100708,753,south,minute_ignition,False,False,8.860416666666667,1783.5,1779.75,1776.0,-3.75,7.75,42,-3.75,3.75,-3.5,True,b_at_entry,,,,,,,,,,,,,
riz_8a19939543681aab6b05662aa326381f,229,20100708,785,north,minute_ignition,False,False,27.697916666666668,1781.25,1801.75,1803.25,-20.5,22.25,206,-21.0,1.5,-20.5,True,b_at_entry,,,,,,,,,,,,,
riz_2f69d011dcab5d613099dc8881f6d0f8,144,20100708,792,south,minute_ignition,True,False,0.21875,1784.5,1785.75,1776.0,1.25,8.75,117,0.75,9.75,1.0,True,b_first,0.875,1.0,0.125,1.25,1.25,1.25,1.25,1.25,1.25,-1.25,-1.25,-1.25,6.0
riz_0be08dee2894aee4a70eca50ae213abd,125,20100712,765,south,minute_ignition,False,False,0.31527777777777777,1815.25,1807.0,1806.25,-8.25,9.25,46,-8.5,0.75,-8.0,True,b_at_entry,,,,,,,,,,,,,
riz_ca364a967a1cdcd70572868ab7e2be81,136,20100713,592,south,minute_ignition,False,False,0.2826388888888889,1824.0,1821.75,1820.5,-2.25,3.75,1,-3.5,1.25,-2.25,True,b_at_entry,,,,,,,,,,,,,
riz_4d8fddc4de8686f1d670e68505485635,159,20100713,594,south,minute_ignition,False,False,0.3277777777777778,1826.5,1823.0,1820.5,-3.5,6.25,5,-3.75,2.5,-3.5,True,b_at_entry,,,,,,,,,,,,,
riz_a38ad60f80c1fdb0e132967df75f1805,169,20100713,654,south,minute_ignition,True,False,14.302777777777777,1828.5,1830.0,1820.5,1.5,8.25,71,-2.0,9.5,1.75,True,b_first,0.8461538461538461,1.0,0.15384615384615385,1.5,1.5,1.5,1.5,1.5,1.5,-1.5,-1.5,-1.5,9.0
riz_36ec68e164b3bc881f89c6cc0659e716,172,20100720,672,north,minute_ignition,True,False,0.4722222222222222,1802.5,1800.5,1803.75,2.0,1.5,8,1.25,3.25,2.0,True,a_first,0.42857142857142855,0.0,-0.42857142857142855,-1.5,-1.5,-1.5,-1.5,-1.5,-1.5,1.5,1.5,1.5,4.0
riz_8240de0f180634b2dd735334f7adadb9,155,20100720,725,north,minute_ignition,False,False,0.39652777777777776,1803.25,1804.25,1808.25,-1.0,5.25,49,-1.75,4.0,-1.0,True,b_at_entry,,,,,,,,,,,,,
riz_3aaf00edda6de04e1de6e97e36dc7893,236,20100721,584,south,minute_ignition,False,False,4.834722222222222,1841.5,1840.75,1838.75,-0.75,3.0,2,-1.75,2.0,-1.0,True,b_at_entry,,,,,,,,,,,,,
riz_8ae28637bf6de8037ef4dceb8980a1ba,237,20100721,588,south,native_confirmation,True,False,4.835416666666666,1837.5,1839.5,1837.5,2.0,0.25,0,-0.0,2.0,1.75,False,a_first,0.1111111111111111,0.0,-0.1111111111111111,-0.25,-0.25,-0.25,-0.25,-0.25,-0.25,0.25,0.25,0.25,1.0
riz_986d700ba9648947c74bb1902668aa37,238,20100721,592,south,minute_ignition,True,False,4.832638888888889,1836.5,1837.25,1833.25,0.75,3.5,3,-0.25,4.0,0.75,True,a_first,0.8235294117647058,0.0,-0.8235294117647058,-3.5,-3.5,-3.5,-3.5,-3.5,-3.5,3.5,3.5,3.5,3.0
riz_d2cec82bb6b5e1f3221838a2dc99b403,239,20100721,596,south,minute_ignition,True,False,4.833333333333333,1832.75,1833.5,1831.25,0.75,1.75,1,-0.5,2.25,0.5,True,a_first,0.7,0.0,-0.7,-1.75,-1.75,-1.75,-1.75,-1.75,-1.75,1.75,1.75,1.75,1.0
riz_b2d7f0a2857d39189897326f2c09180f,240,20100721,600,south,minute_ignition,False,False,4.83125,1835.25,1831.75,1830.0,-3.5,5.5,3,-5.25,1.75,-3.5,True,b_at_entry,,,,,,,,,,,,,
riz_c2c194c7cb01c1f4d41e18776d3fe63c,171,20100723,666,south,minute_ignition,False,False,1.8354166666666667,1858.0,1846.25,1844.5,-11.75,13.75,66,-12.0,1.75,-11.75,True,b_at_entry,,,,,,,,,,,,,
riz_e8adf581de28eb08ccc9aa9f427dfb0b,202,20100726,650,north,minute_ignition,False,False,0.3902777777777778,1877.5,1878.5,1881.25,-1.0,4.0,46,-1.25,2.75,-1.0,True,b_at_entry,,,,,,,,,,,,,
riz_cf6bd9f2ae2cffe366a25710543c764a,130,20100804,680,north,minute_ignition,False,False,42.84375,1898.75,1904.25,1907.5,-5.5,9.0,95,-5.75,3.25,-5.5,True,b_at_entry,,,,,,,,,,,,,
riz_a8d89dafe5929500f6f4769e8e067005,145,20100806,945,north,minute_ignition,True,False,2.1618055555555555,1901.0,1889.5,1902.25,11.5,1.5,57,9.0,12.75,11.25,False,a_first,0.11538461538461539,0.0,-0.11538461538461539,-1.5,-1.5,-1.5,-1.5,-1.5,-1.5,1.5,1.5,1.5,5.0
riz_31949eebeb288551ac024c76bf9cd923,139,20100810,891,north,minute_ignition,True,False,1.7590277777777779,1902.5,1898.5,1908.25,4.0,6.0,19,4.0,9.75,4.25,False,b_first,0.6,1.0,0.4,4.0,4.0,4.0,4.0,4.0,4.0,-4.0,-4.0,-4.0,29.0
riz_f5ff1188997141dcf633916a2bce5ac4,143,20100816,641,south,minute_ignition,False,False,27.150694444444444,1829.5,1802.75,1800.0,-26.75,29.75,69,-27.0,2.75,-26.75,True,b_at_entry,,,,,,,,,,,,,
riz_ebf238c4d622c604e8b2e347f5368de6,140,20100816,900,south,minute_ignition,True,False,0.2875,1815.25,1816.25,1815.0,1.0,0.5,6,0.25,1.25,0.75,True,b_first,0.3333333333333333,1.0,0.6666666666666667,1.0,1.0,1.0,1.0,1.0,1.0,-1.0,-1.0,-1.0,1.0
riz_eb5007116a3f0075bd3c14ce3c47c2e5,141,20100816,909,south,minute_ignition,False,False,0.2923611111111111,1815.25,1814.5,1813.5,-0.75,2.0,2,-1.5,1.0,-0.75,True,b_at_entry,,,,,,,,,,,,,
riz_6547b7f6e10d00d9c0f3e6ec3ca66677,134,20100817,578,north,minute_ignition,False,False,4.2756944444444445,1832.75,1836.5,1839.0,-3.75,6.5,5,-4.25,2.5,-3.75,True,b_at_entry,,,,,,,,,,,,,
riz_8160cd1547061e47f0b0ebabf3691f3d,146,20100818,662,north,minute_ignition,False,False,0.7597222222222222,1842.0,1847.5,1848.5,-5.5,6.75,54,-5.75,1.0,-5.5,True,b_at_entry,,,,,,,,,,,,,
riz_b73baf1b00c3aa348cf4735250421eb7,173,20100831,678,north,minute_ignition,False,False,3.8333333333333335,1770.25,1777.75,1781.75,-7.5,11.75,67,-9.25,4.0,-7.5,True,b_at_entry,,,,,,,,,,,,,
riz_86f92ef00dcf5b933235142aa01bc3b6,160,20100831,920,south,minute_ignition,True,False,0.30416666666666664,1760.5,1763.5,1757.5,3.0,3.25,42,1.75,6.0,2.75,True,b_first,0.52,1.0,0.48,3.0,3.0,3.0,3.0,3.0,3.0,-3.0,-3.0,-3.0,13.0
riz_9e71a7ec3a6270c6b92de0999a5d453a,122,20100901,738,north,minute_ignition,False,False,11.777083333333334,1820.75,1821.25,1825.0,-0.5,4.5,84,-2.25,3.75,-0.25,True,b_at_entry,,,,,,,,,,,,,
riz_c8be0e0a203f540d3d100e5257d0c075,139,20100901,752,north,minute_ignition,False,False,11.778472222222222,1819.25,1823.25,1825.0,-4.0,6.0,96,-5.0,1.75,-4.0,True,b_at_entry,,,,,,,,,,,,,
riz_d10af63947f8ff722d2d540344ef94d7,147,20100902,669,north,minute_ignition,False,False,10.099305555555556,1830.5,1833.5,1834.0,-3.0,3.75,4,-3.25,0.5,-3.0,True,b_at_entry,,,,,,,,,,,,,
riz_6617c12f7eef983fd7adc8bba16dea49,194,20100913,610,north,minute_ignition,True,False,34.69444444444444,1916.25,1912.75,1917.75,3.5,1.75,30,3.25,5.0,3.5,True,a_first,0.3333333333333333,0.0,-0.3333333333333333,-1.75,-1.75,-1.75,-1.75,-1.75,-1.75,1.75,1.75,1.75,22.0
riz_6bb2468b544452f346edf88f403fd124,121,20100913,850,south,minute_ignition,True,False,34.514583333333334,1911.25,1911.25,1909.25,-0.0,2.25,106,-1.0,2.0,0.25,True,b_at_entry,,,,,,,,,,,,,
riz_804d3704b9b252580540a564d8c8bc9f,185,20100916,935,north,minute_ignition,False,False,125.5111111111111,1945.5,1945.75,1947.25,-0.25,2.0,4,-0.75,1.5,-0.25,True,b_at_entry,,,,,,,,,,,,,
riz_1f1709d1f8a67c408d0615ca80843538,143,20100917,641,south,minute_ignition,False,False,126.16805555555555,1948.75,1945.0,1942.5,-3.75,6.5,44,-4.0,2.5,-3.75,True,b_at_entry,,,,,,,,,,,,,
riz_127125460ed4eaa2e8a6037d3ba4c127,189,20100922,585,north,minute_ignition,True,False,0.39166666666666666,1992.0,1989.25,1992.5,2.75,0.75,3,2.25,3.25,2.75,True,a_first,0.21428571428571427,0.0,-0.21428571428571427,-0.75,-0.75,-0.75,-0.75,-0.75,-0.75,0.75,0.75,0.75,1.0
riz_a1d175f1b50d402d6b128ab544160cae,216,20100922,720,north,minute_ignition,False,False,0.35694444444444445,1977.0,1991.5,1994.75,-14.5,18.0,135,-15.0,3.25,-14.5,True,b_at_entry,,,,,,,,,,,,,
riz_a4322e6f021a4dc4d77379b0b6a785af,161,20100923,606,north,native_confirmation,True,False,0.4513888888888889,1985.0,1984.0,1985.25,1.0,0.5,0,0.0,1.25,1.0,False,b_first,0.3333333333333333,1.0,0.6666666666666667,1.0,1.0,1.0,1.0,1.0,1.0,-1.0,-1.0,-1.0,1.0
riz_65138c2e9788b7447aac9aa732ebd1fa,162,20100923,612,north,minute_ignition,False,False,0.3347222222222222,1984.5,1985.25,1986.75,-0.75,2.5,4,-1.5,1.5,-0.75,True,b_at_entry,,,,,,,,,,,,,
riz_7463d729efc7dc01328ac7eee86df825,122,20100923,616,north,minute_ignition,True,False,0.7090277777777778,1983.0,1979.5,1986.75,3.5,4.0,15,2.0,7.25,3.5,True,a_first,0.5333333333333333,0.0,-0.5333333333333333,-4.0,-4.0,-4.0,-4.0,-4.0,-4.0,4.0,4.0,4.0,14.0
riz_9e413920aaf8793ebc4c283ca55b6b88,129,20100923,930,south,native_confirmation,True,False,0.35833333333333334,1974.75,1976.5,1974.5,1.75,0.5,0,-0.0,2.0,1.75,False,same_minute,0.2222222222222222,,,,-0.5,1.75,,-0.5,1.75,,-1.75,0.5,1.0
riz_6e4e196b721e9f5c368a52d102b73be9,190,20100924,590,north,minute_ignition,False,False,143.86180555555555,2006.0,2009.0,2011.0,-3.0,5.25,9,-3.75,2.0,-3.0,True,b_at_entry,,,,,,,,,,,,,
riz_c99cdbdcdc79b1fba57cb9d3c0404467,193,20100924,605,north,minute_ignition,True,False,143.86527777777778,2013.25,2010.25,2014.0,3.0,1.0,1,1.5,3.75,3.25,False,a_first,0.25,0.0,-0.25,-1.0,-1.0,-1.0,-1.0,-1.0,-1.0,1.0,1.0,1.0,1.0
riz_64898ee13d02247eeec5db910f85030b,162,20100924,612,north,minute_ignition,True,False,143.8826388888889,2013.75,2012.5,2016.0,1.25,2.5,7,0.0,3.5,1.0,True,b_first,0.6666666666666666,1.0,0.33333333333333337,1.25,1.25,1.25,1.25,1.25,1.25,-1.25,-1.25,-1.25,1.0
riz_16f298912c38f4877ae758e15129ce5b,148,20100927,676,south,minute_ignition,True,False,145.99930555555557,2010.75,2012.75,2010.5,2.0,0.5,1,1.0,2.25,1.75,False,b_first,0.2,1.0,0.8,2.0,2.0,2.0,2.0,2.0,2.0,-2.0,-2.0,-2.0,7.0
riz_af0e2ff4ae199928bb8e96d1f63b446c,122,20100928,616,south,minute_ignition,True,False,0.22430555555555556,1982.0,2008.25,1977.25,26.25,5.0,43,21.0,31.0,26.25,True,b_first,0.16,1.0,0.84,26.25,26.25,26.25,26.25,26.25,26.25,-26.25,-26.25,-26.25,73.0
riz_9a9e775837a623b3294aa46661ae5620,149,20101012,683,north,minute_ignition,True,False,0.8722222222222222,2029.75,2028.25,2033.75,1.5,4.25,35,0.25,5.5,1.25,False,b_first,0.7391304347826086,1.0,0.26086956521739135,1.5,1.5,1.5,1.5,1.5,1.5,-1.5,-1.5,-1.5,23.0
riz_ae81d10ae73f7fdf2775644d9b9268d0,211,20101012,695,north,minute_ignition,True,False,0.8229166666666666,2030.25,2029.75,2033.75,0.5,3.75,44,0.0,4.0,0.5,True,b_first,0.8823529411764706,1.0,0.11764705882352944,0.5,0.5,0.5,0.5,0.5,0.5,-0.5,-0.5,-0.5,6.0
riz_213e0476ffd507ef726cb766161179f1,177,20101012,702,north,minute_ignition,False,False,0.8444444444444444,2029.0,2031.25,2033.75,-2.25,5.0,47,-3.0,2.5,-2.25,True,b_at_entry,,,,,,,,,,,,,
riz_7db8fd84eaf207babfc2692796d1e394,209,20101019,685,south,minute_ignition,False,False,4.790277777777778,2072.0,2056.0,2051.5,-16.0,20.75,93,-16.75,4.5,-15.75,True,b_at_entry,,,,,,,,,,,,,
riz_2f60b3dbaa0432073825ba388c9a1665,176,20101019,696,south,minute_ignition,False,False,4.807638888888889,2075.25,2054.25,2051.5,-21.0,24.0,101,-22.5,2.75,-21.0,True,b_at_entry,,,,,,,,,,,,,
riz_ae64a2c82cd74927746d616f06ce0d3e,137,20101027,599,north,native_confirmation,True,False,0.4756944444444444,2119.25,2119.0,2119.75,0.25,0.75,0,0.0,0.75,0.5,False,b_first,0.75,1.0,0.25,0.25,0.25,0.25,0.25,0.25,0.25,-0.25,-0.25,-0.25,1.0
riz_a3eb9d6ae146697bf83f819dec64df5a,134,20101111,578,south,minute_ignition,False,False,7.852083333333334,2150.25,2145.25,2142.25,-5.0,8.25,5,-8.25,3.0,-5.25,True,b_at_entry,,,,,,,,,,,,,
riz_58b8f34625f042bf7a88ccb3a9eac3f6,120,20101112,600,north,minute_ignition,True,False,0.7465277777777778,2166.5,2166.0,2169.0,0.5,2.75,5,-0.25,3.0,0.5,True,b_first,0.8461538461538461,1.0,0.15384615384615385,0.5,0.5,0.5,0.5,0.5,0.5,-0.5,-0.5,-0.5,2.0
riz_dcf44f544698831ad6e265bd0120d9bc,164,20101112,624,north,minute_ignition,False,False,0.75,2161.75,2164.5,2169.0,-2.75,7.5,32,-4.0,4.5,-2.75,True,b_at_entry,,,,,,,,,,,,,
riz_0da78f692fe2df6be193a70f20518f72,125,20101112,640,south,minute_ignition,False,False,0.25972222222222224,2153.5,2153.0,2151.75,-0.5,2.0,1,-1.0,1.25,-0.5,True,b_at_entry,,,,,,,,,,,,,
riz_e2f7dfb8f0782e1afd3a8d10edceffe2,121,20101112,729,south,minute_ignition,True,False,0.27708333333333335,2143.5,2151.0,2140.0,7.5,3.75,85,7.25,11.0,7.5,True,a_first,0.3333333333333333,0.0,-0.3333333333333333,-3.75,-3.75,-3.75,-3.75,-3.75,-3.75,3.75,3.75,3.75,8.0
riz_aa4cb6f2c30114d7482060c0a0387525,165,20101116,795,south,minute_ignition,False,False,25.846527777777776,2095.5,2090.5,2086.75,-5.0,9.0,116,-5.75,3.75,-4.75,True,b_at_entry,,,,,,,,,,,,,
riz_9dacae58c55daa6e7097d2a99d7d9bda,198,20101116,828,south,minute_ignition,False,False,25.822916666666668,2096.75,2088.75,2086.75,-8.0,10.25,123,-8.75,2.0,-8.0,True,b_at_entry,,,,,,,,,,,,,
riz_22991ca4d2c31512dbee59320e5df53b,218,20101124,730,north,minute_ignition,True,False,1.5277777777777777,2161.0,2148.75,2163.25,12.25,2.5,112,11.5,14.5,12.25,False,a_first,0.1694915254237288,0.0,-0.1694915254237288,-2.5,-2.5,-2.5,-2.5,-2.5,-2.5,2.5,2.5,2.5,72.0
riz_aa46135c162276a58f0190ffe3154e37,221,20101124,745,north,minute_ignition,True,False,1.7215277777777778,2161.5,2151.5,2163.25,10.0,2.0,126,9.0,11.75,9.75,False,a_first,0.16666666666666666,0.0,-0.16666666666666666,-2.0,-2.0,-2.0,-2.0,-2.0,-2.0,2.0,2.0,2.0,57.0
riz_f033e2059b1aed2f2f5dfddb350a8b36,135,20101129,720,south,minute_ignition,True,False,5.913888888888889,2120.75,2131.75,2117.75,11.0,3.25,124,9.5,14.0,11.0,True,censored_horizon,0.22807017543859648,,,3.5,3.5,3.5,3.5,3.5,3.5,-3.5,-3.5,-3.5,120.0
riz_adfda912f4da73e73dff8d04f4059d34,220,20101201,740,north,minute_ignition,False,False,19.793055555555554,2169.75,2172.25,2174.0,-2.5,4.5,18,-3.0,1.75,-2.75,True,b_at_entry,,,,,,,,,,,,,
riz_65813eebbaef53ef6d8d692fb45f8492,221,20101201,745,north,minute_ignition,True,False,19.7875,2171.0,2170.25,2174.0,0.75,3.25,31,0.5,3.75,0.75,True,b_first,0.8125,1.0,0.1875,0.75,0.75,0.75,0.75,0.75,0.75,-0.75,-0.75,-0.75,1.0
riz_e55d38fc601dc74fa809a3eaef13c95d,120,20101202,720,north,minute_ignition,True,False,21.806944444444444,2181.25,2181.25,2182.5,0.0,1.5,38,-0.75,1.25,0.25,True,b_at_entry,,,,,,,,,,,,,
riz_9767d7f54a48a940c94756af167610f0,143,20101207,641,south,minute_ignition,False,False,1125.7298611111112,2203.75,2201.25,2198.5,-2.5,5.5,10,-3.25,2.75,-2.25,True,b_at_entry,,,,,,,,,,,,,
riz_e5b5a3b7497efb224aff8cc6e62782d5,130,20101207,940,north,minute_ignition,False,False,0.22708333333333333,2197.25,2209.5,2211.25,-12.25,14.25,63,-12.75,1.75,-12.25,True,b_at_entry,,,,,,,,,,,,,
riz_48ca4d9d22337bb2f93704db73c295bc,131,20101207,950,north,minute_ignition,False,False,0.22013888888888888,2191.5,2207.75,2211.25,-16.25,20.0,76,-16.25,3.5,-16.0,True,b_at_entry,,,,,,,,,,,,,
riz_a1f156ece627693b83215bc7a6cf7c42,200,20101208,640,north,minute_ignition,False,False,0.9541666666666667,2185.5,2198.5,2202.0,-13.0,16.75,66,-14.5,3.5,-12.75,True,b_at_entry,,,,,,,,,,,,,
riz_5d7da4d5b4328149d6cbf1bd47bc1cf7,126,20101208,648,south,minute_ignition,False,False,0.3451388888888889,2187.5,2185.25,2182.75,-2.25,5.0,7,-3.25,2.5,-2.25,True,b_at_entry,,,,,,,,,,,,,
riz_d2f50e1eff404939f5d860f07fa4fc33,160,20101215,920,south,minute_ignition,True,False,0.33819444444444446,2200.5,2209.0,2196.0,8.5,4.75,153,7.25,13.0,8.5,False,censored_window,0.3584905660377358,,,0.75,0.75,0.75,0.75,0.75,0.75,-0.75,-0.75,-0.75,40.0
riz_dae92424b4ebfc32637e1e58f6d00aea,121,20101216,729,north,minute_ignition,True,False,0.9597222222222223,2218.25,2210.75,2220.5,7.5,2.5,58,7.5,9.75,7.75,False,a_first,0.25,0.0,-0.25,-2.5,-2.5,-2.5,-2.5,-2.5,-2.5,2.5,2.5,2.5,45.0
riz_b4dc630081aecdd1514e29f451cfaced,122,20101220,616,south,minute_ignition,True,False,0.3368055555555556,2205.5,2210.5,2205.5,5.0,0.25,3,2.75,5.0,4.75,True,b_first,0.047619047619047616,1.0,0.9523809523809523,5.0,5.0,5.0,5.0,5.0,5.0,-5.0,-5.0,-5.0,18.0
riz_c6aaaa141b82f3f5bed90e755629d63e,123,20101220,624,south,minute_ignition,True,False,0.4173611111111111,2206.25,2213.25,2205.5,7.0,1.0,14,6.5,7.75,6.75,True,b_first,0.125,1.0,0.875,7.0,7.0,7.0,7.0,7.0,7.0,-7.0,-7.0,-7.0,68.0
riz_0b235738fb49d6aed474971cbc04c814,130,20101220,680,south,minute_ignition,True,False,0.5770833333333333,2211.0,2217.5,2205.5,6.5,5.75,79,5.25,12.0,6.75,False,b_first,0.46938775510204084,1.0,0.5306122448979591,6.5,6.5,6.5,6.5,6.5,6.5,-6.5,-6.5,-6.5,86.0
riz_7886f62117294abf88b86bd50e6134cb,132,20101220,696,south,minute_ignition,True,False,2.729861111111111,2215.75,2220.0,2205.5,4.25,10.5,110,4.0,14.5,4.5,True,b_first,0.711864406779661,1.0,0.288135593220339,4.25,4.25,4.25,4.25,4.25,4.25,-4.25,-4.25,-4.25,82.0
riz_d7a1bbfc7884a1e9a364dbd045aab863,121,20101220,850,north,minute_ignition,True,False,0.2,2228.25,2218.75,2229.0,9.5,1.0,75,9.25,10.25,9.5,True,a_first,0.09523809523809523,0.0,-0.09523809523809523,-1.0,-1.0,-1.0,-1.0,-1.0,-1.0,1.0,1.0,1.0,2.0
riz_4ff5e0bc3bd12ec1e69c0cb694f9c880,121,20101227,608,south,minute_ignition,True,False,6.895138888888889,2208.0,2216.5,2207.25,8.5,1.0,30,6.0,9.25,8.25,False,b_first,0.10526315789473684,1.0,0.8947368421052632,8.5,8.5,8.5,8.5,8.5,8.5,-8.5,-8.5,-8.5,118.0
riz_0d17a60b4c20eef291301c5daae67176,195,20101227,810,north,minute_ignition,True,False,3.997916666666667,2232.0,2231.0,2233.0,1.0,1.25,3,-0.75,2.0,1.0,False,a_first,0.5555555555555556,0.0,-0.5555555555555556,-1.25,-1.25,-1.25,-1.25,-1.25,-1.25,1.25,1.25,1.25,5.0
riz_2f212a978382e783ee51f9b898c09bfa,141,20110103,909,south,minute_ignition,True,False,1159.3333333333333,2251.0,2251.25,2249.75,0.25,1.5,3,-0.25,1.5,0.25,False,b_first,0.8571428571428571,1.0,0.1428571428571429,0.25,0.25,0.25,0.25,0.25,0.25,-0.25,-0.25,-0.25,1.0
riz_50c2b899f4e132e5e659e25455442342,212,20110104,700,south,minute_ignition,False,False,1160.0215277777777,2246.5,2245.0,2244.5,-1.5,2.25,29,-1.75,0.5,-1.5,True,b_at_entry,,,,,,,,,,,,,
riz_5dd35fbdd51d378c828b364bbc1cc81b,219,20110104,735,south,minute_ignition,True,False,1160.0243055555557,2241.5,2243.5,2240.25,2.0,1.5,25,1.5,3.25,1.75,True,a_first,0.42857142857142855,0.0,-0.42857142857142855,-1.5,-1.5,-1.5,-1.5,-1.5,-1.5,1.5,1.5,1.5,9.0
riz_6a2f76c15c5fa33469463407ddf84505,129,20110105,672,north,minute_ignition,True,False,1.0534722222222221,2260.5,2255.25,2262.5,5.25,2.25,52,5.25,7.25,5.5,True,a_first,0.3,0.0,-0.3,-2.25,-2.25,-2.25,-2.25,-2.25,-2.25,2.25,2.25,2.25,6.0
riz_dac3f13a25dacda39bb074a30d862375,131,20110105,688,north,minute_ignition,True,False,1.0645833333333334,2264.75,2258.25,2265.5,6.5,1.0,38,5.75,7.25,6.25,True,a_first,0.13333333333333333,0.0,-0.13333333333333333,-1.0,-1.0,-1.0,-1.0,-1.0,-1.0,1.0,1.0,1.0,3.0
riz_c28798c8cb2011b700e04a2a31155abc,176,20110105,696,north,minute_ignition,True,False,1.0604166666666666,2266.0,2253.75,2266.5,12.25,0.75,89,12.25,12.75,12.5,True,a_first,0.057692307692307696,0.0,-0.057692307692307696,-0.75,-0.75,-0.75,-0.75,-0.75,-0.75,0.75,0.75,0.75,1.0
riz_6c4df9514b3d34628cc9bbc5374a3fd5,143,20110107,784,south,minute_ignition,False,False,2.9930555555555554,2263.0,2253.5,2252.0,-9.5,11.25,10,-10.0,1.5,-9.25,True,b_at_entry,,,,,,,,,,,,,
riz_79bb59ae3870958afb67f8f22dc1ee4a,122,20110110,616,north,minute_ignition,True,False,0.40208333333333335,2273.5,2272.75,2275.25,0.75,2.0,32,0.5,2.5,1.0,True,b_first,0.7272727272727273,1.0,0.2727272727272727,0.75,0.75,0.75,0.75,0.75,0.75,-0.75,-0.75,-0.75,2.0
riz_b62b2e72fcf33831f74f7d9ef9f8df49,220,20110120,740,south,minute_ignition,False,False,10.119444444444444,2274.0,2269.25,2267.0,-4.75,7.25,48,-6.0,2.25,-4.75,True,b_at_entry,,,,,,,,,,,,,
riz_fdfb0f17d29ff1f44b6c5f1bf3ae6988,230,20110120,790,south,minute_ignition,False,False,10.090277777777779,2278.75,2270.5,2267.0,-8.25,12.0,100,-8.75,3.5,-8.25,True,b_at_entry,,,,,,,,,,,,,
riz_0d0d64d1eaf09ca7884b1bc141c1523a,168,20110124,648,north,minute_ignition,True,False,0.29930555555555555,2276.5,2272.0,2279.5,4.5,3.25,73,3.5,7.5,4.5,True,a_first,0.41935483870967744,0.0,-0.41935483870967744,-3.25,-3.25,-3.25,-3.25,-3.25,-3.25,3.25,3.25,3.25,16.0
riz_e99bef4f5078757f2fcd0d36f654f986,127,20110124,656,north,minute_ignition,True,False,0.2972222222222222,2278.25,2274.0,2279.5,4.25,1.5,80,3.5,5.5,4.25,True,a_first,0.2608695652173913,0.0,-0.2608695652173913,-1.5,-1.5,-1.5,-1.5,-1.5,-1.5,1.5,1.5,1.5,8.0
riz_d8441b717e8a56b160f62abf5cd4ffcf,121,20110124,729,north,minute_ignition,True,False,3.0819444444444444,2295.0,2292.5,2296.0,2.5,1.25,3,0.25,3.5,2.75,False,b_first,0.3333333333333333,1.0,0.6666666666666667,2.5,2.5,2.5,2.5,2.5,2.5,-2.5,-2.5,-2.5,17.0
riz_8104113d1b5516c6a21a328e45028bdb,123,20110124,747,north,minute_ignition,True,False,3.0694444444444446,2293.5,2291.0,2296.0,2.5,2.75,23,2.25,5.0,2.5,True,a_first,0.5238095238095238,0.0,-0.5238095238095238,-2.75,-2.75,-2.75,-2.75,-2.75,-2.75,2.75,2.75,2.75,49.0
riz_20942b7af5d7119a9b80361f1d4a3a9d,124,20110124,756,north,minute_ignition,True,False,3.1222222222222222,2293.25,2284.5,2296.0,8.75,3.0,72,8.25,11.5,8.75,False,a_first,0.2553191489361702,0.0,-0.2553191489361702,-3.0,-3.0,-3.0,-3.0,-3.0,-3.0,3.0,3.0,3.0,40.0
riz_a582091993504a07a6098389ddf924a4,160,20110124,760,north,minute_ignition,True,False,3.063888888888889,2293.75,2289.0,2296.0,4.75,2.5,68,4.5,7.0,4.75,True,a_first,0.3448275862068966,0.0,-0.3448275862068966,-2.5,-2.5,-2.5,-2.5,-2.5,-2.5,2.5,2.5,2.5,36.0
riz_8457d1c0d20ebd56c656e4030eb58da6,125,20110124,765,north,minute_ignition,True,False,3.032638888888889,2294.5,2287.25,2296.0,7.25,1.75,78,6.5,8.75,7.0,True,a_first,0.19444444444444445,0.0,-0.19444444444444445,-1.75,-1.75,-1.75,-1.75,-1.75,-1.75,1.75,1.75,1.75,31.0
riz_fa3e03e4a508be31917ed43f4fa61654,188,20110124,768,north,minute_ignition,True,False,3.073611111111111,2295.0,2286.0,2296.0,9.0,1.25,82,8.5,10.0,8.75,False,a_first,0.12195121951219512,0.0,-0.12195121951219512,-1.25,-1.25,-1.25,-1.25,-1.25,-1.25,1.25,1.25,1.25,28.0
riz_be4a0caba453c87bc6af4462692d8722,171,20110124,837,north,minute_ignition,True,False,3.1305555555555555,2294.0,2283.0,2299.0,11.0,5.25,154,10.0,16.0,11.25,False,censored_horizon,0.3230769230769231,,,-3.0,-3.0,-3.0,-3.0,-3.0,-3.0,3.0,3.0,3.0,120.0
riz_46f5b6358a16063edecf1f79dfa17aa7,132,20110125,696,north,minute_ignition,False,False,0.7486111111111111,2288.0,2291.75,2298.75,-3.75,11.0,98,-5.25,7.0,-3.75,True,b_at_entry,,,,,,,,,,,,,
riz_0c5bc8329f9f32639e4543ead418529c,216,20110125,720,north,minute_ignition,False,False,0.7083333333333334,2287.5,2294.5,2298.75,-7.0,11.5,120,-8.5,4.25,-7.25,True,b_at_entry,,,,,,,,,,,,,
riz_8b7a2a945fee07d8f9c6dad3fb877e4c,157,20110126,739,north,minute_ignition,False,False,7.826388888888889,2311.75,2318.5,2320.0,-6.75,8.5,93,-7.25,1.5,-6.5,True,b_at_entry,,,,,,,,,,,,,
riz_f726f3bfe309634275eeae1406790a5a,152,20110128,704,south,minute_ignition,True,False,6.811111111111111,2277.75,2278.75,2277.25,1.0,0.75,1,0.5,1.5,1.25,True,b_first,0.42857142857142855,1.0,0.5714285714285714,1.0,1.0,1.0,1.0,1.0,1.0,-1.0,-1.0,-1.0,1.0
riz_9c5fffe26f97a9e54e66a866cda07141,179,20110128,714,south,minute_ignition,False,False,4.122916666666667,2272.25,2272.0,2267.25,-0.25,5.25,2,-3.25,4.75,-0.0,True,b_at_entry,,,,,,,,,,,,,
riz_a6424e7130593f4c359ffc3d711ee1ae,187,20110128,762,south,minute_ignition,False,False,4.094444444444444,2274.25,2273.25,2258.0,-1.0,16.5,51,-1.25,15.25,-1.0,True,b_at_entry,,,,,,,,,,,,,
riz_0ef03c68eea5baa4f12ba35db94241be,120,20110201,720,north,minute_ignition,True,False,5.85,2317.25,2309.5,2319.5,7.75,2.5,96,7.5,10.0,8.0,True,a_first,0.24390243902439024,0.0,-0.24390243902439024,-2.5,-2.5,-2.5,-2.5,-2.5,-2.5,2.5,2.5,2.5,9.0
riz_6fc5199b6f4f2c901e7662afeff89493,157,20110201,739,north,minute_ignition,True,False,4.10625,2326.25,2323.5,2326.25,2.75,0.25,4,2.5,2.75,2.75,True,a_first,0.08333333333333333,0.0,-0.08333333333333333,-0.25,-0.25,-0.25,-0.25,-0.25,-0.25,0.25,0.25,0.25,1.0
riz_c65d59729faa216ffc358c2c38653ebd,158,20110201,746,north,minute_ignition,True,False,4.101388888888889,2325.25,2322.25,2327.5,3.0,2.5,12,1.75,5.25,3.0,False,a_first,0.45454545454545453,0.0,-0.45454545454545453,-2.5,-2.5,-2.5,-2.5,-2.5,-2.5,2.5,2.5,2.5,36.0
riz_5f51fac0aa222de5e6f2a62bd8f34f64,148,20110210,676,north,minute_ignition,True,False,1.8506944444444444,2359.75,2349.0,2360.25,10.75,0.75,67,8.25,11.25,10.75,False,a_first,0.06521739130434782,0.0,-0.06521739130434782,-0.75,-0.75,-0.75,-0.75,-0.75,-0.75,0.75,0.75,0.75,1.0
riz_1ad5fb9e7c16b2f911c48c3df3f74553,162,20110301,612,south,minute_ignition,True,False,0.7541666666666667,2346.0,2350.25,2344.0,4.25,2.25,30,3.75,6.25,4.5,True,a_first,0.34615384615384615,0.0,-0.34615384615384615,-2.25,-2.25,-2.25,-2.25,-2.25,-2.25,2.25,2.25,2.25,7.0
riz_ba3a792bb9c0bce707d95e9041c44b82,158,20110302,588,north,minute_ignition,False,False,5.106944444444444,2319.75,2320.75,2322.0,-1.0,2.5,4,-1.5,1.25,-1.0,True,b_at_entry,,,,,,,,,,,,,
riz_b977766a14db9dfc96ffb09d69539afc,192,20110302,600,north,minute_ignition,True,False,5.120833333333334,2323.5,2319.5,2324.0,4.0,0.75,18,2.75,4.5,4.0,True,a_first,0.15789473684210525,0.0,-0.15789473684210525,-0.75,-0.75,-0.75,-0.75,-0.75,-0.75,0.75,0.75,0.75,1.0
riz_f4c66225ec19135295f59e81bf5f3025,202,20110302,650,north,minute_ignition,True,False,4.961111111111111,2334.0,2322.25,2334.75,11.75,1.0,56,11.0,12.5,11.5,True,a_first,0.0784313725490196,0.0,-0.0784313725490196,-1.0,-1.0,-1.0,-1.0,-1.0,-1.0,1.0,1.0,1.0,3.0
riz_937c797bcd8c050e5dc0fdb4dd12c6fb,204,20110302,660,north,minute_ignition,True,False,4.9625,2335.5,2326.75,2337.75,8.75,2.5,54,8.0,11.0,8.75,True,a_first,0.2222222222222222,0.0,-0.2222222222222222,-2.5,-2.5,-2.5,-2.5,-2.5,-2.5,2.5,2.5,2.5,3.0
riz_1bc234f50e8055f1355608606323ed8e,180,20110302,720,north,minute_ignition,False,False,5.042361111111111,2320.25,2324.25,2341.0,-4.0,21.0,119,-4.75,16.75,-4.0,True,b_at_entry,,,,,,,,,,,,,
riz_1a532c14ec26992ffa1060f8a603851b,234,20110302,810,north,minute_ignition,False,False,4.881944444444445,2329.0,2329.75,2341.0,-0.75,12.25,170,-1.0,11.25,-0.75,True,b_at_entry,,,,,,,,,,,,,
riz_4492d1cd4bcf16cd1a83712c6da24b95,238,20110302,830,north,minute_ignition,False,False,4.8694444444444445,2325.75,2331.25,2341.0,-5.5,15.5,188,-6.5,9.75,-5.75,True,b_at_entry,,,,,,,,,,,,,
riz_728dd97bb1f4980cd61f9419907a0bef,239,20110302,835,north,minute_ignition,False,False,4.873611111111111,2323.75,2334.25,2341.0,-10.5,17.5,182,-11.25,6.75,-10.5,True,b_at_entry,,,,,,,,,,,,,
riz_4641918e965b8ed393d1f174ba55c7c3,187,20110303,575,north,minute_ignition,True,False,2.517361111111111,2358.25,2351.75,2359.75,6.5,1.75,3,2.5,8.0,6.5,False,a_first,0.21212121212121213,0.0,-0.21212121212121213,-1.75,-1.75,-1.75,-1.75,-1.75,-1.75,1.75,1.75,1.75,1.0
riz_528483327b87bb686b1da51e2928dcef,156,20110303,576,north,minute_ignition,True,False,2.214583333333333,2357.75,2356.5,2360.5,1.25,3.0,3,1.0,4.0,1.25,True,b_first,0.7058823529411765,1.0,0.2941176470588235,1.25,1.25,1.25,1.25,1.25,1.25,-1.25,-1.25,-1.25,1.0
riz_507f5f75a853dbdda352d32ece303e42,235,20110303,580,north,minute_ignition,False,False,2.1597222222222223,2355.5,2358.0,2360.5,-2.5,5.25,5,-2.75,2.5,-2.5,True,b_at_entry,,,,,,,,,,,,,
riz_2bebc0a0878f8ade984875ee86031fff,158,20110303,588,north,native_confirmation,True,False,2.109722222222222,2362.75,2362.25,2363.0,0.5,0.5,0,0.0,0.75,0.5,False,b_first,0.5,1.0,0.5,0.5,0.5,0.5,0.5,0.5,0.5,-0.5,-0.5,-0.5,1.0
riz_d9715ed7a3c7868479c29aa13a275f83,159,20110303,594,north,minute_ignition,False,False,2.1055555555555556,2360.25,2360.5,2363.0,-0.25,3.0,7,-1.75,2.5,0.0,True,b_at_entry,,,,,,,,,,,,,
riz_850ef9c8d14b0f1a872699be947f44d7,144,20110304,648,south,minute_ignition,True,False,2.9756944444444446,2361.5,2362.0,2355.0,0.5,6.75,35,0.5,7.0,0.75,True,b_first,0.9310344827586207,1.0,0.06896551724137934,0.5,0.5,0.5,0.5,0.5,0.5,-0.5,-0.5,-0.5,1.0
riz_af8c045c896d53a9e710e6c1f614e0e6,127,20110304,656,south,minute_ignition,False,False,2.9756944444444446,2364.75,2358.75,2355.0,-6.0,10.0,35,-7.25,3.75,-5.75,True,b_at_entry,,,,,,,,,,,,,
riz_1b371b24a7bfa48bf2fc1147f65ae60b,128,20110304,664,south,minute_ignition,False,False,2.9680555555555554,2366.0,2360.25,2355.0,-5.75,11.25,46,-6.5,5.25,-5.5,True,b_at_entry,,,,,,,,,,,,,
riz_d4d294ebfc96581f82f9774c5e6b4822,137,20110304,736,south,minute_ignition,True,False,2.998611111111111,2350.0,2354.5,2350.0,4.5,0.25,2,2.25,4.5,4.25,False,a_first,0.05263157894736842,0.0,-0.05263157894736842,-0.25,-0.25,-0.25,-0.25,-0.25,-0.25,0.25,0.25,0.25,1.0
riz_f057a6cc888502ce90a7f52722c4f158,138,20110304,744,south,minute_ignition,True,False,2.998611111111111,2346.0,2349.25,2344.25,3.25,2.0,2,-0.25,5.0,3.0,False,b_first,0.38095238095238093,1.0,0.6190476190476191,3.25,3.25,3.25,3.25,3.25,3.25,-3.25,-3.25,-3.25,20.0
riz_8cc1532fdf725f3b772b978c3ce05e7f,166,20110307,636,south,native_confirmation,True,False,0.46111111111111114,2353.75,2354.5,2353.5,0.75,0.5,0,-0.0,1.0,0.75,False,b_first,0.4,1.0,0.6,0.75,0.75,0.75,0.75,0.75,0.75,-0.75,-0.75,-0.75,1.0
riz_7414a7dfb901415b7d88d8207abbc114,143,20110307,641,south,minute_ignition,True,False,0.39652777777777776,2346.0,2350.5,2345.75,4.5,0.5,1,1.75,4.75,4.5,False,a_first,0.1,0.0,-0.1,-0.5,-0.5,-0.5,-0.5,-0.5,-0.5,0.5,0.5,0.5,1.0
riz_84b8668aeaefe7f7f4e998a0c8868342,131,20110307,688,south,minute_ignition,True,False,0.5111111111111111,2331.25,2353.0,2327.25,21.75,4.25,50,21.25,25.75,22.0,False,a_first,0.16346153846153846,0.0,-0.16346153846153846,-4.25,-4.25,-4.25,-4.25,-4.25,-4.25,4.25,4.25,4.25,8.0
riz_70d54fb3d71535cce45365dd0e16105d,218,20110307,730,south,minute_ignition,True,False,0.3909722222222222,2322.5,2351.75,2315.0,29.25,7.75,91,27.75,36.75,29.0,False,a_first,0.20945945945945946,0.0,-0.20945945945945946,-7.75,-7.75,-7.75,-7.75,-7.75,-7.75,7.75,7.75,7.75,41.0
riz_996e21c811c2c25e22e9a322a5e4b40a,163,20110318,618,south,minute_ignition,True,False,0.7131944444444445,2229.0,2230.75,2223.25,1.75,6.0,11,-0.75,7.5,2.0,False,a_first,0.7741935483870968,0.0,-0.7741935483870968,-6.0,-6.0,-6.0,-6.0,-6.0,-6.0,6.0,6.0,6.0,14.0
riz_d54c853ac4531157823d3d7ece619a99,164,20110318,624,south,minute_ignition,True,False,0.7138888888888889,2225.0,2227.5,2223.25,2.5,2.0,16,0.25,4.25,2.5,True,b_first,0.4444444444444444,1.0,0.5555555555555556,2.5,2.5,2.5,2.5,2.5,2.5,-2.5,-2.5,-2.5,3.0
riz_e12d35476e0039a27b18f4fb2f42b2ed,120,20110324,600,south,minute_ignition,False,False,9.411805555555556,2276.5,2275.25,2272.5,-1.25,4.25,7,-3.5,2.75,-1.25,True,b_at_entry,,,,,,,,,,,,,
riz_4e3807c222d0fb56485ad5a3c61b035a,120,20110328,600,south,minute_ignition,True,False,0.31805555555555554,2318.75,2319.0,2314.0,0.25,5.0,23,0.25,5.0,0.5,True,b_first,0.9523809523809523,1.0,0.04761904761904767,0.25,0.25,0.25,0.25,0.25,0.25,-0.25,-0.25,-0.25,1.0
riz_88b41d18618fe936d54eb1a6399cec5e,120,20110330,600,south,minute_ignition,False,False,20.867361111111112,2333.0,2330.75,2327.5,-2.25,5.75,11,-4.25,3.25,-2.25,True,b_at_entry,,,,,,,,,,,,,
riz_af9cc9ceb5545ec72e2a3fa031c469bd,184,20110401,744,north,minute_ignition,True,False,25.177777777777777,2355.5,2354.5,2358.0,1.0,2.75,52,0.5,3.5,0.75,True,b_first,0.7333333333333333,1.0,0.2666666666666667,1.0,1.0,1.0,1.0,1.0,1.0,-1.0,-1.0,-1.0,6.0
riz_d7641d813700ba1fdb1b2e810c2e081d,194,20110401,804,north,minute_ignition,False,False,25.152083333333334,2352.0,2356.25,2358.0,-4.25,6.25,109,-5.75,1.75,-4.5,True,b_at_entry,,,,,,,,,,,,,
riz_c538e5c5ccf5fd66ed94c9eb6e7bc16b,173,20110405,678,north,minute_ignition,False,False,0.5798611111111112,2336.25,2338.0,2339.0,-1.75,3.0,30,-2.5,1.0,-2.0,True,b_at_entry,,,,,,,,,,,,,
riz_5f4bbefe263ce1468104e7489157af8d,142,20110405,918,south,minute_ignition,True,False,0.3715277777777778,2322.0,2327.5,2320.25,5.5,2.0,33,4.75,7.25,5.5,True,censored_window,0.26666666666666666,,,1.5,1.5,1.5,1.5,1.5,1.5,-1.5,-1.5,-1.5,42.0
riz_2e795e0fa945abbc96a281156071aec8,189,20110407,585,north,native_confirmation,True,False,1.0,2337.0,2336.5,2337.75,0.5,1.0,0,0.0,1.25,0.75,False,a_first,0.6666666666666666,0.0,-0.6666666666666666,-1.0,-1.0,-1.0,-1.0,-1.0,-1.0,1.0,1.0,1.0,1.0
riz_d458d4af709f20356e211b696e9c0428,158,20110407,588,north,minute_ignition,True,False,0.9993055555555556,2340.75,2339.0,2341.0,1.75,0.5,1,1.25,2.0,2.0,False,b_first,0.2222222222222222,1.0,0.7777777777777778,1.75,1.75,1.75,1.75,1.75,1.75,-1.75,-1.75,-1.75,2.0
riz_37bac5276cab0fec5827a706ac0c08cd,237,20110407,588,north,minute_ignition,True,False,0.9972222222222222,2340.75,2334.75,2341.0,6.0,0.5,4,6.0,6.25,6.25,False,a_first,0.07692307692307693,0.0,-0.07692307692307693,-0.5,-0.5,-0.5,-0.5,-0.5,-0.5,0.5,0.5,0.5,5.0
riz_5c3402bb29a3031c25d88501e6a14186,138,20110407,606,north,minute_ignition,False,False,0.9909722222222223,2339.75,2342.25,2344.25,-2.5,4.75,13,-3.5,2.0,-2.5,True,b_at_entry,,,,,,,,,,,,,
riz_861222c0e98f258ad86d100a3d006fa6,126,20110418,900,north,minute_ignition,True,False,25.3,2281.5,2267.5,2284.0,14.0,2.75,72,14.0,16.5,14.25,True,a_first,0.16417910447761194,0.0,-0.16417910447761194,-2.75,-2.75,-2.75,-2.75,-2.75,-2.75,2.75,2.75,2.75,19.0
riz_1b535a261d83a179a4cdab0cb802cc98,159,20110418,912,north,minute_ignition,True,False,25.169444444444444,2279.25,2272.5,2284.0,6.75,5.0,74,5.75,11.5,6.75,True,a_first,0.425531914893617,0.0,-0.425531914893617,-5.0,-5.0,-5.0,-5.0,-5.0,-5.0,5.0,5.0,5.0,7.0
riz_3a5c8f5a07a5fe4ed0cf443a8acfdba4,141,20110419,768,south,minute_ignition,False,False,0.4340277777777778,2287.75,2282.75,2282.5,-5.0,5.5,80,-5.0,0.25,-4.75,True,b_at_entry,,,,,,,,,,,,,
riz_36300719e9d22f8e7d9a35a7f549ccdb,228,20110419,780,south,minute_ignition,False,False,0.40902777777777777,2287.5,2284.25,2282.5,-3.25,5.25,95,-4.0,1.75,-3.25,True,b_at_entry,,,,,,,,,,,,,
riz_61be460b6932eb61ee0ece33aeba88c9,141,20110425,909,north,minute_ignition,True,False,0.25833333333333336,2380.25,2380.0,2381.25,0.25,1.25,51,0.0,1.25,0.25,True,b_first,0.8333333333333334,1.0,0.16666666666666663,0.25,0.25,0.25,0.25,0.25,0.25,-0.25,-0.25,-0.25,1.0
riz_c1718f6f42f87ce0d72855007f6811f2,168,20110503,816,south,minute_ignition,False,False,7.4625,2380.25,2379.0,2376.75,-1.25,3.75,6,-1.5,2.25,-1.25,True,b_at_entry,,,,,,,,,,,,,
riz_f8e5787f5c61095e4d72b87a36ca35e5,150,20110503,840,south,minute_ignition,False,False,7.511111111111111,2380.0,2377.5,2374.75,-2.5,5.5,14,-3.0,2.75,-2.25,True,b_at_entry,,,,,,,,,,,,,
riz_139553c6189d2bd45bc377ad336ba969,152,20110503,856,south,minute_ignition,False,False,7.525,2377.0,2375.0,2374.0,-2.0,3.25,4,-2.5,1.0,-2.25,True,b_at_entry,,,,,,,,,,,,,
riz_1122c14f61fbf6ba2254598d29f32628,121,20110505,608,north,minute_ignition,False,False,0.41944444444444445,2388.25,2388.25,2389.75,0.0,1.75,1,-1.5,1.5,-0.25,True,b_at_entry,,,,,,,,,,,,,
riz_266bd3fbc79386590294cce1ef3cfc62,128,20110505,664,north,minute_ignition,True,False,0.6993055555555555,2385.75,2380.75,2389.75,5.0,4.25,78,4.0,9.0,5.0,True,b_first,0.4594594594594595,1.0,0.5405405405405406,5.0,5.0,5.0,5.0,5.0,5.0,-5.0,-5.0,-5.0,5.0
riz_7a0b34e2445b638d247e892b4bd253ad,133,20110505,704,north,minute_ignition,True,False,0.7020833333333333,2390.25,2382.5,2391.5,7.75,1.5,114,7.25,9.0,7.75,True,a_first,0.16216216216216217,0.0,-0.16216216216216217,-1.5,-1.5,-1.5,-1.5,-1.5,-1.5,1.5,1.5,1.5,2.0
riz_c4db028f16eee4aed801fd059c43464f,178,20110505,708,north,minute_ignition,True,False,0.3659722222222222,2392.5,2390.0,2394.25,2.5,2.0,7,2.0,4.25,2.75,True,a_first,0.4444444444444444,0.0,-0.4444444444444444,-2.0,-2.0,-2.0,-2.0,-2.0,-2.0,2.0,2.0,2.0,13.0
riz_e4d33e250fcc46d912903e30ac993887,157,20110511,739,south,minute_ignition,True,False,1.4347222222222222,2382.75,2386.25,2379.25,3.5,3.75,2,0.75,7.0,3.5,False,b_first,0.5172413793103449,1.0,0.48275862068965514,3.5,3.5,3.5,3.5,3.5,3.5,-3.5,-3.5,-3.5,19.0
riz_c8dbdef8596964e0936220fdfe5dda25,139,20110512,613,north,minute_ignition,True,False,0.3854166666666667,2388.5,2386.25,2390.0,2.25,1.75,1,0.25,3.75,2.25,False,a_first,0.4375,0.0,-0.4375,-1.75,-1.75,-1.75,-1.75,-1.75,-1.75,1.75,1.75,1.75,6.0
riz_72012fd6c7b6ea3e4b2824947501ed12,212,20110512,912,north,minute_ignition,False,False,1.88125,2403.5,2405.75,2408.25,-2.25,5.0,65,-2.5,2.5,-2.25,True,b_at_entry,,,,,,,,,,,,,
riz_5eaed264df1a3a1f51d1d33f68f7ef2d,219,20110513,735,south,minute_ignition,True,False,1.148611111111111,2376.25,2381.25,2376.0,5.0,0.5,5,3.75,5.25,5.0,True,a_first,0.09090909090909091,0.0,-0.09090909090909091,-0.5,-0.5,-0.5,-0.5,-0.5,-0.5,0.5,0.5,0.5,1.0
riz_ae3b0fe41a6d9443fa1736643a1cd44e,207,20110513,882,south,minute_ignition,False,False,1.1854166666666666,2382.75,2379.0,2375.5,-3.75,7.5,147,-6.5,3.5,-3.75,True,b_at_entry,,,,,,,,,,,,,
riz_9258d840fa8f3ccf26f86e9ed5fe0d4a,121,20110520,729,south,minute_ignition,True,False,3.7743055555555554,2349.75,2350.0,2347.0,0.25,3.0,83,-1.75,3.0,0.25,True,b_first,0.9230769230769231,1.0,0.07692307692307687,0.25,0.25,0.25,0.25,0.25,0.25,-0.25,-0.25,-0.25,1.0
riz_a237904ec3be2beaffb513dbf83f18d1,133,20110523,704,south,minute_ignition,False,False,35.21805555555556,2308.0,2306.25,2304.25,-1.75,4.0,85,-2.75,2.0,-1.75,True,b_at_entry,,,,,,,,,,,,,
riz_6d0c7fd0e2a37c13f3f2cda25fcafc1e,163,20110601,781,south,minute_ignition,True,False,0.9270833333333334,2348.75,2354.75,2341.0,6.0,8.0,105,5.75,13.75,6.0,True,a_first,0.5714285714285714,0.0,-0.5714285714285714,-8.0,-8.0,-8.0,-8.0,-8.0,-8.0,8.0,8.0,8.0,23.0
riz_f7e55cf023b5b2e3b88b4b2e1178d20d,164,20110601,788,south,minute_ignition,True,False,0.9243055555555556,2347.75,2353.5,2341.0,5.75,7.0,109,5.5,12.5,5.75,True,a_first,0.5490196078431373,0.0,-0.5490196078431373,-7.0,-7.0,-7.0,-7.0,-7.0,-7.0,7.0,7.0,7.0,16.0
riz_7c7887ba94dcc7fd38c52593125bed20,130,20110601,810,south,minute_ignition,True,False,9.631944444444445,2339.5,2340.0,2338.0,0.5,1.75,1,-1.5,2.0,0.5,True,a_first,0.7777777777777778,0.0,-0.7777777777777778,-1.75,-1.75,-1.75,-1.75,-1.75,-1.75,1.75,1.75,1.75,1.0
riz_0d68ee94cc6a37dc39997c3f72985ef6,179,20110601,893,south,minute_ignition,True,False,2.234722222222222,2332.0,2333.5,2328.5,1.5,3.75,22,0.5,5.0,1.5,True,b_first,0.7142857142857143,1.0,0.2857142857142857,1.5,1.5,1.5,1.5,1.5,1.5,-1.5,-1.5,-1.5,2.0
riz_89675bcbb56a82ebbdaecf9794aa7940,124,20110607,880,north,minute_ignition,False,False,1.0715277777777779,2283.5,2286.75,2288.25,-3.25,5.0,21,-4.5,1.5,-3.5,True,b_at_entry,,,,,,,,,,,,,
riz_7e6741ab9dfe783c0246e217e86d9ca5,124,20110617,632,south,minute_ignition,False,False,0.3416666666666667,2199.25,2198.25,2196.25,-1.0,3.25,5,-2.25,2.0,-1.0,True,b_at_entry,,,,,,,,,,,,,
riz_41bbbdef10c5359c1f9bc2f3336204c2,129,20110617,672,south,minute_ignition,False,False,0.2673611111111111,2197.0,2195.75,2195.25,-1.25,2.0,2,-1.25,0.5,-1.0,True,b_at_entry,,,,,,,,,,,,,
riz_ff3650d6d266a472d920d9f165ebaba8,159,20110617,753,south,minute_ignition,False,False,0.3263888888888889,2195.75,2194.25,2193.5,-1.5,2.5,7,-1.75,0.75,-1.5,True,b_at_entry,,,,,,,,,,,,,
riz_683ab7246a66e2d87430695e78a674bb,184,20110620,744,north,minute_ignition,False,False,3.1118055555555557,2202.25,2202.75,2204.25,-0.5,2.25,23,-1.25,1.5,-0.5,True,b_at_entry,,,,,,,,,,,,,
riz_f03f8791d90d505ec2fa5465402d7ebd,186,20110620,756,north,minute_ignition,True,False,3.122916666666667,2205.25,2204.5,2207.0,0.75,2.0,9,0.5,2.5,1.0,True,b_first,0.7272727272727273,1.0,0.2727272727272727,0.75,0.75,0.75,0.75,0.75,0.75,-0.75,-0.75,-0.75,3.0
riz_62be07478b3d97ecbc9776265d35893f,188,20110620,768,north,native_confirmation,True,False,3.1305555555555555,2206.5,2206.5,2207.0,0.0,0.75,0,0.0,0.5,0.25,False,b_at_entry,,,,,,,,,,,,,
riz_38e5959923080a38b9e1ccc6bb2f9a18,135,20110621,585,south,minute_ignition,False,False,0.36875,2207.25,2200.5,2198.5,-6.75,9.0,9,-7.5,2.0,-6.75,True,b_at_entry,,,,,,,,,,,,,
riz_ed687f0ad68d844791ae60fbd1038e67,197,20110622,625,north,minute_ignition,True,False,0.6965277777777777,2244.25,2243.25,2246.75,1.0,2.75,42,0.25,3.5,1.25,True,b_first,0.7333333333333333,1.0,0.2666666666666667,1.0,1.0,1.0,1.0,1.0,1.0,-1.0,-1.0,-1.0,4.0
riz_0fe6f54c10a4280b0fe087bacfa159e7,160,20110623,920,north,minute_ignition,True,False,1.1034722222222222,2244.75,2240.5,2248.0,4.25,3.5,11,3.25,7.5,4.5,True,b_first,0.45161290322580644,1.0,0.5483870967741935,4.25,4.25,4.25,4.25,4.25,4.25,-4.25,-4.25,-4.25,10.0
riz_2127c164a177edeb09379d0bf13d4cc6,163,20110624,618,south,minute_ignition,True,False,1.5625,2224.5,2228.75,2222.75,4.25,2.0,5,1.25,6.0,4.0,False,a_first,0.32,0.0,-0.32,-2.0,-2.0,-2.0,-2.0,-2.0,-2.0,2.0,2.0,2.0,9.0
riz_14e63a09498f0c3735f77294f91c7659,140,20110624,620,south,minute_ignition,False,False,1.4819444444444445,2225.75,2225.75,2222.75,-0.0,3.25,6,-2.5,3.0,-0.0,True,b_at_entry,,,,,,,,,,,,,
riz_7f9b560a591220f4b29d0a23e82dbace,219,20110624,735,south,minute_ignition,True,False,1.7,2223.5,2234.5,2220.25,11.0,3.5,147,10.5,14.25,11.0,True,a_first,0.2413793103448276,0.0,-0.2413793103448276,-3.5,-3.5,-3.5,-3.5,-3.5,-3.5,3.5,3.5,3.5,32.0
riz_485821aed06f563e8d6b859bec2aa615,168,20110624,816,south,minute_ignition,False,False,1.0868055555555556,2217.25,2216.25,2213.5,-1.0,4.0,43,-1.5,2.75,-1.0,True,b_at_entry,,,,,,,,,,,,,
riz_7603d0b5fd79ba81c09436d961b1b9e1,131,20110624,819,south,minute_ignition,False,False,1.0666666666666667,2220.75,2215.0,2213.5,-5.75,7.5,35,-6.75,1.5,-5.75,True,b_at_entry,,,,,,,,,,,,,
riz_c6c57979d3f62d9348a380775f24e7d6,165,20110627,630,north,native_confirmation,True,False,3.7291666666666665,2238.25,2236.5,2238.25,1.75,0.25,0,0.0,1.75,1.75,False,a_first,0.125,0.0,-0.125,-0.25,-0.25,-0.25,-0.25,-0.25,-0.25,0.25,0.25,0.25,1.0
riz_4a878e0d9663201eaf0a13db2b6841f2,144,20110627,648,north,minute_ignition,True,False,3.7263888888888888,2237.0,2235.0,2240.5,2.0,3.75,22,1.5,5.5,2.0,True,b_first,0.6521739130434783,1.0,0.34782608695652173,2.0,2.0,2.0,2.0,2.0,2.0,-2.0,-2.0,-2.0,31.0
riz_48cac48d0cfa9278212e9afbbd3c050c,170,20110627,660,north,minute_ignition,False,False,3.729861111111111,2236.75,2238.5,2240.5,-1.75,4.0,29,-2.0,2.0,-1.75,True,b_at_entry,,,,,,,,,,,,,
riz_8bed051df89abd2b473c9f5aca1e637b,128,20110627,664,north,minute_ignition,True,False,3.725,2237.5,2233.5,2240.5,4.0,3.25,40,4.0,7.0,4.25,False,a_first,0.4482758620689655,0.0,-0.4482758620689655,-3.25,-3.25,-3.25,-3.25,-3.25,-3.25,3.25,3.25,3.25,45.0
riz_2a5567c5a500f19bbc2147e1119508db,196,20110627,816,north,minute_ignition,True,False,3.782638888888889,2244.25,2239.75,2249.0,4.5,5.0,109,4.25,9.25,4.5,True,a_first,0.5263157894736842,0.0,-0.5263157894736842,-5.0,-5.0,-5.0,-5.0,-5.0,-5.0,5.0,5.0,5.0,25.0
riz_e6d9e99de921806746bd9c079d4e4e2b,194,20110629,610,south,minute_ignition,True,False,0.3819444444444444,2276.25,2281.75,2274.75,5.5,1.75,35,5.25,7.0,5.75,True,b_first,0.2413793103448276,1.0,0.7586206896551724,5.5,5.5,5.5,5.5,5.5,5.5,-5.5,-5.5,-5.5,8.0
riz_0293897ca5c9ecf012482a8c68040a60,176,20110701,696,north,minute_ignition,True,False,31.4875,2345.25,2343.25,2345.5,2.0,0.5,3,2.0,2.25,2.25,False,a_first,0.2,0.0,-0.2,-0.5,-0.5,-0.5,-0.5,-0.5,-0.5,0.5,0.5,0.5,1.0
riz_818e964b0fd0037bbad826486afc1657,212,20110701,700,north,minute_ignition,True,False,31.43888888888889,2345.0,2344.75,2346.5,0.25,1.75,4,-0.5,1.75,0.25,False,b_first,0.875,1.0,0.125,0.25,0.25,0.25,0.25,0.25,0.25,-0.25,-0.25,-0.25,1.0
riz_58aac7c460196e4f125515625285d4eb,125,20110701,890,north,native_confirmation,True,False,30.913194444444443,2357.5,2357.5,2357.75,0.0,0.5,0,0.0,0.25,0.25,False,b_at_entry,,,,,,,,,,,,,
riz_94628b4d5d6723b8e93644e5d121f776,133,20110706,704,north,native_confirmation,True,False,0.4618055555555556,2374.75,2373.25,2375.25,1.5,0.75,0,0.0,2.0,1.5,False,b_first,0.3333333333333333,1.0,0.6666666666666667,1.5,1.5,1.5,1.5,1.5,1.5,-1.5,-1.5,-1.5,1.0
riz_6a6e162a49d515de8c1c0c2af31e5c4d,120,20110706,720,north,minute_ignition,True,False,0.4875,2374.75,2371.25,2376.75,3.5,2.25,18,3.0,5.5,3.5,False,a_first,0.391304347826087,0.0,-0.391304347826087,-2.25,-2.25,-2.25,-2.25,-2.25,-2.25,2.25,2.25,2.25,40.0
riz_66d4b6ea2d522c6674c697162ce49efd,159,20110706,753,north,minute_ignition,False,False,0.41597222222222224,2374.5,2374.75,2376.75,-0.25,2.5,37,-0.5,2.0,-0.25,True,b_at_entry,,,,,,,,,,,,,
riz_2859f6e2837efe25f3074a342613001f,160,20110706,760,north,native_confirmation,True,False,0.4444444444444444,2377.75,2376.0,2378.0,1.75,0.5,0,0.0,2.0,1.75,False,a_first,0.2222222222222222,0.0,-0.2222222222222222,-0.5,-0.5,-0.5,-0.5,-0.5,-0.5,0.5,0.5,0.5,1.0
riz_192595089b86676dc31c983bf4fea8d6,208,20110707,680,north,minute_ignition,True,False,55.729166666666664,2401.5,2398.5,2403.25,3.0,2.0,50,2.5,4.75,3.0,True,a_first,0.4,0.0,-0.4,-2.0,-2.0,-2.0,-2.0,-2.0,-2.0,2.0,2.0,2.0,29.0
riz_42a7cdbdf0528a82f0188744b1eced61,219,20110707,735,north,minute_ignition,True,False,55.15138888888889,2406.0,2405.5,2406.25,0.5,0.5,1,0.25,0.75,0.5,True,b_first,0.5,1.0,0.5,0.5,0.5,0.5,0.5,0.5,0.5,-0.5,-0.5,-0.5,2.0
riz_0ba782b8a2e0f0e3655d3c621eb00d21,141,20110714,627,north,minute_ignition,False,False,0.8840277777777777,2364.5,2366.25,2368.25,-1.75,4.0,26,-3.0,2.0,-1.75,True,b_at_entry,,,,,,,,,,,,,
riz_9a572a708f5ac2515c9b8e2438add1bc,172,20110714,844,south,minute_ignition,False,False,41.55138888888889,2330.25,2327.0,2314.5,-3.25,16.0,68,-3.5,12.5,-3.0,True,b_at_entry,,,,,,,,,,,,,
riz_a7be6a78f1b575e64d2c26ff351a09a8,122,20110718,616,north,minute_ignition,False,False,0.56875,2326.75,2349.5,2351.75,-22.75,25.25,35,-24.5,2.25,-23.0,True,b_at_entry,,,,,,,,,,,,,
riz_a7724df8b363e8a6fb318d9df70b6956,163,20110720,618,south,minute_ignition,True,False,9.4375,2385.5,2398.25,2384.75,12.75,1.0,36,12.5,13.5,12.75,True,a_first,0.07272727272727272,0.0,-0.07272727272727272,-1.0,-1.0,-1.0,-1.0,-1.0,-1.0,1.0,1.0,1.0,99.0
riz_68960b9cadf44c3e91502f98f0880b96,196,20110720,620,south,minute_ignition,True,False,9.133333333333333,2387.25,2390.25,2384.75,3.0,2.75,4,1.75,5.5,2.75,False,b_first,0.4782608695652174,1.0,0.5217391304347826,3.0,3.0,3.0,3.0,3.0,3.0,-3.0,-3.0,-3.0,10.0
riz_0b53ec6a2f40902f5ce439d19714b301,169,20110720,654,south,minute_ignition,True,False,9.191666666666666,2392.5,2393.0,2384.75,0.5,8.0,62,-0.0,8.25,0.5,True,b_first,0.9411764705882353,1.0,0.05882352941176472,0.5,0.5,0.5,0.5,0.5,0.5,-0.5,-0.5,-0.5,1.0
riz_bb4025f01e144f9bc9014ffbac500f2a,206,20110729,670,north,minute_ignition,True,False,0.85625,2381.5,2377.5,2382.75,4.0,1.5,1,2.0,5.25,4.25,False,a_first,0.2727272727272727,0.0,-0.2727272727272727,-1.5,-1.5,-1.5,-1.5,-1.5,-1.5,1.5,1.5,1.5,1.0
riz_490e476d944332f03c10f9f02bf35ac8,207,20110729,675,north,minute_ignition,True,False,0.8513888888888889,2378.25,2375.25,2383.25,3.0,5.25,7,2.75,8.0,3.0,False,a_first,0.6363636363636364,0.0,-0.6363636363636364,-5.25,-5.25,-5.25,-5.25,-5.25,-5.25,5.25,5.25,5.25,5.0
riz_3beecf53d3e7ddcd975c962b250d9469,153,20110729,711,north,minute_ignition,False,False,0.8652777777777778,2372.0,2380.25,2385.25,-8.25,13.5,41,-9.75,5.0,-8.25,True,b_at_entry,,,,,,,,,,,,,
riz_6b4aa053eb1d09a6f6371c8c9da4dc65,138,20110801,744,south,minute_ignition,True,False,13.872916666666667,2324.5,2335.0,2320.75,10.5,4.0,45,5.5,14.25,10.5,False,censored_horizon,0.27586206896551724,,,2.25,2.25,2.25,2.25,2.25,2.25,-2.25,-2.25,-2.25,120.0
riz_32f3fe02b5e62db7e2f391f5921d7f9c,132,20110801,828,south,minute_ignition,False,False,13.922222222222222,2331.5,2329.75,2320.75,-1.75,11.0,112,-2.75,9.0,-1.5,True,b_at_entry,,,,,,,,,,,,,
riz_cedc6fe89d5df446adf8b50ad0ce6af0,123,20110802,870,south,minute_ignition,False,False,59.90486111111111,2310.25,2304.25,2302.75,-6.0,7.75,32,-7.5,1.5,-6.25,True,b_at_entry,,,,,,,,,,,,,
riz_3056eeb1c67ff4ebcfea211159de208d,168,20110803,648,south,minute_ignition,True,False,56.45625,2261.0,2272.75,2253.0,11.75,8.25,16,9.25,19.75,11.75,False,b_first,0.4125,1.0,0.5875,11.75,11.75,11.75,11.75,11.75,11.75,-11.75,-11.75,-11.75,9.0
riz_d1aa7694b1671235aa448197b9efd0e2,120,20110804,720,south,minute_ignition,False,False,40.990972222222226,2241.75,2238.75,2231.0,-3.0,11.0,13,-5.25,7.75,-2.75,True,b_at_entry,,,,,,,,,,,,,
riz_d9608fdab1cd5845a10e40d23a09962f,121,20110804,729,south,minute_ignition,False,False,40.985416666666666,2242.75,2233.5,2231.0,-9.25,12.0,21,-11.25,2.5,-9.25,True,b_at_entry,,,,,,,,,,,,,
riz_ccf219aa4b7446e5c38b608ccba90610,202,20110804,852,south,minute_ignition,True,False,37.14791666666667,2239.25,2250.75,2231.0,11.5,8.5,191,10.0,19.75,11.75,True,a_first,0.425,0.0,-0.425,-8.5,-8.5,-8.5,-8.5,-8.5,-8.5,8.5,8.5,8.5,14.0
riz_a1613508ae2bf3c477d4c441a135063f,134,20110805,712,south,minute_ignition,True,False,249.14305555555555,2150.0,2151.0,2149.5,1.0,0.75,2,0.75,1.5,1.25,True,a_first,0.42857142857142855,0.0,-0.42857142857142855,-0.75,-0.75,-0.75,-0.75,-0.75,-0.75,0.75,0.75,0.75,1.0
riz_7c085c1c8bf43f60ef9866d453879c25,135,20110805,720,south,minute_ignition,False,False,248.05069444444445,2137.25,2133.5,2128.75,-3.75,8.75,2,-6.75,4.75,-4.0,True,b_at_entry,,,,,,,,,,,,,
riz_b7ee7da1481d395b24f54b0e8d0bc010,123,20110808,870,south,minute_ignition,True,False,290.3375,2074.25,2081.25,2059.75,7.0,14.75,6,3.75,21.5,7.25,False,b_first,0.6781609195402298,1.0,0.32183908045977017,7.0,7.0,7.0,7.0,7.0,7.0,-7.0,-7.0,-7.0,5.0
riz_401ffac54c00152fb8fdffa6ceed8220,236,20110809,820,north,minute_ignition,False,False,251.15625,2105.0,2121.25,2130.75,-16.25,26.0,187,-16.0,9.5,-15.75,True,b_at_entry,,,,,,,,,,,,,
riz_cdb78a028dfbd90b7f4e079afd60d16a,175,20110816,690,north,minute_ignition,False,False,0.5826388888888889,2200.0,2201.25,2206.25,-1.25,6.5,36,-1.5,5.0,-1.25,True,b_at_entry,,,,,,,,,,,,,
riz_31732120af253b6dde19ce5eefec8803,137,20110819,873,south,minute_ignition,True,False,0.25069444444444444,2047.25,2061.75,2045.25,14.5,2.25,50,12.0,16.5,14.5,True,a_first,0.13432835820895522,0.0,-0.13432835820895522,-2.25,-2.25,-2.25,-2.25,-2.25,-2.25,2.25,2.25,2.25,2.0
riz_175788f4c44e7bb9ffc671529291045e,160,20110819,920,south,minute_ignition,True,False,0.2673611111111111,2039.0,2059.0,2033.75,20.0,5.5,95,19.5,25.25,20.0,True,censored_window,0.21568627450980393,,,-3.5,-3.5,-3.5,-3.5,-3.5,-3.5,3.5,3.5,3.5,40.0
riz_c6f0f476f4f9dd88ad3aa016256194ad,161,20110824,606,north,minute_ignition,False,False,12.110416666666667,2141.25,2143.75,2145.5,-2.5,4.5,2,-3.0,1.75,-2.25,True,b_at_entry,,,,,,,,,,,,,
riz_0354d7d62e83b5c04184fe3ef2619d08,198,20110830,630,north,minute_ignition,False,False,0.5131944444444444,2215.0,2217.75,2224.25,-2.75,9.5,53,-4.0,6.5,-2.75,True,b_at_entry,,,,,,,,,,,,,
riz_8da10b1ebe0bc7fe80eda38c0027d80e,195,20110901,615,north,minute_ignition,False,False,0.38055555555555554,2247.5,2249.0,2263.75,-1.5,16.5,37,-3.25,14.75,-1.5,True,b_at_entry,,,,,,,,,,,,,
riz_48433f722ca7c2ba1ec35da880419be9,205,20110901,870,south,minute_ignition,False,False,2.2805555555555554,2220.5,2217.25,2215.5,-3.25,5.25,6,-3.0,1.75,-2.75,True,b_at_entry,,,,,,,,,,,,,
riz_ff2f1cf3d5cd6434fc6c959c1155526d,240,20110905,600,south,minute_ignition,False,False,9.997916666666667,2116.5,2116.0,2113.25,-0.5,3.5,3,-3.25,2.75,-1.25,True,b_at_entry,,,,,,,,,,,,,
riz_c0da07807c58c36d5126fb7ab2a5d8b4,174,20110905,684,south,minute_ignition,False,False,10.056944444444444,2130.75,2118.25,2108.25,-12.5,22.75,92,-15.0,10.0,-13.5,True,b_at_entry,,,,,,,,,,,,,
riz_b93bf2c8011c56286cf0482f88a751aa,196,20110912,620,north,minute_ignition,False,False,5.4,2163.0,2172.25,2175.75,-9.25,13.0,12,-11.0,3.5,-9.5,True,b_at_entry,,,,,,,,,,,,,
riz_e90a6228bba546abe6a7747eb119ab99,120,20110912,840,south,minute_ignition,False,False,0.3173611111111111,2144.5,2140.75,2137.25,-3.75,7.5,23,-4.0,3.5,-3.75,True,b_at_entry,,,,,,,,,,,,,
riz_341aac4de88b8e2805bc501de7320168,163,20110912,944,south,minute_ignition,False,False,0.2763888888888889,2175.0,2136.0,2133.75,-39.0,41.5,91,-40.0,2.25,-38.75,True,b_at_entry,,,,,,,,,,,,,
riz_542d2b778a698ce2fef7178cbfde7e29,140,20110916,620,north,minute_ignition,False,False,43.71875,2300.0,2301.0,2304.0,-1.0,4.25,5,-3.0,3.0,-1.0,True,b_at_entry,,,,,,,,,,,,,
riz_08c2a2c5063caf0e30dc8d0ed3040833,124,20110916,632,north,minute_ignition,False,False,43.727777777777774,2292.75,2297.75,2304.0,-5.0,11.5,20,-7.25,6.25,-5.25,True,b_at_entry,,,,,,,,,,,,,
riz_c6348ee1f8c839edc462be348e443a44,184,20110919,744,north,minute_ignition,False,False,2.95625,2281.25,2281.5,2296.5,-0.25,15.5,63,-2.5,15.0,-0.25,True,b_at_entry,,,,,,,,,,,,,
riz_6c9f47aec8d0ba1bbc38f27782f28aa9,194,20110920,610,south,minute_ignition,False,False,0.39166666666666666,2306.0,2299.25,2298.25,-6.75,8.0,18,-7.0,1.0,-6.75,True,b_at_entry,,,,,,,,,,,,,
riz_5a2375bc93a32be9e0117b3ec0420009,135,20110926,585,south,minute_ignition,False,False,0.27847222222222223,2208.0,2199.5,2195.5,-8.5,12.75,4,-9.25,4.0,-8.25,True,b_at_entry,,,,,,,,,,,,,
riz_eba6db802f978e0e54f2f36b3ed8c791,140,20110926,620,south,minute_ignition,True,False,0.27361111111111114,2168.0,2196.75,2165.25,28.75,3.0,26,25.0,31.5,28.75,False,a_first,0.09448818897637795,0.0,-0.09448818897637795,-3.0,-3.0,-3.0,-3.0,-3.0,-3.0,3.0,3.0,3.0,20.0
riz_2f6bcfcb340ae2d7168ad6e7dc4616aa,199,20110927,834,north,minute_ignition,False,False,7.870138888888889,2280.75,2280.5,2282.25,0.25,1.75,3,-0.25,1.75,0.0,True,b_first,0.875,1.0,0.125,0.25,0.25,0.25,0.25,0.25,0.25,-0.25,-0.25,-0.25,1.0
riz_6406703ed21524944e69681187f0f11d,201,20110927,846,north,minute_ignition,False,False,7.870833333333334,2280.5,2281.75,2282.25,-1.25,2.0,14,-1.5,0.5,-1.25,True,b_at_entry,,,,,,,,,,,,,
riz_f5fb216a1ace61f034a274b34b6c0ffe,221,20110928,745,south,minute_ignition,False,False,0.3770833333333333,2253.5,2249.25,2245.25,-4.25,8.5,120,-4.75,4.0,-4.0,True,b_at_entry,,,,,,,,,,,,,
riz_bba90c15d54fd13d4cb912928870275c,211,20111004,695,north,minute_ignition,True,False,41.82222222222222,2082.75,2079.25,2098.25,3.5,15.75,45,-0.75,19.0,3.5,True,b_first,0.8181818181818182,1.0,0.18181818181818177,3.5,3.5,3.5,3.5,3.5,3.5,-3.5,-3.5,-3.5,3.0
riz_afc24f294a3159266e5432d892d0633f,129,20111004,930,south,minute_ignition,False,False,0.3013888888888889,2067.75,2066.25,2035.75,-1.5,32.25,82,-1.5,30.5,-1.25,True,b_at_entry,,,,,,,,,,,,,
riz_bb5032154aa85e3e5f6ed64c325cceda,130,20111004,940,south,minute_ignition,False,False,0.3,2082.75,2062.0,2035.75,-20.75,47.25,88,-26.75,26.25,-20.5,True,b_at_entry,,,,,,,,,,,,,
riz_0dd46cd5d60637f5e44b7082ed12017f,120,20111006,720,north,minute_ignition,True,False,6.60625,2198.5,2192.75,2203.0,5.75,4.75,87,3.75,10.25,6.25,True,a_first,0.4523809523809524,0.0,-0.4523809523809524,-4.75,-4.75,-4.75,-4.75,-4.75,-4.75,4.75,4.75,4.75,18.0
riz_3c58638d55196cf12479a4a44510c531,195,20111006,810,north,minute_ignition,False,False,6.731944444444444,2190.75,2195.25,2208.0,-4.5,17.5,176,-5.75,12.75,-5.0,True,b_at_entry,,,,,,,,,,,,,
riz_7e0de1c2a34a965d43a19e0641af872a,236,20111018,820,north,minute_ignition,True,False,4.081944444444445,2342.0,2338.25,2346.5,3.75,4.75,118,2.25,8.25,3.75,True,b_first,0.5588235294117647,1.0,0.4411764705882353,3.75,3.75,3.75,3.75,3.75,3.75,-3.75,-3.75,-3.75,4.0
riz_559382df5fc8282454a7d60c3369a287,142,20111018,918,north,minute_ignition,True,False,3.952777777777778,2366.25,2355.5,2371.5,10.75,5.5,11,9.0,16.0,10.75,False,b_first,0.3384615384615385,1.0,0.6615384615384615,10.75,10.75,10.75,10.75,10.75,10.75,-10.75,-10.75,-10.75,17.0
riz_eba47732205c29eb3fd699030166f0d3,143,20111018,927,north,minute_ignition,True,False,3.953472222222222,2364.75,2357.25,2371.5,7.5,7.0,19,6.0,14.25,7.5,True,b_first,0.4827586206896552,1.0,0.5172413793103448,7.5,7.5,7.5,7.5,7.5,7.5,-7.5,-7.5,-7.5,7.0
riz_2915a136c8efe5c79003f396e30b4b89,185,20111018,935,north,minute_ignition,False,False,1.7555555555555555,2355.25,2370.0,2371.5,-14.75,16.5,22,-15.0,1.5,-14.75,True,b_at_entry,,,,,,,,,,,,,
riz_963391e3025e1205262ef98e2b64bd0e,134,20111021,846,south,minute_ignition,False,False,1.054861111111111,2318.0,2313.5,2309.25,-4.5,9.0,55,-5.0,4.25,-4.25,True,b_at_entry,,,,,,,,,,,,,
riz_908e2aed64cb2ec5a803fa0cf37f6ea8,210,20111021,900,south,minute_ignition,False,False,0.9381944444444444,2324.0,2311.25,2309.25,-12.75,15.0,89,-13.25,2.0,-12.5,True,b_at_entry,,,,,,,,,,,,,
riz_f05671d8109d92c25aa216db5f47e002,120,20111026,600,north,minute_ignition,False,False,1.8965277777777778,2340.25,2346.75,2350.25,-6.5,10.25,29,-6.75,3.5,-6.25,True,b_at_entry,,,,,,,,,,,,,
riz_feecfbe091fed6886294207a338a14d4,165,20111026,630,south,minute_ignition,True,False,0.5611111111111111,2325.0,2326.75,2320.75,1.75,4.5,19,0.5,6.0,1.75,True,a_first,0.72,0.0,-0.72,-4.5,-4.5,-4.5,-4.5,-4.5,-4.5,4.5,4.5,4.5,3.0
riz_c2fb7c41784ca0caf85fef99d8ac0126,190,20111027,780,south,minute_ignition,False,False,1.8944444444444444,2381.25,2368.75,2361.0,-12.5,20.5,152,-13.75,7.75,-12.5,True,b_at_entry,,,,,,,,,,,,,
riz_7030c025ff668189d413dedab0084a09,240,20111104,600,south,native_confirmation,True,False,3.1666666666666665,2340.0,2340.75,2338.75,0.75,1.5,0,-0.0,2.0,0.75,False,b_first,0.6666666666666666,1.0,0.33333333333333337,0.75,0.75,0.75,0.75,0.75,0.75,-0.75,-0.75,-0.75,1.0
riz_39a2e4cd7c0b93bf472724c6c2aecfdd,165,20111104,630,south,minute_ignition,True,False,3.2069444444444444,2332.0,2342.0,2331.5,10.0,0.75,32,9.0,10.5,10.0,True,a_first,0.06976744186046512,0.0,-0.06976744186046512,-0.75,-0.75,-0.75,-0.75,-0.75,-0.75,0.75,0.75,0.75,1.0
riz_bacb6ee762fbe249bee706e99b05499a,172,20111108,672,south,minute_ignition,True,False,0.4756944444444444,2366.5,2369.25,2364.5,2.75,2.25,3,2.5,4.75,2.75,True,a_first,0.45,0.0,-0.45,-2.25,-2.25,-2.25,-2.25,-2.25,-2.25,2.25,2.25,2.25,4.0
riz_4d1e885e2513ada84127e40bb5890e8a,148,20111108,676,south,minute_ignition,True,False,0.4076388888888889,2364.25,2367.0,2364.0,2.75,0.5,5,0.5,3.0,2.0,True,a_first,0.15384615384615385,0.0,-0.15384615384615385,-0.5,-0.5,-0.5,-0.5,-0.5,-0.5,0.5,0.5,0.5,1.0
riz_cd5bb677b668d2df954ecc5b1ab8c067,174,20111108,684,south,minute_ignition,True,False,0.3576388888888889,2359.0,2364.5,2358.0,5.5,1.25,7,3.5,6.5,5.25,False,b_first,0.18518518518518517,1.0,0.8148148148148149,5.5,5.5,5.5,5.5,5.5,5.5,-5.5,-5.5,-5.5,4.0
riz_e021d7a94ccf86e7947ed13f0f0e748b,120,20111110,840,north,minute_ignition,False,False,0.3055555555555556,2318.25,2320.5,2322.25,-2.25,4.25,40,-3.25,1.75,-2.25,True,b_at_entry,,,,,,,,,,,,,
riz_33d7b7c858a3c25a6892aac5c701b8cf,121,20111110,850,north,minute_ignition,False,False,0.30277777777777776,2311.5,2321.75,2322.25,-10.25,11.0,48,-10.5,0.5,-10.25,True,b_at_entry,,,,,,,,,,,,,
riz_b3368e144681c1b2813b7de925e49dd3,208,20111114,680,north,minute_ignition,False,False,0.3861111111111111,2348.75,2355.5,2360.0,-6.75,11.5,68,-8.75,4.5,-6.75,True,b_at_entry,,,,,,,,,,,,,
riz_f944c32c6bf332b020ef1ebc714d191e,159,20111124,594,south,minute_ignition,True,False,49.47152777777778,2156.5,2158.0,2151.0,1.5,5.75,17,1.25,7.0,1.75,True,b_first,0.7931034482758621,1.0,0.2068965517241379,1.5,1.5,1.5,1.5,1.5,1.5,-1.5,-1.5,-1.5,2.0
riz_6e5ed9d6d599ac980ec40ec5d739cec9,135,20111125,585,north,minute_ignition,True,False,1.0895833333333333,2180.75,2175.0,2182.5,5.75,2.0,6,1.75,7.5,5.5,False,b_first,0.25806451612903225,1.0,0.7419354838709677,5.75,5.75,5.75,5.75,5.75,5.75,-5.75,-5.75,-5.75,4.0
riz_45826f4e2d84709a6dfbae8d85f52690,128,20111125,792,south,minute_ignition,False,False,0.26180555555555557,2148.75,2148.75,2141.5,-0.0,7.5,7,-3.0,7.25,-0.25,True,b_at_entry,,,,,,,,,,,,,
riz_7832059ed4a6ad8ec53a8876465e3604,138,20111206,744,south,minute_ignition,True,False,0.44166666666666665,2317.5,2320.5,2314.0,3.0,3.75,54,2.75,6.5,3.0,True,b_first,0.5555555555555556,1.0,0.4444444444444444,3.0,3.0,3.0,3.0,3.0,3.0,-3.0,-3.0,-3.0,54.0
riz_5c3871949039681c72fd39dc25e5fbc2,239,20111206,835,south,minute_ignition,True,False,0.5152777777777777,2320.5,2325.0,2314.0,4.5,6.75,214,4.0,11.0,4.5,True,b_first,0.6,1.0,0.4,4.5,4.5,4.5,4.5,4.5,4.5,-4.5,-4.5,-4.5,45.0
riz_ec2d504ac28bcb4b91f9221f4c5542bc,196,20111207,620,south,minute_ignition,True,False,5.689583333333333,2298.0,2308.25,2292.25,10.25,6.0,47,9.75,16.0,10.5,False,a_first,0.36923076923076925,0.0,-0.36923076923076925,-6.0,-6.0,-6.0,-6.0,-6.0,-6.0,6.0,6.0,6.0,8.0
riz_328ffcfea311600f5a9246e7fbb6785d,168,20111207,648,south,minute_ignition,True,False,5.690277777777778,2298.5,2306.75,2291.5,8.25,7.25,74,7.0,15.25,8.25,False,b_first,0.46774193548387094,1.0,0.532258064516129,8.25,8.25,8.25,8.25,8.25,8.25,-8.25,-8.25,-8.25,35.0
riz_7696bcdf197d9a705efe21c1c46096d7,145,20111207,945,north,minute_ignition,False,False,0.7034722222222223,2327.5,2328.25,2332.25,-0.75,5.0,3,-2.0,4.0,-1.25,True,b_at_entry,,,,,,,,,,,,,
riz_55ed1a11e89297edd9bb0e1f2a1d926a,134,20111213,712,south,minute_ignition,False,False,0.8805555555555555,2290.0,2282.0,2281.25,-8.0,9.0,38,-8.5,0.75,-8.0,True,b_at_entry,,,,,,,,,,,,,
riz_f0ae6debcc7fba935c257c4bb8b103d3,147,20111219,669,south,minute_ignition,True,False,0.5076388888888889,2225.5,2229.25,2224.5,3.75,1.25,4,3.25,4.75,3.75,False,a_first,0.25,0.0,-0.25,-1.25,-1.25,-1.25,-1.25,-1.25,-1.25,1.25,1.25,1.25,1.0
riz_3695c890d46f7a4e991979a511c8be2b,206,20111219,670,south,minute_ignition,True,False,0.4263888888888889,2225.0,2227.5,2223.25,2.5,2.0,4,1.5,4.25,2.5,True,b_first,0.4444444444444444,1.0,0.5555555555555556,2.5,2.5,2.5,2.5,2.5,2.5,-2.5,-2.5,-2.5,17.0
riz_1d24f28273203c24e4e6d15a38977882,153,20111219,711,south,minute_ignition,True,False,0.5020833333333333,2223.5,2225.75,2218.75,2.25,5.0,42,2.0,7.0,2.25,True,b_first,0.6896551724137931,1.0,0.31034482758620685,2.25,2.25,2.25,2.25,2.25,2.25,-2.25,-2.25,-2.25,8.0
riz_3dca6b30a461e00f84ed43a2b9fdd7df,120,20111219,720,south,minute_ignition,True,False,0.38333333333333336,2223.5,2224.25,2218.75,0.75,5.0,49,0.25,5.5,0.5,True,b_first,0.8695652173913043,1.0,0.13043478260869568,0.75,0.75,0.75,0.75,0.75,0.75,-0.75,-0.75,-0.75,1.0
riz_6549e2e9f432ad818d688bded01dc05c,120,20111219,720,south,minute_ignition,True,False,0.5395833333333333,2223.5,2231.25,2218.75,7.75,5.0,63,7.0,12.5,7.5,True,censored_horizon,0.39215686274509803,,,3.0,3.0,3.0,3.0,3.0,3.0,-3.0,-3.0,-3.0,120.0
riz_052769b58b8695e7065bc9190d89e215,135,20111219,720,south,minute_ignition,True,False,2.7305555555555556,2223.5,2240.0,2218.75,16.5,5.0,133,15.75,21.25,16.25,True,censored_horizon,0.23255813953488372,,,3.0,3.0,3.0,3.0,3.0,3.0,-3.0,-3.0,-3.0,120.0
riz_d163056407d5f3047c7e3a9a5af5fb32,136,20111219,728,south,minute_ignition,False,False,0.45625,2226.75,2222.25,2218.75,-4.5,8.25,23,-5.5,3.5,-4.5,True,b_at_entry,,,,,,,,,,,,,
riz_7c77cdc632e95073ae0a1c603727b8cc,167,20111221,642,south,minute_ignition,True,False,1.8430555555555554,2240.5,2243.75,2235.75,3.25,5.0,59,3.0,8.0,3.25,True,a_first,0.6060606060606061,0.0,-0.6060606060606061,-5.0,-5.0,-5.0,-5.0,-5.0,-5.0,5.0,5.0,5.0,14.0
riz_3fddb637683cec26be228b5b15c1625e,128,20111221,920,north,minute_ignition,True,False,1.1743055555555555,2239.5,2238.75,2241.5,0.75,2.25,5,0.5,2.75,1.0,True,b_first,0.75,1.0,0.25,0.75,0.75,0.75,0.75,0.75,0.75,-0.75,-0.75,-0.75,3.0
riz_98ccdec905101691ef0631deb701c54c,129,20111221,930,north,minute_ignition,False,False,1.1784722222222221,2241.0,2241.25,2242.0,-0.25,1.25,1,-1.25,0.75,-0.5,True,b_at_entry,,,,,,,,,,,,,
riz_09ed688d3ce53cc2683fb1bf45ac3c27,141,20111223,768,north,minute_ignition,True,False,2.283333333333333,2277.75,2277.5,2279.0,0.25,1.5,15,-0.25,1.5,0.25,True,b_first,0.8571428571428571,1.0,0.1428571428571429,0.25,0.25,0.25,0.25,0.25,0.25,-0.25,-0.25,-0.25,1.0
riz_893f6edf03b23be1a3308a014eb02617,135,20111228,585,south,minute_ignition,True,False,0.28055555555555556,2282.5,2283.0,2280.25,0.5,2.5,1,-0.0,2.75,0.5,False,a_first,0.8333333333333334,0.0,-0.8333333333333334,-2.5,-2.5,-2.5,-2.5,-2.5,-2.5,2.5,2.5,2.5,1.0
riz_41b8e47c4d348120e9821c1f6fdd7a6b,123,20111228,624,south,minute_ignition,True,False,0.31527777777777777,2271.5,2280.5,2270.5,9.0,1.25,38,6.75,10.0,9.25,False,a_first,0.12195121951219512,0.0,-0.12195121951219512,-1.25,-1.25,-1.25,-1.25,-1.25,-1.25,1.25,1.25,1.25,2.0
riz_0a4ffbab91841fe8a2868a8cb5ec2b50,153,20111229,711,north,native_confirmation,True,False,5.89375,2273.75,2272.75,2273.75,1.0,0.25,0,0.0,1.0,1.0,False,a_first,0.2,0.0,-0.2,-0.25,-0.25,-0.25,-0.25,-0.25,-0.25,0.25,0.25,0.25,1.0
riz_f5aacdcccc5a14c424e28f36088a5685,135,20111229,720,north,native_confirmation,True,False,5.822916666666667,2275.0,2274.75,2275.5,0.25,0.75,0,0.0,0.75,0.5,False,a_first,0.75,0.0,-0.75,-0.75,-0.75,-0.75,-0.75,-0.75,-0.75,0.75,0.75,0.75,1.0
riz_2127caaf3bfbd4898207b8b372ee4703,138,20120106,606,south,minute_ignition,False,False,0.37430555555555556,2339.0,2338.25,2337.5,-0.75,1.75,13,-1.25,0.75,-1.0,True,b_at_entry,,,,,,,,,,,,,
riz_5c8c5057a339d2e0438fb75c28f6cc69,203,20120109,655,south,minute_ignition,True,False,0.41944444444444445,2345.5,2347.75,2344.75,2.25,1.0,5,2.0,3.0,2.25,True,a_first,0.3076923076923077,0.0,-0.3076923076923077,-1.0,-1.0,-1.0,-1.0,-1.0,-1.0,1.0,1.0,1.0,4.0
riz_f9a204a0e62c86b1e7e3906996747245,149,20120116,683,north,minute_ignition,True,False,3.307638888888889,2385.25,2383.25,2385.5,2.0,0.5,4,1.5,2.25,2.25,False,censored_gap,0.2,,,1.0,1.0,1.0,1.0,1.0,1.0,-1.0,-1.0,-1.0,7.0
riz_9bf1f8f4e941e77cd26c750b44c277eb,149,20120208,683,south,minute_ignition,True,False,1.1006944444444444,2522.75,2523.75,2521.0,1.0,2.0,4,1.0,2.75,1.25,True,b_first,0.6666666666666666,1.0,0.33333333333333337,1.0,1.0,1.0,1.0,1.0,1.0,-1.0,-1.0,-1.0,7.0
riz_68e9d39c14e5f591894eab1d457b2512,166,20120215,802,south,minute_ignition,False,False,0.9861111111111112,2572.5,2567.0,2564.5,-5.5,8.25,20,-7.5,2.5,-5.75,True,b_at_entry,,,,,,,,,,,,,
riz_884e2e1e858cf53def3364d44148b03f,141,20120215,909,south,minute_ignition,True,False,1.0902777777777777,2560.25,2564.0,2556.5,3.75,4.0,11,2.5,7.5,3.75,False,a_first,0.5161290322580645,0.0,-0.5161290322580645,-4.0,-4.0,-4.0,-4.0,-4.0,-4.0,4.0,4.0,4.0,12.0
riz_080d682c9e9c59b0b31bb0566f587696,219,20120216,735,north,minute_ignition,True,False,1.7895833333333333,2574.25,2569.5,2574.25,4.75,0.25,18,3.75,4.75,4.75,False,a_first,0.05,0.0,-0.05,-0.25,-0.25,-0.25,-0.25,-0.25,-0.25,0.25,0.25,0.25,1.0
riz_5f7842d1ef3e7d39b507707e0031d709,183,20120216,738,north,native_confirmation,True,False,1.6354166666666667,2575.0,2574.25,2575.25,0.75,0.5,0,0.0,1.0,0.75,False,a_first,0.4,0.0,-0.4,-0.5,-0.5,-0.5,-0.5,-0.5,-0.5,0.5,0.5,0.5,1.0
riz_4455f57178b81a58d98ca0d018b4d5a3,207,20120216,882,north,minute_ignition,True,False,1.488888888888889,2592.0,2578.75,2593.75,13.25,2.0,124,13.0,15.0,13.25,True,a_first,0.13114754098360656,0.0,-0.13114754098360656,-2.0,-2.0,-2.0,-2.0,-2.0,-2.0,2.0,2.0,2.0,56.0
riz_9b242bd030ac1ad5c58b8895308bf475,210,20120216,900,north,minute_ignition,True,False,1.4854166666666666,2590.75,2580.0,2593.75,10.75,3.25,141,10.25,13.75,10.75,True,a_first,0.23214285714285715,0.0,-0.23214285714285715,-3.25,-3.25,-3.25,-3.25,-3.25,-3.25,3.25,3.25,3.25,38.0
riz_7a289676c7513c8b8c9de95a248e2b0c,146,20120217,662,south,native_confirmation,True,False,1.7972222222222223,2578.0,2579.5,2577.5,1.5,0.75,0,-0.0,2.0,1.75,False,a_first,0.3333333333333333,0.0,-0.3333333333333333,-0.75,-0.75,-0.75,-0.75,-0.75,-0.75,0.75,0.75,0.75,1.0
riz_57225889ded5d4596933ec7f8ec4f57b,172,20120217,672,south,minute_ignition,True,False,1.7590277777777779,2573.75,2575.0,2572.0,1.25,2.0,3,-0.0,3.0,1.25,True,b_first,0.6153846153846154,1.0,0.3846153846153846,1.25,1.25,1.25,1.25,1.25,1.25,-1.25,-1.25,-1.25,4.0
riz_7e2385d256a11b58c4c42141d7a4edac,225,20120217,765,south,minute_ignition,True,False,1.7236111111111112,2579.25,2583.75,2572.0,4.5,7.5,188,4.25,11.75,4.5,True,b_first,0.625,1.0,0.375,4.5,4.5,4.5,4.5,4.5,4.5,-4.5,-4.5,-4.5,113.0
riz_baa3979b9410a113a3326159331f985a,233,20120217,805,south,minute_ignition,False,False,1.7548611111111112,2580.75,2576.5,2572.0,-4.25,9.0,138,-5.0,4.5,-4.5,True,b_at_entry,,,,,,,,,,,,,
riz_1f48149e56b1841711e43621d91d7a4d,120,20120221,720,north,minute_ignition,True,False,1.1118055555555555,2598.25,2596.75,2599.25,1.5,1.25,79,1.25,2.5,1.5,True,a_first,0.45454545454545453,0.0,-0.45454545454545453,-1.25,-1.25,-1.25,-1.25,-1.25,-1.25,1.25,1.25,1.25,4.0
riz_f5d3a49379d666a3ea42a485aed00b15,148,20120223,676,north,minute_ignition,True,False,1.3055555555555556,2597.75,2595.25,2598.25,2.5,0.75,4,2.25,3.0,2.5,True,b_first,0.23076923076923078,1.0,0.7692307692307692,2.5,2.5,2.5,2.5,2.5,2.5,-2.5,-2.5,-2.5,3.0
riz_6359656b2cce55e76dff51fa4ed1c00d,163,20120302,618,north,minute_ignition,True,False,0.5645833333333333,2648.25,2647.25,2648.75,1.0,0.75,2,1.0,1.5,1.25,True,a_first,0.42857142857142855,0.0,-0.42857142857142855,-0.75,-0.75,-0.75,-0.75,-0.75,-0.75,0.75,0.75,0.75,1.0
riz_dc4aaba0faf3042dc7d8f2e126caa3b4,201,20120302,645,north,minute_ignition,True,False,0.5368055555555555,2647.5,2646.0,2650.0,1.5,2.75,32,0.75,4.0,1.25,True,b_first,0.6470588235294118,1.0,0.3529411764705882,1.5,1.5,1.5,1.5,1.5,1.5,-1.5,-1.5,-1.5,1.0
riz_3efb5a59cc6b628638b5d60a5793ce40,133,20120330,704,south,minute_ignition,False,False,0.8590277777777777,2757.25,2748.0,2740.25,-9.25,17.25,70,-9.75,7.75,-9.25,True,b_at_entry,,,,,,,,,,,,,
riz_695b866d036b18061079d7a2f2709f1b,122,20120330,738,south,minute_ignition,False,False,0.8381944444444445,2754.5,2749.75,2740.25,-4.75,14.5,111,-5.5,9.5,-4.75,True,b_at_entry,,,,,,,,,,,,,
riz_6d338b0e97ea96af61b65938eee92f9a,173,20120402,678,north,minute_ignition,False,False,3.11875,2767.75,2768.25,2769.0,-0.5,1.5,2,-0.5,0.75,-0.25,True,b_at_entry,,,,,,,,,,,,,
riz_d903a83bb6ab36e0a8a4c2b4ff5ffa88,175,20120402,690,north,minute_ignition,True,False,3.1104166666666666,2769.5,2766.75,2770.75,2.75,1.5,16,2.5,4.0,2.75,True,a_first,0.35294117647058826,0.0,-0.35294117647058826,-1.5,-1.5,-1.5,-1.5,-1.5,-1.5,1.5,1.5,1.5,18.0
riz_ad5d26a49b163b6ade53b00df5948f1e,216,20120402,720,north,minute_ignition,True,False,0.37222222222222223,2776.0,2759.0,2777.5,17.0,1.75,113,15.25,18.5,16.75,True,a_first,0.09333333333333334,0.0,-0.09333333333333334,-1.75,-1.75,-1.75,-1.75,-1.75,-1.75,1.75,1.75,1.75,3.0
riz_345b7bc3c4c10c101113c82d3692746b,136,20120405,592,north,minute_ignition,False,False,0.2791666666666667,2741.25,2742.0,2744.0,-0.75,3.0,6,-1.0,2.0,-0.75,True,b_at_entry,,,,,,,,,,,,,
riz_76f049fb9d9c0c1b8f99bf956bc557af,120,20120409,720,north,minute_ignition,False,False,3.95,2737.75,2738.75,2742.5,-1.0,5.0,72,-1.0,3.75,-0.75,True,b_at_entry,,,,,,,,,,,,,
riz_59820611c4675eeb66f668884cac24fb,139,20120409,752,north,minute_ignition,False,False,3.936111111111111,2738.5,2742.0,2742.5,-3.5,4.25,92,-4.25,0.5,-3.75,True,b_at_entry,,,,,,,,,,,,,
riz_7f5b8fbf26dc30ecc9a74ae4ab71727d,164,20120409,788,north,minute_ignition,True,False,3.904861111111111,2743.5,2740.0,2745.0,3.5,1.75,137,2.75,5.0,3.5,True,b_first,0.3333333333333333,1.0,0.6666666666666667,3.5,3.5,3.5,3.5,3.5,3.5,-3.5,-3.5,-3.5,13.0
riz_eb0645207bd8d1f7fdd673bfdd4609de,211,20120416,695,south,minute_ignition,True,False,0.36736111111111114,2667.25,2690.0,2656.5,22.75,11.0,104,16.5,33.5,22.75,False,censored_horizon,0.32592592592592595,,,1.25,1.25,1.25,1.25,1.25,1.25,-1.25,-1.25,-1.25,120.0
riz_8f88e94e00a3dcfe6fbd363657b8fcc2,139,20120417,613,north,minute_ignition,True,False,1.1888888888888889,2694.0,2691.75,2694.75,2.25,1.0,6,2.0,3.0,2.25,True,a_first,0.3076923076923077,0.0,-0.3076923076923077,-1.0,-1.0,-1.0,-1.0,-1.0,-1.0,1.0,1.0,1.0,2.0
riz_812bd51da9585f507213f99d41b3b933,163,20120417,618,north,minute_ignition,True,False,1.1125,2697.0,2695.0,2699.0,2.0,2.25,1,1.75,4.0,2.0,True,a_first,0.5294117647058824,0.0,-0.5294117647058824,-2.25,-2.25,-2.25,-2.25,-2.25,-2.25,2.25,2.25,2.25,5.0
riz_34101208b609a99620567adc2f5dbd03,141,20120417,627,north,minute_ignition,True,False,1.1708333333333334,2698.0,2689.75,2699.5,8.25,1.75,36,7.5,9.75,8.25,True,a_first,0.175,0.0,-0.175,-1.75,-1.75,-1.75,-1.75,-1.75,-1.75,1.75,1.75,1.75,5.0
riz_ec7793d8bc9b93fef16bd945157c027c,128,20120417,664,north,minute_ignition,True,False,1.1423611111111112,2708.25,2693.75,2708.5,14.5,0.5,51,14.25,14.75,14.5,True,a_first,0.03333333333333333,0.0,-0.03333333333333333,-0.5,-0.5,-0.5,-0.5,-0.5,-0.5,0.5,0.5,0.5,2.0
riz_28accf33cc4f34d5db2ae2754d0fffdd,174,20120417,684,north,minute_ignition,True,False,1.0770833333333334,2707.0,2698.25,2711.0,8.75,4.25,63,8.25,12.75,9.0,True,a_first,0.3269230769230769,0.0,-0.3269230769230769,-4.25,-4.25,-4.25,-4.25,-4.25,-4.25,4.25,4.25,4.25,42.0
riz_fafc069ff4b77689e7ee524cf7448b32,177,20120417,702,north,minute_ignition,True,False,1.0840277777777778,2708.0,2700.0,2711.0,8.0,3.25,56,7.5,11.0,8.0,True,a_first,0.28888888888888886,0.0,-0.28888888888888886,-3.25,-3.25,-3.25,-3.25,-3.25,-3.25,3.25,3.25,3.25,24.0
riz_eba7b6d93d6631b47c12566d1ec4e5ff,180,20120417,720,north,minute_ignition,True,False,1.0791666666666666,2708.75,2702.25,2711.0,6.5,2.5,66,6.0,8.75,6.5,True,a_first,0.2777777777777778,0.0,-0.2777777777777778,-2.5,-2.5,-2.5,-2.5,-2.5,-2.5,2.5,2.5,2.5,6.0
riz_d83086f0324b4d68cb6d01f60ddab96f,123,20120417,870,north,minute_ignition,True,False,5.065972222222222,2724.25,2722.25,2725.5,2.0,1.5,28,1.5,3.25,2.25,True,a_first,0.42857142857142855,0.0,-0.42857142857142855,-1.5,-1.5,-1.5,-1.5,-1.5,-1.5,1.5,1.5,1.5,1.0
riz_3d554dff9ef7e65642b612dabf621455,170,20120418,660,north,minute_ignition,True,False,0.41458333333333336,2721.75,2716.0,2724.75,5.75,3.25,83,5.25,8.75,5.75,True,b_first,0.3611111111111111,1.0,0.6388888888888888,5.75,5.75,5.75,5.75,5.75,5.75,-5.75,-5.75,-5.75,7.0
riz_0cba02653b33f6fd6ed28799e8726575,229,20120418,785,north,minute_ignition,False,False,0.3347222222222222,2714.0,2718.0,2724.75,-4.0,11.0,206,-4.75,6.75,-4.0,True,b_at_entry,,,,,,,,,,,,,
riz_77c40d4ad86baf35cafd86994c37b237,209,20120419,894,south,minute_ignition,True,False,2.982638888888889,2679.25,2681.0,2671.5,1.75,8.0,25,1.0,9.5,1.75,True,b_first,0.8205128205128205,1.0,0.17948717948717952,1.75,1.75,1.75,1.75,1.75,1.75,-1.75,-1.75,-1.75,1.0
riz_b9ced0c98c4d2a2b0fba7918dde6868a,126,20120501,774,north,minute_ignition,False,False,25.87152777777778,2746.25,2751.5,2753.0,-5.25,7.0,59,-5.75,1.5,-5.25,True,b_at_entry,,,,,,,,,,,,,
riz_944d16a0792bef88dd964ab34930ee2b,124,20120501,880,south,minute_ignition,True,False,1.3069444444444445,2737.0,2737.75,2731.25,0.75,6.0,54,0.25,6.5,0.5,True,b_first,0.8888888888888888,1.0,0.11111111111111116,0.75,0.75,0.75,0.75,0.75,0.75,-0.75,-0.75,-0.75,25.0
riz_d3d2383a98504145e70c934485e153ba,140,20120501,900,south,minute_ignition,True,False,1.2430555555555556,2735.0,2736.25,2731.25,1.25,4.0,70,1.0,5.0,1.5,True,b_first,0.7619047619047619,1.0,0.23809523809523814,1.25,1.25,1.25,1.25,1.25,1.25,-1.25,-1.25,-1.25,2.0
riz_7ac82b416277e1f993a5d767ec050881,144,20120501,936,south,minute_ignition,True,False,1.2513888888888889,2730.5,2734.5,2728.75,4.0,2.0,70,1.75,5.75,4.25,True,a_first,0.3333333333333333,0.0,-0.3333333333333333,-2.0,-2.0,-2.0,-2.0,-2.0,-2.0,2.0,2.0,2.0,2.0
riz_84788bc2df9da581f189a1876f4acb90,154,20120502,718,north,minute_ignition,False,False,0.4152777777777778,2719.75,2721.25,2723.5,-1.5,4.0,19,-2.25,2.25,-1.5,True,b_at_entry,,,,,,,,,,,,,
riz_71e63daf9c13f87f01517d0ec5cb8711,122,20120502,738,north,native_confirmation,True,False,0.4236111111111111,2725.5,2724.0,2726.75,1.5,1.5,0,0.0,2.75,2.0,False,a_first,0.5,0.0,-0.5,-1.5,-1.5,-1.5,-1.5,-1.5,-1.5,1.5,1.5,1.5,3.0
riz_518def8ec567f427bfabab8982515d9a,148,20120503,676,south,minute_ignition,False,False,1.167361111111111,2725.0,2720.25,2718.5,-4.75,6.75,55,-5.5,1.75,-5.0,True,b_at_entry,,,,,,,,,,,,,
riz_110a374ea31f62864cf7397bc37c0908,153,20120503,711,south,minute_ignition,True,False,1.1055555555555556,2712.5,2713.5,2711.25,1.0,1.5,1,-0.5,2.25,1.25,False,a_first,0.6,0.0,-0.6,-1.5,-1.5,-1.5,-1.5,-1.5,-1.5,1.5,1.5,1.5,1.0
riz_3211126187981463c39d0901f623ec5e,228,20120503,780,south,minute_ignition,True,False,1.1083333333333334,2709.25,2716.5,2704.5,7.25,5.0,72,7.25,12.0,7.5,True,a_first,0.40816326530612246,0.0,-0.40816326530612246,-5.0,-5.0,-5.0,-5.0,-5.0,-5.0,5.0,5.0,5.0,41.0
riz_0bb1fadb5fd1fd1ad8b05b4949e28598,240,20120503,840,south,minute_ignition,True,False,1.0743055555555556,2697.0,2717.75,2695.25,20.75,2.0,133,20.5,22.5,20.75,True,a_first,0.08791208791208792,0.0,-0.08791208791208792,-2.0,-2.0,-2.0,-2.0,-2.0,-2.0,2.0,2.0,2.0,47.0
riz_976f7b0b157f3e5611b691fe0c683a15,125,20120504,640,south,minute_ignition,True,False,9.98611111111111,2654.5,2655.5,2651.75,1.0,3.0,20,0.5,3.75,1.0,True,b_first,0.75,1.0,0.25,1.0,1.0,1.0,1.0,1.0,1.0,-1.0,-1.0,-1.0,5.0
riz_fcadb0c8a248be853e8a07214128d3c9,212,20120504,700,south,minute_ignition,True,False,9.852083333333333,2643.5,2643.75,2642.75,0.25,1.0,1,-0.0,1.0,0.25,True,b_first,0.8,1.0,0.19999999999999996,0.25,0.25,0.25,0.25,0.25,0.25,-0.25,-0.25,-0.25,1.0
riz_21d57bce11e168021960a39128521ae0,121,20120504,729,south,minute_ignition,True,False,9.933333333333334,2649.5,2653.5,2642.75,4.0,7.0,96,3.5,10.75,3.75,True,a_first,0.6363636363636364,0.0,-0.6363636363636364,-7.0,-7.0,-7.0,-7.0,-7.0,-7.0,7.0,7.0,7.0,15.0
riz_28a7f22808c624a25acdff94a0419337,138,20120504,744,south,minute_ignition,True,False,9.956944444444444,2642.0,2651.5,2641.75,9.5,0.5,62,9.25,9.75,9.5,True,a_first,0.05,0.0,-0.05,-0.5,-0.5,-0.5,-0.5,-0.5,-0.5,0.5,0.5,0.5,1.0
riz_ed17a20b2404817440e0c276d27209af,160,20120504,760,south,minute_ignition,True,False,9.989583333333334,2638.5,2641.75,2637.0,3.25,1.75,15,3.25,4.75,3.5,True,b_first,0.35,1.0,0.65,3.25,3.25,3.25,3.25,3.25,3.25,-3.25,-3.25,-3.25,8.0
riz_c98d9621b6d9d4aaba6cd95119ec7c8a,224,20120504,760,south,minute_ignition,True,False,9.847916666666666,2638.5,2640.0,2637.0,1.5,1.75,3,0.5,3.0,1.75,False,b_first,0.5384615384615384,1.0,0.46153846153846156,1.5,1.5,1.5,1.5,1.5,1.5,-1.5,-1.5,-1.5,2.0
riz_04fe1cc4d488bdf74742f78efdc73df8,187,20120504,762,south,minute_ignition,False,False,9.86736111111111,2640.0,2638.0,2637.0,-2.0,3.25,4,-2.75,1.0,-2.0,True,b_at_entry,,,,,,,,,,,,,
riz_940ea52b84db11797e168ab27ba7e7a7,175,20120504,865,south,minute_ignition,True,False,9.88263888888889,2642.0,2646.5,2637.0,4.5,5.25,169,3.75,9.5,4.25,True,a_first,0.5384615384615384,0.0,-0.5384615384615384,-5.25,-5.25,-5.25,-5.25,-5.25,-5.25,5.25,5.25,5.25,17.0
riz_613d790e28cd8f4c14179c77049da0ea,123,20120508,870,north,minute_ignition,True,False,1.2555555555555555,2610.75,2610.0,2611.0,0.75,0.5,1,0.5,1.0,1.0,True,a_first,0.4,0.0,-0.4,-0.5,-0.5,-0.5,-0.5,-0.5,-0.5,0.5,0.5,0.5,1.0
riz_652b483ddaa1f742e2a9d4471ab110c6,125,20120508,890,north,minute_ignition,True,False,1.167361111111111,2616.0,2614.75,2617.75,1.25,2.0,9,1.0,3.0,1.25,True,a_first,0.6153846153846154,0.0,-0.6153846153846154,-2.0,-2.0,-2.0,-2.0,-2.0,-2.0,2.0,2.0,2.0,1.0
riz_fc2af8c0a18b97690a72ee1f1fb93d4b,125,20120508,890,north,minute_ignition,True,False,1.2479166666666666,2616.0,2611.5,2617.75,4.5,2.0,18,3.0,6.25,4.5,True,a_first,0.3076923076923077,0.0,-0.3076923076923077,-2.0,-2.0,-2.0,-2.0,-2.0,-2.0,2.0,2.0,2.0,1.0
riz_e20d420e8d933460c3708f44268743ad,152,20120516,704,south,minute_ignition,True,False,0.30694444444444446,2575.5,2575.75,2573.0,0.25,2.75,14,-0.25,2.75,0.25,True,b_first,0.9166666666666666,1.0,0.08333333333333337,0.25,0.25,0.25,0.25,0.25,0.25,-0.25,-0.25,-0.25,1.0
riz_867b2e255ca03b35b3ebed89809694d1,190,20120516,780,south,minute_ignition,False,False,0.3416666666666667,2576.25,2574.25,2573.0,-2.0,3.5,78,-2.0,1.25,-1.75,True,b_at_entry,,,,,,,,,,,,,
riz_ed72035013beef792990891d510f318c,208,20120516,888,south,minute_ignition,True,False,0.29444444444444445,2566.5,2577.25,2556.25,10.75,10.5,200,10.5,21.0,10.75,True,censored_window,0.49411764705882355,,,-5.75,-5.75,-5.75,-5.75,-5.75,-5.75,5.75,5.75,5.75,72.0
riz_4c255d7f1d5e70bbd9309972891e351f,230,20120523,790,south,minute_ignition,False,False,4.825694444444444,2506.5,2502.0,2497.5,-4.5,9.25,66,-8.0,4.5,-4.75,True,b_at_entry,,,,,,,,,,,,,
riz_f9dfff4f5c3bd12863735ddd94d03239,231,20120523,795,south,minute_ignition,False,False,4.771527777777778,2509.5,2507.25,2497.5,-2.25,12.25,149,-3.25,9.75,-2.5,True,b_at_entry,,,,,,,,,,,,,
riz_e18e923879727544da2d246a9ad5d59c,232,20120523,800,south,minute_ignition,False,False,4.772916666666666,2509.0,2504.75,2497.5,-4.25,11.75,152,-4.5,7.25,-4.0,True,b_at_entry,,,,,,,,,,,,,
riz_4dafafb3eeb6fea739df6b45cb4e3532,134,20120531,846,north,minute_ignition,False,False,0.33194444444444443,2524.25,2531.25,2536.25,-7.0,12.25,58,-8.25,5.0,-6.75,True,b_at_entry,,,,,,,,,,,,,
riz_dfe1cc7d5e7ff83405cd11e49cb1a081,137,20120611,599,south,minute_ignition,True,False,3.807638888888889,2553.25,2553.75,2551.75,0.5,1.75,3,0.25,2.0,0.75,True,b_first,0.7777777777777778,1.0,0.2222222222222222,0.5,0.5,0.5,0.5,0.5,0.5,-0.5,-0.5,-0.5,1.0
riz_787f3bd80c03d002edff4f8bc9af849d,160,20120611,920,south,minute_ignition,True,False,3.765277777777778,2518.75,2531.25,2517.0,12.5,2.0,18,11.5,14.25,12.5,True,a_first,0.13793103448275862,0.0,-0.13793103448275862,-2.0,-2.0,-2.0,-2.0,-2.0,-2.0,2.0,2.0,2.0,3.0
riz_30a01460a7aaae239eb528e236885307,131,20120612,688,north,minute_ignition,True,False,3.9055555555555554,2535.25,2534.25,2538.0,1.0,3.0,5,-0.5,3.75,1.25,True,b_first,0.75,1.0,0.25,1.0,1.0,1.0,1.0,1.0,1.0,-1.0,-1.0,-1.0,5.0
riz_99678cd01ff9f82e17e76d5b2b9704fd,191,20120619,786,north,minute_ignition,False,False,38.952083333333334,2617.5,2618.5,2620.5,-1.0,3.25,69,-1.75,2.0,-1.0,True,b_at_entry,,,,,,,,,,,,,
riz_ac0f2da6452339137c486608603f2cac,194,20120619,804,north,minute_ignition,True,False,38.99861111111111,2620.25,2619.75,2620.5,0.5,0.5,2,0.0,0.75,0.25,True,same_minute,0.5,,,,-0.5,0.5,,-0.5,0.5,,-0.5,0.5,1.0
riz_7665c9c9dbdf6e674ed2e4234243429d,197,20120619,822,north,minute_ignition,False,False,38.99861111111111,2624.0,2624.75,2625.5,-0.75,1.75,2,-1.5,0.75,-0.75,True,b_at_entry,,,,,,,,,,,,,
riz_8e8dd60059dd3e7c28f10931f9ab8551,239,20120619,835,north,minute_ignition,True,False,38.983333333333334,2622.5,2621.5,2626.0,1.0,3.75,24,0.5,4.5,1.0,True,b_first,0.7894736842105263,1.0,0.21052631578947367,1.0,1.0,1.0,1.0,1.0,1.0,-1.0,-1.0,-1.0,17.0
riz_7481166352b7fcff7d6a18ddab9d22ba,236,20120621,820,south,minute_ignition,True,False,3.1625,2570.0,2571.0,2569.75,1.0,0.5,2,0.5,1.25,1.0,True,a_first,0.3333333333333333,0.0,-0.3333333333333333,-0.5,-0.5,-0.5,-0.5,-0.5,-0.5,0.5,0.5,0.5,1.0
riz_12975b8f9965d542e0258fd8de26798a,184,20120621,928,south,minute_ignition,True,False,3.18125,2558.25,2569.0,2553.0,10.75,5.5,107,10.5,16.0,10.75,True,a_first,0.3384615384615385,0.0,-0.3384615384615385,-5.5,-5.5,-5.5,-5.5,-5.5,-5.5,5.5,5.5,5.5,7.0
riz_0b4f80913b7586fc1138b4d3a9926702,216,20120621,936,south,minute_ignition,True,False,3.2875,2553.0,2559.75,2550.75,6.75,2.5,18,5.75,9.0,6.75,False,a_first,0.2702702702702703,0.0,-0.2702702702702703,-2.5,-2.5,-2.5,-2.5,-2.5,-2.5,2.5,2.5,2.5,13.0
riz_0958b0500825a676d01ae3fdaff0cd27,210,20120622,900,north,minute_ignition,True,False,3.99375,2575.25,2572.75,2575.25,2.5,0.25,9,0.5,2.5,2.25,True,a_first,0.09090909090909091,0.0,-0.09090909090909091,-0.25,-0.25,-0.25,-0.25,-0.25,-0.25,0.25,0.25,0.25,1.0
riz_f894f3e4ec94babd65f9ecf8217ad523,213,20120622,918,north,minute_ignition,False,False,3.984722222222222,2573.75,2574.5,2576.5,-0.75,3.0,22,-1.25,2.0,-0.75,True,b_at_entry,,,,,,,,,,,,,
riz_24dc2302a0f3c5dd4d7dfe4dbd270e67,218,20120622,948,north,minute_ignition,True,False,3.998611111111111,2577.75,2576.75,2578.5,1.0,1.0,2,0.0,1.75,1.0,True,a_first,0.5,0.0,-0.5,-1.0,-1.0,-1.0,-1.0,-1.0,-1.0,1.0,1.0,1.0,1.0
riz_b52ba3606aaf1074b54c37c77b4b0477,198,20120629,630,north,minute_ignition,True,False,10.713194444444444,2589.75,2583.5,2590.25,6.25,0.75,23,4.75,6.75,6.0,True,a_first,0.10714285714285714,0.0,-0.10714285714285714,-0.75,-0.75,-0.75,-0.75,-0.75,-0.75,0.75,0.75,0.75,5.0
riz_dd32cf165880ac90bf96843360ac6f6b,176,20120629,696,north,minute_ignition,True,False,10.11875,2594.5,2593.75,2595.5,0.75,1.25,5,0.75,1.75,1.0,True,a_first,0.625,0.0,-0.625,-1.25,-1.25,-1.25,-1.25,-1.25,-1.25,1.25,1.25,1.25,3.0
riz_4f45199232ac06f0a5a9bcad2f66d878,229,20120629,785,north,minute_ignition,True,False,10.153472222222222,2596.75,2595.5,2597.5,1.25,1.0,8,0.5,2.0,1.25,False,a_first,0.4444444444444444,0.0,-0.4444444444444444,-1.0,-1.0,-1.0,-1.0,-1.0,-1.0,1.0,1.0,1.0,2.0
riz_06c906510b38dd85250d3367db641067,238,20120629,830,north,minute_ignition,True,False,10.13125,2597.5,2596.75,2599.25,0.75,2.0,49,0.5,2.5,1.0,True,b_first,0.7272727272727273,1.0,0.2727272727272727,0.75,0.75,0.75,0.75,0.75,0.75,-0.75,-0.75,-0.75,5.0
riz_ce6c99937c52e08c717d720b5376ae11,162,20120709,612,north,minute_ignition,False,False,2.747916666666667,2597.5,2609.0,2615.5,-11.5,18.25,39,-12.5,6.5,-11.25,True,b_at_entry,,,,,,,,,,,,,
riz_0856f1a8f94fe3537d157764b3fc416e,167,20120710,642,south,minute_ignition,True,False,0.3458333333333333,2595.25,2599.25,2594.75,4.0,0.75,3,3.5,4.5,3.75,True,b_first,0.15789473684210525,1.0,0.8421052631578947,4.0,4.0,4.0,4.0,4.0,4.0,-4.0,-4.0,-4.0,3.0
riz_1e4e922a780dfb2e5bd32abbce4a2c7b,168,20120710,648,south,minute_ignition,False,False,0.3451388888888889,2597.75,2597.25,2594.75,-0.5,3.25,7,-1.75,2.5,-0.75,True,b_at_entry,,,,,,,,,,,,,
riz_0d888d582779a11172636d29c2b1c41d,128,20120710,664,south,minute_ignition,True,False,0.42569444444444443,2594.75,2600.75,2592.0,6.0,3.0,28,5.75,8.75,6.0,True,a_first,0.3333333333333333,0.0,-0.3333333333333333,-3.0,-3.0,-3.0,-3.0,-3.0,-3.0,3.0,3.0,3.0,2.0
riz_66efeb1e90f1e8f5f12a1c08bc6197e5,157,20120712,582,south,minute_ignition,True,False,13.8875,2531.0,2538.0,2530.75,7.0,0.5,5,6.25,7.25,7.0,True,a_first,0.06666666666666667,0.0,-0.06666666666666667,-0.5,-0.5,-0.5,-0.5,-0.5,-0.5,0.5,0.5,0.5,1.0
riz_c2c56d8b92e20d2923f5de507730a0d8,138,20120712,606,south,minute_ignition,True,False,13.886805555555556,2526.25,2536.0,2524.0,9.75,2.5,25,9.25,12.0,9.5,False,a_first,0.20408163265306123,0.0,-0.20408163265306123,-2.5,-2.5,-2.5,-2.5,-2.5,-2.5,2.5,2.5,2.5,1.0
riz_dab8b465478e967ee443fea5b12e187d,156,20120716,576,north,minute_ignition,False,False,2.720138888888889,2574.25,2576.0,2578.25,-1.75,4.25,4,-3.0,2.25,-2.0,True,b_at_entry,,,,,,,,,,,,,
riz_161d679d1867baa1493308bdef63938a,137,20120716,599,south,minute_ignition,False,False,4.379166666666666,2563.75,2562.75,2561.75,-1.0,2.25,2,-1.75,1.0,-1.0,True,b_at_entry,,,,,,,,,,,,,
riz_0280e99de9ac7ad74f8adb3b4a80340c,125,20120717,640,south,minute_ignition,True,False,5.346527777777778,2551.75,2557.0,2551.5,5.25,0.5,1,2.75,5.5,5.25,False,a_first,0.08695652173913043,0.0,-0.08695652173913043,-0.5,-0.5,-0.5,-0.5,-0.5,-0.5,0.5,0.5,0.5,1.0
riz_70cd93589b4df6807cc3aa23fd39f9f7,159,20120718,594,north,minute_ignition,True,False,8.109722222222222,2602.25,2599.75,2602.5,2.5,0.5,1,1.5,2.75,2.75,False,a_first,0.16666666666666666,0.0,-0.16666666666666666,-0.5,-0.5,-0.5,-0.5,-0.5,-0.5,0.5,0.5,0.5,1.0
riz_8d7771e745df4b3d0a1354c14c82c52a,160,20120718,600,north,minute_ignition,False,False,7.997916666666667,2606.0,2607.0,2608.0,-1.0,2.25,3,-1.75,1.0,-1.0,True,b_at_entry,,,,,,,,,,,,,
riz_c7d893afa8b6eb44c5b1f8f65f69d66e,160,20120718,600,north,minute_ignition,True,False,8.10763888888889,2606.0,2603.5,2608.0,2.5,2.25,5,2.25,4.5,2.5,True,a_first,0.47368421052631576,0.0,-0.47368421052631576,-2.25,-2.25,-2.25,-2.25,-2.25,-2.25,2.25,2.25,2.25,4.0
riz_e86a189cf0f4b2ef6c85babb178402b1,161,20120718,606,north,minute_ignition,True,False,8.104861111111111,2608.5,2604.75,2614.0,3.75,5.75,10,3.0,9.25,3.5,False,b_first,0.6052631578947368,1.0,0.39473684210526316,3.75,3.75,3.75,3.75,3.75,3.75,-3.75,-3.75,-3.75,27.0
riz_010cf9d68049a55617b3426de8762785,144,20120718,648,north,minute_ignition,False,False,8.069444444444445,2609.0,2609.75,2614.0,-0.75,5.25,44,-2.0,4.25,-1.0,True,b_at_entry,,,,,,,,,,,,,
riz_5154c4956c35fddcfe2326a45880739f,170,20120718,660,north,minute_ignition,True,False,8.115277777777777,2614.0,2612.25,2615.0,1.75,1.25,4,1.0,2.75,1.5,True,b_first,0.4166666666666667,1.0,0.5833333333333333,1.75,1.75,1.75,1.75,1.75,1.75,-1.75,-1.75,-1.75,4.0
riz_72395201448a2e021878f0ba9a33e771,155,20120718,725,north,minute_ignition,True,False,8.097222222222221,2621.0,2617.75,2621.5,3.25,0.75,15,2.5,3.75,3.25,False,a_first,0.1875,0.0,-0.1875,-0.75,-0.75,-0.75,-0.75,-0.75,-0.75,0.75,0.75,0.75,1.0
riz_0c84ba21d253038f279d8e7fb9a03fa1,232,20120718,800,north,minute_ignition,True,False,8.088888888888889,2624.5,2616.25,2628.5,8.25,4.25,104,8.25,12.25,8.5,True,b_first,0.34,1.0,0.6599999999999999,8.25,8.25,8.25,8.25,8.25,8.25,-8.25,-8.25,-8.25,80.0
riz_ec1ad8dfa6349e28b720a8fbb6cb9a3a,235,20120718,815,north,minute_ignition,True,False,8.077083333333333,2622.5,2614.75,2628.5,7.75,6.25,124,7.75,13.75,8.0,True,b_first,0.44642857142857145,1.0,0.5535714285714286,7.75,7.75,7.75,7.75,7.75,7.75,-7.75,-7.75,-7.75,67.0
riz_9e36647383a496426e5c48f527165240,145,20120719,655,north,minute_ignition,True,False,13.745138888888889,2645.75,2645.0,2647.75,0.75,2.25,77,0.25,2.75,0.5,True,b_first,0.75,1.0,0.25,0.75,0.75,0.75,0.75,0.75,0.75,-0.75,-0.75,-0.75,3.0
riz_caed32838b61782886ddc4cac9bfcb9f,187,20120723,949,north,minute_ignition,False,False,5.115277777777778,2587.75,2588.75,2591.0,-1.0,3.5,21,-1.5,2.25,-1.0,True,b_at_entry,,,,,,,,,,,,,
riz_f80b945341066ce8af75b9c438d6b674,122,20120726,738,south,minute_ignition,False,False,1.8909722222222223,2568.25,2566.25,2562.0,-2.0,6.5,35,-2.75,4.25,-2.25,True,b_at_entry,,,,,,,,,,,,,
riz_6151a2190d77d00101b6aeb0fcb43198,129,20120726,801,south,minute_ignition,False,False,1.8444444444444446,2573.25,2564.75,2562.0,-8.5,11.5,95,-10.25,2.75,-8.5,True,b_at_entry,,,,,,,,,,,,,
riz_87c58055496595a81510746662abdb93,150,20120727,840,north,minute_ignition,False,False,7.9847222222222225,2634.25,2640.5,2642.0,-6.25,8.0,22,-6.75,1.5,-6.5,True,b_at_entry,,,,,,,,,,,,,
riz_3b13fb02291fa49ddb4b386ad54d03aa,144,20120801,648,south,minute_ignition,False,False,0.5798611111111112,2642.25,2636.5,2634.5,-5.75,8.0,29,-6.25,2.0,-5.75,True,b_at_entry,,,,,,,,,,,,,
riz_bce2ff4f008a99430cc20b4236873056,152,20120801,856,south,minute_ignition,True,False,11.915277777777778,2624.25,2625.25,2618.5,1.0,6.0,2,-1.0,6.75,0.75,True,b_first,0.8571428571428571,1.0,0.1428571428571429,1.0,1.0,1.0,1.0,1.0,1.0,-1.0,-1.0,-1.0,1.0
riz_98779e2fc50c3abc1beceafbf9d11f1b,156,20120802,576,south,minute_ignition,False,False,10.322916666666666,2610.0,2603.0,2600.0,-7.0,10.25,3,-7.75,3.0,-7.25,True,b_at_entry,,,,,,,,,,,,,
riz_c3c666554bd450d21e080072a6940540,139,20120803,613,north,minute_ignition,False,False,100.18541666666667,2671.75,2671.5,2673.5,0.25,2.0,11,-0.5,2.0,0.0,True,b_first,0.8888888888888888,1.0,0.11111111111111116,0.25,0.25,0.25,0.25,0.25,0.25,-0.25,-0.25,-0.25,1.0
riz_454072b47e9baa41e412f9a1b8be3b8c,198,20120803,630,north,native_confirmation,True,False,100.1375,2675.25,2674.0,2675.5,1.25,0.5,0,0.0,1.5,1.25,False,a_first,0.2857142857142857,0.0,-0.2857142857142857,-0.5,-0.5,-0.5,-0.5,-0.5,-0.5,0.5,0.5,0.5,1.0
riz_46a07817a16caef93f347469e080882a,142,20120803,634,north,minute_ignition,True,False,100.19375,2673.5,2672.75,2675.75,0.75,2.5,5,-0.25,3.0,0.75,False,b_first,0.7692307692307693,1.0,0.23076923076923073,0.75,0.75,0.75,0.75,0.75,0.75,-0.75,-0.75,-0.75,3.0
riz_dcec29c5544457debd2bb10111f1133a,150,20120803,690,north,minute_ignition,True,False,100.19652777777777,2676.5,2675.25,2678.75,1.25,2.5,17,0.5,3.5,1.25,True,b_first,0.6666666666666666,1.0,0.33333333333333337,1.25,1.25,1.25,1.25,1.25,1.25,-1.25,-1.25,-1.25,16.0
riz_b0ea623b546b916609778ebbf3d00395,151,20120803,697,north,minute_ignition,True,False,100.20625,2677.75,2677.25,2678.75,0.5,1.25,5,0.25,1.5,0.5,True,b_first,0.7142857142857143,1.0,0.2857142857142857,0.5,0.5,0.5,0.5,0.5,0.5,-0.5,-0.5,-0.5,1.0
riz_63ad0fbe56d3c6aa930b9675fd3210ab,131,20120806,688,north,minute_ignition,True,False,102.92916666666666,2694.0,2685.75,2695.0,8.25,1.25,102,7.5,9.25,8.5,True,a_first,0.13157894736842105,0.0,-0.13157894736842105,-1.25,-1.25,-1.25,-1.25,-1.25,-1.25,1.25,1.25,1.25,10.0
riz_55ebb6e716c8608570d70015bc31fcb5,133,20120806,704,north,minute_ignition,True,False,102.91875,2694.0,2687.5,2696.25,6.5,2.5,117,6.5,8.75,6.75,True,a_first,0.2777777777777778,0.0,-0.2777777777777778,-2.5,-2.5,-2.5,-2.5,-2.5,-2.5,2.5,2.5,2.5,15.0
riz_4fa514579f344ceac3cdee09f15a7f92,155,20120806,725,north,minute_ignition,True,False,102.91805555555555,2694.25,2689.5,2696.5,4.75,2.5,118,3.5,7.0,4.75,True,a_first,0.3448275862068966,0.0,-0.3448275862068966,-2.5,-2.5,-2.5,-2.5,-2.5,-2.5,2.5,2.5,2.5,18.0
riz_094315b1a6e64231d0cdfe03fe749560,153,20120807,711,north,minute_ignition,False,False,96.89305555555555,2717.0,2717.5,2718.5,-0.5,1.75,1,-0.75,1.0,-0.25,True,b_at_entry,,,,,,,,,,,,,
riz_c0b5eef9caaf0d857b404443f607a43b,158,20120807,746,north,minute_ignition,True,False,96.88958333333333,2720.25,2719.25,2720.75,1.0,0.75,1,1.0,1.5,1.25,False,a_first,0.42857142857142855,0.0,-0.42857142857142855,-0.75,-0.75,-0.75,-0.75,-0.75,-0.75,0.75,0.75,0.75,2.0
riz_d9b3d3e91959418c5ad7e75f6550ffcb,131,20120807,819,north,minute_ignition,True,False,96.91944444444445,2719.0,2716.0,2723.0,3.0,4.25,116,2.75,7.0,3.0,True,b_first,0.5862068965517241,1.0,0.4137931034482759,3.0,3.0,3.0,3.0,3.0,3.0,-3.0,-3.0,-3.0,48.0
riz_08d71a54ef85c0678b0e57cd13895b70,236,20120807,820,north,minute_ignition,False,False,96.81736111111111,2718.5,2721.5,2723.0,-3.0,4.75,63,-3.75,1.5,-2.75,True,b_at_entry,,,,,,,,,,,,,
riz_405749dfb323348ad69da02b7e503e8e,150,20120807,840,north,minute_ignition,True,False,96.91319444444444,2718.5,2718.0,2723.0,0.5,4.75,125,0.0,5.0,0.5,True,b_first,0.9047619047619048,1.0,0.09523809523809523,0.5,0.5,0.5,0.5,0.5,0.5,-0.5,-0.5,-0.5,4.0
riz_7c90903d2b7f72497e643d7de21252eb,123,20120813,870,north,minute_ignition,True,False,0.22916666666666666,2722.75,2719.75,2724.25,3.0,1.75,39,2.5,4.5,2.75,True,a_first,0.3684210526315789,0.0,-0.3684210526315789,-1.75,-1.75,-1.75,-1.75,-1.75,-1.75,1.75,1.75,1.75,4.0
riz_cdba2ccca546a5f596bba3b10325ce5b,141,20120813,909,north,minute_ignition,True,False,0.19930555555555557,2723.75,2717.75,2726.5,6.0,3.0,136,5.5,8.75,6.0,True,a_first,0.3333333333333333,0.0,-0.3333333333333333,-3.0,-3.0,-3.0,-3.0,-3.0,-3.0,3.0,3.0,3.0,51.0
riz_cea63297686babd52b372e5f5c8f1ae1,156,20120822,888,north,native_confirmation,True,False,1.325,2784.5,2784.5,2785.0,0.0,0.75,0,0.0,0.5,0.25,False,b_at_entry,,,,,,,,,,,,,
riz_856e89882d57b24c27af2b40f1e1c007,139,20120822,891,north,minute_ignition,False,False,1.3833333333333333,2782.75,2783.25,2785.0,-0.5,2.5,4,-0.5,1.75,-0.25,True,b_at_entry,,,,,,,,,,,,,
riz_b0e9e0739c5368c3d0b4ce6d107a0c13,182,20120822,914,north,minute_ignition,False,False,1.25,2787.0,2787.75,2789.75,-0.75,3.0,4,-1.5,2.0,-0.75,True,b_at_entry,,,,,,,,,,,,,
riz_94797310009d1ea7f91396dd4076d12a,128,20120822,920,north,minute_ignition,False,False,1.1722222222222223,2782.25,2789.0,2789.75,-6.75,7.75,8,-6.75,0.75,-6.5,True,b_at_entry,,,,,,,,,,,,,
riz_cbe169853049cf3c39aff1789df6b481,183,20120822,921,north,minute_ignition,False,False,1.2451388888888888,2781.5,2786.0,2789.75,-4.5,8.5,13,-5.5,3.75,-4.5,True,b_at_entry,,,,,,,,,,,,,
riz_3b7de6d73930f453b8e501ec1cc3a441,187,20120831,762,south,minute_ignition,False,False,0.7590277777777777,2768.0,2763.25,2745.25,-4.75,23.0,160,-7.75,18.0,-4.5,True,b_at_entry,,,,,,,,,,,,,
riz_625a7dbc3c21c731d585c9376c53b012,164,20120904,788,south,minute_ignition,False,False,19.146527777777777,2756.5,2743.5,2742.75,-13.0,14.0,117,-13.5,0.75,-13.25,True,b_at_entry,,,,,,,,,,,,,
riz_9cbadb9c54ab78c013901045d2dd1533,177,20120904,879,north,minute_ignition,True,False,1.2430555555555556,2779.0,2773.75,2780.5,5.25,1.75,5,5.0,6.75,5.25,True,b_first,0.25,1.0,0.75,5.25,5.25,5.25,5.25,5.25,5.25,-5.25,-5.25,-5.25,36.0
riz_40a6e34c2081d5c9cb56000ba5dc5afb,139,20120904,891,north,minute_ignition,True,False,1.4618055555555556,2777.5,2767.25,2780.5,10.25,3.25,30,9.75,13.25,10.5,True,censored_window,0.24074074074074073,,,6.75,6.75,6.75,6.75,6.75,6.75,-6.75,-6.75,-6.75,69.0
riz_760665283e7bb45f7b23fa87928cd52c,205,20120913,870,north,minute_ignition,True,False,6.28125,2833.25,2831.0,2835.75,2.25,2.75,5,2.0,4.75,2.25,True,b_first,0.55,1.0,0.44999999999999996,2.25,2.25,2.25,2.25,2.25,2.25,-2.25,-2.25,-2.25,3.0
riz_eba8f4e6d7e849133e8738de1eb93fb3,137,20120913,873,north,minute_ignition,False,False,6.280555555555556,2830.75,2832.75,2835.75,-2.0,5.25,7,-4.0,3.0,-2.0,True,b_at_entry,,,,,,,,,,,,,
riz_938ce0f8e1932f5a4ceb91f90b939e9d,163,20120913,944,north,minute_ignition,True,False,6.397222222222222,2830.75,2828.5,2835.75,2.25,5.25,80,1.25,7.25,1.75,True,b_first,0.7,1.0,0.30000000000000004,2.25,2.25,2.25,2.25,2.25,2.25,-2.25,-2.25,-2.25,3.0
riz_c6138572101f220cd1c3f44e4d6010a5,211,20120925,906,south,native_confirmation,True,False,15.0,2812.5,2813.25,2812.0,0.75,0.75,0,-0.0,1.25,1.0,False,a_first,0.5,0.0,-0.5,-0.75,-0.75,-0.75,-0.75,-0.75,-0.75,0.75,0.75,0.75,1.0
riz_6e018fc3d785bd0c3b1c84f0f3b05d4e,181,20120925,907,south,native_confirmation,True,False,15.0,2811.5,2812.0,2810.0,0.5,1.75,0,-0.0,2.0,0.5,False,b_first,0.7777777777777778,1.0,0.2222222222222222,0.5,0.5,0.5,0.5,0.5,0.5,-0.5,-0.5,-0.5,1.0
riz_5706f43512f9a6534ce3ae1396a07983,141,20120925,909,south,minute_ignition,True,False,15.091666666666667,2812.0,2816.5,2810.0,4.5,2.25,9,2.25,6.5,4.25,True,a_first,0.3333333333333333,0.0,-0.3333333333333333,-2.25,-2.25,-2.25,-2.25,-2.25,-2.25,2.25,2.25,2.25,2.0
riz_6b59e3b845a7e7151d61c9b0a368ae49,159,20120925,912,south,minute_ignition,True,False,14.999305555555555,2805.75,2810.75,2802.25,5.0,3.75,1,-0.0,8.5,5.25,False,b_first,0.42857142857142855,1.0,0.5714285714285714,5.0,5.0,5.0,5.0,5.0,5.0,-5.0,-5.0,-5.0,11.0
riz_5dd2eceec48738d1cbd28984692a24fa,127,20120926,656,south,minute_ignition,True,False,13.149305555555555,2768.75,2781.75,2762.25,13.0,6.75,39,11.0,19.5,12.75,True,censored_horizon,0.34177215189873417,,,6.0,6.0,6.0,6.0,6.0,6.0,-6.0,-6.0,-6.0,120.0
riz_f0161720c04774d69123182396e8c9a3,124,20120926,880,north,minute_ignition,False,False,13.07638888888889,2781.5,2786.0,2787.0,-4.5,5.75,14,-5.0,1.0,-4.5,True,b_at_entry,,,,,,,,,,,,,
riz_545e58a35b7f0f87e57ee9b4cbf4368e,126,20120926,900,north,minute_ignition,False,False,13.113194444444444,2781.25,2783.5,2787.0,-2.25,6.0,89,-3.0,3.5,-2.5,True,b_at_entry,,,,,,,,,,,,,
riz_aedbe9fbaa102e3d61ef93013fc09e6d,159,20120927,753,north,minute_ignition,True,False,13.852083333333333,2810.75,2792.5,2812.5,18.25,2.0,54,17.75,20.0,18.25,True,a_first,0.09876543209876543,0.0,-0.09876543209876543,-2.0,-2.0,-2.0,-2.0,-2.0,-2.0,2.0,2.0,2.0,62.0
riz_e847d5cad5e4d1d03e35ebfdf0c7656f,128,20120927,920,north,minute_ignition,False,False,13.911805555555556,2814.5,2819.25,2821.25,-4.75,7.0,29,-6.5,2.0,-4.75,True,b_at_entry,,,,,,,,,,,,,
riz_d07fe24de39ea1b0cbb7a53e28ec04d3,237,20120928,588,south,native_confirmation,True,False,2.0,2800.0,2800.25,2798.5,0.25,1.75,0,-0.0,1.75,0.5,False,b_first,0.875,1.0,0.125,0.25,0.25,0.25,0.25,0.25,0.25,-0.25,-0.25,-0.25,1.0
riz_e9a8de4fee262c25fcab4b80d6af4b4a,129,20120928,672,south,minute_ignition,False,False,1.9444444444444444,2797.75,2797.25,2789.75,-0.5,8.25,80,-1.5,7.5,-0.5,True,b_at_entry,,,,,,,,,,,,,
riz_2013546a6bd39b018c139c5ac85789be,134,20120928,712,south,minute_ignition,True,False,1.9409722222222223,2793.75,2795.5,2788.75,1.75,5.25,85,0.5,6.75,1.75,True,b_first,0.75,1.0,0.25,1.75,1.75,1.75,1.75,1.75,1.75,-1.75,-1.75,-1.75,5.0
riz_c24ae6da462bb9674db397e664813624,157,20120928,739,south,minute_ignition,False,False,1.9659722222222222,2806.75,2789.75,2788.75,-17.0,18.25,49,-17.25,1.0,-17.0,True,b_at_entry,,,,,,,,,,,,,
riz_d72d4c8393a0ee249b9afc991f57b15b,188,20120928,768,south,minute_ignition,False,False,1.9027777777777777,2801.75,2793.0,2788.75,-8.75,13.25,140,-9.5,4.25,-9.0,True,b_at_entry,,,,,,,,,,,,,
riz_4e51b811d9b22c45cf59f52c8d20765a,120,20121001,840,south,minute_ignition,False,False,2.8722222222222222,2797.5,2791.75,2782.25,-5.75,15.5,49,-6.25,9.5,-6.0,True,b_at_entry,,,,,,,,,,,,,
riz_8fac5b6fb91c087dcb3d4b84a993e659,201,20121001,846,south,minute_ignition,False,False,0.5236111111111111,2796.75,2788.75,2782.25,-8.0,14.75,52,-9.75,6.5,-8.25,True,b_at_entry,,,,,,,,,,,,,
riz_1136f4771fab1f516872b19725136e4f,214,20121001,924,south,minute_ignition,True,False,0.5923611111111111,2782.0,2785.5,2780.5,3.5,1.75,3,-0.5,5.0,3.5,False,a_first,0.3333333333333333,0.0,-0.3333333333333333,-1.75,-1.75,-1.75,-1.75,-1.75,-1.75,1.75,1.75,1.75,1.0
riz_d11b485278e69e6adc5a5463b6d6eff9,230,20121002,790,south,minute_ignition,True,False,0.5097222222222222,2784.75,2791.5,2781.75,6.75,3.25,186,5.25,9.75,6.5,True,a_first,0.325,0.0,-0.325,-3.25,-3.25,-3.25,-3.25,-3.25,-3.25,3.25,3.25,3.25,16.0
riz_68011d0419d5685e59012c55a0c3052c,146,20121015,954,north,minute_ignition,True,False,4.302083333333333,2735.75,2734.25,2736.0,1.5,0.5,3,1.0,1.75,1.25,True,a_first,0.25,0.0,-0.25,-0.5,-0.5,-0.5,-0.5,-0.5,-0.5,0.5,0.5,0.5,2.0
riz_15ebfa972770d3f95a4926e3462e29f4,188,20121019,768,south,minute_ignition,True,False,73.6125,2684.0,2687.75,2677.0,3.75,7.25,58,3.75,10.75,4.0,True,a_first,0.6590909090909091,0.0,-0.6590909090909091,-7.25,-7.25,-7.25,-7.25,-7.25,-7.25,7.25,7.25,7.25,54.0
riz_f23dcbadd6ba4ddf41c8f2d8565f2179,149,20121019,832,south,minute_ignition,True,False,73.78402777777778,2674.5,2689.5,2672.25,15.0,2.5,123,15.0,17.25,15.25,True,a_first,0.14285714285714285,0.0,-0.14285714285714285,-2.5,-2.5,-2.5,-2.5,-2.5,-2.5,2.5,2.5,2.5,36.0
riz_a4ceca53658fa37da44547b7f725fc58,240,20121022,840,north,minute_ignition,False,False,76.84166666666667,2670.75,2685.5,2686.5,-14.75,16.0,228,-15.25,1.0,-14.75,True,b_at_entry,,,,,,,,,,,,,
riz_be43808346530aaac0d70b05534a9bd4,200,20121026,640,north,minute_ignition,False,False,1.1041666666666667,2655.0,2665.25,2666.75,-10.25,12.0,50,-10.75,1.5,-10.25,True,b_at_entry,,,,,,,,,,,,,
riz_757756594d2fe28655cff9b268a50ff8,144,20121026,648,north,minute_ignition,False,False,1.1534722222222222,2648.0,2662.75,2666.75,-14.75,19.0,67,-16.75,4.0,-14.75,True,b_at_entry,,,,,,,,,,,,,
riz_f0047f40cb8e10a1debe65fd9db62c15,139,20121026,752,south,minute_ignition,True,False,0.36666666666666664,2635.25,2636.75,2629.75,1.5,5.75,28,-0.0,7.0,1.5,True,b_first,0.7931034482758621,1.0,0.2068965517241379,1.5,1.5,1.5,1.5,1.5,1.5,-1.5,-1.5,-1.5,24.0
riz_782dfd66f49ddd476e9d441a7f5cc36c,222,20121031,750,south,minute_ignition,True,False,1.4013888888888888,2634.25,2637.0,2632.5,2.75,2.0,88,1.0,4.5,2.75,True,a_first,0.42105263157894735,0.0,-0.42105263157894735,-2.0,-2.0,-2.0,-2.0,-2.0,-2.0,2.0,2.0,2.0,6.0
riz_8989710d2745883d54b52926f10364d5,191,20121101,595,north,minute_ignition,False,False,1.1305555555555555,2658.5,2658.75,2660.5,-0.25,2.25,3,-1.25,1.75,-0.25,True,b_at_entry,,,,,,,,,,,,,
riz_81378d7a63d7f3d0f06b9396f3f90d93,120,20121101,600,north,minute_ignition,True,False,1.1652777777777779,2662.75,2660.5,2664.0,2.25,1.5,2,-0.25,3.5,2.25,False,a_first,0.4,0.0,-0.4,-1.5,-1.5,-1.5,-1.5,-1.5,-1.5,1.5,1.5,1.5,1.0
riz_6f263b9cb436fecb2ad9ec91e08f0b61,138,20121101,606,north,minute_ignition,False,False,1.0923611111111111,2665.75,2666.75,2668.0,-1.0,2.5,5,-1.75,1.25,-1.0,True,b_at_entry,,,,,,,,,,,,,
riz_f65d51e9dbac78bfdb80b8e10f060a56,139,20121101,613,north,minute_ignition,True,False,1.167361111111111,2669.75,2656.25,2671.0,13.5,1.5,37,13.25,14.75,13.75,True,a_first,0.1,0.0,-0.1,-1.5,-1.5,-1.5,-1.5,-1.5,-1.5,1.5,1.5,1.5,4.0
riz_e505dc9d06422f99ddc52a1e06f36450,124,20121102,880,south,native_confirmation,True,False,2.172222222222222,2660.75,2662.25,2660.5,1.5,0.5,0,-0.0,1.75,1.75,False,a_first,0.25,0.0,-0.25,-0.5,-0.5,-0.5,-0.5,-0.5,-0.5,0.5,0.5,0.5,1.0
riz_5b818f00c5db4bcfcc5e4cfc4a5823ac,130,20121102,940,south,minute_ignition,True,False,2.1444444444444444,2652.0,2658.75,2651.5,6.75,0.75,52,5.25,7.25,6.75,True,a_first,0.1,0.0,-0.1,-0.75,-0.75,-0.75,-0.75,-0.75,-0.75,0.75,0.75,0.75,6.0
riz_2c5c79922ae65c1b5afe5dde78713d06,141,20121108,768,south,minute_ignition,True,False,108.28541666666666,2588.75,2594.25,2587.0,5.5,2.0,72,4.5,7.25,5.75,True,a_first,0.26666666666666666,0.0,-0.26666666666666666,-2.0,-2.0,-2.0,-2.0,-2.0,-2.0,2.0,2.0,2.0,26.0
riz_598c28ce497518f0c8209280e525710b,157,20121109,739,north,minute_ignition,True,False,104.98611111111111,2600.5,2590.5,2601.0,10.0,0.75,80,9.0,10.5,10.0,True,a_first,0.06976744186046512,0.0,-0.06976744186046512,-0.75,-0.75,-0.75,-0.75,-0.75,-0.75,0.75,0.75,0.75,1.0
riz_8ac59a79bf5e6578c40b159bcf12c702,158,20121109,746,north,minute_ignition,True,False,104.97152777777778,2602.75,2589.25,2602.75,13.5,0.25,101,12.75,13.5,13.25,True,a_first,0.01818181818181818,0.0,-0.01818181818181818,-0.25,-0.25,-0.25,-0.25,-0.25,-0.25,0.25,0.25,0.25,1.0
riz_53dcc47be77e0f8f373fd6378a03e15d,145,20121112,800,south,minute_ignition,False,False,3.1055555555555556,2592.75,2575.0,2572.0,-17.75,21.0,138,-18.25,3.0,-17.5,True,b_at_entry,,,,,,,,,,,,,
riz_21748a63baa43111e2c5d759ca099c33,238,20121116,830,south,minute_ignition,False,False,167.9451388888889,2529.25,2493.75,2492.0,-35.5,37.5,139,-36.25,1.75,-35.25,True,b_at_entry,,,,,,,,,,,,,
riz_ed977c8482cb0560d08c912e6749ce3a,191,20121119,786,north,minute_ignition,True,False,5.300694444444445,2582.5,2575.5,2583.25,7.0,1.0,140,6.75,7.75,7.0,True,a_first,0.125,0.0,-0.125,-1.0,-1.0,-1.0,-1.0,-1.0,-1.0,1.0,1.0,1.0,99.0
riz_547367a475a6c307d5a92747bfc1dc6b,232,20121119,800,north,minute_ignition,True,False,5.26875,2577.0,2576.75,2583.25,0.25,6.5,77,-2.0,6.5,0.25,True,b_first,0.9629629629629629,1.0,0.03703703703703709,0.25,0.25,0.25,0.25,0.25,0.25,-0.25,-0.25,-0.25,1.0
riz_d04988777f476f12971ed1e80762e4a5,193,20121121,798,south,minute_ignition,False,False,0.2986111111111111,2595.5,2587.75,2585.0,-7.75,10.75,149,-8.25,2.75,-8.0,True,b_at_entry,,,,,,,,,,,,,
riz_1e89ee03caef15e1b6b116734a4d1ef6,168,20121203,816,south,minute_ignition,True,False,2.8340277777777776,2675.0,2677.25,2674.75,2.25,0.5,35,2.0,2.5,2.5,True,a_first,0.18181818181818182,0.0,-0.18181818181818182,-0.5,-0.5,-0.5,-0.5,-0.5,-0.5,0.5,0.5,0.5,2.0
riz_4d8bea6ab0de92a3edb0f60e918f4995,141,20121204,909,north,native_confirmation,True,False,0.29375,2672.25,2671.5,2672.75,0.75,0.75,0,0.0,1.25,1.0,False,b_first,0.5,1.0,0.5,0.75,0.75,0.75,0.75,0.75,0.75,-0.75,-0.75,-0.75,2.0
riz_23f5d9fb9dde4863bc447686a359917c,142,20121205,634,south,minute_ignition,False,False,7.097222222222222,2639.0,2637.0,2636.0,-2.0,3.25,2,-2.25,1.0,-2.0,True,b_at_entry,,,,,,,,,,,,,
riz_12d2d00102a609e6234e016c915818a3,186,20121205,756,south,minute_ignition,False,False,7.049305555555556,2655.25,2636.75,2623.0,-18.5,32.5,115,-23.25,13.75,-18.5,True,b_at_entry,,,,,,,,,,,,,
riz_979033f54b82e8dc821894463699311d,125,20121210,640,north,minute_ignition,True,False,0.48333333333333334,2648.25,2640.5,2652.75,7.75,4.75,54,7.25,12.25,7.5,True,a_first,0.38,0.0,-0.38,-4.75,-4.75,-4.75,-4.75,-4.75,-4.75,4.75,4.75,4.75,15.0
riz_73ea9a39fedd05dd47a577a7d1e94845,153,20121210,711,north,minute_ignition,True,False,0.4375,2655.75,2637.75,2660.75,18.0,5.25,136,17.0,23.0,18.25,True,censored_horizon,0.22580645161290322,,,9.0,9.0,9.0,9.0,9.0,9.0,-9.0,-9.0,-9.0,120.0
riz_9a70c9aaeceb100d405c30a38077da50,146,20121211,662,north,minute_ignition,True,False,6.254861111111111,2687.0,2673.75,2690.75,13.25,4.0,71,10.75,17.0,13.5,False,a_first,0.2318840579710145,0.0,-0.2318840579710145,-4.0,-4.0,-4.0,-4.0,-4.0,-4.0,4.0,4.0,4.0,11.0
riz_c53cbbb86dc3894ef0e57309a0deb0b3,136,20121211,728,north,minute_ignition,False,False,8.05625,2686.5,2690.0,2696.5,-3.5,10.25,55,-3.75,6.5,-3.25,True,b_at_entry,,,,,,,,,,,,,
riz_75a64fe60480b9c46a4c87cc298ccb16,157,20121211,739,north,minute_ignition,True,False,8.040972222222223,2689.25,2688.5,2696.5,0.75,7.5,98,0.75,8.0,1.0,True,b_first,0.9090909090909091,1.0,0.09090909090909094,0.75,0.75,0.75,0.75,0.75,0.75,-0.75,-0.75,-0.75,2.0
riz_dbaf27a9a9d4393400ae40897e8e22aa,121,20121212,850,north,minute_ignition,True,False,0.27847222222222223,2691.0,2689.0,2693.5,2.0,2.75,83,1.75,4.5,2.0,True,b_first,0.5789473684210527,1.0,0.42105263157894735,2.0,2.0,2.0,2.0,2.0,2.0,-2.0,-2.0,-2.0,16.0
riz_c05c9e97e3c95e5cf650ca3643f24449,160,20121212,920,north,minute_ignition,False,False,0.23125,2678.0,2691.0,2693.5,-13.0,15.75,147,-14.75,2.5,-12.75,True,b_at_entry,,,,,,,,,,,,,
riz_1d352892c1b6b1de78fc9dd0f1a3d878,189,20121214,585,south,minute_ignition,False,False,4.121527777777778,2638.25,2631.75,2623.0,-6.5,15.5,14,-7.25,8.75,-6.5,True,b_at_entry,,,,,,,,,,,,,
riz_5822570b9afb9932599a0b1e413f21e6,207,20121214,675,south,minute_ignition,False,False,4.072222222222222,2630.25,2630.25,2623.0,-0.0,7.5,103,-4.75,7.25,-0.25,True,b_at_entry,,,,,,,,,,,,,
riz_88e3d4e900429f7888d37fffcdfb35f8,153,20121217,711,north,minute_ignition,True,False,3.525,2649.0,2645.5,2649.5,3.5,0.75,10,-0.25,4.0,3.25,False,a_first,0.17647058823529413,0.0,-0.17647058823529413,-0.75,-0.75,-0.75,-0.75,-0.75,-0.75,0.75,0.75,0.75,1.0
riz_6f99ecacf4cd5722a72325872f40f91b,157,20121220,582,south,minute_ignition,True,False,0.5430555555555555,2685.0,2691.0,2682.25,6.0,3.0,4,3.25,8.75,6.0,False,a_first,0.3333333333333333,0.0,-0.3333333333333333,-3.0,-3.0,-3.0,-3.0,-3.0,-3.0,3.0,3.0,3.0,2.0
riz_1261d0a2ae3491c4eae38d6826a8dc3c,123,20121220,870,north,minute_ignition,False,False,0.3326388888888889,2691.0,2691.75,2693.75,-0.75,3.0,13,-1.75,2.0,-0.75,True,b_at_entry,,,,,,,,,,,,,
riz_551160a91ed5450115a204f9a2c7a170,142,20121220,918,north,minute_ignition,False,False,0.27361111111111114,2689.0,2693.75,2696.5,-4.75,7.75,32,-5.5,2.75,-5.0,True,b_at_entry,,,,,,,,,,,,,
riz_67b8d08a3160ea3bc8c22176f02bb562,148,20121221,676,north,minute_ignition,False,False,3.577777777777778,2653.0,2662.25,2663.75,-9.25,11.0,56,-9.25,1.5,-9.0,True,b_at_entry,,,,,,,,,,,,,
riz_7739dd63e38c8a32fb8446800f2f8343,211,20121226,695,south,minute_ignition,False,False,9.14375,2627.75,2624.0,2622.0,-3.75,6.0,4,-5.0,2.0,-4.0,True,b_at_entry,,,,,,,,,,,,,
riz_4cbc0fc050548f5dfb4c4fc1a0faa776,212,20121226,700,south,minute_ignition,True,False,9.140277777777778,2625.0,2627.5,2622.0,2.5,3.25,10,1.5,5.5,2.5,True,b_first,0.5652173913043478,1.0,0.4347826086956522,2.5,2.5,2.5,2.5,2.5,2.5,-2.5,-2.5,-2.5,1.0
riz_d26cf2ef9caf262f1cb8245f5df7033e,129,20121226,930,north,minute_ignition,True,False,9.029861111111112,2636.75,2636.0,2640.75,0.75,4.25,86,-0.25,4.75,0.75,True,b_first,0.85,1.0,0.15000000000000002,0.75,0.75,0.75,0.75,0.75,0.75,-0.75,-0.75,-0.75,1.0
riz_97e2b1aa346d1904aa5f51072be1361b,145,20121227,945,north,minute_ignition,True,False,0.3,2634.75,2633.0,2634.75,1.75,0.25,3,1.0,1.75,1.5,True,same_minute,0.125,,,,-0.25,1.75,,-0.25,1.75,,-1.75,0.25,1.0
riz_366de759135a0802f09c6fb26d54656a,147,20121231,669,north,minute_ignition,True,False,2.847916666666667,2618.25,2615.25,2628.0,3.0,10.0,72,2.75,12.75,3.25,True,b_first,0.7692307692307693,1.0,0.23076923076923073,3.0,3.0,3.0,3.0,3.0,3.0,-3.0,-3.0,-3.0,18.0
riz_66a8c0338e81fa52b43e110c078f11c7,223,20130104,755,south,minute_ignition,False,False,0.3388888888888889,2725.75,2725.75,2711.25,-0.0,14.75,181,-3.0,14.5,-0.0,True,b_at_entry,,,,,,,,,,,,,
riz_45459ef5846d32a80c01b6d6b1cb2fcd,235,20130107,580,south,minute_ignition,False,False,18.693055555555556,2703.25,2703.25,2702.5,-0.0,1.0,2,-0.25,0.75,-0.0,True,b_at_entry,,,,,,,,,,,,,
riz_f6d472e45ff78a7c40a5624f8b7d3431,120,20130108,600,south,minute_ignition,False,False,0.24930555555555556,2712.25,2712.5,2711.0,0.25,1.5,1,-0.5,1.5,-0.0,True,same_minute,0.8571428571428571,,,,-1.5,0.25,,-1.5,0.25,,-0.25,1.5,1.0
riz_02e6068b2a0071baebe331fd3c3aeed8,128,20130108,920,north,minute_ignition,False,False,0.2625,2712.75,2713.75,2714.25,-1.0,1.75,6,-1.0,0.5,-0.75,True,b_at_entry,,,,,,,,,,,,,
riz_faf518a2fd7a35b591222f37c959baac,120,20130118,720,south,minute_ignition,True,False,1.3854166666666667,2723.5,2724.0,2722.5,0.5,1.25,45,0.25,1.5,0.5,True,b_first,0.7142857142857143,1.0,0.2857142857142857,0.5,0.5,0.5,0.5,0.5,0.5,-0.5,-0.5,-0.5,1.0
riz_b2eee23fee6f3fcef4b2df2a417de7eb,131,20130124,688,north,minute_ignition,True,False,1.7055555555555555,2742.0,2732.5,2742.5,9.5,0.75,92,9.25,10.0,9.5,True,a_first,0.07317073170731707,0.0,-0.07317073170731707,-0.75,-0.75,-0.75,-0.75,-0.75,-0.75,0.75,0.75,0.75,3.0
riz_b274f14a252dac88e1e042bae1d6ac19,132,20130124,696,north,minute_ignition,True,False,1.7069444444444444,2740.0,2734.0,2743.0,6.0,3.25,98,5.25,9.0,6.25,True,b_first,0.35135135135135137,1.0,0.6486486486486487,6.0,6.0,6.0,6.0,6.0,6.0,-6.0,-6.0,-6.0,43.0
riz_80fbeaa18d7183794867128f660db890,122,20130129,738,north,minute_ignition,False,False,0.47152777777777777,2736.25,2736.5,2740.5,-0.25,4.5,53,-0.5,4.0,-0.25,True,b_at_entry,,,,,,,,,,,,,
riz_a20c2542c8efb636c99ab1b5d73a9a1e,138,20130205,882,north,minute_ignition,True,False,1.3680555555555556,2755.0,2754.5,2755.5,0.5,0.75,22,0.0,1.0,0.25,True,b_first,0.6,1.0,0.4,0.5,0.5,0.5,0.5,0.5,0.5,-0.5,-0.5,-0.5,1.0
riz_2c7d91d9ee73144800368018034d0639,179,20130225,714,south,minute_ignition,True,False,4.617361111111111,2737.25,2741.0,2735.0,3.75,2.5,6,3.75,6.0,4.0,True,a_first,0.4,0.0,-0.4,-2.5,-2.5,-2.5,-2.5,-2.5,-2.5,2.5,2.5,2.5,3.0
riz_60940acd41929a57780e683ab0ee1c52,188,20130225,768,south,minute_ignition,False,False,0.4875,2742.0,2735.0,2731.25,-7.0,11.0,51,-7.5,3.75,-7.0,True,b_at_entry,,,,,,,,,,,,,
riz_3afd152934517af79a2b25c82b82586d,122,20130226,616,north,minute_ignition,False,False,4.709722222222222,2706.5,2714.0,2718.25,-7.5,12.0,14,-10.0,4.25,-7.5,True,b_at_entry,,,,,,,,,,,,,
riz_b51d3f49d28b1642ae38b525f06fc4f9,172,20130227,672,north,minute_ignition,True,False,2.217361111111111,2740.75,2734.75,2741.5,6.0,1.0,31,5.5,6.75,6.0,True,a_first,0.14285714285714285,0.0,-0.14285714285714285,-1.0,-1.0,-1.0,-1.0,-1.0,-1.0,1.0,1.0,1.0,2.0
riz_f2d2d8016c56c9c83727423133556fc7,207,20130227,675,north,minute_ignition,False,False,2.1430555555555557,2742.0,2742.0,2743.25,0.0,1.5,1,-0.5,1.25,0.0,True,b_at_entry,,,,,,,,,,,,,
riz_106f5451ed6846eb6dde07d0b0f67ab7,148,20130227,676,north,minute_ignition,True,False,2.202777777777778,2742.25,2740.0,2743.25,2.25,1.25,4,1.5,3.25,2.25,True,a_first,0.35714285714285715,0.0,-0.35714285714285715,-1.25,-1.25,-1.25,-1.25,-1.25,-1.25,1.25,1.25,1.25,5.0
riz_1605e2251dfaa4676beaed7519359eb2,173,20130227,678,north,minute_ignition,True,False,2.2152777777777777,2741.25,2736.0,2743.25,5.25,2.25,36,5.0,7.25,5.5,True,a_first,0.3,0.0,-0.3,-2.25,-2.25,-2.25,-2.25,-2.25,-2.25,2.25,2.25,2.25,3.0
riz_695c1ee6cc4c90eddd0aa98428b1f944,120,20130227,720,north,minute_ignition,True,False,4.769444444444445,2740.25,2728.0,2745.0,12.25,5.0,92,11.5,17.0,12.25,True,a_first,0.2898550724637681,0.0,-0.2898550724637681,-5.0,-5.0,-5.0,-5.0,-5.0,-5.0,5.0,5.0,5.0,22.0
riz_ce8389f93c31de51274f01a0b37f4782,184,20130227,744,north,minute_ignition,True,False,4.7347222222222225,2748.25,2730.0,2751.0,18.25,3.0,106,18.25,21.0,18.5,True,censored_horizon,0.1411764705882353,,,-0.0,-0.0,-0.0,-0.0,-0.0,-0.0,0.0,0.0,0.0,120.0
riz_2e8c7aef0ae6b11773045a77b4d555b4,167,20130227,809,north,minute_ignition,False,False,2.0701388888888888,2743.0,2748.0,2751.0,-5.0,8.25,66,-6.0,3.0,-5.0,True,b_at_entry,,,,,,,,,,,,,
riz_dff0cfd6e3dc5db178bc597ee09caff9,141,20130227,909,north,minute_ignition,True,False,2.1798611111111112,2753.25,2752.75,2757.75,0.5,4.75,23,-0.75,5.0,0.5,True,b_first,0.9047619047619048,1.0,0.09523809523809523,0.5,0.5,0.5,0.5,0.5,0.5,-0.5,-0.5,-0.5,1.0
riz_4f63aafb9174b81e66a8cb072df1ec1d,205,20130301,665,north,minute_ignition,False,False,0.8555555555555555,2745.0,2747.25,2748.5,-2.25,3.75,3,-3.0,1.25,-2.25,True,b_at_entry,,,,,,,,,,,,,
riz_490b0472ec5253565c58f5055e313578,216,20130312,720,south,minute_ignition,True,False,1.0965277777777778,2791.75,2794.5,2782.75,2.75,9.25,77,2.25,11.75,3.0,True,b_first,0.7708333333333334,1.0,0.22916666666666663,2.75,2.75,2.75,2.75,2.75,2.75,-2.75,-2.75,-2.75,57.0
riz_6e5d2c294e0a8bd09150a114c34d241e,219,20130312,735,south,minute_ignition,True,False,1.1041666666666667,2789.75,2793.0,2782.75,3.25,7.25,69,1.75,10.25,3.25,True,b_first,0.6904761904761905,1.0,0.30952380952380953,3.25,3.25,3.25,3.25,3.25,3.25,-3.25,-3.25,-3.25,41.0
riz_8987206b375800d3de06bce2d244c646,196,20130318,620,north,minute_ignition,True,False,25.821527777777778,2781.5,2780.25,2782.25,1.25,1.0,1,0.5,2.0,1.25,False,a_first,0.4444444444444444,0.0,-0.4444444444444444,-1.0,-1.0,-1.0,-1.0,-1.0,-1.0,1.0,1.0,1.0,3.0
riz_008d60077c29f9d2abaccbdd368337df,202,20130318,650,north,minute_ignition,True,False,25.785416666666666,2783.0,2777.25,2786.25,5.75,3.5,47,4.5,9.0,5.5,True,a_first,0.3783783783783784,0.0,-0.3783783783783784,-3.5,-3.5,-3.5,-3.5,-3.5,-3.5,3.5,3.5,3.5,59.0
riz_c94eb7c58371046404d00c2f1ec915c8,193,20130318,798,north,minute_ignition,True,False,25.84027777777778,2792.75,2782.25,2796.25,10.5,3.75,170,8.5,14.0,10.5,True,a_first,0.2631578947368421,0.0,-0.2631578947368421,-3.75,-3.75,-3.75,-3.75,-3.75,-3.75,3.75,3.75,3.75,85.0
riz_bc0962433a26551a5d0ed09688c5a622,220,20130325,740,south,minute_ignition,True,False,4.55625,2782.0,2788.25,2776.5,6.25,5.75,79,2.25,11.75,6.25,True,a_first,0.4791666666666667,0.0,-0.4791666666666667,-5.75,-5.75,-5.75,-5.75,-5.75,-5.75,5.75,5.75,5.75,35.0
riz_37fa2c4972b2fdb9723305d1bdc5c5c6,194,20130325,804,south,minute_ignition,True,False,2.738888888888889,2778.25,2794.25,2771.0,16.0,7.5,160,14.25,23.25,16.25,False,censored_horizon,0.3191489361702128,,,-2.5,-2.5,-2.5,-2.5,-2.5,-2.5,2.5,2.5,2.5,120.0
riz_aa5fb2769a4b885bbcec9f3c05347a16,123,20130327,870,north,minute_ignition,True,False,0.8784722222222222,2802.5,2800.5,2803.0,2.0,0.75,25,1.5,2.5,2.0,True,a_first,0.2727272727272727,0.0,-0.2727272727272727,-0.75,-0.75,-0.75,-0.75,-0.75,-0.75,0.75,0.75,0.75,1.0
riz_b327d151a7a9b5c4344e1d837541ebfa,149,20130328,683,south,minute_ignition,False,False,0.4479166666666667,2806.5,2800.0,2798.25,-6.5,8.5,100,-6.75,1.75,-6.25,True,b_at_entry,,,,,,,,,,,,,
riz_da2e4320a11d1f6697b894760a48f3db,236,20130401,820,south,minute_ignition,False,False,4.379166666666666,2799.0,2796.25,2791.75,-2.75,7.5,163,-3.25,4.5,-3.0,True,b_at_entry,,,,,,,,,,,,,
riz_852b1b79273e346575688537d4c5ea9b,237,20130401,825,south,minute_ignition,False,False,4.379861111111111,2796.75,2794.75,2791.75,-2.0,5.25,164,-3.75,3.0,-2.0,True,b_at_entry,,,,,,,,,,,,,
riz_56a7ed837d601f15583bfc08d7b1c5d2,158,20130402,588,north,minute_ignition,True,False,0.99375,2813.0,2811.25,2814.5,1.75,1.75,9,1.75,3.25,2.0,True,a_first,0.5,0.0,-0.5,-1.75,-1.75,-1.75,-1.75,-1.75,-1.75,1.75,1.75,1.75,4.0
riz_107d0a3656256df275005f17f05db00a,154,20130402,718,north,minute_ignition,True,False,1.0118055555555556,2818.75,2811.5,2823.0,7.25,4.5,137,6.75,11.5,7.0,True,censored_horizon,0.3829787234042553,,,-0.25,-0.25,-0.25,-0.25,-0.25,-0.25,0.25,0.25,0.25,120.0
riz_91c4c0855b4c52943136edffd670360a,161,20130403,767,south,minute_ignition,True,False,1.8763888888888889,2797.5,2800.5,2796.5,3.0,1.25,17,2.75,4.0,3.0,True,a_first,0.29411764705882354,0.0,-0.29411764705882354,-1.25,-1.25,-1.25,-1.25,-1.25,-1.25,1.25,1.25,1.25,1.0
riz_4870f2f3578a7336f22c7120847cac45,197,20130403,822,south,minute_ignition,True,False,1.8229166666666667,2787.25,2799.0,2786.0,11.75,1.5,58,10.75,13.0,11.75,False,a_first,0.11320754716981132,0.0,-0.11320754716981132,-1.5,-1.5,-1.5,-1.5,-1.5,-1.5,1.5,1.5,1.5,1.0
riz_5896e01caa921d9f2cbcbbbf57e0917f,198,20130403,828,south,minute_ignition,True,False,1.825,2787.25,2796.5,2784.75,9.25,2.75,60,9.0,11.75,9.25,True,a_first,0.22916666666666666,0.0,-0.22916666666666666,-2.75,-2.75,-2.75,-2.75,-2.75,-2.75,2.75,2.75,2.75,7.0
riz_1d16b1c3b4fca2ae96efadb691d8241d,141,20130408,909,north,minute_ignition,True,False,0.23819444444444443,2770.5,2768.5,2774.5,2.0,4.25,80,1.25,6.0,1.75,True,a_first,0.68,0.0,-0.68,-4.25,-4.25,-4.25,-4.25,-4.25,-4.25,4.25,4.25,4.25,33.0
riz_ed9d0c31e7f08b48091a8aea13c89663,144,20130408,936,north,minute_ignition,True,False,0.23333333333333334,2773.5,2769.75,2774.5,3.75,1.25,96,3.0,4.75,3.5,True,a_first,0.25,0.0,-0.25,-1.25,-1.25,-1.25,-1.25,-1.25,-1.25,1.25,1.25,1.25,6.0
riz_ede699612714e9f8da55a608d48fd91f,130,20130409,680,south,minute_ignition,True,False,4.476388888888889,2774.0,2782.5,2773.0,8.5,1.25,94,8.0,9.5,8.25,True,b_first,0.1282051282051282,1.0,0.8717948717948718,8.5,8.5,8.5,8.5,8.5,8.5,-8.5,-8.5,-8.5,22.0
riz_9f0195e1d8bad4574d83d60b4c37c49b,178,20130409,708,south,minute_ignition,False,False,4.104166666666667,2782.75,2775.25,2773.0,-7.5,10.0,28,-8.5,2.25,-7.5,True,b_at_entry,,,,,,,,,,,,,
riz_2139890cea66e1eb9d5831cbe8dc2b9a,166,20130409,802,north,minute_ignition,True,False,5.227777777777778,2799.25,2795.5,2799.5,3.75,0.5,4,1.25,4.0,3.5,False,a_first,0.11764705882352941,0.0,-0.11764705882352941,-0.5,-0.5,-0.5,-0.5,-0.5,-0.5,0.5,0.5,0.5,3.0
riz_40676a12b46aaa377396c4942eb2a5bf,167,20130409,809,north,minute_ignition,True,False,7.113888888888889,2804.75,2802.5,2805.75,2.25,1.25,3,2.0,3.25,2.25,True,a_first,0.35714285714285715,0.0,-0.35714285714285715,-1.25,-1.25,-1.25,-1.25,-1.25,-1.25,1.25,1.25,1.25,7.0
riz_0dcf50e8bac32ee5273f94c30e61aa75,194,20130410,610,north,minute_ignition,True,False,186.99791666666667,2833.75,2826.75,2833.75,7.0,0.25,3,6.5,7.0,6.75,True,a_first,0.034482758620689655,0.0,-0.034482758620689655,-0.25,-0.25,-0.25,-0.25,-0.25,-0.25,0.25,0.25,0.25,1.0
riz_1ea35475a02d4608edb690ef8e7ce70e,162,20130410,612,north,minute_ignition,True,False,186.99791666666667,2832.25,2828.25,2834.5,4.0,2.5,3,2.75,6.25,4.25,False,a_first,0.38461538461538464,0.0,-0.38461538461538464,-2.5,-2.5,-2.5,-2.5,-2.5,-2.5,2.5,2.5,2.5,4.0
riz_f3d8cad5f702e8b6f3263c4eacf78df8,125,20130410,640,north,minute_ignition,True,False,186.97916666666666,2835.75,2830.0,2837.75,5.75,2.25,30,2.5,7.75,6.0,False,a_first,0.28125,0.0,-0.28125,-2.25,-2.25,-2.25,-2.25,-2.25,-2.25,2.25,2.25,2.25,2.0
riz_920eccd0cbe9433c42ee1429d49c5ee7,154,20130415,718,south,minute_ignition,True,False,191.89236111111111,2824.0,2824.75,2822.5,0.75,1.75,1,0.5,2.25,0.75,True,a_first,0.7,0.0,-0.7,-1.75,-1.75,-1.75,-1.75,-1.75,-1.75,1.75,1.75,1.75,1.0
riz_18e524abc032c4598a9fd7dde02a2b5f,162,20130415,774,south,minute_ignition,True,False,11.995138888888889,2811.5,2813.25,2810.5,1.75,1.25,7,0.5,2.75,2.0,True,a_first,0.4166666666666667,0.0,-0.4166666666666667,-1.25,-1.25,-1.25,-1.25,-1.25,-1.25,1.25,1.25,1.25,1.0
riz_61421ffced3bf2d231f182998a8aff61,127,20130415,783,south,minute_ignition,False,False,11.989583333333334,2812.75,2811.5,2807.75,-1.25,5.25,15,-1.5,3.75,-1.25,True,b_at_entry,,,,,,,,,,,,,
riz_e1f2f59692c14fbc713a0a8af3b5acbf,158,20130416,588,north,minute_ignition,False,False,5.884722222222222,2809.0,2814.0,2815.0,-5.0,6.25,8,-5.5,1.0,-5.25,True,b_at_entry,,,,,,,,,,,,,
riz_b8f356722c796c354d809872c40a63ea,137,20130417,736,south,native_confirmation,True,False,9.0,2762.25,2763.75,2762.0,1.5,0.5,0,-0.0,1.75,1.25,False,b_first,0.25,1.0,0.75,1.5,1.5,1.5,1.5,1.5,1.5,-1.5,-1.5,-1.5,1.0
riz_d63738d0bc08ba3b20e482d167c49df7,138,20130417,744,south,minute_ignition,True,False,8.99236111111111,2764.5,2766.5,2761.0,2.0,3.75,11,0.75,5.5,1.75,True,b_first,0.6521739130434783,1.0,0.34782608695652173,2.0,2.0,2.0,2.0,2.0,2.0,-2.0,-2.0,-2.0,1.0
riz_42d0ced682ffe4f867e94601b1a71a30,142,20130417,776,south,minute_ignition,False,False,8.981944444444444,2765.5,2761.5,2758.25,-4.0,7.5,26,-4.25,3.25,-4.0,True,b_at_entry,,,,,,,,,,,,,
riz_4be8a497d881a1771b6b358e1a6116b4,120,20130423,840,south,minute_ignition,False,False,6.298611111111111,2831.0,2814.75,2803.25,-16.25,28.0,50,-25.25,11.5,-16.25,True,b_at_entry,,,,,,,,,,,,,
riz_bca9efb397eee4f14bb8dafc0320c9db,156,20130429,576,north,minute_ignition,False,False,3.7819444444444446,2844.0,2845.25,2847.5,-1.25,3.75,2,-1.75,2.25,-1.25,True,b_at_entry,,,,,,,,,,,,,
riz_48f60aa064b42c676b17390251a2e64e,136,20130429,728,north,minute_ignition,True,False,219.9284722222222,2866.0,2863.25,2868.75,2.75,3.0,103,1.5,5.5,3.0,True,a_first,0.5217391304347826,0.0,-0.5217391304347826,-3.0,-3.0,-3.0,-3.0,-3.0,-3.0,3.0,3.0,3.0,16.0
riz_7ccc50a592ff8e931c6cf29785842072,195,20130507,615,south,minute_ignition,True,False,0.4027777777777778,2944.25,2947.0,2941.5,2.75,3.0,5,2.5,5.5,2.75,True,a_first,0.5217391304347826,0.0,-0.5217391304347826,-3.0,-3.0,-3.0,-3.0,-3.0,-3.0,3.0,3.0,3.0,1.0
riz_d0fb2accd312c27cff35d3323096f2c6,142,20130507,634,south,minute_ignition,False,False,1.0881944444444445,2944.75,2940.0,2937.25,-4.75,7.75,15,-5.75,2.75,-4.75,True,b_at_entry,,,,,,,,,,,,,
riz_e3e9f8c28128a3a9da42ada5cb1ddcf2,157,20130509,582,north,minute_ignition,True,False,0.32569444444444445,2963.25,2962.25,2964.75,1.0,1.75,2,0.0,2.5,1.0,False,b_first,0.6363636363636364,1.0,0.36363636363636365,1.0,1.0,1.0,1.0,1.0,1.0,-1.0,-1.0,-1.0,2.0
riz_a7be3c2c6c2a01a1c122566bb2cb7fde,189,20130514,585,north,minute_ignition,True,False,0.3861111111111111,2986.5,2984.75,2987.5,1.75,1.25,11,1.0,2.75,1.5,True,a_first,0.4166666666666667,0.0,-0.4166666666666667,-1.25,-1.25,-1.25,-1.25,-1.25,-1.25,1.25,1.25,1.25,1.0
riz_4bfc2501a3e551a1018e2925590229ba,134,20130530,846,north,minute_ignition,True,False,2.075,3023.0,3022.5,3025.25,0.5,2.5,26,0.0,2.75,0.75,True,b_first,0.8333333333333334,1.0,0.16666666666666663,0.5,0.5,0.5,0.5,0.5,0.5,-0.5,-0.5,-0.5,1.0
riz_3b8c191f410ca8464cc0b582abbe82a6,156,20130531,576,north,minute_ignition,True,False,0.8909722222222223,3002.75,3002.0,3004.0,0.75,1.5,1,-0.5,2.0,0.5,True,same_minute,0.6666666666666666,,,,-1.5,0.75,,-1.5,0.75,,-0.75,1.5,1.0
riz_c8fc15b2236b2a318aae54af00903e08,157,20130531,582,north,minute_ignition,True,False,0.8881944444444444,3006.25,3004.75,3008.75,1.5,2.75,4,-0.25,4.0,1.25,True,a_first,0.6470588235294118,0.0,-0.6470588235294118,-2.75,-2.75,-2.75,-2.75,-2.75,-2.75,2.75,2.75,2.75,1.0
riz_8506eec767a8d67032faad5b24f0f40d,144,20130531,792,north,minute_ignition,True,False,0.8145833333333333,3017.75,3016.25,3022.75,1.5,5.25,123,1.0,6.5,1.5,True,b_first,0.7777777777777778,1.0,0.2222222222222222,1.5,1.5,1.5,1.5,1.5,1.5,-1.5,-1.5,-1.5,6.0
riz_9df913f128ecfea5080538539df8b76e,203,20130604,655,north,minute_ignition,False,False,3.84375,2997.5,3006.0,3007.0,-8.5,9.75,22,-8.75,1.0,-8.5,True,b_at_entry,,,,,,,,,,,,,
riz_08ab0f2f2385b5d8bd12b498b1385c4a,207,20130604,675,north,minute_ignition,False,False,3.801388888888889,2995.75,3001.5,3007.0,-5.75,11.5,79,-6.25,5.5,-5.75,True,b_at_entry,,,,,,,,,,,,,
riz_9bd37c563b38dfc351b3ce1486883506,177,20130604,702,north,minute_ignition,False,False,3.8041666666666667,2997.5,3003.0,3007.0,-5.5,9.75,105,-5.75,4.0,-5.25,True,b_at_entry,,,,,,,,,,,,,
riz_2abfaf694aa15674611f73178a1486ae,199,20130604,834,south,minute_ignition,False,False,0.9951388888888889,2972.75,2972.25,2968.0,-0.5,5.0,7,-1.0,4.25,-0.5,True,b_at_entry,,,,,,,,,,,,,
riz_b3c7d5a17acb50c130297d6753fba44a,200,20130604,840,south,minute_ignition,False,False,0.9916666666666667,2972.25,2971.0,2968.0,-1.25,4.5,12,-1.75,3.0,-1.25,True,b_at_entry,,,,,,,,,,,,,
riz_b46257b5d107c99686a43340e69e0ded,135,20130604,855,south,minute_ignition,True,False,0.975,2963.75,2974.25,2961.0,10.5,3.0,36,10.25,13.25,10.5,True,b_first,0.2222222222222222,1.0,0.7777777777777778,10.5,10.5,10.5,10.5,10.5,10.5,-10.5,-10.5,-10.5,37.0
riz_e0c5830313f5da9710a350de6857dd5a,126,20130611,648,north,minute_ignition,True,False,3.901388888888889,2974.0,2972.75,2975.75,1.25,2.0,16,-0.25,3.0,1.0,True,a_first,0.6153846153846154,0.0,-0.6153846153846154,-2.0,-2.0,-2.0,-2.0,-2.0,-2.0,2.0,2.0,2.0,3.0
riz_6ac29fb1b18d8ee424cff2c60862f2e5,134,20130612,846,south,minute_ignition,False,False,5.925,2939.5,2934.25,2931.25,-5.25,8.5,108,-6.5,3.0,-5.25,True,b_at_entry,,,,,,,,,,,,,
riz_3fc8a61a50adc6d8f8f3ae89bc6bf17f,152,20130612,856,south,minute_ignition,True,False,5.915277777777778,2930.75,2937.25,2930.25,6.5,0.75,122,5.0,7.0,6.5,True,a_first,0.10344827586206896,0.0,-0.10344827586206896,-0.75,-0.75,-0.75,-0.75,-0.75,-0.75,0.75,0.75,0.75,18.0
riz_f1983be9666f721752bdb49745ef533c,130,20130614,680,south,minute_ignition,True,False,1.8,2942.75,2945.5,2939.5,2.75,3.5,28,1.75,6.0,2.5,True,b_first,0.56,1.0,0.43999999999999995,2.75,2.75,2.75,2.75,2.75,2.75,-2.75,-2.75,-2.75,5.0
riz_7149071ee80dbd7ef4513642054ade7d,132,20130614,696,south,minute_ignition,False,False,1.792361111111111,2943.25,2942.75,2939.5,-0.5,4.0,35,-3.0,3.25,-0.75,True,b_at_entry,,,,,,,,,,,,,
riz_994c36ca159c6ba48ff92dfffa3ae4f0,129,20130617,930,south,minute_ignition,False,False,3.0659722222222223,2960.75,2951.75,2951.25,-9.0,9.75,34,-9.25,0.5,-9.0,True,b_at_entry,,,,,,,,,,,,,
riz_d51b32d5487e9fea5d020cfda2d2bbb7,167,20130620,642,south,minute_ignition,True,False,7.457638888888889,2913.5,2916.0,2911.0,2.5,2.75,12,2.0,5.0,2.75,True,b_first,0.5238095238095238,1.0,0.47619047619047616,2.5,2.5,2.5,2.5,2.5,2.5,-2.5,-2.5,-2.5,2.0
riz_bf40937d1a8d96b3348ddedbe467ec32,144,20130620,936,south,minute_ignition,True,False,50.09861111111111,2879.25,2881.25,2878.0,2.0,1.5,2,-0.5,3.25,2.0,False,a_first,0.42857142857142855,0.0,-0.42857142857142855,-1.5,-1.5,-1.5,-1.5,-1.5,-1.5,1.5,1.5,1.5,1.0
riz_5547735ae54f4ab2f62c2f4b8b1364b8,156,20130624,888,north,minute_ignition,True,False,56.06388888888889,2859.75,2842.5,2863.25,17.25,3.75,64,16.75,20.75,17.25,True,a_first,0.17857142857142858,0.0,-0.17857142857142858,-3.75,-3.75,-3.75,-3.75,-3.75,-3.75,3.75,3.75,3.75,4.0
riz_b02e29faef19c234bd4719cf5c84f97a,157,20130624,896,north,minute_ignition,True,False,56.07013888888889,2858.75,2844.25,2863.75,14.5,5.25,56,14.0,19.5,14.5,True,b_first,0.26582278481012656,1.0,0.7341772151898734,14.5,14.5,14.5,14.5,14.5,14.5,-14.5,-14.5,-14.5,64.0
riz_5d3637bd3d68be173c917b22b9366fdb,123,20130625,624,south,minute_ignition,True,False,0.33819444444444446,2845.75,2846.75,2845.0,1.0,1.0,5,0.25,1.75,1.0,True,b_first,0.5,1.0,0.5,1.0,1.0,1.0,1.0,1.0,1.0,-1.0,-1.0,-1.0,1.0
riz_849f4b1213227caf8d91bbd4ba1abc6c,239,20130626,596,north,minute_ignition,False,False,5.149305555555555,2885.5,2889.25,2890.75,-3.75,5.5,24,-4.25,1.5,-3.75,True,b_at_entry,,,,,,,,,,,,,
riz_2849ef300235658e8da1b00885db3dc6,164,20130626,952,north,minute_ignition,False,False,5.319444444444445,2890.75,2891.5,2892.75,-0.75,2.25,32,-1.25,1.25,-0.75,True,b_at_entry,,,,,,,,,,,,,
riz_855a9a9d5367aa9b02f19daccc423baf,123,20130628,747,north,minute_ignition,False,False,0.3638888888888889,2901.0,2903.5,2914.75,-2.5,14.0,91,-4.75,11.25,-2.25,True,b_at_entry,,,,,,,,,,,,,
riz_04792a3e5ba42a1c83575105268ddc6b,209,20130708,685,south,minute_ignition,True,False,2.8541666666666665,2957.0,2957.5,2956.25,0.5,1.0,1,-0.0,1.25,0.75,False,a_first,0.6666666666666666,0.0,-0.6666666666666666,-1.0,-1.0,-1.0,-1.0,-1.0,-1.0,1.0,1.0,1.0,1.0
riz_406ffb0611e53200ae3d1c24431c1b49,167,20130708,809,south,minute_ignition,True,False,2.936111111111111,2952.25,2954.0,2948.75,1.75,3.75,92,1.5,5.25,1.75,True,b_first,0.6818181818181818,1.0,0.31818181818181823,1.75,1.75,1.75,1.75,1.75,1.75,-1.75,-1.75,-1.75,7.0
riz_cb457046953c029c54d0b28ca7ada931,128,20130709,664,south,minute_ignition,False,False,1.1208333333333333,2971.75,2965.75,2960.25,-6.0,11.75,82,-6.25,5.5,-6.0,True,b_at_entry,,,,,,,,,,,,,
riz_e533919f73f0caf3e4a03f4b2ed82998,127,20130717,783,south,minute_ignition,False,False,0.20833333333333334,3081.25,3073.5,3072.25,-7.75,9.25,81,-8.5,1.25,-8.0,True,b_at_entry,,,,,,,,,,,,,
riz_a42fc7a9839a4bf17983c565382ff4cc,224,20130718,760,south,minute_ignition,True,False,0.4638888888888889,3070.75,3072.25,3070.5,1.5,0.5,4,0.5,1.75,1.5,False,a_first,0.25,0.0,-0.25,-0.5,-0.5,-0.5,-0.5,-0.5,-0.5,0.5,0.5,0.5,3.0
riz_c7c692363d531ed8567da8969f8ce29f,178,20130722,708,south,minute_ignition,False,False,2.7993055555555557,3049.5,3039.75,3038.5,-9.75,11.25,111,-10.0,1.25,-9.75,True,b_at_entry,,,,,,,,,,,,,
riz_36504269740688224b3f0e6245850985,133,20130723,704,south,minute_ignition,False,False,3.8555555555555556,3037.0,3036.75,3030.75,-0.25,6.5,75,-2.0,6.0,-0.25,True,b_at_entry,,,,,,,,,,,,,
riz_ef2dcafef6dc35e3d4a0de30d7b41e5c,125,20130724,640,south,minute_ignition,True,False,0.7083333333333334,3040.0,3041.25,3031.5,1.25,8.75,40,0.5,9.75,1.25,True,b_first,0.875,1.0,0.125,1.25,1.25,1.25,1.25,1.25,1.25,-1.25,-1.25,-1.25,5.0
riz_b5881449fb1e41ed333047804840f04e,138,20130813,606,south,minute_ignition,True,False,1.1909722222222223,3109.75,3112.0,3109.25,2.25,0.75,1,1.75,2.75,2.0,False,a_first,0.25,0.0,-0.25,-0.75,-0.75,-0.75,-0.75,-0.75,-0.75,0.75,0.75,0.75,1.0
riz_c70711640d4663a8c135e4795cf979c1,139,20130813,613,south,minute_ignition,False,False,1.1881944444444446,3113.0,3110.25,3108.75,-2.75,4.5,7,-3.0,1.5,-2.75,True,b_at_entry,,,,,,,,,,,,,
riz_92e0a7ed263e525eb626ed08a43b52eb,123,20130813,624,south,minute_ignition,False,False,1.1659722222222222,3110.5,3106.5,3104.75,-4.0,6.0,7,-4.25,1.75,-3.75,True,b_at_entry,,,,,,,,,,,,,
riz_865f3bd8f5fe62fc38fe8953aaafa9a6,120,20130813,840,north,minute_ignition,True,False,0.43819444444444444,3134.5,3127.5,3139.75,7.0,5.5,89,5.25,12.25,6.75,False,a_first,0.44,0.0,-0.44,-5.5,-5.5,-5.5,-5.5,-5.5,-5.5,5.5,5.5,5.5,22.0
riz_64ee80c4da5d315c21f4fabba1299af2,157,20130813,896,north,minute_ignition,True,False,0.23958333333333334,3139.75,3131.25,3144.25,8.5,4.75,126,6.75,13.0,8.25,True,a_first,0.3584905660377358,0.0,-0.3584905660377358,-4.75,-4.75,-4.75,-4.75,-4.75,-4.75,4.75,4.75,4.75,6.0
riz_345021e990cea45cbe482a9b45d5d74c,135,20130814,720,south,minute_ignition,False,False,0.95,3131.0,3128.5,3124.0,-2.5,7.25,72,-5.5,4.5,-2.5,True,b_at_entry,,,,,,,,,,,,,
riz_ae12245d61bac33e29757cd252aea22b,121,20130814,729,south,minute_ignition,False,False,0.9465277777777777,3134.0,3124.5,3124.0,-9.5,10.25,77,-9.5,0.5,-9.25,True,b_at_entry,,,,,,,,,,,,,
riz_92a2de8f0197014499837c273d609f80,134,20130820,712,north,minute_ignition,True,False,0.8555555555555555,3093.75,3085.25,3095.5,8.5,2.0,74,8.25,10.25,8.5,True,a_first,0.19047619047619047,0.0,-0.19047619047619047,-2.0,-2.0,-2.0,-2.0,-2.0,-2.0,2.0,2.0,2.0,14.0
riz_a4481defb2ffda15323f02747421fad2,141,20130821,627,north,minute_ignition,True,False,0.7743055555555556,3086.0,3085.75,3090.25,0.25,4.5,43,-0.5,4.5,0.25,True,b_first,0.9473684210526315,1.0,0.052631578947368474,0.25,0.25,0.25,0.25,0.25,0.25,-0.25,-0.25,-0.25,1.0
riz_88b91da4bfd54b885b8fa206e5519ec7,143,20130826,927,south,minute_ignition,True,False,0.29444444444444445,3118.25,3121.75,3117.25,3.5,1.25,5,3.25,4.5,3.5,True,b_first,0.2631578947368421,1.0,0.736842105263158,3.5,3.5,3.5,3.5,3.5,3.5,-3.5,-3.5,-3.5,2.0
riz_ea443b9517a7e4e0caf3905bbf689d9d,144,20130826,936,south,minute_ignition,False,False,0.28958333333333336,3125.25,3124.0,3117.25,-1.25,8.25,15,-1.5,6.75,-1.25,True,b_at_entry,,,,,,,,,,,,,
riz_c268fd396accd1055e5ead964d595b43,234,20130827,810,south,minute_ignition,True,False,5.647916666666666,3065.75,3066.25,3063.0,0.5,3.0,3,-1.25,3.25,0.25,False,b_first,0.8571428571428571,1.0,0.1428571428571429,0.5,0.5,0.5,0.5,0.5,0.5,-0.5,-0.5,-0.5,2.0
riz_689977888b357e31247e107422e6b3de,147,20130827,816,south,minute_ignition,False,False,5.848611111111111,3069.0,3068.0,3063.0,-1.0,6.25,14,-1.75,5.0,-0.75,True,b_at_entry,,,,,,,,,,,,,
riz_4e18ba5f8771242bac7338908e9ee76c,120,20130827,840,south,minute_ignition,True,False,5.835416666666666,3068.5,3071.75,3063.0,3.25,5.75,57,2.75,8.75,3.5,True,a_first,0.6388888888888888,0.0,-0.6388888888888888,-5.75,-5.75,-5.75,-5.75,-5.75,-5.75,5.75,5.75,5.75,14.0
riz_bb59d6f245134e82d311f3c8dadffa11,184,20130828,744,north,minute_ignition,False,False,6.111805555555556,3076.0,3076.5,3077.5,-0.5,1.75,23,-0.75,1.0,-0.5,True,b_at_entry,,,,,,,,,,,,,
riz_0eb62a9db27c025e08141afadedd98c8,143,20130828,784,north,minute_ignition,True,False,5.991666666666666,3083.5,3082.0,3084.75,1.5,1.5,12,0.5,2.75,1.25,True,b_first,0.5,1.0,0.5,1.5,1.5,1.5,1.5,1.5,1.5,-1.5,-1.5,-1.5,8.0
riz_ccf7c0a5b7501108ea3327c3829210c8,134,20130903,578,north,minute_ignition,True,False,1.0888888888888888,3108.75,3103.75,3111.0,5.0,2.5,6,2.75,7.25,5.0,False,a_first,0.3333333333333333,0.0,-0.3333333333333333,-2.5,-2.5,-2.5,-2.5,-2.5,-2.5,2.5,2.5,2.5,3.0
riz_0c72d04ced7f6b9e6b9a4f2861e30073,229,20130903,785,south,minute_ignition,True,False,4.8381944444444445,3081.75,3084.25,3081.25,2.5,0.75,4,1.75,3.0,2.5,True,a_first,0.23076923076923078,0.0,-0.23076923076923078,-0.75,-0.75,-0.75,-0.75,-0.75,-0.75,0.75,0.75,0.75,1.0
riz_e5e412647824cafaaa9709203260e663,236,20130903,820,south,minute_ignition,False,False,4.975694444444445,3084.75,3083.0,3081.0,-1.75,4.0,35,-3.0,2.0,-1.75,True,b_at_entry,,,,,,,,,,,,,
riz_820f4ac01290172a06a9683cf1198a6f,195,20130906,615,south,minute_ignition,True,False,10.115972222222222,3110.75,3117.0,3096.5,6.25,14.5,28,3.0,20.5,6.5,False,b_first,0.6987951807228916,1.0,0.3012048192771084,6.25,6.25,6.25,6.25,6.25,6.25,-6.25,-6.25,-6.25,3.0
riz_b54abd7bcbcdfeb302c8c8c8ab2e2d53,173,20130906,678,south,minute_ignition,False,False,0.4173611111111111,3137.75,3127.0,3096.5,-10.75,41.5,93,-14.75,30.5,-10.5,True,b_at_entry,,,,,,,,,,,,,
riz_7e71ce5637a8eb6106680516eb172d55,149,20130917,683,north,minute_ignition,True,False,3.6930555555555555,3184.75,3173.5,3186.5,11.25,2.0,107,10.5,13.0,11.0,True,a_first,0.1509433962264151,0.0,-0.1509433962264151,-2.0,-2.0,-2.0,-2.0,-2.0,-2.0,2.0,2.0,2.0,97.0
riz_ad555c0e32aae26eefec83adc289ac5e,221,20130920,745,south,minute_ignition,True,False,0.4326388888888889,3223.75,3229.75,3223.0,6.0,1.0,43,4.75,6.75,6.0,False,a_first,0.14285714285714285,0.0,-0.14285714285714285,-1.0,-1.0,-1.0,-1.0,-1.0,-1.0,1.0,1.0,1.0,4.0
riz_bd1f53db4fb383f3620117f50439969c,148,20130923,676,south,minute_ignition,False,False,6.998611111111111,3203.25,3199.75,3198.0,-3.5,5.5,2,-4.0,1.75,-3.5,True,b_at_entry,,,,,,,,,,,,,
riz_89783e9ea25ec329b057c84141dc3416,121,20130923,729,south,minute_ignition,False,False,7.040972222222222,3205.5,3202.25,3198.0,-3.25,7.75,62,-4.25,4.25,-3.25,True,b_at_entry,,,,,,,,,,,,,
riz_7e3bc602a0a195bbe0c69991e6f7b042,205,20130924,665,south,minute_ignition,False,False,0.3923611111111111,3226.0,3208.0,3202.75,-18.0,23.5,50,-19.0,5.25,-18.0,True,b_at_entry,,,,,,,,,,,,,
riz_2804859d125e11e7d9152ec4e74c1558,139,20130926,613,north,minute_ignition,True,False,1.78125,3232.5,3221.25,3235.25,11.25,3.0,37,10.75,14.0,11.25,True,b_first,0.21052631578947367,1.0,0.7894736842105263,11.25,11.25,11.25,11.25,11.25,11.25,-11.25,-11.25,-11.25,38.0
riz_d0e8b8a03e9eb5412339267f913fc674,188,20131002,768,north,minute_ignition,False,False,0.6506944444444445,3244.25,3245.25,3246.5,-1.0,2.5,3,-2.0,1.25,-1.0,True,b_at_entry,,,,,,,,,,,,,
riz_d79e8c6b042f9ef4ee273882e0146441,120,20131003,720,south,minute_ignition,True,False,3.075,3192.25,3199.0,3190.5,6.75,2.0,12,6.0,8.5,6.5,True,a_first,0.22857142857142856,0.0,-0.22857142857142856,-2.0,-2.0,-2.0,-2.0,-2.0,-2.0,2.0,2.0,2.0,1.0
riz_fe12f45778fa8ca8f6a9f60d575fa1bb,190,20131007,590,north,minute_ignition,True,False,2.8645833333333335,3224.0,3216.5,3224.25,7.5,0.5,5,5.5,7.75,7.5,False,a_first,0.0625,0.0,-0.0625,-0.5,-0.5,-0.5,-0.5,-0.5,-0.5,0.5,0.5,0.5,1.0
riz_4b5feb797d89ef6b3946b80fa010f125,205,20131008,665,south,native_confirmation,True,False,21.75347222222222,3165.75,3166.25,3165.0,0.5,1.0,0,-0.0,1.25,0.5,False,b_first,0.6666666666666666,1.0,0.33333333333333337,0.5,0.5,0.5,0.5,0.5,0.5,-0.5,-0.5,-0.5,1.0
riz_3b7d6af57857b57838e2ea71d1c41026,171,20131008,666,south,minute_ignition,True,False,21.761111111111113,3167.5,3169.75,3165.0,2.25,2.75,3,0.75,4.75,2.25,False,b_first,0.55,1.0,0.44999999999999996,2.25,2.25,2.25,2.25,2.25,2.25,-2.25,-2.25,-2.25,2.0
riz_9064f2475cb490a4150f9a8ff8a86713,147,20131008,669,south,minute_ignition,True,False,21.788194444444443,3170.75,3172.75,3165.0,2.0,6.0,11,1.5,7.75,2.0,True,b_first,0.75,1.0,0.25,2.0,2.0,2.0,2.0,2.0,2.0,-2.0,-2.0,-2.0,2.0
riz_091f82bdbf6c49ebf4748e01e4daecc8,212,20131008,700,south,minute_ignition,True,False,21.775,3161.0,3164.75,3160.25,3.75,1.0,4,2.25,4.5,3.5,True,a_first,0.21052631578947367,0.0,-0.21052631578947367,-1.0,-1.0,-1.0,-1.0,-1.0,-1.0,1.0,1.0,1.0,2.0
riz_b511b76ba3f37fe3c055f3c65b6e9645,136,20131008,728,south,minute_ignition,True,False,21.766666666666666,3158.75,3168.0,3155.5,9.25,3.5,64,8.5,12.5,9.0,True,a_first,0.27450980392156865,0.0,-0.27450980392156865,-3.5,-3.5,-3.5,-3.5,-3.5,-3.5,3.5,3.5,3.5,11.0
riz_16204c301c36af49450ff4469c68a9a3,139,20131008,752,south,minute_ignition,True,False,21.833333333333332,3153.75,3177.5,3151.0,23.75,3.0,101,20.5,26.5,23.75,False,a_first,0.11214953271028037,0.0,-0.11214953271028037,-3.0,-3.0,-3.0,-3.0,-3.0,-3.0,3.0,3.0,3.0,2.0
riz_af78db057c6c73f5bea77b520c163d19,190,20131008,780,south,minute_ignition,True,False,21.777083333333334,3158.75,3163.5,3148.75,4.75,10.25,81,3.5,14.75,4.75,True,a_first,0.6833333333333333,0.0,-0.6833333333333333,-10.25,-10.25,-10.25,-10.25,-10.25,-10.25,10.25,10.25,10.25,70.0
riz_9991fb6c98fe7776af751f08d3bfe7eb,136,20131009,592,south,minute_ignition,False,False,32.700694444444444,3135.25,3135.0,3132.0,-0.25,3.5,3,-2.25,3.0,-0.25,True,b_at_entry,,,,,,,,,,,,,
riz_c5416d1060dc54ddfc0710391a1efb00,196,20131009,620,south,minute_ignition,True,False,0.6944444444444444,3132.25,3146.5,3125.0,14.25,7.5,40,13.75,21.5,14.5,True,a_first,0.3448275862068966,0.0,-0.3448275862068966,-7.5,-7.5,-7.5,-7.5,-7.5,-7.5,7.5,7.5,7.5,47.0
riz_236281fe0a91dbeb23786c855a527196,145,20131009,945,north,minute_ignition,True,False,30.406944444444445,3141.0,3139.5,3149.0,1.5,8.25,139,0.75,9.5,1.75,True,b_first,0.8461538461538461,1.0,0.15384615384615385,1.5,1.5,1.5,1.5,1.5,1.5,-1.5,-1.5,-1.5,1.0
riz_5eecaebe583b323206bd951e60733489,148,20131025,676,south,minute_ignition,True,False,0.3034722222222222,3373.0,3374.0,3370.25,1.0,3.0,7,-0.5,3.75,1.0,True,b_first,0.75,1.0,0.25,1.0,1.0,1.0,1.0,1.0,1.0,-1.0,-1.0,-1.0,1.0
riz_596c5627b32b2b897e3cb2e01891b477,157,20131025,739,south,minute_ignition,True,False,0.2791666666666667,3363.75,3372.5,3361.25,8.75,2.75,69,7.0,11.25,8.75,True,b_first,0.2391304347826087,1.0,0.7608695652173914,8.75,8.75,8.75,8.75,8.75,8.75,-8.75,-8.75,-8.75,57.0
riz_b193be548d73f7369107fffdd91b86e0,156,20131101,576,north,minute_ignition,True,False,0.7798611111111111,3386.25,3385.0,3386.5,1.25,0.5,5,1.0,1.5,1.25,True,same_minute,0.2857142857142857,,,,-0.5,1.25,,-0.5,1.25,,-1.25,0.5,1.0
riz_3b7d32cafb5f7fab0379448da05e6543,211,20131106,695,south,minute_ignition,False,False,1.1263888888888889,3380.0,3371.0,3370.25,-9.0,10.0,29,-9.0,0.75,-8.75,True,b_at_entry,,,,,,,,,,,,,
riz_33446b27c4aaf0b0a25da2ae5d550fac,151,20131106,697,south,minute_ignition,False,False,1.1847222222222222,3379.5,3373.5,3370.25,-6.0,9.5,36,-7.0,3.25,-5.75,True,b_at_entry,,,,,,,,,,,,,
riz_bede7a3c80c76b92fe4f396f3b1eb8f7,156,20131106,732,south,minute_ignition,False,False,1.1680555555555556,3380.0,3372.25,3370.25,-7.75,10.0,70,-8.5,2.0,-7.75,True,b_at_entry,,,,,,,,,,,,,
riz_1df3972b7a559ab8a04cb6f6951d633a,163,20131111,781,south,minute_ignition,False,False,3.8055555555555554,3360.25,3346.0,3345.5,-14.25,15.0,117,-14.5,0.5,-14.0,True,b_at_entry,,,,,,,,,,,,,
riz_199b19264d8c31d5e39f501f7d06e595,147,20131113,669,north,minute_ignition,True,False,0.7395833333333334,3363.0,3362.75,3366.75,0.25,4.0,24,-1.5,4.0,0.25,True,b_first,0.9411764705882353,1.0,0.05882352941176472,0.25,0.25,0.25,0.25,0.25,0.25,-0.25,-0.25,-0.25,1.0
riz_6948df451383fbe49badb638bbbe7e5a,142,20131118,918,south,minute_ignition,True,False,4.289583333333334,3385.5,3396.75,3380.25,11.25,5.5,9,9.5,16.5,11.25,False,censored_window,0.3283582089552239,,,1.5,1.5,1.5,1.5,1.5,1.5,-1.5,-1.5,-1.5,42.0
riz_05cd148e3462dffb503183ec350ad626,144,20131118,936,south,minute_ignition,True,False,4.281944444444444,3384.0,3394.75,3380.25,10.75,4.0,26,7.0,14.5,10.75,False,censored_window,0.2711864406779661,,,3.0,3.0,3.0,3.0,3.0,3.0,-3.0,-3.0,-3.0,24.0
riz_5e5d00615c994c0402616e333337af9e,124,20131119,632,north,minute_ignition,False,False,4.897916666666666,3392.25,3398.5,3400.5,-6.25,8.5,23,-7.5,2.0,-6.25,True,b_at_entry,,,,,,,,,,,,,
riz_aa83cff315c38680ee06d9ffaa76696d,161,20131120,928,south,minute_ignition,True,False,13.095833333333333,3366.5,3367.5,3358.5,1.0,8.25,23,-0.5,9.0,1.25,True,b_first,0.8918918918918919,1.0,0.10810810810810811,1.0,1.0,1.0,1.0,1.0,1.0,-1.0,-1.0,-1.0,2.0
riz_faf6b915a62279a8fda592e7545fab35,138,20131121,606,north,minute_ignition,True,False,0.88125,3390.5,3383.5,3394.75,7.0,4.5,33,5.25,11.25,7.0,True,a_first,0.391304347826087,0.0,-0.391304347826087,-4.5,-4.5,-4.5,-4.5,-4.5,-4.5,4.5,4.5,4.5,40.0
riz_87584e64debc7f2db8b017a7e3700430,126,20131121,648,north,minute_ignition,True,False,0.8611111111111112,3394.0,3386.25,3395.75,7.75,2.0,74,6.25,9.5,7.75,True,censored_horizon,0.20512820512820512,,,4.0,4.0,4.0,4.0,4.0,4.0,-4.0,-4.0,-4.0,120.0
riz_8f4e901841d9430d27bfeb5e119436ea,120,20131204,720,north,minute_ignition,True,False,0.16944444444444445,3483.25,3479.25,3494.0,4.0,11.0,116,3.5,14.75,4.0,True,b_first,0.7333333333333333,1.0,0.2666666666666667,4.0,4.0,4.0,4.0,4.0,4.0,-4.0,-4.0,-4.0,1.0
riz_2e65a87155a17a096948924276f69799,141,20131213,627,south,minute_ignition,True,False,0.5680555555555555,3455.5,3457.5,3454.0,2.0,1.75,28,-0.5,3.5,2.0,True,b_first,0.4666666666666667,1.0,0.5333333333333333,2.0,2.0,2.0,2.0,2.0,2.0,-2.0,-2.0,-2.0,2.0
riz_73ad361456bce163be7f456201dd70f4,123,20131213,747,south,minute_ignition,False,False,0.7875,3458.5,3453.25,3452.0,-5.25,6.75,35,-5.75,1.25,-5.25,True,b_at_entry,,,,,,,,,,,,,
riz_08d1aa9cf589787a34948c1028a6a0de,134,20131216,578,north,native_confirmation,True,False,10.465277777777779,3480.0,3479.5,3481.0,0.5,1.25,0,0.0,1.5,0.25,False,b_first,0.7142857142857143,1.0,0.2857142857142857,0.5,0.5,0.5,0.5,0.5,0.5,-0.5,-0.5,-0.5,1.0
riz_0851303c10e0eb269b24fc7264b11eec,190,20131217,590,south,minute_ignition,False,False,3.8631944444444444,3462.25,3462.0,3461.0,-0.25,1.5,7,-1.25,1.0,-0.5,True,b_at_entry,,,,,,,,,,,,,
riz_4f84bffb320c04f3cfa210464aa179dd,179,20131218,714,south,minute_ignition,True,False,2.3694444444444445,3444.0,3445.5,3442.0,1.5,2.25,5,-0.25,3.5,1.5,True,b_first,0.6,1.0,0.4,1.5,1.5,1.5,1.5,1.5,1.5,-1.5,-1.5,-1.5,2.0
riz_fcfe5cfa1ed86b9a54a8c05174972ca1,136,20131218,728,south,minute_ignition,True,False,0.7041666666666667,3445.0,3460.0,3442.0,15.0,3.25,134,12.25,18.0,15.0,True,a_first,0.1780821917808219,0.0,-0.1780821917808219,-3.25,-3.25,-3.25,-3.25,-3.25,-3.25,3.25,3.25,3.25,30.0
riz_253af8a08f67112c20da93d84dbd4954,182,20131218,732,south,minute_ignition,True,False,2.359027777777778,3445.75,3447.75,3442.0,2.0,4.0,29,1.5,5.75,1.75,True,b_first,0.6666666666666666,1.0,0.33333333333333337,2.0,2.0,2.0,2.0,2.0,2.0,-2.0,-2.0,-2.0,2.0
riz_5f10c19d932261147876f8e70c6042de,223,20131218,755,south,minute_ignition,True,False,2.4277777777777776,3444.25,3451.5,3442.0,7.25,2.5,53,5.75,9.5,7.25,False,a_first,0.2564102564102564,0.0,-0.2564102564102564,-2.5,-2.5,-2.5,-2.5,-2.5,-2.5,2.5,2.5,2.5,3.0
riz_323e90d65782294c3b3cd8cd2607c08a,217,20131218,942,north,minute_ignition,True,False,11.998611111111112,3504.75,3499.25,3505.0,5.5,0.5,2,2.25,5.75,5.25,False,a_first,0.08333333333333333,0.0,-0.08333333333333333,-0.5,-0.5,-0.5,-0.5,-0.5,-0.5,0.5,0.5,0.5,1.0
riz_b2443a21d049732c1c0b77738aac78ed,121,20140103,608,south,minute_ignition,True,False,0.22847222222222222,3554.75,3555.75,3552.75,1.0,2.25,34,-0.75,3.0,1.0,True,b_first,0.6923076923076923,1.0,0.3076923076923077,1.0,1.0,1.0,1.0,1.0,1.0,-1.0,-1.0,-1.0,1.0
riz_da06db370a01024133cc2c54edb97917,140,20140103,620,south,native_confirmation,True,False,0.2916666666666667,3553.25,3553.75,3552.75,0.5,0.75,0,-0.0,1.0,0.5,False,b_first,0.6,1.0,0.4,0.5,0.5,0.5,0.5,0.5,0.5,-0.5,-0.5,-0.5,1.0
riz_735f868608c8203af318406b9be46cbe,123,20140108,624,north,minute_ignition,True,False,5.081944444444445,3563.25,3558.75,3563.75,4.5,0.75,5,3.75,5.0,4.25,True,a_first,0.14285714285714285,0.0,-0.14285714285714285,-0.75,-0.75,-0.75,-0.75,-0.75,-0.75,0.75,0.75,0.75,1.0
riz_0b013d246e85c3447445c6898ff281f1,125,20140108,640,north,minute_ignition,False,False,8.084722222222222,3567.75,3567.75,3569.5,0.0,2.0,3,-1.25,1.75,-0.25,True,b_at_entry,,,,,,,,,,,,,
riz_fd004e5619a40bfa7bf934388d24c106,232,20140108,800,north,minute_ignition,False,False,8.047222222222222,3562.0,3567.0,3569.5,-5.0,7.75,164,-5.0,2.5,-4.75,True,b_at_entry,,,,,,,,,,,,,
riz_72e2442da958757c8a30f825f9b1171d,143,20140108,927,south,minute_ignition,True,False,5.09375,3552.0,3557.5,3551.0,5.5,1.25,8,5.0,6.5,5.75,False,a_first,0.18518518518518517,0.0,-0.18518518518518517,-1.25,-1.25,-1.25,-1.25,-1.25,-1.25,1.25,1.25,1.25,3.0
riz_77ca94f518412cf07f9ffbfdc8cbd9ae,142,20140110,918,north,minute_ignition,True,False,0.6881944444444444,3552.25,3551.5,3553.25,0.75,1.25,3,0.5,1.75,1.0,True,a_first,0.625,0.0,-0.625,-1.25,-1.25,-1.25,-1.25,-1.25,-1.25,1.25,1.25,1.25,6.0
riz_e935996de80251ee68bf07d7a04c4c3e,162,20140110,936,north,minute_ignition,True,False,0.44722222222222224,3556.25,3554.25,3557.25,2.0,1.25,4,1.25,3.0,2.25,False,a_first,0.38461538461538464,0.0,-0.38461538461538464,-1.25,-1.25,-1.25,-1.25,-1.25,-1.25,1.25,1.25,1.25,7.0
riz_a4f297dece2a4352bd6d8eeec07528ea,193,20140114,605,north,minute_ignition,False,False,6.997222222222222,3529.25,3529.25,3532.0,0.0,3.0,4,-0.5,2.75,0.0,True,b_at_entry,,,,,,,,,,,,,
riz_661791f76a46997e63c309e345c6f673,121,20140114,729,north,minute_ignition,True,False,0.9965277777777778,3561.0,3559.75,3562.25,1.25,1.5,5,0.0,2.5,1.0,False,a_first,0.5454545454545454,0.0,-0.5454545454545454,-1.5,-1.5,-1.5,-1.5,-1.5,-1.5,1.5,1.5,1.5,7.0
riz_1d9496503468d378c57c1b3de4ab594e,124,20140121,756,south,minute_ignition,False,False,3.7680555555555557,3595.75,3591.0,3579.5,-4.75,16.5,86,-6.5,11.5,-4.75,True,b_at_entry,,,,,,,,,,,,,
riz_a29ca6a9fffedb0d0867fbc2997b4355,126,20140124,900,south,minute_ignition,False,False,10.96875,3552.25,3548.0,3546.25,-4.25,6.25,45,-5.5,1.75,-4.5,True,b_at_entry,,,,,,,,,,,,,
riz_42545befd583de10a79e55b89b58e767,142,20140124,918,south,minute_ignition,True,False,10.999305555555555,3542.75,3545.75,3541.75,3.0,1.25,1,1.75,4.0,2.75,False,b_first,0.29411764705882354,1.0,0.7058823529411764,3.0,3.0,3.0,3.0,3.0,3.0,-3.0,-3.0,-3.0,2.0
riz_c2f8d75fb6d4c529bb307d0787acdb14,143,20140124,927,south,minute_ignition,True,False,10.996527777777779,3540.5,3542.5,3538.5,2.0,2.25,5,1.5,4.0,2.25,True,b_first,0.5294117647058824,1.0,0.47058823529411764,2.0,2.0,2.0,2.0,2.0,2.0,-2.0,-2.0,-2.0,2.0
riz_c4d517b660fb7cd2828ea219745d2a7a,130,20140124,940,south,minute_ignition,False,False,10.989583333333334,3543.5,3541.25,3538.5,-2.25,5.25,15,-3.5,2.75,-2.25,True,b_at_entry,,,,,,,,,,,,,
riz_95ac2128f838e105250706114b36acd3,131,20140124,950,south,minute_ignition,True,False,10.997916666666667,3537.75,3539.75,3537.75,2.0,0.25,3,1.0,2.0,1.75,True,a_first,0.1111111111111111,0.0,-0.1111111111111111,-0.25,-0.25,-0.25,-0.25,-0.25,-0.25,0.25,0.25,0.25,1.0
riz_7ccceaea53877850e43cf609a322e024,159,20140203,753,south,minute_ignition,False,False,46.975,3465.0,3464.0,3452.25,-1.0,13.0,36,-1.5,11.75,-1.0,True,b_at_entry,,,,,,,,,,,,,
riz_ba3d8dd42c43c52b51c8cb21f1c83eaf,126,20140203,774,south,minute_ignition,False,False,46.96458333333333,3464.25,3459.25,3452.25,-5.0,12.25,51,-5.25,7.0,-5.0,True,b_at_entry,,,,,,,,,,,,,
riz_cb3d52b26664a4419f5794b0d4cf4c92,145,20140203,800,south,minute_ignition,True,False,46.95902777777778,3443.75,3455.75,3440.75,12.0,3.25,59,11.5,15.0,12.0,True,a_first,0.21311475409836064,0.0,-0.21311475409836064,-3.25,-3.25,-3.25,-3.25,-3.25,-3.25,3.25,3.25,3.25,5.0
riz_237ad8aa7c5762e3e051e2df3419aa5a,132,20140203,828,south,minute_ignition,True,False,46.94027777777778,3431.75,3454.25,3428.5,22.5,3.5,86,20.5,25.75,22.5,True,a_first,0.1346153846153846,0.0,-0.1346153846153846,-3.5,-3.5,-3.5,-3.5,-3.5,-3.5,3.5,3.5,3.5,2.0
riz_5dd48c60b1e92aa05887bff4ed0990c9,199,20140203,834,south,minute_ignition,True,False,46.921527777777776,3432.75,3461.75,3427.75,29.0,5.25,113,26.5,34.0,29.0,True,a_first,0.15328467153284672,0.0,-0.15328467153284672,-5.25,-5.25,-5.25,-5.25,-5.25,-5.25,5.25,5.25,5.25,62.0
riz_0bdf4c49e83d95fcdc3b9d4dd12b2c5b,133,20140203,837,south,minute_ignition,True,False,46.96597222222222,3437.0,3448.25,3427.75,11.25,9.5,49,7.0,20.5,11.5,True,a_first,0.4578313253012048,0.0,-0.4578313253012048,-9.5,-9.5,-9.5,-9.5,-9.5,-9.5,9.5,9.5,9.5,59.0
riz_87c70ceb33fdf81fca6acf04a655e062,178,20140204,886,north,minute_ignition,False,False,47.83819444444445,3468.0,3471.5,3473.75,-3.5,6.0,99,-4.75,2.25,-3.5,True,b_at_entry,,,,,,,,,,,,,
riz_3fe4b5824cb1a2e658d6ab5b741ea306,157,20140205,582,north,minute_ignition,False,False,0.7784722222222222,3452.5,3457.25,3459.75,-4.75,7.5,5,-5.5,2.5,-4.75,True,b_at_entry,,,,,,,,,,,,,
riz_134e7618e1e98b6b7f906c8583b14cdf,188,20140211,768,north,minute_ignition,True,False,18.815277777777776,3605.5,3604.25,3606.25,1.25,1.0,14,1.0,2.0,1.25,True,a_first,0.4444444444444444,0.0,-0.4444444444444444,-1.0,-1.0,-1.0,-1.0,-1.0,-1.0,1.0,1.0,1.0,4.0
riz_6fa9f6a3143013cda10ab90006b1acec,134,20140218,578,north,minute_ignition,True,False,0.275,3670.75,3667.5,3671.75,3.25,1.25,6,0.0,4.25,3.25,True,a_first,0.2777777777777778,0.0,-0.2777777777777778,-1.25,-1.25,-1.25,-1.25,-1.25,-1.25,1.25,1.25,1.25,2.0
riz_256414deb84afe7769c965179ecbdd24,121,20140225,729,north,minute_ignition,False,False,0.8798611111111111,3684.5,3693.75,3697.25,-9.25,13.0,52,-9.75,3.5,-9.25,True,b_at_entry,,,,,,,,,,,,,
riz_6e95058a6633b5ddbaf3767a283a7119,158,20140227,588,north,minute_ignition,True,False,0.3263888888888889,3684.5,3684.0,3685.0,0.5,0.75,5,0.0,1.0,0.5,True,b_first,0.6,1.0,0.4,0.5,0.5,0.5,0.5,0.5,0.5,-0.5,-0.5,-0.5,1.0
riz_73ef87951c19178a5de83c2f896835f2,136,20140227,592,north,minute_ignition,False,False,0.4576388888888889,3676.25,3680.0,3685.0,-3.75,9.0,21,-4.0,5.0,-3.75,True,b_at_entry,,,,,,,,,,,,,
riz_19ea94fdce900e838aafdecab73d2619,159,20140227,594,north,minute_ignition,False,False,0.42916666666666664,3674.75,3681.75,3685.0,-7.0,10.5,18,-7.75,3.25,-7.0,True,b_at_entry,,,,,,,,,,,,,
riz_1d435e7e6ab26d98cd7b8a6c432e1679,218,20140227,730,north,minute_ignition,False,False,0.3888888888888889,3684.5,3685.5,3693.25,-1.0,9.0,94,-3.25,7.75,-1.25,True,b_at_entry,,,,,,,,,,,,,
riz_fbcf20056d755bfc3048d8cdad49e507,211,20140228,906,south,minute_ignition,True,False,1.2902777777777779,3677.0,3679.75,3673.25,2.75,4.0,4,2.75,6.5,3.0,True,a_first,0.5925925925925926,0.0,-0.5925925925925926,-4.0,-4.0,-4.0,-4.0,-4.0,-4.0,4.0,4.0,4.0,2.0
riz_ba21e5d1db986005168562b5d3228218,212,20140228,912,south,minute_ignition,True,False,1.2881944444444444,3671.25,3677.75,3665.0,6.5,6.5,9,3.0,12.75,6.5,True,b_first,0.5,1.0,0.5,6.5,6.5,6.5,6.5,6.5,6.5,-6.5,-6.5,-6.5,5.0
riz_87fe2ce55e448751372eb44026563cd3,145,20140228,945,south,minute_ignition,False,False,1.2763888888888888,3693.25,3673.75,3665.0,-19.5,28.5,37,-22.75,8.75,-19.0,True,b_at_entry,,,,,,,,,,,,,
riz_fc2be79ddbf17de22f496b85ea7016e8,179,20140313,714,south,minute_ignition,True,False,1.1083333333333334,3679.5,3682.5,3677.5,3.0,2.25,23,2.0,5.0,3.5,True,b_first,0.42857142857142855,1.0,0.5714285714285714,3.0,3.0,3.0,3.0,3.0,3.0,-3.0,-3.0,-3.0,4.0
riz_7f58e8e36408e19037f9b7b0bf4fd28b,169,20140318,654,north,minute_ignition,False,False,5.866666666666666,3685.5,3686.25,3689.75,-0.75,4.5,23,-2.0,3.5,-1.0,True,b_at_entry,,,,,,,,,,,,,
riz_8613c1030fa31042943fcc5d5e3d43a4,127,20140318,656,north,minute_ignition,False,False,5.909722222222222,3683.75,3687.75,3689.75,-4.0,6.25,3,-5.25,2.0,-4.0,True,b_at_entry,,,,,,,,,,,,,
riz_aa825241a5511b5db576ef4e5c5874b8,235,20140318,815,north,minute_ignition,False,False,5.85625,3694.0,3694.75,3695.5,-0.75,1.75,2,-1.0,0.75,-0.75,True,b_at_entry,,,,,,,,,,,,,
riz_006170fd063e8d187de9494aaca26303,193,20140319,605,south,minute_ignition,False,False,0.3819444444444444,3702.0,3695.0,3688.25,-7.0,14.0,29,-11.5,6.75,-7.0,True,b_at_entry,,,,,,,,,,,,,
riz_aa5bdb721de4011cd7093db787dd57b9,211,20140321,695,south,minute_ignition,False,False,1.5215277777777778,3678.75,3677.75,3657.25,-1.0,21.75,93,-2.5,20.5,-1.0,True,b_at_entry,,,,,,,,,,,,,
riz_1321276a2546f3599b3db2aedf2b3111,123,20140321,870,south,minute_ignition,True,False,3.339583333333333,3641.75,3647.0,3641.5,5.25,0.5,3,3.75,5.5,5.0,False,a_first,0.08695652173913043,0.0,-0.08695652173913043,-0.5,-0.5,-0.5,-0.5,-0.5,-0.5,0.5,0.5,0.5,1.0
riz_f4905fd09467fad31c131eda50ae0316,125,20140321,890,south,minute_ignition,True,False,3.3291666666666666,3641.0,3648.25,3636.25,7.25,5.0,26,7.25,12.0,7.5,True,a_first,0.40816326530612246,0.0,-0.40816326530612246,-5.0,-5.0,-5.0,-5.0,-5.0,-5.0,5.0,5.0,5.0,50.0
riz_46108735b34eb60d766991788c949953,131,20140324,688,south,minute_ignition,True,False,9.697916666666666,3592.25,3624.75,3575.5,32.5,17.0,103,32.0,49.25,32.25,True,censored_horizon,0.3434343434343434,,,-1.0,-1.0,-1.0,-1.0,-1.0,-1.0,1.0,1.0,1.0,120.0
riz_91b42f6508570515dbf91cc48b308cd9,162,20140325,612,north,minute_ignition,True,False,1.1055555555555556,3648.75,3646.0,3652.0,2.75,3.5,10,1.25,6.0,2.75,True,b_first,0.56,1.0,0.43999999999999995,2.75,2.75,2.75,2.75,2.75,2.75,-2.75,-2.75,-2.75,1.0
riz_1993520b91fef2717959e9ef455bca47,202,20140325,650,north,minute_ignition,False,False,8.085416666666667,3617.75,3628.75,3652.0,-11.0,34.5,79,-16.0,23.25,-11.25,True,b_at_entry,,,,,,,,,,,,,
riz_7eca60c85b2c15a9ad4664ad53458688,170,20140325,660,north,minute_ignition,False,False,1.0840277777777778,3609.0,3647.75,3652.0,-38.75,43.25,49,-41.0,4.25,-38.5,True,b_at_entry,,,,,,,,,,,,,
riz_730e4642778341d45b7139e23c49ddec,160,20140327,600,south,minute_ignition,False,False,61.65277777777778,3559.5,3545.75,3535.25,-13.75,24.5,20,-14.75,10.5,-14.0,True,b_at_entry,,,,,,,,,,,,,
riz_180367b31bb4272a57ae430a864476ef,142,20140327,634,south,minute_ignition,False,False,61.65416666666667,3572.0,3542.75,3535.25,-29.25,37.0,52,-36.0,7.5,-29.25,True,b_at_entry,,,,,,,,,,,,,
riz_07dc95d94a5691896874e9ee6070e52c,132,20140401,696,north,minute_ignition,False,False,6.030555555555556,3636.0,3636.25,3642.75,-0.25,7.0,88,-0.25,6.5,0.0,True,b_at_entry,,,,,,,,,,,,,
riz_f940b22fd076b58940d1a09bb24ff197,176,20140401,696,north,minute_ignition,True,False,6.05625,3636.0,3631.75,3642.75,4.25,7.0,95,4.0,11.0,4.5,True,b_first,0.6222222222222222,1.0,0.37777777777777777,4.25,4.25,4.25,4.25,4.25,4.25,-4.25,-4.25,-4.25,23.0
riz_0c62b9a057b15ddac03cd4a94e8cafb1,156,20140401,732,north,minute_ignition,False,False,6.0159722222222225,3629.75,3630.25,3642.75,-0.5,13.25,133,-2.25,12.5,-0.75,True,b_at_entry,,,,,,,,,,,,,
riz_bbf2cd2a098c8f1d783c253d3cce72ea,183,20140401,738,north,minute_ignition,False,False,6.034027777777778,3629.75,3634.75,3642.75,-5.0,13.25,134,-5.25,8.0,-4.75,True,b_at_entry,,,,,,,,,,,,,
riz_2d841f9b5e57068a877f7ccaa0a20767,124,20140403,880,south,minute_ignition,True,False,7.99375,3611.5,3621.75,3611.5,10.25,0.25,9,8.5,10.25,10.0,True,a_first,0.023809523809523808,0.0,-0.023809523809523808,-0.25,-0.25,-0.25,-0.25,-0.25,-0.25,0.25,0.25,0.25,1.0
riz_417b9fedf3f7d1cbf2cb84106683bb0d,129,20140403,930,south,minute_ignition,False,False,7.963888888888889,3625.75,3614.25,3609.0,-11.5,17.0,52,-12.25,5.25,-11.5,True,b_at_entry,,,,,,,,,,,,,
riz_565ca95d40c67869d5528494e5ae3b88,156,20140409,888,north,minute_ignition,True,False,11.879166666666666,3581.0,3569.0,3586.0,12.0,5.25,42,10.0,17.0,12.0,True,a_first,0.30434782608695654,0.0,-0.30434782608695654,-5.25,-5.25,-5.25,-5.25,-5.25,-5.25,5.25,5.25,5.25,34.0
riz_325097b67923376c70f10e11694a4924,187,20140409,949,north,minute_ignition,True,False,8.251388888888888,3591.0,3589.75,3591.75,1.25,1.0,12,1.0,2.0,1.5,True,a_first,0.4444444444444444,0.0,-0.4444444444444444,-1.0,-1.0,-1.0,-1.0,-1.0,-1.0,1.0,1.0,1.0,1.0
riz_5e1003435fffac7712c7d29d50fc092e,131,20140409,950,north,native_confirmation,True,False,8.272916666666667,3592.25,3592.0,3593.0,0.25,1.0,0,0.0,1.0,0.25,False,same_minute,0.8,,,,-1.0,0.25,,-1.0,0.25,,-0.25,1.0,1.0
riz_ce1d7a382e92c7e8bb7cf271759a7c30,217,20140410,725,south,minute_ignition,True,False,5.750694444444444,3521.0,3543.25,3518.25,22.25,3.0,64,17.75,25.0,22.0,True,a_first,0.1188118811881188,0.0,-0.1188118811881188,-3.0,-3.0,-3.0,-3.0,-3.0,-3.0,3.0,3.0,3.0,2.0
riz_d804f8ac7681d96e1261c0de0bf05554,181,20140410,726,south,minute_ignition,True,False,5.745833333333334,3520.25,3547.0,3518.25,26.75,2.25,72,26.0,28.75,27.0,True,a_first,0.07758620689655173,0.0,-0.07758620689655173,-2.25,-2.25,-2.25,-2.25,-2.25,-2.25,2.25,2.25,2.25,1.0
riz_68f2ba4f9f2619c2f05932c82510b4a9,234,20140416,810,north,minute_ignition,False,False,7.814583333333333,3505.25,3517.75,3518.75,-12.5,13.75,59,-13.0,1.0,-12.75,True,b_at_entry,,,,,,,,,,,,,
riz_f714f3ce67e4ab216aa401642f61ff0b,231,20140417,795,north,minute_ignition,False,False,8.157638888888888,3533.75,3533.5,3535.75,0.25,2.25,4,-0.25,2.25,0.0,True,b_first,0.9,1.0,0.09999999999999998,0.25,0.25,0.25,0.25,0.25,0.25,-0.25,-0.25,-0.25,1.0
riz_f515da1a367f2c41beb95ee9638ccb69,204,20140417,864,north,minute_ignition,True,False,8.092361111111112,3539.5,3535.0,3542.5,4.5,3.25,71,4.25,7.5,4.5,True,b_first,0.41935483870967744,1.0,0.5806451612903225,4.5,4.5,4.5,4.5,4.5,4.5,-4.5,-4.5,-4.5,11.0
riz_c3e7ce5597e02af14522505d01744371,136,20140423,592,south,minute_ignition,True,False,12.894444444444444,3561.0,3570.5,3559.25,9.5,2.0,16,8.5,11.25,9.5,True,a_first,0.17391304347826086,0.0,-0.17391304347826086,-2.0,-2.0,-2.0,-2.0,-2.0,-2.0,2.0,2.0,2.0,9.0
riz_34cfa26501df4a5bfe2a524f6835495b,135,20140424,585,south,minute_ignition,True,False,0.9993055555555556,3571.75,3581.25,3571.5,9.5,0.5,1,5.0,9.75,9.75,False,a_first,0.05,0.0,-0.05,-0.5,-0.5,-0.5,-0.5,-0.5,-0.5,0.5,0.5,0.5,1.0
riz_0672292c1f8bb634e2c0b2798b8f2874,158,20140424,588,south,native_confirmation,True,False,0.8902777777777777,3563.75,3565.75,3563.5,2.0,0.5,0,-0.0,2.25,2.0,False,a_first,0.2,0.0,-0.2,-0.5,-0.5,-0.5,-0.5,-0.5,-0.5,0.5,0.5,0.5,1.0
riz_ed3d8060cbdfc2c8b6cc0cbc5306eab8,145,20140424,655,south,minute_ignition,False,False,0.8534722222222222,3565.25,3562.25,3544.0,-3.0,21.5,66,-3.0,18.25,-2.75,True,b_at_entry,,,,,,,,,,,,,
riz_a2bfcb69989d09979e516d030ffd5ad8,134,20140424,712,south,minute_ignition,False,False,0.9118055555555555,3581.5,3575.75,3544.0,-5.75,37.75,127,-10.0,31.75,-5.75,True,b_at_entry,,,,,,,,,,,,,
riz_de31cf8683312d17d9ef18bf02223a83,221,20140424,745,south,minute_ignition,False,False,0.7486111111111111,3583.25,3554.25,3544.0,-29.0,39.5,141,-30.75,10.25,-29.0,True,b_at_entry,,,,,,,,,,,,,
riz_fd6c4de5a94fd330ae5ef308a098518c,149,20140429,683,south,minute_ignition,False,False,0.8590277777777777,3547.75,3533.75,3530.0,-14.0,18.0,54,-15.25,3.75,-14.0,True,b_at_entry,,,,,,,,,,,,,
riz_5bd48b69051c7a892ba0e8d47b2329c3,182,20140429,732,south,minute_ignition,False,False,0.8027777777777778,3559.25,3531.75,3530.0,-27.5,29.5,102,-28.0,1.75,-27.5,True,b_at_entry,,,,,,,,,,,,,
riz_60fcc6de95f31b5c07325f1023cc7c63,141,20140430,627,north,minute_ignition,True,False,0.8027777777777778,3562.75,3560.5,3565.0,2.25,2.5,2,0.75,4.5,2.5,False,b_first,0.5263157894736842,1.0,0.4736842105263158,2.25,2.25,2.25,2.25,2.25,2.25,-2.25,-2.25,-2.25,1.0
riz_876785ed38375acb8c505a222af7a7e5,132,20140501,696,north,minute_ignition,True,False,7.088888888888889,3602.75,3602.0,3605.5,0.75,3.0,4,0.5,3.5,0.75,True,b_first,0.8,1.0,0.19999999999999996,0.75,0.75,0.75,0.75,0.75,0.75,-0.75,-0.75,-0.75,2.0
riz_1adaefdd9af33d42fdcd4898ae2f960b,123,20140505,624,north,minute_ignition,True,False,0.2520833333333333,3583.0,3577.75,3585.0,5.25,2.25,6,4.25,7.25,5.25,False,a_first,0.3,0.0,-0.3,-2.25,-2.25,-2.25,-2.25,-2.25,-2.25,2.25,2.25,2.25,1.0
riz_11b1a2b69c351297eecce196c8b156f4,236,20140506,820,south,native_confirmation,True,False,1.163888888888889,3565.25,3567.0,3564.75,1.75,0.75,0,-0.0,2.25,1.75,False,a_first,0.3,0.0,-0.3,-0.75,-0.75,-0.75,-0.75,-0.75,-0.75,0.75,0.75,0.75,2.0
riz_5b78f7a9d4b5fc7580b85049b2108301,132,20140506,828,south,minute_ignition,False,False,1.1805555555555556,3562.0,3561.75,3558.75,-0.25,3.5,4,-1.75,3.0,-0.5,True,b_at_entry,,,,,,,,,,,,,
riz_4c38cf0d9df72f5666ea99e98519e3c8,133,20140506,837,south,minute_ignition,True,False,1.1743055555555555,3562.25,3565.0,3558.75,2.75,3.75,15,2.25,6.25,2.5,False,a_first,0.5769230769230769,0.0,-0.5769230769230769,-3.75,-3.75,-3.75,-3.75,-3.75,-3.75,3.75,3.75,3.75,4.0
riz_a882a426ca89a65ec11f49eb17e355fe,139,20140507,613,south,minute_ignition,True,False,8.804166666666667,3513.25,3518.5,3509.25,5.25,4.25,4,5.0,9.25,5.5,False,a_first,0.4473684210526316,0.0,-0.4473684210526316,-4.25,-4.25,-4.25,-4.25,-4.25,-4.25,4.25,4.25,4.25,1.0
riz_5f2b1895f7679d18bef5b888b18c38ce,124,20140507,632,south,minute_ignition,True,False,8.813194444444445,3512.5,3516.0,3497.5,3.5,15.25,21,-0.0,18.5,3.75,False,b_first,0.8133333333333334,1.0,0.18666666666666665,3.5,3.5,3.5,3.5,3.5,3.5,-3.5,-3.5,-3.5,5.0
riz_a1caec22366b5e57035c80d60fe64940,138,20140507,744,south,minute_ignition,False,False,8.813888888888888,3529.0,3510.75,3497.5,-18.25,31.75,130,-24.0,13.25,-18.25,True,b_at_entry,,,,,,,,,,,,,
riz_87d457c79935bd63eedcf2f03d0d6931,131,20140508,688,north,minute_ignition,True,False,1.023611111111111,3573.0,3550.25,3577.0,22.75,4.25,97,20.0,26.75,23.0,True,a_first,0.1574074074074074,0.0,-0.1574074074074074,-4.25,-4.25,-4.25,-4.25,-4.25,-4.25,4.25,4.25,4.25,4.0
riz_a9fa07b702da982af833f9bd483ebaee,121,20140508,729,north,minute_ignition,True,False,2.926388888888889,3576.0,3570.25,3579.75,5.75,4.0,106,5.0,9.5,5.75,True,b_first,0.41025641025641024,1.0,0.5897435897435898,5.75,5.75,5.75,5.75,5.75,5.75,-5.75,-5.75,-5.75,38.0
riz_7e9e34e4e42cf28bebfe9aa26f918178,137,20140508,736,north,minute_ignition,True,False,2.9166666666666665,3576.0,3567.75,3579.75,8.25,4.0,120,6.25,12.0,8.25,True,b_first,0.32653061224489793,1.0,0.6734693877551021,8.25,8.25,8.25,8.25,8.25,8.25,-8.25,-8.25,-8.25,34.0
riz_8538f3221ac4542b8b32cb5e9ec5f497,239,20140509,835,north,minute_ignition,False,False,0.95625,3536.0,3546.0,3547.75,-10.0,12.0,63,-10.5,1.75,-10.0,True,b_at_entry,,,,,,,,,,,,,
riz_bdacf6b52aca73f2ed92fc05b70236a5,134,20140509,846,north,minute_ignition,False,False,0.9416666666666667,3535.0,3544.5,3547.75,-9.5,13.0,84,-10.75,3.25,-9.25,True,b_at_entry,,,,,,,,,,,,,
riz_0a76a543531762d978854f48e2c4cb04,161,20140514,606,north,minute_ignition,False,False,0.3333333333333333,3608.5,3611.25,3613.75,-2.75,5.5,3,-3.5,2.5,-3.0,True,b_at_entry,,,,,,,,,,,,,
riz_0cfe240ac1148ece31e91e5a37f23291,188,20140515,768,south,minute_ignition,True,False,8.745138888888889,3550.5,3580.75,3540.25,30.25,10.5,179,29.25,40.5,30.5,False,censored_horizon,0.25766871165644173,,,12.25,12.25,12.25,12.25,12.25,12.25,-12.25,-12.25,-12.25,120.0
riz_bb6ab5c44fe8b0b38187909541f30bf4,127,20140515,910,north,minute_ignition,True,False,3.1638888888888888,3567.5,3566.75,3571.5,0.75,4.25,18,-0.75,4.75,0.75,True,b_first,0.85,1.0,0.15000000000000002,0.75,0.75,0.75,0.75,0.75,0.75,-0.75,-0.75,-0.75,1.0
riz_3f888852b78512b18fef64ebb0c92864,129,20140515,930,north,minute_ignition,False,False,3.1534722222222222,3562.75,3568.5,3571.5,-5.75,9.0,37,-7.25,3.0,-5.75,True,b_at_entry,,,,,,,,,,,,,
riz_0a5f7b456d89dbaef6da759ad5dff111,150,20140520,840,south,minute_ignition,True,False,1.520138888888889,3584.75,3585.75,3584.5,1.0,0.5,1,0.25,1.25,0.75,True,b_first,0.3333333333333333,1.0,0.6666666666666667,1.0,1.0,1.0,1.0,1.0,1.0,-1.0,-1.0,-1.0,1.0
riz_264f65ad3214e5d7a61cb70e792c1b11,134,20140520,846,south,minute_ignition,True,False,5.060416666666667,3592.25,3594.25,3584.5,2.0,8.0,47,2.0,9.75,2.25,True,b_first,0.8,1.0,0.19999999999999996,2.0,2.0,2.0,2.0,2.0,2.0,-2.0,-2.0,-2.0,5.0
riz_ffef91b348c5ae28afe174c59065707f,185,20140526,750,north,native_confirmation,True,False,66.38541666666667,3691.75,3691.5,3691.75,0.25,0.25,0,0.0,0.25,0.25,False,b_first,0.5,1.0,0.5,0.25,0.25,0.25,0.25,0.25,0.25,-0.25,-0.25,-0.25,1.0
riz_1eab33a4215e55518bbb53954e2d30f6,166,20140527,636,north,minute_ignition,True,False,67.09652777777778,3706.25,3700.0,3707.0,6.25,1.0,27,5.5,7.0,6.25,True,a_first,0.13793103448275862,0.0,-0.13793103448275862,-1.0,-1.0,-1.0,-1.0,-1.0,-1.0,1.0,1.0,1.0,31.0
riz_3a892ad0e3711c4a30c52b3cc3309929,123,20140611,624,north,minute_ignition,True,False,0.7229166666666667,3801.5,3801.0,3802.75,0.5,1.5,3,0.0,1.75,0.25,True,b_first,0.75,1.0,0.25,0.5,0.5,0.5,0.5,0.5,0.5,-0.5,-0.5,-0.5,1.0
riz_aeee412ecde6b51602558de6bf0143c9,131,20140611,688,north,minute_ignition,True,False,0.8340277777777778,3798.0,3790.25,3802.75,7.75,5.0,108,6.25,12.5,8.0,False,a_first,0.39215686274509803,0.0,-0.39215686274509803,-5.0,-5.0,-5.0,-5.0,-5.0,-5.0,5.0,5.0,5.0,30.0
riz_b3e8978daa7e865e31ec5bbfb55ee6cc,127,20140611,910,south,minute_ignition,False,False,0.22083333333333333,3792.0,3788.0,3783.5,-4.0,8.75,63,-4.25,4.5,-4.0,True,b_at_entry,,,,,,,,,,,,,
riz_49e24b40cb9f971cd2c4a75fb7f3feaf,121,20140619,608,south,minute_ignition,False,False,6.992361111111111,3793.5,3792.25,3789.75,-1.25,4.0,11,-1.5,2.5,-1.25,True,b_at_entry,,,,,,,,,,,,,
riz_63d40132457d8a9e8ade5dd266444942,147,20140619,669,south,minute_ignition,True,False,6.990972222222222,3786.0,3789.5,3784.25,3.5,2.0,13,1.0,5.25,3.25,False,b_first,0.36363636363636365,1.0,0.6363636363636364,3.5,3.5,3.5,3.5,3.5,3.5,-3.5,-3.5,-3.5,60.0
riz_fc7337618c204e8e943b36ed7fad51d7,226,20140619,770,south,minute_ignition,True,False,6.9215277777777775,3785.5,3786.5,3784.25,1.0,1.5,113,-0.25,2.25,1.0,True,a_first,0.6,0.0,-0.6,-1.5,-1.5,-1.5,-1.5,-1.5,-1.5,1.5,1.5,1.5,3.0
riz_fa514833b0c02885c1d32e31580c871c,169,20140620,654,north,minute_ignition,False,False,1.4256944444444444,3788.5,3796.25,3799.5,-7.75,11.25,63,-8.0,3.25,-7.75,True,b_at_entry,,,,,,,,,,,,,
riz_77fb494d47cbd1f6636b2c95fadb62d8,130,20140624,940,south,minute_ignition,True,False,1.429861111111111,3781.5,3801.25,3781.25,19.75,0.5,31,19.0,20.0,19.75,False,censored_window,0.024691358024691357,,,10.0,10.0,10.0,10.0,10.0,10.0,-10.0,-10.0,-10.0,20.0
riz_908c454d95b4c9f9d83e020d03777cb7,181,20140625,726,north,minute_ignition,False,False,0.8347222222222223,3801.5,3801.5,3808.5,0.0,7.25,57,-0.75,7.0,0.0,True,b_at_entry,,,,,,,,,,,,,
riz_9e270cb0fc675ae293b5e8869f1c6761,187,20140625,762,north,minute_ignition,True,False,0.8833333333333333,3803.0,3799.5,3808.5,3.5,5.75,168,1.75,9.0,3.75,True,a_first,0.6216216216216216,0.0,-0.6216216216216216,-5.75,-5.75,-5.75,-5.75,-5.75,-5.75,5.75,5.75,5.75,22.0
riz_77fd437addc0fc7607df776ca3805f03,188,20140625,768,north,minute_ignition,True,False,0.9319444444444445,3803.5,3802.75,3808.5,0.75,5.25,98,0.75,5.75,1.0,True,b_first,0.875,1.0,0.125,0.75,0.75,0.75,0.75,0.75,0.75,-0.75,-0.75,-0.75,1.0
riz_68dc7a5ba46c4dd9941022e41db5e212,233,20140625,805,north,minute_ignition,True,False,0.8479166666666667,3808.25,3797.75,3810.25,10.5,2.25,219,10.25,12.5,10.5,True,a_first,0.17647058823529413,0.0,-0.17647058823529413,-2.25,-2.25,-2.25,-2.25,-2.25,-2.25,2.25,2.25,2.25,28.0
riz_f405692ca2b04d5422c925cafe52c6e7,236,20140625,820,north,minute_ignition,True,False,0.8965277777777778,3808.5,3804.25,3810.25,4.25,2.0,149,3.5,6.0,4.0,True,a_first,0.32,0.0,-0.32,-2.0,-2.0,-2.0,-2.0,-2.0,-2.0,2.0,2.0,2.0,13.0
riz_66f75f1907cbb5b85781f638e35f2e85,120,20140625,840,north,minute_ignition,True,False,0.9958333333333333,3814.25,3812.0,3815.5,2.25,1.5,6,1.75,3.5,2.25,True,b_first,0.4,1.0,0.6,2.25,2.25,2.25,2.25,2.25,2.25,-2.25,-2.25,-2.25,4.0
riz_831bc7418b10d58c0679c4f1840a433f,120,20140626,840,north,minute_ignition,False,False,0.8965277777777778,3811.25,3811.25,3813.25,0.0,2.25,29,-0.5,2.0,-0.25,True,b_at_entry,,,,,,,,,,,,,
riz_9320ce1e079393f39730ba17ac088158,193,20140708,605,south,minute_ignition,True,False,5.383333333333334,3873.5,3889.75,3872.25,16.25,1.5,27,15.0,17.5,16.0,False,a_first,0.08450704225352113,0.0,-0.08450704225352113,-1.5,-1.5,-1.5,-1.5,-1.5,-1.5,1.5,1.5,1.5,1.0
riz_617731746e28f1b60cbfd02b0a556556,202,20140710,852,north,minute_ignition,True,False,0.8694444444444445,3882.5,3869.25,3889.5,13.25,7.25,188,12.75,20.25,13.25,True,b_first,0.35365853658536583,1.0,0.6463414634146342,13.25,13.25,13.25,13.25,13.25,13.25,-13.25,-13.25,-13.25,51.0
riz_62d2c30dbebee6a4443089e05a499af6,176,20140715,696,south,minute_ignition,False,False,6.968055555555556,3900.0,3900.0,3896.0,-0.0,4.25,46,-1.75,4.0,-0.0,True,b_at_entry,,,,,,,,,,,,,
riz_748090d30f85508683b0d792fee9925f,201,20140725,645,south,minute_ignition,False,False,2.509027777777778,3958.75,3952.0,3946.0,-6.75,13.0,71,-8.75,6.0,-6.75,True,b_at_entry,,,,,,,,,,,,,
riz_e4e7ce8eb68b635ff03a12c2fe910335,146,20140731,662,south,minute_ignition,False,False,13.79513888888889,3907.25,3906.0,3902.75,-1.25,4.75,3,-3.25,3.25,-1.0,True,b_at_entry,,,,,,,,,,,,,
riz_957f357ccecd6dd313515ee157921771,171,20140731,837,south,minute_ignition,False,False,13.79513888888889,3907.75,3896.25,3889.0,-11.5,19.0,124,-12.75,7.25,-11.5,True,b_at_entry,,,,,,,,,,,,,
riz_ec947aa2fdc123d694e1706b4ffaa28b,203,20140731,858,south,minute_ignition,False,False,13.792361111111111,3903.25,3894.0,3889.0,-9.25,14.5,137,-11.5,5.0,-9.25,True,b_at_entry,,,,,,,,,,,,,
riz_c7530af7519caccd5f2b144f235f217a,191,20140801,595,north,minute_ignition,True,False,0.3972222222222222,3898.0,3896.5,3898.0,1.5,0.25,2,0.5,1.5,1.5,True,same_minute,0.14285714285714285,,,,-0.25,1.5,,-0.25,1.5,,-1.5,0.25,1.0
riz_8945b565bde79d858a4a073f5df09364,193,20140801,605,north,minute_ignition,False,False,0.3951388888888889,3896.75,3897.75,3901.25,-1.0,4.75,10,-1.0,3.5,-0.75,True,b_at_entry,,,,,,,,,,,,,
riz_1f71962208317172bb8d023f59a06eb7,228,20140801,780,north,minute_ignition,False,False,0.33611111111111114,3858.0,3894.75,3901.25,-36.75,43.5,200,-37.25,6.5,-37.0,True,b_at_entry,,,,,,,,,,,,,
riz_4170938008eb19b443fc84a47462e3f4,131,20140806,950,south,minute_ignition,False,False,0.28888888888888886,3868.5,3868.5,3866.75,-0.0,2.0,108,-0.75,1.75,-0.0,True,b_at_entry,,,,,,,,,,,,,
riz_3c36d80e51c8f8f9930b04a03cdbcdb3,222,20140813,750,north,minute_ignition,True,False,22.37638888888889,3939.75,3928.25,3944.5,11.5,5.0,124,11.5,16.25,11.75,True,a_first,0.30303030303030304,0.0,-0.30303030303030304,-5.0,-5.0,-5.0,-5.0,-5.0,-5.0,5.0,5.0,5.0,78.0
riz_928d627bc759c3411af06db2f0b8899f,225,20140815,765,south,minute_ignition,False,False,15.393055555555556,3970.75,3967.75,3947.25,-3.0,23.75,109,-10.75,20.5,-2.75,True,b_at_entry,,,,,,,,,,,,,
riz_a84247ef83f5feced73a552c320169ce,130,20140815,940,north,minute_ignition,True,False,0.31180555555555556,3979.5,3977.25,3983.5,2.25,4.25,71,0.75,6.25,2.25,True,a_first,0.6538461538461539,0.0,-0.6538461538461539,-4.25,-4.25,-4.25,-4.25,-4.25,-4.25,4.25,4.25,4.25,12.0
riz_7ab1f9996a3789ed36f6eceee5c57461,136,20140822,592,north,minute_ignition,False,False,0.3638888888888889,4044.25,4049.25,4052.0,-5.0,8.0,21,-6.5,2.75,-5.0,True,b_at_entry,,,,,,,,,,,,,
riz_9a922df6c22802a184d13c13b68aa555,172,20140822,672,north,minute_ignition,False,False,0.31527777777777777,4050.25,4051.75,4060.5,-1.5,10.5,62,-2.0,8.75,-1.5,True,b_at_entry,,,,,,,,,,,,,
riz_069ced8d51b2758058fae3d3460a758e,227,20140902,775,south,minute_ignition,True,False,0.9895833333333334,4081.5,4083.25,4080.0,1.75,1.75,10,-0.0,3.25,1.5,True,a_first,0.5,0.0,-0.5,-1.75,-1.75,-1.75,-1.75,-1.75,-1.75,1.75,1.75,1.75,4.0
riz_36ff9afaae46ae1935ffd4afb1146676,159,20140904,594,north,minute_ignition,True,False,1.551388888888889,4095.0,4091.0,4096.5,4.0,1.75,3,0.5,5.5,3.75,False,a_first,0.30434782608695654,0.0,-0.30434782608695654,-1.75,-1.75,-1.75,-1.75,-1.75,-1.75,1.75,1.75,1.75,4.0
riz_d30f36b9175c2263b99b17b2b5bf27c3,122,20140904,616,north,minute_ignition,True,False,1.2513888888888889,4099.5,4096.75,4099.5,2.75,0.25,4,2.5,2.75,2.75,True,a_first,0.08333333333333333,0.0,-0.08333333333333333,-0.25,-0.25,-0.25,-0.25,-0.25,-0.25,0.25,0.25,0.25,1.0
riz_6f57982ea7d8f59e6e70dcd208dcfbe0,196,20140904,620,north,minute_ignition,False,False,1.1333333333333333,4098.0,4099.0,4099.75,-1.0,2.0,4,-1.5,0.75,-1.0,True,b_at_entry,,,,,,,,,,,,,
riz_93d26ab894a4e4ce4158745d06062df8,196,20140904,620,north,minute_ignition,True,False,1.2527777777777778,4098.0,4094.25,4099.75,3.75,2.0,28,3.25,5.5,3.75,True,a_first,0.34782608695652173,0.0,-0.34782608695652173,-2.0,-2.0,-2.0,-2.0,-2.0,-2.0,2.0,2.0,2.0,3.0
riz_9f3bfd098dd7ad48915335e7a4af5f06,156,20140905,888,north,minute_ignition,False,False,1.0784722222222223,4079.25,4081.25,4083.25,-2.0,4.25,43,-3.0,2.0,-2.0,True,b_at_entry,,,,,,,,,,,,,
riz_459b527acc9cf27d283e77c4bbbc7fd5,120,20140908,600,north,minute_ignition,False,False,5.079861111111111,4102.25,4102.5,4103.75,-0.25,1.75,5,-0.5,1.25,-0.25,True,b_at_entry,,,,,,,,,,,,,
riz_28eed505a8a9a357c942238585418d24,135,20140908,855,south,minute_ignition,True,False,0.6180555555555556,4082.75,4086.0,4075.5,3.25,7.5,55,2.0,10.5,3.0,True,b_first,0.6976744186046512,1.0,0.3023255813953488,3.25,3.25,3.25,3.25,3.25,3.25,-3.25,-3.25,-3.25,37.0
riz_a4a01db4c07e6275662817b032a11b94,123,20140909,624,south,minute_ignition,True,False,0.30625,4083.0,4087.5,4078.5,4.5,4.75,51,3.25,9.0,4.25,True,a_first,0.5135135135135135,0.0,-0.5135135135135135,-4.75,-4.75,-4.75,-4.75,-4.75,-4.75,4.75,4.75,4.75,37.0
riz_71bc208a0d59704f50e76d70ae48e3b5,178,20140909,708,south,minute_ignition,True,False,0.2763888888888889,4086.5,4089.0,4078.25,2.5,8.5,136,1.25,10.75,2.25,True,b_first,0.7727272727272727,1.0,0.2272727272727273,2.5,2.5,2.5,2.5,2.5,2.5,-2.5,-2.5,-2.5,33.0
riz_b3dad0f5f30357a4afb6bc13d4d89309,210,20140915,690,south,minute_ignition,True,False,0.3625,4022.0,4048.25,4018.5,26.25,3.75,109,24.0,29.75,26.25,True,a_first,0.125,0.0,-0.125,-3.75,-3.75,-3.75,-3.75,-3.75,-3.75,3.75,3.75,3.75,23.0
riz_e36a12335b372ccf24b85559ed7853d1,164,20140916,788,north,minute_ignition,False,False,1.2270833333333333,4051.5,4052.25,4054.0,-0.75,2.75,1,-1.0,1.75,-0.5,True,b_at_entry,,,,,,,,,,,,,
riz_f25cdcf1b1d890e285052bc8d9a8b26c,145,20140916,800,north,native_confirmation,True,False,1.2013888888888888,4055.5,4055.25,4055.5,0.25,0.25,0,0.0,0.25,0.25,False,b_first,0.5,1.0,0.5,0.25,0.25,0.25,0.25,0.25,0.25,-0.25,-0.25,-0.25,1.0
riz_faebd4f87852d36585df9d6935b4b5e5,145,20140916,800,north,minute_ignition,True,False,1.2902777777777779,4055.5,4050.0,4055.5,5.5,0.25,17,5.25,5.5,5.5,True,a_first,0.043478260869565216,0.0,-0.043478260869565216,-0.25,-0.25,-0.25,-0.25,-0.25,-0.25,0.25,0.25,0.25,3.0
riz_e478db520eb381de5cdc6974b27d9b2a,131,20140916,819,north,minute_ignition,True,False,1.1805555555555556,4059.75,4059.0,4061.0,0.75,1.5,2,-0.5,2.0,0.75,True,a_first,0.6666666666666666,0.0,-0.6666666666666666,-1.5,-1.5,-1.5,-1.5,-1.5,-1.5,1.5,1.5,1.5,1.0
riz_b992512afe3b4085bbe7b3c60f36894d,148,20140916,824,north,minute_ignition,True,False,1.2,4059.25,4057.25,4061.25,2.0,2.25,8,1.75,4.0,2.0,True,b_first,0.5294117647058824,1.0,0.47058823529411764,2.0,2.0,2.0,2.0,2.0,2.0,-2.0,-2.0,-2.0,6.0
riz_0e3519b06173ad4e1f4079b652167cbd,129,20140917,930,north,minute_ignition,False,False,5.919444444444444,4077.75,4078.0,4084.0,-0.25,6.5,26,-1.25,6.0,-0.5,True,b_at_entry,,,,,,,,,,,,,
riz_74dbd055420876b1fa0f572b0c260275,159,20140923,594,north,minute_ignition,True,False,0.32916666666666666,4054.5,4051.25,4055.5,3.25,1.25,3,2.0,4.25,3.0,False,a_first,0.2777777777777778,0.0,-0.2777777777777778,-1.25,-1.25,-1.25,-1.25,-1.25,-1.25,1.25,1.25,1.25,2.0
riz_30be1ae1c643dc37303e50b3d967b916,226,20140924,770,south,minute_ignition,False,False,0.7229166666666667,4070.0,4034.0,4033.0,-36.0,37.25,149,-37.0,1.0,-36.0,True,b_at_entry,,,,,,,,,,,,,
riz_ce367855b0997c05be91bf89a439faef,131,20140924,819,north,minute_ignition,True,False,2.1770833333333335,4078.75,4074.75,4078.75,4.0,0.25,7,2.5,4.0,4.0,False,a_first,0.058823529411764705,0.0,-0.058823529411764705,-0.25,-0.25,-0.25,-0.25,-0.25,-0.25,0.25,0.25,0.25,1.0
riz_61d1e7f0417286259417fb22826591dd,151,20140924,848,north,minute_ignition,True,False,2.1875,4079.0,4077.25,4082.25,1.75,3.5,32,1.75,5.0,2.0,True,b_first,0.6666666666666666,1.0,0.33333333333333337,1.75,1.75,1.75,1.75,1.75,1.75,-1.75,-1.75,-1.75,3.0
riz_22a8e558c2627ef6ebc93788095d1c94,164,20140925,624,south,minute_ignition,True,False,2.857638888888889,4020.5,4066.25,4018.75,45.75,2.0,41,45.75,47.5,46.0,True,a_first,0.041884816753926704,0.0,-0.041884816753926704,-2.0,-2.0,-2.0,-2.0,-2.0,-2.0,2.0,2.0,2.0,10.0
riz_fa225052e0c17176cdcba9a14ddd13c5,197,20140925,625,south,minute_ignition,True,False,2.8375,4022.0,4062.25,4018.75,40.25,3.5,37,40.0,43.5,40.5,False,a_first,0.08,0.0,-0.08,-3.5,-3.5,-3.5,-3.5,-3.5,-3.5,3.5,3.5,3.5,9.0
riz_dd9f374415ad3c2bd410eae2f84cf6e5,174,20140925,684,south,minute_ignition,True,False,9.079166666666667,4011.0,4021.5,4010.0,10.5,1.25,60,9.25,11.5,10.5,True,a_first,0.10638297872340426,0.0,-0.10638297872340426,-1.25,-1.25,-1.25,-1.25,-1.25,-1.25,1.25,1.25,1.25,31.0
riz_30aae84232072e516d14aa181c13c581,131,20140925,688,south,minute_ignition,True,False,9.227777777777778,4016.25,4023.25,4010.0,7.0,6.5,65,6.75,13.25,7.0,True,a_first,0.48148148148148145,0.0,-0.48148148148148145,-6.5,-6.5,-6.5,-6.5,-6.5,-6.5,6.5,6.5,6.5,27.0
riz_7421f804ea198128e0dcd1a0970f7a3a,213,20140925,705,south,minute_ignition,True,False,9.105555555555556,4012.75,4015.5,4010.0,2.75,3.0,61,0.5,5.5,2.75,True,b_first,0.5217391304347826,1.0,0.4782608695652174,2.75,2.75,2.75,2.75,2.75,2.75,-2.75,-2.75,-2.75,1.0
riz_ac33af8ed483f1e53f1fdc7daa34dee2,221,20140925,745,south,minute_ignition,True,False,9.08125,4010.0,4018.0,4005.75,8.0,4.5,104,5.75,12.25,7.75,True,a_first,0.36,0.0,-0.36,-4.5,-4.5,-4.5,-4.5,-4.5,-4.5,4.5,4.5,4.5,2.0
riz_e3b40cc8146586c2503b0d59721d0dc1,149,20140926,683,north,minute_ignition,False,False,9.840972222222222,4013.25,4022.5,4026.25,-9.25,13.25,80,-11.0,3.75,-9.5,True,b_at_entry,,,,,,,,,,,,,
riz_9b179517137ef685911d9acb21afe89b,148,20141001,824,south,minute_ignition,False,False,46.99930555555556,3977.0,3976.75,3975.5,-0.25,1.75,1,-1.75,1.25,-0.5,True,b_at_entry,,,,,,,,,,,,,
riz_3d355fab895304f3c89126c845d82e4c,136,20141001,864,south,minute_ignition,False,False,46.982638888888886,3979.5,3973.25,3971.5,-6.25,8.25,25,-7.25,1.75,-6.5,True,b_at_entry,,,,,,,,,,,,,
riz_817f95dc9a63dca785a92c7a94ef235b,120,20141006,720,south,minute_ignition,False,False,4.907638888888889,4004.75,4003.0,3996.75,-1.75,8.25,13,-4.0,6.25,-2.0,True,b_at_entry,,,,,,,,,,,,,
riz_c41d91d431ac37dcdc314d1761468921,122,20141006,738,south,minute_ignition,True,False,2.7430555555555554,4009.25,4018.5,3996.75,9.25,12.75,88,9.25,21.75,9.5,True,a_first,0.5795454545454546,0.0,-0.5795454545454546,-12.75,-12.75,-12.75,-12.75,-12.75,-12.75,12.75,12.75,12.75,28.0
riz_689014de97b8fee3cd7b13e0e6391174,136,20141008,864,north,minute_ignition,True,False,1.5645833333333334,4012.75,4007.0,4013.25,5.75,0.75,3,3.25,6.25,5.75,True,a_first,0.11538461538461539,0.0,-0.11538461538461539,-0.75,-0.75,-0.75,-0.75,-0.75,-0.75,0.75,0.75,0.75,1.0
riz_8226d4f88dd761f7038a11f0267c1270,198,20141009,630,south,minute_ignition,False,False,2.7159722222222222,4021.25,4012.75,4011.25,-8.5,10.25,19,-9.5,1.5,-8.5,True,b_at_entry,,,,,,,,,,,,,
riz_f94e357d0aecf1be3e89c31c8aebb94d,200,20141009,640,south,minute_ignition,True,False,2.7333333333333334,4008.5,4011.0,4006.5,2.5,2.25,4,0.75,4.5,2.75,False,a_first,0.47368421052631576,0.0,-0.47368421052631576,-2.25,-2.25,-2.25,-2.25,-2.25,-2.25,2.25,2.25,2.25,1.0
riz_3f4a7c8413f52e6a3941ef807a90de85,134,20141009,712,south,minute_ignition,True,False,2.2756944444444445,4000.5,4005.5,3998.5,5.0,2.25,5,4.0,7.0,4.75,False,a_first,0.3103448275862069,0.0,-0.3103448275862069,-2.25,-2.25,-2.25,-2.25,-2.25,-2.25,2.25,2.25,2.25,1.0
riz_8429061a8d5b696d61e7a24231a80d05,205,20141009,870,south,minute_ignition,True,False,1.8152777777777778,3961.5,3972.75,3957.0,11.25,4.75,116,10.0,15.75,11.0,True,a_first,0.296875,0.0,-0.296875,-4.75,-4.75,-4.75,-4.75,-4.75,-4.75,4.75,4.75,4.75,4.0
riz_af07d58e050b16f040de372a186c57d4,176,20141009,872,south,minute_ignition,True,False,1.8395833333333333,3958.75,3967.5,3957.0,8.75,2.0,83,7.75,10.5,9.0,True,a_first,0.18604651162790697,0.0,-0.18604651162790697,-2.0,-2.0,-2.0,-2.0,-2.0,-2.0,2.0,2.0,2.0,2.0
riz_0a6efc521f1e75bf0c20e0a88d8a1104,158,20141009,904,south,minute_ignition,True,False,1.8368055555555556,3968.0,3971.0,3955.75,3.0,12.5,119,2.5,15.25,2.75,True,b_first,0.8064516129032258,1.0,0.19354838709677424,3.0,3.0,3.0,3.0,3.0,3.0,-3.0,-3.0,-3.0,10.0
riz_e35185a8be99106e3044c2252b06881a,164,20141010,624,south,minute_ignition,True,False,58.885416666666664,3902.0,3908.75,3901.75,6.75,0.5,1,3.5,7.0,6.75,False,a_first,0.06896551724137931,0.0,-0.06896551724137931,-0.5,-0.5,-0.5,-0.5,-0.5,-0.5,0.5,0.5,0.5,1.0
riz_861e14ab29053c1bd9eb7e0ad46cea73,235,20141013,580,north,minute_ignition,False,False,65.69375,3872.0,3873.5,3875.0,-1.5,3.25,1,-2.5,1.5,-1.5,True,b_at_entry,,,,,,,,,,,,,
riz_6f96f181de421b4db27f87ade2270468,123,20141013,624,south,minute_ignition,False,False,0.3388888888888889,3837.5,3830.0,3828.5,-7.5,9.25,4,-8.25,1.5,-7.75,True,b_at_entry,,,,,,,,,,,,,
riz_33a64c3bb4e3c3a2fa0aa723c83178cf,126,20141013,648,south,minute_ignition,True,False,0.3298611111111111,3820.0,3832.0,3808.5,12.0,11.75,29,11.75,23.5,12.0,True,b_first,0.49473684210526314,1.0,0.5052631578947369,12.0,12.0,12.0,12.0,12.0,12.0,-12.0,-12.0,-12.0,7.0
riz_d4af90204c3a909fac93ec0306ad64af,124,20141013,756,north,minute_ignition,True,False,63.59930555555555,3880.5,3876.25,3880.75,4.25,0.5,5,2.0,4.5,4.5,True,b_first,0.10526315789473684,1.0,0.8947368421052632,4.25,4.25,4.25,4.25,4.25,4.25,-4.25,-4.25,-4.25,1.0
riz_10c4eb8f401a48a015727c0f7ad14698,224,20141013,760,north,minute_ignition,False,False,63.46388888888889,3877.75,3879.5,3880.75,-1.75,3.25,4,-3.25,1.25,-2.0,True,b_at_entry,,,,,,,,,,,,,
riz_0173467b06b6aa24d6608ff8244a33d8,167,20141013,809,north,minute_ignition,False,False,63.546527777777776,3864.25,3880.75,3885.75,-16.5,21.75,48,-17.75,5.0,-16.75,True,b_at_entry,,,,,,,,,,,,,
riz_f6d92d8eadc9954bc4140f7660853b2d,134,20141015,846,south,minute_ignition,False,False,208.06527777777777,3712.5,3699.75,3691.25,-12.75,21.5,40,-13.75,8.5,-12.75,True,b_at_entry,,,,,,,,,,,,,
riz_5a74043610de6a77a86758448918333e,135,20141015,855,south,minute_ignition,False,False,208.06041666666667,3721.0,3698.5,3691.25,-22.5,30.0,48,-25.0,7.25,-22.5,True,b_at_entry,,,,,,,,,,,,,
riz_ef4007ca9ece9663a19ce3b80aba77c7,171,20141016,666,north,minute_ignition,False,False,0.46458333333333335,3738.25,3749.75,3758.0,-11.5,20.0,15,-12.25,8.25,-11.75,True,b_at_entry,,,,,,,,,,,,,
riz_8ce11109631997096d91576b6f10a358,223,20141016,755,north,minute_ignition,False,False,0.4152777777777778,3738.25,3755.25,3768.5,-17.0,30.5,72,-20.75,13.25,-17.0,True,b_at_entry,,,,,,,,,,,,,
riz_c43130ad569c0716799ee8d97e9b3323,191,20141016,786,north,minute_ignition,True,False,0.4375,3761.75,3751.5,3768.5,10.25,7.0,134,9.5,17.0,10.0,True,a_first,0.4057971014492754,0.0,-0.4057971014492754,-7.0,-7.0,-7.0,-7.0,-7.0,-7.0,7.0,7.0,7.0,2.0
riz_6467a329d762e8fdbd01e9ad9d7f19e3,161,20141020,606,north,minute_ignition,True,False,0.4444444444444444,3827.25,3822.5,3831.25,4.75,4.25,5,4.25,8.75,5.0,True,b_first,0.4722222222222222,1.0,0.5277777777777778,4.75,4.75,4.75,4.75,4.75,4.75,-4.75,-4.75,-4.75,1.0
riz_2edfe9d7f120120c556fa26aa62d4a08,120,20141027,720,north,minute_ignition,False,False,0.29930555555555555,4027.25,4040.25,4043.25,-13.0,16.25,49,-14.25,3.0,-13.0,True,b_at_entry,,,,,,,,,,,,,
riz_ae9a3aa98d7a91927645e858f3dfb3c6,174,20141028,684,north,minute_ignition,True,False,33.75208333333333,4079.0,4076.25,4081.75,2.75,3.0,21,2.0,5.5,2.5,True,b_first,0.5217391304347826,1.0,0.4782608695652174,2.75,2.75,2.75,2.75,2.75,2.75,-2.75,-2.75,-2.75,25.0
riz_924d395a663a86a84b1e22051c1ff55d,137,20141028,736,north,minute_ignition,False,False,33.763194444444444,4074.0,4077.75,4081.75,-3.75,8.0,67,-4.25,4.0,-4.0,True,b_at_entry,,,,,,,,,,,,,
riz_7ff4114d14eb759f458150db0ae80147,123,20141117,624,north,minute_ignition,False,False,2.7090277777777776,4221.75,4222.5,4223.75,-0.75,2.25,23,-1.25,1.25,-1.0,True,b_at_entry,,,,,,,,,,,,,
riz_51e2de4b99ead775a4748b021de9b1ef,134,20141121,846,south,minute_ignition,False,False,0.625,4250.25,4244.25,4237.5,-6.0,13.0,38,-8.0,6.75,-6.25,True,b_at_entry,,,,,,,,,,,,,
riz_d0124bb49314a316650c112d582f7a56,121,20141121,850,south,minute_ignition,False,False,0.6458333333333334,4252.25,4242.5,4237.5,-9.75,15.0,39,-13.0,5.0,-9.75,True,b_at_entry,,,,,,,,,,,,,
riz_13fcec8d318c4a0a8413e5940c37e3f3,124,20141201,880,north,minute_ignition,False,False,4.952083333333333,4290.25,4307.5,4309.75,-17.25,19.75,69,-18.5,2.25,-17.0,True,b_at_entry,,,,,,,,,,,,,
riz_9c64482d9f44220390c8a78cb3c0543b,125,20141201,890,north,minute_ignition,False,False,5.021527777777778,4288.25,4301.75,4309.75,-13.5,21.75,94,-13.75,8.0,-13.5,True,b_at_entry,,,,,,,,,,,,,
riz_e7a57a8cf8e306a365ead65a79c7c568,142,20141202,918,north,minute_ignition,False,False,5.907638888888889,4311.0,4311.75,4314.75,-0.75,4.0,31,-1.5,3.0,-1.0,True,b_at_entry,,,,,,,,,,,,,
riz_8953ad337629561e14746774c9adee54,120,20141208,840,south,minute_ignition,True,False,0.17708333333333334,4265.0,4301.75,4262.0,36.75,3.25,105,36.5,39.75,36.75,False,a_first,0.08125,0.0,-0.08125,-3.25,-3.25,-3.25,-3.25,-3.25,-3.25,3.25,3.25,3.25,1.0
riz_76405e3ef225abd9e0f10d2d62be8c20,145,20141208,945,south,minute_ignition,False,False,17.011111111111113,4275.25,4267.75,4259.0,-7.5,16.5,129,-8.5,8.75,-7.5,True,b_at_entry,,,,,,,,,,,,,
riz_9e5ebad7782d47f7401e53e5dfb0b7c3,146,20141208,954,south,minute_ignition,False,False,17.009027777777778,4275.0,4264.75,4259.0,-10.25,16.25,133,-10.75,5.75,-10.25,True,b_at_entry,,,,,,,,,,,,,
riz_dc67fde479e1ee24d992467d5b8d3f04,143,20141209,784,north,minute_ignition,True,False,15.229861111111111,4275.0,4253.75,4276.0,21.25,1.25,98,20.25,22.25,21.25,True,a_first,0.05555555555555555,0.0,-0.05555555555555555,-1.25,-1.25,-1.25,-1.25,-1.25,-1.25,1.25,1.25,1.25,1.0
riz_eda71b7e2466514b24573b3965c43248,164,20141209,788,north,minute_ignition,True,False,15.20138888888889,4279.5,4258.0,4280.0,21.5,0.75,38,21.0,22.0,21.5,True,a_first,0.033707865168539325,0.0,-0.033707865168539325,-0.75,-0.75,-0.75,-0.75,-0.75,-0.75,0.75,0.75,0.75,1.0
riz_7c5c5f37aed6da637fef8777660f8f61,165,20141209,795,north,minute_ignition,True,False,15.183333333333334,4282.25,4256.75,4285.25,25.5,3.25,66,25.25,28.5,25.5,True,a_first,0.11304347826086956,0.0,-0.11304347826086956,-3.25,-3.25,-3.25,-3.25,-3.25,-3.25,3.25,3.25,3.25,18.0
riz_8aa3c9f3ac287b6592acec1fbfd22d31,129,20141209,801,north,minute_ignition,False,False,0.7111111111111111,4281.5,4282.75,4285.25,-1.25,4.0,8,-2.0,2.5,-1.5,True,b_at_entry,,,,,,,,,,,,,
riz_b134d4b449569a644b66f785a4f69aa0,146,20141209,808,north,minute_ignition,True,False,15.220138888888888,4281.75,4255.25,4285.25,26.5,3.75,121,25.75,30.0,26.5,True,a_first,0.12396694214876033,0.0,-0.12396694214876033,-3.75,-3.75,-3.75,-3.75,-3.75,-3.75,3.75,3.75,3.75,5.0
riz_ccd1242d7e342b424e9b7c202832527b,146,20141209,808,north,minute_ignition,True,False,0.6986111111111111,4281.75,4281.5,4285.25,0.25,3.75,16,-0.75,3.75,0.25,True,b_first,0.9375,1.0,0.0625,0.25,0.25,0.25,0.25,0.25,0.25,-0.25,-0.25,-0.25,1.0
riz_2f24e1ce32a7485c1b67d64593d50c4f,191,20141210,595,south,minute_ignition,True,False,1.3958333333333333,4280.25,4280.0,4275.25,-0.25,5.25,3,-1.25,4.75,0.25,True,b_at_entry,,,,,,,,,,,,,
riz_5fdc146c313a7e422dab98b667285c2f,142,20141210,634,south,minute_ignition,True,False,1.3909722222222223,4266.5,4275.0,4265.25,8.5,1.5,5,7.0,9.75,8.5,False,a_first,0.15,0.0,-0.15,-1.5,-1.5,-1.5,-1.5,-1.5,-1.5,1.5,1.5,1.5,1.0
riz_470a40ff966153c1682db50f58bd9743,201,20141210,645,south,minute_ignition,True,False,1.2694444444444444,4269.5,4270.5,4262.5,1.0,7.25,14,0.75,8.0,1.0,True,b_first,0.8787878787878788,1.0,0.12121212121212122,1.0,1.0,1.0,1.0,1.0,1.0,-1.0,-1.0,-1.0,1.0
riz_d2cb58895b5f6442f4badb9ecd50f6cc,211,20141210,695,south,minute_ignition,False,False,1.1027777777777779,4271.75,4268.0,4262.5,-3.75,9.5,63,-4.0,5.5,-3.5,True,b_at_entry,,,,,,,,,,,,,
riz_baa584c35542b344ed8028b395d47315,212,20141210,700,south,minute_ignition,False,False,1.1020833333333333,4273.5,4265.75,4262.5,-7.75,11.25,65,-10.5,3.25,-8.0,True,b_at_entry,,,,,,,,,,,,,
riz_104a7d778a89a01f3b485a3a0e60f2e4,220,20141210,740,south,minute_ignition,True,False,1.3791666666666667,4266.75,4276.5,4262.5,9.75,4.5,114,9.0,14.0,9.5,True,b_first,0.3157894736842105,1.0,0.6842105263157895,9.75,9.75,9.75,9.75,9.75,9.75,-9.75,-9.75,-9.75,66.0
riz_f5b0b13451ede1007e04f8b8d7fa0e8f,238,20141210,830,south,minute_ignition,True,False,1.163888888888889,4254.75,4262.0,4254.5,7.25,0.5,2,4.75,7.5,7.0,False,a_first,0.06451612903225806,0.0,-0.06451612903225806,-0.5,-0.5,-0.5,-0.5,-0.5,-0.5,0.5,0.5,0.5,1.0
riz_adca786e94909644ca6185aafd326a18,133,20141210,837,south,minute_ignition,True,False,1.0875,4251.0,4257.25,4248.25,6.25,3.0,7,4.0,9.0,6.25,True,a_first,0.32432432432432434,0.0,-0.32432432432432434,-3.0,-3.0,-3.0,-3.0,-3.0,-3.0,3.0,3.0,3.0,3.0
riz_5038d2804c278dcd6f7ebec99fd8e2c3,173,20141210,851,south,minute_ignition,True,False,1.1131944444444444,4246.0,4246.5,4241.75,0.5,4.5,10,-1.0,4.75,0.5,True,b_first,0.9,1.0,0.09999999999999998,0.5,0.5,0.5,0.5,0.5,0.5,-0.5,-0.5,-0.5,1.0
riz_cb099ad77e12f2e29e4447f8b208d29d,174,20141210,858,south,minute_ignition,True,False,1.1055555555555556,4246.5,4249.5,4240.0,3.0,6.75,22,1.75,9.5,2.75,True,a_first,0.6923076923076923,0.0,-0.6923076923076923,-6.75,-6.75,-6.75,-6.75,-6.75,-6.75,6.75,6.75,6.75,5.0
riz_eb2f35cde7409a4dcd6dc013e99ada27,207,20141210,882,south,minute_ignition,True,False,1.1145833333333333,4229.5,4248.25,4228.5,18.75,1.25,42,18.0,19.75,18.75,True,a_first,0.0625,0.0,-0.0625,-1.25,-1.25,-1.25,-1.25,-1.25,-1.25,1.25,1.25,1.25,14.0
riz_e4b7aa65ed380e37a113d96703bb17cd,128,20141210,920,south,minute_ignition,True,False,1.132638888888889,4238.75,4242.25,4219.0,3.5,20.0,65,2.75,23.25,3.25,True,b_first,0.851063829787234,1.0,0.14893617021276595,3.5,3.5,3.5,3.5,3.5,3.5,-3.5,-3.5,-3.5,15.0
riz_34ad0b0eb46aed8dc4f823ec97cfec58,138,20141211,606,north,minute_ignition,True,False,1.788888888888889,4266.75,4250.5,4271.0,16.25,4.5,28,14.75,20.5,16.25,True,a_first,0.21686746987951808,0.0,-0.21686746987951808,-4.5,-4.5,-4.5,-4.5,-4.5,-4.5,4.5,4.5,4.5,10.0
riz_efd6f420f3f0e77d78c0b353501308e4,139,20141211,613,north,minute_ignition,True,False,1.7847222222222223,4263.75,4256.75,4271.0,7.0,7.5,32,7.0,14.25,7.25,True,a_first,0.5172413793103449,0.0,-0.5172413793103449,-7.5,-7.5,-7.5,-7.5,-7.5,-7.5,7.5,7.5,7.5,3.0
riz_b05117cc824a9a834d91ce2798f53d0f,124,20141211,632,north,minute_ignition,True,False,1.7972222222222223,4283.75,4260.5,4285.75,23.25,2.25,44,22.25,25.25,24.0,True,a_first,0.08823529411764706,0.0,-0.08823529411764706,-2.25,-2.25,-2.25,-2.25,-2.25,-2.25,2.25,2.25,2.25,2.0
riz_4a44a27af6cabcc00bb47b110eca2c55,210,20141212,690,north,minute_ignition,False,False,0.7902777777777777,4215.25,4248.75,4251.25,-33.5,36.25,92,-34.75,2.5,-33.5,True,b_at_entry,,,,,,,,,,,,,
riz_1144ed0d2f8991878934439cf134914e,133,20141212,704,north,minute_ignition,False,False,0.9152777777777777,4232.0,4237.0,4251.25,-5.0,19.5,122,-7.25,14.25,-4.75,True,b_at_entry,,,,,,,,,,,,,
riz_ddecf741b79accf310144b97cf91175d,187,20141212,762,north,minute_ignition,False,False,0.8854166666666666,4227.0,4243.25,4251.25,-16.25,24.5,165,-17.0,8.0,-16.5,True,b_at_entry,,,,,,,,,,,,,
riz_fdf6029f6455d0eae4d1ede80fa8a87c,180,20141215,720,south,minute_ignition,True,False,33.09444444444444,4143.75,4176.5,4141.0,32.75,3.0,44,27.25,35.5,32.5,True,b_first,0.08391608391608392,1.0,0.916083916083916,32.75,32.75,32.75,32.75,32.75,32.75,-32.75,-32.75,-32.75,31.0
riz_babef2281c8d67a44835922444c37ae0,195,20141216,615,south,native_confirmation,True,False,87.90625,4108.0,4109.25,4107.25,1.25,1.0,0,-0.0,2.0,1.25,False,same_minute,0.4444444444444444,,,,-1.0,1.25,,-1.0,1.25,,-1.25,1.0,1.0
riz_84307e52ab3cec8087bde75a9abc935a,132,20141224,696,north,minute_ignition,False,False,1.0881944444444445,4295.75,4297.5,4298.5,-1.75,3.0,5,-2.25,1.0,-2.0,True,b_at_entry,,,,,,,,,,,,,
riz_e260687f58c8518d6c2c3763c3f762db,131,20141229,688,north,minute_ignition,True,False,0.6736111111111112,4318.5,4316.25,4319.5,2.25,1.25,20,1.75,3.25,2.25,False,a_first,0.35714285714285715,0.0,-0.35714285714285715,-1.25,-1.25,-1.25,-1.25,-1.25,-1.25,1.25,1.25,1.25,21.0
riz_c2dcc7b83ec044a719e9ac50358104aa,222,20141229,750,north,minute_ignition,False,False,0.40902777777777777,4314.25,4318.5,4319.75,-4.25,5.75,77,-4.5,1.25,-4.25,True,b_at_entry,,,,,,,,,,,,,
riz_d11401d570c7f5734f724afe1d67b77b,125,20141229,890,south,minute_ignition,False,False,0.23333333333333334,4313.0,4309.25,4307.75,-3.75,5.5,39,-4.25,1.5,-3.75,True,b_at_entry,,,,,,,,,,,,,
riz_9bf00a5c36af1e10f00755cacf03ff7d,140,20150102,760,south,minute_ignition,True,False,14.731944444444444,4220.5,4237.5,4201.0,17.0,19.75,126,16.5,36.5,17.0,True,censored_horizon,0.5374149659863946,,,0.5,0.5,0.5,0.5,0.5,0.5,-0.5,-0.5,-0.5,120.0
riz_c4cc90a68e37a05450658381275ea7ed,142,20150105,634,south,minute_ignition,True,False,20.773611111111112,4179.75,4190.0,4176.25,10.25,3.75,42,9.5,13.75,10.0,True,a_first,0.26785714285714285,0.0,-0.26785714285714285,-3.75,-3.75,-3.75,-3.75,-3.75,-3.75,3.75,3.75,3.75,2.0
riz_ffaf3fb4b22680bf9cafe1e6d0d48910,192,20150109,792,south,minute_ignition,False,False,3.9159722222222224,4207.25,4194.75,4181.0,-12.5,26.5,121,-13.5,13.75,-12.25,True,b_at_entry,,,,,,,,,,,,,
riz_c6c9a2cff125a7b57c806e937e2719c5,138,20150112,606,south,minute_ignition,True,False,6.797916666666667,4163.0,4174.0,4152.25,11.0,11.0,15,10.5,21.75,11.0,True,b_first,0.5,1.0,0.5,11.0,11.0,11.0,11.0,11.0,11.0,-11.0,-11.0,-11.0,37.0
riz_f744d89e7f1cec7f5715d0580743386b,125,20150112,640,south,minute_ignition,True,False,6.795833333333333,4167.0,4172.75,4152.25,5.75,15.0,44,3.0,20.5,5.5,True,b_first,0.7228915662650602,1.0,0.27710843373493976,5.75,5.75,5.75,5.75,5.75,5.75,-5.75,-5.75,-5.75,3.0
riz_50cd03b74abf7e431d6cba65f7573722,233,20150113,572,north,native_confirmation,True,False,1.0,4212.5,4205.25,4212.75,7.25,0.5,0,0.0,7.5,7.25,False,a_first,0.06451612903225806,0.0,-0.06451612903225806,-0.5,-0.5,-0.5,-0.5,-0.5,-0.5,0.5,0.5,0.5,1.0
riz_e5fad26d85079d5ae9676d3959862edd,134,20150113,578,north,minute_ignition,True,False,1.0909722222222222,4221.25,4220.0,4225.25,1.25,4.25,3,-1.5,5.25,1.25,False,b_first,0.7727272727272727,1.0,0.2272727272727273,1.25,1.25,1.25,1.25,1.25,1.25,-1.25,-1.25,-1.25,1.0
riz_d8584be0f74ec8ab97edcaea8057b48d,190,20150113,590,north,minute_ignition,True,False,1.1201388888888888,4237.0,4214.75,4238.5,22.25,1.75,17,21.75,23.75,22.25,True,a_first,0.07291666666666667,0.0,-0.07291666666666667,-1.75,-1.75,-1.75,-1.75,-1.75,-1.75,1.75,1.75,1.75,1.0
riz_49b438f104153cfab2caf21a526c229b,137,20150113,599,north,minute_ignition,True,False,1.082638888888889,4239.0,4223.75,4241.75,15.25,3.0,18,10.25,18.0,15.75,False,a_first,0.1643835616438356,0.0,-0.1643835616438356,-3.0,-3.0,-3.0,-3.0,-3.0,-3.0,3.0,3.0,3.0,1.0
riz_2afbb7d7e3abc3e88ae015672ac2b8ff,161,20150113,606,north,minute_ignition,True,False,1.0895833333333333,4240.25,4217.75,4245.25,22.5,5.25,32,21.0,27.5,22.5,False,a_first,0.1891891891891892,0.0,-0.1891891891891892,-5.25,-5.25,-5.25,-5.25,-5.25,-5.25,5.25,5.25,5.25,45.0
riz_0229e2542de549b0a1a7bc4fc005f85d,156,20150113,888,south,minute_ignition,True,False,1.0493055555555555,4153.5,4201.25,4126.75,47.75,27.0,85,41.0,74.5,47.75,False,censored_window,0.3612040133779264,,,7.0,7.0,7.0,7.0,7.0,7.0,-7.0,-7.0,-7.0,72.0
riz_6117a5d194778451c7836deb610a5b7b,142,20150120,918,north,minute_ignition,True,False,0.5104166666666666,4172.75,4138.75,4173.5,34.0,1.0,117,31.0,34.75,34.0,False,a_first,0.02857142857142857,0.0,-0.02857142857142857,-1.0,-1.0,-1.0,-1.0,-1.0,-1.0,1.0,1.0,1.0,1.0
riz_52c0109f7606f24a350a713926b2fa1e,163,20150121,618,south,minute_ignition,False,False,0.85625,4169.5,4141.25,4137.0,-28.25,32.75,44,-30.0,4.25,-28.5,True,b_at_entry,,,,,,,,,,,,,
riz_790997c8f338edec7e384590c776b864,129,20150121,672,north,minute_ignition,False,False,7.9875,4193.0,4194.5,4205.25,-1.5,12.5,18,-3.5,10.75,-1.75,True,b_at_entry,,,,,,,,,,,,,
riz_fb5f14f065f379093b44afe341593053,130,20150121,680,north,minute_ignition,False,False,7.982638888888889,4193.5,4197.0,4205.25,-3.5,12.0,25,-6.0,8.25,-3.5,True,b_at_entry,,,,,,,,,,,,,
riz_0f13d631a54f521db3948a859c2004dc,132,20150121,696,north,minute_ignition,False,False,7.975694444444445,4196.5,4200.5,4205.25,-4.0,9.0,35,-5.5,4.75,-4.0,True,b_at_entry,,,,,,,,,,,,,
riz_21e6cb073f00f479886fef689edd2532,155,20150121,725,north,minute_ignition,False,False,7.95625,4193.5,4202.0,4205.25,-8.5,12.0,63,-9.25,3.25,-8.75,True,b_at_entry,,,,,,,,,,,,,
riz_fc474d336db3cd5d0ce6d6737adc6eb1,163,20150127,944,north,minute_ignition,False,False,5.05625,4173.0,4197.75,4202.5,-24.75,29.75,82,-26.0,4.75,-24.5,True,b_at_entry,,,,,,,,,,,,,
riz_23e1f0652628e8f2f9c340fd9af66b88,224,20150202,760,south,minute_ignition,False,False,17.7125,4147.5,4088.75,4085.5,-58.75,62.25,154,-59.5,3.25,-58.5,True,b_at_entry,,,,,,,,,,,,,
riz_b30700fae29a2e4b2e6a98af34674095,120,20150211,600,north,minute_ignition,True,False,41.90416666666667,4293.0,4288.25,4293.75,4.75,1.0,18,2.0,5.5,5.25,True,a_first,0.17391304347826086,0.0,-0.17391304347826086,-1.0,-1.0,-1.0,-1.0,-1.0,-1.0,1.0,1.0,1.0,1.0
riz_2efcddba8a476e169062521d85c7a05d,142,20150217,634,south,minute_ignition,False,False,0.8576388888888888,4381.25,4375.75,4370.25,-5.5,11.25,59,-6.25,5.5,-5.5,True,b_at_entry,,,,,,,,,,,,,
riz_dbe199fe0042814e91522cc293754d36,124,20150309,880,north,minute_ignition,False,False,16.915972222222223,4402.5,4414.75,4424.75,-12.25,22.5,61,-12.5,10.0,-12.0,True,b_at_entry,,,,,,,,,,,,,
riz_bf2db02a26108b231e75b397c34a45cd,125,20150309,890,north,minute_ignition,False,False,16.911805555555556,4404.5,4418.5,4424.75,-14.0,20.5,67,-15.25,6.25,-14.25,True,b_at_entry,,,,,,,,,,,,,
riz_345792d5fc7c303a5885ebb386f6a22e,162,20150318,774,north,minute_ignition,False,False,0.8152777777777778,4351.75,4362.25,4363.75,-10.5,12.25,104,-11.5,1.5,-10.5,True,b_at_entry,,,,,,,,,,,,,
riz_d68dd3552610a617f0cd3c32d0c6a52e,128,20150318,920,north,minute_ignition,True,False,0.8756944444444444,4430.75,4367.0,4434.25,63.75,3.75,79,63.5,67.25,63.75,True,censored_window,0.05555555555555555,,,17.0,17.0,17.0,17.0,17.0,17.0,-17.0,-17.0,-17.0,40.0
riz_b5186fd4797c468ee242865d1fe2b902,216,20150319,720,north,minute_ignition,False,False,0.35208333333333336,4423.75,4424.0,4432.5,-0.25,9.0,141,-2.25,8.5,-0.25,True,b_at_entry,,,,,,,,,,,,,
riz_e9f54f706e9c29255e93ce377c7ee403,238,20150320,830,north,minute_ignition,True,False,17.730555555555554,4468.75,4465.5,4472.25,3.25,3.75,138,2.75,6.75,3.25,True,b_first,0.5357142857142857,1.0,0.4642857142857143,3.25,3.25,3.25,3.25,3.25,3.25,-3.25,-3.25,-3.25,32.0
riz_ae339403b9e0e86f573e1a7a45cc371b,228,20150323,780,north,minute_ignition,False,False,0.3388888888888889,4449.25,4451.5,4457.75,-2.25,8.75,197,-2.75,6.25,-2.0,True,b_at_entry,,,,,,,,,,,,,
riz_3dbcad3088a7d52fb559077064cf72db,239,20150325,596,south,minute_ignition,True,False,15.159722222222221,4403.25,4409.75,4401.75,6.5,1.75,9,2.75,8.0,6.5,False,a_first,0.21212121212121213,0.0,-0.21212121212121213,-1.75,-1.75,-1.75,-1.75,-1.75,-1.75,1.75,1.75,1.75,1.0
riz_57ad72bfc1207b32cb5899539468cc57,160,20150325,600,south,minute_ignition,False,False,15.109027777777778,4401.5,4400.5,4397.5,-1.0,4.25,3,-2.5,3.0,-1.25,True,b_at_entry,,,,,,,,,,,,,
riz_870e98186fa4e8bc6caa571c3abc7422,163,20150325,618,south,minute_ignition,False,False,15.10138888888889,4406.25,4399.0,4395.75,-7.25,10.75,17,-8.0,3.25,-7.5,True,b_at_entry,,,,,,,,,,,,,
riz_eb308a144ca0f13f150dbf2eb55c561d,211,20150325,695,south,minute_ignition,True,False,14.997916666666667,4375.5,4386.0,4375.0,10.5,0.75,3,7.5,11.0,10.25,False,a_first,0.06666666666666667,0.0,-0.06666666666666667,-0.75,-0.75,-0.75,-0.75,-0.75,-0.75,0.75,0.75,0.75,1.0
riz_d4c0eca9fc3c789bb3c1ad337ca7050e,178,20150325,708,south,minute_ignition,False,False,6.998611111111111,4366.0,4363.75,4359.5,-2.25,6.75,2,-5.5,4.25,-2.25,True,b_at_entry,,,,,,,,,,,,,
riz_f8d3e0c313a93719b9bff0eb46f6740e,179,20150325,714,south,minute_ignition,True,False,14.98611111111111,4367.75,4382.25,4359.5,14.5,8.5,20,12.75,22.75,14.25,False,a_first,0.3695652173913043,0.0,-0.3695652173913043,-8.5,-8.5,-8.5,-8.5,-8.5,-8.5,8.5,8.5,8.5,26.0
riz_d848604f1aff763fd38b5d3d9232bfcc,180,20150325,720,south,minute_ignition,True,False,7.111111111111111,4368.0,4371.5,4359.5,3.5,8.75,20,-0.75,12.0,3.25,False,a_first,0.7142857142857143,0.0,-0.7142857142857143,-8.75,-8.75,-8.75,-8.75,-8.75,-8.75,8.75,8.75,8.75,20.0
riz_f21630adc8951a5c1aefc10090a4df99,180,20150325,720,south,minute_ignition,True,False,15.095833333333333,4368.0,4395.5,4359.5,27.5,8.75,42,26.5,36.0,27.25,True,a_first,0.2413793103448276,0.0,-0.2413793103448276,-8.75,-8.75,-8.75,-8.75,-8.75,-8.75,8.75,8.75,8.75,20.0
riz_56c3e58e52f8b0742919cf1d98a35b45,181,20150325,726,south,minute_ignition,True,False,15.093055555555555,4365.25,4394.25,4359.5,29.0,6.0,47,28.0,34.75,29.0,True,a_first,0.17142857142857143,0.0,-0.17142857142857143,-6.0,-6.0,-6.0,-6.0,-6.0,-6.0,6.0,6.0,6.0,14.0
riz_a40ba3cd15a5b8809d7e435ed0df209e,184,20150325,744,south,minute_ignition,True,False,15.090972222222222,4354.25,4389.25,4352.5,35.0,2.0,53,34.0,36.75,35.0,False,a_first,0.05405405405405406,0.0,-0.05405405405405406,-2.0,-2.0,-2.0,-2.0,-2.0,-2.0,2.0,2.0,2.0,1.0
riz_b1b33f684c29b1bdfa3b869186137e93,184,20150325,744,south,minute_ignition,True,False,6.997916666666667,4354.25,4359.75,4352.5,5.5,2.0,3,4.25,7.25,5.5,False,a_first,0.26666666666666666,0.0,-0.26666666666666666,-2.0,-2.0,-2.0,-2.0,-2.0,-2.0,2.0,2.0,2.0,1.0
riz_c7b9a0121800e55ae1a5ee76a19fed94,124,20150325,756,south,minute_ignition,True,False,7.134027777777778,4353.5,4367.5,4350.75,14.0,3.0,55,12.5,16.75,13.75,True,a_first,0.17647058823529413,0.0,-0.17647058823529413,-3.0,-3.0,-3.0,-3.0,-3.0,-3.0,3.0,3.0,3.0,5.0
riz_52c7559e015bb18952601bcc1d272647,187,20150325,762,south,minute_ignition,True,False,7.0881944444444445,4351.5,4365.25,4348.25,13.75,3.5,60,12.25,17.0,13.75,True,a_first,0.2028985507246377,0.0,-0.2028985507246377,-3.5,-3.5,-3.5,-3.5,-3.5,-3.5,3.5,3.5,3.5,2.0
riz_103271197e0197c27d870b73a418342f,225,20150325,765,south,minute_ignition,True,False,6.9847222222222225,4347.25,4357.25,4346.25,10.0,1.25,22,9.0,11.0,10.25,True,b_first,0.1111111111111111,1.0,0.8888888888888888,10.0,10.0,10.0,10.0,10.0,10.0,-10.0,-10.0,-10.0,18.0
riz_6141d9a59003640b46fe234d1f6cfca0,230,20150325,790,south,minute_ignition,True,False,15.08125,4353.25,4398.0,4346.25,44.75,7.25,113,43.25,51.75,44.75,False,a_first,0.13942307692307693,0.0,-0.13942307692307693,-7.25,-7.25,-7.25,-7.25,-7.25,-7.25,7.25,7.25,7.25,3.0
riz_61c153b6c2b1a8bc4af4683d1650e32e,238,20150325,830,south,minute_ignition,False,False,6.940972222222222,4356.0,4353.5,4341.0,-2.5,15.25,85,-2.75,12.5,-2.5,True,b_at_entry,,,,,,,,,,,,,
riz_5c07d286b09b0a8fcdd82645e3890115,159,20150326,594,north,minute_ignition,False,False,10.108333333333333,4306.0,4309.0,4312.75,-3.0,7.0,3,-5.0,3.75,-2.75,True,b_at_entry,,,,,,,,,,,,,
riz_f00014e89707849aaa01caac3affd056,159,20150326,594,north,minute_ignition,False,False,10.218055555555555,4306.0,4307.25,4312.75,-1.25,7.0,4,-1.5,5.5,-1.0,True,b_at_entry,,,,,,,,,,,,,
riz_d6491a9146ae9b46593d99c32190548f,120,20150326,600,north,minute_ignition,False,False,10.325694444444444,4285.25,4304.75,4312.75,-19.5,27.75,11,-19.5,8.0,-19.25,True,b_at_entry,,,,,,,,,,,,,
riz_8c3a265df85c9ebef81cc5d3921c1c31,214,20150326,710,north,minute_ignition,False,False,10.14236111111111,4312.0,4312.0,4315.0,0.0,3.25,9,-2.5,3.0,-0.25,True,b_at_entry,,,,,,,,,,,,,
riz_bd3f75b8985ce6050fa05c3324825e84,154,20150326,718,north,native_confirmation,True,False,10.106944444444444,4316.25,4315.75,4316.5,0.5,0.5,0,0.0,0.75,0.75,False,same_minute,0.5,,,,-0.5,0.5,,-0.5,0.5,,-0.5,0.5,1.0
riz_7aba0995638bb952644a6d0daf90a72d,182,20150326,732,north,minute_ignition,False,False,10.11875,4313.5,4318.0,4320.5,-4.5,7.25,11,-5.0,2.5,-4.75,True,b_at_entry,,,,,,,,,,,,,
riz_825c85f0e406223a7b576c170872a9a1,137,20150327,599,north,minute_ignition,False,False,0.3645833333333333,4317.75,4319.75,4325.0,-2.0,7.5,23,-5.75,5.25,-2.0,True,b_at_entry,,,,,,,,,,,,,
riz_bd826806a4a6a1f9b14a11ee3359bc71,217,20150327,725,north,minute_ignition,False,False,0.34791666666666665,4311.25,4315.25,4327.5,-4.0,16.5,150,-5.0,12.25,-4.0,True,b_at_entry,,,,,,,,,,,,,
riz_95511221b89e8f75ba813c835b85a073,160,20150401,600,south,minute_ignition,True,False,0.3194444444444444,4281.75,4302.5,4276.25,20.75,5.75,20,20.0,26.25,20.5,True,a_first,0.2169811320754717,0.0,-0.2169811320754717,-5.75,-5.75,-5.75,-5.75,-5.75,-5.75,5.75,5.75,5.75,1.0
riz_aa1a6801bc8a06d00a8e65e087f00557,189,20150406,585,north,minute_ignition,False,False,3.129861111111111,4307.0,4309.25,4309.5,-2.25,2.75,2,-2.75,0.25,-2.5,True,b_at_entry,,,,,,,,,,,,,
riz_42037fef007eeb62dbc9d01f9fe52abe,158,20150406,588,north,minute_ignition,True,False,3.1083333333333334,4311.25,4310.75,4312.5,0.5,1.5,2,0.0,1.75,0.25,True,a_first,0.75,0.0,-0.75,-1.5,-1.5,-1.5,-1.5,-1.5,-1.5,1.5,1.5,1.5,1.0
riz_bd2822a943b7121cfb6e8f7d09e99035,154,20150406,718,north,minute_ignition,True,False,3.127083333333333,4338.25,4312.0,4341.0,26.25,3.0,129,21.75,29.0,26.0,True,a_first,0.10256410256410256,0.0,-0.10256410256410256,-3.0,-3.0,-3.0,-3.0,-3.0,-3.0,3.0,3.0,3.0,11.0
riz_aa4e17b844cba9b8f3b278b9c737516e,136,20150406,728,north,minute_ignition,True,False,7.310416666666667,4341.0,4336.75,4341.0,4.25,0.25,97,4.0,4.25,4.25,True,a_first,0.05555555555555555,0.0,-0.05555555555555555,-0.25,-0.25,-0.25,-0.25,-0.25,-0.25,0.25,0.25,0.25,1.0
riz_8fb4c8fcf2d4835d45e068b6d83246ad,195,20150408,615,north,minute_ignition,True,False,0.8409722222222222,4360.75,4354.75,4370.0,6.0,9.5,34,5.5,15.25,5.75,True,b_first,0.6129032258064516,1.0,0.3870967741935484,6.0,6.0,6.0,6.0,6.0,6.0,-6.0,-6.0,-6.0,21.0
riz_9c566267b3e8e24d747de3e2ac68840f,163,20150408,618,north,minute_ignition,True,False,0.8631944444444445,4360.5,4357.25,4370.0,3.25,9.75,34,2.75,12.75,3.0,True,b_first,0.75,1.0,0.25,3.25,3.25,3.25,3.25,3.25,3.25,-3.25,-3.25,-3.25,18.0
riz_7c1e5c99b6c36b97a19f9a067c994329,196,20150408,620,north,minute_ignition,True,False,0.8416666666666667,4360.0,4359.75,4370.0,0.25,10.25,32,-1.0,10.25,0.5,True,b_first,0.9761904761904762,1.0,0.023809523809523836,0.25,0.25,0.25,0.25,0.25,0.25,-0.25,-0.25,-0.25,1.0
riz_42a392daf7fe13ab0499602d4a34d660,197,20150408,625,north,minute_ignition,True,False,0.8381944444444445,4364.75,4363.25,4370.0,1.5,5.5,36,1.0,6.75,1.25,True,b_first,0.7857142857142857,1.0,0.2142857142857143,1.5,1.5,1.5,1.5,1.5,1.5,-1.5,-1.5,-1.5,1.0
riz_3833fbdaedc277b5fb7bcbda7b5c5cca,135,20150414,585,north,minute_ignition,False,False,0.3659722222222222,4401.25,4407.0,4413.0,-5.75,12.0,13,-7.75,6.0,-5.5,True,b_at_entry,,,,,,,,,,,,,
riz_696ee5513e53a1e2aace4bbfe5d0d32f,129,20150414,672,north,minute_ignition,False,False,0.20069444444444445,4385.0,4409.75,4413.0,-24.75,28.25,98,-26.5,3.25,-25.25,True,b_at_entry,,,,,,,,,,,,,
riz_79f5c187d756f852104ccead7e3ebfcf,159,20150415,912,north,minute_ignition,True,False,2.0680555555555555,4426.5,4423.75,4429.0,2.75,2.75,61,1.75,5.25,2.75,True,b_first,0.5,1.0,0.5,2.75,2.75,2.75,2.75,2.75,2.75,-2.75,-2.75,-2.75,3.0
riz_23f2ede8604c3fa45394f9b5dea7f030,182,20150415,914,north,minute_ignition,True,False,2.0527777777777776,4424.25,4415.25,4429.0,9.0,5.0,106,8.75,13.75,9.0,True,censored_window,0.35714285714285715,,,5.75,5.75,5.75,5.75,5.75,5.75,-5.75,-5.75,-5.75,46.0
riz_532c3b85fb1b48d51b86bd824a19cf09,183,20150415,921,north,minute_ignition,True,False,2.0493055555555557,4424.75,4416.75,4429.0,8.0,4.5,112,7.75,12.25,8.0,False,censored_window,0.36,,,6.25,6.25,6.25,6.25,6.25,6.25,-6.25,-6.25,-6.25,39.0
riz_0e20d56653fbbe427f7f5deb3820079a,186,20150415,942,north,minute_ignition,True,False,2.0375,4419.5,4419.0,4429.0,0.5,9.75,132,0.0,10.0,0.5,True,b_first,0.9512195121951219,1.0,0.04878048780487809,0.5,0.5,0.5,0.5,0.5,0.5,-0.5,-0.5,-0.5,1.0
riz_8523a8345561fd8622b6cb9a07c8a9da,132,20150416,696,north,minute_ignition,False,False,0.7395833333333334,4413.0,4417.25,4419.0,-4.25,6.25,111,-4.5,1.75,-4.0,True,b_at_entry,,,,,,,,,,,,,
riz_3a25702babc9cf873b42b2c90970b79c,208,20150420,680,north,minute_ignition,True,False,5.128472222222222,4401.75,4396.5,4407.0,5.25,5.5,23,1.0,10.5,5.5,False,a_first,0.5116279069767442,0.0,-0.5116279069767442,-5.5,-5.5,-5.5,-5.5,-5.5,-5.5,5.5,5.5,5.5,16.0
riz_8c9250d3fc880415f5c0525ecd73acbf,152,20150423,856,north,minute_ignition,True,False,51.83958333333333,4479.0,4478.25,4481.25,0.75,2.5,7,0.75,3.0,1.0,True,a_first,0.7692307692307693,0.0,-0.7692307692307693,-2.5,-2.5,-2.5,-2.5,-2.5,-2.5,2.5,2.5,2.5,1.0
riz_b03e8ac03713836e0fc53034bad6030c,134,20150428,712,south,minute_ignition,False,False,56.449305555555554,4520.75,4478.0,4471.75,-42.75,49.25,98,-45.25,6.25,-42.5,True,b_at_entry,,,,,,,,,,,,,
riz_96b2f90eabfeb3a37c358b051f4e2e76,190,20150501,590,north,minute_ignition,False,False,7.864583333333333,4440.5,4442.5,4446.25,-2.0,6.0,5,-2.5,3.75,-2.25,True,b_at_entry,,,,,,,,,,,,,
riz_2a34f9e160feae199a319e197b8a66a8,132,20150505,696,south,minute_ignition,True,False,4.754861111111111,4415.0,4419.25,4407.5,4.25,7.75,29,2.75,11.75,4.5,True,b_first,0.6458333333333334,1.0,0.35416666666666663,4.25,4.25,4.25,4.25,4.25,4.25,-4.25,-4.25,-4.25,7.0
riz_25ae7f9b47157305e708686ef7cb5edf,182,20150506,732,south,minute_ignition,True,False,18.896527777777777,4380.5,4382.75,4360.75,2.25,20.0,149,0.25,22.0,1.75,True,a_first,0.898876404494382,0.0,-0.898876404494382,-20.0,-20.0,-20.0,-20.0,-20.0,-20.0,20.0,20.0,20.0,83.0
riz_58a5ead68a4c3612ac71ea2095519871,238,20150508,592,north,minute_ignition,True,False,6.697222222222222,4454.25,4451.0,4456.75,3.25,2.75,8,3.0,5.75,3.5,True,b_first,0.4583333333333333,1.0,0.5416666666666667,3.25,3.25,3.25,3.25,3.25,3.25,-3.25,-3.25,-3.25,2.0
riz_55f8ece6274ad5061371fb35a8f324b7,173,20150518,678,north,minute_ignition,False,False,3.2381944444444444,4494.75,4495.0,4496.75,-0.25,2.25,3,-1.5,1.75,-0.5,True,b_at_entry,,,,,,,,,,,,,
riz_9b71616bff35c20bdfb970cd998909c7,212,20150518,700,north,minute_ignition,True,False,3.140972222222222,4504.5,4501.0,4505.0,3.5,0.75,9,3.0,4.0,3.5,True,a_first,0.17647058823529413,0.0,-0.17647058823529413,-0.75,-0.75,-0.75,-0.75,-0.75,-0.75,0.75,0.75,0.75,1.0
riz_488b794e2157cbd76831a37a0a7375b6,217,20150518,725,north,minute_ignition,True,False,3.126388888888889,4502.25,4498.25,4505.75,4.0,3.75,35,4.0,7.5,4.25,False,a_first,0.4838709677419355,0.0,-0.4838709677419355,-3.75,-3.75,-3.75,-3.75,-3.75,-3.75,3.75,3.75,3.75,65.0
riz_474f2a180328e2eafbe99bae55c25f75,152,20150520,704,south,minute_ignition,False,False,2.442361111111111,4499.5,4488.5,4482.25,-11.0,17.5,123,-13.0,6.25,-11.0,True,b_at_entry,,,,,,,,,,,,,
riz_88189d0b14d7a6bfb9cd3a48625c5265,177,20150520,879,north,minute_ignition,True,False,1.2375,4528.5,4520.5,4534.0,8.0,5.75,12,6.0,13.5,8.0,False,b_first,0.41818181818181815,1.0,0.5818181818181818,8.0,8.0,8.0,8.0,8.0,8.0,-8.0,-8.0,-8.0,12.0
riz_dbed744af1ef93e550a3ed8cd567bf46,159,20150526,594,south,minute_ignition,True,False,5.108333333333333,4491.25,4492.5,4487.75,1.25,3.75,3,1.0,4.75,1.25,True,a_first,0.75,0.0,-0.75,-3.75,-3.75,-3.75,-3.75,-3.75,-3.75,3.75,3.75,3.75,2.0
riz_94475228431247e1c12eabdf28609a13,136,20150527,592,north,minute_ignition,True,False,5.904166666666667,4507.25,4498.75,4509.75,8.5,2.75,2,8.25,11.0,8.5,False,a_first,0.24444444444444444,0.0,-0.24444444444444444,-2.75,-2.75,-2.75,-2.75,-2.75,-2.75,2.75,2.75,2.75,3.0
riz_315ad1b4e18803b4cec0ffdccc56b635,159,20150527,594,north,minute_ignition,True,False,5.8875,4508.25,4500.25,4509.75,8.0,1.75,3,-0.5,9.5,7.75,False,a_first,0.1794871794871795,0.0,-0.1794871794871795,-1.75,-1.75,-1.75,-1.75,-1.75,-1.75,1.75,1.75,1.75,1.0
riz_ac090c8eca1d286fb2a3daecbee3d0f8,128,20150527,664,north,minute_ignition,True,False,5.944444444444445,4520.75,4493.5,4522.75,27.25,2.25,80,24.5,29.25,27.25,True,a_first,0.07627118644067797,0.0,-0.07627118644067797,-2.25,-2.25,-2.25,-2.25,-2.25,-2.25,2.25,2.25,2.25,39.0
riz_aa79d3545c2e9a2364c0defe35405002,144,20150604,648,north,minute_ignition,True,False,1.1534722222222222,4511.25,4507.5,4526.0,3.75,15.0,67,-3.0,18.5,3.5,True,b_first,0.8,1.0,0.19999999999999996,3.75,3.75,3.75,3.75,3.75,3.75,-3.75,-3.75,-3.75,12.0
riz_b75f5a9760b567803d57cd73c621bab4,145,20150604,655,north,minute_ignition,True,False,1.1493055555555556,4511.0,4505.25,4526.0,5.75,15.25,75,5.75,20.75,6.0,True,b_first,0.7261904761904762,1.0,0.27380952380952384,5.75,5.75,5.75,5.75,5.75,5.75,-5.75,-5.75,-5.75,6.0
riz_d08a7aaa19fe552162299c71b2b71603,195,20150616,615,north,minute_ignition,False,False,0.69375,4419.75,4426.25,4439.75,-6.5,20.25,39,-9.0,13.5,-6.75,True,b_at_entry,,,,,,,,,,,,,
riz_21cb813892a9780cab4df8afc130da55,235,20150623,815,south,minute_ignition,False,False,3.8819444444444446,4532.75,4524.25,4522.75,-8.5,10.25,170,-9.5,1.5,-8.5,True,b_at_entry,,,,,,,,,,,,,
riz_8f042b885c28c671cac9417de2349c8f,196,20150625,620,south,minute_ignition,False,False,0.6958333333333333,4531.75,4520.5,4518.25,-11.25,13.75,38,-12.25,2.25,-11.5,True,b_at_entry,,,,,,,,,,,,,
riz_039d7efa7e4b8a95b435163dcb299b5a,137,20150701,736,south,minute_ignition,True,False,1.8444444444444446,4417.75,4418.5,4412.5,0.75,5.5,87,-0.25,6.0,1.0,True,a_first,0.88,0.0,-0.88,-5.5,-5.5,-5.5,-5.5,-5.5,-5.5,5.5,5.5,5.5,5.0
riz_6c4f6596559a32381462277715370df7,222,20150701,750,south,minute_ignition,True,False,1.8395833333333333,4412.5,4414.0,4408.0,1.5,4.75,9,0.25,6.0,1.5,False,b_first,0.76,1.0,0.24,1.5,1.5,1.5,1.5,1.5,1.5,-1.5,-1.5,-1.5,3.0
riz_e772106aaaf99f2f6ec92beb83616543,194,20150702,610,south,native_confirmation,True,False,0.4041666666666667,4420.25,4421.0,4420.5,0.75,-0.0,0,-0.0,0.5,0.5,False,a_at_entry,,,,,,,,,,,,,
riz_b4751147f9e15a989de1def272b0b1ba,122,20150703,616,south,minute_ignition,True,False,0.8145833333333333,4414.5,4417.0,4412.0,2.5,2.75,23,1.25,5.0,2.75,True,b_first,0.5238095238095238,1.0,0.47619047619047616,2.5,2.5,2.5,2.5,2.5,2.5,-2.5,-2.5,-2.5,14.0
riz_3b55011cc04c62309d50c81940c89f57,124,20150707,880,north,minute_ignition,True,False,1.3604166666666666,4393.25,4382.5,4397.5,10.75,4.5,101,9.0,15.0,10.5,True,a_first,0.29508196721311475,0.0,-0.29508196721311475,-4.5,-4.5,-4.5,-4.5,-4.5,-4.5,4.5,4.5,4.5,1.0
riz_587754e173d0aa7ddff65db5268745bd,137,20150722,599,north,minute_ignition,True,False,4.809027777777778,4630.5,4628.5,4631.5,2.0,1.25,1,0.0,3.0,1.75,True,a_first,0.38461538461538464,0.0,-0.38461538461538464,-1.25,-1.25,-1.25,-1.25,-1.25,-1.25,1.25,1.25,1.25,1.0
riz_316370e83c281a81b7337a9609f57e55,197,20150722,625,north,minute_ignition,False,False,4.721527777777778,4628.0,4633.0,4636.5,-5.0,8.75,7,-5.25,3.5,-4.5,True,b_at_entry,,,,,,,,,,,,,
riz_f9bee5807fa9f51e66c16a1f01a73af0,187,20150722,762,north,minute_ignition,False,False,4.769444444444445,4607.0,4631.5,4636.5,-24.5,29.75,145,-25.0,5.0,-24.25,True,b_at_entry,,,,,,,,,,,,,
riz_8f8b56b7a003fd4a7548793913f1641f,153,20150724,711,south,minute_ignition,True,False,0.7972222222222223,4596.5,4615.0,4590.5,18.5,6.25,139,18.0,24.5,18.5,True,a_first,0.25252525252525254,0.0,-0.25252525252525254,-6.25,-6.25,-6.25,-6.25,-6.25,-6.25,6.25,6.25,6.25,7.0
riz_d4ede8aafa9612a2d2d3380370515bea,179,20150724,714,south,minute_ignition,True,False,0.7777777777777778,4593.75,4613.75,4590.5,20.0,3.5,141,15.0,23.25,20.25,True,a_first,0.14893617021276595,0.0,-0.14893617021276595,-3.5,-3.5,-3.5,-3.5,-3.5,-3.5,3.5,3.5,3.5,4.0
riz_5e7ca5df464e146eb31afe18790fd8ef,154,20150724,718,south,minute_ignition,True,False,0.7930555555555555,4590.75,4607.5,4589.5,16.75,1.5,144,15.0,18.0,16.5,True,a_first,0.0821917808219178,0.0,-0.0821917808219178,-1.5,-1.5,-1.5,-1.5,-1.5,-1.5,1.5,1.5,1.5,20.0
riz_9d39c2b6d30bc699618ebe653512ffac,181,20150724,726,south,minute_ignition,True,False,0.7701388888888889,4592.0,4604.0,4589.5,12.0,2.75,150,10.5,14.5,11.75,True,a_first,0.1864406779661017,0.0,-0.1864406779661017,-2.75,-2.75,-2.75,-2.75,-2.75,-2.75,2.75,2.75,2.75,12.0
riz_6fbc4b036a55727da252bd6fc623ce0c,183,20150724,738,south,minute_ignition,True,False,0.7611111111111111,4589.75,4602.0,4588.5,12.25,1.5,161,11.5,13.5,12.5,True,a_first,0.10909090909090909,0.0,-0.10909090909090909,-1.5,-1.5,-1.5,-1.5,-1.5,-1.5,1.5,1.5,1.5,7.0
riz_dfce81979b7f5fbebcedd15c3d5eb281,136,20150727,728,north,minute_ignition,False,False,11.501388888888888,4519.5,4537.0,4545.25,-17.5,26.0,94,-18.25,8.25,-17.25,True,b_at_entry,,,,,,,,,,,,,
riz_89d5118b9ba4233efbd555c91cb98dc8,196,20150727,816,north,minute_ignition,False,False,11.421527777777778,4510.25,4539.25,4545.25,-29.0,35.25,178,-30.25,6.0,-29.0,True,b_at_entry,,,,,,,,,,,,,
riz_47282b668cefef0fa08ef46431b03941,125,20150728,640,south,minute_ignition,False,False,31.903472222222224,4504.25,4500.5,4497.0,-3.75,7.5,14,-4.0,3.5,-3.75,True,b_at_entry,,,,,,,,,,,,,
riz_405ca3126725c9314061d488f6487088,181,20150728,726,south,minute_ignition,False,False,0.76875,4532.5,4523.75,4497.0,-8.75,35.75,152,-9.75,26.75,-9.0,True,b_at_entry,,,,,,,,,,,,,
riz_38176708f8c165c212ced518428010c7,159,20150729,594,south,minute_ignition,True,False,0.32916666666666666,4553.25,4553.5,4549.25,0.25,4.25,4,0.25,4.25,0.5,True,b_first,0.9444444444444444,1.0,0.05555555555555558,0.25,0.25,0.25,0.25,0.25,0.25,-0.25,-0.25,-0.25,1.0
riz_e057ad8af121067df8fe56d785ed9c3b,121,20150730,608,south,minute_ignition,False,False,1.9111111111111112,4545.5,4534.0,4530.75,-11.5,15.0,7,-13.25,3.25,-11.5,True,b_at_entry,,,,,,,,,,,,,
riz_7def75e3fdfab726966c191bd2732f0b,138,20150805,744,north,minute_ignition,False,False,12.245833333333334,4611.5,4626.5,4629.0,-15.0,17.75,60,-16.25,2.5,-15.0,True,b_at_entry,,,,,,,,,,,,,
riz_e035b2748496a29c311a9cdc13a0192b,187,20150810,575,north,minute_ignition,True,False,5.258333333333334,4558.0,4557.25,4561.0,0.75,3.25,2,-1.0,3.75,0.75,True,a_first,0.8125,0.0,-0.8125,-3.25,-3.25,-3.25,-3.25,-3.25,-3.25,3.25,3.25,3.25,1.0
riz_132f9991cc25ca0ed91844d9b05efbf1,237,20150810,588,north,minute_ignition,False,False,4.997916666666667,4565.75,4566.75,4570.25,-1.0,4.75,3,-2.0,3.5,-1.0,True,b_at_entry,,,,,,,,,,,,,
riz_ae8861cc5917e640343103c44696c813,159,20150810,594,north,minute_ignition,True,False,5.097916666666666,4566.5,4562.5,4573.0,4.0,6.75,18,2.0,10.5,3.75,True,b_first,0.627906976744186,1.0,0.37209302325581395,4.0,4.0,4.0,4.0,4.0,4.0,-4.0,-4.0,-4.0,2.0
riz_3c2b70c5b0e239c94c9931b86e7dfa54,161,20150810,606,north,minute_ignition,False,False,5.096527777777778,4561.5,4564.5,4573.0,-3.0,11.75,22,-4.0,8.5,-3.0,True,b_at_entry,,,,,,,,,,,,,
riz_21ce68517d99df42bceab888b7c63421,123,20150810,624,north,minute_ignition,False,False,5.0625,4564.5,4568.5,4573.0,-4.0,8.75,33,-4.25,4.5,-3.75,True,b_at_entry,,,,,,,,,,,,,
riz_f4bde503e29f47aa79970fe5fa57ff46,153,20150810,711,north,native_confirmation,True,False,5.10625,4571.0,4570.0,4573.0,1.0,2.25,0,0.0,3.0,0.75,False,b_first,0.6923076923076923,1.0,0.3076923076923077,1.0,1.0,1.0,1.0,1.0,1.0,-1.0,-1.0,-1.0,1.0
riz_6a8fad96501554e9a2290efb289f1c6b,184,20150810,744,north,minute_ignition,False,False,5.106944444444444,4568.75,4571.25,4573.0,-2.5,4.5,30,-3.0,1.75,-2.5,True,b_at_entry,,,,,,,,,,,,,
riz_25890c75ee525f8e81f7dd48e7d2e1f0,129,20150811,801,south,minute_ignition,True,False,3.9881944444444444,4491.25,4500.75,4491.0,9.5,0.5,17,9.0,9.75,9.5,True,a_first,0.05,0.0,-0.05,-0.5,-0.5,-0.5,-0.5,-0.5,-0.5,0.5,0.5,0.5,1.0
riz_7a160aa7de2795266dd7fbd19001c0f0,146,20150811,808,south,minute_ignition,True,False,3.979861111111111,4497.25,4506.25,4488.75,9.0,8.75,29,7.0,17.5,9.0,False,a_first,0.49295774647887325,0.0,-0.49295774647887325,-8.75,-8.75,-8.75,-8.75,-8.75,-8.75,8.75,8.75,8.75,37.0
riz_41e6eb2b49aca7b672aab9169510f2fb,122,20150811,860,south,minute_ignition,True,False,3.95,4487.5,4497.5,4485.5,10.0,2.25,72,8.75,12.0,10.0,True,b_first,0.1836734693877551,1.0,0.8163265306122449,10.0,10.0,10.0,10.0,10.0,10.0,-10.0,-10.0,-10.0,9.0
riz_cdede0b4a7073ede22f162e14b208959,126,20150812,900,north,minute_ignition,True,False,0.7423611111111111,4523.5,4512.75,4524.75,10.75,1.5,65,8.5,12.0,10.75,True,a_first,0.12244897959183673,0.0,-0.12244897959183673,-1.5,-1.5,-1.5,-1.5,-1.5,-1.5,1.5,1.5,1.5,1.0
riz_a49e7518082865d1122c31a65020d916,210,20150819,690,south,minute_ignition,True,False,7.435416666666667,4493.5,4495.25,4491.25,1.75,2.5,4,-0.25,4.0,1.75,True,a_first,0.5882352941176471,0.0,-0.5882352941176471,-2.5,-2.5,-2.5,-2.5,-2.5,-2.5,2.5,2.5,2.5,1.0
riz_aac08c47614901e26310662f54ee86a0,201,20150819,846,south,minute_ignition,False,False,7.320833333333334,4529.5,4491.25,4483.25,-38.25,46.5,141,-38.5,8.0,-38.25,True,b_at_entry,,,,,,,,,,,,,
riz_6af8ebde30fbe067877f93f6c00f7452,125,20150821,640,south,native_confirmation,True,False,140.05902777777777,4299.75,4301.25,4295.25,1.5,4.75,0,-0.0,6.0,1.25,False,b_first,0.76,1.0,0.24,1.5,1.5,1.5,1.5,1.5,1.5,-1.5,-1.5,-1.5,1.0
riz_2e4f72a98edafdb5735879309e2a6ad0,147,20150821,669,south,minute_ignition,True,False,140.07777777777778,4285.0,4291.25,4282.5,6.25,2.75,2,5.75,8.75,6.25,True,a_first,0.3055555555555556,0.0,-0.3055555555555556,-2.75,-2.75,-2.75,-2.75,-2.75,-2.75,2.75,2.75,2.75,2.0
riz_953a15d8378332e858860db7f806dcd4,148,20150821,676,south,minute_ignition,True,False,140.07847222222222,4281.0,4289.5,4271.0,8.5,10.25,8,8.0,18.5,8.25,False,b_first,0.5466666666666666,1.0,0.45333333333333337,8.5,8.5,8.5,8.5,8.5,8.5,-8.5,-8.5,-8.5,2.0
riz_af95d6995815c7322e840027b8eef16e,149,20150821,683,south,minute_ignition,False,False,140.08055555555555,4287.25,4284.75,4271.0,-2.5,16.5,12,-5.75,13.75,-2.75,True,b_at_entry,,,,,,,,,,,,,
riz_0473ec0468b3139baf4638d38973f774,176,20150821,696,south,minute_ignition,True,False,140.07569444444445,4271.5,4292.75,4269.5,21.25,2.25,32,20.75,23.25,21.0,True,a_first,0.09574468085106383,0.0,-0.09574468085106383,-2.25,-2.25,-2.25,-2.25,-2.25,-2.25,2.25,2.25,2.25,3.0
riz_cceae1be81e37ca89c35fd090de16139,178,20150821,708,south,minute_ignition,True,False,140.07916666666668,4281.5,4287.75,4264.25,6.25,17.5,39,3.75,23.5,6.5,True,b_first,0.7368421052631579,1.0,0.26315789473684215,6.25,6.25,6.25,6.25,6.25,6.25,-6.25,-6.25,-6.25,10.0
riz_87409fa82b5d821ecb44417c24f1c8e9,156,20150821,732,south,minute_ignition,False,False,137.17569444444445,4305.5,4276.0,4264.25,-29.5,41.5,59,-34.0,11.75,-29.5,True,b_at_entry,,,,,,,,,,,,,
riz_d774d63d9833a3892012ebeb5f00c275,233,20150824,572,south,minute_ignition,True,False,317.68819444444443,3908.25,3923.25,3908.25,15.0,0.25,1,-0.0,15.0,15.0,False,b_first,0.01639344262295082,1.0,0.9836065573770492,15.0,15.0,15.0,15.0,15.0,15.0,-15.0,-15.0,-15.0,7.0
riz_72a4cfb7ac8e5d67129271e05525ce83,138,20150825,744,north,minute_ignition,False,False,201.20277777777778,4185.75,4198.75,4204.25,-13.0,18.75,62,-13.5,5.5,-13.0,True,b_at_entry,,,,,,,,,,,,,
riz_3f02b297518855201f3013cf989b22e6,185,20150825,750,north,minute_ignition,False,False,201.16875,4181.5,4200.75,4204.25,-19.25,23.0,67,-20.5,3.5,-19.25,True,b_at_entry,,,,,,,,,,,,,
riz_fd3e617b276989fc3c932a422a7bf825,208,20150908,680,south,minute_ignition,False,False,4.738194444444445,4260.5,4254.5,4251.0,-6.0,9.75,37,-7.0,3.5,-6.25,True,b_at_entry,,,,,,,,,,,,,
riz_122361058673772cf3eeeeb6b8701c60,126,20150909,900,north,minute_ignition,False,False,0.45625,4283.75,4331.25,4333.25,-47.5,49.75,99,-48.75,2.0,-47.25,True,b_at_entry,,,,,,,,,,,,,
riz_74b0f53e40f6fd2c4922d8caee4b6855,219,20150911,735,north,minute_ignition,False,False,0.45555555555555555,4292.5,4292.5,4293.75,0.0,1.5,1,-0.25,1.25,0.0,True,b_at_entry,,,,,,,,,,,,,
riz_7486ccfc2afc98f77e911e37c08c64c4,193,20150911,798,north,minute_ignition,False,False,0.5152777777777777,4290.0,4294.75,4300.25,-4.75,10.5,30,-5.75,5.5,-5.25,True,b_at_entry,,,,,,,,,,,,,
riz_caee2ba76819a09027980ebe541c5807,210,20150911,900,north,minute_ignition,True,False,0.4965277777777778,4297.5,4297.25,4303.0,0.25,5.75,129,0.25,5.75,0.5,True,a_first,0.9583333333333334,0.0,-0.9583333333333334,-5.75,-5.75,-5.75,-5.75,-5.75,-5.75,5.75,5.75,5.75,7.0
riz_562764d036bd55f100e94c46180fc104,211,20150911,906,north,minute_ignition,True,False,0.4930555555555556,4300.5,4298.5,4303.0,2.0,2.75,134,1.5,4.5,2.0,True,a_first,0.5789473684210527,0.0,-0.5789473684210527,-2.75,-2.75,-2.75,-2.75,-2.75,-2.75,2.75,2.75,2.75,1.0
riz_6249d78124548507e869973e1b1c327b,221,20150921,745,south,minute_ignition,False,False,0.44930555555555557,4318.25,4314.25,4310.25,-4.0,8.25,16,-5.0,4.0,-4.25,True,b_at_entry,,,,,,,,,,,,,
riz_99c46fd7aa103cbd7dd05eb345af8891,227,20150921,775,south,minute_ignition,True,False,0.43819444444444444,4294.0,4316.0,4288.5,22.0,5.75,50,21.5,27.5,21.75,True,a_first,0.2072072072072072,0.0,-0.2072072072072072,-5.75,-5.75,-5.75,-5.75,-5.75,-5.75,5.75,5.75,5.75,1.0
riz_29b907eb9f53cf6b4bd1acf7d447d7b7,179,20150923,714,south,native_confirmation,True,False,0.3729166666666667,4248.25,4248.5,4247.5,0.25,1.0,0,-0.0,1.0,0.5,False,same_minute,0.8,,,,-1.0,0.25,,-1.0,0.25,,-0.25,1.0,1.0
riz_67d0da6c07c4acd5c8177e223613dfea,226,20150923,770,south,minute_ignition,False,False,0.44027777777777777,4251.75,4246.0,4242.0,-5.75,10.0,44,-6.5,4.0,-5.75,True,b_at_entry,,,,,,,,,,,,,
riz_cb8c14ed3e1776e36225aeed2702ed44,227,20150923,775,south,minute_ignition,False,False,0.4409722222222222,4258.75,4244.5,4242.0,-14.25,17.0,46,-15.25,2.5,-14.25,True,b_at_entry,,,,,,,,,,,,,
riz_0e559cf633ac90bf84d5dfc5d13244aa,157,20150925,896,south,minute_ignition,True,False,1.101388888888889,4212.25,4218.75,4203.5,6.5,9.0,11,0.75,15.25,6.75,True,b_first,0.5806451612903226,1.0,0.4193548387096774,6.5,6.5,6.5,6.5,6.5,6.5,-6.5,-6.5,-6.5,2.0
riz_4b96ea0efd029996df7fd304e2c24666,121,20150929,608,south,minute_ignition,False,False,0.3958333333333333,4111.0,4099.0,4072.75,-12.0,38.5,35,-15.75,26.25,-12.25,True,b_at_entry,,,,,,,,,,,,,
riz_fd504c39bc663f7908e52a145298ff24,124,20150929,632,south,minute_ignition,False,False,0.3902777777777778,4137.0,4095.0,4072.75,-42.0,64.5,58,-49.75,22.25,-42.0,True,b_at_entry,,,,,,,,,,,,,
riz_b13c244a26d447f8bd7da6c558cb797a,125,20151002,765,north,minute_ignition,False,False,0.2513888888888889,4193.25,4202.0,4203.5,-8.75,10.5,13,-9.0,1.5,-8.5,True,b_at_entry,,,,,,,,,,,,,
riz_3cc2aca912b32a0e15f455833aa8f861,127,20151002,783,north,minute_ignition,True,False,0.25763888888888886,4207.5,4205.75,4210.25,1.75,3.0,10,1.0,4.5,1.75,True,a_first,0.631578947368421,0.0,-0.631578947368421,-3.0,-3.0,-3.0,-3.0,-3.0,-3.0,3.0,3.0,3.0,1.0
riz_0b3ecae03bbc1bfa26ed68ddfee793f2,126,20151007,900,north,minute_ignition,False,False,0.3,4300.25,4312.25,4321.0,-12.0,21.0,72,-12.5,8.75,-12.0,True,b_at_entry,,,,,,,,,,,,,
riz_b2d41ffccf46edc43e127cac1a82a3fc,145,20151008,945,north,minute_ignition,True,False,0.23194444444444445,4335.25,4302.0,4348.25,33.25,13.25,101,31.75,46.25,33.25,True,censored_window,0.2849462365591398,,,-5.0,-5.0,-5.0,-5.0,-5.0,-5.0,5.0,5.0,5.0,15.0
riz_8a77938e0009b2ffca6ff750e8fa08ae,138,20151013,882,south,minute_ignition,True,False,0.24166666666666667,4353.75,4355.75,4349.5,2.0,4.5,66,2.0,6.25,2.25,True,b_first,0.6923076923076923,1.0,0.3076923076923077,2.0,2.0,2.0,2.0,2.0,2.0,-2.0,-2.0,-2.0,4.0
riz_d07f3af12cafc549e9cd6ad4693e76da,139,20151013,891,south,minute_ignition,True,False,0.3138888888888889,4357.75,4361.0,4349.5,3.25,8.5,104,2.5,11.5,3.0,True,b_first,0.723404255319149,1.0,0.276595744680851,3.25,3.25,3.25,3.25,3.25,3.25,-3.25,-3.25,-3.25,5.0
riz_ac164089b02109ff3725e83f8543bc8f,141,20151013,909,south,minute_ignition,True,False,0.30972222222222223,4357.5,4359.75,4349.5,2.25,8.25,118,1.25,10.25,2.5,True,b_first,0.7857142857142857,1.0,0.2142857142857143,2.25,2.25,2.25,2.25,2.25,2.25,-2.25,-2.25,-2.25,2.0
riz_b7e0a4a3b945fbdfa66b80dcfbd62944,190,20151014,590,north,minute_ignition,True,False,0.8618055555555556,4359.25,4358.25,4362.0,1.0,3.0,9,0.5,3.75,1.0,True,b_first,0.75,1.0,0.25,1.0,1.0,1.0,1.0,1.0,1.0,-1.0,-1.0,-1.0,1.0
riz_f09845e6aeeddbbc4d51a735d1f67d99,147,20151102,669,north,minute_ignition,True,False,3.4479166666666665,4676.0,4675.25,4681.0,0.75,5.25,3,-3.75,5.75,1.0,True,b_first,0.875,1.0,0.125,0.75,0.75,0.75,0.75,0.75,0.75,-0.75,-0.75,-0.75,4.0
riz_c33e33761c7cd755e0c0051eb3861a10,130,20151102,810,north,minute_ignition,False,False,3.473611111111111,4681.25,4682.0,4683.75,-0.75,2.75,28,-1.75,1.75,-1.0,True,b_at_entry,,,,,,,,,,,,,
riz_7fa4da4dd8e2b75d695dd26cc32b1116,169,20151105,654,south,minute_ignition,False,False,6.155555555555556,4680.75,4676.0,4673.75,-4.75,7.25,5,-6.5,2.25,-5.0,True,b_at_entry,,,,,,,,,,,,,
riz_71e1e51b23a6c59f58ffddb40c76e5e9,206,20151105,670,south,minute_ignition,True,False,2.1152777777777776,4681.0,4687.25,4673.75,6.25,7.5,40,4.25,13.5,6.25,False,b_first,0.5454545454545454,1.0,0.4545454545454546,6.25,6.25,6.25,6.25,6.25,6.25,-6.25,-6.25,-6.25,9.0
riz_19124eb4bcfd2c1e4c12e9f918578a6c,130,20151105,680,south,minute_ignition,False,False,2.05625,4685.25,4684.25,4673.75,-1.0,11.75,49,-4.5,10.5,-0.75,True,b_at_entry,,,,,,,,,,,,,
riz_13ae90d1535cd39a933f070607f281c1,210,20151105,690,south,minute_ignition,True,False,2.102777777777778,4689.0,4689.25,4673.75,0.25,15.5,62,-1.25,15.5,0.5,True,b_first,0.9841269841269841,1.0,0.015873015873015928,0.25,0.25,0.25,0.25,0.25,0.25,-0.25,-0.25,-0.25,1.0
riz_341ad68573c8a0a35de6d61754fe9797,148,20151109,676,south,native_confirmation,True,False,7.513888888888889,4635.25,4636.25,4634.25,1.0,1.25,0,-0.0,2.0,1.25,False,b_first,0.5555555555555556,1.0,0.4444444444444444,1.0,1.0,1.0,1.0,1.0,1.0,-1.0,-1.0,-1.0,1.0
riz_9dcf07abbd0f946e61142e1dfcbc759f,120,20151109,720,south,minute_ignition,True,False,7.477083333333334,4625.0,4631.25,4623.75,6.25,1.5,33,5.25,7.5,6.25,True,a_first,0.1935483870967742,0.0,-0.1935483870967742,-1.5,-1.5,-1.5,-1.5,-1.5,-1.5,1.5,1.5,1.5,1.0
riz_331d1fda24c7715c5f2ef09bc012b976,164,20151118,952,north,minute_ignition,True,False,6.554861111111111,4650.25,4640.0,4652.75,10.25,2.75,21,9.25,12.75,10.0,True,a_first,0.21153846153846154,0.0,-0.21153846153846154,-2.75,-2.75,-2.75,-2.75,-2.75,-2.75,2.75,2.75,2.75,2.0
riz_c404229c1edd885a57b0c79ff65842f7,160,20151123,760,north,minute_ignition,False,False,14.459027777777777,4688.25,4705.0,4706.75,-16.75,18.75,139,-17.5,1.75,-16.75,True,b_at_entry,,,,,,,,,,,,,
riz_91cd4e77e02712e5a9fdf137179a93d1,120,20151127,600,south,minute_ignition,True,False,0.2298611111111111,4675.5,4682.5,4672.25,7.0,3.5,29,7.0,10.25,7.25,True,a_first,0.3333333333333333,0.0,-0.3333333333333333,-3.5,-3.5,-3.5,-3.5,-3.5,-3.5,3.5,3.5,3.5,1.0
riz_8b38a69e09586c530ef363afda92f35d,125,20151127,640,south,minute_ignition,True,False,0.21666666666666667,4671.5,4680.25,4664.75,8.75,7.0,63,7.0,15.5,9.0,True,b_first,0.4444444444444444,1.0,0.5555555555555556,8.75,8.75,8.75,8.75,8.75,8.75,-8.75,-8.75,-8.75,26.0
riz_989ab0ac417d9c4a088197ea433a43ab,120,20151130,600,south,minute_ignition,True,False,0.4979166666666667,4677.25,4679.25,4676.5,2.0,1.0,3,1.75,2.75,2.75,True,a_first,0.3333333333333333,0.0,-0.3333333333333333,-1.0,-1.0,-1.0,-1.0,-1.0,-1.0,1.0,1.0,1.0,1.0
riz_44a4c5ef591a16ea6146c55aafff1580,205,20151130,665,south,minute_ignition,True,False,0.38125,4673.75,4677.5,4668.0,3.75,6.0,66,3.0,9.5,3.5,True,b_first,0.6153846153846154,1.0,0.3846153846153846,3.75,3.75,3.75,3.75,3.75,3.75,-3.75,-3.75,-3.75,6.0
riz_8cc64b5aebc5449aef7ec71236df3f68,192,20151204,792,north,minute_ignition,False,False,1.2659722222222223,4708.75,4710.25,4712.25,-1.5,3.75,1,-2.5,2.0,-1.5,True,b_at_entry,,,,,,,,,,,,,
riz_117086358168719211238a15903734ec,156,20151204,888,north,native_confirmation,True,False,1.325,4715.0,4714.75,4716.5,0.25,1.75,0,0.0,1.75,0.25,False,b_first,0.875,1.0,0.125,0.25,0.25,0.25,0.25,0.25,0.25,-0.25,-0.25,-0.25,1.0
riz_76d5a63e1e52e8da45ca0eadfd1cd0ca,157,20151204,896,north,minute_ignition,True,False,1.3145833333333334,4718.25,4712.0,4719.25,6.25,1.25,18,5.25,7.25,6.0,True,a_first,0.16666666666666666,0.0,-0.16666666666666666,-1.25,-1.25,-1.25,-1.25,-1.25,-1.25,1.25,1.25,1.25,3.0
riz_ecdf44b142de6fda9e22bfad33eebbbd,158,20151204,904,north,minute_ignition,True,False,1.3159722222222223,4716.75,4713.25,4721.25,3.5,4.75,19,1.75,8.0,3.25,True,a_first,0.5757575757575758,0.0,-0.5757575757575758,-4.75,-4.75,-4.75,-4.75,-4.75,-4.75,4.75,4.75,4.75,5.0
riz_7aad26e746276cc3783388d53c66e9c1,161,20151204,928,north,minute_ignition,False,False,1.3090277777777777,4716.5,4716.25,4723.25,0.25,7.0,38,-0.5,7.0,0.0,True,b_first,0.9655172413793104,1.0,0.03448275862068961,0.25,0.25,0.25,0.25,0.25,0.25,-0.25,-0.25,-0.25,1.0
riz_b2ed61954210f48d1ad120eedfa66093,162,20151204,936,north,minute_ignition,False,False,1.3069444444444445,4712.25,4718.0,4723.25,-5.75,11.25,44,-6.5,5.25,-5.75,True,b_at_entry,,,,,,,,,,,,,
riz_9e5648b4005e6cfa1a8a2ea723a8f92b,163,20151204,944,north,minute_ignition,False,False,1.3090277777777777,4716.25,4719.25,4723.25,-3.0,7.25,44,-3.0,4.0,-2.75,True,b_at_entry,,,,,,,,,,,,,
riz_bb24a0f44331b6a007edd6db442f8ad4,196,20151207,620,south,minute_ignition,True,False,0.37569444444444444,4703.5,4708.75,4689.75,5.25,14.0,47,4.5,19.0,5.25,True,a_first,0.7272727272727273,0.0,-0.7272727272727273,-14.0,-14.0,-14.0,-14.0,-14.0,-14.0,14.0,14.0,14.0,11.0
riz_e7861f7e759ea2ecae46e85a1ea51869,235,20151207,815,south,minute_ignition,True,False,3.8534722222222224,4683.0,4693.5,4670.5,10.5,12.75,211,9.5,23.0,11.0,True,b_first,0.5483870967741935,1.0,0.4516129032258065,10.5,10.5,10.5,10.5,10.5,10.5,-10.5,-10.5,-10.5,32.0
riz_539fbc3cbdd870fc90f7857e59f9385c,162,20151211,774,south,minute_ignition,False,False,27.869444444444444,4538.75,4539.0,4535.25,0.25,3.75,26,-2.25,3.75,-0.0,True,b_first,0.9375,1.0,0.0625,0.25,0.25,0.25,0.25,0.25,0.25,-0.25,-0.25,-0.25,1.0
riz_a9b44f48775a2ef67e237e2df93129ab,214,20151216,924,north,minute_ignition,True,False,5.575694444444444,4648.75,4642.25,4656.75,6.5,8.25,27,3.5,14.5,6.5,True,a_first,0.559322033898305,0.0,-0.559322033898305,-8.25,-8.25,-8.25,-8.25,-8.25,-8.25,8.25,8.25,8.25,6.0
riz_66dc09ccd3a46f6367cb60191a69b575,202,20151217,650,south,native_confirmation,True,False,6.1402777777777775,4634.75,4639.5,4634.25,4.75,0.75,0,-0.0,5.25,4.25,False,a_first,0.13636363636363635,0.0,-0.13636363636363635,-0.75,-0.75,-0.75,-0.75,-0.75,-0.75,0.75,0.75,0.75,1.0
riz_91920a8cc37cccf45a7fb7e676e48846,150,20151217,690,south,minute_ignition,False,False,0.8895833333333333,4618.0,4614.75,4608.0,-3.25,10.25,9,-8.0,6.75,-3.25,True,b_at_entry,,,,,,,,,,,,,
riz_a5ebccbe03e15f996c190241c70e7f81,161,20151217,767,south,minute_ignition,True,False,6.143055555555556,4618.25,4635.0,4608.0,16.75,10.5,116,11.0,27.0,17.0,True,b_first,0.3853211009174312,1.0,0.6146788990825688,16.75,16.75,16.75,16.75,16.75,16.75,-16.75,-16.75,-16.75,38.0
riz_947450f0ba43d37c8c0f5d8ff0c81bf7,157,20151221,582,south,minute_ignition,False,False,2.6951388888888888,4539.5,4536.25,4535.25,-3.25,4.5,1,-3.75,1.0,-3.0,True,b_at_entry,,,,,,,,,,,,,
riz_5a3d2f056222ba05676f4a538765c44a,184,20151221,744,south,minute_ignition,True,False,2.70625,4527.0,4533.0,4511.75,6.0,15.5,147,4.5,21.25,6.5,True,b_first,0.7209302325581395,1.0,0.2790697674418605,6.0,6.0,6.0,6.0,6.0,6.0,-6.0,-6.0,-6.0,13.0
riz_779b4a0488ae596f48fc4786e37fb59c,137,20151229,599,north,minute_ignition,True,False,12.184722222222222,4656.75,4653.0,4657.0,3.75,0.5,8,1.75,4.0,3.5,True,a_first,0.11764705882352941,0.0,-0.11764705882352941,-0.5,-0.5,-0.5,-0.5,-0.5,-0.5,0.5,0.5,0.5,1.0
riz_f66fdedfafad1f28bfdef8896cb4605c,201,20151229,645,north,minute_ignition,True,False,12.111805555555556,4669.25,4664.25,4672.75,5.0,3.75,40,4.0,8.5,4.75,True,a_first,0.42857142857142855,0.0,-0.42857142857142855,-3.75,-3.75,-3.75,-3.75,-3.75,-3.75,3.75,3.75,3.75,19.0
riz_76a63be02027e1973c705d51563f1234,126,20151229,648,north,minute_ignition,True,False,12.145833333333334,4668.25,4666.5,4672.75,1.75,4.75,42,-0.25,6.25,1.75,True,b_first,0.7307692307692307,1.0,0.2692307692307693,1.75,1.75,1.75,1.75,1.75,1.75,-1.75,-1.75,-1.75,3.0
riz_91b4695272e61e446d1161c568cb847f,144,20151229,648,north,minute_ignition,True,False,12.169444444444444,4668.25,4662.5,4672.75,5.75,4.75,44,4.5,10.25,5.75,False,a_first,0.4523809523809524,0.0,-0.4523809523809524,-4.75,-4.75,-4.75,-4.75,-4.75,-4.75,4.75,4.75,4.75,16.0
riz_3be5f653a171fda13346663a24b690bb,203,20151229,655,north,minute_ignition,True,False,12.10763888888889,4669.75,4668.75,4672.75,1.0,3.25,48,0.25,4.0,1.0,True,b_first,0.7647058823529411,1.0,0.23529411764705888,1.0,1.0,1.0,1.0,1.0,1.0,-1.0,-1.0,-1.0,1.0
riz_2f389388f4f39c1fb5b9ab78fa2adc33,128,20151229,664,north,minute_ignition,True,False,12.154861111111112,4673.25,4670.0,4673.5,3.25,0.5,33,2.5,3.5,3.0,True,a_first,0.13333333333333333,0.0,-0.13333333333333333,-0.5,-0.5,-0.5,-0.5,-0.5,-0.5,0.5,0.5,0.5,1.0
riz_0da7a234e327d516ae3b575149a5f891,171,20151229,666,north,minute_ignition,True,False,12.118055555555555,4675.25,4673.5,4675.5,1.75,0.5,1,1.0,2.0,1.75,False,a_first,0.2222222222222222,0.0,-0.2222222222222222,-0.5,-0.5,-0.5,-0.5,-0.5,-0.5,0.5,0.5,0.5,1.0
riz_fa7126d4501b5cd1e707e58c180d94e5,120,20151229,720,north,minute_ignition,False,False,12.129861111111111,4674.25,4675.25,4680.5,-1.0,6.5,53,-1.25,5.25,-1.0,True,b_at_entry,,,,,,,,,,,,,
riz_8c5fc20ae6ddeb2a9168a502bb9794be,180,20151229,720,north,minute_ignition,False,False,12.104861111111111,4674.25,4678.5,4680.5,-4.25,6.5,29,-4.75,2.0,-4.25,True,b_at_entry,,,,,,,,,,,,,
riz_da45c86473602fb9a620747ef5f45259,220,20151229,740,north,minute_ignition,True,False,12.109722222222222,4679.75,4676.75,4680.5,3.0,1.0,62,1.5,3.75,3.0,True,a_first,0.25,0.0,-0.25,-1.0,-1.0,-1.0,-1.0,-1.0,-1.0,1.0,1.0,1.0,2.0
riz_51ae252b39e6fa2535c9033718f0cf29,185,20151229,750,north,minute_ignition,True,False,12.152083333333334,4676.5,4656.25,4681.25,20.25,5.0,151,20.25,25.0,20.5,False,a_first,0.19801980198019803,0.0,-0.19801980198019803,-5.0,-5.0,-5.0,-5.0,-5.0,-5.0,5.0,5.0,5.0,15.0
riz_80fbc6ca81695813cca2aacd6c5a1731,186,20151229,756,north,minute_ignition,True,False,12.151388888888889,4677.0,4661.0,4681.25,16.0,4.5,154,14.5,20.25,16.0,True,a_first,0.21951219512195122,0.0,-0.21951219512195122,-4.5,-4.5,-4.5,-4.5,-4.5,-4.5,4.5,4.5,4.5,9.0
riz_e287b471826140fab80e406c3284ed7c,186,20151229,756,north,minute_ignition,False,False,12.119444444444444,4677.0,4679.75,4681.25,-2.75,4.5,14,-3.0,1.5,-2.75,True,b_at_entry,,,,,,,,,,,,,
riz_aef00daba64cbcdcd19941556a611680,137,20151230,599,south,minute_ignition,True,False,12.895833333333334,4663.5,4666.0,4661.75,2.5,2.0,13,1.75,4.25,2.25,True,b_first,0.4444444444444444,1.0,0.5555555555555556,2.5,2.5,2.5,2.5,2.5,2.5,-2.5,-2.5,-2.5,4.0
riz_ca3f541f985a88c2fe30e4c4a93280ec,160,20151230,600,south,minute_ignition,True,False,12.877777777777778,4663.75,4667.25,4661.75,3.5,2.25,16,3.5,5.5,3.75,True,b_first,0.391304347826087,1.0,0.6086956521739131,3.5,3.5,3.5,3.5,3.5,3.5,-3.5,-3.5,-3.5,5.0
riz_fff0a3df9e333cd1440cf990e7d95892,197,20151230,625,south,native_confirmation,True,False,12.863194444444444,4661.75,4661.75,4660.75,-0.0,1.25,0,-0.0,1.0,0.5,False,b_at_entry,,,,,,,,,,,,,
riz_7dd6dacb732317756c40642c86919324,199,20151230,635,south,minute_ignition,False,False,12.856944444444444,4662.5,4659.75,4657.5,-2.75,5.25,7,-3.5,2.25,-3.0,True,b_at_entry,,,,,,,,,,,,,
riz_ec61a4ed8a24a79e7687a868fa13740e,190,20160104,780,south,minute_ignition,False,False,74.83055555555555,4465.0,4435.25,4429.75,-29.75,35.5,114,-33.5,5.5,-30.0,True,b_at_entry,,,,,,,,,,,,,
riz_4d02a4e42ae552bc1ad82feb5b72fd0f,187,20160105,575,north,minute_ignition,False,False,0.3875,4501.0,4511.75,4514.25,-10.75,13.5,3,-11.75,2.5,-10.5,True,b_at_entry,,,,,,,,,,,,,
riz_8bfcb24bb583b0d09ef1174fb40b5e6c,120,20160106,600,north,minute_ignition,True,False,76.02638888888889,4431.0,4418.25,4433.5,12.75,2.75,22,9.75,15.25,13.0,True,a_first,0.1774193548387097,0.0,-0.1774193548387097,-2.75,-2.75,-2.75,-2.75,-2.75,-2.75,2.75,2.75,2.75,19.0
riz_77e4e5273253d67e0691d11398fbe7aa,143,20160106,641,north,minute_ignition,True,False,75.99930555555555,4438.5,4421.5,4451.5,17.0,13.25,61,16.0,30.0,17.25,True,a_first,0.4380165289256198,0.0,-0.4380165289256198,-13.25,-13.25,-13.25,-13.25,-13.25,-13.25,13.25,13.25,13.25,24.0
riz_356dc4ba433994449751437a46022667,146,20160106,662,north,minute_ignition,True,False,75.98819444444445,4448.0,4423.25,4451.5,24.75,3.75,77,22.0,28.25,24.75,True,a_first,0.13157894736842105,0.0,-0.13157894736842105,-3.75,-3.75,-3.75,-3.75,-3.75,-3.75,3.75,3.75,3.75,3.0
riz_78b8887ef0879b7006ec59e70e82e5f3,126,20160106,900,south,minute_ignition,True,False,0.25555555555555554,4406.75,4408.75,4404.0,2.0,3.0,10,1.0,4.75,1.75,True,b_first,0.6,1.0,0.4,2.0,2.0,2.0,2.0,2.0,2.0,-2.0,-2.0,-2.0,1.0
riz_bb3c8ed63bec76b298b9b27f8289c0b5,141,20160106,909,south,minute_ignition,True,False,0.2777777777777778,4412.25,4415.75,4402.75,3.5,9.75,23,0.75,13.0,3.25,True,b_first,0.7358490566037735,1.0,0.26415094339622647,3.5,3.5,3.5,3.5,3.5,3.5,-3.5,-3.5,-3.5,3.0
riz_1c79ae85acccfef656ce7cb28b5b83f7,144,20160106,936,south,minute_ignition,False,False,0.26666666666666666,4433.25,4411.5,4402.75,-21.75,30.75,48,-22.25,8.75,-22.0,True,b_at_entry,,,,,,,,,,,,,
riz_540b77f83cd65bf2c279b8e399c23f24,134,20160107,578,north,minute_ignition,True,False,84.50555555555556,4352.25,4342.75,4355.75,9.5,3.75,2,9.0,13.0,9.25,True,a_first,0.2830188679245283,0.0,-0.2830188679245283,-3.75,-3.75,-3.75,-3.75,-3.75,-3.75,3.75,3.75,3.75,1.0
riz_5a59a3a4c740946856e65a671e55081b,135,20160107,585,north,minute_ignition,True,False,84.50486111111111,4353.5,4345.5,4364.75,8.0,11.5,8,5.5,19.25,8.5,False,a_first,0.5897435897435898,0.0,-0.5897435897435898,-11.5,-11.5,-11.5,-11.5,-11.5,-11.5,11.5,11.5,11.5,7.0
riz_e225b07587c6a16d4e4e29768154b215,199,20160107,635,north,native_confirmation,True,False,83.77430555555556,4380.0,4379.25,4380.25,0.75,0.5,0,0.0,1.0,0.75,False,same_minute,0.4,,,,-0.5,0.75,,-0.5,0.75,,-0.75,0.5,1.0
riz_d351efe975d141fc2f9a40e3e0c76156,133,20160107,704,north,minute_ignition,False,False,83.82083333333334,4376.75,4381.25,4395.75,-4.5,19.25,52,-7.75,14.5,-4.0,True,b_at_entry,,,,,,,,,,,,,
riz_fa1e8ffae7e5decfb5c32eed8f69c764,227,20160107,775,north,minute_ignition,False,False,83.78402777777778,4355.75,4367.5,4395.75,-11.75,40.25,144,-14.25,28.25,-11.75,True,b_at_entry,,,,,,,,,,,,,
riz_40bf23ef67089a6d6f8d47407e5359f2,140,20160107,900,south,minute_ignition,True,False,0.21805555555555556,4314.5,4328.25,4293.25,13.75,21.5,106,11.5,35.0,13.25,True,censored_window,0.6099290780141844,,,-18.25,-18.25,-18.25,-18.25,-18.25,-18.25,18.25,18.25,18.25,60.0
riz_5b17e31eb789cb016a0dcfe5e84295f2,148,20160108,824,south,minute_ignition,False,False,0.76875,4322.75,4298.75,4276.5,-24.0,46.5,137,-26.0,22.25,-23.25,True,b_at_entry,,,,,,,,,,,,,
riz_71c1572075053b5a0e36f93ec9e4e8f4,124,20160113,880,south,minute_ignition,True,False,103.11319444444445,4192.75,4203.5,4178.25,10.75,14.75,21,9.75,25.25,11.0,True,a_first,0.5784313725490197,0.0,-0.5784313725490197,-14.75,-14.75,-14.75,-14.75,-14.75,-14.75,14.75,14.75,14.75,3.0
riz_6c48f121bbd7dbef9c98595127719aeb,138,20160113,882,south,minute_ignition,True,False,103.13263888888889,4182.25,4189.5,4178.25,7.25,4.25,7,1.5,11.25,7.5,True,a_first,0.3695652173913043,0.0,-0.3695652173913043,-4.25,-4.25,-4.25,-4.25,-4.25,-4.25,4.25,4.25,4.25,1.0
riz_418437d7e6cbadf3a5b1cd9e157474b6,178,20160113,886,south,minute_ignition,True,False,103.16319444444444,4176.25,4178.5,4167.75,2.25,8.75,3,-1.5,10.75,2.25,True,b_first,0.7954545454545454,1.0,0.20454545454545459,2.25,2.25,2.25,2.25,2.25,2.25,-2.25,-2.25,-2.25,1.0
riz_eec860c2501fe990eeedd00492c2273b,146,20160113,954,south,minute_ignition,False,False,103.24236111111111,4177.75,4170.25,4167.25,-7.5,10.75,3,-7.5,3.0,-7.25,True,b_at_entry,,,,,,,,,,,,,
riz_89ba0901f4fb6793465bb914fd3c4fa1,219,20160113,954,south,minute_ignition,True,False,103.14375,4177.75,4183.25,4167.25,5.5,10.75,72,4.5,16.0,5.75,True,b_first,0.6615384615384615,1.0,0.3384615384615385,5.5,5.5,5.5,5.5,5.5,5.5,-5.5,-5.5,-5.5,2.0
riz_e003c629f3182a461cec2a4c9c23da0e,121,20160114,850,north,minute_ignition,True,False,2.3020833333333335,4265.5,4260.0,4275.0,5.5,9.75,49,1.0,15.0,5.25,True,a_first,0.639344262295082,0.0,-0.639344262295082,-9.75,-9.75,-9.75,-9.75,-9.75,-9.75,9.75,9.75,9.75,6.0
riz_76fb914daa4c42c468c6d676f3ae526d,140,20160115,760,south,minute_ignition,True,False,107.85694444444445,4080.5,4082.5,4075.75,2.0,5.0,6,0.75,6.75,2.0,True,b_first,0.7142857142857143,1.0,0.2857142857142857,2.0,2.0,2.0,2.0,2.0,2.0,-2.0,-2.0,-2.0,1.0
riz_97390ef6b4f2272931ba48d0d688c0e4,175,20160119,690,south,minute_ignition,False,False,0.9333333333333333,4156.0,4138.5,4136.25,-17.5,20.0,6,-18.0,2.25,-17.75,True,b_at_entry,,,,,,,,,,,,,
riz_2da96d6b97bdb8400fde65516f5a7980,212,20160119,700,south,minute_ignition,True,False,3.9138888888888888,4161.75,4179.5,4136.25,17.75,25.75,124,14.25,43.25,17.5,True,a_first,0.5919540229885057,0.0,-0.5919540229885057,-25.75,-25.75,-25.75,-25.75,-25.75,-25.75,25.75,25.75,25.75,39.0
riz_454b80b272bdd330f736e397bd82a778,221,20160119,745,south,minute_ignition,False,False,0.9743055555555555,4135.75,4134.75,4132.5,-1.0,3.5,2,-2.75,2.25,-1.0,True,b_at_entry,,,,,,,,,,,,,
riz_1aa4aae3ffbcea73126cec2fb664ee9b,226,20160121,770,north,minute_ignition,False,False,2.1284722222222223,4178.25,4189.25,4192.25,-11.0,14.25,41,-12.0,3.0,-11.0,True,b_at_entry,,,,,,,,,,,,,
riz_cb3b467da9c793c14b2e3e34abfdd64d,143,20160121,784,north,minute_ignition,False,False,2.2583333333333333,4177.25,4187.75,4192.25,-10.5,15.25,57,-11.0,4.5,-10.0,True,b_at_entry,,,,,,,,,,,,,
riz_1fa74768b3176dc4764c73d2ccdae668,143,20160122,641,north,native_confirmation,True,False,7.801388888888889,4243.0,4242.0,4243.0,1.0,0.25,0,0.0,1.0,1.0,False,same_minute,0.2,,,,-0.25,1.0,,-0.25,1.0,,-1.0,0.25,1.0
riz_98589a86edbf65af3f287d8dc60cc5d7,215,20160126,715,north,minute_ignition,True,False,3.7979166666666666,4220.5,4212.75,4224.25,7.75,4.0,76,6.0,11.5,7.75,True,a_first,0.3404255319148936,0.0,-0.3404255319148936,-4.0,-4.0,-4.0,-4.0,-4.0,-4.0,4.0,4.0,4.0,9.0
riz_8cdfa0538466b2f7174d6f2c791df40f,155,20160126,725,north,minute_ignition,True,False,3.8354166666666667,4222.75,4217.25,4224.75,5.5,2.25,82,5.0,7.5,5.75,True,a_first,0.2903225806451613,0.0,-0.2903225806451613,-2.25,-2.25,-2.25,-2.25,-2.25,-2.25,2.25,2.25,2.25,8.0
riz_c8f31d526ead469015a7f001d252801e,137,20160127,736,north,minute_ignition,True,False,0.9034722222222222,4218.0,4214.0,4218.25,4.0,0.5,2,3.5,4.25,4.25,True,same_minute,0.1111111111111111,,,,-0.5,4.0,,-0.5,4.0,,-4.0,0.5,1.0
riz_136267dcb1a2f62639f0c2761b601f16,130,20160205,680,south,minute_ignition,True,False,15.909027777777778,4045.0,4047.75,4043.25,2.75,2.0,1,-1.25,4.5,2.5,False,b_first,0.42105263157894735,1.0,0.5789473684210527,2.75,2.75,2.75,2.75,2.75,2.75,-2.75,-2.75,-2.75,1.0
riz_a016674196a3c7a789dd30b1b1c74751,165,20160205,795,south,minute_ignition,True,False,15.922222222222222,4037.25,4042.25,4029.0,5.0,8.5,112,2.5,13.25,4.75,True,b_first,0.6296296296296297,1.0,0.37037037037037035,5.0,5.0,5.0,5.0,5.0,5.0,-5.0,-5.0,-5.0,7.0
riz_af129d58e03c9bb0dbc9ebcaa08b717f,183,20160208,921,south,minute_ignition,False,False,485.9298611111111,3923.5,3888.5,3883.0,-35.0,40.75,62,-35.5,5.5,-34.75,True,b_at_entry,,,,,,,,,,,,,
riz_1bd99dddcb0d2cf8ed12864c317c2d03,131,20160219,950,south,minute_ignition,False,False,0.23472222222222222,4163.5,4148.0,4145.75,-15.5,18.0,55,-15.75,2.25,-15.5,True,b_at_entry,,,,,,,,,,,,,
riz_967dec79cefaae4b932c882a90bc7f65,125,20160223,765,south,minute_ignition,False,False,4.836805555555555,4181.5,4177.25,4165.0,-4.25,16.75,110,-6.5,12.25,-4.25,True,b_at_entry,,,,,,,,,,,,,
riz_ee4008acfe5f5df2bf5fd6af9870d1bf,142,20160224,634,south,minute_ignition,False,False,7.294444444444444,4094.75,4086.5,4084.75,-8.25,10.25,2,-9.5,1.75,-8.5,True,b_at_entry,,,,,,,,,,,,,
riz_a85a5a7f2acbccdf7585957c1e9c8854,195,20160225,615,south,minute_ignition,False,False,1.7194444444444446,4184.25,4178.25,4170.25,-6.0,14.25,14,-7.25,8.0,-6.25,True,b_at_entry,,,,,,,,,,,,,
riz_ca07f58af5ddcbe3196c2cf91e539ef9,122,20160225,616,south,minute_ignition,True,False,1.8180555555555555,4184.0,4184.5,4170.25,0.5,14.0,18,-2.25,14.25,0.5,True,b_first,0.9655172413793104,1.0,0.03448275862068961,0.5,0.5,0.5,0.5,0.5,0.5,-0.5,-0.5,-0.5,1.0
riz_962be1f6bc2f4504a3665cdb1f0bb794,197,20160225,625,south,minute_ignition,False,False,1.7090277777777778,4183.75,4181.25,4170.25,-2.5,13.75,25,-2.5,11.0,-2.25,True,b_at_entry,,,,,,,,,,,,,
riz_eacfeb8697acaa4adb14520beace6da5,200,20160225,640,south,minute_ignition,False,False,1.7159722222222222,4194.25,4173.75,4170.25,-20.5,24.25,29,-22.5,3.5,-20.5,True,b_at_entry,,,,,,,,,,,,,
riz_091dd6a800aaad9bbbc561ac923f9c06,201,20160225,645,south,minute_ignition,False,False,1.7104166666666667,4200.75,4177.0,4170.25,-23.75,30.75,42,-25.5,6.75,-23.75,True,b_at_entry,,,,,,,,,,,,,
riz_626b695be0db7e2af027946b6566a112,234,20160229,810,north,minute_ignition,False,False,3.0902777777777777,4243.5,4261.5,4263.25,-18.0,20.0,104,-18.25,1.75,-17.75,True,b_at_entry,,,,,,,,,,,,,
riz_5a1591fc08928f42f43249f06ff270a9,236,20160229,820,north,minute_ignition,False,False,3.078472222222222,4243.0,4258.25,4263.25,-15.25,20.5,123,-17.75,5.0,-15.5,True,b_at_entry,,,,,,,,,,,,,
riz_dd67a50c0829f3d31818368e77ecdd42,130,20160229,940,south,minute_ignition,False,False,0.51875,4219.0,4209.0,4203.5,-10.0,15.75,33,-10.75,5.5,-10.25,True,b_at_entry,,,,,,,,,,,,,
riz_eda5b9a10daa4d2ff06643847d7d4e16,169,20160315,654,north,minute_ignition,False,False,0.8736111111111111,4344.0,4350.75,4352.25,-6.75,8.5,13,-7.25,1.5,-6.75,True,b_at_entry,,,,,,,,,,,,,
riz_a6b93c123eb9607508b560d3a8570bf6,174,20160315,684,north,minute_ignition,True,False,0.8784722222222222,4355.75,4353.0,4355.75,2.75,0.25,1,0.25,2.75,2.25,False,a_first,0.08333333333333333,0.0,-0.08333333333333333,-0.25,-0.25,-0.25,-0.25,-0.25,-0.25,0.25,0.25,0.25,1.0
riz_b1594cad6b2064284fb34f06ddd86f07,182,20160323,732,south,minute_ignition,True,False,1.0631944444444446,4403.75,4405.0,4392.75,1.25,11.25,91,-0.25,12.25,1.25,True,b_first,0.9,1.0,0.09999999999999998,1.25,1.25,1.25,1.25,1.25,1.25,-1.25,-1.25,-1.25,18.0
riz_34da6f210dc766a252727d34125e3602,121,20160328,608,south,minute_ignition,True,False,4.690277777777778,4391.0,4398.5,4381.5,7.5,9.75,34,6.75,17.0,7.75,True,b_first,0.5652173913043478,1.0,0.4347826086956522,7.5,7.5,7.5,7.5,7.5,7.5,-7.5,-7.5,-7.5,10.0
riz_ed1aba065f6b2e9031c915950ca99e82,124,20160329,756,north,minute_ignition,False,False,6.254861111111111,4430.0,4431.5,4433.5,-1.5,3.75,5,-2.75,2.0,-1.5,True,b_at_entry,,,,,,,,,,,,,
riz_afdb9a6b16f3db8c004b6bdd606666cc,141,20160329,768,north,minute_ignition,True,False,1.275,4439.0,4415.5,4440.75,23.5,2.0,27,18.5,25.25,23.25,False,a_first,0.0784313725490196,0.0,-0.0784313725490196,-2.0,-2.0,-2.0,-2.0,-2.0,-2.0,2.0,2.0,2.0,34.0
riz_e61488677f539e66956edf4ea6fc7a1c,188,20160329,768,north,minute_ignition,True,False,0.4125,4439.0,4392.0,4440.75,47.0,2.0,158,46.25,48.75,46.75,True,a_first,0.04081632653061224,0.0,-0.04081632653061224,-2.0,-2.0,-2.0,-2.0,-2.0,-2.0,2.0,2.0,2.0,34.0
riz_a90f38d89d374a4565d756aa3d585c6a,167,20160329,809,north,minute_ignition,True,False,6.200694444444444,4437.5,4434.5,4442.25,3.0,5.0,45,1.5,7.75,3.0,True,b_first,0.625,1.0,0.375,3.0,3.0,3.0,3.0,3.0,3.0,-3.0,-3.0,-3.0,7.0
riz_625d34155ee91ec8a839eba14ff0f9b8,136,20160330,728,south,minute_ignition,False,False,84.50069444444445,4479.0,4478.0,4474.75,-1.0,4.5,35,-2.5,3.25,-1.0,True,b_at_entry,,,,,,,,,,,,,
riz_33e644d26c143ffc45866e6dfa318673,149,20160330,832,south,minute_ignition,False,False,84.51875,4483.0,4474.75,4472.25,-8.25,11.0,87,-9.75,2.5,-8.25,True,b_at_entry,,,,,,,,,,,,,
riz_50bd942ce4d057a6c536882da97cc539,175,20160411,865,south,minute_ignition,False,False,2.7736111111111112,4484.5,4477.75,4472.5,-6.75,12.25,171,-8.25,5.25,-6.75,True,b_at_entry,,,,,,,,,,,,,
riz_cb3f489ce466fa7dfbb167c937893a45,129,20160412,672,south,minute_ignition,False,False,19.961805555555557,4469.5,4431.25,4426.5,-38.25,43.25,55,-38.75,4.75,-38.0,True,b_at_entry,,,,,,,,,,,,,
riz_440142f00c12a7881f4bc144a71d5ee8,152,20160412,704,south,minute_ignition,False,False,19.944444444444443,4472.25,4428.0,4426.5,-44.25,46.0,80,-45.0,1.5,-44.0,True,b_at_entry,,,,,,,,,,,,,
riz_d27b67279e93ce2366d07b2d4a482048,178,20160420,708,south,minute_ignition,False,False,0.28402777777777777,4552.25,4517.5,4515.5,-34.75,37.0,125,-34.75,2.0,-34.5,True,b_at_entry,,,,,,,,,,,,,
riz_f2d6adc45039c6db8870f472e44ac341,227,20160420,775,north,minute_ignition,False,False,1.4076388888888889,4545.25,4547.75,4553.75,-2.5,8.75,94,-4.75,6.0,-2.75,True,b_at_entry,,,,,,,,,,,,,
riz_7e11d7b72f891a0231eecdffbdcb09fd,128,20160422,920,north,minute_ignition,False,False,9.963194444444444,4463.0,4465.25,4471.25,-2.25,8.5,53,-3.0,6.0,-2.25,True,b_at_entry,,,,,,,,,,,,,
riz_864aece55bdb0a74259a7b4400929fff,194,20160427,610,south,minute_ignition,True,False,28.997916666666665,4391.75,4393.0,4387.5,1.25,4.5,3,-1.25,5.5,1.0,True,b_first,0.782608695652174,1.0,0.21739130434782605,1.25,1.25,1.25,1.25,1.25,1.25,-1.25,-1.25,-1.25,1.0
riz_2c8b82257aa3887eaa566fe0d68574da,124,20160427,632,south,minute_ignition,True,False,29.07777777777778,4382.5,4383.25,4373.75,0.75,9.0,12,-1.5,9.5,0.75,True,b_first,0.9230769230769231,1.0,0.07692307692307687,0.75,0.75,0.75,0.75,0.75,0.75,-0.75,-0.75,-0.75,1.0
riz_848709947629302bdd19701ac375525a,142,20160427,634,south,minute_ignition,True,False,29.084722222222222,4384.0,4388.25,4373.75,4.25,10.5,20,1.5,14.5,4.25,False,a_first,0.711864406779661,0.0,-0.711864406779661,-10.5,-10.5,-10.5,-10.5,-10.5,-10.5,10.5,10.5,10.5,7.0
riz_6499851407967dbe24efabe6b73fec44,121,20160428,608,north,minute_ignition,False,False,0.5840277777777778,4426.25,4428.5,4431.75,-2.25,5.75,6,-2.5,3.25,-2.0,True,b_at_entry,,,,,,,,,,,,,
riz_25b7008687a557f9d9410ed662630295,221,20160428,745,north,minute_ignition,True,False,0.6993055555555555,4423.75,4423.25,4440.25,0.5,16.75,158,-0.25,17.0,0.75,True,b_first,0.9710144927536232,1.0,0.02898550724637683,0.5,0.5,0.5,0.5,0.5,0.5,-0.5,-0.5,-0.5,1.0
riz_81ab0354f15db905a82949731fe3602b,222,20160428,750,north,minute_ignition,False,False,0.7083333333333334,4423.25,4424.75,4440.25,-1.5,17.25,150,-1.75,15.5,-1.5,True,b_at_entry,,,,,,,,,,,,,
riz_6fee618b8551bfe92a2a9357d763aaab,222,20160502,750,south,minute_ignition,False,False,0.3611111111111111,4336.75,4327.75,4324.25,-9.0,12.75,146,-9.0,3.5,-8.75,True,b_at_entry,,,,,,,,,,,,,
riz_ceb4b33a655af969f388dd02f89504a9,165,20160503,630,north,minute_ignition,False,False,0.7388888888888889,4333.25,4350.0,4351.5,-16.75,18.5,46,-17.75,1.5,-16.75,True,b_at_entry,,,,,,,,,,,,,
riz_92f9e1840e57b1e2978bca6d3dfebb0c,140,20160511,620,north,minute_ignition,True,False,0.5798611111111112,4392.5,4391.25,4394.5,1.25,2.25,5,-1.0,3.25,1.25,True,b_first,0.6428571428571429,1.0,0.3571428571428571,1.25,1.25,1.25,1.25,1.25,1.25,-1.25,-1.25,-1.25,1.0
riz_bc2f21af71422ae9eb5eaa17306da27e,156,20160512,732,south,minute_ignition,True,False,2.5881944444444445,4315.25,4334.75,4305.75,19.5,9.75,89,19.0,29.0,19.75,False,b_first,0.3333333333333333,1.0,0.6666666666666667,19.5,19.5,19.5,19.5,19.5,19.5,-19.5,-19.5,-19.5,110.0
riz_2f731316a275e294d76022a48b2d344a,228,20160512,780,south,minute_ignition,False,False,6.769444444444445,4323.75,4314.25,4305.75,-9.5,18.25,104,-12.0,8.5,-9.75,True,b_at_entry,,,,,,,,,,,,,
riz_3d83eac7d206552b7eeca7b3784fd3fd,151,20160516,697,north,minute_ignition,False,False,4.20625,4362.5,4362.25,4364.0,0.25,1.75,5,-0.75,1.75,0.0,True,b_first,0.875,1.0,0.125,0.25,0.25,0.25,0.25,0.25,0.25,-0.25,-0.25,-0.25,2.0
riz_4ba204f76a89f42195a2a9f85d47e1d0,154,20160516,718,north,minute_ignition,True,False,4.103472222222222,4369.5,4369.25,4371.75,0.25,2.5,5,-1.25,2.5,0.25,True,b_first,0.9090909090909091,1.0,0.09090909090909094,0.25,0.25,0.25,0.25,0.25,0.25,-0.25,-0.25,-0.25,1.0
riz_3011cc75f739ed309123aff619e095b2,124,20160516,756,north,minute_ignition,False,False,4.222916666666666,4364.25,4365.75,4371.75,-1.5,7.75,51,-1.75,6.0,-1.25,True,b_at_entry,,,,,,,,,,,,,
riz_1ef1ef7f45315b8cae5890d5a4d5fc4a,146,20160516,808,north,minute_ignition,True,False,4.202083333333333,4372.25,4372.25,4373.25,0.0,1.25,1,-0.25,1.0,0.25,True,b_at_entry,,,,,,,,,,,,,
riz_b13b66f5eaf56f07e8c48289804c2a4e,148,20160516,824,north,minute_ignition,False,False,4.173611111111111,4370.0,4370.75,4373.5,-0.75,3.75,46,-1.25,2.75,-1.0,True,b_at_entry,,,,,,,,,,,,,
riz_09bdf6911ecd996f037d27c7089e86c5,141,20160518,627,north,minute_ignition,True,False,1.8944444444444444,4348.75,4341.5,4351.0,7.25,2.5,11,6.25,9.5,7.5,True,b_first,0.2564102564102564,1.0,0.7435897435897436,7.25,7.25,7.25,7.25,7.25,7.25,-7.25,-7.25,-7.25,12.0
riz_981f6ae71d5b61823c91379b7d05a270,165,20160518,630,north,minute_ignition,True,False,1.8743055555555554,4349.5,4340.25,4351.0,9.25,1.75,16,8.75,10.75,9.5,True,b_first,0.1590909090909091,1.0,0.8409090909090909,9.25,9.25,9.25,9.25,9.25,9.25,-9.25,-9.25,-9.25,11.0
riz_aa54c67ec06dcbb2e211bb5605092562,237,20160518,825,north,minute_ignition,True,False,1.8527777777777779,4357.25,4333.75,4359.0,23.5,2.0,212,22.0,25.25,23.5,False,b_first,0.0784313725490196,1.0,0.9215686274509804,23.5,23.5,23.5,23.5,23.5,23.5,-23.5,-23.5,-23.5,16.0
riz_8b4e44454c4c7166cec77f1c24928dda,214,20160520,710,north,minute_ignition,True,False,3.7423611111111112,4377.0,4369.75,4379.0,7.25,2.25,61,6.5,9.25,7.0,True,b_first,0.23684210526315788,1.0,0.7631578947368421,7.25,7.25,7.25,7.25,7.25,7.25,-7.25,-7.25,-7.25,15.0
riz_aa98895e6aabe335cac14e508e04d556,193,20160524,605,north,native_confirmation,True,False,25.865972222222222,4408.5,4407.5,4408.75,1.0,0.5,0,0.0,1.25,1.0,False,same_minute,0.3333333333333333,,,,-0.5,1.0,,-0.5,1.0,,-1.0,0.5,1.0
riz_793cc09c566f4fcf9d56f628be8c566a,164,20160524,624,north,minute_ignition,True,False,25.874305555555555,4415.5,4410.5,4418.0,5.0,2.75,17,4.5,7.5,5.0,True,a_first,0.3548387096774194,0.0,-0.3548387096774194,-2.75,-2.75,-2.75,-2.75,-2.75,-2.75,2.75,2.75,2.75,2.0
riz_b4e18617c678fcb144a6d422aa0954a3,142,20160524,634,north,minute_ignition,True,False,25.896527777777777,4421.0,4417.75,4421.75,3.25,1.0,7,3.0,4.0,3.25,True,a_first,0.23529411764705882,0.0,-0.23529411764705882,-1.0,-1.0,-1.0,-1.0,-1.0,-1.0,1.0,1.0,1.0,1.0
riz_f3cf84ffdae65c1e434183e364c1d568,125,20160524,640,north,minute_ignition,True,False,25.909027777777776,4423.75,4420.5,4426.5,3.25,3.0,6,2.5,6.0,3.0,False,a_first,0.48,0.0,-0.48,-3.0,-3.0,-3.0,-3.0,-3.0,-3.0,3.0,3.0,3.0,3.0
riz_7f40109780bc99233282336237a31542,143,20160524,641,north,minute_ignition,True,False,25.886111111111113,4424.75,4415.0,4426.5,9.75,2.0,21,8.0,11.5,9.75,True,a_first,0.1702127659574468,0.0,-0.1702127659574468,-2.0,-2.0,-2.0,-2.0,-2.0,-2.0,2.0,2.0,2.0,2.0
riz_4854c6ad523dbfa3950a415d89220eeb,188,20160524,768,north,minute_ignition,True,False,25.905555555555555,4433.0,4420.0,4436.0,13.0,3.25,136,12.5,16.0,13.0,True,a_first,0.2,0.0,-0.2,-3.25,-3.25,-3.25,-3.25,-3.25,-3.25,3.25,3.25,3.25,6.0
riz_83bf34c239693667373dbb3321b805ae,124,20160526,632,south,minute_ignition,False,False,0.4125,4485.25,4470.25,4468.75,-15.0,16.75,26,-15.75,1.5,-15.25,True,b_at_entry,,,,,,,,,,,,,
riz_8881c1d79bb9f4ec4addb22b091d8fd9,133,20160526,704,south,minute_ignition,False,False,0.47847222222222224,4485.0,4472.0,4468.75,-13.0,16.5,109,-14.0,3.25,-13.0,True,b_at_entry,,,,,,,,,,,,,
riz_dee4f2d68346e3d013e8fddaaa3a97a8,227,20160526,775,south,minute_ignition,False,False,0.34652777777777777,4477.5,4473.25,4468.75,-4.25,9.0,182,-4.5,4.5,-4.25,True,b_at_entry,,,,,,,,,,,,,
riz_6791676fabfcdf4dad77ab77d84e2f55,165,20160531,630,north,minute_ignition,False,False,0.3277777777777778,4522.25,4524.5,4526.0,-2.25,4.0,23,-2.5,1.5,-2.0,True,b_at_entry,,,,,,,,,,,,,
riz_013eb804ea27991efb37d6f7af4f0351,176,20160531,696,north,minute_ignition,False,False,0.30416666666666664,4516.75,4523.25,4527.0,-6.5,10.5,90,-6.75,3.75,-6.5,True,b_at_entry,,,,,,,,,,,,,
riz_9ed42f3c5d55444f582148597405d431,214,20160601,710,north,minute_ignition,False,False,0.41388888888888886,4520.0,4528.0,4530.75,-8.0,11.0,47,-8.5,2.75,-8.0,True,b_at_entry,,,,,,,,,,,,,
riz_ef42493e595bade925b8627f67c1705a,156,20160601,732,north,minute_ignition,True,False,0.36875,4526.25,4525.5,4530.75,0.75,4.75,93,0.0,5.25,0.75,True,b_first,0.8636363636363636,1.0,0.13636363636363635,0.75,0.75,0.75,0.75,0.75,0.75,-0.75,-0.75,-0.75,1.0
riz_b0ab14a70f183e6122823b363a758884,224,20160601,760,north,minute_ignition,False,False,0.39861111111111114,4521.0,4526.75,4530.75,-5.75,10.0,98,-6.75,4.0,-5.75,True,b_at_entry,,,,,,,,,,,,,
riz_05b11e81390a9ffe48e805710dc56284,144,20160616,648,south,minute_ignition,True,False,23.724305555555556,4358.0,4360.5,4353.0,2.5,5.25,25,0.25,7.5,2.25,True,a_first,0.6774193548387096,0.0,-0.6774193548387096,-5.25,-5.25,-5.25,-5.25,-5.25,-5.25,5.25,5.25,5.25,5.0
riz_7e53abdfa2f30fc4cc56c61eaa6216c6,145,20160616,655,south,minute_ignition,True,False,23.725694444444443,4357.5,4358.5,4352.5,1.0,5.25,30,0.75,6.0,1.0,True,b_first,0.84,1.0,0.16000000000000003,1.0,1.0,1.0,1.0,1.0,1.0,-1.0,-1.0,-1.0,1.0
riz_19d198668e5b809868bb8f84c098e3fc,187,20160617,575,south,minute_ignition,False,False,1.257638888888889,4395.0,4394.75,4390.5,-0.25,4.75,3,-1.5,4.25,-0.0,True,b_at_entry,,,,,,,,,,,,,
riz_8f152736959e4e3f8cf869141b5fc5d3,158,20160617,588,south,minute_ignition,True,False,1.3173611111111112,4383.75,4397.75,4381.25,14.0,2.75,17,11.0,16.5,13.75,True,a_first,0.16417910447761194,0.0,-0.16417910447761194,-2.75,-2.75,-2.75,-2.75,-2.75,-2.75,2.75,2.75,2.75,2.0
riz_1fadea54194e10f13f799c61afcfdefb,121,20160617,608,south,minute_ignition,False,False,0.9152777777777777,4377.25,4376.25,4375.0,-1.0,2.5,1,-1.75,1.25,-1.0,True,b_at_entry,,,,,,,,,,,,,
riz_9cbfb13b264561ccf63fd784ba8decf8,156,20160617,732,south,minute_ignition,True,False,0.9055555555555556,4369.25,4378.0,4353.5,8.75,16.0,136,8.25,24.5,8.75,True,censored_horizon,0.6464646464646465,,,1.25,1.25,1.25,1.25,1.25,1.25,-1.25,-1.25,-1.25,120.0
riz_35e56d4c8ca72462588e4821f83b5422,186,20160617,756,south,minute_ignition,True,False,1.2625,4366.75,4393.0,4353.5,26.25,13.5,180,21.25,39.5,26.25,False,censored_horizon,0.33962264150943394,,,8.25,8.25,8.25,8.25,8.25,8.25,-8.25,-8.25,-8.25,120.0
riz_ac9c74d46f8de11ddbc0ab1c20639b79,235,20160620,580,north,native_confirmation,True,False,3.326388888888889,4422.75,4422.25,4423.5,0.5,1.0,0,0.0,1.25,0.5,False,a_first,0.6666666666666666,0.0,-0.6666666666666666,-1.0,-1.0,-1.0,-1.0,-1.0,-1.0,1.0,1.0,1.0,1.0
riz_9f22cf3d27c63c01221f94e687d5e211,144,20160622,648,north,minute_ignition,True,False,1.8972222222222221,4422.5,4420.75,4423.5,1.75,1.25,4,0.0,2.75,1.75,True,a_first,0.4166666666666667,0.0,-0.4166666666666667,-1.25,-1.25,-1.25,-1.25,-1.25,-1.25,1.25,1.25,1.25,1.0
riz_4b23ada35fdb20b0c4098f4d4b9fb633,134,20160624,712,north,minute_ignition,False,False,34.91041666666667,4318.25,4339.25,4363.5,-21.0,45.5,129,-21.5,24.25,-21.0,True,b_at_entry,,,,,,,,,,,,,
riz_baca44a65033ecafec20d2b5546dbc2a,165,20160627,630,south,native_confirmation,True,False,118.41666666666667,4195.0,4195.5,4192.25,0.5,3.0,0,-0.0,3.25,0.75,False,b_first,0.8571428571428571,1.0,0.1428571428571429,0.5,0.5,0.5,0.5,0.5,0.5,-0.5,-0.5,-0.5,1.0
riz_62aea06cdf941ace7905d3b14708ba44,189,20160627,774,south,minute_ignition,True,False,118.38263888888889,4193.0,4197.75,4168.75,4.75,24.5,145,3.25,29.0,5.0,True,b_first,0.8376068376068376,1.0,0.16239316239316237,4.75,4.75,4.75,4.75,4.75,4.75,-4.75,-4.75,-4.75,6.0
riz_142af641b3848e5c9918a76909bf78de,121,20160628,608,north,minute_ignition,True,False,1.2375,4256.5,4250.75,4264.25,5.75,8.0,21,5.25,13.5,5.75,False,b_first,0.5818181818181818,1.0,0.4181818181818182,5.75,5.75,5.75,5.75,5.75,5.75,-5.75,-5.75,-5.75,34.0
riz_e3f8be92859402b5c5d7fffeb30a1ef0,153,20160628,711,north,minute_ignition,False,False,1.2284722222222222,4247.75,4248.0,4264.25,-0.25,16.75,130,-1.5,16.25,-0.25,True,b_at_entry,,,,,,,,,,,,,
riz_99bb471198b6c8a8e8ec7edd5bac6dc4,137,20160705,599,south,minute_ignition,True,False,4.178472222222222,4396.5,4399.5,4388.75,3.0,8.0,17,3.25,10.75,3.5,True,a_first,0.7272727272727273,0.0,-0.7272727272727273,-8.0,-8.0,-8.0,-8.0,-8.0,-8.0,8.0,8.0,8.0,12.0
riz_6ba2364cdd96a39a6810d53e192ef575,141,20160705,627,south,minute_ignition,False,False,4.167361111111111,4396.5,4395.5,4387.0,-1.0,9.75,41,-5.0,8.5,-1.0,True,b_at_entry,,,,,,,,,,,,,
riz_17357fc98189ce519018570ed7fdd4bb,184,20160711,928,north,minute_ignition,False,False,83.26666666666667,4558.25,4560.25,4563.5,-2.0,5.5,168,-3.0,3.25,-2.0,True,b_at_entry,,,,,,,,,,,,,
riz_fd5390f52f0105bed0a8fa13261f5f5a,223,20160713,755,south,minute_ignition,True,False,0.34305555555555556,4564.0,4569.0,4558.75,5.0,5.5,175,4.25,10.25,4.75,True,b_first,0.5238095238095238,1.0,0.47619047619047616,5.0,5.0,5.0,5.0,5.0,5.0,-5.0,-5.0,-5.0,10.0
riz_2b7f04bd9b29b775b6b16f384fff8832,202,20160721,852,south,minute_ignition,True,False,202.95694444444445,4634.0,4636.25,4632.5,2.25,1.75,2,1.75,3.75,2.25,False,b_first,0.4375,1.0,0.5625,2.25,2.25,2.25,2.25,2.25,2.25,-2.25,-2.25,-2.25,16.0
riz_4c005c9c5671ed20ffb8e8a742b92995,133,20160728,704,south,minute_ignition,False,False,0.8201388888888889,4699.0,4694.5,4689.5,-4.5,9.75,126,-6.25,5.0,-4.5,True,b_at_entry,,,,,,,,,,,,,
riz_7c274724988735f70e4e7d88fb615346,128,20160801,664,north,minute_ignition,True,False,0.3173611111111111,4750.25,4739.0,4753.25,11.25,3.25,55,10.5,14.25,11.0,True,a_first,0.22413793103448276,0.0,-0.22413793103448276,-3.25,-3.25,-3.25,-3.25,-3.25,-3.25,3.25,3.25,3.25,2.0
riz_a5b73aca22e91d43f5a16b72bf2a4fb0,122,20160801,860,south,minute_ignition,False,False,0.17569444444444443,4745.0,4733.5,4733.0,-11.5,12.25,113,-11.75,0.5,-11.25,True,b_at_entry,,,,,,,,,,,,,
riz_61410730de312b9b8881cfc39d71c36a,195,20160802,810,south,minute_ignition,True,False,4.888194444444444,4692.25,4705.75,4681.75,13.5,10.75,161,12.0,24.0,13.5,False,b_first,0.44329896907216493,1.0,0.5567010309278351,13.5,13.5,13.5,13.5,13.5,13.5,-13.5,-13.5,-13.5,57.0
riz_2bd4807ad4ba081c692f0ad1878bc70f,189,20160809,585,north,minute_ignition,True,False,1.1284722222222223,4793.75,4792.25,4795.25,1.5,1.75,4,0.0,3.0,1.5,True,a_first,0.5384615384615384,0.0,-0.5384615384615384,-1.75,-1.75,-1.75,-1.75,-1.75,-1.75,1.75,1.75,1.75,1.0
riz_8511bc60bbdd3b07e803b9b6528bc047,136,20160809,592,north,minute_ignition,True,False,1.0923611111111111,4797.25,4794.25,4798.25,3.0,1.25,3,2.5,4.0,3.0,False,a_first,0.29411764705882354,0.0,-0.29411764705882354,-1.25,-1.25,-1.25,-1.25,-1.25,-1.25,1.25,1.25,1.25,4.0
riz_404e9a701a6bc04bcab28b99ecc5a2aa,122,20160809,860,south,minute_ignition,False,False,1.1430555555555555,4795.75,4792.25,4790.0,-3.5,6.0,38,-4.5,2.25,-3.5,True,b_at_entry,,,,,,,,,,,,,
riz_9317295e252efb28d68f3d9a91221b8e,191,20160810,595,south,minute_ignition,False,False,0.3861111111111111,4791.25,4791.0,4786.5,-0.25,5.0,18,-1.75,4.5,-0.0,True,b_at_entry,,,,,,,,,,,,,
riz_e82998154686bfbe300584080d2b935a,140,20160818,620,north,minute_ignition,True,False,0.38472222222222224,4810.75,4809.25,4811.25,1.5,0.75,6,0.75,2.0,1.25,True,a_first,0.3333333333333333,0.0,-0.3333333333333333,-0.75,-0.75,-0.75,-0.75,-0.75,-0.75,0.75,0.75,0.75,1.0
riz_9428ebd1f640f72a49e152cb2af43c33,124,20160819,880,south,minute_ignition,False,False,0.2701388888888889,4801.5,4798.0,4792.5,-3.5,9.25,108,-4.0,5.5,-3.25,True,b_at_entry,,,,,,,,,,,,,
riz_cf1e959635d2b83255f28bdb34bb9a00,162,20160824,612,south,minute_ignition,False,False,0.3090277777777778,4816.5,4814.5,4811.5,-2.0,5.25,41,-3.75,3.0,-2.25,True,b_at_entry,,,,,,,,,,,,,
riz_d3ac1a7f282260b6b301fcd72e3c4db3,168,20160824,648,south,minute_ignition,True,False,0.3326388888888889,4806.25,4812.25,4805.75,6.0,0.75,25,4.75,6.5,6.0,True,a_first,0.1111111111111111,0.0,-0.1111111111111111,-0.75,-0.75,-0.75,-0.75,-0.75,-0.75,0.75,0.75,0.75,67.0
riz_fc5976ad477877ccfb86bc7d42e7f788,126,20160826,648,north,minute_ignition,False,False,2.1597222222222223,4808.25,4814.75,4817.5,-6.5,9.5,22,-6.75,2.75,-6.5,True,b_at_entry,,,,,,,,,,,,,
riz_27fc62808b36011863a2e4f89bfd35d4,121,20160830,608,north,minute_ignition,True,False,0.8902777777777777,4790.25,4788.0,4798.5,2.25,8.5,37,-0.25,10.5,2.25,True,b_first,0.7906976744186046,1.0,0.2093023255813954,2.25,2.25,2.25,2.25,2.25,2.25,-2.25,-2.25,-2.25,1.0
riz_43654c8c1bab2a2eec3e8d46de8e581a,141,20160912,627,north,minute_ignition,False,False,39.90138888888889,4707.25,4709.75,4711.5,-2.5,4.5,1,-4.0,1.75,-2.5,True,b_at_entry,,,,,,,,,,,,,
riz_47571a29c01196e3473e62d857d7b0e4,223,20160912,755,north,minute_ignition,True,False,39.761805555555554,4722.75,4711.5,4728.75,11.25,6.25,123,10.75,17.25,11.25,True,a_first,0.35714285714285715,0.0,-0.35714285714285715,-6.25,-6.25,-6.25,-6.25,-6.25,-6.25,6.25,6.25,6.25,18.0
riz_41f8e87bab7268f4b4c87c7e54c7d918,187,20160912,762,north,minute_ignition,True,False,39.8,4719.75,4713.25,4728.75,6.5,9.25,101,3.75,15.5,6.5,True,a_first,0.5873015873015873,0.0,-0.5873015873015873,-9.25,-9.25,-9.25,-9.25,-9.25,-9.25,9.25,9.25,9.25,11.0
riz_9967c09256ed2e16ea92ffb917fce0f9,201,20160912,846,north,minute_ignition,True,False,38.949305555555554,4749.0,4732.0,4752.75,17.0,4.0,73,16.5,20.75,16.75,True,a_first,0.19047619047619047,0.0,-0.19047619047619047,-4.0,-4.0,-4.0,-4.0,-4.0,-4.0,4.0,4.0,4.0,4.0
riz_e12f986c1d416a677ad4d616b11ba6ec,240,20160913,600,north,minute_ignition,False,False,0.4861111111111111,4726.5,4748.0,4752.25,-21.5,26.0,20,-23.25,4.25,-21.5,True,b_at_entry,,,,,,,,,,,,,
riz_048275ce203b9fc412fcb3a53c1624fc,138,20160913,744,south,minute_ignition,False,False,3.7618055555555556,4716.25,4706.25,4703.0,-10.0,13.5,67,-10.75,3.25,-10.0,True,b_at_entry,,,,,,,,,,,,,
riz_05720b93ddf6d9efe570df910b468bc0,184,20160913,744,south,minute_ignition,False,False,3.761111111111111,4716.25,4708.0,4703.0,-8.25,13.5,68,-9.0,5.0,-8.25,True,b_at_entry,,,,,,,,,,,,,
riz_0aa27021ce9913b5e0e924218e55c419,128,20160916,664,south,minute_ignition,False,False,7.227083333333334,4798.0,4790.75,4788.75,-7.25,9.5,57,-7.5,2.0,-7.25,True,b_at_entry,,,,,,,,,,,,,
riz_0d96a336c5429e2c736b3a37eda58bff,221,20160919,745,south,minute_ignition,True,False,10.925,4799.0,4824.0,4797.25,25.0,2.0,108,21.0,26.75,25.0,False,a_first,0.07407407407407407,0.0,-0.07407407407407407,-2.0,-2.0,-2.0,-2.0,-2.0,-2.0,2.0,2.0,2.0,36.0
riz_a57f7e2a7c0bd1329a1bc9e8238a6535,181,20160919,907,south,minute_ignition,False,False,10.1875,4807.5,4787.0,4782.5,-20.5,25.25,92,-20.5,4.5,-20.25,True,b_at_entry,,,,,,,,,,,,,
riz_270dc7eafc7ca2f99b92bf687bc59d96,185,20160919,935,south,minute_ignition,False,False,10.175,4792.75,4784.25,4782.5,-8.5,10.5,118,-8.5,1.75,-8.25,True,b_at_entry,,,,,,,,,,,,,
riz_1810ab8fd2063fca6ad83848d8d6f253,138,20160927,606,north,minute_ignition,True,False,0.2833333333333333,4847.25,4839.75,4850.0,7.5,3.0,6,7.25,10.25,7.5,True,b_first,0.2857142857142857,1.0,0.7142857142857143,7.5,7.5,7.5,7.5,7.5,7.5,-7.5,-7.5,-7.5,29.0
riz_ee7ac3e0afbd06cf46997cc7fe7095c2,127,20160927,656,north,minute_ignition,False,False,0.3145833333333333,4838.0,4841.5,4850.0,-3.5,12.25,55,-5.25,8.5,-3.5,True,b_at_entry,,,,,,,,,,,,,
riz_ec3ca440b4c4dd245c776f5e76ee4fb4,128,20160927,664,north,minute_ignition,False,False,0.3125,4833.25,4844.25,4850.0,-11.0,17.0,62,-12.5,5.75,-11.0,True,b_at_entry,,,,,,,,,,,,,
riz_c61be85beea934b9ef5624670cc56c02,236,20160928,820,south,minute_ignition,False,False,2.220138888888889,4862.0,4846.75,4844.75,-15.25,17.5,155,-15.5,2.0,-15.0,True,b_at_entry,,,,,,,,,,,,,
riz_535e9a0d8e31ad2f0a1f2e53f5bebf28,189,20160929,774,south,minute_ignition,True,False,2.129166666666667,4826.25,4829.5,4819.5,3.25,7.0,3,-0.75,10.0,3.25,False,a_first,0.6829268292682927,0.0,-0.6829268292682927,-7.0,-7.0,-7.0,-7.0,-7.0,-7.0,7.0,7.0,7.0,7.0
riz_3ba2082448e1adbe51675a52b8b395b7,190,20160929,780,south,minute_ignition,True,False,2.125,4824.25,4831.5,4819.5,7.25,5.0,10,5.25,12.0,7.0,False,a_first,0.40816326530612246,0.0,-0.40816326530612246,-5.0,-5.0,-5.0,-5.0,-5.0,-5.0,5.0,5.0,5.0,1.0
riz_1a239f818728deb2a531575a7b42dda5,152,20160929,856,south,minute_ignition,False,False,2.1534722222222222,4832.0,4822.5,4812.5,-9.5,19.75,83,-10.25,10.0,-9.25,True,b_at_entry,,,,,,,,,,,,,
riz_3268c1e1ded3c9471a4087500d9ef1de,224,20161003,760,south,minute_ignition,True,False,3.7305555555555556,4845.5,4853.25,4842.75,7.75,3.0,173,6.75,10.5,7.75,True,b_first,0.27906976744186046,1.0,0.7209302325581395,7.75,7.75,7.75,7.75,7.75,7.75,-7.75,-7.75,-7.75,55.0
riz_9a229fda85c9856dc30974f8abac1f49,148,20161004,676,south,native_confirmation,True,False,0.8972222222222223,4859.0,4860.5,4857.5,1.5,1.75,0,-0.0,3.0,1.5,False,same_minute,0.5384615384615384,,,,-1.75,1.5,,-1.75,1.5,,-1.5,1.75,1.0
riz_2b291a844e6da6df1ab689b79780e27e,133,20161004,837,south,minute_ignition,True,False,0.9673611111111111,4850.5,4855.5,4842.0,5.0,8.75,47,3.25,13.5,5.0,True,a_first,0.6363636363636364,0.0,-0.6363636363636364,-8.75,-8.75,-8.75,-8.75,-8.75,-8.75,8.75,8.75,8.75,60.0
riz_3fdd1c43b1eabbed23aecc18a57d2996,161,20161011,767,south,minute_ignition,False,False,11.501388888888888,4838.5,4832.5,4825.5,-6.0,13.25,83,-7.0,7.0,-6.0,True,b_at_entry,,,,,,,,,,,,,
riz_c383a1e73f01e6af1895c9eb013c64c9,152,20161012,856,north,minute_ignition,False,False,0.6326388888888889,4828.0,4829.0,4830.25,-1.0,2.5,1,-1.25,1.25,-1.0,True,b_at_entry,,,,,,,,,,,,,
riz_b5bff945295768c612eca9d3b9d4f4e4,122,20161012,860,north,minute_ignition,True,False,0.6715277777777777,4828.75,4826.5,4831.75,2.25,3.25,9,1.75,5.25,2.25,True,b_first,0.5909090909090909,1.0,0.40909090909090906,2.25,2.25,2.25,2.25,2.25,2.25,-2.25,-2.25,-2.25,8.0
riz_4d953905ea7096f92d6f9d7ac97c8545,199,20161019,635,north,minute_ignition,False,False,0.8569444444444444,4834.25,4836.25,4838.75,-2.0,4.75,7,-2.25,2.5,-2.0,True,b_at_entry,,,,,,,,,,,,,
riz_d4f077f2c68741ac36f5e51b0980eb81,124,20161024,632,north,minute_ignition,True,False,13.957638888888889,4889.75,4878.5,4893.75,11.25,4.25,61,10.5,15.25,11.25,True,a_first,0.27419354838709675,0.0,-0.27419354838709675,-4.25,-4.25,-4.25,-4.25,-4.25,-4.25,4.25,4.25,4.25,26.0
riz_fcf46ebe99f09ee73ec3c209e4b96ceb,162,20161031,612,south,minute_ignition,True,False,2.736111111111111,4807.75,4809.5,4804.0,1.75,4.0,17,-0.5,5.5,1.5,True,b_first,0.6956521739130435,1.0,0.30434782608695654,1.75,1.75,1.75,1.75,1.75,1.75,-1.75,-1.75,-1.75,3.0
riz_03d0344835f99c2f3d47bd6a9cf9a434,187,20161104,575,south,minute_ignition,False,False,53.386805555555554,4668.5,4658.75,4651.25,-9.75,17.5,4,-11.0,7.5,-9.75,True,b_at_entry,,,,,,,,,,,,,
riz_51ffb0dfd246e81318855d0d3308f5c1,204,20161104,660,south,minute_ignition,False,False,53.36388888888889,4682.75,4657.5,4651.25,-25.25,31.75,88,-26.5,6.25,-25.0,True,b_at_entry,,,,,,,,,,,,,
riz_0dcb2dd2d1eb7002f980e4d5f27497ec,137,20161107,736,north,minute_ignition,True,False,5.066666666666666,4771.75,4750.75,4774.0,21.0,2.5,101,19.75,23.25,20.75,True,censored_horizon,0.10638297872340426,,,1.0,1.0,1.0,1.0,1.0,1.0,-1.0,-1.0,-1.0,120.0
riz_4b4a0dec31911c775e4813cf1864a2ff,139,20161107,752,north,minute_ignition,True,False,5.074305555555555,4768.75,4758.0,4774.0,10.75,5.5,92,10.75,16.0,11.0,False,censored_horizon,0.3384615384615385,,,0.5,0.5,0.5,0.5,0.5,0.5,-0.5,-0.5,-0.5,120.0
riz_1b31151fc84b6ac610bd22f64ea4c7f1,159,20161107,753,north,minute_ignition,True,False,5.086111111111111,4769.25,4756.0,4774.0,13.25,5.0,95,12.75,18.0,13.25,False,censored_horizon,0.273972602739726,,,2.0,2.0,2.0,2.0,2.0,2.0,-2.0,-2.0,-2.0,120.0
riz_a443169f6a8faa86a60d2ac6f3528626,190,20161107,780,north,minute_ignition,True,False,5.071527777777778,4768.25,4747.25,4774.0,21.0,6.0,147,20.75,26.75,21.0,True,censored_horizon,0.2222222222222222,,,7.75,7.75,7.75,7.75,7.75,7.75,-7.75,-7.75,-7.75,120.0
riz_05c1ad854eff09c8f2f502db16bbc437,233,20161109,572,north,native_confirmation,True,False,0.6888888888888889,4791.0,4789.5,4791.25,1.5,0.5,0,0.0,1.75,1.5,False,same_minute,0.25,,,,-0.5,1.5,,-0.5,1.5,,-1.5,0.5,1.0
riz_ce5bb0f35dd967a8c3758267c0e77208,141,20161109,627,north,minute_ignition,True,False,1.8631944444444444,4760.75,4743.0,4801.5,17.75,41.0,56,-1.5,58.5,18.0,True,a_first,0.6978723404255319,0.0,-0.6978723404255319,-41.0,-41.0,-41.0,-41.0,-41.0,-41.0,41.0,41.0,41.0,64.0
riz_abc6d72dde44715418aee625dd497e53,208,20161109,680,north,minute_ignition,False,False,0.7020833333333333,4788.5,4794.5,4801.5,-6.0,13.25,89,-10.25,7.0,-6.0,True,b_at_entry,,,,,,,,,,,,,
riz_03cb0660e7082d88f380d28017543813,147,20161115,669,north,minute_ignition,False,False,1.4652777777777777,4759.0,4759.75,4776.75,-0.75,18.0,65,-3.75,17.0,-1.0,True,b_at_entry,,,,,,,,,,,,,
riz_22abf2d637cfcea433b04668d705c6c0,197,20161116,625,north,native_confirmation,True,False,0.41041666666666665,4780.25,4777.0,4781.0,3.25,1.0,0,0.0,4.0,3.0,False,same_minute,0.23529411764705882,,,,-1.0,3.25,,-1.0,3.25,,-3.25,1.0,1.0
riz_fbd879b3322354d60a8b0743f8d7cb95,219,20161116,735,north,minute_ignition,True,False,0.35138888888888886,4788.0,4770.5,4794.75,17.5,7.0,151,16.75,24.25,17.75,True,censored_horizon,0.2857142857142857,,,3.5,3.5,3.5,3.5,3.5,3.5,-3.5,-3.5,-3.5,120.0
riz_c4e960e554ea92896e61f64a1f3ae7d6,197,20161117,822,north,minute_ignition,True,False,7.49375,4823.0,4821.5,4825.25,1.5,2.5,77,-0.5,3.75,1.5,True,a_first,0.625,0.0,-0.625,-2.5,-2.5,-2.5,-2.5,-2.5,-2.5,2.5,2.5,2.5,2.0
riz_7f008cb577a94a1d15fefd0ad7524705,125,20161201,640,south,minute_ignition,True,False,15.169444444444444,4761.0,4764.0,4757.75,3.0,3.5,6,2.5,6.25,2.75,True,a_first,0.5384615384615384,0.0,-0.5384615384615384,-3.5,-3.5,-3.5,-3.5,-3.5,-3.5,3.5,3.5,3.5,1.0
riz_efdfb6c26fc152a35757dbf91f1ab901,126,20161201,648,south,minute_ignition,True,False,15.17013888888889,4748.25,4759.25,4747.5,11.0,1.0,7,8.0,11.75,11.0,False,a_first,0.08333333333333333,0.0,-0.08333333333333333,-1.0,-1.0,-1.0,-1.0,-1.0,-1.0,1.0,1.0,1.0,1.0
riz_924b09ea41781602fdb4e35ba3a0dd8e,130,20161201,680,south,minute_ignition,True,False,15.065277777777778,4749.5,4754.0,4735.0,4.5,14.75,36,2.5,19.0,4.25,True,b_first,0.7662337662337663,1.0,0.23376623376623373,4.5,4.5,4.5,4.5,4.5,4.5,-4.5,-4.5,-4.5,2.0
riz_694475adcc81b0147d0a24c99e5fffbd,131,20161201,688,south,minute_ignition,False,False,15.061111111111112,4759.75,4752.25,4735.0,-7.5,25.0,43,-8.25,17.25,-7.5,True,b_at_entry,,,,,,,,,,,,,
riz_d4a0514f596855cfd9c8adc2a2d0162a,185,20161201,750,south,minute_ignition,True,False,15.177777777777777,4739.75,4761.75,4735.0,22.0,5.0,114,21.75,26.75,22.0,True,a_first,0.18518518518518517,0.0,-0.18518518518518517,-5.0,-5.0,-5.0,-5.0,-5.0,-5.0,5.0,5.0,5.0,26.0
riz_44fb2f113d6d596279cd5dacd024f4ad,193,20161201,798,south,minute_ignition,False,False,16.99375,4732.0,4727.5,4726.25,-4.5,6.0,9,-5.0,1.25,-4.75,True,b_at_entry,,,,,,,,,,,,,
riz_f6792be1d2c5480216128bd5e01aa74a,121,20161212,729,south,minute_ignition,True,False,3.33125,4853.25,4859.0,4852.25,5.75,1.25,7,4.75,6.75,5.5,True,a_first,0.17857142857142858,0.0,-0.17857142857142858,-1.25,-1.25,-1.25,-1.25,-1.25,-1.25,1.25,1.25,1.25,13.0
riz_bbda519b32c5ce7120a8050561c8d9b9,122,20161212,738,south,minute_ignition,True,False,3.328472222222222,4855.5,4857.5,4852.25,2.0,3.5,15,1.0,5.25,2.0,False,a_first,0.6363636363636364,0.0,-0.6363636363636364,-3.5,-3.5,-3.5,-3.5,-3.5,-3.5,3.5,3.5,3.5,4.0
riz_0a83ccb80b5deff535fb53b69b21d4e3,156,20161213,576,north,native_confirmation,True,False,1.5416666666666667,4899.0,4895.25,4899.0,3.75,0.25,0,0.0,3.75,3.75,False,a_first,0.0625,0.0,-0.0625,-0.25,-0.25,-0.25,-0.25,-0.25,-0.25,0.25,0.25,0.25,1.0
riz_cb8f4a1664283ccec84cbefa616f30e2,137,20161213,599,north,minute_ignition,True,False,3.6909722222222223,4932.75,4892.25,4939.75,40.5,7.25,24,40.0,47.5,40.25,False,a_first,0.1518324607329843,0.0,-0.1518324607329843,-7.25,-7.25,-7.25,-7.25,-7.25,-7.25,7.25,7.25,7.25,27.0
riz_b05864e414bc2f5327117fc032819f88,131,20161219,688,north,minute_ignition,True,False,3.0277777777777777,4951.25,4940.0,4966.25,11.25,15.25,91,9.25,26.25,11.0,True,censored_horizon,0.5754716981132075,,,1.75,1.75,1.75,1.75,1.75,1.75,-1.75,-1.75,-1.75,120.0
riz_e3f77a274938bb7818018a585f4415a0,133,20161219,704,north,minute_ignition,True,False,3.0444444444444443,4947.0,4942.25,4966.25,4.75,19.5,69,4.5,24.0,4.75,True,censored_horizon,0.8041237113402062,,,-1.0,-1.0,-1.0,-1.0,-1.0,-1.0,1.0,1.0,1.0,120.0
riz_1657c96f3d820f15fb218fda79fe1dd6,144,20161219,936,south,minute_ignition,True,False,3.0868055555555554,4931.5,4937.0,4928.0,5.5,3.75,19,3.75,9.0,5.5,False,a_first,0.40540540540540543,0.0,-0.40540540540540543,-3.75,-3.75,-3.75,-3.75,-3.75,-3.75,3.75,3.75,3.75,11.0
riz_a13795505aa1a66fba8237b1ee0a2729,145,20161219,945,south,minute_ignition,True,False,3.0840277777777776,4930.75,4933.5,4928.0,2.75,3.0,24,-2.0,5.5,2.75,True,a_first,0.5217391304347826,0.0,-0.5217391304347826,-3.0,-3.0,-3.0,-3.0,-3.0,-3.0,3.0,3.0,3.0,2.0
riz_c0db9bf3eced0294e9d058f3ff384b85,189,20161228,585,south,minute_ignition,True,False,0.6951388888888889,4963.0,4964.5,4959.75,1.5,3.5,4,0.5,4.75,1.5,True,a_first,0.7,0.0,-0.7,-3.5,-3.5,-3.5,-3.5,-3.5,-3.5,3.5,3.5,3.5,6.0
riz_c621cf96c0f84abb297bb1ba9e4dcab9,187,20161230,762,south,minute_ignition,True,False,18.405555555555555,4866.5,4887.75,4864.5,21.25,2.25,164,14.75,23.25,21.5,True,a_first,0.09574468085106383,0.0,-0.09574468085106383,-2.25,-2.25,-2.25,-2.25,-2.25,-2.25,2.25,2.25,2.25,2.0
riz_26b556a8b5c811eeb7916d0399358ed0,194,20170103,610,north,native_confirmation,True,False,4.404166666666667,4924.5,4924.0,4927.5,0.5,3.25,0,0.0,3.5,0.5,False,b_first,0.8666666666666667,1.0,0.1333333333333333,0.5,0.5,0.5,0.5,0.5,0.5,-0.5,-0.5,-0.5,1.0
riz_c6d1ea86a69ac9924f1e069be48f3933,188,20170105,580,north,minute_ignition,True,False,8.998611111111112,4946.25,4945.25,4947.25,1.0,1.25,2,0.0,2.0,0.75,True,a_first,0.5555555555555556,0.0,-0.5555555555555556,-1.25,-1.25,-1.25,-1.25,-1.25,-1.25,1.25,1.25,1.25,1.0
riz_6a49f7f42d0677a2a027eaaede932f6f,154,20170105,718,north,minute_ignition,False,False,8.90625,4947.5,4950.0,4958.5,-2.5,11.25,135,-4.0,8.5,-2.25,True,b_at_entry,,,,,,,,,,,,,
riz_a91c214b3ff89947b2aaee7b7ceeed2a,155,20170105,725,north,minute_ignition,False,False,8.900694444444444,4948.0,4948.0,4958.5,0.0,10.75,143,-1.0,10.5,0.0,True,b_at_entry,,,,,,,,,,,,,
riz_97dc3e4784c06eaa77ba5b74080e7d6d,156,20170105,732,north,minute_ignition,False,False,8.920833333333333,4945.5,4957.0,4958.5,-11.5,13.25,114,-12.25,1.5,-11.25,True,b_at_entry,,,,,,,,,,,,,
riz_f31105302e31aa20aeabf7206434f800,187,20170105,762,north,minute_ignition,False,False,8.884722222222223,4951.25,4954.25,4958.5,-3.0,7.5,166,-4.0,4.25,-3.25,True,b_at_entry,,,,,,,,,,,,,
riz_892771c8253df0b29a7232134593fa31,192,20170106,600,north,minute_ignition,True,False,9.13263888888889,4977.25,4972.5,4978.0,4.75,1.0,1,2.25,5.5,4.5,False,a_first,0.17391304347826086,0.0,-0.17391304347826086,-1.0,-1.0,-1.0,-1.0,-1.0,-1.0,1.0,1.0,1.0,1.0
riz_2538ca2227bfa31a1ec33fc5d222ccd7,196,20170106,620,north,minute_ignition,False,False,9.122222222222222,4974.5,4975.25,4982.75,-0.75,8.5,20,-2.5,7.5,-0.75,True,b_at_entry,,,,,,,,,,,,,
riz_491425e9602ff25f246b0980fc901d8d,216,20170106,720,north,minute_ignition,True,False,9.067361111111111,5001.25,4977.0,5002.5,24.25,1.5,119,22.5,25.5,24.0,True,a_first,0.05825242718446602,0.0,-0.05825242718446602,-1.5,-1.5,-1.5,-1.5,-1.5,-1.5,1.5,1.5,1.5,16.0
riz_f12ebe35281928bb68865bcff142d9bd,156,20170109,576,north,minute_ignition,False,False,0.32430555555555557,5012.0,5013.0,5014.75,-1.0,3.0,1,-1.0,1.75,-0.75,True,b_at_entry,,,,,,,,,,,,,
riz_71cd1a10898168627a3969208aea72dc,160,20170109,600,north,minute_ignition,True,False,0.42569444444444443,5015.25,5010.75,5019.5,4.5,4.5,27,4.25,8.75,4.5,True,b_first,0.5,1.0,0.5,4.5,4.5,4.5,4.5,4.5,4.5,-4.5,-4.5,-4.5,4.0
riz_d3a43b8675114efbee0536070f550186,170,20170110,660,south,minute_ignition,False,False,0.4166666666666667,5026.25,5020.0,5011.0,-6.25,15.5,80,-8.0,9.0,-6.5,True,b_at_entry,,,,,,,,,,,,,
riz_04fcb2996b2c8cecac8c89d3aa5a31fc,214,20170110,710,south,minute_ignition,False,False,0.35625,5043.5,5018.25,5011.0,-25.25,32.75,129,-26.5,7.25,-25.5,True,b_at_entry,,,,,,,,,,,,,
riz_176e5708cb1b03e1ada90f6c841ffed9,121,20170116,608,south,minute_ignition,False,False,0.2465277777777778,5051.0,5050.5,5050.0,-0.5,1.25,8,-0.75,0.5,-0.5,True,b_at_entry,,,,,,,,,,,,,
riz_79aaa67a278ed612b4a40a9afe5ac229,237,20170117,588,south,minute_ignition,True,False,4.834027777777778,5026.25,5027.75,5025.0,1.5,1.5,2,0.5,2.75,1.5,True,b_first,0.5,1.0,0.5,1.5,1.5,1.5,1.5,1.5,1.5,-1.5,-1.5,-1.5,1.0
riz_ac116b91e53338edf56408148fddf811,144,20170123,648,north,minute_ignition,False,False,2.7493055555555554,5041.5,5060.25,5069.75,-18.75,28.5,73,-20.0,9.5,-19.0,True,b_at_entry,,,,,,,,,,,,,
riz_73a716ef9b53718864c98ab027d51780,138,20170201,606,north,minute_ignition,False,False,2.2645833333333334,5143.5,5150.0,5158.25,-6.5,15.0,33,-7.75,8.25,-6.75,True,b_at_entry,,,,,,,,,,,,,
riz_448a4a977dc49994b0d085d1439dc413,153,20170201,711,south,minute_ignition,True,False,0.48194444444444445,5123.75,5128.25,5123.5,4.5,0.5,71,3.25,4.75,4.5,True,b_first,0.1,1.0,0.9,4.5,4.5,4.5,4.5,4.5,4.5,-4.5,-4.5,-4.5,3.0
riz_3565aece965e116c857aab3ee186dab2,193,20170202,605,north,minute_ignition,False,False,0.70625,5145.25,5146.5,5152.5,-1.25,7.5,8,-2.0,6.0,-1.25,True,b_at_entry,,,,,,,,,,,,,
riz_dbe35393d3d377db6bd37d224d45fccb,126,20170202,648,north,minute_ignition,True,False,0.7013888888888888,5147.5,5143.75,5152.5,3.75,5.25,58,2.25,8.75,3.75,True,a_first,0.5833333333333334,0.0,-0.5833333333333334,-5.25,-5.25,-5.25,-5.25,-5.25,-5.25,5.25,5.25,5.25,11.0
riz_cfec7e142af45e83d7558ce3742cae33,121,20170206,729,north,minute_ignition,True,False,0.175,5156.5,5154.25,5163.5,2.25,7.25,111,1.5,9.25,2.5,True,b_first,0.7631578947368421,1.0,0.23684210526315785,2.25,2.25,2.25,2.25,2.25,2.25,-2.25,-2.25,-2.25,29.0
riz_fc78f7ee0a5c48e9fe0ae61acddda9f5,126,20170215,648,north,native_confirmation,True,False,0.35,5280.25,5279.0,5280.5,1.25,0.5,0,0.0,1.5,1.25,False,a_first,0.2857142857142857,0.0,-0.2857142857142857,-0.5,-0.5,-0.5,-0.5,-0.5,-0.5,0.5,0.5,0.5,1.0
riz_26640faef7982432f66ef5cc0f30e3c2,140,20170222,620,north,minute_ignition,False,False,0.2902777777777778,5349.0,5349.25,5349.75,-0.25,1.0,2,-0.5,0.5,-0.25,True,b_at_entry,,,,,,,,,,,,,
riz_375312f92878ad67fc76a23dc5652ee1,169,20170222,654,north,minute_ignition,True,False,0.41458333333333336,5346.25,5345.75,5351.5,0.5,5.5,79,0.25,5.75,0.5,True,b_first,0.9166666666666666,1.0,0.08333333333333337,0.5,0.5,0.5,0.5,0.5,0.5,-0.5,-0.5,-0.5,1.0
riz_2ef0b871636be147152e0b164dac5d92,172,20170222,672,north,minute_ignition,False,False,0.4111111111111111,5342.5,5347.0,5351.5,-4.5,9.25,96,-4.5,4.5,-4.25,True,b_at_entry,,,,,,,,,,,,,
riz_0606793dfe77795d32718f4bd22eb63e,134,20170227,578,south,minute_ignition,False,False,3.463888888888889,5327.75,5327.5,5325.5,-0.25,2.5,2,-1.0,2.0,-0.25,True,b_at_entry,,,,,,,,,,,,,
riz_55f6a904be0f592fb65ac4e3e8542151,120,20170306,840,north,minute_ignition,True,False,0.21875,5361.25,5360.0,5365.0,1.25,4.0,45,-1.0,5.0,1.25,True,a_first,0.7619047619047619,0.0,-0.7619047619047619,-4.0,-4.0,-4.0,-4.0,-4.0,-4.0,4.0,4.0,4.0,78.0
riz_d81ccf2843813c2e64a19bed6d23bcf7,123,20170306,870,north,minute_ignition,True,False,0.20347222222222222,5362.5,5358.75,5365.0,3.75,2.75,76,2.75,6.25,3.75,True,a_first,0.4230769230769231,0.0,-0.4230769230769231,-2.75,-2.75,-2.75,-2.75,-2.75,-2.75,2.75,2.75,2.75,48.0
riz_e6f92dc59ad76e3d8d52c5506746585c,183,20170306,921,north,minute_ignition,False,False,2.9305555555555554,5365.25,5366.5,5367.25,-1.25,2.25,1,-1.5,0.75,-1.0,True,b_at_entry,,,,,,,,,,,,,
riz_98efeb6433b79cab91bf9507421b3c7e,170,20170307,660,north,minute_ignition,True,False,0.44513888888888886,5368.75,5358.75,5374.25,10.0,5.75,39,9.25,15.5,10.0,True,b_first,0.36507936507936506,1.0,0.6349206349206349,10.0,10.0,10.0,10.0,10.0,10.0,-10.0,-10.0,-10.0,27.0
riz_e9c1606c65f7e7f7068330186b088f35,226,20170307,770,north,minute_ignition,False,False,0.36944444444444446,5353.25,5360.75,5374.25,-7.5,21.25,147,-11.5,13.5,-7.25,True,b_at_entry,,,,,,,,,,,,,
riz_2fdd8d01f3b370b0919f708e4016ef3c,162,20170310,774,south,minute_ignition,True,False,7.9875,5371.5,5380.5,5370.75,9.0,1.0,18,7.0,9.75,9.25,False,a_first,0.1,0.0,-0.1,-1.0,-1.0,-1.0,-1.0,-1.0,-1.0,1.0,1.0,1.0,1.0
riz_f901bd9502be666f7d85766d4314b6d9,235,20170315,580,south,minute_ignition,True,False,0.8354166666666667,5387.25,5388.5,5387.25,1.25,0.25,2,0.25,1.25,1.0,True,a_first,0.16666666666666666,0.0,-0.16666666666666666,-0.25,-0.25,-0.25,-0.25,-0.25,-0.25,0.25,0.25,0.25,1.0
riz_e8083024803bea48cce41bb5e16b3541,134,20170321,712,south,minute_ignition,True,False,5.965972222222222,5366.0,5390.5,5355.25,24.5,11.0,49,23.25,35.25,24.25,False,a_first,0.30985915492957744,0.0,-0.30985915492957744,-11.0,-11.0,-11.0,-11.0,-11.0,-11.0,11.0,11.0,11.0,61.0
riz_82ee7a97a7279adb5a08245a490f9749,121,20170321,729,south,minute_ignition,True,False,5.950694444444444,5376.0,5391.75,5355.25,15.75,21.0,71,15.0,36.5,15.5,True,a_first,0.5714285714285714,0.0,-0.5714285714285714,-21.0,-21.0,-21.0,-21.0,-21.0,-21.0,21.0,21.0,21.0,44.0
riz_d65e362080baf462b578517100f4e306,120,20170328,840,north,minute_ignition,True,False,8.379166666666666,5415.25,5400.75,5415.75,14.5,0.75,54,14.0,15.0,14.25,True,a_first,0.04918032786885246,0.0,-0.04918032786885246,-0.75,-0.75,-0.75,-0.75,-0.75,-0.75,0.75,0.75,0.75,10.0
riz_da2fed79de7ef77551daaee0aeb42a4d,153,20170328,864,north,minute_ignition,True,False,7.628472222222222,5421.5,5417.75,5423.25,3.75,2.0,13,3.5,5.5,3.75,True,a_first,0.34782608695652173,0.0,-0.34782608695652173,-2.0,-2.0,-2.0,-2.0,-2.0,-2.0,2.0,2.0,2.0,1.0
riz_18e9d3de34d420b92f3f6b2dfef38bdd,205,20170328,870,north,minute_ignition,False,False,7.56875,5421.5,5423.5,5424.75,-2.0,3.5,4,-2.75,1.25,-2.25,True,b_at_entry,,,,,,,,,,,,,
riz_b560e9497832c34bdbee53a6cb5d7d7f,183,20170328,921,north,minute_ignition,False,False,7.5881944444444445,5413.25,5420.5,5424.75,-7.25,11.75,68,-7.75,4.25,-7.25,True,b_at_entry,,,,,,,,,,,,,
riz_254d53457f3b4373f73669dedb2efc2a,187,20170328,949,north,minute_ignition,False,False,7.588888888888889,5413.5,5421.75,5424.75,-8.25,11.5,87,-9.0,3.0,-8.25,True,b_at_entry,,,,,,,,,,,,,
riz_ac6ac9ead0370296a159a90d56afbc9d,145,20170329,655,north,minute_ignition,True,False,0.25069444444444444,5424.25,5414.25,5428.0,10.0,4.0,74,6.75,13.75,10.0,True,b_first,0.2857142857142857,1.0,0.7142857142857143,10.0,10.0,10.0,10.0,10.0,10.0,-10.0,-10.0,-10.0,45.0
riz_82e7b1fad62947088e9a62bccb52e1e0,209,20170329,685,north,minute_ignition,False,False,8.25763888888889,5419.75,5427.0,5428.0,-7.25,8.5,47,-8.5,1.0,-7.5,True,b_at_entry,,,,,,,,,,,,,
riz_debb7de968dcb325df26eeef7dd806bb,164,20170330,624,north,minute_ignition,True,False,0.43680555555555556,5440.25,5438.75,5445.75,1.5,5.75,27,1.25,7.0,1.5,True,b_first,0.7931034482758621,1.0,0.2068965517241379,1.5,1.5,1.5,1.5,1.5,1.5,-1.5,-1.5,-1.5,1.0
riz_574b7a14b638087207b9f6dba766c0b8,235,20170403,815,south,minute_ignition,True,False,3.213888888888889,5422.0,5430.5,5403.25,8.5,19.0,162,7.75,27.25,8.25,True,b_first,0.6909090909090909,1.0,0.3090909090909091,8.5,8.5,8.5,8.5,8.5,8.5,-8.5,-8.5,-8.5,66.0
riz_b0ad23ffea368338ac19eeef9f971020,171,20170403,837,south,minute_ignition,False,False,5.157638888888889,5421.5,5409.75,5403.25,-11.75,18.5,115,-14.0,6.5,-11.75,True,b_at_entry,,,,,,,,,,,,,
riz_599658be5821b70e4bccc9fe2c79e81f,235,20170406,580,north,native_confirmation,True,False,1.6944444444444444,5430.0,5429.5,5431.75,0.5,2.0,0,0.0,2.25,0.75,False,b_first,0.8,1.0,0.19999999999999996,0.5,0.5,0.5,0.5,0.5,0.5,-0.5,-0.5,-0.5,1.0
riz_580ec0112d432701a3793832915faf9c,203,20170413,655,north,minute_ignition,True,False,1.104861111111111,5394.75,5394.0,5396.75,0.75,2.25,52,0.25,2.75,0.5,True,b_first,0.75,1.0,0.25,0.75,0.75,0.75,0.75,0.75,0.75,-0.75,-0.75,-0.75,1.0
riz_cccd2976468c0514b74ba18f2cb56dc7,121,20170413,850,south,minute_ignition,False,False,0.32013888888888886,5372.0,5367.75,5363.75,-4.25,8.5,23,-6.5,4.0,-4.5,True,b_at_entry,,,,,,,,,,,,,
riz_0e1ac1f9794fa887c0b0b9f6342c294e,135,20170413,855,south,minute_ignition,False,False,0.26319444444444445,5370.75,5365.25,5363.75,-5.5,7.25,26,-5.5,1.5,-5.25,True,b_at_entry,,,,,,,,,,,,,
riz_4d124b752e3d81b80967b48551a1c8d2,189,20170417,585,north,minute_ignition,False,False,3.8618055555555557,5371.25,5375.0,5379.0,-3.75,8.0,10,-5.75,4.0,-4.25,True,b_at_entry,,,,,,,,,,,,,
riz_d08c566153351ed7f657654ba3354c0b,160,20170418,600,north,minute_ignition,True,False,0.5458333333333333,5404.5,5394.0,5404.5,10.5,0.25,14,9.5,10.5,10.25,True,a_first,0.023255813953488372,0.0,-0.023255813953488372,-0.25,-0.25,-0.25,-0.25,-0.25,-0.25,0.25,0.25,0.25,1.0
riz_368da11c8c964355ed3f763053df8f2b,161,20170418,606,north,minute_ignition,True,False,0.6944444444444444,5396.0,5392.0,5405.25,4.0,9.5,26,3.0,13.25,4.0,True,b_first,0.7037037037037037,1.0,0.2962962962962963,4.0,4.0,4.0,4.0,4.0,4.0,-4.0,-4.0,-4.0,12.0
riz_9deea22495111299b24a7859cd107874,188,20170419,956,south,minute_ignition,True,False,8.01388888888889,5397.0,5413.25,5390.0,16.25,7.25,168,16.0,23.25,16.25,True,censored_window,0.30851063829787234,,,0.75,0.75,0.75,0.75,0.75,0.75,-0.75,-0.75,-0.75,4.0
riz_d09012b93d947fd387be983ae7fcc573,188,20170420,768,north,minute_ignition,False,False,14.996527777777779,5448.25,5448.5,5450.5,-0.25,2.5,5,-1.75,2.0,-0.5,True,b_at_entry,,,,,,,,,,,,,
riz_90750903f768d2b65746e7010fc5d16f,233,20170420,805,north,minute_ignition,False,False,14.968055555555555,5444.75,5445.75,5451.25,-1.0,6.75,46,-1.5,5.5,-1.25,True,b_at_entry,,,,,,,,,,,,,
riz_81417fff603ff24a106de2f0ed1b08b1,135,20170420,855,north,minute_ignition,False,False,15.080555555555556,5451.0,5453.5,5454.75,-2.5,4.0,19,-3.25,1.25,-2.5,True,b_at_entry,,,,,,,,,,,,,
riz_f1342000d8a4af3b6035d5757b1cb373,209,20170420,894,north,minute_ignition,False,False,14.95625,5450.5,5451.5,5454.75,-1.0,4.5,63,-1.25,3.25,-0.75,True,b_at_entry,,,,,,,,,,,,,
riz_6494c395a57255d05550fa948269d7fc,151,20170504,697,south,minute_ignition,False,False,0.69375,5627.25,5612.0,5603.75,-15.25,23.75,118,-18.5,8.25,-15.25,True,b_at_entry,,,,,,,,,,,,,
riz_95089fd167312b4499c01a1e31ef48dd,166,20170505,636,south,minute_ignition,True,False,0.3388888888888889,5617.75,5620.75,5616.25,3.0,1.75,10,1.25,4.5,3.0,True,b_first,0.3684210526315789,1.0,0.631578947368421,3.0,3.0,3.0,3.0,3.0,3.0,-3.0,-3.0,-3.0,10.0
riz_2f1ac1c94248a6a8c9b7213314e366f2,125,20170505,640,south,minute_ignition,False,False,0.34305555555555556,5619.75,5618.75,5616.25,-1.0,3.75,6,-2.75,2.5,-1.0,True,b_at_entry,,,,,,,,,,,,,
riz_d2d8e42bcf0a52df56316dacf3d109a2,135,20170515,585,north,minute_ignition,True,False,0.4618055555555556,5695.5,5690.0,5696.25,5.5,1.0,10,4.75,6.25,5.5,True,a_first,0.15384615384615385,0.0,-0.15384615384615385,-1.0,-1.0,-1.0,-1.0,-1.0,-1.0,1.0,1.0,1.0,1.0
riz_e65bda3eb91d3629e64595d4b6b7ee47,143,20170515,641,north,minute_ignition,True,False,0.4548611111111111,5697.25,5691.5,5700.0,5.75,3.0,60,4.5,8.5,5.5,True,a_first,0.34285714285714286,0.0,-0.34285714285714286,-3.0,-3.0,-3.0,-3.0,-3.0,-3.0,3.0,3.0,3.0,3.0
riz_22b4afaf3dd66ab83cd344fae67a0e9f,137,20170517,599,south,minute_ignition,True,False,5.475,5665.75,5669.75,5664.0,4.0,2.0,1,2.0,5.75,4.25,False,a_first,0.3333333333333333,0.0,-0.3333333333333333,-2.0,-2.0,-2.0,-2.0,-2.0,-2.0,2.0,2.0,2.0,2.0
riz_c9283d998d7457a0e93cee62c467347c,192,20170517,600,south,minute_ignition,True,False,5.399305555555555,5665.5,5666.25,5664.0,0.75,1.75,1,-0.0,2.25,0.75,True,a_first,0.7,0.0,-0.7,-1.75,-1.75,-1.75,-1.75,-1.75,-1.75,1.75,1.75,1.75,1.0
riz_179a974f212e3bab86dd3c440d78f9e2,175,20170517,690,south,minute_ignition,True,False,5.302777777777778,5635.0,5664.25,5620.75,29.25,14.5,89,28.0,43.5,29.25,True,censored_horizon,0.3314285714285714,,,1.25,1.25,1.25,1.25,1.25,1.25,-1.25,-1.25,-1.25,120.0
riz_23aa78a0da8b9dd04fab6fdcae19b13d,134,20170518,578,north,minute_ignition,True,False,0.46319444444444446,5597.5,5584.5,5597.75,13.0,0.5,3,6.5,13.25,13.25,False,a_first,0.037037037037037035,0.0,-0.037037037037037035,-0.5,-0.5,-0.5,-0.5,-0.5,-0.5,0.5,0.5,0.5,1.0
riz_9a0d087cd502bb6389dbc4b32533e50f,135,20170518,585,north,minute_ignition,False,False,0.46319444444444446,5591.5,5592.75,5602.0,-1.25,10.75,8,-3.5,9.25,-1.5,True,b_at_entry,,,,,,,,,,,,,
riz_65720597ca06fbf31e8e234125550946,136,20170519,592,north,native_confirmation,True,False,7.0,5666.0,5664.25,5667.5,1.75,1.75,0,0.0,3.25,1.5,False,a_first,0.5,0.0,-0.5,-1.75,-1.75,-1.75,-1.75,-1.75,-1.75,1.75,1.75,1.75,1.0
riz_cb3c48f82465075f2580070f13bd02d1,125,20170519,640,north,minute_ignition,False,False,6.967361111111111,5665.25,5667.5,5672.25,-2.25,7.25,47,-3.25,4.75,-2.5,True,b_at_entry,,,,,,,,,,,,,
riz_0610e89957ff9ea657a2f4682b13525a,128,20170519,664,north,minute_ignition,False,False,6.998611111111111,5667.75,5670.75,5672.25,-3.0,4.75,2,-3.5,1.5,-3.25,True,b_at_entry,,,,,,,,,,,,,
riz_0d87a502b000cb3fae20256b195a1914,147,20170519,669,north,minute_ignition,True,False,6.988888888888889,5670.25,5668.75,5672.25,1.5,2.25,16,1.0,3.5,1.5,True,b_first,0.6,1.0,0.4,1.5,1.5,1.5,1.5,1.5,1.5,-1.5,-1.5,-1.5,1.0
riz_c18b9ba0cd8ef9617bd3e4ed2df040f0,178,20170519,708,north,minute_ignition,False,False,6.975694444444445,5663.75,5672.5,5673.25,-8.75,9.75,35,-9.0,0.75,-8.75,True,b_at_entry,,,,,,,,,,,,,
riz_2b6fcf64ee0830a9b0c867324504a27a,129,20170519,801,north,minute_ignition,False,False,6.982638888888889,5672.25,5675.0,5676.5,-2.75,4.5,25,-3.25,1.5,-3.0,True,b_at_entry,,,,,,,,,,,,,
riz_1538d09b5954733c8692f2dab59ebc19,191,20170523,595,south,minute_ignition,True,False,0.3923611111111111,5698.5,5700.5,5694.25,2.0,4.5,8,0.25,6.25,2.25,False,b_first,0.6923076923076923,1.0,0.3076923076923077,2.0,2.0,2.0,2.0,2.0,2.0,-2.0,-2.0,-2.0,4.0
riz_2a459ddd1afe6abbc0e78cfbcefba865,132,20170530,696,north,minute_ignition,False,False,1.0131944444444445,5799.0,5799.75,5802.25,-0.75,3.5,113,-1.5,2.5,-0.75,True,b_at_entry,,,,,,,,,,,,,
riz_cbec8eb0d39dc4932e384dd3b147bae5,194,20170601,610,south,native_confirmation,True,False,0.8652777777777778,5788.5,5792.25,5786.5,3.75,2.25,0,-0.0,5.75,4.25,False,same_minute,0.375,,,,-2.25,3.75,,-2.25,3.75,,-3.75,2.25,6.0
riz_43d5fd46f08daf3dcfc1a185cdd9d1d4,169,20170601,654,south,minute_ignition,False,False,0.85625,5788.5,5784.75,5780.5,-3.75,8.25,38,-5.5,4.25,-3.75,True,b_at_entry,,,,,,,,,,,,,
riz_409a5c35b3db6b8a33520b734f6fe85e,220,20170601,740,south,minute_ignition,False,False,0.7548611111111111,5801.75,5794.5,5780.5,-7.25,21.5,133,-7.75,14.0,-7.25,True,b_at_entry,,,,,,,,,,,,,
riz_08063b3f7fd581099183dc88fda4720a,129,20170607,672,north,minute_ignition,False,False,0.84375,5876.0,5877.25,5882.5,-1.25,6.75,96,-3.25,5.25,-1.25,True,b_at_entry,,,,,,,,,,,,,
riz_057b3c6ac1032d8fd0588a26a1db8edd,136,20170612,592,south,minute_ignition,True,False,21.08888888888889,5650.75,5659.0,5646.75,8.25,4.25,8,7.75,12.25,8.25,True,a_first,0.34,0.0,-0.34,-4.25,-4.25,-4.25,-4.25,-4.25,-4.25,4.25,4.25,4.25,1.0
riz_60fd4825f620e845372e0c553b063074,121,20170613,608,north,minute_ignition,False,False,18.89375,5749.5,5755.0,5768.0,-5.5,18.75,32,-8.25,13.0,-5.5,True,b_at_entry,,,,,,,,,,,,,
riz_5b1f13704bada00b5586dc78bff9da0b,195,20170613,615,north,minute_ignition,False,False,18.843055555555555,5753.0,5761.75,5768.0,-8.75,15.25,31,-11.25,6.25,-8.75,True,b_at_entry,,,,,,,,,,,,,
riz_60cf417a17ef03fe0aed9a9c8fa9dc6f,172,20170614,672,south,minute_ignition,False,False,0.41458333333333336,5767.0,5760.75,5755.25,-6.25,12.0,91,-7.25,5.5,-6.5,True,b_at_entry,,,,,,,,,,,,,
riz_2b2bdccc874ddaf8050c80af70531470,182,20170614,732,south,minute_ignition,False,False,0.2986111111111111,5770.5,5758.25,5755.25,-12.25,15.5,116,-12.5,3.0,-12.0,True,b_at_entry,,,,,,,,,,,,,
riz_8302d13f756e3e57585692f540cc7fe6,186,20170616,756,south,minute_ignition,False,False,1.0041666666666667,5688.75,5687.75,5661.0,-1.0,28.0,180,-1.5,26.75,-1.0,True,b_at_entry,,,,,,,,,,,,,
riz_b046003f80679deddc08289f646eb3c5,132,20170619,696,north,minute_ignition,True,False,5.210416666666666,5764.75,5754.0,5774.0,10.75,9.5,93,5.25,20.0,10.5,False,a_first,0.4691358024691358,0.0,-0.4691358024691358,-9.5,-9.5,-9.5,-9.5,-9.5,-9.5,9.5,9.5,9.5,117.0
riz_5a053aa214cd11a5f26c847b980c54ab,215,20170619,715,north,minute_ignition,True,False,5.7555555555555555,5762.75,5741.5,5774.0,21.25,11.5,137,17.25,32.5,21.25,False,a_first,0.3511450381679389,0.0,-0.3511450381679389,-11.5,-11.5,-11.5,-11.5,-11.5,-11.5,11.5,11.5,11.5,98.0
riz_65813d31e325ca0092eb8c2f9f165db4,177,20170620,702,south,minute_ignition,False,False,5.775,5750.25,5749.75,5746.75,-0.5,3.75,6,-0.5,3.0,-0.25,True,b_at_entry,,,,,,,,,,,,,
riz_cafeba00a39d54b9cfffe16a1c55c9f9,125,20170623,640,north,minute_ignition,True,False,0.5159722222222223,5790.5,5788.25,5791.75,2.25,1.5,7,0.0,3.5,2.25,True,a_first,0.4,0.0,-0.4,-1.5,-1.5,-1.5,-1.5,-1.5,-1.5,1.5,1.5,1.5,2.0
riz_36f8d4ce9078a5c1fe410de737e3fb76,153,20170626,711,south,minute_ignition,True,False,3.073611111111111,5787.0,5787.5,5768.0,0.5,19.25,47,-1.5,19.5,0.5,True,b_first,0.9746835443037974,1.0,0.025316455696202556,0.5,0.5,0.5,0.5,0.5,0.5,-0.5,-0.5,-0.5,1.0
riz_e0ad3ebf191e3035036c4dad6cae48ec,156,20170626,732,south,minute_ignition,False,False,3.0631944444444446,5792.25,5781.0,5768.0,-11.25,24.5,65,-16.25,13.0,-11.25,True,b_at_entry,,,,,,,,,,,,,
riz_f7cca2412dc2d0aa09369816be778db7,227,20170627,775,south,native_confirmation,True,False,6.472916666666666,5724.0,5727.5,5723.0,3.5,1.25,0,-0.0,4.5,3.5,False,a_first,0.2631578947368421,0.0,-0.2631578947368421,-1.25,-1.25,-1.25,-1.25,-1.25,-1.25,1.25,1.25,1.25,1.0
riz_5598582c4202fb16ab3786455d278361,170,20170628,660,north,minute_ignition,False,False,6.996527777777778,5721.75,5724.75,5728.25,-3.0,6.75,5,-5.75,3.5,-3.0,True,b_at_entry,,,,,,,,,,,,,
riz_c09f1ff50dfdb4d7757200b43208a694,120,20170628,720,north,minute_ignition,False,False,7.03125,5719.25,5720.0,5728.25,-0.75,9.25,75,-2.25,8.25,-1.0,True,b_at_entry,,,,,,,,,,,,,
riz_707881c38c6ac688aec49e8c3953b3bb,236,20170629,584,south,minute_ignition,True,False,1.6916666666666667,5703.25,5713.25,5701.75,10.0,1.75,8,5.5,11.5,10.25,True,a_first,0.14893617021276595,0.0,-0.14893617021276595,-1.75,-1.75,-1.75,-1.75,-1.75,-1.75,1.75,1.75,1.75,1.0
riz_5b2c9ad0af28603c13126c84d2406207,193,20170629,605,south,minute_ignition,True,False,1.7097222222222221,5694.5,5720.0,5691.25,25.5,3.5,32,22.75,28.75,25.75,True,a_first,0.1206896551724138,0.0,-0.1206896551724138,-3.5,-3.5,-3.5,-3.5,-3.5,-3.5,3.5,3.5,3.5,1.0
riz_75fec9a3a02e345981810d7690d59e97,122,20170629,616,south,minute_ignition,True,False,1.71875,5675.0,5680.5,5674.75,5.5,0.5,1,3.75,5.75,5.5,True,a_first,0.08333333333333333,0.0,-0.08333333333333333,-0.5,-0.5,-0.5,-0.5,-0.5,-0.5,0.5,0.5,0.5,1.0
riz_2b44615fefd5dc3e549110837d037d46,140,20170629,620,south,minute_ignition,True,False,1.6972222222222222,5679.25,5704.75,5673.25,25.5,6.25,36,23.75,31.5,25.5,True,a_first,0.1968503937007874,0.0,-0.1968503937007874,-6.25,-6.25,-6.25,-6.25,-6.25,-6.25,6.25,6.25,6.25,47.0
riz_572509c9bce1b174b878ecb90430e3cc,141,20170629,627,south,minute_ignition,True,False,1.6979166666666667,5678.5,5701.5,5673.25,23.0,5.5,42,19.25,28.25,23.25,True,a_first,0.19298245614035087,0.0,-0.19298245614035087,-5.5,-5.5,-5.5,-5.5,-5.5,-5.5,5.5,5.5,5.5,40.0
riz_08f7baab9de58b4f46206f84b2914cfc,169,20170629,654,south,minute_ignition,False,False,1.7194444444444446,5689.75,5678.75,5673.25,-11.0,16.75,38,-15.0,5.5,-11.25,True,b_at_entry,,,,,,,,,,,,,
riz_4ee6e26a563f4587ee9c5e10e50450bf,219,20170630,735,south,minute_ignition,False,False,0.3736111111111111,5668.75,5644.5,5639.25,-24.25,29.75,119,-26.75,5.25,-24.25,True,b_at_entry,,,,,,,,,,,,,
riz_ba0d811b120eaa16ef16ab507dc52c05,128,20170703,792,south,minute_ignition,True,False,46.265277777777776,5584.75,5585.0,5581.25,0.25,3.75,2,-0.25,3.75,0.25,True,b_first,0.9375,1.0,0.0625,0.25,0.25,0.25,0.25,0.25,0.25,-0.25,-0.25,-0.25,1.0
riz_08116e06cd49b0bc40bb9061da00bef9,138,20170704,744,south,minute_ignition,True,False,0.6145833333333334,5563.75,5594.75,5560.25,31.0,3.75,81,30.25,34.5,30.75,False,censored_gap,0.1079136690647482,,,17.0,17.0,17.0,17.0,17.0,17.0,-17.0,-17.0,-17.0,36.0
riz_0f55de9d3dad05bec37b7835fab1cc32,147,20170705,816,north,minute_ignition,False,False,2.604861111111111,5657.25,5658.75,5660.75,-1.5,3.75,11,-2.25,2.0,-1.75,True,b_at_entry,,,,,,,,,,,,,
riz_c6bd71b3e14da369fbf4dbedba3f37c5,131,20170711,688,south,minute_ignition,False,False,1.0895833333333333,5680.25,5674.5,5667.5,-5.75,13.0,2,-7.25,7.0,-6.0,True,b_at_entry,,,,,,,,,,,,,
riz_1d712d78708e0e0b7f9c0519d2487801,120,20170714,840,north,minute_ignition,True,False,18.161805555555556,5837.25,5836.5,5838.5,0.75,1.5,7,0.0,2.0,0.5,True,a_first,0.6666666666666666,0.0,-0.6666666666666666,-1.5,-1.5,-1.5,-1.5,-1.5,-1.5,1.5,1.5,1.5,2.0
riz_10911a841ccdb34e690f5a28de078e9a,134,20170714,846,north,minute_ignition,True,False,18.176388888888887,5837.75,5834.5,5839.75,3.25,2.25,14,2.0,5.25,3.5,False,a_first,0.4090909090909091,0.0,-0.4090909090909091,-2.25,-2.25,-2.25,-2.25,-2.25,-2.25,2.25,2.25,2.25,5.0
riz_835b338c06a0efca197d01c212ba6d02,126,20170718,774,north,minute_ignition,True,False,0.18333333333333332,5864.5,5855.25,5867.5,9.25,3.25,114,8.25,12.25,9.25,True,a_first,0.26,0.0,-0.26,-3.25,-3.25,-3.25,-3.25,-3.25,-3.25,3.25,3.25,3.25,43.0
riz_ff756f11932e78f5a5e567007f573580,147,20170721,816,north,minute_ignition,False,False,0.28680555555555554,5911.75,5919.5,5921.5,-7.75,10.0,28,-8.5,2.0,-7.75,True,b_at_entry,,,,,,,,,,,,,
riz_982e2e9f51bbdd19bdf1982a2098d059,124,20170727,880,south,minute_ignition,False,False,9.130555555555556,5891.75,5852.5,5844.75,-39.25,47.25,60,-41.0,7.75,-39.25,True,b_at_entry,,,,,,,,,,,,,
riz_8e0ee704da13279c52dc4507e083f56f,193,20170731,605,south,minute_ignition,True,False,0.39861111111111114,5893.0,5906.5,5890.75,13.5,2.5,5,12.0,15.75,13.5,True,a_first,0.15625,0.0,-0.15625,-2.5,-2.5,-2.5,-2.5,-2.5,-2.5,2.5,2.5,2.5,3.0
riz_a6e3ce0842a4728e5d3a27fe221bd59e,208,20170731,680,south,minute_ignition,False,False,3.4027777777777777,5883.5,5877.5,5870.25,-6.0,13.5,44,-7.0,7.25,-6.0,True,b_at_entry,,,,,,,,,,,,,
riz_8e0c0a0d491baf81902d4260c5107826,182,20170731,732,south,minute_ignition,True,False,3.435416666666667,5881.75,5885.0,5870.25,3.25,11.75,101,2.75,14.75,3.0,True,b_first,0.7833333333333333,1.0,0.21666666666666667,3.25,3.25,3.25,3.25,3.25,3.25,-3.25,-3.25,-3.25,3.0
riz_8083c120ab9c20933ee33791785c2314,189,20170731,774,south,minute_ignition,False,False,3.2993055555555557,5890.75,5872.0,5870.25,-18.75,20.75,136,-18.75,1.75,-18.5,True,b_at_entry,,,,,,,,,,,,,
riz_9fa5733083414f6efd502513d10f2c6e,193,20170801,605,south,minute_ignition,False,False,0.7104166666666667,5897.25,5890.5,5886.5,-6.75,11.0,31,-8.75,4.0,-7.0,True,b_at_entry,,,,,,,,,,,,,
riz_9603ce2b9501dafca0569f2d72aaa6a3,123,20170802,624,south,minute_ignition,True,False,0.9951388888888889,5889.75,5906.25,5887.5,16.5,2.5,7,14.5,18.75,16.75,False,a_first,0.13157894736842105,0.0,-0.13157894736842105,-2.5,-2.5,-2.5,-2.5,-2.5,-2.5,2.5,2.5,2.5,1.0
riz_25790bc88c3d08486cb1032d83dce851,151,20170802,697,south,minute_ignition,True,False,0.9451388888888889,5875.75,5903.5,5856.25,27.75,19.75,79,27.0,47.25,27.75,False,censored_horizon,0.41578947368421054,,,12.75,12.75,12.75,12.75,12.75,12.75,-12.75,-12.75,-12.75,120.0
riz_7a0252b8fd80d247730b2ee4b6c6b7cf,181,20170802,726,south,minute_ignition,False,False,5.207638888888889,5879.0,5866.0,5856.25,-13.0,23.0,63,-15.5,9.75,-13.25,True,b_at_entry,,,,,,,,,,,,,
riz_9c82df24d17d8e1efa3ed773cd76b863,156,20170802,732,south,minute_ignition,False,False,5.169444444444444,5877.0,5863.25,5856.25,-13.75,21.0,68,-19.25,7.0,-13.75,True,b_at_entry,,,,,,,,,,,,,
riz_2006fefee84ac446588300b8f233c0b0,180,20170807,720,north,minute_ignition,True,False,0.29583333333333334,5926.25,5915.25,5929.0,11.0,3.0,114,10.5,13.75,10.75,True,censored_horizon,0.21428571428571427,,,1.5,1.5,1.5,1.5,1.5,1.5,-1.5,-1.5,-1.5,120.0
riz_5337e209729b2f2ca8f2a27b20de4a0b,194,20170807,804,north,minute_ignition,False,False,5.595138888888889,5926.0,5927.25,5929.0,-1.25,3.25,113,-2.0,1.75,-1.25,True,b_at_entry,,,,,,,,,,,,,
riz_f522279205ff65c62c3ac2a047638995,120,20170808,600,south,minute_ignition,False,False,1.1548611111111111,5924.75,5914.75,5912.0,-10.0,13.0,17,-11.25,2.75,-10.25,True,b_at_entry,,,,,,,,,,,,,
riz_5ad3e3bc4c206102ad729d95d1e02e7a,146,20170808,662,south,minute_ignition,False,False,1.1430555555555555,5940.5,5917.5,5912.0,-23.0,28.75,86,-24.25,5.5,-23.0,True,b_at_entry,,,,,,,,,,,,,
riz_323c323ae2e728b544ab11083d63a480,152,20170808,704,north,native_confirmation,True,False,12.780555555555555,5951.75,5950.75,5953.25,1.0,1.75,0,0.0,2.5,1.0,False,b_first,0.6363636363636364,1.0,0.36363636363636365,1.0,1.0,1.0,1.0,1.0,1.0,-1.0,-1.0,-1.0,3.0
riz_23fe328676112ee972eaab89900b1b52,153,20170808,711,north,minute_ignition,True,False,12.783333333333333,5958.5,5953.0,5960.75,5.5,2.5,3,5.0,7.75,5.75,False,a_first,0.3125,0.0,-0.3125,-2.5,-2.5,-2.5,-2.5,-2.5,-2.5,2.5,2.5,2.5,4.0
riz_c4e369df7a6b79b95f47a31924d8d684,154,20170808,718,north,minute_ignition,True,False,12.640277777777778,5964.0,5961.0,5965.25,3.0,1.5,2,2.75,4.25,3.0,True,a_first,0.3333333333333333,0.0,-0.3333333333333333,-1.5,-1.5,-1.5,-1.5,-1.5,-1.5,1.5,1.5,1.5,1.0
riz_bbb3f5c82e8b60bde7e8b6b0d959b39a,121,20170808,729,north,native_confirmation,True,False,12.588194444444444,5969.25,5967.5,5971.75,1.75,2.75,0,0.0,4.25,1.75,False,a_first,0.6111111111111112,0.0,-0.6111111111111112,-2.75,-2.75,-2.75,-2.75,-2.75,-2.75,2.75,2.75,2.75,2.0
riz_13572dd663170ca6af12c08fbd797af8,122,20170808,738,north,minute_ignition,True,False,12.5875,5970.0,5969.25,5972.75,0.75,3.0,8,0.0,3.5,0.75,True,b_first,0.8,1.0,0.19999999999999996,0.75,0.75,0.75,0.75,0.75,0.75,-0.75,-0.75,-0.75,1.0
riz_eca8c51c3a64bce56c931c07ceb78d33,120,20170809,720,north,minute_ignition,True,False,0.2722222222222222,5913.75,5896.25,5913.5,17.5,0.0,88,16.5,17.25,17.0,True,a_at_entry,,,,,,,,,,,,,
riz_4cdf0a3610728c6288774f80264c6a8e,217,20170811,725,north,minute_ignition,True,False,27.76736111111111,5822.75,5816.0,5832.5,6.75,10.0,118,6.5,16.5,6.75,True,a_first,0.5970149253731343,0.0,-0.5970149253731343,-10.0,-10.0,-10.0,-10.0,-10.0,-10.0,10.0,10.0,10.0,18.0
riz_734b7ab901fe659ff898584f95475fd2,218,20170811,730,north,minute_ignition,True,False,27.911805555555556,5827.5,5811.75,5832.5,15.75,5.25,127,15.25,20.75,15.5,True,a_first,0.25,0.0,-0.25,-5.25,-5.25,-5.25,-5.25,-5.25,-5.25,5.25,5.25,5.25,13.0
riz_e2fed5457b7c94ce8105762bad6429ef,218,20170811,730,north,minute_ignition,True,False,27.76388888888889,5827.5,5818.0,5832.5,9.5,5.25,122,7.25,14.5,9.25,True,a_first,0.3559322033898305,0.0,-0.3559322033898305,-5.25,-5.25,-5.25,-5.25,-5.25,-5.25,5.25,5.25,5.25,13.0
riz_849026f45180437e685466be78b8ef08,136,20170816,592,south,native_confirmation,True,False,0.4722222222222222,5909.25,5911.25,5907.5,2.0,2.0,0,-0.0,3.75,2.0,False,b_first,0.5,1.0,0.5,2.0,2.0,2.0,2.0,2.0,2.0,-2.0,-2.0,-2.0,1.0
riz_894c7c7c8b8278e3d733046813ff41a4,163,20170817,618,south,minute_ignition,True,False,6.988194444444445,5861.5,5890.25,5853.75,28.75,8.0,17,19.75,36.5,28.5,False,a_first,0.21768707482993196,0.0,-0.21768707482993196,-8.0,-8.0,-8.0,-8.0,-8.0,-8.0,8.0,8.0,8.0,3.0
riz_e7fbcf82e5b417f07f4eb49b3b2dc127,184,20170817,928,south,minute_ignition,False,False,6.929861111111111,5812.5,5811.25,5808.5,-1.25,4.25,9,-2.75,2.75,-1.5,True,b_at_entry,,,,,,,,,,,,,
riz_055324a50228c78735713851d8dcad64,236,20170822,820,north,minute_ignition,True,False,8.402777777777779,5870.25,5863.5,5875.5,6.75,5.5,128,5.5,12.0,6.5,True,b_first,0.4489795918367347,1.0,0.5510204081632653,6.75,6.75,6.75,6.75,6.75,6.75,-6.75,-6.75,-6.75,17.0
riz_a9d42f81cb114afade89a212e8853754,155,20170822,880,north,minute_ignition,False,False,8.103472222222223,5877.75,5877.75,5879.75,0.0,2.25,6,-1.25,2.0,0.0,True,b_at_entry,,,,,,,,,,,,,
riz_91167264180a29e5ec677a8b937af257,146,20170828,662,north,minute_ignition,True,False,3.1006944444444446,5855.25,5854.5,5856.0,0.75,1.0,1,0.5,1.5,0.75,True,b_first,0.5714285714285714,1.0,0.4285714285714286,0.75,0.75,0.75,0.75,0.75,0.75,-0.75,-0.75,-0.75,1.0
riz_094a4835239dc25329e4ee1185c31e65,134,20170828,712,north,minute_ignition,False,False,3.0520833333333335,5848.5,5850.5,5856.0,-2.0,7.75,59,-3.25,5.5,-2.25,True,b_at_entry,,,,,,,,,,,,,
riz_46c0698da48c461455b60e08b2fc9cb6,180,20170828,720,north,minute_ignition,False,False,3.0791666666666666,5849.0,5853.25,5856.0,-4.25,7.25,66,-4.5,2.75,-4.0,True,b_at_entry,,,,,,,,,,,,,
riz_756ec9b95099d1626f1d694c6520b2ba,185,20170901,750,south,minute_ignition,False,False,35.77291666666667,5996.5,5976.25,5973.25,-20.25,23.5,142,-20.75,3.0,-20.25,True,b_at_entry,,,,,,,,,,,,,
riz_4b1686de447cb465d89765af60bbc87e,204,20170905,864,south,minute_ignition,False,False,19.064583333333335,5926.75,5907.0,5889.5,-19.75,37.5,111,-22.25,17.5,-19.5,True,b_at_entry,,,,,,,,,,,,,
riz_2e995f7f0c2cb7b6adb3d86804858c0a,120,20170912,840,north,minute_ignition,False,False,0.23125,5998.25,6000.5,6006.75,-2.25,8.75,27,-2.75,6.25,-2.25,True,b_at_entry,,,,,,,,,,,,,
riz_0b9a4b7bf7bac1a43a3b5111860b969c,121,20170912,850,north,minute_ignition,True,False,0.29305555555555557,6000.5,5997.5,6006.75,3.0,6.5,62,2.75,9.25,3.25,True,b_first,0.6842105263157895,1.0,0.3157894736842105,3.0,3.0,3.0,3.0,3.0,3.0,-3.0,-3.0,-3.0,8.0
riz_da8e47db401f19418cf62354ba24c3e3,158,20170912,904,north,minute_ignition,False,False,0.26458333333333334,5979.5,5999.0,6006.75,-19.5,27.5,93,-19.5,7.75,-19.25,True,b_at_entry,,,,,,,,,,,,,
riz_8c5ca9409273ea023674179dfb4b46f8,222,20170914,750,south,minute_ignition,False,False,6.341666666666667,5983.0,5973.75,5970.25,-9.25,13.0,174,-11.5,3.5,-9.5,True,b_at_entry,,,,,,,,,,,,,
riz_7fcae16afe7eedec1a8fedff9312d043,178,20170918,886,south,minute_ignition,True,False,3.7395833333333335,5967.5,5972.5,5967.25,5.0,0.5,3,2.25,5.25,4.75,True,b_first,0.09090909090909091,1.0,0.9090909090909091,5.0,5.0,5.0,5.0,5.0,5.0,-5.0,-5.0,-5.0,2.0
riz_a438e8c6feaef279b55d0b03e6fe6fb6,145,20170918,945,south,minute_ignition,False,False,3.9006944444444445,5989.0,5977.25,5967.25,-11.75,22.0,68,-13.5,10.0,-11.75,True,b_at_entry,,,,,,,,,,,,,
riz_c18aad8a5ec09e9aa8656d7636b23881,146,20170918,954,south,minute_ignition,False,False,3.901388888888889,5988.75,5975.25,5967.25,-13.5,21.75,76,-13.75,8.0,-13.5,True,b_at_entry,,,,,,,,,,,,,
riz_688485887c1501cd96b8616cca91b0f3,125,20170925,640,south,minute_ignition,True,False,26.084027777777777,5874.75,5882.0,5873.0,7.25,2.0,4,5.75,9.0,7.25,True,a_first,0.21621621621621623,0.0,-0.21621621621621623,-2.0,-2.0,-2.0,-2.0,-2.0,-2.0,2.0,2.0,2.0,8.0
riz_1b3a456947f43bf1f69677d7310553bc,131,20170925,688,south,minute_ignition,True,False,26.055555555555557,5874.75,5879.5,5852.5,4.75,22.5,51,-0.5,27.0,4.5,True,a_first,0.8256880733944955,0.0,-0.8256880733944955,-22.5,-22.5,-22.5,-22.5,-22.5,-22.5,22.5,22.5,22.5,47.0
riz_7b9c6a75abfe0fd8a55d13f5e948c05a,183,20170928,738,north,minute_ignition,False,False,0.31666666666666665,5932.0,5941.0,5943.25,-9.0,11.5,93,-9.25,2.25,-9.0,True,b_at_entry,,,,,,,,,,,,,
riz_c72c3f9d07028628d1d9b7a5730a6ed2,149,20170929,683,north,minute_ignition,True,False,8.102777777777778,5973.0,5971.0,5973.75,2.0,1.0,1,0.0,2.75,2.0,True,a_first,0.3333333333333333,0.0,-0.3333333333333333,-1.0,-1.0,-1.0,-1.0,-1.0,-1.0,1.0,1.0,1.0,1.0
riz_eb10cb9ec191f108496206d3c4051092,120,20170929,720,north,minute_ignition,True,False,8.141666666666667,5974.0,5973.5,5974.75,0.5,1.0,36,-0.25,1.25,0.5,True,b_first,0.6666666666666666,1.0,0.33333333333333337,0.5,0.5,0.5,0.5,0.5,0.5,-0.5,-0.5,-0.5,1.0
riz_ddead1f82cd0cc8c013e70d9f9363874,218,20171002,730,south,minute_ignition,False,False,10.842361111111112,5968.75,5966.25,5958.5,-2.5,10.5,9,-5.75,7.75,-2.25,True,b_at_entry,,,,,,,,,,,,,
riz_445c5604f9754e405fba9d0b935251bb,194,20171010,610,south,minute_ignition,False,False,0.7138888888888889,6068.75,6064.0,6061.75,-4.75,7.25,2,-5.0,2.25,-4.5,True,b_at_entry,,,,,,,,,,,,,
riz_6172508331be21ed5f14171a5dafbe91,194,20171011,610,north,minute_ignition,True,False,0.3784722222222222,6070.25,6067.5,6070.5,2.75,0.5,37,1.75,3.0,2.5,True,a_first,0.15384615384615385,0.0,-0.15384615384615385,-0.5,-0.5,-0.5,-0.5,-0.5,-0.5,0.5,0.5,0.5,1.0
riz_454f6f3f7aba92fb9574d0b4032eae69,197,20171101,822,south,minute_ignition,True,False,0.75,6238.75,6250.5,6223.5,11.75,15.5,162,11.5,27.0,11.75,True,censored_horizon,0.5688073394495413,,,9.75,9.75,9.75,9.75,9.75,9.75,-9.75,-9.75,-9.75,120.0
riz_52f539f7defd6b1edb3b3bbc64f423ec,158,20171107,588,north,minute_ignition,True,False,0.32708333333333334,6325.75,6322.0,6326.25,3.75,0.75,3,3.0,4.25,3.5,False,a_first,0.16666666666666666,0.0,-0.16666666666666666,-0.75,-0.75,-0.75,-0.75,-0.75,-0.75,0.75,0.75,0.75,1.0
riz_f1d44c4aa592d6003d46a2d36dad0d76,165,20171107,630,north,minute_ignition,False,False,0.41944444444444445,6310.75,6316.5,6326.75,-5.75,16.25,56,-8.75,10.25,-5.75,True,b_at_entry,,,,,,,,,,,,,
riz_02a99d04135cd3b2f3cce3e20ce79051,135,20171109,585,south,minute_ignition,True,False,3.3743055555555554,6279.0,6283.25,6278.25,4.25,1.0,1,0.5,5.0,4.0,True,a_first,0.19047619047619047,0.0,-0.19047619047619047,-1.0,-1.0,-1.0,-1.0,-1.0,-1.0,1.0,1.0,1.0,1.0
riz_a877b51e188dbc61c17ad02e9e749625,135,20171113,720,north,minute_ignition,True,False,2.7395833333333335,6317.0,6305.25,6320.5,11.75,3.75,119,10.5,15.25,11.5,True,censored_horizon,0.24193548387096775,,,-0.25,-0.25,-0.25,-0.25,-0.25,-0.25,0.25,0.25,0.25,120.0
riz_d9c3c0e2f9708842b3a160b4523e15a1,153,20171116,864,north,minute_ignition,True,False,7.542361111111111,6354.0,6343.0,6358.5,11.0,4.75,137,10.25,15.5,11.0,True,censored_window,0.30158730158730157,,,9.75,9.75,9.75,9.75,9.75,9.75,-9.75,-9.75,-9.75,96.0
riz_6e5eb60c00227c3d92db0779e4cf5c2b,148,20171117,676,south,minute_ignition,False,False,8.1,6333.0,6328.0,6324.75,-5.0,8.5,4,-5.5,3.25,-5.0,True,b_at_entry,,,,,,,,,,,,,
riz_6ff9585e5aa95c8e6420f90876634a4f,232,20171120,800,south,minute_ignition,False,False,0.4444444444444444,6317.75,6308.25,6305.0,-9.5,13.0,56,-10.25,3.25,-9.5,True,b_at_entry,,,,,,,,,,,,,
riz_684081eb8cacc811d54f5777570cfee9,120,20171123,600,south,minute_ignition,False,False,0.23333333333333334,6389.0,6388.5,6387.5,-0.5,1.75,24,-0.5,1.0,-0.25,True,b_at_entry,,,,,,,,,,,,,
riz_f4685124fe5b907f1e3c050e33c54255,213,20171128,918,south,minute_ignition,False,False,0.5340277777777778,6426.75,6406.5,6388.75,-20.25,38.25,83,-22.75,17.75,-20.0,True,b_at_entry,,,,,,,,,,,,,
riz_00e40ab52a76cf693a17c62ab9cec913,202,20171129,650,south,minute_ignition,False,False,11.725,6339.5,6330.5,6320.75,-9.0,19.0,26,-9.25,9.75,-9.0,True,b_at_entry,,,,,,,,,,,,,
riz_672b4fa6b5d69f95ef78f22cae34e276,129,20171129,672,south,minute_ignition,True,False,11.875694444444445,6321.75,6339.0,6310.5,17.25,11.5,50,13.0,28.5,17.0,True,a_first,0.4,0.0,-0.4,-11.5,-11.5,-11.5,-11.5,-11.5,-11.5,11.5,11.5,11.5,14.0
riz_545e2cabc2d1af42ddb39cb81cf1e375,227,20171129,775,south,minute_ignition,True,False,11.736805555555556,6315.25,6335.0,6283.0,19.75,32.5,152,19.5,52.0,19.75,True,b_first,0.6220095693779905,1.0,0.37799043062200954,19.75,19.75,19.75,19.75,19.75,19.75,-19.75,-19.75,-19.75,34.0
riz_8de0462573264d2742146698208bc168,129,20171130,672,north,minute_ignition,True,False,8.932638888888889,6358.25,6347.25,6365.75,11.0,7.75,97,10.5,18.5,11.0,True,a_first,0.41333333333333333,0.0,-0.41333333333333333,-7.75,-7.75,-7.75,-7.75,-7.75,-7.75,7.75,7.75,7.75,4.0
riz_e25f20cf9753b0b798787c25cda1da00,149,20171201,683,south,minute_ignition,False,False,1.4076388888888889,6308.25,6304.75,6300.5,-3.5,8.0,9,-4.5,4.25,-3.75,True,b_at_entry,,,,,,,,,,,,,
riz_9bf0da138f834918fd05293b2e88d2aa,132,20171205,696,north,minute_ignition,False,False,3.765972222222222,6328.75,6338.75,6339.75,-10.0,11.25,13,-10.5,1.0,-10.0,True,b_at_entry,,,,,,,,,,,,,
riz_ab914ee3e331efbe623d020b95a67397,188,20171205,956,south,minute_ignition,False,False,0.38958333333333334,6271.25,6265.25,6262.5,-6.0,9.0,3,-7.0,2.75,-6.0,True,b_at_entry,,,,,,,,,,,,,
riz_8d33cacb90e63f1cebc1c0d0afe8d148,236,20171220,584,south,minute_ignition,True,False,0.6923611111111111,6486.25,6504.5,6480.25,18.25,6.25,7,17.5,24.25,18.0,True,a_first,0.25510204081632654,0.0,-0.25510204081632654,-6.25,-6.25,-6.25,-6.25,-6.25,-6.25,6.25,6.25,6.25,2.0
riz_3de6acb83bb707012994e0a605a2e8a9,133,20171221,704,north,minute_ignition,False,False,1.5493055555555555,6509.25,6510.5,6513.5,-1.25,4.5,7,-2.0,3.0,-1.5,True,b_at_entry,,,,,,,,,,,,,
riz_3a4cc3561a7fd682d3497c2c4ba87eb4,129,20171221,801,north,native_confirmation,True,False,1.26875,6520.25,6520.0,6520.75,0.25,0.75,0,0.0,0.75,0.25,False,b_first,0.75,1.0,0.25,0.25,0.25,0.25,0.25,0.25,0.25,-0.25,-0.25,-0.25,1.0
riz_10d2e2361338d0d0d6c6ce3cf352d645,123,20171221,870,north,minute_ignition,False,False,1.2881944444444444,6504.0,6518.5,6520.75,-14.5,17.0,77,-15.5,2.25,-15.0,True,b_at_entry,,,,,,,,,,,,,
riz_c01485b2bcb043476a4def3af51a9e16,157,20180102,582,north,native_confirmation,True,False,4.1090277777777775,6455.25,6452.75,6455.5,2.5,0.5,0,0.0,2.75,2.25,False,a_first,0.16666666666666666,0.0,-0.16666666666666666,-0.5,-0.5,-0.5,-0.5,-0.5,-0.5,0.5,0.5,0.5,1.0
riz_679c40078f34efaf8aa2de645e503356,136,20180102,592,north,minute_ignition,True,False,4.463888888888889,6473.5,6445.5,6474.5,28.0,1.25,12,25.5,29.0,28.0,False,a_first,0.042735042735042736,0.0,-0.042735042735042736,-1.25,-1.25,-1.25,-1.25,-1.25,-1.25,1.25,1.25,1.25,2.0
riz_2412d0c63b9bbbc8de749dd4895cb192,137,20180102,599,north,minute_ignition,True,False,4.084027777777778,6474.75,6457.0,6476.0,17.75,1.5,16,16.0,19.0,17.75,True,a_first,0.07792207792207792,0.0,-0.07792207792207792,-1.5,-1.5,-1.5,-1.5,-1.5,-1.5,1.5,1.5,1.5,1.0
riz_5d2f67f1649643b84a5fa140c9622146,120,20180102,600,north,minute_ignition,True,False,4.153472222222222,6480.75,6450.5,6482.25,30.25,1.75,19,28.75,31.75,30.25,False,a_first,0.0546875,0.0,-0.0546875,-1.75,-1.75,-1.75,-1.75,-1.75,-1.75,1.75,1.75,1.75,1.0
riz_cef5af20fbf6bc4b837b61064ed3399f,123,20180102,624,north,minute_ignition,True,False,4.058333333333334,6486.5,6459.25,6488.0,27.25,1.75,39,26.25,28.75,27.0,False,a_first,0.0603448275862069,0.0,-0.0603448275862069,-1.75,-1.75,-1.75,-1.75,-1.75,-1.75,1.75,1.75,1.75,2.0
riz_5159aaa047af5d4fb5f788db73b49479,124,20180102,632,north,minute_ignition,True,False,4.054166666666666,6494.25,6460.5,6498.0,33.75,4.0,46,31.0,37.5,34.0,False,a_first,0.10596026490066225,0.0,-0.10596026490066225,-4.0,-4.0,-4.0,-4.0,-4.0,-4.0,4.0,4.0,4.0,22.0
riz_40e80b68c3d807fd6bc74813c347b02f,235,20180116,815,south,minute_ignition,True,False,1.1340277777777779,6782.25,6785.0,6773.75,2.75,8.75,42,2.0,11.25,2.5,True,b_first,0.7608695652173914,1.0,0.23913043478260865,2.75,2.75,2.75,2.75,2.75,2.75,-2.75,-2.75,-2.75,9.0
riz_b3d048db4c39d9bc5ee46c1fcb84d088,192,20180117,792,north,minute_ignition,False,False,1.1263888888888889,6801.25,6805.75,6808.5,-4.5,7.5,10,-7.25,2.75,-4.75,True,b_at_entry,,,,,,,,,,,,,
riz_802c2d56e1ba197b035ac7f534c320b3,232,20180117,800,south,minute_ignition,False,False,0.48819444444444443,6804.25,6772.0,6751.5,-32.25,53.0,225,-37.25,20.5,-32.25,True,b_at_entry,,,,,,,,,,,,,
riz_7c5f9c9d12c35c60a10be6adfef24a1f,196,20180117,816,north,minute_ignition,False,False,1.1284722222222223,6809.5,6809.25,6812.75,0.25,3.5,11,-0.5,3.5,0.0,True,b_first,0.9333333333333333,1.0,0.06666666666666665,0.25,0.25,0.25,0.25,0.25,0.25,-0.25,-0.25,-0.25,1.0
riz_27fc3926332f9af065fff61a42d66958,203,20180117,858,north,minute_ignition,True,False,1.1076388888888888,6817.0,6811.0,6817.75,6.0,1.0,48,5.75,6.75,6.0,True,a_first,0.14285714285714285,0.0,-0.14285714285714285,-1.0,-1.0,-1.0,-1.0,-1.0,-1.0,1.0,1.0,1.0,3.0
riz_5a826f8ed2222d41f1e6677d39eeb30b,205,20180117,870,north,minute_ignition,True,False,1.0805555555555555,6814.25,6803.75,6820.0,10.5,6.0,89,10.25,16.25,10.75,True,a_first,0.36363636363636365,0.0,-0.36363636363636365,-6.0,-6.0,-6.0,-6.0,-6.0,-6.0,6.0,6.0,6.0,7.0
riz_e6aecb33d1d6020bf6703b43d980f78f,188,20180117,956,north,minute_ignition,True,False,1.1854166666666666,6820.75,6815.25,6834.25,5.5,13.75,109,3.25,19.0,5.25,True,censored_window,0.7142857142857143,,,-2.25,-2.25,-2.25,-2.25,-2.25,-2.25,2.25,2.25,2.25,4.0
riz_27cde7694c935671a6d138a31286f820,134,20180119,712,south,minute_ignition,False,False,0.43194444444444446,6827.5,6814.25,6810.75,-13.25,17.0,48,-13.75,3.5,-13.5,True,b_at_entry,,,,,,,,,,,,,
riz_d754f78845642364cd122051d6e46126,120,20180123,600,north,minute_ignition,False,False,0.2375,6947.0,6947.5,6964.0,-0.5,17.25,18,-1.75,16.5,-0.75,True,b_at_entry,,,,,,,,,,,,,
riz_40792d19939b7015fac8b2cefae19d37,123,20180123,624,north,minute_ignition,True,False,0.22847222222222222,6954.75,6950.25,6966.5,4.5,12.0,40,0.25,16.25,4.25,True,a_first,0.7272727272727273,0.0,-0.7272727272727273,-12.0,-12.0,-12.0,-12.0,-12.0,-12.0,12.0,12.0,12.0,5.0
riz_879d469328d091477e10bb0221b8e5a8,132,20180124,696,south,minute_ignition,True,False,1.0888888888888888,6930.25,6939.75,6920.5,9.5,10.0,4,6.0,19.25,9.25,False,a_first,0.5128205128205128,0.0,-0.5128205128205128,-10.0,-10.0,-10.0,-10.0,-10.0,-10.0,10.0,10.0,10.0,2.0
riz_82ed7b6f5b3237bdafefed5920eee2d1,134,20180124,712,south,minute_ignition,True,False,1.0784722222222223,6937.5,6946.0,6915.25,8.5,22.5,21,8.0,30.75,8.25,True,b_first,0.7258064516129032,1.0,0.27419354838709675,8.5,8.5,8.5,8.5,8.5,8.5,-8.5,-8.5,-8.5,1.0
riz_1aa4e0ab062fc67423b8306331564022,226,20180205,770,north,minute_ignition,False,False,18.740972222222222,6749.75,6795.25,6813.5,-45.5,64.0,147,-49.75,18.25,-45.75,True,b_at_entry,,,,,,,,,,,,,
riz_a7cd54e4089433b2a3c9942d9ea1ae95,142,20180205,918,south,minute_ignition,False,False,48.19236111111111,6627.5,6537.25,6499.0,-90.25,128.75,7,-120.0,38.25,-90.0,True,b_at_entry,,,,,,,,,,,,,
riz_82727e8cf2d10093c192be6178f54596,191,20180206,595,north,minute_ignition,True,False,33.735416666666666,6592.5,6570.25,6598.0,22.25,5.75,1,19.25,27.75,21.75,False,a_first,0.20535714285714285,0.0,-0.20535714285714285,-5.75,-5.75,-5.75,-5.75,-5.75,-5.75,5.75,5.75,5.75,1.0
riz_e6faeec304c075f17da02ca533b846dd,137,20180206,599,north,minute_ignition,False,False,33.80694444444445,6523.5,6573.25,6599.75,-49.75,76.5,4,-68.5,26.5,-49.75,True,b_at_entry,,,,,,,,,,,,,
riz_d2d737f86bc899391e1f54d28666d95e,186,20180206,942,north,minute_ignition,True,False,32.359722222222224,6673.25,6614.0,6676.25,59.25,3.25,40,51.5,62.25,59.25,True,censored_window,0.052,,,5.75,5.75,5.75,5.75,5.75,5.75,-5.75,-5.75,-5.75,18.0
riz_b74d9dfa567012235e08644913a719ad,146,20180207,808,south,minute_ignition,True,False,0.49166666666666664,6600.0,6622.5,6583.0,22.5,17.25,22,21.25,39.5,23.75,True,b_first,0.4339622641509434,1.0,0.5660377358490566,22.5,22.5,22.5,22.5,22.5,22.5,-22.5,-22.5,-22.5,4.0
riz_0d8f419aa63c8ead0675d0176a9e995b,175,20180207,865,south,minute_ignition,False,False,0.43194444444444446,6635.0,6616.75,6583.0,-18.25,52.25,78,-22.5,33.75,-17.5,True,b_at_entry,,,,,,,,,,,,,
riz_ce4239ade3fdde687b2512be9c71c3a5,236,20180209,820,south,minute_ignition,True,False,65.26458333333333,6171.0,6255.25,6164.0,84.25,7.25,91,80.0,91.25,83.5,True,b_first,0.07923497267759563,1.0,0.9207650273224044,84.25,84.25,84.25,84.25,84.25,84.25,-84.25,-84.25,-84.25,16.0
riz_ed0cb5e0515aa6c5c6dfae576b8ea002,239,20180209,835,south,minute_ignition,False,False,65.25902777777777,6248.5,6248.0,6164.0,-0.5,84.75,105,-8.75,84.0,-1.5,True,b_at_entry,,,,,,,,,,,,,
riz_dca0b14e1bc3ac1be5575a5eb9f92a1a,150,20180213,690,north,minute_ignition,False,False,0.4756944444444444,6516.25,6535.0,6539.5,-18.75,23.5,65,-19.75,4.5,-18.75,True,b_at_entry,,,,,,,,,,,,,
riz_0dd7fe7e329bd9d23c49dc4d36b9e076,219,20180214,735,north,minute_ignition,False,False,6.975,6618.75,6623.5,6638.25,-4.75,19.75,36,-7.25,14.75,-5.25,True,b_at_entry,,,,,,,,,,,,,
riz_5ce63b73e51a56a715680e7a9b317432,224,20180214,760,north,minute_ignition,True,False,6.958333333333333,6634.5,6630.0,6638.25,4.5,4.0,60,2.75,8.25,4.75,True,b_first,0.47058823529411764,1.0,0.5294117647058824,4.5,4.5,4.5,4.5,4.5,4.5,-4.5,-4.5,-4.5,2.0
riz_55f7b4383610f42902e4f272d2d3205d,122,20180216,738,north,minute_ignition,True,False,0.26875,6837.75,6831.0,6838.0,6.75,0.5,101,6.0,7.0,6.5,True,a_first,0.06896551724137931,0.0,-0.06896551724137931,-0.5,-0.5,-0.5,-0.5,-0.5,-0.5,0.5,0.5,0.5,1.0
riz_d4550269fdcb35eac7a29a4f6e4260b4,123,20180216,747,north,minute_ignition,False,False,0.32083333333333336,6832.0,6832.75,6838.5,-0.75,6.75,30,-1.25,5.75,-1.0,True,b_at_entry,,,,,,,,,,,,,
riz_01ea1a328590adde4e84630aa2b6f8d2,192,20180219,600,south,minute_ignition,False,False,2.6951388888888888,6791.25,6786.25,6781.0,-5.0,10.5,19,-9.0,5.25,-4.5,True,b_at_entry,,,,,,,,,,,,,
riz_09559f4cae0cf9c5bf8eb106257215ef,143,20180220,641,north,minute_ignition,True,False,4.753472222222222,6788.5,6755.0,6811.25,33.5,23.0,69,30.5,56.25,33.5,False,a_first,0.40707964601769914,0.0,-0.40707964601769914,-23.0,-23.0,-23.0,-23.0,-23.0,-23.0,23.0,23.0,23.0,24.0
riz_5524b9f5558a26c6bac7705ee658eb5b,141,20180220,909,south,native_confirmation,True,False,0.39166666666666666,6769.5,6771.0,6765.5,1.5,4.25,0,-0.0,5.5,2.0,False,b_first,0.7391304347826086,1.0,0.26086956521739135,1.5,1.5,1.5,1.5,1.5,1.5,-1.5,-1.5,-1.5,1.0
riz_d9fbb05d3da8dd605276bcff8a17165a,143,20180220,927,south,minute_ignition,True,False,0.3861111111111111,6760.5,6768.75,6750.5,8.25,10.25,16,4.75,18.25,7.75,True,b_first,0.5540540540540541,1.0,0.44594594594594594,8.25,8.25,8.25,8.25,8.25,8.25,-8.25,-8.25,-8.25,2.0
riz_1ab6e186911e0d2cc8de99f354c86530,145,20180220,945,south,minute_ignition,False,False,0.3861111111111111,6765.25,6762.25,6750.5,-3.0,15.0,24,-7.25,11.75,-3.0,True,b_at_entry,,,,,,,,,,,,,
riz_1fef95406178431381e32ab20a7932a9,156,20180222,576,north,native_confirmation,True,False,0.8916666666666667,6812.5,6812.5,6813.5,0.0,1.25,0,0.0,1.0,0.5,False,b_at_entry,,,,,,,,,,,,,
riz_9b363d14e713bca083ff61b409de2673,239,20180222,596,north,minute_ignition,False,False,0.8229166666666666,6796.5,6814.5,6820.5,-18.0,24.25,16,-18.75,6.0,-18.25,True,b_at_entry,,,,,,,,,,,,,
riz_f12a70d5465b2721184dd7373667aa4a,122,20180222,616,north,minute_ignition,False,False,0.9701388888888889,6802.75,6804.25,6820.5,-1.5,18.0,43,-8.75,16.25,-2.0,True,b_at_entry,,,,,,,,,,,,,
riz_d8df0f132e29eb53900cc23e136cdff1,211,20180222,695,north,minute_ignition,False,False,0.8229166666666666,6810.5,6824.75,6828.25,-14.25,18.0,44,-15.25,3.5,-14.25,True,b_at_entry,,,,,,,,,,,,,
riz_6050a0db4d88187f9f0d777281ff3dd5,179,20180222,714,north,minute_ignition,True,False,0.875,6830.0,6828.0,6830.75,2.0,1.0,1,1.0,2.75,1.75,False,same_minute,0.3333333333333333,,,,-1.0,2.0,,-1.0,2.0,,-2.0,1.0,1.0
riz_2f1b31dec677f20bd43be83b97d9ee19,148,20180228,676,south,minute_ignition,False,False,0.40902777777777777,6916.25,6912.75,6906.25,-3.5,10.25,3,-8.75,6.5,-3.5,True,b_at_entry,,,,,,,,,,,,,
riz_3639e5bcc34eb771872548351fff01c5,240,20180301,840,south,minute_ignition,True,False,7.498611111111111,6722.75,6733.25,6722.25,10.5,0.75,2,6.75,11.0,10.75,True,a_first,0.06666666666666667,0.0,-0.06666666666666667,-0.75,-0.75,-0.75,-0.75,-0.75,-0.75,0.75,0.75,0.75,1.0
riz_5c263dd4cc8e5c0704ddd271e105dbb6,121,20180314,608,south,minute_ignition,False,False,0.6951388888888889,7103.0,7085.0,7075.25,-18.0,28.0,27,-22.0,9.75,-18.25,True,b_at_entry,,,,,,,,,,,,,
riz_8494635baaf5987867f7a7089f3ccbf7,123,20180314,624,south,minute_ignition,True,False,0.7013888888888888,7075.25,7080.75,7069.25,5.5,6.25,34,2.0,11.5,5.25,True,b_first,0.5319148936170213,1.0,0.46808510638297873,5.5,5.5,5.5,5.5,5.5,5.5,-5.5,-5.5,-5.5,1.0
riz_ff5adba6ed9901bf6ca5b711a4def5ff,124,20180314,632,south,minute_ignition,False,False,0.7201388888888889,7092.25,7072.75,7069.25,-19.5,23.25,15,-21.75,3.5,-19.75,True,b_at_entry,,,,,,,,,,,,,
riz_c53c364eeb489a35a5ea945f3bc3270b,209,20180314,685,south,minute_ignition,False,False,0.5784722222222223,7067.75,7062.75,7056.25,-5.0,11.75,3,-5.25,6.5,-4.5,True,b_at_entry,,,,,,,,,,,,,
riz_ad111c93bc6348b4823ee7166d89e612,193,20180314,798,south,minute_ignition,False,False,0.45694444444444443,7063.25,7059.0,7036.5,-4.25,27.0,114,-5.5,22.5,-4.5,True,b_at_entry,,,,,,,,,,,,,
riz_d78893537a2e79c98e63bfcb175474bc,194,20180314,804,south,minute_ignition,False,False,0.4548611111111111,7074.75,7061.0,7036.5,-13.75,38.5,121,-15.25,24.5,-13.75,True,b_at_entry,,,,,,,,,,,,,
riz_35a3cfa6bb14e35ab376f773c33198c8,211,20180322,695,south,minute_ignition,True,False,19.954166666666666,6738.25,6738.5,6735.0,0.25,3.5,6,-1.75,3.5,0.5,True,same_minute,0.9333333333333333,,,,-3.5,0.25,,-3.5,0.25,,-0.25,3.5,1.0
riz_73ea961c553f4b6694b9dfb86040052c,170,20180322,830,south,minute_ignition,False,False,19.986805555555556,6796.25,6728.0,6715.0,-68.25,81.5,129,-73.0,13.0,-68.0,True,b_at_entry,,,,,,,,,,,,,
riz_8f3ee9d7f90106f58bf2e79f4769bb2c,180,20180406,900,south,minute_ignition,False,False,2.373611111111111,6425.0,6421.75,6411.75,-3.25,13.5,2,-9.75,10.0,-3.25,True,b_at_entry,,,,,,,,,,,,,
riz_9971314666c733075b79712eab2062a7,184,20180406,928,south,minute_ignition,False,False,2.3680555555555554,6432.5,6413.0,6408.5,-19.5,24.25,22,-20.5,4.5,-19.25,True,b_at_entry,,,,,,,,,,,,,
riz_ac1badb08fa0139342265115b0dde361,131,20180406,950,south,minute_ignition,False,False,2.4180555555555556,6435.75,6426.25,6408.5,-9.5,27.5,53,-11.75,17.75,-9.25,True,b_at_entry,,,,,,,,,,,,,
riz_4d21ca721cb451e76170fe68ae477eee,166,20180411,636,north,minute_ignition,True,False,0.725,6633.5,6617.0,6643.75,16.5,10.5,12,14.5,26.75,16.75,False,b_first,0.3888888888888889,1.0,0.6111111111111112,16.5,16.5,16.5,16.5,16.5,16.5,-16.5,-16.5,-16.5,20.0
riz_fa6b6c9d3862775dd837c1a566c028a1,167,20180411,642,north,minute_ignition,True,False,0.7263888888888889,6640.0,6624.5,6643.75,15.5,4.0,16,15.5,19.25,15.75,False,b_first,0.20512820512820512,1.0,0.7948717948717949,15.5,15.5,15.5,15.5,15.5,15.5,-15.5,-15.5,-15.5,10.0
riz_e4a1ed88cfb9f2a15120260e060803f6,169,20180411,654,north,minute_ignition,True,False,0.7256944444444444,6624.75,6619.75,6643.75,5.0,19.25,29,1.75,24.0,5.25,False,b_first,0.7938144329896907,1.0,0.20618556701030932,5.0,5.0,5.0,5.0,5.0,5.0,-5.0,-5.0,-5.0,1.0
riz_15b85ef5057b4ae3accaca11ea2fe768,212,20180411,700,north,minute_ignition,True,False,0.7076388888888889,6624.25,6615.75,6643.75,8.5,19.75,101,8.5,28.0,8.75,True,a_first,0.6991150442477876,0.0,-0.6991150442477876,-19.75,-19.75,-19.75,-19.75,-19.75,-19.75,19.75,19.75,19.75,14.0
riz_45ccbde33f96899a3b777645f5715028,156,20180417,732,north,minute_ignition,True,False,21.209722222222222,6817.75,6816.0,6818.25,1.75,0.75,10,0.75,2.25,1.5,True,same_minute,0.3,,,,-0.75,1.75,,-0.75,1.75,,-1.75,0.75,1.0
riz_1f2d30053d53c5f0b503e159139b9add,219,20180417,735,north,minute_ignition,True,False,21.40486111111111,6818.75,6795.75,6819.75,23.0,1.25,74,22.0,24.0,23.0,False,a_first,0.05154639175257732,0.0,-0.05154639175257732,-1.25,-1.25,-1.25,-1.25,-1.25,-1.25,1.25,1.25,1.25,1.0
riz_f67ed558f7b77c3cf8d85cbfeeb24523,221,20180417,745,north,native_confirmation,True,False,21.153472222222224,6822.0,6821.25,6823.5,0.75,1.75,0,0.0,2.25,0.75,False,a_first,0.7,0.0,-0.7,-1.75,-1.75,-1.75,-1.75,-1.75,-1.75,1.75,1.75,1.75,1.0
riz_153cea341328514d1e4e53d9bebae356,223,20180417,755,north,minute_ignition,True,False,21.14097222222222,6821.25,6818.0,6826.0,3.25,5.0,20,2.25,8.0,3.0,True,b_first,0.6060606060606061,1.0,0.3939393939393939,3.25,3.25,3.25,3.25,3.25,3.25,-3.25,-3.25,-3.25,1.0
riz_f337334532888c1b4f789d53f8308f57,161,20180417,767,north,minute_ignition,False,False,21.209722222222222,6815.25,6824.75,6826.0,-9.5,11.0,20,-10.25,1.25,-9.75,True,b_at_entry,,,,,,,,,,,,,
riz_e18b268abca75c9ebd6c7e7537ffca6e,214,20180417,924,north,minute_ignition,True,False,21.240972222222222,6835.75,6828.0,6838.25,7.75,2.75,81,4.5,10.25,7.75,True,a_first,0.2619047619047619,0.0,-0.2619047619047619,-2.75,-2.75,-2.75,-2.75,-2.75,-2.75,2.75,2.75,2.75,9.0
riz_5a452fddd6cd6933b73de2dbceb6db9b,138,20180418,606,south,minute_ignition,True,False,0.6951388888888889,6816.75,6820.75,6809.25,4.0,7.75,25,3.5,11.5,4.25,True,a_first,0.6595744680851063,0.0,-0.6595744680851063,-7.75,-7.75,-7.75,-7.75,-7.75,-7.75,7.75,7.75,7.75,3.0
riz_c13076cdf5ecdd631e044c2bc3a1c2d0,195,20180418,615,south,minute_ignition,True,False,21.863888888888887,6798.75,6803.0,6796.75,4.25,2.25,1,0.5,6.25,4.25,True,b_first,0.34615384615384615,1.0,0.6538461538461539,4.25,4.25,4.25,4.25,4.25,4.25,-4.25,-4.25,-4.25,1.0
riz_8e36d012f901eb9b644526fd57a5867a,219,20180418,735,south,minute_ignition,False,False,0.6993055555555555,6855.75,6819.75,6796.75,-36.0,59.25,148,-40.5,23.0,-36.0,True,b_at_entry,,,,,,,,,,,,,
riz_dd020159beef0e0d03f7398007cc6981,221,20180418,745,south,minute_ignition,False,False,0.6944444444444444,6856.0,6823.5,6796.75,-32.5,59.5,165,-33.0,26.75,-32.5,True,b_at_entry,,,,,,,,,,,,,
riz_9126d70688484d8b30143c1d49abead2,156,20180419,732,south,minute_ignition,True,False,22.85,6763.75,6779.5,6756.5,15.75,7.5,60,15.0,23.0,15.5,True,b_first,0.3225806451612903,1.0,0.6774193548387097,15.75,15.75,15.75,15.75,15.75,15.75,-15.75,-15.75,-15.75,37.0
riz_2b926cc15919ad9ae0a24dad646e6014,140,20180419,760,south,minute_ignition,False,False,22.87638888888889,6773.5,6758.5,6756.5,-15.0,17.25,38,-16.0,2.0,-15.0,True,b_at_entry,,,,,,,,,,,,,
riz_80cd12e719ec7f6eda0ff63fa6efdf81,130,20180424,680,south,minute_ignition,True,False,13.084722222222222,6575.0,6578.25,6562.0,3.25,13.25,8,2.75,16.25,3.5,True,b_first,0.803030303030303,1.0,0.19696969696969702,3.25,3.25,3.25,3.25,3.25,3.25,-3.25,-3.25,-3.25,1.0
riz_97d3567932808c319b840e07cd8cbeaf,131,20180424,688,south,minute_ignition,False,False,13.075694444444444,6585.25,6581.25,6562.0,-4.0,23.5,22,-6.5,19.25,-4.25,True,b_at_entry,,,,,,,,,,,,,
riz_8282d5037cb47182bb55dd2c34533794,163,20180424,781,south,minute_ignition,False,False,14.833333333333334,6526.25,6521.75,6516.25,-4.5,10.25,1,-8.75,5.5,-5.0,True,b_at_entry,,,,,,,,,,,,,
riz_ada4f92c82d722bfdc3a87904f97e0d0,183,20180424,921,south,minute_ignition,False,False,14.707638888888889,6515.5,6492.0,6467.25,-23.5,48.5,79,-26.0,24.75,-23.5,True,b_at_entry,,,,,,,,,,,,,
riz_31c8e6380b49e76d9aa4e7e5dd748e3d,130,20180427,680,south,minute_ignition,True,False,2.939583333333333,6664.0,6695.75,6623.0,31.75,41.25,87,22.75,72.75,32.0,True,censored_horizon,0.565068493150685,,,9.25,9.25,9.25,9.25,9.25,9.25,-9.25,-9.25,-9.25,120.0
riz_2871078b3f848d9699ceaf743e5b976e,132,20180427,696,south,minute_ignition,True,False,2.9319444444444445,6670.75,6684.75,6623.0,14.0,48.0,98,10.5,61.75,14.5,True,censored_horizon,0.7741935483870968,,,-9.75,-9.75,-9.75,-9.75,-9.75,-9.75,9.75,9.75,9.75,120.0
riz_bb433150d99ff016ab4aee40bef7306c,131,20180502,688,south,minute_ignition,False,False,1.8305555555555555,6687.75,6680.25,6665.25,-7.5,22.75,113,-8.0,15.0,-7.75,True,b_at_entry,,,,,,,,,,,,,
riz_034967a9eb3115d97c00f196ce365ee9,132,20180502,696,south,minute_ignition,False,False,1.8263888888888888,6683.25,6671.25,6665.25,-12.0,18.25,118,-16.5,6.0,-12.0,True,b_at_entry,,,,,,,,,,,,,
riz_78f7ac1239a13266b29dd4f6f5760670,172,20180508,672,north,minute_ignition,False,False,0.4097222222222222,6800.75,6821.0,6823.0,-20.25,22.5,98,-20.5,2.0,-20.25,True,b_at_entry,,,,,,,,,,,,,
riz_ed367d3a4f80a0e9b25fe923599f9cfb,226,20180508,770,north,minute_ignition,False,False,0.40625,6801.5,6826.25,6836.25,-24.75,35.0,93,-32.5,10.0,-24.5,True,b_at_entry,,,,,,,,,,,,,
riz_9bf38c50d2a4c8f5e219ad702c6d5220,168,20180509,816,north,native_confirmation,True,False,48.583333333333336,6884.25,6884.0,6886.5,0.25,2.5,0,0.0,2.5,0.25,False,b_first,0.9090909090909091,1.0,0.09090909090909094,0.25,0.25,0.25,0.25,0.25,0.25,-0.25,-0.25,-0.25,1.0
riz_65933894b1d41190c7f7a5a084567fe2,215,20180509,930,north,minute_ignition,True,False,20.471527777777776,6891.75,6858.5,6901.0,33.25,9.5,181,33.0,42.5,33.25,True,censored_window,0.2222222222222222,,,-4.5,-4.5,-4.5,-4.5,-4.5,-4.5,4.5,4.5,4.5,30.0
riz_8562a10e3a8315cee8d09fe82eef8984,137,20180515,599,south,minute_ignition,True,False,54.18888888888889,6865.0,6868.75,6860.5,3.75,4.75,2,-0.5,8.25,4.25,True,a_first,0.5588235294117647,0.0,-0.5588235294117647,-4.75,-4.75,-4.75,-4.75,-4.75,-4.75,4.75,4.75,4.75,2.0
riz_cc7e174d592493559f5158a65f6f7ad6,130,20180515,680,south,minute_ignition,True,False,54.202083333333334,6881.5,6882.75,6860.0,1.25,21.75,99,-0.0,22.75,1.5,True,b_first,0.9456521739130435,1.0,0.05434782608695654,1.25,1.25,1.25,1.25,1.25,1.25,-1.25,-1.25,-1.25,3.0
riz_d6a6513b632cc2f86f26b67d114947f3,176,20180515,696,south,minute_ignition,True,False,54.165277777777774,6878.5,6880.25,6860.0,1.75,18.75,114,0.25,20.25,1.5,True,b_first,0.9146341463414634,1.0,0.08536585365853655,1.75,1.75,1.75,1.75,1.75,1.75,-1.75,-1.75,-1.75,5.0
riz_2cf792e17530193233161ae9b9fbd94a,179,20180515,714,south,minute_ignition,False,False,54.166666666666664,6886.25,6871.75,6860.0,-14.5,26.5,118,-14.75,11.75,-14.25,True,b_at_entry,,,,,,,,,,,,,
riz_9156b2f06b5f3fa646d456b915921d76,136,20180516,592,north,native_confirmation,True,False,5.905555555555556,6918.25,6916.25,6919.5,2.0,1.5,0,0.0,3.25,2.0,False,a_first,0.42857142857142855,0.0,-0.42857142857142855,-1.5,-1.5,-1.5,-1.5,-1.5,-1.5,1.5,1.5,1.5,1.0
riz_88aa49d96e3b284f98ad7866b78b2251,162,20180516,612,north,minute_ignition,False,False,5.878472222222222,6912.0,6920.75,6925.25,-8.75,13.5,13,-10.5,4.5,-9.0,True,b_at_entry,,,,,,,,,,,,,
riz_354f054841d229b6b686e7bda64fe0a9,197,20180516,625,north,minute_ignition,False,False,5.8625,6923.0,6925.25,6927.0,-2.25,4.25,1,-3.25,1.75,-2.5,True,b_at_entry,,,,,,,,,,,,,
riz_9b9277a2319d7929ad40b37a9eaea709,188,20180516,768,north,minute_ignition,True,False,5.8805555555555555,6943.5,6919.75,6953.5,23.75,10.25,172,23.25,33.75,23.75,True,censored_horizon,0.3014705882352941,,,-1.75,-1.75,-1.75,-1.75,-1.75,-1.75,1.75,1.75,1.75,120.0
riz_b2b15072c722998e763e9bcf5011581e,191,20180517,595,north,minute_ignition,False,False,0.7340277777777777,6916.25,6922.0,6925.0,-5.75,9.0,3,-6.25,3.0,-6.0,True,b_at_entry,,,,,,,,,,,,,
riz_ad2da54a4954991d6de3e0c9f775b165,123,20180517,870,south,minute_ignition,True,False,0.35833333333333334,6901.5,6919.25,6875.0,17.75,26.75,99,16.75,44.25,17.5,True,b_first,0.601123595505618,1.0,0.398876404494382,17.75,17.75,17.75,17.75,17.75,17.75,-17.75,-17.75,-17.75,32.0
riz_8d2ce3e8d8d6ea1526c1d18c39b851d7,131,20180523,950,north,minute_ignition,True,False,1.2381944444444444,6945.5,6935.0,6948.5,10.5,3.25,50,7.5,13.5,10.25,True,a_first,0.23636363636363636,0.0,-0.23636363636363636,-3.25,-3.25,-3.25,-3.25,-3.25,-3.25,3.25,3.25,3.25,1.0
riz_bfd81835bb5ff57c6ac432f314765f36,195,20180524,615,south,minute_ignition,True,False,0.3861111111111111,6927.0,6941.5,6911.75,14.5,15.5,29,12.25,29.75,14.5,True,a_first,0.5166666666666667,0.0,-0.5166666666666667,-15.5,-15.5,-15.5,-15.5,-15.5,-15.5,15.5,15.5,15.5,11.0
riz_53ad8d7ff51a2765ccbcf01c1a5eceec,151,20180524,697,south,minute_ignition,False,False,1.4958333333333333,6919.25,6904.0,6885.25,-15.25,34.25,41,-26.25,18.75,-15.0,True,b_at_entry,,,,,,,,,,,,,
riz_147928c700893c92c7cdab8eeadc81d7,136,20180524,864,north,minute_ignition,True,False,0.3,6960.75,6952.75,6961.25,8.0,0.75,112,7.75,8.5,8.25,True,a_first,0.08571428571428572,0.0,-0.08571428571428572,-0.75,-0.75,-0.75,-0.75,-0.75,-0.75,0.75,0.75,0.75,1.0
riz_8bac3e2fd8024f32dc035f73c0c83cc0,156,20180530,732,north,minute_ignition,False,False,1.9590277777777778,6986.75,6988.75,6992.5,-2.0,6.0,11,-2.75,3.75,-2.0,True,b_at_entry,,,,,,,,,,,,,
riz_d8aec61af4ee28b85a417caae4d36ad9,221,20180605,745,south,minute_ignition,True,False,0.4305555555555556,7141.0,7145.75,7139.75,4.75,1.5,43,3.25,6.0,4.75,True,b_first,0.24,1.0,0.76,4.75,4.75,4.75,4.75,4.75,4.75,-4.75,-4.75,-4.75,2.0
riz_12883f3def467d593b30f095e35ee85c,225,20180605,765,south,minute_ignition,False,False,0.4270833333333333,7154.75,7143.5,7139.75,-11.25,15.25,60,-14.25,3.75,-11.0,True,b_at_entry,,,,,,,,,,,,,
riz_952748caff981bb7e569dc197b5d7413,123,20180607,624,south,minute_ignition,True,False,1.1631944444444444,7188.75,7195.25,7186.75,6.5,2.25,11,6.75,8.5,7.0,True,a_first,0.2571428571428571,0.0,-0.2571428571428571,-2.25,-2.25,-2.25,-2.25,-2.25,-2.25,2.25,2.25,2.25,1.0
riz_e4df9de4e9a62178a95628f75fd14b1e,155,20180611,725,north,minute_ignition,True,False,4.779861111111111,7201.75,7196.25,7203.75,5.5,2.25,22,4.5,7.5,6.0,True,a_first,0.2903225806451613,0.0,-0.2903225806451613,-2.25,-2.25,-2.25,-2.25,-2.25,-2.25,2.25,2.25,2.25,2.0
riz_4d4345d37c69c2d89d2424785c29fdc3,217,20180611,725,north,minute_ignition,True,False,4.779166666666667,7201.75,7195.0,7203.75,6.75,2.25,23,7.0,8.75,7.25,True,a_first,0.25,0.0,-0.25,-2.25,-2.25,-2.25,-2.25,-2.25,-2.25,2.25,2.25,2.25,2.0
riz_8c2b4e8626cd443baa7d15800fef9c8d,156,20180611,732,north,minute_ignition,True,False,4.704166666666667,7207.25,7193.75,7209.75,13.5,2.75,138,12.5,16.0,13.25,True,a_first,0.16923076923076924,0.0,-0.16923076923076924,-2.75,-2.75,-2.75,-2.75,-2.75,-2.75,2.75,2.75,2.75,8.0
riz_075669da5b50064dffa39ef4b767b3b8,219,20180611,735,north,minute_ignition,False,False,4.799305555555556,7207.25,7207.75,7209.75,-0.5,2.75,4,-1.5,2.0,-0.75,True,b_at_entry,,,,,,,,,,,,,
riz_ffd2bde158e411c11d0d9075874614ef,183,20180611,738,north,minute_ignition,True,False,4.780555555555556,7207.75,7198.75,7209.75,9.0,2.25,34,8.0,11.0,9.0,True,a_first,0.2,0.0,-0.2,-2.25,-2.25,-2.25,-2.25,-2.25,-2.25,2.25,2.25,2.25,2.0
riz_3e8a76d42bd6e71a615f2617b3888fea,164,20180614,624,north,minute_ignition,True,False,0.85,7300.75,7267.5,7304.75,33.25,4.25,52,32.25,37.25,33.0,True,a_first,0.11333333333333333,0.0,-0.11333333333333333,-4.25,-4.25,-4.25,-4.25,-4.25,-4.25,4.25,4.25,4.25,3.0
riz_06ca4a48a2d653f9d12e14a517abe1e6,162,20180615,612,south,minute_ignition,False,False,1.698611111111111,7267.5,7251.5,7245.0,-16.0,22.75,26,-19.5,6.5,-16.25,True,b_at_entry,,,,,,,,,,,,,
riz_a7b150984be845cb3a5b543b46606bc8,133,20180621,571,north,native_confirmation,True,False,0.4618055555555556,7329.25,7326.25,7329.5,3.0,0.5,0,0.0,3.25,3.0,False,same_minute,0.14285714285714285,,,,-0.5,3.0,,-0.5,3.0,,-3.0,0.5,1.0
riz_1818a7a98b8f93bca708f8974b5d2b48,134,20180622,846,north,minute_ignition,False,False,0.34652777777777777,7242.25,7247.0,7249.75,-4.75,7.75,37,-5.75,2.75,-5.0,True,b_at_entry,,,,,,,,,,,,,
riz_48986030d320e72c3c8b77e8a5023d9a,135,20180622,855,north,minute_ignition,False,False,0.35208333333333336,7240.25,7248.25,7249.75,-8.0,9.75,33,-9.0,1.5,-8.0,True,b_at_entry,,,,,,,,,,,,,
riz_79d16b8138de21a92ef82b02e7303c3a,209,20180625,685,south,native_confirmation,True,False,100.76736111111111,7057.0,7058.0,7056.5,1.0,0.75,0,-0.0,1.5,1.0,False,b_first,0.42857142857142855,1.0,0.5714285714285714,1.0,1.0,1.0,1.0,1.0,1.0,-1.0,-1.0,-1.0,1.0
riz_a9dc1cc3a70c4999778fa8b1bbe8c8db,136,20180625,728,south,minute_ignition,True,False,98.56388888888888,7028.0,7039.75,7027.5,11.75,0.75,4,10.0,12.25,12.0,True,a_first,0.06,0.0,-0.06,-0.75,-0.75,-0.75,-0.75,-0.75,-0.75,0.75,0.75,0.75,1.0
riz_6f999c6edfb5b3fa63e2b29912a726b9,137,20180625,736,south,minute_ignition,True,False,98.56180555555555,7021.25,7041.0,7008.25,19.75,13.25,13,18.75,32.75,19.5,True,b_first,0.4015151515151515,1.0,0.5984848484848485,19.75,19.75,19.75,19.75,19.75,19.75,-19.75,-19.75,-19.75,84.0
riz_c3d792abd95d44bae958e8a7fa86b7b5,190,20180625,780,south,minute_ignition,True,False,100.80833333333334,7037.25,7053.25,7008.25,16.0,29.25,86,14.5,45.0,15.75,True,a_first,0.6464088397790055,0.0,-0.6464088397790055,-29.25,-29.25,-29.25,-29.25,-29.25,-29.25,29.25,29.25,29.25,101.0
riz_ced26d1e5d65d4470ea873d7fedd2763,166,20180625,802,south,minute_ignition,True,False,98.52430555555556,7012.25,7037.5,7008.25,25.25,4.25,75,21.25,29.25,25.25,True,b_first,0.1440677966101695,1.0,0.8559322033898304,25.25,25.25,25.25,25.25,25.25,25.25,-25.25,-25.25,-25.25,18.0
riz_5f21f6b4c5d3b81058acbd35b724e273,194,20180625,804,south,minute_ignition,True,False,100.78958333333334,7015.25,7048.0,7008.25,32.75,7.25,109,32.5,39.75,32.75,True,b_first,0.18125,1.0,0.81875,32.75,32.75,32.75,32.75,32.75,32.75,-32.75,-32.75,-32.75,22.0
riz_9cbdcb362f8f1cc69aa941964f032f5d,171,20180625,837,south,minute_ignition,False,False,98.51805555555555,7033.25,7032.0,7008.25,-1.25,25.25,109,-5.5,23.75,-1.25,True,b_at_entry,,,,,,,,,,,,,
riz_9ab41ab661364fc7e029e4936523340f,178,20180625,886,south,minute_ignition,True,False,98.50902777777777,7010.25,7026.25,7005.75,16.0,4.75,157,14.75,20.5,15.75,True,a_first,0.2289156626506024,0.0,-0.2289156626506024,-4.75,-4.75,-4.75,-4.75,-4.75,-4.75,4.75,4.75,4.75,3.0
riz_b20eab7e25b69c2faaba3f83da7e5a13,202,20180627,650,north,minute_ignition,False,False,18.820833333333333,7136.25,7136.25,7151.5,0.0,15.5,56,-0.75,15.25,0.0,True,b_at_entry,,,,,,,,,,,,,
riz_0148f212d41a501681887dc667963dc6,169,20180627,654,north,minute_ignition,False,False,18.87152777777778,7133.0,7141.5,7151.5,-8.5,18.75,16,-9.25,10.0,-8.5,True,b_at_entry,,,,,,,,,,,,,
riz_3f0d9b7b1ea773176387c62f2481b3a2,125,20180627,765,south,minute_ignition,True,False,0.3458333333333333,7079.0,7082.5,7078.5,3.5,0.75,2,3.0,4.0,3.5,True,a_first,0.17647058823529413,0.0,-0.17647058823529413,-0.75,-0.75,-0.75,-0.75,-0.75,-0.75,0.75,0.75,0.75,1.0
riz_c40af878efc0d76b375bc879ed35071b,127,20180627,783,south,minute_ignition,True,False,0.3402777777777778,7073.75,7079.25,7068.5,5.5,5.5,18,4.75,10.75,5.0,True,a_first,0.5,0.0,-0.5,-5.5,-5.5,-5.5,-5.5,-5.5,-5.5,5.5,5.5,5.5,5.0
riz_39182bfeec46bb829a0900f57ec958f6,128,20180627,792,south,minute_ignition,False,False,0.2659722222222222,7059.5,7058.0,7055.25,-1.5,4.5,1,-4.0,2.75,-1.75,True,b_at_entry,,,,,,,,,,,,,
riz_f49cadfa800edb7754cc62fbd93c675c,131,20180627,819,south,minute_ignition,True,False,0.32708333333333334,7049.0,7077.25,7029.5,28.25,19.75,53,25.5,47.75,28.0,True,a_first,0.4114583333333333,0.0,-0.4114583333333333,-19.75,-19.75,-19.75,-19.75,-19.75,-19.75,19.75,19.75,19.75,12.0
riz_29eb5bd77a6c8354fe8e30fbef731610,132,20180627,828,south,minute_ignition,True,False,0.33958333333333335,7051.25,7065.25,7029.5,14.0,22.0,39,12.75,35.75,14.25,True,a_first,0.6111111111111112,0.0,-0.6111111111111112,-22.0,-22.0,-22.0,-22.0,-22.0,-22.0,22.0,22.0,22.0,3.0
riz_5768f8539cc550712da8394a79b1cdc5,133,20180627,837,south,minute_ignition,True,False,0.3298611111111111,7032.75,7071.75,7025.25,39.0,7.75,57,37.5,46.5,39.0,True,a_first,0.1657754010695187,0.0,-0.1657754010695187,-7.75,-7.75,-7.75,-7.75,-7.75,-7.75,7.75,7.75,7.75,59.0
riz_58e2dbf86524b88214ca6b6bc6e48e53,181,20180627,907,south,minute_ignition,True,False,0.29375,7022.5,7070.25,7017.25,47.75,5.5,120,47.25,53.0,48.25,True,a_first,0.10328638497652583,0.0,-0.10328638497652583,-5.5,-5.5,-5.5,-5.5,-5.5,-5.5,5.5,5.5,5.5,2.0
riz_237c5f4243a2699bbd1aa305a0506184,161,20180628,928,north,minute_ignition,False,False,1.1027777777777779,7067.75,7073.5,7076.5,-5.75,9.0,13,-6.5,3.0,-5.75,True,b_at_entry,,,,,,,,,,,,,
riz_d426eb7cc757ebe7f84272213aea6cd0,163,20180628,944,north,minute_ignition,False,False,1.0902777777777777,7061.5,7068.5,7076.5,-7.0,15.25,33,-8.75,8.0,-7.0,True,b_at_entry,,,,,,,,,,,,,
riz_77b5975dda89b142177b86b29b474e42,164,20180628,952,north,minute_ignition,False,False,1.0777777777777777,7049.0,7067.25,7076.5,-18.25,27.75,52,-18.5,9.25,-18.25,True,b_at_entry,,,,,,,,,,,,,
riz_54b7316a6a3747399d187d099098eb25,123,20180702,624,north,minute_ignition,False,False,3.7305555555555556,7033.25,7043.25,7045.0,-10.0,12.0,19,-10.5,1.75,-10.0,True,b_at_entry,,,,,,,,,,,,,
riz_5db32cbfc0ae5c1988e917f3e351ffdc,217,20180709,725,north,minute_ignition,False,False,18.895833333333332,7267.5,7275.5,7282.0,-8.0,14.75,150,-9.5,6.5,-8.0,True,b_at_entry,,,,,,,,,,,,,
riz_dcab2a8bac55262514c978e981af7b59,220,20180709,740,north,minute_ignition,False,False,18.889583333333334,7264.75,7277.5,7282.0,-12.75,17.5,159,-13.25,4.5,-12.75,True,b_at_entry,,,,,,,,,,,,,
riz_ed400bf1c4c76a9072bc909a16d26845,128,20180710,664,south,minute_ignition,False,False,18.860416666666666,7314.5,7292.0,7288.25,-22.5,26.5,73,-24.0,3.75,-22.25,True,b_at_entry,,,,,,,,,,,,,
riz_bb1959ebae989c2950b1dcca15633705,140,20180711,620,north,minute_ignition,True,False,1.7097222222222221,7284.0,7275.0,7285.5,9.0,1.75,18,6.25,10.5,9.0,True,a_first,0.16279069767441862,0.0,-0.16279069767441862,-1.75,-1.75,-1.75,-1.75,-1.75,-1.75,1.75,1.75,1.75,1.0
riz_7a3a81e36230629ba18637ee495a98f3,238,20180712,830,north,minute_ignition,True,False,21.35763888888889,7370.0,7341.5,7375.5,28.5,5.75,199,26.5,34.0,28.0,True,a_first,0.1678832116788321,0.0,-0.1678832116788321,-5.75,-5.75,-5.75,-5.75,-5.75,-5.75,5.75,5.75,5.75,72.0
riz_12c46a1fdacc2c6912c182c6f662b404,159,20180713,753,north,minute_ignition,False,False,0.3951388888888889,7399.75,7402.5,7405.0,-2.75,5.5,67,-3.25,2.5,-2.5,True,b_at_entry,,,,,,,,,,,,,
riz_1c040459ea525e8f2301caad487e99f6,160,20180713,760,north,minute_ignition,False,False,0.39791666666666664,7395.5,7403.75,7405.0,-8.25,9.75,67,-8.25,1.25,-8.0,True,b_at_entry,,,,,,,,,,,,,
riz_61d74dd2fc642118ed0c1dc120c026a5,124,20180717,632,north,minute_ignition,True,False,4.827083333333333,7357.25,7352.5,7359.0,4.75,2.0,1,0.75,6.5,4.5,False,b_first,0.2962962962962963,1.0,0.7037037037037037,4.75,4.75,4.75,4.75,4.75,4.75,-4.75,-4.75,-4.75,9.0
riz_6c64964fd9c26c8ac288239e4b6e2d17,201,20180717,645,north,minute_ignition,True,False,4.738194444444445,7361.5,7357.25,7362.25,4.25,1.0,2,1.25,5.0,4.25,False,a_first,0.19047619047619047,0.0,-0.19047619047619047,-1.0,-1.0,-1.0,-1.0,-1.0,-1.0,1.0,1.0,1.0,1.0
riz_45329d483392beb803d95641327385a8,204,20180717,660,north,minute_ignition,True,False,4.740972222222222,7370.5,7362.5,7374.75,8.0,4.5,13,7.5,12.25,7.75,True,a_first,0.36,0.0,-0.36,-4.5,-4.5,-4.5,-4.5,-4.5,-4.5,4.5,4.5,4.5,5.0
riz_171b7ad90d83f704f1c5c4b7c1bfe1b1,173,20180717,678,north,minute_ignition,True,False,4.738888888888889,7378.5,7360.25,7383.0,18.25,4.75,34,17.0,22.75,18.0,True,a_first,0.20652173913043478,0.0,-0.20652173913043478,-4.75,-4.75,-4.75,-4.75,-4.75,-4.75,4.75,4.75,4.75,27.0
riz_cd237eabc50d4e9ea93196f9ed83c3d5,174,20180717,684,north,minute_ignition,True,False,4.746527777777778,7378.0,7365.75,7383.0,12.25,5.25,29,9.75,17.25,12.0,True,a_first,0.3,0.0,-0.3,-5.25,-5.25,-5.25,-5.25,-5.25,-5.25,5.25,5.25,5.25,21.0
riz_b667cee251ccf62a6115ab815bf5678a,223,20180723,755,north,minute_ignition,True,False,2.776388888888889,7377.25,7366.5,7379.5,10.75,2.5,57,7.75,13.0,10.5,True,b_first,0.18867924528301888,1.0,0.8113207547169812,10.75,10.75,10.75,10.75,10.75,10.75,-10.75,-10.75,-10.75,50.0
riz_7c17cadb43eb8536534317823031b5cb,163,20180725,618,north,minute_ignition,False,False,0.98125,7428.0,7439.75,7445.25,-11.75,17.5,27,-14.5,5.5,-11.5,True,b_at_entry,,,,,,,,,,,,,
riz_90effbee460790c349b10812a1fd70f7,121,20180725,729,north,minute_ignition,True,False,1.0659722222222223,7457.0,7452.5,7457.75,4.5,1.0,26,4.25,5.25,4.75,True,a_first,0.18181818181818182,0.0,-0.18181818181818182,-1.0,-1.0,-1.0,-1.0,-1.0,-1.0,1.0,1.0,1.0,6.0
riz_6081d55c682ae91ebab0cf9985d41590,123,20180725,747,north,minute_ignition,True,False,1.0777777777777777,7460.75,7458.75,7463.25,2.0,2.75,11,1.25,4.5,2.0,True,b_first,0.5789473684210527,1.0,0.42105263157894735,2.0,2.0,2.0,2.0,2.0,2.0,-2.0,-2.0,-2.0,3.0
riz_33dcb48b63bdaef7c328475bf8d59e2f,125,20180725,765,north,minute_ignition,True,False,1.0458333333333334,7471.75,7455.25,7474.5,16.5,3.0,59,15.75,19.25,16.5,True,a_first,0.15384615384615385,0.0,-0.15384615384615385,-3.0,-3.0,-3.0,-3.0,-3.0,-3.0,3.0,3.0,3.0,66.0
riz_b311ff3179472f972d6c72060ab6e19d,141,20180725,768,north,minute_ignition,True,False,1.051388888888889,7470.0,7450.25,7474.5,19.75,4.75,67,18.25,24.25,19.75,True,a_first,0.19387755102040816,0.0,-0.19387755102040816,-4.75,-4.75,-4.75,-4.75,-4.75,-4.75,4.75,4.75,4.75,63.0
riz_5f80d163e1cf68a4c626d1680843240a,126,20180725,774,north,minute_ignition,True,False,1.0555555555555556,7469.5,7456.5,7474.5,13.0,5.25,46,12.5,18.0,13.25,True,a_first,0.2876712328767123,0.0,-0.2876712328767123,-5.25,-5.25,-5.25,-5.25,-5.25,-5.25,5.25,5.25,5.25,57.0
riz_7293afa8c1dde7bf252747d969f34d6f,184,20180726,744,north,minute_ignition,False,False,1.8291666666666666,7424.25,7437.0,7441.5,-12.75,17.5,62,-14.75,4.5,-12.5,True,b_at_entry,,,,,,,,,,,,,
riz_dff8c824851ec96249660d31b65f57bb,181,20180727,726,south,minute_ignition,True,False,4.501388888888889,7351.0,7351.25,7344.0,0.25,7.25,2,-4.25,7.25,0.5,True,b_first,0.9666666666666667,1.0,0.033333333333333326,0.25,0.25,0.25,0.25,0.25,0.25,-0.25,-0.25,-0.25,1.0
riz_e830c1b4780ed1df2b94d423bdf64d5f,177,20180727,879,south,minute_ignition,True,False,4.50625,7288.75,7353.75,7263.5,65.0,25.5,156,63.0,90.25,65.0,True,censored_window,0.281767955801105,,,17.5,17.5,17.5,17.5,17.5,17.5,-17.5,-17.5,-17.5,81.0
riz_10ce00c8d013fa9f71986d97ccc66882,157,20180730,582,south,minute_ignition,True,False,0.325,7256.75,7271.25,7256.5,14.5,0.5,3,3.25,14.75,14.5,False,a_first,0.03333333333333333,0.0,-0.03333333333333333,-0.5,-0.5,-0.5,-0.5,-0.5,-0.5,0.5,0.5,0.5,1.0
riz_66b50a9775e8aee49f0ea7a641b906b0,146,20180730,662,south,minute_ignition,True,False,0.3458333333333333,7214.5,7275.25,7210.75,60.75,4.0,86,58.0,64.5,60.75,True,a_first,0.06177606177606178,0.0,-0.06177606177606178,-4.0,-4.0,-4.0,-4.0,-4.0,-4.0,4.0,4.0,4.0,3.0
riz_8c697d13a9d146f12cee8cf55908eb6d,141,20180730,768,south,minute_ignition,True,False,35.29097222222222,7176.75,7182.25,7176.25,5.5,0.75,4,4.25,6.0,5.25,True,a_first,0.12,0.0,-0.12,-0.75,-0.75,-0.75,-0.75,-0.75,-0.75,0.75,0.75,0.75,1.0
riz_6339e315ccc9437d97771adb5b978a48,226,20180730,770,south,minute_ignition,True,False,35.15625,7168.0,7173.0,7166.75,5.0,1.5,1,3.0,6.25,4.75,True,b_first,0.23076923076923078,1.0,0.7692307692307692,5.0,5.0,5.0,5.0,5.0,5.0,-5.0,-5.0,-5.0,1.0
riz_06adb43cc6ec7ab9b72960cfd910a397,144,20180730,792,south,minute_ignition,False,False,35.28333333333333,7200.75,7178.0,7166.75,-22.75,34.25,24,-24.0,11.25,-23.0,True,b_at_entry,,,,,,,,,,,,,
riz_2f9f54de88569d1f726a36c894c0dbff,146,20180730,808,south,minute_ignition,False,False,35.46875,7209.5,7197.75,7166.75,-11.75,43.0,55,-12.75,31.0,-12.0,True,b_at_entry,,,,,,,,,,,,,
riz_f19dfda240b5d72692ad31c3acf456a0,234,20180731,576,north,minute_ignition,True,False,19.835416666666667,7269.0,7243.5,7269.5,25.5,0.75,3,23.5,26.0,25.5,False,a_first,0.02857142857142857,0.0,-0.02857142857142857,-0.75,-0.75,-0.75,-0.75,-0.75,-0.75,0.75,0.75,0.75,1.0
riz_6604ef1c1214a6c9d84a069d7de492a2,183,20180731,738,north,minute_ignition,True,False,19.884722222222223,7272.0,7240.0,7277.5,32.0,5.75,166,28.75,37.5,32.0,True,a_first,0.152317880794702,0.0,-0.152317880794702,-5.75,-5.75,-5.75,-5.75,-5.75,-5.75,5.75,5.75,5.75,5.0
riz_3a6da5926daf261c03104d6338199412,160,20180731,760,north,minute_ignition,False,False,1.2125,7268.25,7281.25,7284.25,-13.0,16.25,14,-13.25,3.0,-13.0,True,b_at_entry,,,,,,,,,,,,,
riz_0e699053c1d01df674dba7d8abd61c9f,162,20180731,774,north,minute_ignition,False,False,1.2034722222222223,7266.75,7277.5,7284.25,-10.75,17.75,31,-13.75,6.75,-11.25,True,b_at_entry,,,,,,,,,,,,,
riz_40a0d6fad03bd46b9ee3a1b2b4282a76,195,20180801,615,north,minute_ignition,True,False,0.7069444444444445,7291.0,7286.5,7291.25,4.5,0.5,17,3.75,4.75,4.75,True,a_first,0.1,0.0,-0.1,-0.5,-0.5,-0.5,-0.5,-0.5,-0.5,0.5,0.5,0.5,1.0
riz_ad4d533843627bdeae6f06c2a2510112,196,20180801,620,north,minute_ignition,True,False,0.71875,7296.5,7289.0,7296.75,7.5,0.5,5,5.5,7.75,7.75,True,a_first,0.0625,0.0,-0.0625,-0.5,-0.5,-0.5,-0.5,-0.5,-0.5,0.5,0.5,0.5,1.0
riz_6204d49f2f20b1554acde9fdefa9a30f,153,20180801,711,north,minute_ignition,False,False,0.7222222222222222,7259.5,7292.0,7303.75,-32.5,44.5,91,-37.0,11.75,-32.25,True,b_at_entry,,,,,,,,,,,,,
riz_5b0009a11445e2a146f6a514cb68ca49,121,20180802,608,north,minute_ignition,True,False,0.7125,7278.25,7274.5,7282.5,3.75,4.5,2,-3.75,8.0,3.75,False,a_first,0.5454545454545454,0.0,-0.5454545454545454,-4.5,-4.5,-4.5,-4.5,-4.5,-4.5,4.5,4.5,4.5,3.0
riz_7ad3fce3434fff9de025a39ddf6df8e5,140,20180802,620,north,native_confirmation,True,False,0.5833333333333334,7289.5,7284.25,7290.25,5.25,1.0,0,0.0,6.0,5.0,False,a_first,0.16,0.0,-0.16,-1.0,-1.0,-1.0,-1.0,-1.0,-1.0,1.0,1.0,1.0,1.0
riz_f7d22c9ba24959a51931583cd8005a75,143,20180802,784,north,minute_ignition,True,False,9.965972222222222,7356.25,7345.5,7359.75,10.75,3.75,49,7.75,14.25,10.5,True,a_first,0.25862068965517243,0.0,-0.25862068965517243,-3.75,-3.75,-3.75,-3.75,-3.75,-3.75,3.75,3.75,3.75,3.0
riz_d670429aab20f0bae1a301b3826df799,131,20180802,819,north,minute_ignition,True,False,9.950694444444444,7373.75,7352.75,7382.5,21.0,9.0,71,16.75,29.75,21.0,True,a_first,0.3,0.0,-0.3,-9.0,-9.0,-9.0,-9.0,-9.0,-9.0,9.0,9.0,9.0,26.0
riz_6f0c4d4856e5fc1320f24634a44df404,174,20180802,858,north,minute_ignition,True,False,9.920833333333333,7373.5,7350.5,7385.5,23.0,12.25,114,22.0,35.0,23.0,True,a_first,0.3475177304964539,0.0,-0.3475177304964539,-12.25,-12.25,-12.25,-12.25,-12.25,-12.25,12.25,12.25,12.25,89.0
riz_308f55568faad736a2f0d6af4b4ad828,211,20180802,906,north,minute_ignition,True,False,9.918055555555556,7376.5,7361.0,7385.5,15.5,9.25,118,13.75,24.5,15.25,True,a_first,0.37373737373737376,0.0,-0.37373737373737376,-9.25,-9.25,-9.25,-9.25,-9.25,-9.25,9.25,9.25,9.25,41.0
riz_fce2301135354281f4c0289233a87d51,235,20180806,815,north,minute_ignition,False,False,10.304166666666667,7438.75,7442.75,7448.25,-4.0,9.75,32,-5.25,5.5,-4.0,True,b_at_entry,,,,,,,,,,,,,
riz_b63cc7dc1f3b8a8b9ec810b185343ad9,146,20180813,808,south,minute_ignition,False,False,0.5902777777777778,7425.75,7413.25,7406.25,-12.5,19.75,26,-16.25,7.0,-12.75,True,b_at_entry,,,,,,,,,,,,,
riz_a37943ffb366a7902434bb45367905b2,132,20180813,828,south,minute_ignition,False,False,0.5861111111111111,7426.0,7415.75,7406.25,-10.25,20.0,80,-11.5,9.5,-10.5,True,b_at_entry,,,,,,,,,,,,,
riz_b3d3ea0b5cd7ac3cc5db9adbd1b1d8d7,121,20180820,850,north,minute_ignition,True,False,2.8875,7394.0,7383.75,7397.25,10.25,3.5,41,7.25,13.5,10.25,True,b_first,0.2545454545454545,1.0,0.7454545454545455,10.25,10.25,10.25,10.25,10.25,10.25,-10.25,-10.25,-10.25,32.0
riz_c78bdf2e0127966f82dd2bd77b536978,236,20180822,584,north,minute_ignition,True,False,0.8305555555555556,7409.75,7408.75,7416.25,1.0,6.75,8,-1.0,7.5,1.5,True,b_first,0.8709677419354839,1.0,0.12903225806451613,1.0,1.0,1.0,1.0,1.0,1.0,-1.0,-1.0,-1.0,1.0
riz_046d343f2d9bd186b52ba8fcd8cec051,150,20180822,690,north,minute_ignition,True,False,0.8652777777777778,7436.75,7417.25,7437.25,19.5,0.75,44,14.75,20.0,19.25,False,a_first,0.037037037037037035,0.0,-0.037037037037037035,-0.75,-0.75,-0.75,-0.75,-0.75,-0.75,0.75,0.75,0.75,1.0
riz_64cefd9dd8655af8ab75334db5d32bef,176,20180822,696,north,minute_ignition,True,False,0.8458333333333333,7430.5,7424.5,7438.0,6.0,7.75,46,3.25,13.5,5.75,True,a_first,0.5636363636363636,0.0,-0.5636363636363636,-7.75,-7.75,-7.75,-7.75,-7.75,-7.75,7.75,7.75,7.75,5.0
riz_021d6668d36c48c6f0abc25e0aba293b,151,20180822,697,north,minute_ignition,True,False,0.8631944444444445,7432.25,7427.25,7438.0,5.0,6.0,46,3.75,10.75,5.0,True,a_first,0.5454545454545454,0.0,-0.5454545454545454,-6.0,-6.0,-6.0,-6.0,-6.0,-6.0,6.0,6.0,6.0,4.0
riz_fc3847243520e46098f9668544f06798,177,20180822,702,north,minute_ignition,True,False,0.8402777777777778,7439.0,7421.75,7440.25,17.25,1.5,53,16.75,18.5,17.25,False,a_first,0.08,0.0,-0.08,-1.5,-1.5,-1.5,-1.5,-1.5,-1.5,1.5,1.5,1.5,1.0
riz_9925af09176dcf668263aa47f68aa89c,133,20180822,704,north,minute_ignition,True,False,0.8805555555555555,7440.5,7431.75,7441.25,8.75,1.0,39,8.5,9.5,8.75,True,a_first,0.10256410256410256,0.0,-0.10256410256410256,-1.0,-1.0,-1.0,-1.0,-1.0,-1.0,1.0,1.0,1.0,1.0
riz_e8db7b83641d002482889333e026df2a,120,20180822,720,north,minute_ignition,True,False,0.8951388888888889,7440.5,7436.25,7441.75,4.25,1.5,31,4.0,5.5,4.25,True,b_first,0.2608695652173913,1.0,0.7391304347826086,4.25,4.25,4.25,4.25,4.25,4.25,-4.25,-4.25,-4.25,7.0
riz_5e5700df4d48bf1a509ba5d78884681a,154,20180824,718,north,minute_ignition,True,False,14.836805555555555,7494.5,7482.25,7499.5,12.25,5.25,81,11.25,17.25,12.0,True,b_first,0.3,1.0,0.7,12.25,12.25,12.25,12.25,12.25,12.25,-12.25,-12.25,-12.25,94.0
riz_b51e3e6655d52ef0aab5ad0592b7a3bf,181,20180824,726,north,minute_ignition,True,False,14.81875,7495.5,7487.0,7499.5,8.5,4.25,80,7.5,12.5,8.25,True,b_first,0.3333333333333333,1.0,0.6666666666666667,8.5,8.5,8.5,8.5,8.5,8.5,-8.5,-8.5,-8.5,67.0
riz_5a74e17aea8477d5600866f1d2b7062d,157,20180824,739,north,minute_ignition,True,False,14.827777777777778,7493.5,7488.25,7499.5,5.25,6.25,91,1.5,11.25,5.0,True,b_first,0.5434782608695652,1.0,0.4565217391304348,5.25,5.25,5.25,5.25,5.25,5.25,-5.25,-5.25,-5.25,51.0
riz_22952fae1a2e170588624f2fd17d5be0,138,20180824,744,north,minute_ignition,True,False,14.838194444444444,7492.75,7492.25,7499.5,0.5,7.0,95,-1.0,7.25,0.25,True,b_first,0.9333333333333333,1.0,0.06666666666666665,0.5,0.5,0.5,0.5,0.5,0.5,-0.5,-0.5,-0.5,3.0
riz_e084b46539d80627eb60ace1a2599186,181,20180830,726,north,minute_ignition,True,False,0.5548611111111111,7673.25,7664.5,7681.0,8.75,8.0,106,7.0,16.5,8.75,True,a_first,0.47761194029850745,0.0,-0.47761194029850745,-8.0,-8.0,-8.0,-8.0,-8.0,-8.0,8.0,8.0,8.0,21.0
riz_2fa2fb2031d727e2a4aa3d858dc959c8,185,20180831,750,north,minute_ignition,True,False,0.26180555555555557,7653.75,7650.75,7682.25,3.0,28.75,178,2.75,31.5,3.0,True,b_first,0.905511811023622,1.0,0.09448818897637801,3.0,3.0,3.0,3.0,3.0,3.0,-3.0,-3.0,-3.0,2.0
riz_548a9c147142162de85d2282b5a2ec15,193,20180907,605,north,minute_ignition,True,False,13.72638888888889,7479.0,7476.75,7482.25,2.25,3.5,8,2.25,5.5,2.5,True,b_first,0.6086956521739131,1.0,0.3913043478260869,2.25,2.25,2.25,2.25,2.25,2.25,-2.25,-2.25,-2.25,1.0
riz_dadfae9ac6dfde1e9fa658342374ab78,120,20180911,600,north,minute_ignition,False,False,0.4986111111111111,7459.75,7464.5,7466.25,-4.75,6.75,2,-5.0,1.75,-4.75,True,b_at_entry,,,,,,,,,,,,,
riz_21980834bbc4c0b947a7c1675048c414,162,20180911,612,north,minute_ignition,True,False,0.4479166666666667,7472.25,7469.5,7477.0,2.75,5.0,3,-4.0,7.5,2.75,False,b_first,0.6451612903225806,1.0,0.3548387096774194,2.75,2.75,2.75,2.75,2.75,2.75,-2.75,-2.75,-2.75,2.0
riz_9fe51d762e892fb937e0fd6a57c0c590,120,20180911,720,north,minute_ignition,True,False,0.38333333333333336,7516.25,7478.0,7516.75,38.25,0.75,48,37.25,38.75,38.5,True,a_first,0.019230769230769232,0.0,-0.019230769230769232,-0.75,-0.75,-0.75,-0.75,-0.75,-0.75,0.75,0.75,0.75,1.0
riz_4d253edea0bb67fc123c507c2c8f6030,217,20180911,725,north,minute_ignition,True,False,0.38263888888888886,7514.75,7476.25,7519.5,38.5,5.0,100,38.25,43.25,38.5,True,a_first,0.11494252873563218,0.0,-0.11494252873563218,-5.0,-5.0,-5.0,-5.0,-5.0,-5.0,5.0,5.0,5.0,5.0
riz_cde94e78a188dd69bdfb1408a7caa937,157,20180911,739,north,minute_ignition,True,False,0.4013888888888889,7512.5,7479.25,7524.75,33.25,12.5,50,32.25,45.5,33.25,True,censored_horizon,0.273224043715847,,,4.5,4.5,4.5,4.5,4.5,4.5,-4.5,-4.5,-4.5,120.0
riz_ff988cd7d862850ca1f815734fed66af,184,20180911,744,north,minute_ignition,True,False,15.618055555555555,7512.5,7499.0,7524.75,13.5,12.5,30,13.5,25.75,13.75,False,b_first,0.4807692307692308,1.0,0.5192307692307692,13.5,13.5,13.5,13.5,13.5,13.5,-13.5,-13.5,-13.5,51.0
riz_c841378a31484a7ec1beb9e75bbcf1e6,120,20180912,600,south,minute_ignition,True,False,1.1631944444444444,7466.0,7472.5,7465.75,6.5,0.5,5,4.75,6.75,6.75,True,same_minute,0.07142857142857142,,,,-0.5,6.5,,-0.5,6.5,,-6.5,0.5,1.0
riz_795ebefd071ddc74d8c2842dcf08c701,192,20180912,600,south,native_confirmation,True,False,1.0,7466.0,7466.25,7465.75,0.25,0.5,0,-0.0,0.5,0.5,False,same_minute,0.6666666666666666,,,,-0.5,0.25,,-0.5,0.25,,-0.25,0.5,1.0
riz_68e9a2097431388e41912bbae91c4d89,128,20180912,664,south,minute_ignition,False,False,1.0618055555555554,7452.0,7448.25,7425.0,-3.75,27.25,39,-4.75,23.25,-3.5,True,b_at_entry,,,,,,,,,,,,,
riz_38aff1ef173a4eda9af4acdbe6843ace,175,20180912,690,south,minute_ignition,False,False,1.0819444444444444,7486.75,7436.25,7425.0,-50.5,62.0,57,-54.75,11.25,-50.5,True,b_at_entry,,,,,,,,,,,,,
riz_7db4948dc5e9f7b6dfb0d98d8a9acf9c,132,20180912,696,south,minute_ignition,False,False,1.0472222222222223,7487.5,7444.5,7425.0,-43.0,62.75,64,-45.5,19.5,-43.25,True,b_at_entry,,,,,,,,,,,,,
riz_a632204c97e0b98918d60b76f45adfdc,132,20180912,696,south,minute_ignition,False,False,1.1319444444444444,7487.5,7454.0,7425.0,-33.5,62.75,74,-34.5,29.0,-33.75,True,b_at_entry,,,,,,,,,,,,,
riz_24dce96a719867c0f90f1cc2d6788ac1,214,20180912,710,south,minute_ignition,False,False,1.0791666666666666,7468.0,7461.75,7425.0,-6.25,43.25,100,-6.75,36.75,-6.25,True,b_at_entry,,,,,,,,,,,,,
riz_1aac3bb6c05def1e6693b384c848b7d4,215,20180912,715,south,minute_ignition,True,False,1.0770833333333334,7454.0,7460.5,7425.0,6.5,29.25,104,2.5,35.5,6.5,True,b_first,0.8181818181818182,1.0,0.18181818181818177,6.5,6.5,6.5,6.5,6.5,6.5,-6.5,-6.5,-6.5,9.0
riz_f9c50c92e60a15a78ed921969c56f4ec,217,20180912,725,south,minute_ignition,False,False,1.0784722222222223,7458.75,7456.5,7425.0,-2.25,34.0,104,-3.0,31.5,-2.25,True,b_at_entry,,,,,,,,,,,,,
riz_1df6696dc81f01ccd629c364a3eafd4d,240,20180914,840,south,minute_ignition,False,False,8.840277777777779,7574.5,7550.75,7544.25,-23.75,30.5,50,-25.0,6.5,-23.5,True,b_at_entry,,,,,,,,,,,,,
riz_8910502ac3139cc6b6acff77c638630d,121,20180917,608,south,native_confirmation,True,False,4.336111111111111,7504.25,7508.25,7500.5,4.0,4.0,0,-0.0,7.75,4.0,False,a_first,0.5,0.0,-0.5,-4.0,-4.0,-4.0,-4.0,-4.0,-4.0,4.0,4.0,4.0,1.0
riz_ebb96efd819a96ebe8d1461530a63d24,163,20180918,618,north,minute_ignition,True,False,4.998611111111111,7540.75,7539.25,7543.25,1.5,2.75,2,0.25,4.0,1.25,False,b_first,0.6470588235294118,1.0,0.3529411764705882,1.5,1.5,1.5,1.5,1.5,1.5,-1.5,-1.5,-1.5,2.0
riz_980840e9ca8201a7026142bf76868a29,123,20180918,624,north,minute_ignition,True,False,5.066666666666666,7540.0,7525.0,7544.0,15.0,4.25,27,14.0,19.0,15.0,True,b_first,0.22077922077922077,1.0,0.7792207792207793,15.0,15.0,15.0,15.0,15.0,15.0,-15.0,-15.0,-15.0,17.0
riz_71c6e27f2007896dedac01587cd56e82,124,20180918,632,north,minute_ignition,True,False,5.0625,7528.75,7526.25,7544.0,2.5,15.5,34,1.75,17.75,2.5,True,b_first,0.8611111111111112,1.0,0.13888888888888884,2.5,2.5,2.5,2.5,2.5,2.5,-2.5,-2.5,-2.5,2.0
riz_a1c1c6b36b183c968648013ad0b3bbdd,127,20180918,656,north,minute_ignition,True,False,5.052083333333333,7541.0,7531.75,7545.0,9.25,4.25,52,7.5,13.25,9.25,True,a_first,0.3148148148148148,0.0,-0.3148148148148148,-4.25,-4.25,-4.25,-4.25,-4.25,-4.25,4.25,4.25,4.25,4.0
riz_9c17f943b45f8286cd5a0ea535b53b62,128,20180918,664,north,minute_ignition,True,False,5.054861111111111,7538.0,7535.75,7548.0,2.25,10.25,49,1.0,12.25,2.25,True,a_first,0.82,0.0,-0.82,-10.25,-10.25,-10.25,-10.25,-10.25,-10.25,10.25,10.25,10.25,11.0
riz_87d6f9549c7aed7d127cc5e48307061b,208,20180918,680,north,minute_ignition,True,False,4.986111111111111,7548.5,7544.0,7552.75,4.5,4.5,20,4.0,8.75,4.75,True,a_first,0.5,0.0,-0.5,-4.5,-4.5,-4.5,-4.5,-4.5,-4.5,4.5,4.5,4.5,5.0
riz_d65b6b33fe22b49972b2606394c441ab,133,20180918,704,north,minute_ignition,True,False,5.060416666666667,7559.0,7542.25,7560.75,16.75,2.0,46,16.0,18.5,16.75,True,a_first,0.10666666666666667,0.0,-0.10666666666666667,-2.0,-2.0,-2.0,-2.0,-2.0,-2.0,2.0,2.0,2.0,2.0
riz_e3e0ab0c33d9e8fa2ed17106d3331465,222,20180920,750,north,minute_ignition,False,False,6.065277777777778,7598.25,7607.0,7610.75,-8.75,12.75,128,-10.75,3.75,-9.0,True,b_at_entry,,,,,,,,,,,,,
riz_25720921a1cfec29a84bd3070e523176,233,20180921,805,south,minute_ignition,False,False,6.729861111111111,7590.75,7586.5,7575.25,-4.25,15.75,174,-7.5,11.25,-4.25,True,b_at_entry,,,,,,,,,,,,,
riz_62b50fb9e1eba89fcaaf4cbf73336367,120,20180924,600,north,minute_ignition,False,False,4.08125,7528.5,7530.75,7536.75,-2.25,8.5,3,-3.0,6.0,-2.0,True,b_at_entry,,,,,,,,,,,,,
riz_c307e3bfc71c15412193133b95a4be7e,196,20180924,620,north,minute_ignition,False,False,3.990972222222222,7529.0,7536.75,7540.5,-7.75,11.75,13,-8.25,3.75,-7.5,True,b_at_entry,,,,,,,,,,,,,
riz_6fb35bf0d79caadba209cb42ae0e6e29,128,20180924,664,north,minute_ignition,False,False,4.043055555555555,7531.25,7533.75,7546.25,-2.5,15.25,66,-3.0,12.5,-2.25,True,b_at_entry,,,,,,,,,,,,,
riz_31c70b252a8f58bbcf3692fe8f02e0a3,131,20180926,950,south,minute_ignition,True,False,0.2701388888888889,7586.5,7612.25,7586.0,25.75,0.75,4,19.0,26.25,25.5,False,a_first,0.02830188679245283,0.0,-0.02830188679245283,-0.75,-0.75,-0.75,-0.75,-0.75,-0.75,0.75,0.75,0.75,1.0
riz_f6541ee63b4430bbd2401904bb313bbc,136,20180927,592,north,minute_ignition,True,False,0.8,7651.75,7634.25,7657.0,17.5,5.5,16,17.25,22.75,17.5,True,a_first,0.2391304347826087,0.0,-0.2391304347826087,-5.5,-5.5,-5.5,-5.5,-5.5,-5.5,5.5,5.5,5.5,9.0
riz_737b6531bf64ab9942fb988efb7aea51,138,20180927,606,north,minute_ignition,True,False,0.7854166666666667,7668.5,7632.75,7672.75,35.75,4.5,33,35.0,40.0,35.5,True,a_first,0.11180124223602485,0.0,-0.11180124223602485,-4.5,-4.5,-4.5,-4.5,-4.5,-4.5,4.5,4.5,4.5,4.0
riz_e80b242f42a0221ecb6cb1d0a0891cd0,146,20180927,662,north,minute_ignition,True,False,0.8354166666666667,7683.0,7626.25,7684.0,56.75,1.25,91,53.25,57.75,56.75,True,a_first,0.021551724137931036,0.0,-0.021551724137931036,-1.25,-1.25,-1.25,-1.25,-1.25,-1.25,1.25,1.25,1.25,1.0
riz_fe0367b15006f552ca9eca257111109a,148,20180927,676,north,minute_ignition,False,False,23.297916666666666,7673.0,7677.5,7684.25,-4.5,11.5,15,-9.0,6.75,-4.75,True,b_at_entry,,,,,,,,,,,,,
riz_1f1b643b6c756852c0ffdaa559c45b97,126,20181002,900,south,minute_ignition,False,False,0.6097222222222223,7668.5,7667.75,7666.0,-0.75,2.75,4,-1.75,1.75,-1.0,True,b_at_entry,,,,,,,,,,,,,
riz_077aacbd44b65ec09b95370eab20e2a4,159,20181002,912,south,minute_ignition,True,False,0.3277777777777778,7652.0,7655.25,7644.5,3.25,7.75,5,0.5,10.75,3.25,False,a_first,0.7045454545454546,0.0,-0.7045454545454546,-7.75,-7.75,-7.75,-7.75,-7.75,-7.75,7.75,7.75,7.75,7.0
riz_1d689bac8d0bba917adb2f5d6e61e032,228,20181004,780,south,minute_ignition,True,False,10.572222222222223,7495.0,7539.75,7487.0,44.75,8.25,88,42.25,52.75,44.75,True,a_first,0.15566037735849056,0.0,-0.15566037735849056,-8.25,-8.25,-8.25,-8.25,-8.25,-8.25,8.25,8.25,8.25,19.0
riz_19f623e637a3d220fa07e105e30bcac4,121,20181009,850,south,minute_ignition,False,False,0.2902777777777778,7399.25,7376.25,7369.75,-23.0,29.75,66,-28.0,6.5,-22.75,True,b_at_entry,,,,,,,,,,,,,
riz_d11d0ab186804c5c02e8f7ff22b3c2f3,137,20181010,599,south,minute_ignition,True,False,69.37777777777778,7254.25,7282.5,7245.0,28.25,9.5,4,24.25,37.5,28.0,False,a_first,0.25165562913907286,0.0,-0.25165562913907286,-9.5,-9.5,-9.5,-9.5,-9.5,-9.5,9.5,9.5,9.5,5.0
riz_224ccaedb6aad9cebcd5bbe443ba11c0,160,20181010,600,south,minute_ignition,True,False,69.33125,7257.75,7273.25,7245.0,15.5,13.0,3,2.5,28.25,16.0,False,a_first,0.45614035087719296,0.0,-0.45614035087719296,-13.0,-13.0,-13.0,-13.0,-13.0,-13.0,13.0,13.0,13.0,4.0
riz_7c227277e7cceb3cdae81bee07f81ae9,193,20181010,605,south,minute_ignition,True,False,69.13333333333334,7243.25,7245.5,7230.5,2.25,13.0,1,-7.5,15.0,2.5,False,b_first,0.8524590163934426,1.0,0.14754098360655743,2.25,2.25,2.25,2.25,2.25,2.25,-2.25,-2.25,-2.25,1.0
riz_4eb6db3640c9586d06af7cef914e485b,138,20181010,606,south,minute_ignition,False,False,69.18958333333333,7249.5,7249.5,7230.5,-0.0,19.25,3,-0.75,19.0,-0.25,True,b_at_entry,,,,,,,,,,,,,
riz_355d992edac7678fbb08ab304b410276,162,20181010,612,south,minute_ignition,False,False,69.21527777777777,7263.5,7256.5,7230.5,-7.0,33.25,14,-8.5,26.0,-7.0,True,b_at_entry,,,,,,,,,,,,,
riz_3ad45687c479409ee5a169dd0d20d0b5,129,20181010,672,south,minute_ignition,True,False,69.0875,7226.75,7232.25,7217.75,5.5,9.25,3,2.0,14.5,5.5,False,b_first,0.6271186440677966,1.0,0.3728813559322034,5.5,5.5,5.5,5.5,5.5,5.5,-5.5,-5.5,-5.5,1.0
riz_8c99f456823aca2353c56ca438138a65,172,20181010,672,south,minute_ignition,True,False,69.11805555555556,7226.75,7228.5,7217.75,1.75,9.25,2,-6.75,10.75,1.75,True,b_first,0.8409090909090909,1.0,0.15909090909090906,1.75,1.75,1.75,1.75,1.75,1.75,-1.75,-1.75,-1.75,1.0
riz_638647dcf38f612bae86074fca7eeef9,148,20181010,676,south,minute_ignition,True,False,69.35555555555555,7223.0,7277.5,7217.75,54.5,5.5,80,50.5,59.75,54.75,True,a_first,0.09166666666666666,0.0,-0.09166666666666666,-5.5,-5.5,-5.5,-5.5,-5.5,-5.5,5.5,5.5,5.5,4.0
riz_3eadf0964fd133cd7d07646940c08812,226,20181016,770,north,minute_ignition,True,False,3.70625,7238.25,7176.5,7239.75,61.75,1.75,173,60.25,63.25,62.0,True,a_first,0.027559055118110236,0.0,-0.027559055118110236,-1.75,-1.75,-1.75,-1.75,-1.75,-1.75,1.75,1.75,1.75,5.0
riz_eaade01f7213ddb69596dde5d7a5aaeb,240,20181017,840,south,minute_ignition,False,False,6.738194444444445,7294.75,7230.25,7221.5,-64.5,73.5,197,-67.75,8.75,-64.5,True,b_at_entry,,,,,,,,,,,,,
riz_1962c9bfe30a997ef247cf5d606ca38e,209,20181018,685,south,minute_ignition,True,False,7.766666666666667,7188.25,7199.0,7187.25,10.75,1.25,1,2.25,11.75,10.5,False,b_first,0.10416666666666667,1.0,0.8958333333333334,10.75,10.75,10.75,10.75,10.75,10.75,-10.75,-10.75,-10.75,2.0
riz_d71372514f630f405bcc6a94197c8f3d,177,20181018,702,south,minute_ignition,True,False,7.7659722222222225,7162.75,7200.5,7156.75,37.75,6.25,19,37.0,43.75,37.5,True,a_first,0.14204545454545456,0.0,-0.14204545454545456,-6.25,-6.25,-6.25,-6.25,-6.25,-6.25,6.25,6.25,6.25,4.0
riz_d43fd986f0217d216f0852c55466ff56,222,20181022,750,south,minute_ignition,False,False,2.707638888888889,7153.25,7108.5,7100.5,-44.75,53.0,151,-49.25,8.0,-44.75,True,b_at_entry,,,,,,,,,,,,,
riz_24bb7882817e6b59d322693cb6c46abe,187,20181024,949,south,minute_ignition,True,False,154.25833333333333,6853.0,6858.75,6851.5,5.75,1.75,2,-0.25,7.25,5.5,True,a_first,0.23333333333333334,0.0,-0.23333333333333334,-1.75,-1.75,-1.75,-1.75,-1.75,-1.75,1.75,1.75,1.75,1.0
riz_a13708fa64a417c70ae19c351b55b03d,219,20181024,954,south,minute_ignition,True,False,154.30138888888888,6823.5,6848.25,6822.75,24.75,1.0,4,22.75,25.5,24.75,True,a_first,0.038834951456310676,0.0,-0.038834951456310676,-1.0,-1.0,-1.0,-1.0,-1.0,-1.0,1.0,1.0,1.0,1.0
riz_bfe73d3cb7eb4cf57ca31e7515da6b31,189,20181026,774,north,minute_ignition,False,False,0.8666666666666667,6949.0,6961.0,6966.0,-12.0,17.25,3,-16.5,5.0,-11.75,True,b_at_entry,,,,,,,,,,,,,
riz_464179be030fdead21ee1f649b86d8cb,128,20181026,792,north,minute_ignition,True,False,0.9833333333333333,6961.5,6948.0,6986.5,13.5,25.25,24,9.25,38.5,13.25,True,b_first,0.6516129032258065,1.0,0.34838709677419355,13.5,13.5,13.5,13.5,13.5,13.5,-13.5,-13.5,-13.5,12.0
riz_9859557970bb6f5f22ba7a9cc9383a23,137,20181026,873,north,minute_ignition,False,False,0.9381944444444444,6893.25,6968.75,6986.5,-75.5,93.5,89,-77.0,17.75,-75.75,True,b_at_entry,,,,,,,,,,,,,
riz_73a8b0c6aab0853ac540c3685e7c09cf,155,20181026,880,north,minute_ignition,False,False,0.9347222222222222,6886.75,6982.5,6986.5,-95.75,100.0,94,-98.75,4.0,-95.5,True,b_at_entry,,,,,,,,,,,,,
riz_99d9d3e41358822094c68d67a2670caa,158,20181026,904,north,minute_ignition,False,False,0.9173611111111111,6822.75,6976.25,6986.5,-153.5,164.0,119,-156.25,10.25,-154.0,True,b_at_entry,,,,,,,,,,,,,
riz_e283583943318df9f898e0585e04069b,131,20181026,950,south,minute_ignition,False,False,0.24791666666666667,6861.25,6814.0,6806.0,-47.25,55.5,36,-52.75,8.0,-47.0,True,b_at_entry,,,,,,,,,,,,,
riz_0622f89af694390ae979a4805e0cb7ae,174,20181029,858,south,minute_ignition,True,False,3.1625,6780.0,6799.0,6769.0,19.0,11.25,114,17.75,30.0,19.5,True,a_first,0.371900826446281,0.0,-0.371900826446281,-11.25,-11.25,-11.25,-11.25,-11.25,-11.25,11.25,11.25,11.25,5.0
riz_47c99471ff38f762705f81e35db21f4d,187,20181031,575,north,minute_ignition,True,False,1.9972222222222222,6941.25,6935.5,6949.75,5.75,8.75,4,5.25,14.25,5.5,True,b_first,0.603448275862069,1.0,0.39655172413793105,5.75,5.75,5.75,5.75,5.75,5.75,-5.75,-5.75,-5.75,2.0
riz_e934277eda446a17d8c32e6e47228ea7,157,20181106,896,south,minute_ignition,False,False,0.30833333333333335,6955.5,6938.0,6932.25,-17.5,23.5,27,-18.5,5.75,-17.25,True,b_at_entry,,,,,,,,,,,,,
riz_549ae3360b13e81dda36efbc06080432,121,20181114,729,south,minute_ignition,True,False,0.18055555555555555,6800.0,6841.0,6787.5,41.0,12.75,103,34.25,53.5,41.0,True,a_first,0.2372093023255814,0.0,-0.2372093023255814,-12.75,-12.75,-12.75,-12.75,-12.75,-12.75,12.75,12.75,12.75,4.0
riz_7341689eac0b8fd839738ca14435331d,149,20181128,832,north,minute_ignition,False,False,9.30486111111111,6874.5,6880.25,6887.25,-5.75,13.0,8,-7.75,7.0,-5.75,True,b_at_entry,,,,,,,,,,,,,
riz_6ec3b83c09d13aef077145fc469ec66b,150,20181128,840,north,minute_ignition,True,False,9.300694444444444,6879.25,6878.75,6887.25,0.5,8.25,17,-0.5,8.5,0.25,True,b_first,0.9428571428571428,1.0,0.05714285714285716,0.5,0.5,0.5,0.5,0.5,0.5,-0.5,-0.5,-0.5,1.0
riz_4a51112370092f104840fb905d2b7ce3,174,20181128,858,north,minute_ignition,False,False,9.353472222222223,6874.0,6884.75,6889.25,-10.75,15.5,13,-11.5,4.5,-11.0,True,b_at_entry,,,,,,,,,,,,,
riz_883134e0c58efa2ab6184a64ad35c32c,131,20181128,950,north,minute_ignition,True,False,9.435416666666667,6918.5,6887.0,6920.0,31.5,1.75,28,27.75,33.0,31.75,True,a_first,0.05263157894736842,0.0,-0.05263157894736842,-1.75,-1.75,-1.75,-1.75,-1.75,-1.75,1.75,1.75,1.75,9.0
riz_9653dcc3b2cdaea455fcb0ee03a1b7d2,237,20181203,588,south,native_confirmation,True,False,21.0,7057.75,7057.75,7055.0,-0.0,3.0,0,-0.0,2.75,0.25,False,b_at_entry,,,,,,,,,,,,,
riz_e122a0ed1aeb48817d74d65fb790affa,191,20181203,595,south,minute_ignition,False,False,20.997916666666665,7048.5,7045.5,7042.0,-3.0,6.75,3,-3.75,3.5,-3.0,True,b_at_entry,,,,,,,,,,,,,
riz_0b30cb62d5532a8b5010b2d29a2b6746,239,20181203,596,south,minute_ignition,True,False,20.99652777777778,7049.5,7056.0,7042.0,6.5,7.75,5,1.0,14.0,6.5,False,a_first,0.543859649122807,0.0,-0.543859649122807,-7.75,-7.75,-7.75,-7.75,-7.75,-7.75,7.75,7.75,7.75,2.0
riz_c9398b071871abafa7bc155a24c6b0be,139,20181203,613,south,minute_ignition,False,False,21.086111111111112,7068.5,7043.0,7034.25,-25.5,34.5,15,-31.0,8.75,-25.75,True,b_at_entry,,,,,,,,,,,,,
riz_a3b55147a455729f24ffc4f154071fdd,131,20181206,950,north,minute_ignition,True,False,1.7256944444444444,6829.75,6820.25,6832.5,9.5,3.0,3,7.75,12.25,8.75,True,a_first,0.24,0.0,-0.24,-3.0,-3.0,-3.0,-3.0,-3.0,-3.0,3.0,3.0,3.0,1.0
riz_e6d01a7e21ac23f1fc24d92b2b60da9b,164,20181206,952,north,minute_ignition,True,False,1.6819444444444445,6828.75,6827.0,6836.5,1.75,8.0,2,-0.5,9.5,1.5,True,b_first,0.8205128205128205,1.0,0.17948717948717952,1.75,1.75,1.75,1.75,1.75,1.75,-1.75,-1.75,-1.75,1.0
riz_4927781fdcfbbb37f673093dc69c0107,125,20181211,765,south,minute_ignition,False,False,3.8875,6724.75,6715.25,6692.0,-9.5,33.0,37,-11.25,23.25,-9.25,True,b_at_entry,,,,,,,,,,,,,
riz_fe5d3ab7580f09d2f64d8ae7f49833ad,202,20181213,852,south,minute_ignition,True,False,1.1909722222222223,6763.5,6766.0,6753.25,2.5,10.5,129,1.75,12.75,2.5,True,b_first,0.8076923076923077,1.0,0.1923076923076923,2.5,2.5,2.5,2.5,2.5,2.5,-2.5,-2.5,-2.5,1.0
riz_56874cc76c79c7342b4cf97eddb7ff8e,125,20181219,890,south,minute_ignition,True,False,0.8840277777777777,6461.5,6471.5,6435.5,10.0,26.25,37,-13.0,36.0,9.75,True,a_first,0.7241379310344828,0.0,-0.7241379310344828,-26.25,-26.25,-26.25,-26.25,-26.25,-26.25,26.25,26.25,26.25,3.0
riz_f3caec3e6eff1341e7ce172618730b12,183,20181219,921,south,minute_ignition,True,False,259.28333333333336,6356.5,6371.5,6301.25,15.0,55.5,18,7.25,70.25,15.5,True,b_first,0.7872340425531915,1.0,0.21276595744680848,15.0,15.0,15.0,15.0,15.0,15.0,-15.0,-15.0,-15.0,1.0
riz_3e04eada41417c8511e6c11742e390b7,188,20181219,956,south,minute_ignition,True,False,259.2625,6381.5,6399.0,6301.25,17.5,80.5,58,3.75,97.75,17.5,True,censored_window,0.8214285714285714,,,-22.0,-22.0,-22.0,-22.0,-22.0,-22.0,22.0,22.0,22.0,4.0
riz_3b50a3cc0e86cb67bbd94578402a86ba,159,20181221,753,south,minute_ignition,False,False,423.93055555555554,6109.25,6104.75,6091.0,-4.5,18.5,1,-10.0,13.75,-5.0,True,b_at_entry,,,,,,,,,,,,,
riz_b80bea9b8db8dbe21181661233000767,219,20181221,954,south,minute_ignition,False,False,421.02916666666664,6065.0,6055.25,6030.0,-9.75,35.25,18,-14.0,25.25,-9.75,True,b_at_entry,,,,,,,,,,,,,
riz_36422bd321ddfc7978f1a6ecd3f6627b,131,20181224,688,north,minute_ignition,False,False,0.42291666666666666,6010.75,6078.5,6098.0,-67.75,87.5,46,-68.75,19.5,-67.25,True,b_at_entry,,,,,,,,,,,,,
riz_cfd6838065fa4b11009a2e1a32717968,121,20181224,729,north,minute_ignition,False,False,0.4444444444444444,5990.75,6081.75,6098.0,-91.0,107.5,86,-94.25,16.25,-91.0,True,b_at_entry,,,,,,,,,,,,,
riz_0b67d1e9a12e2a9e70e926312284f1ca,216,20190102,720,north,minute_ignition,True,False,5.692361111111111,6323.0,6240.0,6368.0,83.0,45.25,143,76.0,128.0,82.5,True,a_first,0.35282651072124754,0.0,-0.35282651072124754,-45.25,-45.25,-45.25,-45.25,-45.25,-45.25,45.25,45.25,45.25,39.0
riz_8146a1be8e663c504bff28b4ed5c3f35,141,20190104,627,north,minute_ignition,True,False,1.8034722222222221,6357.5,6352.25,6360.0,5.25,2.75,1,-0.5,7.75,6.0,True,a_first,0.34375,0.0,-0.34375,-2.75,-2.75,-2.75,-2.75,-2.75,-2.75,2.75,2.75,2.75,1.0
riz_236b7ea55d82cbf77d7562f2d6e25cf7,142,20190104,634,north,minute_ignition,True,False,1.7965277777777777,6363.0,6344.25,6377.0,18.75,14.25,9,18.0,32.75,18.25,True,a_first,0.4318181818181818,0.0,-0.4318181818181818,-14.25,-14.25,-14.25,-14.25,-14.25,-14.25,14.25,14.25,14.25,18.0
riz_5351729b8b966d7b809873903154ee20,167,20190104,642,north,minute_ignition,True,False,1.75625,6359.5,6330.25,6377.0,29.25,17.75,18,23.5,46.75,29.25,False,a_first,0.3776595744680851,0.0,-0.3776595744680851,-17.75,-17.75,-17.75,-17.75,-17.75,-17.75,17.75,17.75,17.75,10.0
riz_61d587e3d8aec1a8fc51c019c5fc0a51,230,20190122,790,south,minute_ignition,True,False,5.634027777777778,6660.25,6670.0,6660.25,9.75,0.25,7,8.5,9.75,9.5,True,a_first,0.025,0.0,-0.025,-0.25,-0.25,-0.25,-0.25,-0.25,-0.25,0.25,0.25,0.25,1.0
riz_8bc5373a4f481d1a1719f943deccdd1f,192,20190122,792,south,minute_ignition,True,False,5.532638888888889,6655.75,6659.25,6653.0,3.5,3.0,1,1.25,6.25,3.25,True,b_first,0.46153846153846156,1.0,0.5384615384615384,3.5,3.5,3.5,3.5,3.5,3.5,-3.5,-3.5,-3.5,1.0
riz_261644e2a8f715b091b6741a596349c7,145,20190122,800,south,minute_ignition,True,False,5.596527777777778,6645.5,6662.75,6645.25,17.25,0.5,11,16.5,17.5,17.0,True,a_first,0.028169014084507043,0.0,-0.028169014084507043,-0.5,-0.5,-0.5,-0.5,-0.5,-0.5,0.5,0.5,0.5,1.0
riz_4966789a0ae79c388de80fb4b878a9e6,125,20190122,890,south,minute_ignition,True,False,5.620833333333334,6622.25,6668.5,6620.25,46.25,2.25,106,43.5,48.25,46.25,True,a_first,0.04639175257731959,0.0,-0.04639175257731959,-2.25,-2.25,-2.25,-2.25,-2.25,-2.25,2.25,2.25,2.25,4.0
riz_965e97da6c768fdcd31fd3c2e649150a,156,20190123,576,north,minute_ignition,True,False,5.690972222222222,6710.75,6700.5,6711.25,10.25,0.75,1,8.0,10.75,10.25,False,a_first,0.06818181818181818,0.0,-0.06818181818181818,-0.75,-0.75,-0.75,-0.75,-0.75,-0.75,0.75,0.75,0.75,1.0
riz_29344013c6e596a14dca0a837afe59e9,188,20190123,580,north,minute_ignition,False,False,5.691666666666666,6702.0,6710.0,6712.25,-8.0,10.5,4,-8.75,2.25,-8.0,True,b_at_entry,,,,,,,,,,,,,
riz_5fb111d972e41e6d43737d3a9c7a7d7e,237,20190123,588,north,native_confirmation,True,False,5.49375,6714.25,6712.0,6714.25,2.25,0.25,0,0.0,2.25,2.0,False,a_first,0.1,0.0,-0.1,-0.25,-0.25,-0.25,-0.25,-0.25,-0.25,0.25,0.25,0.25,1.0
riz_6e58b66c80dc0b18a264f9d0378fcf0a,218,20190123,730,south,minute_ignition,True,False,11.78888888888889,6605.0,6607.75,6596.25,2.75,9.0,14,2.5,11.5,2.75,True,b_first,0.7659574468085106,1.0,0.23404255319148937,2.75,2.75,2.75,2.75,2.75,2.75,-2.75,-2.75,-2.75,1.0
riz_74a91f92ec918aa16987b2f9b490bfd1,127,20190131,783,north,minute_ignition,False,False,61.78333333333333,6918.75,6924.5,6943.0,-5.75,24.5,75,-7.5,18.5,-5.75,True,b_at_entry,,,,,,,,,,,,,
riz_f011a88021774435e531b0c90ac721d6,128,20190131,792,north,minute_ignition,False,False,61.7875,6922.25,6928.25,6943.0,-6.0,21.0,78,-10.0,14.75,-5.75,True,b_at_entry,,,,,,,,,,,,,
riz_b15d86e59a07996542d74fc803189d1b,144,20190131,792,north,minute_ignition,False,False,61.790277777777774,6922.25,6940.5,6943.0,-18.25,21.0,74,-19.0,2.5,-18.0,True,b_at_entry,,,,,,,,,,,,,
riz_1373cdd6bd9f46120bd8071ab0fa58bb,147,20190211,669,south,native_confirmation,True,False,0.5104166666666666,6913.75,6914.75,6912.25,1.0,1.75,0,-0.0,2.5,0.75,False,a_first,0.6363636363636364,0.0,-0.6363636363636364,-1.75,-1.75,-1.75,-1.75,-1.75,-1.75,1.75,1.75,1.75,1.0
riz_3fe1ecdd0bb1418bfb93e0f005cb0a30,187,20190214,575,south,minute_ignition,False,False,7.3875,6990.25,6985.0,6972.0,-5.25,18.5,3,-11.25,13.0,-5.5,True,b_at_entry,,,,,,,,,,,,,
riz_2b2aafab1b8c4396be2f7b9c82f0e419,124,20190220,756,south,minute_ignition,True,False,1.1680555555555556,7051.25,7051.5,7044.5,0.25,7.0,6,-3.25,7.0,0.25,True,b_first,0.9655172413793104,1.0,0.03448275862068961,0.25,0.25,0.25,0.25,0.25,0.25,-0.25,-0.25,-0.25,1.0
riz_14e1ea664d957f58c88bc12492609cd0,127,20190220,783,south,minute_ignition,False,False,1.1708333333333334,7052.5,7043.0,7037.75,-9.5,15.0,8,-12.0,5.25,-9.5,True,b_at_entry,,,,,,,,,,,,,
riz_483cd3c37c2380fc354ee56686fc080c,122,20190221,616,south,minute_ignition,True,False,6.50625,7012.75,7013.25,7005.0,0.5,8.0,3,-5.25,8.25,0.25,True,b_first,0.9411764705882353,1.0,0.05882352941176472,0.5,0.5,0.5,0.5,0.5,0.5,-0.5,-0.5,-0.5,1.0
riz_e7df55e9d7e4ebaacc2c89ee6749041b,180,20190221,720,south,minute_ignition,False,False,6.426388888888889,7053.5,7007.5,7005.0,-46.0,48.75,106,-47.25,2.5,-45.75,True,b_at_entry,,,,,,,,,,,,,
riz_c7788a1cffbe5516a341038d5fc42077,147,20190226,669,north,minute_ignition,True,False,1.145138888888889,7116.75,7115.0,7136.5,1.75,20.0,85,1.5,21.5,1.75,True,a_first,0.9195402298850575,0.0,-0.9195402298850575,-20.0,-20.0,-20.0,-20.0,-20.0,-20.0,20.0,20.0,20.0,8.0
riz_77f7927cd82221c3247e8264bcd69409,223,20190226,755,north,minute_ignition,False,False,0.8944444444444445,7116.0,7129.0,7139.75,-13.0,24.0,152,-16.75,10.75,-13.0,True,b_at_entry,,,,,,,,,,,,,
riz_b8f374e391568434b997b0cd58c1b996,197,20190227,625,north,minute_ignition,False,False,0.37916666666666665,7060.5,7113.0,7119.0,-52.5,58.75,45,-53.0,6.0,-52.5,True,b_at_entry,,,,,,,,,,,,,
riz_ad54de02727195c8c83531eac43322d4,122,20190301,860,north,minute_ignition,False,False,0.33819444444444446,7148.75,7148.5,7150.0,0.25,1.5,1,-1.5,1.5,0.0,True,b_first,0.8571428571428571,1.0,0.1428571428571429,0.25,0.25,0.25,0.25,0.25,0.25,-0.25,-0.25,-0.25,1.0
riz_edd82db676a13937ce987fcad9f2df54,164,20190301,952,north,minute_ignition,True,False,0.28055555555555556,7154.0,7152.5,7164.5,1.5,10.75,88,-0.75,12.0,1.5,True,b_first,0.8775510204081632,1.0,0.12244897959183676,1.5,1.5,1.5,1.5,1.5,1.5,-1.5,-1.5,-1.5,1.0
riz_9549d071cb807d33f1413dab8ea89bbe,150,20190304,690,south,minute_ignition,True,False,2.89375,7141.75,7145.0,7141.0,3.25,1.0,3,2.5,4.0,3.0,True,a_first,0.23529411764705882,0.0,-0.23529411764705882,-1.0,-1.0,-1.0,-1.0,-1.0,-1.0,1.0,1.0,1.0,1.0
riz_9f85f4b596b4c0de507b5c5eacd4fcf2,132,20190304,696,south,minute_ignition,True,False,2.904166666666667,7140.25,7143.5,7133.25,3.25,7.25,6,1.5,10.25,3.0,True,a_first,0.6904761904761905,0.0,-0.6904761904761905,-7.25,-7.25,-7.25,-7.25,-7.25,-7.25,7.25,7.25,7.25,2.0
riz_6b53da78526b0998672147185498afdc,121,20190304,729,south,minute_ignition,True,False,2.96875,7109.75,7149.0,7088.5,39.25,21.5,45,39.0,60.5,39.25,True,a_first,0.35390946502057613,0.0,-0.35390946502057613,-21.5,-21.5,-21.5,-21.5,-21.5,-21.5,21.5,21.5,21.5,8.0
riz_54aacd4a92af8dc781bbd24adc5eef44,126,20190304,774,south,minute_ignition,True,False,2.9444444444444446,7098.75,7138.75,7074.5,40.0,24.5,80,38.0,64.25,40.25,True,b_first,0.3798449612403101,1.0,0.6201550387596899,40.0,40.0,40.0,40.0,40.0,40.0,-40.0,-40.0,-40.0,118.0
riz_da5c407df48a1369965c2faaa75b1080,172,20190304,844,south,minute_ignition,True,False,2.8895833333333334,7121.25,7146.0,7074.5,24.75,47.0,159,24.5,71.5,24.75,True,b_first,0.6550522648083623,1.0,0.3449477351916377,24.75,24.75,24.75,24.75,24.75,24.75,-24.75,-24.75,-24.75,101.0
riz_b502f3da0b076fd50fd2b2d95e6d0561,132,20190311,696,north,minute_ignition,True,False,3.984722222222222,7158.25,7124.75,7161.75,33.5,3.75,94,26.75,37.0,33.5,True,a_first,0.10067114093959731,0.0,-0.10067114093959731,-3.75,-3.75,-3.75,-3.75,-3.75,-3.75,3.75,3.75,3.75,2.0
riz_bbe8262602bca58fbed945b93d31b0c5,153,20190314,711,south,minute_ignition,False,False,146.91041666666666,7290.0,7274.75,7269.0,-15.25,21.25,129,-15.5,5.75,-15.0,True,b_at_entry,,,,,,,,,,,,,
riz_91cc73d4b175487430f8ac6b8fc224ae,202,20190322,650,south,minute_ignition,True,False,167.8173611111111,7442.5,7474.75,7441.0,32.25,1.75,61,27.25,33.75,32.25,True,a_first,0.051470588235294115,0.0,-0.051470588235294115,-1.75,-1.75,-1.75,-1.75,-1.75,-1.75,1.75,1.75,1.75,2.0
riz_6071aa2f8c6fcf41a872d6ac7968bd82,189,20190322,774,south,minute_ignition,True,False,1.211111111111111,7402.5,7419.75,7376.25,17.25,26.5,74,17.0,43.5,17.75,True,a_first,0.6057142857142858,0.0,-0.6057142857142858,-26.5,-26.5,-26.5,-26.5,-26.5,-26.5,26.5,26.5,26.5,59.0
riz_4bd686e1d5481d6c6741a0361409ba25,133,20190322,837,south,minute_ignition,True,False,1.0986111111111112,7378.75,7398.5,7376.0,19.75,3.0,124,19.0,22.5,19.5,True,a_first,0.13186813186813187,0.0,-0.13186813186813187,-3.0,-3.0,-3.0,-3.0,-3.0,-3.0,3.0,3.0,3.0,1.0
riz_bf6c7c40c0e306baf0137cbe5cda9223,240,20190326,600,north,minute_ignition,True,False,4.832638888888889,7441.5,7435.5,7441.75,6.0,0.5,1,4.0,6.25,5.75,False,same_minute,0.07692307692307693,,,,-0.5,6.0,,-0.5,6.0,,-6.0,0.5,1.0
riz_b60ece4ae2251c0cc2929feb371efb1b,237,20190326,825,north,minute_ignition,False,False,4.842361111111111,7375.5,7433.5,7447.5,-58.0,72.25,227,-58.5,14.0,-58.0,True,b_at_entry,,,,,,,,,,,,,
riz_a1e8088cbdd490d25180c01e2819de4b,120,20190327,600,north,minute_ignition,False,False,0.2298611111111111,7368.5,7396.75,7404.75,-28.25,36.5,29,-29.0,8.0,-28.5,True,b_at_entry,,,,,,,,,,,,,
riz_78e004c133b97d0447f5fdf06699b13e,139,20190412,613,south,minute_ignition,False,False,0.8868055555555555,7645.5,7637.0,7636.0,-8.5,9.75,24,-9.0,1.0,-8.5,True,b_at_entry,,,,,,,,,,,,,
riz_f037cb7cf3a4460386472da2822e3fa2,131,20190412,688,south,minute_ignition,True,False,0.8798611111111111,7630.75,7633.75,7617.5,3.0,13.5,42,0.75,16.25,3.25,True,b_first,0.8181818181818182,1.0,0.18181818181818177,3.0,3.0,3.0,3.0,3.0,3.0,-3.0,-3.0,-3.0,6.0
riz_83bfd0e79465a10ad81ecc7ecf22f5b9,132,20190412,696,south,minute_ignition,False,False,0.8881944444444444,7633.0,7630.75,7617.5,-2.25,15.75,29,-3.0,13.25,-2.5,True,b_at_entry,,,,,,,,,,,,,
riz_e830075762ada807b6ebc5cd849bda87,229,20190412,785,south,minute_ignition,False,False,0.7604166666666666,7641.75,7628.75,7617.5,-13.0,24.5,116,-15.0,11.25,-13.25,True,b_at_entry,,,,,,,,,,,,,
riz_8d48376856e92fc5548a255459fb01e1,232,20190412,800,south,minute_ignition,False,False,0.7576388888888889,7644.0,7627.0,7617.5,-17.0,26.75,129,-19.0,9.5,-17.0,True,b_at_entry,,,,,,,,,,,,,
riz_31782867e9da9adf2922e6d5e2437ce1,136,20190424,592,south,minute_ignition,True,False,0.2791666666666667,7813.0,7823.0,7812.25,10.0,1.0,6,6.0,10.75,9.75,False,b_first,0.09090909090909091,1.0,0.9090909090909091,10.0,10.0,10.0,10.0,10.0,10.0,-10.0,-10.0,-10.0,4.0
riz_87acecdbb6d34593233a5b5f84be5f0e,144,20190424,648,south,minute_ignition,False,False,0.25625,7828.5,7824.75,7812.25,-3.75,16.5,63,-4.5,12.5,-3.75,True,b_at_entry,,,,,,,,,,,,,
riz_4c1b8eb8d2f75e84748903197f9d8015,178,20190425,708,south,minute_ignition,False,False,0.8104166666666667,7850.25,7832.75,7792.0,-17.5,58.5,95,-24.5,40.75,-17.25,True,b_at_entry,,,,,,,,,,,,,
riz_3bcbad080fe50987b78c35ed0008f836,186,20190425,756,south,minute_ignition,False,False,0.7722222222222223,7839.25,7821.5,7792.0,-17.75,47.5,142,-19.5,29.5,-17.75,True,b_at_entry,,,,,,,,,,,,,
riz_f30016240eed314e49bebcac60e1ec02,163,20190430,944,north,minute_ignition,False,False,0.2590277777777778,7786.75,7798.25,7806.0,-11.5,19.5,116,-12.0,7.75,-11.5,True,b_at_entry,,,,,,,,,,,,,
riz_cf1fffeac113a09493bc7a96b5ecea07,178,20190502,708,south,native_confirmation,True,False,10.370833333333334,7693.5,7699.0,7688.25,5.5,5.5,0,-0.0,10.75,5.25,False,b_first,0.5,1.0,0.5,5.5,5.5,5.5,5.5,5.5,5.5,-5.5,-5.5,-5.5,1.0
riz_3dc3dfbd0a8d806354b06a9022fceaa0,153,20190502,711,south,minute_ignition,False,False,10.422222222222222,7701.75,7701.25,7688.25,-0.5,13.75,4,-2.5,13.0,-0.75,True,b_at_entry,,,,,,,,,,,,,
riz_d16562935effb979721f7fe7ce7e2897,197,20190502,822,south,minute_ignition,False,False,10.465972222222222,7733.5,7714.75,7682.25,-18.75,51.5,117,-22.75,32.5,-18.75,True,b_at_entry,,,,,,,,,,,,,
riz_05f23d828cc4ea278af0ee935d92166d,121,20190503,608,north,minute_ignition,True,False,2.7055555555555557,7809.0,7806.25,7820.5,2.75,11.75,12,1.25,14.25,2.5,True,b_first,0.8103448275862069,1.0,0.18965517241379315,2.75,2.75,2.75,2.75,2.75,2.75,-2.75,-2.75,-2.75,1.0
riz_bc6b0428dfae135a1111a0dd668e4792,134,20190503,712,north,minute_ignition,True,False,2.709722222222222,7827.0,7809.5,7844.5,17.5,17.75,110,14.0,35.0,17.25,True,a_first,0.5035460992907801,0.0,-0.5035460992907801,-17.75,-17.75,-17.75,-17.75,-17.75,-17.75,17.75,17.75,17.75,39.0
riz_42aab407526c1f1c53d7f32df135c569,138,20190506,606,north,minute_ignition,False,False,3.3784722222222223,7737.25,7748.75,7753.0,-11.5,16.0,7,-12.5,4.25,-11.5,True,b_at_entry,,,,,,,,,,,,,
riz_6d37d1f06c620b78022abccb5439b2e8,140,20190506,620,north,native_confirmation,True,False,3.2916666666666665,7759.5,7758.5,7761.0,1.0,1.75,0,0.0,2.5,1.25,False,a_first,0.6363636363636364,0.0,-0.6363636363636364,-1.75,-1.75,-1.75,-1.75,-1.75,-1.75,1.75,1.75,1.75,1.0
riz_b2f08f8fcf5fe8465f277c2db17f4a37,141,20190506,627,north,minute_ignition,True,False,3.38125,7757.0,7751.25,7768.5,5.75,11.75,15,3.25,17.25,5.5,True,b_first,0.6714285714285714,1.0,0.3285714285714286,5.75,5.75,5.75,5.75,5.75,5.75,-5.75,-5.75,-5.75,12.0
riz_223b0ab2f31cd26ea7cfa995c6c6d77b,199,20190506,635,north,minute_ignition,False,False,3.267361111111111,7759.5,7763.0,7768.5,-3.5,9.25,13,-8.75,5.5,-4.0,True,b_at_entry,,,,,,,,,,,,,
riz_2cbdd60e55741ab662c37dfcc228f9c1,202,20190506,650,north,minute_ignition,False,False,3.2604166666666665,7760.0,7761.5,7768.5,-1.5,8.75,29,-1.5,7.0,-1.25,True,b_at_entry,,,,,,,,,,,,,
riz_31743fd53b942d0e20c473b9c9d1ccc7,127,20190506,656,north,minute_ignition,True,False,3.4006944444444445,7771.75,7746.5,7778.75,25.25,7.25,58,23.0,32.25,25.0,True,a_first,0.2230769230769231,0.0,-0.2230769230769231,-7.25,-7.25,-7.25,-7.25,-7.25,-7.25,7.25,7.25,7.25,5.0
riz_d000f282ca9b4b7d0dccc5534914f088,149,20190506,683,north,minute_ignition,True,False,3.3652777777777776,7780.25,7753.75,7782.5,26.5,2.5,70,24.75,28.75,26.5,True,a_first,0.08620689655172414,0.0,-0.08620689655172414,-2.5,-2.5,-2.5,-2.5,-2.5,-2.5,2.5,2.5,2.5,5.0
riz_079750cb7308cdaa51aa71ae70293cba,150,20190506,690,north,minute_ignition,True,False,3.3673611111111112,7781.75,7756.0,7786.0,25.75,4.5,71,24.0,30.0,25.75,True,a_first,0.1487603305785124,0.0,-0.1487603305785124,-4.5,-4.5,-4.5,-4.5,-4.5,-4.5,4.5,4.5,4.5,17.0
riz_40fa3a6264c2532004880894828049c3,150,20190506,690,north,minute_ignition,False,False,2.998611111111111,7781.75,7782.5,7786.0,-0.75,4.5,2,-1.75,3.5,-0.75,True,b_at_entry,,,,,,,,,,,,,
riz_a95b827ee531e862ef6ffc6cf8fd252c,219,20190506,735,north,minute_ignition,False,False,2.963888888888889,7760.0,7780.0,7787.5,-20.0,27.75,52,-20.25,7.5,-20.0,True,b_at_entry,,,,,,,,,,,,,
riz_849f8da9dafbcd4cc4a14f1db095c2f7,227,20190506,775,north,minute_ignition,True,False,3.3375,7750.25,7742.0,7787.5,8.25,37.5,195,7.25,45.5,8.5,True,b_first,0.819672131147541,1.0,0.180327868852459,8.25,8.25,8.25,8.25,8.25,8.25,-8.25,-8.25,-8.25,8.0
riz_876e1f478cfdb692b2d5bd8190ed9810,141,20190506,909,north,minute_ignition,True,False,3.0854166666666667,7812.25,7804.5,7816.5,7.75,4.5,18,1.5,12.0,8.0,False,b_first,0.3673469387755102,1.0,0.6326530612244898,7.75,7.75,7.75,7.75,7.75,7.75,-7.75,-7.75,-7.75,5.0
riz_3b2311426220cbb903e1addd5a4004d5,174,20190507,684,south,minute_ignition,False,False,21.865972222222222,7663.25,7643.25,7641.5,-20.0,22.0,19,-20.0,1.75,-19.75,True,b_at_entry,,,,,,,,,,,,,
riz_f9c5918e75cca13b0766da1df29985d4,194,20190507,804,south,minute_ignition,True,False,21.990277777777777,7629.0,7639.0,7625.5,10.0,3.75,14,8.25,13.5,10.0,True,a_first,0.2727272727272727,0.0,-0.2727272727272727,-3.75,-3.75,-3.75,-3.75,-3.75,-3.75,3.75,3.75,3.75,1.0
riz_a23b08ba3d8b4be94ab3c1b51a1bf468,167,20190507,809,south,minute_ignition,True,False,21.993055555555557,7618.75,7635.25,7614.0,16.5,5.0,10,16.0,21.25,16.5,False,a_first,0.23255813953488372,0.0,-0.23255813953488372,-5.0,-5.0,-5.0,-5.0,-5.0,-5.0,5.0,5.0,5.0,10.0
riz_9b5eb7805b164640bcce63ed21022bb5,210,20190514,690,north,minute_ignition,False,False,43.579861111111114,7427.0,7430.0,7436.25,-3.0,9.5,5,-5.5,6.25,-2.75,True,b_at_entry,,,,,,,,,,,,,
riz_a17c3dc6bdfcb58a0897fa75c17429ef,173,20190515,678,north,minute_ignition,True,False,0.31666666666666665,7477.25,7440.75,7489.25,36.5,12.25,63,28.25,48.5,36.75,True,a_first,0.2512820512820513,0.0,-0.2512820512820513,-12.25,-12.25,-12.25,-12.25,-12.25,-12.25,12.25,12.25,12.25,8.0
riz_f62c932fe6c156f20dc9f9b5e955c6b6,187,20190515,762,north,minute_ignition,True,False,0.28680555555555554,7501.0,7434.25,7521.0,66.75,20.25,148,63.5,86.75,66.5,True,a_first,0.23275862068965517,0.0,-0.23275862068965517,-20.25,-20.25,-20.25,-20.25,-20.25,-20.25,20.25,20.25,20.25,54.0
riz_e85295e77ce92301f547c933e66294b5,191,20190516,595,north,minute_ignition,True,False,5.865277777777778,7577.5,7567.5,7581.0,10.0,3.75,3,4.25,13.5,9.75,False,a_first,0.2727272727272727,0.0,-0.2727272727272727,-3.75,-3.75,-3.75,-3.75,-3.75,-3.75,3.75,3.75,3.75,3.0
riz_6d3a70abf11b6c09f266d72635c5b566,150,20190523,840,south,minute_ignition,False,False,69.82916666666667,7285.25,7274.5,7268.0,-10.75,17.5,66,-11.75,6.5,-11.0,True,b_at_entry,,,,,,,,,,,,,
riz_1b1e47b2017fc8ce9fdc5d9627573cd2,156,20190528,576,north,minute_ignition,True,False,0.3229166666666667,7360.5,7341.5,7362.25,19.0,2.0,3,12.0,20.75,19.0,False,a_first,0.09523809523809523,0.0,-0.09523809523809523,-2.0,-2.0,-2.0,-2.0,-2.0,-2.0,2.0,2.0,2.0,4.0
riz_494ccd3d156ee2ca1441e299af2c110f,144,20190529,792,south,minute_ignition,False,False,78.13541666666667,7235.75,7206.25,7183.25,-29.5,52.75,93,-31.0,23.0,-29.75,True,b_at_entry,,,,,,,,,,,,,
riz_008284bc4003d9a7e620d69489297b01,145,20190529,800,south,minute_ignition,False,False,78.13194444444444,7223.25,7205.0,7183.25,-18.25,40.25,100,-25.25,21.75,-18.0,True,b_at_entry,,,,,,,,,,,,,
riz_1438d29e1b576d49da85f06b517131d5,133,20190531,704,north,minute_ignition,True,False,80.77777777777777,7178.5,7174.0,7189.25,4.5,11.0,54,3.0,15.25,4.75,True,b_first,0.7096774193548387,1.0,0.29032258064516125,4.5,4.5,4.5,4.5,4.5,4.5,-4.5,-4.5,-4.5,12.0
riz_822594355197a7a262dd51efc298a806,156,20190603,576,north,minute_ignition,True,False,87.84652777777778,7125.25,7117.25,7132.5,8.0,7.5,5,4.25,15.25,8.25,False,b_first,0.4838709677419355,1.0,0.5161290322580645,8.0,8.0,8.0,8.0,8.0,8.0,-8.0,-8.0,-8.0,5.0
riz_401a22d649394da08f2e4fb0e5cda013,165,20190610,630,north,minute_ignition,True,False,21.444444444444443,7534.5,7525.0,7541.0,9.5,6.75,20,7.25,16.0,9.75,True,a_first,0.4153846153846154,0.0,-0.4153846153846154,-6.75,-6.75,-6.75,-6.75,-6.75,-6.75,6.75,6.75,6.75,15.0
riz_e098b22ae74d343d5a3eb5532bef6f4a,127,20190610,910,south,minute_ignition,False,False,21.304861111111112,7533.75,7525.0,7501.5,-8.75,32.5,69,-9.75,23.5,-8.5,True,b_at_entry,,,,,,,,,,,,,
riz_d488de084a31ac61643baefcf70058d5,128,20190610,920,south,minute_ignition,False,False,21.30902777777778,7525.5,7518.0,7501.5,-7.5,24.25,67,-8.5,16.5,-7.25,True,b_at_entry,,,,,,,,,,,,,
riz_7bf321b6cf37c2da370487eb7be6a869,129,20190610,930,south,minute_ignition,False,False,21.305555555555557,7514.75,7511.25,7501.5,-3.5,13.5,76,-5.5,9.75,-3.5,True,b_at_entry,,,,,,,,,,,,,
riz_f644e3a3b50eff90809d2e6107a7766c,130,20190610,940,south,minute_ignition,False,False,21.304166666666667,7516.0,7504.5,7501.5,-11.5,14.75,82,-12.75,3.0,-11.5,True,b_at_entry,,,,,,,,,,,,,
riz_4433a9581ec2e6293e491932246eae68,163,20190611,781,south,minute_ignition,True,False,0.7763888888888889,7496.5,7521.75,7492.75,25.25,4.0,83,22.75,29.0,25.0,True,b_first,0.13675213675213677,1.0,0.8632478632478633,25.25,25.25,25.25,25.25,25.25,25.25,-25.25,-25.25,-25.25,55.0
riz_ab717e63ca2931bfb5c503ff76c531e9,237,20190613,588,north,minute_ignition,False,False,1.9986111111111111,7550.25,7554.0,7558.0,-3.75,8.0,2,-5.5,4.0,-4.5,True,b_at_entry,,,,,,,,,,,,,
riz_eb86938cd4a5b8046c52f149e446b5ed,127,20190613,656,north,minute_ignition,False,False,2.046527777777778,7540.0,7556.5,7562.5,-16.5,22.75,60,-18.0,6.0,-17.25,True,b_at_entry,,,,,,,,,,,,,
riz_dc06d912b0ffec2c3573b4e454a52eca,131,20190620,950,north,native_confirmation,True,False,0.4548611111111111,7769.0,7768.5,7770.75,0.5,2.0,0,0.0,2.25,0.5,False,same_minute,0.8,,,,-2.0,0.5,,-2.0,0.5,,-0.5,2.0,1.0
riz_2bc17ed09990ee76f67c8ede460ed429,147,20190621,669,north,minute_ignition,True,False,1.0979166666666667,7801.5,7791.0,7803.5,10.5,2.25,6,8.5,12.5,10.5,True,b_first,0.17647058823529413,1.0,0.8235294117647058,10.5,10.5,10.5,10.5,10.5,10.5,-10.5,-10.5,-10.5,5.0
riz_80b7ea5f576c27f6ec209336f969bf1f,143,20190621,784,north,minute_ignition,False,False,1.1166666666666667,7763.75,7796.5,7803.5,-32.75,40.0,118,-34.75,7.0,-33.0,True,b_at_entry,,,,,,,,,,,,,
riz_7d83a6aeccd3edf626d284ac80e304f9,140,20190625,760,south,native_confirmation,True,False,6.0,7664.5,7664.75,7663.5,0.25,1.25,0,-0.0,1.25,0.25,False,same_minute,0.8333333333333334,,,,-1.25,0.25,,-1.25,0.25,,-0.25,1.25,1.0
riz_4ffe0f507bd2bec480b4bddf6df3ba8e,129,20190625,801,south,minute_ignition,True,False,5.986111111111111,7654.0,7654.75,7637.0,0.75,17.25,20,-0.25,17.75,1.0,True,b_first,0.9583333333333334,1.0,0.04166666666666663,0.75,0.75,0.75,0.75,0.75,0.75,-0.75,-0.75,-0.75,1.0
riz_a14dc99f2f35212aa51bec1f5036894f,132,20190625,828,south,minute_ignition,False,False,5.955555555555556,7674.5,7663.5,7637.0,-11.0,37.75,64,-11.75,26.5,-11.0,True,b_at_entry,,,,,,,,,,,,,
riz_6835074ec12bcbcfc3c59a6f790706b6,133,20190625,837,south,minute_ignition,False,False,5.95,7662.25,7660.5,7637.0,-1.75,25.5,72,-2.5,23.5,-2.0,True,b_at_entry,,,,,,,,,,,,,
riz_aad655ffaa386522c9f0e65f395eb6ee,136,20190703,592,south,minute_ignition,False,False,0.4597222222222222,7841.75,7838.75,7835.0,-3.0,7.0,18,-4.25,3.75,-2.75,True,b_at_entry,,,,,,,,,,,,,
riz_661ec7cbddbf7dbcc44dbc8ad0f7eda1,123,20190705,624,south,minute_ignition,True,False,3.8979166666666667,7808.75,7809.75,7805.5,1.0,3.5,24,-0.0,4.25,1.0,True,b_first,0.7777777777777778,1.0,0.2222222222222222,1.0,1.0,1.0,1.0,1.0,1.0,-1.0,-1.0,-1.0,1.0
riz_10c521a0cfc6ebc774deda12f1973018,120,20190705,840,north,minute_ignition,False,False,2.0208333333333335,7860.75,7864.75,7866.25,-4.0,5.75,15,-4.75,1.5,-3.75,True,b_at_entry,,,,,,,,,,,,,
riz_f334c8539009d2d7dea22f4fd4907da7,164,20190709,952,north,native_confirmation,True,False,3.952777777777778,7852.75,7850.5,7852.75,2.25,0.25,0,0.0,2.25,2.25,False,a_first,0.1,0.0,-0.1,-0.25,-0.25,-0.25,-0.25,-0.25,-0.25,0.25,0.25,0.25,1.0
riz_a1c84973463fe39bde153e519af0ffd7,188,20190709,956,north,minute_ignition,False,False,3.9541666666666666,7853.75,7854.25,7858.75,-0.5,5.25,2,-3.5,4.5,-0.5,True,b_at_entry,,,,,,,,,,,,,
riz_091cd05b2fb1c54546bd477eb09ca7a3,139,20190718,752,south,minute_ignition,False,False,0.43472222222222223,7866.25,7859.5,7845.25,-6.75,21.25,69,-7.5,14.25,-6.75,True,b_at_entry,,,,,,,,,,,,,
riz_57fb28467dbc55b6a5daeb6f30f176f9,127,20190723,910,north,minute_ignition,True,False,0.2048611111111111,7956.0,7949.0,7961.75,7.0,6.0,86,2.5,12.75,7.0,True,a_first,0.46153846153846156,0.0,-0.46153846153846156,-6.0,-6.0,-6.0,-6.0,-6.0,-6.0,6.0,6.0,6.0,18.0
riz_9e7b66bf4cd5a7712fd037edee9c5ff5,136,20190725,592,south,minute_ignition,False,False,1.1868055555555554,7957.0,7956.0,7949.5,-1.0,7.75,3,-2.25,6.5,-1.0,True,b_at_entry,,,,,,,,,,,,,
riz_da25345475ac76716707ba2ebb28ed50,159,20190725,594,south,minute_ignition,True,False,1.1097222222222223,7947.75,7951.0,7946.75,3.25,1.25,1,2.0,4.25,3.0,True,same_minute,0.2777777777777778,,,,-1.25,3.25,,-1.25,3.25,,-3.25,1.25,1.0
riz_127b9c629ae60b35f0c289672a27e3c4,191,20190725,595,south,minute_ignition,False,False,1.1319444444444444,7950.5,7948.75,7945.25,-1.75,5.5,1,-2.25,3.5,-1.5,True,b_at_entry,,,,,,,,,,,,,
riz_40dfd9a65eba5e66e6b2557fb67ae9d4,122,20190725,616,south,minute_ignition,True,False,1.2347222222222223,7956.25,7960.25,7945.25,4.0,11.25,28,-0.25,15.0,3.75,True,b_first,0.7377049180327869,1.0,0.2622950819672131,4.0,4.0,4.0,4.0,4.0,4.0,-4.0,-4.0,-4.0,2.0
riz_368ad6fddb20d07df89bbf689f98e8d5,134,20190729,712,south,minute_ignition,False,False,3.8375,7986.75,7958.0,7951.75,-28.75,35.25,100,-34.25,6.25,-28.75,True,b_at_entry,,,,,,,,,,,,,
riz_82da8d91cf3ac985708082ab9c410540,157,20190729,739,south,minute_ignition,False,False,3.801388888888889,7976.25,7961.5,7951.75,-14.75,24.75,129,-15.0,9.75,-14.75,True,b_at_entry,,,,,,,,,,,,,
riz_3d83d329c403567e65f0cefbf91a5751,136,20190730,864,north,minute_ignition,True,False,0.8923611111111112,7993.0,7992.5,7997.75,0.5,5.0,19,-0.75,5.25,0.5,True,b_first,0.9090909090909091,1.0,0.09090909090909094,0.5,0.5,0.5,0.5,0.5,0.5,-0.5,-0.5,-0.5,1.0
riz_6b05972d0f9592408e4a1289b01a269f,125,20190730,890,north,minute_ignition,False,False,0.8888888888888888,7980.25,7995.5,7997.75,-15.25,17.75,35,-16.5,2.25,-15.5,True,b_at_entry,,,,,,,,,,,,,
riz_56c39090a618a3e14e32975eb11c08ee,180,20190731,900,south,minute_ignition,False,False,22.620833333333334,7865.25,7796.25,7782.25,-69.0,83.25,6,-72.0,14.0,-69.0,True,b_at_entry,,,,,,,,,,,,,
riz_26e989c296386220761fa18029bb1d27,214,20190731,924,south,minute_ignition,False,False,9.720138888888888,7902.5,7854.25,7782.25,-48.25,120.5,33,-58.75,72.0,-48.0,True,b_at_entry,,,,,,,,,,,,,
riz_a8cbfac526521f212bff74976eb9fd5b,189,20190801,585,north,minute_ignition,True,False,9.729861111111111,7920.25,7904.5,7927.5,15.75,7.5,11,13.25,23.0,15.75,False,a_first,0.3225806451612903,0.0,-0.3225806451612903,-7.5,-7.5,-7.5,-7.5,-7.5,-7.5,7.5,7.5,7.5,4.0
riz_224318a735793515eceb4e3e646078e7,147,20190801,669,north,minute_ignition,False,False,2.50625,7992.5,8007.5,8011.0,-15.0,18.75,6,-16.75,3.5,-14.75,True,b_at_entry,,,,,,,,,,,,,
riz_d7de410f2ee74a43733998ce63c7c34a,210,20190801,690,north,native_confirmation,True,False,2.4375,8013.25,8010.75,8014.25,2.5,1.25,0,0.0,3.5,2.5,False,same_minute,0.3333333333333333,,,,-1.25,2.5,,-1.25,2.5,,-2.5,1.25,1.0
riz_9d0fe8fc0bf3b539c20b7422bfec5774,126,20190801,900,south,minute_ignition,True,False,0.8576388888888888,7820.25,7919.5,7776.75,99.25,43.75,85,79.75,142.75,99.25,False,censored_window,0.30594405594405594,,,-6.75,-6.75,-6.75,-6.75,-6.75,-6.75,6.75,6.75,6.75,60.0
riz_37ce1e9e3f5b1115c96d30bf12ae880a,145,20190801,945,south,minute_ignition,True,False,0.8604166666666667,7833.25,7898.25,7776.75,65.0,56.75,126,61.5,121.5,65.25,False,censored_window,0.46611909650924027,,,-19.75,-19.75,-19.75,-19.75,-19.75,-19.75,19.75,19.75,19.75,15.0
riz_cfd15028511e9b13b891c46fffcaf98c,157,20190805,582,south,minute_ignition,True,False,49.105555555555554,7510.5,7520.75,7507.5,10.25,3.25,5,3.5,13.25,10.25,True,a_first,0.24074074074074073,0.0,-0.24074074074074073,-3.25,-3.25,-3.25,-3.25,-3.25,-3.25,3.25,3.25,3.25,1.0
riz_cca50ffa196a742a06a1fc7cc1f2e917,135,20190805,585,south,minute_ignition,True,False,49.17777777777778,7494.0,7531.0,7491.75,37.0,2.5,14,32.0,39.25,37.0,True,a_first,0.06329113924050633,0.0,-0.06329113924050633,-2.5,-2.5,-2.5,-2.5,-2.5,-2.5,2.5,2.5,2.5,1.0
riz_a130eb691a6ba565d75bad9b03061d0e,159,20190805,594,south,minute_ignition,True,False,49.09791666666667,7494.5,7523.0,7481.5,28.5,13.25,18,26.5,41.5,28.5,True,a_first,0.31736526946107785,0.0,-0.31736526946107785,-13.25,-13.25,-13.25,-13.25,-13.25,-13.25,13.25,13.25,13.25,42.0
riz_c051e4e81ae9ec813169e6af57d6a49e,219,20190805,735,south,minute_ignition,True,False,49.03888888888889,7462.5,7523.75,7451.75,61.25,11.0,163,60.5,72.0,61.25,True,a_first,0.1522491349480969,0.0,-0.1522491349480969,-11.0,-11.0,-11.0,-11.0,-11.0,-11.0,11.0,11.0,11.0,21.0
riz_acf3a58a10845ff1dcb3ccb0532efc36,154,20190805,872,south,native_confirmation,True,False,74.53472222222223,7388.75,7390.75,7388.25,2.0,0.75,0,-0.0,2.5,1.75,False,a_first,0.2727272727272727,0.0,-0.2727272727272727,-0.75,-0.75,-0.75,-0.75,-0.75,-0.75,0.75,0.75,0.75,1.0
riz_4aa0a595654dbff55216a91a89b23b8a,137,20190805,873,south,minute_ignition,True,False,74.56736111111111,7386.75,7397.25,7386.0,10.5,1.0,5,7.75,11.25,10.25,True,a_first,0.08695652173913043,0.0,-0.08695652173913043,-1.0,-1.0,-1.0,-1.0,-1.0,-1.0,1.0,1.0,1.0,1.0
riz_981828ea07f9ebad121e4f8661709706,156,20190805,888,south,minute_ignition,False,False,74.53958333333334,7404.25,7385.5,7381.75,-18.75,22.75,3,-21.25,3.75,-18.5,True,b_at_entry,,,,,,,,,,,,,
riz_e03238330f63d018ef142efd86e5bb60,179,20190805,893,south,minute_ignition,False,False,74.48333333333333,7394.25,7388.0,7381.75,-6.25,12.75,20,-7.25,6.25,-6.25,True,b_at_entry,,,,,,,,,,,,,
riz_4f9f89c22228d2d71ec65c0d4a3c4b6c,212,20190809,700,south,minute_ignition,True,False,4.2875,7607.25,7614.75,7604.75,7.5,2.75,10,-2.0,10.0,7.75,True,a_first,0.2682926829268293,0.0,-0.2682926829268293,-2.75,-2.75,-2.75,-2.75,-2.75,-2.75,2.75,2.75,2.75,1.0
riz_b3589cc64edae0c34097e7ecb680594c,230,20190809,790,south,minute_ignition,False,False,4.370138888888889,7651.0,7635.75,7596.75,-15.25,54.5,157,-19.5,39.0,-15.0,True,b_at_entry,,,,,,,,,,,,,
riz_faf19910897af7d8a093f515793533ff,235,20190809,815,south,minute_ignition,False,False,4.364583333333333,7685.75,7628.25,7596.75,-57.5,89.25,180,-57.75,31.5,-57.5,True,b_at_entry,,,,,,,,,,,,,
riz_c86fa5a9114d601214a700d7893dd84e,229,20190813,785,north,minute_ignition,True,False,1.3395833333333333,7736.0,7673.0,7789.5,63.0,53.75,198,42.25,116.5,62.5,False,censored_horizon,0.4603854389721627,,,-7.75,-7.75,-7.75,-7.75,-7.75,-7.75,7.75,7.75,7.75,120.0
riz_7ab4a04132b1a872aa6cb8e34ade0a1e,170,20190814,660,south,minute_ignition,True,False,1.2354166666666666,7562.75,7566.75,7562.5,4.0,0.5,1,2.25,4.25,3.75,True,a_first,0.1111111111111111,0.0,-0.1111111111111111,-0.5,-0.5,-0.5,-0.5,-0.5,-0.5,0.5,0.5,0.5,1.0
riz_edff0fce548bbca8e1ffcd20396fc7f3,217,20190814,725,south,minute_ignition,True,False,1.1055555555555556,7510.5,7565.0,7507.0,54.5,3.75,65,52.5,58.0,54.5,True,a_first,0.06437768240343347,0.0,-0.06437768240343347,-3.75,-3.75,-3.75,-3.75,-3.75,-3.75,3.75,3.75,3.75,5.0
riz_1e589c69bb16f9e7f22a78c52cee2fb1,219,20190814,735,south,minute_ignition,True,False,1.1006944444444444,7522.75,7561.0,7503.5,38.25,19.5,74,34.75,57.5,38.5,True,a_first,0.33766233766233766,0.0,-0.33766233766233766,-19.5,-19.5,-19.5,-19.5,-19.5,-19.5,19.5,19.5,19.5,36.0
riz_7143049116b149508f19cd1f1ff1056b,221,20190814,745,south,minute_ignition,True,False,1.1027777777777779,7516.25,7552.25,7503.5,36.0,13.0,73,33.75,48.75,36.25,True,a_first,0.2653061224489796,0.0,-0.2653061224489796,-13.0,-13.0,-13.0,-13.0,-13.0,-13.0,13.0,13.0,13.0,26.0
riz_cd882cce2087aef52b57213a1a5a8d2b,125,20190814,765,south,minute_ignition,True,False,1.261111111111111,7517.25,7573.0,7503.5,55.75,14.0,124,54.0,69.5,55.75,True,a_first,0.2007168458781362,0.0,-0.2007168458781362,-14.0,-14.0,-14.0,-14.0,-14.0,-14.0,14.0,14.0,14.0,6.0
riz_adc5500aeeb086c6e79033000e26f94b,202,20190822,650,south,minute_ignition,True,False,1.55,7675.5,7686.25,7655.5,10.75,20.25,16,-2.5,30.75,10.25,False,a_first,0.6532258064516129,0.0,-0.6532258064516129,-20.25,-20.25,-20.25,-20.25,-20.25,-20.25,20.25,20.25,20.25,10.0
riz_094b5eb4ad63e305951230befb2e0508,221,20190822,745,south,minute_ignition,False,False,1.7333333333333334,7700.75,7667.5,7654.0,-33.25,47.0,109,-33.25,13.5,-33.0,True,b_at_entry,,,,,,,,,,,,,
riz_ec0d8324d8c6d858a621f5ed201f1670,226,20190822,770,south,minute_ignition,False,False,1.7416666666666667,7707.75,7665.75,7654.0,-42.0,54.0,122,-42.5,11.75,-41.75,True,b_at_entry,,,,,,,,,,,,,
riz_fc08cde2e2c8cd8c4fbab2f40735c6e0,227,20190822,775,south,minute_ignition,False,False,1.75,7709.5,7660.5,7654.0,-49.0,55.75,115,-49.5,6.5,-49.0,True,b_at_entry,,,,,,,,,,,,,
riz_a9c69434e2fbfa8cd1948517625273c0,123,20190823,747,north,minute_ignition,False,False,0.5222222222222223,7527.25,7713.0,7731.75,-185.75,204.75,109,-195.5,18.75,-185.5,True,b_at_entry,,,,,,,,,,,,,
riz_ae8574b86bcbd86924b348fd35de6810,212,20190826,700,south,minute_ignition,False,False,2.7215277777777778,7557.5,7514.5,7510.5,-43.0,47.25,81,-44.0,4.0,-43.0,True,b_at_entry,,,,,,,,,,,,,
riz_edf6c0154eacb232f49083f3a0ec9136,206,20190827,670,north,minute_ignition,False,False,8.373611111111112,7600.5,7646.75,7648.5,-46.25,48.25,81,-46.5,1.75,-46.25,True,b_at_entry,,,,,,,,,,,,,
riz_ae5851093ad9300c9a5ae9a03349a329,221,20190919,745,north,minute_ignition,False,False,6.34375,7942.5,7946.5,7973.75,-4.0,31.5,168,-11.75,27.25,-4.0,True,b_at_entry,,,,,,,,,,,,,
riz_ae9bfe9459cf6f1cca5486d4397883f6,151,20190919,848,south,minute_ignition,False,False,0.6034722222222222,7933.25,7919.75,7908.0,-13.5,25.5,37,-22.75,11.75,-13.75,True,b_at_entry,,,,,,,,,,,,,
riz_71c5082468e6a9e8a3bb59882b703df9,143,20190923,927,north,minute_ignition,False,False,0.6826388888888889,7859.5,7861.5,7865.75,-2.0,6.5,18,-2.5,4.25,-2.25,True,b_at_entry,,,,,,,,,,,,,
riz_98f50aa5b933c1be94a23b1f96c1d172,121,20190926,608,south,minute_ignition,False,False,1.7395833333333333,7775.75,7771.75,7766.5,-4.0,9.5,12,-7.25,5.25,-4.0,True,b_at_entry,,,,,,,,,,,,,
riz_a2fb8306f87f3e1af44110e59f1ac5d5,136,20190927,592,south,native_confirmation,True,False,0.4722222222222222,7772.25,7775.25,7772.0,3.0,0.5,0,-0.0,3.25,2.75,False,a_first,0.14285714285714285,0.0,-0.14285714285714285,-0.5,-0.5,-0.5,-0.5,-0.5,-0.5,0.5,0.5,0.5,1.0
riz_292dc9a09f6048767c70fc8106e52350,137,20190927,599,south,minute_ignition,True,False,0.4701388888888889,7759.25,7780.0,7754.0,20.75,5.5,8,18.25,26.0,20.75,False,a_first,0.20952380952380953,0.0,-0.20952380952380953,-5.5,-5.5,-5.5,-5.5,-5.5,-5.5,5.5,5.5,5.5,4.0
riz_7f8672246d6be0bc24191aebea879507,137,20190927,599,south,minute_ignition,True,False,0.37777777777777777,7759.25,7771.75,7754.0,12.5,5.5,4,5.5,17.75,12.5,False,a_first,0.3055555555555556,0.0,-0.3055555555555556,-5.5,-5.5,-5.5,-5.5,-5.5,-5.5,5.5,5.5,5.5,4.0
riz_72f651f8011777ee7eca79b45026cb91,177,20190927,702,south,minute_ignition,False,False,2.120833333333333,7735.25,7729.75,7708.25,-5.5,27.25,3,-10.75,21.5,-5.25,True,b_at_entry,,,,,,,,,,,,,
riz_ef9335064e92121dce5e49e3e4a0b318,227,20190927,775,south,minute_ignition,True,False,0.34305555555555556,7713.25,7781.5,7708.25,68.25,5.25,187,67.25,73.25,68.25,True,a_first,0.07142857142857142,0.0,-0.07142857142857142,-5.25,-5.25,-5.25,-5.25,-5.25,-5.25,5.25,5.25,5.25,2.0
riz_4d8e60f1b7df67d9072a63374258bd17,229,20190927,785,south,minute_ignition,True,False,0.33958333333333335,7698.5,7782.75,7684.25,84.25,14.5,198,82.75,98.5,84.0,True,a_first,0.1468354430379747,0.0,-0.1468354430379747,-14.5,-14.5,-14.5,-14.5,-14.5,-14.5,14.5,14.5,14.5,28.0
riz_e93b7143238c3e39016972ca7dddbb94,170,20190927,830,south,minute_ignition,True,False,2.1930555555555555,7689.75,7719.5,7682.25,29.75,7.75,62,29.0,37.25,29.5,True,a_first,0.20666666666666667,0.0,-0.20666666666666667,-7.75,-7.75,-7.75,-7.75,-7.75,-7.75,7.75,7.75,7.75,1.0
riz_7a18bf71bf8cd0a4c4c02a745788c162,207,20190927,882,south,minute_ignition,True,False,2.209722222222222,7672.0,7713.75,7667.25,41.75,5.0,112,41.25,46.5,41.75,True,a_first,0.10695187165775401,0.0,-0.10695187165775401,-5.0,-5.0,-5.0,-5.0,-5.0,-5.0,5.0,5.0,5.0,2.0
riz_bf8cccd79e0737570465d977c34420d1,165,20191001,630,north,minute_ignition,False,False,0.30277777777777776,7783.0,7805.5,7841.5,-22.5,58.75,59,-25.0,36.0,-22.75,True,b_at_entry,,,,,,,,,,,,,
riz_ba4b457945fa9fdc1ade3866277b41c6,171,20191001,666,north,minute_ignition,False,False,0.2916666666666667,7738.25,7810.5,7841.5,-72.25,103.5,93,-74.75,31.0,-71.75,True,b_at_entry,,,,,,,,,,,,,
riz_3b17f2454dff223823d0ac9c08a72fb5,175,20191001,690,north,minute_ignition,False,False,0.28402777777777777,7758.0,7813.5,7841.5,-55.5,83.75,116,-57.5,28.0,-55.5,True,b_at_entry,,,,,,,,,,,,,
riz_de76bf0c877583e655605ddd3cf1d6be,202,20191002,650,south,minute_ignition,True,False,34.419444444444444,7562.5,7569.75,7559.0,7.25,3.75,2,6.75,10.75,7.75,True,b_first,0.3409090909090909,1.0,0.6590909090909092,7.25,7.25,7.25,7.25,7.25,7.25,-7.25,-7.25,-7.25,2.0
riz_89712dca694b691c703d8c16cb495de1,205,20191002,665,south,minute_ignition,False,False,34.41458333333333,7581.25,7572.5,7558.25,-8.75,23.25,18,-9.5,14.25,-8.5,True,b_at_entry,,,,,,,,,,,,,
riz_1ad4dbcd6ca24501ce44a62a7a4214be,196,20191002,816,south,minute_ignition,True,False,34.428472222222226,7546.5,7567.25,7525.5,20.75,21.25,167,18.0,41.75,21.0,True,b_first,0.5059523809523809,1.0,0.49404761904761907,20.75,20.75,20.75,20.75,20.75,20.75,-20.75,-20.75,-20.75,49.0
riz_b86c64e9117b1b02e75613a62a089dc6,184,20191003,928,north,minute_ignition,False,False,29.52777777777778,7628.25,7629.5,7654.5,-1.25,26.5,160,-3.0,25.0,-1.25,True,b_at_entry,,,,,,,,,,,,,
riz_5bc570846fe8c88601733e2806e924d1,120,20191007,720,north,minute_ignition,True,False,6.626388888888889,7787.0,7778.0,7787.75,9.0,1.0,58,8.0,9.75,9.0,True,b_first,0.1,1.0,0.9,9.0,9.0,9.0,9.0,9.0,9.0,-9.0,-9.0,-9.0,9.0
riz_838e717491bfa003932f038f5df18c2a,137,20191010,599,north,minute_ignition,True,False,2.473611111111111,7758.5,7747.0,7762.0,11.5,3.75,3,8.75,15.0,11.25,False,b_first,0.2459016393442623,1.0,0.7540983606557377,11.5,11.5,11.5,11.5,11.5,11.5,-11.5,-11.5,-11.5,9.0
riz_607e3d0c43309a819eb0f8d11183b12d,192,20191010,600,north,minute_ignition,True,False,2.3993055555555554,7756.75,7754.5,7762.0,2.25,5.5,1,-1.75,7.5,2.0,False,b_first,0.7096774193548387,1.0,0.29032258064516125,2.25,2.25,2.25,2.25,2.25,2.25,-2.25,-2.25,-2.25,1.0
riz_b7afea3c43ed7aada83c923f38fa4b6d,165,20191010,630,north,minute_ignition,False,False,2.4520833333333334,7753.5,7758.25,7763.5,-4.75,10.25,9,-5.75,5.25,-5.0,True,b_at_entry,,,,,,,,,,,,,
riz_199d0b9eefff4ddde277fffac3fb3d52,170,20191010,660,north,minute_ignition,True,False,2.3513888888888888,7774.75,7765.5,7775.0,9.25,0.5,4,8.0,9.5,9.0,True,a_first,0.05128205128205128,0.0,-0.05128205128205128,-0.5,-0.5,-0.5,-0.5,-0.5,-0.5,0.5,0.5,0.5,1.0
riz_e2ca1b03e11997efbf901f29115fe7d2,171,20191010,666,north,minute_ignition,True,False,2.467361111111111,7777.0,7762.0,7780.0,15.0,3.25,11,12.75,18.0,15.0,False,a_first,0.1780821917808219,0.0,-0.1780821917808219,-3.25,-3.25,-3.25,-3.25,-3.25,-3.25,3.25,3.25,3.25,3.0
riz_ca8c9fedddb40e8f4a71ae39d487648d,174,20191010,684,north,minute_ignition,True,False,2.3520833333333333,7782.0,7777.25,7786.25,4.75,4.5,15,3.25,9.0,5.0,True,b_first,0.4864864864864865,1.0,0.5135135135135135,4.75,4.75,4.75,4.75,4.75,4.75,-4.75,-4.75,-4.75,4.0
riz_0085ca911a93df69d8f50e9c2f3c7089,175,20191010,690,north,minute_ignition,True,False,2.347916666666667,7779.0,7775.75,7786.25,3.25,7.5,24,2.0,10.5,3.25,True,b_first,0.6976744186046512,1.0,0.3023255813953488,3.25,3.25,3.25,3.25,3.25,3.25,-3.25,-3.25,-3.25,7.0
riz_0b5c29b798b4aed0dfa8b2bfdf0e4d56,224,20191010,760,north,minute_ignition,False,False,2.3930555555555557,7739.5,7759.75,7786.25,-20.25,47.0,106,-20.75,26.5,-20.0,True,b_at_entry,,,,,,,,,,,,,
riz_dbcfbe3675b5392b91dc81f0dd10f8a6,227,20191014,775,north,minute_ignition,False,False,0.35694444444444445,7852.75,7864.0,7878.75,-11.25,26.25,167,-11.25,14.75,-11.0,True,b_at_entry,,,,,,,,,,,,,
riz_7c85dffedb40e480506f167ba46f4862,127,20191018,783,south,minute_ignition,True,False,3.1277777777777778,7869.75,7880.75,7835.75,11.0,34.25,70,10.5,45.0,11.25,True,b_first,0.7569060773480663,1.0,0.24309392265193375,11.0,11.0,11.0,11.0,11.0,11.0,-11.0,-11.0,-11.0,7.0
riz_f2573ea58aa8be57d1ba2fade42dae20,129,20191018,801,south,minute_ignition,False,False,3.11875,7885.5,7879.5,7835.75,-6.0,50.0,87,-9.25,43.75,-5.75,True,b_at_entry,,,,,,,,,,,,,
riz_f7c1dda59f3c85d7ade194aedf36eec6,130,20191018,810,south,minute_ignition,True,False,3.1118055555555557,7881.25,7886.75,7835.75,5.5,45.75,99,3.5,51.0,5.5,True,b_first,0.8926829268292683,1.0,0.10731707317073169,5.5,5.5,5.5,5.5,5.5,5.5,-5.5,-5.5,-5.5,15.0
riz_531d030c58b9379c3c1a4789036d86d9,142,20191021,776,north,minute_ignition,False,False,3.19375,7939.0,7942.0,7943.0,-3.0,4.25,5,-4.25,1.0,-3.5,True,b_at_entry,,,,,,,,,,,,,
riz_dc0bbced2f20976c619569568ca96413,153,20191021,864,north,minute_ignition,False,False,3.203472222222222,7937.0,7944.25,7945.25,-7.25,8.5,13,-7.75,1.0,-7.5,True,b_at_entry,,,,,,,,,,,,,
riz_63327c485cf0441525c73f2ed47fac27,131,20191031,688,south,minute_ignition,False,False,0.8694444444444445,8078.0,8058.75,8046.0,-19.25,32.25,57,-21.75,12.75,-19.0,True,b_at_entry,,,,,,,,,,,,,
riz_2151bfa71d0f2e8d9e30ad8006e5c816,240,20191031,840,south,minute_ignition,True,False,1.7166666666666666,8068.5,8076.25,8046.0,7.75,22.75,228,7.25,30.25,7.5,True,b_first,0.7459016393442623,1.0,0.25409836065573765,7.75,7.75,7.75,7.75,7.75,7.75,-7.75,-7.75,-7.75,74.0
riz_bb53e732c3a14055ff94a5866e609960,126,20191111,648,north,minute_ignition,False,False,0.6111111111111112,8240.0,8241.75,8242.75,-1.75,3.0,2,-2.25,1.0,-2.0,True,b_at_entry,,,,,,,,,,,,,
riz_b277efc6130b25e57629da3fa126a687,183,20191111,921,north,minute_ignition,True,False,2.8354166666666667,8246.5,8245.5,8252.0,1.0,5.75,138,0.75,6.5,1.0,True,b_first,0.8518518518518519,1.0,0.14814814814814814,1.0,1.0,1.0,1.0,1.0,1.0,-1.0,-1.0,-1.0,2.0
riz_63f0ea150b4a06af653615f29499d0fb,137,20191113,873,south,minute_ignition,False,False,0.2722222222222222,8252.25,8241.25,8239.5,-11.0,13.0,19,-12.75,1.75,-11.25,True,b_at_entry,,,,,,,,,,,,,
riz_938a22abc5044d904d5136720f8b444e,148,20191118,824,north,minute_ignition,True,False,0.3076388888888889,8332.0,8332.0,8335.25,0.0,3.5,1,-1.0,3.25,0.25,True,b_at_entry,,,,,,,,,,,,,
riz_742551771acb68cf880b771a6c567e88,135,20191125,585,north,minute_ignition,True,False,4.896527777777778,8343.0,8320.0,8347.5,23.0,4.75,14,18.0,27.5,23.0,False,a_first,0.17117117117117117,0.0,-0.17117117117117117,-4.75,-4.75,-4.75,-4.75,-4.75,-4.75,4.75,4.75,4.75,6.0
riz_d0063e97f9b3ecc24ebe9c94feeb877e,142,20191125,634,north,minute_ignition,True,False,6.097916666666666,8365.5,8364.75,8366.75,0.75,1.5,1,-0.25,2.0,0.75,False,same_minute,0.6666666666666666,,,,-1.5,0.75,,-1.5,0.75,,-0.75,1.5,1.0
riz_9634eec9024be9717dc6ca64726f4175,120,20191129,600,south,minute_ignition,False,False,0.3215277777777778,8437.75,8423.75,8421.5,-14.0,16.5,17,-14.5,2.25,-14.25,True,b_at_entry,,,,,,,,,,,,,
riz_636aaeab3639151625ce0d596d30d872,161,20191205,928,north,minute_ignition,False,False,0.3013888888888889,8309.25,8310.75,8313.25,-1.5,4.25,49,-2.0,2.5,-1.5,True,b_at_entry,,,,,,,,,,,,,
riz_51e66fcafd682f86c5a1dd265c55251d,213,20191206,705,north,minute_ignition,True,False,9.769444444444444,8394.0,8384.0,8396.5,10.0,2.75,119,4.5,12.5,10.0,True,a_first,0.21568627450980393,0.0,-0.21568627450980393,-2.75,-2.75,-2.75,-2.75,-2.75,-2.75,2.75,2.75,2.75,40.0
riz_5c19b77696dc60d5f568819669e18a18,224,20191209,760,north,minute_ignition,False,False,2.691666666666667,8391.0,8401.0,8427.25,-10.0,36.5,184,-11.25,26.25,-9.75,True,b_at_entry,,,,,,,,,,,,,
riz_bd2b9a1d69808fd890ee82c4eb856944,144,20191210,936,south,minute_ignition,True,False,0.39861111111111114,8346.25,8355.25,8342.5,9.0,4.0,2,3.75,12.75,8.75,False,b_first,0.3076923076923077,1.0,0.6923076923076923,9.0,9.0,9.0,9.0,9.0,9.0,-9.0,-9.0,-9.0,24.0
riz_6fe9de3196745a7e2f4c675962b78b72,145,20191210,945,south,minute_ignition,False,False,0.2951388888888889,8352.25,8344.75,8342.5,-7.5,10.0,10,-7.75,2.25,-7.5,True,b_at_entry,,,,,,,,,,,,,
riz_53d7a5ceb0346aa4f38da29fb2cd87a4,191,20191224,595,south,minute_ignition,True,False,0.3840277777777778,8711.0,8724.25,8707.0,13.25,4.25,20,12.0,17.25,13.25,True,b_first,0.24285714285714285,1.0,0.7571428571428571,13.25,13.25,13.25,13.25,13.25,13.25,-13.25,-13.25,-13.25,11.0
riz_d9c8cafd001b06fa99b369a10791e643,135,20191230,855,north,minute_ignition,False,False,4.0368055555555555,8738.25,8753.25,8756.0,-15.0,18.0,82,-16.0,2.75,-15.0,True,b_at_entry,,,,,,,,,,,,,
riz_f416064a32ebfa9468231d6dd40f02c5,136,20200102,592,north,minute_ignition,True,False,6.082638888888889,8835.75,8831.75,8852.5,4.0,17.0,17,0.5,20.75,3.75,False,b_first,0.8095238095238095,1.0,0.19047619047619047,4.0,4.0,4.0,4.0,4.0,4.0,-4.0,-4.0,-4.0,21.0
riz_f73a7b5ea59ecdd1fd8dc460f4d18c9e,144,20200102,648,north,minute_ignition,False,False,6.05,8817.25,8837.5,8852.5,-20.25,35.5,72,-24.75,15.0,-20.0,True,b_at_entry,,,,,,,,,,,,,
riz_c5f679f80154f0ddb047a6ae14800114,217,20200103,725,north,minute_ignition,True,False,0.7506944444444444,8847.0,8827.75,8847.0,19.25,0.25,142,14.75,19.25,19.0,True,a_first,0.01282051282051282,0.0,-0.01282051282051282,-0.25,-0.25,-0.25,-0.25,-0.25,-0.25,0.25,0.25,0.25,1.0
riz_80a84c2c3cd4a136256a9c0a18944e01,121,20200103,729,north,minute_ignition,True,False,0.8291666666666667,8847.0,8846.25,8853.0,0.75,6.25,4,0.25,6.75,0.75,True,b_first,0.8928571428571429,1.0,0.1071428571428571,0.75,0.75,0.75,0.75,0.75,0.75,-0.75,-0.75,-0.75,4.0
riz_82a2f14fad069ff7ba8f0fc35bc20c3b,220,20200103,740,north,minute_ignition,True,False,0.7388888888888889,8845.75,8833.25,8853.0,12.5,7.5,156,6.25,19.75,12.5,True,a_first,0.375,0.0,-0.375,-7.5,-7.5,-7.5,-7.5,-7.5,-7.5,7.5,7.5,7.5,21.0
riz_1722e35d1cb25e8e8c3283cb641a22a5,199,20200103,834,north,minute_ignition,False,False,0.6395833333333333,8835.75,8851.5,8861.75,-15.75,26.25,74,-16.75,10.25,-16.0,True,b_at_entry,,,,,,,,,,,,,
riz_3494bab12ee72fcc9eaba94ba4b0a5b3,153,20200103,864,north,minute_ignition,False,False,0.825,8827.0,8854.75,8861.75,-27.75,35.0,99,-27.75,7.0,-27.5,True,b_at_entry,,,,,,,,,,,,,
riz_61a9ec6bf92354fda96f3025f67cec20,177,20200103,879,north,minute_ignition,False,False,0.8256944444444444,8833.0,8856.0,8861.75,-23.0,29.0,110,-23.25,5.75,-23.0,True,b_at_entry,,,,,,,,,,,,,
riz_a6d7c77699bb7a10b60ed0f5eacff493,197,20200106,625,north,minute_ignition,True,False,3.127083333333333,8813.25,8802.75,8818.5,10.5,5.5,14,8.5,15.75,10.25,True,a_first,0.34375,0.0,-0.34375,-5.5,-5.5,-5.5,-5.5,-5.5,-5.5,5.5,5.5,5.5,18.0
riz_7c564ec98d58b58ace31ae76e29a2998,223,20200120,755,north,minute_ignition,False,False,0.4465277777777778,9175.25,9176.0,9177.0,-0.75,2.0,26,-0.75,1.0,-0.5,True,b_at_entry,,,,,,,,,,,,,
riz_e90ddd164bcd7f3aab5df74f0f66be30,137,20200121,599,north,minute_ignition,True,False,0.8736111111111111,9174.75,9173.0,9176.5,1.75,2.0,1,0.5,3.5,1.75,True,b_first,0.5333333333333333,1.0,0.4666666666666667,1.75,1.75,1.75,1.75,1.75,1.75,-1.75,-1.75,-1.75,1.0
riz_c2e4d118405ea3d77ccb287479bb5f2e,142,20200121,634,north,minute_ignition,False,False,0.8743055555555556,9173.25,9174.25,9182.75,-1.0,9.75,35,-1.5,8.5,-1.0,True,b_at_entry,,,,,,,,,,,,,
riz_a0fec2a5df061adf406d00eddd02398b,143,20200121,641,north,minute_ignition,True,False,3.688888888888889,9176.25,9159.25,9182.75,17.0,6.75,69,13.25,23.5,16.75,True,a_first,0.28421052631578947,0.0,-0.28421052631578947,-6.75,-6.75,-6.75,-6.75,-6.75,-6.75,6.75,6.75,6.75,33.0
riz_0525a1b5ea2b2c66a48d0caf8179883b,127,20200121,910,south,minute_ignition,False,False,0.6409722222222223,9182.5,9163.25,9152.0,-19.25,30.75,93,-19.5,11.25,-19.25,True,b_at_entry,,,,,,,,,,,,,
riz_01cdaa9f9fcac1db834adac061797ff4,143,20200128,641,north,native_confirmation,True,False,12.496527777777779,9065.0,9063.75,9067.0,1.25,2.25,0,0.0,3.25,1.25,False,a_first,0.6428571428571429,0.0,-0.6428571428571429,-2.25,-2.25,-2.25,-2.25,-2.25,-2.25,2.25,2.25,2.25,1.0
riz_cbf91e01d0db8b0620fa1e53ad2aa756,170,20200128,660,north,minute_ignition,True,False,12.459722222222222,9072.75,9066.0,9078.5,6.75,6.0,18,3.5,12.5,6.75,False,b_first,0.47058823529411764,1.0,0.5294117647058824,6.75,6.75,6.75,6.75,6.75,6.75,-6.75,-6.75,-6.75,3.0
riz_4dbaff0a2587ed3f7c7201d4bb9b7645,192,20200128,792,north,minute_ignition,True,False,12.436805555555555,9085.25,9073.0,9107.0,12.25,22.0,139,8.25,34.0,12.25,True,a_first,0.6423357664233577,0.0,-0.6423357664233577,-22.0,-22.0,-22.0,-22.0,-22.0,-22.0,22.0,22.0,22.0,53.0
riz_16703b67092d4afe4055aa845310f7ab,168,20200130,648,north,minute_ignition,False,False,0.6944444444444444,9042.25,9107.75,9114.75,-65.5,72.75,68,-69.0,7.0,-65.25,True,b_at_entry,,,,,,,,,,,,,
riz_d9fa13d930d6353a2b14d76f0add735c,142,20200203,634,north,minute_ignition,True,False,3.698611111111111,9146.5,9101.75,9155.75,44.75,9.5,48,38.75,54.0,45.0,False,censored_horizon,0.17511520737327188,,,17.75,17.75,17.75,17.75,17.75,17.75,-17.75,-17.75,-17.75,120.0
riz_43432cc4d3b1f00eb770d22d32223438,143,20200203,641,north,minute_ignition,True,False,3.7020833333333334,9141.75,9108.75,9155.75,33.0,14.25,50,31.25,47.0,32.5,True,b_first,0.30158730158730157,1.0,0.6984126984126984,33.0,33.0,33.0,33.0,33.0,33.0,-33.0,-33.0,-33.0,63.0
riz_0c12e124b5ae509040246fa23104fb93,146,20200203,662,north,minute_ignition,True,False,3.7090277777777776,9138.0,9137.5,9155.75,0.5,18.0,61,0.5,18.25,0.75,True,b_first,0.972972972972973,1.0,0.027027027027026973,0.5,0.5,0.5,0.5,0.5,0.5,-0.5,-0.5,-0.5,1.0
riz_75630046332152b83e7258716e4dde2e,128,20200203,664,north,minute_ignition,True,False,3.7041666666666666,9134.5,9110.25,9155.75,24.25,21.5,70,22.0,45.5,24.0,False,b_first,0.46994535519125685,1.0,0.5300546448087431,24.25,24.25,24.25,24.25,24.25,24.25,-24.25,-24.25,-24.25,40.0
riz_e6d7e32e4728fc24d8a4361cfcb56e8c,130,20200203,680,north,minute_ignition,True,False,3.70625,9137.5,9117.75,9155.75,19.75,18.5,83,18.5,38.0,19.75,False,b_first,0.48366013071895425,1.0,0.5163398692810457,19.75,19.75,19.75,19.75,19.75,19.75,-19.75,-19.75,-19.75,22.0
riz_62c695b12b083c1d082fad04fd4e85db,217,20200203,725,north,minute_ignition,False,False,3.707638888888889,9126.0,9126.5,9155.75,-0.5,30.0,126,-1.0,29.25,-0.75,True,b_at_entry,,,,,,,,,,,,,
riz_7ba6c74794e1d73617484e18713712ef,162,20200204,612,north,minute_ignition,False,False,11.110416666666667,9267.75,9271.75,9278.75,-4.0,11.25,3,-4.5,7.0,-4.25,True,b_at_entry,,,,,,,,,,,,,
riz_c1dafec3d289c597fa2e46b32ea2fa47,169,20200204,654,north,minute_ignition,True,False,11.1,9285.0,9276.0,9295.75,9.0,11.0,25,8.5,19.75,8.75,True,a_first,0.55,0.0,-0.55,-11.0,-11.0,-11.0,-11.0,-11.0,-11.0,11.0,11.0,11.0,18.0
riz_c9bebd9f566498bebcbc10fdf33043fc,173,20200204,678,north,minute_ignition,True,False,11.086805555555555,9298.25,9277.25,9299.25,21.0,1.25,48,18.0,22.0,20.5,True,a_first,0.056179775280898875,0.0,-0.056179775280898875,-1.25,-1.25,-1.25,-1.25,-1.25,-1.25,1.25,1.25,1.25,1.0
riz_412bc46e2fb9c2ac508e5464463db909,124,20200205,632,south,minute_ignition,True,False,0.5138888888888888,9342.0,9352.0,9337.25,10.0,5.0,4,6.5,14.75,10.25,True,b_first,0.3333333333333333,1.0,0.6666666666666667,10.0,10.0,10.0,10.0,10.0,10.0,-10.0,-10.0,-10.0,2.0
riz_c2eae8baf3819e5a3984c25dd776e0cb,223,20200205,755,south,minute_ignition,False,False,0.37916666666666665,9364.0,9342.0,9317.75,-22.0,46.5,123,-22.5,24.25,-22.25,True,b_at_entry,,,,,,,,,,,,,
riz_79f0ec638172e7a2eb6e319c3adeecaf,224,20200205,760,south,minute_ignition,False,False,0.37569444444444444,9366.0,9347.75,9317.75,-18.25,48.5,131,-20.5,30.0,-18.25,True,b_at_entry,,,,,,,,,,,,,
riz_013d9c9456c911573b4cb3d99aa4aa34,229,20200205,785,south,minute_ignition,False,False,0.37430555555555556,9348.75,9338.0,9317.75,-10.75,31.25,148,-11.0,20.25,-10.75,True,b_at_entry,,,,,,,,,,,,,
riz_dcc5769f54d6434b14752f2aaf6eed9b,138,20200206,606,south,minute_ignition,False,False,0.7916666666666666,9415.25,9369.25,9362.5,-46.0,53.0,24,-48.25,6.75,-46.0,True,b_at_entry,,,,,,,,,,,,,
riz_d98b6e9392733f05b4ed7d4865e27369,151,20200213,697,north,minute_ignition,True,False,0.7722222222222223,9623.5,9620.5,9629.75,3.0,6.5,5,2.25,9.25,3.0,False,a_first,0.6842105263157895,0.0,-0.6842105263157895,-6.5,-6.5,-6.5,-6.5,-6.5,-6.5,6.5,6.5,6.5,5.0
riz_1d907155cd3192f151c5725a0c883137,217,20200213,725,north,minute_ignition,True,False,0.7513888888888889,9623.0,9611.5,9630.5,11.5,7.75,63,10.75,19.0,11.75,True,a_first,0.4025974025974026,0.0,-0.4025974025974026,-7.75,-7.75,-7.75,-7.75,-7.75,-7.75,7.75,7.75,7.75,6.0
riz_54365b1f5c86a3aaf016e5e83a599736,218,20200213,730,north,minute_ignition,True,False,0.7520833333333333,9629.5,9613.5,9630.5,16.0,1.25,67,14.5,17.0,16.25,True,a_first,0.07246376811594203,0.0,-0.07246376811594203,-1.25,-1.25,-1.25,-1.25,-1.25,-1.25,1.25,1.25,1.25,1.0
riz_6b2e0ba66bf19fd856b6ab878025a535,221,20200213,745,north,minute_ignition,True,False,0.7666666666666667,9628.0,9615.75,9631.5,12.25,3.75,61,9.5,15.75,12.25,True,b_first,0.234375,1.0,0.765625,12.25,12.25,12.25,12.25,12.25,12.25,-12.25,-12.25,-12.25,20.0
riz_7a18a96958ea2f36601f3c165b380b05,142,20200220,776,south,minute_ignition,False,False,2.2375,9572.5,9567.25,9517.0,-5.25,55.75,84,-9.5,50.25,-5.5,True,b_at_entry,,,,,,,,,,,,,
riz_445b731e8112a8a2a20d379c621312ee,143,20200227,784,north,minute_ignition,True,False,0.2763888888888889,8753.0,8749.0,8793.0,4.0,40.25,31,1.75,44.0,4.25,True,b_first,0.9096045197740112,1.0,0.09039548022598876,4.0,4.0,4.0,4.0,4.0,4.0,-4.0,-4.0,-4.0,2.0
riz_36ba80a8d2caf22b15131463431bda99,145,20200227,800,north,minute_ignition,False,False,0.2722222222222222,8738.25,8759.0,8793.0,-20.75,55.0,43,-35.0,34.0,-21.25,True,b_at_entry,,,,,,,,,,,,,
riz_b18366beb7ffa9615c40e36b0e0d34b7,148,20200227,824,north,minute_ignition,False,False,0.2625,8630.5,8773.5,8793.0,-143.0,162.75,66,-144.0,19.5,-143.0,True,b_at_entry,,,,,,,,,,,,,
riz_11bc0ae03f13c9accf8f226b759849cf,165,20200305,630,north,minute_ignition,False,False,0.7659722222222223,8783.25,8808.75,8818.0,-25.5,35.0,7,-29.0,9.25,-25.75,True,b_at_entry,,,,,,,,,,,,,
riz_a87aa2e20e30ba65594c90ebbc842ac7,203,20200305,655,north,minute_ignition,True,False,0.7458333333333333,8822.75,8815.75,8827.5,7.0,5.0,1,-1.5,11.75,7.0,False,b_first,0.4166666666666667,1.0,0.5833333333333333,7.0,7.0,7.0,7.0,7.0,7.0,-7.0,-7.0,-7.0,1.0
riz_0c74c2f1154304eb23e84e4db799500b,132,20200310,696,south,native_confirmation,True,False,0.775,7954.5,7961.5,7954.0,7.0,0.75,0,-0.0,7.5,6.75,False,same_minute,0.0967741935483871,,,,-0.75,7.0,,-0.75,7.0,,-7.0,0.75,1.0
riz_38da9b4026b92b0113153baf7bfd21cb,134,20200310,712,south,minute_ignition,False,False,0.7763888888888889,8011.25,7944.75,7931.25,-66.5,80.25,14,-68.0,13.5,-67.0,True,b_at_entry,,,,,,,,,,,,,
riz_127d1a0d8576d4a8f11287893a8f7cc2,191,20200312,786,north,native_confirmation,True,False,153.66319444444446,7794.0,7767.0,7803.0,27.0,9.25,0,0.0,36.0,36.0,False,b_first,0.25517241379310346,1.0,0.7448275862068965,27.0,27.0,27.0,27.0,27.0,27.0,-27.0,-27.0,-27.0,1.0
riz_4dac8616c99e774806b5217347a66c27,132,20200313,828,south,minute_ignition,False,False,0.7840277777777778,7560.75,7289.5,7279.0,-271.25,282.0,119,-273.0,10.5,-271.25,True,b_at_entry,,,,,,,,,,,,,
riz_97a0ff0a94de3ce11a0a24499da4322f,194,20200316,610,south,minute_ignition,False,False,3.3881944444444443,7261.5,7085.25,7044.75,-176.25,217.0,23,-201.25,40.5,-175.0,True,b_at_entry,,,,,,,,,,,,,
riz_5ff7efa3edf566b0d1c0adcd58579321,138,20200320,744,south,minute_ignition,True,False,0.6611111111111111,7176.5,7221.0,7163.75,44.5,13.0,14,23.5,57.25,46.5,True,a_first,0.22608695652173913,0.0,-0.22608695652173913,-13.0,-13.0,-13.0,-13.0,-13.0,-13.0,13.0,13.0,13.0,2.0
riz_e86705d3b43e62e72e07941df0fc2670,159,20200320,753,south,minute_ignition,True,False,0.6458333333333334,7197.5,7238.25,7132.0,40.75,65.75,24,31.75,106.25,41.25,True,b_first,0.6173708920187794,1.0,0.38262910798122063,40.75,40.75,40.75,40.75,40.75,40.75,-40.75,-40.75,-40.75,14.0
riz_8bbd1253c68a06d0d532d305934b1b47,196,20200320,816,south,minute_ignition,False,False,0.8069444444444445,7239.0,7187.0,7132.0,-52.0,107.25,74,-55.75,55.0,-53.25,True,b_at_entry,,,,,,,,,,,,,
riz_6e1f99ddeb5f01a4f6bfd0cd019832a1,177,20200324,702,north,minute_ignition,True,False,4.122222222222222,7450.75,7448.25,7465.25,2.5,14.75,1,0.25,17.0,2.5,True,b_first,0.855072463768116,1.0,0.14492753623188404,2.5,2.5,2.5,2.5,2.5,2.5,-2.5,-2.5,-2.5,1.0
riz_434b229bfa11e71bb81bf09c28acf98a,223,20200324,755,north,minute_ignition,True,False,4.065972222222222,7503.25,7445.0,7505.75,58.25,2.75,128,57.0,60.75,57.25,True,a_first,0.045081967213114756,0.0,-0.045081967213114756,-2.75,-2.75,-2.75,-2.75,-2.75,-2.75,2.75,2.75,2.75,1.0
riz_511cc40308fd68209830ad25bd9ab2ea,227,20200324,775,north,minute_ignition,True,False,4.020138888888889,7470.5,7422.0,7529.0,48.5,58.75,198,42.0,107.0,47.75,True,b_first,0.5477855477855478,1.0,0.4522144522144522,48.5,48.5,48.5,48.5,48.5,48.5,-48.5,-48.5,-48.5,11.0
riz_a3d5f04d91c94abd24f73ea2d4cd8281,230,20200324,790,north,minute_ignition,True,False,4.009722222222222,7402.75,7394.0,7529.0,8.75,126.5,216,8.0,135.0,8.75,True,b_first,0.9353049907578558,1.0,0.06469500924214422,8.75,8.75,8.75,8.75,8.75,8.75,-8.75,-8.75,-8.75,1.0
riz_29a93cbd80a0c88139b28f556a968574,120,20200331,720,north,minute_ignition,True,False,0.1763888888888889,7931.75,7911.0,7995.0,20.75,63.5,106,8.5,84.0,21.0,True,b_first,0.7537091988130564,1.0,0.24629080118694358,20.75,20.75,20.75,20.75,20.75,20.75,-20.75,-20.75,-20.75,5.0
riz_ecc7670cee4586aed6b3d4c76188654f,157,20200413,739,south,minute_ignition,False,False,0.4965277777777778,8236.5,8147.25,8141.25,-89.25,95.5,70,-90.5,6.0,-89.25,True,b_at_entry,,,,,,,,,,,,,
riz_d4a3392abade959fea12908aee9bfc8f,196,20200421,620,south,minute_ignition,True,False,5.379166666666666,8522.25,8569.0,8522.0,46.75,0.5,42,46.5,47.0,46.75,True,a_first,0.010582010582010581,0.0,-0.010582010582010581,-0.5,-0.5,-0.5,-0.5,-0.5,-0.5,0.5,0.5,0.5,1.0
riz_04a9443b8fd8e63e54852ae3a2b27357,220,20200421,740,south,minute_ignition,True,False,5.346527777777778,8396.0,8567.25,8342.0,171.25,54.25,161,156.5,225.25,171.0,True,censored_horizon,0.24057649667405764,,,80.25,80.25,80.25,80.25,80.25,80.25,-80.25,-80.25,-80.25,120.0
riz_681be131f9a7d7b3ff3bcd79776f09d6,127,20200421,910,north,minute_ignition,False,False,7.133333333333334,8400.0,8480.75,8516.75,-80.75,117.0,62,-85.75,36.0,-80.25,True,b_at_entry,,,,,,,,,,,,,
riz_fc12b319926a0ea552e784c35f6b7171,128,20200421,920,north,minute_ignition,False,False,7.10625,8454.0,8457.0,8516.75,-3.0,63.0,103,-2.5,59.75,-2.25,True,b_at_entry,,,,,,,,,,,,,
riz_cfc38846818f898c1aee519ecfe2bd6c,168,20200423,648,north,minute_ignition,False,False,2.8805555555555555,8768.0,8780.25,8786.5,-12.25,18.75,4,-15.0,6.25,-12.0,True,b_at_entry,,,,,,,,,,,,,
riz_d6dde0d92ff33d0e084d12f153d3a43a,175,20200423,690,north,minute_ignition,False,False,2.839583333333333,8766.5,8772.75,8786.5,-6.25,20.25,56,-7.25,13.75,-6.5,True,b_at_entry,,,,,,,,,,,,,
riz_7053eff6eb7987a551815d71e290d0e0,121,20200424,608,south,minute_ignition,False,False,0.5826388888888889,8610.5,8588.25,8583.0,-22.25,27.75,8,-22.5,5.25,-22.0,True,b_at_entry,,,,,,,,,,,,,
riz_931d0cb069a6d04598e9141d75648686,179,20200428,714,south,minute_ignition,True,False,0.7895833333333333,8725.25,8853.0,8688.5,127.75,37.0,124,126.5,164.5,127.25,True,a_first,0.22458270106221548,0.0,-0.22458270106221548,-37.0,-37.0,-37.0,-37.0,-37.0,-37.0,37.0,37.0,37.0,24.0
riz_2431e116c7b1bd7de818d50743f0407d,137,20200428,736,south,minute_ignition,True,False,4.754861111111111,8693.0,8707.75,8688.5,14.75,4.75,79,12.5,19.25,14.75,True,a_first,0.24358974358974358,0.0,-0.24358974358974358,-4.75,-4.75,-4.75,-4.75,-4.75,-4.75,4.75,4.75,4.75,2.0
riz_cdcf90d09aad018b5909d3a411fcbb31,138,20200428,744,south,minute_ignition,False,False,4.804861111111111,8683.75,8678.25,8675.0,-5.5,9.0,5,-8.25,3.25,-5.0,True,b_at_entry,,,,,,,,,,,,,
riz_1ece3da24d3963dfdc938b93839ef7a8,158,20200428,746,south,minute_ignition,True,False,4.749305555555556,8692.75,8699.25,8675.0,6.5,18.0,87,1.25,24.25,6.5,True,b_first,0.7346938775510204,1.0,0.26530612244897955,6.5,6.5,6.5,6.5,6.5,6.5,-6.5,-6.5,-6.5,4.0
riz_c06c4ff978cc7c18a7f99821e72d0ef1,225,20200428,765,south,minute_ignition,True,False,0.7368055555555556,8714.5,8849.75,8675.0,135.25,39.75,169,132.75,174.75,135.25,True,censored_horizon,0.22714285714285715,,,17.75,17.75,17.75,17.75,17.75,17.75,-17.75,-17.75,-17.75,120.0
riz_084b201add916bfaf169a598e2c14ccc,123,20200429,624,north,minute_ignition,True,False,1.0833333333333333,8918.0,8911.0,8921.5,7.0,3.75,3,6.5,10.5,7.25,True,a_first,0.3488372093023256,0.0,-0.3488372093023256,-3.75,-3.75,-3.75,-3.75,-3.75,-3.75,3.75,3.75,3.75,1.0
riz_d21efb01e94971d1bfa1b61bad0bf692,124,20200429,632,north,minute_ignition,True,False,1.0770833333333334,8935.75,8909.5,8939.75,26.25,4.25,13,25.0,30.25,26.0,True,b_first,0.13934426229508196,1.0,0.860655737704918,26.25,26.25,26.25,26.25,26.25,26.25,-26.25,-26.25,-26.25,15.0
riz_a4d8a193661ad67977d1f7ea9c6aaf77,222,20200506,750,north,minute_ignition,False,False,6.548611111111111,9020.5,9043.25,9046.25,-22.75,26.0,98,-24.5,3.0,-23.25,True,b_at_entry,,,,,,,,,,,,,
riz_89e838c7505772fcc2462f62b198672e,214,20200511,710,north,minute_ignition,True,False,0.42986111111111114,9258.0,9253.5,9265.25,4.5,7.5,23,1.5,11.75,4.75,False,b_first,0.625,1.0,0.375,4.5,4.5,4.5,4.5,4.5,4.5,-4.5,-4.5,-4.5,1.0
riz_19b5706bc53404cd6e190badaa145e9e,222,20200511,750,north,minute_ignition,True,False,0.4166666666666667,9277.25,9251.25,9278.75,26.0,1.75,66,26.25,27.5,26.5,True,a_first,0.06306306306306306,0.0,-0.06306306306306306,-1.75,-1.75,-1.75,-1.75,-1.75,-1.75,1.75,1.75,1.75,2.0
riz_b4b42eaf8c5845f4429417a5a503b13d,227,20200511,775,north,minute_ignition,True,False,0.3840277777777778,9277.5,9246.5,9282.25,31.0,5.0,128,30.25,35.75,31.25,True,a_first,0.1388888888888889,0.0,-0.1388888888888889,-5.0,-5.0,-5.0,-5.0,-5.0,-5.0,5.0,5.0,5.0,9.0
riz_b7095a9ff875266d80e5eac628d59f3f,239,20200511,835,north,minute_ignition,True,False,0.34444444444444444,9309.75,9241.25,9323.0,68.5,13.5,221,65.75,81.75,68.5,True,a_first,0.16463414634146342,0.0,-0.16463414634146342,-13.5,-13.5,-13.5,-13.5,-13.5,-13.5,13.5,13.5,13.5,56.0
riz_f10c226e187216dc4b0aceb53b55ebc1,240,20200511,840,north,minute_ignition,True,False,0.33819444444444446,9308.5,9236.5,9323.0,72.0,14.75,233,69.25,86.5,72.0,True,a_first,0.17002881844380405,0.0,-0.17002881844380405,-14.75,-14.75,-14.75,-14.75,-14.75,-14.75,14.75,14.75,14.75,51.0
riz_607144790e43eb3bd40f0a08f588e08a,130,20200512,940,south,minute_ignition,False,False,1.270138888888889,9192.5,9187.75,9181.75,-4.75,11.0,1,-9.75,6.0,-4.75,True,b_at_entry,,,,,,,,,,,,,
riz_f581ac07be1a93c01627dfa5e57153f4,131,20200512,950,south,minute_ignition,True,False,1.2631944444444445,9144.25,9198.75,9142.75,54.5,1.75,14,48.75,56.0,54.5,True,a_first,0.03111111111111111,0.0,-0.03111111111111111,-1.75,-1.75,-1.75,-1.75,-1.75,-1.75,1.75,1.75,1.75,1.0
riz_b2a9a2739fcbff82df6f4316004b73ce,144,20200513,792,south,minute_ignition,True,False,6.645833333333333,8947.25,8991.0,8886.0,43.75,61.5,78,43.5,105.0,44.0,True,censored_horizon,0.5843230403800475,,,-19.75,-19.75,-19.75,-19.75,-19.75,-19.75,19.75,19.75,19.75,120.0
riz_e4fd6875b4684b6b6e4c0e244188b47a,197,20200513,822,south,minute_ignition,True,False,6.7972222222222225,8946.5,8952.25,8886.0,5.75,60.75,94,-5.0,66.25,5.25,True,b_first,0.9135338345864662,1.0,0.0864661654135338,5.75,5.75,5.75,5.75,5.75,5.75,-5.75,-5.75,-5.75,6.0
riz_01cd0f1bd3dddcd3d9197106c5ce38f9,153,20200513,864,south,minute_ignition,False,False,7.547916666666667,8950.0,8922.75,8886.0,-27.25,64.25,129,-37.0,36.75,-28.0,True,b_at_entry,,,,,,,,,,,,,
riz_21df4d379816337d7a5cf0c772fea5e1,179,20200515,893,north,minute_ignition,False,False,0.30486111111111114,9092.75,9100.0,9114.0,-7.25,21.5,98,-9.5,14.0,-7.5,True,b_at_entry,,,,,,,,,,,,,
riz_b9e8bc002fede146fc05b96c1c7958a9,136,20200521,592,north,minute_ignition,False,False,0.6923611111111111,9482.75,9489.5,9510.75,-6.75,28.25,15,-7.5,21.25,-6.5,True,b_at_entry,,,,,,,,,,,,,
riz_0e796fe7803f733438f3e1ffa41c7e9a,237,20200526,588,south,minute_ignition,True,False,94.78333333333333,9525.5,9536.75,9519.25,11.25,6.5,15,9.25,17.5,11.5,True,a_first,0.36619718309859156,0.0,-0.36619718309859156,-6.5,-6.5,-6.5,-6.5,-6.5,-6.5,6.5,6.5,6.5,3.0
riz_bb46fdbf53ae2b98c6979991878e9fb0,159,20200527,594,south,minute_ignition,True,False,5.217361111111111,9284.5,9306.25,9280.0,21.75,4.75,5,18.75,26.25,21.75,True,a_first,0.1792452830188679,0.0,-0.1792452830188679,-4.75,-4.75,-4.75,-4.75,-4.75,-4.75,4.75,4.75,4.75,1.0
riz_d7c4d598e0ea2f5337319942d3ca3709,161,20200527,606,south,minute_ignition,True,False,5.2125,9289.25,9300.5,9262.5,11.25,27.0,16,5.75,38.0,11.0,True,b_first,0.7058823529411765,1.0,0.2941176470588235,11.25,11.25,11.25,11.25,11.25,11.25,-11.25,-11.25,-11.25,2.0
riz_11a90a3ea13a59be3a7e76628a5038e9,157,20200527,739,south,minute_ignition,False,False,5.226388888888889,9296.5,9284.75,9172.5,-11.75,124.25,145,-12.5,112.25,-12.25,True,b_at_entry,,,,,,,,,,,,,
riz_d431084a696e2edb2196dfca2d342be6,136,20200527,864,north,minute_ignition,True,False,5.063888888888889,9362.0,9336.25,9385.0,25.75,23.25,44,25.5,48.75,25.75,True,a_first,0.4744897959183674,0.0,-0.4744897959183674,-23.25,-23.25,-23.25,-23.25,-23.25,-23.25,23.25,23.25,23.25,29.0
riz_b2e89c57903c91acfb38dd587f74bc41,123,20200527,870,north,minute_ignition,True,False,5.0993055555555555,9372.0,9319.75,9385.0,52.25,13.25,103,49.25,65.25,52.0,True,a_first,0.20229007633587787,0.0,-0.20229007633587787,-13.25,-13.25,-13.25,-13.25,-13.25,-13.25,13.25,13.25,13.25,23.0
riz_effe9e27a0b6726c2c808369f9d7b43a,186,20200527,942,north,native_confirmation,True,False,0.6458333333333334,9420.5,9419.0,9420.75,1.5,0.5,0,0.0,1.75,1.75,False,same_minute,0.25,,,,-0.5,1.5,,-0.5,1.5,,-1.5,0.5,1.0
riz_fd2d1118852865e2b1f8696fc60821ae,161,20200528,767,north,minute_ignition,False,False,2.4458333333333333,9544.0,9544.75,9547.75,-0.75,4.0,2,-0.75,3.0,-0.5,True,b_at_entry,,,,,,,,,,,,,
riz_59a8b1e43fc4ff5fe25eacbfb98fbfcf,162,20200528,774,north,minute_ignition,True,False,2.4493055555555556,9552.0,9550.0,9553.0,2.0,1.25,1,1.75,3.0,2.0,True,b_first,0.38461538461538464,1.0,0.6153846153846154,2.0,2.0,2.0,2.0,2.0,2.0,-2.0,-2.0,-2.0,1.0
riz_2d08cd64f55d787cb1a0565f42a45aec,190,20200528,780,north,minute_ignition,True,False,2.515277777777778,9543.5,9540.5,9553.5,3.0,10.25,18,-1.0,13.0,3.0,True,a_first,0.7735849056603774,0.0,-0.7735849056603774,-10.25,-10.25,-10.25,-10.25,-10.25,-10.25,10.25,10.25,10.25,5.0
riz_8e7b91ce8b0394b787ba2b25267d52f1,238,20200528,830,north,minute_ignition,True,False,2.4555555555555557,9556.75,9548.0,9565.5,8.75,9.0,58,7.25,17.5,8.75,True,b_first,0.5070422535211268,1.0,0.49295774647887325,8.75,8.75,8.75,8.75,8.75,8.75,-8.75,-8.75,-8.75,1.0
riz_5a954a324e13eedd827f0f4b4b9993d0,127,20200529,910,north,minute_ignition,True,False,0.99375,9505.5,9505.75,9528.75,-0.25,23.5,9,-7.5,23.0,0.5,True,b_at_entry,,,,,,,,,,,,,
riz_cd73762d2e0a1e170334093e4ceae125,190,20200602,590,south,minute_ignition,True,False,0.38333333333333336,9569.75,9583.5,9558.25,13.75,11.75,18,8.25,25.25,13.75,True,b_first,0.46078431372549017,1.0,0.5392156862745099,13.75,13.75,13.75,13.75,13.75,13.75,-13.75,-13.75,-13.75,9.0
riz_09e05b80a176e1f870dc6dbd628ada15,126,20200602,900,north,minute_ignition,True,False,0.3770833333333333,9606.25,9598.25,9617.0,8.0,11.0,87,7.0,18.75,8.25,True,b_first,0.5789473684210527,1.0,0.42105263157894735,8.0,8.0,8.0,8.0,8.0,8.0,-8.0,-8.0,-8.0,4.0
riz_6996d973dd3adac5997a6f500fbbbc21,142,20200602,918,north,minute_ignition,False,False,0.2590277777777778,9599.25,9615.0,9617.0,-15.75,18.0,53,-15.5,2.0,-15.25,True,b_at_entry,,,,,,,,,,,,,
riz_d4525e6998983e4715f2d1b1d43c2bea,124,20200604,880,south,minute_ignition,False,False,2.102777777777778,9636.0,9626.0,9623.0,-10.0,13.25,100,-10.0,3.0,-9.75,True,b_at_entry,,,,,,,,,,,,,
riz_fa275cabcfef1e75593d1226312717ed,210,20200604,900,south,minute_ignition,True,False,1.9979166666666666,9595.5,9617.0,9595.25,21.5,0.5,3,13.0,21.75,21.5,False,a_first,0.022727272727272728,0.0,-0.022727272727272728,-0.5,-0.5,-0.5,-0.5,-0.5,-0.5,0.5,0.5,0.5,1.0
riz_e22488a330e38a2986e1911be217ee4a,130,20200604,940,south,minute_ignition,False,False,2.0625,9601.5,9596.5,9572.25,-5.0,29.5,40,-6.25,24.25,-5.25,True,b_at_entry,,,,,,,,,,,,,
riz_8cd2c0738133f8bb7ba6bb14a3d0525a,144,20200611,648,south,minute_ignition,False,False,2.152083333333333,9924.0,9875.25,9862.75,-48.75,61.5,69,-52.5,12.5,-48.0,True,b_at_entry,,,,,,,,,,,,,
riz_12d677201371e719eb83f545c47f9c21,146,20200611,662,south,minute_ignition,True,False,2.2020833333333334,9864.25,9868.25,9856.5,4.0,8.0,1,2.25,11.75,3.5,True,b_first,0.6666666666666666,1.0,0.33333333333333337,4.0,4.0,4.0,4.0,4.0,4.0,-4.0,-4.0,-4.0,1.0
riz_ef4c52648f2c530fab5469e2f23694cb,151,20200611,697,south,minute_ignition,False,False,2.185416666666667,9872.0,9866.5,9856.5,-5.5,15.75,35,-8.5,10.0,-6.75,True,b_at_entry,,,,,,,,,,,,,
riz_b5c803bfea6c6fb585611f61921ffb88,178,20200611,708,south,minute_ignition,True,False,2.122916666666667,9848.75,9858.0,9837.75,9.25,11.25,1,-8.75,20.25,9.0,False,a_first,0.5487804878048781,0.0,-0.5487804878048781,-11.25,-11.25,-11.25,-11.25,-11.25,-11.25,11.25,11.25,11.25,3.0
riz_6a8a32fd739fc127187fd7f9f5810f6e,179,20200611,714,south,minute_ignition,True,False,2.1152777777777776,9857.75,9861.5,9836.25,3.75,21.75,13,-0.25,25.25,3.0,True,b_first,0.8529411764705882,1.0,0.1470588235294118,3.75,3.75,3.75,3.75,3.75,3.75,-3.75,-3.75,-3.75,1.0
riz_e3e9dea86450e8934e26d84f6d028608,125,20200611,890,south,minute_ignition,True,False,6.250694444444444,9631.5,9669.5,9629.25,38.0,2.5,14,38.0,40.25,40.25,True,a_first,0.06172839506172839,0.0,-0.06172839506172839,-2.5,-2.5,-2.5,-2.5,-2.5,-2.5,2.5,2.5,2.5,1.0
riz_c475ffab1cfc8765941057e1cb84a123,210,20200615,900,north,minute_ignition,True,False,3.251388888888889,9767.0,9728.0,9798.0,39.0,31.25,58,31.75,70.0,39.75,True,b_first,0.44483985765124556,1.0,0.5551601423487544,39.0,39.0,39.0,39.0,39.0,39.0,-39.0,-39.0,-39.0,32.0
riz_88e6316394d86587e19acd7ba3ce29e4,166,20200622,636,north,minute_ignition,False,False,3.1013888888888888,10040.25,10052.25,10054.25,-12.0,14.25,20,-12.25,2.0,-11.75,True,b_at_entry,,,,,,,,,,,,,
riz_0b3a4afa120b53309e3ad8364e7f7194,121,20200622,729,north,minute_ignition,True,False,3.08125,10081.5,10074.5,10084.75,7.0,3.5,4,2.5,10.25,7.0,False,a_first,0.3333333333333333,0.0,-0.3333333333333333,-3.5,-3.5,-3.5,-3.5,-3.5,-3.5,3.5,3.5,3.5,7.0
riz_bbf086f1806cda27a940dccd8ee3705c,141,20200622,768,north,minute_ignition,True,False,3.0756944444444443,10098.75,10083.5,10104.75,15.25,6.25,32,10.25,21.25,15.0,True,b_first,0.29069767441860467,1.0,0.7093023255813953,15.25,15.25,15.25,15.25,15.25,15.25,-15.25,-15.25,-15.25,50.0
riz_aa7b577856047600f2989e3a21941251,189,20200630,585,north,minute_ignition,True,False,0.39166666666666666,10006.5,10001.75,10011.75,4.75,5.5,3,3.0,10.0,4.0,True,a_first,0.5365853658536586,0.0,-0.5365853658536586,-5.5,-5.5,-5.5,-5.5,-5.5,-5.5,5.5,5.5,5.5,1.0
riz_95c73b5b520d5a7a30822d3642f9959a,190,20200630,590,north,minute_ignition,True,False,0.38958333333333334,10011.25,9999.25,10024.5,12.0,13.5,9,10.75,25.25,12.0,True,b_first,0.5294117647058824,1.0,0.47058823529411764,12.0,12.0,12.0,12.0,12.0,12.0,-12.0,-12.0,-12.0,1.0
riz_b612bcdfc4090bc1906545c2b351e7f0,193,20200630,605,north,minute_ignition,True,False,0.38958333333333334,10034.0,10009.0,10039.5,25.0,5.75,18,22.0,30.5,24.75,True,a_first,0.18699186991869918,0.0,-0.18699186991869918,-5.75,-5.75,-5.75,-5.75,-5.75,-5.75,5.75,5.75,5.75,3.0
riz_15f5069d27760e4d3ddc2ec5c0b82744,218,20200630,730,north,minute_ignition,True,False,0.35555555555555557,10084.75,10016.5,10087.5,68.25,3.0,142,65.5,71.0,67.75,True,a_first,0.042105263157894736,0.0,-0.042105263157894736,-3.0,-3.0,-3.0,-3.0,-3.0,-3.0,3.0,3.0,3.0,1.0
riz_db9c62683e7b3f1eccb1ec24862bc028,137,20200707,873,south,minute_ignition,True,False,0.37916666666666665,10573.5,10580.25,10571.75,6.75,2.0,2,6.75,8.5,7.0,True,b_first,0.22857142857142856,1.0,0.7714285714285715,6.75,6.75,6.75,6.75,6.75,6.75,-6.75,-6.75,-6.75,2.0
riz_082806beb96e27b75eef4f20e00dabc9,159,20200707,912,south,minute_ignition,True,False,0.32916666666666666,10556.5,10560.75,10553.5,4.25,3.25,3,1.25,7.25,4.0,True,a_first,0.43333333333333335,0.0,-0.43333333333333335,-3.25,-3.25,-3.25,-3.25,-3.25,-3.25,3.25,3.25,3.25,1.0
riz_4df4a495739c947a031902e0392fb7c5,160,20200707,920,south,minute_ignition,False,False,0.3229166666666667,10563.75,10563.0,10545.75,-0.75,18.25,15,-1.25,17.25,-0.5,True,b_at_entry,,,,,,,,,,,,,
riz_ae272f161e0326379a0c6d775627afda,236,20200708,584,north,minute_ignition,True,False,0.8298611111111112,10605.25,10598.0,10615.75,7.25,10.75,9,-0.25,17.75,7.5,True,b_first,0.5972222222222222,1.0,0.4027777777777778,7.25,7.25,7.25,7.25,7.25,7.25,-7.25,-7.25,-7.25,1.0
riz_1d08a1cd70740bc3fbf3266b2ac77239,240,20200708,600,north,minute_ignition,True,False,0.8201388888888889,10627.5,10607.5,10630.75,20.0,3.5,19,16.5,23.25,19.75,True,a_first,0.14893617021276595,0.0,-0.14893617021276595,-3.5,-3.5,-3.5,-3.5,-3.5,-3.5,3.5,3.5,3.5,1.0
riz_a5f7f3be27e94b93efe508ec356c461e,171,20200720,666,north,minute_ignition,True,False,4.711111111111111,10754.5,10688.5,10776.25,66.0,22.0,62,63.25,87.75,66.0,False,a_first,0.25,0.0,-0.25,-22.0,-22.0,-22.0,-22.0,-22.0,-22.0,22.0,22.0,22.0,11.0
riz_63be4e6fb2ff1ff88b226a16cdba4c7f,150,20200720,690,north,minute_ignition,True,False,4.705555555555556,10787.5,10685.75,10788.25,101.75,1.0,94,101.0,102.5,101.25,True,a_first,0.009732360097323601,0.0,-0.009732360097323601,-1.0,-1.0,-1.0,-1.0,-1.0,-1.0,1.0,1.0,1.0,1.0
riz_306546a9686348cf0fed4f23433a6df9,197,20200720,822,north,minute_ignition,True,False,9.861805555555556,10857.75,10841.25,10857.75,16.5,0.25,1,9.25,16.5,16.0,False,a_first,0.014925373134328358,0.0,-0.014925373134328358,-0.25,-0.25,-0.25,-0.25,-0.25,-0.25,0.25,0.25,0.25,1.0
riz_cb016132a7a394b43bc149dcbb75a779,148,20200720,824,north,minute_ignition,True,False,7.718055555555556,10851.0,10848.25,10858.0,2.75,7.25,2,-6.5,9.75,2.5,False,b_first,0.725,1.0,0.275,2.75,2.75,2.75,2.75,2.75,2.75,-2.75,-2.75,-2.75,1.0
riz_8929dd3b66655fd4898df41a98e69fac,133,20200720,837,north,minute_ignition,False,False,7.642361111111111,10850.75,10858.25,10863.5,-7.5,13.0,6,-11.5,5.25,-8.0,True,b_at_entry,,,,,,,,,,,,,
riz_0e32ed5482431684681855cbdab49178,141,20200720,909,north,minute_ignition,True,False,7.647916666666666,10898.0,10864.0,10900.75,34.0,3.0,54,32.0,36.75,34.0,True,a_first,0.08108108108108109,0.0,-0.08108108108108109,-3.0,-3.0,-3.0,-3.0,-3.0,-3.0,3.0,3.0,3.0,2.0
riz_f7a0269d4ac3c52b844211a37ec9aa5e,144,20200720,936,north,minute_ignition,True,False,7.197916666666667,10944.0,10936.25,10946.0,7.75,2.25,3,7.5,9.75,7.75,True,a_first,0.225,0.0,-0.225,-2.25,-2.25,-2.25,-2.25,-2.25,-2.25,2.25,2.25,2.25,1.0
riz_6fe8ad166b2f470f0a66ac524d6241cf,162,20200720,936,north,minute_ignition,True,False,7.221527777777778,10944.0,10927.0,10946.0,17.0,2.25,5,12.0,19.0,17.0,False,a_first,0.11688311688311688,0.0,-0.11688311688311688,-2.25,-2.25,-2.25,-2.25,-2.25,-2.25,2.25,2.25,2.25,1.0
riz_feeac751cfa12a9ebf8bfd2940796106,130,20200720,940,north,minute_ignition,True,False,7.175,10948.5,10933.25,10951.75,15.25,3.5,8,14.25,18.5,15.25,False,a_first,0.18666666666666668,0.0,-0.18666666666666668,-3.5,-3.5,-3.5,-3.5,-3.5,-3.5,3.5,3.5,3.5,7.0
riz_5b49285236a1e0d29c756d052bce1b5a,187,20200720,949,north,minute_ignition,True,False,7.122916666666667,10954.5,10948.5,10956.0,6.0,1.75,10,5.25,7.5,6.0,True,same_minute,0.22580645161290322,,,,-1.75,6.0,,-1.75,6.0,,-6.0,1.75,2.0
riz_3673c8f00e8c24fdfec302a0ed741123,131,20200720,950,north,minute_ignition,True,False,7.251388888888889,10953.0,10918.75,10956.0,34.25,3.25,31,33.25,37.25,34.25,True,a_first,0.08666666666666667,0.0,-0.08666666666666667,-3.25,-3.25,-3.25,-3.25,-3.25,-3.25,3.25,3.25,3.25,1.0
riz_45282e0dee7dbf94ee6a027132da7483,201,20200721,645,south,minute_ignition,True,False,7.695138888888889,10866.0,10915.25,10861.25,49.25,5.0,64,40.25,54.0,49.0,True,b_first,0.09216589861751152,1.0,0.9078341013824884,49.25,49.25,49.25,49.25,49.25,49.25,-49.25,-49.25,-49.25,11.0
riz_799bff401b5bfae1ffa7563a9737731f,202,20200721,650,south,minute_ignition,True,False,7.715972222222222,10877.75,10902.5,10861.25,24.75,16.75,39,21.75,41.25,24.75,True,b_first,0.4036144578313253,1.0,0.5963855421686747,24.75,24.75,24.75,24.75,24.75,24.75,-24.75,-24.75,-24.75,4.0
riz_f6d413c60fd4e329f50f6237586ea0f7,203,20200721,655,south,minute_ignition,False,False,7.727777777777778,10906.5,10885.75,10861.25,-20.75,45.5,27,-23.0,24.5,-20.75,True,b_at_entry,,,,,,,,,,,,,
riz_51d56eaebcc917717bc6edcc0cc0d50f,205,20200721,665,south,minute_ignition,False,False,7.7375,10906.5,10882.25,10861.25,-24.25,45.5,23,-25.5,21.0,-24.0,True,b_at_entry,,,,,,,,,,,,,
riz_642a02c297985f7d31c5816028187f97,238,20200723,830,south,minute_ignition,True,False,3.495138888888889,10577.25,10595.0,10576.0,17.75,1.5,1,14.0,19.0,17.5,True,a_first,0.07792207792207792,0.0,-0.07792207792207792,-1.5,-1.5,-1.5,-1.5,-1.5,-1.5,1.5,1.5,1.5,1.0
riz_efd3b359077413f9a057be7e360b8715,185,20200723,935,south,minute_ignition,True,False,3.4409722222222223,10568.5,10589.25,10514.5,20.75,54.25,105,9.25,74.75,21.0,True,b_first,0.7233333333333334,1.0,0.2766666666666666,20.75,20.75,20.75,20.75,20.75,20.75,-20.75,-20.75,-20.75,5.0
riz_f9179c455f00a9b7425d66e51f637e34,192,20200724,600,south,minute_ignition,False,False,20.85972222222222,10382.0,10354.25,10301.0,-27.75,81.25,22,-28.25,53.25,-27.5,True,b_at_entry,,,,,,,,,,,,,
riz_4931f1b6e620f42fa4a3af03b3d7dfda,193,20200724,605,south,minute_ignition,False,False,20.860416666666666,10399.25,10353.0,10301.0,-46.25,98.5,26,-67.75,52.0,-46.5,True,b_at_entry,,,,,,,,,,,,,
riz_fdeec64c93483aa09654e039a6ebb645,161,20200727,606,north,minute_ignition,True,False,6.985416666666667,10608.0,10605.75,10635.75,2.25,28.0,21,1.5,30.0,2.25,True,b_first,0.9256198347107438,1.0,0.07438016528925617,2.25,2.25,2.25,2.25,2.25,2.25,-2.25,-2.25,-2.25,1.0
riz_9265de32e83a024940f64fb198efa3b6,158,20200727,904,north,minute_ignition,True,False,7.083333333333333,10666.75,10646.5,10669.75,20.25,3.25,38,19.5,23.25,20.0,True,a_first,0.13829787234042554,0.0,-0.13829787234042554,-3.25,-3.25,-3.25,-3.25,-3.25,-3.25,3.25,3.25,3.25,15.0
riz_394a09f3592aa43b84bbaaa4d2dc8cca,125,20200730,765,north,minute_ignition,False,False,0.8034722222222223,10690.5,10696.75,10707.0,-6.25,16.75,28,-7.5,10.25,-6.0,True,b_at_entry,,,,,,,,,,,,,
riz_45f0926884dfb11597a8b111a082052e,147,20200730,816,north,minute_ignition,True,False,0.7777777777777778,10681.75,10641.75,10718.75,40.0,37.25,116,39.0,77.0,39.25,True,a_first,0.48220064724919093,0.0,-0.48220064724919093,-37.25,-37.25,-37.25,-37.25,-37.25,-37.25,37.25,37.25,37.25,70.0
riz_32ea5f7241d30c99958457155f1794b0,149,20200731,683,south,minute_ignition,True,False,7.822222222222222,10822.75,10824.5,10714.5,1.75,108.5,107,-5.75,110.0,2.25,True,b_first,0.9841269841269841,1.0,0.015873015873015928,1.75,1.75,1.75,1.75,1.75,1.75,-1.75,-1.75,-1.75,4.0
riz_57ff0e9fa3bb3ed3beefe0dd56fd197f,132,20200731,696,south,minute_ignition,True,False,7.825694444444444,10799.5,10812.25,10714.5,12.75,85.25,119,6.25,97.75,12.75,True,b_first,0.8698979591836735,1.0,0.13010204081632648,12.75,12.75,12.75,12.75,12.75,12.75,-12.75,-12.75,-12.75,3.0
riz_9980f87cc0c84abbb88e922c4a787841,154,20200731,718,south,minute_ignition,True,False,7.7972222222222225,10786.25,10797.25,10714.5,11.0,72.0,138,5.25,82.75,11.25,True,a_first,0.8674698795180723,0.0,-0.8674698795180723,-72.0,-72.0,-72.0,-72.0,-72.0,-72.0,72.0,72.0,72.0,40.0
riz_37c911d843d8a8815c1143ad04fd23a6,155,20200731,725,south,minute_ignition,False,False,7.813194444444444,10771.25,10760.5,10714.5,-10.75,57.0,114,-12.25,46.0,-10.25,True,b_at_entry,,,,,,,,,,,,,
riz_b2d64c4c798250984792250315a9c712,187,20200803,575,north,minute_ignition,True,False,13.258333333333333,11015.75,11005.75,11024.0,10.0,8.5,2,-1.5,18.25,10.0,False,b_first,0.4594594594594595,1.0,0.5405405405405406,10.0,10.0,10.0,10.0,10.0,10.0,-10.0,-10.0,-10.0,3.0
riz_017836bc6c930086068fd569b0612614,236,20200803,584,north,minute_ignition,True,False,13.161805555555556,11033.25,11021.0,11038.0,12.25,5.0,3,9.75,17.0,11.25,True,a_first,0.2898550724637681,0.0,-0.2898550724637681,-5.0,-5.0,-5.0,-5.0,-5.0,-5.0,5.0,5.0,5.0,1.0
riz_36c1f10bf6d20914ad4309deb737d853,190,20200803,590,north,minute_ignition,False,False,13.127083333333333,11026.75,11027.75,11050.0,-1.0,23.5,7,-6.5,22.25,-0.25,True,b_at_entry,,,,,,,,,,,,,
riz_113f02d1c2423460665770881a4b9753,193,20200803,605,north,minute_ignition,False,False,13.131944444444445,11050.75,11051.5,11067.75,-0.75,17.25,3,-12.25,16.25,-1.5,True,b_at_entry,,,,,,,,,,,,,
riz_6513d39a76671082ba96cf4c6d2c4de1,125,20200813,890,south,minute_ignition,True,False,5.947916666666667,11166.0,11189.5,11138.5,23.5,27.75,75,18.25,51.0,23.0,True,a_first,0.5414634146341464,0.0,-0.5414634146341464,-27.75,-27.75,-27.75,-27.75,-27.75,-27.75,27.75,27.75,27.75,2.0
riz_8d2f2668aa4fef5c2ae65e67ce5f6fad,134,20200825,712,north,minute_ignition,True,False,0.4930555555555556,11651.0,11639.25,11691.5,11.75,40.75,94,10.5,52.25,11.75,True,b_first,0.7761904761904762,1.0,0.2238095238095238,11.75,11.75,11.75,11.75,11.75,11.75,-11.75,-11.75,-11.75,16.0
riz_8572b13ca3093c6916eb50385a1ce19a,196,20200825,816,north,minute_ignition,True,False,0.3090277777777778,11669.25,11667.0,11691.5,2.25,22.5,143,1.25,24.5,2.5,True,b_first,0.9090909090909091,1.0,0.09090909090909094,2.25,2.25,2.25,2.25,2.25,2.25,-2.25,-2.25,-2.25,14.0
riz_acce77813b8865cb3d36264738dba932,202,20200825,852,north,minute_ignition,True,False,0.2972222222222222,11674.5,11672.0,11691.5,2.5,17.25,178,-4.75,19.5,2.5,True,b_first,0.8734177215189873,1.0,0.12658227848101267,2.5,2.5,2.5,2.5,2.5,2.5,-2.5,-2.5,-2.5,4.0
riz_cd16945614329ed78c3d2bae20c9076d,131,20200831,688,north,minute_ignition,False,False,0.4326388888888889,12027.5,12084.25,12100.75,-56.75,73.5,32,-58.0,16.5,-57.5,True,b_at_entry,,,,,,,,,,,,,
riz_28d3de9f672a21bbf33dcbb1385c3de9,122,20200902,860,north,minute_ignition,True,False,0.5493055555555556,12376.0,12367.25,12397.5,8.75,21.75,63,2.25,30.25,8.5,True,a_first,0.7131147540983607,0.0,-0.7131147540983607,-21.75,-21.75,-21.75,-21.75,-21.75,-21.75,21.75,21.75,21.75,28.0
riz_143e6e32aee43eb638cf1d084ccc2a0f,136,20200902,864,north,minute_ignition,False,False,0.3423611111111111,12377.25,12392.5,12397.5,-15.25,20.5,51,-17.75,5.0,-14.75,True,b_at_entry,,,,,,,,,,,,,
riz_ad387d498fac780bb404d732381426c0,142,20200902,918,north,minute_ignition,False,False,0.3923611111111111,12414.5,12417.25,12421.75,-2.75,7.5,3,-5.75,4.5,-3.25,True,b_at_entry,,,,,,,,,,,,,
riz_811c506978076d84671e7cac19af314a,160,20200902,920,north,native_confirmation,True,False,0.3333333333333333,12426.0,12420.25,12427.25,5.75,1.5,0,0.0,7.0,5.75,False,a_first,0.20689655172413793,0.0,-0.20689655172413793,-1.5,-1.5,-1.5,-1.5,-1.5,-1.5,1.5,1.5,1.5,1.0
riz_38679b7170fe2415f0597d740ed575fb,155,20200903,725,south,minute_ignition,True,False,3.1458333333333335,11855.25,12050.0,11743.75,194.75,111.75,100,194.25,306.25,196.5,True,a_first,0.3646003262642741,0.0,-0.3646003262642741,-111.75,-111.75,-111.75,-111.75,-111.75,-111.75,111.75,111.75,111.75,59.0
riz_3cbdfe5a60fbe88d93b1bfbe058f6aae,155,20200903,725,south,minute_ignition,True,False,3.2527777777777778,11855.25,12065.25,11743.75,210.0,111.75,101,198.75,321.5,211.75,True,a_first,0.3473193473193473,0.0,-0.3473193473193473,-111.75,-111.75,-111.75,-111.75,-111.75,-111.75,111.75,111.75,111.75,59.0
riz_9b4514e22408773eead13bfe05f9b856,181,20200903,726,south,minute_ignition,True,False,3.178472222222222,11839.75,12069.0,11743.75,229.25,96.25,105,225.25,325.25,229.0,True,a_first,0.2956989247311828,0.0,-0.2956989247311828,-96.25,-96.25,-96.25,-96.25,-96.25,-96.25,96.25,96.25,96.25,58.0
riz_ca5fb17cb51bae9980f337c66a18a4f9,221,20200903,745,south,minute_ignition,True,False,3.0791666666666666,11838.75,12033.0,11743.75,194.25,95.25,107,187.0,289.25,194.5,False,a_first,0.3290155440414508,0.0,-0.3290155440414508,-95.25,-95.25,-95.25,-95.25,-95.25,-95.25,95.25,95.25,95.25,39.0
riz_259ef1dac0438de1946e16856ff38fed,228,20200903,780,south,minute_ignition,True,False,3.057638888888889,11781.0,12038.5,11743.75,257.5,37.5,145,256.25,294.75,256.75,True,a_first,0.1271186440677966,0.0,-0.1271186440677966,-37.5,-37.5,-37.5,-37.5,-37.5,-37.5,37.5,37.5,37.5,4.0
riz_598f6c1ae7f171ce6264e395776cb619,125,20200904,640,south,minute_ignition,True,False,15.730555555555556,11289.5,11385.0,11229.25,95.5,60.5,13,92.75,155.75,95.0,True,a_first,0.38782051282051283,0.0,-0.38782051282051283,-60.5,-60.5,-60.5,-60.5,-60.5,-60.5,60.5,60.5,60.5,3.0
riz_66cbe307367882ae5c11f20490c9defe,182,20200904,732,south,minute_ignition,True,False,14.04513888888889,11448.5,11488.25,11142.0,39.75,306.75,117,22.5,346.25,39.5,True,b_first,0.8852813852813853,1.0,0.11471861471861466,39.75,39.75,39.75,39.75,39.75,39.75,-39.75,-39.75,-39.75,14.0
riz_75ab56bd7cfe494844ae411c3f697894,237,20200904,825,south,minute_ignition,False,False,15.526388888888889,11446.75,11331.25,11142.0,-115.5,305.0,190,-119.75,189.25,-115.25,True,b_at_entry,,,,,,,,,,,,,
riz_725163c40f4f2216b3abd3583d24b99c,126,20200915,648,north,minute_ignition,False,False,4.951388888888889,11393.5,11426.0,11472.75,-32.5,79.5,70,-36.0,46.75,-32.5,True,b_at_entry,,,,,,,,,,,,,
riz_bc6d4ba01676b17319f14f6789001dba,121,20200918,850,south,minute_ignition,False,False,48.97291666666667,10845.25,10771.25,10742.0,-74.0,103.5,39,-87.25,29.25,-73.5,True,b_at_entry,,,,,,,,,,,,,
riz_bbd0240d3a14e95d1301181c7246d921,156,20200918,888,south,minute_ignition,False,False,48.94513888888889,10873.25,10782.25,10742.0,-91.0,131.5,79,-91.5,40.25,-91.0,True,b_at_entry,,,,,,,,,,,,,
riz_fa7115a8d2c80c816e6074396cc93d12,211,20200925,906,north,native_confirmation,True,False,2.2930555555555556,11124.75,11123.75,11128.5,1.0,4.0,0,0.0,4.75,0.75,False,b_first,0.8,1.0,0.19999999999999996,1.0,1.0,1.0,1.0,1.0,1.0,-1.0,-1.0,-1.0,1.0
riz_c810d7682aa712d5499b37424f7375de,160,20200925,920,north,minute_ignition,True,False,2.332638888888889,11157.0,11154.75,11159.25,2.25,2.5,1,0.25,4.5,2.0,True,b_first,0.5263157894736842,1.0,0.4736842105263158,2.25,2.25,2.25,2.25,2.25,2.25,-2.25,-2.25,-2.25,1.0
riz_2b9b7073cf78d4d3d47263b8470ee5f0,136,20200928,728,south,minute_ignition,False,False,11.51388888888889,11252.25,11248.25,11235.25,-4.0,17.25,76,-11.0,13.0,-4.25,True,b_at_entry,,,,,,,,,,,,,
riz_010f58a2da6f8728c82952ac886b8bdb,122,20200930,738,north,minute_ignition,True,False,14.234722222222222,11497.25,11492.0,11500.0,5.25,3.0,28,1.5,8.0,5.0,True,b_first,0.36363636363636365,1.0,0.6363636363636364,5.25,5.25,5.25,5.25,5.25,5.25,-5.25,-5.25,-5.25,3.0
riz_7caf7b5c91640b79c4e866b16f18d139,139,20201012,752,north,minute_ignition,True,False,41.90069444444445,12087.75,12078.0,12091.75,9.75,4.25,4,8.5,13.75,10.0,True,a_first,0.30357142857142855,0.0,-0.30357142857142855,-4.25,-4.25,-4.25,-4.25,-4.25,-4.25,4.25,4.25,4.25,2.0
riz_00fbe6b56fe8efce26e5939804ecef73,224,20201012,760,north,minute_ignition,False,False,41.84444444444444,12082.5,12084.75,12097.0,-2.25,14.75,9,-6.0,12.25,-2.5,True,b_at_entry,,,,,,,,,,,,,
riz_df2fb0168522b7e0468cbf213c66f0c2,125,20201012,765,north,minute_ignition,True,False,41.90277777777778,12115.25,12079.5,12116.0,35.75,1.0,15,30.75,36.5,35.75,True,a_first,0.027210884353741496,0.0,-0.027210884353741496,-1.0,-1.0,-1.0,-1.0,-1.0,-1.0,1.0,1.0,1.0,1.0
riz_8bc2b0360756082d4b71a61399da316e,132,20201012,828,north,minute_ignition,True,False,41.93541666666667,12129.5,12046.5,12150.5,83.0,21.25,93,79.25,104.0,83.25,False,a_first,0.2038369304556355,0.0,-0.2038369304556355,-21.25,-21.25,-21.25,-21.25,-21.25,-21.25,21.25,21.25,21.25,14.0
riz_6879ba9019986bdd6832e3b878d90935,133,20201012,837,north,minute_ignition,True,False,41.93472222222222,12134.0,12063.5,12150.5,70.5,16.75,94,67.5,87.0,70.5,False,a_first,0.19197707736389685,0.0,-0.19197707736389685,-16.75,-16.75,-16.75,-16.75,-16.75,-16.75,16.75,16.75,16.75,5.0
riz_f869a91773e858b0630877f565e1d0a1,134,20201012,846,north,minute_ignition,True,False,41.92638888888889,12156.75,12058.5,12159.5,98.25,3.0,106,97.25,101.0,97.5,True,a_first,0.02962962962962963,0.0,-0.02962962962962963,-3.0,-3.0,-3.0,-3.0,-3.0,-3.0,3.0,3.0,3.0,4.0
riz_da6d037f061113f790c48d820a393608,151,20201012,848,north,minute_ignition,True,False,41.922222222222224,12153.0,12054.0,12159.5,99.0,6.75,112,95.75,105.5,99.0,True,a_first,0.06382978723404255,0.0,-0.06382978723404255,-6.75,-6.75,-6.75,-6.75,-6.75,-6.75,6.75,6.75,6.75,2.0
riz_fe0502e963a6723a782be1498282e569,177,20201012,879,north,minute_ignition,True,False,41.90625,12174.0,12067.25,12197.0,106.75,23.25,135,105.25,129.75,106.5,True,b_first,0.17884615384615385,1.0,0.8211538461538461,106.75,106.75,106.75,106.75,106.75,106.75,-106.75,-106.75,-106.75,72.0
riz_5fc3a6b198f37bf9d804c6195e8c0278,125,20201015,640,north,minute_ignition,False,False,3.048611111111111,11768.25,11850.25,11880.0,-82.0,112.0,55,-84.75,29.75,-82.0,True,b_at_entry,,,,,,,,,,,,,
riz_7f28378a82a799329234d7bf3209746f,209,20201029,685,north,minute_ignition,True,False,22.138194444444444,11322.75,11306.25,11331.0,16.5,8.5,10,13.75,24.75,16.0,True,a_first,0.34,0.0,-0.34,-8.5,-8.5,-8.5,-8.5,-8.5,-8.5,8.5,8.5,8.5,2.0
riz_d39c59c6be651c03d21c751188f76057,122,20201030,616,south,minute_ignition,True,False,0.25277777777777777,11117.0,11125.0,11109.5,8.0,7.75,2,6.25,15.5,8.25,True,a_first,0.49206349206349204,0.0,-0.49206349206349204,-7.75,-7.75,-7.75,-7.75,-7.75,-7.75,7.75,7.75,7.75,1.0
riz_ede9aa35dea4c8543004de8927e19e95,126,20201030,648,north,minute_ignition,False,False,0.8597222222222223,11010.5,11260.0,11281.25,-249.5,271.0,76,-250.25,21.25,-249.25,True,b_at_entry,,,,,,,,,,,,,
riz_310c3d39e9124e4cc3e0a782bc10be5a,127,20201030,656,north,minute_ignition,False,False,0.8541666666666666,11036.0,11263.0,11281.25,-227.0,245.5,83,-237.0,18.25,-226.75,True,b_at_entry,,,,,,,,,,,,,
riz_c3c619f3cf4918f877230894c29c62a4,152,20201030,704,south,minute_ignition,True,False,0.2548611111111111,10992.0,11123.0,10980.5,131.0,11.75,89,123.75,142.5,131.0,False,a_first,0.08231173380035026,0.0,-0.08231173380035026,-11.75,-11.75,-11.75,-11.75,-11.75,-11.75,11.75,11.75,11.75,113.0
riz_7a75aa4ff45fca6b80eadd225d80e171,209,20201102,685,south,minute_ignition,True,False,2.890277777777778,11073.0,11097.5,11062.75,24.5,10.5,9,19.0,34.75,24.5,False,a_first,0.3,0.0,-0.3,-10.5,-10.5,-10.5,-10.5,-10.5,-10.5,10.5,10.5,10.5,14.0
riz_555b0a2bd4c3e5eca0fb2b8e6abfd803,164,20201102,788,south,minute_ignition,True,False,2.9618055555555554,11001.25,11102.25,10998.0,101.0,3.5,115,97.5,104.25,100.5,True,a_first,0.03349282296650718,0.0,-0.03349282296650718,-3.5,-3.5,-3.5,-3.5,-3.5,-3.5,3.5,3.5,3.5,1.0
riz_c66b69aab84311f0c69aee32ccba52cf,164,20201103,624,north,minute_ignition,True,False,4.811805555555556,11315.0,11307.5,11328.5,7.5,13.75,3,1.5,21.0,7.25,False,b_first,0.6470588235294118,1.0,0.3529411764705882,7.5,7.5,7.5,7.5,7.5,7.5,-7.5,-7.5,-7.5,2.0
riz_4fb5469bd49fc263c45a73ecf139842e,142,20201103,634,north,minute_ignition,False,False,4.836111111111111,11294.25,11314.75,11328.5,-20.5,34.5,12,-26.75,13.75,-20.5,True,b_at_entry,,,,,,,,,,,,,
riz_67b88dc90a471e69bb0ed4180a906884,129,20201103,672,north,minute_ignition,False,False,4.853472222222222,11307.25,11323.5,11347.0,-16.25,40.0,13,-22.25,23.5,-16.25,True,b_at_entry,,,,,,,,,,,,,
riz_6f0197740fdaaf1b47122a2de1041b3e,219,20201103,735,north,minute_ignition,False,False,4.809722222222222,11291.25,11294.25,11347.0,-3.0,56.0,115,-7.0,52.75,-3.0,True,b_at_entry,,,,,,,,,,,,,
riz_f8b2b4f3927a52a1632f4181a5d9dc17,140,20201113,620,south,minute_ignition,True,False,0.7923611111111111,11848.25,11874.0,11831.75,25.75,16.75,19,21.5,42.25,25.75,True,b_first,0.3941176470588235,1.0,0.6058823529411765,25.75,25.75,25.75,25.75,25.75,25.75,-25.75,-25.75,-25.75,10.0
riz_a9476d9a6d4157deb78a272d0f70fe47,152,20201113,704,south,minute_ignition,False,False,0.4638888888888889,11860.5,11850.0,11801.75,-10.5,59.0,92,-17.25,48.25,-10.25,True,b_at_entry,,,,,,,,,,,,,
riz_f9fec5537f817a246fee7b273d1e19c8,145,20201130,655,south,minute_ignition,True,False,3.591666666666667,12146.25,12173.75,12086.0,27.5,60.5,18,27.25,87.75,27.5,True,b_first,0.6875,1.0,0.3125,27.5,27.5,27.5,27.5,27.5,27.5,-27.5,-27.5,-27.5,11.0
riz_0387eeedecc352e8ac86c9553ce8a589,126,20201130,900,north,minute_ignition,True,False,0.29930555555555555,12290.5,12239.5,12292.0,51.0,1.75,73,49.5,52.5,50.75,True,a_first,0.03317535545023697,0.0,-0.03317535545023697,-1.75,-1.75,-1.75,-1.75,-1.75,-1.75,1.75,1.75,1.75,1.0
riz_d9d2c41f99c38799311b26b408eaace7,128,20201130,920,north,minute_ignition,True,False,0.31875,12280.0,12249.5,12295.75,30.5,16.0,53,27.25,46.25,30.25,False,b_first,0.34408602150537637,1.0,0.6559139784946236,30.5,30.5,30.5,30.5,30.5,30.5,-30.5,-30.5,-30.5,10.0
riz_f15c34a6cdbdda962ee028c078882b87,197,20201210,625,south,minute_ignition,False,False,9.828472222222222,12400.25,12236.5,12217.0,-163.75,183.5,50,-176.25,19.5,-164.0,True,b_at_entry,,,,,,,,,,,,,
riz_19b77199abeea7cb1eef7aaaa47ec671,131,20201211,688,north,minute_ignition,False,False,0.8569444444444444,12287.25,12351.0,12358.5,-63.75,71.5,75,-67.25,7.5,-63.75,True,b_at_entry,,,,,,,,,,,,,
riz_bdd96eb7e2eb07cae7246eff16e735de,182,20201215,732,north,minute_ignition,False,False,6.763888888888889,12520.0,12578.5,12585.0,-58.5,65.25,158,-58.75,6.5,-58.5,True,b_at_entry,,,,,,,,,,,,,
riz_6f00b1dca9d0526449e37815914555bd,137,20201218,599,south,minute_ignition,True,False,0.3763888888888889,12728.25,12730.0,12714.0,1.75,14.5,6,-6.25,16.0,1.25,True,a_first,0.8923076923076924,0.0,-0.8923076923076924,-14.5,-14.5,-14.5,-14.5,-14.5,-14.5,14.5,14.5,14.5,2.0
riz_7a7477f41981cd451f478253ff0d57f8,123,20201222,624,south,minute_ignition,False,False,0.3076388888888889,12697.75,12687.0,12678.5,-10.75,19.5,49,-11.5,8.5,-10.75,True,b_at_entry,,,,,,,,,,,,,
riz_ade0916a78872db8d855ad05037b2a55,128,20201222,664,south,minute_ignition,True,False,0.3548611111111111,12674.25,12674.5,12662.75,0.25,11.75,1,-8.25,11.75,0.5,True,b_first,0.9791666666666666,1.0,0.02083333333333337,0.25,0.25,0.25,0.25,0.25,0.25,-0.25,-0.25,-0.25,1.0
riz_828ce94671c1c70cf7f1a25c0659979b,131,20201222,688,south,minute_ignition,False,False,0.3458333333333333,12679.0,12678.25,12662.75,-0.75,16.5,26,-2.25,15.5,-0.75,True,b_at_entry,,,,,,,,,,,,,
riz_5f82b3df08d6530a6348f1f58f70057e,195,20210104,615,south,minute_ignition,True,False,0.38125,12857.25,12877.5,12846.5,20.25,11.0,36,16.5,31.0,20.25,True,b_first,0.352,1.0,0.648,20.25,20.25,20.25,20.25,20.25,20.25,-20.25,-20.25,-20.25,7.0
riz_2c80a925571e6cc615550d97a25e0866,147,20210104,669,south,minute_ignition,True,False,0.4486111111111111,12710.75,12873.5,12686.5,162.75,24.5,89,159.5,187.0,163.0,True,a_first,0.1308411214953271,0.0,-0.1308411214953271,-24.5,-24.5,-24.5,-24.5,-24.5,-24.5,24.5,24.5,24.5,2.0
riz_327fcb5d254e9588387c9247a7caf2a9,128,20210106,664,north,minute_ignition,False,False,0.74375,12733.25,12753.5,12768.25,-20.25,35.25,13,-23.5,14.75,-20.0,True,b_at_entry,,,,,,,,,,,,,
riz_d73221b07121f5da752ac11eb54b4889,129,20210106,672,north,minute_ignition,False,False,0.7444444444444445,12755.75,12759.25,12768.25,-3.5,12.75,20,-9.75,9.0,-3.75,True,b_at_entry,,,,,,,,,,,,,
riz_d2ccd45ce4eb8cbcd63c0786eae52115,130,20210106,680,north,minute_ignition,True,False,0.8715277777777778,12781.25,12696.25,12782.75,85.0,1.75,55,79.25,86.5,84.75,True,a_first,0.020172910662824207,0.0,-0.020172910662824207,-1.75,-1.75,-1.75,-1.75,-1.75,-1.75,1.75,1.75,1.75,1.0
riz_23a67ee79860f7d9dc4c22eddf884f11,131,20210106,688,north,minute_ignition,True,False,0.8673611111111111,12773.25,12702.0,12786.0,71.25,13.0,60,70.0,84.0,70.75,True,a_first,0.1543026706231454,0.0,-0.1543026706231454,-13.0,-13.0,-13.0,-13.0,-13.0,-13.0,13.0,13.0,13.0,38.0
riz_840b28a1c911469960d1b8080c348473,219,20210106,735,north,minute_ignition,False,False,0.7958333333333333,12773.5,12790.0,12796.0,-16.5,22.75,9,-18.0,6.0,-16.75,True,b_at_entry,,,,,,,,,,,,,
riz_84cc535ebb36633b4ea203b1295ac6ed,163,20210106,781,north,minute_ignition,False,False,0.7638888888888888,12771.25,12773.0,12796.0,-1.75,25.0,101,-10.25,23.0,-2.25,True,b_at_entry,,,,,,,,,,,,,
riz_2d8c075a3a39749b4292abc31f48a84b,235,20210106,815,north,minute_ignition,True,False,0.7402777777777778,12748.75,12737.5,12796.0,11.25,47.5,169,9.75,58.5,11.75,True,b_first,0.8085106382978723,1.0,0.19148936170212771,11.25,11.25,11.25,11.25,11.25,11.25,-11.25,-11.25,-11.25,44.0
riz_4fc3a41a18385e1a110f5188632b8d6b,162,20210106,936,south,minute_ignition,True,False,0.5298611111111111,12631.25,12666.25,12613.25,35.0,18.25,47,25.0,53.0,34.5,True,a_first,0.3427230046948357,0.0,-0.3427230046948357,-18.25,-18.25,-18.25,-18.25,-18.25,-18.25,18.25,18.25,18.25,15.0
riz_60269d24a68af02cff4a2f48d7719b41,145,20210107,655,north,minute_ignition,True,False,3.2743055555555554,12895.75,12874.25,12909.0,21.5,13.5,40,19.0,34.75,21.25,True,a_first,0.38571428571428573,0.0,-0.38571428571428573,-13.5,-13.5,-13.5,-13.5,-13.5,-13.5,13.5,13.5,13.5,7.0
riz_eae957dbf2609d3af36bcff4af7b47a3,146,20210107,662,north,minute_ignition,True,False,3.276388888888889,12907.25,12876.75,12911.5,30.5,4.5,40,20.25,34.75,30.0,True,b_first,0.12857142857142856,1.0,0.8714285714285714,30.5,30.5,30.5,30.5,30.5,30.5,-30.5,-30.5,-30.5,13.0
riz_e35f20c15377f22ca3e1db5ea98309dd,155,20210107,725,north,minute_ignition,True,False,3.2694444444444444,12893.5,12888.75,12920.75,4.75,27.5,77,1.75,32.0,5.0,True,b_first,0.8527131782945736,1.0,0.1472868217054264,4.75,4.75,4.75,4.75,4.75,4.75,-4.75,-4.75,-4.75,1.0
riz_acb21b07932459f26ffa0695a3145195,233,20210107,805,north,minute_ignition,False,False,3.0881944444444445,12898.0,12909.0,12920.75,-11.0,23.0,106,-17.5,11.75,-11.0,True,b_at_entry,,,,,,,,,,,,,
riz_98387757fcdd4d7191da44cb81b795a3,234,20210107,810,north,minute_ignition,False,False,3.0506944444444444,12893.75,12894.0,12920.75,-0.25,27.25,161,-1.5,26.75,-1.0,True,b_at_entry,,,,,,,,,,,,,
riz_5efa1f0fef030c950aca37665d27a479,130,20210107,940,north,minute_ignition,True,False,3.3381944444444445,12943.5,12932.25,12948.0,11.25,4.75,33,7.25,15.75,11.5,True,a_first,0.296875,0.0,-0.296875,-4.75,-4.75,-4.75,-4.75,-4.75,-4.75,4.75,4.75,4.75,10.0
riz_2d81bf3c157b884e94e5e9904377ac93,139,20210113,613,north,minute_ignition,True,False,0.37083333333333335,12913.25,12911.25,12945.5,2.0,32.5,22,-7.0,34.25,1.75,True,b_first,0.9420289855072463,1.0,0.05797101449275366,2.0,2.0,2.0,2.0,2.0,2.0,-2.0,-2.0,-2.0,1.0
riz_0f31afcc1cd11585312efed1fd04c99e,183,20210114,921,south,minute_ignition,False,False,1.2534722222222223,12904.0,12896.75,12891.5,-7.25,12.75,1,-9.75,5.25,-7.75,True,b_at_entry,,,,,,,,,,,,,
riz_ab00cc4dd9e2b7cb7f30a807883c8879,203,20210122,655,north,minute_ignition,False,False,0.7076388888888889,13341.5,13387.5,13391.75,-46.0,50.5,56,-46.25,4.25,-45.75,True,b_at_entry,,,,,,,,,,,,,
riz_69eb996cb2d624a36dfad3978f375c72,174,20210125,684,south,minute_ignition,False,False,3.1069444444444443,13363.25,13333.0,13189.0,-30.25,174.5,20,-53.5,144.0,-30.5,True,b_at_entry,,,,,,,,,,,,,
riz_941f6fc9e673312a94719fb4f0d1df59,187,20210201,762,north,minute_ignition,True,False,3.845833333333333,13235.75,13209.0,13247.0,26.75,11.5,35,26.0,38.0,27.0,True,a_first,0.3006535947712418,0.0,-0.3006535947712418,-11.5,-11.5,-11.5,-11.5,-11.5,-11.5,11.5,11.5,11.5,12.0
riz_0eaa9291ea22ece776ec48c886f48082,188,20210201,768,north,minute_ignition,True,False,3.8381944444444445,13221.0,13201.5,13247.0,19.5,26.25,45,18.0,45.5,19.5,True,a_first,0.5737704918032787,0.0,-0.5737704918032787,-26.25,-26.25,-26.25,-26.25,-26.25,-26.25,26.25,26.25,26.25,6.0
riz_aa235cb86509e0584f426defbdbd9853,161,20210201,928,north,minute_ignition,False,False,3.9125,13247.0,13262.0,13271.5,-15.0,24.75,126,-21.25,9.5,-15.0,True,b_at_entry,,,,,,,,,,,,,
riz_3dea615d1ad7e30fea084142620e9ed2,140,20210202,620,north,minute_ignition,True,False,7.095833333333333,13434.25,13420.5,13436.5,13.75,2.5,2,12.25,16.0,13.75,True,a_first,0.15384615384615385,0.0,-0.15384615384615385,-2.5,-2.5,-2.5,-2.5,-2.5,-2.5,2.5,2.5,2.5,1.0
riz_e64081a9bba8fa17532720ca6d34449a,177,20210202,702,north,minute_ignition,True,False,7.065277777777778,13430.5,13426.0,13437.5,4.5,7.25,83,-2.5,11.5,4.0,True,b_first,0.6170212765957447,1.0,0.3829787234042553,4.5,4.5,4.5,4.5,4.5,4.5,-4.5,-4.5,-4.5,2.0
riz_1810933aa5a8b8b4b5a96d5e534fb02a,139,20210204,613,south,minute_ignition,False,False,0.37916666666666665,13431.25,13404.5,13391.75,-26.75,39.75,10,-27.25,12.75,-26.75,True,b_at_entry,,,,,,,,,,,,,
riz_0299a9369c7b193825945d446c8c86f1,230,20210218,790,south,minute_ignition,False,False,14.723611111111111,13556.0,13497.0,13468.0,-59.0,88.25,168,-61.25,29.0,-59.25,True,b_at_entry,,,,,,,,,,,,,
riz_8ace671dbcaf2ea15635f9d5bc32f700,124,20210219,756,south,minute_ignition,True,False,0.5159722222222223,13594.5,13602.0,13587.25,7.5,7.5,1,-2.5,14.75,7.5,False,a_first,0.5,0.0,-0.5,-7.5,-7.5,-7.5,-7.5,-7.5,-7.5,7.5,7.5,7.5,3.0
riz_5b19fb9cf7bf6576425e42d2b9c5f3f5,120,20210219,840,south,minute_ignition,False,False,0.5284722222222222,13590.5,13586.5,13534.75,-4.0,56.0,79,-15.0,51.75,-3.75,True,b_at_entry,,,,,,,,,,,,,
riz_630bda4740beadb17fdef267c4df143d,121,20210219,850,south,minute_ignition,False,False,0.5256944444444445,13591.25,13589.75,13534.75,-1.5,56.75,90,-2.75,55.0,-1.25,True,b_at_entry,,,,,,,,,,,,,
riz_a7f9dc986783e2fc9649a5df395fef26,122,20210219,860,south,minute_ignition,False,False,0.5229166666666667,13593.5,13591.0,13534.75,-2.5,59.0,101,-3.0,56.25,-2.25,True,b_at_entry,,,,,,,,,,,,,
riz_999f9bc4c8fcdefd95c6b39afd734edc,147,20210223,669,north,minute_ignition,True,False,21.882638888888888,13086.5,13085.0,13119.25,1.5,33.0,22,0.5,34.25,1.0,True,b_first,0.9565217391304348,1.0,0.04347826086956519,1.5,1.5,1.5,1.5,1.5,1.5,-1.5,-1.5,-1.5,3.0
riz_0bc3aefdf05c3911e5d35e9f9176757e,172,20210223,672,north,minute_ignition,False,False,21.875,13085.25,13094.25,13119.25,-9.0,34.25,8,-22.0,25.0,-9.0,True,b_at_entry,,,,,,,,,,,,,
riz_4061fd0d23301982f8a65024587862f8,128,20210224,792,north,minute_ignition,True,False,0.19027777777777777,13212.5,13161.5,13253.75,51.0,41.5,110,50.25,92.25,51.0,True,a_first,0.4486486486486487,0.0,-0.4486486486486487,-41.5,-41.5,-41.5,-41.5,-41.5,-41.5,41.5,41.5,41.5,20.0
riz_198d030a585a60b0f36a494072a1df36,182,20210225,732,north,minute_ignition,False,False,0.5256944444444445,12981.75,13274.25,13290.0,-292.5,308.5,153,-304.25,15.75,-292.0,True,b_at_entry,,,,,,,,,,,,,
riz_9e03f887942efb30c364dfaea2be871c,149,20210302,683,south,native_confirmation,True,False,4.896527777777778,13136.0,13136.0,13124.5,-0.0,11.75,0,-0.0,11.5,0.5,False,b_at_entry,,,,,,,,,,,,,
riz_9867de50019ba408ada8304b73487f3d,214,20210308,710,north,minute_ignition,False,False,2.6958333333333333,12549.0,12638.25,12715.75,-89.25,167.0,128,-90.75,77.5,-88.5,True,b_at_entry,,,,,,,,,,,,,
riz_55245920aace2256878f77da1306de3d,218,20210308,730,north,minute_ignition,False,False,2.696527777777778,12520.25,12646.0,12715.75,-125.75,195.75,147,-141.75,69.75,-125.5,True,b_at_entry,,,,,,,,,,,,,
riz_0c5dbfc111f371c797cab1641b208125,123,20210308,747,south,minute_ignition,False,False,0.24861111111111112,12559.5,12493.0,12482.0,-66.5,77.75,11,-67.5,11.0,-66.5,True,b_at_entry,,,,,,,,,,,,,
riz_291bfcc4a3f84add2b46473848777d91,123,20210308,747,south,minute_ignition,False,False,0.325,12559.5,12508.25,12482.0,-51.25,77.75,24,-51.5,26.25,-51.25,True,b_at_entry,,,,,,,,,,,,,
riz_2a9b89bd02dae8e50b342418472f1308,128,20210308,792,south,minute_ignition,False,False,0.31527777777777777,12534.5,12500.0,12482.0,-34.5,52.75,58,-36.75,18.0,-34.0,True,b_at_entry,,,,,,,,,,,,,
riz_7e80dd4d468beaf13be3cf5cfc4490dd,173,20210308,851,south,minute_ignition,True,False,0.3451388888888889,12449.5,12481.75,12413.25,32.25,36.5,22,28.5,68.5,30.75,True,b_first,0.5309090909090909,1.0,0.4690909090909091,32.25,32.25,32.25,32.25,32.25,32.25,-32.25,-32.25,-32.25,5.0
riz_50867033e6f8eeb7ea36fab38ebfbb8a,178,20210308,886,south,minute_ignition,True,False,0.3284722222222222,12418.75,12491.5,12413.25,72.75,5.75,61,71.0,78.25,73.5,True,a_first,0.0732484076433121,0.0,-0.0732484076433121,-5.75,-5.75,-5.75,-5.75,-5.75,-5.75,5.75,5.75,5.75,1.0
riz_76f6a64b8bf24f09d11997048e9f0fec,137,20210311,736,north,minute_ignition,True,False,8.547222222222222,13084.0,13066.75,13086.25,17.25,2.5,34,13.25,19.5,17.0,True,b_first,0.12658227848101267,1.0,0.8734177215189873,17.25,17.25,17.25,17.25,17.25,17.25,-17.25,-17.25,-17.25,8.0
riz_cbed0e98503763f039b6e93e3005c1e1,191,20210311,786,north,native_confirmation,True,False,8.530555555555555,13101.0,13097.25,13102.0,3.75,1.25,0,0.0,4.75,3.75,False,a_first,0.25,0.0,-0.25,-1.25,-1.25,-1.25,-1.25,-1.25,-1.25,1.25,1.25,1.25,1.0
riz_75b3781cce23e3be388021f49db58f02,164,20210311,788,north,minute_ignition,True,False,8.567361111111111,13109.0,13088.75,13110.5,20.25,1.75,3,18.5,21.75,20.75,False,b_first,0.07954545454545454,1.0,0.9204545454545454,20.25,20.25,20.25,20.25,20.25,20.25,-20.25,-20.25,-20.25,3.0
riz_7b1f8b60361380851e0212eebf3b74d0,194,20210311,804,north,minute_ignition,False,False,8.527083333333334,13078.75,13101.5,13110.5,-22.75,32.0,17,-21.5,9.0,-20.0,True,b_at_entry,,,,,,,,,,,,,
riz_8441ec2c5db61bc9f6cabc9c46d47df0,151,20210311,848,north,minute_ignition,False,False,8.547916666666667,13074.5,13077.25,13110.5,-2.75,36.25,117,-14.25,33.25,-5.75,True,b_at_entry,,,,,,,,,,,,,
riz_2970e5e2142d00792e6b6d840525cef0,161,20210322,767,north,minute_ignition,False,False,4.822916666666667,13150.5,13155.5,13157.0,-5.0,6.75,2,-5.75,1.5,-5.0,True,b_at_entry,,,,,,,,,,,,,
riz_c1b26df055167cbb754561a23c722d06,184,20210326,744,north,minute_ignition,False,False,0.28541666666666665,12813.25,12835.25,12864.25,-22.0,51.25,141,-27.5,29.0,-22.25,True,b_at_entry,,,,,,,,,,,,,
riz_00bb8d5100a7fa6e9f3249857cb8a796,185,20210326,750,north,minute_ignition,True,False,0.27847222222222223,12834.75,12825.25,12864.25,9.5,29.75,154,7.0,39.0,8.75,True,b_first,0.7579617834394905,1.0,0.2420382165605095,9.5,9.5,9.5,9.5,9.5,9.5,-9.5,-9.5,-9.5,2.0
riz_da272c68512f915a9a0846aefc1cb620,120,20210329,840,north,minute_ignition,True,False,0.19583333333333333,12954.0,12920.25,13003.0,33.75,49.25,78,28.75,82.75,33.25,True,b_first,0.5933734939759037,1.0,0.40662650602409633,33.75,33.75,33.75,33.75,33.75,33.75,-33.75,-33.75,-33.75,13.0
riz_932c08738b57d5c216aea5a41991b56d,123,20210329,870,north,minute_ignition,False,False,0.18194444444444444,12927.0,12927.5,13003.0,-0.5,76.25,107,-4.5,75.5,0.0,True,b_at_entry,,,,,,,,,,,,,
riz_c2520e420d4904e65f3adb6b47c36bb4,123,20210331,624,north,minute_ignition,True,False,7.083333333333333,13085.5,13085.5,13101.75,0.0,16.5,3,-13.75,16.25,0.25,True,b_at_entry,,,,,,,,,,,,,
riz_c2f5f5f2f0e6681d5bb0285c7aa59699,124,20210331,632,north,minute_ignition,True,False,7.163888888888889,13088.5,13084.0,13101.75,4.5,13.5,12,3.25,17.75,4.0,True,b_first,0.75,1.0,0.25,4.5,4.5,4.5,4.5,4.5,4.5,-4.5,-4.5,-4.5,1.0
riz_b78e676a64b122424a200557c1220f08,206,20210331,670,north,minute_ignition,True,False,7.100694444444445,13101.75,13080.5,13126.75,21.25,25.25,61,18.5,46.25,20.75,True,a_first,0.543010752688172,0.0,-0.543010752688172,-25.25,-25.25,-25.25,-25.25,-25.25,-25.25,25.25,25.25,25.25,51.0
riz_eee58b08cd6a2df94f05f7b6399522e7,151,20210331,697,north,minute_ignition,True,False,7.038888888888889,13106.0,13071.0,13126.75,35.0,21.0,95,32.25,55.75,34.75,True,a_first,0.375,0.0,-0.375,-21.0,-21.0,-21.0,-21.0,-21.0,-21.0,21.0,21.0,21.0,24.0
riz_e05b3b293fdb2a7fa4ac9d697b6ce24f,152,20210331,704,north,minute_ignition,True,False,7.034027777777778,13097.0,13067.5,13126.75,29.5,30.0,103,26.5,59.25,29.0,True,a_first,0.5042016806722689,0.0,-0.5042016806722689,-30.0,-30.0,-30.0,-30.0,-30.0,-30.0,30.0,30.0,30.0,17.0
riz_a669b477a7f7124b1fc6a045fcf7d3b4,160,20210331,760,north,minute_ignition,True,False,7.139583333333333,13145.0,13105.75,13145.5,39.25,0.75,119,29.5,39.75,38.75,True,a_first,0.01875,0.0,-0.01875,-0.75,-0.75,-0.75,-0.75,-0.75,-0.75,0.75,0.75,0.75,1.0
riz_0eb118318ce915af83f4ec221646329a,226,20210331,770,north,minute_ignition,True,False,7.04375,13136.75,13076.0,13146.75,60.75,10.25,163,56.75,70.75,60.5,True,a_first,0.1443661971830986,0.0,-0.1443661971830986,-10.25,-10.25,-10.25,-10.25,-10.25,-10.25,10.25,10.25,10.25,24.0
riz_3536d9a1903e2a6996b5842f3b4351c2,218,20210405,730,north,minute_ignition,True,False,59.708333333333336,13547.5,13465.25,13557.75,82.25,10.5,142,82.0,92.5,82.25,True,a_first,0.11320754716981132,0.0,-0.11320754716981132,-10.5,-10.5,-10.5,-10.5,-10.5,-10.5,10.5,10.5,10.5,10.0
riz_3dc81d44d3605fd95f3035f58579bb6f,188,20210406,768,north,minute_ignition,False,False,46.05555555555556,13627.0,13648.25,13655.0,-21.25,28.25,48,-23.75,6.75,-20.75,True,b_at_entry,,,,,,,,,,,,,
riz_21ce6723db4643938d770e70dfc5635d,237,20210406,825,north,minute_ignition,False,False,46.040277777777774,13583.5,13643.25,13655.0,-59.75,71.75,119,-61.5,11.75,-60.0,True,b_at_entry,,,,,,,,,,,,,
riz_4a09a72a50ad049cf8e4c8abc0ad0666,238,20210406,830,north,minute_ignition,False,False,46.016666666666666,13581.75,13641.0,13655.0,-59.25,73.5,154,-59.75,14.0,-59.25,True,b_at_entry,,,,,,,,,,,,,
riz_88f44d6e3e1644a97201525aa398e2c3,221,20210409,745,north,minute_ignition,True,False,0.7881944444444444,13767.75,13762.5,13778.5,5.25,11.0,30,3.25,16.0,5.0,True,b_first,0.676923076923077,1.0,0.32307692307692304,5.25,5.25,5.25,5.25,5.25,5.25,-5.25,-5.25,-5.25,2.0
riz_f6734af2345bcf8b5aa54b0ebea78ce4,189,20210409,774,north,minute_ignition,False,False,0.6222222222222222,13762.0,13773.5,13778.5,-11.5,16.75,49,-13.5,5.0,-11.5,True,b_at_entry,,,,,,,,,,,,,
riz_feeae200e25bc0f46a16ddd0bab88a94,189,20210409,774,north,minute_ignition,False,False,0.7944444444444444,13762.0,13769.25,13778.5,-7.25,16.75,50,-11.25,9.25,-7.25,True,b_at_entry,,,,,,,,,,,,,
riz_c1dd36d630e27c466364bf85287cbb57,191,20210409,786,north,minute_ignition,True,False,0.7888888888888889,13768.5,13765.0,13778.5,3.5,10.25,70,1.0,13.5,3.5,True,b_first,0.7454545454545455,1.0,0.2545454545454545,3.5,3.5,3.5,3.5,3.5,3.5,-3.5,-3.5,-3.5,4.0
riz_ea0f417c53da0de52d2261134d30d999,144,20210409,936,north,minute_ignition,True,False,0.69375,13807.5,13791.0,13809.0,16.5,1.75,9,15.5,18.0,16.75,True,a_first,0.0958904109589041,0.0,-0.0958904109589041,-1.75,-1.75,-1.75,-1.75,-1.75,-1.75,1.75,1.75,1.75,1.0
riz_cdca318680e0d1815fe620951766fad8,124,20210415,632,north,minute_ignition,True,False,1.1708333333333334,13992.25,13988.25,13996.25,4.0,4.25,2,3.5,8.0,4.0,False,a_first,0.5151515151515151,0.0,-0.5151515151515151,-4.25,-4.25,-4.25,-4.25,-4.25,-4.25,4.25,4.25,4.25,1.0
riz_000576dcc6358537d18e7f20adb17aa1,142,20210415,634,north,minute_ignition,True,False,1.0972222222222223,13995.25,13991.75,14001.75,3.5,6.75,2,3.0,10.0,3.5,True,b_first,0.6585365853658537,1.0,0.3414634146341463,3.5,3.5,3.5,3.5,3.5,3.5,-3.5,-3.5,-3.5,1.0
riz_84e4a44731183ecd0c84deb6457f2537,206,20210415,670,north,minute_ignition,True,False,1.6895833333333334,14005.5,13950.5,14012.25,55.0,7.0,97,52.0,61.75,54.75,True,b_first,0.11290322580645161,1.0,0.8870967741935484,55.0,55.0,55.0,55.0,55.0,55.0,-55.0,-55.0,-55.0,54.0
riz_78ab7ba26d2e6abb2538bd776480f5f1,172,20210415,672,north,minute_ignition,True,False,1.0923611111111111,13998.5,13994.75,14012.25,3.75,14.0,39,3.0,17.5,3.75,True,b_first,0.7887323943661971,1.0,0.21126760563380287,3.75,3.75,3.75,3.75,3.75,3.75,-3.75,-3.75,-3.75,2.0
riz_742f4fe0534ae267c6f278768392f2b9,208,20210415,680,north,minute_ignition,True,False,1.69375,13992.25,13956.5,14012.25,35.75,20.25,101,33.75,55.75,35.5,True,b_first,0.36160714285714285,1.0,0.6383928571428572,35.75,35.75,35.75,35.75,35.75,35.75,-35.75,-35.75,-35.75,39.0
riz_c7ec73d9c836a38bbd1b7a143f87c571,149,20210415,683,north,minute_ignition,False,False,1.0902777777777777,13988.5,13996.5,14012.25,-8.0,24.0,19,-18.5,15.75,-8.0,True,b_at_entry,,,,,,,,,,,,,
riz_bf940ad6727e167c2a757d2519efd58b,177,20210415,702,north,minute_ignition,True,False,1.6902777777777778,13960.25,13953.75,14012.25,6.5,52.25,128,5.5,58.5,6.75,True,b_first,0.8893617021276595,1.0,0.11063829787234047,6.5,6.5,6.5,6.5,6.5,6.5,-6.5,-6.5,-6.5,17.0
riz_0ec92a05b2618bf6d98df40bab12b0d8,139,20210419,613,south,native_confirmation,True,False,4.8069444444444445,13906.0,13917.75,13901.75,11.75,4.5,0,-0.0,16.0,11.5,False,a_first,0.27692307692307694,0.0,-0.27692307692307694,-4.5,-4.5,-4.5,-4.5,-4.5,-4.5,4.5,4.5,4.5,1.0
riz_24c0f03f36a34e0d41805fd6982e251c,164,20210419,624,south,minute_ignition,False,False,4.7652777777777775,13922.75,13903.75,13890.5,-19.0,32.5,10,-22.25,13.25,-19.0,True,b_at_entry,,,,,,,,,,,,,
riz_8349c179ee9098a8261c2e7c0e734c6f,156,20210419,732,south,minute_ignition,False,False,4.7965277777777775,13878.75,13849.25,13844.25,-29.5,34.75,5,-31.25,5.0,-29.75,True,b_at_entry,,,,,,,,,,,,,
riz_b0af75e736d6a82e9579fd9865f3e79c,141,20210419,768,south,minute_ignition,False,False,4.820138888888889,13841.75,13837.0,13821.0,-4.75,21.0,7,-8.5,16.0,-4.5,True,b_at_entry,,,,,,,,,,,,,
riz_a6a4974b6192d147240872d2597baaee,178,20210419,886,south,minute_ignition,False,False,4.795833333333333,13867.5,13852.75,13821.0,-14.75,46.75,160,-15.75,31.75,-15.25,True,b_at_entry,,,,,,,,,,,,,
riz_59ea4207ce385a34f2302ae1315c4ef1,229,20210420,785,north,minute_ignition,False,False,0.3388888888888889,13783.5,13906.5,13929.75,-123.0,146.5,199,-128.75,23.25,-122.5,True,b_at_entry,,,,,,,,,,,,,
riz_c56e0ce8030cf31e3379f178df92d164,194,20210422,804,south,minute_ignition,False,False,1.8618055555555555,13825.25,13817.0,13781.75,-8.25,43.75,5,-21.0,35.25,-8.5,True,b_at_entry,,,,,,,,,,,,,
riz_c3a9dfbb136c67b4db607b14409c860c,138,20210423,606,north,minute_ignition,True,False,1.8069444444444445,13838.0,13832.75,13842.75,5.25,5.0,2,-1.0,10.0,5.25,False,b_first,0.4878048780487805,1.0,0.5121951219512195,5.25,5.25,5.25,5.25,5.25,5.25,-5.25,-5.25,-5.25,1.0
riz_94312c3ccdee290ffc15aff7f1bd16b1,162,20210423,612,north,minute_ignition,True,False,1.7743055555555556,13847.5,13845.0,13848.75,2.5,1.5,1,0.0,3.75,2.25,True,same_minute,0.375,,,,-1.5,2.5,,-1.5,2.5,,-2.5,1.5,1.0
riz_4a3bd2a7c0a306f5eb9160d1a0c82b0d,127,20210423,656,north,minute_ignition,True,False,1.7909722222222222,13870.75,13839.0,13874.0,31.75,3.5,47,31.25,35.0,31.5,True,a_first,0.09929078014184398,0.0,-0.09929078014184398,-3.5,-3.5,-3.5,-3.5,-3.5,-3.5,3.5,3.5,3.5,5.0
riz_50ff885222dc6ceab211d2b2d83c21ae,181,20210423,907,north,minute_ignition,True,False,7.903472222222222,13956.5,13949.0,13969.5,7.5,13.25,139,6.75,20.5,7.5,True,a_first,0.6385542168674698,0.0,-0.6385542168674698,-13.25,-13.25,-13.25,-13.25,-13.25,-13.25,13.25,13.25,13.25,25.0
riz_a2f28663c19cf81df5d91918eec37538,226,20210427,770,south,minute_ignition,False,False,1.0666666666666667,13977.25,13923.0,13912.5,-54.25,65.0,130,-54.75,10.5,-54.5,True,b_at_entry,,,,,,,,,,,,,
riz_36c3363a64c13eb0caa07cc6c88aff4e,192,20210428,600,north,minute_ignition,True,False,0.39791666666666664,13972.25,13960.75,13973.5,11.5,1.5,3,9.5,12.75,11.5,False,a_first,0.11538461538461539,0.0,-0.11538461538461539,-1.5,-1.5,-1.5,-1.5,-1.5,-1.5,1.5,1.5,1.5,1.0
riz_027878b6ca16faf5ef40f6dc02bfbcdd,121,20210428,608,south,minute_ignition,False,False,2.064583333333333,13980.25,13897.75,13885.5,-82.5,95.0,28,-83.5,12.25,-82.5,True,b_at_entry,,,,,,,,,,,,,
riz_550d774607796aea22281995a2642fb2,122,20210428,616,south,minute_ignition,False,False,2.0569444444444445,13969.25,13899.75,13885.5,-69.5,84.0,40,-71.75,14.25,-69.75,True,b_at_entry,,,,,,,,,,,,,
riz_2fb85e732d56f750f0bc09f2a79a224a,196,20210428,620,north,minute_ignition,True,False,0.39375,13965.5,13963.0,13981.0,2.5,15.75,21,-2.5,18.0,2.75,True,b_first,0.863013698630137,1.0,0.136986301369863,2.5,2.5,2.5,2.5,2.5,2.5,-2.5,-2.5,-2.5,4.0
riz_a9f36cb522186c4961bf553f9f79d098,221,20210428,745,north,minute_ignition,False,False,0.3597222222222222,13904.0,13970.0,13981.0,-66.0,77.25,145,-68.25,11.0,-66.0,True,b_at_entry,,,,,,,,,,,,,
riz_8161cd38de8164d768939a76df708c3c,120,20210429,600,south,minute_ignition,True,False,0.24097222222222223,13966.0,14012.5,13949.5,46.5,16.75,13,45.0,63.0,46.5,True,a_first,0.2648221343873518,0.0,-0.2648221343873518,-16.75,-16.75,-16.75,-16.75,-16.75,-16.75,16.75,16.75,16.75,1.0
riz_586d07738b33e62b4df16cd3f2974493,147,20210429,816,south,minute_ignition,False,False,6.836805555555555,13907.75,13833.0,13818.5,-74.75,89.5,88,-83.25,14.5,-74.5,True,b_at_entry,,,,,,,,,,,,,
riz_9a4213da19a8c824f5f06ebb16b9e835,148,20210430,676,north,minute_ignition,False,False,0.7284722222222222,13890.75,13937.5,13956.75,-46.75,66.25,47,-51.0,19.25,-47.0,True,b_at_entry,,,,,,,,,,,,,
riz_c35e0831c390eaca296b67c00a67a4e0,149,20210430,683,north,minute_ignition,False,False,0.7291666666666666,13880.5,13944.0,13956.75,-63.5,76.5,53,-65.25,12.75,-63.25,True,b_at_entry,,,,,,,,,,,,,
riz_667a0ee25ba3c88b093097554d82ea7e,121,20210507,850,south,minute_ignition,False,False,3.161111111111111,13700.5,13683.25,13662.25,-17.25,38.5,10,-19.0,21.0,-17.25,True,b_at_entry,,,,,,,,,,,,,
riz_00a9a4f8f65fd2f1d1f1d3c675a4d6cf,122,20210507,860,south,minute_ignition,False,False,3.15625,13698.25,13679.5,13662.25,-18.75,36.25,19,-26.25,17.25,-18.25,True,b_at_entry,,,,,,,,,,,,,
riz_405d7efb1c7f8ab43e937c69e562250a,139,20210507,891,south,minute_ignition,False,False,3.127083333333333,13711.0,13701.5,13662.25,-9.5,49.0,95,-11.0,39.25,-9.5,True,b_at_entry,,,,,,,,,,,,,
riz_ed5dd082f5e0c925fc39a52a74143599,237,20210511,825,north,minute_ignition,True,False,36.1625,13364.75,13359.0,13369.75,5.75,5.25,3,-3.75,10.75,5.75,False,a_first,0.4772727272727273,0.0,-0.4772727272727273,-5.25,-5.25,-5.25,-5.25,-5.25,-5.25,5.25,5.25,5.25,2.0
riz_4d547bc68aa07be90226f41eeb007c68,210,20210511,900,north,minute_ignition,False,False,36.22847222222222,13330.0,13349.5,13375.75,-19.5,46.0,91,-27.5,26.25,-19.0,True,b_at_entry,,,,,,,,,,,,,
riz_fcb2a1632461c016ebf10c4550b57d1a,203,20210512,655,south,native_confirmation,True,False,48.859027777777776,13046.5,13048.5,13043.25,2.0,3.5,0,-0.0,5.25,2.25,False,same_minute,0.6363636363636364,,,,-3.5,2.0,,-3.5,2.0,,-2.0,3.5,1.0
riz_ea8cb4f6984288daff28cabe89bf3748,201,20210518,645,south,minute_ignition,False,False,0.8229166666666666,13373.25,13317.5,13300.0,-55.75,73.5,54,-62.25,17.5,-55.75,True,b_at_entry,,,,,,,,,,,,,
riz_288afe83c6bb630b70d5d5add1628dc3,147,20210519,669,north,native_confirmation,True,False,5.510416666666667,13125.75,13112.5,13127.25,13.25,1.75,0,0.0,14.75,13.25,False,a_first,0.11666666666666667,0.0,-0.11666666666666667,-1.75,-1.75,-1.75,-1.75,-1.75,-1.75,1.75,1.75,1.75,1.0
riz_f493a8bcb76fcc9654b9d44c1dba9ba3,120,20210519,720,north,minute_ignition,True,False,5.535416666666666,13132.75,13104.0,13149.75,28.75,17.25,69,23.5,45.75,29.0,True,a_first,0.375,0.0,-0.375,-17.25,-17.25,-17.25,-17.25,-17.25,-17.25,17.25,17.25,17.25,14.0
riz_c27332a21c196ada219774802e736033,162,20210527,936,south,minute_ignition,True,False,0.2833333333333333,13649.5,13657.25,13646.75,7.75,3.0,78,7.0,10.5,7.5,True,b_first,0.27906976744186046,1.0,0.7209302325581395,7.75,7.75,7.75,7.75,7.75,7.75,-7.75,-7.75,-7.75,1.0
riz_5ab579458052e228058ba17cbbb17af2,125,20210601,640,south,minute_ignition,True,False,0.8854166666666666,13658.25,13661.0,13628.75,2.75,29.75,25,-1.0,32.25,2.5,True,b_first,0.9153846153846154,1.0,0.08461538461538465,2.75,2.75,2.75,2.75,2.75,2.75,-2.75,-2.75,-2.75,1.0
riz_4b94f8061637f6fec36699c2dbfd0ee7,131,20210601,688,south,minute_ignition,True,False,3.7041666666666666,13643.25,13720.0,13592.25,76.75,51.25,94,76.25,127.75,76.75,True,censored_horizon,0.400390625,,,4.75,4.75,4.75,4.75,4.75,4.75,-4.75,-4.75,-4.75,120.0
riz_cdf61f7b76abbbe7223a2f7891a33a4b,139,20210602,613,north,minute_ignition,False,False,1.1756944444444444,13666.25,13699.0,13708.5,-32.75,42.5,25,-34.0,9.5,-32.75,True,b_at_entry,,,,,,,,,,,,,
riz_252798cd083fb8b278393cc9388aff3c,142,20210602,634,north,minute_ignition,False,False,1.1958333333333333,13697.5,13703.0,13708.5,-5.5,11.25,2,-6.0,5.5,-5.5,True,b_at_entry,,,,,,,,,,,,,
riz_485a8a3fda61cb958bad175cb9e2f4ed,143,20210602,641,north,native_confirmation,True,False,1.198611111111111,13707.5,13706.75,13710.0,0.75,2.75,0,0.0,3.25,0.5,False,same_minute,0.7857142857142857,,,,-2.75,0.75,,-2.75,0.75,,-0.75,2.75,1.0
riz_11635bfef49cba33d43a10bf33211d5d,185,20210602,750,north,minute_ignition,False,False,1.1493055555555556,13663.75,13701.0,13712.75,-37.25,49.25,155,-38.5,11.75,-37.0,True,b_at_entry,,,,,,,,,,,,,
riz_d317b9f5d443a767084668051aa112ff,189,20210602,774,north,minute_ignition,False,False,1.1388888888888888,13670.5,13702.75,13712.75,-32.25,42.5,178,-32.5,10.0,-32.25,True,b_at_entry,,,,,,,,,,,,,
riz_74ab08e1f0ef9acaec7810f883a78925,140,20210603,620,south,minute_ignition,False,False,12.877083333333333,13524.5,13507.5,13462.25,-17.0,62.5,37,-20.25,45.25,-17.25,True,b_at_entry,,,,,,,,,,,,,
riz_45ace640d64e62a35848f91d04310682,158,20210604,588,north,minute_ignition,True,False,1.4375,13690.25,13680.25,13694.5,10.0,4.5,2,0.0,14.25,10.25,False,a_first,0.3103448275862069,0.0,-0.3103448275862069,-4.5,-4.5,-4.5,-4.5,-4.5,-4.5,4.5,4.5,4.5,3.0
riz_07656c186cb85efc73e24bc29ea97892,121,20210604,608,north,minute_ignition,True,False,3.0805555555555557,13731.0,13729.5,13747.5,1.5,16.75,5,-14.0,18.0,1.25,True,b_first,0.9178082191780822,1.0,0.0821917808219178,1.5,1.5,1.5,1.5,1.5,1.5,-1.5,-1.5,-1.5,1.0
riz_12993a962befb2b95685270bee4f4b74,162,20210616,612,north,minute_ignition,True,False,1.6888888888888889,14087.5,14059.25,14093.5,28.25,6.25,40,25.75,34.25,28.5,True,a_first,0.18115942028985507,0.0,-0.18115942028985507,-6.25,-6.25,-6.25,-6.25,-6.25,-6.25,6.25,6.25,6.25,10.0
riz_70cb00d447da471590050658fbc42dbe,146,20210617,662,north,minute_ignition,False,False,2.5881944444444445,14111.5,14111.0,14128.5,0.5,17.25,29,-3.0,17.5,0.0,True,b_first,0.971830985915493,1.0,0.028169014084507005,0.5,0.5,0.5,0.5,0.5,0.5,-0.5,-0.5,-0.5,1.0
riz_f3754269f19369307c15301b7d49f201,137,20210617,736,north,minute_ignition,True,False,2.502083333333333,14129.5,14120.0,14191.5,9.5,62.25,99,5.0,71.5,9.75,True,b_first,0.867595818815331,1.0,0.132404181184669,9.5,9.5,9.5,9.5,9.5,9.5,-9.5,-9.5,-9.5,2.0
riz_767bd39f2fcb74972268d94dda58e3e2,148,20210618,676,south,minute_ignition,False,False,1.7930555555555556,14038.0,14030.75,14026.0,-7.25,12.25,2,-8.75,4.75,-7.0,True,b_at_entry,,,,,,,,,,,,,
riz_a68c014f72e994a1f5d35fb4a450a8b4,132,20210618,696,south,minute_ignition,False,False,1.8118055555555554,14038.0,14023.25,14010.0,-14.75,28.25,7,-18.5,13.25,-14.5,True,b_at_entry,,,,,,,,,,,,,
riz_3ea61b4f19a171914bba773148b4dec9,171,20210618,837,south,minute_ignition,False,False,1.7791666666666666,14077.75,14016.75,14010.0,-61.0,68.0,147,-62.5,6.75,-60.75,True,b_at_entry,,,,,,,,,,,,,
riz_eb40c296c724a2553a1ffc4089b3ebc6,190,20210621,590,south,minute_ignition,False,False,4.6930555555555555,14002.25,13970.5,13958.5,-31.75,44.0,12,-35.75,12.0,-32.25,True,b_at_entry,,,,,,,,,,,,,
riz_3ae54471e86981c674fe6f39ff2b3633,191,20210621,595,south,minute_ignition,False,False,4.69375,14042.5,13966.25,13958.5,-76.25,84.25,16,-76.25,7.75,-76.0,True,b_at_entry,,,,,,,,,,,,,
riz_c2af6a03b4b773332a88e297367a5996,139,20210623,613,north,minute_ignition,True,False,0.3590277777777778,14300.25,14286.25,14315.75,14.0,15.75,39,10.75,29.5,13.5,True,b_first,0.5294117647058824,1.0,0.47058823529411764,14.0,14.0,14.0,14.0,14.0,14.0,-14.0,-14.0,-14.0,20.0
riz_34852103d515a413d184feae78232139,227,20210712,775,south,minute_ignition,False,False,0.3527777777777778,14839.0,14811.0,14802.25,-28.0,37.0,173,-31.0,8.75,-28.25,True,b_at_entry,,,,,,,,,,,,,
riz_cea77b69b9b0ebc647256ce89590b3e3,145,20210714,800,south,minute_ignition,False,False,0.7833333333333333,14917.0,14889.75,14862.0,-27.25,55.25,92,-28.0,27.75,-27.5,True,b_at_entry,,,,,,,,,,,,,
riz_e789fef18ff16a71eb8532bfaa62fda4,135,20210715,720,south,minute_ignition,False,False,7.232638888888889,14775.75,14769.0,14753.0,-6.75,23.0,70,-9.0,16.0,-6.75,True,b_at_entry,,,,,,,,,,,,,
riz_e17d2216a4dd1a1acd9d09166d2741d3,181,20210715,726,south,minute_ignition,False,False,7.199305555555555,14765.0,14763.25,14747.25,-1.75,18.0,75,-3.5,16.0,-2.0,True,b_at_entry,,,,,,,,,,,,,
riz_91bf2634eb3845bb7ebf48f4fcc17777,136,20210715,728,south,minute_ignition,False,False,7.238888888888889,14762.0,14758.75,14747.25,-3.25,15.0,64,-6.75,11.5,-3.5,True,b_at_entry,,,,,,,,,,,,,
riz_31f467956b47a36d40fba60625f33875,164,20210716,624,south,minute_ignition,True,False,0.4548611111111111,14757.25,14761.25,14749.0,4.0,8.5,1,-0.75,12.25,4.0,True,a_first,0.68,0.0,-0.68,-8.5,-8.5,-8.5,-8.5,-8.5,-8.5,8.5,8.5,8.5,1.0
riz_ab70f26ac4bd40bf10e6a886d14e89e7,217,20210721,942,north,minute_ignition,True,False,5.272916666666666,14793.75,14789.0,14805.5,4.75,12.0,41,3.75,16.5,5.0,True,b_first,0.7164179104477612,1.0,0.28358208955223885,4.75,4.75,4.75,4.75,4.75,4.75,-4.75,-4.75,-4.75,7.0
riz_da006a51a5c243596d796eb131c55187,122,20210727,616,south,minute_ignition,True,False,3.998611111111111,14962.75,14994.0,14951.25,31.25,11.75,2,25.75,42.75,31.5,False,a_first,0.27325581395348836,0.0,-0.27325581395348836,-11.75,-11.75,-11.75,-11.75,-11.75,-11.75,11.75,11.75,11.75,17.0
riz_a5655a6cd471235954ed966dcd501fc8,166,20210727,802,south,minute_ignition,True,False,10.999305555555555,14776.0,14786.75,14774.5,10.75,1.75,1,7.75,12.25,11.0,False,a_first,0.14,0.0,-0.14,-1.75,-1.75,-1.75,-1.75,-1.75,-1.75,1.75,1.75,1.75,1.0
riz_a024f1edeb474851eac654609d362b5b,233,20210727,805,south,minute_ignition,True,False,11.895833333333334,14783.0,14895.75,14774.25,112.75,9.0,150,110.75,121.5,113.5,True,b_first,0.07392197125256673,1.0,0.9260780287474333,112.75,112.75,112.75,112.75,112.75,112.75,-112.75,-112.75,-112.75,82.0
riz_669d4c744e8128a1bfe19ceb1eaadb65,207,20210728,675,north,minute_ignition,True,False,4.816666666666666,15037.25,15024.5,15074.5,12.75,37.5,57,-1.0,50.0,12.25,True,b_first,0.746268656716418,1.0,0.25373134328358204,12.75,12.75,12.75,12.75,12.75,12.75,-12.75,-12.75,-12.75,8.0
riz_92dbc77d1c30fe739d661870c2475be9,126,20210804,900,north,minute_ignition,False,False,8.245833333333334,15076.75,15102.5,15108.0,-25.75,31.5,24,-30.0,5.5,-26.0,True,b_at_entry,,,,,,,,,,,,,
riz_13ab424fb4826593373a1193f4e8548a,196,20210810,620,south,minute_ignition,True,False,0.4076388888888889,15116.25,15118.5,15112.25,2.25,4.25,1,-0.0,6.25,1.75,True,b_first,0.6538461538461539,1.0,0.34615384615384615,2.25,2.25,2.25,2.25,2.25,2.25,-2.25,-2.25,-2.25,1.0
riz_0bb3350f87de90187835b06cbab9113d,142,20210810,634,south,minute_ignition,True,False,0.3909722222222222,15064.5,15109.75,15048.75,45.25,16.0,5,44.0,61.0,45.75,False,a_first,0.2612244897959184,0.0,-0.2612244897959184,-16.0,-16.0,-16.0,-16.0,-16.0,-16.0,16.0,16.0,16.0,7.0
riz_dc4856f83608ad84b93da4654ebae130,219,20210810,735,south,minute_ignition,True,False,0.38055555555555554,15070.0,15114.75,14994.5,44.75,75.75,109,42.0,120.25,44.75,True,censored_horizon,0.6286307053941909,,,-43.75,-43.75,-43.75,-43.75,-43.75,-43.75,43.75,43.75,43.75,120.0
riz_7f0ebc57640acefe498bcb1ac7bb35cc,165,20210813,630,north,minute_ignition,False,False,3.1069444444444443,15114.75,15133.0,15141.75,-18.25,27.25,11,-20.75,8.75,-18.25,True,b_at_entry,,,,,,,,,,,,,
riz_8770669b9ae97c283b3903fe6a049da0,198,20210813,630,north,minute_ignition,False,False,3.129166666666667,15114.75,15127.5,15141.75,-12.75,27.25,12,-15.25,14.25,-12.75,True,b_at_entry,,,,,,,,,,,,,
riz_1634c16b04ab738503a9bc31c0e6a6a6,124,20210813,632,north,minute_ignition,False,False,3.1645833333333333,15114.5,15135.5,15141.75,-21.0,27.5,11,-26.25,6.25,-21.0,True,b_at_entry,,,,,,,,,,,,,
riz_ceaae37ca7c5956d43d0b705a5898f81,121,20210816,850,north,minute_ignition,True,False,3.9756944444444446,15083.75,15051.0,15089.75,32.75,6.25,35,32.0,38.75,32.75,True,a_first,0.16025641025641027,0.0,-0.16025641025641027,-6.25,-6.25,-6.25,-6.25,-6.25,-6.25,6.25,6.25,6.25,2.0
riz_1293c33924eb03ff15e5c505bb530c71,123,20210816,870,north,minute_ignition,True,False,3.9541666666666666,15077.5,15033.0,15091.5,44.5,14.25,66,42.0,58.5,44.5,True,a_first,0.2425531914893617,0.0,-0.2425531914893617,-14.25,-14.25,-14.25,-14.25,-14.25,-14.25,14.25,14.25,14.25,17.0
riz_df33d580550646b92862d38073d5d7ad,163,20210816,944,north,minute_ignition,True,False,3.9097222222222223,15102.25,15044.0,15118.0,58.25,16.0,130,57.25,74.0,58.5,False,a_first,0.21548821548821548,0.0,-0.21548821548821548,-16.0,-16.0,-16.0,-16.0,-16.0,-16.0,16.0,16.0,16.0,8.0
riz_2a3c20c863f420c38b56fcb507afc0d8,134,20210902,578,north,minute_ignition,False,False,0.8090277777777778,15662.75,15671.0,15680.75,-8.25,18.25,7,-15.0,9.75,-8.5,True,b_at_entry,,,,,,,,,,,,,
riz_d5122c7b723236e4af2a1031232f2b77,145,20210907,655,north,minute_ignition,True,False,1.2979166666666666,15673.25,15664.5,15677.75,8.75,4.75,6,6.5,13.25,8.75,False,b_first,0.35185185185185186,1.0,0.6481481481481481,8.75,8.75,8.75,8.75,8.75,8.75,-8.75,-8.75,-8.75,12.0
riz_53a1acb8b676d9efc3c4e9737f0574a7,225,20210907,765,north,minute_ignition,True,False,1.2333333333333334,15692.75,15668.25,15694.25,24.5,1.75,114,18.25,26.0,24.5,True,a_first,0.06666666666666667,0.0,-0.06666666666666667,-1.75,-1.75,-1.75,-1.75,-1.75,-1.75,1.75,1.75,1.75,1.0
riz_d749708854078125be62b8d5408b0ce7,189,20210907,774,north,minute_ignition,False,False,0.9923611111111111,15691.75,15698.5,15701.5,-6.75,10.0,5,-7.75,3.0,-6.75,True,b_at_entry,,,,,,,,,,,,,
riz_faab5c2be59c2848b797ce104475e262,227,20210907,775,north,minute_ignition,True,False,1.2284722222222222,15693.25,15667.0,15701.5,26.25,8.5,125,25.25,34.5,26.0,True,censored_horizon,0.2446043165467626,,,8.5,8.5,8.5,8.5,8.5,8.5,-8.5,-8.5,-8.5,120.0
riz_78f62b8f307fa09e9f1e811e3a1d2e51,131,20210909,819,south,minute_ignition,True,False,0.6263888888888889,15556.25,15595.75,15554.5,39.5,2.0,18,36.0,41.25,39.75,False,a_first,0.04819277108433735,0.0,-0.04819277108433735,-2.0,-2.0,-2.0,-2.0,-2.0,-2.0,2.0,2.0,2.0,1.0
riz_470e495f806cd3fa80d8ad13a48ad0df,175,20210910,690,south,minute_ignition,True,False,0.725,15535.25,15598.0,15535.5,62.75,-0.0,66,61.25,62.5,62.5,True,a_at_entry,,,,,,,,,,,,,
riz_bb4cbb52854ed56467947a5ec93615eb,182,20210913,732,south,minute_ignition,True,False,0.5263888888888889,15393.5,15489.0,15346.0,95.5,47.75,152,84.0,143.0,95.5,True,censored_horizon,0.3333333333333333,,,-17.5,-17.5,-17.5,-17.5,-17.5,-17.5,17.5,17.5,17.5,120.0
riz_4361f31756a7a6d3ec05a0a16343c36a,133,20210914,571,north,native_confirmation,True,False,1.0,15518.25,15503.0,15522.25,15.25,4.25,0,0.0,19.25,15.25,False,a_first,0.21794871794871795,0.0,-0.21794871794871795,-4.25,-4.25,-4.25,-4.25,-4.25,-4.25,4.25,4.25,4.25,1.0
riz_400ae7e7f2ab6cbd82e08c7bbfae84c7,122,20210916,616,south,native_confirmation,True,False,0.9152777777777777,15374.75,15375.0,15369.0,0.25,6.0,0,-0.0,6.0,0.25,False,a_first,0.96,0.0,-0.96,-6.0,-6.0,-6.0,-6.0,-6.0,-6.0,6.0,6.0,6.0,1.0
riz_22c270937f82afdf2df56c7f4debc040,123,20210916,624,south,minute_ignition,False,False,0.9006944444444445,15392.75,15392.25,15363.25,-0.5,29.75,20,-5.5,29.0,-0.0,True,b_at_entry,,,,,,,,,,,,,
riz_0cc736f5cde4d2488738d43ec6f4debc,156,20210916,732,south,minute_ignition,False,False,0.9118055555555555,15407.25,15384.25,15358.75,-23.0,48.75,127,-22.75,25.5,-22.5,True,b_at_entry,,,,,,,,,,,,,
riz_67725b19276c0ed6b2858e129911bdfc,188,20210917,580,south,minute_ignition,True,False,0.8659722222222223,15416.75,15442.5,15413.5,25.75,3.5,5,24.25,29.0,26.0,False,a_first,0.11965811965811966,0.0,-0.11965811965811966,-3.5,-3.5,-3.5,-3.5,-3.5,-3.5,3.5,3.5,3.5,1.0
riz_b5bd1f260d3c0ae0666a1253697fc4a2,236,20210917,584,south,minute_ignition,True,False,0.8305555555555556,15432.75,15439.25,15408.0,6.5,25.0,8,-9.25,31.25,7.0,False,a_first,0.7936507936507936,0.0,-0.7936507936507936,-25.0,-25.0,-25.0,-25.0,-25.0,-25.0,25.0,25.0,25.0,6.0
riz_1759d09cd971838b6448b4bcb930eeda,136,20210917,592,south,minute_ignition,True,False,0.9034722222222222,15407.0,15416.5,15401.25,9.5,6.0,3,7.0,15.25,9.5,False,a_first,0.3870967741935484,0.0,-0.3870967741935484,-6.0,-6.0,-6.0,-6.0,-6.0,-6.0,6.0,6.0,6.0,2.0
riz_dad86aa0f02b73980673942db91b8dfe,120,20210917,600,south,minute_ignition,True,False,0.9104166666666667,15403.0,15409.0,15384.0,6.0,19.25,9,3.25,25.0,6.25,True,a_first,0.7623762376237624,0.0,-0.7623762376237624,-19.25,-19.25,-19.25,-19.25,-19.25,-19.25,19.25,19.25,19.25,6.0
riz_3f2af51fcb27b102d8ee70b564fe1be3,228,20210920,780,south,minute_ignition,True,False,31.440277777777776,14917.5,14932.25,14909.5,14.75,8.25,50,9.75,22.75,14.5,True,b_first,0.358695652173913,1.0,0.6413043478260869,14.75,14.75,14.75,14.75,14.75,14.75,-14.75,-14.75,-14.75,1.0
riz_78dfb08dddcaadcd2fcf6275f25e34ee,197,20210920,822,south,minute_ignition,True,False,31.48125,14939.75,14942.0,14884.0,2.25,56.0,95,-6.25,58.0,2.5,True,b_first,0.9613733905579399,1.0,0.03862660944206009,2.25,2.25,2.25,2.25,2.25,2.25,-2.25,-2.25,-2.25,1.0
riz_7fa2e2cbc804d2babd41349e9af8a365,155,20210920,880,south,minute_ignition,False,False,32.42986111111111,14827.25,14824.75,14820.0,-2.5,7.5,1,-5.75,4.75,-2.75,True,b_at_entry,,,,,,,,,,,,,
riz_f8bb5e2d52b3da2f7c72e50c68f8f55b,127,20210920,910,south,minute_ignition,True,False,32.49791666666667,14831.25,14847.0,14811.5,15.75,20.0,45,12.0,35.5,15.5,True,b_first,0.5594405594405595,1.0,0.4405594405594405,15.75,15.75,15.75,15.75,15.75,15.75,-15.75,-15.75,-15.75,1.0
riz_d895556fa04c4b7d9c760a2f691b16c9,147,20210924,816,north,minute_ignition,True,False,0.9430555555555555,15270.0,15265.5,15296.25,4.5,26.5,82,2.75,30.75,4.5,True,b_first,0.8548387096774194,1.0,0.14516129032258063,4.5,4.5,4.5,4.5,4.5,4.5,-4.5,-4.5,-4.5,21.0
riz_7040c86fbbc4ad87f2777ff17c0316f1,133,20210924,837,north,minute_ignition,False,False,0.9326388888888889,15266.75,15276.25,15296.25,-9.5,29.75,97,-9.75,20.0,-9.5,True,b_at_entry,,,,,,,,,,,,,
riz_30f5ddabc7a31b059d579bee5da68f20,190,20211006,590,north,minute_ignition,True,False,0.8576388888888888,14587.0,14554.25,14638.5,32.75,51.75,15,30.0,84.25,33.0,False,b_first,0.6124260355029586,1.0,0.3875739644970414,32.75,32.75,32.75,32.75,32.75,32.75,-32.75,-32.75,-32.75,6.0
riz_ba5499958c02d2523aa01960335e34e2,197,20211006,625,north,minute_ignition,True,False,0.7256944444444444,14658.5,14645.25,14667.75,13.25,9.5,1,10.75,22.5,13.0,True,a_first,0.4175824175824176,0.0,-0.4175824175824176,-9.5,-9.5,-9.5,-9.5,-9.5,-9.5,9.5,9.5,9.5,1.0
riz_899abd3fd001287b5354f3414e32e86e,120,20211012,600,south,minute_ignition,True,False,0.5729166666666666,14661.5,14695.75,14657.5,34.25,4.25,15,29.5,38.25,34.5,True,b_first,0.11038961038961038,1.0,0.8896103896103896,34.25,34.25,34.25,34.25,34.25,34.25,-34.25,-34.25,-34.25,2.0
riz_ac956c227c13e4b298e0617261f89da5,130,20211012,680,south,minute_ignition,True,False,0.47638888888888886,14669.0,14669.0,14633.0,-0.0,36.25,94,-1.0,36.0,0.5,True,b_at_entry,,,,,,,,,,,,,
riz_d36c7fda153feda85ad1c84235140e8f,131,20211012,688,south,minute_ignition,False,False,0.4847222222222222,14675.5,14664.5,14633.0,-11.0,42.75,88,-14.0,31.5,-10.75,True,b_at_entry,,,,,,,,,,,,,
riz_b8697d2661057c563421c75e7bdd2e25,132,20211012,696,south,minute_ignition,False,False,0.5090277777777777,14668.0,14661.25,14633.0,-6.75,35.25,59,-15.0,28.25,-7.0,True,b_at_entry,,,,,,,,,,,,,
riz_c46e988ee0b62f2ba7468e6d27b98f56,192,20211018,600,north,minute_ignition,True,False,2.7020833333333334,15138.0,15135.5,15147.75,2.5,10.0,9,-4.5,12.25,2.25,True,b_first,0.8,1.0,0.19999999999999996,2.5,2.5,2.5,2.5,2.5,2.5,-2.5,-2.5,-2.5,1.0
riz_0f2548e3259e76ce030ef6b6c2a6c2da,197,20211018,625,north,minute_ignition,False,False,2.7125,15141.0,15142.25,15160.75,-1.25,20.0,19,-8.0,18.5,-1.0,True,b_at_entry,,,,,,,,,,,,,
riz_bec83c18ebea50f77043f7daadfb968c,136,20211018,864,north,minute_ignition,True,False,23.963194444444444,15249.0,15244.5,15254.5,4.5,5.75,53,2.0,10.0,4.75,True,b_first,0.5609756097560976,1.0,0.4390243902439024,4.5,4.5,4.5,4.5,4.5,4.5,-4.5,-4.5,-4.5,3.0
riz_f358cbb56c09e7502f46cd724eca8806,182,20211018,914,north,minute_ignition,True,False,23.970833333333335,15269.75,15253.5,15277.5,16.25,8.0,42,13.75,24.0,16.5,True,a_first,0.32989690721649484,0.0,-0.32989690721649484,-8.0,-8.0,-8.0,-8.0,-8.0,-8.0,8.0,8.0,8.0,3.0
riz_921ffd5978573119c82bf008cf17f796,160,20211018,920,north,minute_ignition,True,False,23.994444444444444,15279.25,15275.0,15281.0,4.25,2.0,8,4.25,6.0,4.5,True,a_first,0.32,0.0,-0.32,-2.0,-2.0,-2.0,-2.0,-2.0,-2.0,2.0,2.0,2.0,2.0
riz_0945df418c3d2b074b0fe4cc9aca9bff,183,20211018,921,north,minute_ignition,True,False,23.977777777777778,15280.0,15259.25,15281.0,20.75,1.25,32,20.0,21.75,20.75,False,a_first,0.056818181818181816,0.0,-0.056818181818181816,-1.25,-1.25,-1.25,-1.25,-1.25,-1.25,1.25,1.25,1.25,1.0
riz_eb3e048a5c7eaca99f8d738d657b3d96,171,20211025,666,north,minute_ignition,False,False,3.0541666666666667,15412.5,15418.5,15434.0,-6.0,21.75,93,-10.25,15.5,-6.0,True,b_at_entry,,,,,,,,,,,,,
riz_909cbc5a1d7a2e6e4d8fae078e4f5d0a,176,20211025,696,north,minute_ignition,False,False,3.10625,15416.0,15424.5,15434.0,-8.5,18.25,23,-11.75,9.5,-8.75,True,b_at_entry,,,,,,,,,,,,,
riz_f682db6e5cae59dc80b0daed221e7183,214,20211025,710,north,minute_ignition,False,False,3.0548611111111112,15421.25,15423.25,15434.0,-2.0,13.0,135,-3.0,10.75,-2.25,True,b_at_entry,,,,,,,,,,,,,
riz_f8afc37804e47064f377745f21ee87a1,217,20211025,725,north,minute_ignition,True,False,3.115972222222222,15453.25,15428.25,15455.25,25.0,2.25,50,23.75,27.0,24.75,True,a_first,0.08256880733944955,0.0,-0.08256880733944955,-2.25,-2.25,-2.25,-2.25,-2.25,-2.25,2.25,2.25,2.25,1.0
riz_a3e0eabdebec7285b8ee2e4fbb065ad0,224,20211025,760,north,minute_ignition,True,False,3.122916666666667,15495.0,15430.0,15495.75,65.0,1.0,47,64.75,65.75,65.0,True,a_first,0.015151515151515152,0.0,-0.015151515151515152,-1.0,-1.0,-1.0,-1.0,-1.0,-1.0,1.0,1.0,1.0,1.0
riz_64b68f774697f0555ed0ac66a6e36e37,191,20211029,786,north,minute_ignition,True,False,0.7743055555555556,15783.75,15701.75,15794.0,82.0,10.5,134,80.5,92.25,82.25,True,a_first,0.11351351351351352,0.0,-0.11351351351351352,-10.5,-10.5,-10.5,-10.5,-10.5,-10.5,10.5,10.5,10.5,8.0
riz_076cdf38fb71da55be53a730cbeb14ff,191,20211109,595,south,minute_ignition,True,False,0.39652777777777776,16300.0,16310.5,16288.5,10.5,11.75,2,6.75,22.0,10.5,False,b_first,0.5280898876404494,1.0,0.4719101123595506,10.5,10.5,10.5,10.5,10.5,10.5,-10.5,-10.5,-10.5,1.0
riz_7b1ec6e513654aa4611dcd3db96dc3d7,122,20211110,616,north,minute_ignition,True,False,0.24930555555555556,16208.75,16193.75,16221.0,15.0,12.5,7,14.75,27.25,15.25,True,b_first,0.45454545454545453,1.0,0.5454545454545454,15.0,15.0,15.0,15.0,15.0,15.0,-15.0,-15.0,-15.0,7.0
riz_1f2164e883469574da23b1b7ce2eb2c8,124,20211110,632,north,minute_ignition,False,False,0.24166666666666667,16182.75,16189.25,16221.0,-6.5,38.5,24,-8.5,31.75,-6.5,True,b_at_entry,,,,,,,,,,,,,
riz_21cad577d0307ccd01b0efec095f9dd8,126,20211110,648,north,minute_ignition,False,False,0.23333333333333334,16175.25,16182.25,16221.0,-7.0,46.0,42,-7.75,38.75,-7.5,True,b_at_entry,,,,,,,,,,,,,
riz_18a08b03ff04c4c535ea05b215085bad,128,20211110,664,north,minute_ignition,True,False,0.22291666666666668,16186.5,16172.75,16221.0,13.75,34.75,63,9.5,48.25,13.5,True,b_first,0.7164948453608248,1.0,0.28350515463917525,13.75,13.75,13.75,13.75,13.75,13.75,-13.75,-13.75,-13.75,3.0
riz_d5d760b72241ea582853ce1abb2ef7c8,150,20211110,690,north,minute_ignition,False,False,0.2534722222222222,16148.75,16181.0,16221.0,-32.25,72.5,85,-33.5,40.0,-32.25,True,b_at_entry,,,,,,,,,,,,,
riz_04b9996f04a8bed96b4e4793df581a93,185,20211116,935,north,minute_ignition,False,False,7.322222222222222,16317.0,16320.5,16323.75,-3.5,7.0,91,-3.5,3.25,-3.25,True,b_at_entry,,,,,,,,,,,,,
riz_b83c53c8e6419b9c5880552e8a4a8a6e,143,20211117,641,north,minute_ignition,True,False,8.098611111111111,16347.25,16334.25,16349.75,13.0,2.75,1,2.5,15.5,12.75,False,a_first,0.1746031746031746,0.0,-0.1746031746031746,-2.75,-2.75,-2.75,-2.75,-2.75,-2.75,2.75,2.75,2.75,1.0
riz_e9069898bcc260371210efc365fad813,186,20211117,756,north,minute_ignition,False,False,8.092361111111112,16320.0,16368.0,16396.5,-48.0,76.75,53,-51.5,28.5,-48.0,True,b_at_entry,,,,,,,,,,,,,
riz_ec015e54d94043a084ab0e11962c836a,145,20211123,655,south,minute_ignition,True,False,7.300694444444445,16191.5,16205.25,16190.25,13.75,1.5,2,13.75,15.0,14.0,True,a_first,0.09836065573770492,0.0,-0.09836065573770492,-1.5,-1.5,-1.5,-1.5,-1.5,-1.5,1.5,1.5,1.5,2.0
riz_5269f210924b2779c18a97adc8537e08,135,20211124,720,north,minute_ignition,False,False,0.34930555555555554,16307.5,16313.5,16337.75,-6.0,30.5,37,-7.25,24.25,-6.5,True,b_at_entry,,,,,,,,,,,,,
riz_243ba7db4fdafa90e12097d281d106c6,212,20211129,700,north,minute_ignition,True,False,4.777083333333334,16335.0,16333.5,16341.0,1.5,6.25,1,-0.25,7.5,0.75,True,a_first,0.8064516129032258,0.0,-0.8064516129032258,-6.25,-6.25,-6.25,-6.25,-6.25,-6.25,6.25,6.25,6.25,1.0
riz_91cbeaad40765f6bce768c24e5ae28af,135,20211129,720,north,minute_ignition,True,False,4.7875,16353.75,16352.0,16358.0,1.75,4.5,6,-1.25,6.0,1.25,True,b_first,0.72,1.0,0.28,1.75,1.75,1.75,1.75,1.75,1.75,-1.75,-1.75,-1.75,1.0
riz_9e9a84339648762b6091c15b15ee83ac,155,20211129,725,north,minute_ignition,True,False,4.645138888888889,16365.25,16360.0,16368.25,5.25,3.25,1,1.0,8.25,5.25,False,a_first,0.38235294117647056,0.0,-0.38235294117647056,-3.25,-3.25,-3.25,-3.25,-3.25,-3.25,3.25,3.25,3.25,1.0
riz_b847826c9a4476ca6bf904d46647a2fa,217,20211129,725,north,minute_ignition,True,False,4.778472222222222,16365.25,16339.0,16368.25,26.25,3.25,24,21.0,29.25,26.25,True,a_first,0.11016949152542373,0.0,-0.11016949152542373,-3.25,-3.25,-3.25,-3.25,-3.25,-3.25,3.25,3.25,3.25,1.0
riz_4d8b7c6258e42f03e038b12ba1b91b12,219,20211129,735,north,minute_ignition,True,False,4.784027777777778,16368.5,16346.5,16380.25,22.0,12.0,26,19.75,33.75,21.75,True,a_first,0.35294117647058826,0.0,-0.35294117647058826,-12.0,-12.0,-12.0,-12.0,-12.0,-12.0,12.0,12.0,12.0,5.0
riz_3d0a1e16b9d97b00c1aff9ce6ed90cc9,220,20211129,740,north,minute_ignition,True,False,4.449305555555555,16380.25,16367.75,16383.5,12.5,3.5,13,9.5,15.75,12.75,True,a_first,0.21875,0.0,-0.21875,-3.5,-3.5,-3.5,-3.5,-3.5,-3.5,3.5,3.5,3.5,2.0
riz_33e99e4fd8792128c20c324aed95eb90,221,20211129,745,north,minute_ignition,True,False,4.446527777777778,16383.5,16365.0,16388.5,18.5,5.25,20,18.25,23.5,18.5,True,a_first,0.22105263157894736,0.0,-0.22105263157894736,-5.25,-5.25,-5.25,-5.25,-5.25,-5.25,5.25,5.25,5.25,6.0
riz_34ddfb8cf45eeba9ff0a9228fbdaa01f,120,20211130,600,north,minute_ignition,True,False,0.7451388888888889,16407.25,16376.0,16418.25,31.25,11.25,7,28.25,42.25,30.0,True,a_first,0.2647058823529412,0.0,-0.2647058823529412,-11.25,-11.25,-11.25,-11.25,-11.25,-11.25,11.25,11.25,11.25,1.0
riz_47ce7dee7f42adcea9ac2ae27553216f,171,20211130,666,south,minute_ignition,False,False,3.907638888888889,16178.0,16137.25,16111.5,-40.75,66.75,4,-52.0,25.75,-41.25,True,b_at_entry,,,,,,,,,,,,,
riz_06c19d85350e0ca33481df3f373969e3,177,20211130,702,north,minute_ignition,False,False,0.7041666666666667,16126.5,16378.0,16456.25,-251.5,330.0,108,-254.5,78.25,-251.0,True,b_at_entry,,,,,,,,,,,,,
riz_0aa5a1ea10ff9773e5880eb78f99fa24,178,20211130,708,south,minute_ignition,False,False,3.938888888888889,16096.25,16093.25,16084.25,-3.0,12.25,1,-6.0,9.0,-3.5,True,b_at_entry,,,,,,,,,,,,,
riz_98d4430a3a7abb73b60cd83b185576fd,122,20211130,738,south,minute_ignition,False,False,3.9444444444444446,16116.25,16088.25,16068.75,-28.0,47.75,23,-31.75,19.5,-30.5,True,b_at_entry,,,,,,,,,,,,,
riz_9aac1ebb68f8ed0f8839cc462603da6a,220,20211130,740,north,minute_ignition,False,False,0.7048611111111112,16125.25,16384.25,16456.25,-259.0,331.25,145,-263.25,72.0,-258.5,True,b_at_entry,,,,,,,,,,,,,
riz_6ae5dea88320034d0644a140cd26bb5b,222,20211130,750,south,minute_ignition,False,False,3.936111111111111,16135.75,16120.0,16068.75,-15.75,67.25,47,-28.25,51.25,-15.75,True,b_at_entry,,,,,,,,,,,,,
riz_ef9f8f03f99bbe1fbdcf37466b0ad2d9,141,20211130,768,south,minute_ignition,False,False,3.953472222222222,16140.75,16078.0,16068.75,-62.75,72.25,40,-64.25,9.25,-63.0,True,b_at_entry,,,,,,,,,,,,,
riz_68c5148b20e9ebcffdbb462be81ca413,167,20211130,809,south,minute_ignition,True,False,3.90625,16134.5,16150.0,16068.75,15.5,66.0,149,10.75,81.25,15.5,True,b_first,0.8098159509202454,1.0,0.1901840490797546,15.5,15.5,15.5,15.5,15.5,15.5,-15.5,-15.5,-15.5,7.0
riz_3f8290fae25fc5963f4e8f044a92b3f9,230,20211201,790,south,minute_ignition,True,False,0.8381944444444445,16221.5,16239.75,16209.0,18.25,12.75,3,15.0,30.75,18.0,True,a_first,0.4112903225806452,0.0,-0.4112903225806452,-12.75,-12.75,-12.75,-12.75,-12.75,-12.75,12.75,12.75,12.75,1.0
riz_bf07c42635f0faa49de50b07ca651151,129,20211203,672,south,minute_ignition,True,False,35.65,15676.0,15692.0,15632.0,16.0,44.25,27,8.5,60.0,15.75,True,a_first,0.7344398340248963,0.0,-0.7344398340248963,-44.25,-44.25,-44.25,-44.25,-44.25,-44.25,44.25,44.25,44.25,5.0
riz_c25ee854ea4aaf9cc473fc99740b5795,144,20211203,936,south,minute_ignition,False,False,37.31805555555555,15647.0,15542.75,15538.0,-104.25,109.25,34,-104.0,4.75,-103.75,True,b_at_entry,,,,,,,,,,,,,
riz_8f3d538cf848df2b9e4dd7b6ba9fd74c,169,20211207,654,north,minute_ignition,True,False,6.440972222222222,16282.5,16254.0,16303.75,28.5,21.5,41,19.5,49.75,28.5,True,a_first,0.43,0.0,-0.43,-21.5,-21.5,-21.5,-21.5,-21.5,-21.5,21.5,21.5,21.5,43.0
riz_d7605e81c9f8ed83e4b429fad55eae30,170,20211207,660,north,minute_ignition,True,False,6.438888888888889,16271.75,16252.5,16303.75,19.25,32.25,48,19.0,51.25,19.25,True,a_first,0.6262135922330098,0.0,-0.6262135922330098,-32.25,-32.25,-32.25,-32.25,-32.25,-32.25,32.25,32.25,32.25,37.0
riz_006e7e3e338748fd37200fee571b6eea,177,20211207,702,north,minute_ignition,True,False,6.445833333333334,16313.5,16263.0,16314.5,50.5,1.25,66,35.5,51.5,50.0,False,a_first,0.024154589371980676,0.0,-0.024154589371980676,-1.25,-1.25,-1.25,-1.25,-1.25,-1.25,1.25,1.25,1.25,1.0
riz_bdf46934592c2057fc3cda2a2adbddac,144,20211214,936,north,minute_ignition,True,False,7.496527777777778,15961.0,15943.5,15964.75,17.5,4.0,5,17.5,21.25,17.75,True,a_first,0.18604651162790697,0.0,-0.18604651162790697,-4.0,-4.0,-4.0,-4.0,-4.0,-4.0,4.0,4.0,4.0,1.0
riz_d936fdab5a96bac6fd1478947178b191,239,20211216,596,south,native_confirmation,True,False,2.7055555555555557,16205.5,16208.5,16202.25,3.0,3.5,0,-0.0,6.25,3.25,False,same_minute,0.5384615384615384,,,,-3.5,3.0,,-3.5,3.0,,-3.0,3.5,1.0
riz_7f81e959ece3d9f589d270e21bf6b414,194,20211216,610,south,minute_ignition,True,False,2.725,16095.5,16151.0,16095.5,55.5,0.25,8,43.25,55.5,55.0,False,a_first,0.004484304932735426,0.0,-0.004484304932735426,-0.25,-0.25,-0.25,-0.25,-0.25,-0.25,0.25,0.25,0.25,1.0
riz_44db38b110b0377559ae83c6b92e9184,128,20211216,664,south,native_confirmation,True,False,2.1777777777777776,16039.25,16051.75,16037.25,12.5,2.25,0,-0.0,14.5,13.5,False,a_first,0.15254237288135594,0.0,-0.15254237288135594,-2.25,-2.25,-2.25,-2.25,-2.25,-2.25,2.25,2.25,2.25,1.0
riz_dc56a8040da27cef07621ee0c98403bc,129,20211216,672,south,minute_ignition,True,False,2.1770833333333335,16034.0,16035.25,16026.25,1.25,8.0,3,-5.5,9.0,2.0,True,same_minute,0.8648648648648649,,,,-8.0,1.25,,-8.0,1.25,,-1.25,8.0,1.0
riz_b2c5cb78a1e3ece0861ac4b477d5f3eb,207,20211216,675,south,minute_ignition,False,False,1.9986111111111111,16020.5,16019.0,16006.75,-1.5,14.0,2,-2.5,12.25,-1.5,True,b_at_entry,,,,,,,,,,,,,
riz_4fcc57e4b3b6629f67b91d4201f3a9ec,212,20211216,700,south,minute_ignition,True,False,1.9819444444444445,16010.75,16012.0,15996.25,1.25,14.75,26,-0.5,15.75,2.25,True,b_first,0.921875,1.0,0.078125,1.25,1.25,1.25,1.25,1.25,1.25,-1.25,-1.25,-1.25,1.0
riz_d485f2137b271fc4d9e5337b255e239a,216,20211216,720,south,minute_ignition,True,False,1.9847222222222223,15979.0,16004.25,15971.5,25.25,7.75,22,21.5,32.75,24.75,True,a_first,0.23484848484848486,0.0,-0.23484848484848486,-7.75,-7.75,-7.75,-7.75,-7.75,-7.75,7.75,7.75,7.75,6.0
riz_fca318d5d1431314407f5aabd97b973e,218,20211216,730,south,minute_ignition,True,False,1.9979166666666666,15956.25,15969.25,15952.25,13.0,4.25,3,9.25,17.0,13.0,True,a_first,0.2463768115942029,0.0,-0.2463768115942029,-4.25,-4.25,-4.25,-4.25,-4.25,-4.25,4.25,4.25,4.25,1.0
riz_d506f92d16fe60b24cbca7a494c96774,159,20211216,753,south,minute_ignition,True,False,2.071527777777778,15954.5,16008.75,15934.25,54.25,20.5,56,52.25,74.5,54.25,True,a_first,0.27424749163879597,0.0,-0.27424749163879597,-20.5,-20.5,-20.5,-20.5,-20.5,-20.5,20.5,20.5,20.5,11.0
riz_82de0dcfe33523880a136acbfd5ac108,191,20211216,786,south,minute_ignition,True,False,2.0854166666666667,15920.75,15987.0,15900.75,66.25,20.25,68,63.0,86.25,67.5,True,a_first,0.23410404624277456,0.0,-0.23410404624277456,-20.25,-20.25,-20.25,-20.25,-20.25,-20.25,20.25,20.25,20.25,64.0
riz_50e1764854e0679d9a7c0896863bd178,193,20211216,798,south,minute_ignition,True,False,2.0791666666666666,15951.75,15978.5,15900.75,26.75,51.25,79,23.0,77.75,27.25,True,b_first,0.657051282051282,1.0,0.34294871794871795,26.75,26.75,26.75,26.75,26.75,26.75,-26.75,-26.75,-26.75,34.0
riz_cf34a0ee74a6ae1985b77a4dbd848276,197,20211216,822,south,minute_ignition,True,False,2.0631944444444446,15934.25,15995.5,15900.75,61.25,33.75,106,59.25,94.75,60.25,True,a_first,0.35526315789473684,0.0,-0.35526315789473684,-33.75,-33.75,-33.75,-33.75,-33.75,-33.75,33.75,33.75,33.75,28.0
riz_75804803cf850b9a1605f612cc509125,237,20211216,825,south,minute_ignition,True,False,2.095833333333333,15951.0,15971.75,15900.75,20.75,50.5,99,18.25,71.0,20.75,True,b_first,0.7087719298245614,1.0,0.2912280701754386,20.75,20.75,20.75,20.75,20.75,20.75,-20.75,-20.75,-20.75,5.0
riz_993be68639f3eb09ad40bbdcfdbdd047,127,20211216,910,south,minute_ignition,True,False,1.0541666666666667,15815.0,15857.25,15793.0,42.25,22.25,49,30.25,64.25,42.25,True,b_first,0.3449612403100775,1.0,0.6550387596899225,42.25,42.25,42.25,42.25,42.25,42.25,-42.25,-42.25,-42.25,11.0
riz_2a9c39fe6f922a6a4bf358b4de03f94c,129,20211216,930,south,minute_ignition,False,False,1.0430555555555556,15882.5,15837.25,15793.0,-45.25,89.75,67,-48.25,44.25,-46.25,True,b_at_entry,,,,,,,,,,,,,
riz_b25a65b75a4844a7754c119f8f630577,130,20211216,940,south,minute_ignition,False,False,1.0555555555555556,15926.5,15809.25,15793.0,-117.25,133.75,50,-126.75,16.25,-117.25,True,b_at_entry,,,,,,,,,,,,,
riz_7c25711e6ef829bc44450261872a13e6,131,20211216,950,south,minute_ignition,False,False,1.0472222222222223,15847.75,15824.25,15793.0,-23.5,55.0,63,-25.75,31.25,-23.5,True,b_at_entry,,,,,,,,,,,,,
riz_7e2d40c4dd61e2d7f14a6a24543931da,214,20211223,710,north,minute_ignition,True,False,7.559722222222222,16315.5,16288.0,16321.25,27.5,6.0,50,21.5,33.25,27.25,False,a_first,0.1791044776119403,0.0,-0.1791044776119403,-6.0,-6.0,-6.0,-6.0,-6.0,-6.0,6.0,6.0,6.0,16.0
riz_271e5db1b592223f5c3ce40170b711ae,222,20211223,750,north,minute_ignition,True,False,7.402083333333334,16304.75,16302.0,16322.75,2.75,18.25,87,2.25,20.75,2.5,True,b_first,0.8690476190476191,1.0,0.13095238095238093,2.75,2.75,2.75,2.75,2.75,2.75,-2.75,-2.75,-2.75,1.0
riz_41f7b3be6de33f6a857a17c6a1f6b58d,225,20211223,765,north,minute_ignition,True,False,7.404166666666667,16319.75,16304.0,16323.25,15.75,3.75,93,11.0,19.25,15.75,True,a_first,0.19230769230769232,0.0,-0.19230769230769232,-3.75,-3.75,-3.75,-3.75,-3.75,-3.75,3.75,3.75,3.75,18.0
riz_859a44a3dba170182124f8767c4e929d,226,20211223,770,north,minute_ignition,True,False,7.395833333333333,16315.75,16295.25,16323.25,20.5,7.75,108,18.25,28.0,19.75,True,a_first,0.2743362831858407,0.0,-0.2743362831858407,-7.75,-7.75,-7.75,-7.75,-7.75,-7.75,7.75,7.75,7.75,13.0
riz_270dc5a39a899c0a6c8f7dd3eda16303,190,20211228,590,south,minute_ignition,True,False,0.3861111111111111,16558.25,16558.5,16521.0,0.25,37.5,14,-15.75,37.5,0.5,True,b_first,0.9933774834437086,1.0,0.0066225165562914245,0.25,0.25,0.25,0.25,0.25,0.25,-0.25,-0.25,-0.25,1.0
riz_3ce9832dd6becd261d14d78e31a1b29f,160,20220103,600,south,minute_ignition,True,False,6.99375,16317.0,16341.75,16292.0,24.75,25.25,9,3.0,49.75,25.25,False,b_first,0.505,1.0,0.495,24.75,24.75,24.75,24.75,24.75,24.75,-24.75,-24.75,-24.75,1.0
riz_fa12a1c300b07279cbdeeb6688d5b561,140,20220106,620,north,minute_ignition,False,False,15.776388888888889,15685.0,15834.0,15850.5,-149.0,165.75,42,-151.75,16.5,-148.5,True,b_at_entry,,,,,,,,,,,,,
riz_1ba20f83e50f249cbb4a3f58e5eb1e86,222,20220106,750,north,minute_ignition,False,False,15.725694444444445,15827.0,15831.5,15895.75,-4.5,69.0,173,-4.75,64.25,-4.0,True,b_at_entry,,,,,,,,,,,,,
riz_50c9976dba2d71749efd5f79b1dff91a,225,20220106,765,north,minute_ignition,True,False,15.76388888888889,15877.25,15840.5,15895.75,36.75,18.75,115,34.75,55.25,37.0,True,b_first,0.33783783783783783,1.0,0.6621621621621622,36.75,36.75,36.75,36.75,36.75,36.75,-36.75,-36.75,-36.75,7.0
riz_46d5b78af4c1bdb6527e840d24004c6e,226,20220106,770,north,minute_ignition,True,False,15.765277777777778,15861.0,15843.0,15895.75,18.0,35.0,112,-5.5,52.75,18.0,True,b_first,0.660377358490566,1.0,0.339622641509434,18.0,18.0,18.0,18.0,18.0,18.0,-18.0,-18.0,-18.0,2.0
riz_ae382fef66f548ac7994ce29514b5f05,233,20220106,805,north,minute_ignition,False,False,15.761111111111111,15781.25,15876.25,15895.75,-95.0,114.75,129,-107.25,19.5,-94.25,True,b_at_entry,,,,,,,,,,,,,
riz_e9b16d7d8b3f68ca892e4c44e813720b,134,20220110,846,north,minute_ignition,False,False,76.94791666666667,15446.75,15451.0,15452.75,-4.25,6.25,1,-5.75,1.75,-5.0,True,b_at_entry,,,,,,,,,,,,,
riz_d6945b3ad274dde2e7c38c3600a9e794,188,20220111,580,south,minute_ignition,False,False,0.9944444444444445,15568.25,15545.25,15506.5,-23.0,62.0,8,-51.25,38.75,-23.0,True,b_at_entry,,,,,,,,,,,,,
riz_c7550abe291d43c690d24ae82416d73f,191,20220111,595,south,minute_ignition,False,False,0.9909722222222223,15520.25,15505.25,15475.0,-15.0,45.5,13,-25.5,30.25,-15.25,True,b_at_entry,,,,,,,,,,,,,
riz_64cbe15e443ac08d4b7a861fd506760d,164,20220112,624,north,minute_ignition,False,False,20.877083333333335,15980.75,15997.75,16009.25,-17.0,28.75,13,-19.0,11.5,-16.5,True,b_at_entry,,,,,,,,,,,,,
riz_c3f63f7ea8453b3fb705ba2324fd50bd,165,20220112,630,north,minute_ignition,False,False,20.875,15976.0,16003.0,16009.25,-27.0,33.5,15,-27.0,6.25,-26.75,True,b_at_entry,,,,,,,,,,,,,
riz_a11291e4a7b6f6c85fb6162323b0080a,198,20220113,630,south,minute_ignition,False,False,0.40347222222222223,15866.75,15856.0,15831.25,-10.75,35.75,13,-17.5,24.75,-11.0,True,b_at_entry,,,,,,,,,,,,,
riz_b3eb2a02f70d60537a069947106261ed,207,20220113,675,south,minute_ignition,True,False,0.3923611111111111,15739.75,15842.0,15725.75,102.25,14.25,56,100.25,116.25,102.5,True,a_first,0.1223175965665236,0.0,-0.1223175965665236,-14.25,-14.25,-14.25,-14.25,-14.25,-14.25,14.25,14.25,14.25,61.0
riz_fa07ad7ea5d9fa8c03cf00e8bd7e7567,125,20220113,765,south,minute_ignition,True,False,2.0694444444444446,15629.75,15664.0,15605.75,34.25,24.25,25,34.0,58.25,34.25,True,a_first,0.41452991452991456,0.0,-0.41452991452991456,-24.25,-24.25,-24.25,-24.25,-24.25,-24.25,24.25,24.25,24.25,3.0
riz_115fde3cc4ad64ff07a7b69fa63940a1,126,20220113,774,south,minute_ignition,True,False,2.064583333333333,15614.0,15652.75,15594.25,38.75,20.0,33,24.5,58.5,38.5,True,b_first,0.3404255319148936,1.0,0.6595744680851063,38.75,38.75,38.75,38.75,38.75,38.75,-38.75,-38.75,-38.75,11.0
riz_d505f6a9b7fdad0c86ba1cc56c6cf054,214,20220117,710,south,minute_ignition,False,False,0.3625,15579.5,15557.0,15546.5,-22.5,33.25,120,-28.25,10.5,-23.0,True,b_at_entry,,,,,,,,,,,,,
riz_b43f4d17977ead932322c7dd67a7473d,167,20220119,642,south,minute_ignition,True,False,0.46319444444444446,15198.25,15208.5,15194.25,10.25,4.25,1,4.25,14.25,10.25,True,a_first,0.29310344827586204,0.0,-0.29310344827586204,-4.25,-4.25,-4.25,-4.25,-4.25,-4.25,4.25,4.25,4.25,1.0
riz_837c2fc11888991105e4f8541303620f,149,20220119,683,south,native_confirmation,True,False,0.41388888888888886,15108.5,15118.5,15106.25,10.0,2.5,0,-0.0,12.25,10.0,False,b_first,0.2,1.0,0.8,10.0,10.0,10.0,10.0,10.0,10.0,-10.0,-10.0,-10.0,1.0
riz_f19e3f5b1698a083ba264cea08bb91e9,120,20220119,720,south,minute_ignition,False,False,0.4736111111111111,15194.75,15124.25,15104.5,-70.5,90.5,38,-71.25,19.75,-70.0,True,b_at_entry,,,,,,,,,,,,,
riz_db5cd7de01751c126b51abed91046a55,220,20220119,740,south,minute_ignition,False,False,0.41180555555555554,15263.25,15165.0,15104.5,-98.25,159.0,67,-110.25,60.5,-98.5,True,b_at_entry,,,,,,,,,,,,,
riz_80fabed822987d6755e7c2ae328c5c1b,221,20220119,745,south,minute_ignition,False,False,0.39444444444444443,15284.75,15169.25,15104.5,-115.5,180.5,95,-117.0,64.75,-116.25,True,b_at_entry,,,,,,,,,,,,,
riz_8c56ca10555458042e447e2abbd739b0,191,20220119,786,south,minute_ignition,False,False,0.43472222222222223,15298.0,15183.0,15104.5,-115.0,193.75,138,-127.0,78.5,-114.0,True,b_at_entry,,,,,,,,,,,,,
riz_176f59c486419a9b213bacc146046159,192,20220119,792,south,minute_ignition,False,False,0.4326388888888889,15300.0,15184.5,15104.5,-115.5,195.75,145,-116.5,80.0,-115.25,True,b_at_entry,,,,,,,,,,,,,
riz_3a777784168cba19c123b52b2b9026ae,192,20220119,792,south,minute_ignition,False,False,0.31875,15300.0,15138.75,15104.5,-161.25,195.75,117,-170.25,34.25,-161.0,True,b_at_entry,,,,,,,,,,,,,
riz_3b8892e7e4ed356045f031bdd203f1d1,193,20220119,798,south,minute_ignition,False,False,0.3159722222222222,15298.5,15147.5,15104.5,-151.0,194.25,124,-153.5,43.0,-151.25,True,b_at_entry,,,,,,,,,,,,,
riz_f0a16c11ca3bd98ddffcbe216badd7e4,194,20220119,804,south,minute_ignition,False,False,0.4270833333333333,15291.0,15195.25,15104.5,-95.75,186.75,161,-103.25,90.75,-96.25,True,b_at_entry,,,,,,,,,,,,,
riz_5af93528f6a68844d9bbb2ffea5f88af,131,20220121,688,north,minute_ignition,False,False,99.31180555555555,14821.5,14848.5,14858.5,-27.0,37.25,4,-32.0,10.0,-26.5,True,b_at_entry,,,,,,,,,,,,,
riz_a37faad17449cffcd4ca8f000ca8c0b9,121,20220121,729,north,minute_ignition,False,False,99.34513888888888,14714.0,14832.75,14858.5,-118.75,144.75,47,-129.75,25.75,-118.75,True,b_at_entry,,,,,,,,,,,,,
riz_7a654226ee54a9456eb13a32b71cda4d,124,20220121,756,north,minute_ignition,False,False,99.33541666666666,14666.0,14846.25,14858.5,-180.25,192.75,73,-181.25,12.25,-180.0,True,b_at_entry,,,,,,,,,,,,,
riz_334afa0b02db97da1234eeae0d616341,229,20220121,785,south,minute_ignition,False,False,107.0875,14627.75,14541.25,14532.25,-86.5,95.75,163,-88.25,9.0,-87.25,True,b_at_entry,,,,,,,,,,,,,
riz_2b6f83128e56c67d625f955aedab7b8c,141,20220121,909,south,minute_ignition,True,False,107.33333333333333,14466.0,14494.5,14458.5,28.5,7.75,3,21.25,36.0,28.5,False,a_first,0.21379310344827587,0.0,-0.21379310344827587,-7.75,-7.75,-7.75,-7.75,-7.75,-7.75,7.75,7.75,7.75,2.0
riz_52bc695aca6ec309b29f2791ce49ca8a,219,20220124,735,south,minute_ignition,False,False,228.19305555555556,13782.0,13774.5,13753.25,-7.5,29.0,1,-22.25,21.25,-7.75,True,b_at_entry,,,,,,,,,,,,,
riz_c809e00ae749bce3c7e240adeccd7763,137,20220124,736,south,minute_ignition,True,False,228.325,13751.75,13793.25,13746.0,41.5,6.0,3,35.5,47.25,41.75,True,a_first,0.12631578947368421,0.0,-0.12631578947368421,-6.0,-6.0,-6.0,-6.0,-6.0,-6.0,6.0,6.0,6.0,1.0
riz_ab0c1575ce2c1780efba003594803d82,123,20220124,870,north,minute_ignition,False,False,216.0222222222222,14067.0,14204.0,14248.25,-137.0,181.5,28,-149.5,44.25,-136.5,True,b_at_entry,,,,,,,,,,,,,
riz_fa68985229f5da13f42dfbd1707234a6,140,20220124,900,north,minute_ignition,False,False,216.00208333333333,14154.5,14222.0,14248.25,-67.5,94.0,57,-92.0,26.25,-69.75,True,b_at_entry,,,,,,,,,,,,,
riz_2aa5084f0763bfe57180de6eb377f691,215,20220124,930,north,minute_ignition,False,False,214.63680555555555,14261.75,14294.0,14300.75,-32.25,39.25,3,-32.25,6.75,-31.0,True,b_at_entry,,,,,,,,,,,,,
riz_9904310c27a848303e742aa28af001fb,131,20220125,688,south,minute_ignition,False,False,0.8430555555555556,14104.75,14104.0,14036.5,-0.75,68.5,95,-12.5,67.5,-0.0,True,b_at_entry,,,,,,,,,,,,,
riz_50e076ab1e87a1742f5813d2cb463b39,166,20220127,802,south,native_confirmation,True,False,0.5763888888888888,14016.5,14023.25,14008.5,6.75,8.25,0,-0.0,14.75,7.0,False,a_first,0.55,0.0,-0.55,-8.25,-8.25,-8.25,-8.25,-8.25,-8.25,8.25,8.25,8.25,1.0
riz_4799085b27e3d4ed1fe4191e2e106734,167,20220127,809,south,minute_ignition,True,False,0.5722222222222222,14009.0,14042.5,13989.25,33.5,20.0,11,27.25,53.25,33.5,True,a_first,0.37383177570093457,0.0,-0.37383177570093457,-20.0,-20.0,-20.0,-20.0,-20.0,-20.0,20.0,20.0,20.0,1.0
riz_22598afe88c39ef3c85f6b1de92f632e,171,20220127,837,south,minute_ignition,False,False,0.45625,14028.25,13997.25,13980.25,-31.0,48.25,27,-41.5,17.0,-34.25,True,b_at_entry,,,,,,,,,,,,,
riz_cae62b5550cccedf3bc5f7766a63873f,172,20220127,844,south,minute_ignition,False,False,0.45069444444444445,14133.0,14004.0,13980.25,-129.0,153.0,39,-135.25,23.75,-128.75,True,b_at_entry,,,,,,,,,,,,,
riz_8f16435218b286b99d47c3449517a6bd,155,20220127,880,south,minute_ignition,False,False,0.5340277777777778,14014.25,13982.0,13967.0,-32.25,47.5,6,-40.75,15.0,-32.75,True,b_at_entry,,,,,,,,,,,,,
riz_73cecb13b2daa5af70ce995f14555782,142,20220127,918,south,minute_ignition,True,False,0.5902777777777778,13968.25,13973.0,13945.0,4.75,23.5,2,-7.25,28.0,5.25,True,b_first,0.831858407079646,1.0,0.16814159292035402,4.75,4.75,4.75,4.75,4.75,4.75,-4.75,-4.75,-4.75,1.0
riz_2ab6d7fadea6df7af66d3d48acaa4b29,215,20220127,930,south,minute_ignition,False,False,0.5576388888888889,13996.75,13988.25,13945.0,-8.5,52.0,57,-12.5,43.25,-10.5,True,b_at_entry,,,,,,,,,,,,,
riz_9796b9f05f4acfeb8dc331ec5723d8c9,162,20220127,936,south,minute_ignition,True,False,0.5756944444444444,13993.75,14052.5,13945.0,58.75,49.0,143,56.75,107.5,58.25,True,b_first,0.4547563805104408,1.0,0.5452436194895591,58.75,58.75,58.75,58.75,58.75,58.75,-58.75,-58.75,-58.75,7.0
riz_d170238aa1d7557801ef38f21665167c,129,20220128,930,south,minute_ignition,False,False,0.31319444444444444,14254.25,14094.5,14058.75,-159.75,195.75,65,-179.25,35.75,-159.0,True,b_at_entry,,,,,,,,,,,,,
riz_171bea27ded9463f1720679f84f6bb8e,127,20220204,910,north,minute_ignition,True,False,0.5229166666666667,14790.25,14772.0,14799.5,18.25,9.5,9,11.5,27.5,17.75,True,a_first,0.34234234234234234,0.0,-0.34234234234234234,-9.5,-9.5,-9.5,-9.5,-9.5,-9.5,9.5,9.5,9.5,1.0
riz_861fdfd277f06bfdce6a29a6fde4db12,187,20220214,762,north,minute_ignition,True,False,14.597916666666666,14358.75,14353.25,14394.0,5.5,35.5,74,-3.0,40.75,5.75,True,b_first,0.8658536585365854,1.0,0.13414634146341464,5.5,5.5,5.5,5.5,5.5,5.5,-5.5,-5.5,-5.5,1.0
riz_ae69ce46c430f016eba4fdc6177174b5,197,20220222,625,north,minute_ignition,True,False,1.3847222222222222,14042.5,14002.5,14096.25,40.0,54.0,37,28.5,93.75,40.25,True,a_first,0.574468085106383,0.0,-0.574468085106383,-54.0,-54.0,-54.0,-54.0,-54.0,-54.0,54.0,54.0,54.0,5.0
riz_5fe6945e2a2d579a85ffb34722368d87,170,20220222,830,south,minute_ignition,True,False,0.9923611111111111,13776.0,13822.75,13770.5,46.75,5.75,61,41.25,52.25,46.75,True,a_first,0.10952380952380952,0.0,-0.10952380952380952,-5.75,-5.75,-5.75,-5.75,-5.75,-5.75,5.75,5.75,5.75,1.0
riz_21554b773176ee0aa1c3e67b9c656eb8,124,20220222,880,south,minute_ignition,False,False,1.0354166666666667,13821.0,13774.5,13710.75,-46.5,110.5,49,-52.25,63.75,-47.75,True,b_at_entry,,,,,,,,,,,,,
riz_b2cb86228a19cb61054539f771d5494d,207,20220222,882,south,minute_ignition,False,False,1.0020833333333334,13816.0,13813.25,13710.75,-2.75,105.5,99,-4.75,102.5,-3.0,True,b_at_entry,,,,,,,,,,,,,
riz_02c699bd227bd27541408abf37df049a,208,20220222,888,south,minute_ignition,True,False,1.0118055555555556,13791.75,13798.25,13710.75,6.5,81.25,91,0.5,87.5,7.25,True,b_first,0.9259259259259259,1.0,0.07407407407407407,6.5,6.5,6.5,6.5,6.5,6.5,-6.5,-6.5,-6.5,1.0
riz_77d43ccb663af129973dc60193480213,125,20220222,890,south,minute_ignition,False,False,1.0381944444444444,13869.5,13762.5,13710.75,-107.0,159.0,55,-116.75,51.75,-106.5,True,b_at_entry,,,,,,,,,,,,,
riz_50d39e916637fead6d2088a4d65e4657,140,20220222,900,south,minute_ignition,False,False,1.0375,13926.5,13767.75,13710.75,-158.75,216.0,66,-162.5,57.0,-158.5,True,b_at_entry,,,,,,,,,,,,,
riz_003884196307c489c670870277f04564,215,20220222,930,south,minute_ignition,False,False,1.0298611111111111,13961.5,13790.0,13710.75,-171.5,251.0,107,-172.75,79.25,-172.0,True,b_at_entry,,,,,,,,,,,,,
riz_370e5a343a8e6ee62a6dea7a710bdfc2,197,20220224,625,north,minute_ignition,False,False,276.17569444444445,13418.25,13458.75,13483.25,-40.5,65.25,4,-42.5,24.5,-38.75,True,b_at_entry,,,,,,,,,,,,,
riz_1504cfe7ac4a70aca61a97f9762eda97,178,20220224,708,north,minute_ignition,True,False,279.95208333333335,13440.5,13267.25,13562.75,173.25,122.5,129,160.25,295.5,174.25,True,a_first,0.41420118343195267,0.0,-0.41420118343195267,-122.5,-122.5,-122.5,-122.5,-122.5,-122.5,122.5,122.5,122.5,109.0
riz_b525429672351aedf7af6c56ea53c856,182,20220224,732,north,minute_ignition,True,False,279.93611111111113,13508.5,13281.25,13562.75,227.25,54.5,152,207.25,281.5,227.75,True,a_first,0.19343389529724933,0.0,-0.19343389529724933,-54.5,-54.5,-54.5,-54.5,-54.5,-54.5,54.5,54.5,54.5,85.0
riz_75f53310a47588307aed36ab585bd786,186,20220224,756,north,minute_ignition,True,False,276.2048611111111,13457.75,13443.75,13562.75,14.0,105.25,137,12.75,119.0,15.0,True,b_first,0.8825995807127882,1.0,0.11740041928721179,14.0,14.0,14.0,14.0,14.0,14.0,-14.0,-14.0,-14.0,25.0
riz_7e1dc6348975bda9c6ed14a6da8b62b6,187,20220224,762,north,minute_ignition,True,False,279.9222222222222,13516.5,13325.0,13562.75,191.5,46.5,172,183.75,237.75,191.75,True,a_first,0.1953781512605042,0.0,-0.1953781512605042,-46.5,-46.5,-46.5,-46.5,-46.5,-46.5,46.5,46.5,46.5,55.0
riz_b32d70d8cee32c8c85e6fc10dd39399e,126,20220224,774,north,minute_ignition,False,False,265.06388888888887,13468.5,13545.0,13562.75,-76.5,94.5,94,-87.0,17.75,-76.25,True,b_at_entry,,,,,,,,,,,,,
riz_76dc7fdc7321e5971cfee3c154399084,195,20220311,615,south,minute_ignition,False,False,0.4027777777777778,13543.5,13526.0,13509.5,-17.5,34.25,5,-20.5,16.5,-16.5,True,b_at_entry,,,,,,,,,,,,,
riz_f01f285f24af6a013b080c51159ad33f,197,20220311,625,south,minute_ignition,False,False,0.40694444444444444,13524.25,13522.0,13504.5,-2.25,20.0,5,-2.0,17.5,-1.5,True,b_at_entry,,,,,,,,,,,,,
riz_b3587629bea271eb8f123647bfaa3da3,125,20220311,640,south,minute_ignition,False,False,0.4305555555555556,13538.5,13506.5,13502.25,-32.0,36.5,5,-32.75,4.25,-32.0,True,b_at_entry,,,,,,,,,,,,,
riz_33d04b289069a33b83af0e661fc6b6e0,206,20220311,670,south,minute_ignition,True,False,0.38125,13514.5,13546.25,13500.25,31.75,14.5,69,23.5,46.0,33.25,True,a_first,0.31351351351351353,0.0,-0.31351351351351353,-14.5,-14.5,-14.5,-14.5,-14.5,-14.5,14.5,14.5,14.5,3.0
riz_474808b4a0c15cb19074731349b5b46e,132,20220311,696,south,minute_ignition,True,False,0.40625,13440.25,13512.25,13423.5,72.0,17.0,75,69.25,88.75,71.75,True,a_first,0.19101123595505617,0.0,-0.19101123595505617,-17.0,-17.0,-17.0,-17.0,-17.0,-17.0,17.0,17.0,17.0,7.0
riz_87efa059db0ea8f96977717453e96f73,153,20220314,711,south,minute_ignition,True,False,5.738888888888889,13186.5,13206.0,13171.5,19.5,15.25,7,5.0,34.5,19.25,False,a_first,0.43884892086330934,0.0,-0.43884892086330934,-15.25,-15.25,-15.25,-15.25,-15.25,-15.25,15.25,15.25,15.25,12.0
riz_6cd996c3f9e3f51f30eea5482e882d6d,202,20220316,852,south,minute_ignition,True,False,4.957638888888889,13552.5,13577.0,13547.25,24.5,5.5,1,23.25,29.75,25.0,False,a_first,0.18333333333333332,0.0,-0.18333333333333332,-5.5,-5.5,-5.5,-5.5,-5.5,-5.5,5.5,5.5,5.5,1.0
riz_9415029ed86ed3bd74ad20b9947a49fb,203,20220316,858,south,minute_ignition,False,False,4.954166666666667,13581.5,13560.0,13520.25,-21.5,61.5,6,-29.25,39.75,-21.25,True,b_at_entry,,,,,,,,,,,,,
riz_c1ebaac087e90f1e5ab8fe7e99e27a13,205,20220316,870,south,minute_ignition,True,False,4.947916666666667,13530.0,13542.5,13520.25,12.5,10.0,15,-5.25,22.25,11.0,True,a_first,0.4444444444444444,0.0,-0.4444444444444444,-10.0,-10.0,-10.0,-10.0,-10.0,-10.0,10.0,10.0,10.0,1.0
riz_8f35e762ea9659c4d959422854bfd3fd,137,20220316,873,south,minute_ignition,True,False,4.956944444444445,13487.5,13514.5,13466.75,27.0,21.0,2,20.0,47.75,27.0,True,a_first,0.4375,0.0,-0.4375,-21.0,-21.0,-21.0,-21.0,-21.0,-21.0,21.0,21.0,21.0,1.0
riz_6a09903f5cf39dc8be73fbe5ecd9b09c,207,20220316,882,south,minute_ignition,False,False,4.951388888888889,13608.25,13486.75,13463.0,-121.5,145.5,10,-125.25,23.75,-122.5,True,b_at_entry,,,,,,,,,,,,,
riz_c4c18d37fb6a9c0c188579ff04b3f369,160,20220321,920,south,minute_ignition,False,False,17.874305555555555,14282.25,14194.75,14183.75,-87.5,98.75,121,-89.0,11.0,-87.75,True,b_at_entry,,,,,,,,,,,,,
riz_c8bc9a3ebff123e61dab59013dfd6d20,201,20220329,645,north,minute_ignition,False,False,55.047222222222224,15077.75,15177.25,15219.5,-99.5,142.0,73,-111.0,42.25,-100.5,True,b_at_entry,,,,,,,,,,,,,
riz_2dd11543c6c7bb11be69a3f1d55fa842,201,20220330,645,north,minute_ignition,True,False,0.5201388888888889,15207.0,15202.0,15234.75,5.0,28.0,55,4.75,32.75,5.5,True,b_first,0.8484848484848485,1.0,0.1515151515151515,5.0,5.0,5.0,5.0,5.0,5.0,-5.0,-5.0,-5.0,1.0
riz_680dff8c191397a6a0f9d5c78749ff81,233,20220405,805,south,minute_ignition,True,False,4.714583333333334,14926.0,14981.25,14850.0,55.25,76.25,196,53.5,131.25,54.25,True,a_first,0.5798479087452472,0.0,-0.5798479087452472,-76.25,-76.25,-76.25,-76.25,-76.25,-76.25,76.25,76.25,76.25,29.0
riz_6fc99624a500d14570aebd506962fc93,188,20220407,768,south,minute_ignition,True,False,16.520138888888887,14337.25,14347.75,14336.5,10.5,1.0,3,5.5,11.25,10.75,True,a_first,0.08695652173913043,0.0,-0.08695652173913043,-1.0,-1.0,-1.0,-1.0,-1.0,-1.0,1.0,1.0,1.0,1.0
riz_e408ba80815f368954fc2e984c980589,129,20220408,672,south,minute_ignition,False,False,0.8402777777777778,14471.25,14458.5,14312.5,-12.75,159.0,101,-18.5,146.0,-13.0,True,b_at_entry,,,,,,,,,,,,,
riz_de4df3dc64c1c38e8a2159148613ff1a,149,20220408,683,south,minute_ignition,True,False,0.8208333333333333,14424.75,14437.0,14312.5,12.25,112.5,109,-10.5,124.5,12.75,True,b_first,0.9018036072144289,1.0,0.09819639278557113,12.25,12.25,12.25,12.25,12.25,12.25,-12.25,-12.25,-12.25,9.0
riz_21cb73c00c7cd36985e3787c654597a8,158,20220412,904,south,minute_ignition,True,False,0.5166666666666667,13911.75,13962.0,13908.5,50.25,3.5,46,47.0,53.5,50.0,True,a_first,0.06511627906976744,0.0,-0.06511627906976744,-3.5,-3.5,-3.5,-3.5,-3.5,-3.5,3.5,3.5,3.5,1.0
riz_7d6ffb2afdcc5ee7b37cf435abe7d0a3,212,20220412,912,south,minute_ignition,True,False,0.55625,13906.25,13944.25,13885.0,38.0,21.5,47,37.5,59.25,37.75,True,a_first,0.36134453781512604,0.0,-0.36134453781512604,-21.5,-21.5,-21.5,-21.5,-21.5,-21.5,21.5,21.5,21.5,2.0
riz_aa22d08ead066cc1e26da83ec43bb726,213,20220412,918,south,minute_ignition,True,False,0.5590277777777778,13895.0,13934.0,13881.25,39.0,14.0,47,32.75,52.75,38.25,True,b_first,0.2641509433962264,1.0,0.7358490566037736,39.0,39.0,39.0,39.0,39.0,39.0,-39.0,-39.0,-39.0,21.0
riz_baf0a24c2ceeef289581670d0b78b850,214,20220412,924,south,minute_ignition,True,False,0.5569444444444445,13924.75,13939.75,13881.25,15.0,43.75,54,10.25,58.5,15.0,True,b_first,0.7446808510638298,1.0,0.25531914893617025,15.0,15.0,15.0,15.0,15.0,15.0,-15.0,-15.0,-15.0,16.0
riz_8e2c2b91a0a7009ac870a2139ea2c590,163,20220412,944,south,minute_ignition,True,False,0.6173611111111111,13937.5,13983.0,13881.25,45.5,56.5,89,35.5,101.75,44.75,False,censored_window,0.553921568627451,,,4.5,4.5,4.5,4.5,4.5,4.5,-4.5,-4.5,-4.5,16.0
riz_4a440d5b1a8b20a095176e442a913f52,144,20220419,648,north,minute_ignition,True,False,5.7965277777777775,14152.5,14132.5,14153.25,20.0,1.0,5,17.0,20.75,20.25,False,a_first,0.047619047619047616,0.0,-0.047619047619047616,-1.0,-1.0,-1.0,-1.0,-1.0,-1.0,1.0,1.0,1.0,1.0
riz_17b20a9504105818f63ca3fb9dcbc40f,202,20220419,650,north,minute_ignition,False,False,5.741666666666666,14145.5,14150.25,14153.75,-4.75,8.5,2,-7.25,3.5,-4.75,True,b_at_entry,,,,,,,,,,,,,
riz_21f8ac7cb9f7011f325544fdb7dbf4c5,211,20220419,695,north,minute_ignition,True,False,5.815972222222222,14157.25,14126.5,14174.5,30.75,17.5,54,29.0,48.0,30.0,True,a_first,0.3626943005181347,0.0,-0.3626943005181347,-17.5,-17.5,-17.5,-17.5,-17.5,-17.5,17.5,17.5,17.5,5.0
riz_404aa72f237fd9ac94d1d5543db9dab8,176,20220419,696,north,minute_ignition,True,False,5.863888888888889,14165.0,14160.25,14174.5,4.75,9.75,20,4.25,14.25,4.5,True,b_first,0.6724137931034483,1.0,0.3275862068965517,4.75,4.75,4.75,4.75,4.75,4.75,-4.75,-4.75,-4.75,1.0
riz_288d0040db2c0ad6e172a68d7cc46b59,177,20220419,702,north,minute_ignition,True,False,5.777777777777778,14182.0,14181.0,14188.25,1.0,6.5,2,-0.75,7.25,1.0,True,b_first,0.8666666666666667,1.0,0.1333333333333333,1.0,1.0,1.0,1.0,1.0,1.0,-1.0,-1.0,-1.0,1.0
riz_55d90589591070774ebcc1ddf8f9b5cb,134,20220419,712,north,minute_ignition,True,False,5.861111111111111,14193.25,14142.25,14195.0,51.0,2.0,66,49.5,52.75,50.75,True,a_first,0.03773584905660377,0.0,-0.03773584905660377,-2.0,-2.0,-2.0,-2.0,-2.0,-2.0,2.0,2.0,2.0,1.0
riz_a720ddc19ff997d04b77df3f2dea76b9,156,20220419,732,north,minute_ignition,True,False,5.830555555555556,14167.5,14140.25,14196.5,27.25,29.25,88,25.5,56.25,27.5,True,b_first,0.5176991150442478,1.0,0.4823008849557522,27.25,27.25,27.25,27.25,27.25,27.25,-27.25,-27.25,-27.25,27.0
riz_2fe2a2b00ff972326e0240055ea437b9,138,20220419,744,north,minute_ignition,False,False,5.786111111111111,14166.75,14192.25,14196.5,-25.5,30.0,32,-26.25,4.25,-25.5,True,b_at_entry,,,,,,,,,,,,,
riz_06c00672937fdfa9d6b2d422e71450c9,185,20220419,750,north,minute_ignition,False,False,5.826388888888889,14150.5,14165.0,14196.5,-14.5,46.25,65,-16.5,31.5,-14.5,True,b_at_entry,,,,,,,,,,,,,
riz_28dd8f12c772508137b81b39708cb29c,188,20220419,956,north,minute_ignition,False,False,5.928472222222222,14188.25,14208.5,14242.0,-20.25,54.0,39,-28.0,33.5,-19.5,True,b_at_entry,,,,,,,,,,,,,
riz_36fdb6cbc06ed5829ebd8b1dfc88982e,184,20220421,744,south,native_confirmation,True,False,2.1277777777777778,13945.5,13947.0,13937.0,1.5,8.75,0,-0.0,10.0,2.25,False,b_first,0.8536585365853658,1.0,0.14634146341463417,1.5,1.5,1.5,1.5,1.5,1.5,-1.5,-1.5,-1.5,1.0
riz_6ac44f57b6e0ae928afe923a776bc71a,199,20220425,635,north,minute_ignition,True,False,40.550694444444446,13446.75,13417.25,13453.75,29.5,7.25,3,11.25,36.5,30.5,False,a_first,0.19727891156462585,0.0,-0.19727891156462585,-7.25,-7.25,-7.25,-7.25,-7.25,-7.25,7.25,7.25,7.25,2.0
riz_d88e3ba1b17e5e2bfd84a0e0e530ee0f,134,20220428,846,north,minute_ignition,True,False,0.20972222222222223,13435.75,13249.25,13453.5,186.5,18.0,100,183.75,204.25,186.75,True,a_first,0.08801955990220049,0.0,-0.08801955990220049,-18.0,-18.0,-18.0,-18.0,-18.0,-18.0,18.0,18.0,18.0,19.0
riz_181ced14367fa448fe6f408a5204a681,143,20220428,927,north,minute_ignition,True,False,2.861111111111111,13520.5,13430.5,13542.0,90.0,21.75,107,76.5,111.5,90.5,True,b_first,0.19463087248322147,1.0,0.8053691275167785,90.0,90.0,90.0,90.0,90.0,90.0,-90.0,-90.0,-90.0,25.0
riz_82a6727b5d5cd7d7888efe65ac23b259,162,20220505,612,south,minute_ignition,True,False,0.8847222222222222,13050.5,13084.75,13044.25,34.25,6.5,4,24.5,40.5,34.0,True,b_first,0.15950920245398773,1.0,0.8404907975460123,34.25,34.25,34.25,34.25,34.25,34.25,-34.25,-34.25,-34.25,2.0
riz_52815a5451db022b231c6d0724f7e7c8,139,20220505,613,south,minute_ignition,True,False,0.9027777777777778,13068.25,13069.5,13044.25,1.25,24.25,1,-18.0,25.25,0.75,True,b_first,0.9509803921568627,1.0,0.0490196078431373,1.25,1.25,1.25,1.25,1.25,1.25,-1.25,-1.25,-1.25,1.0
riz_3904274b90c72f7679c2bae8ae566963,197,20220505,625,south,minute_ignition,True,False,5.830555555555556,13019.5,13278.0,13010.25,258.5,9.5,47,254.0,267.75,257.5,True,a_first,0.03544776119402985,0.0,-0.03544776119402985,-9.5,-9.5,-9.5,-9.5,-9.5,-9.5,9.5,9.5,9.5,2.0
riz_1047901dff1ca95313bff8b3172b58a7,165,20220505,630,south,minute_ignition,True,False,5.857638888888889,13013.5,13230.75,13004.5,217.25,9.25,40,207.75,226.25,217.25,False,a_first,0.04083885209713024,0.0,-0.04083885209713024,-9.25,-9.25,-9.25,-9.25,-9.25,-9.25,9.25,9.25,9.25,2.0
riz_43f3b48ce9adb4c9c9843f8306bdc862,166,20220505,636,south,minute_ignition,True,False,5.85625,12995.75,13204.25,12980.0,208.5,16.0,41,196.75,224.25,207.75,False,a_first,0.07126948775055679,0.0,-0.07126948775055679,-16.0,-16.0,-16.0,-16.0,-16.0,-16.0,16.0,16.0,16.0,1.0
riz_6fc8aad28a1612068c4d7071c78adf88,200,20220505,640,south,minute_ignition,True,False,5.827083333333333,12939.0,13221.25,12936.75,282.25,2.5,49,281.0,284.5,281.75,True,a_first,0.00877963125548727,0.0,-0.00877963125548727,-2.5,-2.5,-2.5,-2.5,-2.5,-2.5,2.5,2.5,2.5,2.0
riz_08476f048970198d573cfd0d8afa3eca,203,20220505,655,south,minute_ignition,True,False,5.810416666666667,12956.25,13255.0,12926.0,298.75,30.5,70,293.0,329.0,298.75,True,a_first,0.0926347760060744,0.0,-0.0926347760060744,-30.5,-30.5,-30.5,-30.5,-30.5,-30.5,30.5,30.5,30.5,12.0
riz_96f5d4772f611bd0e360e7a2d1165a87,215,20220505,715,south,minute_ignition,True,False,5.766666666666667,12842.0,13217.75,12838.0,375.75,4.25,121,365.5,379.75,375.25,False,a_first,0.01118421052631579,0.0,-0.01118421052631579,-4.25,-4.25,-4.25,-4.25,-4.25,-4.25,4.25,4.25,4.25,6.0
riz_4696cb977ab89b2f0119421629399bad,140,20220509,620,north,minute_ignition,False,False,426.11944444444447,12399.75,12480.5,12555.75,-80.75,156.25,48,-87.0,75.25,-80.75,True,b_at_entry,,,,,,,,,,,,,
riz_8674015ba0a7369262ed09feee97011e,141,20220509,627,north,minute_ignition,False,False,426.11875,12378.0,12498.5,12555.75,-120.5,178.0,51,-120.5,57.25,-120.0,True,b_at_entry,,,,,,,,,,,,,
riz_2d57addafd85b1ad3160d1ee91db460b,217,20220513,725,north,native_confirmation,True,False,2.4520833333333334,12382.75,12378.0,12385.25,4.75,2.75,0,0.0,7.25,4.5,False,same_minute,0.36666666666666664,,,,-2.75,4.75,,-2.75,4.75,,-4.75,2.75,1.0
riz_8f08e5d9212a9f8804cb14e257a61b94,133,20220519,571,north,native_confirmation,True,False,0.27708333333333335,11899.5,11880.0,11901.5,19.5,2.25,0,0.0,21.5,19.0,False,same_minute,0.10344827586206896,,,,-2.25,19.5,,-2.25,19.5,,-19.5,2.25,1.0
riz_6d5b0c23d1b2932d7db32036167b5320,135,20220519,720,north,minute_ignition,False,False,6.45625,12029.25,12063.0,12076.75,-33.75,47.75,18,-36.25,13.75,-33.75,True,b_at_entry,,,,,,,,,,,,,
riz_102c1203c51e3ed4184e555865bca99c,219,20220519,735,north,minute_ignition,False,False,6.432638888888889,12039.25,12046.5,12076.75,-7.25,37.75,34,-13.75,30.25,-7.25,True,b_at_entry,,,,,,,,,,,,,
riz_92e5135eb9ef6b073769dcc77b234396,145,20220523,655,south,minute_ignition,False,False,2.7625,11871.75,11807.75,11783.75,-64.0,88.25,52,-80.25,24.0,-65.25,True,b_at_entry,,,,,,,,,,,,,
riz_c6279baa6abc33b9fa25efb073592927,129,20220524,672,south,minute_ignition,True,False,3.7715277777777776,11636.0,11678.25,11576.25,42.25,60.0,71,27.75,102.0,41.5,False,b_first,0.58679706601467,1.0,0.41320293398533003,42.25,42.25,42.25,42.25,42.25,42.25,-42.25,-42.25,-42.25,34.0
riz_86e21d0d71c96d7611d2c0d0cbcd244f,217,20220525,725,north,minute_ignition,True,False,0.3506944444444444,11862.5,11833.75,11930.0,28.75,67.75,146,24.5,96.25,30.0,True,b_first,0.7020725388601037,1.0,0.2979274611398963,28.75,28.75,28.75,28.75,28.75,28.75,-28.75,-28.75,-28.75,14.0
riz_0c90be7eecef23b1f0b1490970f656f1,218,20220525,730,north,minute_ignition,True,False,0.34791666666666665,11842.25,11826.5,11930.0,15.75,88.0,153,15.5,103.5,16.0,True,b_first,0.8481927710843373,1.0,0.15180722891566267,15.75,15.75,15.75,15.75,15.75,15.75,-15.75,-15.75,-15.75,12.0
riz_3c3a4c0cd96db657dfe48ce051bd735a,137,20220526,736,north,minute_ignition,True,False,9.569444444444445,12266.5,12265.0,12269.75,1.5,3.5,2,1.25,4.75,1.5,True,b_first,0.7,1.0,0.30000000000000004,1.5,1.5,1.5,1.5,1.5,1.5,-1.5,-1.5,-1.5,1.0
riz_d0db3eec3656ce9bb31b20b0f91b0af8,122,20220526,738,north,minute_ignition,True,False,9.588888888888889,12269.0,12252.5,12269.75,16.5,1.0,6,12.25,17.25,16.25,False,a_first,0.05714285714285714,0.0,-0.05714285714285714,-1.0,-1.0,-1.0,-1.0,-1.0,-1.0,1.0,1.0,1.0,1.0
riz_37dad66a8a8c20fbad3aea0d1740d831,138,20220526,744,north,minute_ignition,True,False,9.477083333333333,12294.5,12283.0,12295.5,11.5,1.25,3,8.75,12.5,11.75,False,a_first,0.09803921568627451,0.0,-0.09803921568627451,-1.25,-1.25,-1.25,-1.25,-1.25,-1.25,1.25,1.25,1.25,1.0
riz_ac08851a5030adfaff8ccadf0947a41d,158,20220526,746,north,minute_ignition,True,False,12.940277777777778,12296.0,12189.25,12301.25,106.75,5.5,86,100.5,112.0,106.5,True,a_first,0.04899777282850779,0.0,-0.04899777282850779,-5.5,-5.5,-5.5,-5.5,-5.5,-5.5,5.5,5.5,5.5,3.0
riz_897bd77c4f364cc67cc8b6341400727d,123,20220526,747,north,minute_ignition,True,False,9.588194444444444,12291.75,12258.5,12301.25,33.25,9.75,14,31.75,42.75,33.0,True,a_first,0.22674418604651161,0.0,-0.22674418604651161,-9.75,-9.75,-9.75,-9.75,-9.75,-9.75,9.75,9.75,9.75,2.0
riz_219096e9e819b2d0dd1112b1fb6dc9df,139,20220526,752,north,minute_ignition,True,False,9.47638888888889,12300.25,12288.0,12307.25,12.25,7.25,9,10.0,19.25,12.0,False,b_first,0.3717948717948718,1.0,0.6282051282051282,12.25,12.25,12.25,12.25,12.25,12.25,-12.25,-12.25,-12.25,4.0
riz_d64982d62bbbef6643e89037c87c8dac,191,20220526,786,north,minute_ignition,True,False,9.501388888888888,12330.5,12291.25,12332.75,39.25,2.5,42,35.75,41.5,39.25,True,a_first,0.059880239520958084,0.0,-0.059880239520958084,-2.5,-2.5,-2.5,-2.5,-2.5,-2.5,2.5,2.5,2.5,1.0
riz_e8f91dc42604b38b5281c64b238d2c4b,134,20220526,846,north,minute_ignition,True,False,9.49236111111111,12304.25,12303.75,12343.0,0.5,39.0,95,-1.0,39.25,0.5,True,b_first,0.9873417721518988,1.0,0.012658227848101222,0.5,0.5,0.5,0.5,0.5,0.5,-0.5,-0.5,-0.5,1.0
riz_4a0772d07ab2383cb6b5c68ff5e54133,205,20220526,870,north,minute_ignition,True,False,9.3625,12316.0,12315.25,12343.0,0.75,27.25,93,0.25,27.75,0.75,True,b_first,0.9732142857142857,1.0,0.0267857142857143,0.75,0.75,0.75,0.75,0.75,0.75,-0.75,-0.75,-0.75,1.0
riz_25f44eebfbdf911d7b43875e409711e9,208,20220526,888,north,minute_ignition,False,False,9.360416666666667,12298.75,12323.25,12343.0,-24.5,44.5,105,-30.75,19.75,-25.25,True,b_at_entry,,,,,,,,,,,,,
riz_403b26acb6ec44cedf315b6edbfdca29,184,20220526,928,north,minute_ignition,False,False,9.408333333333333,12246.25,12317.0,12343.0,-70.75,97.0,148,-71.5,26.0,-70.5,True,b_at_entry,,,,,,,,,,,,,
riz_e377e85055819baa2b7b583fadfa1119,157,20220527,739,north,minute_ignition,True,False,9.565972222222221,12582.5,12551.0,12612.0,31.5,29.75,127,24.5,61.0,31.75,True,censored_horizon,0.4857142857142857,,,-9.5,-9.5,-9.5,-9.5,-9.5,-9.5,9.5,9.5,9.5,120.0
riz_b481e2c3e8bdc7daeca8106ce11a9ae9,136,20220531,592,south,minute_ignition,False,False,13.370138888888889,12548.75,12546.0,12520.75,-2.75,28.25,11,-6.25,25.25,-1.75,True,b_at_entry,,,,,,,,,,,,,
riz_956085478a08d8f4981e975c7dccc727,173,20220531,678,south,minute_ignition,False,False,13.294444444444444,12585.25,12540.0,12480.0,-45.25,105.5,95,-53.25,60.0,-44.75,True,b_at_entry,,,,,,,,,,,,,
riz_1f644fb1fbaf4dbaa4ae23cf100ec9be,131,20220601,819,south,minute_ignition,False,False,14.14861111111111,12549.5,12459.0,12454.75,-90.5,95.0,48,-90.5,4.25,-89.5,True,b_at_entry,,,,,,,,,,,,,
riz_67787f4cb4a9abd84928ef763bdc3402,165,20220606,795,south,minute_ignition,True,False,2.8361111111111112,12581.0,12604.75,12532.75,23.75,48.5,71,15.75,72.0,23.5,True,b_first,0.671280276816609,1.0,0.32871972318339104,23.75,23.75,23.75,23.75,23.75,23.75,-23.75,-23.75,-23.75,17.0
riz_acb2e56cf42eef6ae65c25d4729e4ea3,189,20220621,585,north,minute_ignition,False,False,5.697222222222222,11585.0,11595.0,11602.5,-10.0,17.75,1,-13.5,7.5,-10.0,True,b_at_entry,,,,,,,,,,,,,
riz_b1655bc1865ca814014f1155941aae06,193,20220621,605,north,minute_ignition,True,False,5.707638888888889,11646.5,11604.5,11648.75,42.0,2.5,6,32.0,44.25,41.75,False,a_first,0.056179775280898875,0.0,-0.056179775280898875,-2.5,-2.5,-2.5,-2.5,-2.5,-2.5,2.5,2.5,2.5,1.0
riz_5c97e177c8d43a3093de1f2556104219,194,20220621,610,north,minute_ignition,False,False,5.708333333333333,11623.25,11622.5,11650.25,0.75,27.25,10,-6.5,27.75,0.0,True,b_first,0.9732142857142857,1.0,0.0267857142857143,0.75,0.75,0.75,0.75,0.75,0.75,-0.75,-0.75,-0.75,1.0
riz_9098558b7c578def39cd14619cdf4bbc,196,20220621,620,north,minute_ignition,False,False,5.406944444444444,11650.0,11651.0,11658.25,-1.0,8.5,2,-4.25,7.25,-1.0,True,b_at_entry,,,,,,,,,,,,,
riz_2bde112233d379f6e6f33a11848e7f4f,170,20220621,660,north,minute_ignition,False,False,5.469444444444444,11672.5,11674.0,11678.25,-1.5,6.0,4,-2.75,4.25,-2.0,True,b_at_entry,,,,,,,,,,,,,
riz_3a20660775354cdd37586126db76bc83,212,20220621,700,north,minute_ignition,True,False,5.694444444444445,11631.75,11578.5,11678.25,53.25,46.75,120,53.25,99.75,53.75,True,censored_horizon,0.4675,,,18.75,18.75,18.75,18.75,18.75,18.75,-18.75,-18.75,-18.75,120.0
riz_cbb294246d4702b4e7c1693cf94fe6b9,188,20220621,768,north,minute_ignition,False,False,5.4222222222222225,11616.75,11659.5,11678.25,-42.75,61.75,144,-47.0,18.75,-43.5,True,b_at_entry,,,,,,,,,,,,,
riz_cba730cd7d2864279015c82e03f408cf,131,20220622,688,north,minute_ignition,False,False,6.501388888888889,11680.0,11686.0,11745.75,-6.0,66.0,64,-15.0,59.75,-6.25,True,b_at_entry,,,,,,,,,,,,,
riz_d905a204f445493f62e1d5b27b66c9b5,220,20220622,740,north,minute_ignition,True,False,0.7458333333333333,11615.5,11562.0,11745.75,53.5,130.5,146,51.25,183.75,53.5,True,censored_horizon,0.7092391304347826,,,-95.25,-95.25,-95.25,-95.25,-95.25,-95.25,95.25,95.25,95.25,120.0
riz_68b5e5f7ff990b713dd57f6d7ef323e5,158,20220630,588,south,minute_ignition,False,False,8.217361111111112,11462.75,11446.5,11423.5,-16.25,39.5,3,-22.75,23.0,-16.25,True,b_at_entry,,,,,,,,,,,,,
riz_ad4506e881b26b8bf5abdd48bbf1f302,160,20220630,600,south,minute_ignition,True,False,8.10625,11398.0,11420.0,11392.75,22.0,5.5,7,14.0,27.25,22.0,True,a_first,0.2,0.0,-0.2,-5.5,-5.5,-5.5,-5.5,-5.5,-5.5,5.5,5.5,5.5,1.0
riz_b1ab6d6a789748875e8c4a9f1a2039dd,193,20220630,605,south,minute_ignition,True,False,8.128472222222221,11360.5,11399.0,11358.0,38.5,2.75,8,35.5,41.0,38.25,True,a_first,0.06666666666666667,0.0,-0.06666666666666667,-2.75,-2.75,-2.75,-2.75,-2.75,-2.75,2.75,2.75,2.75,1.0
riz_a2566e14fbdc33bfdcd684859408542a,232,20220705,800,north,minute_ignition,True,False,0.4826388888888889,11661.25,11649.75,11663.75,11.5,2.75,1,10.75,14.0,11.75,True,a_first,0.19298245614035087,0.0,-0.19298245614035087,-2.75,-2.75,-2.75,-2.75,-2.75,-2.75,2.75,2.75,2.75,1.0
riz_63a0a14f756628fb9470c11211ed4fe6,215,20220707,715,north,minute_ignition,False,False,9.146527777777777,12074.75,12076.0,12082.0,-1.25,7.5,4,-5.5,6.0,-1.5,True,b_at_entry,,,,,,,,,,,,,
riz_c475cf6b341d6fba21e31de58f7fe26b,161,20220707,767,north,minute_ignition,True,False,9.213194444444444,12101.75,12095.5,12107.25,6.25,5.75,15,4.75,11.75,6.75,True,b_first,0.4791666666666667,1.0,0.5208333333333333,6.25,6.25,6.25,6.25,6.25,6.25,-6.25,-6.25,-6.25,2.0
riz_e9188d64364aa81f6cc94ee53eb82145,151,20220714,848,north,minute_ignition,True,False,0.5201388888888889,11739.75,11735.5,11752.0,4.25,12.5,6,3.5,16.5,4.5,True,b_first,0.746268656716418,1.0,0.25373134328358204,4.25,4.25,4.25,4.25,4.25,4.25,-4.25,-4.25,-4.25,1.0
riz_eb172a84efb2145180a380021bc781cb,124,20220719,632,north,minute_ignition,True,False,1.34375,12090.0,12089.5,12099.25,0.5,9.5,1,-6.0,9.75,0.25,True,b_first,0.95,1.0,0.050000000000000044,0.5,0.5,0.5,0.5,0.5,0.5,-0.5,-0.5,-0.5,1.0
riz_88c0608ee2e177caf7d782cd9959c36d,155,20220719,725,north,minute_ignition,True,False,1.3631944444444444,12166.0,12082.0,12194.0,84.0,28.25,97,83.5,112.0,84.0,True,a_first,0.2516703786191537,0.0,-0.2516703786191537,-28.25,-28.25,-28.25,-28.25,-28.25,-28.25,28.25,28.25,28.25,27.0
riz_f15a56ea06699b6c6a32bfe148d28bc2,127,20220720,656,north,minute_ignition,True,False,53.980555555555554,12469.25,12381.25,12481.25,88.0,12.25,28,88.5,100.0,89.0,True,a_first,0.12219451371571072,0.0,-0.12219451371571072,-12.25,-12.25,-12.25,-12.25,-12.25,-12.25,12.25,12.25,12.25,4.0
riz_25f8d4ae6ada1ed18f6be5b17616f306,155,20220720,725,north,minute_ignition,True,False,53.93611111111111,12502.0,12407.5,12508.25,94.5,6.5,92,90.5,100.75,94.5,False,a_first,0.06435643564356436,0.0,-0.06435643564356436,-6.5,-6.5,-6.5,-6.5,-6.5,-6.5,6.5,6.5,6.5,3.0
riz_ac40284ec18af22b1c586ec3fd8fdb3a,185,20220720,750,north,minute_ignition,True,False,53.91597222222222,12483.5,12384.25,12517.5,99.25,34.25,121,97.5,133.25,99.25,True,b_first,0.2565543071161049,1.0,0.7434456928838951,99.25,99.25,99.25,99.25,99.25,99.25,-99.25,-99.25,-99.25,40.0
riz_81f790458462b13931c6e4929af0da22,210,20220725,690,south,minute_ignition,False,False,5.102083333333334,12359.25,12305.0,12288.0,-54.25,71.5,63,-63.5,17.0,-54.5,True,b_at_entry,,,,,,,,,,,,,
riz_06748208beb3c33d0e815941a7318d03,147,20220727,669,north,minute_ignition,False,False,2.0972222222222223,12428.0,12440.0,12448.75,-12.0,21.0,7,-14.75,8.75,-11.75,True,b_at_entry,,,,,,,,,,,,,
riz_f18a176bc9a6505cd11de95ca5f455a1,206,20220727,670,north,minute_ignition,False,False,2.1055555555555556,12427.0,12431.0,12448.75,-4.0,22.0,54,-4.25,17.75,-4.0,True,b_at_entry,,,,,,,,,,,,,
riz_e8a429a145b3e01566c3c271d2833c9c,212,20220727,700,north,minute_ignition,False,False,2.1215277777777777,12426.5,12445.0,12448.75,-18.5,22.5,37,-19.75,3.75,-18.5,True,b_at_entry,,,,,,,,,,,,,
riz_80a23071edb7d776598e03f802947e0b,219,20220727,735,north,minute_ignition,True,False,2.151388888888889,12457.75,12452.25,12459.75,5.5,2.25,1,2.5,7.5,5.5,False,same_minute,0.2903225806451613,,,,-2.25,5.5,,-2.25,5.5,,-5.5,2.25,1.0
riz_4d76d66c8ed3281e2ed16da396e96d4f,123,20220727,747,north,minute_ignition,True,False,2.170138888888889,12469.75,12463.75,12474.5,6.0,5.0,1,5.25,10.75,5.75,True,b_first,0.45454545454545453,1.0,0.5454545454545454,6.0,6.0,6.0,6.0,6.0,6.0,-6.0,-6.0,-6.0,1.0
riz_af982833faf964207647d399d941fdb7,178,20220727,886,north,minute_ignition,True,False,5.2444444444444445,12597.0,12562.5,12601.25,34.5,4.5,4,30.0,38.75,34.75,True,b_first,0.11538461538461539,1.0,0.8846153846153846,34.5,34.5,34.5,34.5,34.5,34.5,-34.5,-34.5,-34.5,5.0
riz_5aa1cdea39a52ad5e90bc5005a9e30a1,179,20220727,893,north,minute_ignition,True,False,5.243055555555555,12609.0,12575.75,12612.0,33.25,3.25,8,16.5,36.25,33.5,True,b_first,0.08904109589041095,1.0,0.910958904109589,33.25,33.25,33.25,33.25,33.25,33.25,-33.25,-33.25,-33.25,5.0
riz_895f2b3a8897d5635f79ba7c7368e078,212,20220727,912,north,minute_ignition,True,False,5.975694444444445,12613.25,12507.25,12624.5,106.0,11.5,35,94.75,117.25,105.75,True,a_first,0.09787234042553192,0.0,-0.09787234042553192,-11.5,-11.5,-11.5,-11.5,-11.5,-11.5,11.5,11.5,11.5,10.0
riz_78daa963efc165013b0b92a7ae27efed,215,20220727,930,north,minute_ignition,True,False,5.965277777777778,12685.5,12519.5,12686.0,166.0,0.75,50,158.25,166.5,166.0,False,a_first,0.004497751124437781,0.0,-0.004497751124437781,-0.75,-0.75,-0.75,-0.75,-0.75,-0.75,0.75,0.75,0.75,1.0
riz_253e38aff6316514552c21653326b613,178,20220803,708,north,minute_ignition,True,False,90.77708333333334,13220.25,13194.75,13221.75,25.5,1.75,9,18.0,27.0,25.25,False,a_first,0.06422018348623854,0.0,-0.06422018348623854,-1.75,-1.75,-1.75,-1.75,-1.75,-1.75,1.75,1.75,1.75,1.0
riz_1f0e6f40e263e937c71c6f4c6f12eab4,158,20220808,588,north,minute_ignition,True,False,3.3256944444444443,13359.25,13353.5,13379.75,5.75,20.75,5,-4.5,26.25,5.75,False,b_first,0.7830188679245284,1.0,0.21698113207547165,5.75,5.75,5.75,5.75,5.75,5.75,-5.75,-5.75,-5.75,1.0
riz_ae67df1002c36d721f604f380841937c,122,20220808,738,south,minute_ignition,True,False,0.5895833333333333,13173.25,13203.75,13172.5,30.5,1.0,5,29.0,31.25,30.5,True,a_first,0.031746031746031744,0.0,-0.031746031746031744,-1.0,-1.0,-1.0,-1.0,-1.0,-1.0,1.0,1.0,1.0,1.0
riz_89723177491dde6c188207a785aab2b6,146,20220812,662,north,minute_ignition,False,False,0.9708333333333333,13441.0,13455.5,13462.5,-14.5,21.75,42,-17.0,7.0,-14.25,True,b_at_entry,,,,,,,,,,,,,
riz_4360014d7678f8d20368026973163ee8,120,20220812,720,north,minute_ignition,True,False,1.0131944444444445,13457.25,13449.5,13489.5,7.75,32.5,101,5.5,40.0,7.5,True,a_first,0.8074534161490683,0.0,-0.8074534161490683,-32.5,-32.5,-32.5,-32.5,-32.5,-32.5,32.5,32.5,32.5,14.0
riz_ec28837ad7cf861e4c588f820bf6d25b,151,20220816,697,south,minute_ignition,False,False,1.4784722222222222,13635.5,13560.25,13522.75,-75.25,113.0,66,-85.5,37.5,-75.5,True,b_at_entry,,,,,,,,,,,,,
riz_076d298c07e98e906d9ce9a7b368f0b6,120,20220817,720,south,minute_ignition,True,False,5.860416666666667,13424.5,13442.5,13406.25,18.0,18.5,81,12.5,36.25,18.25,True,b_first,0.5068493150684932,1.0,0.4931506849315068,18.0,18.0,18.0,18.0,18.0,18.0,-18.0,-18.0,-18.0,6.0
riz_28dcf6fa25ee7c92f10e9c6da92e3f28,126,20220818,648,south,minute_ignition,False,False,0.21180555555555555,13510.75,13455.0,13422.5,-55.75,88.5,73,-65.25,32.5,-55.5,True,b_at_entry,,,,,,,,,,,,,
riz_6f357399143d4b3fa718d99d42dd341a,127,20220818,656,south,minute_ignition,False,False,0.2076388888888889,13511.75,13462.75,13422.5,-49.0,89.5,82,-52.25,40.25,-49.5,True,b_at_entry,,,,,,,,,,,,,
riz_e22bf3d8680e9149bb96d0d803dd39b5,215,20220819,715,south,minute_ignition,False,False,10.82013888888889,13274.5,13250.75,13246.0,-23.75,28.75,44,-24.75,4.75,-23.5,True,b_at_entry,,,,,,,,,,,,,
riz_ae95b80ad529a3c22a637c1c58e2e268,216,20220819,720,south,minute_ignition,False,False,10.814583333333333,13267.75,13260.75,13246.0,-7.0,22.0,51,-10.5,14.75,-6.75,True,b_at_entry,,,,,,,,,,,,,
riz_850fc7d728c83c64f9c756d9fb829895,135,20220822,585,south,minute_ignition,False,False,12.461805555555555,13065.0,13041.5,13021.25,-23.5,44.0,10,-27.25,20.25,-23.5,True,b_at_entry,,,,,,,,,,,,,
riz_16bbf5240da8f8103e1fef3abab78d18,191,20220822,595,south,minute_ignition,False,False,12.385416666666666,13037.75,13035.25,13005.5,-2.5,32.5,18,-11.75,29.75,-2.75,True,b_at_entry,,,,,,,,,,,,,
riz_e3523b3dda61cfb4fdef409b66082e11,170,20220829,660,north,minute_ignition,False,False,32.05902777777778,12462.75,12556.75,12610.25,-94.0,147.75,85,-105.25,53.5,-94.0,True,b_at_entry,,,,,,,,,,,,,
riz_dcbd5659c6434ad046081b596d260b98,146,20220829,662,north,minute_ignition,False,False,31.839583333333334,12485.75,12589.25,12610.25,-103.5,124.75,85,-107.75,21.0,-103.0,True,b_at_entry,,,,,,,,,,,,,
riz_e64c830c0180b75622b3ea6dc24e0551,234,20220830,810,south,minute_ignition,True,False,35.73125,12283.25,12358.0,12258.5,74.75,25.0,177,67.5,99.5,74.5,True,a_first,0.2506265664160401,0.0,-0.2506265664160401,-25.0,-25.0,-25.0,-25.0,-25.0,-25.0,25.0,25.0,25.0,15.0
riz_bf0210d35053af5fdb6d86de34158b15,149,20220902,832,south,minute_ignition,True,False,0.9986111111111111,12100.75,12127.0,12094.5,26.25,6.5,2,13.75,32.5,26.0,False,a_first,0.1984732824427481,0.0,-0.1984732824427481,-6.5,-6.5,-6.5,-6.5,-6.5,-6.5,6.5,6.5,6.5,1.0
riz_a533637c8926fd0279ef545079f53e45,125,20220902,890,south,minute_ignition,False,False,1.0472222222222223,12133.0,12095.75,12081.5,-37.25,51.75,57,-38.25,14.25,-37.75,True,b_at_entry,,,,,,,,,,,,,
riz_2431c40e93d929b9755d8c2e7d41049b,143,20220902,927,south,minute_ignition,True,False,1.0333333333333334,12098.0,12103.25,12081.5,5.25,16.75,95,2.75,21.75,5.0,True,b_first,0.7613636363636364,1.0,0.23863636363636365,5.25,5.25,5.25,5.25,5.25,5.25,-5.25,-5.25,-5.25,1.0
riz_d6f7203dfebb7e8076330386d3018c37,162,20220909,612,north,minute_ignition,False,False,10.11111111111111,12597.75,12613.0,12616.25,-15.25,18.75,2,-16.5,3.25,-15.25,True,b_at_entry,,,,,,,,,,,,,
riz_60e97959b996c366b81bf60b98a91194,139,20220909,613,north,minute_ignition,False,False,10.09375,12590.5,12605.5,12616.25,-15.0,26.0,4,-18.5,10.75,-15.5,True,b_at_entry,,,,,,,,,,,,,
riz_08cd184edc3b42c03c10a718aff2d972,140,20220909,620,north,minute_ignition,True,False,10.18125,12595.75,12579.5,12622.5,16.25,27.0,19,11.75,43.0,16.75,False,b_first,0.6242774566473989,1.0,0.37572254335260113,16.25,16.25,16.25,16.25,16.25,16.25,-16.25,-16.25,-16.25,3.0
riz_451f34898179f4bfc5cc92b43341fd3b,140,20220909,620,north,minute_ignition,False,False,10.08611111111111,12595.75,12600.0,12622.5,-4.25,27.0,16,-5.5,22.5,-3.75,True,b_at_entry,,,,,,,,,,,,,
riz_8309aa7f77486e2e2f825576605001ff,196,20220909,620,north,minute_ignition,True,False,10.123611111111112,12595.75,12594.25,12622.5,1.5,27.0,18,1.75,28.25,2.0,True,b_first,0.9473684210526315,1.0,0.052631578947368474,1.5,1.5,1.5,1.5,1.5,1.5,-1.5,-1.5,-1.5,1.0
riz_c8b7a9498625d577b6521cd74c25f98e,141,20220909,627,north,minute_ignition,True,False,10.177083333333334,12591.0,12566.75,12622.5,24.25,31.75,27,11.75,55.75,23.75,True,a_first,0.5669642857142857,0.0,-0.5669642857142857,-31.75,-31.75,-31.75,-31.75,-31.75,-31.75,31.75,31.75,31.75,12.0
riz_8771e6a09f1e18661a81ee23c8fbcb97,200,20220909,640,north,minute_ignition,True,False,10.113194444444444,12625.75,12596.5,12629.75,29.25,4.25,37,27.25,33.25,28.75,True,a_first,0.12686567164179105,0.0,-0.12686567164179105,-4.25,-4.25,-4.25,-4.25,-4.25,-4.25,4.25,4.25,4.25,2.0
riz_32d550a0f8a7095417cb26aee44f0dac,209,20220909,685,north,minute_ignition,True,False,10.091666666666667,12624.0,12603.25,12646.5,20.75,22.75,77,20.0,43.25,20.25,True,a_first,0.5229885057471264,0.0,-0.5229885057471264,-22.75,-22.75,-22.75,-22.75,-22.75,-22.75,22.75,22.75,22.75,9.0
riz_7b713ffa6e73f774a7167087923825be,161,20220920,928,south,minute_ignition,False,False,1.273611111111111,11937.25,11833.5,11828.25,-103.75,109.25,89,-106.5,5.25,-103.75,True,b_at_entry,,,,,,,,,,,,,
riz_ab5106a27e338178add82715b482aa7e,162,20220920,936,south,minute_ignition,False,False,1.2680555555555555,11935.0,11840.25,11828.25,-94.75,107.0,100,-96.0,12.0,-94.5,True,b_at_entry,,,,,,,,,,,,,
riz_e800c32819d117155330955ac3519f7f,194,20220922,610,south,minute_ignition,True,False,0.38263888888888886,11604.5,11631.75,11566.25,27.25,38.5,31,21.0,65.5,26.25,True,b_first,0.5855513307984791,1.0,0.4144486692015209,27.25,27.25,27.25,27.25,27.25,27.25,-27.25,-27.25,-27.25,5.0
riz_5c9d490cf62921942929df10943c0963,221,20220927,745,south,minute_ignition,True,False,0.79375,11253.5,11324.5,11233.5,71.0,20.25,22,69.5,91.0,71.0,True,censored_horizon,0.2219178082191781,,,22.75,22.75,22.75,22.75,22.75,22.75,-22.75,-22.75,-22.75,120.0
riz_3b1d6cc2811d0459056424138dd8822e,151,20220928,697,north,minute_ignition,True,False,1.16875,11430.75,11414.5,11465.5,16.25,35.0,59,13.75,51.0,16.5,True,b_first,0.6829268292682927,1.0,0.31707317073170727,16.25,16.25,16.25,16.25,16.25,16.25,-16.25,-16.25,-16.25,3.0
riz_0cd4b53ce7ef80bb2201726f64c2228b,232,20220928,800,north,minute_ignition,True,False,1.0541666666666667,11518.5,11417.75,11518.5,100.75,0.25,154,95.75,100.75,100.5,True,a_first,0.0024752475247524753,0.0,-0.0024752475247524753,-0.25,-0.25,-0.25,-0.25,-0.25,-0.25,0.25,0.25,0.25,1.0
riz_f42a1094aa307b7708d64ab1d3318acb,233,20220928,805,north,minute_ignition,True,False,1.0756944444444445,11510.75,11429.25,11519.0,81.5,8.5,124,63.75,89.75,81.25,True,a_first,0.09444444444444444,0.0,-0.09444444444444444,-8.5,-8.5,-8.5,-8.5,-8.5,-8.5,8.5,8.5,8.5,71.0
riz_954b9fc7f2355bf0f87808e91716c5fc,188,20221006,580,north,native_confirmation,True,False,0.39166666666666666,11687.25,11668.0,11688.75,19.25,1.75,0,0.0,20.75,19.0,False,a_first,0.08333333333333333,0.0,-0.08333333333333333,-1.75,-1.75,-1.75,-1.75,-1.75,-1.75,1.75,1.75,1.75,1.0
riz_9e56079ea4646730411f09cda4a16250,158,20221007,746,south,minute_ignition,True,False,6.809027777777778,11147.25,11151.5,11145.0,4.25,2.5,1,1.75,6.5,4.0,True,b_first,0.37037037037037035,1.0,0.6296296296296297,4.25,4.25,4.25,4.25,4.25,4.25,-4.25,-4.25,-4.25,1.0
riz_da51a19bda24cafc573435384c84c046,157,20221007,896,south,minute_ignition,True,False,6.8069444444444445,11102.5,11161.5,11087.25,59.0,15.5,154,54.25,74.25,58.75,True,a_first,0.2080536912751678,0.0,-0.2080536912751678,-15.5,-15.5,-15.5,-15.5,-15.5,-15.5,15.5,15.5,15.5,25.0
riz_6cc713c4977fd7f6fbf3ac50d69dd077,216,20221007,936,south,minute_ignition,True,False,6.836111111111111,11047.75,11121.75,11043.25,74.0,4.75,152,69.75,78.5,73.75,True,censored_window,0.06031746031746032,,,50.75,50.75,50.75,50.75,50.75,50.75,-50.75,-50.75,-50.75,24.0
riz_14ec9af4b249854c10e8705fb785ecae,148,20221014,824,south,minute_ignition,False,False,1.0375,10837.0,10804.25,10783.25,-32.75,54.0,94,-37.75,21.0,-33.5,True,b_at_entry,,,,,,,,,,,,,
riz_6520b63614de0cc9871558d5c17ba677,191,20221020,786,north,minute_ignition,False,False,1.5479166666666666,11167.0,11306.75,11328.75,-139.75,162.0,166,-144.75,22.0,-139.75,True,b_at_entry,,,,,,,,,,,,,
riz_16bb3dde87f8dd47b4906da309e05987,122,20221021,616,north,minute_ignition,False,False,0.9097222222222222,11195.0,11205.0,11225.25,-10.0,30.5,8,-13.25,20.25,-10.5,True,b_at_entry,,,,,,,,,,,,,
riz_b8e998fc1321dd748ceef50aaa5dc32b,137,20221021,736,north,minute_ignition,True,False,0.9895833333333334,11218.75,11213.25,11248.25,5.5,29.75,15,-8.25,35.0,5.0,True,b_first,0.8439716312056738,1.0,0.15602836879432624,5.5,5.5,5.5,5.5,5.5,5.5,-5.5,-5.5,-5.5,1.0
riz_35eb3f6b136186376f06bd4aa49178d3,236,20221021,820,north,minute_ignition,True,False,0.8381944444444445,11250.5,11116.25,11268.0,134.25,17.75,233,121.75,151.75,133.5,True,a_first,0.11677631578947369,0.0,-0.11677631578947369,-17.75,-17.75,-17.75,-17.75,-17.75,-17.75,17.75,17.75,17.75,3.0
riz_4606b0eb9f15b5be498fd47e8755d8ae,142,20221028,918,north,minute_ignition,False,False,2.0743055555555556,11569.25,11569.75,11585.0,-0.5,16.0,35,-6.25,15.25,0.0,True,b_at_entry,,,,,,,,,,,,,
riz_61686812005daab537393be44c244086,123,20221031,624,south,minute_ignition,True,False,4.135416666666667,11404.0,11468.25,11399.5,64.25,4.75,51,59.25,68.75,63.5,True,a_first,0.06884057971014493,0.0,-0.06884057971014493,-4.75,-4.75,-4.75,-4.75,-4.75,-4.75,4.75,4.75,4.75,1.0
riz_289561a605f8d9f3ff4a6b8012c4fc9e,133,20221101,704,south,minute_ignition,True,False,4.906944444444444,11336.75,11337.5,11330.75,0.75,6.25,1,-1.0,6.75,0.5,True,same_minute,0.8928571428571429,,,,-6.25,0.75,,-6.25,0.75,,-0.75,6.25,1.0
riz_8706a27c6d112ad317891a2f97500f54,220,20221102,740,south,minute_ignition,True,False,5.759722222222222,11217.75,11240.0,11210.75,22.25,7.25,66,22.75,29.25,23.0,True,a_first,0.2457627118644068,0.0,-0.2457627118644068,-7.25,-7.25,-7.25,-7.25,-7.25,-7.25,7.25,7.25,7.25,4.0
riz_3ac79cda0c459f08637db7dc0bbc1f89,135,20221102,855,north,minute_ignition,True,False,0.6465277777777778,11381.5,11324.25,11440.75,57.25,59.5,14,27.0,116.5,57.25,False,a_first,0.5096359743040685,0.0,-0.5096359743040685,-59.5,-59.5,-59.5,-59.5,-59.5,-59.5,59.5,59.5,59.5,16.0
riz_74592ecea05e5ce89462801511979bb4,212,20221102,912,south,minute_ignition,False,False,5.722222222222222,11194.75,11189.75,11118.0,-5.0,77.0,20,-48.0,71.75,-5.0,True,b_at_entry,,,,,,,,,,,,,
riz_a298f7e82f70d81b177878c39bf43459,183,20221102,921,south,minute_ignition,True,False,5.3805555555555555,11085.0,11117.75,11083.0,32.75,2.25,1,23.5,34.75,32.5,False,a_first,0.06428571428571428,0.0,-0.06428571428571428,-2.25,-2.25,-2.25,-2.25,-2.25,-2.25,2.25,2.25,2.25,1.0
riz_b5a8e1109f90188f2fdeffa62f2e4f66,223,20221104,755,north,minute_ignition,False,False,1.386111111111111,10786.5,10958.0,10974.25,-171.5,188.0,113,-177.5,16.25,-171.75,True,b_at_entry,,,,,,,,,,,,,
riz_8171aa71745e058e3ade5928cbe5278d,136,20221108,592,south,minute_ignition,False,False,0.2791666666666667,11046.0,11012.0,11006.75,-34.0,39.5,6,-34.0,5.25,-33.5,True,b_at_entry,,,,,,,,,,,,,
riz_09237c0ac9af5cbfd395ae41b01f863a,129,20221108,672,north,minute_ignition,True,False,11.040972222222223,11147.25,11146.5,11151.5,0.75,4.5,1,-0.5,5.0,0.75,True,same_minute,0.8571428571428571,,,,-4.5,0.75,,-4.5,0.75,,-0.75,4.5,1.0
riz_9cfe9f0340e6f57914858db404225546,149,20221108,683,north,minute_ignition,True,False,11.018055555555556,11169.25,11130.25,11169.75,39.0,0.75,34,38.0,39.5,39.0,True,a_first,0.018867924528301886,0.0,-0.018867924528301886,-0.75,-0.75,-0.75,-0.75,-0.75,-0.75,0.75,0.75,0.75,1.0
riz_5882f45fd66d952bb4410836104d7826,131,20221108,688,north,minute_ignition,True,False,11.039583333333333,11181.5,11175.25,11188.25,6.25,7.0,3,3.0,13.0,6.75,False,a_first,0.5283018867924528,0.0,-0.5283018867924528,-7.0,-7.0,-7.0,-7.0,-7.0,-7.0,7.0,7.0,7.0,2.0
riz_1f192e3d4ff967ad10aeefe75f66408e,150,20221108,690,north,minute_ignition,True,False,11.027777777777779,11187.5,11137.0,11189.75,50.5,2.5,20,48.25,52.75,50.25,False,a_first,0.04716981132075472,0.0,-0.04716981132075472,-2.5,-2.5,-2.5,-2.5,-2.5,-2.5,2.5,2.5,2.5,1.0
riz_12d7978c0cea9d60c3ead8bfb21d25b7,151,20221108,697,north,minute_ignition,True,False,11.032638888888888,11216.0,11170.5,11217.0,45.5,1.25,13,44.0,46.5,45.75,False,a_first,0.026737967914438502,0.0,-0.026737967914438502,-1.25,-1.25,-1.25,-1.25,-1.25,-1.25,1.25,1.25,1.25,2.0
riz_13dc17d9f26011df9d7566e389c7cc05,153,20221108,711,north,minute_ignition,False,False,11.027083333333334,11181.25,11185.5,11231.25,-4.25,50.25,21,-6.25,45.75,-4.5,True,b_at_entry,,,,,,,,,,,,,
riz_e941dfb950d2326974eb74dbc26ddc42,183,20221108,738,north,minute_ignition,True,False,11.005555555555556,11181.25,11180.5,11231.25,0.75,50.25,52,-3.75,50.75,0.75,True,b_first,0.9852941176470589,1.0,0.014705882352941124,0.75,0.75,0.75,0.75,0.75,0.75,-0.75,-0.75,-0.75,1.0
riz_6e1b5181473976e2ba43f762da2721ec,184,20221108,744,north,minute_ignition,False,False,11.005555555555556,11179.25,11190.75,11231.25,-11.5,52.25,52,-16.75,40.5,-10.5,True,b_at_entry,,,,,,,,,,,,,
riz_5e93cc643b42a3b8448ec57b35aab543,134,20221110,712,north,minute_ignition,True,False,9.586805555555555,11485.0,11475.0,11489.25,10.0,4.5,19,7.25,14.25,10.0,True,a_first,0.3103448275862069,0.0,-0.3103448275862069,-4.5,-4.5,-4.5,-4.5,-4.5,-4.5,4.5,4.5,4.5,4.0
riz_10a01f29af73e95311ea1461fb21933a,218,20221110,730,north,minute_ignition,True,False,9.474305555555556,11479.0,11478.25,11498.75,0.75,20.0,31,-4.25,20.5,0.75,True,b_first,0.963855421686747,1.0,0.03614457831325302,0.75,0.75,0.75,0.75,0.75,0.75,-0.75,-0.75,-0.75,1.0
riz_dfebd5b324cd7b24584bec7d559a2967,221,20221110,745,north,minute_ignition,False,False,9.328472222222222,11479.0,11495.25,11498.75,-16.25,20.0,29,-16.25,3.5,-16.0,True,b_at_entry,,,,,,,,,,,,,
riz_7fa5d33d87bbc21631d27786c82a1234,150,20221110,840,north,minute_ignition,False,False,9.456944444444444,11500.75,11503.25,11508.25,-2.5,7.75,2,-7.0,5.0,-2.0,True,b_at_entry,,,,,,,,,,,,,
riz_e6312993a8da1b81de0d42043ebdfa76,127,20221110,910,north,native_confirmation,True,False,9.394444444444444,11547.0,11535.75,11547.25,11.25,0.5,0,0.0,11.5,11.25,False,a_first,0.0425531914893617,0.0,-0.0425531914893617,-0.5,-0.5,-0.5,-0.5,-0.5,-0.5,0.5,0.5,0.5,1.0
riz_2fbaee944b9f8e8642439edaf4485869,128,20221110,920,north,minute_ignition,True,False,9.477083333333333,11557.75,11528.0,11567.25,29.75,9.75,13,28.25,39.25,29.75,True,a_first,0.2468354430379747,0.0,-0.2468354430379747,-9.75,-9.75,-9.75,-9.75,-9.75,-9.75,9.75,9.75,9.75,3.0
riz_a905f2636adcd274892b13465450ed8a,128,20221110,920,north,minute_ignition,False,False,9.394444444444444,11557.75,11562.25,11567.25,-4.5,9.75,4,-6.75,5.0,-4.5,True,b_at_entry,,,,,,,,,,,,,
riz_42491207b4ec685b69a94f7c24ddbf27,214,20221110,924,north,minute_ignition,True,False,9.338194444444444,11567.5,11566.0,11568.5,1.5,1.25,1,1.0,2.5,1.5,True,b_first,0.45454545454545453,1.0,0.5454545454545454,1.5,1.5,1.5,1.5,1.5,1.5,-1.5,-1.5,-1.5,1.0
riz_c255db7a7d5d455877c7a5c76014451b,161,20221110,928,north,minute_ignition,True,False,9.465277777777779,11559.0,11522.0,11568.5,37.0,9.75,34,32.75,46.5,36.5,True,a_first,0.20855614973262032,0.0,-0.20855614973262032,-9.75,-9.75,-9.75,-9.75,-9.75,-9.75,9.75,9.75,9.75,1.0
riz_24605d50fcb20b64390dc956cf49e239,185,20221110,935,north,minute_ignition,True,False,9.410416666666666,11574.0,11548.0,11589.0,26.0,15.25,24,22.0,41.0,26.25,True,a_first,0.3696969696969697,0.0,-0.3696969696969697,-15.25,-15.25,-15.25,-15.25,-15.25,-15.25,15.25,15.25,15.25,8.0
riz_d9c50f94c0bbc9e84978710eb4427840,185,20221110,935,north,minute_ignition,True,False,9.29513888888889,11574.0,11573.0,11589.0,1.0,15.25,5,-2.5,16.0,1.25,True,b_first,0.9384615384615385,1.0,0.06153846153846154,1.0,1.0,1.0,1.0,1.0,1.0,-1.0,-1.0,-1.0,1.0
riz_b8c58a818f8aeb9805309e6ece0bec7c,144,20221110,936,north,minute_ignition,True,False,9.327083333333333,11578.25,11558.5,11589.0,19.75,11.0,21,17.25,30.5,20.0,True,a_first,0.35772357723577236,0.0,-0.35772357723577236,-11.0,-11.0,-11.0,-11.0,-11.0,-11.0,11.0,11.0,11.0,7.0
riz_b68d52a97ca07a55ed1c31e53807c207,187,20221110,949,north,minute_ignition,True,False,9.28888888888889,11595.75,11583.75,11601.5,12.0,6.0,18,11.0,17.75,11.75,True,a_first,0.3333333333333333,0.0,-0.3333333333333333,-6.0,-6.0,-6.0,-6.0,-6.0,-6.0,6.0,6.0,6.0,2.0
riz_3ab0b96f34efbc16b430a59c8c7e05b5,146,20221110,954,north,minute_ignition,True,False,9.328472222222222,11624.0,11568.5,11627.75,55.5,4.0,25,51.25,59.25,55.75,False,a_first,0.06722689075630252,0.0,-0.06722689075630252,-4.0,-4.0,-4.0,-4.0,-4.0,-4.0,4.0,4.0,4.0,1.0
riz_926653a98d9eed88006474f704daf7cd,184,20221115,928,south,minute_ignition,False,False,0.6909722222222222,11931.0,11794.5,11764.5,-136.5,166.75,109,-144.5,30.0,-137.5,True,b_at_entry,,,,,,,,,,,,,
riz_fa0c3665e45af9d71efadae0c7de6c9e,144,20221115,936,south,minute_ignition,False,False,0.7201388888888889,11905.5,11784.0,11764.5,-121.5,141.25,115,-137.75,19.5,-121.25,True,b_at_entry,,,,,,,,,,,,,
riz_b51963f6eb6d91f061bb91a4f0549880,121,20221117,850,north,minute_ignition,False,False,0.3854166666666667,11715.5,11766.5,11775.0,-51.0,59.75,50,-52.25,8.5,-51.25,True,b_at_entry,,,,,,,,,,,,,
riz_93fb782aca280960f9aed6557970098c,236,20221130,820,north,minute_ignition,True,False,1.3270833333333334,11694.0,11647.75,11708.75,46.25,15.0,1,-0.75,61.0,44.75,False,a_first,0.24489795918367346,0.0,-0.24489795918367346,-15.0,-15.0,-15.0,-15.0,-15.0,-15.0,15.0,15.0,15.0,1.0
riz_ea87644528db7d0844b85b7144e8c668,169,20221130,823,north,minute_ignition,True,False,1.5791666666666666,11675.5,11630.5,11715.75,45.0,40.5,11,38.25,85.25,44.75,True,b_first,0.47368421052631576,1.0,0.5263157894736843,45.0,45.0,45.0,45.0,45.0,45.0,-45.0,-45.0,-45.0,4.0
riz_b8090da27491ed401cd37331535d0a61,203,20221130,858,north,minute_ignition,True,False,1.5361111111111112,11873.0,11637.5,11876.5,235.5,3.75,40,230.0,239.0,235.25,True,a_first,0.01567398119122257,0.0,-0.01567398119122257,-3.75,-3.75,-3.75,-3.75,-3.75,-3.75,3.75,3.75,3.75,1.0
riz_c098fb28537f49d1abd5b138f477f830,146,20221202,954,north,minute_ignition,False,False,0.37777777777777777,11993.75,12030.25,12047.5,-36.5,54.0,40,-39.75,17.25,-37.0,True,b_at_entry,,,,,,,,,,,,,
riz_21f0027f127bdf2f46c93fa051f2adce,121,20221206,608,south,minute_ignition,True,False,6.915277777777778,11612.25,11638.5,11611.5,26.25,1.0,1,23.5,27.0,26.0,False,a_first,0.03669724770642202,0.0,-0.03669724770642202,-1.0,-1.0,-1.0,-1.0,-1.0,-1.0,1.0,1.0,1.0,1.0
riz_df3d5f2f6cef1eb8e189015eb594a560,142,20221206,634,south,minute_ignition,False,False,6.883333333333334,11642.25,11619.5,11611.0,-22.75,31.5,26,-29.75,8.5,-22.75,True,b_at_entry,,,,,,,,,,,,,
riz_d2342a69001aa06e7f6ddc2303c56805,170,20221206,660,south,minute_ignition,False,False,6.8694444444444445,11611.25,11600.5,11589.25,-10.75,22.25,18,-12.5,11.25,-11.0,True,b_at_entry,,,,,,,,,,,,,
riz_29674a12e861bd7c96b9437fff216459,212,20221206,700,south,minute_ignition,True,False,6.932638888888889,11621.25,11658.5,11589.25,37.25,32.25,97,30.75,69.25,37.75,False,a_first,0.46402877697841727,0.0,-0.46402877697841727,-32.25,-32.25,-32.25,-32.25,-32.25,-32.25,32.25,32.25,32.25,37.0
riz_3e165731c7def93acb78e2c684e78052,216,20221206,720,south,minute_ignition,True,False,6.920833333333333,11617.25,11649.0,11589.25,31.75,28.25,114,27.25,59.75,31.75,True,a_first,0.4708333333333333,0.0,-0.4708333333333333,-28.25,-28.25,-28.25,-28.25,-28.25,-28.25,28.25,28.25,28.25,17.0
riz_fed4e581583946c573fe34affb0651e8,157,20221206,739,south,minute_ignition,True,False,6.930555555555555,11584.25,11610.5,11578.5,26.25,6.0,100,24.25,32.0,25.5,True,a_first,0.18604651162790697,0.0,-0.18604651162790697,-6.0,-6.0,-6.0,-6.0,-6.0,-6.0,6.0,6.0,6.0,1.0
riz_f195124d673edb97f211e142e072d9b2,130,20221213,810,south,minute_ignition,False,False,7.95,11950.0,11906.75,11847.0,-43.25,103.25,72,-46.25,59.75,-43.0,True,b_at_entry,,,,,,,,,,,,,
riz_321255058b41f369b45ce48f10d417e7,148,20221213,824,south,minute_ignition,False,False,7.936111111111111,11940.0,11929.25,11847.0,-10.75,93.25,92,-12.0,82.25,-11.0,True,b_at_entry,,,,,,,,,,,,,
riz_4349a464905aeea7478713fb124da845,174,20221213,858,south,minute_ignition,False,False,7.918055555555555,11944.25,11897.0,11847.0,-47.25,97.5,118,-65.0,50.0,-47.0,True,b_at_entry,,,,,,,,,,,,,
riz_2d5aa9f2b0c8e75f772d9fa0ef1621f9,134,20221214,578,north,native_confirmation,True,False,0.37222222222222223,11997.75,11990.5,12001.0,7.25,3.5,0,0.0,10.5,8.0,False,same_minute,0.32558139534883723,,,,-3.5,7.25,,-3.5,7.25,,-7.25,3.5,1.0
riz_acee94b28c662583e17e481a486a86c5,138,20221214,882,south,minute_ignition,True,False,0.3548611111111111,11806.75,11982.0,11729.0,175.25,78.0,41,159.75,253.0,176.0,False,b_first,0.3079960513326752,1.0,0.6920039486673248,175.25,175.25,175.25,175.25,175.25,175.25,-175.25,-175.25,-175.25,31.0
riz_89e85d1f7c5e6087816ab50ef837d641,188,20221214,956,south,minute_ignition,False,False,8.074305555555556,11873.25,11763.5,11729.0,-109.75,144.5,81,-138.25,34.5,-109.5,True,b_at_entry,,,,,,,,,,,,,
riz_649d3f16940279446feeff3536b5e8d3,126,20221220,648,south,minute_ignition,False,False,0.30486111111111114,11208.0,11115.5,11066.75,-92.5,141.5,65,-117.75,48.75,-93.25,True,b_at_entry,,,,,,,,,,,,,
riz_b5b27eb82d30d6bc280842fd0ce2ddad,120,20221220,720,north,minute_ignition,False,False,0.5159722222222223,11176.25,11208.0,11247.0,-31.75,71.0,97,-41.5,39.0,-32.0,True,b_at_entry,,,,,,,,,,,,,
riz_ba8e593eb31017259a0455baad4ef3a1,222,20221221,750,north,minute_ignition,False,False,2.386111111111111,11317.5,11332.25,11377.75,-14.75,60.5,110,-22.25,45.5,-15.25,True,b_at_entry,,,,,,,,,,,,,
riz_1132138d3d9f55d2b66231f5790f3c80,144,20221222,648,south,minute_ignition,True,False,42.884027777777774,11025.25,11029.25,10998.5,4.0,27.0,23,2.25,30.75,3.75,True,b_first,0.8709677419354839,1.0,0.12903225806451613,4.0,4.0,4.0,4.0,4.0,4.0,-4.0,-4.0,-4.0,1.0
riz_51d6b160506b204bf80e55dc39b0737b,179,20221222,714,south,minute_ignition,True,False,42.81805555555555,10973.5,11009.5,10962.0,36.0,11.75,83,32.25,47.5,36.5,True,a_first,0.24607329842931938,0.0,-0.24607329842931938,-11.75,-11.75,-11.75,-11.75,-11.75,-11.75,11.75,11.75,11.75,28.0
riz_c422a1cac05a454780c3e1355937df4b,154,20221222,718,south,minute_ignition,True,False,42.87986111111111,10971.75,10991.5,10962.0,19.75,10.0,19,14.0,29.5,20.0,False,a_first,0.33613445378151263,0.0,-0.33613445378151263,-10.0,-10.0,-10.0,-10.0,-10.0,-10.0,10.0,10.0,10.0,24.0
riz_e1ce55d700d477b56cb2f814cbd4f6fb,155,20221222,725,south,minute_ignition,True,False,42.875,10972.75,10983.75,10962.0,11.0,11.0,25,8.75,21.75,11.5,False,a_first,0.5,0.0,-0.5,-11.0,-11.0,-11.0,-11.0,-11.0,-11.0,11.0,11.0,11.0,17.0
riz_019f014854c0482785bd04791bcf2493,181,20221222,726,south,minute_ignition,True,False,42.856944444444444,10968.25,10974.75,10962.0,6.5,6.5,25,0.5,12.75,6.75,True,b_first,0.5,1.0,0.5,6.5,6.5,6.5,6.5,6.5,6.5,-6.5,-6.5,-6.5,2.0
riz_e4eead974c393cf1da838c14bcffdbb5,182,20221222,732,south,minute_ignition,False,False,42.856944444444444,10977.25,10966.25,10962.0,-11.0,15.5,24,-14.25,4.25,-10.75,True,b_at_entry,,,,,,,,,,,,,
riz_f892dc675be8d46221349f896d81ab4b,226,20221222,770,south,minute_ignition,True,False,42.82361111111111,10924.0,10956.0,10906.25,32.0,18.0,28,30.0,49.75,31.75,True,a_first,0.36,0.0,-0.36,-18.0,-18.0,-18.0,-18.0,-18.0,-18.0,18.0,18.0,18.0,13.0
riz_b1f54cb5766de3a6f0d53be41eec00cc,227,20221222,775,south,minute_ignition,True,False,42.82013888888889,10928.75,10953.0,10906.25,24.25,22.75,32,23.5,46.75,24.25,True,a_first,0.48404255319148937,0.0,-0.48404255319148937,-22.75,-22.75,-22.75,-22.75,-22.75,-22.75,22.75,22.75,22.75,8.0
riz_453378bf4931443e554ef520ac37646a,230,20221222,790,south,minute_ignition,True,False,42.80833333333333,10901.5,10947.25,10891.25,45.75,10.5,46,43.75,56.0,45.5,False,a_first,0.18666666666666668,0.0,-0.18666666666666668,-10.5,-10.5,-10.5,-10.5,-10.5,-10.5,10.5,10.5,10.5,11.0
riz_f9493559812f8ed2433d6c89d335a91e,192,20221222,792,south,minute_ignition,True,False,42.834722222222226,10909.5,10937.5,10891.25,28.0,18.5,46,25.5,46.25,28.25,True,a_first,0.3978494623655914,0.0,-0.3978494623655914,-18.5,-18.5,-18.5,-18.5,-18.5,-18.5,18.5,18.5,18.5,9.0
riz_28c29ccfc84a77b69ee2b8d1cf3d6112,193,20221222,798,south,minute_ignition,True,False,42.829166666666666,10898.25,10945.0,10891.25,46.75,7.25,53,43.25,53.75,46.5,False,a_first,0.13425925925925927,0.0,-0.13425925925925927,-7.25,-7.25,-7.25,-7.25,-7.25,-7.25,7.25,7.25,7.25,3.0
riz_5a8bfd482c62db12e0ba6695e17e7de1,233,20221222,805,south,minute_ignition,True,False,42.81111111111111,10885.0,10928.5,10881.75,43.5,3.5,57,42.75,46.75,43.25,True,a_first,0.07446808510638298,0.0,-0.07446808510638298,-3.5,-3.5,-3.5,-3.5,-3.5,-3.5,3.5,3.5,3.5,6.0
riz_e15a25161177366c9bab1fc1d7621688,146,20221222,808,south,minute_ignition,True,False,42.861111111111114,10893.75,10922.75,10881.75,29.0,12.25,54,25.75,41.0,29.0,True,a_first,0.296969696969697,0.0,-0.296969696969697,-12.25,-12.25,-12.25,-12.25,-12.25,-12.25,12.25,12.25,12.25,3.0
riz_f359e82c706ef719bb3d4326b0e17ddd,167,20221222,809,south,minute_ignition,True,False,42.84861111111111,10890.0,10918.75,10881.75,28.75,8.5,51,25.5,37.0,28.75,True,a_first,0.22818791946308725,0.0,-0.22818791946308725,-8.5,-8.5,-8.5,-8.5,-8.5,-8.5,8.5,8.5,8.5,2.0
riz_41e07f02e80e47ac93db0d5ef7fd1341,132,20221222,828,south,minute_ignition,False,False,42.87708333333333,10911.25,10907.0,10870.5,-4.25,41.0,45,-12.25,36.5,-4.0,True,b_at_entry,,,,,,,,,,,,,
riz_c602c9a52e59494ed6e3566c8381ee3b,176,20221222,872,south,minute_ignition,False,False,42.83958333333333,10953.75,10896.25,10870.5,-57.5,83.5,83,-60.5,25.75,-57.5,True,b_at_entry,,,,,,,,,,,,,
riz_0c48bf20d0bc8d2b4d8770dde3c014c4,202,20221230,650,south,minute_ignition,False,False,1.8173611111111112,10965.5,10886.25,10855.5,-79.25,110.25,61,-101.75,30.75,-79.75,True,b_at_entry,,,,,,,,,,,,,
riz_1f47acfc73faaebca2c1c125d2ece6ba,169,20221230,654,south,minute_ignition,False,False,1.8368055555555556,10945.75,10891.25,10855.5,-54.5,90.5,66,-56.5,35.75,-54.75,True,b_at_entry,,,,,,,,,,,,,
riz_2d97cbbf976ce5f4978cb0d4d3eadeec,171,20230106,666,north,minute_ignition,True,False,1.1166666666666667,11001.5,10993.25,11009.75,8.25,8.5,3,4.0,16.5,8.5,True,a_first,0.5074626865671642,0.0,-0.5074626865671642,-8.5,-8.5,-8.5,-8.5,-8.5,-8.5,8.5,8.5,8.5,1.0
riz_4e863222be55526f506d66746cf0e64e,120,20230106,720,north,minute_ignition,True,False,1.1298611111111112,11024.0,11003.75,11043.5,20.25,19.75,53,7.0,39.75,20.0,True,b_first,0.49375,1.0,0.50625,20.25,20.25,20.25,20.25,20.25,20.25,-20.25,-20.25,-20.25,57.0
riz_a5568129eb1abcf70431d2073254537d,121,20230106,729,north,minute_ignition,True,False,1.1236111111111111,11029.25,10998.75,11043.5,30.5,14.5,64,25.75,44.75,30.75,True,b_first,0.32222222222222224,1.0,0.6777777777777778,30.5,30.5,30.5,30.5,30.5,30.5,-30.5,-30.5,-30.5,49.0
riz_a0152c7594c76ba746318f4ba8ce791b,138,20230109,606,north,minute_ignition,True,False,18.89027777777778,11317.5,11254.75,11325.0,62.75,7.75,20,62.25,70.25,62.75,True,a_first,0.1099290780141844,0.0,-0.1099290780141844,-7.75,-7.75,-7.75,-7.75,-7.75,-7.75,7.75,7.75,7.75,28.0
riz_2909f79467632aa759fc5c791b142dbe,121,20230109,608,north,minute_ignition,True,False,18.903472222222224,11309.25,11271.75,11325.0,37.5,16.0,18,32.75,53.25,37.25,False,a_first,0.29906542056074764,0.0,-0.29906542056074764,-16.0,-16.0,-16.0,-16.0,-16.0,-16.0,16.0,16.0,16.0,26.0
riz_8f8f248b2acdc10167fc3046e263393c,194,20230109,610,north,minute_ignition,True,False,18.853472222222223,11311.25,11289.25,11325.0,22.0,14.0,17,14.75,35.75,22.0,True,b_first,0.3888888888888889,1.0,0.6111111111111112,22.0,22.0,22.0,22.0,22.0,22.0,-22.0,-22.0,-22.0,4.0
riz_ec54ed0f032ef7acbb8f2772fde80b02,162,20230109,612,north,minute_ignition,True,False,18.87361111111111,11315.5,11282.75,11325.0,32.75,9.75,20,32.0,42.25,32.25,True,b_first,0.22941176470588234,1.0,0.7705882352941177,32.75,32.75,32.75,32.75,32.75,32.75,-32.75,-32.75,-32.75,10.0
riz_8efa1f01795849aaca372024436c3e39,165,20230109,630,north,minute_ignition,False,False,18.75,11301.0,11307.25,11325.0,-6.25,24.25,30,-10.25,17.75,-6.75,True,b_at_entry,,,,,,,,,,,,,
riz_298e375b4aeb0566e240b3462f29ad44,216,20230109,720,north,minute_ignition,True,False,18.413194444444443,11370.25,11363.75,11385.5,6.5,15.5,53,4.75,21.75,6.5,True,b_first,0.7045454545454546,1.0,0.2954545454545454,6.5,6.5,6.5,6.5,6.5,6.5,-6.5,-6.5,-6.5,2.0
riz_80df12b43c7596bc940d88ed3eb50b05,222,20230109,750,north,minute_ignition,True,False,18.744444444444444,11369.5,11317.5,11385.5,52.0,16.25,146,45.0,68.0,52.0,True,b_first,0.23809523809523808,1.0,0.7619047619047619,52.0,52.0,52.0,52.0,52.0,52.0,-52.0,-52.0,-52.0,67.0
riz_c8ff95429e6d34e87e2702c1f108e4e9,124,20230109,880,south,minute_ignition,True,False,18.134027777777778,11273.0,11290.0,11264.0,17.0,9.25,55,16.0,26.0,17.25,True,a_first,0.3523809523809524,0.0,-0.3523809523809524,-9.25,-9.25,-9.25,-9.25,-9.25,-9.25,9.25,9.25,9.25,4.0
riz_26035f3a2f0b6fd444f5818caa1be960,126,20230109,900,south,minute_ignition,True,False,18.174305555555556,11226.75,11239.0,11220.25,12.25,6.75,1,11.0,18.75,12.5,False,a_first,0.35526315789473684,0.0,-0.35526315789473684,-6.75,-6.75,-6.75,-6.75,-6.75,-6.75,6.75,6.75,6.75,9.0
riz_2678bf30f7b0e7c4b01eef96a1e37ec8,143,20230109,927,south,minute_ignition,True,False,18.12847222222222,11223.25,11288.75,11203.0,65.5,20.5,101,60.5,85.75,66.0,True,a_first,0.23837209302325582,0.0,-0.23837209302325582,-20.5,-20.5,-20.5,-20.5,-20.5,-20.5,20.5,20.5,20.5,5.0
riz_e55b96e8bb8b5442ff3d773d5b0cd599,129,20230109,930,south,minute_ignition,False,False,18.16875,11215.25,11208.25,11203.0,-7.0,12.5,15,-9.0,5.25,-7.0,True,b_at_entry,,,,,,,,,,,,,
riz_ef54fe11b2773e74b75f6409d75740e6,145,20230109,945,south,minute_ignition,True,False,18.119444444444444,11214.75,11281.25,11191.0,66.5,24.0,118,55.75,90.25,66.5,True,a_first,0.26519337016574585,0.0,-0.26519337016574585,-24.0,-24.0,-24.0,-24.0,-24.0,-24.0,24.0,24.0,24.0,3.0
riz_c96e2f5e4a3dc6b48f9cb34fd9ada2da,146,20230109,954,south,minute_ignition,True,False,18.163194444444443,11185.25,11258.0,11177.25,72.75,8.25,57,71.0,80.75,72.75,False,a_first,0.10185185185185185,0.0,-0.10185185185185185,-8.25,-8.25,-8.25,-8.25,-8.25,-8.25,8.25,8.25,8.25,2.0
riz_4d7c262edaef8b9eec1469182f986e90,133,20230110,704,north,minute_ignition,False,False,0.8472222222222222,11181.75,11264.0,11283.25,-82.25,101.75,87,-100.25,19.25,-82.0,True,b_at_entry,,,,,,,,,,,,,
riz_616686f5f181630b206935c4c1ad6595,125,20230113,640,north,minute_ignition,True,False,0.24166666666666667,11507.75,11500.25,11528.25,7.5,20.75,27,2.0,28.0,8.25,True,a_first,0.7345132743362832,0.0,-0.7345132743362832,-20.75,-20.75,-20.75,-20.75,-20.75,-20.75,20.75,20.75,20.75,2.0
riz_38d3ffbbfd68e47bd88806d7b9828f4f,164,20230113,952,north,minute_ignition,False,False,34.94166666666667,11596.25,11603.5,11619.5,-7.25,23.5,16,-7.75,16.0,-7.5,True,b_at_entry,,,,,,,,,,,,,
riz_9c8b6558787d58a6fb232c0e82b9ea21,126,20230116,774,south,minute_ignition,False,False,0.26180555555555557,11566.5,11563.75,11562.0,-2.75,4.75,1,-4.0,1.75,-3.0,True,b_at_entry,,,,,,,,,,,,,
riz_1786f4fc6a3704b5f037c2028eb87d85,188,20230120,768,north,minute_ignition,True,False,6.802777777777778,11541.75,11504.75,11548.5,37.0,7.0,96,35.0,43.75,36.75,True,a_first,0.1590909090909091,0.0,-0.1590909090909091,-7.0,-7.0,-7.0,-7.0,-7.0,-7.0,7.0,7.0,7.0,4.0
riz_a22e5d50c15afec2fd68a4d0a9697858,144,20230125,648,south,minute_ignition,False,False,6.892361111111111,11639.5,11621.0,11604.5,-18.5,35.25,11,-21.0,16.5,-19.0,True,b_at_entry,,,,,,,,,,,,,
riz_1ed706edfe75776c9f71b81447db538d,145,20230125,655,south,minute_ignition,False,False,6.8597222222222225,11646.0,11625.0,11604.5,-21.0,41.75,57,-21.5,20.5,-20.75,True,b_at_entry,,,,,,,,,,,,,
riz_606fd3eb821aa8be3e9c2f95a9e71f6c,128,20230125,664,south,minute_ignition,False,False,6.893055555555556,11666.5,11618.75,11604.5,-47.75,62.25,26,-61.0,14.25,-48.0,True,b_at_entry,,,,,,,,,,,,,
riz_31c54e8a85dd96dc10d033f420bc55d0,178,20230201,886,north,minute_ignition,True,False,4.902777777777778,12297.25,12212.25,12322.0,85.0,25.0,6,56.0,109.75,85.75,False,a_first,0.22727272727272727,0.0,-0.22727272727272727,-25.0,-25.0,-25.0,-25.0,-25.0,-25.0,25.0,25.0,25.0,1.0
riz_fab4a515c4aaa2da4ace4d160ea09c77,127,20230201,910,north,minute_ignition,True,False,145.83263888888888,12443.25,12405.0,12454.0,38.25,11.0,4,32.75,49.0,38.75,False,b_first,0.2233502538071066,1.0,0.7766497461928934,38.25,38.25,38.25,38.25,38.25,38.25,-38.25,-38.25,-38.25,3.0
riz_74488d5da9412f32d906016c0e3a6ddd,187,20230202,762,north,minute_ignition,True,False,142.82083333333333,12821.5,12764.0,12841.25,57.5,20.0,131,55.0,77.25,57.75,True,a_first,0.25806451612903225,0.0,-0.25806451612903225,-20.0,-20.0,-20.0,-20.0,-20.0,-20.0,20.0,20.0,20.0,19.0
riz_f7738c9a4b4ad7713103bed8d4788a6c,127,20230202,783,north,native_confirmation,True,False,142.39444444444445,12853.25,12849.25,12855.0,4.0,2.0,0,0.0,5.75,4.25,False,a_first,0.3333333333333333,0.0,-0.3333333333333333,-2.0,-2.0,-2.0,-2.0,-2.0,-2.0,2.0,2.0,2.0,1.0
riz_9257298f2a5932171f81babb3da5b7e2,231,20230202,795,north,minute_ignition,True,False,142.7798611111111,12838.0,12809.25,12856.25,28.75,18.5,152,24.5,47.0,29.25,True,a_first,0.3915343915343915,0.0,-0.3915343915343915,-18.5,-18.5,-18.5,-18.5,-18.5,-18.5,18.5,18.5,18.5,10.0
riz_5eb226cfa5fcf32f9d39dcd3dcf29c69,232,20230202,800,north,minute_ignition,True,False,142.77916666666667,12844.5,12805.75,12856.25,38.75,12.0,158,37.5,50.5,39.5,True,a_first,0.23645320197044334,0.0,-0.23645320197044334,-12.0,-12.0,-12.0,-12.0,-12.0,-12.0,12.0,12.0,12.0,5.0
riz_f837fc2c605051499b9facf6dc8a12fb,233,20230202,805,north,minute_ignition,True,False,142.7763888888889,12854.5,12800.25,12858.5,54.25,4.25,167,53.5,58.25,54.0,True,a_first,0.07264957264957266,0.0,-0.07264957264957266,-4.25,-4.25,-4.25,-4.25,-4.25,-4.25,4.25,4.25,4.25,6.0
riz_cd3751292289b21a29a69de16ff8883c,234,20230202,810,north,minute_ignition,True,False,142.78680555555556,12854.0,12816.25,12858.5,37.75,4.75,157,35.25,42.25,37.25,True,a_first,0.11176470588235295,0.0,-0.11176470588235295,-4.75,-4.75,-4.75,-4.75,-4.75,-4.75,4.75,4.75,4.75,1.0
riz_fa2da9533ed77651740458d002e98285,147,20230202,816,north,minute_ignition,True,False,142.34444444444443,12876.5,12857.0,12879.0,19.5,2.75,5,18.0,22.0,19.5,True,a_first,0.12359550561797752,0.0,-0.12359550561797752,-2.75,-2.75,-2.75,-2.75,-2.75,-2.75,2.75,2.75,2.75,3.0
riz_166161b9f1ef39d94d85bfd5c207c458,197,20230202,822,north,native_confirmation,True,False,142.31527777777777,12891.0,12890.5,12894.0,0.5,3.25,0,0.0,3.5,0.25,False,same_minute,0.8666666666666667,,,,-3.25,0.5,,-3.25,0.5,,-0.5,3.25,1.0
riz_581fc063bae49a2b0280357c5d44d93b,198,20230202,828,north,minute_ignition,True,False,142.31180555555557,12890.25,12886.0,12897.25,4.25,7.25,7,2.0,11.25,4.25,True,a_first,0.6304347826086957,0.0,-0.6304347826086957,-7.25,-7.25,-7.25,-7.25,-7.25,-7.25,7.25,7.25,7.25,4.0
riz_61f1f3a9cbdac5c9501ef2f56f2961f3,203,20230202,858,north,minute_ignition,False,False,142.29375,12849.25,12871.0,12934.5,-21.75,85.5,43,-28.0,63.5,-21.75,True,b_at_entry,,,,,,,,,,,,,
riz_04925b99c0c16d9c8f14a57c2cd7a040,125,20230207,890,north,minute_ignition,False,False,4.009027777777778,12685.75,12764.5,12778.5,-78.75,93.0,112,-80.0,14.0,-78.75,True,b_at_entry,,,,,,,,,,,,,
riz_e9b39d0365c8a2e1cf6f8ebd87bff3b6,159,20230208,753,south,minute_ignition,True,False,4.729861111111111,12601.25,12655.25,12517.25,54.0,84.25,122,33.0,138.0,54.0,False,censored_horizon,0.6094032549728752,,,-33.5,-33.5,-33.5,-33.5,-33.5,-33.5,33.5,33.5,33.5,120.0
riz_32bc6ede5d4907296c33c06516cb13b5,199,20230209,834,south,minute_ignition,True,False,0.7527777777777778,12513.5,12601.75,12499.5,88.25,14.25,170,83.0,102.25,89.0,True,a_first,0.13902439024390245,0.0,-0.13902439024390245,-14.25,-14.25,-14.25,-14.25,-14.25,-14.25,14.25,14.25,14.25,4.0
riz_a65425878382c3adc4394d349f1424d6,121,20230210,729,north,minute_ignition,False,False,0.25972222222222224,12256.25,12399.0,12422.0,-142.75,166.0,110,-143.75,23.0,-142.25,True,b_at_entry,,,,,,,,,,,,,
riz_75eb750e7a809412bae1a8361ee70166,156,20230214,576,south,minute_ignition,True,False,4.538194444444445,12446.0,12448.75,12390.5,2.75,55.75,5,-16.5,58.25,4.0,True,b_first,0.9529914529914529,1.0,0.047008547008547064,2.75,2.75,2.75,2.75,2.75,2.75,-2.75,-2.75,-2.75,1.0
riz_b4948367506e94fbc3391c0200901257,173,20230214,678,north,minute_ignition,False,False,5.074305555555555,12512.5,12660.5,12687.0,-148.0,174.75,66,-156.5,26.5,-147.5,True,b_at_entry,,,,,,,,,,,,,
riz_cdcc42c9ed0b51de137d73d2c0211d13,194,20230217,610,south,minute_ignition,False,False,4.393055555555556,12337.5,12315.5,12296.25,-22.0,41.5,16,-28.0,19.25,-22.5,True,b_at_entry,,,,,,,,,,,,,
riz_903638dffe3b579809dff11986580811,137,20230220,736,south,minute_ignition,True,False,0.1986111111111111,12371.75,12376.75,12368.5,5.0,3.5,125,4.0,8.25,5.0,True,b_first,0.4117647058823529,1.0,0.5882352941176471,5.0,5.0,5.0,5.0,5.0,5.0,-5.0,-5.0,-5.0,14.0
riz_3ef138206996182cc372cd86b07c6473,138,20230220,744,south,minute_ignition,True,False,0.19444444444444445,12370.5,12381.25,12368.5,10.75,2.25,134,7.75,12.75,10.75,True,b_first,0.17307692307692307,1.0,0.8269230769230769,10.75,10.75,10.75,10.75,10.75,10.75,-10.75,-10.75,-10.75,7.0
riz_907ef04185f45730fa0e61eba7354b02,195,20230221,615,south,minute_ignition,False,False,22.405555555555555,12191.5,12187.25,12184.0,-4.25,7.75,1,-4.0,3.25,-3.75,True,b_at_entry,,,,,,,,,,,,,
riz_19e7138b4d6ab53fc4d53de0f1028549,122,20230221,616,south,minute_ignition,True,False,22.505555555555556,12188.25,12207.5,12184.0,19.25,4.5,4,15.25,23.5,19.0,False,b_first,0.18947368421052632,1.0,0.8105263157894737,19.25,19.25,19.25,19.25,19.25,19.25,-19.25,-19.25,-19.25,8.0
riz_82debdea66fd880d09c9cbfb7e5c97fa,163,20230221,618,south,minute_ignition,True,False,22.449305555555554,12191.5,12195.0,12184.0,3.5,7.75,5,-2.0,11.0,2.75,True,b_first,0.6888888888888889,1.0,0.3111111111111111,3.5,3.5,3.5,3.5,3.5,3.5,-3.5,-3.5,-3.5,1.0
riz_cee48ceec2d60e1814d5f89b6e85a851,200,20230221,640,south,minute_ignition,False,False,22.41111111111111,12196.75,12186.0,12181.0,-10.75,16.0,8,-11.0,5.0,-10.25,True,b_at_entry,,,,,,,,,,,,,
riz_eb430dc6a30fe688904c4252769b4cc3,172,20230221,672,south,minute_ignition,True,False,22.35625,12169.25,12180.25,12168.5,11.0,1.0,3,6.5,11.75,11.0,False,a_first,0.08333333333333333,0.0,-0.08333333333333333,-1.0,-1.0,-1.0,-1.0,-1.0,-1.0,1.0,1.0,1.0,1.0
riz_b6f18c2b4784b5a849bce1884d7cf303,207,20230221,675,south,minute_ignition,False,False,22.28472222222222,12182.25,12172.75,12168.0,-9.5,14.5,4,-10.25,4.75,-9.75,True,b_at_entry,,,,,,,,,,,,,
riz_ada9e722ba5c4a2d6a95fcca48ed3c8b,150,20230221,690,south,minute_ignition,True,False,22.30902777777778,12161.25,12169.0,12155.5,7.75,6.0,5,6.75,13.5,7.75,True,a_first,0.43636363636363634,0.0,-0.43636363636363634,-6.0,-6.0,-6.0,-6.0,-6.0,-6.0,6.0,6.0,6.0,2.0
riz_36ff85ffd27eb379b27187f813ef194c,218,20230221,730,south,minute_ignition,True,False,22.386805555555554,12158.75,12184.5,12144.75,25.75,14.25,97,25.5,39.75,26.25,True,a_first,0.35625,0.0,-0.35625,-14.25,-14.25,-14.25,-14.25,-14.25,-14.25,14.25,14.25,14.25,4.0
riz_dac94dd2a9506655f9eeb402383912d3,219,20230221,735,south,minute_ignition,True,False,22.259027777777778,12152.0,12175.0,12143.25,23.0,9.0,65,21.5,31.75,23.0,True,a_first,0.28125,0.0,-0.28125,-9.0,-9.0,-9.0,-9.0,-9.0,-9.0,9.0,9.0,9.0,13.0
riz_7e9158e62d51e3a04fd1af653ae48ab8,144,20230302,936,north,minute_ignition,True,False,1.5979166666666667,12069.0,12062.0,12071.5,7.0,2.75,3,5.0,9.5,6.75,False,a_first,0.28205128205128205,0.0,-0.28205128205128205,-2.75,-2.75,-2.75,-2.75,-2.75,-2.75,2.75,2.75,2.75,1.0
riz_23e44d6905c90c14f38eb1252672c462,163,20230302,944,north,minute_ignition,True,False,1.448611111111111,12082.25,12080.75,12096.25,1.5,14.25,6,0.25,15.5,1.25,True,b_first,0.9047619047619048,1.0,0.09523809523809523,1.5,1.5,1.5,1.5,1.5,1.5,-1.5,-1.5,-1.5,1.0
riz_edeba93953503ca598268b1e9a8ea91b,145,20230302,945,north,minute_ignition,True,False,1.5972222222222223,12074.0,12070.0,12096.25,4.0,22.5,10,3.0,26.25,4.0,True,b_first,0.8490566037735849,1.0,0.15094339622641506,4.0,4.0,4.0,4.0,4.0,4.0,-4.0,-4.0,-4.0,4.0
riz_2e1b0c1df5e335faba8eef0c3393f9a2,125,20230306,890,south,minute_ignition,True,False,14.01736111111111,12344.0,12387.75,12342.25,43.75,2.0,100,40.5,45.5,43.25,True,a_first,0.04371584699453552,0.0,-0.04371584699453552,-2.0,-2.0,-2.0,-2.0,-2.0,-2.0,2.0,2.0,2.0,2.0
riz_b27face411817efff51b3b4909bba821,146,20230309,808,south,minute_ignition,True,False,0.30277777777777776,12166.25,12176.0,12159.25,9.75,7.25,2,-0.5,16.75,9.5,False,a_first,0.4264705882352941,0.0,-0.4264705882352941,-7.25,-7.25,-7.25,-7.25,-7.25,-7.25,7.25,7.25,7.25,1.0
riz_b4de885aace572931d4e4c7c1120236f,147,20230309,816,south,minute_ignition,True,False,0.2986111111111111,12149.0,12181.75,12144.75,32.75,4.5,11,28.75,37.0,33.0,False,a_first,0.12080536912751678,0.0,-0.12080536912751678,-4.5,-4.5,-4.5,-4.5,-4.5,-4.5,4.5,4.5,4.5,2.0
riz_9be290dcd9971710d4346eae56ad6fd2,137,20230309,873,south,minute_ignition,True,False,0.3326388888888889,12078.5,12189.75,12074.75,111.25,4.0,69,104.25,115.0,111.5,False,a_first,0.03470715835140998,0.0,-0.03470715835140998,-4.0,-4.0,-4.0,-4.0,-4.0,-4.0,4.0,4.0,4.0,1.0
riz_74360fae30d75e676a0065679cce29c5,215,20230309,930,south,minute_ignition,True,False,6.582638888888889,11997.5,12045.75,11977.5,48.25,20.25,21,42.25,68.25,48.25,True,b_first,0.2956204379562044,1.0,0.7043795620437956,48.25,48.25,48.25,48.25,48.25,48.25,-48.25,-48.25,-48.25,22.0
riz_3a46eda855da37fd3a382be7a2496baa,132,20230313,696,north,minute_ignition,False,False,0.3625,12130.75,12164.5,12175.75,-33.75,45.25,6,-34.25,11.25,-33.75,True,b_at_entry,,,,,,,,,,,,,
riz_c95f325ce3ff63c14c6d7e5f24ff4180,179,20230313,714,north,minute_ignition,False,False,0.3701388888888889,12155.25,12180.0,12188.75,-24.75,33.75,4,-29.5,8.75,-25.0,True,b_at_entry,,,,,,,,,,,,,
riz_80035d766612384d1dd74144a5ae514d,135,20230313,720,north,minute_ignition,False,False,0.3548611111111111,12162.25,12166.25,12188.75,-4.0,26.75,29,-11.25,22.5,-4.0,True,b_at_entry,,,,,,,,,,,,,
riz_e3298e53f7abb5da2e9c9c63d655bd26,125,20230314,640,north,minute_ignition,True,False,4.8284722222222225,12314.5,12239.25,12326.0,75.25,11.75,62,70.5,86.75,75.25,True,a_first,0.13505747126436782,0.0,-0.13505747126436782,-11.75,-11.75,-11.75,-11.75,-11.75,-11.75,11.75,11.75,11.75,13.0
riz_fca176c52a13b6ba83122208c5be6d80,127,20230315,910,north,minute_ignition,False,False,9.040277777777778,12345.0,12384.0,12407.5,-39.0,62.75,9,-40.75,23.5,-38.0,True,b_at_entry,,,,,,,,,,,,,
riz_890f21c43b21d3fa03d3c6a886edf648,143,20230317,927,north,minute_ignition,False,False,0.8493055555555555,12650.5,12691.25,12699.25,-40.75,49.0,124,-42.0,8.0,-40.25,True,b_at_entry,,,,,,,,,,,,,
riz_387ed8e9a7ff81cad5acc8c50fb5bffd,189,20230323,585,north,minute_ignition,True,False,0.8590277777777777,12875.0,12861.5,12892.0,13.5,17.25,14,0.0,30.5,14.25,True,b_first,0.5609756097560976,1.0,0.4390243902439024,13.5,13.5,13.5,13.5,13.5,13.5,-13.5,-13.5,-13.5,3.0
riz_2653322158aa572e36d8f955b236ca78,190,20230323,590,north,minute_ignition,False,False,0.8638888888888889,12869.0,12876.0,12892.0,-7.0,23.25,6,-16.75,16.0,-7.25,True,b_at_entry,,,,,,,,,,,,,
riz_ffc2e4e42c33d7fcdf428ebf3a0f2821,201,20230323,645,north,minute_ignition,True,False,0.8368055555555556,12959.5,12921.75,12963.5,37.75,4.25,34,27.5,41.75,38.0,True,a_first,0.10119047619047619,0.0,-0.10119047619047619,-4.25,-4.25,-4.25,-4.25,-4.25,-4.25,4.25,4.25,4.25,1.0
riz_3669820974838439c0d9935fae750360,202,20230323,650,north,minute_ignition,True,False,0.8263888888888888,12997.5,12912.5,13002.0,85.0,4.75,48,80.25,89.5,85.0,True,a_first,0.052924791086350974,0.0,-0.052924791086350974,-4.75,-4.75,-4.75,-4.75,-4.75,-4.75,4.75,4.75,4.75,4.0
riz_626893d38decc5f53613afd7251aef1f,206,20230323,670,north,minute_ignition,True,False,0.8090277777777778,13013.0,12906.25,13031.0,106.75,18.25,69,104.5,124.75,106.5,True,censored_horizon,0.146,,,64.5,64.5,64.5,64.5,64.5,64.5,-64.5,-64.5,-64.5,120.0
riz_d8157396acb99eaf18197387ca57f628,152,20230323,704,north,minute_ignition,True,False,0.8333333333333334,12977.25,12933.75,13031.0,43.5,54.0,88,39.25,97.25,43.75,True,b_first,0.5538461538461539,1.0,0.4461538461538461,43.5,43.5,43.5,43.5,43.5,43.5,-43.5,-43.5,-43.5,88.0
riz_5907e7f21c6c1ce6168e888c09f5f530,193,20230331,605,north,minute_ignition,True,False,0.3861111111111111,13142.5,13130.0,13158.5,12.5,16.25,23,12.0,28.5,12.25,True,a_first,0.5652173913043478,0.0,-0.5652173913043478,-16.25,-16.25,-16.25,-16.25,-16.25,-16.25,16.25,16.25,16.25,24.0
riz_e068a69e4e43a62aa7009c95efb8e370,162,20230405,612,south,minute_ignition,False,False,5.221527777777778,13110.25,13109.0,13103.0,-1.25,7.5,5,-4.5,6.0,-1.5,True,b_at_entry,,,,,,,,,,,,,
riz_05f86fb6d06d9ce3fd82a3f5174df481,123,20230405,624,south,minute_ignition,False,False,5.253472222222222,13115.0,13103.0,13099.25,-12.0,16.0,4,-13.5,3.75,-12.25,True,b_at_entry,,,,,,,,,,,,,
riz_e74a0ac795aad5717e6aa66e12318f3d,165,20230405,630,south,minute_ignition,True,False,5.113888888888889,13089.5,13096.0,13088.0,6.5,1.75,1,6.0,8.0,6.25,True,a_first,0.21212121212121213,0.0,-0.21212121212121213,-1.75,-1.75,-1.75,-1.75,-1.75,-1.75,1.75,1.75,1.75,1.0
riz_6581e8f8a083ae3b475aff118f3b70be,202,20230405,650,south,minute_ignition,True,False,5.126388888888889,13052.0,13092.5,13045.5,40.5,6.75,20,38.0,47.0,40.75,True,a_first,0.14285714285714285,0.0,-0.14285714285714285,-6.75,-6.75,-6.75,-6.75,-6.75,-6.75,6.75,6.75,6.75,2.0
riz_581c88d7bdd3a6cc0227dc0a766f9984,210,20230405,690,south,minute_ignition,True,False,5.1090277777777775,13037.75,13082.0,13019.5,44.25,18.5,53,43.5,62.5,44.0,False,a_first,0.2948207171314741,0.0,-0.2948207171314741,-18.5,-18.5,-18.5,-18.5,-18.5,-18.5,18.5,18.5,18.5,46.0
riz_c571e8c25265753eb83a671bf9af22b8,212,20230405,700,south,minute_ignition,True,False,5.104166666666667,13057.75,13079.75,13019.5,22.0,38.5,62,18.25,60.25,22.25,True,a_first,0.6363636363636364,0.0,-0.6363636363636364,-38.5,-38.5,-38.5,-38.5,-38.5,-38.5,38.5,38.5,38.5,36.0
riz_1d7f4a1f4838c06062bd4487cb9d239c,134,20230406,712,north,minute_ignition,True,False,5.997222222222222,13121.5,13116.75,13128.0,4.75,6.75,4,-3.0,11.25,4.5,True,b_first,0.5869565217391305,1.0,0.4130434782608695,4.75,4.75,4.75,4.75,4.75,4.75,-4.75,-4.75,-4.75,1.0
riz_8886a082660381e1c549edc0403f7ca5,157,20230406,739,north,minute_ignition,True,False,5.9875,13136.5,13130.5,13153.0,6.0,16.75,18,-1.25,22.5,6.25,False,b_first,0.7362637362637363,1.0,0.2637362637362637,6.0,6.0,6.0,6.0,6.0,6.0,-6.0,-6.0,-6.0,1.0
riz_dc3fa7a19bb757f705ddd07b429bd157,160,20230411,600,south,minute_ignition,True,False,0.8770833333333333,13107.0,13107.25,13092.75,0.25,14.5,17,-4.25,14.5,0.75,True,b_first,0.9830508474576272,1.0,0.016949152542372836,0.25,0.25,0.25,0.25,0.25,0.25,-0.25,-0.25,-0.25,1.0
riz_91ca72697e190f6ee5118072de913b63,138,20230411,606,south,minute_ignition,True,False,0.9833333333333333,13098.0,13111.25,13092.75,13.25,5.5,24,12.25,18.5,13.0,True,a_first,0.29333333333333333,0.0,-0.29333333333333333,-5.5,-5.5,-5.5,-5.5,-5.5,-5.5,5.5,5.5,5.5,7.0
riz_3386fa1b76699c051a10551c2523aef8,139,20230411,613,south,native_confirmation,True,False,0.9034722222222222,13085.25,13088.5,13084.75,3.25,0.75,0,-0.0,3.75,3.5,False,same_minute,0.1875,,,,-0.75,3.25,,-0.75,3.25,,-3.25,0.75,1.0
riz_37fa3e0fa4e114b19c69d6fa5177c36d,171,20230411,666,south,minute_ignition,True,False,0.9659722222222222,13073.0,13083.5,13055.75,10.5,17.5,49,8.5,27.75,10.25,True,b_first,0.625,1.0,0.375,10.5,10.5,10.5,10.5,10.5,10.5,-10.5,-10.5,-10.5,9.0
riz_a5a9ba9726d75ec9f93d5238d1396d86,172,20230411,672,south,minute_ignition,True,False,0.9826388888888888,13067.5,13067.75,13055.75,0.25,12.0,25,-4.25,12.0,0.5,True,b_first,0.9795918367346939,1.0,0.020408163265306145,0.25,0.25,0.25,0.25,0.25,0.25,-0.25,-0.25,-0.25,1.0
riz_6970c84903b70342800b946930aa6be7,173,20230411,678,south,minute_ignition,False,False,0.9583333333333334,13086.5,13073.0,13055.75,-13.5,31.0,60,-15.75,17.25,-13.25,True,b_at_entry,,,,,,,,,,,,,
riz_d92ea267f57deeec71598bd2f2ee8648,211,20230411,695,south,minute_ignition,True,False,0.9381944444444444,13077.25,13099.0,13055.75,21.75,21.75,89,20.75,43.25,21.5,True,a_first,0.5,0.0,-0.5,-21.75,-21.75,-21.75,-21.75,-21.75,-21.75,21.75,21.75,21.75,11.0
riz_21b9a61c00823ad07ae53a64fb9fdcf6,180,20230411,720,south,minute_ignition,False,False,0.9902777777777778,13076.0,13059.25,13053.5,-16.75,22.75,14,-19.0,5.75,-16.5,True,b_at_entry,,,,,,,,,,,,,
riz_f29270f94e2942ceaa96b14d3fe7385e,229,20230414,785,north,minute_ignition,False,False,0.33402777777777776,13084.75,13188.25,13255.0,-103.5,170.5,206,-110.25,66.75,-103.25,True,b_at_entry,,,,,,,,,,,,,
riz_d126b4ed51a4c801c0da60777fd23bf8,209,20230418,894,south,minute_ignition,True,False,0.9958333333333333,13149.25,13153.0,13138.0,3.75,11.5,6,3.5,15.0,4.0,True,b_first,0.7540983606557377,1.0,0.24590163934426235,3.75,3.75,3.75,3.75,3.75,3.75,-3.75,-3.75,-3.75,1.0
riz_55c9b8610f370be68cf425596faeccce,157,20230418,896,south,minute_ignition,False,False,0.9965277777777778,13149.25,13142.25,13138.0,-7.0,11.5,5,-8.5,4.25,-7.5,True,b_at_entry,,,,,,,,,,,,,
riz_be9d123961a40fa47849b687bb3bebef,211,20230418,906,south,minute_ignition,False,False,0.9881944444444445,13169.25,13151.5,13138.0,-17.75,31.5,17,-22.75,13.5,-18.0,True,b_at_entry,,,,,,,,,,,,,
riz_6676f314dca583e041f1b7d54d09ec9b,193,20230419,798,north,minute_ignition,False,False,1.1034722222222222,13196.75,13201.75,13211.75,-5.0,15.25,44,-8.0,10.0,-5.0,True,b_at_entry,,,,,,,,,,,,,
riz_0d56060147dac82cf0c36497bf564e00,143,20230420,927,south,minute_ignition,True,False,0.2722222222222222,13032.75,13071.5,13030.75,38.75,2.25,37,37.75,40.75,39.0,True,a_first,0.054878048780487805,0.0,-0.054878048780487805,-2.25,-2.25,-2.25,-2.25,-2.25,-2.25,2.25,2.25,2.25,1.0
riz_851a7f669eddf60536ed7c5b9d01f411,143,20230424,641,south,minute_ignition,True,False,0.29583333333333334,13030.0,13046.0,13025.5,16.0,4.75,3,12.0,20.5,15.75,False,a_first,0.2289156626506024,0.0,-0.2289156626506024,-4.75,-4.75,-4.75,-4.75,-4.75,-4.75,4.75,4.75,4.75,2.0
riz_c4d9b5d9c650718526b0d71f80e9fc7f,125,20230424,890,north,minute_ignition,False,False,0.23819444444444443,13041.5,13064.25,13067.75,-22.75,26.5,32,-23.0,3.5,-22.75,True,b_at_entry,,,,,,,,,,,,,
riz_deb4398461f7a1d7985ac1e69e8c3e78,160,20230427,920,north,minute_ignition,True,False,9.213888888888889,13245.75,13242.0,13247.75,3.75,2.25,12,2.25,5.75,3.5,True,a_first,0.375,0.0,-0.375,-2.25,-2.25,-2.25,-2.25,-2.25,-2.25,2.25,2.25,2.25,2.0
riz_ae65a1093b81cd4d39580ec0a0deb732,120,20230428,720,north,minute_ignition,False,False,9.925694444444444,13255.0,13256.5,13293.0,-1.5,38.25,107,-3.5,36.5,-1.5,True,b_at_entry,,,,,,,,,,,,,
riz_02939f883ada0dced0531e2c84ba018b,161,20230503,928,north,minute_ignition,False,False,4.952083333333333,13174.25,13247.75,13314.0,-73.5,140.0,69,-82.25,66.25,-74.0,True,b_at_entry,,,,,,,,,,,,,
riz_f8b6a55e82a36be9efb4605e21384a71,197,20230504,625,south,minute_ignition,True,False,9.26875,13020.75,13027.25,13007.75,6.5,13.25,7,0.5,19.5,6.5,True,b_first,0.6708860759493671,1.0,0.3291139240506329,6.5,6.5,6.5,6.5,6.5,6.5,-6.5,-6.5,-6.5,1.0
riz_585aef483b4d3cd18533515493ea68cd,193,20230515,605,south,minute_ignition,True,False,2.713888888888889,13385.0,13402.5,13374.25,17.5,11.0,26,17.5,28.25,18.0,True,a_first,0.38596491228070173,0.0,-0.38596491228070173,-11.0,-11.0,-11.0,-11.0,-11.0,-11.0,11.0,11.0,11.0,2.0
riz_edf98de74e542d56efe79e60151bf396,121,20230515,850,north,minute_ignition,True,False,3.629166666666667,13456.5,13456.0,13480.0,0.5,23.75,62,-1.25,24.0,0.5,True,b_first,0.979381443298969,1.0,0.020618556701030966,0.5,0.5,0.5,0.5,0.5,0.5,-0.5,-0.5,-0.5,1.0
riz_7d428024de01a602ba62d975528263e8,194,20230526,610,north,native_confirmation,True,False,400.0,14149.0,14141.5,14150.25,7.5,1.5,0,0.0,8.75,7.5,False,same_minute,0.16666666666666666,,,,-1.5,7.5,,-1.5,7.5,,-7.5,1.5,1.0
riz_c1cb37a82566ae117ff6d46bfc9f9cd7,195,20230526,615,north,minute_ignition,True,False,399.9902777777778,14150.5,14138.25,14151.25,12.25,1.0,14,9.0,13.0,12.0,True,a_first,0.07547169811320754,0.0,-0.07547169811320754,-1.0,-1.0,-1.0,-1.0,-1.0,-1.0,1.0,1.0,1.0,1.0
riz_16502a803734eb7d7a33948733ba9413,205,20230526,665,north,minute_ignition,True,False,400.11041666666665,14250.5,14164.5,14269.25,86.0,19.0,46,78.75,104.75,85.75,False,a_first,0.18095238095238095,0.0,-0.18095238095238095,-19.0,-19.0,-19.0,-19.0,-19.0,-19.0,19.0,19.0,19.0,37.0
riz_844590290aed539dbdd699dd1d823a87,148,20230526,676,north,minute_ignition,True,False,400.06041666666664,14246.25,14149.0,14269.25,97.25,23.25,61,95.75,120.25,97.0,False,a_first,0.19294605809128632,0.0,-0.19294605809128632,-23.25,-23.25,-23.25,-23.25,-23.25,-23.25,23.25,23.25,23.25,26.0
riz_5f3df13ef2e9728b53f95660509801d0,208,20230526,680,north,minute_ignition,True,False,400.1,14240.5,14157.75,14269.25,82.75,29.0,64,82.5,111.5,82.75,True,a_first,0.2595078299776286,0.0,-0.2595078299776286,-29.0,-29.0,-29.0,-29.0,-29.0,-29.0,29.0,29.0,29.0,22.0
riz_ef38d1c6a1c2ec51c350d561b5269fc3,154,20230601,872,north,minute_ignition,True,False,2.1881944444444446,14482.75,14482.5,14500.0,0.25,17.5,37,-0.5,17.5,0.75,True,b_first,0.9859154929577465,1.0,0.014084507042253502,0.25,0.25,0.25,0.25,0.25,0.25,-0.25,-0.25,-0.25,2.0
riz_41cd9063f4e3070f0078fd36b6f2d51b,131,20230601,950,north,minute_ignition,False,False,2.1958333333333333,14467.25,14485.75,14528.25,-18.5,61.25,111,-19.5,42.5,-18.75,True,b_at_entry,,,,,,,,,,,,,
riz_49e43c23878f1b1785ff7636c6b798b5,131,20230607,688,south,minute_ignition,True,False,0.22847222222222222,14487.0,14571.5,14447.75,84.5,39.5,64,73.25,123.75,84.25,False,a_first,0.3185483870967742,0.0,-0.3185483870967742,-39.5,-39.5,-39.5,-39.5,-39.5,-39.5,39.5,39.5,39.5,24.0
riz_ef2dec6941b3ff265aeca7405b90bec8,207,20230608,675,north,minute_ignition,True,False,6.738888888888889,14476.5,14433.5,14494.25,43.0,18.0,31,39.25,60.75,43.0,True,a_first,0.29508196721311475,0.0,-0.29508196721311475,-18.0,-18.0,-18.0,-18.0,-18.0,-18.0,18.0,18.0,18.0,16.0
riz_af2e57351dc08ae805005db38646bf73,219,20230608,735,north,minute_ignition,True,False,6.748611111111111,14491.0,14455.0,14514.75,36.0,24.0,77,34.5,59.75,36.0,True,a_first,0.4,0.0,-0.4,-24.0,-24.0,-24.0,-24.0,-24.0,-24.0,24.0,24.0,24.0,7.0
riz_fda755981228da2e13d39e48944304c6,156,20230609,576,north,minute_ignition,True,False,1.9979166666666666,14592.5,14583.0,14595.25,9.5,3.0,3,8.75,12.25,9.25,True,same_minute,0.24,,,,-3.0,9.5,,-3.0,9.5,,-9.5,3.0,1.0
riz_cafabcb80e351ef6f3272d6a78e59840,134,20230609,578,north,minute_ignition,True,False,1.9986111111111111,14593.25,14587.75,14598.0,5.5,5.0,2,1.5,10.25,6.0,True,same_minute,0.47619047619047616,,,,-5.0,5.5,,-5.0,5.5,,-5.5,5.0,1.0
riz_89a6d02a88d6f74da94bdf9a42583a17,137,20230609,599,north,minute_ignition,True,False,1.9868055555555555,14657.5,14599.75,14668.5,57.75,11.25,19,55.75,68.75,57.5,True,a_first,0.16304347826086957,0.0,-0.16304347826086957,-11.25,-11.25,-11.25,-11.25,-11.25,-11.25,11.25,11.25,11.25,4.0
riz_2bc744b225c3fc8dfe205c53f530f249,216,20230612,936,north,minute_ignition,True,False,434.22222222222223,14959.75,14868.5,14977.5,91.25,18.0,112,88.75,109.0,91.25,True,a_first,0.16475972540045766,0.0,-0.16475972540045766,-18.0,-18.0,-18.0,-18.0,-18.0,-18.0,18.0,18.0,18.0,6.0
riz_e083384f8b55dc2ecd58f31ad4a0ba35,217,20230612,942,north,minute_ignition,True,False,434.22013888888887,14980.75,14871.0,14981.5,109.75,1.0,117,107.75,110.5,110.25,False,a_first,0.009029345372460496,0.0,-0.009029345372460496,-1.0,-1.0,-1.0,-1.0,-1.0,-1.0,1.0,1.0,1.0,1.0
riz_daf4c7b429dc4d0fabf8bab2ef10f886,218,20230612,948,north,minute_ignition,True,False,434.21805555555557,14969.0,14874.25,14983.75,94.75,15.0,122,89.75,109.5,94.5,False,a_first,0.1366742596810934,0.0,-0.1366742596810934,-15.0,-15.0,-15.0,-15.0,-15.0,-15.0,15.0,15.0,15.0,12.0
riz_b9da28bd427c9c37674b22e91c266ae9,193,20230615,605,north,minute_ignition,False,False,0.7041666666666667,15215.75,15217.75,15223.5,-2.0,8.0,11,-1.75,5.75,-1.5,True,b_at_entry,,,,,,,,,,,,,
riz_4894066dc09d157576fdc7787058af8f,223,20230616,755,south,minute_ignition,False,False,0.3472222222222222,15401.0,15356.5,15324.25,-44.5,77.0,169,-49.75,32.25,-44.5,True,b_at_entry,,,,,,,,,,,,,
riz_057afe40da9ea8035a6806d3edc6d7c3,224,20230616,760,south,minute_ignition,False,False,0.34444444444444444,15391.0,15358.0,15324.25,-33.0,67.0,176,-33.5,33.75,-33.25,True,b_at_entry,,,,,,,,,,,,,
riz_b163ac870764405450ec10231567d10d,126,20230620,648,south,minute_ignition,False,False,5.156944444444444,15163.75,15163.0,15126.5,-0.75,37.5,26,-7.0,36.5,-1.0,True,b_at_entry,,,,,,,,,,,,,
riz_bca59da694184956d56d259499fcd72c,168,20230620,648,south,minute_ignition,False,False,5.104861111111111,15163.75,15133.0,15126.5,-30.75,37.5,17,-31.25,6.5,-31.0,True,b_at_entry,,,,,,,,,,,,,
riz_8467cefd9896839580db9bb12848fe3f,127,20230620,656,south,minute_ignition,True,False,5.154861111111111,15154.5,15155.5,15126.5,1.0,28.25,31,-1.0,29.0,1.0,True,b_first,0.9658119658119658,1.0,0.03418803418803418,1.0,1.0,1.0,1.0,1.0,1.0,-1.0,-1.0,-1.0,1.0
riz_8f7b4adc78d8601d95976c51871ebbb4,128,20230620,664,south,minute_ignition,False,False,5.152777777777778,15170.75,15147.5,15126.5,-23.25,44.5,36,-32.5,21.0,-23.0,True,b_at_entry,,,,,,,,,,,,,
riz_a2aa011cc9a937339ba8534efecbfbd4,213,20230620,705,south,minute_ignition,False,False,5.09375,15174.25,15149.5,15126.5,-24.75,48.0,78,-26.25,23.0,-25.25,True,b_at_entry,,,,,,,,,,,,,
riz_4d66e1e612283ba9c47bc4188c8f59ce,181,20230620,726,south,minute_ignition,False,False,5.058333333333334,15164.5,15136.5,15126.5,-28.0,38.25,97,-30.25,10.0,-28.0,True,b_at_entry,,,,,,,,,,,,,
riz_f000a0fa57acb0f0e013e78234a331e4,236,20230623,584,south,minute_ignition,False,False,1.3270833333333334,15027.5,15027.0,15019.0,-0.5,8.75,1,-2.25,8.0,-0.0,True,b_at_entry,,,,,,,,,,,,,
riz_501aee2af9aaf7047cd00b51b6cd53b0,189,20230626,585,north,minute_ignition,True,False,0.38958333333333334,15085.0,15075.25,15090.5,9.75,5.75,6,6.5,15.25,9.75,True,a_first,0.3709677419354839,0.0,-0.3709677419354839,-5.75,-5.75,-5.75,-5.75,-5.75,-5.75,5.75,5.75,5.75,1.0
riz_d0666a095899751f56b0c0fd20dbd0d1,190,20230626,590,north,minute_ignition,True,False,0.39166666666666666,15089.75,15083.25,15104.0,6.5,14.5,6,5.0,20.75,6.25,True,same_minute,0.6904761904761905,,,,-14.5,6.5,,-14.5,6.5,,-6.5,14.5,1.0
riz_85126fab925a8f1dfc4368d85c66e96c,207,20230626,675,north,minute_ignition,False,False,0.3701388888888889,15024.0,15089.75,15152.5,-65.75,128.75,88,-68.5,62.75,-66.0,True,b_at_entry,,,,,,,,,,,,,
riz_93ee1fd07f1d514e59c79b7519c70253,210,20230626,690,north,minute_ignition,False,False,0.36666666666666664,14998.5,15093.0,15152.5,-94.5,154.25,102,-100.75,59.5,-94.5,True,b_at_entry,,,,,,,,,,,,,
riz_5641256cef0ed46c8f907a46308813af,219,20230626,735,north,minute_ignition,False,False,0.3527777777777778,14931.5,15086.5,15152.5,-155.0,221.25,149,-155.75,66.0,-154.75,True,b_at_entry,,,,,,,,,,,,,
riz_e6f78e8908d8d20933a7146431248ba6,122,20230626,738,south,minute_ignition,False,False,446.9090277777778,14944.0,14940.75,14914.25,-3.25,30.0,9,-6.25,26.5,-3.5,True,b_at_entry,,,,,,,,,,,,,
riz_a5c079d001fcc85c2d55289795abd922,166,20230626,802,south,minute_ignition,True,False,446.83472222222224,14908.25,14932.5,14878.5,24.25,30.0,72,23.75,54.0,24.5,True,b_first,0.5529953917050692,1.0,0.4470046082949308,24.25,24.25,24.25,24.25,24.25,24.25,-24.25,-24.25,-24.25,73.0
riz_d2f61915fcf6a3f1b076740ad23b9c64,147,20230626,816,south,minute_ignition,False,False,446.85833333333335,14919.5,14909.0,14878.5,-10.5,41.25,57,-16.75,30.5,-11.0,True,b_at_entry,,,,,,,,,,,,,
riz_b4f74d8d66bc63df30fa17aab4835c62,197,20230626,822,south,minute_ignition,False,False,446.8222222222222,14911.0,14888.0,14878.5,-23.0,32.75,59,-28.75,9.5,-23.25,True,b_at_entry,,,,,,,,,,,,,
riz_fded436a1fafa75c0276e9ade332c141,209,20230626,894,south,minute_ignition,False,False,446.8201388888889,14937.0,14901.0,14878.5,-36.0,58.75,133,-38.25,22.5,-36.0,True,b_at_entry,,,,,,,,,,,,,
riz_407f5957ffb556ce2ab8882db28eddd6,202,20230628,650,north,native_confirmation,True,False,5.561111111111111,15202.0,15199.75,15203.0,2.25,1.25,0,0.0,3.25,2.0,False,same_minute,0.35714285714285715,,,,-1.25,2.25,,-1.25,2.25,,-2.25,1.25,1.0
riz_50dbf8f43ef690fd56133c72b66ff849,145,20230628,655,north,minute_ignition,True,False,5.7375,15199.25,15188.75,15207.25,10.5,8.25,13,9.25,18.5,10.25,True,b_first,0.44,1.0,0.56,10.5,10.5,10.5,10.5,10.5,10.5,-10.5,-10.5,-10.5,3.0
riz_66de93f2c3fb24dbfdbf4b7ddc58d1b8,130,20230628,680,north,minute_ignition,False,False,5.735416666666667,15168.75,15184.0,15207.25,-15.25,38.75,41,-18.75,23.25,-16.0,True,b_at_entry,,,,,,,,,,,,,
riz_9e7f7f6ed63cbb0c7b3ce7bbd1532e7d,157,20230628,739,north,minute_ignition,True,False,5.65,15215.25,15203.5,15219.0,11.75,4.0,6,6.0,15.5,11.5,False,b_first,0.25396825396825395,1.0,0.746031746031746,11.75,11.75,11.75,11.75,11.75,11.75,-11.75,-11.75,-11.75,2.0
riz_e1a07a92291b1a80128241d7c75ea519,140,20230628,760,north,minute_ignition,False,False,5.663888888888889,15120.5,15212.25,15219.0,-91.75,98.75,24,-94.0,6.75,-91.75,True,b_at_entry,,,,,,,,,,,,,
riz_27dfd893968d8bbe7c62f0df509bd936,164,20230628,788,north,minute_ignition,False,False,5.738194444444445,15101.0,15191.75,15219.0,-90.75,118.25,145,-92.25,27.25,-90.25,True,b_at_entry,,,,,,,,,,,,,
riz_7f97c47750adb715c191533b515ecc02,228,20230706,780,south,minute_ignition,False,False,6.76875,15215.5,15117.25,15111.5,-98.25,104.25,105,-99.5,5.75,-98.25,True,b_at_entry,,,,,,,,,,,,,
riz_012394927a8f00624ac34d11f28358ea,187,20230707,762,north,minute_ignition,True,False,1.9958333333333333,15326.25,15322.75,15336.5,3.5,10.5,6,-4.75,13.75,3.5,False,b_first,0.75,1.0,0.25,3.5,3.5,3.5,3.5,3.5,3.5,-3.5,-3.5,-3.5,7.0
riz_d7363e3ac0a8526bde604eeaf0cf4cf5,188,20230717,580,north,minute_ignition,True,False,2.8631944444444444,15766.5,15753.25,15781.5,13.25,15.25,9,9.25,28.25,12.75,True,b_first,0.5350877192982456,1.0,0.4649122807017544,13.25,13.25,13.25,13.25,13.25,13.25,-13.25,-13.25,-13.25,4.0
riz_c56141265fda82cca7e09b7806fc8254,189,20230717,585,north,minute_ignition,False,False,2.8631944444444444,15739.5,15768.0,15781.5,-28.5,42.25,8,-29.5,13.5,-28.5,True,b_at_entry,,,,,,,,,,,,,
riz_d6d793367f0c3cec265881e92253e760,130,20230717,940,north,minute_ignition,False,False,550.30625,15855.25,15875.0,15882.75,-19.75,27.75,19,-24.0,7.75,-19.5,True,b_at_entry,,,,,,,,,,,,,
riz_9cc8f3cfa39c81a15a62ffb3d5687a7f,122,20230720,860,south,minute_ignition,True,False,552.8729166666667,15642.5,15654.5,15641.0,12.0,1.75,1,9.5,13.5,11.75,False,a_first,0.12727272727272726,0.0,-0.12727272727272726,-1.75,-1.75,-1.75,-1.75,-1.75,-1.75,1.75,1.75,1.75,1.0
riz_f61840ab7b78162390dc07b4c831ab9b,160,20230725,920,north,minute_ignition,False,False,8.08125,15707.5,15728.75,15736.25,-21.25,29.0,43,-21.5,7.5,-21.0,True,b_at_entry,,,,,,,,,,,,,
riz_6dbb25238c135a2aba75badc1048693c,170,20230726,660,south,minute_ignition,True,False,1.4694444444444446,15538.0,15564.0,15532.0,26.0,6.25,4,21.75,32.0,26.5,True,a_first,0.1937984496124031,0.0,-0.1937984496124031,-6.25,-6.25,-6.25,-6.25,-6.25,-6.25,6.25,6.25,6.25,1.0
riz_a4356e69bdfd7276a635bbc9754a9871,206,20230727,876,south,minute_ignition,True,False,0.9986111111111111,15600.25,15607.25,15598.75,7.0,1.75,2,0.75,8.5,7.0,True,a_first,0.2,0.0,-0.2,-1.75,-1.75,-1.75,-1.75,-1.75,-1.75,1.75,1.75,1.75,1.0
riz_f7f5ea7de8d00362d784b7acc9af43be,195,20230728,615,north,minute_ignition,True,False,0.9777777777777777,15807.25,15790.5,15829.25,16.75,22.25,32,14.75,38.75,17.0,True,b_first,0.5705128205128205,1.0,0.4294871794871795,16.75,16.75,16.75,16.75,16.75,16.75,-16.75,-16.75,-16.75,14.0
riz_303378dabd90b76528fef20f848e9e20,196,20230728,620,north,minute_ignition,True,False,0.9784722222222222,15819.5,15795.0,15829.25,24.5,10.0,31,21.0,34.25,24.75,True,b_first,0.2898550724637681,1.0,0.7101449275362319,24.5,24.5,24.5,24.5,24.5,24.5,-24.5,-24.5,-24.5,7.0
riz_0d31bc1c15ecda5120e9f14ff187e90a,200,20230801,640,south,minute_ignition,False,False,4.721527777777778,15811.0,15735.75,15728.25,-75.25,83.0,21,-76.75,7.5,-75.25,True,b_at_entry,,,,,,,,,,,,,
riz_670df249a42a890a17b3b524472bfd4d,195,20230803,615,north,minute_ignition,False,False,0.3972222222222222,15419.5,15458.0,15466.75,-38.5,47.5,13,-42.0,8.75,-38.75,True,b_at_entry,,,,,,,,,,,,,
riz_70810b09a7bca7020890529e879bb01d,214,20230807,710,south,minute_ignition,True,False,2.6979166666666665,15381.5,15391.25,15334.25,9.75,47.5,125,9.0,57.0,10.25,True,b_first,0.8296943231441049,1.0,0.17030567685589515,9.75,9.75,9.75,9.75,9.75,9.75,-9.75,-9.75,-9.75,4.0
riz_b5f1dfd2e5fea9a73b021c56cc7e647d,217,20230807,725,south,minute_ignition,False,False,2.7090277777777776,15414.25,15377.25,15334.25,-37.0,80.25,124,-43.5,43.0,-36.5,True,b_at_entry,,,,,,,,,,,,,
riz_73879843c5dfb0b8d41f59bfb3069b74,185,20230807,750,south,minute_ignition,False,False,2.7006944444444443,15422.25,15381.0,15334.25,-41.25,88.25,161,-41.5,46.75,-41.0,True,b_at_entry,,,,,,,,,,,,,
riz_73fca2c6b8b4d869f667f6461757d8ef,162,20230808,936,north,minute_ignition,True,False,27.129166666666666,15317.25,15300.0,15345.0,17.25,28.0,138,13.25,45.0,17.0,True,a_first,0.6187845303867403,0.0,-0.6187845303867403,-28.0,-28.0,-28.0,-28.0,-28.0,-28.0,28.0,28.0,28.0,7.0
riz_1b869e4dd79a4dd3ecb012642a2638a6,163,20230808,944,north,minute_ignition,True,False,27.165277777777778,15346.5,15311.5,15356.25,35.0,10.0,88,31.5,44.75,35.0,True,a_first,0.2222222222222222,0.0,-0.2222222222222222,-10.0,-10.0,-10.0,-10.0,-10.0,-10.0,10.0,10.0,10.0,2.0
riz_85f6ab5c971d038d47b328bf077ace98,135,20230809,585,south,minute_ignition,True,False,0.8090277777777778,15295.0,15313.0,15281.25,18.0,14.0,5,15.25,31.75,17.5,True,a_first,0.4375,0.0,-0.4375,-14.0,-14.0,-14.0,-14.0,-14.0,-14.0,14.0,14.0,14.0,6.0
riz_513aba2570890d560662059e215303ff,145,20230809,655,south,minute_ignition,True,False,0.85,15225.25,15305.75,15225.5,80.5,-0.0,71,72.0,80.25,80.25,False,a_at_entry,,,,,,,,,,,,,
riz_43db0f140f452708443031a2307c5561,237,20230810,588,north,minute_ignition,True,False,1.4930555555555556,15378.75,15351.75,15379.5,27.0,1.0,1,7.5,27.75,26.75,False,a_first,0.03571428571428571,0.0,-0.03571428571428571,-1.0,-1.0,-1.0,-1.0,-1.0,-1.0,1.0,1.0,1.0,1.0
riz_e754c54cfa8ee14c157c11ba6b9d437b,120,20230815,720,south,minute_ignition,False,False,1.0048611111111112,15195.5,15132.5,15107.5,-63.0,88.25,113,-63.5,25.0,-63.0,True,b_at_entry,,,,,,,,,,,,,
riz_5f826777c71fe6718c83ea0b9b750b12,180,20230816,900,south,minute_ignition,False,False,50.888194444444444,15031.25,15014.75,14983.25,-16.5,48.25,161,-17.75,31.5,-17.0,True,b_at_entry,,,,,,,,,,,,,
riz_8437f962c584899d215c33b361e4e556,180,20230822,720,south,minute_ignition,True,False,5.695138888888889,14984.5,15031.25,14969.25,46.75,15.5,139,39.5,62.0,46.75,True,a_first,0.24899598393574296,0.0,-0.24899598393574296,-15.5,-15.5,-15.5,-15.5,-15.5,-15.5,15.5,15.5,15.5,10.0
riz_e0a9d53358cb633bd10ca80b58f1a71f,187,20230824,575,south,minute_ignition,True,False,9.129166666666666,15256.75,15274.0,15252.5,17.25,4.5,1,14.0,21.5,17.5,True,a_first,0.20689655172413793,0.0,-0.20689655172413793,-4.5,-4.5,-4.5,-4.5,-4.5,-4.5,4.5,4.5,4.5,1.0
riz_74f3cc8954d0df4e82dfc0f4d9b7ec7a,130,20230824,680,south,minute_ignition,False,False,1.0770833333333334,15023.25,15022.25,14994.0,-1.0,29.5,19,-7.5,28.25,-0.75,True,b_at_entry,,,,,,,,,,,,,
riz_c2a40f2f2befe13acaa31fe33ce7f7a1,182,20230824,732,south,minute_ignition,True,False,9.14236111111111,14981.5,15288.5,14943.5,307.0,38.25,159,297.5,345.0,306.75,False,censored_horizon,0.11078928312816799,,,8.75,8.75,8.75,8.75,8.75,8.75,-8.75,-8.75,-8.75,120.0
riz_c89ee46e0b174a9f162f1fb92f747019,162,20230828,612,north,minute_ignition,False,False,4.8625,15061.75,15106.25,15126.5,-44.5,65.0,36,-61.25,20.25,-44.75,True,b_at_entry,,,,,,,,,,,,,
riz_9f12af27cd1c39589639405a47bfbf73,142,20230829,634,north,minute_ignition,True,False,5.589583333333334,15310.25,15294.0,15314.5,16.25,4.5,3,3.75,20.5,15.75,False,a_first,0.21686746987951808,0.0,-0.21686746987951808,-4.5,-4.5,-4.5,-4.5,-4.5,-4.5,4.5,4.5,4.5,1.0
riz_993bed3e3db3cbe0ad06b79d3cad972f,167,20230829,642,north,minute_ignition,True,False,5.739583333333333,15300.25,15184.0,15328.0,116.25,28.0,41,97.5,144.0,116.25,False,a_first,0.19410745233968804,0.0,-0.19410745233968804,-28.0,-28.0,-28.0,-28.0,-28.0,-28.0,28.0,28.0,28.0,31.0
riz_d1c4bb80e612169122defbb1c7076fcf,168,20230829,648,north,minute_ignition,True,False,5.728472222222222,15295.75,15287.75,15328.0,8.0,32.5,19,4.5,40.25,8.0,False,a_first,0.8024691358024691,0.0,-0.8024691358024691,-32.5,-32.5,-32.5,-32.5,-32.5,-32.5,32.5,32.5,32.5,25.0
riz_0e30224678df4453af7fe83b56665e2a,221,20230829,745,north,minute_ignition,True,False,5.272916666666666,15380.0,15367.25,15386.25,12.75,6.5,49,5.75,19.0,12.75,True,a_first,0.33766233766233766,0.0,-0.33766233766233766,-6.5,-6.5,-6.5,-6.5,-6.5,-6.5,6.5,6.5,6.5,2.0
riz_7ce2568d61b1657ccc472cdb843511ea,120,20230830,600,north,minute_ignition,True,False,0.4131944444444444,15465.0,15453.25,15477.0,11.75,12.25,5,1.5,23.75,11.75,True,a_first,0.5104166666666666,0.0,-0.5104166666666666,-12.25,-12.25,-12.25,-12.25,-12.25,-12.25,12.25,12.25,12.25,2.0
riz_c4dbc8080f750fb51ee7760180bb51ea,220,20230830,740,north,minute_ignition,True,False,22.709722222222222,15511.75,15479.75,15518.0,32.0,6.5,138,27.5,38.25,31.75,True,a_first,0.16883116883116883,0.0,-0.16883116883116883,-6.5,-6.5,-6.5,-6.5,-6.5,-6.5,6.5,6.5,6.5,13.0
riz_534da4edb5ce53c61ca8d1eeee4b5752,222,20230830,750,north,minute_ignition,True,False,22.71388888888889,15509.75,15485.25,15518.0,24.5,8.5,142,23.5,32.75,24.25,True,a_first,0.25757575757575757,0.0,-0.25757575757575757,-8.5,-8.5,-8.5,-8.5,-8.5,-8.5,8.5,8.5,8.5,3.0
riz_5ddb98f214b4ee2efdd776b0df90d169,223,20230830,755,north,minute_ignition,True,False,22.715972222222224,15518.5,15486.75,15522.5,31.75,4.25,144,30.25,35.75,32.0,True,a_first,0.11805555555555555,0.0,-0.11805555555555555,-4.25,-4.25,-4.25,-4.25,-4.25,-4.25,4.25,4.25,4.25,12.0
riz_0c57d1dbf7adec6186c3feaf89326400,226,20230830,770,north,minute_ignition,True,False,22.716666666666665,15510.75,15489.5,15522.75,21.25,12.25,158,17.75,33.25,21.5,True,b_first,0.3656716417910448,1.0,0.6343283582089552,21.25,21.25,21.25,21.25,21.25,21.25,-21.25,-21.25,-21.25,62.0
riz_5823c6a523b66244839f677cb35aed6b,205,20230905,665,north,native_confirmation,True,False,1.1423611111111112,15557.5,15549.75,15560.0,7.75,2.75,0,0.0,10.25,7.75,False,a_first,0.2619047619047619,0.0,-0.2619047619047619,-2.75,-2.75,-2.75,-2.75,-2.75,-2.75,2.75,2.75,2.75,1.0
riz_20cd4a756409b80bd267dc4206d8ef8f,212,20230905,700,north,minute_ignition,False,False,1.1236111111111111,15512.0,15557.75,15577.0,-45.75,65.25,34,-47.5,19.25,-45.75,True,b_at_entry,,,,,,,,,,,,,
riz_d07e99a90457b36d0e158a6d592d90a4,185,20230905,750,north,minute_ignition,False,False,1.1965277777777779,15542.25,15545.25,15577.0,-3.0,35.0,87,-4.5,31.75,-3.25,True,b_at_entry,,,,,,,,,,,,,
riz_174a79a5ee1f028421381fc7097b7de8,166,20230906,636,south,minute_ignition,False,False,7.095138888888889,15406.75,15402.25,15378.25,-4.5,28.75,29,-7.5,24.0,-5.0,True,b_at_entry,,,,,,,,,,,,,
riz_d6817f2ea319de0280f318638ad2a526,168,20230906,648,south,minute_ignition,True,False,7.0875,15406.5,15406.75,15378.25,0.25,28.5,42,-0.75,28.5,0.25,True,b_first,0.991304347826087,1.0,0.008695652173912993,0.25,0.25,0.25,0.25,0.25,0.25,-0.25,-0.25,-0.25,1.0
riz_e3c89044ec82e3b43f10ac8f229b70a6,231,20230906,795,south,minute_ignition,False,False,12.96875,15348.25,15338.75,15310.5,-9.5,38.0,45,-10.0,28.25,-9.5,True,b_at_entry,,,,,,,,,,,,,
riz_87ca151927a5d68d3e0e939eb40770e5,232,20230906,800,south,minute_ignition,False,False,12.965972222222222,15359.0,15337.0,15310.5,-22.0,48.75,49,-26.0,26.5,-22.25,True,b_at_entry,,,,,,,,,,,,,
riz_51868a87587ba7b7effbbee84793b9e3,133,20230906,837,south,minute_ignition,False,False,13.04513888888889,15359.25,15317.25,15310.5,-42.0,49.0,68,-42.5,6.75,-42.25,True,b_at_entry,,,,,,,,,,,,,
riz_65be6ec9d4d961bf98c7fcaf3499b091,120,20230908,600,north,minute_ignition,True,False,0.23125,15333.0,15317.75,15371.75,15.25,39.0,27,5.75,54.0,15.0,True,a_first,0.7188940092165899,0.0,-0.7188940092165899,-39.0,-39.0,-39.0,-39.0,-39.0,-39.0,39.0,39.0,39.0,6.0
riz_69c25d6e05ff5c62c0873e9717a2d665,125,20230908,890,south,minute_ignition,False,False,0.2534722222222222,15284.25,15278.5,15274.0,-5.75,10.5,10,-8.0,4.5,-6.0,True,b_at_entry,,,,,,,,,,,,,
riz_7ce594dcb25c25d911040458e29a3329,141,20230908,909,south,minute_ignition,True,False,0.2881944444444444,15268.5,15268.5,15255.75,-0.0,13.0,8,-2.75,12.75,0.25,True,b_at_entry,,,,,,,,,,,,,
riz_7ccf479d97cb8389349f626cf0f0b326,164,20230908,952,south,minute_ignition,False,False,0.3020833333333333,15281.75,15275.5,15255.75,-6.25,26.25,57,-6.5,19.75,-6.0,True,b_at_entry,,,,,,,,,,,,,
riz_ac010ecc609f31c753ec744d208d1602,146,20230908,954,south,minute_ignition,True,False,0.2361111111111111,15278.25,15284.5,15255.75,6.25,22.75,98,5.0,28.75,6.0,True,b_first,0.7844827586206896,1.0,0.2155172413793104,6.25,6.25,6.25,6.25,6.25,6.25,-6.25,-6.25,-6.25,2.0
riz_21c28e97a86b60c7a8effb77a95e5ab2,152,20230920,704,south,minute_ignition,True,False,0.3923611111111111,15340.0,15362.25,15328.5,22.25,11.75,43,18.25,33.75,22.25,True,b_first,0.34558823529411764,1.0,0.6544117647058824,22.25,22.25,22.25,22.25,22.25,22.25,-22.25,-22.25,-22.25,9.0
riz_a5fbbbf7b1fc9db8814ccd2a3339fd6c,154,20230920,718,south,minute_ignition,False,False,0.3909722222222222,15370.25,15357.0,15328.5,-13.25,42.0,53,-14.75,28.5,-13.0,True,b_at_entry,,,,,,,,,,,,,
riz_e52e0e0711c1cf6b39abf2b397296ef4,220,20230920,740,south,minute_ignition,True,False,0.3715277777777778,15368.0,15375.0,15328.5,7.0,39.75,125,5.0,46.5,7.0,True,b_first,0.8502673796791443,1.0,0.14973262032085566,7.0,7.0,7.0,7.0,7.0,7.0,-7.0,-7.0,-7.0,1.0
riz_f9860ffc22736b2653d5a6003f83ed24,222,20230920,750,south,minute_ignition,False,False,0.3701388888888889,15376.5,15367.75,15328.5,-8.75,48.25,133,-11.75,39.25,-8.75,True,b_at_entry,,,,,,,,,,,,,
riz_8c906378c0aca0a83bfa9ba14d25844f,227,20230920,775,south,minute_ignition,False,False,0.3875,15375.0,15364.0,15328.5,-11.0,46.75,123,-11.25,35.5,-11.0,True,b_at_entry,,,,,,,,,,,,,
riz_b3a2b5a0c94aa5dc91524a8815e19611,187,20230922,949,south,minute_ignition,False,False,0.7159722222222222,14881.75,14871.5,14866.25,-10.25,15.75,91,-12.75,5.25,-9.75,True,b_at_entry,,,,,,,,,,,,,
riz_e5969f901abdda95a301a086c14031ea,171,20230925,666,north,minute_ignition,False,False,0.4270833333333333,14836.75,14888.0,14896.5,-51.25,60.0,69,-53.0,8.5,-50.75,True,b_at_entry,,,,,,,,,,,,,
riz_4a92c5b59fe5cb3a04104d92e488e59e,154,20230925,718,north,minute_ignition,False,False,0.41805555555555557,14896.75,14916.25,14923.0,-19.5,26.5,14,-24.75,6.75,-20.0,True,b_at_entry,,,,,,,,,,,,,
riz_48c62698fd333fce998550fb95061fa2,218,20230925,730,north,minute_ignition,False,False,0.4173611111111111,14890.75,14900.75,14923.0,-10.0,32.5,53,-10.25,22.25,-9.75,True,b_at_entry,,,,,,,,,,,,,
riz_e88eec181af2467a11ab7c1ff99e035f,219,20230925,735,north,minute_ignition,False,False,0.41805555555555557,14904.0,14913.0,14923.0,-9.0,19.25,55,-9.0,10.0,-8.5,True,b_at_entry,,,,,,,,,,,,,
riz_e61748b897d31fe7f636e198e7b4cccf,222,20230925,750,north,minute_ignition,True,False,0.4125,14928.75,14907.25,14936.25,21.5,7.75,72,19.25,29.0,21.5,True,b_first,0.26495726495726496,1.0,0.7350427350427351,21.5,21.5,21.5,21.5,21.5,21.5,-21.5,-21.5,-21.5,8.0
riz_dcbe3ecfdeea48028b71c72b2f55a8ac,175,20230926,865,south,minute_ignition,False,False,39.08958333333333,14722.25,14714.75,14704.25,-7.5,18.25,46,-10.5,10.5,-7.75,True,b_at_entry,,,,,,,,,,,,,
riz_62ed4cd06fd547a0e9c08dfcef8fe8a5,222,20230928,750,north,minute_ignition,True,False,2.8118055555555554,14942.75,14936.5,14947.5,6.25,5.0,1,1.0,11.0,6.5,False,b_first,0.4444444444444444,1.0,0.5555555555555556,6.25,6.25,6.25,6.25,6.25,6.25,-6.25,-6.25,-6.25,2.0
riz_d3a157c15eca66d050b5f70ed0177c64,129,20230928,801,north,minute_ignition,False,False,2.6729166666666666,14889.0,14918.0,14947.5,-29.0,58.75,63,-30.75,29.5,-29.0,True,b_at_entry,,,,,,,,,,,,,
riz_c36d88eaf6eac0629a7826c68cb199db,133,20231009,837,north,minute_ignition,True,False,18.210416666666667,15174.0,15079.75,15181.25,94.25,7.5,96,93.75,101.5,94.25,True,a_first,0.07371007371007371,0.0,-0.07371007371007371,-7.5,-7.5,-7.5,-7.5,-7.5,-7.5,7.5,7.5,7.5,1.0
riz_9f83802eb41ddaa6984f0ac45ee54d6e,211,20231009,906,north,minute_ignition,True,False,18.179166666666667,15208.0,15087.75,15212.75,120.25,5.0,164,115.5,125.0,120.0,True,censored_window,0.03992015968063872,,,17.5,17.5,17.5,17.5,17.5,17.5,-17.5,-17.5,-17.5,54.0
riz_2ebcaeb268c37793d19dedf8cc1bc037,136,20231013,728,south,minute_ignition,False,False,6.788888888888889,15132.25,15114.0,15109.25,-18.25,23.25,12,-18.75,4.75,-18.5,True,b_at_entry,,,,,,,,,,,,,
riz_ecfaa4b2307b3f6d4b95adbdd24217c2,137,20231013,736,south,minute_ignition,False,False,6.7868055555555555,15132.75,15127.0,15109.25,-5.75,23.75,23,-11.5,17.75,-6.25,True,b_at_entry,,,,,,,,,,,,,
riz_14a0fbd31c8137274b7a505c06e0b08f,131,20231013,819,south,minute_ignition,True,False,6.852083333333334,15070.25,15092.75,15062.25,22.5,8.25,12,18.25,30.5,22.5,True,b_first,0.2682926829268293,1.0,0.7317073170731707,22.5,22.5,22.5,22.5,22.5,22.5,-22.5,-22.5,-22.5,3.0
riz_bf38a9ab251eb782dd1b4652bbb0de39,148,20231013,824,south,minute_ignition,False,False,6.852777777777778,15119.0,15083.25,15062.25,-35.75,57.0,16,-36.5,21.0,-35.25,True,b_at_entry,,,,,,,,,,,,,
riz_b46c1ed96f28d75c404e674a07f6aa82,121,20231013,850,south,minute_ignition,False,False,6.889583333333333,15111.25,15072.75,15062.25,-38.5,49.25,38,-44.0,10.5,-38.75,True,b_at_entry,,,,,,,,,,,,,
riz_0af3b3d8109d6bdbcc2c60a206566ded,193,20231017,605,south,minute_ignition,True,False,1.1125,15085.5,15125.25,15050.25,39.75,35.5,31,37.25,75.0,39.75,True,b_first,0.4717607973421927,1.0,0.5282392026578073,39.75,39.75,39.75,39.75,39.75,39.75,-39.75,-39.75,-39.75,3.0
riz_3dc832c09946cf5b29314157038dd28f,150,20231017,690,south,minute_ignition,False,False,1.1291666666666667,15231.25,15116.75,15050.25,-114.5,181.25,114,-119.5,66.5,-114.75,True,b_at_entry,,,,,,,,,,,,,
riz_3704dbb726708fa4a29bcc319524f747,165,20231023,630,north,minute_ignition,False,False,0.45555555555555555,14666.25,14683.75,14687.75,-17.5,21.75,4,-18.5,4.0,-17.25,True,b_at_entry,,,,,,,,,,,,,
riz_ef3a138d0cad9fc31ede0fd7d04a83a1,167,20231023,642,north,minute_ignition,True,False,2.7215277777777778,14670.75,14660.25,14687.75,10.5,17.25,23,9.0,27.5,10.5,True,a_first,0.6216216216216216,0.0,-0.6216216216216216,-17.25,-17.25,-17.25,-17.25,-17.25,-17.25,17.25,17.25,17.25,2.0
riz_37482aa2b832778c5ea65d14aa0c3d25,156,20231025,576,south,native_confirmation,True,False,2.1083333333333334,14654.0,14662.75,14651.5,8.75,2.75,0,-0.0,11.25,9.0,False,a_first,0.2391304347826087,0.0,-0.2391304347826087,-2.75,-2.75,-2.75,-2.75,-2.75,-2.75,2.75,2.75,2.75,1.0
riz_42c643df69aa3fd31e1f40bbe807ce9a,189,20231025,585,south,minute_ignition,True,False,2.1243055555555554,14631.25,14683.25,14626.5,52.0,5.0,10,41.0,56.75,52.0,False,a_first,0.08771929824561403,0.0,-0.08771929824561403,-5.0,-5.0,-5.0,-5.0,-5.0,-5.0,5.0,5.0,5.0,1.0
riz_ac9c0bd922736dc51aafab4868cfcaf8,158,20231025,588,south,minute_ignition,True,False,2.1055555555555556,14625.0,14643.0,14610.25,18.0,15.0,6,16.25,32.75,17.75,True,a_first,0.45454545454545453,0.0,-0.45454545454545453,-15.0,-15.0,-15.0,-15.0,-15.0,-15.0,15.0,15.0,15.0,3.0
riz_f1c5839c676e08680b58b4695448c98c,237,20231025,588,south,minute_ignition,True,False,1.9986111111111111,14625.0,14629.75,14610.25,4.75,15.0,2,-9.0,19.5,4.5,False,a_first,0.759493670886076,0.0,-0.759493670886076,-15.0,-15.0,-15.0,-15.0,-15.0,-15.0,15.0,15.0,15.0,3.0
riz_9e86745ffac718eef47338aa689cb2aa,146,20231025,662,south,minute_ignition,False,False,2.1486111111111112,14642.0,14637.75,14596.75,-4.25,45.5,78,-7.0,41.0,-4.75,True,b_at_entry,,,,,,,,,,,,,
riz_a6eeb7164fddc2ab91a79b91293d080b,210,20231025,690,south,minute_ignition,True,False,2.0701388888888888,14637.5,14653.5,14596.75,16.0,41.0,109,14.25,56.75,16.25,True,a_first,0.7192982456140351,0.0,-0.7192982456140351,-41.0,-41.0,-41.0,-41.0,-41.0,-41.0,41.0,41.0,41.0,13.0
riz_17f9c4589838b9f16abe61e04f92d688,132,20231025,696,south,minute_ignition,True,False,2.10625,14621.25,14631.5,14596.75,10.25,24.75,111,10.5,34.75,10.75,True,b_first,0.7071428571428572,1.0,0.2928571428571428,10.25,10.25,10.25,10.25,10.25,10.25,-10.25,-10.25,-10.25,5.0
riz_3492838687a79bc6f41c376bbe05b54f,222,20231025,750,south,minute_ignition,True,False,2.06875,14579.75,14611.5,14562.25,31.75,17.75,123,22.25,49.25,31.75,True,a_first,0.35858585858585856,0.0,-0.35858585858585856,-17.75,-17.75,-17.75,-17.75,-17.75,-17.75,17.75,17.75,17.75,12.0
riz_5f7cd7cf09ef0f7837fe3d6ba96e4e1b,134,20231031,578,south,minute_ignition,True,False,0.27847222222222223,14331.25,14352.0,14326.75,20.75,4.75,1,14.75,25.25,20.5,False,b_first,0.18627450980392157,1.0,0.8137254901960784,20.75,20.75,20.75,20.75,20.75,20.75,-20.75,-20.75,-20.75,9.0
riz_e21141fb619575514b134e0ed6b44f40,159,20231031,594,south,minute_ignition,True,False,0.31875,14320.0,14366.25,14311.25,46.25,9.0,18,37.25,55.0,46.0,False,b_first,0.16289592760180996,1.0,0.8371040723981901,46.25,46.25,46.25,46.25,46.25,46.25,-46.25,-46.25,-46.25,14.0
riz_3126295d2fdb5ad388741684ff92466d,120,20231031,600,south,minute_ignition,True,False,0.3993055555555556,14340.75,14382.0,14311.25,41.25,29.75,25,38.75,70.75,42.0,False,b_first,0.41901408450704225,1.0,0.5809859154929577,41.25,41.25,41.25,41.25,41.25,41.25,-41.25,-41.25,-41.25,11.0
riz_dfbbdceaa7ed3174cb8b62d26bfcd819,153,20231113,711,north,minute_ignition,True,False,2.782638888888889,15581.25,15577.25,15589.5,4.0,8.5,4,-1.75,12.25,4.0,True,b_first,0.68,1.0,0.31999999999999995,4.0,4.0,4.0,4.0,4.0,4.0,-4.0,-4.0,-4.0,1.0
riz_9960b4d61dfa2e1b9cd43cfe7be10c32,187,20231122,575,north,minute_ignition,True,False,1.3875,16137.25,16103.5,16148.0,33.75,11.0,3,24.5,44.5,33.75,False,a_first,0.24581005586592178,0.0,-0.24581005586592178,-11.0,-11.0,-11.0,-11.0,-11.0,-11.0,11.0,11.0,11.0,1.0
riz_3833f451b26a6a252ca2af1bc4cd9fd8,131,20231122,688,north,minute_ignition,False,False,1.4645833333333333,16054.75,16098.5,16173.5,-43.75,119.0,117,-45.75,75.0,-43.25,True,b_at_entry,,,,,,,,,,,,,
riz_d24ad8e707e187262bc0d0a5e72b80af,132,20231128,696,north,minute_ignition,True,False,0.8708333333333333,16066.75,16029.5,16067.75,37.25,1.25,54,34.5,38.25,37.5,True,a_first,0.032467532467532464,0.0,-0.032467532467532464,-1.25,-1.25,-1.25,-1.25,-1.25,-1.25,1.25,1.25,1.25,1.0
riz_207bcebd67b8489f2a0cdfaf4f42566f,152,20231128,704,north,minute_ignition,True,False,0.8534722222222222,16067.0,16036.0,16071.5,31.0,4.75,59,24.25,35.5,31.0,True,b_first,0.13286713286713286,1.0,0.8671328671328671,31.0,31.0,31.0,31.0,31.0,31.0,-31.0,-31.0,-31.0,47.0
riz_1ac5667c8674352da56702f75d797430,153,20231128,711,north,minute_ignition,True,False,0.8472222222222222,16058.5,16033.25,16071.5,25.25,13.25,67,24.5,38.25,25.0,True,b_first,0.34415584415584416,1.0,0.6558441558441559,25.25,25.25,25.25,25.25,25.25,25.25,-25.25,-25.25,-25.25,40.0
riz_b8bbc4842ed760e54fd35570c0877db7,134,20231128,712,north,minute_ignition,True,False,0.8930555555555556,16052.5,16044.5,16071.5,8.0,19.25,20,-3.75,27.0,8.0,False,b_first,0.7064220183486238,1.0,0.29357798165137616,8.0,8.0,8.0,8.0,8.0,8.0,-8.0,-8.0,-8.0,15.0
riz_f950884a4c19795c834a3023d13df892,135,20231130,720,south,minute_ignition,True,False,10.560416666666667,15867.0,15872.5,15865.5,5.5,1.75,3,2.25,7.0,6.0,True,a_first,0.2413793103448276,0.0,-0.2413793103448276,-1.75,-1.75,-1.75,-1.75,-1.75,-1.75,1.75,1.75,1.75,1.0
riz_23633ef913c17da059f45e87df7416f8,131,20231130,819,south,minute_ignition,False,False,10.63125,15881.5,15865.75,15856.0,-15.75,25.75,8,-17.25,9.75,-15.0,True,b_at_entry,,,,,,,,,,,,,
riz_b040a75f2d21e7e43d1b964985222bd2,239,20231130,835,south,minute_ignition,False,False,10.495833333333334,15865.75,15861.75,15856.0,-4.0,10.0,3,-4.75,5.75,-4.0,True,b_at_entry,,,,,,,,,,,,,
riz_08de184405ab8efa01b0b0fdd323f475,173,20231130,851,south,minute_ignition,False,False,10.588194444444444,15889.5,15860.25,15856.0,-29.25,33.75,18,-29.25,4.25,-28.75,True,b_at_entry,,,,,,,,,,,,,
riz_960bc47fdb07f019405080b3c5b823bb,138,20231201,606,south,minute_ignition,False,False,0.7854166666666667,15925.75,15912.0,15875.5,-13.75,50.5,33,-17.75,36.5,-14.0,True,b_at_entry,,,,,,,,,,,,,
riz_63a0aee785b9292d262ece41acfe01ed,120,20231201,720,north,minute_ignition,True,False,0.21666666666666667,15994.0,15966.5,16017.75,27.5,24.0,48,26.5,51.25,26.75,True,a_first,0.46601941747572817,0.0,-0.46601941747572817,-24.0,-24.0,-24.0,-24.0,-24.0,-24.0,24.0,24.0,24.0,30.0
riz_e9be4e0e84c9c18e63981abdc2ea01d9,134,20231204,712,south,minute_ignition,False,False,124.37361111111112,15807.75,15731.5,15721.25,-76.25,86.75,58,-80.0,10.25,-76.0,True,b_at_entry,,,,,,,,,,,,,
riz_f27c1c94a6bb1cb6dde7abf2c613a4bc,219,20231206,954,south,minute_ignition,True,False,1.3034722222222221,15809.5,15817.25,15809.5,7.75,0.25,1,6.5,7.75,7.25,True,a_first,0.03125,0.0,-0.03125,-0.25,-0.25,-0.25,-0.25,-0.25,-0.25,0.25,0.25,0.25,1.0
riz_64b1be59b87b806732d4c7853d3285f7,196,20231208,620,north,minute_ignition,False,False,8.997916666666667,16098.0,16101.0,16110.0,-3.0,12.25,3,-5.25,9.0,-2.25,True,b_at_entry,,,,,,,,,,,,,
riz_0642cd03dfa69875cbf9b8e66f91a36b,124,20231211,880,north,minute_ignition,False,False,706.8798611111112,16437.25,16450.25,16459.5,-13.0,22.5,49,-13.75,9.25,-13.0,True,b_at_entry,,,,,,,,,,,,,
riz_b9c01d2a6ea2cd5c0c71770244074ced,122,20231215,860,south,minute_ignition,True,False,1.0208333333333333,16809.0,16821.25,16762.5,12.25,46.75,92,5.25,58.75,12.75,True,b_first,0.7923728813559322,1.0,0.2076271186440678,12.25,12.25,12.25,12.25,12.25,12.25,-12.25,-12.25,-12.25,16.0
riz_5a87320ec96d77f7a969a80f77a2d41a,120,20231220,600,north,minute_ignition,True,False,0.7020833333333333,17016.5,17014.75,17024.0,1.75,7.75,9,-2.75,9.25,1.75,True,same_minute,0.8157894736842105,,,,-7.75,1.75,,-7.75,1.75,,-1.75,7.75,1.0
riz_f1dcb0589e7fed66d2366f8714abdf40,160,20231220,600,north,minute_ignition,False,False,0.5527777777777778,17016.5,17020.25,17024.0,-3.75,7.75,4,-4.75,3.75,-3.75,True,b_at_entry,,,,,,,,,,,,,
riz_001df831a8b2d430961cc0aa7e031880,194,20231220,610,north,minute_ignition,True,False,0.40208333333333335,17036.25,17033.25,17039.25,3.0,3.25,3,-0.5,6.0,3.5,True,b_first,0.52,1.0,0.48,3.0,3.0,3.0,3.0,3.0,3.0,-3.0,-3.0,-3.0,1.0
riz_e7cd3090de9458ecb0f0a18009f71eb7,201,20231220,645,north,minute_ignition,True,False,0.39166666666666666,17064.75,17031.5,17073.5,33.25,9.0,39,32.0,42.0,33.25,True,b_first,0.21301775147928995,1.0,0.7869822485207101,33.25,33.25,33.25,33.25,33.25,33.25,-33.25,-33.25,-33.25,31.0
riz_a8e1dac6abe4c1c7f2c23201e0d3a8d0,188,20231220,768,north,minute_ignition,True,False,0.6958333333333333,17047.25,17013.25,17073.5,34.0,26.5,186,32.25,60.25,33.5,True,b_first,0.4380165289256198,1.0,0.5619834710743802,34.0,34.0,34.0,34.0,34.0,34.0,-34.0,-34.0,-34.0,100.0
riz_9eda63a95dbcccd6aabb88263f0b46c9,138,20231220,882,south,minute_ignition,True,False,0.2847222222222222,16973.25,16986.75,16957.0,13.5,16.5,4,6.25,29.75,13.5,False,a_first,0.55,0.0,-0.55,-16.5,-16.5,-16.5,-16.5,-16.5,-16.5,16.5,16.5,16.5,3.0
riz_d7105bdaf0821d7982d7d5211702cf67,209,20231221,894,south,minute_ignition,False,False,0.6604166666666667,16887.25,16821.0,16815.0,-66.25,72.5,94,-70.0,6.0,-66.0,True,b_at_entry,,,,,,,,,,,,,
riz_991a24bc5ed90b64b08ee20f7fd01db0,157,20231222,582,north,minute_ignition,True,False,1.8833333333333333,17010.0,17007.0,17022.0,3.0,12.25,11,-0.75,15.0,2.75,True,a_first,0.8032786885245902,0.0,-0.8032786885245902,-12.25,-12.25,-12.25,-12.25,-12.25,-12.25,12.25,12.25,12.25,2.0
riz_6f94a8e1c6b6ee788aa8081938b0f333,135,20231222,585,north,minute_ignition,True,False,1.8972222222222221,17032.25,17011.25,17037.0,21.0,5.0,13,19.0,25.75,21.75,True,a_first,0.19230769230769232,0.0,-0.19230769230769232,-5.0,-5.0,-5.0,-5.0,-5.0,-5.0,5.0,5.0,5.0,6.0
riz_ead50faac46bce86fcadeffaa8c033d8,190,20231222,590,north,minute_ignition,True,False,1.8569444444444445,17030.25,17014.25,17037.0,16.0,7.0,16,12.75,22.75,15.75,True,a_first,0.30434782608695654,0.0,-0.30434782608695654,-7.0,-7.0,-7.0,-7.0,-7.0,-7.0,7.0,7.0,7.0,1.0
riz_6d80052d7d06dc44edf2dd6ee8d00b10,193,20231222,605,north,minute_ignition,False,False,1.8520833333333333,17025.75,17026.25,17041.5,-0.5,16.0,20,-7.5,15.25,-0.75,True,b_at_entry,,,,,,,,,,,,,
riz_be631e94b115ad0ed50a51812c0573f9,161,20231222,606,north,minute_ignition,False,False,1.8729166666666666,17021.0,17022.25,17041.5,-1.25,20.75,22,-2.5,19.25,-2.0,True,b_at_entry,,,,,,,,,,,,,
riz_38843ea82b4df749f8794e32b76ddc26,195,20231222,615,north,minute_ignition,False,False,1.8479166666666667,17027.5,17033.0,17041.5,-5.5,14.25,24,-13.25,8.5,-5.75,True,b_at_entry,,,,,,,,,,,,,
riz_a6848745fd4f1653c18bc411cf0e3478,129,20231222,930,south,minute_ignition,False,False,0.6708333333333333,16990.0,16928.0,16896.0,-62.0,94.25,66,-66.25,32.0,-61.75,True,b_at_entry,,,,,,,,,,,,,
riz_6e555ea0346e4d41f6035797427ee063,133,20231226,571,north,native_confirmation,True,False,0.27708333333333335,17028.0,17020.75,17029.0,7.25,1.25,0,0.0,8.25,6.75,False,a_first,0.14705882352941177,0.0,-0.14705882352941177,-1.25,-1.25,-1.25,-1.25,-1.25,-1.25,1.25,1.25,1.25,1.0
riz_5c250d2b217a2e5f318340c242f2d0d1,137,20231228,599,south,minute_ignition,True,False,0.6930555555555555,17123.5,17127.75,17114.75,4.25,9.0,21,3.0,13.0,4.0,True,b_first,0.6792452830188679,1.0,0.3207547169811321,4.25,4.25,4.25,4.25,4.25,4.25,-4.25,-4.25,-4.25,4.0
riz_eaf0b367545d1e7157bd68cedab0aec6,126,20231229,648,south,native_confirmation,True,False,3.175,17008.5,17018.5,17006.5,10.0,2.25,0,-0.0,12.0,10.25,False,a_first,0.1836734693877551,0.0,-0.1836734693877551,-2.25,-2.25,-2.25,-2.25,-2.25,-2.25,2.25,2.25,2.25,1.0
riz_8fe5115268edd43661a198b3f3941ce7,150,20231229,690,south,minute_ignition,True,False,6.761805555555555,16943.5,16966.75,16940.25,23.25,3.5,13,12.25,26.5,23.25,True,a_first,0.1308411214953271,0.0,-0.1308411214953271,-3.5,-3.5,-3.5,-3.5,-3.5,-3.5,3.5,3.5,3.5,3.0
riz_5e74acb4bce13b0c8300132b636d811f,120,20240105,840,south,minute_ignition,False,False,0.46875,16489.0,16444.5,16430.25,-44.5,59.0,45,-47.75,14.25,-44.0,True,b_at_entry,,,,,,,,,,,,,
riz_9f1f4c48f00521ef3b489f9e4ed91407,120,20240105,840,south,minute_ignition,False,False,0.38680555555555557,16489.0,16438.75,16430.25,-50.25,59.0,43,-52.75,8.5,-49.75,True,b_at_entry,,,,,,,,,,,,,
riz_f66a898e02751deef069a2db0920ec90,137,20240111,736,south,minute_ignition,False,False,2.2645833333333334,16810.25,16759.75,16753.0,-50.5,57.5,30,-50.75,6.75,-50.0,True,b_at_entry,,,,,,,,,,,,,
riz_d9da4e95406d5c696803290bf568003e,144,20240116,648,north,minute_ignition,True,False,1.2840277777777778,17024.75,16989.75,17028.75,35.0,4.25,23,25.25,39.0,34.5,True,a_first,0.10828025477707007,0.0,-0.10828025477707007,-4.25,-4.25,-4.25,-4.25,-4.25,-4.25,4.25,4.25,4.25,1.0
riz_dabbfbf12b8d9cb30aa74f943d53e4c2,190,20240117,590,south,minute_ignition,False,False,7.998611111111111,16729.5,16725.5,16713.25,-4.0,16.5,2,-6.75,12.25,-4.0,True,b_at_entry,,,,,,,,,,,,,
riz_6faa04ea261bbb55225364cdaac554bb,120,20240117,600,south,minute_ignition,True,False,8.074305555555556,16707.5,16736.5,16703.75,29.0,4.0,13,23.5,32.75,29.5,True,a_first,0.12121212121212122,0.0,-0.12121212121212122,-4.0,-4.0,-4.0,-4.0,-4.0,-4.0,4.0,4.0,4.0,1.0
riz_1e3516e0045e7cd35a2d72635df7068b,193,20240117,605,south,minute_ignition,False,False,7.997222222222222,16728.25,16698.25,16689.25,-30.0,39.25,4,-37.25,9.0,-30.0,True,b_at_entry,,,,,,,,,,,,,
riz_46aa9603fce1805e4ea8641f13ed4bd2,121,20240117,608,south,minute_ignition,False,False,7.988888888888889,16739.0,16717.0,16689.25,-22.0,50.0,16,-23.0,27.75,-22.0,True,b_at_entry,,,,,,,,,,,,,
riz_aebbb00e37b1e0cf789e3c4dbd70092b,139,20240117,613,south,minute_ignition,True,False,8.077083333333333,16731.0,16738.0,16689.25,7.0,42.0,28,5.75,48.75,6.5,True,b_first,0.8571428571428571,1.0,0.1428571428571429,7.0,7.0,7.0,7.0,7.0,7.0,-7.0,-7.0,-7.0,1.0
riz_87f36f6cda0bfb577f0bd3e976dcce6f,149,20240117,683,south,minute_ignition,False,False,8.04375,16824.75,16715.25,16689.25,-109.5,135.75,86,-114.0,26.0,-109.75,True,b_at_entry,,,,,,,,,,,,,
riz_2ee3ad24bade17e17f9f0ece9e3de2f0,166,20240118,802,south,minute_ignition,True,False,1.5743055555555556,16953.75,16954.25,16949.25,0.5,4.75,3,-1.0,5.0,0.25,True,same_minute,0.9047619047619048,,,,-4.75,0.5,,-4.75,0.5,,-0.5,4.75,1.0
riz_5933a28897a3e5eea305b0f88350fe31,133,20240118,837,south,minute_ignition,False,False,1.6118055555555555,17014.0,16962.75,16942.5,-51.25,71.75,50,-51.5,20.25,-51.25,True,b_at_entry,,,,,,,,,,,,,
riz_e975013ddb8d976ebc10e545098b4d74,166,20240125,636,north,minute_ignition,False,False,0.8756944444444444,17687.75,17725.5,17738.0,-37.75,50.5,13,-40.0,12.5,-38.25,True,b_at_entry,,,,,,,,,,,,,
riz_f108ab2d700a777dae9c5990d35e4b59,196,20240202,620,south,minute_ignition,False,False,2.689583333333333,17592.25,17486.25,17465.5,-106.0,127.0,47,-116.0,20.75,-105.5,True,b_at_entry,,,,,,,,,,,,,
riz_f76ae0f35d7731b8a1e343098d2531d1,143,20240205,641,south,minute_ignition,True,False,5.881944444444445,17582.25,17654.75,17580.5,72.5,2.0,27,71.5,74.25,72.75,True,a_first,0.026845637583892617,0.0,-0.026845637583892617,-2.0,-2.0,-2.0,-2.0,-2.0,-2.0,2.0,2.0,2.0,1.0
riz_01cea0993acb736274324c8ca57bd211,177,20240205,702,south,minute_ignition,True,False,5.817361111111111,17623.75,17651.0,17554.25,27.25,69.75,86,13.5,96.75,27.0,False,b_first,0.7190721649484536,1.0,0.2809278350515464,27.25,27.25,27.25,27.25,27.25,27.25,-27.25,-27.25,-27.25,12.0
riz_c49e45a87983bd6591bd4f7b6d4bdaf1,187,20240215,949,north,minute_ignition,True,False,0.2625,17890.25,17881.5,17933.0,8.75,43.0,183,8.25,51.5,9.25,True,censored_window,0.8309178743961353,,,-23.25,-23.25,-23.25,-23.25,-23.25,-23.25,23.25,23.25,23.25,11.0
riz_21482ac5fbdeeded97e7e3600fe1229c,187,20240216,762,south,minute_ignition,True,False,0.8798611111111111,17864.75,17878.75,17717.0,14.0,148.0,173,7.25,161.75,14.0,True,b_first,0.9135802469135802,1.0,0.0864197530864198,14.0,14.0,14.0,14.0,14.0,14.0,-14.0,-14.0,-14.0,79.0
riz_12dd0dc9f34b2fabab307d06baa2e096,165,20240222,630,north,minute_ignition,True,False,6.202083333333333,17957.5,17952.75,17970.25,4.75,13.0,39,-6.0,17.5,4.25,True,b_first,0.7323943661971831,1.0,0.2676056338028169,4.75,4.75,4.75,4.75,4.75,4.75,-4.75,-4.75,-4.75,1.0
riz_f7463d9c6b2855c08c73d04e7b4c5ad4,133,20240222,704,north,minute_ignition,True,False,6.229166666666667,17969.25,17967.0,17981.0,2.25,12.0,69,1.0,14.0,2.5,True,b_first,0.8421052631578947,1.0,0.1578947368421053,2.25,2.25,2.25,2.25,2.25,2.25,-2.25,-2.25,-2.25,1.0
riz_d87f8a1648be32aa6fbb285c7c87891b,183,20240222,738,north,minute_ignition,False,False,6.225,17969.5,17977.0,17981.0,-7.5,11.75,42,-9.0,4.0,-7.5,True,b_at_entry,,,,,,,,,,,,,
riz_afebde98b22a134b467dc8b2674e4ef5,184,20240222,744,north,minute_ignition,True,False,6.254861111111111,17987.5,17979.75,17989.0,7.75,1.75,1,7.0,9.25,8.25,True,a_first,0.18421052631578946,0.0,-0.18421052631578946,-1.75,-1.75,-1.75,-1.75,-1.75,-1.75,1.75,1.75,1.75,1.0
riz_dfcc8947ae028420cdcb668cce7441a7,186,20240222,756,north,minute_ignition,True,False,6.25,17993.5,17984.25,17996.75,9.25,3.5,12,5.25,12.5,9.0,True,b_first,0.27450980392156865,1.0,0.7254901960784313,9.25,9.25,9.25,9.25,9.25,9.25,-9.25,-9.25,-9.25,5.0
riz_d2a6c676a3653ea2b9063b8147ac684c,140,20240222,760,north,minute_ignition,False,False,6.190972222222222,17988.25,17993.75,17996.75,-5.5,8.75,5,-7.5,3.0,-5.5,True,b_at_entry,,,,,,,,,,,,,
riz_0774c41f7ea353624d1bcbf1d3bf0cec,189,20240222,774,north,minute_ignition,True,False,6.246527777777778,18008.25,17991.25,18010.5,17.0,2.5,23,14.5,19.25,17.0,True,a_first,0.1282051282051282,0.0,-0.1282051282051282,-2.5,-2.5,-2.5,-2.5,-2.5,-2.5,2.5,2.5,2.5,4.0
riz_3f98807c650bd8ce962d917c05be6b72,137,20240222,873,north,minute_ignition,True,False,6.215277777777778,18069.25,17996.75,18087.0,72.5,18.0,101,72.0,90.25,72.25,False,censored_window,0.19889502762430938,,,24.25,24.25,24.25,24.25,24.25,24.25,-24.25,-24.25,-24.25,87.0
riz_533e203e6740b75b11d671b941559471,126,20240222,900,north,minute_ignition,False,False,10.049305555555556,18050.5,18057.75,18087.0,-7.25,36.75,55,-7.5,29.25,-7.25,True,b_at_entry,,,,,,,,,,,,,
riz_c7b4c50179f177fb1dd5081c81aaec2e,127,20240222,910,north,minute_ignition,False,False,10.05,18063.75,18063.25,18087.0,0.5,23.5,55,-5.25,23.75,0.0,True,b_first,0.9791666666666666,1.0,0.02083333333333337,0.5,0.5,0.5,0.5,0.5,0.5,-0.5,-0.5,-0.5,1.0
riz_1024fcbfc290f1e7bbd9d68df158cc5e,130,20240222,940,north,minute_ignition,True,False,10.01875,18075.0,18053.0,18087.0,22.0,12.25,103,22.0,34.0,22.25,True,b_first,0.35766423357664234,1.0,0.6423357664233577,22.0,22.0,22.0,22.0,22.0,22.0,-22.0,-22.0,-22.0,18.0
riz_63e21c11993491b98801c81dbffd7e9d,141,20240223,768,south,minute_ignition,True,False,0.20694444444444443,18033.75,18040.25,17946.0,6.5,88.0,125,3.25,94.25,7.0,True,b_first,0.9312169312169312,1.0,0.06878306878306883,6.5,6.5,6.5,6.5,6.5,6.5,-6.5,-6.5,-6.5,5.0
riz_87a1f5b191c81c8b1e056f8082f55adc,145,20240223,800,south,minute_ignition,False,False,7.006944444444445,18057.75,17991.25,17946.0,-66.5,112.0,135,-94.0,45.25,-66.75,True,b_at_entry,,,,,,,,,,,,,
riz_5de58e5b2d4e8dbd1ef0814d32adf115,157,20240227,582,south,minute_ignition,True,False,0.5444444444444444,17945.0,17970.0,17944.0,25.0,1.25,1,15.0,26.0,24.75,False,a_first,0.047619047619047616,0.0,-0.047619047619047616,-1.25,-1.25,-1.25,-1.25,-1.25,-1.25,1.25,1.25,1.25,2.0
riz_71993dd40f3dc1d723d5fca82d70fb46,169,20240301,654,north,minute_ignition,True,False,0.2951388888888889,18182.75,18115.5,18196.75,67.25,14.25,82,48.75,81.25,67.25,True,a_first,0.17484662576687116,0.0,-0.17484662576687116,-14.25,-14.25,-14.25,-14.25,-14.25,-14.25,14.25,14.25,14.25,3.0
riz_3e903b47e211758c2909ad342fcb091a,198,20240305,828,south,minute_ignition,True,False,5.272916666666666,17891.25,17893.0,17878.25,1.75,13.25,3,-9.0,14.75,1.75,False,b_first,0.8833333333333333,1.0,0.1166666666666667,1.75,1.75,1.75,1.75,1.75,1.75,-1.75,-1.75,-1.75,1.0
riz_4c6afe213a757337d930cfecff575d10,217,20240305,942,south,minute_ignition,True,False,5.257638888888889,17854.0,17874.5,17832.5,20.5,21.75,63,15.5,42.0,20.0,True,b_first,0.514792899408284,1.0,0.485207100591716,20.5,20.5,20.5,20.5,20.5,20.5,-20.5,-20.5,-20.5,3.0
riz_636284b064a5c137d1fe5ff24d329664,238,20240306,830,south,minute_ignition,False,False,0.7125,18045.75,17988.5,17963.5,-57.25,82.5,224,-57.75,25.0,-57.5,True,b_at_entry,,,,,,,,,,,,,
riz_edc5b3f332c60d871a89a007f044e2c2,146,20240308,808,south,minute_ignition,False,False,1.8340277777777778,18060.75,18058.0,18042.25,-2.75,18.75,27,-8.0,15.75,-2.5,True,b_at_entry,,,,,,,,,,,,,
riz_053b221c0db67919555a2de7acfc4af1,147,20240308,816,south,minute_ignition,True,False,1.85625,18032.75,18051.75,18032.0,19.0,1.0,3,14.5,19.75,19.25,True,a_first,0.05,0.0,-0.05,-1.0,-1.0,-1.0,-1.0,-1.0,-1.0,1.0,1.0,1.0,1.0
riz_78c41ded07abf56a39aff9b1323a83f1,141,20240313,627,south,minute_ignition,False,False,1.0805555555555555,18339.5,18309.75,18302.75,-29.75,37.0,25,-30.25,7.0,-30.0,True,b_at_entry,,,,,,,,,,,,,
riz_a204c872c2bd41d1a9dcf55580cea931,221,20240315,745,south,minute_ignition,True,False,7.848611111111111,18045.5,18081.0,18022.25,35.5,23.5,158,32.75,58.75,35.5,True,a_first,0.3983050847457627,0.0,-0.3983050847457627,-23.5,-23.5,-23.5,-23.5,-23.5,-23.5,23.5,23.5,23.5,27.0
riz_52bd9c39f993d0985724dc6eb30ae1b6,223,20240315,755,south,minute_ignition,True,False,7.840277777777778,18041.0,18084.5,18022.25,43.5,19.0,170,42.25,62.25,44.25,True,a_first,0.304,0.0,-0.304,-19.0,-19.0,-19.0,-19.0,-19.0,-19.0,19.0,19.0,19.0,17.0
riz_4db282c1f09e382a7423c6a4996c2a16,165,20240318,630,north,minute_ignition,True,False,4.455555555555556,18372.25,18361.75,18381.0,10.5,9.0,4,3.0,19.25,10.5,False,b_first,0.46153846153846156,1.0,0.5384615384615384,10.5,10.5,10.5,10.5,10.5,10.5,-10.5,-10.5,-10.5,2.0
riz_ebae1001b90d84830aab261506605fc7,217,20240318,725,north,minute_ignition,False,False,4.384027777777778,18285.0,18369.75,18381.0,-84.75,96.25,98,-85.25,11.25,-85.0,True,b_at_entry,,,,,,,,,,,,,
riz_af52e322a5a27c4167fb198d34b04ee2,129,20240318,801,south,minute_ignition,False,False,3.0756944444444443,18264.25,18247.75,18235.25,-16.5,29.25,20,-22.0,12.5,-16.25,True,b_at_entry,,,,,,,,,,,,,
riz_50a3c8cee46343b5481de31445dc31a2,157,20240320,896,north,minute_ignition,True,False,6.3180555555555555,18445.75,18395.25,18454.5,50.5,9.0,13,46.25,59.25,49.75,True,a_first,0.15126050420168066,0.0,-0.15126050420168066,-9.0,-9.0,-9.0,-9.0,-9.0,-9.0,9.0,9.0,9.0,10.0
riz_2c70ce85251158826a5aa5682a86844b,211,20240320,906,north,minute_ignition,True,False,6.251388888888889,18461.5,18388.5,18462.25,73.0,1.0,60,71.5,73.75,73.5,True,a_first,0.013513513513513514,0.0,-0.013513513513513514,-1.0,-1.0,-1.0,-1.0,-1.0,-1.0,1.0,1.0,1.0,1.0
riz_09fc5b30a17763d9fc45ee046db2adff,215,20240320,930,north,minute_ignition,True,False,6.268055555555556,18485.75,18406.75,18491.25,79.0,5.75,44,67.5,84.5,79.5,True,a_first,0.06784660766961652,0.0,-0.06784660766961652,-5.75,-5.75,-5.75,-5.75,-5.75,-5.75,5.75,5.75,5.75,1.0
riz_3427194fced4bcbc77b52c623159f918,132,20240325,696,south,minute_ignition,False,False,11.92013888888889,18520.0,18439.25,18414.75,-80.75,105.5,115,-87.75,24.5,-81.0,True,b_at_entry,,,,,,,,,,,,,
riz_74fed1974203035af510a2557f83926c,155,20240325,725,south,minute_ignition,False,False,11.900694444444444,18523.5,18429.75,18414.75,-93.75,109.0,143,-94.75,15.0,-93.25,True,b_at_entry,,,,,,,,,,,,,
riz_e5353a6fd93adb38e094c60132ada876,126,20240327,648,south,minute_ignition,False,False,12.969444444444445,18422.0,18398.0,18378.5,-24.0,43.75,44,-31.5,19.5,-24.25,True,b_at_entry,,,,,,,,,,,,,
riz_ce476b85cfa05ebc959742f8b79f165e,157,20240327,739,south,minute_ignition,False,False,12.9125,18422.5,18384.25,18378.5,-38.25,44.25,126,-39.25,5.75,-38.25,True,b_at_entry,,,,,,,,,,,,,
riz_05bb01964201f0127edba968ce615243,224,20240403,760,north,minute_ignition,True,False,0.7104166666666667,18376.25,18341.25,18451.75,35.0,75.75,157,31.0,110.5,34.5,True,censored_horizon,0.6839729119638827,,,-43.5,-43.5,-43.5,-43.5,-43.5,-43.5,43.5,43.5,43.5,120.0
riz_40e0571f32067955dbc1cab8857a2b53,125,20240404,890,south,minute_ignition,True,False,0.8881944444444444,18283.0,18393.5,18239.25,110.5,44.0,31,105.5,154.25,111.25,True,a_first,0.284789644012945,0.0,-0.284789644012945,-44.0,-44.0,-44.0,-44.0,-44.0,-44.0,44.0,44.0,44.0,6.0
riz_57600fab080bf5933b863eb0bcc703f6,143,20240404,927,south,native_confirmation,True,False,16.198611111111113,18138.75,18152.5,18138.0,13.75,1.0,0,-0.0,14.5,14.0,False,a_first,0.06779661016949153,0.0,-0.06779661016949153,-1.0,-1.0,-1.0,-1.0,-1.0,-1.0,1.0,1.0,1.0,1.0
riz_bb2ffda4d99615c634ceaea0cc0b4e5a,161,20240404,928,south,native_confirmation,True,False,16.22361111111111,18128.0,18129.25,18126.0,1.25,2.25,0,-0.0,3.25,1.5,False,same_minute,0.6428571428571429,,,,-2.25,1.25,,-2.25,1.25,,-1.25,2.25,1.0
riz_e453b717e189ca0ade04ff1a4a4a3465,163,20240404,944,south,minute_ignition,True,False,16.216666666666665,18088.75,18116.75,18080.0,28.0,9.0,14,20.5,36.75,28.25,True,b_first,0.24324324324324326,1.0,0.7567567567567568,28.0,28.0,28.0,28.0,28.0,28.0,-28.0,-28.0,-28.0,2.0
riz_3a4e063a0dc92a7d303d8ea866f3021e,131,20240404,950,south,minute_ignition,True,False,16.250694444444445,18118.5,18157.0,18080.0,38.5,38.75,32,36.5,77.0,38.75,True,a_first,0.5016181229773463,0.0,-0.5016181229773463,-38.75,-38.75,-38.75,-38.75,-38.75,-38.75,38.75,38.75,38.75,9.0
riz_515df7b08262deac9eee4ff8df113b7d,146,20240411,808,north,minute_ignition,True,False,1.7916666666666667,18419.75,18311.75,18423.0,108.0,3.5,88,102.5,111.25,107.75,True,a_first,0.03139013452914798,0.0,-0.03139013452914798,-3.5,-3.5,-3.5,-3.5,-3.5,-3.5,3.5,3.5,3.5,1.0
riz_19a7453ff2010727263e4628abc63f2d,175,20240411,865,north,minute_ignition,True,False,1.675,18480.75,18366.75,18487.5,114.0,7.0,78,111.75,120.75,114.25,True,a_first,0.05785123966942149,0.0,-0.05785123966942149,-7.0,-7.0,-7.0,-7.0,-7.0,-7.0,7.0,7.0,7.0,2.0
riz_253e5c8a5e7cbf5590b3c8e0fc1b3693,125,20240411,890,north,minute_ignition,True,False,7.058333333333334,18493.75,18479.75,18512.75,14.0,19.25,41,13.75,33.0,14.0,True,b_first,0.5789473684210527,1.0,0.42105263157894735,14.0,14.0,14.0,14.0,14.0,14.0,-14.0,-14.0,-14.0,4.0
riz_be7b7d22675209648c05d974784ab077,142,20240412,776,south,minute_ignition,True,False,1.1854166666666666,18166.75,18172.5,18147.25,5.75,19.75,17,-0.0,25.25,6.0,True,a_first,0.7745098039215687,0.0,-0.7745098039215687,-19.75,-19.75,-19.75,-19.75,-19.75,-19.75,19.75,19.75,19.75,7.0
riz_7fe9bebe26465cd4da3bb9a4292c3931,143,20240412,784,south,minute_ignition,True,False,1.1868055555555554,18150.5,18155.25,18141.0,4.75,9.75,17,4.25,14.25,4.5,True,b_first,0.6724137931034483,1.0,0.3275862068965517,4.75,4.75,4.75,4.75,4.75,4.75,-4.75,-4.75,-4.75,1.0
riz_83fc577029abd7cd9507dbf3c200ec25,144,20240412,792,south,minute_ignition,False,False,1.1805555555555556,18165.0,18160.25,18141.0,-4.75,24.25,28,-6.0,19.25,-5.25,True,b_at_entry,,,,,,,,,,,,,
riz_a502186ab7770790be92b06a63b1e0a9,166,20240412,802,south,minute_ignition,True,False,1.2027777777777777,18145.5,18165.0,18141.0,19.5,4.75,40,16.0,24.0,19.25,True,a_first,0.1958762886597938,0.0,-0.1958762886597938,-4.75,-4.75,-4.75,-4.75,-4.75,-4.75,4.75,4.75,4.75,1.0
riz_27fe9a797eb0a5b5ae7dd51a322ba23b,221,20240415,745,south,minute_ignition,True,False,2.745833333333333,18135.5,18192.0,18132.5,56.5,3.25,91,46.25,59.5,56.75,True,a_first,0.05439330543933055,0.0,-0.05439330543933055,-3.25,-3.25,-3.25,-3.25,-3.25,-3.25,3.25,3.25,3.25,1.0
riz_86c332a1869f2f4c278188cb43357dbb,154,20240417,718,south,minute_ignition,True,False,0.23333333333333334,17754.0,17889.0,17726.25,135.0,28.0,126,129.0,162.75,134.25,True,a_first,0.17177914110429449,0.0,-0.17177914110429449,-28.0,-28.0,-28.0,-28.0,-28.0,-28.0,28.0,28.0,28.0,6.0
riz_5767442bb6606cb0f92283e085743624,181,20240418,907,south,minute_ignition,False,False,57.138888888888886,17566.75,17540.25,17521.5,-26.5,45.5,102,-26.75,18.75,-26.5,True,b_at_entry,,,,,,,,,,,,,
riz_93882d4e7ffa2bcad1330470756efd10,182,20240418,914,south,minute_ignition,False,False,57.16736111111111,17563.75,17538.5,17521.5,-25.25,42.5,63,-26.75,17.0,-25.0,True,b_at_entry,,,,,,,,,,,,,
riz_01e03de98c9934411a7bd5be12919ed4,179,20240419,893,south,minute_ignition,False,False,112.95555555555555,17152.5,17137.5,17132.0,-15.0,20.75,4,-15.75,5.5,-14.75,True,b_at_entry,,,,,,,,,,,,,
riz_715f001e92f33b4328b1dc113f23ff2b,187,20240419,949,south,minute_ignition,False,False,113.04513888888889,17148.25,17144.5,17113.25,-3.75,35.25,62,-6.0,31.25,-3.5,True,b_at_entry,,,,,,,,,,,,,
riz_535b166d49996c254b5bf6052cfef7bd,133,20240422,837,north,minute_ignition,False,False,3.3666666666666667,17388.5,17389.0,17414.75,-0.5,26.5,4,-9.5,25.75,-0.25,True,b_at_entry,,,,,,,,,,,,,
riz_0a691c87c1bfd15b891d15c0488bf1a7,122,20240422,860,north,minute_ignition,True,False,3.4027777777777777,17423.5,17371.5,17426.75,52.0,3.5,30,44.0,55.25,52.0,False,a_first,0.06306306306306306,0.0,-0.06306306306306306,-3.5,-3.5,-3.5,-3.5,-3.5,-3.5,3.5,3.5,3.5,1.0
riz_c8fc743ba043a3936c406c417fdb3910,205,20240422,870,north,minute_ignition,True,False,3.2597222222222224,17429.0,17402.5,17437.75,26.5,9.0,36,24.0,35.25,26.0,True,a_first,0.2535211267605634,0.0,-0.2535211267605634,-9.0,-9.0,-9.0,-9.0,-9.0,-9.0,9.0,9.0,9.0,1.0
riz_b73c4d109702ea7de6505d595f3ec7b9,154,20240422,872,north,minute_ignition,True,False,3.308333333333333,17437.25,17412.0,17440.75,25.25,3.75,18,20.0,28.75,25.0,True,a_first,0.12931034482758622,0.0,-0.12931034482758622,-3.75,-3.75,-3.75,-3.75,-3.75,-3.75,3.75,3.75,3.75,1.0
riz_a54a2f3d752eee22d676cb56069d8286,208,20240422,888,north,minute_ignition,False,False,3.2729166666666667,17399.0,17432.0,17448.0,-33.0,49.25,23,-35.25,16.0,-33.0,True,b_at_entry,,,,,,,,,,,,,
riz_ab22f0bbe0e3805dd1f8c334bd045a5d,158,20240422,904,north,minute_ignition,False,False,3.3,17404.75,17426.75,17448.0,-22.0,43.5,42,-27.5,21.25,-22.25,True,b_at_entry,,,,,,,,,,,,,
riz_1088d239c248ab84d00aae5c536e812c,159,20240422,912,north,minute_ignition,False,False,3.2777777777777777,17399.0,17405.5,17448.0,-6.5,49.25,77,-8.75,42.5,-6.0,True,b_at_entry,,,,,,,,,,,,,
riz_801de679aeb1308d24191079c11d4db7,160,20240422,920,north,minute_ignition,False,False,3.285416666666667,17399.75,17410.25,17448.0,-10.5,48.5,69,-11.5,37.75,-10.25,True,b_at_entry,,,,,,,,,,,,,
riz_1f6c958917bb67425b2ec65bac5c35b3,219,20240422,954,north,minute_ignition,False,False,3.2381944444444444,17338.75,17420.0,17448.0,-81.25,109.5,95,-81.25,28.0,-81.0,True,b_at_entry,,,,,,,,,,,,,
riz_9547e603db7f1d764287157934076ef3,126,20240425,774,north,minute_ignition,True,False,0.2604166666666667,17475.75,17473.5,17481.75,2.25,6.25,3,-2.5,8.25,2.25,True,a_first,0.7352941176470589,0.0,-0.7352941176470589,-6.25,-6.25,-6.25,-6.25,-6.25,-6.25,6.25,6.25,6.25,1.0
riz_49d671189853397ac9618f4f6165bc81,127,20240425,783,north,minute_ignition,True,False,0.25972222222222224,17496.25,17489.75,17507.0,6.5,11.0,7,-5.0,17.25,6.0,True,a_first,0.6285714285714286,0.0,-0.6285714285714286,-11.0,-11.0,-11.0,-11.0,-11.0,-11.0,11.0,11.0,11.0,2.0
riz_0f3a68c62f3aba0b6a8d94b188b16aa6,120,20240425,840,north,minute_ignition,True,False,1.9951388888888888,17568.75,17564.0,17580.5,4.75,12.0,7,-0.5,16.5,4.25,True,b_first,0.7164179104477612,1.0,0.28358208955223885,4.75,4.75,4.75,4.75,4.75,4.75,-4.75,-4.75,-4.75,1.0
riz_2340a8e0c5ada86d9a286663df8116e5,134,20240425,846,north,minute_ignition,True,False,0.21041666666666667,17561.25,17461.5,17580.5,99.75,19.5,99,97.75,119.0,99.5,True,a_first,0.16352201257861634,0.0,-0.16352201257861634,-19.5,-19.5,-19.5,-19.5,-19.5,-19.5,19.5,19.5,19.5,8.0
riz_a6b63bd022aba5867a85b04a5e2e912c,151,20240425,848,north,minute_ignition,True,False,0.2590277777777778,17569.5,17467.75,17580.5,101.75,11.25,80,100.5,112.75,102.25,True,a_first,0.09955752212389381,0.0,-0.09955752212389381,-11.25,-11.25,-11.25,-11.25,-11.25,-11.25,11.25,11.25,11.25,6.0
riz_fcacb7c95f9dc5f38d2e0a476aa44acb,201,20240426,645,south,minute_ignition,False,False,1.6888888888888889,17828.75,17686.75,17668.25,-142.0,160.75,73,-147.5,18.5,-142.25,True,b_at_entry,,,,,,,,,,,,,
riz_b2a449efee40ad06016acf316584609d,154,20240426,872,north,minute_ignition,False,False,9.168055555555556,17838.0,17893.0,17901.5,-55.0,63.75,66,-56.0,8.5,-54.75,True,b_at_entry,,,,,,,,,,,,,
riz_1b5c4565f29641d8bcc6fb126e1878e9,159,20240501,912,north,minute_ignition,False,False,5.102777777777778,17736.0,17768.5,17793.25,-32.5,57.5,11,-39.25,24.75,-33.0,True,b_at_entry,,,,,,,,,,,,,
riz_6e3da7b6bafde67d3b63f3f237de5da7,121,20240503,608,north,minute_ignition,False,False,57.111805555555556,17942.75,17995.25,18050.25,-52.5,107.75,21,-57.75,55.0,-52.5,True,b_at_entry,,,,,,,,,,,,,
riz_4d610779d245d2a1b54da0afcf8b3d70,153,20240503,711,north,minute_ignition,False,False,57.08958333333333,17981.75,18004.5,18050.25,-22.75,68.75,117,-27.5,45.75,-23.75,True,b_at_entry,,,,,,,,,,,,,
riz_4fa17d45d080b98f4aa9e9b0c029db9f,147,20240507,669,north,minute_ignition,False,False,22.300694444444446,18245.5,18251.0,18256.5,-5.5,11.25,8,-7.0,5.5,-5.25,True,b_at_entry,,,,,,,,,,,,,
riz_1daa83c0455229b132043a3f91e9d8b2,149,20240507,683,north,minute_ignition,True,False,22.292361111111113,18254.0,18241.25,18263.75,12.75,10.0,26,9.75,22.5,12.75,True,b_first,0.43956043956043955,1.0,0.5604395604395604,12.75,12.75,12.75,12.75,12.75,12.75,-12.75,-12.75,-12.75,11.0
riz_5838ffd691c02b0a469bb98055da1131,150,20240507,690,north,minute_ignition,False,False,22.306944444444444,18246.0,18255.0,18263.75,-9.0,18.0,8,-11.25,8.75,-9.5,True,b_at_entry,,,,,,,,,,,,,
riz_3217a64d63a02927c6c79ac3133bfbe6,154,20240507,718,north,minute_ignition,False,False,22.280555555555555,18247.75,18249.0,18263.75,-1.25,16.25,58,-2.25,14.75,-1.0,True,b_at_entry,,,,,,,,,,,,,
riz_600c2af0a59ed6c50243f615c92f729d,160,20240507,760,north,minute_ignition,False,False,22.301388888888887,18250.5,18257.75,18263.75,-7.25,13.5,46,-7.25,6.0,-7.0,True,b_at_entry,,,,,,,,,,,,,
riz_f28b88eff617c67206c1f1980f5e6971,199,20240507,834,north,minute_ignition,False,False,22.20486111111111,18207.5,18259.0,18266.25,-51.5,59.0,103,-52.75,7.25,-51.25,True,b_at_entry,,,,,,,,,,,,,
riz_d6e67b4ce258de9aadd99d36afc4dc04,236,20240524,820,north,minute_ignition,False,False,1.3881944444444445,18892.75,18898.0,18919.0,-5.25,26.5,149,-6.0,21.0,-5.75,True,b_at_entry,,,,,,,,,,,,,
riz_e0df08acf51e1e1ef9103b07558f62c4,146,20240528,662,south,minute_ignition,False,False,1.4548611111111112,18916.75,18854.75,18839.0,-62.0,78.0,75,-72.75,15.75,-62.25,True,b_at_entry,,,,,,,,,,,,,
riz_504940169586695c85dc22417fce75c8,125,20240530,640,south,minute_ignition,True,False,0.34652777777777777,18668.25,18683.0,18666.0,14.75,2.5,1,4.75,17.0,15.25,False,a_first,0.14492753623188406,0.0,-0.14492753623188406,-2.5,-2.5,-2.5,-2.5,-2.5,-2.5,2.5,2.5,2.5,1.0
riz_9373e548dc1ef3900189f117e2c0f687,168,20240530,648,south,minute_ignition,True,False,0.34097222222222223,18672.75,18689.25,18645.5,16.5,27.5,13,15.75,43.75,16.75,True,a_first,0.625,0.0,-0.625,-27.5,-27.5,-27.5,-27.5,-27.5,-27.5,27.5,27.5,27.5,17.0
riz_09129a24703fb6aa0f45a74f47c3d505,124,20240530,880,north,minute_ignition,False,False,0.21805555555555556,18667.5,18721.75,18729.0,-54.25,61.75,58,-54.75,7.25,-53.75,True,b_at_entry,,,,,,,,,,,,,
riz_060d3cb8133a639dd94f4d55f105d5ee,167,20240531,642,south,minute_ignition,True,False,49.104166666666664,18385.0,18441.25,18365.5,56.25,19.75,17,34.75,75.75,56.75,True,a_first,0.2598684210526316,0.0,-0.2598684210526316,-19.75,-19.75,-19.75,-19.75,-19.75,-19.75,19.75,19.75,19.75,1.0
riz_44baf69657699bfcbbe573ff8c3c86a6,144,20240531,648,south,minute_ignition,True,False,49.17916666666667,18366.25,18480.25,18356.0,114.0,10.5,30,106.5,124.25,114.5,True,a_first,0.08433734939759036,0.0,-0.08433734939759036,-10.5,-10.5,-10.5,-10.5,-10.5,-10.5,10.5,10.5,10.5,15.0
riz_4d894d6974aad945cbf30d1b100ea458,214,20240531,710,south,minute_ignition,True,False,49.08611111111111,18317.25,18467.75,18307.0,150.5,10.5,90,148.0,160.75,150.5,True,a_first,0.06521739130434782,0.0,-0.06521739130434782,-10.5,-10.5,-10.5,-10.5,-10.5,-10.5,10.5,10.5,10.5,2.0
riz_2bd10cd859e998eccb00038ebb7cf60c,216,20240531,720,south,minute_ignition,True,False,49.081944444444446,18300.5,18461.5,18294.75,161.0,6.0,98,157.5,166.75,160.75,True,a_first,0.03592814371257485,0.0,-0.03592814371257485,-6.0,-6.0,-6.0,-6.0,-6.0,-6.0,6.0,6.0,6.0,1.0
riz_91f8e9ea3346fbe03319da1f698512f7,130,20240603,680,north,minute_ignition,False,False,4.022916666666666,18605.0,18738.5,18755.5,-133.5,150.75,97,-138.5,17.0,-134.0,True,b_at_entry,,,,,,,,,,,,,
riz_b28be0be2b1da3c0c951dbfc9e7cfbe0,132,20240603,696,north,minute_ignition,False,False,4.0152777777777775,18623.0,18746.75,18755.5,-123.75,132.75,110,-125.25,8.75,-124.0,True,b_at_entry,,,,,,,,,,,,,
riz_80450ae4f6ab90574211c61355cd54ef,140,20240603,760,south,minute_ignition,False,False,2.9965277777777777,18511.75,18480.75,18473.0,-31.0,39.0,5,-37.0,7.75,-31.0,True,b_at_entry,,,,,,,,,,,,,
riz_09fa4599d92774b061a66f2a1caa1e54,197,20240603,822,south,minute_ignition,False,False,2.9791666666666665,18560.5,18442.5,18435.75,-118.0,125.0,30,-120.5,6.75,-118.25,True,b_at_entry,,,,,,,,,,,,,
riz_8c5d038ddca0cd731f0da310a5cad268,217,20240603,942,south,minute_ignition,False,False,2.895138888888889,18571.75,18465.75,18435.75,-106.0,136.25,151,-121.25,30.0,-106.5,True,b_at_entry,,,,,,,,,,,,,
riz_61748c46108c29d30944872f9fda520a,172,20240605,672,north,native_confirmation,True,False,7.758333333333334,18948.5,18947.0,18949.75,1.5,1.5,0,0.0,2.75,1.75,False,same_minute,0.5,,,,-1.5,1.5,,-1.5,1.5,,-1.5,1.5,1.0
riz_917bbd6cb642b1983f898e4fb6d76b9f,220,20240605,740,north,minute_ignition,True,False,7.7555555555555555,18973.5,18943.75,18987.0,29.75,13.75,72,29.5,43.25,29.75,True,a_first,0.3160919540229885,0.0,-0.3160919540229885,-13.75,-13.75,-13.75,-13.75,-13.75,-13.75,13.75,13.75,13.75,19.0
riz_3f2bc2e8a13f431d7c625d1e42b91f74,166,20240614,636,north,minute_ignition,False,False,0.3159722222222222,19600.5,19630.75,19648.5,-30.25,48.25,43,-32.0,17.75,-29.5,True,b_at_entry,,,,,,,,,,,,,
riz_3e95671a5ec5081dabbd6b2fb1aea290,172,20240614,672,north,minute_ignition,True,False,0.41875,19612.5,19612.0,19648.5,0.5,36.25,85,-8.75,36.5,0.5,True,b_first,0.9863945578231292,1.0,0.013605442176870763,0.5,0.5,0.5,0.5,0.5,0.5,-0.5,-0.5,-0.5,5.0
riz_10dafc46a734fb328efd954f66db046d,140,20240618,900,north,minute_ignition,False,False,0.22430555555555556,20200.25,20211.5,20229.5,-11.25,29.5,97,-15.0,18.0,-11.25,True,b_at_entry,,,,,,,,,,,,,
riz_f1f9d0690806ab5aef8096503adf4af0,135,20240621,720,north,minute_ignition,True,False,0.3715277777777778,20067.75,20061.5,20068.0,6.25,0.5,5,3.0,6.5,6.5,True,same_minute,0.07407407407407407,,,,-0.5,6.25,,-0.5,6.25,,-6.25,0.5,1.0
riz_625d9d746294f7d507618105deb7a1c6,195,20240628,615,north,minute_ignition,True,False,8.404861111111112,20264.0,20249.5,20264.5,14.5,0.75,2,11.5,15.0,14.5,True,a_first,0.04918032786885246,0.0,-0.04918032786885246,-0.75,-0.75,-0.75,-0.75,-0.75,-0.75,0.75,0.75,0.75,1.0
riz_3b9e19f0c5172e394ed72db26e9669b2,122,20240628,616,north,minute_ignition,False,False,8.422916666666667,20257.5,20259.0,20273.25,-1.5,16.0,1,-6.5,14.25,-1.5,True,b_at_entry,,,,,,,,,,,,,
riz_2859bbf8a0c054bd53558f24a07e7d51,140,20240628,620,north,minute_ignition,False,False,8.479861111111111,20227.75,20240.25,20273.25,-12.5,45.75,9,-12.75,33.0,-12.0,True,b_at_entry,,,,,,,,,,,,,
riz_08659d0a41f7806ca10ed8246138912b,126,20240628,648,north,minute_ignition,False,False,8.497916666666667,20187.0,20237.25,20273.25,-50.25,86.5,39,-51.5,36.0,-50.25,True,b_at_entry,,,,,,,,,,,,,
riz_11018c075d9a9a8ee6390418d0766fba,213,20240628,705,north,minute_ignition,False,False,9.373611111111112,20103.5,20211.5,20273.25,-108.0,170.0,101,-114.75,61.75,-108.5,True,b_at_entry,,,,,,,,,,,,,
riz_1e723e181ef2c445b7919ffef689cc7e,228,20240628,780,north,minute_ignition,False,False,9.353472222222223,20036.0,20218.0,20273.25,-182.0,237.5,175,-183.25,55.25,-181.75,True,b_at_entry,,,,,,,,,,,,,
riz_efa332bbe48741465aaddcf4d4528030,240,20240701,600,south,minute_ignition,False,False,6.702083333333333,19887.75,19855.0,19841.25,-32.75,46.75,9,-40.0,13.75,-32.75,True,b_at_entry,,,,,,,,,,,,,
riz_787557a6cbf6b858b9d58984f2dfec12,188,20240702,580,north,minute_ignition,True,False,0.69375,20039.25,20038.0,20055.5,1.25,16.5,1,-0.5,17.5,0.75,True,same_minute,0.9295774647887324,,,,-16.5,1.25,,-16.5,1.25,,-1.25,16.5,1.0
riz_b54b3874e42db78da5b344e185c015a2,135,20240702,585,north,minute_ignition,True,False,0.6951388888888889,20070.5,20040.25,20082.75,30.25,12.5,4,20.75,42.5,30.0,False,a_first,0.29239766081871343,0.0,-0.29239766081871343,-12.5,-12.5,-12.5,-12.5,-12.5,-12.5,12.5,12.5,12.5,1.0
riz_0af126a76f9d5612206cccad6510b825,126,20240703,648,north,minute_ignition,True,False,13.261111111111111,20312.75,20304.5,20317.75,8.25,5.25,2,7.0,13.25,7.5,False,b_first,0.3888888888888889,1.0,0.6111111111111112,8.25,8.25,8.25,8.25,8.25,8.25,-8.25,-8.25,-8.25,3.0
riz_e1c8769727069d0d03f2445fe106c03e,202,20240703,650,north,minute_ignition,True,False,13.138194444444444,20311.5,20307.75,20317.75,3.75,6.5,3,-4.25,10.0,4.0,False,b_first,0.6341463414634146,1.0,0.36585365853658536,3.75,3.75,3.75,3.75,3.75,3.75,-3.75,-3.75,-3.75,1.0
riz_20b8774c4ab0395116277c47839b4f31,209,20240710,685,south,minute_ignition,False,False,0.8388888888888889,20740.0,20717.0,20703.0,-23.0,37.25,23,-25.75,14.0,-22.5,True,b_at_entry,,,,,,,,,,,,,
riz_bf69bcee1c445a8d06f87fcf82db30d4,141,20240711,627,south,minute_ignition,False,False,1.7986111111111112,20708.5,20690.75,20657.0,-17.75,51.75,8,-22.0,33.75,-18.0,True,b_at_entry,,,,,,,,,,,,,
riz_778545513f9d218ff036f7bf34372ae9,145,20240711,655,south,minute_ignition,True,False,1.7756944444444445,20652.25,20679.25,20635.75,27.0,16.75,33,14.25,43.5,27.5,True,a_first,0.38285714285714284,0.0,-0.38285714285714284,-16.75,-16.75,-16.75,-16.75,-16.75,-16.75,16.75,16.75,16.75,3.0
riz_c5da56cce26dde4e4b12d025a27bf96c,122,20240712,616,north,minute_ignition,False,False,6.8277777777777775,20558.0,20575.75,20587.0,-17.75,29.25,4,-24.75,11.25,-17.0,True,b_at_entry,,,,,,,,,,,,,
riz_0fdae2080aadb42b3968b61a497e8d99,126,20240712,648,north,minute_ignition,True,False,6.874305555555556,20640.0,20510.0,20647.0,130.0,7.25,55,123.75,137.0,130.5,True,a_first,0.052823315118397086,0.0,-0.052823315118397086,-7.25,-7.25,-7.25,-7.25,-7.25,-7.25,7.25,7.25,7.25,2.0
riz_4689f2f3fcaff69e72a5fa082d140cbf,128,20240712,664,north,minute_ignition,True,False,6.864583333333333,20639.25,20517.75,20661.25,121.5,22.25,67,111.0,143.5,121.0,False,a_first,0.15478260869565216,0.0,-0.15478260869565216,-22.25,-22.25,-22.25,-22.25,-22.25,-22.25,22.25,22.25,22.25,4.0
riz_4a42ceeb0ae9179e72e0bb5c300e259f,147,20240712,669,north,minute_ignition,True,False,6.850694444444445,20657.0,20545.25,20664.5,111.75,7.75,68,87.25,119.25,111.5,True,a_first,0.06485355648535565,0.0,-0.06485355648535565,-7.75,-7.75,-7.75,-7.75,-7.75,-7.75,7.75,7.75,7.75,3.0
riz_c0f3e27f42b55ed18940a9d66ce1b1e3,129,20240712,672,north,minute_ignition,True,False,6.8597222222222225,20655.75,20541.25,20666.25,114.5,10.75,73,114.0,125.0,114.5,True,a_first,0.08582834331337326,0.0,-0.08582834331337326,-10.75,-10.75,-10.75,-10.75,-10.75,-10.75,10.75,10.75,10.75,33.0
riz_070c6b7007ca8bfdd04cfee78bc34e51,131,20240712,819,north,minute_ignition,True,False,2.7243055555555555,20694.25,20684.5,20695.75,9.75,1.75,5,9.75,11.25,10.0,True,a_first,0.15217391304347827,0.0,-0.15217391304347827,-1.75,-1.75,-1.75,-1.75,-1.75,-1.75,1.75,1.75,1.75,1.0
riz_de48083c80f61f55a04f5ee3905d1a27,238,20240712,830,north,minute_ignition,True,False,2.4902777777777776,20730.75,20696.25,20733.5,34.5,3.0,8,27.25,37.25,34.75,False,a_first,0.08,0.0,-0.08,-3.0,-3.0,-3.0,-3.0,-3.0,-3.0,3.0,3.0,3.0,1.0
riz_4b31599dca89757991ca76a9690904b6,219,20240715,735,north,minute_ignition,False,False,4.805555555555555,20635.75,20768.0,20797.0,-132.25,161.5,61,-137.25,29.0,-132.0,True,b_at_entry,,,,,,,,,,,,,
riz_8001a66e396926b56225935db377869d,183,20240715,738,north,minute_ignition,False,False,4.831944444444445,20644.0,20779.5,20797.0,-135.5,153.25,59,-138.75,17.5,-135.5,True,b_at_entry,,,,,,,,,,,,,
riz_0730512dd79fb4a9012d0168a6dc7201,125,20240717,765,south,native_confirmation,True,False,15.60763888888889,20020.75,20024.5,20019.0,3.75,2.0,0,-0.0,5.5,4.0,False,same_minute,0.34782608695652173,,,,-2.0,3.75,,-2.0,3.75,,-3.75,2.0,1.0
riz_1f7746fe412cbf308a6e5d5ea8ffa110,133,20240717,837,south,minute_ignition,False,False,15.597222222222221,20033.0,20019.75,20007.75,-13.25,25.5,71,-17.0,12.0,-13.75,True,b_at_entry,,,,,,,,,,,,,
riz_5160427f35d43d57de5afa2a4dcd9f6c,187,20240724,575,south,native_confirmation,True,False,40.0,19582.25,19584.0,19581.75,1.75,0.75,0,-0.0,2.25,1.75,False,same_minute,0.3,,,,-0.75,1.75,,-0.75,1.75,,-1.75,0.75,1.0
riz_623f37d49377e11a883281de3e013e3f,139,20240725,613,south,native_confirmation,True,False,57.38611111111111,18904.5,18907.5,18903.25,3.0,1.5,0,-0.0,4.25,3.0,False,same_minute,0.3333333333333333,,,,-1.5,3.0,,-1.5,3.0,,-3.0,1.5,1.0
riz_e5b96d4039f95a388a35e09aacd2216d,195,20240725,615,south,minute_ignition,False,False,57.27013888888889,18928.25,18900.5,18883.25,-27.75,45.25,1,-37.5,17.25,-27.25,True,b_at_entry,,,,,,,,,,,,,
riz_3989256df4930cf7a171c459739cdcb1,123,20240725,624,south,minute_ignition,False,False,57.41875,19029.75,18913.5,18883.25,-116.25,146.75,12,-119.0,30.25,-116.5,True,b_at_entry,,,,,,,,,,,,,
riz_c7330aafa71da0ecaaf789271a51244f,206,20240730,670,south,minute_ignition,True,False,0.38263888888888886,19000.25,19176.0,18976.0,175.75,24.5,67,173.5,200.0,174.5,True,a_first,0.12234706616729088,0.0,-0.12234706616729088,-24.5,-24.5,-24.5,-24.5,-24.5,-24.5,24.5,24.5,24.5,28.0
riz_e511101b317337d84fabde9b753a3a0c,208,20240730,680,south,minute_ignition,True,False,0.37916666666666665,19030.25,19183.0,18976.0,152.75,54.5,78,152.25,207.0,153.0,True,a_first,0.2629674306393245,0.0,-0.2629674306393245,-54.5,-54.5,-54.5,-54.5,-54.5,-54.5,54.5,54.5,54.5,18.0
riz_f3fc08c27172e7b287b29b0fc825b6be,176,20240730,696,south,minute_ignition,True,False,0.44375,19001.25,19165.25,18976.0,164.0,25.5,65,163.75,189.25,164.0,True,a_first,0.1345646437994723,0.0,-0.1345646437994723,-25.5,-25.5,-25.5,-25.5,-25.5,-25.5,25.5,25.5,25.5,2.0
riz_edcb77fd336e32436983312a8960f527,178,20240730,708,south,minute_ignition,True,False,0.44375,18936.25,19155.5,18926.0,219.25,10.5,73,213.5,229.5,219.25,True,a_first,0.04570184983677911,0.0,-0.04570184983677911,-10.5,-10.5,-10.5,-10.5,-10.5,-10.5,10.5,10.5,10.5,35.0
riz_ba01d7d45d8598de4430219ed819ba67,165,20240730,795,south,minute_ignition,False,False,61.834722222222226,18879.5,18815.75,18803.0,-63.75,76.75,13,-70.75,12.75,-63.0,True,b_at_entry,,,,,,,,,,,,,
riz_0f3640fd6bfab763f8528626a2f354f8,193,20240805,605,north,minute_ignition,True,False,90.99722222222222,18042.25,18036.75,18112.5,5.5,70.5,4,-4.0,75.75,5.75,True,b_first,0.9276315789473685,1.0,0.07236842105263153,5.5,5.5,5.5,5.5,5.5,5.5,-5.5,-5.5,-5.5,1.0
riz_dc91f7404b1dde58ef640b8f51b2fd46,193,20240805,605,north,minute_ignition,False,False,90.8638888888889,18042.25,18067.25,18112.5,-25.0,70.5,3,-61.0,45.25,-24.75,True,b_at_entry,,,,,,,,,,,,,
riz_11684b786f199a6207d2071722a992de,188,20240807,956,south,minute_ignition,True,False,0.6736111111111112,17973.0,18194.0,17961.75,221.0,11.5,158,204.75,232.25,220.0,True,a_first,0.04946236559139785,0.0,-0.04946236559139785,-11.5,-11.5,-11.5,-11.5,-11.5,-11.5,11.5,11.5,11.5,1.0
riz_ab8c59b1a6e8dd728eac6efee0ffdb12,120,20240813,840,north,minute_ignition,False,False,13.543055555555556,19058.0,19075.0,19087.5,-17.0,29.75,58,-21.5,12.5,-17.5,True,b_at_entry,,,,,,,,,,,,,
riz_2a2924917a6c8684bde65f76e867b255,122,20240813,860,north,minute_ignition,False,False,13.547916666666667,19046.5,19081.5,19087.5,-35.0,41.25,65,-37.25,6.0,-33.0,True,b_at_entry,,,,,,,,,,,,,
riz_c3564a7860fc5baf7ed6c36800f7cd4c,219,20240813,954,north,minute_ignition,False,False,13.453472222222222,19079.0,19096.25,19109.0,-17.25,30.25,4,-26.5,12.75,-17.0,True,b_at_entry,,,,,,,,,,,,,
riz_86a89578638798b80c125d4a68232685,232,20240814,800,north,minute_ignition,False,False,14.104861111111111,19087.5,19193.5,19203.5,-106.0,116.25,81,-114.5,10.0,-106.25,True,b_at_entry,,,,,,,,,,,,,
riz_9a2e153c15a9a24c6b34a9b77ff2e22f,233,20240814,805,south,minute_ignition,False,False,12.528472222222222,19077.5,18956.5,18925.5,-121.0,152.25,171,-133.0,31.0,-120.25,True,b_at_entry,,,,,,,,,,,,,
riz_fef53fc381ea5aeeb2ff659e4b4a4f6b,221,20240815,745,north,minute_ignition,True,False,14.747222222222222,19567.5,19462.0,19570.0,105.5,2.75,143,91.5,108.0,105.0,True,a_first,0.025404157043879907,0.0,-0.025404157043879907,-2.75,-2.75,-2.75,-2.75,-2.75,-2.75,2.75,2.75,2.75,82.0
riz_a34e866c1d562c4f7f98951a4d907309,200,20240820,640,south,minute_ignition,True,False,27.277083333333334,19762.75,19775.5,19761.5,12.75,1.5,1,2.0,14.0,13.0,False,b_first,0.10526315789473684,1.0,0.8947368421052632,12.75,12.75,12.75,12.75,12.75,12.75,-12.75,-12.75,-12.75,1.0
riz_99b6da2641a8d113b5028e5474caf63f,168,20240820,648,south,minute_ignition,False,False,27.229861111111113,19788.75,19751.5,19743.0,-37.25,46.0,5,-44.0,8.5,-37.0,True,b_at_entry,,,,,,,,,,,,,
riz_9b1944e3427665f8edd77a82fbb7e235,124,20240820,756,south,minute_ignition,False,False,27.347916666666666,19799.75,19797.0,19743.0,-2.75,57.0,119,-13.25,54.0,-2.25,True,b_at_entry,,,,,,,,,,,,,
riz_ea14dda951734438ddf318eac8b6b32c,237,20240820,825,south,minute_ignition,False,False,27.200694444444444,19802.25,19764.5,19743.0,-37.75,59.5,185,-39.5,21.5,-37.5,True,b_at_entry,,,,,,,,,,,,,
riz_5a0c6451c670de2708f312be205fa514,162,20240822,612,south,minute_ignition,True,False,0.3368055555555556,19891.0,19908.0,19888.0,17.0,3.25,1,16.75,20.0,17.25,True,same_minute,0.16049382716049382,,,,-3.25,17.0,,-3.25,17.0,,-17.0,3.25,1.0
riz_e9ba1d4719a5432af7db36f0c6b941df,164,20240822,624,south,minute_ignition,True,False,0.33194444444444443,19904.75,19910.0,19883.25,5.25,21.75,14,3.75,26.75,5.5,True,b_first,0.8055555555555556,1.0,0.19444444444444442,5.25,5.25,5.25,5.25,5.25,5.25,-5.25,-5.25,-5.25,1.0
riz_09e8e6125a1480f9288a85798d6e724b,134,20240823,712,north,minute_ignition,False,False,1.2215277777777778,19724.75,19896.5,19904.25,-171.75,179.75,83,-174.5,7.75,-170.5,True,b_at_entry,,,,,,,,,,,,,
riz_c2fbd8ca7251c8fbcf4ae2b9b07c7181,231,20240823,795,south,minute_ignition,False,False,0.5402777777777777,19683.5,19659.0,19591.75,-24.5,92.0,146,-34.5,67.25,-24.25,True,b_at_entry,,,,,,,,,,,,,
riz_14c1b046c503fcaee0387b462a34f898,161,20240829,606,north,minute_ignition,False,False,1.1083333333333334,19602.25,19645.0,19685.0,-42.75,83.0,5,-62.25,40.0,-43.5,True,b_at_entry,,,,,,,,,,,,,
riz_8d801e3d70c8401826fd9978120f2417,162,20240829,612,north,minute_ignition,False,False,1.1027777777777779,19609.5,19641.0,19685.0,-31.5,75.75,14,-33.75,44.0,-31.75,True,b_at_entry,,,,,,,,,,,,,
riz_661173b058df9ad6396dec0131599926,157,20240829,739,north,minute_ignition,True,False,1.1215277777777777,19651.25,19643.0,19693.5,8.25,42.5,139,7.75,50.5,8.5,True,b_first,0.8374384236453202,1.0,0.16256157635467983,8.25,8.25,8.25,8.25,8.25,8.25,-8.25,-8.25,-8.25,34.0
riz_f6f7e127642aef52306ddc38ea802fc5,141,20240917,627,north,minute_ignition,False,False,22.158333333333335,19801.75,19814.0,19828.75,-12.25,27.25,54,-12.25,14.75,-11.25,True,b_at_entry,,,,,,,,,,,,,
riz_49567c78433343f0e4eea9aa9e3654eb,158,20240917,746,south,minute_ignition,True,False,0.9979166666666667,19674.5,19697.5,19641.25,23.0,33.5,3,-0.75,56.25,22.0,False,b_first,0.5929203539823009,1.0,0.4070796460176991,23.0,23.0,23.0,23.0,23.0,23.0,-23.0,-23.0,-23.0,4.0
riz_234100831f873cbbe9cca3b2f51bcd22,159,20240917,753,south,minute_ignition,True,False,1.1006944444444444,19689.5,19717.75,19641.25,28.25,48.5,14,21.25,76.5,28.0,False,a_first,0.6319218241042345,0.0,-0.6319218241042345,-48.5,-48.5,-48.5,-48.5,-48.5,-48.5,48.5,48.5,48.5,15.0
riz_fc06888a866d16c8ef1c123cc66a712c,152,20240923,704,north,minute_ignition,False,False,0.3875,20110.25,20115.75,20126.75,-5.5,16.75,50,-12.75,11.0,-4.75,True,b_at_entry,,,,,,,,,,,,,
riz_5991fe4475ea5a453fc835abd6aa5d5e,200,20240926,640,south,minute_ignition,False,False,70.99583333333334,20362.0,20320.25,20307.0,-41.75,55.25,6,-53.0,13.25,-42.25,True,b_at_entry,,,,,,,,,,,,,
riz_c1bc68d3e3aaee9800f23b69815c134a,126,20240926,648,south,native_confirmation,True,False,71.0,20306.5,20308.25,20306.0,1.75,0.75,0,-0.0,2.25,1.5,False,same_minute,0.3,,,,-0.75,1.75,,-0.75,1.75,,-1.75,0.75,1.0
riz_ab315fcc9839db8c7bc1839505916b3f,169,20240926,654,south,minute_ignition,True,False,71.09930555555556,20258.0,20367.75,20254.0,109.75,4.25,26,109.25,113.75,109.75,True,a_first,0.03728070175438596,0.0,-0.03728070175438596,-4.25,-4.25,-4.25,-4.25,-4.25,-4.25,4.25,4.25,4.25,2.0
riz_7877c33f4a2f2cc9ca1598735fc9add2,127,20240926,656,south,minute_ignition,True,False,70.99513888888889,20214.25,20298.75,20205.75,84.5,8.75,7,78.25,93.0,83.75,True,a_first,0.0938337801608579,0.0,-0.0938337801608579,-8.75,-8.75,-8.75,-8.75,-8.75,-8.75,8.75,8.75,8.75,5.0
riz_ae8df1bf885682040062ab9211b59f88,138,20241008,606,north,minute_ignition,True,False,0.8951388888888889,20193.25,20107.75,20202.5,85.5,9.5,13,75.5,94.75,85.25,False,a_first,0.1,0.0,-0.1,-9.5,-9.5,-9.5,-9.5,-9.5,-9.5,9.5,9.5,9.5,29.0
riz_0814230994b2e1e9bc250f21ca4e405e,234,20241009,810,north,minute_ignition,False,False,13.09375,20417.5,20426.0,20448.25,-8.5,31.0,99,-12.0,22.25,-8.25,True,b_at_entry,,,,,,,,,,,,,
riz_fd919854dc4eef9836a43ea52a0441a7,235,20241009,815,north,minute_ignition,False,False,13.089583333333334,20417.25,20424.0,20448.25,-6.75,31.25,106,-8.5,24.25,-7.5,True,b_at_entry,,,,,,,,,,,,,
riz_845ab28653d4b0efa63c41b833296a80,236,20241009,820,north,minute_ignition,False,False,13.08611111111111,20416.75,20419.25,20448.25,-2.5,31.75,112,-3.5,29.0,-2.75,True,b_at_entry,,,,,,,,,,,,,
riz_4e78cd6f45faf8bd1acf8255a3fb6a5c,197,20241011,625,north,minute_ignition,True,False,0.4041666666666667,20446.25,20439.5,20455.0,6.75,9.0,9,1.25,15.5,6.5,True,same_minute,0.5714285714285714,,,,-9.0,6.75,,-9.0,6.75,,-6.75,9.0,1.0
riz_f522e4237f82c317e45c9c5b7c07a270,148,20241014,676,north,minute_ignition,False,False,89.69166666666666,20572.25,20588.5,20680.0,-16.25,108.0,100,-22.25,91.5,-16.25,True,b_at_entry,,,,,,,,,,,,,
riz_ad1b8775174d1e1c594c96e9116a0e4b,121,20241021,608,north,minute_ignition,True,False,0.5013888888888889,20528.75,20499.0,20533.75,29.75,5.25,4,18.5,34.75,29.25,True,a_first,0.15,0.0,-0.15,-5.25,-5.25,-5.25,-5.25,-5.25,-5.25,5.25,5.25,5.25,1.0
riz_cd715c6aee2713999da13cdcb850346c,123,20241023,870,south,minute_ignition,False,False,15.897222222222222,20122.25,20105.75,20079.0,-16.5,43.5,25,-17.25,26.75,-16.5,True,b_at_entry,,,,,,,,,,,,,
riz_aed979036046227143c88586151bcd54,215,20241024,715,south,minute_ignition,False,False,0.7833333333333333,20308.75,20299.5,20264.0,-9.25,45.0,7,-18.0,35.5,-9.25,True,b_at_entry,,,,,,,,,,,,,
riz_bcf5e39886d8c3ef5aecc292c3d7b44d,157,20241028,739,south,minute_ignition,False,False,2.7020833333333334,20548.0,20548.25,20516.5,0.25,31.75,148,-7.25,31.75,-0.75,True,b_first,0.9921875,1.0,0.0078125,0.25,0.25,0.25,0.25,0.25,0.25,-0.25,-0.25,-0.25,1.0
riz_73e99142bbdf494f15dc93c4d54432e6,151,20241030,697,south,minute_ignition,False,False,1.8159722222222223,20648.75,20571.5,20542.75,-77.25,106.25,114,-87.0,28.75,-77.25,True,b_at_entry,,,,,,,,,,,,,
riz_7bb33049c3500e3258d917bed89ff0c2,221,20241030,745,south,minute_ignition,False,False,1.7347222222222223,20645.0,20561.5,20542.75,-83.5,102.5,161,-92.5,18.75,-84.0,True,b_at_entry,,,,,,,,,,,,,
riz_1fbfc5a05d2540d58a3efa7bd04ae46b,154,20241031,718,south,minute_ignition,False,False,23.6375,20052.5,20031.0,20023.25,-21.5,29.5,6,-23.25,7.75,-21.75,True,b_at_entry,,,,,,,,,,,,,
riz_5645519049adcaa7e18aa3eefa2148a3,124,20241106,880,north,minute_ignition,True,False,118.90625,20878.25,20853.0,20895.5,25.25,17.5,71,22.25,42.5,25.75,True,a_first,0.4093567251461988,0.0,-0.4093567251461988,-17.5,-17.5,-17.5,-17.5,-17.5,-17.5,17.5,17.5,17.5,23.0
riz_da24ffbfd22e3eda5e452521eaf9c127,231,20241108,795,north,minute_ignition,True,False,0.4861111111111111,21231.0,21202.5,21236.5,28.5,5.75,224,14.5,34.0,28.75,True,a_first,0.1678832116788321,0.0,-0.1678832116788321,-5.75,-5.75,-5.75,-5.75,-5.75,-5.75,5.75,5.75,5.75,16.0
riz_2658ac217763cb3a3499e773b639de28,240,20241113,840,north,minute_ignition,False,False,2.497916666666667,21257.75,21265.75,21268.5,-8.0,11.0,3,-10.0,2.75,-8.5,True,b_at_entry,,,,,,,,,,,,,
riz_e878e665c2563615687453dfe5028c70,192,20241115,792,south,minute_ignition,False,False,15.561805555555555,20466.0,20457.5,20446.5,-8.5,19.75,19,-10.25,11.0,-7.75,True,b_at_entry,,,,,,,,,,,,,
riz_6eaf0df41c2d9017bb2d93e575ae98f1,129,20241118,801,north,minute_ignition,False,False,11.929166666666667,20653.5,20719.75,20724.25,-66.25,71.0,102,-67.25,4.5,-66.75,True,b_at_entry,,,,,,,,,,,,,
riz_42b3955249671443796e63901e698105,147,20241119,669,north,minute_ignition,False,False,0.4076388888888889,20649.75,20660.25,20668.5,-10.5,19.0,1,-16.25,8.25,-10.5,True,b_at_entry,,,,,,,,,,,,,
riz_90405b1d36df76920bf525faf51e64c1,120,20241119,720,north,minute_ignition,True,False,0.4625,20669.75,20656.5,20700.75,13.25,31.25,54,10.0,44.25,13.0,True,b_first,0.702247191011236,1.0,0.297752808988764,13.25,13.25,13.25,13.25,13.25,13.25,-13.25,-13.25,-13.25,2.0
riz_5ecf977475ff05d3025a629ae39888fb,122,20241119,738,north,minute_ignition,True,False,0.4576388888888889,20676.25,20653.75,20700.75,22.5,24.75,73,20.25,47.0,22.25,True,b_first,0.5238095238095238,1.0,0.47619047619047616,22.5,22.5,22.5,22.5,22.5,22.5,-22.5,-22.5,-22.5,5.0
riz_151dbe79cad84f59a2db30530c344be0,221,20241119,745,north,minute_ignition,True,False,0.4027777777777778,20661.75,20652.5,20700.75,9.25,39.25,83,8.5,48.25,8.75,True,a_first,0.8092783505154639,0.0,-0.8092783505154639,-39.25,-39.25,-39.25,-39.25,-39.25,-39.25,39.25,39.25,39.25,10.0
riz_ed9f8385c66bb5702032361efb64c6b6,222,20241119,750,north,minute_ignition,True,False,0.3951388888888889,20685.25,20646.0,20700.75,39.25,15.75,97,34.75,54.75,39.25,True,a_first,0.2863636363636364,0.0,-0.2863636363636364,-15.75,-15.75,-15.75,-15.75,-15.75,-15.75,15.75,15.75,15.75,5.0
riz_c7373ffa484797044ab80a74b6823cbf,209,20241119,894,north,minute_ignition,False,False,12.95138888888889,20745.0,20753.5,20792.5,-8.5,47.75,70,-13.25,39.0,-9.25,True,b_at_entry,,,,,,,,,,,,,
riz_d189d29cfe63ae58939f90cfb2914cff,210,20241119,900,north,minute_ignition,False,False,12.952777777777778,20739.25,20777.5,20792.5,-38.25,53.5,68,-41.25,15.0,-37.75,True,b_at_entry,,,,,,,,,,,,,
riz_158c16ed92dd66165e9bc1029fa74e5b,212,20241119,912,north,minute_ignition,False,False,12.942361111111111,20745.25,20773.0,20792.5,-27.75,47.5,83,-30.5,19.5,-28.0,True,b_at_entry,,,,,,,,,,,,,
riz_ca201e591ac35bd2b0b87b1bce50e47c,214,20241119,924,north,minute_ignition,False,False,12.9375,20748.75,20787.25,20792.5,-38.5,44.0,90,-42.0,5.25,-38.5,True,b_at_entry,,,,,,,,,,,,,
riz_35906ee7ff958e22b8719f77bde3baa9,160,20241120,600,south,native_confirmation,True,False,1.1111111111111112,20614.0,20623.5,20613.0,9.5,1.25,0,-0.0,10.5,9.5,False,b_first,0.11627906976744186,1.0,0.8837209302325582,9.5,9.5,9.5,9.5,9.5,9.5,-9.5,-9.5,-9.5,1.0
riz_d3a030232e23792806af727f76087871,123,20241120,624,south,minute_ignition,True,False,1.1534722222222222,20501.25,20633.75,20477.0,132.5,24.5,25,125.0,156.75,133.0,True,b_first,0.15605095541401273,1.0,0.8439490445859873,132.5,132.5,132.5,132.5,132.5,132.5,-132.5,-132.5,-132.5,35.0
riz_2e23f4a82a371b7fc2047ac61e167000,143,20241120,641,south,minute_ignition,True,False,1.1569444444444446,20577.5,20658.0,20477.0,80.5,100.75,60,76.0,181.0,79.75,True,b_first,0.5558620689655173,1.0,0.44413793103448274,80.5,80.5,80.5,80.5,80.5,80.5,-80.5,-80.5,-80.5,67.0
riz_fa2a6f290afdc4a260f98476a8bb1cfc,144,20241120,648,south,minute_ignition,True,False,1.1548611111111111,20616.25,20648.25,20477.0,32.0,139.5,65,26.25,171.25,32.5,True,b_first,0.8134110787172012,1.0,0.1865889212827988,32.0,32.0,32.0,32.0,32.0,32.0,-32.0,-32.0,-32.0,59.0
riz_80d1a578f91a75af703ac1d11cab00c2,228,20241120,780,south,minute_ignition,False,False,1.0375,20608.0,20577.75,20477.0,-30.25,131.25,174,-32.5,100.75,-29.5,True,b_at_entry,,,,,,,,,,,,,
riz_768b616dc80746559f66fcb1547f7b83,230,20241120,790,south,minute_ignition,False,False,1.0347222222222223,20610.75,20556.5,20477.0,-54.25,134.0,180,-62.5,79.5,-53.25,True,b_at_entry,,,,,,,,,,,,,
riz_c48eeec79c8f25fcc28d2d5fb5393f24,231,20241120,795,south,minute_ignition,False,False,1.0305555555555554,20616.0,20558.25,20477.0,-57.75,139.25,187,-59.25,81.25,-57.5,True,b_at_entry,,,,,,,,,,,,,
riz_8d1544ef8ce9ad4f2b662b99051e14ff,137,20241202,599,north,minute_ignition,False,False,18.091666666666665,21144.5,21157.5,21170.0,-13.0,25.75,5,-18.5,12.5,-13.75,True,b_at_entry,,,,,,,,,,,,,
riz_c945e9c14807a1dc63e4e342199c1743,120,20241202,600,north,minute_ignition,True,False,18.15972222222222,21152.25,21148.25,21170.0,4.0,18.0,10,2.0,21.75,3.0,True,same_minute,0.8181818181818182,,,,-18.0,4.0,,-18.0,4.0,,-4.0,18.0,1.0
riz_4bcbb89ef0fecb459bb5876a6055f2e4,127,20241213,910,north,minute_ignition,True,False,0.22291666666666668,21805.25,21781.25,21815.75,24.0,10.75,60,21.5,34.5,23.25,True,b_first,0.30935251798561153,1.0,0.6906474820143884,24.0,24.0,24.0,24.0,24.0,24.0,-24.0,-24.0,-24.0,9.0
riz_2b4ee7c627dc873b95dd1672c811adcb,145,20241213,945,north,minute_ignition,True,False,0.24513888888888888,21796.5,21793.25,21824.0,3.25,27.75,82,0.25,30.75,3.0,True,b_first,0.8951612903225806,1.0,0.10483870967741937,3.25,3.25,3.25,3.25,3.25,3.25,-3.25,-3.25,-3.25,7.0
riz_88b00531c1da91dce7b325393c6a566c,145,20241218,945,south,native_confirmation,True,False,8.0,21460.0,21484.75,21449.25,24.75,11.0,0,-0.0,35.5,25.5,False,same_minute,0.3076923076923077,,,,-11.0,24.75,,-11.0,24.75,,-24.75,11.0,1.0
riz_d2621a7db568d5c984b9ddb6edad8331,121,20241223,729,north,minute_ignition,False,False,0.4152777777777778,21692.0,21706.75,21726.5,-14.75,34.75,7,-23.25,19.75,-14.75,True,b_at_entry,,,,,,,,,,,,,
riz_d73bafb6221b8bc76e26f0396ab28216,165,20241223,795,north,minute_ignition,True,False,0.3972222222222222,21719.5,21686.75,21735.0,32.75,15.75,88,27.0,48.25,33.0,True,a_first,0.3247422680412371,0.0,-0.3247422680412371,-15.75,-15.75,-15.75,-15.75,-15.75,-15.75,15.75,15.75,15.75,21.0
riz_e612faf93e409288713bc67d27389427,169,20241223,823,north,minute_ignition,True,False,0.39861111111111114,21749.75,21699.0,21756.25,50.75,6.75,102,50.5,57.25,51.0,True,a_first,0.11739130434782609,0.0,-0.11739130434782609,-6.75,-6.75,-6.75,-6.75,-6.75,-6.75,6.75,6.75,6.75,18.0
riz_0f3b22210e9b7885f8f6f3456b8ec13c,219,20241226,735,north,minute_ignition,True,False,0.6076388888888888,22054.75,22049.5,22057.25,5.25,2.75,1,1.75,7.75,5.5,False,a_first,0.34375,0.0,-0.34375,-2.75,-2.75,-2.75,-2.75,-2.75,-2.75,2.75,2.75,2.75,1.0
riz_3747a70c96519764e064b098c1c078ba,157,20241226,739,north,minute_ignition,True,False,0.5430555555555555,22064.25,22061.5,22076.25,2.75,12.25,3,0.75,14.75,1.25,True,b_first,0.8166666666666667,1.0,0.18333333333333335,2.75,2.75,2.75,2.75,2.75,2.75,-2.75,-2.75,-2.75,2.0
riz_7da592c5968cbfdfc63b3c77f37ebab9,223,20241226,755,north,minute_ignition,False,False,0.4527777777777778,22051.0,22066.25,22076.25,-15.25,25.5,17,-15.5,10.0,-15.0,True,b_at_entry,,,,,,,,,,,,,
riz_72db9e47cbd93a87ebecb98396989b60,187,20241226,762,north,minute_ignition,False,False,0.5006944444444444,22033.5,22053.75,22076.25,-20.25,43.0,27,-21.75,22.5,-20.5,True,b_at_entry,,,,,,,,,,,,,
riz_3df9ddf8ad68f6d1d34c3e389a7cc52d,175,20241231,865,south,minute_ignition,True,False,11.169444444444444,21208.75,21221.0,21186.75,12.25,22.25,106,11.5,34.25,12.5,True,b_first,0.644927536231884,1.0,0.35507246376811596,12.25,12.25,12.25,12.25,12.25,12.25,-12.25,-12.25,-12.25,2.0
riz_23e1254c5c41e27045ecbda180cdf95b,180,20241231,900,south,minute_ignition,False,False,11.150694444444444,21268.25,21233.25,21182.0,-35.0,86.5,143,-41.0,51.25,-35.5,True,b_at_entry,,,,,,,,,,,,,
riz_f7fd4dfcbbdb4b2bb5b9cfcb299a0fac,218,20241231,948,south,minute_ignition,False,False,11.25763888888889,21271.5,21189.5,21182.0,-82.0,89.75,65,-87.0,7.5,-82.5,True,b_at_entry,,,,,,,,,,,,,
riz_dc04d4c5fd6b326021787eec3a4be066,201,20250106,645,north,minute_ignition,True,False,13.090277777777779,21869.5,21765.25,21886.75,104.25,17.5,71,100.75,121.5,104.75,True,a_first,0.1437371663244353,0.0,-0.1437371663244353,-17.5,-17.5,-17.5,-17.5,-17.5,-17.5,17.5,17.5,17.5,2.0
riz_238a25db2fff16c3ddaf4cf7f76a3e18,202,20250106,650,north,minute_ignition,True,False,13.090277777777779,21874.5,21782.25,21892.75,92.25,18.5,72,90.5,110.5,91.5,True,a_first,0.1670428893905192,0.0,-0.1670428893905192,-18.5,-18.5,-18.5,-18.5,-18.5,-18.5,18.5,18.5,18.5,21.0
riz_6b9b1b8db9c1a389450e4a9478c67881,203,20250106,655,north,minute_ignition,True,False,13.089583333333334,21878.0,21785.75,21892.75,92.25,15.0,74,81.5,107.0,92.5,True,a_first,0.13986013986013987,0.0,-0.13986013986013987,-15.0,-15.0,-15.0,-15.0,-15.0,-15.0,15.0,15.0,15.0,16.0
riz_c6d8e11a75134adf94ab914ebec5b9ac,134,20250106,712,north,minute_ignition,True,False,12.919444444444444,21864.25,21835.25,21896.75,29.0,32.75,116,25.5,61.5,29.0,True,b_first,0.5303643724696356,1.0,0.46963562753036436,29.0,29.0,29.0,29.0,29.0,29.0,-29.0,-29.0,-29.0,9.0
riz_0110a7139c8d6042c9449398209a4465,156,20250106,732,north,minute_ignition,True,False,12.899305555555555,21853.75,21814.75,21896.75,39.0,43.25,145,29.0,82.0,38.25,True,b_first,0.5258358662613982,1.0,0.4741641337386018,39.0,39.0,39.0,39.0,39.0,39.0,-39.0,-39.0,-39.0,21.0
riz_aaeaf78b6c6c0dd269b1c6cd786cf876,187,20250106,762,north,minute_ignition,False,False,12.877777777777778,21788.75,21811.75,21896.75,-23.0,108.25,176,-25.75,85.0,-23.25,True,b_at_entry,,,,,,,,,,,,,
riz_a6b137cbc457b543fdb6b52b1e93f66c,163,20250107,618,south,minute_ignition,True,False,7.993055555555555,21535.0,21594.5,21531.5,59.5,3.75,10,53.5,63.0,59.25,True,a_first,0.05928853754940711,0.0,-0.05928853754940711,-3.75,-3.75,-3.75,-3.75,-3.75,-3.75,3.75,3.75,3.75,1.0
riz_2efeba59768e5d1910fc2b72a1e98a6c,201,20250107,645,south,minute_ignition,True,False,7.836111111111111,21454.25,21571.0,21420.5,116.75,34.0,35,113.25,150.5,116.0,True,a_first,0.22553897180762852,0.0,-0.22553897180762852,-34.0,-34.0,-34.0,-34.0,-34.0,-34.0,34.0,34.0,34.0,3.0
riz_808afee9dc9ef4cf713c827a47ebe5e6,214,20250107,924,south,minute_ignition,True,False,4.997916666666667,21344.0,21357.5,21329.5,13.5,14.75,3,7.5,28.0,13.75,False,a_first,0.5221238938053098,0.0,-0.5221238938053098,-14.75,-14.75,-14.75,-14.75,-14.75,-14.75,14.75,14.75,14.75,4.0
riz_c23be8a23bcdaef9ee9cad525e2012b3,215,20250107,930,south,minute_ignition,True,False,4.995138888888889,21327.25,21342.5,21324.75,15.25,2.75,7,8.0,17.75,15.5,True,a_first,0.1527777777777778,0.0,-0.1527777777777778,-2.75,-2.75,-2.75,-2.75,-2.75,-2.75,2.75,2.75,2.75,2.0
riz_0dd6c6307c82f964af3ad936ed505f00,218,20250107,948,south,minute_ignition,False,False,4.991666666666666,21342.75,21289.0,21279.5,-53.75,63.5,12,-56.5,9.5,-53.0,True,b_at_entry,,,,,,,,,,,,,
riz_e8f2fb6e6be346ada51e4deba2a3091f,219,20250107,954,south,minute_ignition,False,False,4.983333333333333,21361.75,21329.75,21279.5,-32.0,82.5,24,-34.75,50.25,-32.0,True,b_at_entry,,,,,,,,,,,,,
riz_9bd2d39397c43eeb6fbb0c0a51411ff8,138,20250110,606,south,minute_ignition,True,False,39.47638888888889,20948.5,20974.5,20929.5,26.0,19.25,4,12.0,45.0,24.75,False,a_first,0.425414364640884,0.0,-0.425414364640884,-19.25,-19.25,-19.25,-19.25,-19.25,-19.25,19.25,19.25,19.25,1.0
riz_d99be904196aca28b9282b25680e79a1,147,20250114,669,south,minute_ignition,True,False,1.4034722222222222,20914.0,20929.75,20875.75,15.75,38.5,7,14.75,54.0,16.0,True,b_first,0.7096774193548387,1.0,0.29032258064516125,15.75,15.75,15.75,15.75,15.75,15.75,-15.75,-15.75,-15.75,14.0
riz_2e0ee76235dbc6b603213ab7c4035a10,122,20250114,738,south,minute_ignition,True,False,1.4541666666666666,20866.75,20937.0,20808.25,70.25,58.75,78,69.75,128.75,70.5,True,a_first,0.45542635658914726,0.0,-0.45542635658914726,-58.75,-58.75,-58.75,-58.75,-58.75,-58.75,58.75,58.75,58.75,17.0
riz_547d85b8bd747719fa1c5586ccd6cbe5,228,20250122,780,north,minute_ignition,True,False,26.709722222222222,22057.25,21980.0,22093.5,77.25,36.5,190,70.5,113.5,77.25,True,censored_horizon,0.3208791208791209,,,17.0,17.0,17.0,17.0,17.0,17.0,-17.0,-17.0,-17.0,120.0
riz_87d51f483366051ff40343a8c2a9a90e,134,20250127,578,north,minute_ignition,False,False,10.46111111111111,21237.25,21244.75,21270.5,-7.5,33.5,6,-15.75,25.75,-7.75,True,b_at_entry,,,,,,,,,,,,,
riz_1db666c355af82db5b977753f67dfa3e,137,20250127,599,north,minute_ignition,True,False,10.0875,21333.25,21306.75,21341.0,26.5,8.0,11,24.0,34.25,25.75,True,b_first,0.2318840579710145,1.0,0.7681159420289855,26.5,26.5,26.5,26.5,26.5,26.5,-26.5,-26.5,-26.5,3.0
riz_36468154bb33580470676fceb387fcdd,196,20250127,620,north,minute_ignition,False,False,9.98125,21235.75,21313.25,21341.0,-77.5,105.5,27,-82.25,27.75,-77.75,True,b_at_entry,,,,,,,,,,,,,
riz_a5cf30319f54a08b19c00fbda74e9960,197,20250127,625,north,minute_ignition,False,False,9.981944444444444,21314.0,21324.5,21341.0,-10.5,27.25,26,-18.5,16.5,-10.5,True,b_at_entry,,,,,,,,,,,,,
riz_98530e4712f3015522206e9750622557,143,20250127,641,north,minute_ignition,True,False,10.090972222222222,21401.25,21337.25,21411.0,64.0,10.0,12,49.75,73.75,63.25,False,a_first,0.13513513513513514,0.0,-0.13513513513513514,-10.0,-10.0,-10.0,-10.0,-10.0,-10.0,10.0,10.0,10.0,2.0
riz_2d56f982b4e6281ba298266560e54bcd,211,20250127,695,north,minute_ignition,False,False,9.95486111111111,21213.75,21365.5,21418.5,-151.75,205.0,65,-154.0,53.0,-151.75,True,b_at_entry,,,,,,,,,,,,,
riz_2b6717596654a435ff1f925b58c19034,141,20250127,768,north,minute_ignition,False,False,10.002777777777778,21193.0,21370.0,21418.5,-177.0,225.75,137,-181.25,48.5,-177.0,True,b_at_entry,,,,,,,,,,,,,
riz_585ec0e011ddce2ef2357bf8851badaa,166,20250129,636,south,minute_ignition,False,False,2.313888888888889,21520.5,21506.75,21480.5,-13.75,40.25,46,-17.5,26.25,-13.25,True,b_at_entry,,,,,,,,,,,,,
riz_03d0d55db45c0de84e52609a07fd52bd,126,20250129,648,south,minute_ignition,True,False,2.3472222222222223,21470.0,21484.75,21456.0,14.75,14.25,4,0.5,28.75,15.0,True,b_first,0.49137931034482757,1.0,0.5086206896551724,14.75,14.75,14.75,14.75,14.75,14.75,-14.75,-14.75,-14.75,1.0
riz_e0dc080dfd797685871c30090d6545c3,191,20250129,786,south,minute_ignition,True,False,2.301388888888889,21403.75,21469.75,21367.0,66.0,37.0,139,58.75,102.75,65.0,True,b_first,0.3592233009708738,1.0,0.6407766990291262,66.0,66.0,66.0,66.0,66.0,66.0,-66.0,-66.0,-66.0,5.0
riz_a2fd40e4daad7fc8aa38d5f7bc3d211f,195,20250129,810,south,minute_ignition,False,False,2.3868055555555556,21493.5,21442.5,21367.0,-51.0,126.75,28,-62.5,75.5,-50.0,True,b_at_entry,,,,,,,,,,,,,
riz_9fc878600d231882f5a2419dbe105579,171,20250130,666,south,minute_ignition,True,False,0.7291666666666666,21478.5,21548.25,21434.75,69.75,44.0,36,52.5,113.5,69.25,True,a_first,0.3868131868131868,0.0,-0.3868131868131868,-44.0,-44.0,-44.0,-44.0,-44.0,-44.0,44.0,44.0,44.0,9.0
riz_e2ca4c8dcc91afc800870df726fcdc77,161,20250131,767,north,minute_ignition,False,False,7.7965277777777775,21913.0,21923.0,21966.0,-10.0,53.25,132,-13.5,43.0,-9.25,True,b_at_entry,,,,,,,,,,,,,
riz_87ac69db4b34abd95f833c717073652c,227,20250131,775,north,minute_ignition,False,False,7.746527777777778,21924.0,21932.75,21966.0,-8.75,42.25,138,-9.25,33.25,-8.75,True,b_at_entry,,,,,,,,,,,,,
riz_43f68a725403092d6fe50b7e419ec849,137,20250204,599,north,minute_ignition,True,False,0.7041666666666667,21572.25,21544.5,21575.5,27.75,3.5,5,27.75,31.0,28.25,True,a_first,0.112,0.0,-0.112,-3.5,-3.5,-3.5,-3.5,-3.5,-3.5,3.5,3.5,3.5,1.0
riz_d2869309c4a65ed43421e616ce2983ae,120,20250204,600,north,minute_ignition,True,False,0.5784722222222223,21561.0,21536.5,21575.75,24.5,15.0,7,20.25,39.25,23.25,False,a_first,0.379746835443038,0.0,-0.379746835443038,-15.0,-15.0,-15.0,-15.0,-15.0,-15.0,15.0,15.0,15.0,1.0
riz_3709bee819da1fdf5f70aa9168c783b4,153,20250204,711,north,minute_ignition,True,False,0.7055555555555556,21641.5,21551.0,21694.0,90.5,52.75,115,88.25,143.0,90.5,True,b_first,0.3682373472949389,1.0,0.631762652705061,90.5,90.5,90.5,90.5,90.5,90.5,-90.5,-90.5,-90.5,41.0
riz_209864b744250b4ce99adcc0c7bfe361,183,20250205,738,north,minute_ignition,False,False,5.496527777777778,21714.25,21722.0,21742.5,-7.75,28.5,17,-10.5,20.5,-8.0,True,b_at_entry,,,,,,,,,,,,,
riz_1c1dbc67c260efa5d49e1224e44f931a,237,20250211,825,north,minute_ignition,True,False,0.7263888888888889,21821.5,21821.25,21871.5,0.25,50.25,199,0.25,50.25,0.75,True,b_first,0.995049504950495,1.0,0.004950495049504955,0.25,0.25,0.25,0.25,0.25,0.25,-0.25,-0.25,-0.25,1.0
riz_42d8790274111326bfce5c511edd1890,138,20250213,606,north,minute_ignition,True,False,0.45555555555555555,21932.75,21894.75,21964.5,38.0,32.0,34,33.0,69.75,38.25,True,b_first,0.45714285714285713,1.0,0.5428571428571429,38.0,38.0,38.0,38.0,38.0,38.0,-38.0,-38.0,-38.0,2.0
riz_2bd04c479128f32659737ab3c74b9ff7,135,20250214,855,north,native_confirmation,True,False,60.09375,22204.5,22203.0,22205.0,1.5,0.75,0,0.0,2.0,1.0,False,same_minute,0.3333333333333333,,,,-0.75,1.5,,-0.75,1.5,,-1.5,0.75,1.0
riz_4569240e4496ff8b717c456954fdf46f,191,20250221,786,south,minute_ignition,True,False,8.259027777777778,21827.75,21859.0,21817.75,31.25,10.25,9,25.75,41.25,32.25,False,a_first,0.2469879518072289,0.0,-0.2469879518072289,-10.25,-10.25,-10.25,-10.25,-10.25,-10.25,10.25,10.25,10.25,2.0
riz_26774779f7e3b7763c11a913a7b7b6cf,165,20250221,795,south,minute_ignition,True,False,8.221527777777778,21812.0,21828.0,21783.5,16.0,28.75,11,15.75,44.5,16.0,True,b_first,0.6424581005586593,1.0,0.35754189944134074,16.0,16.0,16.0,16.0,16.0,16.0,-16.0,-16.0,-16.0,1.0
riz_b719a3ba3ce6d87d73a7fd2d967397c0,174,20250221,858,south,minute_ignition,True,False,8.302083333333334,21759.75,21868.0,21744.0,108.25,16.0,87,107.5,124.0,108.25,True,a_first,0.12877263581488935,0.0,-0.12877263581488935,-16.0,-16.0,-16.0,-16.0,-16.0,-16.0,16.0,16.0,16.0,2.0
riz_e76364a73f5edad3b86dd0683acda619,211,20250221,906,south,minute_ignition,True,False,8.210416666666667,21692.25,21826.25,21667.25,134.0,25.25,119,130.5,159.0,134.5,True,a_first,0.15855572998430142,0.0,-0.15855572998430142,-25.25,-25.25,-25.25,-25.25,-25.25,-25.25,25.25,25.25,25.25,40.0
riz_c3fe4aef7d4db98a32bf48e241e2381b,216,20250221,936,south,minute_ignition,True,False,8.19375,21696.25,21833.25,21667.25,137.0,29.25,153,136.25,166.0,137.25,True,a_first,0.17593984962406015,0.0,-0.17593984962406015,-29.25,-29.25,-29.25,-29.25,-29.25,-29.25,29.25,29.25,29.25,10.0
riz_9c89e8c1568f06cebf0f5cf51f0cc850,161,20250224,606,south,native_confirmation,True,False,18.888194444444444,21479.0,21492.0,21476.0,13.0,3.25,0,-0.0,16.0,13.0,False,a_first,0.2,0.0,-0.2,-3.25,-3.25,-3.25,-3.25,-3.25,-3.25,3.25,3.25,3.25,1.0
riz_e49073b70e504989fda007168c12e347,195,20250224,615,south,minute_ignition,False,False,18.85763888888889,21570.75,21494.0,21436.25,-76.75,134.75,10,-78.0,57.75,-77.25,True,b_at_entry,,,,,,,,,,,,,
riz_0cd59e7f8d755c1e9575f368940bd988,136,20250224,728,south,minute_ignition,False,False,18.913888888888888,21603.75,21500.0,21436.25,-103.75,167.75,124,-104.0,63.75,-103.5,True,b_at_entry,,,,,,,,,,,,,
riz_88087574c1ff96530ca7afb3a75de807,137,20250227,599,south,minute_ignition,True,False,0.4652777777777778,21035.25,21216.0,20996.0,180.75,39.5,15,169.75,220.0,181.25,True,a_first,0.1793416572077185,0.0,-0.1793416572077185,-39.5,-39.5,-39.5,-39.5,-39.5,-39.5,39.5,39.5,39.5,2.0
riz_b988f5f03fc5f8f0be27b606c1f83cda,197,20250227,625,south,minute_ignition,True,False,0.38125,21117.5,21235.75,20896.25,118.25,221.5,42,105.25,339.5,119.0,False,censored_horizon,0.6519499632082414,,,-110.25,-110.25,-110.25,-110.25,-110.25,-110.25,110.25,110.25,110.25,120.0
riz_4814fbe4949baf2165ba01f92e85acb6,128,20250311,664,south,minute_ignition,True,False,0.5069444444444444,19330.0,19361.25,19264.5,31.25,65.75,38,23.25,96.75,31.0,True,b_first,0.6778350515463918,1.0,0.3221649484536082,31.25,31.25,31.25,31.25,31.25,31.25,-31.25,-31.25,-31.25,2.0
riz_b4343cbad3236095f1298fb894300ce2,137,20250319,599,north,minute_ignition,True,False,2.092361111111111,19828.25,19819.0,19844.75,9.25,16.75,4,-5.5,25.75,7.75,False,b_first,0.6442307692307693,1.0,0.3557692307692307,9.25,9.25,9.25,9.25,9.25,9.25,-9.25,-9.25,-9.25,1.0
riz_18d181b35625416a0ceed888232ed36a,124,20250319,632,south,minute_ignition,False,False,0.22430555555555556,19847.75,19744.0,19706.25,-103.75,141.75,49,-127.75,37.75,-103.25,True,b_at_entry,,,,,,,,,,,,,
riz_3efd37e3a7b6eced1bfcbd079171630e,211,20250319,695,north,minute_ignition,True,False,1.9319444444444445,19883.75,19833.0,19900.75,50.75,17.25,98,43.25,67.75,50.75,True,a_first,0.2536764705882353,0.0,-0.2536764705882353,-17.25,-17.25,-17.25,-17.25,-17.25,-17.25,17.25,17.25,17.25,8.0
riz_338cd14e5c6d18ccdfe0a20364357dec,121,20250320,608,north,native_confirmation,True,False,0.5041666666666667,20016.25,20011.5,20021.75,4.75,5.75,0,0.0,10.25,3.25,False,b_first,0.5476190476190477,1.0,0.45238095238095233,4.75,4.75,4.75,4.75,4.75,4.75,-4.75,-4.75,-4.75,1.0
riz_be1fbacb95d8e922dbda8536d9db79dc,121,20250320,608,north,minute_ignition,True,False,0.7090277777777778,20016.25,19940.25,20021.75,76.0,5.75,7,36.5,81.5,74.5,False,a_first,0.07033639143730887,0.0,-0.07033639143730887,-5.75,-5.75,-5.75,-5.75,-5.75,-5.75,5.75,5.75,5.75,2.0
riz_8fd3a860af28857644640ff3662bfe79,166,20250320,636,north,minute_ignition,False,False,0.33958333333333335,20042.75,20067.0,20086.75,-24.25,44.25,9,-37.5,19.75,-24.0,True,b_at_entry,,,,,,,,,,,,,
riz_6816941437808dc793be106d7af10904,125,20250320,640,north,minute_ignition,True,False,0.5055555555555555,20060.5,20025.5,20086.75,35.0,26.5,22,30.0,61.25,34.75,True,a_first,0.43089430894308944,0.0,-0.43089430894308944,-26.5,-26.5,-26.5,-26.5,-26.5,-26.5,26.5,26.5,26.5,3.0
riz_55435078041bc677a6a079dd4c0199ed,136,20250320,728,north,minute_ignition,False,False,0.4895833333333333,19972.5,20017.5,20105.0,-45.0,132.75,111,-49.25,87.5,-44.5,True,b_at_entry,,,,,,,,,,,,,
riz_e409adb422e73c17f8d3f0f8a57480c2,192,20250326,792,south,minute_ignition,True,False,18.747916666666665,20141.75,20193.0,20124.75,51.25,17.25,75,42.5,68.25,51.25,True,a_first,0.2518248175182482,0.0,-0.2518248175182482,-17.25,-17.25,-17.25,-17.25,-17.25,-17.25,17.25,17.25,17.25,6.0
riz_1e2968f18e5b981113a13a0b54be854b,194,20250326,804,south,minute_ignition,True,False,18.752083333333335,20127.0,20181.5,20114.0,54.5,13.25,81,50.0,67.5,54.5,True,a_first,0.19557195571955718,0.0,-0.19557195571955718,-13.25,-13.25,-13.25,-13.25,-13.25,-13.25,13.25,13.25,13.25,5.0
riz_acd4592140f74d08f3da093704b1256e,146,20250327,662,north,minute_ignition,False,False,3.0972222222222223,20182.0,20187.75,20199.5,-5.75,17.75,6,-12.5,11.75,-5.75,True,b_at_entry,,,,,,,,,,,,,
riz_a18bbaa0d1be917d171e366184774ade,142,20250327,776,north,minute_ignition,False,False,3.1131944444444444,20028.0,20183.25,20199.5,-155.25,171.75,121,-157.0,16.25,-154.75,True,b_at_entry,,,,,,,,,,,,,
riz_5a7a012e7e871855fd2eadb329e29de2,127,20250401,783,north,minute_ignition,True,False,17.920833333333334,19575.0,19544.5,19644.0,30.5,69.25,114,24.25,99.5,31.25,True,b_first,0.6942355889724311,1.0,0.3057644110275689,30.5,30.5,30.5,30.5,30.5,30.5,-30.5,-30.5,-30.5,4.0
riz_21d36e4fa131dfed080d05565826a859,126,20250402,774,north,minute_ignition,False,False,11.909722222222221,19801.0,19801.25,19829.0,-0.25,28.25,4,-13.5,27.75,-0.75,True,b_at_entry,,,,,,,,,,,,,
riz_092981a1dae01e476a196c94a535e41b,145,20250402,800,north,minute_ignition,True,False,11.88888888888889,19866.0,19827.25,19890.25,38.75,24.5,15,30.0,63.0,38.75,False,b_first,0.38735177865612647,1.0,0.6126482213438735,38.75,38.75,38.75,38.75,38.75,38.75,-38.75,-38.75,-38.75,11.0
riz_bf8e8a95a2c973abcc350b5bf4dbefc1,182,20250402,914,north,minute_ignition,False,False,11.83611111111111,19657.75,19824.5,19890.25,-166.75,232.75,130,-167.75,65.75,-165.25,True,b_at_entry,,,,,,,,,,,,,
riz_50b4d7a911e59830c6ef93f5f4e6505e,216,20250402,936,north,minute_ignition,False,False,11.838194444444444,19746.5,19840.5,19890.25,-94.0,144.0,149,-95.5,49.75,-94.0,True,b_at_entry,,,,,,,,,,,,,
riz_4cc05cdc80ae1a860f9dec16389aa7ce,129,20250409,801,north,minute_ignition,True,False,1.0888888888888888,18100.0,17988.75,18115.75,111.25,16.0,1,70.25,127.0,73.25,True,a_first,0.12573673870333987,0.0,-0.12573673870333987,-16.0,-16.0,-16.0,-16.0,-16.0,-16.0,16.0,16.0,16.0,1.0
riz_7123e129df7f50bcf0368ead38455069,130,20250409,810,north,minute_ignition,True,False,1.0840277777777778,18399.25,17998.0,18785.5,401.25,386.5,9,338.0,787.5,402.0,True,a_first,0.4906378927324659,0.0,-0.4906378927324659,-386.5,-386.5,-386.5,-386.5,-386.5,-386.5,386.5,386.5,386.5,6.0
riz_44115429b40adece0a3a297511db811a,152,20250409,856,north,minute_ignition,True,False,1.0680555555555555,18829.75,18083.75,19004.5,746.0,175.0,54,628.75,920.75,750.0,True,a_first,0.19001085776330076,0.0,-0.19001085776330076,-175.0,-175.0,-175.0,-175.0,-175.0,-175.0,175.0,175.0,175.0,9.0
riz_72ed8234e9f5ef7b110954caf5cd3078,123,20250409,870,north,minute_ignition,True,False,212.63888888888889,19040.0,18443.5,19112.25,596.5,72.5,64,494.5,668.75,597.25,True,a_first,0.10837070254110613,0.0,-0.10837070254110613,-72.5,-72.5,-72.5,-72.5,-72.5,-72.5,72.5,72.5,72.5,51.0
riz_02f47df6d83206779606df9eb8f2115d,184,20250410,744,south,minute_ignition,True,False,6.102777777777778,18014.5,18401.25,17948.5,386.75,66.25,36,376.75,452.75,387.0,True,a_first,0.14624724061810154,0.0,-0.14624724061810154,-66.25,-66.25,-66.25,-66.25,-66.25,-66.25,66.25,66.25,66.25,4.0
riz_c3a11476314dd0cadee888b711e411fc,123,20250410,747,south,minute_ignition,True,False,6.145138888888889,18025.0,18372.0,17948.5,347.0,76.75,37,347.25,423.5,348.5,True,a_first,0.18112094395280237,0.0,-0.18112094395280237,-76.75,-76.75,-76.75,-76.75,-76.75,-76.75,76.75,76.75,76.75,1.0
riz_69340f7182037f48bbae1650b6dab98f,124,20250422,880,south,minute_ignition,False,False,1.46875,18346.0,18256.75,18211.25,-89.25,135.0,69,-96.25,45.5,-89.25,True,b_at_entry,,,,,,,,,,,,,
riz_08f308a36e223dad48de9f8c54a21c22,122,20250425,860,north,minute_ignition,False,False,23.04722222222222,19472.0,19534.0,19554.25,-62.0,82.5,54,-65.0,20.25,-61.75,True,b_at_entry,,,,,,,,,,,,,
riz_6e0d8ff065823a3300ad66da1dc3a207,217,20250428,725,south,minute_ignition,True,False,0.3659722222222222,19321.0,19452.25,19311.75,131.25,9.5,124,126.0,140.5,132.0,True,a_first,0.0674955595026643,0.0,-0.0674955595026643,-9.5,-9.5,-9.5,-9.5,-9.5,-9.5,9.5,9.5,9.5,1.0
riz_a0b83e12a061432c1079aeab2b81ce12,157,20250428,739,south,minute_ignition,True,False,3.0701388888888888,19312.75,19363.75,19277.25,51.0,35.75,56,46.0,86.5,51.5,True,a_first,0.41210374639769454,0.0,-0.41210374639769454,-35.75,-35.75,-35.75,-35.75,-35.75,-35.75,35.75,35.75,35.75,9.0
riz_96db3784148602188466aca69545dc0d,152,20250430,856,north,minute_ignition,True,False,0.31319444444444444,19543.5,19543.5,19582.0,0.0,38.75,5,-1.0,38.5,1.0,True,b_at_entry,,,,,,,,,,,,,
riz_3c3f8069ffdd38ce31b71f544b216cc8,122,20250430,860,north,minute_ignition,False,False,0.41805555555555557,19541.25,19545.5,19582.0,-4.25,41.0,8,-5.0,36.5,-4.25,True,b_at_entry,,,,,,,,,,,,,
riz_a538ded83c61c7e393589a1356ff2607,187,20250430,949,north,minute_ignition,True,False,0.38819444444444445,19581.25,19557.75,19583.75,23.5,2.75,2,22.5,26.0,24.25,True,a_first,0.10476190476190476,0.0,-0.10476190476190476,-2.75,-2.75,-2.75,-2.75,-2.75,-2.75,2.75,2.75,2.75,1.0
riz_8dfe9f1a30702534edc71cba565e3376,146,20250430,954,north,minute_ignition,True,False,0.40208333333333335,19644.0,19578.5,19679.25,65.5,35.5,5,62.5,100.75,66.0,True,a_first,0.35148514851485146,0.0,-0.35148514851485146,-35.5,-35.5,-35.5,-35.5,-35.5,-35.5,35.5,35.5,35.5,2.0
riz_6dc19dba6a34a9181fbf363656af1b2e,121,20250502,729,north,minute_ignition,True,False,39.079861111111114,20234.25,20229.25,20259.0,5.0,25.0,6,-7.25,29.75,4.5,True,b_first,0.8333333333333334,1.0,0.16666666666666663,5.0,5.0,5.0,5.0,5.0,5.0,-5.0,-5.0,-5.0,1.0
riz_813b5289074beec4856e30ce6824063e,157,20250502,739,north,minute_ignition,True,False,38.990972222222226,20247.0,20247.0,20259.0,0.0,12.25,13,-3.25,12.0,0.5,True,b_at_entry,,,,,,,,,,,,,
riz_da777fcd282189a81e7b7c686ec610d3,120,20250502,840,north,minute_ignition,False,False,39.09791666666667,20225.5,20253.75,20266.0,-28.25,40.75,99,-28.75,12.25,-27.75,True,b_at_entry,,,,,,,,,,,,,
riz_76dad4584a5857dfc8b30c19ca5e0c17,128,20250508,792,north,minute_ignition,True,False,0.20277777777777778,20303.5,20208.0,20337.25,95.5,34.0,92,85.0,129.25,94.25,False,censored_horizon,0.2625482625482625,,,26.5,26.5,26.5,26.5,26.5,26.5,-26.5,-26.5,-26.5,120.0
riz_9590482c8d4d62ebfce297307393b89f,130,20250508,810,north,minute_ignition,True,False,0.1951388888888889,20301.75,20221.25,20337.25,80.5,35.75,109,62.75,116.0,79.5,False,censored_horizon,0.30752688172043013,,,-19.0,-19.0,-19.0,-19.0,-19.0,-19.0,19.0,19.0,19.0,120.0
riz_ad9efc7dc5665008d09fec0adbe88554,156,20250512,732,south,minute_ignition,False,False,69.68680555555555,20798.25,20751.0,20690.0,-47.25,108.5,103,-60.25,61.0,-48.25,True,b_at_entry,,,,,,,,,,,,,
riz_08163d50a83363807443a262706086a5,139,20250512,891,north,minute_ignition,True,False,0.2152777777777778,20912.0,20882.5,20943.5,29.5,31.75,107,28.75,61.0,29.75,True,b_first,0.5183673469387755,1.0,0.4816326530612245,29.5,29.5,29.5,29.5,29.5,29.5,-29.5,-29.5,-29.5,10.0
riz_60a1a24e1f1611c5e93df8b2bfa7777e,140,20250512,900,north,minute_ignition,False,False,0.21388888888888888,20896.0,20902.5,20943.5,-6.5,47.75,112,-14.5,41.0,-6.0,True,b_at_entry,,,,,,,,,,,,,
riz_c28b05e43bfcdcab4e54ad0e9f49ca85,127,20250513,656,north,native_confirmation,True,False,75.22291666666666,21253.75,21250.0,21256.0,3.75,2.5,0,0.0,6.0,3.5,False,b_first,0.4,1.0,0.6,3.75,3.75,3.75,3.75,3.75,3.75,-3.75,-3.75,-3.75,1.0
riz_775556329bc500e03b09db25f0d3daba,128,20250513,664,north,minute_ignition,True,False,75.28194444444445,21250.25,21222.25,21260.0,28.0,10.0,46,12.75,37.75,27.25,True,a_first,0.2631578947368421,0.0,-0.2631578947368421,-10.0,-10.0,-10.0,-10.0,-10.0,-10.0,10.0,10.0,10.0,9.0
riz_fd5b5ca2b9bfc3dd991b39324709b36a,134,20250513,712,north,minute_ignition,True,False,75.29027777777777,21280.0,21245.5,21304.75,34.5,25.0,58,29.75,59.25,34.0,True,a_first,0.42016806722689076,0.0,-0.42016806722689076,-25.0,-25.0,-25.0,-25.0,-25.0,-25.0,25.0,25.0,25.0,34.0
riz_6584f446576223002b5de58ee98934d6,120,20250513,720,north,minute_ignition,True,False,75.26875,21284.0,21281.5,21304.75,2.5,21.0,33,-7.25,23.25,2.5,True,b_first,0.8936170212765957,1.0,0.1063829787234043,2.5,2.5,2.5,2.5,2.5,2.5,-2.5,-2.5,-2.5,1.0
riz_e15f9f670387182c9c817ce83c522f77,182,20250513,732,north,minute_ignition,False,False,75.175,21266.5,21268.25,21304.75,-1.75,38.5,52,-6.5,36.5,-2.25,True,b_at_entry,,,,,,,,,,,,,
riz_b90accaa03491b81b0cb85b80a68e81c,158,20250513,746,north,minute_ignition,True,False,75.24583333333334,21302.75,21277.75,21307.5,25.0,5.0,60,21.75,29.75,24.0,True,a_first,0.16666666666666666,0.0,-0.16666666666666666,-5.0,-5.0,-5.0,-5.0,-5.0,-5.0,5.0,5.0,5.0,4.0
riz_88c74429b0b8daec46a0cfee5da974a5,124,20250513,756,north,native_confirmation,True,False,75.21666666666667,21317.5,21307.75,21327.5,9.75,10.25,0,0.0,19.75,9.75,False,a_first,0.5125,0.0,-0.5125,-10.25,-10.25,-10.25,-10.25,-10.25,-10.25,10.25,10.25,10.25,10.0
riz_e1de76bf030efae30389ea28d2abd7ee,186,20250513,756,north,minute_ignition,True,False,75.1625,21317.5,21258.25,21327.5,59.25,10.25,78,59.0,69.25,59.25,True,a_first,0.1474820143884892,0.0,-0.1474820143884892,-10.25,-10.25,-10.25,-10.25,-10.25,-10.25,10.25,10.25,10.25,10.0
riz_08e77316ab67cec6d757590283bbbe9a,161,20250513,767,north,minute_ignition,True,False,75.18125,21324.5,21322.75,21327.75,1.75,3.5,1,-1.5,5.0,1.75,False,a_first,0.6666666666666666,0.0,-0.6666666666666666,-3.5,-3.5,-3.5,-3.5,-3.5,-3.5,3.5,3.5,3.5,1.0
riz_bc78432337c1b08d232f4e08e5c1a166,144,20250513,792,north,minute_ignition,True,False,75.22638888888889,21305.75,21299.5,21338.5,6.25,33.0,46,4.0,39.0,6.25,True,a_first,0.8407643312101911,0.0,-0.8407643312101911,-33.0,-33.0,-33.0,-33.0,-33.0,-33.0,33.0,33.0,33.0,21.0
riz_fe0e9240f0d0b679ff11d55becbd9622,193,20250513,798,north,minute_ignition,True,False,75.15069444444444,21323.5,21291.75,21338.5,31.75,15.25,109,31.75,46.75,32.25,True,a_first,0.324468085106383,0.0,-0.324468085106383,-15.25,-15.25,-15.25,-15.25,-15.25,-15.25,15.25,15.25,15.25,15.0
riz_745332351db0d0de4bae53d068365212,146,20250513,808,north,minute_ignition,True,False,75.22152777777778,21318.5,21304.5,21338.5,14.0,20.25,59,13.75,34.0,14.0,True,a_first,0.5912408759124088,0.0,-0.5912408759124088,-20.25,-20.25,-20.25,-20.25,-20.25,-20.25,20.25,20.25,20.25,5.0
riz_ebbb9bebf5951539e767e0e2f01c6618,129,20250515,930,south,minute_ignition,True,False,0.44513888888888886,21320.0,21351.25,21303.75,31.25,16.5,4,9.75,47.5,31.0,False,b_first,0.34554973821989526,1.0,0.6544502617801047,31.25,31.25,31.25,31.25,31.25,31.25,-31.25,-31.25,-31.25,2.0
riz_8ab7995bebf1ae687db9f391db3bac36,130,20250515,940,south,minute_ignition,True,False,0.44027777777777777,21348.25,21357.75,21303.75,9.5,44.75,16,8.0,54.0,9.25,True,b_first,0.8248847926267281,1.0,0.1751152073732719,9.5,9.5,9.5,9.5,9.5,9.5,-9.5,-9.5,-9.5,1.0
riz_5122c06a59894df8d560f23a00028739,228,20250521,780,north,minute_ignition,True,False,1.7569444444444444,21515.25,21507.25,21558.5,8.0,43.5,110,1.25,51.25,8.0,True,b_first,0.8446601941747572,1.0,0.15533980582524276,8.0,8.0,8.0,8.0,8.0,8.0,-8.0,-8.0,-8.0,3.0
riz_103a77aab1c0f790c6504372380158c7,135,20250521,855,south,minute_ignition,True,False,0.3375,21233.5,21348.75,21159.5,115.25,74.25,54,85.25,189.25,114.0,False,a_first,0.391820580474934,0.0,-0.391820580474934,-74.25,-74.25,-74.25,-74.25,-74.25,-74.25,74.25,74.25,74.25,52.0
riz_ed25109ac25d5ba08e7ff6f0ce74a081,127,20250521,910,south,minute_ignition,True,False,0.45208333333333334,21113.0,21384.5,21111.0,271.5,2.25,111,245.0,273.5,270.75,False,a_first,0.00821917808219178,0.0,-0.00821917808219178,-2.25,-2.25,-2.25,-2.25,-2.25,-2.25,2.25,2.25,2.25,1.0
riz_b449ca785d1e42a8aa088645e99053ec,156,20250527,576,south,minute_ignition,True,False,0.4305555555555556,21215.5,21242.5,21205.0,27.0,10.75,4,24.5,37.5,26.5,True,a_first,0.2847682119205298,0.0,-0.2847682119205298,-10.75,-10.75,-10.75,-10.75,-10.75,-10.75,10.75,10.75,10.75,1.0
riz_20302aaf46b5b5bc67c81818a02a27a5,121,20250527,608,south,minute_ignition,False,False,0.48194444444444445,21337.0,21230.75,21192.75,-106.25,144.5,32,-121.5,38.0,-106.75,True,b_at_entry,,,,,,,,,,,,,
riz_d7591754902005daa9ba5c9a36558f6a,150,20250527,690,south,minute_ignition,False,False,0.4423611111111111,21390.25,21211.5,21192.75,-178.75,197.75,113,-183.25,18.75,-178.75,True,b_at_entry,,,,,,,,,,,,,
riz_2f3a5041c6d42727dc3472c51699ec99,189,20250529,585,south,minute_ignition,True,False,93.68680555555555,21526.75,21626.5,21522.75,99.75,4.25,13,85.5,103.75,100.0,False,a_first,0.040865384615384616,0.0,-0.040865384615384616,-4.25,-4.25,-4.25,-4.25,-4.25,-4.25,4.25,4.25,4.25,1.0
riz_016843b31d848b03e5b13855d9dcceb1,135,20250530,855,south,minute_ignition,False,False,7.13125,21236.0,21089.0,21071.5,-147.0,164.75,81,-153.5,17.5,-146.75,True,b_at_entry,,,,,,,,,,,,,
riz_29bedf759eb3be8ce288c9e5344a01f8,173,20250605,678,north,native_confirmation,True,False,111.83819444444444,21901.0,21890.5,21902.75,10.5,2.0,0,0.0,12.25,11.0,False,a_first,0.16,0.0,-0.16,-2.0,-2.0,-2.0,-2.0,-2.0,-2.0,2.0,2.0,2.0,1.0
riz_4f1c2a688599ed5dacc1db6c8341a33d,136,20250612,728,north,minute_ignition,False,False,0.9541666666666667,21924.75,21953.0,21977.25,-28.25,52.75,66,-36.25,24.25,-28.25,True,b_at_entry,,,,,,,,,,,,,
riz_80f8c54a29f7f14d6c13c8340f04676c,138,20250613,744,north,minute_ignition,False,False,0.9951388888888889,21844.5,21849.75,21854.75,-5.25,10.5,7,-7.5,5.0,-6.25,True,b_at_entry,,,,,,,,,,,,,
riz_4fd582eba86bef54d1aa9eca41d67c73,131,20250616,688,north,minute_ignition,True,False,114.99027777777778,22185.0,22171.5,22222.0,13.5,37.25,85,12.5,50.5,13.25,True,b_first,0.7339901477832512,1.0,0.2660098522167488,13.5,13.5,13.5,13.5,13.5,13.5,-13.5,-13.5,-13.5,29.0
riz_0f97c4a1b63c1ac583fb00cc5f6065b4,132,20250616,696,north,minute_ignition,True,False,114.99236111111111,22187.0,22174.75,22222.0,12.25,35.25,83,5.75,47.25,12.75,True,b_first,0.7421052631578947,1.0,0.2578947368421053,12.25,12.25,12.25,12.25,12.25,12.25,-12.25,-12.25,-12.25,19.0
riz_9a0eaaab65cf760de1d75cbd3026f878,154,20250616,718,north,minute_ignition,True,False,115.08819444444444,22168.5,22150.5,22222.0,18.0,53.75,121,7.5,71.5,18.75,True,b_first,0.7491289198606271,1.0,0.25087108013937287,18.0,18.0,18.0,18.0,18.0,18.0,-18.0,-18.0,-18.0,45.0
riz_8aa9fff63ae3f0ba17065484f0644883,128,20250620,664,south,minute_ignition,True,False,0.9979166666666667,21786.75,21786.75,21776.0,-0.0,11.0,3,-5.0,10.75,0.25,True,b_at_entry,,,,,,,,,,,,,
riz_2df9df8955ce12dfa057e46bb0eb96b2,121,20250623,608,north,minute_ignition,True,False,2.998611111111111,21981.0,21971.0,21991.5,10.0,10.75,2,5.5,20.5,9.75,False,a_first,0.5180722891566265,0.0,-0.5180722891566265,-10.75,-10.75,-10.75,-10.75,-10.75,-10.75,10.75,10.75,10.75,2.0
riz_50509649726dedeedef42180fba777c6,139,20250623,613,north,minute_ignition,False,False,2.9972222222222222,21975.25,21988.0,21994.5,-12.75,19.5,4,-15.0,6.5,-12.5,True,b_at_entry,,,,,,,,,,,,,
riz_adc3d50ab31881c9901e5c17a7ea753a,123,20250623,624,north,minute_ignition,True,False,2.9854166666666666,21987.25,21951.75,22012.25,35.5,25.25,21,31.5,60.5,35.25,True,a_first,0.4156378600823045,0.0,-0.4156378600823045,-25.25,-25.25,-25.25,-25.25,-25.25,-25.25,25.25,25.25,25.25,22.0
riz_7f587e5668627b5b962870c9724c8b83,162,20250702,612,north,minute_ignition,True,False,0.33402777777777776,22755.5,22738.75,22756.0,16.75,0.75,5,13.25,17.25,16.75,True,a_first,0.04285714285714286,0.0,-0.04285714285714286,-0.75,-0.75,-0.75,-0.75,-0.75,-0.75,0.75,0.75,0.75,1.0
riz_fa0e80c48dccab30a51bc5a90a2c0fc4,139,20250702,613,north,minute_ignition,True,False,0.2881944444444444,22758.0,22746.25,22761.75,11.75,4.0,2,6.0,15.5,12.0,False,a_first,0.25396825396825395,0.0,-0.25396825396825395,-4.0,-4.0,-4.0,-4.0,-4.0,-4.0,4.0,4.0,4.0,3.0
riz_ee2481a6b469b0c7544c79bef43edcf4,164,20250702,624,north,minute_ignition,True,False,0.3277777777777778,22767.5,22732.0,22768.0,35.5,0.75,20,30.5,36.0,35.25,True,a_first,0.020689655172413793,0.0,-0.020689655172413793,-0.75,-0.75,-0.75,-0.75,-0.75,-0.75,0.75,0.75,0.75,1.0
riz_cb66edfbe57ed0f871ecf1202c01b7d0,135,20250702,720,north,minute_ignition,True,False,0.30972222222222223,22822.0,22770.5,22847.5,51.5,25.75,94,40.75,77.0,51.5,False,a_first,0.3333333333333333,0.0,-0.3333333333333333,-25.75,-25.75,-25.75,-25.75,-25.75,-25.75,25.75,25.75,25.75,63.0
riz_b6cc6cfe4a1a18798066b11c23f6279a,159,20250710,594,south,minute_ignition,True,False,0.3277777777777778,22985.25,23005.25,22968.0,20.0,17.5,5,17.75,37.25,19.5,True,a_first,0.4666666666666667,0.0,-0.4666666666666667,-17.5,-17.5,-17.5,-17.5,-17.5,-17.5,17.5,17.5,17.5,4.0
riz_8d4ffee7bb33041320058d2a2a83d84e,162,20250710,612,south,minute_ignition,True,False,0.32222222222222224,22944.0,23002.25,22901.25,58.25,43.0,22,49.5,101.0,58.25,True,b_first,0.4246913580246914,1.0,0.5753086419753086,58.25,58.25,58.25,58.25,58.25,58.25,-58.25,-58.25,-58.25,79.0
riz_b30ea0fbf06752088ef99c2c77047043,184,20250710,744,south,minute_ignition,True,False,0.4013888888888889,22996.25,23021.75,22901.25,25.5,95.25,158,24.5,120.5,25.0,True,b_first,0.7888198757763976,1.0,0.21118012422360244,25.5,25.5,25.5,25.5,25.5,25.5,-25.5,-25.5,-25.5,69.0
riz_e7bc798773c81c93e9ec92cb7e99d525,186,20250710,756,south,minute_ignition,True,False,0.2743055555555556,22984.75,22993.0,22901.25,8.25,83.75,163,-0.5,91.75,8.25,True,b_first,0.9103260869565217,1.0,0.08967391304347827,8.25,8.25,8.25,8.25,8.25,8.25,-8.25,-8.25,-8.25,2.0
riz_1f569bfb9ef1552c657dd31e5ed7b78c,121,20250710,850,north,minute_ignition,True,False,0.24166666666666667,23039.0,23033.75,23045.75,5.25,7.0,15,3.0,12.0,5.5,True,b_first,0.5714285714285714,1.0,0.4285714285714286,5.25,5.25,5.25,5.25,5.25,5.25,-5.25,-5.25,-5.25,6.0
riz_bec207aa07e1b58881d9d8d260b144cc,122,20250710,860,north,minute_ignition,True,False,0.22847222222222222,23042.75,23028.0,23048.25,14.75,5.75,37,13.75,20.25,15.0,True,a_first,0.2804878048780488,0.0,-0.2804878048780488,-5.75,-5.75,-5.75,-5.75,-5.75,-5.75,5.75,5.75,5.75,3.0
riz_be393a3ce3b8bebd6c4c96b085cf1817,195,20250725,615,north,minute_ignition,False,False,0.4048611111111111,23405.0,23409.0,23416.0,-4.0,11.25,2,-9.25,7.0,-4.5,True,b_at_entry,,,,,,,,,,,,,
riz_033e308f2f09a15f4813944b66396ee6,131,20250725,688,north,minute_ignition,True,False,0.49236111111111114,23417.25,23405.5,23423.5,11.75,6.5,77,10.25,18.0,11.25,True,a_first,0.3561643835616438,0.0,-0.3561643835616438,-6.5,-6.5,-6.5,-6.5,-6.5,-6.5,6.5,6.5,6.5,3.0
riz_f1122c48b72be3db6ac70a3df3c9329e,201,20250730,645,north,minute_ignition,False,False,1.4097222222222223,23518.75,23521.25,23529.0,-2.5,10.5,13,-4.25,7.75,-3.0,True,b_at_entry,,,,,,,,,,,,,
riz_7b3829cc3a876b821e7d78e1490fb5b8,172,20250730,672,north,minute_ignition,False,False,1.3479166666666667,23484.5,23537.5,23541.25,-53.0,57.0,15,-55.5,3.75,-53.0,True,b_at_entry,,,,,,,,,,,,,
riz_2c31d59dfbf4e41a2a28aa8b25c12cab,149,20250730,683,north,minute_ignition,False,False,1.395138888888889,23492.0,23535.5,23541.25,-43.5,49.5,27,-44.25,5.75,-43.0,True,b_at_entry,,,,,,,,,,,,,
riz_50f8b6e7c5f1994390f1e84ae5c47abc,206,20250730,876,north,native_confirmation,True,False,1.2861111111111112,23586.0,23578.5,23586.75,7.5,1.0,0,0.0,8.25,7.75,False,same_minute,0.11764705882352941,,,,-1.0,7.5,,-1.0,7.5,,-7.5,1.0,1.0
riz_5d045907eb9e14a8f6e95be5ddac38f4,158,20250730,904,south,minute_ignition,False,False,5.327083333333333,23397.25,23391.25,23356.5,-6.0,41.0,3,-8.0,34.75,-6.0,True,b_at_entry,,,,,,,,,,,,,
riz_5be81990bee0ee4d7bd2b9489d12c943,213,20250730,918,south,minute_ignition,False,False,5.2875,23432.5,23379.0,23356.5,-53.5,76.25,12,-61.0,22.5,-53.25,True,b_at_entry,,,,,,,,,,,,,
riz_3444784e6053cbbe40890df8b0bf6848,184,20250730,928,north,minute_ignition,False,False,1.3229166666666667,23395.0,23550.25,23589.5,-155.25,194.75,87,-159.0,39.25,-156.0,True,b_at_entry,,,,,,,,,,,,,
riz_41a0602aad9722d02de813ea0dc3c730,145,20250730,945,north,minute_ignition,False,False,1.3520833333333333,23393.0,23568.5,23589.5,-175.5,196.75,73,-176.0,21.0,-175.25,True,b_at_entry,,,,,,,,,,,,,
riz_2909a92d55a7fca5d2a78597bde958ec,122,20250731,738,south,minute_ignition,False,False,1.9395833333333334,23598.25,23574.0,23483.25,-24.25,115.25,87,-26.0,90.75,-24.0,True,b_at_entry,,,,,,,,,,,,,
riz_14ea198bd128a36ac4da4cf17931d9c2,168,20250731,816,south,minute_ignition,True,False,1.8909722222222223,23457.5,23563.5,23420.25,106.0,37.5,157,90.5,143.25,106.75,True,a_first,0.2613240418118467,0.0,-0.2613240418118467,-37.5,-37.5,-37.5,-37.5,-37.5,-37.5,37.5,37.5,37.5,16.0
riz_2c8b7a83cf94d310996c7dbc7472269b,201,20250731,846,south,minute_ignition,True,False,1.86875,23393.0,23568.0,23365.0,175.0,28.25,189,171.75,203.0,174.25,True,a_first,0.13899138991389914,0.0,-0.13899138991389914,-28.25,-28.25,-28.25,-28.25,-28.25,-28.25,28.25,28.25,28.25,2.0
riz_6a5e9b146e2482332987c248ca59b3ee,182,20250805,732,south,minute_ignition,False,False,4.06875,23191.25,23167.5,23113.5,-23.75,78.0,83,-48.25,54.0,-23.25,True,b_at_entry,,,,,,,,,,,,,
riz_0b209c69266b6a8a45e82334b9b40a08,219,20250806,735,north,minute_ignition,True,False,1.7604166666666667,23369.5,23294.5,23385.0,75.0,15.75,60,74.75,90.5,75.25,True,a_first,0.17355371900826447,0.0,-0.17355371900826447,-15.75,-15.75,-15.75,-15.75,-15.75,-15.75,15.75,15.75,15.75,6.0
riz_1e9a81a57ef34dad2fc71167e21d375a,220,20250806,740,north,minute_ignition,True,False,1.761111111111111,23382.0,23296.75,23385.0,85.25,3.25,64,83.5,88.25,85.0,True,a_first,0.03672316384180791,0.0,-0.03672316384180791,-3.25,-3.25,-3.25,-3.25,-3.25,-3.25,3.25,3.25,3.25,1.0
riz_b78785d6289a7466d8e630ffacfb9f49,221,20250806,745,north,minute_ignition,True,False,1.7618055555555556,23372.25,23300.25,23385.75,72.0,13.75,68,70.5,85.5,72.0,True,a_first,0.16034985422740525,0.0,-0.16034985422740525,-13.75,-13.75,-13.75,-13.75,-13.75,-13.75,13.75,13.75,13.75,12.0
riz_18c74fef05e4793a3f794492584092c4,189,20250806,774,north,minute_ignition,True,False,1.7506944444444446,23383.5,23285.0,23389.5,98.5,6.25,113,96.0,104.5,98.25,True,a_first,0.059665871121718374,0.0,-0.059665871121718374,-6.25,-6.25,-6.25,-6.25,-6.25,-6.25,6.25,6.25,6.25,48.0
riz_fa2c27d1b83ab6706568a176c48e6747,174,20250814,684,north,minute_ignition,False,False,1.0951388888888889,23915.0,23992.0,24007.75,-77.0,93.0,37,-81.75,15.75,-77.5,True,b_at_entry,,,,,,,,,,,,,
riz_61c8650133c02ced90234562310af18e,178,20250814,708,north,minute_ignition,False,False,1.0763888888888888,23915.5,23984.25,24007.75,-68.75,92.5,68,-68.5,23.5,-68.25,True,b_at_entry,,,,,,,,,,,,,
riz_126732802fc1e4c1c7f4486097a946ea,140,20250819,620,south,minute_ignition,False,False,7.690277777777778,23698.5,23690.25,23638.5,-8.25,60.25,46,-17.5,51.75,-8.75,True,b_at_entry,,,,,,,,,,,,,
riz_f8f90393b8cc7c6bd6bef016fa705df4,123,20250819,624,south,minute_ignition,True,False,7.708333333333333,23687.75,23698.75,23638.5,11.0,49.5,51,5.0,60.25,11.25,True,b_first,0.8181818181818182,1.0,0.18181818181818177,11.0,11.0,11.0,11.0,11.0,11.0,-11.0,-11.0,-11.0,2.0
riz_743350f8192869dc2a00e2029fd0f20d,131,20250819,819,south,minute_ignition,False,False,11.88888888888889,23507.5,23456.25,23445.0,-51.25,62.75,29,-53.0,11.25,-51.25,True,b_at_entry,,,,,,,,,,,,,
riz_169b40b11a4e198e5b0cabff72f52af8,136,20250820,592,south,minute_ignition,True,False,14.810416666666667,23219.25,23252.0,23212.0,32.75,7.5,1,27.0,40.0,32.75,False,a_first,0.18633540372670807,0.0,-0.18633540372670807,-7.5,-7.5,-7.5,-7.5,-7.5,-7.5,7.5,7.5,7.5,1.0
riz_14e96185d153b6fdb8637bdede85a547,159,20250820,594,south,minute_ignition,True,False,0.31666666666666665,23187.25,23373.25,23180.0,186.0,7.5,21,178.75,193.25,186.25,True,a_first,0.03875968992248062,0.0,-0.03875968992248062,-7.5,-7.5,-7.5,-7.5,-7.5,-7.5,7.5,7.5,7.5,1.0
riz_a6e73c814e83b2d3b1f9a30bafb03c57,163,20250820,618,south,minute_ignition,True,False,14.865277777777777,23104.0,23297.0,23063.5,193.0,40.75,31,177.5,233.5,192.75,False,a_first,0.17433155080213902,0.0,-0.17433155080213902,-40.75,-40.75,-40.75,-40.75,-40.75,-40.75,40.75,40.75,40.75,24.0
riz_7af9fa8edab69e16e23724f1ad2e19a6,196,20250820,620,south,minute_ignition,True,False,14.840277777777779,23114.5,23309.5,23063.5,195.0,51.25,34,188.75,246.0,194.5,True,a_first,0.20812182741116753,0.0,-0.20812182741116753,-51.25,-51.25,-51.25,-51.25,-51.25,-51.25,51.25,51.25,51.25,22.0
riz_702ebf69c66dcc1abaa27822c7499603,161,20250822,606,north,minute_ignition,True,False,2.1083333333333334,23520.5,23415.0,23537.0,105.5,16.75,5,62.75,122.0,106.25,False,a_first,0.13701431492842536,0.0,-0.13701431492842536,-16.75,-16.75,-16.75,-16.75,-16.75,-16.75,16.75,16.75,16.75,1.0
riz_176fa57219b9c0a55c0429bf2166974d,202,20250826,650,north,minute_ignition,False,False,0.8430555555555556,23535.0,23544.75,23553.75,-9.75,19.0,24,-11.0,9.0,-10.25,True,b_at_entry,,,,,,,,,,,,,
riz_b308a1a30a05a53f4a03c4ab5c9d3f5e,213,20250826,705,north,minute_ignition,False,False,0.8180555555555555,23516.0,23547.0,23553.75,-31.0,38.0,49,-33.0,6.75,-31.5,True,b_at_entry,,,,,,,,,,,,,
riz_bab109062b323fa0ffeabf06a15d2a0c,126,20250903,648,north,minute_ignition,True,False,1.9055555555555554,23515.0,23497.0,23516.75,18.0,2.0,4,0.75,19.75,18.25,True,a_first,0.1,0.0,-0.1,-2.0,-2.0,-2.0,-2.0,-2.0,-2.0,2.0,2.0,2.0,1.0
riz_b84ef09cf455f3470318b98d06b61e74,151,20250903,848,south,minute_ignition,False,False,0.6243055555555556,23349.25,23340.75,23332.0,-8.5,17.5,7,-10.25,8.75,-8.75,True,b_at_entry,,,,,,,,,,,,,
riz_363fd68e9223d7e8a1b9a6ce1b5014e0,200,20250905,640,south,minute_ignition,True,False,6.988888888888889,23617.25,23681.5,23607.25,64.25,10.25,16,61.75,74.25,64.25,True,a_first,0.13758389261744966,0.0,-0.13758389261744966,-10.25,-10.25,-10.25,-10.25,-10.25,-10.25,10.25,10.25,10.25,2.0
riz_7da8b4d4f092a2695f270bd977b70cda,158,20250905,746,south,minute_ignition,False,False,6.932638888888889,23628.0,23575.25,23505.0,-52.75,123.25,97,-58.75,70.25,-53.25,True,b_at_entry,,,,,,,,,,,,,
riz_84129b6391e399be649bae7a848d35a1,159,20250905,753,south,minute_ignition,False,False,6.934722222222222,23621.75,23562.25,23505.0,-59.5,117.0,94,-68.75,57.25,-60.5,True,b_at_entry,,,,,,,,,,,,,
riz_2dcc3be8a4a39777202c953b3099b804,189,20250905,774,south,minute_ignition,False,False,6.908333333333333,23615.0,23601.0,23505.0,-14.0,110.25,132,-16.0,96.0,-13.5,True,b_at_entry,,,,,,,,,,,,,
riz_c8c745f7fc04f6a4afa187ddedd0c1f9,236,20250905,820,south,minute_ignition,False,False,6.879166666666666,23625.5,23591.0,23505.0,-34.5,120.75,174,-45.75,86.0,-34.25,True,b_at_entry,,,,,,,,,,,,,
riz_a7199503c78575da084c17bf9c441a79,194,20250916,610,south,minute_ignition,False,False,0.7027777777777777,24544.75,24534.0,24523.75,-10.75,21.25,18,-12.0,10.25,-10.25,True,b_at_entry,,,,,,,,,,,,,
riz_aab8ff374db35842c399022ac60f9885,210,20250922,690,north,minute_ignition,True,False,2.6881944444444446,24920.5,24821.5,24937.75,99.0,17.5,119,91.75,116.25,98.75,True,a_first,0.15021459227467812,0.0,-0.15021459227467812,-17.5,-17.5,-17.5,-17.5,-17.5,-17.5,17.5,17.5,17.5,40.0
riz_5dda6fc26d1040813d5c4ba155c45707,197,20250923,822,south,minute_ignition,True,False,1.2722222222222221,24783.75,24824.5,24780.5,40.75,3.5,2,37.25,44.0,40.25,True,b_first,0.07909604519774012,1.0,0.9209039548022598,40.75,40.75,40.75,40.75,40.75,40.75,-40.75,-40.75,-40.75,7.0
riz_0431113d5c6ccbcd04dbe85e9fac2b09,169,20250923,823,south,minute_ignition,True,False,1.2340277777777777,24805.25,24807.75,24780.5,2.5,25.0,1,-21.25,27.25,2.25,True,b_first,0.9090909090909091,1.0,0.09090909090909094,2.5,2.5,2.5,2.5,2.5,2.5,-2.5,-2.5,-2.5,1.0
riz_4b736728510e446d9a6948f9324f5be7,132,20250923,828,south,minute_ignition,True,False,1.3618055555555555,24817.0,24821.5,24780.5,4.5,36.75,7,-8.75,41.0,4.75,False,b_first,0.8909090909090909,1.0,0.10909090909090913,4.5,4.5,4.5,4.5,4.5,4.5,-4.5,-4.5,-4.5,1.0
riz_b75f008bc6769ab81fade1db5a206499,122,20250923,860,south,minute_ignition,True,False,1.39375,24796.5,24837.75,24780.5,41.25,16.25,43,35.5,57.25,40.75,True,b_first,0.2826086956521739,1.0,0.7173913043478262,41.25,41.25,41.25,41.25,41.25,41.25,-41.25,-41.25,-41.25,87.0
riz_d343a43e55ea238da756da1f9e8338f9,136,20250923,864,south,minute_ignition,True,False,1.3458333333333334,24790.75,24831.0,24780.5,40.25,10.5,46,39.5,50.5,40.25,True,b_first,0.20689655172413793,1.0,0.7931034482758621,40.25,40.25,40.25,40.25,40.25,40.25,-40.25,-40.25,-40.25,9.0
riz_d4bdc5e54d3273d8db87eba46f3275c0,214,20250930,710,south,minute_ignition,False,False,5.06875,24798.25,24748.25,24722.25,-50.0,76.25,115,-64.0,26.0,-49.75,True,b_at_entry,,,,,,,,,,,,,
riz_88f1af70e6dc340c1a257929c766b8ad,144,20251002,936,north,minute_ignition,True,False,0.2152777777777778,25118.75,25093.5,25126.5,25.25,8.0,122,22.5,33.0,25.5,True,b_first,0.24060150375939848,1.0,0.7593984962406015,25.25,25.25,25.25,25.25,25.25,25.25,-25.25,-25.25,-25.25,20.0
riz_5ffdcba088b90ec5ef34ac8bc213369e,131,20251002,950,north,minute_ignition,False,False,0.24166666666666667,25116.75,25118.0,25126.5,-1.25,10.0,45,-2.75,8.5,-1.0,True,b_at_entry,,,,,,,,,,,,,
riz_3d203e9c60dc21b87a10079eff6cd3d1,164,20251007,788,south,minute_ignition,False,False,3.783333333333333,25036.75,25004.0,24984.75,-32.75,52.25,80,-37.0,19.25,-32.5,True,b_at_entry,,,,,,,,,,,,,
riz_3db2636d6cf740d5f35f4ae4c1114967,162,20251008,612,north,minute_ignition,True,False,0.9923611111111111,25223.75,25183.75,25231.0,40.0,7.5,11,35.75,47.25,39.5,False,b_first,0.15789473684210525,1.0,0.8421052631578947,40.0,40.0,40.0,40.0,40.0,40.0,-40.0,-40.0,-40.0,39.0
riz_cdf719a1f7abe35a3eaf80367c7dec24,139,20251008,613,north,minute_ignition,True,False,0.9923611111111111,25221.25,25195.75,25231.0,25.5,10.0,11,15.0,35.25,26.0,False,b_first,0.28169014084507044,1.0,0.7183098591549295,25.5,25.5,25.5,25.5,25.5,25.5,-25.5,-25.5,-25.5,10.0
riz_ff569588f1761f748b671950741b9afb,163,20251008,618,north,minute_ignition,True,False,0.9868055555555556,25220.75,25179.75,25231.0,41.0,10.5,19,40.5,51.25,41.0,True,b_first,0.20388349514563106,1.0,0.7961165048543689,41.0,41.0,41.0,41.0,41.0,41.0,-41.0,-41.0,-41.0,34.0
riz_df06aa0f87aaf83bca2ad40566d69791,123,20251008,624,north,minute_ignition,False,False,0.9854166666666667,25192.0,25207.75,25231.0,-15.75,39.25,21,-16.0,23.25,-15.5,True,b_at_entry,,,,,,,,,,,,,
riz_98f3deb01d52639ed13496e10e13ba85,124,20251008,632,north,minute_ignition,True,False,0.9840277777777777,25215.75,25213.0,25231.0,2.75,15.5,23,1.25,18.0,3.0,True,b_first,0.8493150684931506,1.0,0.15068493150684936,2.75,2.75,2.75,2.75,2.75,2.75,-2.75,-2.75,-2.75,2.0
riz_9d6cb616847ad30e22e5fdee1d0c39ee,127,20251008,656,north,minute_ignition,True,False,1.0472222222222223,25174.75,25170.0,25231.0,4.75,56.5,59,4.5,61.0,4.75,False,a_first,0.9224489795918367,0.0,-0.9224489795918367,-56.5,-56.5,-56.5,-56.5,-56.5,-56.5,56.5,56.5,56.5,30.0
riz_001fe3bd4812bb50b4a58f4aa66684ea,130,20251008,680,north,minute_ignition,True,False,1.0333333333333334,25205.75,25174.25,25231.0,31.5,25.5,82,30.75,56.75,31.75,True,a_first,0.4473684210526316,0.0,-0.4473684210526316,-25.5,-25.5,-25.5,-25.5,-25.5,-25.5,25.5,25.5,25.5,6.0
riz_ad981cdd42fb61a4ac7936d0912efa50,207,20251010,675,south,minute_ignition,True,False,2.8465277777777778,25062.25,25126.0,24980.75,63.75,81.75,14,44.5,145.25,63.0,False,a_first,0.5618556701030928,0.0,-0.5618556701030928,-81.75,-81.75,-81.75,-81.75,-81.75,-81.75,81.75,81.75,81.75,4.0
riz_f49a5230672be27635f750a2d1d58278,131,20251010,688,south,minute_ignition,False,False,9.544444444444444,24874.25,24823.0,24802.5,-51.25,72.0,2,-61.0,20.5,-51.0,True,b_at_entry,,,,,,,,,,,,,
riz_02d25f65448862b8fd3a835d6f764614,211,20251010,695,south,minute_ignition,True,False,9.436805555555555,24726.25,24811.0,24670.75,84.75,55.75,4,31.75,140.25,86.0,False,b_first,0.39679715302491103,1.0,0.603202846975089,84.75,84.75,84.75,84.75,84.75,84.75,-84.75,-84.75,-84.75,10.0
riz_2bc7c963520b2ecc9a44baa9ed6d4eef,132,20251010,696,south,minute_ignition,True,False,9.542361111111111,24756.5,24825.25,24670.75,68.75,86.0,11,66.5,154.5,68.75,True,b_first,0.555735056542811,1.0,0.44426494345718903,68.75,68.75,68.75,68.75,68.75,68.75,-68.75,-68.75,-68.75,9.0
riz_5f68132a75ec9a228dd4a9b7c9e9348d,223,20251014,755,north,minute_ignition,True,False,0.8444444444444444,24885.75,24883.0,24894.0,2.75,8.5,1,2.75,11.0,3.0,True,b_first,0.7555555555555555,1.0,0.24444444444444446,2.75,2.75,2.75,2.75,2.75,2.75,-2.75,-2.75,-2.75,1.0
riz_f94825efc30fae4606747f0bd3000158,132,20251014,828,north,minute_ignition,False,False,0.6027777777777777,24923.5,24935.0,24947.5,-11.5,24.25,56,-18.5,12.5,-10.5,True,b_at_entry,,,,,,,,,,,,,
riz_958cab36aa9e94ee44f509b47669098d,153,20251014,864,north,minute_ignition,False,False,0.5708333333333333,24902.0,24927.5,24947.5,-25.5,45.75,96,-30.25,20.0,-25.5,True,b_at_entry,,,,,,,,,,,,,
riz_b0b6e22911ab3f582094837cc01de972,124,20251014,880,north,minute_ignition,False,False,0.6097222222222223,24887.75,24918.5,24947.5,-30.75,60.0,114,-30.25,29.0,-29.75,True,b_at_entry,,,,,,,,,,,,,
riz_9d5ad2c231ace6b6f5124b561773d673,156,20251015,732,north,minute_ignition,False,False,6.930555555555555,24958.0,25112.25,25115.0,-154.25,157.25,100,-155.75,2.75,-154.5,True,b_at_entry,,,,,,,,,,,,,
riz_678cf1e5c044a2edafce118bc8b9cf99,123,20251017,870,north,minute_ignition,True,False,1.3347222222222221,25016.25,25005.25,25030.0,11.0,14.0,10,8.75,24.75,10.5,True,b_first,0.56,1.0,0.43999999999999995,11.0,11.0,11.0,11.0,11.0,11.0,-11.0,-11.0,-11.0,4.0
riz_46c1e5d268aaf978979764b1ac355a6b,128,20251017,920,north,minute_ignition,True,False,1.3145833333333334,25036.5,25012.5,25055.75,24.0,19.5,59,11.75,43.25,24.25,True,b_first,0.4482758620689655,1.0,0.5517241379310345,24.0,24.0,24.0,24.0,24.0,24.0,-24.0,-24.0,-24.0,11.0
riz_017d97c74beea9a1989f37c6739272d3,233,20251023,805,north,minute_ignition,True,False,2.8833333333333333,25221.0,25175.0,25248.5,46.0,27.75,168,42.75,73.5,46.25,True,a_first,0.376271186440678,0.0,-0.376271186440678,-27.75,-27.75,-27.75,-27.75,-27.75,-27.75,27.75,27.75,27.75,12.0
riz_60adc363366891cef2138efd9e750c42,136,20251106,592,south,native_confirmation,True,False,1.7027777777777777,25568.5,25584.25,25564.75,15.75,4.0,0,-0.0,19.5,14.75,False,a_first,0.20253164556962025,0.0,-0.20253164556962025,-4.0,-4.0,-4.0,-4.0,-4.0,-4.0,4.0,4.0,4.0,1.0
riz_5fe10194eda5e08c5dea553c708f3ad9,156,20251107,576,south,minute_ignition,True,False,15.038194444444445,25031.75,25053.0,25030.25,21.25,1.75,5,15.25,22.75,21.75,True,a_first,0.07608695652173914,0.0,-0.07608695652173914,-1.75,-1.75,-1.75,-1.75,-1.75,-1.75,1.75,1.75,1.75,1.0
riz_64d2005dd491e3755f80370099e86745,146,20251110,954,north,minute_ignition,True,False,4.299305555555556,25749.5,25742.5,25758.25,7.0,9.0,7,6.25,15.75,7.25,True,a_first,0.5625,0.0,-0.5625,-9.0,-9.0,-9.0,-9.0,-9.0,-9.0,9.0,9.0,9.0,1.0
riz_146fc8b4cc1135592435b37c9861a64b,144,20251113,792,south,minute_ignition,True,False,6.090277777777778,25128.25,25142.0,25114.25,13.75,14.25,14,5.25,27.75,14.0,True,b_first,0.5089285714285714,1.0,0.4910714285714286,13.75,13.75,13.75,13.75,13.75,13.75,-13.75,-13.75,-13.75,1.0
riz_565ddad27c128cc1a97bc461b697eb0a,197,20251113,822,south,minute_ignition,False,False,5.997916666666667,25035.5,25025.75,25012.75,-9.75,23.0,3,-9.0,13.0,-8.75,True,b_at_entry,,,,,,,,,,,,,
riz_edc3aafc68b60373521ce167f6997482,120,20251113,840,south,minute_ignition,False,False,6.071527777777778,25070.0,25018.0,25012.75,-52.0,57.5,17,-53.25,5.25,-52.5,True,b_at_entry,,,,,,,,,,,,,
riz_5e9d0dc8833a2cde16f17e5961e48359,172,20251113,844,south,minute_ignition,True,False,6.066666666666666,25036.75,25147.25,25012.75,110.5,24.25,76,111.0,134.5,111.25,True,a_first,0.17996289424860853,0.0,-0.17996289424860853,-24.25,-24.25,-24.25,-24.25,-24.25,-24.25,24.25,24.25,24.25,52.0
riz_548e085e5572ad3d7e29df5f234b89c3,134,20251113,846,south,minute_ignition,True,False,6.072222222222222,25040.75,25045.25,25012.75,4.5,28.25,30,-1.25,32.5,3.75,True,b_first,0.8625954198473282,1.0,0.13740458015267176,4.5,4.5,4.5,4.5,4.5,4.5,-4.5,-4.5,-4.5,1.0
riz_98503b80f3af1082e6be3f0a1a0fe12d,173,20251113,851,south,minute_ignition,True,False,6.083333333333333,25042.0,25113.0,25012.75,71.0,29.5,53,68.75,100.25,72.75,True,b_first,0.2935323383084577,1.0,0.7064676616915423,71.0,71.0,71.0,71.0,71.0,71.0,-71.0,-71.0,-71.0,15.0
riz_692f94c9e287c5badeba158407511fde,137,20251113,873,south,minute_ignition,False,False,6.0569444444444445,25110.25,25034.0,25012.75,-76.25,97.75,55,-82.25,21.25,-76.25,True,b_at_entry,,,,,,,,,,,,,
riz_a9b9c6f98b66391ef54d1e6c3ed4b51d,122,20251117,860,south,minute_ignition,True,False,3.2423611111111112,24862.75,24886.0,24847.75,23.25,15.25,17,19.25,38.25,22.75,True,a_first,0.3961038961038961,0.0,-0.3961038961038961,-15.25,-15.25,-15.25,-15.25,-15.25,-15.25,15.25,15.25,15.25,6.0
riz_44d474da8bcb33fb5e057acbbae057d4,123,20251117,870,south,minute_ignition,False,False,3.2534722222222223,24867.25,24851.0,24825.0,-16.25,42.5,4,-29.0,26.0,-16.5,True,b_at_entry,,,,,,,,,,,,,
riz_ba24789b499705a50d64a7996ba9e067,155,20251117,880,south,minute_ignition,True,False,3.2069444444444444,24792.25,24833.5,24790.75,41.25,1.75,12,40.25,42.75,40.5,True,a_first,0.040697674418604654,0.0,-0.040697674418604654,-1.75,-1.75,-1.75,-1.75,-1.75,-1.75,1.75,1.75,1.75,1.0
riz_3d88eaa74a298215ff86163e48f8c64a,126,20251117,900,south,minute_ignition,True,False,3.247916666666667,24756.25,24829.25,24754.25,73.0,2.25,21,52.0,75.0,73.0,False,a_first,0.029900332225913623,0.0,-0.029900332225913623,-2.25,-2.25,-2.25,-2.25,-2.25,-2.25,2.25,2.25,2.25,1.0
riz_c379d4705270e3b450b02b50db5e37fe,182,20251117,914,south,minute_ignition,True,False,3.201388888888889,24771.5,24895.75,24731.75,124.25,40.0,74,123.75,164.0,124.25,True,censored_window,0.243531202435312,,,116.0,116.0,116.0,116.0,116.0,116.0,-116.0,-116.0,-116.0,46.0
riz_41f582d04f92a32e3dd1462a20273fba,184,20251117,928,south,minute_ignition,True,False,3.1972222222222224,24786.0,24861.25,24731.75,75.25,54.5,84,70.75,129.5,75.5,True,b_first,0.42003853564547206,1.0,0.5799614643545279,75.25,75.25,75.25,75.25,75.25,75.25,-75.25,-75.25,-75.25,23.0
riz_e2337b4fbb0ff5fac94bdf8877b9656b,145,20251117,945,south,minute_ignition,True,False,3.227777777777778,24796.5,24920.75,24731.75,124.25,65.0,107,119.0,189.0,124.5,False,censored_window,0.34346103038309117,,,91.0,91.0,91.0,91.0,91.0,91.0,-91.0,-91.0,-91.0,15.0
riz_0650bf8843e0a3cf98e2d71b4062857e,130,20251118,680,south,minute_ignition,True,False,32.16388888888889,24549.0,24575.5,24376.25,26.5,173.0,84,5.75,199.25,26.25,True,b_first,0.8671679197994987,1.0,0.1328320802005013,26.5,26.5,26.5,26.5,26.5,26.5,-26.5,-26.5,-26.5,1.0
riz_9bd457160591b612240492c37e13db86,125,20251120,640,north,minute_ignition,False,False,3.259027777777778,25291.75,25297.25,25310.0,-5.5,18.5,2,-16.0,12.75,-5.5,True,b_at_entry,,,,,,,,,,,,,
riz_ca2fbe3b61c536f73e6a2ea57d50ade7,125,20251120,765,south,minute_ignition,True,False,0.1909722222222222,24355.5,25115.75,24308.5,760.25,47.25,100,743.75,807.25,760.75,False,a_first,0.05851393188854489,0.0,-0.05851393188854489,-47.25,-47.25,-47.25,-47.25,-47.25,-47.25,47.25,47.25,47.25,62.0
riz_f89216dacf682871be8c6e83b78b3215,127,20251120,783,south,minute_ignition,True,False,0.18125,24424.75,25126.25,24308.5,701.5,116.5,120,700.0,817.75,700.75,True,a_first,0.14242053789731052,0.0,-0.14242053789731052,-116.5,-116.5,-116.5,-116.5,-116.5,-116.5,116.5,116.5,116.5,44.0
riz_6618f959a5d3661aacf18a0e2e22519f,149,20251124,683,north,minute_ignition,True,False,4.759027777777778,24875.25,24862.75,24877.75,12.5,2.75,10,7.5,15.0,12.5,True,a_first,0.18032786885245902,0.0,-0.18032786885245902,-2.75,-2.75,-2.75,-2.75,-2.75,-2.75,2.75,2.75,2.75,1.0
riz_d78b0c2bd4bd0d8cf2c38ccf8273d68c,150,20251124,690,north,minute_ignition,True,False,4.756944444444445,24863.75,24849.5,24882.0,14.25,18.5,20,6.5,32.5,14.5,True,b_first,0.5648854961832062,1.0,0.43511450381679384,14.25,14.25,14.25,14.25,14.25,14.25,-14.25,-14.25,-14.25,3.0
riz_2100965d7818f191e8a33142fbd97a14,169,20251124,823,north,minute_ignition,True,False,4.820138888888889,24930.25,24918.5,24953.75,11.75,23.75,62,-1.75,35.25,12.25,True,a_first,0.6690140845070423,0.0,-0.6690140845070423,-23.75,-23.75,-23.75,-23.75,-23.75,-23.75,23.75,23.75,23.75,26.0
riz_bdc4ffe99788cd48df0b3e738fec2e8a,210,20251201,690,north,minute_ignition,True,False,2.8722222222222222,25380.25,25373.75,25420.0,6.5,40.0,79,6.25,46.25,7.5,True,a_first,0.8602150537634409,0.0,-0.8602150537634409,-40.0,-40.0,-40.0,-40.0,-40.0,-40.0,40.0,40.0,40.0,13.0
riz_1b1c91118e01e6f84e4d06130b36e246,211,20251201,695,north,minute_ignition,True,False,2.901388888888889,25396.0,25381.25,25420.0,14.75,24.25,42,-10.75,38.75,14.0,True,a_first,0.6217948717948718,0.0,-0.6217948717948718,-24.25,-24.25,-24.25,-24.25,-24.25,-24.25,24.25,24.25,24.25,8.0
riz_5e01ba0834daef6e9fe4758ddcc91ad9,214,20251201,710,north,minute_ignition,True,False,2.904861111111111,25442.5,25412.0,25447.25,30.5,5.0,52,29.0,35.25,29.5,True,a_first,0.14084507042253522,0.0,-0.14084507042253522,-5.0,-5.0,-5.0,-5.0,-5.0,-5.0,5.0,5.0,5.0,1.0
riz_807af9f9a90f1a43a40b88d42e4b295c,216,20251201,720,north,minute_ignition,True,False,2.9368055555555554,25434.75,25426.75,25451.0,8.0,16.5,16,4.75,24.25,8.75,True,a_first,0.673469387755102,0.0,-0.673469387755102,-16.5,-16.5,-16.5,-16.5,-16.5,-16.5,16.5,16.5,16.5,2.0
riz_fcdddf235986ddd9aa5fe0289cc6f2d4,227,20251201,775,north,minute_ignition,True,False,2.938888888888889,25465.0,25434.5,25495.75,30.5,31.0,68,24.25,61.25,29.25,True,b_first,0.5040650406504065,1.0,0.49593495934959353,30.5,30.5,30.5,30.5,30.5,30.5,-30.5,-30.5,-30.5,78.0
riz_e668f1b366487f7ac70dffc26ece0a85,190,20251201,780,north,minute_ignition,False,False,2.973611111111111,25450.75,25467.25,25495.75,-16.5,45.25,23,-17.0,28.5,-16.75,True,b_at_entry,,,,,,,,,,,,,
riz_ea3ef66dd636bfdda698568690e78f1e,230,20251201,790,north,minute_ignition,False,False,2.9791666666666665,25468.25,25477.0,25495.75,-8.75,27.75,25,-12.75,18.75,-8.5,True,b_at_entry,,,,,,,,,,,,,
riz_4ad8e94b63ac043da8ae40c3277a3364,187,20251205,575,north,minute_ignition,False,False,23.129166666666666,25758.75,25770.5,25775.5,-11.75,17.0,1,-12.75,5.0,-12.25,True,b_at_entry,,,,,,,,,,,,,
riz_2d39cc5ce5c6659e82fa0c700a272eae,219,20251210,954,north,minute_ignition,True,False,0.3819444444444444,25827.5,25703.5,25870.75,124.0,43.5,107,116.5,167.25,123.5,True,censored_window,0.25970149253731345,,,24.75,24.75,24.75,24.75,24.75,24.75,-24.75,-24.75,-24.75,6.0
riz_78bd711a523814b7dbbb7db5a23566b1,120,20251211,600,south,minute_ignition,True,False,0.32569444444444445,25414.75,25523.5,25400.5,108.75,14.5,11,97.0,123.0,109.0,False,a_first,0.11764705882352941,0.0,-0.11764705882352941,-14.5,-14.5,-14.5,-14.5,-14.5,-14.5,14.5,14.5,14.5,1.0
riz_8b29368fc5707cd1905f3dfe39ba51ae,125,20251218,640,north,minute_ignition,True,False,1.2590277777777779,25390.0,25388.25,25407.25,1.75,17.5,2,0.75,19.0,1.75,True,b_first,0.9090909090909091,1.0,0.09090909090909094,1.75,1.75,1.75,1.75,1.75,1.75,-1.75,-1.75,-1.75,1.0
riz_e81bf1ee93fe2db8a9e61be7d49816ce,169,20251218,654,north,minute_ignition,False,False,1.2243055555555555,25375.0,25396.0,25407.25,-21.0,32.5,15,-26.5,11.25,-21.0,True,b_at_entry,,,,,,,,,,,,,
riz_44184f22ab4d8e342e6d9d45a14aa91e,162,20251218,774,north,minute_ignition,False,False,1.2958333333333334,25333.75,25404.75,25412.5,-71.0,79.0,60,-75.0,7.75,-71.25,True,b_at_entry,,,,,,,,,,,,,
riz_eca668280998fd70b7af0d44dec97145,156,20251219,576,north,minute_ignition,True,False,2.1055555555555556,25454.75,25422.0,25463.5,32.75,9.0,4,32.0,41.5,32.75,True,b_first,0.2155688622754491,1.0,0.7844311377245509,32.75,32.75,32.75,32.75,32.75,32.75,-32.75,-32.75,-32.75,2.0
riz_6010385c973f28e76e33cb6d93befe0a,157,20251219,582,north,minute_ignition,True,False,2.102777777777778,25448.75,25426.5,25465.0,22.25,16.5,9,5.25,38.5,23.0,True,a_first,0.4258064516129032,0.0,-0.4258064516129032,-16.5,-16.5,-16.5,-16.5,-16.5,-16.5,16.5,16.5,16.5,1.0
riz_74c5bb068faeaa3be9f8519a984500b3,135,20251219,585,north,minute_ignition,True,False,2.092361111111111,25547.25,25461.25,25548.5,86.0,1.5,2,81.75,87.25,86.25,False,a_first,0.017142857142857144,0.0,-0.017142857142857144,-1.5,-1.5,-1.5,-1.5,-1.5,-1.5,1.5,1.5,1.5,1.0
riz_57258bd599eefdf01978c01c501594a5,189,20251219,585,north,native_confirmation,True,False,4.0,25547.25,25541.25,25548.5,6.0,1.5,0,0.0,7.25,6.25,False,same_minute,0.2,,,,-1.5,6.0,,-1.5,6.0,,-6.0,1.5,1.0
riz_5e5ab9f9613c8be943738f3b9c06a592,136,20251219,592,north,minute_ignition,True,False,2.088888888888889,25547.75,25473.75,25573.0,74.0,25.5,8,37.5,99.25,74.0,False,a_first,0.2562814070351759,0.0,-0.2562814070351759,-25.5,-25.5,-25.5,-25.5,-25.5,-25.5,25.5,25.5,25.5,9.0
riz_516309611843f7d9d2fa5ec25ccabd6b,159,20251219,594,north,minute_ignition,True,False,2.0972222222222223,25555.25,25447.75,25573.0,107.5,18.0,19,102.5,125.25,107.75,True,a_first,0.14342629482071714,0.0,-0.14342629482071714,-18.0,-18.0,-18.0,-18.0,-18.0,-18.0,18.0,18.0,18.0,7.0
riz_24685ebe4d56d48a2f0ddf9b699d40c0,161,20251219,606,north,minute_ignition,False,False,4.1090277777777775,25558.25,25576.25,25600.25,-18.0,42.25,4,-22.25,24.0,-18.25,True,b_at_entry,,,,,,,,,,,,,
riz_a5ce670eda542475dd2ba96cdd9678e1,123,20251219,624,north,minute_ignition,False,False,4.154861111111111,25513.25,25569.0,25600.25,-55.75,87.25,23,-57.75,31.25,-55.0,True,b_at_entry,,,,,,,,,,,,,
riz_404594727bb27573f1c8a7c5db7fd332,124,20251219,632,north,minute_ignition,False,False,4.141666666666667,25523.25,25555.75,25600.25,-32.5,77.25,44,-43.25,44.5,-32.5,True,b_at_entry,,,,,,,,,,,,,
riz_3fbe414c65260d8e78270bf24a89c567,228,20251219,780,north,minute_ignition,False,False,4.152777777777778,25577.75,25583.0,25600.25,-5.25,22.75,8,-9.5,17.25,-4.75,True,b_at_entry,,,,,,,,,,,,,
riz_f3e75f75a5c42d66022615ce4466b18b,229,20251219,785,north,minute_ignition,False,False,4.153472222222222,25583.75,25594.0,25600.25,-10.25,16.75,8,-11.75,6.25,-10.0,True,b_at_entry,,,,,,,,,,,,,
riz_f687bf13929bbaa893772f36b81f4202,133,20251231,704,south,minute_ignition,True,False,0.1951388888888889,25578.0,25603.5,25542.5,25.5,35.75,118,16.75,61.0,25.75,True,b_first,0.5836734693877551,1.0,0.4163265306122449,25.5,25.5,25.5,25.5,25.5,25.5,-25.5,-25.5,-25.5,15.0
