date,v1,h30,h120,delay1
2006-01-04,,,,
2006-01-05,,,,
2006-01-06,0.0,0.0,0.0,0.0
2006-01-09,,,,
2006-01-10,,,,
2006-01-11,15.0,15.0,15.0,0.0
2006-01-12,0.0,0.0,0.0,0.0
2006-01-13,0.0,0.0,0.0,0.0
2006-01-17,-130.0,-85.0,-130.0,-120.0
2006-01-18,0.0,0.0,0.0,0.0
2006-01-19,0.0,0.0,0.0,0.0
2006-01-20,0.0,0.0,0.0,0.0
2006-01-23,0.0,0.0,0.0,0.0
2006-01-24,0.0,0.0,0.0,0.0
2006-01-25,0.0,0.0,0.0,0.0
2006-01-26,0.0,0.0,0.0,0.0
2006-01-27,0.0,0.0,0.0,0.0
2006-01-30,0.0,0.0,0.0,0.0
2006-01-31,0.0,0.0,0.0,0.0
2006-02-01,,,,
2006-02-02,,,,
2006-02-03,,,,
2006-02-06,,,,
2006-02-07,,,,
2006-02-08,,,,
2006-02-09,,,,
2006-02-10,0.0,0.0,0.0,0.0
2006-02-13,0.0,0.0,0.0,0.0
2006-02-14,,,,
2006-02-15,0.0,0.0,0.0,0.0
2006-02-16,-55.0,-75.0,-180.0,0.0
2006-02-17,0.0,0.0,0.0,0.0
2006-02-21,0.0,0.0,0.0,0.0
2006-02-22,0.0,0.0,0.0,0.0
2006-02-23,0.0,0.0,0.0,0.0
2006-02-24,0.0,0.0,0.0,0.0
2006-02-27,0.0,0.0,0.0,0.0
2006-02-28,0.0,0.0,0.0,0.0
2006-03-01,0.0,0.0,0.0,0.0
2006-03-02,0.0,0.0,0.0,0.0
2006-03-03,0.0,0.0,0.0,0.0
2006-03-06,,,,
2006-03-07,,,,
2006-03-08,0.0,0.0,0.0,0.0
2006-03-09,0.0,0.0,0.0,0.0
2006-03-10,,,,
2006-03-13,,,,
2006-03-14,0.0,0.0,0.0,0.0
2006-03-15,5.0,-25.0,35.0,0.0
2006-03-16,0.0,0.0,0.0,0.0
2006-03-17,,,,
2006-03-20,,,,
2006-03-21,,,,
2006-03-22,0.0,0.0,0.0,0.0
2006-03-23,,,,
2006-03-24,,,,
2006-03-27,,,,
2006-03-28,0.0,0.0,0.0,0.0
2006-03-29,0.0,0.0,0.0,0.0
2006-03-30,0.0,0.0,0.0,0.0
2006-03-31,0.0,0.0,0.0,0.0
2006-04-03,,,,
2006-04-04,0.0,0.0,0.0,0.0
2006-04-05,0.0,0.0,0.0,0.0
2006-04-06,0.0,0.0,0.0,0.0
2006-04-07,0.0,0.0,0.0,0.0
2006-04-10,0.0,0.0,0.0,0.0
2006-04-11,0.0,0.0,0.0,0.0
2006-04-12,0.0,0.0,0.0,0.0
2006-04-13,,,,
2006-04-17,0.0,0.0,0.0,0.0
2006-04-18,0.0,0.0,0.0,0.0
2006-04-19,,,,
2006-04-20,0.0,0.0,0.0,0.0
2006-04-21,0.0,0.0,0.0,0.0
2006-04-24,0.0,0.0,0.0,0.0
2006-04-25,0.0,0.0,0.0,0.0
2006-04-26,0.0,0.0,0.0,0.0
2006-04-27,0.0,0.0,0.0,0.0
2006-04-28,,,,
2006-05-01,,,,
2006-05-02,,,,
2006-05-03,,,,
2006-05-04,,,,
2006-05-05,,,,
2006-05-08,,,,
2006-05-09,,,,
2006-05-10,,,,
2006-05-11,,,,
2006-05-12,,,,
2006-05-15,,,,
2006-05-16,,,,
2006-05-17,,,,
2006-05-18,,,,
2006-05-19,,,,
2006-05-22,,,,
2006-05-23,,,,
2006-05-24,0.0,0.0,0.0,0.0
2006-05-25,0.0,0.0,0.0,0.0
2006-05-26,0.0,0.0,0.0,0.0
2006-05-30,,,,
2006-05-31,,,,
2006-06-01,0.0,0.0,0.0,0.0
2006-06-02,0.0,0.0,0.0,0.0
2006-06-05,0.0,0.0,0.0,0.0
2006-06-06,0.0,0.0,0.0,0.0
2006-06-07,0.0,0.0,0.0,0.0
2006-06-08,0.0,0.0,0.0,0.0
2006-06-09,,,,
2006-06-12,0.0,0.0,0.0,0.0
2006-06-13,0.0,0.0,0.0,0.0
2006-06-14,0.0,0.0,0.0,0.0
2006-06-15,0.0,0.0,0.0,0.0
2006-06-16,0.0,0.0,0.0,0.0
2006-06-19,0.0,0.0,0.0,0.0
2006-06-20,0.0,0.0,0.0,0.0
2006-06-21,0.0,0.0,0.0,0.0
2006-06-22,0.0,0.0,0.0,0.0
2006-06-23,0.0,0.0,0.0,0.0
2006-06-26,0.0,0.0,0.0,0.0
2006-06-27,0.0,0.0,0.0,0.0
2006-06-28,0.0,0.0,0.0,0.0
2006-06-29,0.0,0.0,0.0,0.0
2006-06-30,0.0,0.0,0.0,0.0
2006-07-03,,,,
2006-07-05,0.0,0.0,0.0,0.0
2006-07-06,0.0,0.0,0.0,0.0
2006-07-07,0.0,0.0,0.0,0.0
2006-07-10,0.0,0.0,0.0,0.0
2006-07-11,0.0,0.0,0.0,0.0
2006-07-12,0.0,0.0,0.0,0.0
2006-07-13,0.0,0.0,0.0,0.0
2006-07-14,0.0,0.0,0.0,0.0
2006-07-17,0.0,0.0,0.0,0.0
2006-07-18,,,,
2006-07-19,,,,
2006-07-20,0.0,0.0,0.0,0.0
2006-07-21,0.0,0.0,0.0,0.0
2006-07-24,0.0,0.0,0.0,0.0
2006-07-25,15.0,15.0,15.0,5.0
2006-07-26,0.0,0.0,0.0,0.0
2006-07-27,0.0,0.0,0.0,0.0
2006-07-28,0.0,0.0,0.0,0.0
2006-07-31,0.0,0.0,0.0,0.0
2006-08-01,0.0,0.0,0.0,0.0
2006-08-02,0.0,0.0,0.0,0.0
2006-08-03,100.0,35.0,200.0,75.0
2006-08-04,0.0,0.0,0.0,0.0
2006-08-07,0.0,0.0,0.0,0.0
2006-08-08,0.0,0.0,0.0,0.0
2006-08-09,0.0,0.0,0.0,0.0
2006-08-10,0.0,0.0,0.0,0.0
2006-08-11,0.0,0.0,0.0,0.0
2006-08-14,0.0,0.0,0.0,0.0
2006-08-15,0.0,0.0,0.0,0.0
2006-08-16,0.0,0.0,0.0,0.0
2006-08-17,0.0,0.0,0.0,0.0
2006-08-18,0.0,0.0,0.0,0.0
2006-08-21,0.0,0.0,0.0,0.0
2006-08-22,,,,
2006-08-23,0.0,0.0,0.0,0.0
2006-08-24,0.0,0.0,0.0,0.0
2006-08-25,0.0,0.0,0.0,0.0
2006-08-28,,,,
2006-08-29,,,,
2006-08-30,0.0,0.0,0.0,0.0
2006-08-31,0.0,0.0,0.0,0.0
2006-09-01,0.0,0.0,0.0,-5.0
2006-09-05,0.0,0.0,0.0,0.0
2006-09-06,0.0,0.0,0.0,0.0
2006-09-07,0.0,0.0,0.0,0.0
2006-09-08,0.0,0.0,0.0,0.0
2006-09-11,0.0,0.0,0.0,-115.0
2006-09-12,0.0,0.0,0.0,0.0
2006-09-13,0.0,0.0,0.0,0.0
2006-09-14,0.0,0.0,0.0,0.0
2006-09-15,0.0,0.0,0.0,0.0
2006-09-18,0.0,0.0,0.0,0.0
2006-09-19,0.0,0.0,0.0,0.0
2006-09-20,,,,
2006-09-21,0.0,0.0,0.0,0.0
2006-09-22,0.0,0.0,0.0,0.0
2006-09-25,0.0,0.0,0.0,0.0
2006-09-26,0.0,0.0,0.0,0.0
2006-09-27,0.0,0.0,0.0,0.0
2006-09-28,0.0,0.0,0.0,0.0
2006-09-29,0.0,0.0,0.0,0.0
2006-10-02,,,,
2006-10-03,0.0,0.0,0.0,0.0
2006-10-04,0.0,0.0,0.0,0.0
2006-10-05,0.0,0.0,0.0,0.0
2006-10-06,0.0,0.0,0.0,0.0
2006-10-09,0.0,0.0,0.0,0.0
2006-10-10,0.0,0.0,0.0,0.0
2006-10-11,0.0,0.0,0.0,0.0
2006-10-12,0.0,0.0,0.0,0.0
2006-10-13,,,,
2006-10-16,0.0,0.0,0.0,0.0
2006-10-17,0.0,0.0,0.0,0.0
2006-10-18,135.0,135.0,135.0,100.0
2006-10-19,0.0,0.0,0.0,0.0
2006-10-20,0.0,0.0,0.0,0.0
2006-10-23,0.0,0.0,0.0,0.0
2006-10-24,0.0,0.0,0.0,0.0
2006-10-25,,,,
2006-10-26,,,,
2006-10-27,0.0,0.0,0.0,0.0
2006-10-30,0.0,0.0,0.0,0.0
2006-10-31,0.0,0.0,0.0,0.0
2006-11-01,0.0,0.0,0.0,0.0
2006-11-02,0.0,0.0,0.0,0.0
2006-11-03,,,,
2006-11-06,0.0,0.0,0.0,0.0
2006-11-07,0.0,0.0,0.0,0.0
2006-11-08,0.0,0.0,0.0,0.0
2006-11-09,0.0,0.0,0.0,0.0
2006-11-10,0.0,0.0,0.0,0.0
2006-11-13,0.0,0.0,0.0,0.0
2006-11-14,0.0,0.0,0.0,0.0
2006-11-15,0.0,0.0,0.0,0.0
2006-11-16,0.0,0.0,0.0,0.0
2006-11-17,0.0,0.0,0.0,0.0
2006-11-20,0.0,0.0,0.0,0.0
2006-11-21,0.0,0.0,0.0,0.0
2006-11-22,,,,
2006-11-24,0.0,0.0,0.0,0.0
2006-11-27,0.0,0.0,0.0,0.0
2006-11-28,0.0,0.0,0.0,0.0
2006-11-29,0.0,0.0,0.0,0.0
2006-11-30,0.0,0.0,0.0,0.0
2006-12-01,0.0,0.0,0.0,0.0
2006-12-04,0.0,0.0,0.0,0.0
2006-12-05,0.0,0.0,0.0,0.0
2006-12-06,0.0,0.0,0.0,0.0
2006-12-07,0.0,0.0,0.0,0.0
2006-12-08,0.0,0.0,0.0,0.0
2006-12-11,0.0,0.0,0.0,0.0
2006-12-12,0.0,0.0,0.0,0.0
2006-12-13,0.0,0.0,0.0,0.0
2006-12-14,0.0,0.0,0.0,0.0
2006-12-15,,,,
2006-12-18,0.0,0.0,0.0,0.0
2006-12-19,0.0,0.0,0.0,0.0
2006-12-20,0.0,0.0,0.0,0.0
2006-12-21,,,,
2006-12-22,0.0,0.0,0.0,0.0
2006-12-26,0.0,0.0,0.0,0.0
2006-12-27,,,,
2006-12-28,0.0,0.0,0.0,0.0
2006-12-29,0.0,0.0,0.0,0.0
2007-01-03,0.0,0.0,0.0,0.0
2007-01-04,0.0,0.0,0.0,0.0
2007-01-05,,,,
2007-01-08,0.0,0.0,0.0,0.0
2007-01-09,,,,
2007-01-10,0.0,0.0,0.0,0.0
2007-01-11,0.0,0.0,0.0,0.0
2007-01-12,0.0,0.0,0.0,0.0
2007-01-16,0.0,0.0,0.0,0.0
2007-01-17,-90.0,-60.0,-90.0,-85.0
2007-01-18,-95.0,-95.0,-95.0,0.0
2007-01-19,,,,
2007-01-22,0.0,0.0,0.0,0.0
2007-01-23,0.0,0.0,0.0,0.0
2007-01-24,0.0,0.0,0.0,0.0
2007-01-25,0.0,0.0,0.0,0.0
2007-01-26,0.0,0.0,0.0,0.0
2007-01-29,0.0,0.0,0.0,0.0
2007-01-30,0.0,0.0,0.0,0.0
2007-01-31,,,,
2007-02-01,,,,
2007-02-02,0.0,0.0,0.0,0.0
2007-02-05,,,,
2007-02-06,0.0,0.0,0.0,0.0
2007-02-07,-80.0,50.0,-80.0,-85.0
2007-02-08,0.0,0.0,0.0,0.0
2007-02-09,0.0,0.0,0.0,0.0
2007-02-12,0.0,0.0,0.0,0.0
2007-02-13,0.0,0.0,0.0,0.0
2007-02-14,0.0,0.0,0.0,0.0
2007-02-15,,,,
2007-02-16,0.0,0.0,0.0,0.0
2007-02-20,0.0,0.0,0.0,0.0
2007-02-21,0.0,0.0,0.0,0.0
2007-02-22,0.0,0.0,0.0,0.0
2007-02-23,0.0,0.0,0.0,0.0
2007-02-26,130.0,130.0,130.0,115.0
2007-02-27,0.0,0.0,0.0,0.0
2007-02-28,0.0,0.0,0.0,0.0
2007-03-01,0.0,0.0,0.0,0.0
2007-03-02,0.0,0.0,0.0,0.0
2007-03-05,0.0,0.0,0.0,0.0
2007-03-06,0.0,0.0,0.0,0.0
2007-03-07,0.0,0.0,0.0,0.0
2007-03-08,0.0,0.0,0.0,0.0
2007-03-09,,,,
2007-03-12,0.0,0.0,0.0,0.0
2007-03-13,0.0,0.0,0.0,0.0
2007-03-14,0.0,0.0,0.0,0.0
2007-03-15,0.0,0.0,0.0,0.0
2007-03-16,0.0,0.0,0.0,0.0
2007-03-19,,,,
2007-03-20,0.0,0.0,0.0,0.0
2007-03-21,0.0,0.0,0.0,0.0
2007-03-22,0.0,0.0,0.0,0.0
2007-03-23,0.0,0.0,0.0,0.0
2007-03-26,,,,
2007-03-27,,,,
2007-03-28,0.0,0.0,0.0,0.0
2007-03-29,0.0,0.0,0.0,0.0
2007-03-30,0.0,0.0,0.0,0.0
2007-04-02,0.0,0.0,0.0,0.0
2007-04-03,0.0,0.0,0.0,0.0
2007-04-04,0.0,0.0,0.0,0.0
2007-04-05,0.0,0.0,0.0,0.0
2007-04-09,0.0,0.0,0.0,0.0
2007-04-10,0.0,0.0,0.0,0.0
2007-04-11,,,,
2007-04-12,0.0,0.0,0.0,0.0
2007-04-13,0.0,0.0,0.0,0.0
2007-04-16,0.0,0.0,0.0,0.0
2007-04-17,0.0,0.0,0.0,0.0
2007-04-18,-80.0,-80.0,-80.0,-70.0
2007-04-19,135.0,35.0,135.0,0.0
2007-04-20,0.0,0.0,0.0,0.0
2007-04-23,0.0,0.0,0.0,0.0
2007-04-24,,,,
2007-04-25,0.0,0.0,0.0,0.0
2007-04-26,0.0,0.0,0.0,0.0
2007-04-27,0.0,0.0,0.0,0.0
2007-04-30,0.0,0.0,0.0,0.0
2007-05-01,0.0,0.0,0.0,0.0
2007-05-02,0.0,0.0,0.0,0.0
2007-05-03,0.0,0.0,0.0,0.0
2007-05-04,-90.0,-35.0,-90.0,0.0
2007-05-07,0.0,0.0,0.0,0.0
2007-05-08,0.0,0.0,0.0,0.0
2007-05-09,0.0,0.0,0.0,0.0
2007-05-10,0.0,0.0,0.0,0.0
2007-05-11,0.0,0.0,0.0,0.0
2007-05-14,0.0,0.0,0.0,0.0
2007-05-15,,,,
2007-05-16,0.0,0.0,0.0,0.0
2007-05-17,0.0,0.0,0.0,0.0
2007-05-18,0.0,0.0,0.0,0.0
2007-05-21,0.0,0.0,0.0,5.0
2007-05-22,0.0,0.0,0.0,0.0
2007-05-23,0.0,0.0,0.0,0.0
2007-05-24,0.0,0.0,0.0,0.0
2007-05-25,0.0,0.0,0.0,0.0
2007-05-29,0.0,0.0,0.0,0.0
2007-05-30,0.0,0.0,0.0,0.0
2007-05-31,0.0,0.0,0.0,0.0
2007-06-01,0.0,0.0,0.0,0.0
2007-06-04,25.0,25.0,25.0,0.0
2007-06-05,0.0,0.0,0.0,0.0
2007-06-06,0.0,0.0,0.0,0.0
2007-06-07,0.0,0.0,0.0,0.0
2007-06-08,0.0,0.0,0.0,0.0
2007-06-11,0.0,0.0,0.0,0.0
2007-06-12,0.0,0.0,0.0,0.0
2007-06-13,0.0,0.0,0.0,0.0
2007-06-14,0.0,0.0,0.0,0.0
2007-06-15,0.0,0.0,0.0,0.0
2007-06-18,,,,
2007-06-19,,,,
2007-06-20,0.0,0.0,0.0,0.0
2007-06-21,0.0,0.0,0.0,0.0
2007-06-22,0.0,0.0,0.0,0.0
2007-06-25,0.0,0.0,0.0,0.0
2007-06-26,0.0,0.0,0.0,0.0
2007-06-27,0.0,0.0,0.0,0.0
2007-06-28,0.0,0.0,0.0,0.0
2007-06-29,0.0,0.0,0.0,0.0
2007-07-02,0.0,0.0,0.0,0.0
2007-07-03,0.0,0.0,0.0,0.0
2007-07-05,0.0,0.0,0.0,0.0
2007-07-06,0.0,0.0,0.0,0.0
2007-07-09,0.0,0.0,0.0,0.0
2007-07-10,-100.0,-100.0,-100.0,-95.0
2007-07-11,10.0,10.0,10.0,0.0
2007-07-12,0.0,0.0,0.0,0.0
2007-07-13,0.0,0.0,0.0,0.0
2007-07-16,0.0,0.0,0.0,0.0
2007-07-17,0.0,0.0,0.0,0.0
2007-07-18,0.0,0.0,0.0,0.0
2007-07-19,0.0,0.0,0.0,0.0
2007-07-20,0.0,0.0,0.0,0.0
2007-07-23,0.0,0.0,0.0,0.0
2007-07-24,0.0,0.0,0.0,0.0
2007-07-25,0.0,0.0,0.0,0.0
2007-07-26,0.0,0.0,0.0,0.0
2007-07-27,0.0,0.0,0.0,0.0
2007-07-30,0.0,0.0,0.0,0.0
2007-07-31,0.0,0.0,0.0,0.0
2007-08-01,0.0,0.0,0.0,0.0
2007-08-02,0.0,0.0,0.0,0.0
2007-08-03,0.0,0.0,0.0,0.0
2007-08-06,0.0,0.0,0.0,0.0
2007-08-07,0.0,0.0,0.0,0.0
2007-08-08,0.0,0.0,0.0,0.0
2007-08-09,365.0,145.0,365.0,355.0
2007-08-10,0.0,0.0,0.0,0.0
2007-08-13,0.0,0.0,0.0,0.0
2007-08-14,0.0,0.0,0.0,0.0
2007-08-15,0.0,0.0,0.0,0.0
2007-08-16,0.0,0.0,0.0,0.0
2007-08-17,0.0,0.0,0.0,0.0
2007-08-20,0.0,0.0,0.0,0.0
2007-08-21,0.0,0.0,0.0,0.0
2007-08-22,0.0,0.0,0.0,0.0
2007-08-23,55.0,55.0,55.0,0.0
2007-08-24,0.0,0.0,0.0,0.0
2007-08-27,0.0,0.0,0.0,0.0
2007-08-28,0.0,0.0,0.0,0.0
2007-08-29,0.0,0.0,0.0,0.0
2007-08-30,0.0,0.0,0.0,0.0
2007-08-31,-80.0,-55.0,-20.0,0.0
2007-09-04,0.0,0.0,0.0,0.0
2007-09-05,0.0,0.0,0.0,0.0
2007-09-06,0.0,0.0,0.0,0.0
2007-09-07,0.0,0.0,0.0,0.0
2007-09-10,270.0,195.0,270.0,265.0
2007-09-11,0.0,0.0,0.0,0.0
2007-09-12,0.0,0.0,0.0,0.0
2007-09-13,0.0,0.0,0.0,0.0
2007-09-14,140.0,140.0,140.0,155.0
2007-09-17,0.0,0.0,0.0,0.0
2007-09-18,0.0,0.0,0.0,0.0
2007-09-19,,,,
2007-09-20,0.0,0.0,0.0,0.0
2007-09-21,0.0,0.0,0.0,0.0
2007-09-24,0.0,0.0,0.0,0.0
2007-09-25,0.0,0.0,0.0,0.0
2007-09-26,0.0,0.0,0.0,0.0
2007-09-27,35.0,65.0,35.0,0.0
2007-09-28,0.0,0.0,0.0,0.0
2007-10-01,0.0,0.0,0.0,0.0
2007-10-02,0.0,0.0,0.0,0.0
2007-10-03,0.0,0.0,0.0,0.0
2007-10-04,0.0,0.0,0.0,0.0
2007-10-05,0.0,0.0,0.0,0.0
2007-10-08,0.0,0.0,0.0,0.0
2007-10-09,0.0,0.0,0.0,0.0
2007-10-10,0.0,0.0,0.0,0.0
2007-10-11,0.0,0.0,0.0,0.0
2007-10-12,0.0,0.0,0.0,0.0
2007-10-15,0.0,0.0,0.0,0.0
2007-10-16,0.0,0.0,0.0,0.0
2007-10-17,0.0,0.0,0.0,0.0
2007-10-18,0.0,0.0,0.0,0.0
2007-10-19,0.0,0.0,0.0,0.0
2007-10-22,0.0,0.0,0.0,0.0
2007-10-23,0.0,0.0,0.0,0.0
2007-10-24,0.0,0.0,0.0,0.0
2007-10-25,0.0,0.0,0.0,0.0
2007-10-26,80.0,225.0,225.0,70.0
2007-10-29,,,,
2007-10-30,0.0,0.0,0.0,0.0
2007-10-31,0.0,0.0,0.0,0.0
2007-11-01,0.0,0.0,0.0,0.0
2007-11-02,0.0,0.0,0.0,0.0
2007-11-05,0.0,0.0,0.0,0.0
2007-11-06,0.0,0.0,0.0,0.0
2007-11-07,0.0,0.0,0.0,0.0
2007-11-08,-185.0,-185.0,-185.0,0.0
2007-11-09,0.0,0.0,0.0,0.0
2007-11-12,0.0,0.0,0.0,0.0
2007-11-13,0.0,0.0,0.0,0.0
2007-11-14,0.0,0.0,0.0,0.0
2007-11-15,0.0,0.0,0.0,0.0
2007-11-16,0.0,0.0,0.0,0.0
2007-11-19,0.0,0.0,0.0,0.0
2007-11-20,0.0,0.0,0.0,0.0
2007-11-21,0.0,0.0,0.0,0.0
2007-11-23,0.0,0.0,0.0,0.0
2007-11-26,0.0,0.0,0.0,0.0
2007-11-27,0.0,0.0,0.0,0.0
2007-11-28,0.0,0.0,0.0,0.0
2007-11-29,0.0,0.0,0.0,0.0
2007-11-30,0.0,0.0,0.0,0.0
2007-12-03,0.0,0.0,0.0,0.0
2007-12-04,0.0,0.0,0.0,0.0
2007-12-05,0.0,0.0,0.0,0.0
2007-12-06,0.0,0.0,0.0,0.0
2007-12-07,0.0,0.0,0.0,0.0
2007-12-10,0.0,0.0,0.0,0.0
2007-12-11,0.0,0.0,0.0,0.0
2007-12-12,0.0,0.0,0.0,0.0
2007-12-13,0.0,0.0,0.0,0.0
2007-12-14,0.0,0.0,0.0,0.0
2007-12-17,-170.0,-170.0,-170.0,0.0
2007-12-18,0.0,0.0,0.0,0.0
2007-12-19,0.0,0.0,0.0,0.0
2007-12-20,0.0,0.0,0.0,0.0
2007-12-21,0.0,0.0,0.0,0.0
2007-12-24,0.0,0.0,0.0,0.0
2007-12-26,0.0,0.0,0.0,0.0
2007-12-27,0.0,0.0,0.0,0.0
2007-12-28,0.0,0.0,0.0,0.0
2007-12-31,0.0,0.0,0.0,0.0
2008-01-02,0.0,0.0,0.0,0.0
2008-01-03,0.0,0.0,0.0,0.0
2008-01-04,0.0,0.0,0.0,0.0
2008-01-07,0.0,0.0,0.0,0.0
2008-01-08,0.0,0.0,0.0,0.0
2008-01-09,0.0,0.0,0.0,0.0
2008-01-10,0.0,0.0,0.0,0.0
2008-01-11,0.0,0.0,0.0,0.0
2008-01-14,0.0,0.0,0.0,0.0
2008-01-15,0.0,0.0,0.0,0.0
2008-01-16,,,,
2008-01-17,0.0,0.0,0.0,0.0
2008-01-18,0.0,0.0,0.0,0.0
2008-01-22,0.0,0.0,0.0,0.0
2008-01-23,215.0,115.0,-280.0,185.0
2008-01-24,0.0,0.0,0.0,0.0
2008-01-25,0.0,0.0,0.0,0.0
2008-01-28,0.0,0.0,0.0,0.0
2008-01-29,65.0,65.0,65.0,35.0
2008-01-30,0.0,0.0,0.0,0.0
2008-01-31,0.0,0.0,0.0,0.0
2008-02-01,0.0,0.0,0.0,0.0
2008-02-04,0.0,0.0,0.0,0.0
2008-02-05,0.0,0.0,0.0,0.0
2008-02-06,0.0,0.0,0.0,0.0
2008-02-07,0.0,0.0,0.0,0.0
2008-02-08,0.0,0.0,0.0,0.0
2008-02-11,0.0,0.0,0.0,0.0
2008-02-12,,,,
2008-02-13,0.0,0.0,0.0,0.0
2008-02-14,0.0,0.0,0.0,0.0
2008-02-15,0.0,0.0,0.0,0.0
2008-02-19,0.0,0.0,0.0,0.0
2008-02-20,0.0,0.0,0.0,0.0
2008-02-21,0.0,0.0,0.0,0.0
2008-02-22,0.0,0.0,0.0,0.0
2008-02-25,0.0,0.0,0.0,0.0
2008-02-26,0.0,0.0,0.0,0.0
2008-02-27,0.0,0.0,0.0,0.0
2008-02-28,0.0,0.0,0.0,0.0
2008-02-29,0.0,0.0,0.0,0.0
2008-03-03,0.0,0.0,0.0,0.0
2008-03-04,0.0,0.0,0.0,0.0
2008-03-05,0.0,0.0,0.0,0.0
2008-03-06,0.0,0.0,0.0,0.0
2008-03-07,30.0,30.0,30.0,45.0
2008-03-10,0.0,0.0,0.0,0.0
2008-03-11,0.0,0.0,0.0,0.0
2008-03-12,0.0,0.0,0.0,0.0
2008-03-13,0.0,0.0,0.0,0.0
2008-03-14,0.0,0.0,0.0,0.0
2008-03-17,130.0,-130.0,-210.0,0.0
2008-03-18,0.0,0.0,0.0,0.0
2008-03-19,0.0,0.0,0.0,0.0
2008-03-20,0.0,0.0,0.0,0.0
2008-03-24,0.0,0.0,0.0,0.0
2008-03-25,0.0,0.0,0.0,0.0
2008-03-26,0.0,0.0,0.0,0.0
2008-03-27,0.0,0.0,0.0,0.0
2008-03-28,0.0,0.0,0.0,0.0
2008-03-31,0.0,0.0,0.0,0.0
2008-04-01,0.0,0.0,0.0,0.0
2008-04-02,0.0,0.0,0.0,0.0
2008-04-03,0.0,0.0,0.0,0.0
2008-04-04,0.0,0.0,0.0,0.0
2008-04-07,0.0,0.0,0.0,0.0
2008-04-08,0.0,0.0,0.0,0.0
2008-04-09,0.0,0.0,0.0,0.0
2008-04-10,0.0,0.0,0.0,0.0
2008-04-11,0.0,0.0,0.0,0.0
2008-04-14,0.0,0.0,0.0,0.0
2008-04-15,0.0,0.0,0.0,0.0
2008-04-16,0.0,0.0,0.0,0.0
2008-04-17,0.0,0.0,0.0,0.0
2008-04-18,0.0,0.0,0.0,0.0
2008-04-21,0.0,0.0,0.0,0.0
2008-04-22,0.0,0.0,0.0,0.0
2008-04-23,0.0,0.0,0.0,0.0
2008-04-24,0.0,0.0,0.0,0.0
2008-04-25,0.0,0.0,0.0,0.0
2008-04-28,0.0,0.0,0.0,0.0
2008-04-29,,,,
2008-04-30,0.0,0.0,0.0,0.0
2008-05-01,0.0,0.0,0.0,0.0
2008-05-02,0.0,0.0,0.0,0.0
2008-05-05,0.0,0.0,0.0,0.0
2008-05-06,0.0,0.0,0.0,0.0
2008-05-07,0.0,0.0,0.0,0.0
2008-05-08,0.0,0.0,0.0,0.0
2008-05-09,155.0,40.0,275.0,0.0
2008-05-12,0.0,0.0,0.0,0.0
2008-05-13,0.0,0.0,0.0,0.0
2008-05-14,0.0,0.0,0.0,0.0
2008-05-15,0.0,0.0,0.0,0.0
2008-05-16,15.0,15.0,15.0,0.0
2008-05-19,0.0,0.0,0.0,0.0
2008-05-20,0.0,0.0,0.0,0.0
2008-05-21,0.0,0.0,0.0,0.0
2008-05-22,0.0,0.0,0.0,0.0
2008-05-23,0.0,0.0,0.0,0.0
2008-05-27,0.0,0.0,0.0,0.0
2008-05-28,0.0,0.0,0.0,0.0
2008-05-29,0.0,0.0,0.0,0.0
2008-05-30,0.0,0.0,0.0,0.0
2008-06-02,0.0,0.0,0.0,0.0
2008-06-03,0.0,0.0,0.0,0.0
2008-06-04,0.0,0.0,0.0,0.0
2008-06-05,0.0,0.0,0.0,0.0
2008-06-06,0.0,0.0,0.0,0.0
2008-06-09,0.0,0.0,0.0,0.0
2008-06-10,0.0,0.0,0.0,0.0
2008-06-11,0.0,0.0,0.0,0.0
2008-06-12,0.0,0.0,0.0,0.0
2008-06-13,0.0,0.0,0.0,0.0
2008-06-16,0.0,0.0,0.0,0.0
2008-06-17,0.0,0.0,0.0,0.0
2008-06-18,0.0,0.0,0.0,0.0
2008-06-19,0.0,0.0,0.0,0.0
2008-06-20,0.0,0.0,0.0,0.0
2008-06-23,0.0,0.0,0.0,0.0
2008-06-24,0.0,0.0,0.0,0.0
2008-06-25,0.0,0.0,0.0,0.0
2008-06-26,0.0,0.0,0.0,0.0
2008-06-27,0.0,0.0,0.0,0.0
2008-06-30,0.0,0.0,0.0,0.0
2008-07-01,0.0,0.0,0.0,0.0
2008-07-02,0.0,0.0,0.0,0.0
2008-07-03,0.0,0.0,0.0,0.0
2008-07-07,0.0,0.0,0.0,0.0
2008-07-08,0.0,0.0,0.0,0.0
2008-07-09,0.0,0.0,0.0,0.0
2008-07-10,0.0,0.0,0.0,0.0
2008-07-11,0.0,0.0,0.0,0.0
2008-07-14,0.0,0.0,0.0,0.0
2008-07-15,0.0,0.0,0.0,0.0
2008-07-16,0.0,0.0,0.0,0.0
2008-07-17,20.0,20.0,20.0,0.0
2008-07-18,0.0,0.0,0.0,0.0
2008-07-21,0.0,0.0,0.0,0.0
2008-07-22,0.0,0.0,0.0,0.0
2008-07-23,0.0,0.0,0.0,0.0
2008-07-24,0.0,0.0,0.0,0.0
2008-07-25,0.0,0.0,0.0,0.0
2008-07-28,0.0,0.0,0.0,0.0
2008-07-29,0.0,0.0,0.0,0.0
2008-07-30,0.0,0.0,0.0,0.0
2008-07-31,0.0,0.0,0.0,0.0
2008-08-01,0.0,0.0,0.0,0.0
2008-08-04,0.0,0.0,0.0,0.0
2008-08-05,0.0,0.0,0.0,0.0
2008-08-06,0.0,0.0,0.0,0.0
2008-08-07,0.0,0.0,0.0,0.0
2008-08-08,0.0,0.0,0.0,0.0
2008-08-11,0.0,0.0,0.0,0.0
2008-08-12,0.0,0.0,0.0,0.0
2008-08-13,0.0,0.0,0.0,0.0
2008-08-14,0.0,0.0,0.0,0.0
2008-08-15,0.0,0.0,0.0,0.0
2008-08-18,0.0,0.0,0.0,0.0
2008-08-19,0.0,0.0,0.0,0.0
2008-08-20,0.0,0.0,0.0,0.0
2008-08-21,0.0,0.0,0.0,0.0
2008-08-22,0.0,0.0,0.0,0.0
2008-08-25,0.0,0.0,0.0,0.0
2008-08-26,0.0,0.0,0.0,0.0
2008-08-27,0.0,0.0,0.0,0.0
2008-08-28,0.0,0.0,0.0,0.0
2008-08-29,0.0,0.0,0.0,0.0
2008-09-02,0.0,0.0,0.0,0.0
2008-09-03,0.0,0.0,0.0,0.0
2008-09-04,0.0,0.0,0.0,0.0
2008-09-05,0.0,0.0,0.0,0.0
2008-09-08,150.0,150.0,150.0,85.0
2008-09-09,0.0,0.0,0.0,0.0
2008-09-10,0.0,0.0,0.0,0.0
2008-09-11,190.0,90.0,190.0,185.0
2008-09-12,0.0,0.0,0.0,0.0
2008-09-15,0.0,0.0,0.0,0.0
2008-09-16,0.0,0.0,0.0,0.0
2008-09-17,0.0,0.0,0.0,0.0
2008-09-18,0.0,0.0,0.0,0.0
2008-09-19,0.0,0.0,0.0,0.0
2008-09-22,0.0,0.0,0.0,0.0
2008-09-23,0.0,0.0,0.0,0.0
2008-09-24,0.0,0.0,0.0,0.0
2008-09-25,0.0,0.0,0.0,0.0
2008-09-26,0.0,0.0,0.0,0.0
2008-09-29,0.0,0.0,0.0,0.0
2008-09-30,0.0,0.0,0.0,0.0
2008-10-01,0.0,0.0,0.0,0.0
2008-10-02,0.0,0.0,0.0,0.0
2008-10-03,0.0,0.0,0.0,0.0
2008-10-06,0.0,0.0,0.0,0.0
2008-10-07,0.0,0.0,0.0,0.0
2008-10-08,0.0,0.0,0.0,0.0
2008-10-09,0.0,0.0,0.0,0.0
2008-10-10,,,,
2008-10-13,-455.0,-190.0,-455.0,0.0
2008-10-14,0.0,0.0,0.0,0.0
2008-10-15,0.0,0.0,0.0,0.0
2008-10-16,0.0,0.0,0.0,0.0
2008-10-17,0.0,0.0,0.0,0.0
2008-10-20,0.0,0.0,0.0,0.0
2008-10-21,0.0,0.0,0.0,0.0
2008-10-22,,,,
2008-10-23,0.0,0.0,0.0,0.0
2008-10-24,175.0,375.0,730.0,170.0
2008-10-27,0.0,0.0,0.0,0.0
2008-10-28,0.0,0.0,0.0,0.0
2008-10-29,0.0,0.0,0.0,0.0
2008-10-30,0.0,0.0,0.0,0.0
2008-10-31,0.0,0.0,0.0,0.0
2008-11-03,0.0,0.0,0.0,0.0
2008-11-04,-355.0,-140.0,-355.0,0.0
2008-11-05,0.0,0.0,0.0,0.0
2008-11-06,0.0,0.0,0.0,0.0
2008-11-07,0.0,0.0,0.0,0.0
2008-11-10,0.0,20.0,155.0,10.0
2008-11-11,0.0,0.0,0.0,0.0
2008-11-12,-315.0,-215.0,-315.0,-265.0
2008-11-13,0.0,0.0,0.0,0.0
2008-11-14,0.0,0.0,0.0,0.0
2008-11-17,0.0,0.0,0.0,0.0
2008-11-18,0.0,0.0,0.0,0.0
2008-11-19,0.0,0.0,0.0,0.0
2008-11-20,0.0,0.0,0.0,0.0
2008-11-21,0.0,0.0,0.0,0.0
2008-11-24,0.0,0.0,0.0,0.0
2008-11-25,0.0,0.0,0.0,0.0
2008-11-26,0.0,0.0,0.0,0.0
2008-11-28,0.0,0.0,0.0,0.0
2008-12-01,0.0,0.0,0.0,0.0
2008-12-02,0.0,0.0,0.0,0.0
2008-12-03,0.0,0.0,0.0,0.0
2008-12-04,0.0,0.0,0.0,0.0
2008-12-05,0.0,0.0,0.0,0.0
2008-12-08,0.0,0.0,0.0,0.0
2008-12-09,0.0,0.0,0.0,0.0
2008-12-10,0.0,0.0,0.0,0.0
2008-12-11,0.0,0.0,0.0,0.0
2008-12-12,85.0,85.0,85.0,50.0
2008-12-15,0.0,0.0,0.0,0.0
2008-12-16,0.0,0.0,0.0,0.0
2008-12-17,0.0,0.0,0.0,0.0
2008-12-18,0.0,0.0,0.0,0.0
2008-12-19,0.0,0.0,0.0,0.0
2008-12-22,0.0,0.0,0.0,0.0
2008-12-23,0.0,0.0,0.0,0.0
2008-12-24,0.0,0.0,0.0,0.0
2008-12-26,0.0,0.0,0.0,0.0
2008-12-29,,,,
2008-12-30,0.0,0.0,0.0,0.0
2008-12-31,0.0,0.0,0.0,0.0
2009-01-02,0.0,0.0,0.0,0.0
2009-01-05,0.0,0.0,0.0,0.0
2009-01-06,0.0,0.0,0.0,0.0
2009-01-07,0.0,0.0,0.0,0.0
2009-01-08,0.0,0.0,0.0,0.0
2009-01-09,0.0,0.0,0.0,0.0
2009-01-12,0.0,0.0,0.0,0.0
2009-01-13,0.0,0.0,0.0,0.0
2009-01-14,0.0,0.0,0.0,0.0
2009-01-15,0.0,0.0,0.0,0.0
2009-01-16,-185.0,-185.0,-185.0,-200.0
2009-01-20,0.0,0.0,0.0,0.0
2009-01-21,0.0,0.0,0.0,0.0
2009-01-22,0.0,0.0,0.0,0.0
2009-01-23,0.0,0.0,0.0,0.0
2009-01-26,0.0,0.0,0.0,0.0
2009-01-27,,,,
2009-01-28,0.0,0.0,0.0,0.0
2009-01-29,0.0,0.0,0.0,0.0
2009-01-30,0.0,0.0,0.0,0.0
2009-02-02,75.0,75.0,75.0,65.0
2009-02-03,0.0,0.0,0.0,0.0
2009-02-04,0.0,0.0,0.0,0.0
2009-02-05,0.0,0.0,0.0,0.0
2009-02-06,0.0,0.0,0.0,0.0
2009-02-09,0.0,0.0,0.0,0.0
2009-02-10,0.0,0.0,0.0,0.0
2009-02-11,0.0,0.0,0.0,0.0
2009-02-12,0.0,0.0,0.0,0.0
2009-02-13,0.0,0.0,0.0,0.0
2009-02-17,0.0,0.0,0.0,0.0
2009-02-18,0.0,0.0,0.0,0.0
2009-02-19,0.0,0.0,0.0,0.0
2009-02-20,25.0,25.0,25.0,0.0
2009-02-23,0.0,0.0,0.0,0.0
2009-02-24,0.0,0.0,0.0,0.0
2009-02-25,0.0,0.0,0.0,0.0
2009-02-26,0.0,0.0,0.0,0.0
2009-02-27,15.0,15.0,15.0,0.0
2009-03-02,-325.0,-265.0,-325.0,0.0
2009-03-03,0.0,0.0,0.0,0.0
2009-03-04,0.0,0.0,0.0,0.0
2009-03-05,0.0,0.0,0.0,0.0
2009-03-06,0.0,0.0,0.0,0.0
2009-03-09,0.0,0.0,0.0,0.0
2009-03-10,0.0,0.0,0.0,0.0
2009-03-11,0.0,0.0,0.0,0.0
2009-03-12,0.0,0.0,0.0,0.0
2009-03-13,0.0,0.0,0.0,0.0
2009-03-16,0.0,0.0,0.0,0.0
2009-03-17,0.0,0.0,0.0,0.0
2009-03-18,0.0,0.0,0.0,0.0
2009-03-19,0.0,0.0,0.0,0.0
2009-03-20,0.0,0.0,0.0,0.0
2009-03-23,0.0,0.0,0.0,0.0
2009-03-24,0.0,0.0,0.0,0.0
2009-03-25,0.0,0.0,0.0,0.0
2009-03-26,0.0,0.0,0.0,0.0
2009-03-27,,,,
2009-03-30,,,,
2009-03-31,0.0,0.0,0.0,0.0
2009-04-01,0.0,0.0,0.0,0.0
2009-04-02,0.0,0.0,0.0,0.0
2009-04-03,0.0,0.0,0.0,0.0
2009-04-06,0.0,0.0,0.0,0.0
2009-04-07,0.0,0.0,0.0,0.0
2009-04-08,0.0,0.0,0.0,0.0
2009-04-09,0.0,0.0,0.0,0.0
2009-04-13,0.0,0.0,0.0,0.0
2009-04-14,0.0,0.0,0.0,0.0
2009-04-15,0.0,0.0,0.0,0.0
2009-04-16,0.0,0.0,0.0,0.0
2009-04-17,,,,
2009-04-20,,,,
2009-04-21,0.0,0.0,0.0,0.0
2009-04-22,0.0,0.0,0.0,0.0
2009-04-23,0.0,0.0,0.0,0.0
2009-04-24,0.0,0.0,0.0,0.0
2009-04-27,0.0,0.0,0.0,0.0
2009-04-28,0.0,0.0,0.0,0.0
2009-04-29,0.0,0.0,0.0,0.0
2009-04-30,0.0,0.0,0.0,0.0
2009-05-01,0.0,0.0,0.0,0.0
2009-05-04,-165.0,-165.0,-165.0,0.0
2009-05-05,0.0,0.0,0.0,0.0
2009-05-06,0.0,0.0,0.0,0.0
2009-05-07,0.0,0.0,0.0,0.0
2009-05-08,0.0,0.0,0.0,0.0
2009-05-11,-140.0,-140.0,-140.0,-155.0
2009-05-12,0.0,0.0,0.0,0.0
2009-05-13,0.0,0.0,0.0,0.0
2009-05-14,0.0,0.0,0.0,0.0
2009-05-15,0.0,0.0,0.0,0.0
2009-05-18,0.0,0.0,0.0,0.0
2009-05-19,0.0,0.0,0.0,0.0
2009-05-20,0.0,0.0,0.0,0.0
2009-05-21,-315.0,-220.0,-315.0,0.0
2009-05-22,0.0,0.0,0.0,0.0
2009-05-26,0.0,0.0,0.0,0.0
2009-05-27,0.0,0.0,0.0,0.0
2009-05-28,0.0,0.0,0.0,0.0
2009-05-29,0.0,0.0,0.0,0.0
2009-06-01,0.0,0.0,0.0,0.0
2009-06-02,0.0,0.0,0.0,0.0
2009-06-03,0.0,0.0,0.0,0.0
2009-06-04,0.0,0.0,0.0,0.0
2009-06-05,35.0,35.0,35.0,0.0
2009-06-08,0.0,0.0,0.0,0.0
2009-06-09,0.0,0.0,0.0,0.0
2009-06-10,0.0,0.0,0.0,0.0
2009-06-11,0.0,0.0,0.0,0.0
2009-06-12,0.0,0.0,0.0,0.0
2009-06-15,0.0,0.0,0.0,0.0
2009-06-16,0.0,0.0,0.0,0.0
2009-06-17,0.0,0.0,0.0,0.0
2009-06-18,0.0,0.0,0.0,0.0
2009-06-19,,,,
2009-06-22,,,,
2009-06-23,0.0,0.0,0.0,0.0
2009-06-24,0.0,0.0,0.0,0.0
2009-06-25,0.0,0.0,0.0,0.0
2009-06-26,0.0,0.0,0.0,0.0
2009-06-29,0.0,0.0,0.0,0.0
2009-06-30,0.0,0.0,0.0,0.0
2009-07-01,0.0,0.0,0.0,0.0
2009-07-02,0.0,0.0,0.0,0.0
2009-07-06,-210.0,-210.0,-210.0,-235.0
2009-07-07,0.0,0.0,0.0,0.0
2009-07-08,0.0,0.0,0.0,0.0
2009-07-09,0.0,0.0,0.0,0.0
2009-07-10,0.0,0.0,0.0,0.0
2009-07-13,0.0,0.0,0.0,0.0
2009-07-14,0.0,0.0,0.0,0.0
2009-07-15,0.0,0.0,0.0,0.0
2009-07-16,0.0,0.0,0.0,0.0
2009-07-17,0.0,0.0,0.0,0.0
2009-07-20,0.0,0.0,0.0,0.0
2009-07-21,0.0,0.0,0.0,0.0
2009-07-22,0.0,0.0,0.0,0.0
2009-07-23,0.0,0.0,0.0,0.0
2009-07-24,0.0,0.0,0.0,0.0
2009-07-27,0.0,0.0,0.0,0.0
2009-07-28,0.0,0.0,0.0,0.0
2009-07-29,0.0,0.0,0.0,0.0
2009-07-30,0.0,0.0,0.0,0.0
2009-07-31,0.0,0.0,0.0,0.0
2009-08-03,0.0,0.0,0.0,0.0
2009-08-04,0.0,0.0,0.0,0.0
2009-08-05,0.0,0.0,0.0,0.0
2009-08-06,0.0,0.0,0.0,0.0
2009-08-07,0.0,0.0,0.0,0.0
2009-08-10,0.0,0.0,0.0,0.0
2009-08-11,0.0,0.0,0.0,0.0
2009-08-12,0.0,0.0,0.0,0.0
2009-08-13,0.0,0.0,0.0,0.0
2009-08-14,0.0,0.0,0.0,0.0
2009-08-17,0.0,0.0,0.0,0.0
2009-08-18,0.0,0.0,0.0,0.0
2009-08-19,0.0,0.0,0.0,0.0
2009-08-20,0.0,0.0,0.0,0.0
2009-08-21,70.0,70.0,70.0,90.0
2009-08-24,0.0,0.0,0.0,0.0
2009-08-25,0.0,0.0,0.0,0.0
2009-08-26,0.0,0.0,0.0,0.0
2009-08-27,0.0,0.0,0.0,0.0
2009-08-28,0.0,0.0,0.0,0.0
2009-08-31,0.0,0.0,0.0,0.0
2009-09-01,0.0,0.0,0.0,0.0
2009-09-02,0.0,0.0,0.0,0.0
2009-09-03,0.0,0.0,0.0,0.0
2009-09-04,-95.0,-95.0,-95.0,0.0
2009-09-08,0.0,0.0,0.0,0.0
2009-09-09,0.0,0.0,0.0,0.0
2009-09-10,0.0,0.0,0.0,0.0
2009-09-11,,,,
2009-09-14,0.0,0.0,0.0,0.0
2009-09-15,0.0,0.0,0.0,0.0
2009-09-16,-90.0,-75.0,-90.0,0.0
2009-09-17,0.0,0.0,0.0,0.0
2009-09-18,0.0,0.0,0.0,0.0
2009-09-21,0.0,0.0,0.0,0.0
2009-09-22,80.0,80.0,80.0,0.0
2009-09-23,0.0,0.0,0.0,0.0
2009-09-24,0.0,0.0,0.0,0.0
2009-09-25,0.0,0.0,0.0,0.0
2009-09-28,0.0,0.0,0.0,0.0
2009-09-29,0.0,0.0,0.0,0.0
2009-09-30,0.0,0.0,0.0,0.0
2009-10-01,0.0,0.0,0.0,0.0
2009-10-02,0.0,0.0,0.0,0.0
2009-10-05,0.0,0.0,0.0,0.0
2009-10-06,0.0,0.0,0.0,0.0
2009-10-07,0.0,0.0,0.0,0.0
2009-10-08,0.0,0.0,0.0,0.0
2009-10-09,0.0,0.0,0.0,0.0
2009-10-12,0.0,0.0,0.0,0.0
2009-10-13,0.0,0.0,0.0,0.0
2009-10-14,0.0,0.0,0.0,0.0
2009-10-15,0.0,0.0,0.0,0.0
2009-10-16,0.0,0.0,0.0,0.0
2009-10-19,0.0,0.0,0.0,0.0
2009-10-20,25.0,25.0,25.0,0.0
2009-10-21,0.0,0.0,0.0,0.0
2009-10-22,0.0,0.0,0.0,0.0
2009-10-23,0.0,0.0,0.0,0.0
2009-10-26,0.0,0.0,0.0,0.0
2009-10-27,0.0,0.0,0.0,0.0
2009-10-28,0.0,0.0,0.0,0.0
2009-10-29,0.0,0.0,0.0,0.0
2009-10-30,0.0,0.0,0.0,0.0
2009-11-02,0.0,0.0,0.0,0.0
2009-11-03,0.0,0.0,0.0,0.0
2009-11-04,0.0,0.0,0.0,0.0
2009-11-05,0.0,0.0,0.0,0.0
2009-11-06,0.0,0.0,0.0,0.0
2009-11-09,0.0,0.0,0.0,0.0
2009-11-10,0.0,0.0,0.0,0.0
2009-11-11,0.0,0.0,0.0,0.0
2009-11-12,0.0,0.0,0.0,0.0
2009-11-13,0.0,0.0,0.0,0.0
2009-11-16,0.0,0.0,0.0,0.0
2009-11-17,0.0,0.0,0.0,0.0
2009-11-18,0.0,0.0,0.0,0.0
2009-11-19,0.0,0.0,0.0,0.0
2009-11-20,0.0,0.0,0.0,0.0
2009-11-23,0.0,0.0,0.0,0.0
2009-11-24,0.0,0.0,0.0,0.0
2009-11-25,0.0,0.0,0.0,0.0
2009-11-27,0.0,0.0,0.0,0.0
2009-11-30,0.0,0.0,0.0,0.0
2009-12-01,0.0,0.0,0.0,0.0
2009-12-02,0.0,0.0,0.0,0.0
2009-12-03,0.0,0.0,0.0,0.0
2009-12-04,0.0,0.0,0.0,0.0
2009-12-07,0.0,0.0,0.0,0.0
2009-12-08,0.0,0.0,0.0,0.0
2009-12-09,0.0,0.0,0.0,0.0
2009-12-10,0.0,0.0,0.0,0.0
2009-12-11,0.0,0.0,0.0,0.0
2009-12-14,0.0,0.0,0.0,0.0
2009-12-15,0.0,0.0,0.0,0.0
2009-12-16,0.0,0.0,0.0,0.0
2009-12-17,0.0,0.0,0.0,0.0
2009-12-18,0.0,0.0,0.0,0.0
2009-12-21,0.0,0.0,0.0,0.0
2009-12-22,0.0,0.0,0.0,0.0
2009-12-23,0.0,0.0,0.0,0.0
2009-12-24,0.0,0.0,0.0,0.0
2009-12-28,0.0,0.0,0.0,0.0
2009-12-29,0.0,0.0,0.0,0.0
2009-12-30,,,,
2009-12-31,0.0,0.0,0.0,0.0
2010-01-04,0.0,0.0,0.0,0.0
2010-01-05,0.0,0.0,0.0,0.0
2010-01-06,0.0,0.0,0.0,0.0
2010-01-07,0.0,0.0,0.0,0.0
2010-01-08,0.0,0.0,0.0,0.0
2010-01-11,0.0,0.0,0.0,0.0
2010-01-12,0.0,0.0,0.0,0.0
2010-01-13,0.0,0.0,0.0,0.0
2010-01-14,0.0,0.0,0.0,0.0
2010-01-15,0.0,0.0,0.0,0.0
2010-01-19,0.0,0.0,0.0,0.0
2010-01-20,0.0,0.0,0.0,0.0
2010-01-21,0.0,0.0,0.0,0.0
2010-01-22,0.0,0.0,0.0,0.0
2010-01-25,0.0,0.0,0.0,0.0
2010-01-26,0.0,0.0,0.0,0.0
2010-01-27,0.0,0.0,0.0,0.0
2010-01-28,0.0,0.0,0.0,0.0
2010-01-29,0.0,0.0,0.0,0.0
2010-02-01,0.0,0.0,0.0,0.0
2010-02-02,0.0,0.0,0.0,-60.0
2010-02-03,0.0,0.0,0.0,0.0
2010-02-04,0.0,0.0,0.0,0.0
2010-02-05,0.0,0.0,0.0,0.0
2010-02-08,0.0,0.0,0.0,0.0
2010-02-09,0.0,0.0,0.0,0.0
2010-02-10,0.0,0.0,0.0,0.0
2010-02-11,0.0,0.0,0.0,0.0
2010-02-12,0.0,0.0,0.0,0.0
2010-02-16,-220.0,-95.0,-220.0,-215.0
2010-02-17,0.0,0.0,0.0,0.0
2010-02-18,0.0,0.0,0.0,0.0
2010-02-19,0.0,0.0,0.0,0.0
2010-02-22,0.0,0.0,0.0,0.0
2010-02-23,0.0,0.0,0.0,0.0
2010-02-24,0.0,0.0,0.0,0.0
2010-02-25,0.0,0.0,0.0,0.0
2010-02-26,0.0,0.0,0.0,0.0
2010-03-01,0.0,0.0,0.0,0.0
2010-03-02,0.0,0.0,0.0,0.0
2010-03-03,0.0,0.0,0.0,0.0
2010-03-04,0.0,0.0,0.0,0.0
2010-03-05,,,,
2010-03-08,0.0,0.0,0.0,0.0
2010-03-09,0.0,0.0,0.0,0.0
2010-03-10,0.0,0.0,0.0,0.0
2010-03-11,0.0,0.0,0.0,0.0
2010-03-12,0.0,0.0,0.0,0.0
2010-03-15,,,,
2010-03-16,0.0,0.0,0.0,0.0
2010-03-17,,,,
2010-03-18,0.0,0.0,0.0,0.0
2010-03-19,35.0,35.0,35.0,0.0
2010-03-22,110.0,110.0,110.0,105.0
2010-03-23,0.0,0.0,0.0,0.0
2010-03-24,0.0,0.0,0.0,0.0
2010-03-25,0.0,0.0,0.0,0.0
2010-03-26,0.0,0.0,0.0,0.0
2010-03-29,0.0,0.0,0.0,0.0
2010-03-30,0.0,0.0,0.0,0.0
2010-03-31,0.0,0.0,0.0,0.0
2010-04-01,0.0,0.0,0.0,0.0
2010-04-05,0.0,0.0,0.0,0.0
2010-04-06,0.0,0.0,0.0,0.0
2010-04-07,0.0,0.0,0.0,0.0
2010-04-08,0.0,0.0,0.0,0.0
2010-04-09,0.0,0.0,0.0,0.0
2010-04-12,0.0,0.0,0.0,0.0
2010-04-13,0.0,0.0,0.0,0.0
2010-04-14,0.0,0.0,0.0,0.0
2010-04-15,0.0,0.0,0.0,0.0
2010-04-16,0.0,0.0,0.0,0.0
2010-04-19,,,,
2010-04-20,110.0,50.0,110.0,0.0
2010-04-21,0.0,0.0,0.0,0.0
2010-04-22,0.0,0.0,0.0,0.0
2010-04-23,0.0,0.0,0.0,0.0
2010-04-26,0.0,0.0,0.0,0.0
2010-04-27,-135.0,-135.0,-135.0,0.0
2010-04-28,0.0,0.0,0.0,0.0
2010-04-29,0.0,0.0,0.0,0.0
2010-04-30,0.0,0.0,0.0,0.0
2010-05-03,0.0,0.0,0.0,0.0
2010-05-04,0.0,0.0,0.0,0.0
2010-05-05,0.0,0.0,0.0,0.0
2010-05-06,0.0,0.0,0.0,0.0
2010-05-07,0.0,0.0,0.0,0.0
2010-05-10,0.0,0.0,0.0,0.0
2010-05-11,0.0,0.0,0.0,0.0
2010-05-12,0.0,0.0,0.0,0.0
2010-05-13,0.0,0.0,0.0,0.0
2010-05-14,0.0,0.0,0.0,0.0
2010-05-17,0.0,0.0,0.0,0.0
2010-05-18,0.0,0.0,0.0,0.0
2010-05-19,0.0,0.0,0.0,0.0
2010-05-20,0.0,0.0,0.0,0.0
2010-05-21,0.0,0.0,0.0,0.0
2010-05-24,0.0,0.0,0.0,0.0
2010-05-25,0.0,0.0,0.0,0.0
2010-05-26,0.0,0.0,0.0,0.0
2010-05-27,0.0,0.0,0.0,0.0
2010-05-28,0.0,0.0,0.0,0.0
2010-06-01,0.0,0.0,0.0,0.0
2010-06-02,0.0,0.0,0.0,0.0
2010-06-03,0.0,0.0,0.0,0.0
2010-06-04,0.0,75.0,-135.0,-40.0
2010-06-07,0.0,0.0,0.0,0.0
2010-06-08,0.0,0.0,0.0,0.0
2010-06-09,0.0,0.0,0.0,0.0
2010-06-10,0.0,0.0,0.0,0.0
2010-06-11,0.0,0.0,0.0,0.0
2010-06-14,0.0,0.0,0.0,0.0
2010-06-15,0.0,0.0,0.0,0.0
2010-06-16,0.0,0.0,0.0,0.0
2010-06-17,0.0,0.0,0.0,0.0
2010-06-18,0.0,0.0,0.0,0.0
2010-06-21,0.0,0.0,0.0,0.0
2010-06-22,0.0,0.0,0.0,0.0
2010-06-23,0.0,0.0,0.0,0.0
2010-06-24,0.0,0.0,0.0,0.0
2010-06-25,0.0,0.0,0.0,0.0
2010-06-28,0.0,0.0,0.0,0.0
2010-06-29,0.0,0.0,0.0,0.0
2010-06-30,0.0,0.0,0.0,0.0
2010-07-01,0.0,0.0,0.0,0.0
2010-07-02,0.0,0.0,0.0,0.0
2010-07-06,0.0,0.0,0.0,0.0
2010-07-07,0.0,0.0,0.0,0.0
2010-07-08,0.0,0.0,0.0,0.0
2010-07-09,0.0,0.0,0.0,0.0
2010-07-12,0.0,0.0,0.0,0.0
2010-07-13,15.0,-75.0,-220.0,35.0
2010-07-14,0.0,0.0,0.0,0.0
2010-07-15,0.0,0.0,0.0,0.0
2010-07-16,0.0,0.0,0.0,0.0
2010-07-19,0.0,0.0,0.0,0.0
2010-07-20,95.0,20.0,195.0,0.0
2010-07-21,0.0,0.0,0.0,0.0
2010-07-22,0.0,0.0,0.0,0.0
2010-07-23,0.0,0.0,0.0,0.0
2010-07-26,0.0,0.0,0.0,0.0
2010-07-27,0.0,0.0,0.0,0.0
2010-07-28,0.0,0.0,0.0,0.0
2010-07-29,0.0,0.0,0.0,0.0
2010-07-30,0.0,0.0,0.0,0.0
2010-08-02,0.0,0.0,0.0,0.0
2010-08-03,0.0,0.0,0.0,0.0
2010-08-04,0.0,0.0,0.0,0.0
2010-08-05,0.0,0.0,0.0,0.0
2010-08-06,135.0,135.0,135.0,180.0
2010-08-09,-85.0,-90.0,-145.0,-85.0
2010-08-10,0.0,0.0,0.0,0.0
2010-08-11,0.0,0.0,0.0,0.0
2010-08-12,0.0,0.0,0.0,0.0
2010-08-13,0.0,0.0,0.0,0.0
2010-08-16,0.0,0.0,0.0,0.0
2010-08-17,,,,
2010-08-18,0.0,0.0,0.0,0.0
2010-08-19,0.0,0.0,0.0,0.0
2010-08-20,0.0,0.0,0.0,0.0
2010-08-23,0.0,0.0,0.0,0.0
2010-08-24,0.0,0.0,0.0,0.0
2010-08-25,0.0,0.0,0.0,0.0
2010-08-26,0.0,0.0,0.0,0.0
2010-08-27,0.0,0.0,0.0,0.0
2010-08-30,0.0,0.0,0.0,0.0
2010-08-31,0.0,0.0,0.0,0.0
2010-09-01,0.0,0.0,0.0,0.0
2010-09-02,0.0,0.0,0.0,0.0
2010-09-03,0.0,0.0,0.0,0.0
2010-09-07,0.0,0.0,0.0,0.0
2010-09-08,0.0,0.0,0.0,0.0
2010-09-09,0.0,0.0,0.0,0.0
2010-09-10,0.0,0.0,0.0,0.0
2010-09-13,0.0,0.0,0.0,0.0
2010-09-14,0.0,0.0,0.0,0.0
2010-09-15,0.0,0.0,0.0,0.0
2010-09-16,0.0,0.0,0.0,0.0
2010-09-17,10.0,10.0,10.0,0.0
2010-09-20,-80.0,-80.0,-80.0,0.0
2010-09-21,0.0,0.0,0.0,0.0
2010-09-22,0.0,0.0,0.0,0.0
2010-09-23,125.0,125.0,125.0,70.0
2010-09-24,0.0,0.0,0.0,0.0
2010-09-27,0.0,0.0,0.0,0.0
2010-09-28,0.0,0.0,0.0,0.0
2010-09-29,0.0,0.0,0.0,0.0
2010-09-30,-230.0,-230.0,-230.0,0.0
2010-10-01,0.0,0.0,0.0,0.0
2010-10-04,0.0,0.0,0.0,0.0
2010-10-05,0.0,0.0,0.0,0.0
2010-10-06,0.0,0.0,0.0,0.0
2010-10-07,0.0,0.0,0.0,0.0
2010-10-08,0.0,0.0,0.0,0.0
2010-10-11,0.0,0.0,0.0,0.0
2010-10-12,0.0,0.0,0.0,0.0
2010-10-13,0.0,0.0,0.0,0.0
2010-10-14,0.0,0.0,0.0,0.0
2010-10-15,0.0,0.0,0.0,0.0
2010-10-18,0.0,0.0,0.0,0.0
2010-10-19,0.0,0.0,0.0,0.0
2010-10-20,0.0,0.0,0.0,0.0
2010-10-21,0.0,0.0,0.0,0.0
2010-10-22,0.0,0.0,0.0,0.0
2010-10-25,0.0,0.0,0.0,0.0
2010-10-26,0.0,0.0,0.0,0.0
2010-10-27,0.0,0.0,0.0,0.0
2010-10-28,10.0,10.0,10.0,0.0
2010-10-29,0.0,0.0,0.0,0.0
2010-11-01,0.0,0.0,0.0,0.0
2010-11-02,0.0,0.0,0.0,0.0
2010-11-03,0.0,0.0,0.0,0.0
2010-11-04,0.0,0.0,0.0,0.0
2010-11-05,0.0,0.0,0.0,0.0
2010-11-08,0.0,0.0,0.0,0.0
2010-11-09,45.0,45.0,45.0,30.0
2010-11-10,0.0,0.0,0.0,0.0
2010-11-11,0.0,0.0,0.0,0.0
2010-11-12,0.0,0.0,0.0,0.0
2010-11-15,0.0,0.0,0.0,0.0
2010-11-16,0.0,0.0,0.0,0.0
2010-11-17,0.0,0.0,0.0,0.0
2010-11-18,0.0,0.0,0.0,0.0
2010-11-19,0.0,0.0,0.0,0.0
2010-11-22,0.0,0.0,0.0,0.0
2010-11-23,0.0,0.0,0.0,0.0
2010-11-24,0.0,0.0,0.0,0.0
2010-11-26,0.0,0.0,0.0,0.0
2010-11-29,0.0,0.0,0.0,0.0
2010-11-30,0.0,0.0,0.0,0.0
2010-12-01,0.0,0.0,0.0,0.0
2010-12-02,0.0,0.0,0.0,0.0
2010-12-03,0.0,0.0,0.0,0.0
2010-12-06,0.0,0.0,0.0,0.0
2010-12-07,0.0,0.0,0.0,0.0
2010-12-08,0.0,0.0,0.0,0.0
2010-12-09,35.0,-45.0,35.0,0.0
2010-12-10,0.0,0.0,0.0,0.0
2010-12-13,0.0,0.0,0.0,0.0
2010-12-14,0.0,0.0,0.0,0.0
2010-12-15,0.0,0.0,0.0,0.0
2010-12-16,0.0,0.0,0.0,0.0
2010-12-17,0.0,0.0,0.0,0.0
2010-12-20,0.0,0.0,0.0,0.0
2010-12-21,0.0,0.0,0.0,0.0
2010-12-22,0.0,0.0,0.0,0.0
2010-12-23,0.0,0.0,0.0,0.0
2010-12-27,,,,
2010-12-28,45.0,45.0,45.0,45.0
2010-12-29,,,,
2010-12-30,,,,
2010-12-31,,,,
2011-01-03,0.0,0.0,0.0,0.0
2011-01-04,0.0,0.0,0.0,0.0
2011-01-05,0.0,0.0,0.0,0.0
2011-01-06,0.0,0.0,0.0,0.0
2011-01-07,0.0,0.0,0.0,0.0
2011-01-10,0.0,0.0,0.0,0.0
2011-01-11,-15.0,15.0,-65.0,0.0
2011-01-12,-10.0,35.0,-85.0,-35.0
2011-01-13,0.0,0.0,0.0,0.0
2011-01-14,0.0,0.0,0.0,0.0
2011-01-18,0.0,0.0,0.0,0.0
2011-01-19,0.0,0.0,0.0,0.0
2011-01-20,-130.0,-130.0,-130.0,0.0
2011-01-21,0.0,0.0,0.0,0.0
2011-01-24,0.0,0.0,0.0,0.0
2011-01-25,0.0,0.0,0.0,0.0
2011-01-26,5.0,5.0,5.0,0.0
2011-01-27,0.0,0.0,0.0,0.0
2011-01-28,0.0,0.0,0.0,0.0
2011-01-31,0.0,0.0,0.0,0.0
2011-02-01,0.0,0.0,0.0,0.0
2011-02-02,0.0,0.0,0.0,0.0
2011-02-03,0.0,0.0,0.0,0.0
2011-02-04,0.0,0.0,0.0,0.0
2011-02-07,-90.0,-90.0,-90.0,0.0
2011-02-08,0.0,0.0,0.0,0.0
2011-02-09,0.0,0.0,0.0,0.0
2011-02-10,0.0,0.0,0.0,0.0
2011-02-11,0.0,0.0,0.0,0.0
2011-02-14,0.0,0.0,0.0,0.0
2011-02-15,0.0,0.0,0.0,0.0
2011-02-16,0.0,0.0,0.0,0.0
2011-02-17,45.0,40.0,160.0,65.0
2011-02-18,0.0,0.0,0.0,0.0
2011-02-22,0.0,0.0,0.0,0.0
2011-02-23,0.0,0.0,0.0,0.0
2011-02-24,0.0,0.0,0.0,0.0
2011-02-25,0.0,0.0,0.0,0.0
2011-02-28,0.0,0.0,0.0,0.0
2011-03-01,0.0,0.0,0.0,0.0
2011-03-02,0.0,0.0,0.0,0.0
2011-03-03,0.0,0.0,0.0,0.0
2011-03-04,0.0,0.0,0.0,0.0
2011-03-07,0.0,0.0,0.0,0.0
2011-03-08,0.0,0.0,0.0,0.0
2011-03-09,0.0,0.0,0.0,0.0
2011-03-10,0.0,0.0,0.0,0.0
2011-03-11,0.0,0.0,0.0,0.0
2011-03-14,0.0,0.0,0.0,0.0
2011-03-15,0.0,0.0,0.0,0.0
2011-03-16,0.0,0.0,0.0,0.0
2011-03-17,0.0,0.0,0.0,0.0
2011-03-18,0.0,0.0,0.0,0.0
2011-03-21,-115.0,-115.0,-115.0,0.0
2011-03-22,0.0,0.0,0.0,0.0
2011-03-23,0.0,0.0,0.0,0.0
2011-03-24,-265.0,-205.0,-265.0,0.0
2011-03-25,-145.0,-145.0,-145.0,-150.0
2011-03-28,0.0,0.0,0.0,0.0
2011-03-29,0.0,0.0,0.0,0.0
2011-03-30,0.0,0.0,0.0,0.0
2011-03-31,0.0,0.0,0.0,0.0
2011-04-01,-250.0,-195.0,-250.0,-250.0
2011-04-04,0.0,0.0,0.0,0.0
2011-04-05,0.0,0.0,0.0,0.0
2011-04-06,0.0,0.0,0.0,0.0
2011-04-07,0.0,0.0,0.0,0.0
2011-04-08,0.0,0.0,0.0,0.0
2011-04-11,0.0,0.0,0.0,0.0
2011-04-12,-125.0,-125.0,-125.0,-125.0
2011-04-13,0.0,0.0,0.0,0.0
2011-04-14,0.0,0.0,0.0,0.0
2011-04-15,0.0,0.0,0.0,0.0
2011-04-18,0.0,0.0,0.0,0.0
2011-04-19,10.0,10.0,10.0,0.0
2011-04-20,0.0,0.0,0.0,0.0
2011-04-21,0.0,0.0,0.0,0.0
2011-04-25,0.0,0.0,0.0,0.0
2011-04-26,0.0,0.0,0.0,0.0
2011-04-27,0.0,0.0,0.0,0.0
2011-04-28,0.0,0.0,0.0,0.0
2011-04-29,0.0,0.0,0.0,0.0
2011-05-02,0.0,0.0,0.0,0.0
2011-05-03,0.0,0.0,0.0,0.0
2011-05-04,0.0,0.0,0.0,0.0
2011-05-05,0.0,0.0,0.0,0.0
2011-05-06,0.0,0.0,0.0,0.0
2011-05-09,0.0,0.0,0.0,0.0
2011-05-10,0.0,0.0,0.0,0.0
2011-05-11,0.0,0.0,0.0,0.0
2011-05-12,0.0,0.0,0.0,0.0
2011-05-13,0.0,0.0,0.0,0.0
2011-05-16,0.0,0.0,0.0,0.0
2011-05-17,0.0,0.0,0.0,100.0
2011-05-18,0.0,0.0,0.0,0.0
2011-05-19,-125.0,-125.0,-125.0,-135.0
2011-05-20,0.0,0.0,0.0,0.0
2011-05-23,0.0,0.0,0.0,0.0
2011-05-24,0.0,0.0,0.0,0.0
2011-05-25,0.0,0.0,0.0,0.0
2011-05-26,0.0,0.0,0.0,0.0
2011-05-27,0.0,0.0,0.0,0.0
2011-05-31,0.0,0.0,0.0,0.0
2011-06-01,0.0,0.0,0.0,0.0
2011-06-02,0.0,0.0,0.0,0.0
2011-06-03,0.0,0.0,0.0,0.0
2011-06-06,0.0,0.0,0.0,0.0
2011-06-07,0.0,0.0,0.0,0.0
2011-06-08,-120.0,-120.0,-120.0,0.0
2011-06-09,0.0,0.0,0.0,0.0
2011-06-10,0.0,0.0,0.0,0.0
2011-06-13,0.0,0.0,0.0,0.0
2011-06-14,0.0,0.0,0.0,0.0
2011-06-15,0.0,0.0,0.0,0.0
2011-06-16,0.0,0.0,0.0,0.0
2011-06-17,270.0,50.0,300.0,285.0
2011-06-20,0.0,0.0,0.0,0.0
2011-06-21,0.0,0.0,0.0,0.0
2011-06-22,0.0,0.0,0.0,0.0
2011-06-23,0.0,0.0,0.0,0.0
2011-06-24,0.0,0.0,0.0,0.0
2011-06-27,0.0,0.0,0.0,0.0
2011-06-28,0.0,0.0,0.0,0.0
2011-06-29,0.0,0.0,0.0,0.0
2011-06-30,0.0,0.0,0.0,0.0
2011-07-01,0.0,0.0,0.0,0.0
2011-07-05,0.0,0.0,0.0,0.0
2011-07-06,0.0,0.0,0.0,0.0
2011-07-07,0.0,0.0,0.0,0.0
2011-07-08,0.0,0.0,0.0,0.0
2011-07-11,0.0,0.0,0.0,0.0
2011-07-12,0.0,0.0,0.0,0.0
2011-07-13,0.0,0.0,0.0,0.0
2011-07-14,0.0,0.0,0.0,0.0
2011-07-15,0.0,0.0,0.0,0.0
2011-07-18,0.0,0.0,0.0,0.0
2011-07-19,0.0,0.0,0.0,0.0
2011-07-20,0.0,0.0,0.0,0.0
2011-07-21,0.0,0.0,0.0,0.0
2011-07-22,0.0,0.0,0.0,0.0
2011-07-25,0.0,0.0,0.0,0.0
2011-07-26,0.0,0.0,0.0,0.0
2011-07-27,0.0,0.0,0.0,0.0
2011-07-28,0.0,0.0,0.0,0.0
2011-07-29,0.0,0.0,0.0,0.0
2011-08-01,445.0,445.0,445.0,470.0
2011-08-02,0.0,0.0,0.0,0.0
2011-08-03,0.0,0.0,0.0,0.0
2011-08-04,0.0,0.0,0.0,0.0
2011-08-05,0.0,0.0,0.0,0.0
2011-08-08,0.0,0.0,0.0,0.0
2011-08-09,0.0,0.0,0.0,0.0
2011-08-10,0.0,0.0,0.0,0.0
2011-08-11,0.0,0.0,0.0,0.0
2011-08-12,0.0,0.0,0.0,0.0
2011-08-15,0.0,0.0,0.0,0.0
2011-08-16,0.0,0.0,0.0,0.0
2011-08-17,0.0,0.0,0.0,0.0
2011-08-18,0.0,0.0,0.0,0.0
2011-08-19,0.0,0.0,0.0,0.0
2011-08-22,0.0,0.0,0.0,0.0
2011-08-23,0.0,0.0,0.0,0.0
2011-08-24,0.0,0.0,0.0,0.0
2011-08-25,0.0,0.0,0.0,0.0
2011-08-26,0.0,0.0,0.0,0.0
2011-08-29,0.0,0.0,0.0,0.0
2011-08-30,0.0,0.0,0.0,0.0
2011-08-31,0.0,0.0,0.0,0.0
2011-09-01,0.0,0.0,0.0,0.0
2011-09-02,0.0,0.0,0.0,0.0
2011-09-06,0.0,0.0,0.0,0.0
2011-09-07,0.0,0.0,0.0,0.0
2011-09-08,0.0,0.0,0.0,0.0
2011-09-09,0.0,0.0,0.0,0.0
2011-09-12,0.0,0.0,0.0,0.0
2011-09-13,0.0,0.0,0.0,0.0
2011-09-14,0.0,0.0,0.0,0.0
2011-09-15,0.0,0.0,0.0,0.0
2011-09-16,0.0,0.0,0.0,0.0
2011-09-19,0.0,0.0,0.0,0.0
2011-09-20,0.0,0.0,0.0,0.0
2011-09-21,0.0,0.0,0.0,0.0
2011-09-22,0.0,0.0,0.0,0.0
2011-09-23,0.0,0.0,0.0,0.0
2011-09-26,180.0,180.0,180.0,80.0
2011-09-27,0.0,0.0,0.0,0.0
2011-09-28,0.0,0.0,0.0,0.0
2011-09-29,0.0,0.0,0.0,0.0
2011-09-30,0.0,0.0,0.0,0.0
2011-10-03,0.0,0.0,0.0,0.0
2011-10-04,0.0,0.0,0.0,0.0
2011-10-05,0.0,0.0,0.0,0.0
2011-10-06,0.0,0.0,0.0,0.0
2011-10-07,0.0,0.0,0.0,0.0
2011-10-10,0.0,0.0,0.0,0.0
2011-10-11,0.0,0.0,0.0,0.0
2011-10-12,0.0,0.0,0.0,0.0
2011-10-13,30.0,30.0,30.0,5.0
2011-10-14,0.0,0.0,0.0,0.0
2011-10-17,0.0,0.0,0.0,0.0
2011-10-18,0.0,0.0,0.0,0.0
2011-10-19,0.0,0.0,0.0,0.0
2011-10-20,0.0,0.0,0.0,0.0
2011-10-21,0.0,0.0,0.0,0.0
2011-10-24,0.0,0.0,0.0,0.0
2011-10-25,0.0,0.0,0.0,0.0
2011-10-26,0.0,0.0,0.0,0.0
2011-10-27,0.0,0.0,0.0,0.0
2011-10-28,0.0,0.0,0.0,0.0
2011-10-31,0.0,0.0,0.0,0.0
2011-11-01,0.0,0.0,0.0,0.0
2011-11-02,165.0,255.0,-90.0,175.0
2011-11-03,210.0,210.0,210.0,205.0
2011-11-04,0.0,0.0,0.0,0.0
2011-11-07,0.0,0.0,0.0,0.0
2011-11-08,0.0,0.0,0.0,0.0
2011-11-09,0.0,0.0,0.0,0.0
2011-11-10,0.0,0.0,0.0,0.0
2011-11-11,0.0,0.0,0.0,0.0
2011-11-14,0.0,0.0,0.0,0.0
2011-11-15,0.0,0.0,0.0,0.0
2011-11-16,0.0,0.0,0.0,0.0
2011-11-17,0.0,0.0,0.0,0.0
2011-11-18,0.0,0.0,0.0,0.0
2011-11-21,0.0,0.0,0.0,0.0
2011-11-22,0.0,0.0,0.0,0.0
2011-11-23,0.0,0.0,0.0,0.0
2011-11-25,0.0,0.0,0.0,0.0
2011-11-28,0.0,0.0,0.0,0.0
2011-11-29,0.0,0.0,0.0,0.0
2011-11-30,0.0,0.0,0.0,0.0
2011-12-01,0.0,0.0,0.0,0.0
2011-12-02,0.0,0.0,0.0,0.0
2011-12-05,0.0,0.0,0.0,0.0
2011-12-06,0.0,0.0,0.0,0.0
2011-12-07,0.0,0.0,0.0,0.0
2011-12-08,0.0,0.0,0.0,0.0
2011-12-09,0.0,0.0,0.0,0.0
2011-12-12,0.0,0.0,0.0,0.0
2011-12-13,0.0,0.0,0.0,0.0
2011-12-14,0.0,0.0,0.0,0.0
2011-12-15,0.0,0.0,0.0,0.0
2011-12-16,0.0,0.0,0.0,0.0
2011-12-19,0.0,0.0,0.0,0.0
2011-12-20,0.0,0.0,0.0,0.0
2011-12-21,0.0,0.0,0.0,0.0
2011-12-22,0.0,0.0,0.0,0.0
2011-12-23,0.0,0.0,0.0,0.0
2011-12-27,0.0,0.0,0.0,0.0
2011-12-28,0.0,0.0,0.0,0.0
2011-12-29,0.0,0.0,0.0,0.0
2011-12-30,0.0,0.0,0.0,0.0
2012-01-03,0.0,0.0,0.0,0.0
2012-01-04,0.0,0.0,0.0,0.0
2012-01-05,0.0,0.0,0.0,0.0
2012-01-06,0.0,0.0,0.0,0.0
2012-01-09,0.0,0.0,0.0,0.0
2012-01-10,0.0,0.0,0.0,0.0
2012-01-11,0.0,0.0,0.0,0.0
2012-01-12,65.0,65.0,65.0,0.0
2012-01-13,0.0,0.0,0.0,0.0
2012-01-17,0.0,0.0,0.0,0.0
2012-01-18,0.0,0.0,0.0,0.0
2012-01-19,0.0,0.0,0.0,0.0
2012-01-20,25.0,-60.0,-55.0,15.0
2012-01-23,0.0,0.0,0.0,0.0
2012-01-24,0.0,0.0,0.0,0.0
2012-01-25,0.0,0.0,0.0,0.0
2012-01-26,-115.0,-115.0,-115.0,-135.0
2012-01-27,0.0,0.0,0.0,0.0
2012-01-30,0.0,0.0,0.0,0.0
2012-01-31,0.0,0.0,0.0,0.0
2012-02-01,0.0,0.0,0.0,0.0
2012-02-02,0.0,0.0,0.0,0.0
2012-02-03,0.0,0.0,0.0,0.0
2012-02-06,0.0,0.0,0.0,0.0
2012-02-07,0.0,0.0,0.0,0.0
2012-02-08,0.0,0.0,0.0,0.0
2012-02-09,0.0,0.0,0.0,0.0
2012-02-10,0.0,0.0,0.0,0.0
2012-02-13,0.0,0.0,0.0,0.0
2012-02-14,0.0,0.0,0.0,0.0
2012-02-15,0.0,0.0,0.0,0.0
2012-02-16,0.0,0.0,0.0,0.0
2012-02-17,0.0,0.0,0.0,0.0
2012-02-21,0.0,0.0,0.0,0.0
2012-02-22,0.0,0.0,0.0,0.0
2012-02-23,0.0,0.0,0.0,0.0
2012-02-24,0.0,0.0,0.0,0.0
2012-02-27,0.0,0.0,0.0,0.0
2012-02-28,0.0,0.0,0.0,0.0
2012-02-29,0.0,0.0,0.0,0.0
2012-03-01,0.0,0.0,0.0,0.0
2012-03-02,0.0,0.0,0.0,0.0
2012-03-05,0.0,0.0,0.0,0.0
2012-03-06,0.0,0.0,0.0,0.0
2012-03-07,0.0,0.0,0.0,0.0
2012-03-08,0.0,0.0,0.0,0.0
2012-03-09,0.0,0.0,0.0,0.0
2012-03-12,0.0,0.0,0.0,0.0
2012-03-13,0.0,0.0,0.0,0.0
2012-03-14,0.0,0.0,0.0,0.0
2012-03-15,0.0,0.0,0.0,0.0
2012-03-16,0.0,0.0,0.0,0.0
2012-03-19,0.0,0.0,0.0,0.0
2012-03-20,0.0,0.0,0.0,0.0
2012-03-21,,,,
2012-03-22,,,,
2012-03-23,0.0,0.0,0.0,0.0
2012-03-26,0.0,0.0,0.0,0.0
2012-03-27,0.0,0.0,0.0,0.0
2012-03-28,0.0,0.0,0.0,0.0
2012-03-29,0.0,0.0,0.0,0.0
2012-03-30,145.0,145.0,145.0,85.0
2012-04-02,0.0,0.0,0.0,0.0
2012-04-03,0.0,0.0,0.0,0.0
2012-04-04,0.0,0.0,0.0,0.0
2012-04-05,0.0,0.0,0.0,0.0
2012-04-09,0.0,0.0,0.0,0.0
2012-04-10,0.0,0.0,0.0,0.0
2012-04-11,0.0,0.0,0.0,0.0
2012-04-12,0.0,0.0,0.0,0.0
2012-04-13,0.0,0.0,0.0,0.0
2012-04-16,0.0,0.0,0.0,0.0
2012-04-17,0.0,0.0,0.0,0.0
2012-04-18,0.0,0.0,0.0,0.0
2012-04-19,0.0,0.0,0.0,0.0
2012-04-20,0.0,0.0,0.0,0.0
2012-04-23,0.0,0.0,0.0,0.0
2012-04-24,0.0,0.0,0.0,0.0
2012-04-25,0.0,0.0,0.0,0.0
2012-04-26,0.0,0.0,0.0,0.0
2012-04-27,100.0,100.0,100.0,80.0
2012-04-30,0.0,0.0,0.0,0.0
2012-05-01,10.0,10.0,10.0,0.0
2012-05-02,-210.0,-20.0,-210.0,-240.0
2012-05-03,0.0,0.0,0.0,0.0
2012-05-04,0.0,0.0,0.0,0.0
2012-05-07,0.0,0.0,0.0,0.0
2012-05-08,0.0,0.0,0.0,0.0
2012-05-09,0.0,0.0,0.0,0.0
2012-05-10,0.0,0.0,0.0,0.0
2012-05-11,0.0,0.0,0.0,0.0
2012-05-14,0.0,0.0,0.0,0.0
2012-05-15,0.0,0.0,0.0,0.0
2012-05-16,0.0,0.0,0.0,0.0
2012-05-17,0.0,0.0,0.0,0.0
2012-05-18,0.0,0.0,0.0,0.0
2012-05-21,0.0,0.0,0.0,0.0
2012-05-22,35.0,35.0,35.0,15.0
2012-05-23,-280.0,-280.0,-280.0,-355.0
2012-05-24,0.0,0.0,0.0,0.0
2012-05-25,0.0,0.0,0.0,0.0
2012-05-29,0.0,0.0,0.0,0.0
2012-05-30,0.0,0.0,0.0,0.0
2012-05-31,0.0,0.0,0.0,0.0
2012-06-01,0.0,0.0,0.0,0.0
2012-06-04,0.0,0.0,0.0,0.0
2012-06-05,0.0,0.0,0.0,0.0
2012-06-06,0.0,0.0,0.0,0.0
2012-06-07,0.0,0.0,0.0,0.0
2012-06-08,20.0,20.0,20.0,0.0
2012-06-11,0.0,0.0,0.0,40.0
2012-06-12,0.0,0.0,0.0,0.0
2012-06-13,0.0,0.0,0.0,0.0
2012-06-14,0.0,0.0,0.0,0.0
2012-06-15,0.0,0.0,0.0,0.0
2012-06-18,0.0,0.0,0.0,0.0
2012-06-19,0.0,0.0,0.0,0.0
2012-06-20,0.0,0.0,0.0,0.0
2012-06-21,0.0,0.0,0.0,0.0
2012-06-22,0.0,0.0,0.0,0.0
2012-06-25,0.0,0.0,0.0,0.0
2012-06-26,0.0,0.0,0.0,0.0
2012-06-27,0.0,0.0,0.0,0.0
2012-06-28,0.0,0.0,0.0,0.0
2012-06-29,0.0,0.0,0.0,0.0
2012-07-02,0.0,0.0,0.0,0.0
2012-07-03,0.0,0.0,0.0,0.0
2012-07-05,0.0,0.0,0.0,0.0
2012-07-06,0.0,0.0,0.0,0.0
2012-07-09,0.0,0.0,0.0,0.0
2012-07-10,0.0,0.0,0.0,0.0
2012-07-11,0.0,0.0,0.0,0.0
2012-07-12,0.0,0.0,0.0,0.0
2012-07-13,0.0,0.0,0.0,0.0
2012-07-16,0.0,0.0,0.0,0.0
2012-07-17,195.0,195.0,195.0,235.0
2012-07-18,0.0,0.0,0.0,0.0
2012-07-19,0.0,0.0,0.0,0.0
2012-07-20,0.0,0.0,0.0,0.0
2012-07-23,0.0,0.0,0.0,0.0
2012-07-24,0.0,0.0,0.0,0.0
2012-07-25,-145.0,-40.0,-145.0,-220.0
2012-07-26,0.0,0.0,0.0,0.0
2012-07-27,-160.0,-160.0,-160.0,0.0
2012-07-30,0.0,0.0,0.0,0.0
2012-07-31,0.0,0.0,0.0,0.0
2012-08-01,300.0,215.0,300.0,295.0
2012-08-02,175.0,175.0,175.0,165.0
2012-08-03,0.0,0.0,0.0,0.0
2012-08-06,0.0,0.0,0.0,0.0
2012-08-07,0.0,0.0,0.0,0.0
2012-08-08,0.0,0.0,0.0,0.0
2012-08-09,0.0,0.0,0.0,0.0
2012-08-10,0.0,0.0,0.0,0.0
2012-08-13,0.0,0.0,0.0,0.0
2012-08-14,0.0,0.0,0.0,0.0
2012-08-15,0.0,0.0,0.0,0.0
2012-08-16,0.0,0.0,0.0,0.0
2012-08-17,0.0,0.0,0.0,0.0
2012-08-20,0.0,0.0,0.0,0.0
2012-08-21,0.0,0.0,0.0,0.0
2012-08-22,0.0,0.0,0.0,0.0
2012-08-23,0.0,0.0,0.0,0.0
2012-08-24,0.0,0.0,0.0,0.0
2012-08-27,0.0,0.0,0.0,75.0
2012-08-28,0.0,0.0,0.0,0.0
2012-08-29,0.0,0.0,0.0,0.0
2012-08-30,0.0,0.0,0.0,-155.0
2012-08-31,320.0,320.0,320.0,300.0
2012-09-04,0.0,0.0,0.0,0.0
2012-09-05,0.0,0.0,0.0,0.0
2012-09-06,0.0,0.0,0.0,0.0
2012-09-07,0.0,0.0,0.0,0.0
2012-09-10,0.0,0.0,0.0,0.0
2012-09-11,0.0,0.0,0.0,0.0
2012-09-12,0.0,0.0,0.0,0.0
2012-09-13,0.0,0.0,0.0,0.0
2012-09-14,0.0,0.0,0.0,0.0
2012-09-17,0.0,0.0,0.0,0.0
2012-09-18,0.0,0.0,0.0,0.0
2012-09-19,0.0,0.0,0.0,0.0
2012-09-20,0.0,0.0,0.0,0.0
2012-09-21,0.0,0.0,0.0,0.0
2012-09-24,0.0,0.0,0.0,0.0
2012-09-25,-130.0,-35.0,-130.0,-105.0
2012-09-26,0.0,0.0,0.0,0.0
2012-09-27,0.0,0.0,0.0,0.0
2012-09-28,0.0,0.0,0.0,0.0
2012-10-01,0.0,0.0,0.0,0.0
2012-10-02,0.0,0.0,0.0,0.0
2012-10-03,0.0,0.0,0.0,0.0
2012-10-04,0.0,0.0,0.0,0.0
2012-10-05,0.0,0.0,0.0,0.0
2012-10-08,0.0,0.0,0.0,0.0
2012-10-09,0.0,0.0,0.0,0.0
2012-10-10,0.0,0.0,0.0,0.0
2012-10-11,0.0,0.0,0.0,0.0
2012-10-12,0.0,0.0,0.0,0.0
2012-10-15,0.0,0.0,0.0,0.0
2012-10-16,0.0,0.0,0.0,0.0
2012-10-17,0.0,0.0,0.0,0.0
2012-10-18,0.0,0.0,0.0,0.0
2012-10-19,0.0,0.0,0.0,0.0
2012-10-22,0.0,0.0,0.0,0.0
2012-10-23,-190.0,-40.0,-190.0,-225.0
2012-10-24,0.0,0.0,0.0,0.0
2012-10-25,0.0,0.0,0.0,0.0
2012-10-26,0.0,0.0,0.0,0.0
2012-10-31,0.0,0.0,0.0,0.0
2012-11-01,0.0,0.0,0.0,0.0
2012-11-02,90.0,90.0,90.0,0.0
2012-11-05,0.0,0.0,0.0,0.0
2012-11-06,0.0,0.0,0.0,0.0
2012-11-07,0.0,0.0,0.0,0.0
2012-11-08,0.0,0.0,0.0,0.0
2012-11-09,0.0,0.0,0.0,0.0
2012-11-12,0.0,0.0,0.0,0.0
2012-11-13,120.0,120.0,120.0,60.0
2012-11-14,0.0,0.0,0.0,0.0
2012-11-15,0.0,0.0,0.0,0.0
2012-11-16,0.0,0.0,0.0,0.0
2012-11-19,0.0,0.0,0.0,0.0
2012-11-20,0.0,0.0,0.0,0.0
2012-11-21,0.0,0.0,0.0,0.0
2012-11-23,0.0,0.0,0.0,0.0
2012-11-26,0.0,0.0,0.0,0.0
2012-11-27,0.0,0.0,0.0,0.0
2012-11-28,0.0,0.0,0.0,0.0
2012-11-29,0.0,0.0,0.0,0.0
2012-11-30,0.0,0.0,0.0,0.0
2012-12-03,0.0,0.0,0.0,0.0
2012-12-04,0.0,0.0,0.0,0.0
2012-12-05,0.0,0.0,0.0,0.0
2012-12-06,0.0,0.0,0.0,0.0
2012-12-07,130.0,130.0,130.0,110.0
2012-12-10,0.0,0.0,0.0,0.0
2012-12-11,0.0,0.0,0.0,0.0
2012-12-12,0.0,0.0,0.0,0.0
2012-12-13,-185.0,-185.0,-185.0,-205.0
2012-12-14,-170.0,-140.0,-145.0,0.0
2012-12-17,0.0,0.0,0.0,0.0
2012-12-18,0.0,0.0,0.0,0.0
2012-12-19,60.0,60.0,60.0,55.0
2012-12-20,0.0,0.0,0.0,0.0
2012-12-21,0.0,0.0,0.0,0.0
2012-12-24,0.0,0.0,0.0,0.0
2012-12-26,0.0,0.0,0.0,0.0
2012-12-27,0.0,0.0,0.0,0.0
2012-12-28,0.0,0.0,0.0,0.0
2012-12-31,0.0,0.0,0.0,0.0
2013-01-02,0.0,0.0,0.0,0.0
2013-01-03,0.0,0.0,0.0,0.0
2013-01-04,0.0,0.0,0.0,0.0
2013-01-07,0.0,0.0,0.0,0.0
2013-01-08,0.0,0.0,0.0,0.0
2013-01-09,0.0,0.0,0.0,0.0
2013-01-10,0.0,0.0,0.0,0.0
2013-01-11,0.0,0.0,0.0,0.0
2013-01-14,-155.0,-155.0,-155.0,-150.0
2013-01-15,0.0,0.0,0.0,0.0
2013-01-16,0.0,0.0,0.0,0.0
2013-01-17,-125.0,-90.0,-125.0,-130.0
2013-01-18,-55.0,-40.0,-180.0,0.0
2013-01-22,0.0,0.0,0.0,0.0
2013-01-23,0.0,0.0,0.0,0.0
2013-01-24,0.0,0.0,0.0,0.0
2013-01-25,0.0,0.0,0.0,0.0
2013-01-28,0.0,0.0,0.0,0.0
2013-01-29,0.0,0.0,0.0,0.0
2013-01-30,0.0,0.0,0.0,0.0
2013-01-31,0.0,0.0,0.0,0.0
2013-02-01,0.0,0.0,0.0,0.0
2013-02-04,0.0,0.0,0.0,0.0
2013-02-05,0.0,0.0,0.0,0.0
2013-02-06,0.0,0.0,0.0,0.0
2013-02-07,0.0,0.0,0.0,0.0
2013-02-08,0.0,0.0,0.0,0.0
2013-02-11,0.0,0.0,0.0,0.0
2013-02-12,0.0,0.0,0.0,0.0
2013-02-13,0.0,0.0,0.0,0.0
2013-02-14,-45.0,-85.0,65.0,-50.0
2013-02-15,0.0,0.0,0.0,0.0
2013-02-19,0.0,0.0,0.0,0.0
2013-02-20,0.0,0.0,0.0,0.0
2013-02-21,0.0,0.0,0.0,0.0
2013-02-22,0.0,0.0,0.0,0.0
2013-02-25,0.0,0.0,0.0,0.0
2013-02-26,0.0,0.0,0.0,0.0
2013-02-27,0.0,0.0,0.0,0.0
2013-02-28,0.0,0.0,0.0,0.0
2013-03-01,0.0,0.0,0.0,0.0
2013-03-04,0.0,0.0,0.0,0.0
2013-03-05,0.0,0.0,0.0,0.0
2013-03-06,45.0,45.0,45.0,0.0
2013-03-07,0.0,0.0,0.0,0.0
2013-03-08,,,,
2013-03-11,0.0,0.0,0.0,0.0
2013-03-12,0.0,0.0,0.0,0.0
2013-03-13,0.0,0.0,0.0,0.0
2013-03-14,0.0,0.0,0.0,0.0
2013-03-15,0.0,0.0,0.0,0.0
2013-03-18,0.0,0.0,0.0,0.0
2013-03-19,0.0,0.0,0.0,0.0
2013-03-20,35.0,40.0,105.0,0.0
2013-03-21,0.0,0.0,0.0,0.0
2013-03-22,0.0,0.0,0.0,0.0
2013-03-25,0.0,0.0,0.0,0.0
2013-03-26,0.0,0.0,0.0,0.0
2013-03-27,0.0,0.0,0.0,0.0
2013-03-28,0.0,0.0,0.0,0.0
2013-04-01,0.0,0.0,0.0,0.0
2013-04-02,0.0,0.0,0.0,0.0
2013-04-03,0.0,0.0,0.0,0.0
2013-04-04,0.0,0.0,0.0,0.0
2013-04-05,0.0,0.0,0.0,0.0
2013-04-08,0.0,0.0,0.0,0.0
2013-04-09,0.0,0.0,0.0,0.0
2013-04-10,0.0,0.0,0.0,0.0
2013-04-11,0.0,0.0,0.0,0.0
2013-04-12,0.0,0.0,0.0,0.0
2013-04-15,0.0,0.0,0.0,0.0
2013-04-16,0.0,0.0,0.0,0.0
2013-04-17,0.0,0.0,0.0,0.0
2013-04-18,0.0,0.0,0.0,0.0
2013-04-19,0.0,0.0,0.0,0.0
2013-04-22,-135.0,-40.0,-190.0,0.0
2013-04-23,0.0,0.0,0.0,0.0
2013-04-24,0.0,0.0,0.0,0.0
2013-04-25,0.0,0.0,0.0,0.0
2013-04-26,0.0,0.0,0.0,0.0
2013-04-29,0.0,0.0,0.0,0.0
2013-04-30,0.0,0.0,0.0,0.0
2013-05-01,0.0,0.0,0.0,0.0
2013-05-02,0.0,0.0,0.0,0.0
2013-05-03,0.0,0.0,0.0,0.0
2013-05-06,0.0,0.0,0.0,0.0
2013-05-07,0.0,0.0,0.0,0.0
2013-05-08,0.0,0.0,0.0,0.0
2013-05-09,0.0,0.0,0.0,0.0
2013-05-10,0.0,0.0,0.0,0.0
2013-05-13,0.0,0.0,0.0,0.0
2013-05-14,0.0,0.0,0.0,0.0
2013-05-15,0.0,0.0,0.0,0.0
2013-05-16,0.0,0.0,0.0,0.0
2013-05-17,0.0,0.0,0.0,0.0
2013-05-20,0.0,0.0,0.0,0.0
2013-05-21,0.0,0.0,0.0,0.0
2013-05-22,0.0,0.0,0.0,0.0
2013-05-23,0.0,0.0,0.0,0.0
2013-05-24,0.0,0.0,0.0,0.0
2013-05-28,0.0,0.0,0.0,0.0
2013-05-29,0.0,0.0,0.0,0.0
2013-05-30,0.0,0.0,0.0,0.0
2013-05-31,0.0,0.0,0.0,0.0
2013-06-03,0.0,0.0,0.0,0.0
2013-06-04,0.0,0.0,0.0,0.0
2013-06-05,0.0,0.0,0.0,0.0
2013-06-06,0.0,0.0,0.0,0.0
2013-06-07,0.0,0.0,0.0,0.0
2013-06-10,0.0,0.0,0.0,0.0
2013-06-11,0.0,0.0,0.0,0.0
2013-06-12,0.0,0.0,0.0,0.0
2013-06-13,45.0,0.0,45.0,55.0
2013-06-14,,,,
2013-06-17,0.0,0.0,0.0,0.0
2013-06-18,0.0,0.0,0.0,0.0
2013-06-19,0.0,0.0,0.0,0.0
2013-06-20,0.0,0.0,0.0,0.0
2013-06-21,0.0,0.0,0.0,0.0
2013-06-24,0.0,0.0,0.0,0.0
2013-06-25,120.0,335.0,165.0,105.0
2013-06-26,0.0,0.0,0.0,0.0
2013-06-27,0.0,0.0,0.0,0.0
2013-06-28,15.0,15.0,15.0,0.0
2013-07-01,0.0,0.0,0.0,0.0
2013-07-02,0.0,0.0,0.0,0.0
2013-07-03,0.0,0.0,0.0,0.0
2013-07-05,200.0,0.0,200.0,240.0
2013-07-08,0.0,0.0,0.0,0.0
2013-07-09,0.0,0.0,0.0,0.0
2013-07-10,0.0,0.0,0.0,0.0
2013-07-11,,,,
2013-07-12,,,,
2013-07-15,,,,
2013-07-16,,,,
2013-07-17,0.0,0.0,0.0,0.0
2013-07-18,0.0,0.0,0.0,0.0
2013-07-19,0.0,0.0,0.0,0.0
2013-07-22,90.0,90.0,90.0,90.0
2013-07-23,0.0,0.0,0.0,0.0
2013-07-24,0.0,0.0,0.0,0.0
2013-07-25,0.0,0.0,0.0,0.0
2013-07-26,0.0,0.0,0.0,0.0
2013-07-29,0.0,0.0,0.0,0.0
2013-07-30,0.0,0.0,0.0,0.0
2013-07-31,0.0,0.0,0.0,0.0
2013-08-01,0.0,0.0,0.0,0.0
2013-08-02,0.0,0.0,0.0,0.0
2013-08-05,0.0,0.0,0.0,0.0
2013-08-06,0.0,0.0,0.0,0.0
2013-08-07,0.0,0.0,0.0,0.0
2013-08-08,0.0,0.0,0.0,0.0
2013-08-09,0.0,0.0,0.0,0.0
2013-08-12,145.0,145.0,145.0,95.0
2013-08-13,0.0,0.0,0.0,0.0
2013-08-14,0.0,0.0,0.0,0.0
2013-08-15,0.0,0.0,0.0,0.0
2013-08-16,0.0,0.0,0.0,0.0
2013-08-19,0.0,0.0,0.0,0.0
2013-08-20,0.0,0.0,0.0,0.0
2013-08-21,0.0,0.0,0.0,0.0
2013-08-22,0.0,0.0,0.0,0.0
2013-08-23,0.0,0.0,0.0,0.0
2013-08-26,0.0,0.0,0.0,0.0
2013-08-27,0.0,0.0,0.0,0.0
2013-08-28,0.0,0.0,0.0,0.0
2013-08-29,0.0,0.0,0.0,0.0
2013-08-30,0.0,0.0,0.0,0.0
2013-09-03,0.0,0.0,0.0,0.0
2013-09-04,0.0,0.0,0.0,0.0
2013-09-05,0.0,0.0,0.0,0.0
2013-09-06,0.0,0.0,0.0,0.0
2013-09-09,0.0,0.0,0.0,0.0
2013-09-10,0.0,0.0,0.0,0.0
2013-09-11,0.0,0.0,0.0,0.0
2013-09-12,0.0,0.0,0.0,0.0
2013-09-13,0.0,0.0,0.0,0.0
2013-09-16,0.0,0.0,0.0,0.0
2013-09-17,0.0,0.0,0.0,0.0
2013-09-18,-115.0,-85.0,-115.0,0.0
2013-09-19,-75.0,-30.0,-15.0,-45.0
2013-09-20,0.0,0.0,0.0,0.0
2013-09-23,0.0,0.0,0.0,0.0
2013-09-24,0.0,0.0,0.0,0.0
2013-09-25,0.0,0.0,0.0,0.0
2013-09-26,0.0,0.0,0.0,0.0
2013-09-27,0.0,0.0,0.0,0.0
2013-09-30,0.0,0.0,0.0,0.0
2013-10-01,0.0,0.0,0.0,0.0
2013-10-02,0.0,0.0,0.0,0.0
2013-10-03,0.0,0.0,0.0,0.0
2013-10-04,0.0,0.0,0.0,0.0
2013-10-07,0.0,0.0,0.0,0.0
2013-10-08,0.0,0.0,0.0,0.0
2013-10-09,0.0,0.0,0.0,0.0
2013-10-10,0.0,0.0,0.0,0.0
2013-10-11,0.0,0.0,0.0,0.0
2013-10-14,0.0,0.0,0.0,0.0
2013-10-15,0.0,0.0,0.0,0.0
2013-10-16,0.0,0.0,0.0,0.0
2013-10-17,0.0,0.0,0.0,0.0
2013-10-18,0.0,0.0,0.0,0.0
2013-10-21,0.0,0.0,0.0,0.0
2013-10-22,0.0,0.0,0.0,0.0
2013-10-23,0.0,0.0,0.0,0.0
2013-10-24,0.0,0.0,0.0,0.0
2013-10-25,0.0,0.0,0.0,0.0
2013-10-28,0.0,0.0,0.0,0.0
2013-10-29,100.0,100.0,100.0,85.0
2013-10-30,0.0,0.0,0.0,0.0
2013-10-31,0.0,0.0,0.0,0.0
2013-11-01,0.0,0.0,0.0,0.0
2013-11-04,0.0,0.0,0.0,0.0
2013-11-05,0.0,0.0,0.0,0.0
2013-11-06,-215.0,-215.0,-215.0,-190.0
2013-11-07,0.0,0.0,0.0,0.0
2013-11-08,0.0,0.0,0.0,0.0
2013-11-11,0.0,0.0,0.0,0.0
2013-11-12,0.0,0.0,0.0,0.0
2013-11-13,325.0,225.0,325.0,305.0
2013-11-14,0.0,0.0,0.0,0.0
2013-11-15,0.0,0.0,0.0,0.0
2013-11-18,0.0,0.0,0.0,0.0
2013-11-19,0.0,0.0,0.0,0.0
2013-11-20,0.0,0.0,0.0,0.0
2013-11-21,0.0,0.0,0.0,0.0
2013-11-22,0.0,0.0,0.0,0.0
2013-11-25,0.0,0.0,0.0,0.0
2013-11-26,0.0,0.0,0.0,0.0
2013-11-27,0.0,0.0,0.0,0.0
2013-11-29,0.0,0.0,0.0,0.0
2013-12-02,0.0,0.0,0.0,0.0
2013-12-03,0.0,0.0,0.0,0.0
2013-12-04,235.0,235.0,235.0,0.0
2013-12-05,0.0,0.0,0.0,0.0
2013-12-06,0.0,0.0,0.0,0.0
2013-12-09,0.0,0.0,0.0,0.0
2013-12-10,0.0,0.0,0.0,0.0
2013-12-11,0.0,0.0,0.0,0.0
2013-12-12,0.0,0.0,0.0,0.0
2013-12-13,0.0,0.0,0.0,0.0
2013-12-16,0.0,0.0,0.0,0.0
2013-12-17,0.0,0.0,0.0,0.0
2013-12-18,0.0,0.0,0.0,0.0
2013-12-19,0.0,0.0,0.0,0.0
2013-12-20,0.0,0.0,0.0,0.0
2013-12-23,0.0,0.0,0.0,0.0
2013-12-24,0.0,0.0,0.0,0.0
2013-12-26,0.0,0.0,0.0,0.0
2013-12-27,,,,
2013-12-30,,,,
2013-12-31,0.0,0.0,0.0,0.0
2014-01-02,0.0,0.0,0.0,0.0
2014-01-03,0.0,0.0,0.0,0.0
2014-01-06,0.0,0.0,0.0,0.0
2014-01-07,0.0,0.0,0.0,0.0
2014-01-08,0.0,0.0,0.0,0.0
2014-01-09,0.0,0.0,0.0,0.0
2014-01-10,0.0,0.0,0.0,0.0
2014-01-13,0.0,0.0,0.0,0.0
2014-01-14,0.0,0.0,0.0,0.0
2014-01-15,0.0,0.0,0.0,0.0
2014-01-16,0.0,0.0,0.0,0.0
2014-01-17,0.0,0.0,0.0,0.0
2014-01-21,0.0,0.0,0.0,0.0
2014-01-22,20.0,20.0,20.0,0.0
2014-01-23,0.0,0.0,0.0,0.0
2014-01-24,0.0,0.0,0.0,0.0
2014-01-27,,,,
2014-01-28,,,,
2014-01-29,,,,
2014-01-30,,,,
2014-01-31,,,,
2014-02-03,,,,
2014-02-04,0.0,0.0,0.0,0.0
2014-02-05,0.0,0.0,0.0,0.0
2014-02-06,0.0,0.0,0.0,0.0
2014-02-07,0.0,0.0,0.0,0.0
2014-02-10,0.0,0.0,0.0,0.0
2014-02-11,0.0,0.0,0.0,0.0
2014-02-12,0.0,0.0,0.0,0.0
2014-02-13,150.0,150.0,150.0,150.0
2014-02-14,0.0,0.0,0.0,0.0
2014-02-18,0.0,0.0,0.0,0.0
2014-02-19,0.0,0.0,0.0,0.0
2014-02-20,0.0,0.0,0.0,0.0
2014-02-21,-170.0,-170.0,-170.0,0.0
2014-02-24,0.0,0.0,0.0,0.0
2014-02-25,0.0,0.0,0.0,0.0
2014-02-26,0.0,0.0,0.0,0.0
2014-02-27,0.0,0.0,0.0,0.0
2014-02-28,0.0,0.0,0.0,0.0
2014-03-03,-55.0,135.0,-160.0,-110.0
2014-03-04,0.0,0.0,0.0,0.0
2014-03-05,0.0,0.0,0.0,0.0
2014-03-06,0.0,0.0,0.0,0.0
2014-03-07,0.0,0.0,0.0,0.0
2014-03-10,0.0,0.0,0.0,0.0
2014-03-11,25.0,25.0,25.0,0.0
2014-03-12,0.0,0.0,0.0,0.0
2014-03-13,-145.0,-145.0,-145.0,0.0
2014-03-14,0.0,0.0,0.0,0.0
2014-03-17,0.0,0.0,0.0,0.0
2014-03-18,0.0,0.0,0.0,0.0
2014-03-19,0.0,0.0,0.0,0.0
2014-03-20,0.0,0.0,0.0,0.0
2014-03-21,205.0,205.0,205.0,175.0
2014-03-24,0.0,0.0,0.0,0.0
2014-03-25,0.0,0.0,0.0,0.0
2014-03-26,0.0,0.0,0.0,0.0
2014-03-27,0.0,0.0,0.0,0.0
2014-03-28,0.0,0.0,0.0,0.0
2014-03-31,0.0,0.0,0.0,0.0
2014-04-01,0.0,0.0,0.0,0.0
2014-04-02,20.0,20.0,20.0,0.0
2014-04-03,0.0,0.0,0.0,0.0
2014-04-04,0.0,0.0,0.0,0.0
2014-04-07,65.0,65.0,65.0,0.0
2014-04-08,0.0,0.0,0.0,0.0
2014-04-09,-325.0,-325.0,-325.0,0.0
2014-04-10,0.0,0.0,0.0,0.0
2014-04-11,90.0,90.0,90.0,0.0
2014-04-14,0.0,0.0,0.0,0.0
2014-04-15,0.0,0.0,0.0,0.0
2014-04-16,15.0,20.0,20.0,0.0
2014-04-17,0.0,0.0,0.0,0.0
2014-04-21,0.0,0.0,0.0,0.0
2014-04-22,0.0,0.0,0.0,0.0
2014-04-23,0.0,0.0,0.0,0.0
2014-04-24,570.0,570.0,570.0,470.0
2014-04-25,0.0,0.0,0.0,0.0
2014-04-28,0.0,0.0,0.0,0.0
2014-04-29,0.0,0.0,0.0,0.0
2014-04-30,0.0,0.0,0.0,0.0
2014-05-01,0.0,0.0,0.0,0.0
2014-05-02,0.0,0.0,0.0,0.0
2014-05-05,145.0,145.0,145.0,130.0
2014-05-06,0.0,0.0,0.0,0.0
2014-05-07,0.0,0.0,0.0,0.0
2014-05-08,0.0,0.0,0.0,0.0
2014-05-09,0.0,0.0,0.0,0.0
2014-05-12,0.0,0.0,0.0,0.0
2014-05-13,0.0,0.0,0.0,0.0
2014-05-14,-135.0,-135.0,-135.0,0.0
2014-05-15,0.0,0.0,0.0,0.0
2014-05-16,0.0,0.0,0.0,0.0
2014-05-19,0.0,0.0,0.0,0.0
2014-05-20,0.0,0.0,0.0,0.0
2014-05-21,0.0,0.0,0.0,0.0
2014-05-22,0.0,0.0,0.0,0.0
2014-05-23,0.0,0.0,0.0,0.0
2014-05-27,0.0,0.0,0.0,0.0
2014-05-28,0.0,0.0,0.0,0.0
2014-05-29,0.0,0.0,0.0,0.0
2014-05-30,0.0,0.0,0.0,0.0
2014-06-02,0.0,0.0,0.0,0.0
2014-06-03,0.0,0.0,0.0,0.0
2014-06-04,0.0,0.0,0.0,0.0
2014-06-05,0.0,0.0,0.0,0.0
2014-06-06,0.0,0.0,0.0,0.0
2014-06-09,0.0,0.0,0.0,0.0
2014-06-10,0.0,0.0,0.0,0.0
2014-06-11,0.0,0.0,0.0,0.0
2014-06-12,0.0,0.0,0.0,0.0
2014-06-13,0.0,0.0,0.0,0.0
2014-06-16,0.0,0.0,0.0,0.0
2014-06-17,0.0,0.0,0.0,0.0
2014-06-18,0.0,0.0,0.0,0.0
2014-06-19,0.0,0.0,0.0,0.0
2014-06-20,0.0,0.0,0.0,0.0
2014-06-23,0.0,0.0,0.0,0.0
2014-06-24,0.0,0.0,0.0,0.0
2014-06-25,0.0,0.0,0.0,0.0
2014-06-26,0.0,0.0,0.0,0.0
2014-06-27,0.0,0.0,0.0,0.0
2014-06-30,0.0,0.0,0.0,0.0
2014-07-01,0.0,0.0,0.0,0.0
2014-07-02,0.0,0.0,0.0,0.0
2014-07-03,-175.0,-175.0,-175.0,-185.0
2014-07-07,0.0,0.0,0.0,0.0
2014-07-08,0.0,0.0,0.0,0.0
2014-07-09,0.0,0.0,0.0,0.0
2014-07-10,0.0,0.0,0.0,0.0
2014-07-11,0.0,0.0,0.0,0.0
2014-07-14,0.0,0.0,0.0,0.0
2014-07-15,0.0,0.0,0.0,0.0
2014-07-16,-115.0,-115.0,-115.0,0.0
2014-07-17,60.0,60.0,60.0,35.0
2014-07-18,0.0,0.0,0.0,0.0
2014-07-21,0.0,0.0,0.0,0.0
2014-07-22,0.0,0.0,0.0,0.0
2014-07-23,0.0,0.0,0.0,0.0
2014-07-24,0.0,0.0,0.0,0.0
2014-07-25,0.0,0.0,0.0,0.0
2014-07-28,0.0,0.0,0.0,0.0
2014-07-29,0.0,0.0,0.0,0.0
2014-07-30,0.0,0.0,0.0,0.0
2014-07-31,0.0,0.0,0.0,0.0
2014-08-01,0.0,0.0,0.0,0.0
2014-08-04,0.0,0.0,0.0,0.0
2014-08-05,0.0,0.0,0.0,0.0
2014-08-06,345.0,315.0,345.0,310.0
2014-08-07,0.0,0.0,0.0,0.0
2014-08-08,0.0,0.0,0.0,0.0
2014-08-11,0.0,0.0,0.0,0.0
2014-08-12,0.0,0.0,0.0,0.0
2014-08-13,0.0,0.0,0.0,0.0
2014-08-14,0.0,0.0,0.0,0.0
2014-08-15,0.0,0.0,0.0,0.0
2014-08-18,,,,
2014-08-19,0.0,0.0,0.0,0.0
2014-08-20,0.0,0.0,0.0,0.0
2014-08-21,0.0,0.0,0.0,0.0
2014-08-22,10.0,10.0,10.0,0.0
2014-08-25,0.0,0.0,0.0,0.0
2014-08-26,0.0,0.0,0.0,0.0
2014-08-27,0.0,0.0,0.0,0.0
2014-08-28,30.0,-65.0,40.0,0.0
2014-08-29,80.0,80.0,80.0,65.0
2014-09-02,0.0,0.0,0.0,0.0
2014-09-03,5.0,5.0,5.0,0.0
2014-09-04,0.0,0.0,0.0,0.0
2014-09-05,0.0,0.0,0.0,0.0
2014-09-08,0.0,0.0,0.0,0.0
2014-09-09,0.0,0.0,0.0,0.0
2014-09-10,0.0,0.0,0.0,0.0
2014-09-11,0.0,0.0,0.0,0.0
2014-09-12,0.0,0.0,0.0,0.0
2014-09-15,0.0,0.0,0.0,0.0
2014-09-16,170.0,170.0,170.0,220.0
2014-09-17,0.0,0.0,0.0,0.0
2014-09-18,0.0,0.0,0.0,0.0
2014-09-19,0.0,0.0,0.0,0.0
2014-09-22,0.0,0.0,0.0,0.0
2014-09-23,0.0,0.0,0.0,0.0
2014-09-24,0.0,0.0,0.0,0.0
2014-09-25,0.0,0.0,0.0,0.0
2014-09-26,0.0,0.0,0.0,0.0
2014-09-29,480.0,125.0,710.0,495.0
2014-09-30,0.0,0.0,0.0,0.0
2014-10-01,0.0,0.0,0.0,0.0
2014-10-02,0.0,0.0,0.0,0.0
2014-10-03,-250.0,-250.0,-250.0,-270.0
2014-10-06,0.0,0.0,0.0,0.0
2014-10-07,0.0,0.0,0.0,0.0
2014-10-08,0.0,0.0,0.0,0.0
2014-10-09,0.0,0.0,0.0,0.0
2014-10-10,-645.0,-645.0,-645.0,0.0
2014-10-13,0.0,0.0,0.0,0.0
2014-10-14,0.0,0.0,0.0,0.0
2014-10-15,0.0,0.0,0.0,0.0
2014-10-16,0.0,0.0,0.0,0.0
2014-10-17,-545.0,-545.0,-545.0,-545.0
2014-10-20,0.0,0.0,0.0,0.0
2014-10-21,0.0,0.0,0.0,0.0
2014-10-22,0.0,0.0,0.0,0.0
2014-10-23,-180.0,-180.0,-180.0,-125.0
2014-10-24,0.0,0.0,0.0,0.0
2014-10-27,0.0,0.0,0.0,0.0
2014-10-28,0.0,0.0,0.0,0.0
2014-10-29,0.0,0.0,0.0,0.0
2014-10-30,0.0,0.0,0.0,0.0
2014-10-31,0.0,0.0,0.0,0.0
2014-11-03,0.0,0.0,0.0,0.0
2014-11-04,-210.0,130.0,-220.0,0.0
2014-11-05,160.0,160.0,160.0,155.0
2014-11-06,0.0,0.0,0.0,0.0
2014-11-07,0.0,0.0,0.0,0.0
2014-11-10,0.0,0.0,0.0,0.0
2014-11-11,0.0,0.0,0.0,0.0
2014-11-12,0.0,0.0,0.0,0.0
2014-11-13,0.0,0.0,0.0,0.0
2014-11-14,0.0,0.0,0.0,0.0
2014-11-17,0.0,0.0,0.0,0.0
2014-11-18,0.0,0.0,0.0,0.0
2014-11-19,0.0,0.0,0.0,0.0
2014-11-20,0.0,0.0,0.0,0.0
2014-11-21,0.0,0.0,0.0,0.0
2014-11-24,0.0,0.0,0.0,0.0
2014-11-25,0.0,0.0,0.0,0.0
2014-11-26,0.0,0.0,0.0,0.0
2014-11-28,0.0,0.0,0.0,0.0
2014-12-01,0.0,0.0,0.0,0.0
2014-12-02,0.0,0.0,0.0,0.0
2014-12-03,0.0,0.0,0.0,0.0
2014-12-04,0.0,0.0,0.0,0.0
2014-12-05,0.0,0.0,0.0,0.0
2014-12-08,170.0,170.0,170.0,155.0
2014-12-09,0.0,0.0,0.0,0.0
2014-12-10,0.0,0.0,0.0,0.0
2014-12-11,0.0,0.0,0.0,0.0
2014-12-12,150.0,150.0,150.0,160.0
2014-12-15,0.0,0.0,0.0,0.0
2014-12-16,-655.0,-655.0,-655.0,-655.0
2014-12-17,0.0,0.0,0.0,0.0
2014-12-18,0.0,0.0,0.0,0.0
2014-12-19,0.0,0.0,0.0,0.0
2014-12-22,0.0,0.0,0.0,0.0
2014-12-23,80.0,80.0,80.0,0.0
2014-12-24,0.0,0.0,0.0,0.0
2014-12-26,0.0,0.0,0.0,0.0
2014-12-29,0.0,0.0,0.0,0.0
2014-12-30,-225.0,-225.0,-225.0,0.0
2014-12-31,0.0,0.0,0.0,0.0
2015-01-02,0.0,0.0,0.0,0.0
2015-01-05,0.0,0.0,0.0,0.0
2015-01-06,0.0,0.0,0.0,0.0
2015-01-07,0.0,0.0,0.0,0.0
2015-01-08,0.0,0.0,0.0,0.0
2015-01-09,0.0,0.0,0.0,0.0
2015-01-12,0.0,0.0,0.0,0.0
2015-01-13,0.0,0.0,0.0,0.0
2015-01-14,105.0,175.0,-85.0,55.0
2015-01-15,0.0,0.0,0.0,0.0
2015-01-16,0.0,0.0,0.0,0.0
2015-01-20,55.0,55.0,55.0,0.0
2015-01-21,0.0,0.0,0.0,0.0
2015-01-22,0.0,0.0,0.0,0.0
2015-01-23,0.0,0.0,0.0,0.0
2015-01-26,0.0,0.0,0.0,0.0
2015-01-27,0.0,0.0,0.0,0.0
2015-01-28,0.0,0.0,0.0,0.0
2015-01-29,0.0,0.0,0.0,0.0
2015-01-30,0.0,0.0,0.0,0.0
2015-02-02,0.0,0.0,0.0,0.0
2015-02-03,0.0,0.0,0.0,0.0
2015-02-04,0.0,0.0,0.0,0.0
2015-02-05,0.0,0.0,0.0,0.0
2015-02-06,0.0,0.0,0.0,0.0
2015-02-09,0.0,0.0,0.0,0.0
2015-02-10,-140.0,-140.0,-140.0,-130.0
2015-02-11,0.0,0.0,0.0,0.0
2015-02-12,0.0,0.0,0.0,0.0
2015-02-13,0.0,0.0,0.0,0.0
2015-02-17,0.0,0.0,0.0,0.0
2015-02-18,0.0,0.0,0.0,0.0
2015-02-19,0.0,0.0,0.0,0.0
2015-02-20,0.0,0.0,0.0,0.0
2015-02-23,0.0,0.0,0.0,0.0
2015-02-24,0.0,0.0,0.0,0.0
2015-02-25,0.0,0.0,0.0,0.0
2015-02-26,0.0,0.0,0.0,0.0
2015-02-27,0.0,0.0,0.0,0.0
2015-03-02,0.0,0.0,0.0,0.0
2015-03-03,0.0,0.0,0.0,0.0
2015-03-04,0.0,0.0,0.0,0.0
2015-03-05,-125.0,-125.0,-125.0,0.0
2015-03-06,0.0,0.0,0.0,0.0
2015-03-09,0.0,0.0,0.0,0.0
2015-03-10,0.0,0.0,0.0,0.0
2015-03-11,0.0,0.0,0.0,0.0
2015-03-12,0.0,0.0,0.0,0.0
2015-03-13,0.0,0.0,0.0,0.0
2015-03-16,0.0,0.0,0.0,0.0
2015-03-17,0.0,0.0,0.0,0.0
2015-03-18,0.0,0.0,0.0,0.0
2015-03-19,0.0,0.0,0.0,0.0
2015-03-20,0.0,0.0,0.0,0.0
2015-03-23,50.0,50.0,50.0,5.0
2015-03-24,0.0,0.0,0.0,0.0
2015-03-25,0.0,0.0,0.0,0.0
2015-03-26,0.0,0.0,0.0,0.0
2015-03-27,0.0,0.0,0.0,0.0
2015-03-30,0.0,0.0,0.0,0.0
2015-03-31,0.0,0.0,0.0,0.0
2015-04-01,0.0,0.0,0.0,0.0
2015-04-02,0.0,0.0,0.0,0.0
2015-04-06,285.0,285.0,285.0,205.0
2015-04-07,0.0,0.0,0.0,0.0
2015-04-08,0.0,0.0,0.0,0.0
2015-04-09,0.0,0.0,0.0,0.0
2015-04-10,0.0,0.0,0.0,0.0
2015-04-13,0.0,0.0,0.0,0.0
2015-04-14,0.0,0.0,0.0,0.0
2015-04-15,0.0,0.0,0.0,0.0
2015-04-16,0.0,0.0,0.0,0.0
2015-04-17,0.0,0.0,0.0,0.0
2015-04-20,0.0,0.0,0.0,0.0
2015-04-21,0.0,0.0,0.0,0.0
2015-04-22,0.0,0.0,0.0,0.0
2015-04-23,0.0,0.0,0.0,0.0
2015-04-24,0.0,0.0,0.0,0.0
2015-04-27,0.0,0.0,0.0,0.0
2015-04-28,0.0,0.0,0.0,0.0
2015-04-29,0.0,0.0,0.0,0.0
2015-04-30,-200.0,-200.0,-200.0,-305.0
2015-05-01,0.0,0.0,0.0,0.0
2015-05-04,0.0,0.0,0.0,0.0
2015-05-05,0.0,0.0,0.0,0.0
2015-05-06,0.0,0.0,0.0,0.0
2015-05-07,0.0,0.0,0.0,0.0
2015-05-08,0.0,0.0,0.0,0.0
2015-05-11,0.0,0.0,0.0,0.0
2015-05-12,0.0,0.0,0.0,0.0
2015-05-13,0.0,0.0,0.0,0.0
2015-05-14,-175.0,90.0,-175.0,-155.0
2015-05-15,55.0,55.0,55.0,15.0
2015-05-18,0.0,0.0,0.0,0.0
2015-05-19,0.0,0.0,0.0,0.0
2015-05-20,0.0,0.0,0.0,0.0
2015-05-21,0.0,0.0,0.0,0.0
2015-05-22,0.0,0.0,0.0,0.0
2015-05-26,0.0,0.0,0.0,0.0
2015-05-27,0.0,0.0,0.0,0.0
2015-05-28,0.0,0.0,0.0,0.0
2015-05-29,0.0,0.0,0.0,0.0
2015-06-01,0.0,0.0,0.0,0.0
2015-06-02,0.0,0.0,0.0,0.0
2015-06-03,0.0,0.0,0.0,0.0
2015-06-04,135.0,135.0,135.0,170.0
2015-06-05,0.0,0.0,0.0,0.0
2015-06-08,0.0,0.0,0.0,0.0
2015-06-09,0.0,0.0,0.0,0.0
2015-06-10,0.0,0.0,0.0,0.0
2015-06-11,0.0,0.0,0.0,0.0
2015-06-12,0.0,0.0,0.0,0.0
2015-06-15,0.0,0.0,0.0,0.0
2015-06-16,0.0,0.0,0.0,0.0
2015-06-17,0.0,0.0,0.0,0.0
2015-06-18,0.0,0.0,0.0,0.0
2015-06-19,0.0,0.0,0.0,0.0
2015-06-22,0.0,0.0,0.0,0.0
2015-06-23,0.0,0.0,0.0,0.0
2015-06-24,0.0,0.0,0.0,0.0
2015-06-25,0.0,0.0,0.0,0.0
2015-06-26,0.0,0.0,0.0,0.0
2015-06-29,0.0,0.0,0.0,0.0
2015-06-30,0.0,0.0,0.0,0.0
2015-07-01,0.0,0.0,0.0,0.0
2015-07-02,0.0,0.0,0.0,0.0
2015-07-06,235.0,45.0,235.0,240.0
2015-07-07,0.0,0.0,0.0,0.0
2015-07-08,0.0,0.0,0.0,0.0
2015-07-09,295.0,45.0,205.0,290.0
2015-07-10,0.0,0.0,0.0,0.0
2015-07-13,0.0,0.0,0.0,0.0
2015-07-14,0.0,0.0,0.0,0.0
2015-07-15,0.0,0.0,0.0,0.0
2015-07-16,0.0,0.0,0.0,0.0
2015-07-17,0.0,0.0,0.0,0.0
2015-07-20,0.0,0.0,0.0,0.0
2015-07-21,0.0,0.0,0.0,0.0
2015-07-22,0.0,0.0,0.0,0.0
2015-07-23,0.0,0.0,0.0,0.0
2015-07-24,0.0,0.0,0.0,0.0
2015-07-27,0.0,0.0,0.0,0.0
2015-07-28,0.0,0.0,0.0,0.0
2015-07-29,0.0,0.0,0.0,0.0
2015-07-30,0.0,0.0,0.0,0.0
2015-07-31,0.0,0.0,0.0,0.0
2015-08-03,0.0,0.0,0.0,0.0
2015-08-04,0.0,0.0,0.0,0.0
2015-08-05,0.0,0.0,0.0,0.0
2015-08-06,0.0,0.0,0.0,0.0
2015-08-07,0.0,0.0,0.0,0.0
2015-08-10,0.0,0.0,0.0,0.0
2015-08-11,0.0,0.0,0.0,0.0
2015-08-12,0.0,0.0,0.0,0.0
2015-08-13,0.0,0.0,0.0,0.0
2015-08-14,0.0,0.0,0.0,0.0
2015-08-17,0.0,0.0,0.0,0.0
2015-08-18,0.0,0.0,0.0,0.0
2015-08-19,0.0,0.0,0.0,0.0
2015-08-20,0.0,0.0,0.0,0.0
2015-08-21,0.0,0.0,0.0,0.0
2015-08-24,0.0,0.0,0.0,0.0
2015-08-25,0.0,0.0,0.0,0.0
2015-08-26,0.0,0.0,0.0,0.0
2015-08-27,0.0,0.0,0.0,0.0
2015-08-28,0.0,0.0,0.0,0.0
2015-08-31,0.0,0.0,0.0,0.0
2015-09-01,0.0,0.0,0.0,0.0
2015-09-02,0.0,0.0,0.0,0.0
2015-09-03,0.0,0.0,0.0,0.0
2015-09-04,0.0,0.0,0.0,0.0
2015-09-08,0.0,0.0,0.0,0.0
2015-09-09,0.0,0.0,0.0,0.0
2015-09-10,110.0,110.0,110.0,35.0
2015-09-11,0.0,0.0,0.0,0.0
2015-09-14,0.0,0.0,0.0,0.0
2015-09-15,0.0,0.0,0.0,0.0
2015-09-16,0.0,0.0,0.0,0.0
2015-09-17,0.0,0.0,0.0,0.0
2015-09-18,0.0,0.0,0.0,0.0
2015-09-21,0.0,0.0,0.0,0.0
2015-09-22,0.0,0.0,0.0,0.0
2015-09-23,0.0,0.0,0.0,0.0
2015-09-24,0.0,0.0,0.0,0.0
2015-09-25,0.0,0.0,0.0,0.0
2015-09-28,0.0,0.0,0.0,0.0
2015-09-29,0.0,0.0,0.0,0.0
2015-09-30,0.0,0.0,0.0,0.0
2015-10-01,0.0,0.0,0.0,0.0
2015-10-02,0.0,0.0,0.0,0.0
2015-10-05,0.0,0.0,0.0,0.0
2015-10-06,0.0,0.0,0.0,0.0
2015-10-07,0.0,0.0,0.0,0.0
2015-10-08,0.0,0.0,0.0,0.0
2015-10-09,0.0,0.0,0.0,0.0
2015-10-12,0.0,0.0,0.0,0.0
2015-10-13,330.0,280.0,330.0,280.0
2015-10-14,0.0,0.0,0.0,0.0
2015-10-15,0.0,0.0,0.0,0.0
2015-10-16,0.0,0.0,0.0,0.0
2015-10-19,0.0,0.0,0.0,0.0
2015-10-20,0.0,0.0,0.0,0.0
2015-10-21,0.0,0.0,0.0,0.0
2015-10-22,0.0,0.0,0.0,0.0
2015-10-23,0.0,0.0,0.0,0.0
2015-10-26,0.0,0.0,0.0,0.0
2015-10-27,0.0,0.0,0.0,0.0
2015-10-28,0.0,0.0,0.0,0.0
2015-10-29,0.0,0.0,0.0,0.0
2015-10-30,0.0,0.0,0.0,0.0
2015-11-02,0.0,0.0,0.0,0.0
2015-11-03,0.0,0.0,0.0,0.0
2015-11-04,0.0,0.0,0.0,0.0
2015-11-05,0.0,0.0,0.0,0.0
2015-11-06,0.0,0.0,0.0,0.0
2015-11-09,0.0,0.0,0.0,0.0
2015-11-10,0.0,0.0,0.0,0.0
2015-11-11,80.0,80.0,80.0,35.0
2015-11-12,0.0,0.0,0.0,0.0
2015-11-13,0.0,0.0,0.0,0.0
2015-11-16,0.0,0.0,0.0,0.0
2015-11-17,10.0,10.0,10.0,0.0
2015-11-18,0.0,0.0,0.0,0.0
2015-11-19,0.0,0.0,0.0,0.0
2015-11-20,0.0,0.0,0.0,0.0
2015-11-23,0.0,0.0,0.0,0.0
2015-11-24,-285.0,5.0,-285.0,-280.0
2015-11-25,0.0,0.0,0.0,0.0
2015-11-27,0.0,0.0,0.0,0.0
2015-11-30,180.0,180.0,180.0,125.0
2015-12-01,0.0,0.0,0.0,0.0
2015-12-02,0.0,0.0,0.0,0.0
2015-12-03,0.0,0.0,0.0,0.0
2015-12-04,0.0,0.0,0.0,0.0
2015-12-07,0.0,0.0,0.0,0.0
2015-12-08,0.0,0.0,0.0,0.0
2015-12-09,0.0,0.0,0.0,0.0
2015-12-10,0.0,0.0,0.0,0.0
2015-12-11,0.0,0.0,0.0,0.0
2015-12-14,0.0,0.0,0.0,0.0
2015-12-15,0.0,0.0,0.0,0.0
2015-12-16,0.0,0.0,0.0,0.0
2015-12-17,155.0,155.0,155.0,0.0
2015-12-18,0.0,0.0,0.0,0.0
2015-12-21,0.0,0.0,0.0,0.0
2015-12-22,0.0,0.0,0.0,0.0
2015-12-23,0.0,0.0,0.0,0.0
2015-12-24,0.0,0.0,0.0,0.0
2015-12-28,0.0,0.0,0.0,0.0
2015-12-29,0.0,0.0,0.0,0.0
2015-12-30,0.0,0.0,0.0,0.0
2015-12-31,0.0,0.0,0.0,0.0
2016-01-04,0.0,0.0,0.0,0.0
2016-01-05,0.0,0.0,0.0,0.0
2016-01-06,0.0,0.0,0.0,0.0
2016-01-07,0.0,0.0,0.0,0.0
2016-01-08,0.0,0.0,0.0,0.0
2016-01-11,0.0,0.0,0.0,0.0
2016-01-12,0.0,0.0,0.0,0.0
2016-01-13,0.0,0.0,0.0,0.0
2016-01-14,0.0,0.0,0.0,0.0
2016-01-15,0.0,0.0,0.0,0.0
2016-01-19,20.0,175.0,285.0,30.0
2016-01-20,0.0,0.0,0.0,0.0
2016-01-21,0.0,0.0,0.0,0.0
2016-01-22,0.0,0.0,0.0,0.0
2016-01-25,0.0,0.0,0.0,0.0
2016-01-26,0.0,0.0,0.0,0.0
2016-01-27,0.0,0.0,0.0,0.0
2016-01-28,0.0,0.0,0.0,0.0
2016-01-29,0.0,0.0,0.0,0.0
2016-02-01,0.0,0.0,0.0,0.0
2016-02-02,0.0,0.0,0.0,0.0
2016-02-03,0.0,0.0,0.0,0.0
2016-02-04,0.0,0.0,0.0,0.0
2016-02-05,0.0,0.0,0.0,0.0
2016-02-08,0.0,0.0,0.0,0.0
2016-02-09,0.0,0.0,0.0,0.0
2016-02-10,0.0,0.0,0.0,0.0
2016-02-11,,,,
2016-02-12,,,,
2016-02-16,0.0,0.0,0.0,0.0
2016-02-17,0.0,0.0,0.0,0.0
2016-02-18,0.0,0.0,0.0,0.0
2016-02-19,0.0,0.0,0.0,0.0
2016-02-22,0.0,0.0,0.0,0.0
2016-02-23,0.0,0.0,0.0,0.0
2016-02-24,0.0,0.0,0.0,0.0
2016-02-25,10.0,10.0,10.0,0.0
2016-02-26,0.0,0.0,0.0,0.0
2016-02-29,0.0,0.0,0.0,0.0
2016-03-01,0.0,0.0,0.0,0.0
2016-03-02,0.0,0.0,0.0,0.0
2016-03-03,0.0,0.0,0.0,0.0
2016-03-04,0.0,0.0,0.0,0.0
2016-03-07,0.0,0.0,0.0,0.0
2016-03-08,0.0,0.0,0.0,0.0
2016-03-09,0.0,0.0,0.0,0.0
2016-03-10,0.0,0.0,0.0,0.0
2016-03-11,0.0,0.0,0.0,0.0
2016-03-14,0.0,0.0,0.0,0.0
2016-03-15,0.0,0.0,0.0,0.0
2016-03-16,0.0,0.0,0.0,0.0
2016-03-17,0.0,0.0,0.0,0.0
2016-03-18,190.0,190.0,190.0,175.0
2016-03-21,0.0,0.0,0.0,0.0
2016-03-22,0.0,0.0,0.0,0.0
2016-03-23,0.0,0.0,0.0,0.0
2016-03-24,0.0,0.0,0.0,0.0
2016-03-28,0.0,0.0,0.0,0.0
2016-03-29,0.0,0.0,0.0,0.0
2016-03-30,0.0,0.0,0.0,0.0
2016-03-31,0.0,0.0,0.0,0.0
2016-04-01,0.0,0.0,0.0,0.0
2016-04-04,0.0,0.0,0.0,0.0
2016-04-05,0.0,0.0,0.0,0.0
2016-04-06,0.0,0.0,0.0,0.0
2016-04-07,0.0,0.0,0.0,0.0
2016-04-08,0.0,0.0,0.0,0.0
2016-04-11,0.0,0.0,0.0,0.0
2016-04-12,0.0,0.0,0.0,0.0
2016-04-13,0.0,0.0,0.0,0.0
2016-04-14,0.0,0.0,0.0,0.0
2016-04-15,0.0,0.0,0.0,0.0
2016-04-18,215.0,215.0,215.0,205.0
2016-04-19,0.0,0.0,0.0,0.0
2016-04-20,0.0,0.0,0.0,0.0
2016-04-21,0.0,0.0,0.0,0.0
2016-04-22,0.0,0.0,0.0,0.0
2016-04-25,0.0,0.0,0.0,0.0
2016-04-26,0.0,0.0,0.0,0.0
2016-04-27,0.0,0.0,0.0,0.0
2016-04-28,0.0,0.0,0.0,0.0
2016-04-29,0.0,0.0,0.0,0.0
2016-05-02,0.0,0.0,0.0,0.0
2016-05-03,0.0,0.0,0.0,0.0
2016-05-04,0.0,0.0,0.0,0.0
2016-05-05,0.0,0.0,0.0,0.0
2016-05-06,50.0,50.0,50.0,25.0
2016-05-09,0.0,0.0,0.0,0.0
2016-05-10,0.0,0.0,0.0,0.0
2016-05-11,0.0,0.0,0.0,0.0
2016-05-12,0.0,0.0,0.0,0.0
2016-05-13,0.0,0.0,0.0,0.0
2016-05-16,0.0,0.0,0.0,0.0
2016-05-17,0.0,0.0,0.0,0.0
2016-05-18,0.0,0.0,0.0,0.0
2016-05-19,0.0,0.0,0.0,0.0
2016-05-20,0.0,0.0,0.0,0.0
2016-05-23,0.0,0.0,0.0,0.0
2016-05-24,0.0,0.0,0.0,0.0
2016-05-25,0.0,0.0,0.0,0.0
2016-05-26,0.0,0.0,0.0,0.0
2016-05-27,0.0,0.0,0.0,0.0
2016-05-31,0.0,0.0,0.0,0.0
2016-06-01,0.0,0.0,0.0,0.0
2016-06-02,0.0,0.0,0.0,0.0
2016-06-03,0.0,0.0,0.0,0.0
2016-06-06,0.0,0.0,0.0,0.0
2016-06-07,0.0,0.0,0.0,0.0
2016-06-08,0.0,0.0,0.0,0.0
2016-06-09,-80.0,-60.0,-55.0,-90.0
2016-06-10,0.0,0.0,0.0,0.0
2016-06-13,255.0,5.0,255.0,185.0
2016-06-14,0.0,0.0,0.0,0.0
2016-06-15,0.0,0.0,0.0,0.0
2016-06-16,0.0,0.0,0.0,0.0
2016-06-17,0.0,0.0,0.0,0.0
2016-06-20,0.0,0.0,0.0,0.0
2016-06-21,0.0,0.0,0.0,0.0
2016-06-22,0.0,0.0,0.0,0.0
2016-06-23,0.0,0.0,0.0,0.0
2016-06-24,0.0,0.0,0.0,0.0
2016-06-27,0.0,0.0,0.0,0.0
2016-06-28,0.0,0.0,0.0,0.0
2016-06-29,0.0,0.0,0.0,0.0
2016-06-30,0.0,0.0,0.0,0.0
2016-07-01,0.0,0.0,0.0,0.0
2016-07-05,0.0,0.0,0.0,0.0
2016-07-06,0.0,0.0,0.0,0.0
2016-07-07,0.0,0.0,0.0,0.0
2016-07-08,0.0,0.0,0.0,0.0
2016-07-11,0.0,0.0,0.0,0.0
2016-07-12,0.0,0.0,0.0,0.0
2016-07-13,0.0,0.0,0.0,0.0
2016-07-14,-175.0,-175.0,-175.0,-175.0
2016-07-15,160.0,85.0,160.0,0.0
2016-07-18,0.0,0.0,0.0,0.0
2016-07-19,0.0,0.0,0.0,0.0
2016-07-20,0.0,0.0,0.0,0.0
2016-07-21,0.0,0.0,0.0,0.0
2016-07-22,0.0,0.0,0.0,0.0
2016-07-25,0.0,0.0,0.0,0.0
2016-07-26,0.0,0.0,0.0,0.0
2016-07-27,0.0,0.0,0.0,0.0
2016-07-28,0.0,0.0,0.0,0.0
2016-07-29,0.0,0.0,0.0,85.0
2016-08-01,0.0,0.0,0.0,0.0
2016-08-02,0.0,0.0,0.0,0.0
2016-08-03,0.0,0.0,0.0,0.0
2016-08-04,0.0,0.0,0.0,0.0
2016-08-05,0.0,0.0,0.0,0.0
2016-08-08,0.0,0.0,0.0,0.0
2016-08-09,0.0,0.0,0.0,0.0
2016-08-10,0.0,0.0,0.0,0.0
2016-08-11,0.0,0.0,0.0,0.0
2016-08-12,0.0,0.0,0.0,0.0
2016-08-15,0.0,0.0,0.0,0.0
2016-08-16,0.0,0.0,0.0,0.0
2016-08-17,0.0,0.0,0.0,0.0
2016-08-18,0.0,0.0,0.0,0.0
2016-08-19,0.0,0.0,0.0,0.0
2016-08-22,0.0,0.0,0.0,0.0
2016-08-23,0.0,0.0,0.0,0.0
2016-08-24,0.0,0.0,0.0,0.0
2016-08-25,0.0,0.0,0.0,0.0
2016-08-26,0.0,0.0,0.0,0.0
2016-08-29,0.0,0.0,0.0,0.0
2016-08-30,0.0,0.0,0.0,0.0
2016-08-31,0.0,0.0,0.0,0.0
2016-09-01,0.0,0.0,0.0,0.0
2016-09-02,0.0,0.0,0.0,0.0
2016-09-06,0.0,0.0,0.0,0.0
2016-09-07,0.0,0.0,0.0,0.0
2016-09-08,0.0,0.0,0.0,0.0
2016-09-09,0.0,0.0,0.0,0.0
2016-09-12,0.0,0.0,0.0,0.0
2016-09-13,0.0,0.0,0.0,0.0
2016-09-14,0.0,0.0,0.0,0.0
2016-09-15,0.0,0.0,0.0,0.0
2016-09-16,0.0,0.0,0.0,0.0
2016-09-19,0.0,0.0,0.0,0.0
2016-09-20,0.0,0.0,0.0,0.0
2016-09-21,0.0,0.0,0.0,0.0
2016-09-22,0.0,0.0,0.0,0.0
2016-09-23,0.0,0.0,0.0,0.0
2016-09-26,0.0,0.0,0.0,0.0
2016-09-27,0.0,0.0,0.0,0.0
2016-09-28,25.0,25.0,25.0,0.0
2016-09-29,0.0,0.0,0.0,0.0
2016-09-30,0.0,0.0,0.0,0.0
2016-10-03,0.0,0.0,0.0,0.0
2016-10-04,0.0,0.0,0.0,0.0
2016-10-05,0.0,0.0,0.0,0.0
2016-10-06,0.0,0.0,0.0,0.0
2016-10-07,0.0,0.0,0.0,0.0
2016-10-10,0.0,0.0,0.0,0.0
2016-10-11,0.0,0.0,0.0,0.0
2016-10-12,0.0,0.0,0.0,0.0
2016-10-13,0.0,0.0,0.0,0.0
2016-10-14,0.0,0.0,0.0,0.0
2016-10-17,0.0,0.0,0.0,0.0
2016-10-18,0.0,0.0,0.0,0.0
2016-10-19,-115.0,-115.0,-115.0,0.0
2016-10-20,0.0,0.0,0.0,0.0
2016-10-21,0.0,0.0,0.0,0.0
2016-10-24,0.0,0.0,0.0,0.0
2016-10-25,0.0,0.0,0.0,0.0
2016-10-26,0.0,0.0,0.0,0.0
2016-10-27,0.0,0.0,0.0,0.0
2016-10-28,115.0,-120.0,115.0,125.0
2016-10-31,0.0,0.0,0.0,0.0
2016-11-01,0.0,0.0,0.0,0.0
2016-11-02,0.0,0.0,0.0,0.0
2016-11-03,0.0,0.0,0.0,0.0
2016-11-04,15.0,15.0,15.0,0.0
2016-11-07,0.0,0.0,0.0,0.0
2016-11-08,0.0,0.0,0.0,0.0
2016-11-09,0.0,0.0,0.0,0.0
2016-11-10,80.0,80.0,80.0,0.0
2016-11-11,0.0,0.0,0.0,0.0
2016-11-14,0.0,0.0,0.0,0.0
2016-11-15,0.0,0.0,0.0,0.0
2016-11-16,0.0,0.0,0.0,0.0
2016-11-17,0.0,0.0,0.0,0.0
2016-11-18,0.0,0.0,0.0,0.0
2016-11-21,0.0,0.0,0.0,0.0
2016-11-22,0.0,0.0,0.0,0.0
2016-11-23,0.0,0.0,0.0,0.0
2016-11-25,0.0,0.0,0.0,0.0
2016-11-28,0.0,0.0,0.0,0.0
2016-11-29,0.0,0.0,0.0,0.0
2016-11-30,0.0,0.0,0.0,0.0
2016-12-01,0.0,0.0,0.0,0.0
2016-12-02,0.0,0.0,0.0,0.0
2016-12-05,-185.0,-185.0,-185.0,-320.0
2016-12-06,0.0,0.0,0.0,0.0
2016-12-07,0.0,0.0,0.0,0.0
2016-12-08,0.0,0.0,0.0,0.0
2016-12-09,0.0,0.0,0.0,0.0
2016-12-12,-265.0,-145.0,-265.0,-265.0
2016-12-13,0.0,0.0,0.0,0.0
2016-12-14,0.0,0.0,0.0,0.0
2016-12-15,0.0,0.0,0.0,0.0
2016-12-16,0.0,0.0,0.0,0.0
2016-12-19,0.0,0.0,0.0,0.0
2016-12-20,0.0,0.0,0.0,0.0
2016-12-21,0.0,0.0,0.0,0.0
2016-12-22,0.0,0.0,0.0,0.0
2016-12-23,0.0,0.0,0.0,0.0
2016-12-27,0.0,0.0,0.0,0.0
2016-12-28,0.0,0.0,0.0,0.0
2016-12-29,0.0,0.0,0.0,0.0
2016-12-30,0.0,0.0,0.0,0.0
2017-01-03,0.0,0.0,0.0,0.0
2017-01-04,0.0,0.0,0.0,0.0
2017-01-05,0.0,0.0,0.0,0.0
2017-01-06,0.0,0.0,0.0,0.0
2017-01-09,0.0,0.0,0.0,0.0
2017-01-10,0.0,0.0,0.0,0.0
2017-01-11,0.0,0.0,0.0,0.0
2017-01-12,0.0,0.0,0.0,0.0
2017-01-13,0.0,0.0,0.0,0.0
2017-01-17,0.0,0.0,0.0,0.0
2017-01-18,0.0,0.0,0.0,0.0
2017-01-19,0.0,0.0,0.0,0.0
2017-01-20,0.0,0.0,0.0,0.0
2017-01-23,0.0,0.0,0.0,0.0
2017-01-24,-45.0,-10.0,-115.0,0.0
2017-01-25,0.0,0.0,0.0,0.0
2017-01-26,0.0,0.0,0.0,0.0
2017-01-27,0.0,0.0,0.0,0.0
2017-01-30,0.0,0.0,0.0,0.0
2017-01-31,0.0,0.0,0.0,0.0
2017-02-01,0.0,0.0,0.0,0.0
2017-02-02,0.0,0.0,0.0,0.0
2017-02-03,0.0,0.0,0.0,0.0
2017-02-06,0.0,0.0,0.0,0.0
2017-02-07,0.0,0.0,0.0,0.0
2017-02-08,0.0,0.0,0.0,0.0
2017-02-09,0.0,0.0,0.0,0.0
2017-02-10,0.0,0.0,0.0,0.0
2017-02-13,0.0,0.0,0.0,0.0
2017-02-14,0.0,0.0,0.0,0.0
2017-02-15,0.0,0.0,0.0,0.0
2017-02-16,0.0,0.0,0.0,0.0
2017-02-17,0.0,0.0,0.0,0.0
2017-02-21,0.0,0.0,0.0,0.0
2017-02-22,0.0,0.0,0.0,0.0
2017-02-23,0.0,0.0,0.0,0.0
2017-02-24,50.0,90.0,90.0,60.0
2017-02-27,0.0,0.0,0.0,0.0
2017-02-28,,,,
2017-03-01,0.0,0.0,0.0,0.0
2017-03-02,0.0,0.0,0.0,0.0
2017-03-03,0.0,0.0,0.0,0.0
2017-03-06,0.0,0.0,0.0,0.0
2017-03-07,0.0,0.0,0.0,0.0
2017-03-08,0.0,0.0,0.0,0.0
2017-03-09,0.0,0.0,0.0,0.0
2017-03-10,0.0,0.0,0.0,0.0
2017-03-13,0.0,0.0,0.0,0.0
2017-03-14,0.0,0.0,0.0,0.0
2017-03-15,30.0,30.0,30.0,0.0
2017-03-16,0.0,0.0,0.0,0.0
2017-03-17,0.0,0.0,0.0,0.0
2017-03-20,0.0,0.0,0.0,0.0
2017-03-21,0.0,0.0,0.0,0.0
2017-03-22,0.0,0.0,0.0,0.0
2017-03-23,0.0,0.0,0.0,0.0
2017-03-24,0.0,0.0,0.0,0.0
2017-03-27,0.0,0.0,0.0,0.0
2017-03-28,0.0,0.0,0.0,0.0
2017-03-29,0.0,0.0,0.0,0.0
2017-03-30,0.0,0.0,0.0,0.0
2017-03-31,0.0,0.0,0.0,0.0
2017-04-03,0.0,0.0,0.0,0.0
2017-04-04,0.0,0.0,0.0,0.0
2017-04-05,0.0,0.0,0.0,0.0
2017-04-06,0.0,0.0,0.0,0.0
2017-04-07,0.0,0.0,0.0,0.0
2017-04-10,0.0,0.0,0.0,0.0
2017-04-11,0.0,0.0,0.0,0.0
2017-04-12,0.0,0.0,0.0,0.0
2017-04-13,0.0,0.0,0.0,0.0
2017-04-17,0.0,0.0,0.0,0.0
2017-04-18,0.0,0.0,0.0,0.0
2017-04-19,0.0,0.0,0.0,0.0
2017-04-20,0.0,0.0,0.0,0.0
2017-04-21,0.0,0.0,0.0,0.0
2017-04-24,0.0,0.0,0.0,0.0
2017-04-25,0.0,0.0,0.0,0.0
2017-04-26,0.0,0.0,0.0,0.0
2017-04-27,0.0,0.0,0.0,0.0
2017-04-28,0.0,0.0,0.0,0.0
2017-05-01,0.0,0.0,0.0,0.0
2017-05-02,0.0,0.0,0.0,0.0
2017-05-03,0.0,0.0,0.0,0.0
2017-05-04,0.0,0.0,0.0,0.0
2017-05-05,130.0,130.0,130.0,125.0
2017-05-08,0.0,0.0,0.0,0.0
2017-05-09,0.0,0.0,0.0,0.0
2017-05-10,0.0,0.0,0.0,0.0
2017-05-11,0.0,0.0,0.0,0.0
2017-05-12,10.0,10.0,10.0,0.0
2017-05-15,0.0,0.0,0.0,0.0
2017-05-16,0.0,0.0,0.0,0.0
2017-05-17,0.0,0.0,0.0,0.0
2017-05-18,0.0,0.0,0.0,0.0
2017-05-19,0.0,0.0,0.0,0.0
2017-05-22,0.0,0.0,0.0,0.0
2017-05-23,35.0,35.0,35.0,0.0
2017-05-24,40.0,165.0,20.0,25.0
2017-05-25,0.0,0.0,0.0,0.0
2017-05-26,0.0,0.0,0.0,0.0
2017-05-30,0.0,0.0,0.0,0.0
2017-05-31,50.0,50.0,50.0,45.0
2017-06-01,0.0,0.0,0.0,0.0
2017-06-02,0.0,0.0,0.0,0.0
2017-06-05,0.0,0.0,0.0,0.0
2017-06-06,0.0,0.0,0.0,0.0
2017-06-07,0.0,0.0,0.0,0.0
2017-06-08,20.0,20.0,20.0,0.0
2017-06-09,0.0,0.0,0.0,0.0
2017-06-12,0.0,0.0,0.0,0.0
2017-06-13,0.0,0.0,0.0,0.0
2017-06-14,55.0,55.0,55.0,45.0
2017-06-15,0.0,0.0,0.0,0.0
2017-06-16,0.0,0.0,0.0,0.0
2017-06-19,0.0,0.0,0.0,0.0
2017-06-20,0.0,0.0,0.0,0.0
2017-06-21,0.0,0.0,0.0,0.0
2017-06-22,0.0,0.0,0.0,20.0
2017-06-23,0.0,0.0,0.0,0.0
2017-06-26,0.0,0.0,0.0,0.0
2017-06-27,0.0,0.0,0.0,0.0
2017-06-28,0.0,0.0,0.0,0.0
2017-06-29,0.0,0.0,0.0,0.0
2017-06-30,0.0,0.0,0.0,0.0
2017-07-03,0.0,0.0,0.0,0.0
2017-07-05,0.0,0.0,0.0,0.0
2017-07-06,0.0,0.0,0.0,0.0
2017-07-07,0.0,0.0,0.0,0.0
2017-07-10,0.0,0.0,0.0,0.0
2017-07-11,0.0,0.0,0.0,0.0
2017-07-12,0.0,0.0,0.0,0.0
2017-07-13,0.0,0.0,0.0,0.0
2017-07-14,0.0,0.0,0.0,0.0
2017-07-17,0.0,0.0,0.0,0.0
2017-07-18,0.0,0.0,0.0,0.0
2017-07-19,0.0,0.0,0.0,0.0
2017-07-20,145.0,-30.0,145.0,130.0
2017-07-21,0.0,0.0,0.0,0.0
2017-07-24,0.0,0.0,0.0,0.0
2017-07-25,0.0,0.0,0.0,0.0
2017-07-26,0.0,0.0,0.0,0.0
2017-07-27,0.0,0.0,0.0,0.0
2017-07-28,0.0,0.0,0.0,0.0
2017-07-31,150.0,150.0,150.0,150.0
2017-08-01,0.0,0.0,0.0,0.0
2017-08-02,0.0,0.0,0.0,0.0
2017-08-03,0.0,0.0,0.0,0.0
2017-08-04,0.0,0.0,0.0,0.0
2017-08-07,0.0,0.0,0.0,0.0
2017-08-08,0.0,0.0,0.0,0.0
2017-08-09,0.0,0.0,0.0,0.0
2017-08-10,0.0,0.0,0.0,0.0
2017-08-11,0.0,0.0,0.0,0.0
2017-08-14,0.0,0.0,0.0,0.0
2017-08-15,0.0,0.0,0.0,0.0
2017-08-16,0.0,0.0,0.0,0.0
2017-08-17,-250.0,-250.0,-250.0,-295.0
2017-08-18,0.0,0.0,0.0,0.0
2017-08-21,0.0,0.0,0.0,0.0
2017-08-22,0.0,0.0,0.0,0.0
2017-08-23,0.0,0.0,0.0,0.0
2017-08-24,0.0,0.0,0.0,0.0
2017-08-25,0.0,0.0,0.0,0.0
2017-08-28,0.0,0.0,0.0,0.0
2017-08-29,0.0,0.0,0.0,0.0
2017-08-30,0.0,0.0,0.0,0.0
2017-08-31,0.0,0.0,0.0,0.0
2017-09-01,80.0,80.0,80.0,0.0
2017-09-05,0.0,0.0,0.0,0.0
2017-09-06,0.0,0.0,0.0,0.0
2017-09-07,-230.0,-230.0,-230.0,-230.0
2017-09-08,,,,
2017-09-11,0.0,0.0,0.0,0.0
2017-09-12,155.0,155.0,155.0,0.0
2017-09-13,0.0,0.0,0.0,0.0
2017-09-14,0.0,0.0,0.0,0.0
2017-09-15,0.0,0.0,0.0,0.0
2017-09-18,0.0,0.0,0.0,0.0
2017-09-19,0.0,0.0,0.0,0.0
2017-09-20,0.0,0.0,0.0,0.0
2017-09-21,0.0,0.0,0.0,0.0
2017-09-22,0.0,0.0,0.0,0.0
2017-09-25,0.0,0.0,0.0,0.0
2017-09-26,0.0,0.0,0.0,0.0
2017-09-27,0.0,0.0,0.0,0.0
2017-09-28,0.0,0.0,0.0,0.0
2017-09-29,65.0,65.0,65.0,0.0
2017-10-02,0.0,0.0,0.0,0.0
2017-10-03,0.0,0.0,0.0,0.0
2017-10-04,0.0,0.0,0.0,0.0
2017-10-05,0.0,0.0,0.0,0.0
2017-10-06,0.0,0.0,0.0,0.0
2017-10-09,0.0,0.0,0.0,0.0
2017-10-10,0.0,0.0,0.0,0.0
2017-10-11,0.0,0.0,0.0,0.0
2017-10-12,0.0,0.0,0.0,0.0
2017-10-13,0.0,0.0,0.0,0.0
2017-10-16,0.0,0.0,0.0,0.0
2017-10-17,0.0,0.0,0.0,0.0
2017-10-18,5.0,5.0,5.0,0.0
2017-10-19,0.0,0.0,0.0,0.0
2017-10-20,0.0,0.0,0.0,0.0
2017-10-23,0.0,0.0,0.0,0.0
2017-10-24,0.0,0.0,0.0,0.0
2017-10-25,0.0,0.0,0.0,0.0
2017-10-26,0.0,0.0,0.0,0.0
2017-10-27,0.0,0.0,0.0,0.0
2017-10-30,0.0,0.0,0.0,0.0
2017-10-31,0.0,0.0,0.0,0.0
2017-11-01,0.0,0.0,0.0,0.0
2017-11-02,0.0,0.0,0.0,0.0
2017-11-03,-100.0,-145.0,-395.0,0.0
2017-11-06,0.0,0.0,0.0,0.0
2017-11-07,0.0,0.0,0.0,0.0
2017-11-08,0.0,0.0,0.0,0.0
2017-11-09,0.0,0.0,0.0,0.0
2017-11-10,0.0,0.0,0.0,0.0
2017-11-13,0.0,0.0,0.0,0.0
2017-11-14,0.0,0.0,0.0,0.0
2017-11-15,0.0,0.0,0.0,0.0
2017-11-16,0.0,0.0,0.0,0.0
2017-11-17,0.0,0.0,0.0,0.0
2017-11-20,0.0,0.0,0.0,0.0
2017-11-21,0.0,0.0,0.0,0.0
2017-11-22,0.0,0.0,0.0,0.0
2017-11-24,0.0,0.0,0.0,0.0
2017-11-27,0.0,0.0,0.0,0.0
2017-11-28,0.0,0.0,0.0,0.0
2017-11-29,0.0,0.0,0.0,0.0
2017-11-30,0.0,0.0,0.0,0.0
2017-12-01,0.0,0.0,0.0,0.0
2017-12-04,465.0,465.0,465.0,530.0
2017-12-05,0.0,0.0,0.0,0.0
2017-12-06,0.0,0.0,0.0,0.0
2017-12-07,0.0,0.0,0.0,0.0
2017-12-08,0.0,0.0,0.0,0.0
2017-12-11,0.0,0.0,0.0,0.0
2017-12-12,0.0,0.0,0.0,0.0
2017-12-13,0.0,0.0,0.0,0.0
2017-12-14,0.0,0.0,0.0,0.0
2017-12-15,0.0,0.0,0.0,0.0
2017-12-18,0.0,0.0,0.0,0.0
2017-12-19,0.0,0.0,0.0,0.0
2017-12-20,0.0,0.0,0.0,0.0
2017-12-21,0.0,0.0,0.0,0.0
2017-12-22,0.0,0.0,0.0,0.0
2017-12-26,0.0,0.0,0.0,0.0
2017-12-27,0.0,0.0,0.0,0.0
2017-12-28,0.0,0.0,0.0,0.0
2017-12-29,0.0,0.0,0.0,0.0
2018-01-02,0.0,0.0,0.0,0.0
2018-01-03,0.0,0.0,0.0,0.0
2018-01-04,-450.0,-245.0,-160.0,0.0
2018-01-05,0.0,0.0,0.0,0.0
2018-01-08,0.0,0.0,0.0,0.0
2018-01-09,70.0,70.0,70.0,0.0
2018-01-10,-420.0,-420.0,-420.0,0.0
2018-01-11,0.0,0.0,0.0,0.0
2018-01-12,0.0,0.0,0.0,0.0
2018-01-16,0.0,0.0,0.0,0.0
2018-01-17,0.0,0.0,0.0,0.0
2018-01-18,0.0,0.0,0.0,0.0
2018-01-19,270.0,270.0,270.0,190.0
2018-01-22,0.0,0.0,0.0,0.0
2018-01-23,0.0,0.0,0.0,0.0
2018-01-24,75.0,75.0,75.0,10.0
2018-01-25,0.0,0.0,0.0,0.0
2018-01-26,0.0,0.0,0.0,0.0
2018-01-29,0.0,0.0,0.0,0.0
2018-01-30,0.0,0.0,0.0,0.0
2018-01-31,0.0,0.0,0.0,0.0
2018-02-01,0.0,0.0,0.0,0.0
2018-02-02,-470.0,-470.0,-470.0,-490.0
2018-02-05,0.0,0.0,0.0,0.0
2018-02-06,0.0,0.0,0.0,0.0
2018-02-07,0.0,0.0,0.0,0.0
2018-02-08,0.0,0.0,0.0,0.0
2018-02-09,0.0,0.0,0.0,0.0
2018-02-12,0.0,0.0,0.0,0.0
2018-02-13,0.0,0.0,0.0,0.0
2018-02-14,0.0,0.0,0.0,0.0
2018-02-15,0.0,0.0,0.0,0.0
2018-02-16,0.0,0.0,0.0,0.0
2018-02-20,220.0,220.0,220.0,185.0
2018-02-21,0.0,0.0,0.0,0.0
2018-02-22,0.0,0.0,0.0,0.0
2018-02-23,0.0,0.0,0.0,0.0
2018-02-26,0.0,0.0,0.0,0.0
2018-02-27,0.0,0.0,0.0,0.0
2018-02-28,0.0,0.0,0.0,0.0
2018-03-01,0.0,0.0,0.0,0.0
2018-03-02,0.0,0.0,0.0,0.0
2018-03-05,0.0,0.0,0.0,0.0
2018-03-06,-475.0,-475.0,-475.0,-495.0
2018-03-07,0.0,0.0,0.0,0.0
2018-03-08,0.0,0.0,0.0,0.0
2018-03-09,0.0,0.0,0.0,0.0
2018-03-12,0.0,0.0,0.0,0.0
2018-03-13,0.0,0.0,0.0,0.0
2018-03-14,0.0,0.0,0.0,0.0
2018-03-15,0.0,0.0,0.0,0.0
2018-03-16,0.0,0.0,0.0,0.0
2018-03-19,0.0,0.0,0.0,0.0
2018-03-20,0.0,0.0,0.0,0.0
2018-03-21,0.0,0.0,0.0,0.0
2018-03-22,0.0,0.0,0.0,0.0
2018-03-23,0.0,0.0,0.0,0.0
2018-03-26,0.0,0.0,0.0,0.0
2018-03-27,65.0,65.0,65.0,120.0
2018-03-28,0.0,0.0,0.0,0.0
2018-03-29,0.0,0.0,0.0,0.0
2018-04-02,0.0,0.0,0.0,0.0
2018-04-03,0.0,0.0,0.0,0.0
2018-04-04,0.0,0.0,0.0,0.0
2018-04-05,0.0,0.0,0.0,0.0
2018-04-06,-245.0,105.0,-795.0,-470.0
2018-04-09,0.0,0.0,0.0,0.0
2018-04-10,0.0,0.0,0.0,0.0
2018-04-11,0.0,0.0,0.0,0.0
2018-04-12,0.0,0.0,0.0,0.0
2018-04-13,500.0,500.0,500.0,490.0
2018-04-16,0.0,0.0,0.0,0.0
2018-04-17,0.0,0.0,0.0,0.0
2018-04-18,0.0,0.0,0.0,0.0
2018-04-19,0.0,0.0,0.0,0.0
2018-04-20,0.0,0.0,0.0,0.0
2018-04-23,0.0,0.0,0.0,0.0
2018-04-24,0.0,0.0,0.0,0.0
2018-04-25,0.0,0.0,0.0,0.0
2018-04-26,0.0,0.0,0.0,0.0
2018-04-27,0.0,0.0,0.0,0.0
2018-04-30,0.0,0.0,0.0,0.0
2018-05-01,0.0,0.0,0.0,0.0
2018-05-02,0.0,0.0,0.0,0.0
2018-05-03,0.0,0.0,0.0,0.0
2018-05-04,0.0,0.0,0.0,0.0
2018-05-07,0.0,0.0,0.0,0.0
2018-05-08,0.0,0.0,0.0,0.0
2018-05-09,0.0,0.0,0.0,0.0
2018-05-10,0.0,0.0,0.0,0.0
2018-05-11,0.0,0.0,0.0,0.0
2018-05-14,0.0,0.0,0.0,0.0
2018-05-15,0.0,0.0,0.0,0.0
2018-05-16,0.0,0.0,0.0,0.0
2018-05-17,0.0,0.0,0.0,0.0
2018-05-18,0.0,0.0,0.0,0.0
2018-05-21,0.0,0.0,0.0,0.0
2018-05-22,0.0,0.0,0.0,0.0
2018-05-23,0.0,0.0,0.0,0.0
2018-05-24,0.0,0.0,0.0,0.0
2018-05-25,0.0,0.0,0.0,0.0
2018-05-29,370.0,370.0,370.0,0.0
2018-05-30,0.0,0.0,0.0,0.0
2018-05-31,0.0,0.0,0.0,0.0
2018-06-01,0.0,0.0,0.0,0.0
2018-06-04,0.0,0.0,0.0,0.0
2018-06-05,0.0,0.0,0.0,0.0
2018-06-06,0.0,0.0,0.0,0.0
2018-06-07,0.0,0.0,0.0,0.0
2018-06-08,0.0,0.0,0.0,0.0
2018-06-11,0.0,0.0,0.0,0.0
2018-06-12,0.0,0.0,0.0,0.0
2018-06-13,0.0,0.0,0.0,0.0
2018-06-14,0.0,0.0,0.0,0.0
2018-06-15,0.0,0.0,0.0,0.0
2018-06-18,0.0,0.0,0.0,0.0
2018-06-19,-645.0,-645.0,-645.0,-730.0
2018-06-20,0.0,0.0,0.0,0.0
2018-06-21,0.0,0.0,0.0,0.0
2018-06-22,0.0,0.0,0.0,0.0
2018-06-25,0.0,0.0,0.0,0.0
2018-06-26,0.0,0.0,0.0,0.0
2018-06-27,0.0,0.0,0.0,0.0
2018-06-28,0.0,0.0,0.0,0.0
2018-06-29,0.0,0.0,0.0,0.0
2018-07-02,0.0,0.0,0.0,0.0
2018-07-03,5.0,5.0,5.0,0.0
2018-07-05,0.0,0.0,0.0,0.0
2018-07-06,-360.0,-360.0,-360.0,0.0
2018-07-09,0.0,0.0,0.0,0.0
2018-07-10,0.0,0.0,0.0,0.0
2018-07-11,0.0,0.0,0.0,0.0
2018-07-12,0.0,0.0,0.0,0.0
2018-07-13,0.0,0.0,0.0,0.0
2018-07-16,0.0,0.0,0.0,0.0
2018-07-17,0.0,0.0,0.0,0.0
2018-07-18,0.0,0.0,0.0,0.0
2018-07-19,0.0,0.0,0.0,0.0
2018-07-20,0.0,0.0,0.0,0.0
2018-07-23,0.0,0.0,0.0,0.0
2018-07-24,0.0,0.0,0.0,0.0
2018-07-25,0.0,0.0,0.0,0.0
2018-07-26,0.0,0.0,0.0,0.0
2018-07-27,595.0,595.0,595.0,520.0
2018-07-30,0.0,0.0,0.0,0.0
2018-07-31,0.0,0.0,0.0,0.0
2018-08-01,0.0,0.0,0.0,0.0
2018-08-02,760.0,560.0,760.0,745.0
2018-08-03,0.0,0.0,0.0,0.0
2018-08-06,0.0,0.0,0.0,0.0
2018-08-07,0.0,0.0,0.0,0.0
2018-08-08,0.0,0.0,0.0,0.0
2018-08-09,0.0,0.0,0.0,0.0
2018-08-10,0.0,0.0,0.0,0.0
2018-08-13,0.0,0.0,0.0,0.0
2018-08-14,0.0,0.0,0.0,0.0
2018-08-15,0.0,0.0,0.0,0.0
2018-08-16,0.0,0.0,0.0,0.0
2018-08-17,-490.0,-490.0,-490.0,-590.0
2018-08-20,0.0,0.0,0.0,0.0
2018-08-21,0.0,0.0,0.0,0.0
2018-08-22,155.0,155.0,155.0,50.0
2018-08-23,0.0,0.0,0.0,0.0
2018-08-24,0.0,0.0,0.0,0.0
2018-08-27,0.0,0.0,0.0,0.0
2018-08-28,0.0,0.0,0.0,0.0
2018-08-29,0.0,0.0,0.0,0.0
2018-08-30,0.0,0.0,0.0,0.0
2018-08-31,0.0,0.0,0.0,0.0
2018-09-04,0.0,0.0,0.0,0.0
2018-09-05,0.0,0.0,0.0,0.0
2018-09-06,0.0,0.0,0.0,0.0
2018-09-07,0.0,0.0,0.0,0.0
2018-09-10,0.0,0.0,0.0,0.0
2018-09-11,0.0,0.0,0.0,0.0
2018-09-12,0.0,0.0,0.0,0.0
2018-09-13,0.0,0.0,0.0,0.0
2018-09-14,0.0,0.0,0.0,0.0
2018-09-17,0.0,0.0,0.0,0.0
2018-09-18,0.0,0.0,0.0,0.0
2018-09-19,0.0,0.0,0.0,0.0
2018-09-20,0.0,0.0,0.0,0.0
2018-09-21,185.0,185.0,185.0,245.0
2018-09-24,0.0,0.0,0.0,0.0
2018-09-25,0.0,0.0,0.0,0.0
2018-09-26,0.0,0.0,0.0,0.0
2018-09-27,0.0,0.0,0.0,0.0
2018-09-28,0.0,0.0,0.0,0.0
2018-10-01,0.0,0.0,0.0,0.0
2018-10-02,0.0,0.0,0.0,0.0
2018-10-03,0.0,0.0,0.0,0.0
2018-10-04,0.0,0.0,0.0,0.0
2018-10-05,0.0,0.0,0.0,0.0
2018-10-08,0.0,0.0,0.0,0.0
2018-10-09,0.0,0.0,0.0,0.0
2018-10-10,0.0,0.0,0.0,0.0
2018-10-11,0.0,0.0,0.0,0.0
2018-10-12,-780.0,-780.0,-780.0,-745.0
2018-10-15,0.0,0.0,0.0,0.0
2018-10-16,0.0,0.0,0.0,0.0
2018-10-17,0.0,0.0,0.0,0.0
2018-10-18,0.0,0.0,0.0,0.0
2018-10-19,0.0,0.0,0.0,0.0
2018-10-22,0.0,0.0,0.0,0.0
2018-10-23,0.0,0.0,0.0,0.0
2018-10-24,0.0,0.0,0.0,0.0
2018-10-25,0.0,0.0,0.0,0.0
2018-10-26,-1800.0,-1800.0,-1800.0,0.0
2018-10-29,0.0,0.0,0.0,0.0
2018-10-30,0.0,0.0,0.0,0.0
2018-10-31,0.0,0.0,0.0,0.0
2018-11-01,0.0,0.0,0.0,0.0
2018-11-02,0.0,0.0,0.0,0.0
2018-11-05,0.0,0.0,0.0,0.0
2018-11-06,0.0,0.0,0.0,0.0
2018-11-07,0.0,0.0,0.0,0.0
2018-11-08,0.0,0.0,0.0,0.0
2018-11-09,0.0,0.0,0.0,0.0
2018-11-12,0.0,0.0,0.0,0.0
2018-11-13,0.0,0.0,0.0,0.0
2018-11-14,0.0,0.0,0.0,0.0
2018-11-15,0.0,0.0,0.0,0.0
2018-11-16,0.0,0.0,0.0,0.0
2018-11-19,0.0,0.0,0.0,0.0
2018-11-20,0.0,0.0,0.0,0.0
2018-11-21,0.0,0.0,0.0,0.0
2018-11-23,140.0,140.0,140.0,20.0
2018-11-26,0.0,0.0,0.0,0.0
2018-11-27,0.0,0.0,0.0,0.0
2018-11-28,0.0,0.0,0.0,0.0
2018-11-29,0.0,0.0,0.0,0.0
2018-11-30,0.0,0.0,0.0,0.0
2018-12-03,0.0,0.0,0.0,0.0
2018-12-04,0.0,0.0,0.0,0.0
2018-12-06,0.0,0.0,0.0,0.0
2018-12-07,0.0,0.0,0.0,0.0
2018-12-10,0.0,0.0,0.0,0.0
2018-12-11,0.0,0.0,0.0,0.0
2018-12-12,-295.0,-295.0,-295.0,-300.0
2018-12-13,0.0,0.0,0.0,0.0
2018-12-14,,,,
2018-12-17,0.0,0.0,0.0,0.0
2018-12-18,0.0,0.0,0.0,0.0
2018-12-19,0.0,0.0,0.0,0.0
2018-12-20,0.0,0.0,0.0,0.0
2018-12-21,0.0,0.0,0.0,0.0
2018-12-24,0.0,0.0,0.0,0.0
2018-12-26,0.0,0.0,0.0,0.0
2018-12-27,0.0,0.0,0.0,0.0
2018-12-28,0.0,0.0,0.0,0.0
2018-12-31,0.0,0.0,0.0,0.0
2019-01-02,0.0,0.0,0.0,0.0
2019-01-03,0.0,0.0,0.0,0.0
2019-01-04,0.0,0.0,0.0,0.0
2019-01-07,0.0,0.0,0.0,0.0
2019-01-08,0.0,0.0,0.0,0.0
2019-01-09,0.0,0.0,0.0,0.0
2019-01-10,0.0,0.0,0.0,0.0
2019-01-11,0.0,0.0,0.0,0.0
2019-01-14,0.0,0.0,0.0,0.0
2019-01-15,0.0,0.0,0.0,0.0
2019-01-16,0.0,0.0,0.0,0.0
2019-01-17,60.0,60.0,60.0,0.0
2019-01-18,-295.0,280.0,-560.0,-395.0
2019-01-22,0.0,0.0,0.0,0.0
2019-01-23,0.0,0.0,0.0,0.0
2019-01-24,0.0,0.0,0.0,0.0
2019-01-25,0.0,0.0,0.0,0.0
2019-01-28,0.0,0.0,0.0,0.0
2019-01-29,0.0,0.0,0.0,0.0
2019-01-30,0.0,0.0,0.0,0.0
2019-01-31,0.0,0.0,0.0,0.0
2019-02-01,0.0,0.0,0.0,0.0
2019-02-04,0.0,0.0,0.0,0.0
2019-02-05,0.0,0.0,0.0,0.0
2019-02-06,0.0,0.0,0.0,0.0
2019-02-07,0.0,0.0,0.0,0.0
2019-02-08,0.0,0.0,0.0,0.0
2019-02-11,0.0,0.0,0.0,0.0
2019-02-12,0.0,0.0,0.0,0.0
2019-02-13,0.0,0.0,0.0,0.0
2019-02-14,0.0,0.0,0.0,0.0
2019-02-15,0.0,0.0,0.0,0.0
2019-02-19,0.0,0.0,0.0,0.0
2019-02-20,0.0,0.0,0.0,0.0
2019-02-21,0.0,0.0,0.0,0.0
2019-02-22,0.0,0.0,0.0,0.0
2019-02-25,0.0,0.0,0.0,0.0
2019-02-26,45.0,45.0,45.0,0.0
2019-02-27,0.0,0.0,0.0,0.0
2019-02-28,0.0,0.0,0.0,0.0
2019-03-01,0.0,0.0,0.0,0.0
2019-03-04,0.0,0.0,0.0,0.0
2019-03-05,0.0,0.0,0.0,0.0
2019-03-06,0.0,0.0,0.0,0.0
2019-03-07,0.0,0.0,0.0,0.0
2019-03-08,0.0,0.0,0.0,0.0
2019-03-11,0.0,0.0,0.0,0.0
2019-03-12,0.0,0.0,0.0,0.0
2019-03-13,0.0,0.0,0.0,0.0
2019-03-14,0.0,0.0,0.0,0.0
2019-03-15,-140.0,-140.0,-140.0,0.0
2019-03-18,0.0,0.0,0.0,0.0
2019-03-19,-175.0,-315.0,-395.0,0.0
2019-03-20,0.0,0.0,0.0,0.0
2019-03-21,0.0,0.0,0.0,0.0
2019-03-22,0.0,0.0,0.0,0.0
2019-03-25,60.0,60.0,60.0,0.0
2019-03-26,0.0,0.0,0.0,0.0
2019-03-27,0.0,0.0,0.0,0.0
2019-03-28,0.0,0.0,0.0,0.0
2019-03-29,100.0,-410.0,-385.0,0.0
2019-04-01,0.0,0.0,0.0,0.0
2019-04-02,0.0,0.0,0.0,0.0
2019-04-03,0.0,0.0,0.0,0.0
2019-04-04,0.0,0.0,0.0,0.0
2019-04-05,0.0,0.0,0.0,0.0
2019-04-08,0.0,0.0,0.0,0.0
2019-04-09,0.0,0.0,0.0,0.0
2019-04-10,0.0,0.0,0.0,0.0
2019-04-11,0.0,0.0,0.0,0.0
2019-04-12,0.0,0.0,0.0,0.0
2019-04-15,0.0,0.0,0.0,0.0
2019-04-16,0.0,0.0,0.0,0.0
2019-04-17,0.0,0.0,0.0,0.0
2019-04-18,0.0,0.0,0.0,0.0
2019-04-22,0.0,0.0,0.0,0.0
2019-04-23,0.0,0.0,0.0,0.0
2019-04-24,0.0,0.0,0.0,0.0
2019-04-25,660.0,-415.0,660.0,630.0
2019-04-26,0.0,0.0,0.0,0.0
2019-04-29,0.0,0.0,0.0,0.0
2019-04-30,0.0,0.0,0.0,0.0
2019-05-01,0.0,0.0,0.0,0.0
2019-05-02,0.0,0.0,0.0,0.0
2019-05-03,0.0,0.0,0.0,0.0
2019-05-06,0.0,0.0,0.0,0.0
2019-05-07,0.0,0.0,0.0,0.0
2019-05-08,0.0,0.0,0.0,0.0
2019-05-09,0.0,0.0,0.0,0.0
2019-05-10,0.0,0.0,0.0,0.0
2019-05-13,-890.0,-890.0,-890.0,-945.0
2019-05-14,0.0,0.0,0.0,0.0
2019-05-15,0.0,0.0,0.0,0.0
2019-05-16,0.0,0.0,0.0,0.0
2019-05-17,0.0,0.0,0.0,0.0
2019-05-20,0.0,0.0,0.0,0.0
2019-05-21,0.0,0.0,0.0,0.0
2019-05-22,0.0,0.0,0.0,0.0
2019-05-23,0.0,0.0,0.0,0.0
2019-05-24,0.0,0.0,0.0,0.0
2019-05-28,0.0,0.0,0.0,0.0
2019-05-29,0.0,0.0,0.0,0.0
2019-05-30,0.0,0.0,0.0,0.0
2019-05-31,0.0,0.0,0.0,0.0
2019-06-03,0.0,0.0,0.0,0.0
2019-06-04,0.0,0.0,0.0,0.0
2019-06-05,0.0,0.0,0.0,0.0
2019-06-06,0.0,0.0,0.0,0.0
2019-06-07,0.0,0.0,0.0,0.0
2019-06-10,0.0,0.0,0.0,0.0
2019-06-11,105.0,25.0,975.0,30.0
2019-06-12,0.0,0.0,0.0,0.0
2019-06-13,0.0,0.0,0.0,0.0
2019-06-14,0.0,0.0,0.0,0.0
2019-06-17,0.0,0.0,0.0,0.0
2019-06-18,0.0,0.0,0.0,0.0
2019-06-19,0.0,0.0,0.0,0.0
2019-06-20,0.0,0.0,0.0,0.0
2019-06-21,0.0,0.0,0.0,0.0
2019-06-24,0.0,0.0,0.0,0.0
2019-06-25,0.0,0.0,0.0,0.0
2019-06-26,0.0,0.0,0.0,0.0
2019-06-27,0.0,0.0,0.0,0.0
2019-06-28,0.0,0.0,0.0,0.0
2019-07-01,0.0,0.0,0.0,0.0
2019-07-02,0.0,0.0,0.0,0.0
2019-07-03,0.0,0.0,0.0,0.0
2019-07-05,0.0,0.0,0.0,0.0
2019-07-08,0.0,0.0,0.0,0.0
2019-07-09,545.0,425.0,545.0,445.0
2019-07-10,0.0,0.0,0.0,0.0
2019-07-11,0.0,0.0,0.0,0.0
2019-07-12,0.0,0.0,0.0,0.0
2019-07-15,5.0,5.0,5.0,0.0
2019-07-16,0.0,0.0,0.0,0.0
2019-07-17,0.0,0.0,0.0,0.0
2019-07-18,0.0,0.0,0.0,0.0
2019-07-19,0.0,0.0,0.0,0.0
2019-07-22,0.0,0.0,0.0,0.0
2019-07-23,230.0,230.0,230.0,195.0
2019-07-24,0.0,0.0,0.0,0.0
2019-07-25,0.0,0.0,0.0,0.0
2019-07-26,0.0,0.0,0.0,0.0
2019-07-29,0.0,0.0,0.0,0.0
2019-07-30,235.0,400.0,355.0,30.0
2019-07-31,0.0,0.0,0.0,0.0
2019-08-01,0.0,0.0,0.0,0.0
2019-08-02,0.0,0.0,0.0,0.0
2019-08-05,0.0,0.0,0.0,0.0
2019-08-06,0.0,0.0,0.0,0.0
2019-08-07,0.0,0.0,0.0,0.0
2019-08-08,0.0,0.0,0.0,0.0
2019-08-09,0.0,0.0,0.0,0.0
2019-08-12,0.0,0.0,0.0,0.0
2019-08-13,0.0,0.0,0.0,0.0
2019-08-14,0.0,0.0,0.0,0.0
2019-08-15,0.0,0.0,0.0,0.0
2019-08-16,0.0,0.0,0.0,0.0
2019-08-19,0.0,0.0,0.0,0.0
2019-08-20,0.0,0.0,0.0,0.0
2019-08-21,0.0,0.0,0.0,0.0
2019-08-22,0.0,0.0,0.0,0.0
2019-08-23,0.0,0.0,0.0,0.0
2019-08-26,0.0,0.0,0.0,0.0
2019-08-27,0.0,0.0,0.0,0.0
2019-08-28,0.0,0.0,0.0,0.0
2019-08-29,0.0,0.0,0.0,0.0
2019-08-30,405.0,305.0,405.0,0.0
2019-09-03,-410.0,-410.0,-410.0,-600.0
2019-09-04,0.0,0.0,0.0,0.0
2019-09-05,0.0,0.0,0.0,0.0
2019-09-06,0.0,0.0,0.0,0.0
2019-09-09,0.0,0.0,0.0,0.0
2019-09-10,0.0,0.0,0.0,0.0
2019-09-11,0.0,0.0,0.0,0.0
2019-09-12,0.0,0.0,0.0,0.0
2019-09-13,-595.0,-595.0,-595.0,-620.0
2019-09-16,0.0,0.0,0.0,0.0
2019-09-17,0.0,0.0,0.0,0.0
2019-09-18,0.0,0.0,0.0,0.0
2019-09-19,0.0,0.0,0.0,0.0
2019-09-20,0.0,0.0,0.0,0.0
2019-09-23,0.0,0.0,0.0,0.0
2019-09-24,0.0,0.0,0.0,0.0
2019-09-25,0.0,0.0,0.0,0.0
2019-09-26,0.0,0.0,0.0,0.0
2019-09-27,0.0,0.0,0.0,0.0
2019-09-30,0.0,0.0,0.0,0.0
2019-10-01,0.0,0.0,0.0,0.0
2019-10-02,0.0,0.0,0.0,0.0
2019-10-03,0.0,0.0,0.0,0.0
2019-10-04,0.0,0.0,0.0,0.0
2019-10-07,0.0,0.0,0.0,0.0
2019-10-08,0.0,0.0,0.0,0.0
2019-10-09,0.0,0.0,0.0,0.0
2019-10-10,0.0,0.0,0.0,0.0
2019-10-11,0.0,0.0,0.0,0.0
2019-10-14,0.0,0.0,0.0,0.0
2019-10-15,0.0,0.0,0.0,0.0
2019-10-16,0.0,0.0,0.0,0.0
2019-10-17,0.0,0.0,0.0,0.0
2019-10-18,0.0,0.0,0.0,0.0
2019-10-21,0.0,0.0,0.0,0.0
2019-10-22,0.0,0.0,0.0,0.0
2019-10-23,55.0,55.0,55.0,45.0
2019-10-24,0.0,0.0,0.0,0.0
2019-10-25,0.0,0.0,0.0,0.0
2019-10-28,0.0,0.0,0.0,0.0
2019-10-29,0.0,0.0,0.0,0.0
2019-10-30,0.0,0.0,0.0,0.0
2019-10-31,0.0,0.0,0.0,0.0
2019-11-01,0.0,0.0,0.0,0.0
2019-11-04,0.0,0.0,0.0,0.0
2019-11-05,0.0,0.0,0.0,0.0
2019-11-06,0.0,0.0,0.0,0.0
2019-11-07,0.0,0.0,0.0,0.0
2019-11-08,0.0,0.0,0.0,0.0
2019-11-11,0.0,0.0,0.0,0.0
2019-11-12,0.0,0.0,0.0,0.0
2019-11-13,0.0,0.0,0.0,0.0
2019-11-14,0.0,0.0,0.0,0.0
2019-11-15,0.0,0.0,0.0,0.0
2019-11-18,0.0,0.0,0.0,0.0
2019-11-19,200.0,200.0,200.0,175.0
2019-11-20,0.0,0.0,0.0,0.0
2019-11-21,0.0,0.0,0.0,0.0
2019-11-22,0.0,0.0,0.0,0.0
2019-11-25,0.0,0.0,0.0,0.0
2019-11-26,0.0,0.0,0.0,0.0
2019-11-27,0.0,0.0,0.0,0.0
2019-11-29,0.0,0.0,0.0,0.0
2019-12-02,0.0,0.0,0.0,0.0
2019-12-03,0.0,0.0,0.0,0.0
2019-12-04,0.0,0.0,0.0,0.0
2019-12-05,0.0,0.0,0.0,0.0
2019-12-06,0.0,0.0,0.0,0.0
2019-12-09,0.0,0.0,0.0,0.0
2019-12-10,0.0,0.0,0.0,0.0
2019-12-11,0.0,0.0,0.0,0.0
2019-12-12,-365.0,-365.0,-365.0,0.0
2019-12-13,0.0,0.0,0.0,0.0
2019-12-16,0.0,0.0,0.0,0.0
2019-12-17,0.0,0.0,0.0,0.0
2019-12-18,0.0,0.0,0.0,0.0
2019-12-19,0.0,0.0,0.0,0.0
2019-12-20,0.0,0.0,0.0,0.0
2019-12-23,0.0,0.0,0.0,0.0
2019-12-24,0.0,0.0,0.0,0.0
2019-12-26,0.0,0.0,0.0,0.0
2019-12-27,0.0,0.0,0.0,0.0
2019-12-30,0.0,0.0,0.0,0.0
2019-12-31,0.0,0.0,0.0,0.0
2020-01-02,0.0,0.0,0.0,0.0
2020-01-03,0.0,0.0,0.0,0.0
2020-01-06,755.0,650.0,755.0,0.0
2020-01-07,0.0,0.0,0.0,0.0
2020-01-08,0.0,0.0,0.0,0.0
2020-01-09,0.0,0.0,0.0,0.0
2020-01-10,230.0,230.0,230.0,0.0
2020-01-13,0.0,0.0,0.0,0.0
2020-01-14,0.0,0.0,0.0,0.0
2020-01-15,0.0,0.0,0.0,0.0
2020-01-16,0.0,0.0,0.0,0.0
2020-01-17,0.0,0.0,0.0,0.0
2020-01-21,0.0,0.0,0.0,0.0
2020-01-22,0.0,0.0,0.0,0.0
2020-01-23,0.0,0.0,0.0,0.0
2020-01-24,0.0,0.0,0.0,0.0
2020-01-27,0.0,0.0,0.0,0.0
2020-01-28,0.0,0.0,0.0,-675.0
2020-01-29,265.0,265.0,265.0,180.0
2020-01-30,500.0,500.0,500.0,375.0
2020-01-31,55.0,55.0,55.0,0.0
2020-02-03,0.0,0.0,0.0,0.0
2020-02-04,0.0,0.0,0.0,0.0
2020-02-05,0.0,0.0,0.0,0.0
2020-02-06,0.0,0.0,0.0,0.0
2020-02-07,0.0,0.0,0.0,0.0
2020-02-10,0.0,0.0,0.0,0.0
2020-02-11,0.0,0.0,0.0,0.0
2020-02-12,0.0,0.0,0.0,0.0
2020-02-13,0.0,0.0,0.0,0.0
2020-02-14,0.0,0.0,0.0,0.0
2020-02-18,0.0,0.0,0.0,0.0
2020-02-19,0.0,0.0,0.0,0.0
2020-02-20,0.0,0.0,0.0,0.0
2020-02-21,0.0,0.0,0.0,0.0
2020-02-24,0.0,0.0,0.0,0.0
2020-02-25,0.0,0.0,0.0,0.0
2020-02-26,0.0,0.0,0.0,0.0
2020-02-27,0.0,0.0,0.0,0.0
2020-02-28,0.0,0.0,0.0,0.0
2020-03-02,415.0,415.0,415.0,0.0
2020-03-03,0.0,0.0,0.0,0.0
2020-03-04,0.0,0.0,0.0,0.0
2020-03-05,0.0,0.0,0.0,0.0
2020-03-06,0.0,0.0,0.0,0.0
2020-03-09,,,,
2020-03-10,,,,
2020-03-11,0.0,0.0,0.0,0.0
2020-03-12,,,,
2020-03-13,,,,
2020-03-16,0.0,0.0,0.0,0.0
2020-03-17,,,,
2020-03-18,0.0,0.0,0.0,0.0
2020-03-19,,,,
2020-03-20,0.0,0.0,0.0,0.0
2020-03-23,0.0,0.0,0.0,0.0
2020-03-24,0.0,0.0,0.0,0.0
2020-03-25,0.0,0.0,0.0,0.0
2020-03-26,0.0,0.0,0.0,0.0
2020-03-27,0.0,0.0,0.0,0.0
2020-03-30,0.0,0.0,0.0,0.0
2020-03-31,0.0,0.0,0.0,0.0
2020-04-01,0.0,0.0,0.0,0.0
2020-04-02,0.0,0.0,0.0,0.0
2020-04-03,0.0,0.0,0.0,0.0
2020-04-06,0.0,0.0,0.0,0.0
2020-04-07,0.0,0.0,0.0,0.0
2020-04-08,,,,
2020-04-09,-1070.0,-1070.0,-1070.0,0.0
2020-04-13,0.0,0.0,0.0,0.0
2020-04-14,0.0,0.0,0.0,0.0
2020-04-15,0.0,0.0,0.0,0.0
2020-04-16,-25.0,375.0,-980.0,0.0
2020-04-17,85.0,-1100.0,820.0,-265.0
2020-04-20,0.0,0.0,0.0,0.0
2020-04-21,0.0,0.0,0.0,0.0
2020-04-22,0.0,0.0,0.0,0.0
2020-04-23,0.0,0.0,0.0,0.0
2020-04-24,0.0,0.0,0.0,0.0
2020-04-27,0.0,0.0,0.0,0.0
2020-04-28,0.0,0.0,0.0,0.0
2020-04-29,0.0,0.0,0.0,0.0
2020-04-30,0.0,0.0,0.0,0.0
2020-05-01,0.0,0.0,0.0,0.0
2020-05-04,615.0,615.0,615.0,0.0
2020-05-05,0.0,0.0,0.0,0.0
2020-05-06,0.0,0.0,0.0,0.0
2020-05-07,0.0,0.0,0.0,0.0
2020-05-08,-945.0,-750.0,-945.0,-940.0
2020-05-11,0.0,0.0,0.0,0.0
2020-05-12,0.0,0.0,0.0,0.0
2020-05-13,0.0,0.0,0.0,0.0
2020-05-14,0.0,0.0,0.0,0.0
2020-05-15,0.0,0.0,0.0,0.0
2020-05-18,0.0,0.0,0.0,0.0
2020-05-19,0.0,0.0,0.0,0.0
2020-05-20,0.0,0.0,0.0,0.0
2020-05-21,0.0,0.0,0.0,0.0
2020-05-22,0.0,0.0,0.0,0.0
2020-05-26,0.0,0.0,0.0,0.0
2020-05-27,0.0,0.0,0.0,0.0
2020-05-28,0.0,0.0,0.0,0.0
2020-05-29,0.0,0.0,0.0,0.0
2020-06-01,0.0,0.0,0.0,0.0
2020-06-02,0.0,0.0,0.0,0.0
2020-06-03,0.0,0.0,0.0,0.0
2020-06-04,,,,
2020-06-05,0.0,0.0,0.0,0.0
2020-06-08,0.0,0.0,0.0,0.0
2020-06-09,0.0,0.0,0.0,0.0
2020-06-10,0.0,0.0,0.0,0.0
2020-06-11,0.0,0.0,0.0,0.0
2020-06-12,0.0,0.0,0.0,0.0
2020-06-15,0.0,0.0,0.0,0.0
2020-06-16,0.0,0.0,0.0,0.0
2020-06-17,0.0,0.0,0.0,0.0
2020-06-18,0.0,0.0,0.0,0.0
2020-06-19,0.0,0.0,0.0,0.0
2020-06-22,0.0,0.0,0.0,0.0
2020-06-23,0.0,0.0,0.0,0.0
2020-06-24,0.0,0.0,0.0,0.0
2020-06-25,0.0,0.0,0.0,0.0
2020-06-26,0.0,0.0,0.0,0.0
2020-06-29,0.0,0.0,0.0,0.0
2020-06-30,0.0,0.0,0.0,0.0
2020-07-01,0.0,0.0,0.0,0.0
2020-07-02,0.0,0.0,0.0,0.0
2020-07-06,0.0,0.0,0.0,0.0
2020-07-07,0.0,0.0,0.0,0.0
2020-07-08,0.0,0.0,0.0,0.0
2020-07-09,0.0,0.0,0.0,0.0
2020-07-10,0.0,0.0,0.0,0.0
2020-07-13,0.0,0.0,0.0,0.0
2020-07-14,455.0,455.0,455.0,265.0
2020-07-15,0.0,0.0,0.0,0.0
2020-07-16,0.0,0.0,0.0,0.0
2020-07-17,0.0,0.0,0.0,0.0
2020-07-20,0.0,0.0,0.0,0.0
2020-07-21,500.0,500.0,500.0,140.0
2020-07-22,0.0,0.0,0.0,0.0
2020-07-23,0.0,0.0,0.0,0.0
2020-07-24,0.0,0.0,0.0,0.0
2020-07-27,0.0,0.0,0.0,0.0
2020-07-28,0.0,0.0,0.0,0.0
2020-07-29,0.0,0.0,0.0,0.0
2020-07-30,0.0,0.0,0.0,0.0
2020-07-31,0.0,0.0,0.0,0.0
2020-08-03,0.0,0.0,0.0,0.0
2020-08-04,0.0,0.0,0.0,0.0
2020-08-05,0.0,0.0,0.0,0.0
2020-08-06,0.0,0.0,0.0,0.0
2020-08-07,0.0,0.0,0.0,0.0
2020-08-10,0.0,0.0,0.0,0.0
2020-08-11,0.0,0.0,0.0,0.0
2020-08-12,0.0,0.0,0.0,0.0
2020-08-13,0.0,0.0,0.0,0.0
2020-08-14,0.0,0.0,0.0,0.0
2020-08-17,0.0,0.0,0.0,0.0
2020-08-18,0.0,0.0,0.0,0.0
2020-08-19,0.0,0.0,0.0,0.0
2020-08-20,245.0,245.0,245.0,200.0
2020-08-21,0.0,0.0,0.0,0.0
2020-08-24,0.0,0.0,0.0,0.0
2020-08-25,0.0,0.0,0.0,0.0
2020-08-26,0.0,0.0,0.0,0.0
2020-08-27,0.0,0.0,0.0,0.0
2020-08-28,0.0,0.0,0.0,0.0
2020-08-31,0.0,0.0,0.0,0.0
2020-09-01,-1370.0,-1370.0,-1370.0,-1170.0
2020-09-02,0.0,0.0,0.0,0.0
2020-09-03,0.0,0.0,0.0,0.0
2020-09-04,0.0,0.0,0.0,0.0
2020-09-08,0.0,0.0,0.0,0.0
2020-09-09,0.0,0.0,0.0,0.0
2020-09-10,-980.0,-980.0,-980.0,-975.0
2020-09-11,0.0,0.0,0.0,0.0
2020-09-14,0.0,0.0,0.0,0.0
2020-09-15,0.0,0.0,0.0,0.0
2020-09-16,0.0,0.0,0.0,0.0
2020-09-17,0.0,0.0,0.0,0.0
2020-09-18,0.0,0.0,0.0,0.0
2020-09-21,0.0,0.0,0.0,0.0
2020-09-22,0.0,0.0,0.0,0.0
2020-09-23,0.0,0.0,0.0,0.0
2020-09-24,,,,
2020-09-25,0.0,0.0,0.0,0.0
2020-09-28,0.0,0.0,0.0,0.0
2020-09-29,0.0,0.0,0.0,0.0
2020-09-30,0.0,0.0,0.0,0.0
2020-10-01,-35.0,405.0,-360.0,0.0
2020-10-02,0.0,0.0,0.0,0.0
2020-10-05,0.0,0.0,0.0,0.0
2020-10-06,0.0,0.0,0.0,0.0
2020-10-07,0.0,0.0,0.0,0.0
2020-10-08,0.0,0.0,0.0,0.0
2020-10-09,0.0,0.0,0.0,0.0
2020-10-12,0.0,0.0,0.0,0.0
2020-10-13,0.0,0.0,0.0,0.0
2020-10-14,0.0,0.0,0.0,0.0
2020-10-15,0.0,0.0,0.0,0.0
2020-10-16,0.0,0.0,0.0,0.0
2020-10-19,0.0,0.0,0.0,0.0
2020-10-20,0.0,0.0,0.0,0.0
2020-10-21,0.0,0.0,0.0,0.0
2020-10-22,,,,
2020-10-23,,,,
2020-10-26,,,,
2020-10-27,0.0,0.0,0.0,0.0
2020-10-28,0.0,0.0,0.0,0.0
2020-10-29,0.0,0.0,0.0,0.0
2020-10-30,0.0,0.0,0.0,0.0
2020-11-02,0.0,0.0,0.0,0.0
2020-11-03,0.0,0.0,0.0,0.0
2020-11-04,0.0,0.0,0.0,0.0
2020-11-05,0.0,0.0,0.0,0.0
2020-11-06,0.0,0.0,0.0,0.0
2020-11-09,235.0,235.0,235.0,410.0
2020-11-10,0.0,0.0,0.0,0.0
2020-11-11,0.0,0.0,0.0,0.0
2020-11-12,0.0,0.0,0.0,0.0
2020-11-13,0.0,0.0,0.0,0.0
2020-11-16,0.0,0.0,0.0,0.0
2020-11-17,0.0,0.0,0.0,0.0
2020-11-18,0.0,0.0,0.0,0.0
2020-11-19,0.0,0.0,0.0,0.0
2020-11-20,0.0,0.0,0.0,0.0
2020-11-23,0.0,0.0,0.0,0.0
2020-11-24,,,,
2020-11-25,0.0,0.0,0.0,0.0
2020-11-27,0.0,0.0,0.0,0.0
2020-11-30,0.0,0.0,0.0,0.0
2020-12-01,0.0,0.0,0.0,0.0
2020-12-02,0.0,0.0,0.0,0.0
2020-12-03,0.0,0.0,0.0,0.0
2020-12-04,0.0,0.0,0.0,0.0
2020-12-07,0.0,0.0,0.0,0.0
2020-12-08,0.0,0.0,0.0,0.0
2020-12-09,0.0,0.0,0.0,0.0
2020-12-10,815.0,815.0,815.0,820.0
2020-12-11,,,,
2020-12-14,0.0,0.0,0.0,0.0
2020-12-15,0.0,0.0,0.0,0.0
2020-12-16,0.0,0.0,0.0,0.0
2020-12-17,0.0,0.0,0.0,0.0
2020-12-18,130.0,130.0,130.0,30.0
2020-12-21,0.0,0.0,0.0,0.0
2020-12-22,0.0,0.0,0.0,0.0
2020-12-23,0.0,0.0,0.0,0.0
2020-12-24,0.0,0.0,0.0,0.0
2020-12-28,0.0,0.0,0.0,0.0
2020-12-29,375.0,375.0,375.0,0.0
2020-12-30,0.0,0.0,0.0,0.0
2020-12-31,0.0,0.0,0.0,0.0
2021-01-04,85.0,85.0,85.0,50.0
2021-01-05,0.0,0.0,0.0,0.0
2021-01-06,2095.0,825.0,1845.0,2085.0
2021-01-07,0.0,0.0,0.0,0.0
2021-01-08,0.0,0.0,0.0,0.0
2021-01-11,0.0,0.0,0.0,0.0
2021-01-12,0.0,0.0,0.0,0.0
2021-01-13,0.0,0.0,0.0,0.0
2021-01-14,0.0,0.0,0.0,0.0
2021-01-15,0.0,0.0,0.0,0.0
2021-01-19,0.0,0.0,0.0,0.0
2021-01-20,0.0,0.0,0.0,0.0
2021-01-21,0.0,0.0,0.0,0.0
2021-01-22,0.0,0.0,0.0,0.0
2021-01-25,0.0,0.0,0.0,0.0
2021-01-26,0.0,0.0,0.0,0.0
2021-01-27,0.0,0.0,0.0,0.0
2021-01-28,0.0,0.0,0.0,0.0
2021-01-29,0.0,0.0,0.0,0.0
2021-02-01,0.0,0.0,0.0,0.0
2021-02-02,0.0,0.0,0.0,0.0
2021-02-03,570.0,-885.0,570.0,840.0
2021-02-04,0.0,0.0,0.0,0.0
2021-02-05,0.0,0.0,0.0,0.0
2021-02-08,0.0,0.0,0.0,0.0
2021-02-09,0.0,0.0,0.0,0.0
2021-02-10,910.0,-420.0,910.0,0.0
2021-02-11,0.0,0.0,0.0,0.0
2021-02-12,0.0,0.0,0.0,0.0
2021-02-16,0.0,0.0,0.0,0.0
2021-02-17,0.0,0.0,0.0,0.0
2021-02-18,0.0,0.0,0.0,0.0
2021-02-19,550.0,60.0,550.0,485.0
2021-02-22,0.0,0.0,0.0,0.0
2021-02-23,0.0,0.0,0.0,0.0
2021-02-24,0.0,0.0,0.0,0.0
2021-02-25,0.0,0.0,0.0,0.0
2021-02-26,0.0,0.0,0.0,0.0
2021-03-01,-595.0,-595.0,-595.0,-750.0
2021-03-02,0.0,0.0,0.0,0.0
2021-03-03,0.0,0.0,0.0,0.0
2021-03-04,0.0,0.0,0.0,0.0
2021-03-05,0.0,0.0,0.0,0.0
2021-03-08,0.0,0.0,0.0,0.0
2021-03-09,0.0,0.0,0.0,0.0
2021-03-10,0.0,0.0,0.0,0.0
2021-03-11,0.0,0.0,0.0,0.0
2021-03-12,0.0,0.0,0.0,0.0
2021-03-15,0.0,0.0,0.0,0.0
2021-03-16,0.0,0.0,0.0,0.0
2021-03-17,0.0,0.0,0.0,0.0
2021-03-18,0.0,0.0,0.0,0.0
2021-03-19,0.0,0.0,0.0,0.0
2021-03-22,0.0,0.0,0.0,0.0
2021-03-23,0.0,0.0,0.0,0.0
2021-03-24,0.0,0.0,0.0,0.0
2021-03-25,0.0,0.0,0.0,0.0
2021-03-26,0.0,0.0,0.0,0.0
2021-03-29,0.0,0.0,0.0,0.0
2021-03-30,0.0,0.0,0.0,0.0
2021-03-31,0.0,0.0,0.0,0.0
2021-04-01,0.0,0.0,0.0,0.0
2021-04-05,0.0,0.0,0.0,0.0
2021-04-06,0.0,0.0,0.0,0.0
2021-04-07,0.0,0.0,0.0,0.0
2021-04-08,0.0,0.0,0.0,0.0
2021-04-09,-300.0,-300.0,-300.0,0.0
2021-04-12,0.0,0.0,0.0,0.0
2021-04-13,0.0,0.0,0.0,0.0
2021-04-14,0.0,0.0,0.0,0.0
2021-04-15,0.0,0.0,0.0,0.0
2021-04-16,0.0,0.0,0.0,0.0
2021-04-19,0.0,0.0,0.0,0.0
2021-04-20,0.0,0.0,0.0,0.0
2021-04-21,0.0,0.0,0.0,0.0
2021-04-22,0.0,0.0,0.0,0.0
2021-04-23,0.0,0.0,0.0,0.0
2021-04-26,0.0,0.0,0.0,0.0
2021-04-27,0.0,0.0,0.0,0.0
2021-04-28,0.0,0.0,0.0,0.0
2021-04-29,1670.0,520.0,1670.0,1645.0
2021-04-30,0.0,0.0,0.0,0.0
2021-05-03,0.0,0.0,0.0,0.0
2021-05-04,0.0,0.0,0.0,0.0
2021-05-05,0.0,0.0,0.0,0.0
2021-05-06,0.0,0.0,0.0,0.0
2021-05-07,0.0,0.0,0.0,0.0
2021-05-10,0.0,0.0,0.0,0.0
2021-05-11,0.0,0.0,0.0,0.0
2021-05-12,0.0,0.0,0.0,0.0
2021-05-13,0.0,0.0,0.0,0.0
2021-05-14,-810.0,-810.0,-810.0,-755.0
2021-05-17,0.0,0.0,0.0,0.0
2021-05-18,0.0,0.0,0.0,0.0
2021-05-19,0.0,0.0,0.0,0.0
2021-05-20,0.0,0.0,0.0,0.0
2021-05-21,455.0,-40.0,455.0,460.0
2021-05-24,0.0,0.0,0.0,0.0
2021-05-25,805.0,165.0,805.0,0.0
2021-05-26,0.0,0.0,0.0,0.0
2021-05-27,0.0,0.0,0.0,0.0
2021-05-28,0.0,0.0,0.0,0.0
2021-06-01,0.0,0.0,0.0,0.0
2021-06-02,0.0,0.0,0.0,0.0
2021-06-03,0.0,0.0,0.0,0.0
2021-06-04,0.0,0.0,0.0,0.0
2021-06-07,0.0,0.0,0.0,0.0
2021-06-08,0.0,0.0,0.0,0.0
2021-06-09,0.0,0.0,0.0,0.0
2021-06-10,0.0,0.0,0.0,0.0
2021-06-11,,,,
2021-06-14,0.0,0.0,0.0,0.0
2021-06-15,0.0,0.0,0.0,0.0
2021-06-16,0.0,0.0,0.0,0.0
2021-06-17,0.0,0.0,0.0,0.0
2021-06-18,0.0,0.0,0.0,0.0
2021-06-21,0.0,0.0,0.0,0.0
2021-06-22,0.0,0.0,0.0,0.0
2021-06-23,0.0,0.0,0.0,0.0
2021-06-24,0.0,0.0,0.0,0.0
2021-06-25,0.0,0.0,0.0,0.0
2021-06-28,0.0,0.0,0.0,0.0
2021-06-29,0.0,0.0,0.0,0.0
2021-06-30,0.0,0.0,0.0,0.0
2021-07-01,0.0,0.0,0.0,0.0
2021-07-02,0.0,0.0,0.0,0.0
2021-07-06,0.0,0.0,0.0,0.0
2021-07-07,0.0,0.0,0.0,0.0
2021-07-08,0.0,0.0,0.0,0.0
2021-07-09,0.0,0.0,0.0,0.0
2021-07-12,310.0,310.0,310.0,0.0
2021-07-13,0.0,0.0,0.0,0.0
2021-07-14,0.0,0.0,0.0,0.0
2021-07-15,0.0,0.0,0.0,0.0
2021-07-16,0.0,0.0,0.0,0.0
2021-07-19,0.0,0.0,0.0,0.0
2021-07-20,0.0,0.0,0.0,0.0
2021-07-21,0.0,0.0,0.0,0.0
2021-07-22,0.0,0.0,0.0,0.0
2021-07-23,0.0,0.0,0.0,0.0
2021-07-26,0.0,0.0,0.0,0.0
2021-07-27,0.0,0.0,0.0,0.0
2021-07-28,0.0,0.0,0.0,0.0
2021-07-29,0.0,0.0,0.0,0.0
2021-07-30,0.0,0.0,0.0,0.0
2021-08-02,430.0,430.0,430.0,0.0
2021-08-03,0.0,0.0,0.0,0.0
2021-08-04,0.0,0.0,0.0,0.0
2021-08-05,0.0,0.0,0.0,0.0
2021-08-06,0.0,0.0,0.0,0.0
2021-08-09,0.0,0.0,0.0,0.0
2021-08-10,0.0,0.0,0.0,0.0
2021-08-11,0.0,0.0,0.0,0.0
2021-08-12,0.0,0.0,0.0,0.0
2021-08-13,0.0,0.0,0.0,0.0
2021-08-16,0.0,0.0,0.0,0.0
2021-08-17,0.0,0.0,0.0,0.0
2021-08-18,0.0,0.0,0.0,0.0
2021-08-19,0.0,0.0,0.0,0.0
2021-08-20,0.0,0.0,0.0,0.0
2021-08-23,0.0,0.0,0.0,0.0
2021-08-24,0.0,0.0,0.0,0.0
2021-08-25,,,,
2021-08-26,,,,
2021-08-27,0.0,0.0,0.0,0.0
2021-08-30,0.0,0.0,0.0,0.0
2021-08-31,0.0,0.0,0.0,0.0
2021-09-01,0.0,0.0,0.0,0.0
2021-09-02,0.0,0.0,0.0,0.0
2021-09-03,0.0,0.0,0.0,0.0
2021-09-07,0.0,0.0,0.0,0.0
2021-09-08,0.0,0.0,0.0,0.0
2021-09-09,0.0,0.0,0.0,0.0
2021-09-10,0.0,0.0,0.0,0.0
2021-09-13,0.0,0.0,0.0,0.0
2021-09-14,0.0,0.0,0.0,0.0
2021-09-15,0.0,0.0,0.0,0.0
2021-09-16,0.0,0.0,0.0,0.0
2021-09-17,0.0,0.0,0.0,0.0
2021-09-20,0.0,0.0,0.0,0.0
2021-09-21,0.0,0.0,0.0,0.0
2021-09-22,0.0,0.0,0.0,0.0
2021-09-23,0.0,0.0,0.0,0.0
2021-09-24,0.0,0.0,0.0,0.0
2021-09-27,0.0,0.0,0.0,0.0
2021-09-28,0.0,0.0,0.0,0.0
2021-09-29,0.0,0.0,0.0,0.0
2021-09-30,0.0,0.0,0.0,0.0
2021-10-01,0.0,0.0,0.0,0.0
2021-10-04,0.0,0.0,0.0,0.0
2021-10-05,0.0,0.0,0.0,0.0
2021-10-06,0.0,0.0,0.0,0.0
2021-10-07,0.0,0.0,0.0,0.0
2021-10-08,0.0,0.0,0.0,0.0
2021-10-11,305.0,305.0,305.0,0.0
2021-10-12,0.0,0.0,0.0,0.0
2021-10-13,0.0,0.0,0.0,0.0
2021-10-14,0.0,0.0,0.0,0.0
2021-10-15,0.0,0.0,0.0,0.0
2021-10-18,0.0,0.0,0.0,0.0
2021-10-19,0.0,0.0,0.0,0.0
2021-10-20,5.0,5.0,5.0,0.0
2021-10-21,0.0,0.0,0.0,0.0
2021-10-22,0.0,0.0,0.0,0.0
2021-10-25,0.0,0.0,0.0,0.0
2021-10-26,0.0,0.0,0.0,0.0
2021-10-27,0.0,0.0,0.0,0.0
2021-10-28,0.0,0.0,0.0,0.0
2021-10-29,0.0,0.0,0.0,0.0
2021-11-01,0.0,0.0,0.0,0.0
2021-11-02,0.0,0.0,0.0,0.0
2021-11-03,0.0,0.0,0.0,0.0
2021-11-04,0.0,0.0,0.0,0.0
2021-11-05,0.0,0.0,0.0,0.0
2021-11-08,0.0,0.0,0.0,0.0
2021-11-09,0.0,0.0,0.0,0.0
2021-11-10,1125.0,1125.0,1125.0,0.0
2021-11-11,0.0,0.0,0.0,0.0
2021-11-12,0.0,0.0,0.0,0.0
2021-11-15,345.0,345.0,345.0,0.0
2021-11-16,0.0,0.0,0.0,0.0
2021-11-17,0.0,0.0,0.0,0.0
2021-11-18,0.0,0.0,0.0,0.0
2021-11-19,0.0,0.0,0.0,0.0
2021-11-22,0.0,0.0,0.0,0.0
2021-11-23,0.0,0.0,0.0,0.0
2021-11-24,0.0,0.0,0.0,0.0
2021-11-26,0.0,0.0,0.0,0.0
2021-11-29,0.0,0.0,0.0,0.0
2021-11-30,0.0,0.0,0.0,0.0
2021-12-01,0.0,0.0,0.0,0.0
2021-12-02,135.0,135.0,135.0,305.0
2021-12-03,0.0,0.0,0.0,0.0
2021-12-06,0.0,0.0,0.0,0.0
2021-12-07,0.0,0.0,0.0,0.0
2021-12-08,0.0,0.0,0.0,0.0
2021-12-09,0.0,0.0,0.0,0.0
2021-12-10,0.0,0.0,0.0,0.0
2021-12-13,0.0,0.0,0.0,0.0
2021-12-14,0.0,0.0,0.0,0.0
2021-12-15,0.0,0.0,0.0,0.0
2021-12-16,0.0,0.0,0.0,0.0
2021-12-17,-2795.0,-2135.0,-2795.0,-3470.0
2021-12-20,0.0,0.0,0.0,0.0
2021-12-21,0.0,0.0,0.0,0.0
2021-12-22,0.0,0.0,0.0,0.0
2021-12-23,0.0,0.0,0.0,0.0
2021-12-27,0.0,0.0,0.0,0.0
2021-12-28,0.0,0.0,0.0,0.0
2021-12-29,0.0,0.0,0.0,0.0
2021-12-30,0.0,0.0,0.0,0.0
2021-12-31,0.0,0.0,0.0,0.0
2022-01-03,0.0,0.0,0.0,0.0
2022-01-04,0.0,0.0,0.0,0.0
2022-01-05,0.0,0.0,0.0,0.0
2022-01-06,0.0,0.0,0.0,0.0
2022-01-07,0.0,0.0,0.0,0.0
2022-01-10,0.0,0.0,0.0,0.0
2022-01-11,0.0,0.0,0.0,0.0
2022-01-12,0.0,0.0,0.0,0.0
2022-01-13,0.0,0.0,0.0,0.0
2022-01-14,650.0,650.0,650.0,625.0
2022-01-18,0.0,0.0,0.0,0.0
2022-01-19,0.0,0.0,0.0,0.0
2022-01-20,0.0,0.0,0.0,0.0
2022-01-21,0.0,0.0,0.0,0.0
2022-01-24,0.0,0.0,0.0,0.0
2022-01-25,0.0,0.0,0.0,0.0
2022-01-26,-2065.0,-2065.0,-2065.0,-2035.0
2022-01-27,0.0,0.0,0.0,0.0
2022-01-28,0.0,0.0,0.0,0.0
2022-01-31,0.0,0.0,0.0,0.0
2022-02-01,0.0,0.0,0.0,0.0
2022-02-02,0.0,0.0,0.0,0.0
2022-02-03,0.0,0.0,0.0,0.0
2022-02-04,0.0,0.0,0.0,0.0
2022-02-07,0.0,0.0,0.0,0.0
2022-02-08,0.0,0.0,0.0,0.0
2022-02-09,0.0,0.0,0.0,0.0
2022-02-10,1630.0,725.0,925.0,1520.0
2022-02-11,0.0,0.0,0.0,0.0
2022-02-14,0.0,0.0,0.0,0.0
2022-02-15,0.0,0.0,0.0,0.0
2022-02-16,0.0,0.0,0.0,0.0
2022-02-17,0.0,0.0,0.0,0.0
2022-02-18,0.0,0.0,0.0,0.0
2022-02-22,0.0,0.0,0.0,0.0
2022-02-23,0.0,0.0,0.0,0.0
2022-02-24,0.0,0.0,0.0,0.0
2022-02-25,0.0,0.0,0.0,0.0
2022-02-28,0.0,0.0,0.0,0.0
2022-03-01,0.0,0.0,0.0,0.0
2022-03-02,0.0,0.0,0.0,0.0
2022-03-03,990.0,990.0,990.0,1005.0
2022-03-04,0.0,0.0,0.0,0.0
2022-03-07,0.0,0.0,0.0,0.0
2022-03-08,0.0,0.0,0.0,0.0
2022-03-09,0.0,0.0,0.0,0.0
2022-03-10,0.0,0.0,0.0,0.0
2022-03-11,685.0,685.0,685.0,665.0
2022-03-14,0.0,0.0,0.0,0.0
2022-03-15,0.0,0.0,0.0,0.0
2022-03-16,0.0,0.0,0.0,0.0
2022-03-17,0.0,0.0,0.0,0.0
2022-03-18,0.0,0.0,0.0,0.0
2022-03-21,0.0,0.0,0.0,0.0
2022-03-22,0.0,0.0,0.0,0.0
2022-03-23,0.0,0.0,0.0,0.0
2022-03-24,0.0,0.0,0.0,0.0
2022-03-25,0.0,0.0,0.0,0.0
2022-03-28,0.0,0.0,0.0,0.0
2022-03-29,0.0,0.0,0.0,0.0
2022-03-30,0.0,0.0,0.0,0.0
2022-03-31,0.0,0.0,0.0,0.0
2022-04-01,0.0,0.0,0.0,0.0
2022-04-04,0.0,0.0,0.0,0.0
2022-04-05,0.0,0.0,0.0,0.0
2022-04-06,0.0,0.0,0.0,0.0
2022-04-07,0.0,0.0,0.0,0.0
2022-04-08,0.0,0.0,0.0,0.0
2022-04-11,0.0,0.0,0.0,0.0
2022-04-12,0.0,0.0,0.0,0.0
2022-04-13,0.0,0.0,0.0,0.0
2022-04-14,0.0,0.0,0.0,0.0
2022-04-18,0.0,0.0,0.0,0.0
2022-04-19,0.0,0.0,0.0,0.0
2022-04-20,360.0,360.0,360.0,85.0
2022-04-21,0.0,0.0,0.0,0.0
2022-04-22,0.0,0.0,0.0,0.0
2022-04-25,235.0,235.0,235.0,115.0
2022-04-26,0.0,0.0,0.0,0.0
2022-04-27,0.0,0.0,0.0,0.0
2022-04-28,0.0,0.0,0.0,0.0
2022-04-29,0.0,0.0,0.0,0.0
2022-05-02,0.0,0.0,0.0,0.0
2022-05-03,0.0,0.0,0.0,0.0
2022-05-04,0.0,0.0,0.0,0.0
2022-05-05,0.0,0.0,0.0,0.0
2022-05-06,0.0,0.0,0.0,0.0
2022-05-09,-2215.0,-2215.0,-2215.0,0.0
2022-05-10,0.0,0.0,0.0,0.0
2022-05-11,0.0,0.0,0.0,0.0
2022-05-12,0.0,0.0,0.0,0.0
2022-05-13,0.0,0.0,0.0,0.0
2022-05-16,0.0,0.0,0.0,0.0
2022-05-17,0.0,0.0,0.0,0.0
2022-05-18,0.0,0.0,0.0,0.0
2022-05-19,0.0,0.0,0.0,0.0
2022-05-20,0.0,0.0,0.0,0.0
2022-05-23,0.0,0.0,0.0,0.0
2022-05-24,,,,
2022-05-25,0.0,0.0,0.0,0.0
2022-05-26,0.0,0.0,0.0,0.0
2022-05-27,0.0,0.0,0.0,0.0
2022-05-31,0.0,0.0,0.0,0.0
2022-06-01,0.0,0.0,0.0,0.0
2022-06-02,0.0,0.0,0.0,0.0
2022-06-03,0.0,0.0,0.0,0.0
2022-06-06,-1715.0,-1715.0,-1715.0,-1595.0
2022-06-07,1295.0,-310.0,1295.0,1160.0
2022-06-08,0.0,0.0,0.0,0.0
2022-06-09,0.0,0.0,0.0,0.0
2022-06-10,0.0,0.0,0.0,0.0
2022-06-13,0.0,0.0,0.0,0.0
2022-06-14,0.0,0.0,0.0,0.0
2022-06-15,0.0,0.0,0.0,0.0
2022-06-16,0.0,0.0,0.0,0.0
2022-06-17,0.0,0.0,0.0,0.0
2022-06-21,0.0,0.0,0.0,0.0
2022-06-22,0.0,0.0,0.0,0.0
2022-06-23,0.0,0.0,0.0,0.0
2022-06-24,0.0,0.0,0.0,0.0
2022-06-27,0.0,0.0,0.0,0.0
2022-06-28,0.0,0.0,0.0,0.0
2022-06-29,0.0,0.0,0.0,0.0
2022-06-30,0.0,0.0,0.0,0.0
2022-07-01,0.0,0.0,0.0,0.0
2022-07-05,0.0,0.0,0.0,0.0
2022-07-06,0.0,0.0,0.0,0.0
2022-07-07,0.0,0.0,0.0,0.0
2022-07-08,0.0,0.0,0.0,0.0
2022-07-11,0.0,0.0,0.0,0.0
2022-07-12,0.0,0.0,0.0,0.0
2022-07-13,0.0,0.0,0.0,0.0
2022-07-14,0.0,0.0,0.0,0.0
2022-07-15,0.0,0.0,0.0,0.0
2022-07-18,0.0,0.0,0.0,0.0
2022-07-19,0.0,0.0,0.0,0.0
2022-07-20,0.0,0.0,0.0,0.0
2022-07-21,0.0,0.0,0.0,0.0
2022-07-22,0.0,0.0,0.0,0.0
2022-07-25,0.0,0.0,0.0,0.0
2022-07-26,0.0,0.0,0.0,0.0
2022-07-27,-805.0,-805.0,-805.0,-880.0
2022-07-28,0.0,0.0,0.0,0.0
2022-07-29,-1370.0,-1370.0,-1370.0,-1425.0
2022-08-01,0.0,0.0,0.0,0.0
2022-08-02,0.0,0.0,0.0,0.0
2022-08-03,0.0,0.0,0.0,0.0
2022-08-04,,,,
2022-08-05,1340.0,545.0,-1670.0,1450.0
2022-08-08,0.0,0.0,0.0,0.0
2022-08-09,0.0,0.0,0.0,0.0
2022-08-10,0.0,0.0,0.0,0.0
2022-08-11,0.0,0.0,0.0,0.0
2022-08-12,0.0,0.0,0.0,0.0
2022-08-15,0.0,0.0,0.0,0.0
2022-08-16,0.0,0.0,0.0,0.0
2022-08-17,0.0,0.0,0.0,0.0
2022-08-18,0.0,0.0,0.0,0.0
2022-08-19,0.0,0.0,0.0,0.0
2022-08-22,0.0,0.0,0.0,0.0
2022-08-23,0.0,0.0,0.0,0.0
2022-08-24,0.0,0.0,0.0,0.0
2022-08-25,0.0,0.0,0.0,0.0
2022-08-26,0.0,0.0,0.0,0.0
2022-08-29,0.0,0.0,0.0,0.0
2022-08-30,0.0,0.0,0.0,0.0
2022-08-31,,,,
2022-09-01,0.0,0.0,0.0,0.0
2022-09-02,0.0,0.0,0.0,0.0
2022-09-06,0.0,0.0,0.0,0.0
2022-09-07,0.0,0.0,0.0,0.0
2022-09-08,0.0,0.0,0.0,0.0
2022-09-09,0.0,0.0,0.0,0.0
2022-09-12,0.0,0.0,0.0,0.0
2022-09-13,0.0,0.0,0.0,0.0
2022-09-14,0.0,0.0,0.0,0.0
2022-09-15,0.0,0.0,0.0,0.0
2022-09-16,0.0,0.0,0.0,0.0
2022-09-19,0.0,0.0,0.0,0.0
2022-09-20,0.0,0.0,0.0,0.0
2022-09-21,0.0,0.0,0.0,0.0
2022-09-22,0.0,0.0,0.0,0.0
2022-09-23,0.0,0.0,0.0,0.0
2022-09-26,0.0,0.0,0.0,0.0
2022-09-27,0.0,0.0,0.0,0.0
2022-09-28,0.0,0.0,0.0,0.0
2022-09-29,0.0,0.0,0.0,0.0
2022-09-30,0.0,0.0,0.0,0.0
2022-10-03,0.0,0.0,0.0,0.0
2022-10-04,0.0,0.0,0.0,0.0
2022-10-05,-875.0,-875.0,-875.0,-1060.0
2022-10-06,0.0,0.0,0.0,0.0
2022-10-07,0.0,0.0,0.0,0.0
2022-10-10,0.0,0.0,0.0,0.0
2022-10-11,0.0,0.0,0.0,0.0
2022-10-12,0.0,0.0,0.0,0.0
2022-10-13,0.0,0.0,0.0,0.0
2022-10-14,1050.0,1050.0,1050.0,885.0
2022-10-17,0.0,0.0,0.0,0.0
2022-10-18,0.0,0.0,0.0,0.0
2022-10-19,0.0,0.0,0.0,0.0
2022-10-20,0.0,0.0,0.0,0.0
2022-10-21,0.0,0.0,0.0,0.0
2022-10-24,0.0,0.0,0.0,0.0
2022-10-25,0.0,0.0,0.0,0.0
2022-10-26,2260.0,660.0,2900.0,2500.0
2022-10-27,0.0,0.0,0.0,0.0
2022-10-28,0.0,0.0,0.0,0.0
2022-10-31,0.0,0.0,0.0,0.0
2022-11-01,1360.0,1360.0,1360.0,1255.0
2022-11-02,0.0,0.0,0.0,0.0
2022-11-03,0.0,0.0,0.0,0.0
2022-11-04,3085.0,3085.0,3085.0,2840.0
2022-11-07,0.0,0.0,0.0,0.0
2022-11-08,475.0,475.0,475.0,0.0
2022-11-09,0.0,0.0,0.0,0.0
2022-11-10,0.0,0.0,0.0,0.0
2022-11-11,0.0,0.0,0.0,0.0
2022-11-14,0.0,0.0,0.0,0.0
2022-11-15,0.0,0.0,0.0,0.0
2022-11-16,0.0,0.0,0.0,0.0
2022-11-17,0.0,0.0,0.0,0.0
2022-11-18,0.0,0.0,0.0,0.0
2022-11-21,0.0,0.0,0.0,0.0
2022-11-22,0.0,0.0,0.0,0.0
2022-11-23,0.0,0.0,0.0,0.0
2022-11-25,0.0,0.0,0.0,0.0
2022-11-28,0.0,0.0,0.0,0.0
2022-11-29,0.0,0.0,0.0,0.0
2022-11-30,0.0,0.0,0.0,0.0
2022-12-01,0.0,0.0,0.0,0.0
2022-12-02,0.0,0.0,0.0,0.0
2022-12-05,0.0,0.0,0.0,0.0
2022-12-06,0.0,0.0,0.0,0.0
2022-12-07,0.0,0.0,0.0,0.0
2022-12-08,0.0,0.0,0.0,0.0
2022-12-09,0.0,0.0,0.0,0.0
2022-12-12,0.0,0.0,0.0,0.0
2022-12-13,0.0,0.0,0.0,0.0
2022-12-14,0.0,0.0,0.0,0.0
2022-12-15,0.0,0.0,0.0,0.0
2022-12-16,0.0,0.0,0.0,0.0
2022-12-19,0.0,0.0,0.0,0.0
2022-12-20,0.0,0.0,0.0,0.0
2022-12-21,0.0,0.0,0.0,0.0
2022-12-22,0.0,0.0,0.0,0.0
2022-12-23,0.0,0.0,0.0,0.0
2022-12-27,0.0,0.0,0.0,0.0
2022-12-28,0.0,0.0,0.0,0.0
2022-12-29,0.0,0.0,0.0,0.0
2022-12-30,0.0,0.0,0.0,0.0
2023-01-03,0.0,0.0,0.0,0.0
2023-01-04,0.0,0.0,0.0,0.0
2023-01-05,0.0,0.0,0.0,0.0
2023-01-06,0.0,0.0,0.0,0.0
2023-01-09,0.0,0.0,0.0,0.0
2023-01-10,0.0,0.0,0.0,0.0
2023-01-11,0.0,0.0,0.0,0.0
2023-01-12,0.0,0.0,0.0,0.0
2023-01-13,0.0,0.0,0.0,0.0
2023-01-17,0.0,0.0,0.0,0.0
2023-01-18,-935.0,-935.0,-935.0,0.0
2023-01-19,0.0,0.0,0.0,0.0
2023-01-20,0.0,0.0,0.0,0.0
2023-01-23,0.0,0.0,0.0,0.0
2023-01-24,0.0,0.0,0.0,0.0
2023-01-25,0.0,0.0,0.0,0.0
2023-01-26,0.0,0.0,0.0,0.0
2023-01-27,0.0,0.0,0.0,0.0
2023-01-30,0.0,0.0,0.0,0.0
2023-01-31,0.0,0.0,0.0,0.0
2023-02-01,0.0,0.0,0.0,0.0
2023-02-02,0.0,0.0,0.0,0.0
2023-02-03,3395.0,565.0,3720.0,2985.0
2023-02-06,-1240.0,-890.0,-1240.0,0.0
2023-02-07,0.0,0.0,0.0,0.0
2023-02-08,0.0,0.0,0.0,0.0
2023-02-09,0.0,0.0,0.0,0.0
2023-02-10,0.0,0.0,0.0,0.0
2023-02-13,0.0,0.0,0.0,0.0
2023-02-14,0.0,0.0,0.0,0.0
2023-02-15,0.0,0.0,0.0,0.0
2023-02-16,0.0,0.0,0.0,0.0
2023-02-17,0.0,0.0,0.0,0.0
2023-02-21,-960.0,-960.0,-960.0,-1055.0
2023-02-22,0.0,0.0,0.0,0.0
2023-02-23,0.0,0.0,0.0,0.0
2023-02-24,-1155.0,-1155.0,-1155.0,0.0
2023-02-27,0.0,0.0,0.0,0.0
2023-02-28,0.0,0.0,0.0,0.0
2023-03-01,0.0,0.0,0.0,0.0
2023-03-02,0.0,0.0,0.0,0.0
2023-03-03,0.0,0.0,0.0,0.0
2023-03-06,0.0,0.0,0.0,0.0
2023-03-07,0.0,0.0,0.0,0.0
2023-03-08,0.0,0.0,0.0,0.0
2023-03-09,0.0,0.0,0.0,0.0
2023-03-10,0.0,0.0,0.0,0.0
2023-03-13,0.0,0.0,0.0,0.0
2023-03-14,0.0,0.0,0.0,0.0
2023-03-15,0.0,0.0,0.0,0.0
2023-03-16,0.0,0.0,0.0,0.0
2023-03-17,0.0,0.0,0.0,0.0
2023-03-20,0.0,0.0,0.0,0.0
2023-03-21,0.0,0.0,0.0,0.0
2023-03-22,0.0,0.0,0.0,0.0
2023-03-23,0.0,0.0,0.0,0.0
2023-03-24,0.0,0.0,0.0,0.0
2023-03-27,0.0,0.0,0.0,0.0
2023-03-28,0.0,0.0,0.0,0.0
2023-03-29,0.0,0.0,0.0,0.0
2023-03-30,0.0,0.0,0.0,0.0
2023-03-31,0.0,0.0,0.0,0.0
2023-04-03,0.0,0.0,0.0,0.0
2023-04-04,175.0,175.0,175.0,45.0
2023-04-05,0.0,0.0,0.0,0.0
2023-04-06,,,,
2023-04-10,0.0,0.0,0.0,0.0
2023-04-11,0.0,0.0,0.0,0.0
2023-04-12,0.0,0.0,0.0,0.0
2023-04-13,0.0,0.0,0.0,0.0
2023-04-14,0.0,0.0,0.0,0.0
2023-04-17,0.0,0.0,0.0,0.0
2023-04-18,0.0,0.0,0.0,0.0
2023-04-19,0.0,0.0,0.0,0.0
2023-04-20,1140.0,670.0,565.0,1180.0
2023-04-21,0.0,0.0,0.0,0.0
2023-04-24,0.0,0.0,0.0,0.0
2023-04-25,0.0,0.0,0.0,0.0
2023-04-26,0.0,0.0,0.0,0.0
2023-04-27,0.0,0.0,0.0,0.0
2023-04-28,0.0,0.0,0.0,0.0
2023-05-01,0.0,0.0,0.0,0.0
2023-05-02,0.0,0.0,0.0,0.0
2023-05-03,0.0,0.0,0.0,0.0
2023-05-04,0.0,0.0,0.0,0.0
2023-05-05,0.0,0.0,0.0,0.0
2023-05-08,0.0,0.0,0.0,0.0
2023-05-09,0.0,0.0,0.0,0.0
2023-05-10,0.0,0.0,0.0,0.0
2023-05-11,0.0,0.0,0.0,0.0
2023-05-12,0.0,0.0,0.0,0.0
2023-05-15,0.0,0.0,0.0,0.0
2023-05-16,0.0,0.0,0.0,0.0
2023-05-17,0.0,0.0,0.0,0.0
2023-05-18,0.0,0.0,0.0,0.0
2023-05-19,0.0,0.0,0.0,0.0
2023-05-22,0.0,0.0,0.0,0.0
2023-05-23,0.0,0.0,0.0,0.0
2023-05-24,0.0,0.0,0.0,0.0
2023-05-25,0.0,0.0,0.0,0.0
2023-05-26,0.0,0.0,0.0,0.0
2023-05-30,0.0,0.0,0.0,0.0
2023-05-31,0.0,0.0,0.0,0.0
2023-06-01,0.0,0.0,0.0,0.0
2023-06-02,975.0,975.0,975.0,1000.0
2023-06-05,0.0,0.0,0.0,0.0
2023-06-06,0.0,0.0,0.0,0.0
2023-06-07,0.0,0.0,0.0,0.0
2023-06-08,0.0,0.0,0.0,0.0
2023-06-09,0.0,0.0,0.0,0.0
2023-06-12,0.0,0.0,0.0,0.0
2023-06-13,0.0,0.0,0.0,0.0
2023-06-14,0.0,0.0,0.0,0.0
2023-06-15,0.0,0.0,0.0,0.0
2023-06-16,0.0,0.0,0.0,0.0
2023-06-20,290.0,290.0,290.0,320.0
2023-06-21,0.0,0.0,0.0,0.0
2023-06-22,720.0,720.0,720.0,690.0
2023-06-23,0.0,0.0,0.0,0.0
2023-06-26,0.0,0.0,0.0,0.0
2023-06-27,0.0,0.0,0.0,0.0
2023-06-28,0.0,0.0,0.0,0.0
2023-06-29,0.0,0.0,0.0,0.0
2023-06-30,0.0,0.0,0.0,0.0
2023-07-03,0.0,0.0,0.0,0.0
2023-07-05,0.0,0.0,0.0,0.0
2023-07-06,0.0,0.0,0.0,0.0
2023-07-07,0.0,0.0,0.0,0.0
2023-07-10,0.0,0.0,0.0,0.0
2023-07-11,0.0,0.0,0.0,0.0
2023-07-12,0.0,0.0,0.0,0.0
2023-07-13,0.0,0.0,0.0,0.0
2023-07-14,0.0,0.0,0.0,0.0
2023-07-17,0.0,0.0,0.0,0.0
2023-07-18,0.0,0.0,0.0,0.0
2023-07-19,0.0,0.0,0.0,0.0
2023-07-20,0.0,0.0,0.0,0.0
2023-07-21,0.0,0.0,0.0,0.0
2023-07-24,0.0,0.0,0.0,0.0
2023-07-25,0.0,0.0,0.0,0.0
2023-07-26,0.0,0.0,0.0,0.0
2023-07-27,0.0,0.0,0.0,0.0
2023-07-28,0.0,0.0,0.0,0.0
2023-07-31,0.0,0.0,0.0,0.0
2023-08-01,0.0,0.0,0.0,0.0
2023-08-02,0.0,0.0,0.0,0.0
2023-08-03,-355.0,-485.0,605.0,-105.0
2023-08-04,0.0,0.0,0.0,0.0
2023-08-07,0.0,0.0,0.0,0.0
2023-08-08,0.0,0.0,0.0,0.0
2023-08-09,0.0,0.0,0.0,0.0
2023-08-10,0.0,0.0,0.0,0.0
2023-08-11,0.0,0.0,0.0,0.0
2023-08-14,0.0,0.0,0.0,0.0
2023-08-15,0.0,0.0,0.0,0.0
2023-08-16,0.0,0.0,0.0,0.0
2023-08-17,0.0,0.0,0.0,0.0
2023-08-18,0.0,0.0,0.0,0.0
2023-08-21,0.0,0.0,0.0,0.0
2023-08-22,335.0,-350.0,335.0,405.0
2023-08-23,0.0,0.0,0.0,0.0
2023-08-24,795.0,795.0,795.0,0.0
2023-08-25,0.0,0.0,0.0,0.0
2023-08-28,40.0,-150.0,970.0,0.0
2023-08-29,0.0,0.0,0.0,0.0
2023-08-30,0.0,0.0,0.0,0.0
2023-08-31,0.0,0.0,0.0,0.0
2023-09-01,1250.0,1250.0,1250.0,905.0
2023-09-05,0.0,0.0,0.0,0.0
2023-09-06,0.0,0.0,0.0,0.0
2023-09-07,0.0,0.0,0.0,0.0
2023-09-08,0.0,0.0,0.0,0.0
2023-09-11,0.0,0.0,0.0,0.0
2023-09-12,0.0,0.0,0.0,0.0
2023-09-13,0.0,0.0,0.0,0.0
2023-09-14,0.0,0.0,0.0,0.0
2023-09-15,0.0,0.0,0.0,0.0
2023-09-18,0.0,0.0,0.0,0.0
2023-09-19,0.0,0.0,0.0,0.0
2023-09-20,0.0,0.0,0.0,0.0
2023-09-21,0.0,0.0,0.0,0.0
2023-09-22,0.0,0.0,0.0,0.0
2023-09-25,175.0,175.0,175.0,230.0
2023-09-26,0.0,0.0,0.0,0.0
2023-09-27,0.0,0.0,0.0,0.0
2023-09-28,0.0,0.0,0.0,0.0
2023-09-29,0.0,0.0,0.0,0.0
2023-10-02,0.0,0.0,0.0,0.0
2023-10-03,0.0,0.0,0.0,0.0
2023-10-04,0.0,0.0,0.0,0.0
2023-10-05,0.0,0.0,0.0,0.0
2023-10-06,0.0,0.0,0.0,0.0
2023-10-09,0.0,0.0,0.0,0.0
2023-10-10,0.0,0.0,0.0,0.0
2023-10-11,0.0,0.0,0.0,0.0
2023-10-12,0.0,0.0,0.0,0.0
2023-10-13,0.0,0.0,0.0,0.0
2023-10-16,0.0,0.0,0.0,0.0
2023-10-17,0.0,0.0,0.0,0.0
2023-10-18,0.0,0.0,0.0,0.0
2023-10-19,0.0,0.0,0.0,0.0
2023-10-20,0.0,0.0,0.0,0.0
2023-10-23,0.0,0.0,0.0,0.0
2023-10-24,0.0,0.0,0.0,0.0
2023-10-25,0.0,0.0,0.0,0.0
2023-10-26,-1375.0,-1375.0,-1375.0,0.0
2023-10-27,0.0,0.0,0.0,0.0
2023-10-30,0.0,0.0,0.0,0.0
2023-10-31,0.0,0.0,0.0,0.0
2023-11-01,0.0,0.0,0.0,0.0
2023-11-02,0.0,0.0,0.0,0.0
2023-11-03,0.0,0.0,0.0,0.0
2023-11-06,0.0,0.0,0.0,0.0
2023-11-07,275.0,275.0,275.0,75.0
2023-11-08,0.0,0.0,0.0,0.0
2023-11-09,0.0,0.0,0.0,0.0
2023-11-10,0.0,0.0,0.0,0.0
2023-11-13,0.0,0.0,0.0,0.0
2023-11-14,0.0,0.0,0.0,0.0
2023-11-15,-1150.0,-650.0,-1150.0,-1315.0
2023-11-16,0.0,0.0,0.0,0.0
2023-11-17,0.0,0.0,0.0,0.0
2023-11-20,0.0,0.0,0.0,0.0
2023-11-21,0.0,0.0,0.0,0.0
2023-11-22,0.0,0.0,0.0,0.0
2023-11-24,0.0,0.0,0.0,0.0
2023-11-27,0.0,0.0,0.0,0.0
2023-11-28,0.0,0.0,0.0,0.0
2023-11-29,0.0,0.0,0.0,0.0
2023-11-30,0.0,0.0,0.0,0.0
2023-12-01,0.0,0.0,0.0,0.0
2023-12-04,-705.0,-705.0,-705.0,0.0
2023-12-05,0.0,0.0,0.0,0.0
2023-12-06,835.0,370.0,835.0,615.0
2023-12-07,0.0,0.0,0.0,0.0
2023-12-08,0.0,0.0,0.0,0.0
2023-12-11,0.0,0.0,0.0,0.0
2023-12-12,0.0,0.0,0.0,0.0
2023-12-13,0.0,0.0,0.0,0.0
2023-12-14,0.0,0.0,0.0,0.0
2023-12-15,0.0,0.0,0.0,0.0
2023-12-18,0.0,0.0,0.0,0.0
2023-12-19,0.0,0.0,0.0,0.0
2023-12-20,0.0,0.0,0.0,0.0
2023-12-21,0.0,0.0,0.0,0.0
2023-12-22,0.0,0.0,0.0,0.0
2023-12-26,0.0,0.0,0.0,0.0
2023-12-27,0.0,0.0,0.0,0.0
2023-12-28,195.0,195.0,195.0,170.0
2023-12-29,0.0,0.0,0.0,0.0
2024-01-02,0.0,0.0,0.0,0.0
2024-01-03,-995.0,215.0,-995.0,0.0
2024-01-04,0.0,0.0,0.0,0.0
2024-01-05,0.0,0.0,0.0,0.0
2024-01-08,0.0,0.0,0.0,0.0
2024-01-09,0.0,0.0,0.0,0.0
2024-01-10,0.0,0.0,0.0,0.0
2024-01-11,-710.0,-710.0,-710.0,0.0
2024-01-12,0.0,0.0,0.0,0.0
2024-01-16,0.0,0.0,0.0,0.0
2024-01-17,0.0,0.0,0.0,0.0
2024-01-18,0.0,0.0,0.0,0.0
2024-01-19,0.0,0.0,0.0,0.0
2024-01-22,0.0,0.0,0.0,0.0
2024-01-23,0.0,0.0,0.0,0.0
2024-01-24,0.0,0.0,0.0,0.0
2024-01-25,0.0,0.0,0.0,0.0
2024-01-26,0.0,0.0,0.0,0.0
2024-01-29,0.0,0.0,0.0,0.0
2024-01-30,0.0,0.0,0.0,0.0
2024-01-31,0.0,0.0,0.0,0.0
2024-02-01,0.0,0.0,0.0,0.0
2024-02-02,0.0,0.0,0.0,0.0
2024-02-05,0.0,0.0,0.0,0.0
2024-02-06,0.0,0.0,0.0,0.0
2024-02-07,0.0,0.0,0.0,0.0
2024-02-08,0.0,0.0,0.0,0.0
2024-02-09,0.0,0.0,0.0,0.0
2024-02-12,0.0,0.0,0.0,0.0
2024-02-13,0.0,0.0,0.0,0.0
2024-02-14,0.0,0.0,0.0,0.0
2024-02-15,195.0,195.0,195.0,0.0
2024-02-16,0.0,0.0,0.0,0.0
2024-02-20,0.0,0.0,0.0,0.0
2024-02-21,0.0,0.0,0.0,0.0
2024-02-22,0.0,0.0,0.0,0.0
2024-02-23,490.0,490.0,490.0,420.0
2024-02-26,0.0,0.0,0.0,0.0
2024-02-27,0.0,0.0,0.0,0.0
2024-02-28,0.0,0.0,0.0,0.0
2024-02-29,0.0,0.0,0.0,0.0
2024-03-01,0.0,0.0,0.0,0.0
2024-03-04,0.0,0.0,0.0,0.0
2024-03-05,0.0,0.0,0.0,0.0
2024-03-06,0.0,0.0,0.0,0.0
2024-03-07,-425.0,-425.0,-425.0,0.0
2024-03-08,0.0,0.0,0.0,0.0
2024-03-11,0.0,0.0,0.0,0.0
2024-03-12,970.0,970.0,970.0,650.0
2024-03-13,0.0,0.0,0.0,0.0
2024-03-14,0.0,0.0,0.0,0.0
2024-03-15,0.0,0.0,0.0,0.0
2024-03-18,0.0,0.0,0.0,0.0
2024-03-19,0.0,0.0,0.0,0.0
2024-03-20,195.0,195.0,195.0,215.0
2024-03-21,0.0,0.0,0.0,0.0
2024-03-22,0.0,0.0,0.0,0.0
2024-03-25,0.0,0.0,0.0,0.0
2024-03-26,0.0,0.0,0.0,0.0
2024-03-27,0.0,0.0,0.0,0.0
2024-03-28,0.0,0.0,0.0,0.0
2024-04-01,0.0,0.0,0.0,0.0
2024-04-02,0.0,0.0,0.0,0.0
2024-04-03,0.0,0.0,0.0,0.0
2024-04-04,0.0,0.0,0.0,0.0
2024-04-05,0.0,0.0,0.0,0.0
2024-04-08,0.0,0.0,0.0,0.0
2024-04-09,1495.0,165.0,1495.0,1115.0
2024-04-10,-975.0,-975.0,-975.0,0.0
2024-04-11,0.0,0.0,0.0,0.0
2024-04-12,0.0,0.0,0.0,0.0
2024-04-15,0.0,0.0,0.0,0.0
2024-04-16,0.0,0.0,0.0,0.0
2024-04-17,0.0,0.0,0.0,0.0
2024-04-18,0.0,0.0,0.0,0.0
2024-04-19,0.0,0.0,0.0,0.0
2024-04-22,0.0,0.0,0.0,0.0
2024-04-23,0.0,0.0,0.0,0.0
2024-04-24,0.0,0.0,0.0,0.0
2024-04-25,0.0,0.0,0.0,0.0
2024-04-26,0.0,0.0,0.0,0.0
2024-04-29,1120.0,1120.0,1120.0,735.0
2024-04-30,0.0,0.0,0.0,0.0
2024-05-01,0.0,0.0,0.0,0.0
2024-05-02,0.0,0.0,0.0,0.0
2024-05-03,0.0,0.0,0.0,0.0
2024-05-06,-585.0,-585.0,-585.0,0.0
2024-05-07,0.0,0.0,0.0,0.0
2024-05-08,555.0,555.0,555.0,415.0
2024-05-09,0.0,0.0,0.0,0.0
2024-05-10,0.0,0.0,0.0,0.0
2024-05-13,0.0,0.0,0.0,0.0
2024-05-14,0.0,0.0,0.0,0.0
2024-05-15,0.0,0.0,0.0,0.0
2024-05-16,0.0,0.0,0.0,0.0
2024-05-17,0.0,0.0,0.0,0.0
2024-05-20,0.0,0.0,0.0,0.0
2024-05-21,0.0,0.0,0.0,0.0
2024-05-22,0.0,0.0,0.0,0.0
2024-05-23,0.0,0.0,0.0,0.0
2024-05-24,0.0,0.0,0.0,0.0
2024-05-28,0.0,0.0,0.0,0.0
2024-05-29,600.0,200.0,80.0,495.0
2024-05-30,0.0,0.0,0.0,0.0
2024-05-31,0.0,0.0,0.0,0.0
2024-06-03,0.0,0.0,0.0,0.0
2024-06-04,0.0,0.0,0.0,0.0
2024-06-05,0.0,0.0,0.0,0.0
2024-06-06,0.0,0.0,0.0,0.0
2024-06-07,0.0,0.0,0.0,0.0
2024-06-10,690.0,-100.0,690.0,725.0
2024-06-11,0.0,0.0,0.0,0.0
2024-06-12,0.0,0.0,0.0,0.0
2024-06-13,0.0,0.0,0.0,0.0
2024-06-14,0.0,0.0,0.0,0.0
2024-06-17,0.0,0.0,0.0,0.0
2024-06-18,0.0,0.0,0.0,0.0
2024-06-20,0.0,0.0,0.0,0.0
2024-06-21,0.0,0.0,0.0,0.0
2024-06-24,0.0,0.0,0.0,0.0
2024-06-25,0.0,0.0,0.0,0.0
2024-06-26,0.0,0.0,0.0,0.0
2024-06-27,0.0,0.0,0.0,0.0
2024-06-28,0.0,0.0,0.0,0.0
2024-07-01,0.0,0.0,0.0,0.0
2024-07-02,0.0,0.0,0.0,0.0
2024-07-03,0.0,0.0,0.0,0.0
2024-07-05,0.0,0.0,0.0,0.0
2024-07-08,0.0,0.0,0.0,0.0
2024-07-09,0.0,0.0,0.0,0.0
2024-07-10,0.0,0.0,0.0,0.0
2024-07-11,0.0,0.0,0.0,0.0
2024-07-12,0.0,0.0,0.0,0.0
2024-07-15,0.0,0.0,0.0,0.0
2024-07-16,0.0,0.0,0.0,0.0
2024-07-17,0.0,0.0,0.0,0.0
2024-07-18,0.0,0.0,0.0,0.0
2024-07-19,0.0,0.0,0.0,0.0
2024-07-22,,,,
2024-07-23,0.0,0.0,0.0,0.0
2024-07-24,0.0,0.0,0.0,0.0
2024-07-25,0.0,0.0,0.0,0.0
2024-07-26,,,,
2024-07-29,0.0,0.0,0.0,0.0
2024-07-30,0.0,0.0,0.0,0.0
2024-07-31,-1595.0,-1595.0,-1595.0,0.0
2024-08-01,0.0,0.0,0.0,0.0
2024-08-02,0.0,0.0,0.0,0.0
2024-08-05,,,,
2024-08-06,,,,
2024-08-07,0.0,0.0,0.0,0.0
2024-08-08,0.0,0.0,0.0,0.0
2024-08-09,0.0,0.0,0.0,0.0
2024-08-12,0.0,0.0,0.0,0.0
2024-08-13,0.0,0.0,0.0,0.0
2024-08-14,120.0,120.0,120.0,0.0
2024-08-15,0.0,0.0,0.0,0.0
2024-08-16,0.0,0.0,0.0,0.0
2024-08-19,0.0,0.0,0.0,0.0
2024-08-20,0.0,0.0,0.0,0.0
2024-08-21,0.0,0.0,0.0,0.0
2024-08-22,1500.0,1500.0,1500.0,0.0
2024-08-23,0.0,0.0,0.0,0.0
2024-08-26,0.0,0.0,0.0,0.0
2024-08-27,0.0,0.0,0.0,0.0
2024-08-28,0.0,0.0,0.0,0.0
2024-08-29,0.0,0.0,0.0,0.0
2024-08-30,0.0,0.0,0.0,0.0
2024-09-03,0.0,0.0,0.0,0.0
2024-09-04,-1260.0,-1260.0,-1260.0,0.0
2024-09-05,0.0,0.0,0.0,0.0
2024-09-06,0.0,0.0,0.0,0.0
2024-09-09,0.0,0.0,0.0,0.0
2024-09-10,785.0,-1340.0,785.0,0.0
2024-09-11,0.0,0.0,0.0,0.0
2024-09-12,0.0,0.0,0.0,0.0
2024-09-13,0.0,0.0,0.0,0.0
2024-09-16,-2170.0,-2170.0,-2170.0,-2085.0
2024-09-17,0.0,0.0,0.0,0.0
2024-09-18,0.0,0.0,0.0,0.0
2024-09-19,0.0,0.0,0.0,0.0
2024-09-20,,,,
2024-09-23,0.0,0.0,0.0,0.0
2024-09-24,0.0,0.0,0.0,0.0
2024-09-25,0.0,0.0,0.0,0.0
2024-09-26,0.0,0.0,0.0,0.0
2024-09-27,0.0,0.0,0.0,0.0
2024-09-30,0.0,0.0,0.0,0.0
2024-10-01,0.0,0.0,0.0,0.0
2024-10-02,0.0,0.0,0.0,0.0
2024-10-03,0.0,0.0,0.0,0.0
2024-10-04,-30.0,1075.0,-320.0,-195.0
2024-10-07,0.0,0.0,0.0,0.0
2024-10-08,0.0,0.0,0.0,0.0
2024-10-09,0.0,0.0,0.0,0.0
2024-10-10,0.0,0.0,0.0,0.0
2024-10-11,0.0,0.0,0.0,0.0
2024-10-14,0.0,0.0,0.0,0.0
2024-10-15,0.0,0.0,0.0,0.0
2024-10-16,0.0,0.0,0.0,0.0
2024-10-17,0.0,0.0,0.0,0.0
2024-10-18,0.0,0.0,0.0,0.0
2024-10-21,0.0,0.0,0.0,0.0
2024-10-22,0.0,0.0,0.0,0.0
2024-10-23,0.0,0.0,0.0,0.0
2024-10-24,0.0,0.0,0.0,0.0
2024-10-25,0.0,0.0,0.0,0.0
2024-10-28,0.0,0.0,0.0,0.0
2024-10-29,0.0,0.0,0.0,0.0
2024-10-30,0.0,0.0,0.0,0.0
2024-10-31,0.0,0.0,0.0,0.0
2024-11-01,0.0,0.0,0.0,0.0
2024-11-04,0.0,0.0,0.0,0.0
2024-11-05,0.0,0.0,0.0,0.0
2024-11-06,0.0,0.0,0.0,0.0
2024-11-07,0.0,0.0,0.0,0.0
2024-11-08,0.0,0.0,0.0,0.0
2024-11-11,535.0,535.0,535.0,0.0
2024-11-12,0.0,0.0,0.0,0.0
2024-11-13,0.0,0.0,0.0,0.0
2024-11-14,0.0,0.0,0.0,0.0
2024-11-15,0.0,0.0,0.0,0.0
2024-11-18,0.0,0.0,0.0,0.0
2024-11-19,0.0,0.0,0.0,0.0
2024-11-20,0.0,0.0,0.0,0.0
2024-11-21,75.0,75.0,75.0,0.0
2024-11-22,0.0,0.0,0.0,0.0
2024-11-25,0.0,0.0,0.0,0.0
2024-11-26,0.0,0.0,0.0,0.0
2024-11-27,0.0,0.0,0.0,0.0
2024-11-29,0.0,0.0,0.0,0.0
2024-12-02,0.0,0.0,0.0,0.0
2024-12-03,0.0,0.0,0.0,0.0
2024-12-04,0.0,0.0,0.0,0.0
2024-12-05,0.0,0.0,0.0,0.0
2024-12-06,0.0,0.0,0.0,0.0
2024-12-09,0.0,0.0,0.0,0.0
2024-12-10,0.0,0.0,0.0,0.0
2024-12-11,0.0,0.0,0.0,0.0
2024-12-12,0.0,0.0,0.0,0.0
2024-12-13,0.0,0.0,0.0,0.0
2024-12-16,0.0,0.0,0.0,0.0
2024-12-17,0.0,0.0,0.0,0.0
2024-12-18,0.0,0.0,0.0,0.0
2024-12-19,0.0,0.0,0.0,0.0
2024-12-20,0.0,0.0,0.0,0.0
2024-12-23,0.0,0.0,0.0,0.0
2024-12-24,0.0,0.0,0.0,0.0
2024-12-26,0.0,0.0,0.0,0.0
2024-12-27,0.0,0.0,0.0,0.0
2024-12-30,0.0,0.0,0.0,0.0
2024-12-31,0.0,0.0,0.0,0.0
2025-01-02,0.0,0.0,0.0,0.0
2025-01-03,0.0,0.0,0.0,0.0
2025-01-06,0.0,0.0,0.0,0.0
2025-01-07,0.0,0.0,0.0,0.0
2025-01-08,0.0,0.0,0.0,0.0
2025-01-10,0.0,0.0,0.0,0.0
2025-01-13,0.0,0.0,0.0,0.0
2025-01-14,0.0,0.0,0.0,0.0
2025-01-15,0.0,0.0,0.0,0.0
2025-01-16,0.0,0.0,0.0,0.0
2025-01-17,0.0,0.0,0.0,0.0
2025-01-21,1385.0,1385.0,1385.0,895.0
2025-01-22,0.0,0.0,0.0,0.0
2025-01-23,260.0,-595.0,860.0,0.0
2025-01-24,0.0,0.0,0.0,0.0
2025-01-27,0.0,0.0,0.0,0.0
2025-01-28,0.0,0.0,0.0,0.0
2025-01-29,0.0,0.0,0.0,0.0
2025-01-30,-1340.0,-1340.0,-1340.0,0.0
2025-01-31,0.0,0.0,0.0,0.0
2025-02-03,0.0,0.0,0.0,0.0
2025-02-04,0.0,0.0,0.0,0.0
2025-02-05,0.0,0.0,0.0,0.0
2025-02-06,0.0,0.0,0.0,0.0
2025-02-07,0.0,0.0,0.0,0.0
2025-02-10,0.0,0.0,0.0,0.0
2025-02-11,1880.0,1150.0,1880.0,1545.0
2025-02-12,0.0,0.0,0.0,0.0
2025-02-13,-2280.0,-2280.0,-2280.0,0.0
2025-02-14,0.0,0.0,0.0,0.0
2025-02-18,530.0,530.0,530.0,150.0
2025-02-19,0.0,0.0,0.0,0.0
2025-02-20,0.0,0.0,0.0,0.0
2025-02-21,0.0,0.0,0.0,0.0
2025-02-24,0.0,0.0,0.0,0.0
2025-02-25,0.0,0.0,0.0,0.0
2025-02-26,0.0,0.0,0.0,0.0
2025-02-27,0.0,0.0,0.0,0.0
2025-02-28,0.0,0.0,0.0,15.0
2025-03-03,420.0,420.0,420.0,340.0
2025-03-04,0.0,0.0,0.0,0.0
2025-03-05,0.0,0.0,0.0,0.0
2025-03-06,0.0,0.0,0.0,0.0
2025-03-07,0.0,0.0,0.0,0.0
2025-03-10,0.0,0.0,0.0,0.0
2025-03-11,0.0,0.0,0.0,0.0
2025-03-12,0.0,0.0,0.0,0.0
2025-03-13,0.0,0.0,0.0,0.0
2025-03-14,0.0,0.0,0.0,0.0
2025-03-17,0.0,0.0,0.0,0.0
2025-03-18,0.0,0.0,0.0,0.0
2025-03-19,0.0,0.0,0.0,0.0
2025-03-20,0.0,0.0,0.0,0.0
2025-03-21,0.0,0.0,0.0,0.0
2025-03-24,0.0,0.0,0.0,0.0
2025-03-25,0.0,0.0,0.0,0.0
2025-03-26,0.0,0.0,0.0,0.0
2025-03-27,0.0,0.0,0.0,0.0
2025-03-28,0.0,0.0,0.0,0.0
2025-03-31,0.0,0.0,0.0,0.0
2025-04-01,0.0,0.0,0.0,0.0
2025-04-02,0.0,0.0,0.0,0.0
2025-04-03,0.0,0.0,0.0,0.0
2025-04-04,0.0,0.0,0.0,0.0
2025-04-07,0.0,0.0,0.0,0.0
2025-04-08,0.0,0.0,0.0,0.0
2025-04-09,0.0,0.0,0.0,0.0
2025-04-10,0.0,0.0,0.0,0.0
2025-04-11,0.0,0.0,0.0,0.0
2025-04-14,0.0,0.0,0.0,0.0
2025-04-15,0.0,0.0,0.0,0.0
2025-04-16,0.0,0.0,0.0,0.0
2025-04-17,0.0,0.0,0.0,0.0
2025-04-21,0.0,0.0,0.0,0.0
2025-04-22,0.0,0.0,0.0,0.0
2025-04-23,0.0,0.0,0.0,0.0
2025-04-24,0.0,0.0,0.0,0.0
2025-04-25,0.0,0.0,0.0,0.0
2025-04-28,0.0,0.0,0.0,0.0
2025-04-29,0.0,0.0,0.0,0.0
2025-04-30,0.0,0.0,0.0,0.0
2025-05-01,0.0,0.0,0.0,0.0
2025-05-02,0.0,0.0,0.0,0.0
2025-05-05,0.0,0.0,0.0,0.0
2025-05-06,0.0,0.0,0.0,0.0
2025-05-07,0.0,0.0,0.0,0.0
2025-05-08,0.0,0.0,0.0,0.0
2025-05-09,0.0,0.0,0.0,0.0
2025-05-12,0.0,0.0,0.0,0.0
2025-05-13,0.0,0.0,0.0,0.0
2025-05-14,0.0,0.0,0.0,0.0
2025-05-15,0.0,0.0,0.0,0.0
2025-05-16,0.0,0.0,0.0,0.0
2025-05-19,1645.0,1780.0,2635.0,1560.0
2025-05-20,0.0,0.0,0.0,0.0
2025-05-21,0.0,0.0,0.0,0.0
2025-05-22,0.0,0.0,0.0,0.0
2025-05-23,0.0,0.0,0.0,0.0
2025-05-27,0.0,0.0,0.0,0.0
2025-05-28,325.0,325.0,325.0,150.0
2025-05-29,2195.0,2790.0,2615.0,2095.0
2025-05-30,0.0,0.0,0.0,0.0
2025-06-02,0.0,0.0,0.0,0.0
2025-06-03,135.0,135.0,135.0,0.0
2025-06-04,0.0,0.0,0.0,0.0
2025-06-05,0.0,0.0,0.0,0.0
2025-06-06,0.0,0.0,0.0,0.0
2025-06-09,0.0,0.0,0.0,0.0
2025-06-10,0.0,0.0,0.0,0.0
2025-06-11,0.0,0.0,0.0,0.0
2025-06-12,0.0,0.0,0.0,0.0
2025-06-13,0.0,0.0,0.0,0.0
2025-06-16,0.0,0.0,0.0,0.0
2025-06-17,0.0,0.0,0.0,0.0
2025-06-18,0.0,0.0,0.0,0.0
2025-06-20,,,,
2025-06-23,0.0,0.0,0.0,0.0
2025-06-24,0.0,0.0,0.0,0.0
2025-06-25,0.0,0.0,0.0,0.0
2025-06-26,-595.0,-595.0,-595.0,-535.0
2025-06-27,,,,
2025-06-30,-40.0,-165.0,-245.0,-125.0
2025-07-01,0.0,0.0,0.0,0.0
2025-07-02,0.0,0.0,0.0,0.0
2025-07-03,0.0,0.0,0.0,0.0
2025-07-07,0.0,0.0,0.0,0.0
2025-07-08,0.0,0.0,0.0,0.0
2025-07-09,0.0,0.0,0.0,0.0
2025-07-10,0.0,0.0,0.0,0.0
2025-07-11,0.0,0.0,0.0,0.0
2025-07-14,0.0,0.0,0.0,0.0
2025-07-15,0.0,0.0,0.0,0.0
2025-07-16,0.0,0.0,0.0,0.0
2025-07-17,120.0,120.0,120.0,0.0
2025-07-18,0.0,0.0,0.0,0.0
2025-07-21,,,,
2025-07-22,,,,
2025-07-23,,,,
2025-07-24,,,,
2025-07-25,0.0,0.0,0.0,0.0
2025-07-28,0.0,0.0,0.0,0.0
2025-07-29,0.0,0.0,0.0,0.0
2025-07-30,0.0,0.0,0.0,0.0
2025-07-31,0.0,0.0,0.0,0.0
2025-08-01,0.0,0.0,0.0,0.0
2025-08-04,0.0,0.0,0.0,0.0
2025-08-05,0.0,0.0,0.0,0.0
2025-08-06,0.0,0.0,0.0,0.0
2025-08-07,0.0,0.0,0.0,0.0
2025-08-08,0.0,0.0,0.0,0.0
2025-08-11,0.0,0.0,0.0,0.0
2025-08-12,0.0,0.0,0.0,0.0
2025-08-13,0.0,0.0,0.0,0.0
2025-08-14,785.0,785.0,785.0,615.0
2025-08-15,0.0,0.0,0.0,0.0
2025-08-18,0.0,0.0,0.0,0.0
2025-08-19,0.0,0.0,0.0,0.0
2025-08-20,0.0,0.0,0.0,0.0
2025-08-21,0.0,0.0,0.0,0.0
2025-08-22,0.0,0.0,0.0,0.0
2025-08-25,0.0,0.0,0.0,0.0
2025-08-26,0.0,0.0,0.0,0.0
2025-08-27,0.0,0.0,0.0,0.0
2025-08-28,0.0,0.0,0.0,0.0
2025-08-29,0.0,0.0,0.0,0.0
2025-09-02,0.0,0.0,0.0,0.0
2025-09-03,0.0,0.0,0.0,0.0
2025-09-04,0.0,0.0,0.0,0.0
2025-09-05,0.0,0.0,0.0,0.0
2025-09-08,0.0,0.0,0.0,0.0
2025-09-09,0.0,0.0,0.0,0.0
2025-09-10,0.0,0.0,0.0,0.0
2025-09-11,0.0,0.0,0.0,0.0
2025-09-12,0.0,0.0,0.0,0.0
2025-09-15,0.0,0.0,0.0,0.0
2025-09-16,25.0,25.0,25.0,0.0
2025-09-17,0.0,0.0,0.0,0.0
2025-09-18,0.0,0.0,0.0,0.0
2025-09-19,0.0,0.0,0.0,0.0
2025-09-22,0.0,0.0,0.0,0.0
2025-09-23,0.0,0.0,0.0,0.0
2025-09-24,0.0,0.0,0.0,0.0
2025-09-25,0.0,0.0,0.0,0.0
2025-09-26,0.0,0.0,0.0,0.0
2025-09-29,0.0,0.0,0.0,0.0
2025-09-30,0.0,0.0,0.0,0.0
2025-10-01,0.0,0.0,0.0,0.0
2025-10-02,-445.0,-605.0,340.0,-360.0
2025-10-03,0.0,0.0,0.0,0.0
2025-10-06,620.0,120.0,-100.0,525.0
2025-10-07,0.0,0.0,0.0,0.0
2025-10-08,0.0,0.0,0.0,0.0
2025-10-09,0.0,0.0,0.0,0.0
2025-10-10,0.0,0.0,0.0,0.0
2025-10-13,0.0,0.0,0.0,0.0
2025-10-14,0.0,0.0,0.0,0.0
2025-10-15,-1390.0,-1390.0,-1390.0,-1255.0
2025-10-16,0.0,0.0,0.0,0.0
2025-10-17,0.0,0.0,0.0,0.0
2025-10-20,0.0,0.0,0.0,0.0
2025-10-21,,,,
2025-10-22,,,,
2025-10-23,0.0,0.0,0.0,0.0
2025-10-24,0.0,0.0,0.0,0.0
2025-10-27,,,,
2025-10-28,,,,
2025-10-29,,,,
2025-10-30,,,,
2025-10-31,,,,
