date,dow,type,era,first,last,holes,special,status,close_mod,provenance,note,complete
20060102,0,NEWYEAR,pre2014,,,,,closed,,RULE+TAPE,,False
20060103,1,REG,pre2014,,,,,unknown,,UNKNOWN,no bars in window,False
20060104,2,REG,pre2014,,,,,unknown,,UNKNOWN,no bars in window,False
20060105,3,REG,pre2014,538.0,960.0,427.0,,regular,960.0,RULE+TAPE,427 missing minutes,False
20060106,4,REG,pre2014,323.0,960.0,275.0,,regular,960.0,RULE+TAPE,275 missing minutes,False
20060109,0,REG,pre2014,120.0,960.0,203.0,,regular,960.0,RULE+TAPE,203 missing minutes,False
20060110,1,REG,pre2014,120.0,960.0,151.0,,regular,960.0,RULE+TAPE,151 missing minutes,False
20060111,2,REG,pre2014,122.0,960.0,174.0,,regular,960.0,RULE+TAPE,174 missing minutes,False
20060112,3,REG,pre2014,120.0,960.0,210.0,,regular,960.0,RULE+TAPE,210 missing minutes,False
20060113,4,REG,pre2014,127.0,960.0,176.0,,regular,960.0,RULE+TAPE,176 missing minutes,False
20060116,0,HOL,pre2014,142.0,690.0,377.0,,short,690.0,RULE+TAPE,377 missing minutes before close,False
20060117,1,REG,pre2014,122.0,960.0,124.0,,regular,960.0,RULE+TAPE,124 missing minutes,False
20060118,2,REG,pre2014,120.0,960.0,44.0,,regular,960.0,RULE+TAPE,44 missing minutes,False
20060119,3,REG,pre2014,120.0,960.0,133.0,,regular,960.0,RULE+TAPE,133 missing minutes,False
20060120,4,REG,pre2014,121.0,960.0,167.0,,regular,960.0,RULE+TAPE,167 missing minutes,False
20060123,0,REG,pre2014,120.0,960.0,124.0,,regular,960.0,RULE+TAPE,124 missing minutes,False
20060124,1,REG,pre2014,120.0,960.0,181.0,,regular,960.0,RULE+TAPE,181 missing minutes,False
20060125,2,REG,pre2014,125.0,960.0,147.0,,regular,960.0,RULE+TAPE,147 missing minutes,False
20060126,3,REG,pre2014,120.0,960.0,84.0,,regular,960.0,RULE+TAPE,84 missing minutes,False
20060127,4,REG,pre2014,120.0,960.0,102.0,,regular,960.0,RULE+TAPE,102 missing minutes,False
20060130,0,REG,pre2014,120.0,960.0,189.0,,regular,960.0,RULE+TAPE,189 missing minutes,False
20060131,1,REG,pre2014,129.0,960.0,215.0,,regular,960.0,RULE+TAPE,215 missing minutes,False
20060201,2,REG,pre2014,131.0,960.0,137.0,,regular,960.0,RULE+TAPE,137 missing minutes,False
20060202,3,REG,pre2014,,,,,unknown,,UNKNOWN,no bars in window,False
20060203,4,REG,pre2014,435.0,960.0,334.0,,regular,960.0,RULE+TAPE,334 missing minutes,False
20060206,0,REG,pre2014,,,,,unknown,,UNKNOWN,no bars in window,False
20060207,1,REG,pre2014,123.0,960.0,161.0,,regular,960.0,RULE+TAPE,161 missing minutes,False
20060208,2,REG,pre2014,588.0,960.0,468.0,,regular,960.0,RULE+TAPE,468 missing minutes,False
20060209,3,REG,pre2014,121.0,960.0,146.0,,regular,960.0,RULE+TAPE,146 missing minutes,False
20060210,4,REG,pre2014,122.0,960.0,159.0,,regular,960.0,RULE+TAPE,159 missing minutes,False
20060213,0,REG,pre2014,125.0,960.0,205.0,,regular,960.0,RULE+TAPE,205 missing minutes,False
20060214,1,REG,pre2014,120.0,960.0,173.0,,regular,960.0,RULE+TAPE,173 missing minutes,False
20060215,2,REG,pre2014,120.0,960.0,203.0,,regular,960.0,RULE+TAPE,203 missing minutes,False
20060216,3,REG,pre2014,121.0,960.0,193.0,,regular,960.0,RULE+TAPE,193 missing minutes,False
20060217,4,REG,pre2014,120.0,960.0,163.0,,regular,960.0,RULE+TAPE,163 missing minutes,False
20060220,0,HOL,pre2014,122.0,690.0,402.0,,short,690.0,RULE+TAPE,402 missing minutes before close,False
20060221,1,REG,pre2014,122.0,960.0,141.0,,regular,960.0,RULE+TAPE,141 missing minutes,False
20060222,2,REG,pre2014,126.0,960.0,185.0,,regular,960.0,RULE+TAPE,185 missing minutes,False
20060223,3,REG,pre2014,120.0,960.0,190.0,,regular,960.0,RULE+TAPE,190 missing minutes,False
20060224,4,REG,pre2014,122.0,960.0,201.0,,regular,960.0,RULE+TAPE,201 missing minutes,False
20060227,0,REG,pre2014,121.0,960.0,236.0,,regular,960.0,RULE+TAPE,236 missing minutes,False
20060228,1,REG,pre2014,140.0,960.0,197.0,,regular,960.0,RULE+TAPE,197 missing minutes,False
20060301,2,REG,pre2014,123.0,960.0,184.0,,regular,960.0,RULE+TAPE,184 missing minutes,False
20060302,3,REG,pre2014,135.0,960.0,191.0,,regular,960.0,RULE+TAPE,191 missing minutes,False
20060303,4,REG,pre2014,120.0,960.0,198.0,,regular,960.0,RULE+TAPE,198 missing minutes,False
20060306,0,REG,pre2014,,,,,unknown,,UNKNOWN,no bars in window,False
20060307,1,REG,pre2014,464.0,960.0,353.0,,regular,960.0,RULE+TAPE,353 missing minutes,False
20060308,2,REG,pre2014,123.0,960.0,121.0,,regular,960.0,RULE+TAPE,121 missing minutes,False
20060309,3,REG,pre2014,123.0,960.0,347.0,,regular,960.0,RULE+TAPE,347 missing minutes,False
20060310,4,REG,pre2014,526.0,960.0,408.0,,regular,960.0,RULE+TAPE,408 missing minutes,False
20060313,0,REG,pre2014,487.0,960.0,369.0,,regular,960.0,RULE+TAPE,369 missing minutes,False
20060314,1,REG,pre2014,121.0,960.0,192.0,,regular,960.0,RULE+TAPE,192 missing minutes,False
20060315,2,REG,pre2014,120.0,960.0,202.0,,regular,960.0,RULE+TAPE,202 missing minutes,False
20060316,3,REG,pre2014,122.0,960.0,189.0,,regular,960.0,RULE+TAPE,189 missing minutes,False
20060317,4,REG,pre2014,584.0,960.0,464.0,,regular,960.0,RULE+TAPE,464 missing minutes,False
20060320,0,REG,pre2014,510.0,960.0,403.0,,regular,960.0,RULE+TAPE,403 missing minutes,False
20060321,1,REG,pre2014,124.0,960.0,217.0,,regular,960.0,RULE+TAPE,217 missing minutes,False
20060322,2,REG,pre2014,121.0,960.0,69.0,,regular,960.0,RULE+TAPE,69 missing minutes,False
20060323,3,REG,pre2014,,,,,unknown,,UNKNOWN,no bars in window,False
20060324,4,REG,pre2014,262.0,960.0,285.0,,regular,960.0,RULE+TAPE,285 missing minutes,False
20060327,0,REG,pre2014,124.0,960.0,211.0,,regular,960.0,RULE+TAPE,211 missing minutes,False
20060328,1,REG,pre2014,121.0,960.0,216.0,,regular,960.0,RULE+TAPE,216 missing minutes,False
20060329,2,REG,pre2014,121.0,960.0,203.0,,regular,960.0,RULE+TAPE,203 missing minutes,False
20060330,3,REG,pre2014,120.0,960.0,157.0,,regular,960.0,RULE+TAPE,157 missing minutes,False
20060331,4,REG,pre2014,120.0,960.0,179.0,,regular,960.0,RULE+TAPE,179 missing minutes,False
20060403,0,REG,pre2014,121.0,960.0,152.0,,regular,960.0,RULE+TAPE,152 missing minutes,False
20060404,1,REG,pre2014,120.0,960.0,231.0,,regular,960.0,RULE+TAPE,231 missing minutes,False
20060405,2,REG,pre2014,121.0,960.0,227.0,,regular,960.0,RULE+TAPE,227 missing minutes,False
20060406,3,REG,pre2014,121.0,960.0,171.0,,regular,960.0,RULE+TAPE,171 missing minutes,False
20060407,4,REG,pre2014,122.0,960.0,232.0,,regular,960.0,RULE+TAPE,232 missing minutes,False
20060410,0,REG,pre2014,135.0,960.0,212.0,,regular,960.0,RULE+TAPE,212 missing minutes,False
20060411,1,REG,pre2014,127.0,960.0,186.0,,regular,960.0,RULE+TAPE,186 missing minutes,False
20060412,2,REG,pre2014,120.0,960.0,149.0,,regular,960.0,RULE+TAPE,149 missing minutes,False
20060413,3,REG,pre2014,120.0,960.0,197.0,,regular,960.0,RULE+TAPE,197 missing minutes,False
20060414,4,GOODFRI,pre2014,,,,,closed,,RULE+TAPE,,False
20060417,0,REG,pre2014,121.0,960.0,258.0,,regular,960.0,RULE+TAPE,258 missing minutes,False
20060418,1,REG,pre2014,125.0,960.0,135.0,,regular,960.0,RULE+TAPE,135 missing minutes,False
20060419,2,REG,pre2014,120.0,960.0,145.0,,regular,960.0,RULE+TAPE,145 missing minutes,False
20060420,3,REG,pre2014,120.0,960.0,185.0,,regular,960.0,RULE+TAPE,185 missing minutes,False
20060421,4,REG,pre2014,126.0,960.0,229.0,,regular,960.0,RULE+TAPE,229 missing minutes,False
20060424,0,REG,pre2014,121.0,960.0,149.0,,regular,960.0,RULE+TAPE,149 missing minutes,False
20060425,1,REG,pre2014,125.0,960.0,223.0,,regular,960.0,RULE+TAPE,223 missing minutes,False
20060426,2,REG,pre2014,120.0,960.0,182.0,,regular,960.0,RULE+TAPE,182 missing minutes,False
20060427,3,REG,pre2014,126.0,960.0,135.0,,regular,960.0,RULE+TAPE,135 missing minutes,False
20060428,4,REG,pre2014,121.0,916.0,120.0,,unknown,960.0,UNKNOWN,tape stops at 916.0 on a regular-type day,False
20060501,0,REG,pre2014,120.0,960.0,256.0,,regular,960.0,RULE+TAPE,256 missing minutes,False
20060502,1,REG,pre2014,120.0,960.0,110.0,,regular,960.0,RULE+TAPE,110 missing minutes,False
20060503,2,REG,pre2014,120.0,960.0,153.0,,regular,960.0,RULE+TAPE,153 missing minutes,False
20060504,3,REG,pre2014,122.0,957.0,141.0,,unknown,960.0,UNKNOWN,tape stops at 957.0 on a regular-type day,False
20060505,4,REG,pre2014,120.0,915.0,151.0,,unknown,960.0,UNKNOWN,tape stops at 915.0 on a regular-type day,False
20060508,0,REG,pre2014,121.0,957.0,177.0,,unknown,960.0,UNKNOWN,tape stops at 957.0 on a regular-type day,False
20060509,1,REG,pre2014,120.0,959.0,207.0,,unknown,960.0,UNKNOWN,tape stops at 959.0 on a regular-type day,False
20060510,2,REG,pre2014,121.0,956.0,197.0,,unknown,960.0,UNKNOWN,tape stops at 956.0 on a regular-type day,False
20060511,3,REG,pre2014,120.0,959.0,134.0,,unknown,960.0,UNKNOWN,tape stops at 959.0 on a regular-type day,False
20060512,4,REG,pre2014,120.0,915.0,31.0,,unknown,960.0,UNKNOWN,tape stops at 915.0 on a regular-type day,False
20060515,0,REG,pre2014,120.0,959.0,45.0,,unknown,960.0,UNKNOWN,tape stops at 959.0 on a regular-type day,False
20060516,1,REG,pre2014,120.0,959.0,117.0,,unknown,960.0,UNKNOWN,tape stops at 959.0 on a regular-type day,False
20060517,2,REG,pre2014,120.0,959.0,485.0,,unknown,960.0,UNKNOWN,tape stops at 959.0 on a regular-type day,False
20060518,3,REG,pre2014,120.0,960.0,75.0,,regular,960.0,RULE+TAPE,75 missing minutes,False
20060519,4,REG,pre2014,120.0,915.0,51.0,,unknown,960.0,UNKNOWN,tape stops at 915.0 on a regular-type day,False
20060522,0,REG,pre2014,120.0,960.0,61.0,,regular,960.0,RULE+TAPE,61 missing minutes,False
20060523,1,REG,pre2014,120.0,960.0,91.0,,regular,960.0,RULE+TAPE,91 missing minutes,False
20060524,2,REG,pre2014,120.0,960.0,29.0,,regular,960.0,RULE+TAPE,29 missing minutes,False
20060525,3,REG,pre2014,121.0,960.0,137.0,,regular,960.0,RULE+TAPE,137 missing minutes,False
20060526,4,REG,pre2014,121.0,960.0,178.0,,regular,960.0,RULE+TAPE,178 missing minutes,False
20060529,0,HOL,pre2014,125.0,690.0,426.0,,short,690.0,RULE+TAPE,426 missing minutes before close,False
20060530,1,REG,pre2014,121.0,960.0,443.0,,regular,960.0,RULE+TAPE,443 missing minutes,False
20060531,2,REG,pre2014,120.0,960.0,74.0,,regular,960.0,RULE+TAPE,74 missing minutes,False
20060601,3,REG,pre2014,127.0,960.0,130.0,,regular,960.0,RULE+TAPE,130 missing minutes,False
20060602,4,REG,pre2014,120.0,960.0,112.0,,regular,960.0,RULE+TAPE,112 missing minutes,False
20060605,0,REG,pre2014,122.0,960.0,195.0,,regular,960.0,RULE+TAPE,195 missing minutes,False
20060606,1,REG,pre2014,120.0,960.0,125.0,,regular,960.0,RULE+TAPE,125 missing minutes,False
20060607,2,REG,pre2014,120.0,960.0,95.0,,regular,960.0,RULE+TAPE,95 missing minutes,False
20060608,3,REG,pre2014,121.0,960.0,219.0,,regular,960.0,RULE+TAPE,219 missing minutes,False
20060609,4,REG,pre2014,120.0,960.0,99.0,,regular,960.0,RULE+TAPE,99 missing minutes,False
20060612,0,REG,pre2014,120.0,960.0,131.0,,regular,960.0,RULE+TAPE,131 missing minutes,False
20060613,1,REG,pre2014,120.0,960.0,56.0,,regular,960.0,RULE+TAPE,56 missing minutes,False
20060614,2,REG,pre2014,121.0,960.0,72.0,,regular,960.0,RULE+TAPE,72 missing minutes,False
20060615,3,REG,pre2014,121.0,960.0,92.0,,regular,960.0,RULE+TAPE,92 missing minutes,False
20060616,4,REG,pre2014,124.0,960.0,115.0,,regular,960.0,RULE+TAPE,115 missing minutes,False
20060619,0,REG,pre2014,124.0,960.0,168.0,,regular,960.0,RULE+TAPE,168 missing minutes,False
20060620,1,REG,pre2014,120.0,960.0,141.0,,regular,960.0,RULE+TAPE,141 missing minutes,False
20060621,2,REG,pre2014,120.0,960.0,169.0,,regular,960.0,RULE+TAPE,169 missing minutes,False
20060622,3,REG,pre2014,120.0,960.0,126.0,,regular,960.0,RULE+TAPE,126 missing minutes,False
20060623,4,REG,pre2014,122.0,960.0,155.0,,regular,960.0,RULE+TAPE,155 missing minutes,False
20060626,0,REG,pre2014,120.0,960.0,187.0,,regular,960.0,RULE+TAPE,187 missing minutes,False
20060627,1,REG,pre2014,120.0,960.0,223.0,,regular,960.0,RULE+TAPE,223 missing minutes,False
20060628,2,REG,pre2014,120.0,960.0,182.0,,regular,960.0,RULE+TAPE,182 missing minutes,False
20060629,3,REG,pre2014,120.0,960.0,151.0,,regular,960.0,RULE+TAPE,151 missing minutes,False
20060630,4,REG,pre2014,120.0,960.0,80.0,,regular,960.0,RULE+TAPE,80 missing minutes,False
20060703,0,EVE,pre2014,130.0,795.0,221.0,,short,795.0,RULE+TAPE,221 missing minutes before close,False
20060704,1,HOL,pre2014,121.0,690.0,466.0,,short,690.0,RULE+TAPE,466 missing minutes before close,False
20060705,2,REG,pre2014,120.0,960.0,191.0,,regular,960.0,RULE+TAPE,191 missing minutes,False
20060706,3,REG,pre2014,120.0,960.0,145.0,,regular,960.0,RULE+TAPE,145 missing minutes,False
20060707,4,REG,pre2014,120.0,960.0,162.0,,regular,960.0,RULE+TAPE,162 missing minutes,False
20060710,0,REG,pre2014,121.0,960.0,197.0,,regular,960.0,RULE+TAPE,197 missing minutes,False
20060711,1,REG,pre2014,120.0,960.0,139.0,,regular,960.0,RULE+TAPE,139 missing minutes,False
20060712,2,REG,pre2014,122.0,960.0,129.0,,regular,960.0,RULE+TAPE,129 missing minutes,False
20060713,3,REG,pre2014,120.0,960.0,80.0,,regular,960.0,RULE+TAPE,80 missing minutes,False
20060714,4,REG,pre2014,146.0,960.0,109.0,,regular,960.0,RULE+TAPE,109 missing minutes,False
20060717,0,REG,pre2014,127.0,960.0,74.0,,regular,960.0,RULE+TAPE,74 missing minutes,False
20060718,1,REG,pre2014,121.0,960.0,197.0,,regular,960.0,RULE+TAPE,197 missing minutes,False
20060719,2,REG,pre2014,121.0,960.0,137.0,,regular,960.0,RULE+TAPE,137 missing minutes,False
20060720,3,REG,pre2014,120.0,960.0,125.0,,regular,960.0,RULE+TAPE,125 missing minutes,False
20060721,4,REG,pre2014,121.0,960.0,114.0,,regular,960.0,RULE+TAPE,114 missing minutes,False
20060724,0,REG,pre2014,120.0,960.0,127.0,,regular,960.0,RULE+TAPE,127 missing minutes,False
20060725,1,REG,pre2014,122.0,960.0,117.0,,regular,960.0,RULE+TAPE,117 missing minutes,False
20060726,2,REG,pre2014,120.0,960.0,192.0,,regular,960.0,RULE+TAPE,192 missing minutes,False
20060727,3,REG,pre2014,120.0,960.0,171.0,,regular,960.0,RULE+TAPE,171 missing minutes,False
20060728,4,REG,pre2014,120.0,960.0,187.0,,regular,960.0,RULE+TAPE,187 missing minutes,False
20060731,0,REG,pre2014,122.0,960.0,171.0,,regular,960.0,RULE+TAPE,171 missing minutes,False
20060801,1,REG,pre2014,121.0,960.0,210.0,,regular,960.0,RULE+TAPE,210 missing minutes,False
20060802,2,REG,pre2014,121.0,960.0,126.0,,regular,960.0,RULE+TAPE,126 missing minutes,False
20060803,3,REG,pre2014,123.0,960.0,173.0,,regular,960.0,RULE+TAPE,173 missing minutes,False
20060804,4,REG,pre2014,123.0,960.0,134.0,,regular,960.0,RULE+TAPE,134 missing minutes,False
20060807,0,REG,pre2014,120.0,960.0,127.0,,regular,960.0,RULE+TAPE,127 missing minutes,False
20060808,1,REG,pre2014,120.0,960.0,179.0,,regular,960.0,RULE+TAPE,179 missing minutes,False
20060809,2,REG,pre2014,120.0,960.0,129.0,,regular,960.0,RULE+TAPE,129 missing minutes,False
20060810,3,REG,pre2014,120.0,960.0,56.0,,regular,960.0,RULE+TAPE,56 missing minutes,False
20060811,4,REG,pre2014,120.0,960.0,182.0,,regular,960.0,RULE+TAPE,182 missing minutes,False
20060814,0,REG,pre2014,120.0,960.0,147.0,,regular,960.0,RULE+TAPE,147 missing minutes,False
20060815,1,REG,pre2014,120.0,960.0,180.0,,regular,960.0,RULE+TAPE,180 missing minutes,False
20060816,2,REG,pre2014,120.0,960.0,108.0,,regular,960.0,RULE+TAPE,108 missing minutes,False
20060817,3,REG,pre2014,120.0,960.0,143.0,,regular,960.0,RULE+TAPE,143 missing minutes,False
20060818,4,REG,pre2014,122.0,960.0,188.0,,regular,960.0,RULE+TAPE,188 missing minutes,False
20060821,0,REG,pre2014,120.0,960.0,103.0,,regular,960.0,RULE+TAPE,103 missing minutes,False
20060822,1,REG,pre2014,120.0,960.0,126.0,,regular,960.0,RULE+TAPE,126 missing minutes,False
20060823,2,REG,pre2014,120.0,960.0,184.0,,regular,960.0,RULE+TAPE,184 missing minutes,False
20060824,3,REG,pre2014,120.0,960.0,107.0,,regular,960.0,RULE+TAPE,107 missing minutes,False
20060825,4,REG,pre2014,121.0,960.0,217.0,,regular,960.0,RULE+TAPE,217 missing minutes,False
20060828,0,REG,pre2014,120.0,960.0,217.0,,regular,960.0,RULE+TAPE,217 missing minutes,False
20060829,1,REG,pre2014,120.0,960.0,135.0,,regular,960.0,RULE+TAPE,135 missing minutes,False
20060830,2,REG,pre2014,120.0,960.0,159.0,,regular,960.0,RULE+TAPE,159 missing minutes,False
20060831,3,REG,pre2014,120.0,960.0,136.0,,regular,960.0,RULE+TAPE,136 missing minutes,False
20060901,4,REG,pre2014,124.0,960.0,220.0,,regular,960.0,RULE+TAPE,220 missing minutes,False
20060904,0,HOL,pre2014,120.0,690.0,411.0,,short,690.0,RULE+TAPE,411 missing minutes before close,False
20060905,1,REG,pre2014,120.0,960.0,155.0,,regular,960.0,RULE+TAPE,155 missing minutes,False
20060906,2,REG,pre2014,120.0,960.0,160.0,,regular,960.0,RULE+TAPE,160 missing minutes,False
20060907,3,REG,pre2014,125.0,960.0,306.0,,regular,960.0,RULE+TAPE,306 missing minutes,False
20060908,4,REG,pre2014,122.0,960.0,174.0,,regular,960.0,RULE+TAPE,174 missing minutes,False
20060911,0,REG,pre2014,120.0,960.0,145.0,,regular,960.0,RULE+TAPE,145 missing minutes,False
20060912,1,REG,pre2014,120.0,960.0,169.0,,regular,960.0,RULE+TAPE,169 missing minutes,False
20060913,2,REG,pre2014,122.0,960.0,148.0,,regular,960.0,RULE+TAPE,148 missing minutes,False
20060914,3,REG,pre2014,121.0,960.0,160.0,,regular,960.0,RULE+TAPE,160 missing minutes,False
20060915,4,REG,pre2014,121.0,960.0,191.0,,regular,960.0,RULE+TAPE,191 missing minutes,False
20060918,0,REG,pre2014,127.0,960.0,194.0,,regular,960.0,RULE+TAPE,194 missing minutes,False
20060919,1,REG,pre2014,120.0,772.0,98.0,,unknown,960.0,UNKNOWN,tape stops at 772.0 on a regular-type day,False
20060920,2,REG,pre2014,120.0,960.0,124.0,,regular,960.0,RULE+TAPE,124 missing minutes,False
20060921,3,REG,pre2014,124.0,960.0,123.0,,regular,960.0,RULE+TAPE,123 missing minutes,False
20060922,4,REG,pre2014,121.0,960.0,135.0,,regular,960.0,RULE+TAPE,135 missing minutes,False
20060925,0,REG,pre2014,121.0,960.0,157.0,,regular,960.0,RULE+TAPE,157 missing minutes,False
20060926,1,REG,pre2014,120.0,960.0,134.0,,regular,960.0,RULE+TAPE,134 missing minutes,False
20060927,2,REG,pre2014,120.0,960.0,124.0,,regular,960.0,RULE+TAPE,124 missing minutes,False
20060928,3,REG,pre2014,120.0,960.0,186.0,,regular,960.0,RULE+TAPE,186 missing minutes,False
20060929,4,REG,pre2014,121.0,960.0,177.0,,regular,960.0,RULE+TAPE,177 missing minutes,False
20061002,0,REG,pre2014,120.0,960.0,178.0,,regular,960.0,RULE+TAPE,178 missing minutes,False
20061003,1,REG,pre2014,120.0,960.0,108.0,,regular,960.0,RULE+TAPE,108 missing minutes,False
20061004,2,REG,pre2014,120.0,960.0,115.0,,regular,960.0,RULE+TAPE,115 missing minutes,False
20061005,3,REG,pre2014,120.0,960.0,102.0,,regular,960.0,RULE+TAPE,102 missing minutes,False
20061006,4,REG,pre2014,121.0,960.0,183.0,,regular,960.0,RULE+TAPE,183 missing minutes,False
20061009,0,REG,pre2014,120.0,960.0,194.0,,regular,960.0,RULE+TAPE,194 missing minutes,False
20061010,1,REG,pre2014,120.0,960.0,123.0,,regular,960.0,RULE+TAPE,123 missing minutes,False
20061011,2,REG,pre2014,120.0,960.0,128.0,,regular,960.0,RULE+TAPE,128 missing minutes,False
20061012,3,REG,pre2014,123.0,960.0,183.0,,regular,960.0,RULE+TAPE,183 missing minutes,False
20061013,4,REG,pre2014,121.0,960.0,107.0,,regular,960.0,RULE+TAPE,107 missing minutes,False
20061016,0,REG,pre2014,120.0,960.0,155.0,,regular,960.0,RULE+TAPE,155 missing minutes,False
20061017,1,REG,pre2014,121.0,960.0,137.0,,regular,960.0,RULE+TAPE,137 missing minutes,False
20061018,2,REG,pre2014,120.0,960.0,149.0,,regular,960.0,RULE+TAPE,149 missing minutes,False
20061019,3,REG,pre2014,121.0,960.0,133.0,,regular,960.0,RULE+TAPE,133 missing minutes,False
20061020,4,REG,pre2014,120.0,960.0,144.0,,regular,960.0,RULE+TAPE,144 missing minutes,False
20061023,0,REG,pre2014,120.0,960.0,167.0,,regular,960.0,RULE+TAPE,167 missing minutes,False
20061024,1,REG,pre2014,121.0,960.0,217.0,,regular,960.0,RULE+TAPE,217 missing minutes,False
20061025,2,REG,pre2014,120.0,960.0,211.0,,regular,960.0,RULE+TAPE,211 missing minutes,False
20061026,3,REG,pre2014,120.0,960.0,166.0,,regular,960.0,RULE+TAPE,166 missing minutes,False
20061027,4,REG,pre2014,120.0,960.0,167.0,,regular,960.0,RULE+TAPE,167 missing minutes,False
20061030,0,REG,pre2014,121.0,960.0,135.0,,regular,960.0,RULE+TAPE,135 missing minutes,False
20061031,1,REG,pre2014,121.0,960.0,149.0,,regular,960.0,RULE+TAPE,149 missing minutes,False
20061101,2,REG,pre2014,128.0,960.0,201.0,,regular,960.0,RULE+TAPE,201 missing minutes,False
20061102,3,REG,pre2014,121.0,960.0,120.0,,regular,960.0,RULE+TAPE,120 missing minutes,False
20061103,4,REG,pre2014,124.0,960.0,191.0,,regular,960.0,RULE+TAPE,191 missing minutes,False
20061106,0,REG,pre2014,123.0,960.0,143.0,,regular,960.0,RULE+TAPE,143 missing minutes,False
20061107,1,REG,pre2014,122.0,960.0,155.0,,regular,960.0,RULE+TAPE,155 missing minutes,False
20061108,2,REG,pre2014,120.0,960.0,77.0,,regular,960.0,RULE+TAPE,77 missing minutes,False
20061109,3,REG,pre2014,122.0,960.0,107.0,,regular,960.0,RULE+TAPE,107 missing minutes,False
20061110,4,REG,pre2014,120.0,960.0,152.0,,regular,960.0,RULE+TAPE,152 missing minutes,False
20061113,0,REG,pre2014,121.0,960.0,164.0,,regular,960.0,RULE+TAPE,164 missing minutes,False
20061114,1,REG,pre2014,120.0,960.0,114.0,,regular,960.0,RULE+TAPE,114 missing minutes,False
20061115,2,REG,pre2014,120.0,960.0,141.0,,regular,960.0,RULE+TAPE,141 missing minutes,False
20061116,3,REG,pre2014,120.0,960.0,133.0,,regular,960.0,RULE+TAPE,133 missing minutes,False
20061117,4,REG,pre2014,120.0,960.0,182.0,,regular,960.0,RULE+TAPE,182 missing minutes,False
20061120,0,REG,pre2014,121.0,960.0,109.0,,regular,960.0,RULE+TAPE,109 missing minutes,False
20061121,1,REG,pre2014,121.0,960.0,257.0,,regular,960.0,RULE+TAPE,257 missing minutes,False
20061122,2,REG,pre2014,120.0,960.0,161.0,,regular,960.0,RULE+TAPE,161 missing minutes,False
20061123,3,HOL,pre2014,129.0,690.0,360.0,,short,690.0,RULE+TAPE,360 missing minutes before close,False
20061124,4,EVE,pre2014,121.0,795.0,101.0,,short,795.0,RULE+TAPE,101 missing minutes before close,False
20061127,0,REG,pre2014,120.0,960.0,79.0,,regular,960.0,RULE+TAPE,79 missing minutes,False
20061128,1,REG,pre2014,120.0,960.0,80.0,,regular,960.0,RULE+TAPE,80 missing minutes,False
20061129,2,REG,pre2014,120.0,960.0,111.0,,regular,960.0,RULE+TAPE,111 missing minutes,False
20061130,3,REG,pre2014,121.0,960.0,130.0,,regular,960.0,RULE+TAPE,130 missing minutes,False
20061201,4,REG,pre2014,120.0,960.0,157.0,,regular,960.0,RULE+TAPE,157 missing minutes,False
20061204,0,REG,pre2014,121.0,960.0,178.0,,regular,960.0,RULE+TAPE,178 missing minutes,False
20061205,1,REG,pre2014,120.0,960.0,172.0,,regular,960.0,RULE+TAPE,172 missing minutes,False
20061206,2,REG,pre2014,124.0,960.0,181.0,,regular,960.0,RULE+TAPE,181 missing minutes,False
20061207,3,REG,pre2014,125.0,960.0,326.0,,regular,960.0,RULE+TAPE,326 missing minutes,False
20061208,4,REG,pre2014,120.0,960.0,169.0,,regular,960.0,RULE+TAPE,169 missing minutes,False
20061211,0,REG,pre2014,120.0,960.0,220.0,,regular,960.0,RULE+TAPE,220 missing minutes,False
20061212,1,REG,pre2014,120.0,960.0,191.0,,regular,960.0,RULE+TAPE,191 missing minutes,False
20061213,2,REG,pre2014,254.0,960.0,252.0,,regular,960.0,RULE+TAPE,252 missing minutes,False
20061214,3,REG,pre2014,121.0,941.0,168.0,,unknown,960.0,UNKNOWN,tape stops at 941.0 on a regular-type day,False
20061215,4,REG,pre2014,120.0,960.0,164.0,,regular,960.0,RULE+TAPE,164 missing minutes,False
20061218,0,REG,pre2014,121.0,960.0,147.0,,regular,960.0,RULE+TAPE,147 missing minutes,False
20061219,1,REG,pre2014,120.0,960.0,68.0,,regular,960.0,RULE+TAPE,68 missing minutes,False
20061220,2,REG,pre2014,120.0,838.0,159.0,,unknown,960.0,UNKNOWN,tape stops at 838.0 on a regular-type day,False
20061221,3,REG,pre2014,121.0,960.0,202.0,,regular,960.0,RULE+TAPE,202 missing minutes,False
20061222,4,REG,pre2014,120.0,960.0,230.0,,regular,960.0,RULE+TAPE,230 missing minutes,False
20061225,0,XMAS,pre2014,,,,,closed,,RULE+TAPE,,False
20061226,1,REG,pre2014,359.0,960.0,307.0,,regular,960.0,RULE+TAPE,307 missing minutes,False
20061227,2,REG,pre2014,120.0,960.0,128.0,,regular,960.0,RULE+TAPE,128 missing minutes,False
20061228,3,REG,pre2014,120.0,960.0,214.0,,regular,960.0,RULE+TAPE,214 missing minutes,False
20061229,4,REG,pre2014,121.0,960.0,218.0,,regular,960.0,RULE+TAPE,218 missing minutes,False
20070101,0,NEWYEAR,pre2014,,,,,closed,,RULE+TAPE,,False
20070102,1,REG,pre2014,359.0,555.0,300.0,national day of mourning (Ford),special,555.0,TAPE_ONLY,national day of mourning (Ford),False
20070103,2,REG,pre2014,121.0,960.0,82.0,,regular,960.0,RULE+TAPE,82 missing minutes,False
20070104,3,REG,pre2014,120.0,960.0,121.0,,regular,960.0,RULE+TAPE,121 missing minutes,False
20070105,4,REG,pre2014,120.0,960.0,112.0,,regular,960.0,RULE+TAPE,112 missing minutes,False
20070108,0,REG,pre2014,121.0,910.0,148.0,,unknown,960.0,UNKNOWN,tape stops at 910.0 on a regular-type day,False
20070109,1,REG,pre2014,121.0,960.0,162.0,,regular,960.0,RULE+TAPE,162 missing minutes,False
20070110,2,REG,pre2014,120.0,960.0,75.0,,regular,960.0,RULE+TAPE,75 missing minutes,False
20070111,3,REG,pre2014,120.0,960.0,93.0,,regular,960.0,RULE+TAPE,93 missing minutes,False
20070112,4,REG,pre2014,120.0,960.0,100.0,,regular,960.0,RULE+TAPE,100 missing minutes,False
20070115,0,HOL,pre2014,125.0,690.0,233.0,,short,690.0,RULE+TAPE,233 missing minutes before close,False
20070116,1,REG,pre2014,120.0,960.0,151.0,,regular,960.0,RULE+TAPE,151 missing minutes,False
20070117,2,REG,pre2014,120.0,960.0,127.0,,regular,960.0,RULE+TAPE,127 missing minutes,False
20070118,3,REG,pre2014,120.0,878.0,93.0,,unknown,960.0,UNKNOWN,tape stops at 878.0 on a regular-type day,False
20070119,4,REG,pre2014,121.0,960.0,88.0,,regular,960.0,RULE+TAPE,88 missing minutes,False
20070122,0,REG,pre2014,124.0,960.0,137.0,,regular,960.0,RULE+TAPE,137 missing minutes,False
20070123,1,REG,pre2014,120.0,960.0,88.0,,regular,960.0,RULE+TAPE,88 missing minutes,False
20070124,2,REG,pre2014,120.0,960.0,111.0,,regular,960.0,RULE+TAPE,111 missing minutes,False
20070125,3,REG,pre2014,120.0,960.0,133.0,,regular,960.0,RULE+TAPE,133 missing minutes,False
20070126,4,REG,pre2014,120.0,960.0,153.0,,regular,960.0,RULE+TAPE,153 missing minutes,False
20070129,0,REG,pre2014,120.0,960.0,111.0,,regular,960.0,RULE+TAPE,111 missing minutes,False
20070130,1,REG,pre2014,121.0,960.0,161.0,,regular,960.0,RULE+TAPE,161 missing minutes,False
20070131,2,REG,pre2014,125.0,960.0,373.0,,regular,960.0,RULE+TAPE,373 missing minutes,False
20070201,3,REG,pre2014,120.0,960.0,122.0,,regular,960.0,RULE+TAPE,122 missing minutes,False
20070202,4,REG,pre2014,121.0,933.0,220.0,,unknown,960.0,UNKNOWN,tape stops at 933.0 on a regular-type day,False
20070205,0,REG,pre2014,120.0,960.0,205.0,,regular,960.0,RULE+TAPE,205 missing minutes,False
20070206,1,REG,pre2014,125.0,960.0,176.0,,regular,960.0,RULE+TAPE,176 missing minutes,False
20070207,2,REG,pre2014,120.0,960.0,166.0,,regular,960.0,RULE+TAPE,166 missing minutes,False
20070208,3,REG,pre2014,123.0,960.0,157.0,,regular,960.0,RULE+TAPE,157 missing minutes,False
20070209,4,REG,pre2014,121.0,960.0,182.0,,regular,960.0,RULE+TAPE,182 missing minutes,False
20070212,0,REG,pre2014,120.0,960.0,120.0,,regular,960.0,RULE+TAPE,120 missing minutes,False
20070213,1,REG,pre2014,120.0,960.0,139.0,,regular,960.0,RULE+TAPE,139 missing minutes,False
20070214,2,REG,pre2014,120.0,960.0,175.0,,regular,960.0,RULE+TAPE,175 missing minutes,False
20070215,3,REG,pre2014,120.0,960.0,175.0,,regular,960.0,RULE+TAPE,175 missing minutes,False
20070216,4,REG,pre2014,120.0,960.0,161.0,,regular,960.0,RULE+TAPE,161 missing minutes,False
20070219,0,HOL,pre2014,121.0,690.0,314.0,,short,690.0,RULE+TAPE,314 missing minutes before close,False
20070220,1,REG,pre2014,120.0,960.0,173.0,,regular,960.0,RULE+TAPE,173 missing minutes,False
20070221,2,REG,pre2014,122.0,960.0,178.0,,regular,960.0,RULE+TAPE,178 missing minutes,False
20070222,3,REG,pre2014,121.0,960.0,159.0,,regular,960.0,RULE+TAPE,159 missing minutes,False
20070223,4,REG,pre2014,121.0,960.0,141.0,,regular,960.0,RULE+TAPE,141 missing minutes,False
20070226,0,REG,pre2014,120.0,960.0,143.0,,regular,960.0,RULE+TAPE,143 missing minutes,False
20070227,1,REG,pre2014,120.0,960.0,51.0,,regular,960.0,RULE+TAPE,51 missing minutes,False
20070228,2,REG,pre2014,120.0,960.0,13.0,,regular,960.0,RULE+TAPE,13 missing minutes,False
20070301,3,REG,pre2014,120.0,960.0,44.0,,regular,960.0,RULE+TAPE,44 missing minutes,False
20070302,4,REG,pre2014,121.0,960.0,44.0,,regular,960.0,RULE+TAPE,44 missing minutes,False
20070305,0,REG,pre2014,120.0,960.0,22.0,,regular,960.0,RULE+TAPE,22 missing minutes,False
20070306,1,REG,pre2014,120.0,960.0,64.0,,regular,960.0,RULE+TAPE,64 missing minutes,False
20070307,2,REG,pre2014,121.0,960.0,80.0,,regular,960.0,RULE+TAPE,80 missing minutes,False
20070308,3,REG,pre2014,121.0,960.0,269.0,,regular,960.0,RULE+TAPE,269 missing minutes,False
20070309,4,REG,pre2014,121.0,960.0,181.0,,regular,960.0,RULE+TAPE,181 missing minutes,False
20070312,0,REG,pre2014,121.0,960.0,150.0,,regular,960.0,RULE+TAPE,150 missing minutes,False
20070313,1,REG,pre2014,121.0,960.0,175.0,,regular,960.0,RULE+TAPE,175 missing minutes,False
20070314,2,REG,pre2014,126.0,960.0,84.0,,regular,960.0,RULE+TAPE,84 missing minutes,False
20070315,3,REG,pre2014,121.0,960.0,112.0,,regular,960.0,RULE+TAPE,112 missing minutes,False
20070316,4,REG,pre2014,120.0,909.0,145.0,,unknown,960.0,UNKNOWN,tape stops at 909.0 on a regular-type day,False
20070319,0,REG,pre2014,120.0,960.0,140.0,,regular,960.0,RULE+TAPE,140 missing minutes,False
20070320,1,REG,pre2014,546.0,960.0,426.0,,regular,960.0,RULE+TAPE,426 missing minutes,False
20070321,2,REG,pre2014,120.0,960.0,147.0,,regular,960.0,RULE+TAPE,147 missing minutes,False
20070322,3,REG,pre2014,122.0,960.0,129.0,,regular,960.0,RULE+TAPE,129 missing minutes,False
20070323,4,REG,pre2014,120.0,960.0,180.0,,regular,960.0,RULE+TAPE,180 missing minutes,False
20070326,0,REG,pre2014,535.0,960.0,493.0,,regular,960.0,RULE+TAPE,493 missing minutes,False
20070327,1,REG,pre2014,568.0,960.0,448.0,,regular,960.0,RULE+TAPE,448 missing minutes,False
20070328,2,REG,pre2014,120.0,960.0,139.0,,regular,960.0,RULE+TAPE,139 missing minutes,False
20070329,3,REG,pre2014,120.0,960.0,142.0,,regular,960.0,RULE+TAPE,142 missing minutes,False
20070330,4,REG,pre2014,123.0,960.0,159.0,,regular,960.0,RULE+TAPE,159 missing minutes,False
20070402,0,REG,pre2014,120.0,960.0,137.0,,regular,960.0,RULE+TAPE,137 missing minutes,False
20070403,1,REG,pre2014,121.0,960.0,126.0,,regular,960.0,RULE+TAPE,126 missing minutes,False
20070404,2,REG,pre2014,121.0,960.0,190.0,,regular,960.0,RULE+TAPE,190 missing minutes,False
20070405,3,REG,pre2014,120.0,960.0,232.0,,regular,960.0,RULE+TAPE,232 missing minutes,False
20070406,4,GOODFRI,pre2014,131.0,555.0,336.0,,short,555.0,TAPE_ONLY,GOODFRI with abbreviated session on tape (e.g. Good Friday NFP),False
20070409,0,REG,pre2014,121.0,960.0,253.0,,regular,960.0,RULE+TAPE,253 missing minutes,False
20070410,1,REG,pre2014,120.0,960.0,107.0,,regular,960.0,RULE+TAPE,107 missing minutes,False
20070411,2,REG,pre2014,120.0,960.0,152.0,,regular,960.0,RULE+TAPE,152 missing minutes,False
20070412,3,REG,pre2014,120.0,960.0,111.0,,regular,960.0,RULE+TAPE,111 missing minutes,False
20070413,4,REG,pre2014,123.0,960.0,185.0,,regular,960.0,RULE+TAPE,185 missing minutes,False
20070416,0,REG,pre2014,124.0,960.0,148.0,,regular,960.0,RULE+TAPE,148 missing minutes,False
20070417,1,REG,pre2014,120.0,960.0,140.0,,regular,960.0,RULE+TAPE,140 missing minutes,False
20070418,2,REG,pre2014,120.0,960.0,184.0,,regular,960.0,RULE+TAPE,184 missing minutes,False
20070419,3,REG,pre2014,120.0,960.0,58.0,,regular,960.0,RULE+TAPE,58 missing minutes,False
20070420,4,REG,pre2014,120.0,960.0,89.0,,regular,960.0,RULE+TAPE,89 missing minutes,False
20070423,0,REG,pre2014,120.0,960.0,130.0,,regular,960.0,RULE+TAPE,130 missing minutes,False
20070424,1,REG,pre2014,120.0,960.0,127.0,,regular,960.0,RULE+TAPE,127 missing minutes,False
20070425,2,REG,pre2014,120.0,960.0,112.0,,regular,960.0,RULE+TAPE,112 missing minutes,False
20070426,3,REG,pre2014,120.0,960.0,87.0,,regular,960.0,RULE+TAPE,87 missing minutes,False
20070427,4,REG,pre2014,120.0,960.0,145.0,,regular,960.0,RULE+TAPE,145 missing minutes,False
20070430,0,REG,pre2014,121.0,960.0,122.0,,regular,960.0,RULE+TAPE,122 missing minutes,False
20070501,1,REG,pre2014,123.0,960.0,168.0,,regular,960.0,RULE+TAPE,168 missing minutes,False
20070502,2,REG,pre2014,120.0,960.0,103.0,,regular,960.0,RULE+TAPE,103 missing minutes,False
20070503,3,REG,pre2014,120.0,960.0,115.0,,regular,960.0,RULE+TAPE,115 missing minutes,False
20070504,4,REG,pre2014,124.0,960.0,119.0,,regular,960.0,RULE+TAPE,119 missing minutes,False
20070507,0,REG,pre2014,120.0,960.0,130.0,,regular,960.0,RULE+TAPE,130 missing minutes,False
20070508,1,REG,pre2014,120.0,960.0,97.0,,regular,960.0,RULE+TAPE,97 missing minutes,False
20070509,2,REG,pre2014,120.0,960.0,163.0,,regular,960.0,RULE+TAPE,163 missing minutes,False
20070510,3,REG,pre2014,122.0,960.0,149.0,,regular,960.0,RULE+TAPE,149 missing minutes,False
20070511,4,REG,pre2014,121.0,960.0,68.0,,regular,960.0,RULE+TAPE,68 missing minutes,False
20070514,0,REG,pre2014,120.0,960.0,148.0,,regular,960.0,RULE+TAPE,148 missing minutes,False
20070515,1,REG,pre2014,120.0,960.0,74.0,,regular,960.0,RULE+TAPE,74 missing minutes,False
20070516,2,REG,pre2014,120.0,960.0,98.0,,regular,960.0,RULE+TAPE,98 missing minutes,False
20070517,3,REG,pre2014,120.0,960.0,184.0,,regular,960.0,RULE+TAPE,184 missing minutes,False
20070518,4,REG,pre2014,132.0,960.0,114.0,,regular,960.0,RULE+TAPE,114 missing minutes,False
20070521,0,REG,pre2014,120.0,960.0,71.0,,regular,960.0,RULE+TAPE,71 missing minutes,False
20070522,1,REG,pre2014,120.0,960.0,168.0,,regular,960.0,RULE+TAPE,168 missing minutes,False
20070523,2,REG,pre2014,120.0,960.0,118.0,,regular,960.0,RULE+TAPE,118 missing minutes,False
20070524,3,REG,pre2014,121.0,960.0,111.0,,regular,960.0,RULE+TAPE,111 missing minutes,False
20070525,4,REG,pre2014,120.0,960.0,89.0,,regular,960.0,RULE+TAPE,89 missing minutes,False
20070528,0,HOL,pre2014,132.0,690.0,472.0,,short,690.0,RULE+TAPE,472 missing minutes before close,False
20070529,1,REG,pre2014,120.0,960.0,127.0,,regular,960.0,RULE+TAPE,127 missing minutes,False
20070530,2,REG,pre2014,120.0,960.0,87.0,,regular,960.0,RULE+TAPE,87 missing minutes,False
20070531,3,REG,pre2014,121.0,960.0,147.0,,regular,960.0,RULE+TAPE,147 missing minutes,False
20070601,4,REG,pre2014,120.0,960.0,111.0,,regular,960.0,RULE+TAPE,111 missing minutes,False
20070604,0,REG,pre2014,120.0,960.0,134.0,,regular,960.0,RULE+TAPE,134 missing minutes,False
20070605,1,REG,pre2014,121.0,960.0,137.0,,regular,960.0,RULE+TAPE,137 missing minutes,False
20070606,2,REG,pre2014,121.0,960.0,52.0,,regular,960.0,RULE+TAPE,52 missing minutes,False
20070607,3,REG,pre2014,133.0,960.0,277.0,,regular,960.0,RULE+TAPE,277 missing minutes,False
20070608,4,REG,pre2014,121.0,960.0,62.0,,regular,960.0,RULE+TAPE,62 missing minutes,False
20070611,0,REG,pre2014,488.0,960.0,370.0,,regular,960.0,RULE+TAPE,370 missing minutes,False
20070612,1,REG,pre2014,120.0,960.0,78.0,,regular,960.0,RULE+TAPE,78 missing minutes,False
20070613,2,REG,pre2014,120.0,960.0,71.0,,regular,960.0,RULE+TAPE,71 missing minutes,False
20070614,3,REG,pre2014,120.0,960.0,108.0,,regular,960.0,RULE+TAPE,108 missing minutes,False
20070615,4,REG,pre2014,121.0,960.0,162.0,,regular,960.0,RULE+TAPE,162 missing minutes,False
20070618,0,REG,pre2014,696.0,960.0,576.0,,regular,960.0,RULE+TAPE,576 missing minutes,False
20070619,1,REG,pre2014,122.0,960.0,126.0,,regular,960.0,RULE+TAPE,126 missing minutes,False
20070620,2,REG,pre2014,120.0,960.0,123.0,,regular,960.0,RULE+TAPE,123 missing minutes,False
20070621,3,REG,pre2014,120.0,960.0,91.0,,regular,960.0,RULE+TAPE,91 missing minutes,False
20070622,4,REG,pre2014,121.0,960.0,93.0,,regular,960.0,RULE+TAPE,93 missing minutes,False
20070625,0,REG,pre2014,120.0,960.0,86.0,,regular,960.0,RULE+TAPE,86 missing minutes,False
20070626,1,REG,pre2014,120.0,960.0,107.0,,regular,960.0,RULE+TAPE,107 missing minutes,False
20070627,2,REG,pre2014,120.0,960.0,23.0,,regular,960.0,RULE+TAPE,23 missing minutes,False
20070628,3,REG,pre2014,120.0,960.0,115.0,,regular,960.0,RULE+TAPE,115 missing minutes,False
20070629,4,REG,pre2014,123.0,960.0,102.0,,regular,960.0,RULE+TAPE,102 missing minutes,False
20070702,0,REG,pre2014,120.0,960.0,128.0,,regular,960.0,RULE+TAPE,128 missing minutes,False
20070703,1,EVE,pre2014,120.0,795.0,141.0,,short,795.0,RULE+TAPE,141 missing minutes before close,False
20070704,2,HOL,pre2014,120.0,690.0,196.0,,short,690.0,RULE+TAPE,196 missing minutes before close,False
20070705,3,REG,pre2014,121.0,960.0,150.0,,regular,960.0,RULE+TAPE,150 missing minutes,False
20070706,4,REG,pre2014,122.0,960.0,130.0,,regular,960.0,RULE+TAPE,130 missing minutes,False
20070709,0,REG,pre2014,121.0,960.0,150.0,,regular,960.0,RULE+TAPE,150 missing minutes,False
20070710,1,REG,pre2014,120.0,960.0,125.0,,regular,960.0,RULE+TAPE,125 missing minutes,False
20070711,2,REG,pre2014,120.0,960.0,111.0,,regular,960.0,RULE+TAPE,111 missing minutes,False
20070712,3,REG,pre2014,120.0,960.0,110.0,,regular,960.0,RULE+TAPE,110 missing minutes,False
20070713,4,REG,pre2014,120.0,960.0,140.0,,regular,960.0,RULE+TAPE,140 missing minutes,False
20070716,0,REG,pre2014,121.0,960.0,121.0,,regular,960.0,RULE+TAPE,121 missing minutes,False
20070717,1,REG,pre2014,120.0,960.0,64.0,,regular,960.0,RULE+TAPE,64 missing minutes,False
20070718,2,REG,pre2014,120.0,960.0,62.0,,regular,960.0,RULE+TAPE,62 missing minutes,False
20070719,3,REG,pre2014,120.0,960.0,105.0,,regular,960.0,RULE+TAPE,105 missing minutes,False
20070720,4,REG,pre2014,121.0,960.0,56.0,,regular,960.0,RULE+TAPE,56 missing minutes,False
20070723,0,REG,pre2014,120.0,960.0,94.0,,regular,960.0,RULE+TAPE,94 missing minutes,False
20070724,1,REG,pre2014,120.0,960.0,128.0,,regular,960.0,RULE+TAPE,128 missing minutes,False
20070725,2,REG,pre2014,120.0,960.0,75.0,,regular,960.0,RULE+TAPE,75 missing minutes,False
20070726,3,REG,pre2014,120.0,960.0,54.0,,regular,960.0,RULE+TAPE,54 missing minutes,False
20070727,4,REG,pre2014,120.0,960.0,46.0,,regular,960.0,RULE+TAPE,46 missing minutes,False
20070730,0,REG,pre2014,120.0,960.0,40.0,,regular,960.0,RULE+TAPE,40 missing minutes,False
20070731,1,REG,pre2014,120.0,960.0,80.0,,regular,960.0,RULE+TAPE,80 missing minutes,False
20070801,2,REG,pre2014,120.0,960.0,27.0,,regular,960.0,RULE+TAPE,27 missing minutes,False
20070802,3,REG,pre2014,120.0,960.0,74.0,,regular,960.0,RULE+TAPE,74 missing minutes,False
20070803,4,REG,pre2014,121.0,960.0,135.0,,regular,960.0,RULE+TAPE,135 missing minutes,False
20070806,0,REG,pre2014,120.0,960.0,74.0,,regular,960.0,RULE+TAPE,74 missing minutes,False
20070807,1,REG,pre2014,121.0,960.0,137.0,,regular,960.0,RULE+TAPE,137 missing minutes,False
20070808,2,REG,pre2014,120.0,960.0,90.0,,regular,960.0,RULE+TAPE,90 missing minutes,False
20070809,3,REG,pre2014,120.0,960.0,44.0,,regular,960.0,RULE+TAPE,44 missing minutes,False
20070810,4,REG,pre2014,120.0,960.0,32.0,,regular,960.0,RULE+TAPE,32 missing minutes,False
20070813,0,REG,pre2014,120.0,960.0,85.0,,regular,960.0,RULE+TAPE,85 missing minutes,False
20070814,1,REG,pre2014,120.0,960.0,100.0,,regular,960.0,RULE+TAPE,100 missing minutes,False
20070815,2,REG,pre2014,120.0,960.0,66.0,,regular,960.0,RULE+TAPE,66 missing minutes,False
20070816,3,REG,pre2014,120.0,960.0,38.0,,regular,960.0,RULE+TAPE,38 missing minutes,False
20070817,4,REG,pre2014,120.0,960.0,21.0,,regular,960.0,RULE+TAPE,21 missing minutes,False
20070820,0,REG,pre2014,120.0,960.0,80.0,,regular,960.0,RULE+TAPE,80 missing minutes,False
20070821,1,REG,pre2014,120.0,960.0,89.0,,regular,960.0,RULE+TAPE,89 missing minutes,False
20070822,2,REG,pre2014,120.0,960.0,75.0,,regular,960.0,RULE+TAPE,75 missing minutes,False
20070823,3,REG,pre2014,120.0,960.0,72.0,,regular,960.0,RULE+TAPE,72 missing minutes,False
20070824,4,REG,pre2014,120.0,960.0,132.0,,regular,960.0,RULE+TAPE,132 missing minutes,False
20070827,0,REG,pre2014,120.0,960.0,177.0,,regular,960.0,RULE+TAPE,177 missing minutes,False
20070828,1,REG,pre2014,120.0,960.0,106.0,,regular,960.0,RULE+TAPE,106 missing minutes,False
20070829,2,REG,pre2014,120.0,960.0,49.0,,regular,960.0,RULE+TAPE,49 missing minutes,False
20070830,3,REG,pre2014,120.0,960.0,82.0,,regular,960.0,RULE+TAPE,82 missing minutes,False
20070831,4,REG,pre2014,120.0,960.0,55.0,,regular,960.0,RULE+TAPE,55 missing minutes,False
20070903,0,HOL,pre2014,120.0,690.0,332.0,,short,690.0,RULE+TAPE,332 missing minutes before close,False
20070904,1,REG,pre2014,121.0,960.0,121.0,,regular,960.0,RULE+TAPE,121 missing minutes,False
20070905,2,REG,pre2014,120.0,960.0,55.0,,regular,960.0,RULE+TAPE,55 missing minutes,False
20070906,3,REG,pre2014,121.0,960.0,79.0,,regular,960.0,RULE+TAPE,79 missing minutes,False
20070907,4,REG,pre2014,120.0,960.0,118.0,,regular,960.0,RULE+TAPE,118 missing minutes,False
20070910,0,REG,pre2014,121.0,960.0,62.0,,regular,960.0,RULE+TAPE,62 missing minutes,False
20070911,1,REG,pre2014,121.0,960.0,83.0,,regular,960.0,RULE+TAPE,83 missing minutes,False
20070912,2,REG,pre2014,120.0,960.0,96.0,,regular,960.0,RULE+TAPE,96 missing minutes,False
20070913,3,REG,pre2014,131.0,960.0,282.0,,regular,960.0,RULE+TAPE,282 missing minutes,False
20070914,4,REG,pre2014,127.0,960.0,96.0,,regular,960.0,RULE+TAPE,96 missing minutes,False
20070917,0,REG,pre2014,120.0,960.0,84.0,,regular,960.0,RULE+TAPE,84 missing minutes,False
20070918,1,REG,pre2014,123.0,960.0,104.0,,regular,960.0,RULE+TAPE,104 missing minutes,False
20070919,2,REG,pre2014,120.0,960.0,57.0,,regular,960.0,RULE+TAPE,57 missing minutes,False
20070920,3,REG,pre2014,120.0,960.0,59.0,,regular,960.0,RULE+TAPE,59 missing minutes,False
20070921,4,REG,pre2014,120.0,960.0,64.0,,regular,960.0,RULE+TAPE,64 missing minutes,False
20070924,0,REG,pre2014,125.0,960.0,124.0,,regular,960.0,RULE+TAPE,124 missing minutes,False
20070925,1,REG,pre2014,120.0,960.0,67.0,,regular,960.0,RULE+TAPE,67 missing minutes,False
20070926,2,REG,pre2014,120.0,960.0,65.0,,regular,960.0,RULE+TAPE,65 missing minutes,False
20070927,3,REG,pre2014,120.0,960.0,45.0,,regular,960.0,RULE+TAPE,45 missing minutes,False
20070928,4,REG,pre2014,121.0,960.0,85.0,,regular,960.0,RULE+TAPE,85 missing minutes,False
20071001,0,REG,pre2014,120.0,960.0,85.0,,regular,960.0,RULE+TAPE,85 missing minutes,False
20071002,1,REG,pre2014,120.0,960.0,83.0,,regular,960.0,RULE+TAPE,83 missing minutes,False
20071003,2,REG,pre2014,120.0,960.0,88.0,,regular,960.0,RULE+TAPE,88 missing minutes,False
20071004,3,REG,pre2014,123.0,960.0,108.0,,regular,960.0,RULE+TAPE,108 missing minutes,False
20071005,4,REG,pre2014,122.0,960.0,155.0,,regular,960.0,RULE+TAPE,155 missing minutes,False
20071008,0,REG,pre2014,120.0,960.0,120.0,,regular,960.0,RULE+TAPE,120 missing minutes,False
20071009,1,REG,pre2014,120.0,960.0,93.0,,regular,960.0,RULE+TAPE,93 missing minutes,False
20071010,2,REG,pre2014,121.0,960.0,93.0,,regular,960.0,RULE+TAPE,93 missing minutes,False
20071011,3,REG,pre2014,120.0,960.0,42.0,,regular,960.0,RULE+TAPE,42 missing minutes,False
20071012,4,REG,pre2014,120.0,960.0,60.0,,regular,960.0,RULE+TAPE,60 missing minutes,False
20071015,0,REG,pre2014,121.0,960.0,97.0,,regular,960.0,RULE+TAPE,97 missing minutes,False
20071016,1,REG,pre2014,120.0,960.0,61.0,,regular,960.0,RULE+TAPE,61 missing minutes,False
20071017,2,REG,pre2014,120.0,960.0,61.0,,regular,960.0,RULE+TAPE,61 missing minutes,False
20071018,3,REG,pre2014,120.0,960.0,77.0,,regular,960.0,RULE+TAPE,77 missing minutes,False
20071019,4,REG,pre2014,120.0,960.0,25.0,,regular,960.0,RULE+TAPE,25 missing minutes,False
20071022,0,REG,pre2014,120.0,960.0,36.0,,regular,960.0,RULE+TAPE,36 missing minutes,False
20071023,1,REG,pre2014,121.0,960.0,45.0,,regular,960.0,RULE+TAPE,45 missing minutes,False
20071024,2,REG,pre2014,120.0,960.0,59.0,,regular,960.0,RULE+TAPE,59 missing minutes,False
20071025,3,REG,pre2014,120.0,960.0,67.0,,regular,960.0,RULE+TAPE,67 missing minutes,False
20071026,4,REG,pre2014,120.0,960.0,55.0,,regular,960.0,RULE+TAPE,55 missing minutes,False
20071029,0,REG,pre2014,121.0,960.0,84.0,,regular,960.0,RULE+TAPE,84 missing minutes,False
20071030,1,REG,pre2014,121.0,960.0,131.0,,regular,960.0,RULE+TAPE,131 missing minutes,False
20071031,2,REG,pre2014,124.0,960.0,129.0,,regular,960.0,RULE+TAPE,129 missing minutes,False
20071101,3,REG,pre2014,126.0,960.0,83.0,,regular,960.0,RULE+TAPE,83 missing minutes,False
20071102,4,REG,pre2014,120.0,960.0,80.0,,regular,960.0,RULE+TAPE,80 missing minutes,False
20071105,0,REG,pre2014,308.0,960.0,204.0,,regular,960.0,RULE+TAPE,204 missing minutes,False
20071106,1,REG,pre2014,120.0,960.0,89.0,,regular,960.0,RULE+TAPE,89 missing minutes,False
20071107,2,REG,pre2014,123.0,960.0,33.0,,regular,960.0,RULE+TAPE,33 missing minutes,False
20071108,3,REG,pre2014,120.0,960.0,15.0,,regular,960.0,RULE+TAPE,15 missing minutes,False
20071109,4,REG,pre2014,120.0,960.0,24.0,,regular,960.0,RULE+TAPE,24 missing minutes,False
20071112,0,REG,pre2014,120.0,960.0,17.0,,regular,960.0,RULE+TAPE,17 missing minutes,False
20071113,1,REG,pre2014,120.0,960.0,13.0,,regular,960.0,RULE+TAPE,13 missing minutes,False
20071114,2,REG,pre2014,121.0,960.0,38.0,,regular,960.0,RULE+TAPE,38 missing minutes,False
20071115,3,REG,pre2014,120.0,960.0,33.0,,regular,960.0,RULE+TAPE,33 missing minutes,False
20071116,4,REG,pre2014,121.0,960.0,39.0,,regular,960.0,RULE+TAPE,39 missing minutes,False
20071119,0,REG,pre2014,120.0,960.0,49.0,,regular,960.0,RULE+TAPE,49 missing minutes,False
20071120,1,REG,pre2014,121.0,960.0,34.0,,regular,960.0,RULE+TAPE,34 missing minutes,False
20071121,2,REG,pre2014,120.0,960.0,19.0,,regular,960.0,RULE+TAPE,19 missing minutes,False
20071122,3,HOL,pre2014,121.0,690.0,166.0,,short,690.0,RULE+TAPE,166 missing minutes before close,False
20071123,4,EVE,pre2014,120.0,795.0,86.0,,short,795.0,RULE+TAPE,86 missing minutes before close,False
20071126,0,REG,pre2014,120.0,960.0,80.0,,regular,960.0,RULE+TAPE,80 missing minutes,False
20071127,1,REG,pre2014,120.0,960.0,21.0,,regular,960.0,RULE+TAPE,21 missing minutes,False
20071128,2,REG,pre2014,120.0,960.0,48.0,,regular,960.0,RULE+TAPE,48 missing minutes,False
20071129,3,REG,pre2014,120.0,960.0,32.0,,regular,960.0,RULE+TAPE,32 missing minutes,False
20071130,4,REG,pre2014,120.0,960.0,51.0,,regular,960.0,RULE+TAPE,51 missing minutes,False
20071203,0,REG,pre2014,120.0,960.0,77.0,,regular,960.0,RULE+TAPE,77 missing minutes,False
20071204,1,REG,pre2014,120.0,960.0,58.0,,regular,960.0,RULE+TAPE,58 missing minutes,False
20071205,2,REG,pre2014,120.0,960.0,82.0,,regular,960.0,RULE+TAPE,82 missing minutes,False
20071206,3,REG,pre2014,120.0,960.0,68.0,,regular,960.0,RULE+TAPE,68 missing minutes,False
20071207,4,REG,pre2014,120.0,960.0,76.0,,regular,960.0,RULE+TAPE,76 missing minutes,False
20071210,0,REG,pre2014,120.0,960.0,87.0,,regular,960.0,RULE+TAPE,87 missing minutes,False
20071211,1,REG,pre2014,121.0,960.0,75.0,,regular,960.0,RULE+TAPE,75 missing minutes,False
20071212,2,REG,pre2014,120.0,960.0,32.0,,regular,960.0,RULE+TAPE,32 missing minutes,False
20071213,3,REG,pre2014,123.0,960.0,266.0,,regular,960.0,RULE+TAPE,266 missing minutes,False
20071214,4,REG,pre2014,120.0,960.0,137.0,,regular,960.0,RULE+TAPE,137 missing minutes,False
20071217,0,REG,pre2014,120.0,960.0,90.0,,regular,960.0,RULE+TAPE,90 missing minutes,False
20071218,1,REG,pre2014,120.0,960.0,77.0,,regular,960.0,RULE+TAPE,77 missing minutes,False
20071219,2,REG,pre2014,120.0,960.0,79.0,,regular,960.0,RULE+TAPE,79 missing minutes,False
20071220,3,REG,pre2014,120.0,960.0,106.0,,regular,960.0,RULE+TAPE,106 missing minutes,False
20071221,4,REG,pre2014,120.0,960.0,59.0,,regular,960.0,RULE+TAPE,59 missing minutes,False
20071224,0,EVE,pre2014,120.0,795.0,241.0,,short,795.0,RULE+TAPE,241 missing minutes before close,False
20071225,1,XMAS,pre2014,,,,,closed,,RULE+TAPE,,False
20071226,2,REG,pre2014,359.0,960.0,312.0,,regular,960.0,RULE+TAPE,312 missing minutes,False
20071227,3,REG,pre2014,120.0,960.0,111.0,,regular,960.0,RULE+TAPE,111 missing minutes,False
20071228,4,REG,pre2014,120.0,960.0,172.0,,regular,960.0,RULE+TAPE,172 missing minutes,False
20071231,0,REG,pre2014,160.0,960.0,266.0,,regular,960.0,RULE+TAPE,266 missing minutes,False
20080101,1,NEWYEAR,pre2014,,,,,closed,,RULE+TAPE,,False
20080102,2,REG,pre2014,359.0,960.0,253.0,,regular,960.0,RULE+TAPE,253 missing minutes,False
20080103,3,REG,pre2014,121.0,960.0,64.0,,regular,960.0,RULE+TAPE,64 missing minutes,False
20080104,4,REG,pre2014,124.0,960.0,108.0,,regular,960.0,RULE+TAPE,108 missing minutes,False
20080107,0,REG,pre2014,120.0,960.0,44.0,,regular,960.0,RULE+TAPE,44 missing minutes,False
20080108,1,REG,pre2014,120.0,960.0,79.0,,regular,960.0,RULE+TAPE,79 missing minutes,False
20080109,2,REG,pre2014,120.0,960.0,29.0,,regular,960.0,RULE+TAPE,29 missing minutes,False
20080110,3,REG,pre2014,120.0,960.0,47.0,,regular,960.0,RULE+TAPE,47 missing minutes,False
20080111,4,REG,pre2014,120.0,960.0,49.0,,regular,960.0,RULE+TAPE,49 missing minutes,False
20080114,0,REG,pre2014,120.0,960.0,44.0,,regular,960.0,RULE+TAPE,44 missing minutes,False
20080115,1,REG,pre2014,120.0,960.0,79.0,,regular,960.0,RULE+TAPE,79 missing minutes,False
20080116,2,REG,pre2014,120.0,960.0,25.0,,regular,960.0,RULE+TAPE,25 missing minutes,False
20080117,3,REG,pre2014,120.0,960.0,39.0,,regular,960.0,RULE+TAPE,39 missing minutes,False
20080118,4,REG,pre2014,120.0,960.0,22.0,,regular,960.0,RULE+TAPE,22 missing minutes,False
20080121,0,HOL,pre2014,120.0,690.0,13.0,,short,690.0,RULE+TAPE,13 missing minutes before close,False
20080122,1,REG,pre2014,120.0,960.0,49.0,,regular,960.0,RULE+TAPE,49 missing minutes,False
20080123,2,REG,pre2014,120.0,960.0,10.0,,regular,960.0,RULE+TAPE,10 missing minutes,False
20080124,3,REG,pre2014,120.0,960.0,17.0,,regular,960.0,RULE+TAPE,17 missing minutes,False
20080125,4,REG,pre2014,120.0,960.0,45.0,,regular,960.0,RULE+TAPE,45 missing minutes,False
20080128,0,REG,pre2014,120.0,960.0,72.0,,regular,960.0,RULE+TAPE,72 missing minutes,False
20080129,1,REG,pre2014,121.0,960.0,94.0,,regular,960.0,RULE+TAPE,94 missing minutes,False
20080130,2,REG,pre2014,120.0,960.0,99.0,,regular,960.0,RULE+TAPE,99 missing minutes,False
20080131,3,REG,pre2014,120.0,960.0,43.0,,regular,960.0,RULE+TAPE,43 missing minutes,False
20080201,4,REG,pre2014,120.0,960.0,70.0,,regular,960.0,RULE+TAPE,70 missing minutes,False
20080204,0,REG,pre2014,120.0,960.0,59.0,,regular,960.0,RULE+TAPE,59 missing minutes,False
20080205,1,REG,pre2014,120.0,960.0,110.0,,regular,960.0,RULE+TAPE,110 missing minutes,False
20080206,2,REG,pre2014,120.0,960.0,47.0,,regular,960.0,RULE+TAPE,47 missing minutes,False
20080207,3,REG,pre2014,120.0,960.0,30.0,,regular,960.0,RULE+TAPE,30 missing minutes,False
20080208,4,REG,pre2014,120.0,960.0,79.0,,regular,960.0,RULE+TAPE,79 missing minutes,False
20080211,0,REG,pre2014,120.0,960.0,59.0,,regular,960.0,RULE+TAPE,59 missing minutes,False
20080212,1,REG,pre2014,120.0,960.0,72.0,,regular,960.0,RULE+TAPE,72 missing minutes,False
20080213,2,REG,pre2014,120.0,960.0,84.0,,regular,960.0,RULE+TAPE,84 missing minutes,False
20080214,3,REG,pre2014,121.0,960.0,95.0,,regular,960.0,RULE+TAPE,95 missing minutes,False
20080215,4,REG,pre2014,120.0,960.0,79.0,,regular,960.0,RULE+TAPE,79 missing minutes,False
20080218,0,HOL,pre2014,120.0,690.0,161.0,,short,690.0,RULE+TAPE,161 missing minutes before close,False
20080219,1,REG,pre2014,121.0,960.0,35.0,,regular,960.0,RULE+TAPE,35 missing minutes,False
20080220,2,REG,pre2014,120.0,960.0,51.0,,regular,960.0,RULE+TAPE,51 missing minutes,False
20080221,3,REG,pre2014,120.0,960.0,41.0,,regular,960.0,RULE+TAPE,41 missing minutes,False
20080222,4,REG,pre2014,121.0,960.0,49.0,,regular,960.0,RULE+TAPE,49 missing minutes,False
20080225,0,REG,pre2014,121.0,960.0,63.0,,regular,960.0,RULE+TAPE,63 missing minutes,False
20080226,1,REG,pre2014,120.0,960.0,61.0,,regular,960.0,RULE+TAPE,61 missing minutes,False
20080227,2,REG,pre2014,120.0,960.0,71.0,,regular,960.0,RULE+TAPE,71 missing minutes,False
20080228,3,REG,pre2014,121.0,960.0,60.0,,regular,960.0,RULE+TAPE,60 missing minutes,False
20080229,4,REG,pre2014,120.0,960.0,35.0,,regular,960.0,RULE+TAPE,35 missing minutes,False
20080303,0,REG,pre2014,120.0,960.0,52.0,,regular,960.0,RULE+TAPE,52 missing minutes,False
20080304,1,REG,pre2014,122.0,960.0,30.0,,regular,960.0,RULE+TAPE,30 missing minutes,False
20080305,2,REG,pre2014,120.0,960.0,63.0,,regular,960.0,RULE+TAPE,63 missing minutes,False
20080306,3,REG,pre2014,120.0,960.0,48.0,,regular,960.0,RULE+TAPE,48 missing minutes,False
20080307,4,REG,pre2014,122.0,960.0,36.0,,regular,960.0,RULE+TAPE,36 missing minutes,False
20080310,0,REG,pre2014,120.0,960.0,76.0,,regular,960.0,RULE+TAPE,76 missing minutes,False
20080311,1,REG,pre2014,121.0,960.0,47.0,,regular,960.0,RULE+TAPE,47 missing minutes,False
20080312,2,REG,pre2014,128.0,960.0,62.0,,regular,960.0,RULE+TAPE,62 missing minutes,False
20080313,3,REG,pre2014,120.0,960.0,201.0,,regular,960.0,RULE+TAPE,201 missing minutes,False
20080314,4,REG,pre2014,120.0,960.0,99.0,,regular,960.0,RULE+TAPE,99 missing minutes,False
20080317,0,REG,pre2014,121.0,960.0,85.0,,regular,960.0,RULE+TAPE,85 missing minutes,False
20080318,1,REG,pre2014,120.0,960.0,86.0,,regular,960.0,RULE+TAPE,86 missing minutes,False
20080319,2,REG,pre2014,120.0,960.0,68.0,,regular,960.0,RULE+TAPE,68 missing minutes,False
20080320,3,REG,pre2014,121.0,960.0,84.0,,regular,960.0,RULE+TAPE,84 missing minutes,False
20080321,4,GOODFRI,pre2014,,,,,closed,,RULE+TAPE,,False
20080324,0,REG,pre2014,120.0,960.0,200.0,,regular,960.0,RULE+TAPE,200 missing minutes,False
20080325,1,REG,pre2014,125.0,960.0,111.0,,regular,960.0,RULE+TAPE,111 missing minutes,False
20080326,2,REG,pre2014,120.0,960.0,88.0,,regular,960.0,RULE+TAPE,88 missing minutes,False
20080327,3,REG,pre2014,121.0,960.0,93.0,,regular,960.0,RULE+TAPE,93 missing minutes,False
20080328,4,REG,pre2014,123.0,960.0,100.0,,regular,960.0,RULE+TAPE,100 missing minutes,False
20080331,0,REG,pre2014,120.0,960.0,57.0,,regular,960.0,RULE+TAPE,57 missing minutes,False
20080401,1,REG,pre2014,120.0,960.0,34.0,,regular,960.0,RULE+TAPE,34 missing minutes,False
20080402,2,REG,pre2014,120.0,960.0,29.0,,regular,960.0,RULE+TAPE,29 missing minutes,False
20080403,3,REG,pre2014,121.0,960.0,46.0,,regular,960.0,RULE+TAPE,46 missing minutes,False
20080404,4,REG,pre2014,122.0,960.0,96.0,,regular,960.0,RULE+TAPE,96 missing minutes,False
20080407,0,REG,pre2014,121.0,960.0,64.0,,regular,960.0,RULE+TAPE,64 missing minutes,False
20080408,1,REG,pre2014,120.0,960.0,51.0,,regular,960.0,RULE+TAPE,51 missing minutes,False
20080409,2,REG,pre2014,121.0,960.0,65.0,,regular,960.0,RULE+TAPE,65 missing minutes,False
20080410,3,REG,pre2014,121.0,960.0,49.0,,regular,960.0,RULE+TAPE,49 missing minutes,False
20080411,4,REG,pre2014,121.0,960.0,61.0,,regular,960.0,RULE+TAPE,61 missing minutes,False
20080414,0,REG,pre2014,121.0,960.0,54.0,,regular,960.0,RULE+TAPE,54 missing minutes,False
20080415,1,REG,pre2014,121.0,960.0,100.0,,regular,960.0,RULE+TAPE,100 missing minutes,False
20080416,2,REG,pre2014,120.0,960.0,38.0,,regular,960.0,RULE+TAPE,38 missing minutes,False
20080417,3,REG,pre2014,120.0,960.0,28.0,,regular,960.0,RULE+TAPE,28 missing minutes,False
20080418,4,REG,pre2014,121.0,960.0,44.0,,regular,960.0,RULE+TAPE,44 missing minutes,False
20080421,0,REG,pre2014,120.0,960.0,55.0,,regular,960.0,RULE+TAPE,55 missing minutes,False
20080422,1,REG,pre2014,121.0,960.0,86.0,,regular,960.0,RULE+TAPE,86 missing minutes,False
20080423,2,REG,pre2014,120.0,960.0,70.0,,regular,960.0,RULE+TAPE,70 missing minutes,False
20080424,3,REG,pre2014,120.0,960.0,48.0,,regular,960.0,RULE+TAPE,48 missing minutes,False
20080425,4,REG,pre2014,120.0,960.0,42.0,,regular,960.0,RULE+TAPE,42 missing minutes,False
20080428,0,REG,pre2014,120.0,960.0,85.0,,regular,960.0,RULE+TAPE,85 missing minutes,False
20080429,1,REG,pre2014,120.0,960.0,80.0,,regular,960.0,RULE+TAPE,80 missing minutes,False
20080430,2,REG,pre2014,121.0,960.0,99.0,,regular,960.0,RULE+TAPE,99 missing minutes,False
20080501,3,REG,pre2014,120.0,960.0,189.0,,regular,960.0,RULE+TAPE,189 missing minutes,False
20080502,4,REG,pre2014,120.0,960.0,47.0,,regular,960.0,RULE+TAPE,47 missing minutes,False
20080505,0,REG,pre2014,121.0,960.0,103.0,,regular,960.0,RULE+TAPE,103 missing minutes,False
20080506,1,REG,pre2014,120.0,960.0,67.0,,regular,960.0,RULE+TAPE,67 missing minutes,False
20080507,2,REG,pre2014,120.0,960.0,57.0,,regular,960.0,RULE+TAPE,57 missing minutes,False
20080508,3,REG,pre2014,120.0,960.0,59.0,,regular,960.0,RULE+TAPE,59 missing minutes,False
20080509,4,REG,pre2014,121.0,960.0,76.0,,regular,960.0,RULE+TAPE,76 missing minutes,False
20080512,0,REG,pre2014,120.0,960.0,120.0,,regular,960.0,RULE+TAPE,120 missing minutes,False
20080513,1,REG,pre2014,120.0,960.0,68.0,,regular,960.0,RULE+TAPE,68 missing minutes,False
20080514,2,REG,pre2014,120.0,960.0,82.0,,regular,960.0,RULE+TAPE,82 missing minutes,False
20080515,3,REG,pre2014,120.0,960.0,84.0,,regular,960.0,RULE+TAPE,84 missing minutes,False
20080516,4,REG,pre2014,120.0,960.0,63.0,,regular,960.0,RULE+TAPE,63 missing minutes,False
20080519,0,REG,pre2014,120.0,960.0,103.0,,regular,960.0,RULE+TAPE,103 missing minutes,False
20080520,1,REG,pre2014,120.0,960.0,70.0,,regular,960.0,RULE+TAPE,70 missing minutes,False
20080521,2,REG,pre2014,120.0,960.0,3.0,,regular,960.0,RULE+TAPE,3 missing minutes,False
20080522,3,REG,pre2014,120.0,960.0,12.0,,regular,960.0,RULE+TAPE,12 missing minutes,False
20080523,4,REG,pre2014,121.0,960.0,55.0,,regular,960.0,RULE+TAPE,55 missing minutes,False
20080526,0,HOL,pre2014,120.0,690.0,275.0,,short,690.0,RULE+TAPE,275 missing minutes before close,False
20080527,1,REG,pre2014,120.0,960.0,23.0,,regular,960.0,RULE+TAPE,23 missing minutes,False
20080528,2,REG,pre2014,120.0,960.0,33.0,,regular,960.0,RULE+TAPE,33 missing minutes,False
20080529,3,REG,pre2014,120.0,960.0,49.0,,regular,960.0,RULE+TAPE,49 missing minutes,False
20080530,4,REG,pre2014,120.0,960.0,64.0,,regular,960.0,RULE+TAPE,64 missing minutes,False
20080602,0,REG,pre2014,120.0,960.0,72.0,,regular,960.0,RULE+TAPE,72 missing minutes,False
20080603,1,REG,pre2014,120.0,960.0,34.0,,regular,960.0,RULE+TAPE,34 missing minutes,False
20080604,2,REG,pre2014,120.0,960.0,62.0,,regular,960.0,RULE+TAPE,62 missing minutes,False
20080605,3,REG,pre2014,121.0,960.0,43.0,,regular,960.0,RULE+TAPE,43 missing minutes,False
20080606,4,REG,pre2014,120.0,960.0,34.0,,regular,960.0,RULE+TAPE,34 missing minutes,False
20080609,0,REG,pre2014,120.0,960.0,1.0,,regular,960.0,RULE+TAPE,1 missing minutes,False
20080610,1,REG,pre2014,120.0,960.0,9.0,,regular,960.0,RULE+TAPE,9 missing minutes,False
20080611,2,REG,pre2014,120.0,960.0,41.0,,regular,960.0,RULE+TAPE,41 missing minutes,False
20080612,3,REG,pre2014,128.0,960.0,206.0,,regular,960.0,RULE+TAPE,206 missing minutes,False
20080613,4,REG,pre2014,122.0,960.0,54.0,,regular,960.0,RULE+TAPE,54 missing minutes,False
20080616,0,REG,pre2014,292.0,960.0,196.0,,regular,960.0,RULE+TAPE,196 missing minutes,False
20080617,1,REG,pre2014,120.0,960.0,70.0,,regular,960.0,RULE+TAPE,70 missing minutes,False
20080618,2,REG,pre2014,120.0,960.0,55.0,,regular,960.0,RULE+TAPE,55 missing minutes,False
20080619,3,REG,pre2014,120.0,960.0,32.0,,regular,960.0,RULE+TAPE,32 missing minutes,False
20080620,4,REG,pre2014,121.0,960.0,58.0,,regular,960.0,RULE+TAPE,58 missing minutes,False
20080623,0,REG,pre2014,120.0,960.0,17.0,,regular,960.0,RULE+TAPE,17 missing minutes,False
20080624,1,REG,pre2014,120.0,960.0,14.0,,regular,960.0,RULE+TAPE,14 missing minutes,False
20080625,2,REG,pre2014,120.0,960.0,47.0,,regular,960.0,RULE+TAPE,47 missing minutes,False
20080626,3,REG,pre2014,120.0,960.0,30.0,,regular,960.0,RULE+TAPE,30 missing minutes,False
20080627,4,REG,pre2014,120.0,960.0,18.0,,regular,960.0,RULE+TAPE,18 missing minutes,False
20080630,0,REG,pre2014,121.0,960.0,30.0,,regular,960.0,RULE+TAPE,30 missing minutes,False
20080701,1,REG,pre2014,120.0,960.0,23.0,,regular,960.0,RULE+TAPE,23 missing minutes,False
20080702,2,REG,pre2014,120.0,960.0,21.0,,regular,960.0,RULE+TAPE,21 missing minutes,False
20080703,3,EVE,pre2014,120.0,795.0,19.0,,short,795.0,RULE+TAPE,19 missing minutes before close,False
20080704,4,HOL,pre2014,120.0,690.0,246.0,,short,690.0,RULE+TAPE,246 missing minutes before close,False
20080707,0,REG,pre2014,122.0,960.0,60.0,,regular,960.0,RULE+TAPE,60 missing minutes,False
20080708,1,REG,pre2014,120.0,960.0,18.0,,regular,960.0,RULE+TAPE,18 missing minutes,False
20080709,2,REG,pre2014,120.0,960.0,16.0,,regular,960.0,RULE+TAPE,16 missing minutes,False
20080710,3,REG,pre2014,120.0,960.0,36.0,,regular,960.0,RULE+TAPE,36 missing minutes,False
20080711,4,REG,pre2014,120.0,960.0,23.0,,regular,960.0,RULE+TAPE,23 missing minutes,False
20080714,0,REG,pre2014,120.0,960.0,33.0,,regular,960.0,RULE+TAPE,33 missing minutes,False
20080715,1,REG,pre2014,120.0,960.0,29.0,,regular,960.0,RULE+TAPE,29 missing minutes,False
20080716,2,REG,pre2014,120.0,960.0,27.0,,regular,960.0,RULE+TAPE,27 missing minutes,False
20080717,3,REG,pre2014,120.0,960.0,15.0,,regular,960.0,RULE+TAPE,15 missing minutes,False
20080718,4,REG,pre2014,120.0,960.0,8.0,,regular,960.0,RULE+TAPE,8 missing minutes,False
20080721,0,REG,pre2014,120.0,960.0,42.0,,regular,960.0,RULE+TAPE,42 missing minutes,False
20080722,1,REG,pre2014,120.0,960.0,34.0,,regular,960.0,RULE+TAPE,34 missing minutes,False
20080723,2,REG,pre2014,120.0,960.0,24.0,,regular,960.0,RULE+TAPE,24 missing minutes,False
20080724,3,REG,pre2014,120.0,960.0,14.0,,regular,960.0,RULE+TAPE,14 missing minutes,False
20080725,4,REG,pre2014,120.0,960.0,114.0,,regular,960.0,RULE+TAPE,114 missing minutes,False
20080728,0,REG,pre2014,120.0,960.0,58.0,,regular,960.0,RULE+TAPE,58 missing minutes,False
20080729,1,REG,pre2014,120.0,960.0,32.0,,regular,960.0,RULE+TAPE,32 missing minutes,False
20080730,2,REG,pre2014,120.0,960.0,40.0,,regular,960.0,RULE+TAPE,40 missing minutes,False
20080731,3,REG,pre2014,120.0,960.0,53.0,,regular,960.0,RULE+TAPE,53 missing minutes,False
20080801,4,REG,pre2014,120.0,960.0,58.0,,regular,960.0,RULE+TAPE,58 missing minutes,False
20080804,0,REG,pre2014,120.0,960.0,65.0,,regular,960.0,RULE+TAPE,65 missing minutes,False
20080805,1,REG,pre2014,120.0,960.0,19.0,,regular,960.0,RULE+TAPE,19 missing minutes,False
20080806,2,REG,pre2014,120.0,960.0,19.0,,regular,960.0,RULE+TAPE,19 missing minutes,False
20080807,3,REG,pre2014,120.0,960.0,14.0,,regular,960.0,RULE+TAPE,14 missing minutes,False
20080808,4,REG,pre2014,121.0,960.0,46.0,,regular,960.0,RULE+TAPE,46 missing minutes,False
20080811,0,REG,pre2014,120.0,960.0,29.0,,regular,960.0,RULE+TAPE,29 missing minutes,False
20080812,1,REG,pre2014,120.0,960.0,40.0,,regular,960.0,RULE+TAPE,40 missing minutes,False
20080813,2,REG,pre2014,120.0,960.0,40.0,,regular,960.0,RULE+TAPE,40 missing minutes,False
20080814,3,REG,pre2014,120.0,960.0,56.0,,regular,960.0,RULE+TAPE,56 missing minutes,False
20080815,4,REG,pre2014,120.0,960.0,33.0,,regular,960.0,RULE+TAPE,33 missing minutes,False
20080818,0,REG,pre2014,120.0,960.0,44.0,,regular,960.0,RULE+TAPE,44 missing minutes,False
20080819,1,REG,pre2014,120.0,960.0,46.0,,regular,960.0,RULE+TAPE,46 missing minutes,False
20080820,2,REG,pre2014,120.0,960.0,18.0,,regular,960.0,RULE+TAPE,18 missing minutes,False
20080821,3,REG,pre2014,120.0,960.0,49.0,,regular,960.0,RULE+TAPE,49 missing minutes,False
20080822,4,REG,pre2014,120.0,960.0,64.0,,regular,960.0,RULE+TAPE,64 missing minutes,False
20080825,0,REG,pre2014,120.0,960.0,126.0,,regular,960.0,RULE+TAPE,126 missing minutes,False
20080826,1,REG,pre2014,120.0,960.0,40.0,,regular,960.0,RULE+TAPE,40 missing minutes,False
20080827,2,REG,pre2014,120.0,960.0,48.0,,regular,960.0,RULE+TAPE,48 missing minutes,False
20080828,3,REG,pre2014,120.0,960.0,68.0,,regular,960.0,RULE+TAPE,68 missing minutes,False
20080829,4,REG,pre2014,120.0,960.0,62.0,,regular,960.0,RULE+TAPE,62 missing minutes,False
20080901,0,HOL,pre2014,120.0,690.0,181.0,,short,690.0,RULE+TAPE,181 missing minutes before close,False
20080902,1,REG,pre2014,120.0,960.0,25.0,,regular,960.0,RULE+TAPE,25 missing minutes,False
20080903,2,REG,pre2014,120.0,960.0,32.0,,regular,960.0,RULE+TAPE,32 missing minutes,False
20080904,3,REG,pre2014,120.0,960.0,43.0,,regular,960.0,RULE+TAPE,43 missing minutes,False
20080905,4,REG,pre2014,120.0,960.0,21.0,,regular,960.0,RULE+TAPE,21 missing minutes,False
20080908,0,REG,pre2014,120.0,960.0,24.0,,regular,960.0,RULE+TAPE,24 missing minutes,False
20080909,1,REG,pre2014,120.0,960.0,19.0,,regular,960.0,RULE+TAPE,19 missing minutes,False
20080910,2,REG,pre2014,120.0,960.0,10.0,,regular,960.0,RULE+TAPE,10 missing minutes,False
20080911,3,REG,pre2014,120.0,960.0,163.0,,regular,960.0,RULE+TAPE,163 missing minutes,False
20080912,4,REG,pre2014,120.0,960.0,70.0,,regular,960.0,RULE+TAPE,70 missing minutes,False
20080915,0,REG,pre2014,120.0,960.0,16.0,,regular,960.0,RULE+TAPE,16 missing minutes,False
20080916,1,REG,pre2014,121.0,960.0,14.0,,regular,960.0,RULE+TAPE,14 missing minutes,False
20080917,2,REG,pre2014,120.0,960.0,22.0,,regular,960.0,RULE+TAPE,22 missing minutes,False
20080918,3,REG,pre2014,120.0,960.0,14.0,,regular,960.0,RULE+TAPE,14 missing minutes,False
20080919,4,REG,pre2014,120.0,960.0,2.0,,regular,960.0,RULE+TAPE,2 missing minutes,False
20080922,0,REG,pre2014,120.0,960.0,39.0,,regular,960.0,RULE+TAPE,39 missing minutes,False
20080923,1,REG,pre2014,120.0,960.0,32.0,,regular,960.0,RULE+TAPE,32 missing minutes,False
20080924,2,REG,pre2014,120.0,960.0,60.0,,regular,960.0,RULE+TAPE,60 missing minutes,False
20080925,3,REG,pre2014,120.0,960.0,33.0,,regular,960.0,RULE+TAPE,33 missing minutes,False
20080926,4,REG,pre2014,120.0,960.0,29.0,,regular,960.0,RULE+TAPE,29 missing minutes,False
20080929,0,REG,pre2014,120.0,960.0,42.0,,regular,960.0,RULE+TAPE,42 missing minutes,False
20080930,1,REG,pre2014,120.0,960.0,2.0,,regular,960.0,RULE+TAPE,2 missing minutes,False
20081001,2,REG,pre2014,120.0,960.0,43.0,,regular,960.0,RULE+TAPE,43 missing minutes,False
20081002,3,REG,pre2014,120.0,960.0,52.0,,regular,960.0,RULE+TAPE,52 missing minutes,False
20081003,4,REG,pre2014,120.0,960.0,43.0,,regular,960.0,RULE+TAPE,43 missing minutes,False
20081006,0,REG,pre2014,120.0,960.0,3.0,,regular,960.0,RULE+TAPE,3 missing minutes,False
20081007,1,REG,pre2014,120.0,960.0,17.0,,regular,960.0,RULE+TAPE,17 missing minutes,False
20081008,2,REG,pre2014,120.0,960.0,4.0,,regular,960.0,RULE+TAPE,4 missing minutes,False
20081009,3,REG,pre2014,120.0,960.0,22.0,,regular,960.0,RULE+TAPE,22 missing minutes,False
20081010,4,REG,pre2014,120.0,960.0,5.0,,regular,960.0,RULE+TAPE,5 missing minutes,False
20081013,0,REG,pre2014,120.0,960.0,3.0,,regular,960.0,RULE+TAPE,3 missing minutes,False
20081014,1,REG,pre2014,120.0,960.0,1.0,,regular,960.0,RULE+TAPE,1 missing minutes,False
20081015,2,REG,pre2014,120.0,960.0,17.0,,regular,960.0,RULE+TAPE,17 missing minutes,False
20081016,3,REG,pre2014,120.0,960.0,15.0,,regular,960.0,RULE+TAPE,15 missing minutes,False
20081017,4,REG,pre2014,120.0,960.0,10.0,,regular,960.0,RULE+TAPE,10 missing minutes,False
20081020,0,REG,pre2014,120.0,960.0,12.0,,regular,960.0,RULE+TAPE,12 missing minutes,False
20081021,1,REG,pre2014,120.0,960.0,23.0,,regular,960.0,RULE+TAPE,23 missing minutes,False
20081022,2,REG,pre2014,120.0,960.0,21.0,,regular,960.0,RULE+TAPE,21 missing minutes,False
20081023,3,REG,pre2014,120.0,960.0,7.0,,regular,960.0,RULE+TAPE,7 missing minutes,False
20081024,4,REG,pre2014,120.0,960.0,94.0,,regular,960.0,RULE+TAPE,94 missing minutes,False
20081027,0,REG,pre2014,120.0,960.0,27.0,,regular,960.0,RULE+TAPE,27 missing minutes,False
20081028,1,REG,pre2014,120.0,960.0,17.0,,regular,960.0,RULE+TAPE,17 missing minutes,False
20081029,2,REG,pre2014,120.0,960.0,28.0,,regular,960.0,RULE+TAPE,28 missing minutes,False
20081030,3,REG,pre2014,120.0,960.0,23.0,,regular,960.0,RULE+TAPE,23 missing minutes,False
20081031,4,REG,pre2014,121.0,960.0,50.0,,regular,960.0,RULE+TAPE,50 missing minutes,False
20081103,0,REG,pre2014,120.0,960.0,18.0,,regular,960.0,RULE+TAPE,18 missing minutes,False
20081104,1,REG,pre2014,120.0,960.0,35.0,,regular,960.0,RULE+TAPE,35 missing minutes,False
20081105,2,REG,pre2014,120.0,960.0,18.0,,regular,960.0,RULE+TAPE,18 missing minutes,False
20081106,3,REG,pre2014,120.0,960.0,18.0,,regular,960.0,RULE+TAPE,18 missing minutes,False
20081107,4,REG,pre2014,120.0,960.0,14.0,,regular,960.0,RULE+TAPE,14 missing minutes,False
20081110,0,REG,pre2014,120.0,960.0,30.0,,regular,960.0,RULE+TAPE,30 missing minutes,False
20081111,1,REG,pre2014,120.0,960.0,47.0,,regular,960.0,RULE+TAPE,47 missing minutes,False
20081112,2,REG,pre2014,120.0,960.0,42.0,,regular,960.0,RULE+TAPE,42 missing minutes,False
20081113,3,REG,pre2014,120.0,960.0,9.0,,regular,960.0,RULE+TAPE,9 missing minutes,False
20081114,4,REG,pre2014,120.0,960.0,26.0,,regular,960.0,RULE+TAPE,26 missing minutes,False
20081117,0,REG,pre2014,120.0,960.0,39.0,,regular,960.0,RULE+TAPE,39 missing minutes,False
20081118,1,REG,pre2014,120.0,960.0,22.0,,regular,960.0,RULE+TAPE,22 missing minutes,False
20081119,2,REG,pre2014,120.0,960.0,26.0,,regular,960.0,RULE+TAPE,26 missing minutes,False
20081120,3,REG,pre2014,120.0,960.0,15.0,,regular,960.0,RULE+TAPE,15 missing minutes,False
20081121,4,REG,pre2014,120.0,960.0,13.0,,regular,960.0,RULE+TAPE,13 missing minutes,False
20081124,0,REG,pre2014,120.0,960.0,11.0,,regular,960.0,RULE+TAPE,11 missing minutes,False
20081125,1,REG,pre2014,120.0,960.0,22.0,,regular,960.0,RULE+TAPE,22 missing minutes,False
20081126,2,REG,pre2014,120.0,960.0,18.0,,regular,960.0,RULE+TAPE,18 missing minutes,False
20081127,3,HOL,pre2014,120.0,690.0,201.0,,short,690.0,RULE+TAPE,201 missing minutes before close,False
20081128,4,EVE,pre2014,128.0,795.0,72.0,,short,795.0,RULE+TAPE,72 missing minutes before close,False
20081201,0,REG,pre2014,120.0,960.0,31.0,,regular,960.0,RULE+TAPE,31 missing minutes,False
20081202,1,REG,pre2014,120.0,960.0,19.0,,regular,960.0,RULE+TAPE,19 missing minutes,False
20081203,2,REG,pre2014,120.0,960.0,39.0,,regular,960.0,RULE+TAPE,39 missing minutes,False
20081204,3,REG,pre2014,120.0,960.0,36.0,,regular,960.0,RULE+TAPE,36 missing minutes,False
20081205,4,REG,pre2014,123.0,960.0,56.0,,regular,960.0,RULE+TAPE,56 missing minutes,False
20081208,0,REG,pre2014,120.0,960.0,17.0,,regular,960.0,RULE+TAPE,17 missing minutes,False
20081209,1,REG,pre2014,120.0,960.0,24.0,,regular,960.0,RULE+TAPE,24 missing minutes,False
20081210,2,REG,pre2014,120.0,960.0,44.0,,regular,960.0,RULE+TAPE,44 missing minutes,False
20081211,3,REG,pre2014,125.0,960.0,176.0,,regular,960.0,RULE+TAPE,176 missing minutes,False
20081212,4,REG,pre2014,120.0,960.0,44.0,,regular,960.0,RULE+TAPE,44 missing minutes,False
20081215,0,REG,pre2014,120.0,960.0,50.0,,regular,960.0,RULE+TAPE,50 missing minutes,False
20081216,1,REG,pre2014,122.0,960.0,75.0,,regular,960.0,RULE+TAPE,75 missing minutes,False
20081217,2,REG,pre2014,120.0,960.0,22.0,,regular,960.0,RULE+TAPE,22 missing minutes,False
20081218,3,REG,pre2014,120.0,960.0,80.0,,regular,960.0,RULE+TAPE,80 missing minutes,False
20081219,4,REG,pre2014,120.0,960.0,78.0,,regular,960.0,RULE+TAPE,78 missing minutes,False
20081222,0,REG,pre2014,120.0,960.0,97.0,,regular,960.0,RULE+TAPE,97 missing minutes,False
20081223,1,REG,pre2014,120.0,960.0,92.0,,regular,960.0,RULE+TAPE,92 missing minutes,False
20081224,2,EVE,pre2014,120.0,795.0,245.0,,short,795.0,RULE+TAPE,245 missing minutes before close,False
20081225,3,XMAS,pre2014,,,,,closed,,RULE+TAPE,,False
20081226,4,REG,pre2014,359.0,960.0,325.0,,regular,960.0,RULE+TAPE,325 missing minutes,False
20081229,0,REG,pre2014,120.0,960.0,90.0,,regular,960.0,RULE+TAPE,90 missing minutes,False
20081230,1,REG,pre2014,120.0,960.0,84.0,,regular,960.0,RULE+TAPE,84 missing minutes,False
20081231,2,REG,pre2014,122.0,960.0,210.0,,regular,960.0,RULE+TAPE,210 missing minutes,False
20090101,3,NEWYEAR,pre2014,,,,,closed,,RULE+TAPE,,False
20090102,4,REG,pre2014,359.0,960.0,242.0,,regular,960.0,RULE+TAPE,242 missing minutes,False
20090105,0,REG,pre2014,120.0,960.0,35.0,,regular,960.0,RULE+TAPE,35 missing minutes,False
20090106,1,REG,pre2014,120.0,960.0,58.0,,regular,960.0,RULE+TAPE,58 missing minutes,False
20090107,2,REG,pre2014,120.0,960.0,71.0,,regular,960.0,RULE+TAPE,71 missing minutes,False
20090108,3,REG,pre2014,120.0,960.0,46.0,,regular,960.0,RULE+TAPE,46 missing minutes,False
20090109,4,REG,pre2014,120.0,960.0,69.0,,regular,960.0,RULE+TAPE,69 missing minutes,False
20090112,0,REG,pre2014,120.0,960.0,52.0,,regular,960.0,RULE+TAPE,52 missing minutes,False
20090113,1,REG,pre2014,120.0,960.0,57.0,,regular,960.0,RULE+TAPE,57 missing minutes,False
20090114,2,REG,pre2014,120.0,960.0,49.0,,regular,960.0,RULE+TAPE,49 missing minutes,False
20090115,3,REG,pre2014,120.0,960.0,13.0,,regular,960.0,RULE+TAPE,13 missing minutes,False
20090116,4,REG,pre2014,120.0,960.0,34.0,,regular,960.0,RULE+TAPE,34 missing minutes,False
20090119,0,HOL,pre2014,120.0,690.0,99.0,,short,690.0,RULE+TAPE,99 missing minutes before close,False
20090120,1,REG,pre2014,120.0,960.0,25.0,,regular,960.0,RULE+TAPE,25 missing minutes,False
20090121,2,REG,pre2014,120.0,960.0,8.0,,regular,960.0,RULE+TAPE,8 missing minutes,False
20090122,3,REG,pre2014,120.0,960.0,23.0,,regular,960.0,RULE+TAPE,23 missing minutes,False
20090123,4,REG,pre2014,120.0,960.0,46.0,,regular,960.0,RULE+TAPE,46 missing minutes,False
20090126,0,REG,pre2014,120.0,960.0,31.0,,regular,960.0,RULE+TAPE,31 missing minutes,False
20090127,1,REG,pre2014,120.0,960.0,14.0,,regular,960.0,RULE+TAPE,14 missing minutes,False
20090128,2,REG,pre2014,120.0,960.0,21.0,,regular,960.0,RULE+TAPE,21 missing minutes,False
20090129,3,REG,pre2014,121.0,960.0,8.0,,regular,960.0,RULE+TAPE,8 missing minutes,False
20090130,4,REG,pre2014,120.0,960.0,45.0,,regular,960.0,RULE+TAPE,45 missing minutes,False
20090202,0,REG,pre2014,120.0,960.0,11.0,,regular,960.0,RULE+TAPE,11 missing minutes,False
20090203,1,REG,pre2014,120.0,960.0,25.0,,regular,960.0,RULE+TAPE,25 missing minutes,False
20090204,2,REG,pre2014,120.0,960.0,48.0,,regular,960.0,RULE+TAPE,48 missing minutes,False
20090205,3,REG,pre2014,120.0,960.0,18.0,,regular,960.0,RULE+TAPE,18 missing minutes,False
20090206,4,REG,pre2014,120.0,960.0,44.0,,regular,960.0,RULE+TAPE,44 missing minutes,False
20090209,0,REG,pre2014,120.0,960.0,40.0,,regular,960.0,RULE+TAPE,40 missing minutes,False
20090210,1,REG,pre2014,120.0,960.0,39.0,,regular,960.0,RULE+TAPE,39 missing minutes,False
20090211,2,REG,pre2014,120.0,960.0,28.0,,regular,960.0,RULE+TAPE,28 missing minutes,False
20090212,3,REG,pre2014,120.0,960.0,44.0,,regular,960.0,RULE+TAPE,44 missing minutes,False
20090213,4,REG,pre2014,120.0,960.0,23.0,,regular,960.0,RULE+TAPE,23 missing minutes,False
20090216,0,HOL,pre2014,120.0,690.0,98.0,,short,690.0,RULE+TAPE,98 missing minutes before close,False
20090217,1,REG,pre2014,120.0,960.0,14.0,,regular,960.0,RULE+TAPE,14 missing minutes,False
20090218,2,REG,pre2014,120.0,960.0,21.0,,regular,960.0,RULE+TAPE,21 missing minutes,False
20090219,3,REG,pre2014,120.0,960.0,26.0,,regular,960.0,RULE+TAPE,26 missing minutes,False
20090220,4,REG,pre2014,120.0,960.0,29.0,,regular,960.0,RULE+TAPE,29 missing minutes,False
20090223,0,REG,pre2014,120.0,960.0,19.0,,regular,960.0,RULE+TAPE,19 missing minutes,False
20090224,1,REG,pre2014,120.0,960.0,16.0,,regular,960.0,RULE+TAPE,16 missing minutes,False
20090225,2,REG,pre2014,120.0,960.0,25.0,,regular,960.0,RULE+TAPE,25 missing minutes,False
20090226,3,REG,pre2014,120.0,960.0,21.0,,regular,960.0,RULE+TAPE,21 missing minutes,False
20090227,4,REG,pre2014,120.0,960.0,46.0,,regular,960.0,RULE+TAPE,46 missing minutes,False
20090302,0,REG,pre2014,120.0,960.0,16.0,,regular,960.0,RULE+TAPE,16 missing minutes,False
20090303,1,REG,pre2014,120.0,960.0,19.0,,regular,960.0,RULE+TAPE,19 missing minutes,False
20090304,2,REG,pre2014,120.0,960.0,20.0,,regular,960.0,RULE+TAPE,20 missing minutes,False
20090305,3,REG,pre2014,120.0,960.0,28.0,,regular,960.0,RULE+TAPE,28 missing minutes,False
20090306,4,REG,pre2014,120.0,960.0,23.0,,regular,960.0,RULE+TAPE,23 missing minutes,False
20090309,0,REG,pre2014,120.0,960.0,24.0,,regular,960.0,RULE+TAPE,24 missing minutes,False
20090310,1,REG,pre2014,120.0,960.0,54.0,,regular,960.0,RULE+TAPE,54 missing minutes,False
20090311,2,REG,pre2014,120.0,960.0,44.0,,regular,960.0,RULE+TAPE,44 missing minutes,False
20090312,3,REG,pre2014,141.0,960.0,176.0,,regular,960.0,RULE+TAPE,176 missing minutes,False
20090313,4,REG,pre2014,120.0,960.0,57.0,,regular,960.0,RULE+TAPE,57 missing minutes,False
20090316,0,REG,pre2014,120.0,960.0,56.0,,regular,960.0,RULE+TAPE,56 missing minutes,False
20090317,1,REG,pre2014,120.0,960.0,50.0,,regular,960.0,RULE+TAPE,50 missing minutes,False
20090318,2,REG,pre2014,121.0,960.0,52.0,,regular,960.0,RULE+TAPE,52 missing minutes,False
20090319,3,REG,pre2014,120.0,960.0,41.0,,regular,960.0,RULE+TAPE,41 missing minutes,False
20090320,4,REG,pre2014,120.0,960.0,59.0,,regular,960.0,RULE+TAPE,59 missing minutes,False
20090323,0,REG,pre2014,125.0,960.0,48.0,,regular,960.0,RULE+TAPE,48 missing minutes,False
20090324,1,REG,pre2014,120.0,960.0,18.0,,regular,960.0,RULE+TAPE,18 missing minutes,False
20090325,2,REG,pre2014,120.0,960.0,47.0,,regular,960.0,RULE+TAPE,47 missing minutes,False
20090326,3,REG,pre2014,120.0,960.0,28.0,,regular,960.0,RULE+TAPE,28 missing minutes,False
20090327,4,REG,pre2014,,,,,unknown,,UNKNOWN,no bars in window,False
20090330,0,REG,pre2014,120.0,960.0,24.0,,regular,960.0,RULE+TAPE,24 missing minutes,False
20090331,1,REG,pre2014,120.0,960.0,22.0,,regular,960.0,RULE+TAPE,22 missing minutes,False
20090401,2,REG,pre2014,120.0,960.0,18.0,,regular,960.0,RULE+TAPE,18 missing minutes,False
20090402,3,REG,pre2014,120.0,960.0,5.0,,regular,960.0,RULE+TAPE,5 missing minutes,False
20090403,4,REG,pre2014,120.0,960.0,15.0,,regular,960.0,RULE+TAPE,15 missing minutes,False
20090406,0,REG,pre2014,121.0,960.0,24.0,,regular,960.0,RULE+TAPE,24 missing minutes,False
20090407,1,REG,pre2014,120.0,960.0,20.0,,regular,960.0,RULE+TAPE,20 missing minutes,False
20090408,2,REG,pre2014,120.0,960.0,19.0,,regular,960.0,RULE+TAPE,19 missing minutes,False
20090409,3,REG,pre2014,120.0,960.0,21.0,,regular,960.0,RULE+TAPE,21 missing minutes,False
20090410,4,GOODFRI,pre2014,,,,,closed,,RULE+TAPE,,False
20090413,0,REG,pre2014,120.0,960.0,151.0,,regular,960.0,RULE+TAPE,151 missing minutes,False
20090414,1,REG,pre2014,120.0,960.0,23.0,,regular,960.0,RULE+TAPE,23 missing minutes,False
20090415,2,REG,pre2014,120.0,960.0,26.0,,regular,960.0,RULE+TAPE,26 missing minutes,False
20090416,3,REG,pre2014,120.0,960.0,19.0,,regular,960.0,RULE+TAPE,19 missing minutes,False
20090417,4,REG,pre2014,,,,,unknown,,UNKNOWN,no bars in window,False
20090420,0,REG,pre2014,120.0,960.0,24.0,,regular,960.0,RULE+TAPE,24 missing minutes,False
20090421,1,REG,pre2014,120.0,960.0,24.0,,regular,960.0,RULE+TAPE,24 missing minutes,False
20090422,2,REG,pre2014,121.0,960.0,27.0,,regular,960.0,RULE+TAPE,27 missing minutes,False
20090423,3,REG,pre2014,120.0,960.0,13.0,,regular,960.0,RULE+TAPE,13 missing minutes,False
20090424,4,REG,pre2014,121.0,960.0,42.0,,regular,960.0,RULE+TAPE,42 missing minutes,False
20090427,0,REG,pre2014,120.0,960.0,12.0,,regular,960.0,RULE+TAPE,12 missing minutes,False
20090428,1,REG,pre2014,120.0,960.0,20.0,,regular,960.0,RULE+TAPE,20 missing minutes,False
20090429,2,REG,pre2014,121.0,960.0,28.0,,regular,960.0,RULE+TAPE,28 missing minutes,False
20090430,3,REG,pre2014,121.0,960.0,16.0,,regular,960.0,RULE+TAPE,16 missing minutes,False
20090501,4,REG,pre2014,123.0,960.0,122.0,,regular,960.0,RULE+TAPE,122 missing minutes,False
20090504,0,REG,pre2014,120.0,960.0,21.0,,regular,960.0,RULE+TAPE,21 missing minutes,False
20090505,1,REG,pre2014,120.0,960.0,23.0,,regular,960.0,RULE+TAPE,23 missing minutes,False
20090506,2,REG,pre2014,120.0,960.0,24.0,,regular,960.0,RULE+TAPE,24 missing minutes,False
20090507,3,REG,pre2014,120.0,960.0,13.0,,regular,960.0,RULE+TAPE,13 missing minutes,False
20090508,4,REG,pre2014,120.0,960.0,20.0,,regular,960.0,RULE+TAPE,20 missing minutes,False
20090511,0,REG,pre2014,120.0,960.0,22.0,,regular,960.0,RULE+TAPE,22 missing minutes,False
20090512,1,REG,pre2014,120.0,960.0,15.0,,regular,960.0,RULE+TAPE,15 missing minutes,False
20090513,2,REG,pre2014,120.0,960.0,17.0,,regular,960.0,RULE+TAPE,17 missing minutes,False
20090514,3,REG,pre2014,120.0,960.0,16.0,,regular,960.0,RULE+TAPE,16 missing minutes,False
20090515,4,REG,pre2014,120.0,960.0,23.0,,regular,960.0,RULE+TAPE,23 missing minutes,False
20090518,0,REG,pre2014,120.0,960.0,18.0,,regular,960.0,RULE+TAPE,18 missing minutes,False
20090519,1,REG,pre2014,120.0,960.0,6.0,,regular,960.0,RULE+TAPE,6 missing minutes,False
20090520,2,REG,pre2014,120.0,960.0,22.0,,regular,960.0,RULE+TAPE,22 missing minutes,False
20090521,3,REG,pre2014,120.0,960.0,16.0,,regular,960.0,RULE+TAPE,16 missing minutes,False
20090522,4,REG,pre2014,120.0,960.0,28.0,,regular,960.0,RULE+TAPE,28 missing minutes,False
20090525,0,HOL,pre2014,120.0,690.0,148.0,,short,690.0,RULE+TAPE,148 missing minutes before close,False
20090526,1,REG,pre2014,121.0,960.0,22.0,,regular,960.0,RULE+TAPE,22 missing minutes,False
20090527,2,REG,pre2014,120.0,960.0,13.0,,regular,960.0,RULE+TAPE,13 missing minutes,False
20090528,3,REG,pre2014,120.0,960.0,54.0,,regular,960.0,RULE+TAPE,54 missing minutes,False
20090529,4,REG,pre2014,120.0,960.0,30.0,,regular,960.0,RULE+TAPE,30 missing minutes,False
20090601,0,REG,pre2014,120.0,960.0,13.0,,regular,960.0,RULE+TAPE,13 missing minutes,False
20090602,1,REG,pre2014,120.0,960.0,20.0,,regular,960.0,RULE+TAPE,20 missing minutes,False
20090603,2,REG,pre2014,120.0,960.0,37.0,,regular,960.0,RULE+TAPE,37 missing minutes,False
20090604,3,REG,pre2014,120.0,960.0,30.0,,regular,960.0,RULE+TAPE,30 missing minutes,False
20090605,4,REG,pre2014,120.0,960.0,32.0,,regular,960.0,RULE+TAPE,32 missing minutes,False
20090608,0,REG,pre2014,120.0,960.0,18.0,,regular,960.0,RULE+TAPE,18 missing minutes,False
20090609,1,REG,pre2014,120.0,960.0,32.0,,regular,960.0,RULE+TAPE,32 missing minutes,False
20090610,2,REG,pre2014,120.0,960.0,13.0,,regular,960.0,RULE+TAPE,13 missing minutes,False
20090611,3,REG,pre2014,128.0,960.0,215.0,,regular,960.0,RULE+TAPE,215 missing minutes,False
20090612,4,REG,pre2014,120.0,960.0,46.0,,regular,960.0,RULE+TAPE,46 missing minutes,False
20090615,0,REG,pre2014,121.0,960.0,32.0,,regular,960.0,RULE+TAPE,32 missing minutes,False
20090616,1,REG,pre2014,120.0,960.0,26.0,,regular,960.0,RULE+TAPE,26 missing minutes,False
20090617,2,REG,pre2014,120.0,960.0,18.0,,regular,960.0,RULE+TAPE,18 missing minutes,False
20090618,3,REG,pre2014,120.0,960.0,22.0,,regular,960.0,RULE+TAPE,22 missing minutes,False
20090619,4,REG,pre2014,,,,,unknown,,UNKNOWN,no bars in window,False
20090622,0,REG,pre2014,120.0,960.0,16.0,,regular,960.0,RULE+TAPE,16 missing minutes,False
20090623,1,REG,pre2014,120.0,960.0,18.0,,regular,960.0,RULE+TAPE,18 missing minutes,False
20090624,2,REG,pre2014,120.0,960.0,30.0,,regular,960.0,RULE+TAPE,30 missing minutes,False
20090625,3,REG,pre2014,120.0,960.0,26.0,,regular,960.0,RULE+TAPE,26 missing minutes,False
20090626,4,REG,pre2014,120.0,960.0,39.0,,regular,960.0,RULE+TAPE,39 missing minutes,False
20090629,0,REG,pre2014,120.0,960.0,34.0,,regular,960.0,RULE+TAPE,34 missing minutes,False
20090630,1,REG,pre2014,120.0,960.0,42.0,,regular,960.0,RULE+TAPE,42 missing minutes,False
20090701,2,REG,pre2014,121.0,960.0,28.0,,regular,960.0,RULE+TAPE,28 missing minutes,False
20090702,3,REG,pre2014,120.0,960.0,39.0,,regular,960.0,RULE+TAPE,39 missing minutes,False
20090703,4,HOL,pre2014,120.0,690.0,102.0,,short,690.0,RULE+TAPE,102 missing minutes before close,False
20090706,0,REG,pre2014,121.0,960.0,28.0,,regular,960.0,RULE+TAPE,28 missing minutes,False
20090707,1,REG,pre2014,120.0,960.0,47.0,,regular,960.0,RULE+TAPE,47 missing minutes,False
20090708,2,REG,pre2014,120.0,960.0,32.0,,regular,960.0,RULE+TAPE,32 missing minutes,False
20090709,3,REG,pre2014,120.0,960.0,37.0,,regular,960.0,RULE+TAPE,37 missing minutes,False
20090710,4,REG,pre2014,120.0,960.0,44.0,,regular,960.0,RULE+TAPE,44 missing minutes,False
20090713,0,REG,pre2014,120.0,960.0,15.0,,regular,960.0,RULE+TAPE,15 missing minutes,False
20090714,1,REG,pre2014,120.0,960.0,26.0,,regular,960.0,RULE+TAPE,26 missing minutes,False
20090715,2,REG,pre2014,120.0,960.0,13.0,,regular,960.0,RULE+TAPE,13 missing minutes,False
20090716,3,REG,pre2014,120.0,960.0,19.0,,regular,960.0,RULE+TAPE,19 missing minutes,False
20090717,4,REG,pre2014,120.0,960.0,25.0,,regular,960.0,RULE+TAPE,25 missing minutes,False
20090720,0,REG,pre2014,120.0,960.0,10.0,,regular,960.0,RULE+TAPE,10 missing minutes,False
20090721,1,REG,pre2014,120.0,960.0,13.0,,regular,960.0,RULE+TAPE,13 missing minutes,False
20090722,2,REG,pre2014,120.0,960.0,15.0,,regular,960.0,RULE+TAPE,15 missing minutes,False
20090723,3,REG,pre2014,120.0,960.0,36.0,,regular,960.0,RULE+TAPE,36 missing minutes,False
20090724,4,REG,pre2014,120.0,960.0,10.0,,regular,960.0,RULE+TAPE,10 missing minutes,False
20090727,0,REG,pre2014,120.0,960.0,20.0,,regular,960.0,RULE+TAPE,20 missing minutes,False
20090728,1,REG,pre2014,120.0,960.0,35.0,,regular,960.0,RULE+TAPE,35 missing minutes,False
20090729,2,REG,pre2014,120.0,960.0,11.0,,regular,960.0,RULE+TAPE,11 missing minutes,False
20090730,3,REG,pre2014,120.0,960.0,6.0,,regular,960.0,RULE+TAPE,6 missing minutes,False
20090731,4,REG,pre2014,120.0,960.0,48.0,,regular,960.0,RULE+TAPE,48 missing minutes,False
20090803,0,REG,pre2014,120.0,960.0,17.0,,regular,960.0,RULE+TAPE,17 missing minutes,False
20090804,1,REG,pre2014,120.0,960.0,28.0,,regular,960.0,RULE+TAPE,28 missing minutes,False
20090805,2,REG,pre2014,120.0,960.0,20.0,,regular,960.0,RULE+TAPE,20 missing minutes,False
20090806,3,REG,pre2014,120.0,960.0,32.0,,regular,960.0,RULE+TAPE,32 missing minutes,False
20090807,4,REG,pre2014,120.0,960.0,36.0,,regular,960.0,RULE+TAPE,36 missing minutes,False
20090810,0,REG,pre2014,120.0,960.0,54.0,,regular,960.0,RULE+TAPE,54 missing minutes,False
20090811,1,REG,pre2014,120.0,960.0,50.0,,regular,960.0,RULE+TAPE,50 missing minutes,False
20090812,2,REG,pre2014,120.0,960.0,20.0,,regular,960.0,RULE+TAPE,20 missing minutes,False
20090813,3,REG,pre2014,120.0,960.0,19.0,,regular,960.0,RULE+TAPE,19 missing minutes,False
20090814,4,REG,pre2014,120.0,960.0,51.0,,regular,960.0,RULE+TAPE,51 missing minutes,False
20090817,0,REG,pre2014,120.0,960.0,11.0,,regular,960.0,RULE+TAPE,11 missing minutes,False
20090818,1,REG,pre2014,120.0,960.0,6.0,,regular,960.0,RULE+TAPE,6 missing minutes,False
20090819,2,REG,pre2014,120.0,960.0,13.0,,regular,960.0,RULE+TAPE,13 missing minutes,False
20090820,3,REG,pre2014,120.0,960.0,20.0,,regular,960.0,RULE+TAPE,20 missing minutes,False
20090821,4,REG,pre2014,120.0,960.0,22.0,,regular,960.0,RULE+TAPE,22 missing minutes,False
20090824,0,REG,pre2014,120.0,960.0,4.0,,regular,960.0,RULE+TAPE,4 missing minutes,False
20090825,1,REG,pre2014,120.0,960.0,26.0,,regular,960.0,RULE+TAPE,26 missing minutes,False
20090826,2,REG,pre2014,120.0,960.0,30.0,,regular,960.0,RULE+TAPE,30 missing minutes,False
20090827,3,REG,pre2014,120.0,960.0,42.0,,regular,960.0,RULE+TAPE,42 missing minutes,False
20090828,4,REG,pre2014,120.0,960.0,36.0,,regular,960.0,RULE+TAPE,36 missing minutes,False
20090831,0,REG,pre2014,120.0,960.0,45.0,,regular,960.0,RULE+TAPE,45 missing minutes,False
20090901,1,REG,pre2014,120.0,960.0,18.0,,regular,960.0,RULE+TAPE,18 missing minutes,False
20090902,2,REG,pre2014,121.0,960.0,6.0,,regular,960.0,RULE+TAPE,6 missing minutes,False
20090903,3,REG,pre2014,120.0,960.0,30.0,,regular,960.0,RULE+TAPE,30 missing minutes,False
20090904,4,REG,pre2014,122.0,960.0,69.0,,regular,960.0,RULE+TAPE,69 missing minutes,False
20090907,0,HOL,pre2014,120.0,690.0,109.0,,short,690.0,RULE+TAPE,109 missing minutes before close,False
20090908,1,REG,pre2014,120.0,960.0,19.0,,regular,960.0,RULE+TAPE,19 missing minutes,False
20090909,2,REG,pre2014,120.0,960.0,18.0,,regular,960.0,RULE+TAPE,18 missing minutes,False
20090910,3,REG,pre2014,122.0,960.0,252.0,,regular,960.0,RULE+TAPE,252 missing minutes,False
20090911,4,REG,pre2014,120.0,960.0,39.0,,regular,960.0,RULE+TAPE,39 missing minutes,False
20090914,0,REG,pre2014,120.0,960.0,32.0,,regular,960.0,RULE+TAPE,32 missing minutes,False
20090915,1,REG,pre2014,120.0,960.0,40.0,,regular,960.0,RULE+TAPE,40 missing minutes,False
20090916,2,REG,pre2014,120.0,960.0,40.0,,regular,960.0,RULE+TAPE,40 missing minutes,False
20090917,3,REG,pre2014,120.0,960.0,18.0,,regular,960.0,RULE+TAPE,18 missing minutes,False
20090918,4,REG,pre2014,120.0,960.0,40.0,,regular,960.0,RULE+TAPE,40 missing minutes,False
20090921,0,REG,pre2014,120.0,960.0,16.0,,regular,960.0,RULE+TAPE,16 missing minutes,False
20090922,1,REG,pre2014,121.0,960.0,32.0,,regular,960.0,RULE+TAPE,32 missing minutes,False
20090923,2,REG,pre2014,120.0,960.0,27.0,,regular,960.0,RULE+TAPE,27 missing minutes,False
20090924,3,REG,pre2014,120.0,960.0,12.0,,regular,960.0,RULE+TAPE,12 missing minutes,False
20090925,4,REG,pre2014,120.0,960.0,18.0,,regular,960.0,RULE+TAPE,18 missing minutes,False
20090928,0,REG,pre2014,120.0,960.0,19.0,,regular,960.0,RULE+TAPE,19 missing minutes,False
20090929,1,REG,pre2014,120.0,960.0,18.0,,regular,960.0,RULE+TAPE,18 missing minutes,False
20090930,2,REG,pre2014,120.0,960.0,32.0,,regular,960.0,RULE+TAPE,32 missing minutes,False
20091001,3,REG,pre2014,120.0,960.0,17.0,,regular,960.0,RULE+TAPE,17 missing minutes,False
20091002,4,REG,pre2014,120.0,960.0,8.0,,regular,960.0,RULE+TAPE,8 missing minutes,False
20091005,0,REG,pre2014,120.0,960.0,20.0,,regular,960.0,RULE+TAPE,20 missing minutes,False
20091006,1,REG,pre2014,120.0,960.0,16.0,,regular,960.0,RULE+TAPE,16 missing minutes,False
20091007,2,REG,pre2014,120.0,960.0,17.0,,regular,960.0,RULE+TAPE,17 missing minutes,False
20091008,3,REG,pre2014,120.0,960.0,19.0,,regular,960.0,RULE+TAPE,19 missing minutes,False
20091009,4,REG,pre2014,120.0,960.0,24.0,,regular,960.0,RULE+TAPE,24 missing minutes,False
20091012,0,REG,pre2014,120.0,960.0,26.0,,regular,960.0,RULE+TAPE,26 missing minutes,False
20091013,1,REG,pre2014,120.0,960.0,29.0,,regular,960.0,RULE+TAPE,29 missing minutes,False
20091014,2,REG,pre2014,120.0,960.0,16.0,,regular,960.0,RULE+TAPE,16 missing minutes,False
20091015,3,REG,pre2014,120.0,960.0,32.0,,regular,960.0,RULE+TAPE,32 missing minutes,False
20091016,4,REG,pre2014,120.0,960.0,31.0,,regular,960.0,RULE+TAPE,31 missing minutes,False
20091019,0,REG,pre2014,120.0,960.0,25.0,,regular,960.0,RULE+TAPE,25 missing minutes,False
20091020,1,REG,pre2014,120.0,960.0,10.0,,regular,960.0,RULE+TAPE,10 missing minutes,False
20091021,2,REG,pre2014,120.0,960.0,8.0,,regular,960.0,RULE+TAPE,8 missing minutes,False
20091022,3,REG,pre2014,120.0,960.0,7.0,,regular,960.0,RULE+TAPE,7 missing minutes,False
20091023,4,REG,pre2014,120.0,960.0,19.0,,regular,960.0,RULE+TAPE,19 missing minutes,False
20091026,0,REG,pre2014,120.0,960.0,26.0,,regular,960.0,RULE+TAPE,26 missing minutes,False
20091027,1,REG,pre2014,120.0,960.0,33.0,,regular,960.0,RULE+TAPE,33 missing minutes,False
20091028,2,REG,pre2014,120.0,960.0,27.0,,regular,960.0,RULE+TAPE,27 missing minutes,False
20091029,3,REG,pre2014,120.0,960.0,35.0,,regular,960.0,RULE+TAPE,35 missing minutes,False
20091030,4,REG,pre2014,120.0,960.0,48.0,,regular,960.0,RULE+TAPE,48 missing minutes,False
20091102,0,REG,pre2014,120.0,960.0,4.0,,regular,960.0,RULE+TAPE,4 missing minutes,False
20091103,1,REG,pre2014,120.0,960.0,5.0,,regular,960.0,RULE+TAPE,5 missing minutes,False
20091104,2,REG,pre2014,120.0,960.0,16.0,,regular,960.0,RULE+TAPE,16 missing minutes,False
20091105,3,REG,pre2014,120.0,960.0,11.0,,regular,960.0,RULE+TAPE,11 missing minutes,False
20091106,4,REG,pre2014,120.0,960.0,20.0,,regular,960.0,RULE+TAPE,20 missing minutes,False
20091109,0,REG,pre2014,120.0,960.0,16.0,,regular,960.0,RULE+TAPE,16 missing minutes,False
20091110,1,REG,pre2014,120.0,960.0,16.0,,regular,960.0,RULE+TAPE,16 missing minutes,False
20091111,2,REG,pre2014,120.0,960.0,18.0,,regular,960.0,RULE+TAPE,18 missing minutes,False
20091112,3,REG,pre2014,120.0,960.0,16.0,,regular,960.0,RULE+TAPE,16 missing minutes,False
20091113,4,REG,pre2014,120.0,960.0,32.0,,regular,960.0,RULE+TAPE,32 missing minutes,False
20091116,0,REG,pre2014,120.0,960.0,20.0,,regular,960.0,RULE+TAPE,20 missing minutes,False
20091117,1,REG,pre2014,120.0,960.0,25.0,,regular,960.0,RULE+TAPE,25 missing minutes,False
20091118,2,REG,pre2014,120.0,960.0,53.0,,regular,960.0,RULE+TAPE,53 missing minutes,False
20091119,3,REG,pre2014,120.0,960.0,14.0,,regular,960.0,RULE+TAPE,14 missing minutes,False
20091120,4,REG,pre2014,120.0,960.0,16.0,,regular,960.0,RULE+TAPE,16 missing minutes,False
20091123,0,REG,pre2014,120.0,960.0,27.0,,regular,960.0,RULE+TAPE,27 missing minutes,False
20091124,1,REG,pre2014,120.0,960.0,32.0,,regular,960.0,RULE+TAPE,32 missing minutes,False
20091125,2,REG,pre2014,120.0,960.0,43.0,,regular,960.0,RULE+TAPE,43 missing minutes,False
20091126,3,HOL,pre2014,120.0,690.0,48.0,,short,690.0,RULE+TAPE,48 missing minutes before close,False
20091127,4,EVE,pre2014,120.0,795.0,0.0,,short,795.0,RULE+TAPE,,True
20091130,0,REG,pre2014,120.0,960.0,7.0,,regular,960.0,RULE+TAPE,7 missing minutes,False
20091201,1,REG,pre2014,120.0,960.0,18.0,,regular,960.0,RULE+TAPE,18 missing minutes,False
20091202,2,REG,pre2014,120.0,960.0,18.0,,regular,960.0,RULE+TAPE,18 missing minutes,False
20091203,3,REG,pre2014,120.0,960.0,10.0,,regular,960.0,RULE+TAPE,10 missing minutes,False
20091204,4,REG,pre2014,120.0,960.0,51.0,,regular,960.0,RULE+TAPE,51 missing minutes,False
20091207,0,REG,pre2014,120.0,960.0,30.0,,regular,960.0,RULE+TAPE,30 missing minutes,False
20091208,1,REG,pre2014,120.0,960.0,19.0,,regular,960.0,RULE+TAPE,19 missing minutes,False
20091209,2,REG,pre2014,120.0,960.0,14.0,,regular,960.0,RULE+TAPE,14 missing minutes,False
20091210,3,REG,pre2014,122.0,960.0,157.0,,regular,960.0,RULE+TAPE,157 missing minutes,False
20091211,4,REG,pre2014,120.0,960.0,74.0,,regular,960.0,RULE+TAPE,74 missing minutes,False
20091214,0,REG,pre2014,120.0,960.0,49.0,,regular,960.0,RULE+TAPE,49 missing minutes,False
20091215,1,REG,pre2014,120.0,960.0,41.0,,regular,960.0,RULE+TAPE,41 missing minutes,False
20091216,2,REG,pre2014,120.0,960.0,24.0,,regular,960.0,RULE+TAPE,24 missing minutes,False
20091217,3,REG,pre2014,120.0,960.0,11.0,,regular,960.0,RULE+TAPE,11 missing minutes,False
20091218,4,REG,pre2014,120.0,960.0,12.0,,regular,960.0,RULE+TAPE,12 missing minutes,False
20091221,0,REG,pre2014,120.0,960.0,17.0,,regular,960.0,RULE+TAPE,17 missing minutes,False
20091222,1,REG,pre2014,120.0,960.0,21.0,,regular,960.0,RULE+TAPE,21 missing minutes,False
20091223,2,REG,pre2014,120.0,960.0,34.0,,regular,960.0,RULE+TAPE,34 missing minutes,False
20091224,3,EVE,pre2014,121.0,795.0,151.0,,short,795.0,RULE+TAPE,151 missing minutes before close,False
20091225,4,XMAS,pre2014,,,,,closed,,RULE+TAPE,,False
20091228,0,REG,pre2014,120.0,960.0,39.0,,regular,960.0,RULE+TAPE,39 missing minutes,False
20091229,1,REG,pre2014,120.0,960.0,71.0,,regular,960.0,RULE+TAPE,71 missing minutes,False
20091230,2,REG,pre2014,120.0,960.0,51.0,,regular,960.0,RULE+TAPE,51 missing minutes,False
20091231,3,REG,pre2014,120.0,960.0,148.0,,regular,960.0,RULE+TAPE,148 missing minutes,False
20100101,4,NEWYEAR,pre2014,,,,,closed,,RULE+TAPE,,False
20100104,0,REG,pre2014,120.0,960.0,9.0,,regular,960.0,RULE+TAPE,9 missing minutes,False
20100105,1,REG,pre2014,120.0,960.0,36.0,,regular,960.0,RULE+TAPE,36 missing minutes,False
20100106,2,REG,pre2014,120.0,960.0,44.0,,regular,960.0,RULE+TAPE,44 missing minutes,False
20100107,3,REG,pre2014,120.0,960.0,20.0,,regular,960.0,RULE+TAPE,20 missing minutes,False
20100108,4,REG,pre2014,120.0,960.0,52.0,,regular,960.0,RULE+TAPE,52 missing minutes,False
20100111,0,REG,pre2014,120.0,960.0,25.0,,regular,960.0,RULE+TAPE,25 missing minutes,False
20100112,1,REG,pre2014,120.0,960.0,18.0,,regular,960.0,RULE+TAPE,18 missing minutes,False
20100113,2,REG,pre2014,120.0,960.0,38.0,,regular,960.0,RULE+TAPE,38 missing minutes,False
20100114,3,REG,pre2014,120.0,960.0,28.0,,regular,960.0,RULE+TAPE,28 missing minutes,False
20100115,4,REG,pre2014,120.0,960.0,25.0,,regular,960.0,RULE+TAPE,25 missing minutes,False
20100118,0,HOL,pre2014,120.0,690.0,71.0,,short,690.0,RULE+TAPE,71 missing minutes before close,False
20100119,1,REG,pre2014,120.0,960.0,11.0,,regular,960.0,RULE+TAPE,11 missing minutes,False
20100120,2,REG,pre2014,120.0,960.0,10.0,,regular,960.0,RULE+TAPE,10 missing minutes,False
20100121,3,REG,pre2014,120.0,960.0,9.0,,regular,960.0,RULE+TAPE,9 missing minutes,False
20100122,4,REG,pre2014,120.0,960.0,6.0,,regular,960.0,RULE+TAPE,6 missing minutes,False
20100125,0,REG,pre2014,120.0,960.0,3.0,,regular,960.0,RULE+TAPE,3 missing minutes,False
20100126,1,REG,pre2014,120.0,960.0,1.0,,regular,960.0,RULE+TAPE,1 missing minutes,False
20100127,2,REG,pre2014,120.0,960.0,3.0,,regular,960.0,RULE+TAPE,3 missing minutes,False
20100128,3,REG,pre2014,120.0,960.0,5.0,,regular,960.0,RULE+TAPE,5 missing minutes,False
20100129,4,REG,pre2014,120.0,960.0,5.0,,regular,960.0,RULE+TAPE,5 missing minutes,False
20100201,0,REG,pre2014,120.0,960.0,20.0,,regular,960.0,RULE+TAPE,20 missing minutes,False
20100202,1,REG,pre2014,120.0,960.0,5.0,,regular,960.0,RULE+TAPE,5 missing minutes,False
20100203,2,REG,pre2014,120.0,960.0,14.0,,regular,960.0,RULE+TAPE,14 missing minutes,False
20100204,3,REG,pre2014,120.0,960.0,10.0,,regular,960.0,RULE+TAPE,10 missing minutes,False
20100205,4,REG,pre2014,120.0,960.0,5.0,,regular,960.0,RULE+TAPE,5 missing minutes,False
20100208,0,REG,pre2014,120.0,960.0,7.0,,regular,960.0,RULE+TAPE,7 missing minutes,False
20100209,1,REG,pre2014,120.0,960.0,5.0,,regular,960.0,RULE+TAPE,5 missing minutes,False
20100210,2,REG,pre2014,120.0,960.0,11.0,,regular,960.0,RULE+TAPE,11 missing minutes,False
20100211,3,REG,pre2014,120.0,960.0,5.0,,regular,960.0,RULE+TAPE,5 missing minutes,False
20100212,4,REG,pre2014,120.0,960.0,11.0,,regular,960.0,RULE+TAPE,11 missing minutes,False
20100215,0,HOL,pre2014,120.0,690.0,68.0,,short,690.0,RULE+TAPE,68 missing minutes before close,False
20100216,1,REG,pre2014,120.0,960.0,6.0,,regular,960.0,RULE+TAPE,6 missing minutes,False
20100217,2,REG,pre2014,120.0,960.0,6.0,,regular,960.0,RULE+TAPE,6 missing minutes,False
20100218,3,REG,pre2014,120.0,960.0,7.0,,regular,960.0,RULE+TAPE,7 missing minutes,False
20100219,4,REG,pre2014,120.0,960.0,7.0,,regular,960.0,RULE+TAPE,7 missing minutes,False
20100222,0,REG,pre2014,120.0,960.0,19.0,,regular,960.0,RULE+TAPE,19 missing minutes,False
20100223,1,REG,pre2014,120.0,960.0,14.0,,regular,960.0,RULE+TAPE,14 missing minutes,False
20100224,2,REG,pre2014,120.0,960.0,8.0,,regular,960.0,RULE+TAPE,8 missing minutes,False
20100225,3,REG,pre2014,120.0,960.0,10.0,,regular,960.0,RULE+TAPE,10 missing minutes,False
20100226,4,REG,pre2014,120.0,960.0,15.0,,regular,960.0,RULE+TAPE,15 missing minutes,False
20100301,0,REG,pre2014,120.0,960.0,19.0,,regular,960.0,RULE+TAPE,19 missing minutes,False
20100302,1,REG,pre2014,120.0,960.0,18.0,,regular,960.0,RULE+TAPE,18 missing minutes,False
20100303,2,REG,pre2014,120.0,960.0,33.0,,regular,960.0,RULE+TAPE,33 missing minutes,False
20100304,3,REG,pre2014,120.0,960.0,33.0,,regular,960.0,RULE+TAPE,33 missing minutes,False
20100305,4,REG,pre2014,120.0,960.0,50.0,,regular,960.0,RULE+TAPE,50 missing minutes,False
20100308,0,REG,pre2014,120.0,960.0,37.0,,regular,960.0,RULE+TAPE,37 missing minutes,False
20100309,1,REG,pre2014,120.0,960.0,42.0,,regular,960.0,RULE+TAPE,42 missing minutes,False
20100310,2,REG,pre2014,120.0,960.0,40.0,,regular,960.0,RULE+TAPE,40 missing minutes,False
20100311,3,REG,pre2014,120.0,960.0,276.0,,regular,960.0,RULE+TAPE,276 missing minutes,False
20100312,4,REG,pre2014,120.0,960.0,48.0,,regular,960.0,RULE+TAPE,48 missing minutes,False
20100315,0,REG,pre2014,122.0,960.0,95.0,,regular,960.0,RULE+TAPE,95 missing minutes,False
20100316,1,REG,pre2014,120.0,960.0,110.0,,regular,960.0,RULE+TAPE,110 missing minutes,False
20100317,2,REG,pre2014,121.0,960.0,67.0,,regular,960.0,RULE+TAPE,67 missing minutes,False
20100318,3,REG,pre2014,120.0,960.0,52.0,,regular,960.0,RULE+TAPE,52 missing minutes,False
20100319,4,REG,pre2014,120.0,960.0,86.0,,regular,960.0,RULE+TAPE,86 missing minutes,False
20100322,0,REG,pre2014,121.0,960.0,46.0,,regular,960.0,RULE+TAPE,46 missing minutes,False
20100323,1,REG,pre2014,121.0,960.0,75.0,,regular,960.0,RULE+TAPE,75 missing minutes,False
20100324,2,REG,pre2014,120.0,960.0,49.0,,regular,960.0,RULE+TAPE,49 missing minutes,False
20100325,3,REG,pre2014,120.0,960.0,69.0,,regular,960.0,RULE+TAPE,69 missing minutes,False
20100326,4,REG,pre2014,120.0,960.0,42.0,,regular,960.0,RULE+TAPE,42 missing minutes,False
20100329,0,REG,pre2014,120.0,960.0,59.0,,regular,960.0,RULE+TAPE,59 missing minutes,False
20100330,1,REG,pre2014,120.0,960.0,34.0,,regular,960.0,RULE+TAPE,34 missing minutes,False
20100331,2,REG,pre2014,120.0,960.0,70.0,,regular,960.0,RULE+TAPE,70 missing minutes,False
20100401,3,REG,pre2014,120.0,960.0,35.0,,regular,960.0,RULE+TAPE,35 missing minutes,False
20100402,4,GOODFRI,pre2014,120.0,555.0,265.0,,short,555.0,TAPE_ONLY,GOODFRI with abbreviated session on tape (e.g. Good Friday NFP),False
20100405,0,REG,pre2014,120.0,960.0,90.0,,regular,960.0,RULE+TAPE,90 missing minutes,False
20100406,1,REG,pre2014,120.0,960.0,65.0,,regular,960.0,RULE+TAPE,65 missing minutes,False
20100407,2,REG,pre2014,120.0,960.0,102.0,,regular,960.0,RULE+TAPE,102 missing minutes,False
20100408,3,REG,pre2014,120.0,960.0,39.0,,regular,960.0,RULE+TAPE,39 missing minutes,False
20100409,4,REG,pre2014,120.0,960.0,75.0,,regular,960.0,RULE+TAPE,75 missing minutes,False
20100412,0,REG,pre2014,120.0,960.0,39.0,,regular,960.0,RULE+TAPE,39 missing minutes,False
20100413,1,REG,pre2014,120.0,960.0,54.0,,regular,960.0,RULE+TAPE,54 missing minutes,False
20100414,2,REG,pre2014,120.0,960.0,60.0,,regular,960.0,RULE+TAPE,60 missing minutes,False
20100415,3,REG,pre2014,120.0,960.0,32.0,,regular,960.0,RULE+TAPE,32 missing minutes,False
20100416,4,REG,pre2014,120.0,960.0,88.0,,regular,960.0,RULE+TAPE,88 missing minutes,False
20100419,0,REG,pre2014,120.0,960.0,18.0,,regular,960.0,RULE+TAPE,18 missing minutes,False
20100420,1,REG,pre2014,120.0,960.0,13.0,,regular,960.0,RULE+TAPE,13 missing minutes,False
20100421,2,REG,pre2014,120.0,960.0,24.0,,regular,960.0,RULE+TAPE,24 missing minutes,False
20100422,3,REG,pre2014,120.0,960.0,19.0,,regular,960.0,RULE+TAPE,19 missing minutes,False
20100423,4,REG,pre2014,120.0,960.0,23.0,,regular,960.0,RULE+TAPE,23 missing minutes,False
20100426,0,REG,pre2014,120.0,960.0,23.0,,regular,960.0,RULE+TAPE,23 missing minutes,False
20100427,1,REG,pre2014,120.0,960.0,33.0,,regular,960.0,RULE+TAPE,33 missing minutes,False
20100428,2,REG,pre2014,120.0,960.0,5.0,,regular,960.0,RULE+TAPE,5 missing minutes,False
20100429,3,REG,pre2014,120.0,960.0,8.0,,regular,960.0,RULE+TAPE,8 missing minutes,False
20100430,4,REG,pre2014,120.0,960.0,26.0,,regular,960.0,RULE+TAPE,26 missing minutes,False
20100503,0,REG,pre2014,120.0,960.0,26.0,,regular,960.0,RULE+TAPE,26 missing minutes,False
20100504,1,REG,pre2014,120.0,960.0,11.0,,regular,960.0,RULE+TAPE,11 missing minutes,False
20100505,2,REG,pre2014,120.0,960.0,8.0,,regular,960.0,RULE+TAPE,8 missing minutes,False
20100506,3,REG,pre2014,120.0,960.0,5.0,,regular,960.0,RULE+TAPE,5 missing minutes,False
20100507,4,REG,pre2014,120.0,960.0,0.0,,regular,960.0,RULE+TAPE,,True
20100510,0,REG,pre2014,120.0,960.0,0.0,,regular,960.0,RULE+TAPE,,True
20100511,1,REG,pre2014,120.0,960.0,1.0,,regular,960.0,RULE+TAPE,1 missing minutes,False
20100512,2,REG,pre2014,120.0,960.0,0.0,,regular,960.0,RULE+TAPE,,True
20100513,3,REG,pre2014,120.0,960.0,0.0,,regular,960.0,RULE+TAPE,,True
20100514,4,REG,pre2014,120.0,960.0,3.0,,regular,960.0,RULE+TAPE,3 missing minutes,False
20100517,0,REG,pre2014,120.0,960.0,2.0,,regular,960.0,RULE+TAPE,2 missing minutes,False
20100518,1,REG,pre2014,120.0,960.0,3.0,,regular,960.0,RULE+TAPE,3 missing minutes,False
20100519,2,REG,pre2014,120.0,960.0,0.0,,regular,960.0,RULE+TAPE,,True
20100520,3,REG,pre2014,120.0,960.0,0.0,,regular,960.0,RULE+TAPE,,True
20100521,4,REG,pre2014,120.0,960.0,0.0,,regular,960.0,RULE+TAPE,,True
20100524,0,REG,pre2014,120.0,960.0,5.0,,regular,960.0,RULE+TAPE,5 missing minutes,False
20100525,1,REG,pre2014,120.0,960.0,0.0,,regular,960.0,RULE+TAPE,,True
20100526,2,REG,pre2014,120.0,960.0,2.0,,regular,960.0,RULE+TAPE,2 missing minutes,False
20100527,3,REG,pre2014,120.0,960.0,0.0,,regular,960.0,RULE+TAPE,,True
20100528,4,REG,pre2014,120.0,960.0,4.0,,regular,960.0,RULE+TAPE,4 missing minutes,False
20100531,0,HOL,pre2014,120.0,690.0,155.0,,short,690.0,RULE+TAPE,155 missing minutes before close,False
20100601,1,REG,pre2014,120.0,960.0,4.0,,regular,960.0,RULE+TAPE,4 missing minutes,False
20100602,2,REG,pre2014,120.0,960.0,1.0,,regular,960.0,RULE+TAPE,1 missing minutes,False
20100603,3,REG,pre2014,120.0,960.0,3.0,,regular,960.0,RULE+TAPE,3 missing minutes,False
20100604,4,REG,pre2014,120.0,960.0,5.0,,regular,960.0,RULE+TAPE,5 missing minutes,False
20100607,0,REG,pre2014,120.0,960.0,0.0,,regular,960.0,RULE+TAPE,,True
20100608,1,REG,pre2014,120.0,960.0,1.0,,regular,960.0,RULE+TAPE,1 missing minutes,False
20100609,2,REG,pre2014,120.0,960.0,1.0,,regular,960.0,RULE+TAPE,1 missing minutes,False
20100610,3,REG,pre2014,125.0,960.0,195.0,,regular,960.0,RULE+TAPE,195 missing minutes,False
20100611,4,REG,pre2014,120.0,960.0,14.0,,regular,960.0,RULE+TAPE,14 missing minutes,False
20100614,0,REG,pre2014,120.0,960.0,12.0,,regular,960.0,RULE+TAPE,12 missing minutes,False
20100615,1,REG,pre2014,120.0,960.0,2.0,,regular,960.0,RULE+TAPE,2 missing minutes,False
20100616,2,REG,pre2014,120.0,960.0,9.0,,regular,960.0,RULE+TAPE,9 missing minutes,False
20100617,3,REG,pre2014,120.0,960.0,4.0,,regular,960.0,RULE+TAPE,4 missing minutes,False
20100618,4,REG,pre2014,120.0,960.0,10.0,,regular,960.0,RULE+TAPE,10 missing minutes,False
20100621,0,REG,pre2014,120.0,960.0,15.0,,regular,960.0,RULE+TAPE,15 missing minutes,False
20100622,1,REG,pre2014,120.0,960.0,9.0,,regular,960.0,RULE+TAPE,9 missing minutes,False
20100623,2,REG,pre2014,120.0,960.0,10.0,,regular,960.0,RULE+TAPE,10 missing minutes,False
20100624,3,REG,pre2014,120.0,960.0,15.0,,regular,960.0,RULE+TAPE,15 missing minutes,False
20100625,4,REG,pre2014,120.0,960.0,5.0,,regular,960.0,RULE+TAPE,5 missing minutes,False
20100628,0,REG,pre2014,120.0,960.0,9.0,,regular,960.0,RULE+TAPE,9 missing minutes,False
20100629,1,REG,pre2014,120.0,960.0,2.0,,regular,960.0,RULE+TAPE,2 missing minutes,False
20100630,2,REG,pre2014,120.0,960.0,5.0,,regular,960.0,RULE+TAPE,5 missing minutes,False
20100701,3,REG,pre2014,120.0,960.0,4.0,,regular,960.0,RULE+TAPE,4 missing minutes,False
20100702,4,REG,pre2014,120.0,960.0,15.0,,regular,960.0,RULE+TAPE,15 missing minutes,False
20100705,0,HOL,pre2014,120.0,690.0,20.0,,short,690.0,RULE+TAPE,20 missing minutes before close,False
20100706,1,REG,pre2014,120.0,960.0,6.0,,regular,960.0,RULE+TAPE,6 missing minutes,False
20100707,2,REG,pre2014,120.0,960.0,6.0,,regular,960.0,RULE+TAPE,6 missing minutes,False
20100708,3,REG,pre2014,120.0,960.0,10.0,,regular,960.0,RULE+TAPE,10 missing minutes,False
20100709,4,REG,pre2014,120.0,960.0,27.0,,regular,960.0,RULE+TAPE,27 missing minutes,False
20100712,0,REG,pre2014,120.0,960.0,35.0,,regular,960.0,RULE+TAPE,35 missing minutes,False
20100713,1,REG,pre2014,120.0,960.0,8.0,,regular,960.0,RULE+TAPE,8 missing minutes,False
20100714,2,REG,pre2014,120.0,960.0,15.0,,regular,960.0,RULE+TAPE,15 missing minutes,False
20100715,3,REG,pre2014,120.0,960.0,7.0,,regular,960.0,RULE+TAPE,7 missing minutes,False
20100716,4,REG,pre2014,120.0,960.0,12.0,,regular,960.0,RULE+TAPE,12 missing minutes,False
20100719,0,REG,pre2014,120.0,960.0,6.0,,regular,960.0,RULE+TAPE,6 missing minutes,False
20100720,1,REG,pre2014,120.0,960.0,7.0,,regular,960.0,RULE+TAPE,7 missing minutes,False
20100721,2,REG,pre2014,120.0,960.0,4.0,,regular,960.0,RULE+TAPE,4 missing minutes,False
20100722,3,REG,pre2014,120.0,960.0,3.0,,regular,960.0,RULE+TAPE,3 missing minutes,False
20100723,4,REG,pre2014,120.0,960.0,21.0,,regular,960.0,RULE+TAPE,21 missing minutes,False
20100726,0,REG,pre2014,120.0,960.0,25.0,,regular,960.0,RULE+TAPE,25 missing minutes,False
20100727,1,REG,pre2014,120.0,960.0,13.0,,regular,960.0,RULE+TAPE,13 missing minutes,False
20100728,2,REG,pre2014,120.0,960.0,9.0,,regular,960.0,RULE+TAPE,9 missing minutes,False
20100729,3,REG,pre2014,120.0,960.0,21.0,,regular,960.0,RULE+TAPE,21 missing minutes,False
20100730,4,REG,pre2014,120.0,960.0,7.0,,regular,960.0,RULE+TAPE,7 missing minutes,False
20100802,0,REG,pre2014,120.0,960.0,13.0,,regular,960.0,RULE+TAPE,13 missing minutes,False
20100803,1,REG,pre2014,120.0,960.0,17.0,,regular,960.0,RULE+TAPE,17 missing minutes,False
20100804,2,REG,pre2014,120.0,960.0,17.0,,regular,960.0,RULE+TAPE,17 missing minutes,False
20100805,3,REG,pre2014,120.0,960.0,18.0,,regular,960.0,RULE+TAPE,18 missing minutes,False
20100806,4,REG,pre2014,120.0,960.0,33.0,,regular,960.0,RULE+TAPE,33 missing minutes,False
20100809,0,REG,pre2014,120.0,960.0,25.0,,regular,960.0,RULE+TAPE,25 missing minutes,False
20100810,1,REG,pre2014,120.0,960.0,5.0,,regular,960.0,RULE+TAPE,5 missing minutes,False
20100811,2,REG,pre2014,120.0,960.0,5.0,,regular,960.0,RULE+TAPE,5 missing minutes,False
20100812,3,REG,pre2014,120.0,960.0,3.0,,regular,960.0,RULE+TAPE,3 missing minutes,False
20100813,4,REG,pre2014,120.0,960.0,11.0,,regular,960.0,RULE+TAPE,11 missing minutes,False
20100816,0,REG,pre2014,120.0,960.0,11.0,,regular,960.0,RULE+TAPE,11 missing minutes,False
20100817,1,REG,pre2014,120.0,960.0,12.0,,regular,960.0,RULE+TAPE,12 missing minutes,False
20100818,2,REG,pre2014,120.0,960.0,15.0,,regular,960.0,RULE+TAPE,15 missing minutes,False
20100819,3,REG,pre2014,120.0,960.0,9.0,,regular,960.0,RULE+TAPE,9 missing minutes,False
20100820,4,REG,pre2014,120.0,960.0,5.0,,regular,960.0,RULE+TAPE,5 missing minutes,False
20100823,0,REG,pre2014,120.0,960.0,6.0,,regular,960.0,RULE+TAPE,6 missing minutes,False
20100824,1,REG,pre2014,120.0,960.0,13.0,,regular,960.0,RULE+TAPE,13 missing minutes,False
20100825,2,REG,pre2014,120.0,960.0,8.0,,regular,960.0,RULE+TAPE,8 missing minutes,False
20100826,3,REG,pre2014,120.0,960.0,16.0,,regular,960.0,RULE+TAPE,16 missing minutes,False
20100827,4,REG,pre2014,120.0,960.0,20.0,,regular,960.0,RULE+TAPE,20 missing minutes,False
20100830,0,REG,pre2014,120.0,960.0,47.0,,regular,960.0,RULE+TAPE,47 missing minutes,False
20100831,1,REG,pre2014,120.0,960.0,12.0,,regular,960.0,RULE+TAPE,12 missing minutes,False
20100901,2,REG,pre2014,120.0,960.0,11.0,,regular,960.0,RULE+TAPE,11 missing minutes,False
20100902,3,REG,pre2014,120.0,960.0,14.0,,regular,960.0,RULE+TAPE,14 missing minutes,False
20100903,4,REG,pre2014,120.0,960.0,31.0,,regular,960.0,RULE+TAPE,31 missing minutes,False
20100906,0,HOL,pre2014,120.0,690.0,90.0,,short,690.0,RULE+TAPE,90 missing minutes before close,False
20100907,1,REG,pre2014,120.0,960.0,22.0,,regular,960.0,RULE+TAPE,22 missing minutes,False
20100908,2,REG,pre2014,120.0,960.0,9.0,,regular,960.0,RULE+TAPE,9 missing minutes,False
20100909,3,REG,pre2014,121.0,960.0,279.0,,regular,960.0,RULE+TAPE,279 missing minutes,False
20100910,4,REG,pre2014,122.0,960.0,30.0,,regular,960.0,RULE+TAPE,30 missing minutes,False
20100913,0,REG,pre2014,120.0,960.0,13.0,,regular,960.0,RULE+TAPE,13 missing minutes,False
20100914,1,REG,pre2014,120.0,960.0,19.0,,regular,960.0,RULE+TAPE,19 missing minutes,False
20100915,2,REG,pre2014,120.0,960.0,26.0,,regular,960.0,RULE+TAPE,26 missing minutes,False
20100916,3,REG,pre2014,120.0,960.0,12.0,,regular,960.0,RULE+TAPE,12 missing minutes,False
20100917,4,REG,pre2014,120.0,960.0,2.0,,regular,960.0,RULE+TAPE,2 missing minutes,False
20100920,0,REG,pre2014,120.0,960.0,19.0,,regular,960.0,RULE+TAPE,19 missing minutes,False
20100921,1,REG,pre2014,120.0,960.0,27.0,,regular,960.0,RULE+TAPE,27 missing minutes,False
20100922,2,REG,pre2014,120.0,960.0,8.0,,regular,960.0,RULE+TAPE,8 missing minutes,False
20100923,3,REG,pre2014,120.0,960.0,14.0,,regular,960.0,RULE+TAPE,14 missing minutes,False
20100924,4,REG,pre2014,120.0,960.0,10.0,,regular,960.0,RULE+TAPE,10 missing minutes,False
20100927,0,REG,pre2014,120.0,960.0,17.0,,regular,960.0,RULE+TAPE,17 missing minutes,False
20100928,1,REG,pre2014,120.0,960.0,4.0,,regular,960.0,RULE+TAPE,4 missing minutes,False
20100929,2,REG,pre2014,120.0,960.0,12.0,,regular,960.0,RULE+TAPE,12 missing minutes,False
20100930,3,REG,pre2014,120.0,960.0,11.0,,regular,960.0,RULE+TAPE,11 missing minutes,False
20101001,4,REG,pre2014,120.0,960.0,21.0,,regular,960.0,RULE+TAPE,21 missing minutes,False
20101004,0,REG,pre2014,120.0,960.0,9.0,,regular,960.0,RULE+TAPE,9 missing minutes,False
20101005,1,REG,pre2014,120.0,960.0,11.0,,regular,960.0,RULE+TAPE,11 missing minutes,False
20101006,2,REG,pre2014,120.0,960.0,9.0,,regular,960.0,RULE+TAPE,9 missing minutes,False
20101007,3,REG,pre2014,120.0,960.0,23.0,,regular,960.0,RULE+TAPE,23 missing minutes,False
20101008,4,REG,pre2014,120.0,960.0,24.0,,regular,960.0,RULE+TAPE,24 missing minutes,False
20101011,0,REG,pre2014,120.0,960.0,40.0,,regular,960.0,RULE+TAPE,40 missing minutes,False
20101012,1,REG,pre2014,120.0,960.0,14.0,,regular,960.0,RULE+TAPE,14 missing minutes,False
20101013,2,REG,pre2014,120.0,960.0,6.0,,regular,960.0,RULE+TAPE,6 missing minutes,False
20101014,3,REG,pre2014,121.0,960.0,12.0,,regular,960.0,RULE+TAPE,12 missing minutes,False
20101015,4,REG,pre2014,120.0,960.0,18.0,,regular,960.0,RULE+TAPE,18 missing minutes,False
20101018,0,REG,pre2014,120.0,960.0,15.0,,regular,960.0,RULE+TAPE,15 missing minutes,False
20101019,1,REG,pre2014,120.0,960.0,6.0,,regular,960.0,RULE+TAPE,6 missing minutes,False
20101020,2,REG,pre2014,120.0,960.0,9.0,,regular,960.0,RULE+TAPE,9 missing minutes,False
20101021,3,REG,pre2014,120.0,960.0,15.0,,regular,960.0,RULE+TAPE,15 missing minutes,False
20101022,4,REG,pre2014,121.0,960.0,32.0,,regular,960.0,RULE+TAPE,32 missing minutes,False
20101025,0,REG,pre2014,120.0,960.0,21.0,,regular,960.0,RULE+TAPE,21 missing minutes,False
20101026,1,REG,pre2014,120.0,960.0,22.0,,regular,960.0,RULE+TAPE,22 missing minutes,False
20101027,2,REG,pre2014,120.0,960.0,11.0,,regular,960.0,RULE+TAPE,11 missing minutes,False
20101028,3,REG,pre2014,120.0,960.0,25.0,,regular,960.0,RULE+TAPE,25 missing minutes,False
20101029,4,REG,pre2014,120.0,960.0,26.0,,regular,960.0,RULE+TAPE,26 missing minutes,False
20101101,0,REG,pre2014,120.0,960.0,26.0,,regular,960.0,RULE+TAPE,26 missing minutes,False
20101102,1,REG,pre2014,120.0,960.0,49.0,,regular,960.0,RULE+TAPE,49 missing minutes,False
20101103,2,REG,pre2014,120.0,960.0,29.0,,regular,960.0,RULE+TAPE,29 missing minutes,False
20101104,3,REG,pre2014,121.0,960.0,42.0,,regular,960.0,RULE+TAPE,42 missing minutes,False
20101105,4,REG,pre2014,120.0,960.0,39.0,,regular,960.0,RULE+TAPE,39 missing minutes,False
20101108,0,REG,pre2014,120.0,960.0,34.0,,regular,960.0,RULE+TAPE,34 missing minutes,False
20101109,1,REG,pre2014,120.0,960.0,19.0,,regular,960.0,RULE+TAPE,19 missing minutes,False
20101110,2,REG,pre2014,120.0,960.0,7.0,,regular,960.0,RULE+TAPE,7 missing minutes,False
20101111,3,REG,pre2014,120.0,960.0,8.0,,regular,960.0,RULE+TAPE,8 missing minutes,False
20101112,4,REG,pre2014,120.0,960.0,3.0,,regular,960.0,RULE+TAPE,3 missing minutes,False
20101115,0,REG,pre2014,120.0,960.0,12.0,,regular,960.0,RULE+TAPE,12 missing minutes,False
20101116,1,REG,pre2014,120.0,960.0,10.0,,regular,960.0,RULE+TAPE,10 missing minutes,False
20101117,2,REG,pre2014,120.0,960.0,9.0,,regular,960.0,RULE+TAPE,9 missing minutes,False
20101118,3,REG,pre2014,120.0,960.0,11.0,,regular,960.0,RULE+TAPE,11 missing minutes,False
20101119,4,REG,pre2014,120.0,960.0,9.0,,regular,960.0,RULE+TAPE,9 missing minutes,False
20101122,0,REG,pre2014,120.0,960.0,19.0,,regular,960.0,RULE+TAPE,19 missing minutes,False
20101123,1,REG,pre2014,120.0,960.0,5.0,,regular,960.0,RULE+TAPE,5 missing minutes,False
20101124,2,REG,pre2014,120.0,960.0,16.0,,regular,960.0,RULE+TAPE,16 missing minutes,False
20101125,3,HOL,pre2014,120.0,690.0,97.0,,short,690.0,RULE+TAPE,97 missing minutes before close,False
20101126,4,EVE,pre2014,120.0,795.0,12.0,,short,795.0,RULE+TAPE,12 missing minutes before close,False
20101129,0,REG,pre2014,120.0,960.0,3.0,,regular,960.0,RULE+TAPE,3 missing minutes,False
20101130,1,REG,pre2014,120.0,960.0,4.0,,regular,960.0,RULE+TAPE,4 missing minutes,False
20101201,2,REG,pre2014,120.0,960.0,5.0,,regular,960.0,RULE+TAPE,5 missing minutes,False
20101202,3,REG,pre2014,120.0,960.0,6.0,,regular,960.0,RULE+TAPE,6 missing minutes,False
20101203,4,REG,pre2014,120.0,960.0,32.0,,regular,960.0,RULE+TAPE,32 missing minutes,False
20101206,0,REG,pre2014,120.0,960.0,12.0,,regular,960.0,RULE+TAPE,12 missing minutes,False
20101207,1,REG,pre2014,121.0,960.0,13.0,,regular,960.0,RULE+TAPE,13 missing minutes,False
20101208,2,REG,pre2014,120.0,960.0,8.0,,regular,960.0,RULE+TAPE,8 missing minutes,False
20101209,3,REG,pre2014,125.0,960.0,137.0,,regular,960.0,RULE+TAPE,137 missing minutes,False
20101210,4,REG,pre2014,120.0,960.0,38.0,,regular,960.0,RULE+TAPE,38 missing minutes,False
20101213,0,REG,pre2014,120.0,960.0,35.0,,regular,960.0,RULE+TAPE,35 missing minutes,False
20101214,1,REG,pre2014,120.0,960.0,21.0,,regular,960.0,RULE+TAPE,21 missing minutes,False
20101215,2,REG,pre2014,120.0,960.0,9.0,,regular,960.0,RULE+TAPE,9 missing minutes,False
20101216,3,REG,pre2014,120.0,960.0,21.0,,regular,960.0,RULE+TAPE,21 missing minutes,False
20101217,4,REG,pre2014,120.0,960.0,27.0,,regular,960.0,RULE+TAPE,27 missing minutes,False
20101220,0,REG,pre2014,120.0,960.0,24.0,,regular,960.0,RULE+TAPE,24 missing minutes,False
20101221,1,REG,pre2014,120.0,960.0,55.0,,regular,960.0,RULE+TAPE,55 missing minutes,False
20101222,2,REG,pre2014,120.0,960.0,60.0,,regular,960.0,RULE+TAPE,60 missing minutes,False
20101223,3,REG,pre2014,120.0,960.0,67.0,,regular,960.0,RULE+TAPE,67 missing minutes,False
20101224,4,XMAS,pre2014,,,,,closed,,RULE+TAPE,,False
20101227,0,REG,pre2014,120.0,960.0,96.0,,regular,960.0,RULE+TAPE,96 missing minutes,False
20101228,1,REG,pre2014,120.0,960.0,86.0,,regular,960.0,RULE+TAPE,86 missing minutes,False
20101229,2,REG,pre2014,120.0,960.0,88.0,,regular,960.0,RULE+TAPE,88 missing minutes,False
20101230,3,REG,pre2014,120.0,960.0,68.0,,regular,960.0,RULE+TAPE,68 missing minutes,False
20101231,4,REG,pre2014,120.0,960.0,206.0,,regular,960.0,RULE+TAPE,206 missing minutes,False
20110103,0,REG,pre2014,120.0,960.0,35.0,,regular,960.0,RULE+TAPE,35 missing minutes,False
20110104,1,REG,pre2014,120.0,960.0,21.0,,regular,960.0,RULE+TAPE,21 missing minutes,False
20110105,2,REG,pre2014,120.0,960.0,16.0,,regular,960.0,RULE+TAPE,16 missing minutes,False
20110106,3,REG,pre2014,121.0,960.0,28.0,,regular,960.0,RULE+TAPE,28 missing minutes,False
20110107,4,REG,pre2014,120.0,960.0,27.0,,regular,960.0,RULE+TAPE,27 missing minutes,False
20110110,0,REG,pre2014,120.0,960.0,22.0,,regular,960.0,RULE+TAPE,22 missing minutes,False
20110111,1,REG,pre2014,120.0,960.0,22.0,,regular,960.0,RULE+TAPE,22 missing minutes,False
20110112,2,REG,pre2014,120.0,960.0,14.0,,regular,960.0,RULE+TAPE,14 missing minutes,False
20110113,3,REG,pre2014,120.0,960.0,26.0,,regular,960.0,RULE+TAPE,26 missing minutes,False
20110114,4,REG,pre2014,120.0,960.0,20.0,,regular,960.0,RULE+TAPE,20 missing minutes,False
20110117,0,HOL,pre2014,120.0,690.0,44.0,,short,690.0,RULE+TAPE,44 missing minutes before close,False
20110118,1,REG,pre2014,120.0,960.0,9.0,,regular,960.0,RULE+TAPE,9 missing minutes,False
20110119,2,REG,pre2014,120.0,960.0,22.0,,regular,960.0,RULE+TAPE,22 missing minutes,False
20110120,3,REG,pre2014,120.0,960.0,5.0,,regular,960.0,RULE+TAPE,5 missing minutes,False
20110121,4,REG,pre2014,120.0,960.0,19.0,,regular,960.0,RULE+TAPE,19 missing minutes,False
20110124,0,REG,pre2014,120.0,960.0,10.0,,regular,960.0,RULE+TAPE,10 missing minutes,False
20110125,1,REG,pre2014,120.0,960.0,19.0,,regular,960.0,RULE+TAPE,19 missing minutes,False
20110126,2,REG,pre2014,120.0,960.0,22.0,,regular,960.0,RULE+TAPE,22 missing minutes,False
20110127,3,REG,pre2014,120.0,960.0,14.0,,regular,960.0,RULE+TAPE,14 missing minutes,False
20110128,4,REG,pre2014,120.0,960.0,30.0,,regular,960.0,RULE+TAPE,30 missing minutes,False
20110131,0,REG,pre2014,120.0,960.0,11.0,,regular,960.0,RULE+TAPE,11 missing minutes,False
20110201,1,REG,pre2014,120.0,960.0,14.0,,regular,960.0,RULE+TAPE,14 missing minutes,False
20110202,2,REG,pre2014,120.0,960.0,43.0,,regular,960.0,RULE+TAPE,43 missing minutes,False
20110203,3,REG,pre2014,120.0,960.0,82.0,,regular,960.0,RULE+TAPE,82 missing minutes,False
20110204,4,REG,pre2014,120.0,960.0,86.0,,regular,960.0,RULE+TAPE,86 missing minutes,False
20110207,0,REG,pre2014,120.0,960.0,33.0,,regular,960.0,RULE+TAPE,33 missing minutes,False
20110208,1,REG,pre2014,120.0,960.0,34.0,,regular,960.0,RULE+TAPE,34 missing minutes,False
20110209,2,REG,pre2014,120.0,960.0,33.0,,regular,960.0,RULE+TAPE,33 missing minutes,False
20110210,3,REG,pre2014,120.0,960.0,10.0,,regular,960.0,RULE+TAPE,10 missing minutes,False
20110211,4,REG,pre2014,120.0,960.0,34.0,,regular,960.0,RULE+TAPE,34 missing minutes,False
20110214,0,REG,pre2014,120.0,960.0,34.0,,regular,960.0,RULE+TAPE,34 missing minutes,False
20110215,1,REG,pre2014,120.0,960.0,31.0,,regular,960.0,RULE+TAPE,31 missing minutes,False
20110216,2,REG,pre2014,120.0,960.0,34.0,,regular,960.0,RULE+TAPE,34 missing minutes,False
20110217,3,REG,pre2014,120.0,960.0,31.0,,regular,960.0,RULE+TAPE,31 missing minutes,False
20110218,4,REG,pre2014,120.0,960.0,28.0,,regular,960.0,RULE+TAPE,28 missing minutes,False
20110221,0,HOL,pre2014,120.0,690.0,39.0,,short,690.0,RULE+TAPE,39 missing minutes before close,False
20110222,1,REG,pre2014,120.0,960.0,7.0,,regular,960.0,RULE+TAPE,7 missing minutes,False
20110223,2,REG,pre2014,120.0,960.0,15.0,,regular,960.0,RULE+TAPE,15 missing minutes,False
20110224,3,REG,pre2014,120.0,960.0,2.0,,regular,960.0,RULE+TAPE,2 missing minutes,False
20110225,4,REG,pre2014,120.0,960.0,13.0,,regular,960.0,RULE+TAPE,13 missing minutes,False
20110228,0,REG,pre2014,120.0,960.0,18.0,,regular,960.0,RULE+TAPE,18 missing minutes,False
20110301,1,REG,pre2014,120.0,960.0,16.0,,regular,960.0,RULE+TAPE,16 missing minutes,False
20110302,2,REG,pre2014,120.0,960.0,5.0,,regular,960.0,RULE+TAPE,5 missing minutes,False
20110303,3,REG,pre2014,120.0,960.0,15.0,,regular,960.0,RULE+TAPE,15 missing minutes,False
20110304,4,REG,pre2014,120.0,960.0,33.0,,regular,960.0,RULE+TAPE,33 missing minutes,False
20110307,0,REG,pre2014,120.0,960.0,14.0,,regular,960.0,RULE+TAPE,14 missing minutes,False
20110308,1,REG,pre2014,120.0,960.0,3.0,,regular,960.0,RULE+TAPE,3 missing minutes,False
20110309,2,REG,pre2014,120.0,960.0,9.0,,regular,960.0,RULE+TAPE,9 missing minutes,False
20110310,3,REG,pre2014,120.0,960.0,111.0,,regular,960.0,RULE+TAPE,111 missing minutes,False
20110311,4,REG,pre2014,120.0,960.0,4.0,,regular,960.0,RULE+TAPE,4 missing minutes,False
20110314,0,REG,pre2014,121.0,960.0,19.0,,regular,960.0,RULE+TAPE,19 missing minutes,False
20110315,1,REG,pre2014,120.0,960.0,1.0,,regular,960.0,RULE+TAPE,1 missing minutes,False
20110316,2,REG,pre2014,120.0,960.0,9.0,,regular,960.0,RULE+TAPE,9 missing minutes,False
20110317,3,REG,pre2014,120.0,960.0,4.0,,regular,960.0,RULE+TAPE,4 missing minutes,False
20110318,4,REG,pre2014,120.0,960.0,16.0,,regular,960.0,RULE+TAPE,16 missing minutes,False
20110321,0,REG,pre2014,120.0,960.0,15.0,,regular,960.0,RULE+TAPE,15 missing minutes,False
20110322,1,REG,pre2014,120.0,960.0,28.0,,regular,960.0,RULE+TAPE,28 missing minutes,False
20110323,2,REG,pre2014,120.0,960.0,25.0,,regular,960.0,RULE+TAPE,25 missing minutes,False
20110324,3,REG,pre2014,120.0,960.0,17.0,,regular,960.0,RULE+TAPE,17 missing minutes,False
20110325,4,REG,pre2014,120.0,960.0,24.0,,regular,960.0,RULE+TAPE,24 missing minutes,False
20110328,0,REG,pre2014,120.0,960.0,16.0,,regular,960.0,RULE+TAPE,16 missing minutes,False
20110329,1,REG,pre2014,120.0,960.0,11.0,,regular,960.0,RULE+TAPE,11 missing minutes,False
20110330,2,REG,pre2014,120.0,960.0,12.0,,regular,960.0,RULE+TAPE,12 missing minutes,False
20110331,3,REG,pre2014,120.0,960.0,28.0,,regular,960.0,RULE+TAPE,28 missing minutes,False
20110401,4,REG,pre2014,120.0,960.0,23.0,,regular,960.0,RULE+TAPE,23 missing minutes,False
20110404,0,REG,pre2014,120.0,960.0,20.0,,regular,960.0,RULE+TAPE,20 missing minutes,False
20110405,1,REG,pre2014,120.0,960.0,12.0,,regular,960.0,RULE+TAPE,12 missing minutes,False
20110406,2,REG,pre2014,120.0,960.0,7.0,,regular,960.0,RULE+TAPE,7 missing minutes,False
20110407,3,REG,pre2014,120.0,960.0,37.0,,regular,960.0,RULE+TAPE,37 missing minutes,False
20110408,4,REG,pre2014,120.0,960.0,31.0,,regular,960.0,RULE+TAPE,31 missing minutes,False
20110411,0,REG,pre2014,120.0,960.0,25.0,,regular,960.0,RULE+TAPE,25 missing minutes,False
20110412,1,REG,pre2014,120.0,960.0,8.0,,regular,960.0,RULE+TAPE,8 missing minutes,False
20110413,2,REG,pre2014,120.0,960.0,30.0,,regular,960.0,RULE+TAPE,30 missing minutes,False
20110414,3,REG,pre2014,120.0,960.0,15.0,,regular,960.0,RULE+TAPE,15 missing minutes,False
20110415,4,REG,pre2014,120.0,960.0,31.0,,regular,960.0,RULE+TAPE,31 missing minutes,False
20110418,0,REG,pre2014,120.0,960.0,23.0,,regular,960.0,RULE+TAPE,23 missing minutes,False
20110419,1,REG,pre2014,120.0,960.0,8.0,,regular,960.0,RULE+TAPE,8 missing minutes,False
20110420,2,REG,pre2014,120.0,960.0,16.0,,regular,960.0,RULE+TAPE,16 missing minutes,False
20110421,3,REG,pre2014,120.0,960.0,8.0,,regular,960.0,RULE+TAPE,8 missing minutes,False
20110422,4,GOODFRI,pre2014,,,,,closed,,RULE+TAPE,,False
20110425,0,REG,pre2014,120.0,960.0,156.0,,regular,960.0,RULE+TAPE,156 missing minutes,False
20110426,1,REG,pre2014,120.0,960.0,26.0,,regular,960.0,RULE+TAPE,26 missing minutes,False
20110427,2,REG,pre2014,120.0,960.0,22.0,,regular,960.0,RULE+TAPE,22 missing minutes,False
20110428,3,REG,pre2014,120.0,960.0,22.0,,regular,960.0,RULE+TAPE,22 missing minutes,False
20110429,4,REG,pre2014,120.0,960.0,56.0,,regular,960.0,RULE+TAPE,56 missing minutes,False
20110502,0,REG,pre2014,120.0,960.0,35.0,,regular,960.0,RULE+TAPE,35 missing minutes,False
20110503,1,REG,pre2014,120.0,960.0,16.0,,regular,960.0,RULE+TAPE,16 missing minutes,False
20110504,2,REG,pre2014,120.0,960.0,10.0,,regular,960.0,RULE+TAPE,10 missing minutes,False
20110505,3,REG,pre2014,120.0,960.0,10.0,,regular,960.0,RULE+TAPE,10 missing minutes,False
20110506,4,REG,pre2014,120.0,960.0,15.0,,regular,960.0,RULE+TAPE,15 missing minutes,False
20110509,0,REG,pre2014,120.0,960.0,6.0,,regular,960.0,RULE+TAPE,6 missing minutes,False
20110510,1,REG,pre2014,120.0,960.0,19.0,,regular,960.0,RULE+TAPE,19 missing minutes,False
20110511,2,REG,pre2014,120.0,960.0,34.0,,regular,960.0,RULE+TAPE,34 missing minutes,False
20110512,3,REG,pre2014,120.0,960.0,4.0,,regular,960.0,RULE+TAPE,4 missing minutes,False
20110513,4,REG,pre2014,120.0,960.0,17.0,,regular,960.0,RULE+TAPE,17 missing minutes,False
20110516,0,REG,pre2014,120.0,960.0,2.0,,regular,960.0,RULE+TAPE,2 missing minutes,False
20110517,1,REG,pre2014,120.0,960.0,5.0,,regular,960.0,RULE+TAPE,5 missing minutes,False
20110518,2,REG,pre2014,120.0,960.0,10.0,,regular,960.0,RULE+TAPE,10 missing minutes,False
20110519,3,REG,pre2014,120.0,960.0,15.0,,regular,960.0,RULE+TAPE,15 missing minutes,False
20110520,4,REG,pre2014,120.0,960.0,24.0,,regular,960.0,RULE+TAPE,24 missing minutes,False
20110523,0,REG,pre2014,120.0,960.0,7.0,,regular,960.0,RULE+TAPE,7 missing minutes,False
20110524,1,REG,pre2014,120.0,960.0,13.0,,regular,960.0,RULE+TAPE,13 missing minutes,False
20110525,2,REG,pre2014,120.0,960.0,5.0,,regular,960.0,RULE+TAPE,5 missing minutes,False
20110526,3,REG,pre2014,120.0,960.0,7.0,,regular,960.0,RULE+TAPE,7 missing minutes,False
20110527,4,REG,pre2014,120.0,960.0,20.0,,regular,960.0,RULE+TAPE,20 missing minutes,False
20110530,0,HOL,pre2014,120.0,690.0,155.0,,short,690.0,RULE+TAPE,155 missing minutes before close,False
20110531,1,REG,pre2014,120.0,960.0,11.0,,regular,960.0,RULE+TAPE,11 missing minutes,False
20110601,2,REG,pre2014,120.0,960.0,6.0,,regular,960.0,RULE+TAPE,6 missing minutes,False
20110602,3,REG,pre2014,120.0,960.0,0.0,,regular,960.0,RULE+TAPE,,True
20110603,4,REG,pre2014,120.0,960.0,12.0,,regular,960.0,RULE+TAPE,12 missing minutes,False
20110606,0,REG,pre2014,120.0,960.0,9.0,,regular,960.0,RULE+TAPE,9 missing minutes,False
20110607,1,REG,pre2014,120.0,960.0,9.0,,regular,960.0,RULE+TAPE,9 missing minutes,False
20110608,2,REG,pre2014,120.0,960.0,9.0,,regular,960.0,RULE+TAPE,9 missing minutes,False
20110609,3,REG,pre2014,121.0,960.0,240.0,,regular,960.0,RULE+TAPE,240 missing minutes,False
20110610,4,REG,pre2014,120.0,960.0,23.0,,regular,960.0,RULE+TAPE,23 missing minutes,False
20110613,0,REG,pre2014,120.0,960.0,9.0,,regular,960.0,RULE+TAPE,9 missing minutes,False
20110614,1,REG,pre2014,120.0,960.0,9.0,,regular,960.0,RULE+TAPE,9 missing minutes,False
20110615,2,REG,pre2014,120.0,960.0,11.0,,regular,960.0,RULE+TAPE,11 missing minutes,False
20110616,3,REG,pre2014,120.0,960.0,323.0,,regular,960.0,RULE+TAPE,323 missing minutes,False
20110617,4,REG,pre2014,120.0,960.0,6.0,,regular,960.0,RULE+TAPE,6 missing minutes,False
20110620,0,REG,pre2014,120.0,960.0,9.0,,regular,960.0,RULE+TAPE,9 missing minutes,False
20110621,1,REG,pre2014,120.0,960.0,4.0,,regular,960.0,RULE+TAPE,4 missing minutes,False
20110622,2,REG,pre2014,120.0,960.0,6.0,,regular,960.0,RULE+TAPE,6 missing minutes,False
20110623,3,REG,pre2014,120.0,960.0,6.0,,regular,960.0,RULE+TAPE,6 missing minutes,False
20110624,4,REG,pre2014,120.0,960.0,2.0,,regular,960.0,RULE+TAPE,2 missing minutes,False
20110627,0,REG,pre2014,120.0,960.0,2.0,,regular,960.0,RULE+TAPE,2 missing minutes,False
20110628,1,REG,pre2014,120.0,960.0,1.0,,regular,960.0,RULE+TAPE,1 missing minutes,False
20110629,2,REG,pre2014,120.0,960.0,5.0,,regular,960.0,RULE+TAPE,5 missing minutes,False
20110630,3,REG,pre2014,120.0,960.0,12.0,,regular,960.0,RULE+TAPE,12 missing minutes,False
20110701,4,REG,pre2014,120.0,960.0,8.0,,regular,960.0,RULE+TAPE,8 missing minutes,False
20110704,0,HOL,pre2014,120.0,690.0,37.0,,short,690.0,RULE+TAPE,37 missing minutes before close,False
20110705,1,REG,pre2014,120.0,960.0,6.0,,regular,960.0,RULE+TAPE,6 missing minutes,False
20110706,2,REG,pre2014,120.0,960.0,3.0,,regular,960.0,RULE+TAPE,3 missing minutes,False
20110707,3,REG,pre2014,120.0,960.0,8.0,,regular,960.0,RULE+TAPE,8 missing minutes,False
20110708,4,REG,pre2014,120.0,960.0,5.0,,regular,960.0,RULE+TAPE,5 missing minutes,False
20110711,0,REG,pre2014,120.0,960.0,4.0,,regular,960.0,RULE+TAPE,4 missing minutes,False
20110712,1,REG,pre2014,120.0,960.0,0.0,,regular,960.0,RULE+TAPE,,True
20110713,2,REG,pre2014,120.0,960.0,2.0,,regular,960.0,RULE+TAPE,2 missing minutes,False
20110714,3,REG,pre2014,120.0,960.0,1.0,,regular,960.0,RULE+TAPE,1 missing minutes,False
20110715,4,REG,pre2014,120.0,960.0,6.0,,regular,960.0,RULE+TAPE,6 missing minutes,False
20110718,0,REG,pre2014,120.0,960.0,3.0,,regular,960.0,RULE+TAPE,3 missing minutes,False
20110719,1,REG,pre2014,120.0,960.0,6.0,,regular,960.0,RULE+TAPE,6 missing minutes,False
20110720,2,REG,pre2014,120.0,960.0,5.0,,regular,960.0,RULE+TAPE,5 missing minutes,False
20110721,3,REG,pre2014,120.0,960.0,3.0,,regular,960.0,RULE+TAPE,3 missing minutes,False
20110722,4,REG,pre2014,120.0,960.0,6.0,,regular,960.0,RULE+TAPE,6 missing minutes,False
20110725,0,REG,pre2014,120.0,960.0,1.0,,regular,960.0,RULE+TAPE,1 missing minutes,False
20110726,1,REG,pre2014,120.0,960.0,7.0,,regular,960.0,RULE+TAPE,7 missing minutes,False
20110727,2,REG,pre2014,120.0,960.0,14.0,,regular,960.0,RULE+TAPE,14 missing minutes,False
20110728,3,REG,pre2014,120.0,960.0,3.0,,regular,960.0,RULE+TAPE,3 missing minutes,False
20110729,4,REG,pre2014,120.0,960.0,2.0,,regular,960.0,RULE+TAPE,2 missing minutes,False
20110801,0,REG,pre2014,120.0,960.0,1.0,,regular,960.0,RULE+TAPE,1 missing minutes,False
20110802,1,REG,pre2014,120.0,960.0,1.0,,regular,960.0,RULE+TAPE,1 missing minutes,False
20110803,2,REG,pre2014,120.0,960.0,1.0,,regular,960.0,RULE+TAPE,1 missing minutes,False
20110804,3,REG,pre2014,120.0,960.0,0.0,,regular,960.0,RULE+TAPE,,True
20110805,4,REG,pre2014,120.0,960.0,0.0,,regular,960.0,RULE+TAPE,,True
20110808,0,REG,pre2014,120.0,960.0,0.0,,regular,960.0,RULE+TAPE,,True
20110809,1,REG,pre2014,120.0,960.0,0.0,,regular,960.0,RULE+TAPE,,True
20110810,2,REG,pre2014,120.0,960.0,1.0,,regular,960.0,RULE+TAPE,1 missing minutes,False
20110811,3,REG,pre2014,120.0,960.0,0.0,,regular,960.0,RULE+TAPE,,True
20110812,4,REG,pre2014,120.0,960.0,0.0,,regular,960.0,RULE+TAPE,,True
20110815,0,REG,pre2014,120.0,960.0,7.0,,regular,960.0,RULE+TAPE,7 missing minutes,False
20110816,1,REG,pre2014,120.0,960.0,1.0,,regular,960.0,RULE+TAPE,1 missing minutes,False
20110817,2,REG,pre2014,120.0,960.0,3.0,,regular,960.0,RULE+TAPE,3 missing minutes,False
20110818,3,REG,pre2014,120.0,960.0,2.0,,regular,960.0,RULE+TAPE,2 missing minutes,False
20110819,4,REG,pre2014,120.0,960.0,0.0,,regular,960.0,RULE+TAPE,,True
20110822,0,REG,pre2014,120.0,960.0,2.0,,regular,960.0,RULE+TAPE,2 missing minutes,False
20110823,1,REG,pre2014,120.0,960.0,1.0,,regular,960.0,RULE+TAPE,1 missing minutes,False
20110824,2,REG,pre2014,120.0,960.0,6.0,,regular,960.0,RULE+TAPE,6 missing minutes,False
20110825,3,REG,pre2014,120.0,960.0,0.0,,regular,960.0,RULE+TAPE,,True
20110826,4,REG,pre2014,120.0,960.0,5.0,,regular,960.0,RULE+TAPE,5 missing minutes,False
20110829,0,REG,pre2014,120.0,960.0,14.0,,regular,960.0,RULE+TAPE,14 missing minutes,False
20110830,1,REG,pre2014,120.0,960.0,2.0,,regular,960.0,RULE+TAPE,2 missing minutes,False
20110831,2,REG,pre2014,120.0,960.0,4.0,,regular,960.0,RULE+TAPE,4 missing minutes,False
20110901,3,REG,pre2014,120.0,960.0,0.0,,regular,960.0,RULE+TAPE,,True
20110902,4,REG,pre2014,120.0,960.0,5.0,,regular,960.0,RULE+TAPE,5 missing minutes,False
20110905,0,HOL,pre2014,120.0,690.0,4.0,,short,690.0,RULE+TAPE,4 missing minutes before close,False
20110906,1,REG,pre2014,120.0,960.0,1.0,,regular,960.0,RULE+TAPE,1 missing minutes,False
20110907,2,REG,pre2014,120.0,960.0,0.0,,regular,960.0,RULE+TAPE,,True
20110908,3,REG,pre2014,124.0,960.0,270.0,,regular,960.0,RULE+TAPE,270 missing minutes,False
20110909,4,REG,pre2014,120.0,960.0,4.0,,regular,960.0,RULE+TAPE,4 missing minutes,False
20110912,0,REG,pre2014,120.0,960.0,3.0,,regular,960.0,RULE+TAPE,3 missing minutes,False
20110913,1,REG,pre2014,120.0,960.0,1.0,,regular,960.0,RULE+TAPE,1 missing minutes,False
20110914,2,REG,pre2014,120.0,960.0,2.0,,regular,960.0,RULE+TAPE,2 missing minutes,False
20110915,3,REG,pre2014,120.0,960.0,3.0,,regular,960.0,RULE+TAPE,3 missing minutes,False
20110916,4,REG,pre2014,120.0,960.0,1.0,,regular,960.0,RULE+TAPE,1 missing minutes,False
20110919,0,REG,pre2014,120.0,960.0,1.0,,regular,960.0,RULE+TAPE,1 missing minutes,False
20110920,1,REG,pre2014,120.0,960.0,0.0,,regular,960.0,RULE+TAPE,,True
20110921,2,REG,pre2014,120.0,960.0,4.0,,regular,960.0,RULE+TAPE,4 missing minutes,False
20110922,3,REG,pre2014,120.0,960.0,0.0,,regular,960.0,RULE+TAPE,,True
20110923,4,REG,pre2014,120.0,960.0,0.0,,regular,960.0,RULE+TAPE,,True
20110926,0,REG,pre2014,120.0,960.0,0.0,,regular,960.0,RULE+TAPE,,True
20110927,1,REG,pre2014,120.0,960.0,0.0,,regular,960.0,RULE+TAPE,,True
20110928,2,REG,pre2014,120.0,960.0,0.0,,regular,960.0,RULE+TAPE,,True
20110929,3,REG,pre2014,120.0,960.0,0.0,,regular,960.0,RULE+TAPE,,True
20110930,4,REG,pre2014,120.0,960.0,0.0,,regular,960.0,RULE+TAPE,,True
20111003,0,REG,pre2014,120.0,960.0,0.0,,regular,960.0,RULE+TAPE,,True
20111004,1,REG,pre2014,120.0,960.0,0.0,,regular,960.0,RULE+TAPE,,True
20111005,2,REG,pre2014,120.0,960.0,0.0,,regular,960.0,RULE+TAPE,,True
20111006,3,REG,pre2014,120.0,960.0,0.0,,regular,960.0,RULE+TAPE,,True
20111007,4,REG,pre2014,120.0,960.0,1.0,,regular,960.0,RULE+TAPE,1 missing minutes,False
20111010,0,REG,pre2014,120.0,960.0,0.0,,regular,960.0,RULE+TAPE,,True
20111011,1,REG,pre2014,120.0,960.0,3.0,,regular,960.0,RULE+TAPE,3 missing minutes,False
20111012,2,REG,pre2014,120.0,960.0,0.0,,regular,960.0,RULE+TAPE,,True
20111013,3,REG,pre2014,120.0,960.0,0.0,,regular,960.0,RULE+TAPE,,True
20111014,4,REG,pre2014,120.0,960.0,0.0,,regular,960.0,RULE+TAPE,,True
20111017,0,REG,pre2014,120.0,960.0,0.0,,regular,960.0,RULE+TAPE,,True
20111018,1,REG,pre2014,120.0,960.0,0.0,,regular,960.0,RULE+TAPE,,True
20111019,2,REG,pre2014,120.0,960.0,0.0,,regular,960.0,RULE+TAPE,,True
20111020,3,REG,pre2014,120.0,960.0,1.0,,regular,960.0,RULE+TAPE,1 missing minutes,False
20111021,4,REG,pre2014,120.0,960.0,4.0,,regular,960.0,RULE+TAPE,4 missing minutes,False
20111024,0,REG,pre2014,120.0,960.0,1.0,,regular,960.0,RULE+TAPE,1 missing minutes,False
20111025,1,REG,pre2014,120.0,960.0,2.0,,regular,960.0,RULE+TAPE,2 missing minutes,False
20111026,2,REG,pre2014,120.0,960.0,0.0,,regular,960.0,RULE+TAPE,,True
20111027,3,REG,pre2014,120.0,960.0,0.0,,regular,960.0,RULE+TAPE,,True
20111028,4,REG,pre2014,120.0,960.0,0.0,,regular,960.0,RULE+TAPE,,True
20111031,0,REG,pre2014,120.0,960.0,5.0,,regular,960.0,RULE+TAPE,5 missing minutes,False
20111101,1,REG,pre2014,120.0,960.0,3.0,,regular,960.0,RULE+TAPE,3 missing minutes,False
20111102,2,REG,pre2014,120.0,960.0,1.0,,regular,960.0,RULE+TAPE,1 missing minutes,False
20111103,3,REG,pre2014,120.0,960.0,5.0,,regular,960.0,RULE+TAPE,5 missing minutes,False
20111104,4,REG,pre2014,120.0,960.0,11.0,,regular,960.0,RULE+TAPE,11 missing minutes,False
20111107,0,REG,pre2014,120.0,960.0,2.0,,regular,960.0,RULE+TAPE,2 missing minutes,False
20111108,1,REG,pre2014,120.0,960.0,1.0,,regular,960.0,RULE+TAPE,1 missing minutes,False
20111109,2,REG,pre2014,120.0,960.0,1.0,,regular,960.0,RULE+TAPE,1 missing minutes,False
20111110,3,REG,pre2014,120.0,960.0,2.0,,regular,960.0,RULE+TAPE,2 missing minutes,False
20111111,4,REG,pre2014,120.0,960.0,1.0,,regular,960.0,RULE+TAPE,1 missing minutes,False
20111114,0,REG,pre2014,120.0,960.0,5.0,,regular,960.0,RULE+TAPE,5 missing minutes,False
20111115,1,REG,pre2014,120.0,960.0,2.0,,regular,960.0,RULE+TAPE,2 missing minutes,False
20111116,2,REG,pre2014,120.0,960.0,0.0,,regular,960.0,RULE+TAPE,,True
20111117,3,REG,pre2014,120.0,960.0,1.0,,regular,960.0,RULE+TAPE,1 missing minutes,False
20111118,4,REG,pre2014,120.0,960.0,0.0,,regular,960.0,RULE+TAPE,,True
20111121,0,REG,pre2014,120.0,960.0,0.0,,regular,960.0,RULE+TAPE,,True
20111122,1,REG,pre2014,120.0,960.0,0.0,,regular,960.0,RULE+TAPE,,True
20111123,2,REG,pre2014,120.0,960.0,3.0,,regular,960.0,RULE+TAPE,3 missing minutes,False
20111124,3,HOL,pre2014,120.0,690.0,4.0,,short,690.0,RULE+TAPE,4 missing minutes before close,False
20111125,4,EVE,pre2014,120.0,795.0,7.0,,short,795.0,RULE+TAPE,7 missing minutes before close,False
20111128,0,REG,pre2014,120.0,960.0,0.0,,regular,960.0,RULE+TAPE,,True
20111129,1,REG,pre2014,120.0,960.0,0.0,,regular,960.0,RULE+TAPE,,True
20111130,2,REG,pre2014,120.0,960.0,0.0,,regular,960.0,RULE+TAPE,,True
20111201,3,REG,pre2014,120.0,960.0,2.0,,regular,960.0,RULE+TAPE,2 missing minutes,False
20111202,4,REG,pre2014,120.0,960.0,7.0,,regular,960.0,RULE+TAPE,7 missing minutes,False
20111205,0,REG,pre2014,120.0,960.0,9.0,,regular,960.0,RULE+TAPE,9 missing minutes,False
20111206,1,REG,pre2014,120.0,960.0,0.0,,regular,960.0,RULE+TAPE,,True
20111207,2,REG,pre2014,120.0,960.0,0.0,,regular,960.0,RULE+TAPE,,True
20111208,3,REG,pre2014,128.0,960.0,126.0,,regular,960.0,RULE+TAPE,126 missing minutes,False
20111209,4,REG,pre2014,120.0,960.0,4.0,,regular,960.0,RULE+TAPE,4 missing minutes,False
20111212,0,REG,pre2014,120.0,960.0,1.0,,regular,960.0,RULE+TAPE,1 missing minutes,False
20111213,1,REG,pre2014,120.0,960.0,4.0,,regular,960.0,RULE+TAPE,4 missing minutes,False
20111214,2,REG,pre2014,120.0,960.0,2.0,,regular,960.0,RULE+TAPE,2 missing minutes,False
20111215,3,REG,pre2014,120.0,960.0,1.0,,regular,960.0,RULE+TAPE,1 missing minutes,False
20111216,4,REG,pre2014,120.0,960.0,5.0,,regular,960.0,RULE+TAPE,5 missing minutes,False
20111219,0,REG,pre2014,120.0,960.0,2.0,,regular,960.0,RULE+TAPE,2 missing minutes,False
20111220,1,REG,pre2014,120.0,960.0,2.0,,regular,960.0,RULE+TAPE,2 missing minutes,False
20111221,2,REG,pre2014,120.0,960.0,4.0,,regular,960.0,RULE+TAPE,4 missing minutes,False
20111222,3,REG,pre2014,120.0,960.0,9.0,,regular,960.0,RULE+TAPE,9 missing minutes,False
20111223,4,REG,pre2014,120.0,960.0,19.0,,regular,960.0,RULE+TAPE,19 missing minutes,False
20111226,0,XMAS,pre2014,,,,,closed,,RULE+TAPE,,False
20111227,1,REG,pre2014,360.0,960.0,245.0,,regular,960.0,RULE+TAPE,245 missing minutes,False
20111228,2,REG,pre2014,120.0,960.0,32.0,,regular,960.0,RULE+TAPE,32 missing minutes,False
20111229,3,REG,pre2014,120.0,960.0,21.0,,regular,960.0,RULE+TAPE,21 missing minutes,False
20111230,4,REG,pre2014,120.0,960.0,26.0,,regular,960.0,RULE+TAPE,26 missing minutes,False
20120102,0,NEWYEAR,pre2014,,,,,closed,,RULE+TAPE,,False
20120103,1,REG,pre2014,360.0,960.0,240.0,,regular,960.0,RULE+TAPE,240 missing minutes,False
20120104,2,REG,pre2014,120.0,960.0,14.0,,regular,960.0,RULE+TAPE,14 missing minutes,False
20120105,3,REG,pre2014,120.0,960.0,11.0,,regular,960.0,RULE+TAPE,11 missing minutes,False
20120106,4,REG,pre2014,120.0,960.0,9.0,,regular,960.0,RULE+TAPE,9 missing minutes,False
20120109,0,REG,pre2014,120.0,960.0,7.0,,regular,960.0,RULE+TAPE,7 missing minutes,False
20120110,1,REG,pre2014,120.0,960.0,6.0,,regular,960.0,RULE+TAPE,6 missing minutes,False
20120111,2,REG,pre2014,120.0,960.0,16.0,,regular,960.0,RULE+TAPE,16 missing minutes,False
20120112,3,REG,pre2014,120.0,960.0,19.0,,regular,960.0,RULE+TAPE,19 missing minutes,False
20120113,4,REG,pre2014,120.0,960.0,8.0,,regular,960.0,RULE+TAPE,8 missing minutes,False
20120116,0,HOL,pre2014,120.0,690.0,23.0,,short,690.0,RULE+TAPE,23 missing minutes before close,False
20120117,1,REG,pre2014,120.0,960.0,4.0,,regular,960.0,RULE+TAPE,4 missing minutes,False
20120118,2,REG,pre2014,120.0,960.0,8.0,,regular,960.0,RULE+TAPE,8 missing minutes,False
20120119,3,REG,pre2014,120.0,960.0,3.0,,regular,960.0,RULE+TAPE,3 missing minutes,False
20120120,4,REG,pre2014,120.0,960.0,12.0,,regular,960.0,RULE+TAPE,12 missing minutes,False
20120123,0,REG,pre2014,120.0,960.0,19.0,,regular,960.0,RULE+TAPE,19 missing minutes,False
20120124,1,REG,pre2014,120.0,960.0,5.0,,regular,960.0,RULE+TAPE,5 missing minutes,False
20120125,2,REG,pre2014,120.0,960.0,7.0,,regular,960.0,RULE+TAPE,7 missing minutes,False
20120126,3,REG,pre2014,120.0,960.0,6.0,,regular,960.0,RULE+TAPE,6 missing minutes,False
20120127,4,REG,pre2014,120.0,960.0,2.0,,regular,960.0,RULE+TAPE,2 missing minutes,False
20120130,0,REG,pre2014,120.0,960.0,69.0,,regular,960.0,RULE+TAPE,69 missing minutes,False
20120131,1,REG,pre2014,120.0,960.0,8.0,,regular,960.0,RULE+TAPE,8 missing minutes,False
20120201,2,REG,pre2014,120.0,960.0,4.0,,regular,960.0,RULE+TAPE,4 missing minutes,False
20120202,3,REG,pre2014,120.0,960.0,8.0,,regular,960.0,RULE+TAPE,8 missing minutes,False
20120203,4,REG,pre2014,120.0,960.0,18.0,,regular,960.0,RULE+TAPE,18 missing minutes,False
20120206,0,REG,pre2014,120.0,960.0,6.0,,regular,960.0,RULE+TAPE,6 missing minutes,False
20120207,1,REG,pre2014,120.0,960.0,10.0,,regular,960.0,RULE+TAPE,10 missing minutes,False
20120208,2,REG,pre2014,120.0,960.0,15.0,,regular,960.0,RULE+TAPE,15 missing minutes,False
20120209,3,REG,pre2014,120.0,960.0,7.0,,regular,960.0,RULE+TAPE,7 missing minutes,False
20120210,4,REG,pre2014,120.0,960.0,5.0,,regular,960.0,RULE+TAPE,5 missing minutes,False
20120213,0,REG,pre2014,120.0,960.0,10.0,,regular,960.0,RULE+TAPE,10 missing minutes,False
20120214,1,REG,pre2014,120.0,960.0,13.0,,regular,960.0,RULE+TAPE,13 missing minutes,False
20120215,2,REG,pre2014,120.0,960.0,4.0,,regular,960.0,RULE+TAPE,4 missing minutes,False
20120216,3,REG,pre2014,120.0,960.0,4.0,,regular,960.0,RULE+TAPE,4 missing minutes,False
20120217,4,REG,pre2014,120.0,960.0,4.0,,regular,960.0,RULE+TAPE,4 missing minutes,False
20120220,0,HOL,pre2014,120.0,690.0,26.0,,short,690.0,RULE+TAPE,26 missing minutes before close,False
20120221,1,REG,pre2014,120.0,960.0,12.0,,regular,960.0,RULE+TAPE,12 missing minutes,False
20120222,2,REG,pre2014,120.0,960.0,4.0,,regular,960.0,RULE+TAPE,4 missing minutes,False
20120223,3,REG,pre2014,120.0,960.0,14.0,,regular,960.0,RULE+TAPE,14 missing minutes,False
20120224,4,REG,pre2014,120.0,960.0,12.0,,regular,960.0,RULE+TAPE,12 missing minutes,False
20120227,0,REG,pre2014,120.0,960.0,6.0,,regular,960.0,RULE+TAPE,6 missing minutes,False
20120228,1,REG,pre2014,120.0,960.0,12.0,,regular,960.0,RULE+TAPE,12 missing minutes,False
20120229,2,REG,pre2014,120.0,960.0,11.0,,regular,960.0,RULE+TAPE,11 missing minutes,False
20120301,3,REG,pre2014,120.0,960.0,3.0,,regular,960.0,RULE+TAPE,3 missing minutes,False
20120302,4,REG,pre2014,120.0,960.0,17.0,,regular,960.0,RULE+TAPE,17 missing minutes,False
20120305,0,REG,pre2014,120.0,960.0,3.0,,regular,960.0,RULE+TAPE,3 missing minutes,False
20120306,1,REG,pre2014,120.0,960.0,2.0,,regular,960.0,RULE+TAPE,2 missing minutes,False
20120307,2,REG,pre2014,120.0,960.0,7.0,,regular,960.0,RULE+TAPE,7 missing minutes,False
20120308,3,REG,pre2014,120.0,960.0,136.0,,regular,960.0,RULE+TAPE,136 missing minutes,False
20120309,4,REG,pre2014,120.0,960.0,44.0,,regular,960.0,RULE+TAPE,44 missing minutes,False
20120312,0,REG,pre2014,120.0,960.0,40.0,,regular,960.0,RULE+TAPE,40 missing minutes,False
20120313,1,REG,pre2014,120.0,960.0,31.0,,regular,960.0,RULE+TAPE,31 missing minutes,False
20120314,2,REG,pre2014,120.0,960.0,12.0,,regular,960.0,RULE+TAPE,12 missing minutes,False
20120315,3,REG,pre2014,120.0,960.0,18.0,,regular,960.0,RULE+TAPE,18 missing minutes,False
20120316,4,REG,pre2014,120.0,960.0,49.0,,regular,960.0,RULE+TAPE,49 missing minutes,False
20120319,0,REG,pre2014,121.0,960.0,33.0,,regular,960.0,RULE+TAPE,33 missing minutes,False
20120320,1,REG,pre2014,121.0,960.0,33.0,,regular,960.0,RULE+TAPE,33 missing minutes,False
20120321,2,REG,pre2014,587.0,960.0,467.0,,regular,960.0,RULE+TAPE,467 missing minutes,False
20120322,3,REG,pre2014,124.0,960.0,26.0,,regular,960.0,RULE+TAPE,26 missing minutes,False
20120323,4,REG,pre2014,120.0,960.0,12.0,,regular,960.0,RULE+TAPE,12 missing minutes,False
20120326,0,REG,pre2014,120.0,960.0,6.0,,regular,960.0,RULE+TAPE,6 missing minutes,False
20120327,1,REG,pre2014,120.0,960.0,9.0,,regular,960.0,RULE+TAPE,9 missing minutes,False
20120328,2,REG,pre2014,120.0,960.0,6.0,,regular,960.0,RULE+TAPE,6 missing minutes,False
20120329,3,REG,pre2014,120.0,960.0,5.0,,regular,960.0,RULE+TAPE,5 missing minutes,False
20120330,4,REG,pre2014,120.0,960.0,6.0,,regular,960.0,RULE+TAPE,6 missing minutes,False
20120402,0,REG,pre2014,120.0,960.0,7.0,,regular,960.0,RULE+TAPE,7 missing minutes,False
20120403,1,REG,pre2014,120.0,960.0,5.0,,regular,960.0,RULE+TAPE,5 missing minutes,False
20120404,2,REG,pre2014,120.0,960.0,5.0,,regular,960.0,RULE+TAPE,5 missing minutes,False
20120405,3,REG,pre2014,120.0,960.0,2.0,,regular,960.0,RULE+TAPE,2 missing minutes,False
20120406,4,GOODFRI,pre2014,120.0,555.0,221.0,,short,555.0,TAPE_ONLY,GOODFRI with abbreviated session on tape (e.g. Good Friday NFP),False
20120409,0,REG,pre2014,120.0,960.0,117.0,,regular,960.0,RULE+TAPE,117 missing minutes,False
20120410,1,REG,pre2014,120.0,960.0,4.0,,regular,960.0,RULE+TAPE,4 missing minutes,False
20120411,2,REG,pre2014,120.0,960.0,3.0,,regular,960.0,RULE+TAPE,3 missing minutes,False
20120412,3,REG,pre2014,120.0,960.0,2.0,,regular,960.0,RULE+TAPE,2 missing minutes,False
20120413,4,REG,pre2014,120.0,960.0,0.0,,regular,960.0,RULE+TAPE,,True
20120416,0,REG,pre2014,120.0,960.0,2.0,,regular,960.0,RULE+TAPE,2 missing minutes,False
20120417,1,REG,pre2014,120.0,960.0,3.0,,regular,960.0,RULE+TAPE,3 missing minutes,False
20120418,2,REG,pre2014,120.0,960.0,4.0,,regular,960.0,RULE+TAPE,4 missing minutes,False
20120419,3,REG,pre2014,120.0,960.0,6.0,,regular,960.0,RULE+TAPE,6 missing minutes,False
20120420,4,REG,pre2014,120.0,960.0,6.0,,regular,960.0,RULE+TAPE,6 missing minutes,False
20120423,0,REG,pre2014,120.0,960.0,6.0,,regular,960.0,RULE+TAPE,6 missing minutes,False
20120424,1,REG,pre2014,120.0,960.0,3.0,,regular,960.0,RULE+TAPE,3 missing minutes,False
20120425,2,REG,pre2014,120.0,960.0,1.0,,regular,960.0,RULE+TAPE,1 missing minutes,False
20120426,3,REG,pre2014,120.0,960.0,7.0,,regular,960.0,RULE+TAPE,7 missing minutes,False
20120427,4,REG,pre2014,120.0,960.0,4.0,,regular,960.0,RULE+TAPE,4 missing minutes,False
20120430,0,REG,pre2014,120.0,960.0,11.0,,regular,960.0,RULE+TAPE,11 missing minutes,False
20120501,1,REG,pre2014,120.0,960.0,65.0,,regular,960.0,RULE+TAPE,65 missing minutes,False
20120502,2,REG,pre2014,120.0,960.0,2.0,,regular,960.0,RULE+TAPE,2 missing minutes,False
20120503,3,REG,pre2014,120.0,960.0,18.0,,regular,960.0,RULE+TAPE,18 missing minutes,False
20120504,4,REG,pre2014,120.0,960.0,5.0,,regular,960.0,RULE+TAPE,5 missing minutes,False
20120507,0,REG,pre2014,120.0,960.0,0.0,,regular,960.0,RULE+TAPE,,True
20120508,1,REG,pre2014,120.0,960.0,0.0,,regular,960.0,RULE+TAPE,,True
20120509,2,REG,pre2014,120.0,960.0,3.0,,regular,960.0,RULE+TAPE,3 missing minutes,False
20120510,3,REG,pre2014,120.0,960.0,0.0,,regular,960.0,RULE+TAPE,,True
20120511,4,REG,pre2014,120.0,960.0,2.0,,regular,960.0,RULE+TAPE,2 missing minutes,False
20120514,0,REG,pre2014,120.0,960.0,6.0,,regular,960.0,RULE+TAPE,6 missing minutes,False
20120515,1,REG,pre2014,120.0,960.0,2.0,,regular,960.0,RULE+TAPE,2 missing minutes,False
20120516,2,REG,pre2014,120.0,960.0,0.0,,regular,960.0,RULE+TAPE,,True
20120517,3,REG,pre2014,120.0,960.0,4.0,,regular,960.0,RULE+TAPE,4 missing minutes,False
20120518,4,REG,pre2014,120.0,960.0,0.0,,regular,960.0,RULE+TAPE,,True
20120521,0,REG,pre2014,120.0,960.0,1.0,,regular,960.0,RULE+TAPE,1 missing minutes,False
20120522,1,REG,pre2014,120.0,960.0,2.0,,regular,960.0,RULE+TAPE,2 missing minutes,False
20120523,2,REG,pre2014,120.0,960.0,0.0,,regular,960.0,RULE+TAPE,,True
20120524,3,REG,pre2014,120.0,960.0,1.0,,regular,960.0,RULE+TAPE,1 missing minutes,False
20120525,4,REG,pre2014,120.0,960.0,3.0,,regular,960.0,RULE+TAPE,3 missing minutes,False
20120528,0,HOL,pre2014,120.0,690.0,26.0,,short,690.0,RULE+TAPE,26 missing minutes before close,False
20120529,1,REG,pre2014,120.0,960.0,1.0,,regular,960.0,RULE+TAPE,1 missing minutes,False
20120530,2,REG,pre2014,120.0,960.0,4.0,,regular,960.0,RULE+TAPE,4 missing minutes,False
20120531,3,REG,pre2014,120.0,960.0,4.0,,regular,960.0,RULE+TAPE,4 missing minutes,False
20120601,4,REG,pre2014,120.0,960.0,1.0,,regular,960.0,RULE+TAPE,1 missing minutes,False
20120604,0,REG,pre2014,120.0,960.0,4.0,,regular,960.0,RULE+TAPE,4 missing minutes,False
20120605,1,REG,pre2014,120.0,960.0,0.0,,regular,960.0,RULE+TAPE,,True
20120606,2,REG,pre2014,120.0,960.0,1.0,,regular,960.0,RULE+TAPE,1 missing minutes,False
20120607,3,REG,pre2014,120.0,960.0,190.0,,regular,960.0,RULE+TAPE,190 missing minutes,False
20120608,4,REG,pre2014,120.0,960.0,7.0,,regular,960.0,RULE+TAPE,7 missing minutes,False
20120611,0,REG,pre2014,120.0,960.0,1.0,,regular,960.0,RULE+TAPE,1 missing minutes,False
20120612,1,REG,pre2014,120.0,960.0,9.0,,regular,960.0,RULE+TAPE,9 missing minutes,False
20120613,2,REG,pre2014,120.0,960.0,7.0,,regular,960.0,RULE+TAPE,7 missing minutes,False
20120614,3,REG,pre2014,120.0,960.0,1.0,,regular,960.0,RULE+TAPE,1 missing minutes,False
20120615,4,REG,pre2014,120.0,960.0,1.0,,regular,960.0,RULE+TAPE,1 missing minutes,False
20120618,0,REG,pre2014,120.0,960.0,0.0,,regular,960.0,RULE+TAPE,,True
20120619,1,REG,pre2014,120.0,960.0,3.0,,regular,960.0,RULE+TAPE,3 missing minutes,False
20120620,2,REG,pre2014,120.0,960.0,6.0,,regular,960.0,RULE+TAPE,6 missing minutes,False
20120621,3,REG,pre2014,120.0,960.0,6.0,,regular,960.0,RULE+TAPE,6 missing minutes,False
20120622,4,REG,pre2014,120.0,960.0,3.0,,regular,960.0,RULE+TAPE,3 missing minutes,False
20120625,0,REG,pre2014,120.0,960.0,3.0,,regular,960.0,RULE+TAPE,3 missing minutes,False
20120626,1,REG,pre2014,120.0,960.0,7.0,,regular,960.0,RULE+TAPE,7 missing minutes,False
20120627,2,REG,pre2014,120.0,960.0,12.0,,regular,960.0,RULE+TAPE,12 missing minutes,False
20120628,3,REG,pre2014,120.0,960.0,8.0,,regular,960.0,RULE+TAPE,8 missing minutes,False
20120629,4,REG,pre2014,120.0,960.0,0.0,,regular,960.0,RULE+TAPE,,True
20120702,0,REG,pre2014,120.0,960.0,12.0,,regular,960.0,RULE+TAPE,12 missing minutes,False
20120703,1,EVE,pre2014,120.0,795.0,10.0,,short,795.0,RULE+TAPE,10 missing minutes before close,False
20120704,2,HOL,pre2014,120.0,690.0,29.0,,short,690.0,RULE+TAPE,29 missing minutes before close,False
20120705,3,REG,pre2014,120.0,960.0,17.0,,regular,960.0,RULE+TAPE,17 missing minutes,False
20120706,4,REG,pre2014,120.0,960.0,7.0,,regular,960.0,RULE+TAPE,7 missing minutes,False
20120709,0,REG,pre2014,120.0,960.0,7.0,,regular,960.0,RULE+TAPE,7 missing minutes,False
20120710,1,REG,pre2014,120.0,960.0,8.0,,regular,960.0,RULE+TAPE,8 missing minutes,False
20120711,2,REG,pre2014,120.0,960.0,9.0,,regular,960.0,RULE+TAPE,9 missing minutes,False
20120712,3,REG,pre2014,120.0,960.0,5.0,,regular,960.0,RULE+TAPE,5 missing minutes,False
20120713,4,REG,pre2014,120.0,960.0,8.0,,regular,960.0,RULE+TAPE,8 missing minutes,False
20120716,0,REG,pre2014,120.0,960.0,26.0,,regular,960.0,RULE+TAPE,26 missing minutes,False
20120717,1,REG,pre2014,120.0,960.0,6.0,,regular,960.0,RULE+TAPE,6 missing minutes,False
20120718,2,REG,pre2014,120.0,960.0,8.0,,regular,960.0,RULE+TAPE,8 missing minutes,False
20120719,3,REG,pre2014,120.0,960.0,7.0,,regular,960.0,RULE+TAPE,7 missing minutes,False
20120720,4,REG,pre2014,120.0,960.0,11.0,,regular,960.0,RULE+TAPE,11 missing minutes,False
20120723,0,REG,pre2014,120.0,960.0,1.0,,regular,960.0,RULE+TAPE,1 missing minutes,False
20120724,1,REG,pre2014,120.0,960.0,4.0,,regular,960.0,RULE+TAPE,4 missing minutes,False
20120725,2,REG,pre2014,120.0,960.0,4.0,,regular,960.0,RULE+TAPE,4 missing minutes,False
20120726,3,REG,pre2014,120.0,960.0,2.0,,regular,960.0,RULE+TAPE,2 missing minutes,False
20120727,4,REG,pre2014,120.0,960.0,3.0,,regular,960.0,RULE+TAPE,3 missing minutes,False
20120730,0,REG,pre2014,120.0,960.0,4.0,,regular,960.0,RULE+TAPE,4 missing minutes,False
20120731,1,REG,pre2014,120.0,960.0,5.0,,regular,960.0,RULE+TAPE,5 missing minutes,False
20120801,2,REG,pre2014,120.0,960.0,11.0,,regular,960.0,RULE+TAPE,11 missing minutes,False
20120802,3,REG,pre2014,120.0,960.0,12.0,,regular,960.0,RULE+TAPE,12 missing minutes,False
20120803,4,REG,pre2014,120.0,960.0,3.0,,regular,960.0,RULE+TAPE,3 missing minutes,False
20120806,0,REG,pre2014,120.0,960.0,10.0,,regular,960.0,RULE+TAPE,10 missing minutes,False
20120807,1,REG,pre2014,120.0,960.0,11.0,,regular,960.0,RULE+TAPE,11 missing minutes,False
20120808,2,REG,pre2014,120.0,960.0,7.0,,regular,960.0,RULE+TAPE,7 missing minutes,False
20120809,3,REG,pre2014,120.0,960.0,2.0,,regular,960.0,RULE+TAPE,2 missing minutes,False
20120810,4,REG,pre2014,120.0,960.0,8.0,,regular,960.0,RULE+TAPE,8 missing minutes,False
20120813,0,REG,pre2014,120.0,960.0,18.0,,regular,960.0,RULE+TAPE,18 missing minutes,False
20120814,1,REG,pre2014,120.0,960.0,10.0,,regular,960.0,RULE+TAPE,10 missing minutes,False
20120815,2,REG,pre2014,120.0,960.0,12.0,,regular,960.0,RULE+TAPE,12 missing minutes,False
20120816,3,REG,pre2014,120.0,960.0,15.0,,regular,960.0,RULE+TAPE,15 missing minutes,False
20120817,4,REG,pre2014,120.0,960.0,6.0,,regular,960.0,RULE+TAPE,6 missing minutes,False
20120820,0,REG,pre2014,120.0,960.0,13.0,,regular,960.0,RULE+TAPE,13 missing minutes,False
20120821,1,REG,pre2014,120.0,960.0,18.0,,regular,960.0,RULE+TAPE,18 missing minutes,False
20120822,2,REG,pre2014,120.0,960.0,11.0,,regular,960.0,RULE+TAPE,11 missing minutes,False
20120823,3,REG,pre2014,120.0,960.0,11.0,,regular,960.0,RULE+TAPE,11 missing minutes,False
20120824,4,REG,pre2014,120.0,960.0,9.0,,regular,960.0,RULE+TAPE,9 missing minutes,False
20120827,0,REG,pre2014,120.0,960.0,28.0,,regular,960.0,RULE+TAPE,28 missing minutes,False
20120828,1,REG,pre2014,120.0,960.0,18.0,,regular,960.0,RULE+TAPE,18 missing minutes,False
20120829,2,REG,pre2014,120.0,960.0,21.0,,regular,960.0,RULE+TAPE,21 missing minutes,False
20120830,3,REG,pre2014,120.0,960.0,10.0,,regular,960.0,RULE+TAPE,10 missing minutes,False
20120831,4,REG,pre2014,120.0,960.0,12.0,,regular,960.0,RULE+TAPE,12 missing minutes,False
20120903,0,HOL,pre2014,120.0,690.0,60.0,,short,690.0,RULE+TAPE,60 missing minutes before close,False
20120904,1,REG,pre2014,120.0,960.0,24.0,,regular,960.0,RULE+TAPE,24 missing minutes,False
20120905,2,REG,pre2014,120.0,960.0,8.0,,regular,960.0,RULE+TAPE,8 missing minutes,False
20120906,3,REG,pre2014,120.0,960.0,11.0,,regular,960.0,RULE+TAPE,11 missing minutes,False
20120907,4,REG,pre2014,120.0,960.0,2.0,,regular,960.0,RULE+TAPE,2 missing minutes,False
20120910,0,REG,pre2014,120.0,960.0,23.0,,regular,960.0,RULE+TAPE,23 missing minutes,False
20120911,1,REG,pre2014,120.0,960.0,7.0,,regular,960.0,RULE+TAPE,7 missing minutes,False
20120912,2,REG,pre2014,120.0,960.0,2.0,,regular,960.0,RULE+TAPE,2 missing minutes,False
20120913,3,REG,pre2014,145.0,960.0,196.0,,regular,960.0,RULE+TAPE,196 missing minutes,False
20120914,4,REG,pre2014,120.0,960.0,25.0,,regular,960.0,RULE+TAPE,25 missing minutes,False
20120917,0,REG,pre2014,120.0,960.0,20.0,,regular,960.0,RULE+TAPE,20 missing minutes,False
20120918,1,REG,pre2014,120.0,960.0,15.0,,regular,960.0,RULE+TAPE,15 missing minutes,False
20120919,2,REG,pre2014,120.0,960.0,8.0,,regular,960.0,RULE+TAPE,8 missing minutes,False
20120920,3,REG,pre2014,120.0,960.0,9.0,,regular,960.0,RULE+TAPE,9 missing minutes,False
20120921,4,REG,pre2014,120.0,960.0,7.0,,regular,960.0,RULE+TAPE,7 missing minutes,False
20120924,0,REG,pre2014,120.0,960.0,9.0,,regular,960.0,RULE+TAPE,9 missing minutes,False
20120925,1,REG,pre2014,120.0,960.0,18.0,,regular,960.0,RULE+TAPE,18 missing minutes,False
20120926,2,REG,pre2014,120.0,960.0,9.0,,regular,960.0,RULE+TAPE,9 missing minutes,False
20120927,3,REG,pre2014,120.0,960.0,18.0,,regular,960.0,RULE+TAPE,18 missing minutes,False
20120928,4,REG,pre2014,120.0,960.0,11.0,,regular,960.0,RULE+TAPE,11 missing minutes,False
20121001,0,REG,pre2014,120.0,960.0,5.0,,regular,960.0,RULE+TAPE,5 missing minutes,False
20121002,1,REG,pre2014,120.0,960.0,9.0,,regular,960.0,RULE+TAPE,9 missing minutes,False
20121003,2,REG,pre2014,120.0,960.0,7.0,,regular,960.0,RULE+TAPE,7 missing minutes,False
20121004,3,REG,pre2014,120.0,960.0,9.0,,regular,960.0,RULE+TAPE,9 missing minutes,False
20121005,4,REG,pre2014,120.0,960.0,20.0,,regular,960.0,RULE+TAPE,20 missing minutes,False
20121008,0,REG,pre2014,120.0,960.0,9.0,,regular,960.0,RULE+TAPE,9 missing minutes,False
20121009,1,REG,pre2014,120.0,960.0,14.0,,regular,960.0,RULE+TAPE,14 missing minutes,False
20121010,2,REG,pre2014,120.0,960.0,7.0,,regular,960.0,RULE+TAPE,7 missing minutes,False
20121011,3,REG,pre2014,120.0,960.0,7.0,,regular,960.0,RULE+TAPE,7 missing minutes,False
20121012,4,REG,pre2014,120.0,960.0,5.0,,regular,960.0,RULE+TAPE,5 missing minutes,False
20121015,0,REG,pre2014,120.0,960.0,8.0,,regular,960.0,RULE+TAPE,8 missing minutes,False
20121016,1,REG,pre2014,120.0,960.0,6.0,,regular,960.0,RULE+TAPE,6 missing minutes,False
20121017,2,REG,pre2014,120.0,960.0,3.0,,regular,960.0,RULE+TAPE,3 missing minutes,False
20121018,3,REG,pre2014,120.0,960.0,13.0,,regular,960.0,RULE+TAPE,13 missing minutes,False
20121019,4,REG,pre2014,120.0,960.0,6.0,,regular,960.0,RULE+TAPE,6 missing minutes,False
20121022,0,REG,pre2014,120.0,960.0,7.0,,regular,960.0,RULE+TAPE,7 missing minutes,False
20121023,1,REG,pre2014,120.0,960.0,6.0,,regular,960.0,RULE+TAPE,6 missing minutes,False
20121024,2,REG,pre2014,120.0,960.0,9.0,,regular,960.0,RULE+TAPE,9 missing minutes,False
20121025,3,REG,pre2014,120.0,960.0,5.0,,regular,960.0,RULE+TAPE,5 missing minutes,False
20121026,4,REG,pre2014,120.0,960.0,0.0,,regular,960.0,RULE+TAPE,,True
20121029,0,REG,pre2014,120.0,555.0,15.0,Hurricane Sandy (NYSE closed),special,555.0,TAPE_ONLY,Hurricane Sandy (NYSE closed),False
20121030,1,REG,pre2014,120.0,555.0,13.0,Hurricane Sandy (NYSE closed),special,555.0,TAPE_ONLY,Hurricane Sandy (NYSE closed),False
20121031,2,REG,pre2014,120.0,960.0,18.0,,regular,960.0,RULE+TAPE,18 missing minutes,False
20121101,3,REG,pre2014,120.0,960.0,17.0,,regular,960.0,RULE+TAPE,17 missing minutes,False
20121102,4,REG,pre2014,120.0,960.0,7.0,,regular,960.0,RULE+TAPE,7 missing minutes,False
20121105,0,REG,pre2014,120.0,960.0,12.0,,regular,960.0,RULE+TAPE,12 missing minutes,False
20121106,1,REG,pre2014,120.0,960.0,13.0,,regular,960.0,RULE+TAPE,13 missing minutes,False
20121107,2,REG,pre2014,120.0,960.0,2.0,,regular,960.0,RULE+TAPE,2 missing minutes,False
20121108,3,REG,pre2014,120.0,960.0,2.0,,regular,960.0,RULE+TAPE,2 missing minutes,False
20121109,4,REG,pre2014,120.0,960.0,1.0,,regular,960.0,RULE+TAPE,1 missing minutes,False
20121112,0,REG,pre2014,120.0,960.0,10.0,,regular,960.0,RULE+TAPE,10 missing minutes,False
20121113,1,REG,pre2014,120.0,960.0,2.0,,regular,960.0,RULE+TAPE,2 missing minutes,False
20121114,2,REG,pre2014,120.0,960.0,1.0,,regular,960.0,RULE+TAPE,1 missing minutes,False
20121115,3,REG,pre2014,120.0,960.0,2.0,,regular,960.0,RULE+TAPE,2 missing minutes,False
20121116,4,REG,pre2014,120.0,960.0,8.0,,regular,960.0,RULE+TAPE,8 missing minutes,False
20121119,0,REG,pre2014,120.0,960.0,4.0,,regular,960.0,RULE+TAPE,4 missing minutes,False
20121120,1,REG,pre2014,120.0,960.0,4.0,,regular,960.0,RULE+TAPE,4 missing minutes,False
20121121,2,REG,pre2014,120.0,960.0,1.0,,regular,960.0,RULE+TAPE,1 missing minutes,False
20121122,3,HOL,pre2014,120.0,690.0,63.0,,short,690.0,RULE+TAPE,63 missing minutes before close,False
20121123,4,EVE,pre2014,120.0,795.0,26.0,,short,795.0,RULE+TAPE,26 missing minutes before close,False
20121126,0,REG,pre2014,120.0,960.0,5.0,,regular,960.0,RULE+TAPE,5 missing minutes,False
20121127,1,REG,pre2014,120.0,960.0,8.0,,regular,960.0,RULE+TAPE,8 missing minutes,False
20121128,2,REG,pre2014,120.0,960.0,14.0,,regular,960.0,RULE+TAPE,14 missing minutes,False
20121129,3,REG,pre2014,120.0,960.0,3.0,,regular,960.0,RULE+TAPE,3 missing minutes,False
20121130,4,REG,pre2014,120.0,960.0,7.0,,regular,960.0,RULE+TAPE,7 missing minutes,False
20121203,0,REG,pre2014,120.0,960.0,13.0,,regular,960.0,RULE+TAPE,13 missing minutes,False
20121204,1,REG,pre2014,120.0,960.0,10.0,,regular,960.0,RULE+TAPE,10 missing minutes,False
20121205,2,REG,pre2014,120.0,960.0,4.0,,regular,960.0,RULE+TAPE,4 missing minutes,False
20121206,3,REG,pre2014,120.0,960.0,6.0,,regular,960.0,RULE+TAPE,6 missing minutes,False
20121207,4,REG,pre2014,120.0,960.0,4.0,,regular,960.0,RULE+TAPE,4 missing minutes,False
20121210,0,REG,pre2014,120.0,960.0,5.0,,regular,960.0,RULE+TAPE,5 missing minutes,False
20121211,1,REG,pre2014,120.0,960.0,10.0,,regular,960.0,RULE+TAPE,10 missing minutes,False
20121212,2,REG,pre2014,120.0,960.0,13.0,,regular,960.0,RULE+TAPE,13 missing minutes,False
20121213,3,REG,pre2014,121.0,960.0,173.0,,regular,960.0,RULE+TAPE,173 missing minutes,False
20121214,4,REG,pre2014,120.0,960.0,20.0,,regular,960.0,RULE+TAPE,20 missing minutes,False
20121217,0,REG,pre2014,120.0,960.0,8.0,,regular,960.0,RULE+TAPE,8 missing minutes,False
20121218,1,REG,pre2014,120.0,960.0,7.0,,regular,960.0,RULE+TAPE,7 missing minutes,False
20121219,2,REG,pre2014,120.0,960.0,7.0,,regular,960.0,RULE+TAPE,7 missing minutes,False
20121220,3,REG,pre2014,120.0,960.0,14.0,,regular,960.0,RULE+TAPE,14 missing minutes,False
20121221,4,REG,pre2014,120.0,960.0,3.0,,regular,960.0,RULE+TAPE,3 missing minutes,False
20121224,0,EVE,pre2014,120.0,795.0,35.0,,short,795.0,RULE+TAPE,35 missing minutes before close,False
20121225,1,XMAS,pre2014,,,,,closed,,RULE+TAPE,,False
20121226,2,REG,pre2014,360.0,960.0,257.0,,regular,960.0,RULE+TAPE,257 missing minutes,False
20121227,3,REG,pre2014,120.0,960.0,13.0,,regular,960.0,RULE+TAPE,13 missing minutes,False
20121228,4,REG,pre2014,120.0,960.0,12.0,,regular,960.0,RULE+TAPE,12 missing minutes,False
20121231,0,REG,pre2014,120.0,960.0,58.0,,regular,960.0,RULE+TAPE,58 missing minutes,False
20130101,1,NEWYEAR,pre2014,,,,,closed,,RULE+TAPE,,False
20130102,2,REG,pre2014,360.0,960.0,240.0,,regular,960.0,RULE+TAPE,240 missing minutes,False
20130103,3,REG,pre2014,120.0,960.0,7.0,,regular,960.0,RULE+TAPE,7 missing minutes,False
20130104,4,REG,pre2014,120.0,960.0,10.0,,regular,960.0,RULE+TAPE,10 missing minutes,False
20130107,0,REG,pre2014,120.0,960.0,15.0,,regular,960.0,RULE+TAPE,15 missing minutes,False
20130108,1,REG,pre2014,120.0,960.0,11.0,,regular,960.0,RULE+TAPE,11 missing minutes,False
20130109,2,REG,pre2014,120.0,960.0,12.0,,regular,960.0,RULE+TAPE,12 missing minutes,False
20130110,3,REG,pre2014,120.0,960.0,14.0,,regular,960.0,RULE+TAPE,14 missing minutes,False
20130111,4,REG,pre2014,120.0,960.0,8.0,,regular,960.0,RULE+TAPE,8 missing minutes,False
20130114,0,REG,pre2014,120.0,960.0,5.0,,regular,960.0,RULE+TAPE,5 missing minutes,False
20130115,1,REG,pre2014,120.0,960.0,12.0,,regular,960.0,RULE+TAPE,12 missing minutes,False
20130116,2,REG,pre2014,120.0,960.0,11.0,,regular,960.0,RULE+TAPE,11 missing minutes,False
20130117,3,REG,pre2014,120.0,960.0,10.0,,regular,960.0,RULE+TAPE,10 missing minutes,False
20130118,4,REG,pre2014,120.0,960.0,3.0,,regular,960.0,RULE+TAPE,3 missing minutes,False
20130121,0,HOL,pre2014,120.0,690.0,75.0,,short,690.0,RULE+TAPE,75 missing minutes before close,False
20130122,1,REG,pre2014,120.0,960.0,15.0,,regular,960.0,RULE+TAPE,15 missing minutes,False
20130123,2,REG,pre2014,120.0,960.0,14.0,,regular,960.0,RULE+TAPE,14 missing minutes,False
20130124,3,REG,pre2014,120.0,960.0,4.0,,regular,960.0,RULE+TAPE,4 missing minutes,False
20130125,4,REG,pre2014,120.0,960.0,7.0,,regular,960.0,RULE+TAPE,7 missing minutes,False
20130128,0,REG,pre2014,120.0,960.0,26.0,,regular,960.0,RULE+TAPE,26 missing minutes,False
20130129,1,REG,pre2014,120.0,960.0,16.0,,regular,960.0,RULE+TAPE,16 missing minutes,False
20130130,2,REG,pre2014,120.0,960.0,4.0,,regular,960.0,RULE+TAPE,4 missing minutes,False
20130131,3,REG,pre2014,120.0,960.0,4.0,,regular,960.0,RULE+TAPE,4 missing minutes,False
20130201,4,REG,pre2014,120.0,960.0,9.0,,regular,960.0,RULE+TAPE,9 missing minutes,False
20130204,0,REG,pre2014,120.0,960.0,16.0,,regular,960.0,RULE+TAPE,16 missing minutes,False
20130205,1,REG,pre2014,120.0,960.0,4.0,,regular,960.0,RULE+TAPE,4 missing minutes,False
20130206,2,REG,pre2014,120.0,960.0,2.0,,regular,960.0,RULE+TAPE,2 missing minutes,False
20130207,3,REG,pre2014,120.0,960.0,15.0,,regular,960.0,RULE+TAPE,15 missing minutes,False
20130208,4,REG,pre2014,120.0,960.0,9.0,,regular,960.0,RULE+TAPE,9 missing minutes,False
20130211,0,REG,pre2014,120.0,960.0,22.0,,regular,960.0,RULE+TAPE,22 missing minutes,False
20130212,1,REG,pre2014,120.0,960.0,13.0,,regular,960.0,RULE+TAPE,13 missing minutes,False
20130213,2,REG,pre2014,120.0,960.0,16.0,,regular,960.0,RULE+TAPE,16 missing minutes,False
20130214,3,REG,pre2014,120.0,960.0,12.0,,regular,960.0,RULE+TAPE,12 missing minutes,False
20130215,4,REG,pre2014,120.0,960.0,20.0,,regular,960.0,RULE+TAPE,20 missing minutes,False
20130218,0,HOL,pre2014,120.0,690.0,87.0,,short,690.0,RULE+TAPE,87 missing minutes before close,False
20130219,1,REG,pre2014,120.0,960.0,20.0,,regular,960.0,RULE+TAPE,20 missing minutes,False
20130220,2,REG,pre2014,120.0,960.0,15.0,,regular,960.0,RULE+TAPE,15 missing minutes,False
20130221,3,REG,pre2014,120.0,960.0,9.0,,regular,960.0,RULE+TAPE,9 missing minutes,False
20130222,4,REG,pre2014,120.0,960.0,12.0,,regular,960.0,RULE+TAPE,12 missing minutes,False
20130225,0,REG,pre2014,120.0,960.0,17.0,,regular,960.0,RULE+TAPE,17 missing minutes,False
20130226,1,REG,pre2014,120.0,960.0,4.0,,regular,960.0,RULE+TAPE,4 missing minutes,False
20130227,2,REG,pre2014,120.0,960.0,9.0,,regular,960.0,RULE+TAPE,9 missing minutes,False
20130228,3,REG,pre2014,120.0,960.0,8.0,,regular,960.0,RULE+TAPE,8 missing minutes,False
20130301,4,REG,pre2014,120.0,960.0,3.0,,regular,960.0,RULE+TAPE,3 missing minutes,False
20130304,0,REG,pre2014,120.0,960.0,8.0,,regular,960.0,RULE+TAPE,8 missing minutes,False
20130305,1,REG,pre2014,120.0,960.0,16.0,,regular,960.0,RULE+TAPE,16 missing minutes,False
20130306,2,REG,pre2014,120.0,960.0,11.0,,regular,960.0,RULE+TAPE,11 missing minutes,False
20130307,3,REG,pre2014,122.0,960.0,232.0,,regular,960.0,RULE+TAPE,232 missing minutes,False
20130308,4,REG,pre2014,120.0,960.0,32.0,,regular,960.0,RULE+TAPE,32 missing minutes,False
20130311,0,REG,pre2014,120.0,960.0,48.0,,regular,960.0,RULE+TAPE,48 missing minutes,False
20130312,1,REG,pre2014,120.0,960.0,47.0,,regular,960.0,RULE+TAPE,47 missing minutes,False
20130313,2,REG,pre2014,120.0,960.0,45.0,,regular,960.0,RULE+TAPE,45 missing minutes,False
20130314,3,REG,pre2014,120.0,960.0,52.0,,regular,960.0,RULE+TAPE,52 missing minutes,False
20130315,4,REG,pre2014,120.0,960.0,37.0,,regular,960.0,RULE+TAPE,37 missing minutes,False
20130318,0,REG,pre2014,120.0,960.0,1.0,,regular,960.0,RULE+TAPE,1 missing minutes,False
20130319,1,REG,pre2014,120.0,960.0,21.0,,regular,960.0,RULE+TAPE,21 missing minutes,False
20130320,2,REG,pre2014,120.0,960.0,16.0,,regular,960.0,RULE+TAPE,16 missing minutes,False
20130321,3,REG,pre2014,120.0,960.0,28.0,,regular,960.0,RULE+TAPE,28 missing minutes,False
20130322,4,REG,pre2014,120.0,960.0,13.0,,regular,960.0,RULE+TAPE,13 missing minutes,False
20130325,0,REG,pre2014,120.0,960.0,14.0,,regular,960.0,RULE+TAPE,14 missing minutes,False
20130326,1,REG,pre2014,120.0,960.0,17.0,,regular,960.0,RULE+TAPE,17 missing minutes,False
20130327,2,REG,pre2014,122.0,960.0,32.0,,regular,960.0,RULE+TAPE,32 missing minutes,False
20130328,3,REG,pre2014,120.0,960.0,28.0,,regular,960.0,RULE+TAPE,28 missing minutes,False
20130329,4,GOODFRI,pre2014,,,,,closed,,RULE+TAPE,,False
20130401,0,REG,pre2014,120.0,960.0,133.0,,regular,960.0,RULE+TAPE,133 missing minutes,False
20130402,1,REG,pre2014,120.0,960.0,12.0,,regular,960.0,RULE+TAPE,12 missing minutes,False
20130403,2,REG,pre2014,120.0,960.0,15.0,,regular,960.0,RULE+TAPE,15 missing minutes,False
20130404,3,REG,pre2014,120.0,960.0,9.0,,regular,960.0,RULE+TAPE,9 missing minutes,False
20130405,4,REG,pre2014,120.0,960.0,9.0,,regular,960.0,RULE+TAPE,9 missing minutes,False
20130408,0,REG,pre2014,120.0,960.0,6.0,,regular,960.0,RULE+TAPE,6 missing minutes,False
20130409,1,REG,pre2014,120.0,960.0,14.0,,regular,960.0,RULE+TAPE,14 missing minutes,False
20130410,2,REG,pre2014,120.0,960.0,17.0,,regular,960.0,RULE+TAPE,17 missing minutes,False
20130411,3,REG,pre2014,120.0,960.0,10.0,,regular,960.0,RULE+TAPE,10 missing minutes,False
20130412,4,REG,pre2014,120.0,960.0,11.0,,regular,960.0,RULE+TAPE,11 missing minutes,False
20130415,0,REG,pre2014,120.0,960.0,6.0,,regular,960.0,RULE+TAPE,6 missing minutes,False
20130416,1,REG,pre2014,120.0,960.0,3.0,,regular,960.0,RULE+TAPE,3 missing minutes,False
20130417,2,REG,pre2014,120.0,960.0,8.0,,regular,960.0,RULE+TAPE,8 missing minutes,False
20130418,3,REG,pre2014,120.0,960.0,2.0,,regular,960.0,RULE+TAPE,2 missing minutes,False
20130419,4,REG,pre2014,120.0,960.0,3.0,,regular,960.0,RULE+TAPE,3 missing minutes,False
20130422,0,REG,pre2014,120.0,960.0,11.0,,regular,960.0,RULE+TAPE,11 missing minutes,False
20130423,1,REG,pre2014,120.0,960.0,5.0,,regular,960.0,RULE+TAPE,5 missing minutes,False
20130424,2,REG,pre2014,120.0,960.0,6.0,,regular,960.0,RULE+TAPE,6 missing minutes,False
20130425,3,REG,pre2014,120.0,960.0,10.0,,regular,960.0,RULE+TAPE,10 missing minutes,False
20130426,4,REG,pre2014,120.0,960.0,4.0,,regular,960.0,RULE+TAPE,4 missing minutes,False
20130429,0,REG,pre2014,120.0,960.0,17.0,,regular,960.0,RULE+TAPE,17 missing minutes,False
20130430,1,REG,pre2014,120.0,960.0,9.0,,regular,960.0,RULE+TAPE,9 missing minutes,False
20130501,2,REG,pre2014,120.0,960.0,68.0,,regular,960.0,RULE+TAPE,68 missing minutes,False
20130502,3,REG,pre2014,120.0,960.0,10.0,,regular,960.0,RULE+TAPE,10 missing minutes,False
20130503,4,REG,pre2014,120.0,960.0,19.0,,regular,960.0,RULE+TAPE,19 missing minutes,False
20130506,0,REG,pre2014,120.0,960.0,28.0,,regular,960.0,RULE+TAPE,28 missing minutes,False
20130507,1,REG,pre2014,120.0,960.0,13.0,,regular,960.0,RULE+TAPE,13 missing minutes,False
20130508,2,REG,pre2014,120.0,960.0,20.0,,regular,960.0,RULE+TAPE,20 missing minutes,False
20130509,3,REG,pre2014,120.0,960.0,31.0,,regular,960.0,RULE+TAPE,31 missing minutes,False
20130510,4,REG,pre2014,120.0,960.0,10.0,,regular,960.0,RULE+TAPE,10 missing minutes,False
20130513,0,REG,pre2014,120.0,960.0,15.0,,regular,960.0,RULE+TAPE,15 missing minutes,False
20130514,1,REG,pre2014,120.0,960.0,19.0,,regular,960.0,RULE+TAPE,19 missing minutes,False
20130515,2,REG,pre2014,120.0,960.0,9.0,,regular,960.0,RULE+TAPE,9 missing minutes,False
20130516,3,REG,pre2014,120.0,960.0,14.0,,regular,960.0,RULE+TAPE,14 missing minutes,False
20130517,4,REG,pre2014,120.0,960.0,8.0,,regular,960.0,RULE+TAPE,8 missing minutes,False
20130520,0,REG,pre2014,120.0,960.0,16.0,,regular,960.0,RULE+TAPE,16 missing minutes,False
20130521,1,REG,pre2014,120.0,960.0,13.0,,regular,960.0,RULE+TAPE,13 missing minutes,False
20130522,2,REG,pre2014,120.0,960.0,15.0,,regular,960.0,RULE+TAPE,15 missing minutes,False
20130523,3,REG,pre2014,120.0,960.0,0.0,,regular,960.0,RULE+TAPE,,True
20130524,4,REG,pre2014,120.0,960.0,5.0,,regular,960.0,RULE+TAPE,5 missing minutes,False
20130527,0,HOL,pre2014,120.0,690.0,102.0,,short,690.0,RULE+TAPE,102 missing minutes before close,False
20130528,1,REG,pre2014,120.0,960.0,10.0,,regular,960.0,RULE+TAPE,10 missing minutes,False
20130529,2,REG,pre2014,120.0,960.0,3.0,,regular,960.0,RULE+TAPE,3 missing minutes,False
20130530,3,REG,pre2014,120.0,960.0,1.0,,regular,960.0,RULE+TAPE,1 missing minutes,False
20130531,4,REG,pre2014,120.0,960.0,4.0,,regular,960.0,RULE+TAPE,4 missing minutes,False
20130603,0,REG,pre2014,120.0,960.0,0.0,,regular,960.0,RULE+TAPE,,True
20130604,1,REG,pre2014,120.0,960.0,5.0,,regular,960.0,RULE+TAPE,5 missing minutes,False
20130605,2,REG,pre2014,120.0,960.0,2.0,,regular,960.0,RULE+TAPE,2 missing minutes,False
20130606,3,REG,pre2014,120.0,960.0,6.0,,regular,960.0,RULE+TAPE,6 missing minutes,False
20130607,4,REG,pre2014,120.0,960.0,1.0,,regular,960.0,RULE+TAPE,1 missing minutes,False
20130610,0,REG,pre2014,120.0,960.0,13.0,,regular,960.0,RULE+TAPE,13 missing minutes,False
20130611,1,REG,pre2014,120.0,960.0,9.0,,regular,960.0,RULE+TAPE,9 missing minutes,False
20130612,2,REG,pre2014,120.0,960.0,4.0,,regular,960.0,RULE+TAPE,4 missing minutes,False
20130613,3,REG,pre2014,120.0,960.0,161.0,,regular,960.0,RULE+TAPE,161 missing minutes,False
20130614,4,REG,pre2014,120.0,960.0,11.0,,regular,960.0,RULE+TAPE,11 missing minutes,False
20130617,0,REG,pre2014,120.0,960.0,6.0,,regular,960.0,RULE+TAPE,6 missing minutes,False
20130618,1,REG,pre2014,120.0,960.0,20.0,,regular,960.0,RULE+TAPE,20 missing minutes,False
20130619,2,REG,pre2014,120.0,960.0,4.0,,regular,960.0,RULE+TAPE,4 missing minutes,False
20130620,3,REG,pre2014,120.0,960.0,3.0,,regular,960.0,RULE+TAPE,3 missing minutes,False
20130621,4,REG,pre2014,120.0,960.0,1.0,,regular,960.0,RULE+TAPE,1 missing minutes,False
20130624,0,REG,pre2014,120.0,960.0,1.0,,regular,960.0,RULE+TAPE,1 missing minutes,False
20130625,1,REG,pre2014,120.0,960.0,0.0,,regular,960.0,RULE+TAPE,,True
20130626,2,REG,pre2014,120.0,960.0,6.0,,regular,960.0,RULE+TAPE,6 missing minutes,False
20130627,3,REG,pre2014,120.0,960.0,7.0,,regular,960.0,RULE+TAPE,7 missing minutes,False
20130628,4,REG,pre2014,120.0,960.0,9.0,,regular,960.0,RULE+TAPE,9 missing minutes,False
20130701,0,REG,pre2014,120.0,960.0,2.0,,regular,960.0,RULE+TAPE,2 missing minutes,False
20130702,1,REG,pre2014,120.0,960.0,4.0,,regular,960.0,RULE+TAPE,4 missing minutes,False
20130703,2,EVE,pre2014,120.0,795.0,3.0,,short,795.0,RULE+TAPE,3 missing minutes before close,False
20130704,3,HOL,pre2014,120.0,690.0,31.0,,short,690.0,RULE+TAPE,31 missing minutes before close,False
20130705,4,REG,pre2014,120.0,960.0,7.0,,regular,960.0,RULE+TAPE,7 missing minutes,False
20130708,0,REG,pre2014,120.0,960.0,4.0,,regular,960.0,RULE+TAPE,4 missing minutes,False
20130709,1,REG,pre2014,120.0,960.0,8.0,,regular,960.0,RULE+TAPE,8 missing minutes,False
20130710,2,REG,pre2014,120.0,960.0,19.0,,regular,960.0,RULE+TAPE,19 missing minutes,False
20130711,3,REG,pre2014,120.0,199.0,0.0,,unknown,960.0,UNKNOWN,tape stops at 199.0 on a regular-type day,False
20130712,4,REG,pre2014,,,,,unknown,,UNKNOWN,no bars in window,False
20130715,0,REG,pre2014,665.0,960.0,545.0,,regular,960.0,RULE+TAPE,545 missing minutes,False
20130716,1,REG,pre2014,120.0,960.0,26.0,,regular,960.0,RULE+TAPE,26 missing minutes,False
20130717,2,REG,pre2014,120.0,960.0,7.0,,regular,960.0,RULE+TAPE,7 missing minutes,False
20130718,3,REG,pre2014,120.0,960.0,11.0,,regular,960.0,RULE+TAPE,11 missing minutes,False
20130719,4,REG,pre2014,120.0,960.0,4.0,,regular,960.0,RULE+TAPE,4 missing minutes,False
20130722,0,REG,pre2014,120.0,960.0,17.0,,regular,960.0,RULE+TAPE,17 missing minutes,False
20130723,1,REG,pre2014,120.0,960.0,27.0,,regular,960.0,RULE+TAPE,27 missing minutes,False
20130724,2,REG,pre2014,120.0,960.0,11.0,,regular,960.0,RULE+TAPE,11 missing minutes,False
20130725,3,REG,pre2014,120.0,960.0,15.0,,regular,960.0,RULE+TAPE,15 missing minutes,False
20130726,4,REG,pre2014,120.0,960.0,11.0,,regular,960.0,RULE+TAPE,11 missing minutes,False
20130729,0,REG,pre2014,120.0,960.0,11.0,,regular,960.0,RULE+TAPE,11 missing minutes,False
20130730,1,REG,pre2014,120.0,960.0,12.0,,regular,960.0,RULE+TAPE,12 missing minutes,False
20130731,2,REG,pre2014,120.0,960.0,3.0,,regular,960.0,RULE+TAPE,3 missing minutes,False
20130801,3,REG,pre2014,120.0,960.0,6.0,,regular,960.0,RULE+TAPE,6 missing minutes,False
20130802,4,REG,pre2014,120.0,960.0,15.0,,regular,960.0,RULE+TAPE,15 missing minutes,False
20130805,0,REG,pre2014,120.0,960.0,29.0,,regular,960.0,RULE+TAPE,29 missing minutes,False
20130806,1,REG,pre2014,120.0,960.0,32.0,,regular,960.0,RULE+TAPE,32 missing minutes,False
20130807,2,REG,pre2014,120.0,960.0,4.0,,regular,960.0,RULE+TAPE,4 missing minutes,False
20130808,3,REG,pre2014,120.0,960.0,8.0,,regular,960.0,RULE+TAPE,8 missing minutes,False
20130809,4,REG,pre2014,120.0,960.0,18.0,,regular,960.0,RULE+TAPE,18 missing minutes,False
20130812,0,REG,pre2014,120.0,960.0,6.0,,regular,960.0,RULE+TAPE,6 missing minutes,False
20130813,1,REG,pre2014,120.0,960.0,15.0,,regular,960.0,RULE+TAPE,15 missing minutes,False
20130814,2,REG,pre2014,120.0,960.0,11.0,,regular,960.0,RULE+TAPE,11 missing minutes,False
20130815,3,REG,pre2014,120.0,960.0,19.0,,regular,960.0,RULE+TAPE,19 missing minutes,False
20130816,4,REG,pre2014,120.0,960.0,5.0,,regular,960.0,RULE+TAPE,5 missing minutes,False
20130819,0,REG,pre2014,120.0,960.0,13.0,,regular,960.0,RULE+TAPE,13 missing minutes,False
20130820,1,REG,pre2014,120.0,960.0,4.0,,regular,960.0,RULE+TAPE,4 missing minutes,False
20130821,2,REG,pre2014,120.0,960.0,21.0,,regular,960.0,RULE+TAPE,21 missing minutes,False
20130822,3,REG,pre2014,120.0,960.0,4.0,,regular,960.0,RULE+TAPE,4 missing minutes,False
20130823,4,REG,pre2014,120.0,960.0,9.0,,regular,960.0,RULE+TAPE,9 missing minutes,False
20130826,0,REG,pre2014,120.0,960.0,36.0,,regular,960.0,RULE+TAPE,36 missing minutes,False
20130827,1,REG,pre2014,120.0,960.0,4.0,,regular,960.0,RULE+TAPE,4 missing minutes,False
20130828,2,REG,pre2014,120.0,960.0,0.0,,regular,960.0,RULE+TAPE,,True
20130829,3,REG,pre2014,120.0,960.0,0.0,,regular,960.0,RULE+TAPE,,True
20130830,4,REG,pre2014,120.0,960.0,6.0,,regular,960.0,RULE+TAPE,6 missing minutes,False
20130902,0,HOL,pre2014,120.0,690.0,14.0,,short,690.0,RULE+TAPE,14 missing minutes before close,False
20130903,1,REG,pre2014,120.0,960.0,10.0,,regular,960.0,RULE+TAPE,10 missing minutes,False
20130904,2,REG,pre2014,120.0,960.0,13.0,,regular,960.0,RULE+TAPE,13 missing minutes,False
20130905,3,REG,pre2014,120.0,960.0,5.0,,regular,960.0,RULE+TAPE,5 missing minutes,False
20130906,4,REG,pre2014,120.0,960.0,14.0,,regular,960.0,RULE+TAPE,14 missing minutes,False
20130909,0,REG,pre2014,120.0,960.0,8.0,,regular,960.0,RULE+TAPE,8 missing minutes,False
20130910,1,REG,pre2014,120.0,960.0,0.0,,regular,960.0,RULE+TAPE,,True
20130911,2,REG,pre2014,120.0,960.0,7.0,,regular,960.0,RULE+TAPE,7 missing minutes,False
20130912,3,REG,pre2014,120.0,960.0,9.0,,regular,960.0,RULE+TAPE,9 missing minutes,False
20130913,4,REG,pre2014,120.0,960.0,20.0,,regular,960.0,RULE+TAPE,20 missing minutes,False
20130916,0,REG,pre2014,120.0,960.0,14.0,,regular,960.0,RULE+TAPE,14 missing minutes,False
20130917,1,REG,pre2014,120.0,960.0,33.0,,regular,960.0,RULE+TAPE,33 missing minutes,False
20130918,2,REG,pre2014,120.0,960.0,21.0,,regular,960.0,RULE+TAPE,21 missing minutes,False
20130919,3,REG,pre2014,120.0,960.0,5.0,,regular,960.0,RULE+TAPE,5 missing minutes,False
20130920,4,REG,pre2014,120.0,960.0,13.0,,regular,960.0,RULE+TAPE,13 missing minutes,False
20130923,0,REG,pre2014,120.0,960.0,16.0,,regular,960.0,RULE+TAPE,16 missing minutes,False
20130924,1,REG,pre2014,120.0,960.0,28.0,,regular,960.0,RULE+TAPE,28 missing minutes,False
20130925,2,REG,pre2014,120.0,960.0,12.0,,regular,960.0,RULE+TAPE,12 missing minutes,False
20130926,3,REG,pre2014,120.0,960.0,9.0,,regular,960.0,RULE+TAPE,9 missing minutes,False
20130927,4,REG,pre2014,120.0,960.0,22.0,,regular,960.0,RULE+TAPE,22 missing minutes,False
20130930,0,REG,pre2014,120.0,960.0,8.0,,regular,960.0,RULE+TAPE,8 missing minutes,False
20131001,1,REG,pre2014,120.0,960.0,16.0,,regular,960.0,RULE+TAPE,16 missing minutes,False
20131002,2,REG,pre2014,120.0,960.0,2.0,,regular,960.0,RULE+TAPE,2 missing minutes,False
20131003,3,REG,pre2014,120.0,960.0,14.0,,regular,960.0,RULE+TAPE,14 missing minutes,False
20131004,4,REG,pre2014,120.0,960.0,12.0,,regular,960.0,RULE+TAPE,12 missing minutes,False
20131007,0,REG,pre2014,120.0,960.0,6.0,,regular,960.0,RULE+TAPE,6 missing minutes,False
20131008,1,REG,pre2014,120.0,960.0,9.0,,regular,960.0,RULE+TAPE,9 missing minutes,False
20131009,2,REG,pre2014,120.0,960.0,3.0,,regular,960.0,RULE+TAPE,3 missing minutes,False
20131010,3,REG,pre2014,120.0,960.0,6.0,,regular,960.0,RULE+TAPE,6 missing minutes,False
20131011,4,REG,pre2014,120.0,960.0,7.0,,regular,960.0,RULE+TAPE,7 missing minutes,False
20131014,0,REG,pre2014,120.0,960.0,3.0,,regular,960.0,RULE+TAPE,3 missing minutes,False
20131015,1,REG,pre2014,120.0,960.0,7.0,,regular,960.0,RULE+TAPE,7 missing minutes,False
20131016,2,REG,pre2014,120.0,960.0,8.0,,regular,960.0,RULE+TAPE,8 missing minutes,False
20131017,3,REG,pre2014,120.0,960.0,8.0,,regular,960.0,RULE+TAPE,8 missing minutes,False
20131018,4,REG,pre2014,120.0,960.0,2.0,,regular,960.0,RULE+TAPE,2 missing minutes,False
20131021,0,REG,pre2014,120.0,960.0,6.0,,regular,960.0,RULE+TAPE,6 missing minutes,False
20131022,1,REG,pre2014,120.0,960.0,30.0,,regular,960.0,RULE+TAPE,30 missing minutes,False
20131023,2,REG,pre2014,120.0,960.0,2.0,,regular,960.0,RULE+TAPE,2 missing minutes,False
20131024,3,REG,pre2014,120.0,960.0,7.0,,regular,960.0,RULE+TAPE,7 missing minutes,False
20131025,4,REG,pre2014,120.0,960.0,6.0,,regular,960.0,RULE+TAPE,6 missing minutes,False
20131028,0,REG,pre2014,120.0,960.0,30.0,,regular,960.0,RULE+TAPE,30 missing minutes,False
20131029,1,REG,pre2014,120.0,960.0,38.0,,regular,960.0,RULE+TAPE,38 missing minutes,False
20131030,2,REG,pre2014,120.0,960.0,20.0,,regular,960.0,RULE+TAPE,20 missing minutes,False
20131031,3,REG,pre2014,120.0,960.0,29.0,,regular,960.0,RULE+TAPE,29 missing minutes,False
20131101,4,REG,pre2014,120.0,960.0,25.0,,regular,960.0,RULE+TAPE,25 missing minutes,False
20131104,0,REG,pre2014,120.0,960.0,14.0,,regular,960.0,RULE+TAPE,14 missing minutes,False
20131105,1,REG,pre2014,120.0,960.0,12.0,,regular,960.0,RULE+TAPE,12 missing minutes,False
20131106,2,REG,pre2014,120.0,960.0,11.0,,regular,960.0,RULE+TAPE,11 missing minutes,False
20131107,3,REG,pre2014,120.0,960.0,28.0,,regular,960.0,RULE+TAPE,28 missing minutes,False
20131108,4,REG,pre2014,120.0,960.0,1.0,,regular,960.0,RULE+TAPE,1 missing minutes,False
20131111,0,REG,pre2014,120.0,960.0,7.0,,regular,960.0,RULE+TAPE,7 missing minutes,False
20131112,1,REG,pre2014,120.0,960.0,8.0,,regular,960.0,RULE+TAPE,8 missing minutes,False
20131113,2,REG,pre2014,120.0,960.0,7.0,,regular,960.0,RULE+TAPE,7 missing minutes,False
20131114,3,REG,pre2014,120.0,960.0,0.0,,regular,960.0,RULE+TAPE,,True
20131115,4,REG,pre2014,120.0,960.0,16.0,,regular,960.0,RULE+TAPE,16 missing minutes,False
20131118,0,REG,pre2014,120.0,960.0,13.0,,regular,960.0,RULE+TAPE,13 missing minutes,False
20131119,1,REG,pre2014,120.0,960.0,13.0,,regular,960.0,RULE+TAPE,13 missing minutes,False
20131120,2,REG,pre2014,120.0,960.0,9.0,,regular,960.0,RULE+TAPE,9 missing minutes,False
20131121,3,REG,pre2014,120.0,960.0,5.0,,regular,960.0,RULE+TAPE,5 missing minutes,False
20131122,4,REG,pre2014,120.0,960.0,6.0,,regular,960.0,RULE+TAPE,6 missing minutes,False
20131125,0,REG,pre2014,120.0,960.0,10.0,,regular,960.0,RULE+TAPE,10 missing minutes,False
20131126,1,REG,pre2014,120.0,960.0,13.0,,regular,960.0,RULE+TAPE,13 missing minutes,False
20131127,2,REG,pre2014,120.0,960.0,18.0,,regular,960.0,RULE+TAPE,18 missing minutes,False
20131128,3,HOL,pre2014,120.0,690.0,58.0,,short,690.0,RULE+TAPE,58 missing minutes before close,False
20131129,4,EVE,pre2014,120.0,795.0,49.0,,short,795.0,RULE+TAPE,49 missing minutes before close,False
20131202,0,REG,pre2014,120.0,960.0,17.0,,regular,960.0,RULE+TAPE,17 missing minutes,False
20131203,1,REG,pre2014,120.0,960.0,5.0,,regular,960.0,RULE+TAPE,5 missing minutes,False
20131204,2,REG,pre2014,120.0,960.0,7.0,,regular,960.0,RULE+TAPE,7 missing minutes,False
20131205,3,REG,pre2014,120.0,960.0,4.0,,regular,960.0,RULE+TAPE,4 missing minutes,False
20131206,4,REG,pre2014,120.0,960.0,9.0,,regular,960.0,RULE+TAPE,9 missing minutes,False
20131209,0,REG,pre2014,120.0,960.0,7.0,,regular,960.0,RULE+TAPE,7 missing minutes,False
20131210,1,REG,pre2014,120.0,960.0,28.0,,regular,960.0,RULE+TAPE,28 missing minutes,False
20131211,2,REG,pre2014,120.0,960.0,12.0,,regular,960.0,RULE+TAPE,12 missing minutes,False
20131212,3,REG,pre2014,120.0,960.0,165.0,,regular,960.0,RULE+TAPE,165 missing minutes,False
20131213,4,REG,pre2014,120.0,960.0,20.0,,regular,960.0,RULE+TAPE,20 missing minutes,False
20131216,0,REG,pre2014,120.0,960.0,11.0,,regular,960.0,RULE+TAPE,11 missing minutes,False
20131217,1,REG,pre2014,120.0,960.0,21.0,,regular,960.0,RULE+TAPE,21 missing minutes,False
20131218,2,REG,pre2014,120.0,960.0,12.0,,regular,960.0,RULE+TAPE,12 missing minutes,False
20131219,3,REG,pre2014,120.0,960.0,8.0,,regular,960.0,RULE+TAPE,8 missing minutes,False
20131220,4,REG,pre2014,120.0,960.0,19.0,,regular,960.0,RULE+TAPE,19 missing minutes,False
20131223,0,REG,pre2014,120.0,960.0,21.0,,regular,960.0,RULE+TAPE,21 missing minutes,False
20131224,1,EVE,pre2014,122.0,795.0,124.0,,short,795.0,RULE+TAPE,124 missing minutes before close,False
20131225,2,XMAS,pre2014,,,,,closed,,RULE+TAPE,,False
20131226,3,REG,pre2014,360.0,960.0,260.0,,regular,960.0,RULE+TAPE,260 missing minutes,False
20131227,4,REG,pre2014,,,,,unknown,,UNKNOWN,no bars in window,False
20131230,0,REG,pre2014,120.0,960.0,66.0,,regular,960.0,RULE+TAPE,66 missing minutes,False
20131231,1,REG,pre2014,121.0,960.0,203.0,,regular,960.0,RULE+TAPE,203 missing minutes,False
20140101,2,NEWYEAR,pre2014,,,,,closed,,RULE+TAPE,,False
20140102,3,REG,pre2014,360.0,960.0,241.0,,regular,960.0,RULE+TAPE,241 missing minutes,False
20140103,4,REG,pre2014,120.0,960.0,2.0,,regular,960.0,RULE+TAPE,2 missing minutes,False
20140106,0,REG,pre2014,120.0,960.0,16.0,,regular,960.0,RULE+TAPE,16 missing minutes,False
20140107,1,REG,pre2014,120.0,960.0,30.0,,regular,960.0,RULE+TAPE,30 missing minutes,False
20140108,2,REG,pre2014,120.0,960.0,26.0,,regular,960.0,RULE+TAPE,26 missing minutes,False
20140109,3,REG,pre2014,120.0,960.0,17.0,,regular,960.0,RULE+TAPE,17 missing minutes,False
20140110,4,REG,pre2014,120.0,960.0,17.0,,regular,960.0,RULE+TAPE,17 missing minutes,False
20140113,0,REG,pre2014,120.0,960.0,34.0,,regular,960.0,RULE+TAPE,34 missing minutes,False
20140114,1,REG,pre2014,120.0,960.0,10.0,,regular,960.0,RULE+TAPE,10 missing minutes,False
20140115,2,REG,pre2014,120.0,960.0,14.0,,regular,960.0,RULE+TAPE,14 missing minutes,False
20140116,3,REG,pre2014,120.0,960.0,22.0,,regular,960.0,RULE+TAPE,22 missing minutes,False
20140117,4,REG,pre2014,120.0,960.0,16.0,,regular,960.0,RULE+TAPE,16 missing minutes,False
20140120,0,HOL,pre2014,120.0,690.0,84.0,,short,690.0,RULE+TAPE,84 missing minutes before close,False
20140121,1,REG,pre2014,120.0,960.0,15.0,,regular,960.0,RULE+TAPE,15 missing minutes,False
20140122,2,REG,pre2014,120.0,960.0,9.0,,regular,960.0,RULE+TAPE,9 missing minutes,False
20140123,3,REG,pre2014,120.0,960.0,16.0,,regular,960.0,RULE+TAPE,16 missing minutes,False
20140124,4,REG,pre2014,120.0,960.0,9.0,,regular,960.0,RULE+TAPE,9 missing minutes,False
20140127,0,REG,pre2014,,,,,unknown,,UNKNOWN,no bars in window,False
20140128,1,REG,pre2014,,,,,unknown,,UNKNOWN,no bars in window,False
20140129,2,REG,pre2014,,,,,unknown,,UNKNOWN,no bars in window,False
20140130,3,REG,pre2014,,,,,unknown,,UNKNOWN,no bars in window,False
20140131,4,REG,pre2014,,,,,unknown,,UNKNOWN,no bars in window,False
20140203,0,REG,pre2014,120.0,960.0,6.0,,regular,960.0,RULE+TAPE,6 missing minutes,False
20140204,1,REG,pre2014,120.0,960.0,0.0,,regular,960.0,RULE+TAPE,,True
20140205,2,REG,pre2014,120.0,960.0,10.0,,regular,960.0,RULE+TAPE,10 missing minutes,False
20140206,3,REG,pre2014,120.0,960.0,12.0,,regular,960.0,RULE+TAPE,12 missing minutes,False
20140207,4,REG,pre2014,120.0,960.0,6.0,,regular,960.0,RULE+TAPE,6 missing minutes,False
20140210,0,REG,pre2014,120.0,960.0,2.0,,regular,960.0,RULE+TAPE,2 missing minutes,False
20140211,1,REG,pre2014,120.0,960.0,10.0,,regular,960.0,RULE+TAPE,10 missing minutes,False
20140212,2,REG,pre2014,120.0,960.0,16.0,,regular,960.0,RULE+TAPE,16 missing minutes,False
20140213,3,REG,pre2014,120.0,960.0,4.0,,regular,960.0,RULE+TAPE,4 missing minutes,False
20140214,4,REG,pre2014,120.0,960.0,8.0,,regular,960.0,RULE+TAPE,8 missing minutes,False
20140217,0,HOL,pre2014,120.0,690.0,44.0,,short,690.0,RULE+TAPE,44 missing minutes before close,False
20140218,1,REG,pre2014,120.0,960.0,14.0,,regular,960.0,RULE+TAPE,14 missing minutes,False
20140219,2,REG,pre2014,120.0,960.0,8.0,,regular,960.0,RULE+TAPE,8 missing minutes,False
20140220,3,REG,pre2014,120.0,960.0,3.0,,regular,960.0,RULE+TAPE,3 missing minutes,False
20140221,4,REG,pre2014,120.0,960.0,15.0,,regular,960.0,RULE+TAPE,15 missing minutes,False
20140224,0,REG,pre2014,120.0,960.0,8.0,,regular,960.0,RULE+TAPE,8 missing minutes,False
20140225,1,REG,pre2014,120.0,960.0,13.0,,regular,960.0,RULE+TAPE,13 missing minutes,False
20140226,2,REG,pre2014,120.0,960.0,17.0,,regular,960.0,RULE+TAPE,17 missing minutes,False
20140227,3,REG,pre2014,120.0,960.0,12.0,,regular,960.0,RULE+TAPE,12 missing minutes,False
20140228,4,REG,pre2014,120.0,960.0,12.0,,regular,960.0,RULE+TAPE,12 missing minutes,False
20140303,0,REG,post2014,120.0,960.0,1.0,,regular,960.0,RULE+TAPE,1 missing minutes,False
20140304,1,REG,post2014,120.0,960.0,0.0,,regular,960.0,RULE+TAPE,,True
20140305,2,REG,post2014,120.0,960.0,17.0,,regular,960.0,RULE+TAPE,17 missing minutes,False
20140306,3,REG,post2014,120.0,960.0,20.0,,regular,960.0,RULE+TAPE,20 missing minutes,False
20140307,4,REG,post2014,120.0,960.0,22.0,,regular,960.0,RULE+TAPE,22 missing minutes,False
20140310,0,REG,post2014,120.0,960.0,10.0,,regular,960.0,RULE+TAPE,10 missing minutes,False
20140311,1,REG,post2014,120.0,960.0,28.0,,regular,960.0,RULE+TAPE,28 missing minutes,False
20140312,2,REG,post2014,121.0,960.0,22.0,,regular,960.0,RULE+TAPE,22 missing minutes,False
20140313,3,REG,post2014,120.0,960.0,181.0,,regular,960.0,RULE+TAPE,181 missing minutes,False
20140314,4,REG,post2014,120.0,960.0,15.0,,regular,960.0,RULE+TAPE,15 missing minutes,False
20140317,0,REG,post2014,120.0,960.0,12.0,,regular,960.0,RULE+TAPE,12 missing minutes,False
20140318,1,REG,post2014,120.0,960.0,21.0,,regular,960.0,RULE+TAPE,21 missing minutes,False
20140319,2,REG,post2014,120.0,960.0,18.0,,regular,960.0,RULE+TAPE,18 missing minutes,False
20140320,3,REG,post2014,120.0,960.0,8.0,,regular,960.0,RULE+TAPE,8 missing minutes,False
20140321,4,REG,post2014,120.0,960.0,10.0,,regular,960.0,RULE+TAPE,10 missing minutes,False
20140324,0,REG,post2014,120.0,960.0,4.0,,regular,960.0,RULE+TAPE,4 missing minutes,False
20140325,1,REG,post2014,120.0,960.0,15.0,,regular,960.0,RULE+TAPE,15 missing minutes,False
20140326,2,REG,post2014,120.0,960.0,28.0,,regular,960.0,RULE+TAPE,28 missing minutes,False
20140327,3,REG,post2014,120.0,960.0,13.0,,regular,960.0,RULE+TAPE,13 missing minutes,False
20140328,4,REG,post2014,120.0,960.0,17.0,,regular,960.0,RULE+TAPE,17 missing minutes,False
20140331,0,REG,post2014,120.0,960.0,8.0,,regular,960.0,RULE+TAPE,8 missing minutes,False
20140401,1,REG,post2014,120.0,960.0,16.0,,regular,960.0,RULE+TAPE,16 missing minutes,False
20140402,2,REG,post2014,120.0,960.0,10.0,,regular,960.0,RULE+TAPE,10 missing minutes,False
20140403,3,REG,post2014,120.0,960.0,16.0,,regular,960.0,RULE+TAPE,16 missing minutes,False
20140404,4,REG,post2014,120.0,960.0,19.0,,regular,960.0,RULE+TAPE,19 missing minutes,False
20140407,0,REG,post2014,120.0,960.0,0.0,,regular,960.0,RULE+TAPE,,True
20140408,1,REG,post2014,120.0,960.0,4.0,,regular,960.0,RULE+TAPE,4 missing minutes,False
20140409,2,REG,post2014,120.0,960.0,9.0,,regular,960.0,RULE+TAPE,9 missing minutes,False
20140410,3,REG,post2014,120.0,960.0,1.0,,regular,960.0,RULE+TAPE,1 missing minutes,False
20140411,4,REG,post2014,120.0,960.0,1.0,,regular,960.0,RULE+TAPE,1 missing minutes,False
20140414,0,REG,post2014,120.0,960.0,7.0,,regular,960.0,RULE+TAPE,7 missing minutes,False
20140415,1,REG,post2014,120.0,960.0,9.0,,regular,960.0,RULE+TAPE,9 missing minutes,False
20140416,2,REG,post2014,120.0,960.0,1.0,,regular,960.0,RULE+TAPE,1 missing minutes,False
20140417,3,REG,post2014,120.0,960.0,4.0,,regular,960.0,RULE+TAPE,4 missing minutes,False
20140418,4,GOODFRI,post2014,,,,,closed,,RULE+TAPE,,False
20140421,0,REG,post2014,120.0,960.0,136.0,,regular,960.0,RULE+TAPE,136 missing minutes,False
20140422,1,REG,post2014,120.0,960.0,2.0,,regular,960.0,RULE+TAPE,2 missing minutes,False
20140423,2,REG,post2014,120.0,960.0,7.0,,regular,960.0,RULE+TAPE,7 missing minutes,False
20140424,3,REG,post2014,120.0,960.0,1.0,,regular,960.0,RULE+TAPE,1 missing minutes,False
20140425,4,REG,post2014,120.0,960.0,4.0,,regular,960.0,RULE+TAPE,4 missing minutes,False
20140428,0,REG,post2014,121.0,960.0,3.0,,regular,960.0,RULE+TAPE,3 missing minutes,False
20140429,1,REG,post2014,120.0,960.0,4.0,,regular,960.0,RULE+TAPE,4 missing minutes,False
20140430,2,REG,post2014,120.0,960.0,4.0,,regular,960.0,RULE+TAPE,4 missing minutes,False
20140501,3,REG,post2014,120.0,960.0,62.0,,regular,960.0,RULE+TAPE,62 missing minutes,False
20140502,4,REG,post2014,120.0,960.0,26.0,,regular,960.0,RULE+TAPE,26 missing minutes,False
20140505,0,REG,post2014,120.0,960.0,9.0,,regular,960.0,RULE+TAPE,9 missing minutes,False
20140506,1,REG,post2014,120.0,960.0,18.0,,regular,960.0,RULE+TAPE,18 missing minutes,False
20140507,2,REG,post2014,120.0,960.0,0.0,,regular,960.0,RULE+TAPE,,True
20140508,3,REG,post2014,120.0,960.0,9.0,,regular,960.0,RULE+TAPE,9 missing minutes,False
20140509,4,REG,post2014,120.0,960.0,5.0,,regular,960.0,RULE+TAPE,5 missing minutes,False
20140512,0,REG,post2014,120.0,960.0,10.0,,regular,960.0,RULE+TAPE,10 missing minutes,False
20140513,1,REG,post2014,120.0,960.0,6.0,,regular,960.0,RULE+TAPE,6 missing minutes,False
20140514,2,REG,post2014,120.0,960.0,12.0,,regular,960.0,RULE+TAPE,12 missing minutes,False
20140515,3,REG,post2014,120.0,960.0,7.0,,regular,960.0,RULE+TAPE,7 missing minutes,False
20140516,4,REG,post2014,120.0,960.0,3.0,,regular,960.0,RULE+TAPE,3 missing minutes,False
20140519,0,REG,post2014,120.0,960.0,1.0,,regular,960.0,RULE+TAPE,1 missing minutes,False
20140520,1,REG,post2014,120.0,960.0,12.0,,regular,960.0,RULE+TAPE,12 missing minutes,False
20140521,2,REG,post2014,120.0,960.0,1.0,,regular,960.0,RULE+TAPE,1 missing minutes,False
20140522,3,REG,post2014,120.0,960.0,12.0,,regular,960.0,RULE+TAPE,12 missing minutes,False
20140523,4,REG,post2014,120.0,960.0,10.0,,regular,960.0,RULE+TAPE,10 missing minutes,False
20140526,0,HOL,post2014,120.0,780.0,105.0,,short,780.0,RULE+TAPE,105 missing minutes before close,False
20140527,1,REG,post2014,120.0,960.0,15.0,,regular,960.0,RULE+TAPE,15 missing minutes,False
20140528,2,REG,post2014,120.0,960.0,4.0,,regular,960.0,RULE+TAPE,4 missing minutes,False
20140529,3,REG,post2014,120.0,960.0,38.0,,regular,960.0,RULE+TAPE,38 missing minutes,False
20140530,4,REG,post2014,120.0,960.0,20.0,,regular,960.0,RULE+TAPE,20 missing minutes,False
20140602,0,REG,post2014,120.0,960.0,27.0,,regular,960.0,RULE+TAPE,27 missing minutes,False
20140603,1,REG,post2014,120.0,960.0,21.0,,regular,960.0,RULE+TAPE,21 missing minutes,False
20140604,2,REG,post2014,120.0,960.0,21.0,,regular,960.0,RULE+TAPE,21 missing minutes,False
20140605,3,REG,post2014,120.0,960.0,35.0,,regular,960.0,RULE+TAPE,35 missing minutes,False
20140606,4,REG,post2014,120.0,960.0,9.0,,regular,960.0,RULE+TAPE,9 missing minutes,False
20140609,0,REG,post2014,120.0,960.0,30.0,,regular,960.0,RULE+TAPE,30 missing minutes,False
20140610,1,REG,post2014,120.0,960.0,21.0,,regular,960.0,RULE+TAPE,21 missing minutes,False
20140611,2,REG,post2014,120.0,960.0,20.0,,regular,960.0,RULE+TAPE,20 missing minutes,False
20140612,3,REG,post2014,120.0,960.0,180.0,,regular,960.0,RULE+TAPE,180 missing minutes,False
20140613,4,REG,post2014,120.0,960.0,17.0,,regular,960.0,RULE+TAPE,17 missing minutes,False
20140616,0,REG,post2014,120.0,960.0,27.0,,regular,960.0,RULE+TAPE,27 missing minutes,False
20140617,1,REG,post2014,120.0,960.0,13.0,,regular,960.0,RULE+TAPE,13 missing minutes,False
20140618,2,REG,post2014,120.0,960.0,14.0,,regular,960.0,RULE+TAPE,14 missing minutes,False
20140619,3,REG,post2014,120.0,960.0,17.0,,regular,960.0,RULE+TAPE,17 missing minutes,False
20140620,4,REG,post2014,120.0,960.0,20.0,,regular,960.0,RULE+TAPE,20 missing minutes,False
20140623,0,REG,post2014,120.0,960.0,7.0,,regular,960.0,RULE+TAPE,7 missing minutes,False
20140624,1,REG,post2014,120.0,960.0,24.0,,regular,960.0,RULE+TAPE,24 missing minutes,False
20140625,2,REG,post2014,120.0,960.0,7.0,,regular,960.0,RULE+TAPE,7 missing minutes,False
20140626,3,REG,post2014,120.0,960.0,29.0,,regular,960.0,RULE+TAPE,29 missing minutes,False
20140627,4,REG,post2014,120.0,960.0,12.0,,regular,960.0,RULE+TAPE,12 missing minutes,False
20140630,0,REG,post2014,120.0,960.0,22.0,,regular,960.0,RULE+TAPE,22 missing minutes,False
20140701,1,REG,post2014,120.0,960.0,26.0,,regular,960.0,RULE+TAPE,26 missing minutes,False
20140702,2,REG,post2014,120.0,960.0,37.0,,regular,960.0,RULE+TAPE,37 missing minutes,False
20140703,3,EVE,post2014,120.0,795.0,31.0,,short,795.0,RULE+TAPE,31 missing minutes before close,False
20140704,4,HOL,post2014,120.0,780.0,181.0,,short,780.0,RULE+TAPE,181 missing minutes before close,False
20140707,0,REG,post2014,120.0,960.0,28.0,,regular,960.0,RULE+TAPE,28 missing minutes,False
20140708,1,REG,post2014,120.0,960.0,20.0,,regular,960.0,RULE+TAPE,20 missing minutes,False
20140709,2,REG,post2014,120.0,960.0,19.0,,regular,960.0,RULE+TAPE,19 missing minutes,False
20140710,3,REG,post2014,120.0,960.0,11.0,,regular,960.0,RULE+TAPE,11 missing minutes,False
20140711,4,REG,post2014,120.0,960.0,11.0,,regular,960.0,RULE+TAPE,11 missing minutes,False
20140714,0,REG,post2014,120.0,960.0,11.0,,regular,960.0,RULE+TAPE,11 missing minutes,False
20140715,1,REG,post2014,120.0,960.0,8.0,,regular,960.0,RULE+TAPE,8 missing minutes,False
20140716,2,REG,post2014,120.0,960.0,10.0,,regular,960.0,RULE+TAPE,10 missing minutes,False
20140717,3,REG,post2014,120.0,960.0,9.0,,regular,960.0,RULE+TAPE,9 missing minutes,False
20140718,4,REG,post2014,120.0,960.0,1.0,,regular,960.0,RULE+TAPE,1 missing minutes,False
20140721,0,REG,post2014,120.0,960.0,10.0,,regular,960.0,RULE+TAPE,10 missing minutes,False
20140722,1,REG,post2014,120.0,960.0,12.0,,regular,960.0,RULE+TAPE,12 missing minutes,False
20140723,2,REG,post2014,120.0,960.0,11.0,,regular,960.0,RULE+TAPE,11 missing minutes,False
20140724,3,REG,post2014,120.0,960.0,11.0,,regular,960.0,RULE+TAPE,11 missing minutes,False
20140725,4,REG,post2014,120.0,960.0,5.0,,regular,960.0,RULE+TAPE,5 missing minutes,False
20140728,0,REG,post2014,120.0,960.0,5.0,,regular,960.0,RULE+TAPE,5 missing minutes,False
20140729,1,REG,post2014,120.0,960.0,8.0,,regular,960.0,RULE+TAPE,8 missing minutes,False
20140730,2,REG,post2014,120.0,960.0,10.0,,regular,960.0,RULE+TAPE,10 missing minutes,False
20140731,3,REG,post2014,120.0,960.0,12.0,,regular,960.0,RULE+TAPE,12 missing minutes,False
20140801,4,REG,post2014,120.0,960.0,5.0,,regular,960.0,RULE+TAPE,5 missing minutes,False
20140804,0,REG,post2014,120.0,960.0,6.0,,regular,960.0,RULE+TAPE,6 missing minutes,False
20140805,1,REG,post2014,120.0,960.0,1.0,,regular,960.0,RULE+TAPE,1 missing minutes,False
20140806,2,REG,post2014,120.0,960.0,5.0,,regular,960.0,RULE+TAPE,5 missing minutes,False
20140807,3,REG,post2014,120.0,960.0,4.0,,regular,960.0,RULE+TAPE,4 missing minutes,False
20140808,4,REG,post2014,120.0,960.0,0.0,,regular,960.0,RULE+TAPE,,True
20140811,0,REG,post2014,120.0,960.0,6.0,,regular,960.0,RULE+TAPE,6 missing minutes,False
20140812,1,REG,post2014,120.0,960.0,10.0,,regular,960.0,RULE+TAPE,10 missing minutes,False
20140813,2,REG,post2014,120.0,960.0,10.0,,regular,960.0,RULE+TAPE,10 missing minutes,False
20140814,3,REG,post2014,120.0,960.0,5.0,,regular,960.0,RULE+TAPE,5 missing minutes,False
20140815,4,REG,post2014,120.0,960.0,9.0,,regular,960.0,RULE+TAPE,9 missing minutes,False
20140818,0,REG,post2014,120.0,960.0,8.0,,regular,960.0,RULE+TAPE,8 missing minutes,False
20140819,1,REG,post2014,120.0,960.0,13.0,,regular,960.0,RULE+TAPE,13 missing minutes,False
20140820,2,REG,post2014,120.0,960.0,11.0,,regular,960.0,RULE+TAPE,11 missing minutes,False
20140821,3,REG,post2014,120.0,960.0,15.0,,regular,960.0,RULE+TAPE,15 missing minutes,False
20140822,4,REG,post2014,120.0,960.0,15.0,,regular,960.0,RULE+TAPE,15 missing minutes,False
20140825,0,REG,post2014,120.0,960.0,13.0,,regular,960.0,RULE+TAPE,13 missing minutes,False
20140826,1,REG,post2014,120.0,960.0,13.0,,regular,960.0,RULE+TAPE,13 missing minutes,False
20140827,2,REG,post2014,120.0,960.0,28.0,,regular,960.0,RULE+TAPE,28 missing minutes,False
20140828,3,REG,post2014,120.0,960.0,11.0,,regular,960.0,RULE+TAPE,11 missing minutes,False
20140829,4,REG,post2014,120.0,960.0,15.0,,regular,960.0,RULE+TAPE,15 missing minutes,False
20140901,0,HOL,post2014,120.0,780.0,82.0,,short,780.0,RULE+TAPE,82 missing minutes before close,False
20140902,1,REG,post2014,120.0,960.0,3.0,,regular,960.0,RULE+TAPE,3 missing minutes,False
20140903,2,REG,post2014,120.0,960.0,4.0,,regular,960.0,RULE+TAPE,4 missing minutes,False
20140904,3,REG,post2014,120.0,960.0,17.0,,regular,960.0,RULE+TAPE,17 missing minutes,False
20140905,4,REG,post2014,120.0,960.0,0.0,,regular,960.0,RULE+TAPE,,True
20140908,0,REG,post2014,120.0,960.0,7.0,,regular,960.0,RULE+TAPE,7 missing minutes,False
20140909,1,REG,post2014,120.0,960.0,15.0,,regular,960.0,RULE+TAPE,15 missing minutes,False
20140910,2,REG,post2014,120.0,960.0,7.0,,regular,960.0,RULE+TAPE,7 missing minutes,False
20140911,3,REG,post2014,120.0,960.0,163.0,,regular,960.0,RULE+TAPE,163 missing minutes,False
20140912,4,REG,post2014,120.0,960.0,33.0,,regular,960.0,RULE+TAPE,33 missing minutes,False
20140915,0,REG,post2014,120.0,960.0,17.0,,regular,960.0,RULE+TAPE,17 missing minutes,False
20140916,1,REG,post2014,120.0,960.0,9.0,,regular,960.0,RULE+TAPE,9 missing minutes,False
20140917,2,REG,post2014,120.0,960.0,16.0,,regular,960.0,RULE+TAPE,16 missing minutes,False
20140918,3,REG,post2014,120.0,960.0,2.0,,regular,960.0,RULE+TAPE,2 missing minutes,False
20140919,4,REG,post2014,120.0,960.0,6.0,,regular,960.0,RULE+TAPE,6 missing minutes,False
20140922,0,REG,post2014,120.0,960.0,3.0,,regular,960.0,RULE+TAPE,3 missing minutes,False
20140923,1,REG,post2014,120.0,960.0,2.0,,regular,960.0,RULE+TAPE,2 missing minutes,False
20140924,2,REG,post2014,120.0,960.0,10.0,,regular,960.0,RULE+TAPE,10 missing minutes,False
20140925,3,REG,post2014,120.0,960.0,11.0,,regular,960.0,RULE+TAPE,11 missing minutes,False
20140926,4,REG,post2014,120.0,960.0,7.0,,regular,960.0,RULE+TAPE,7 missing minutes,False
20140929,0,REG,post2014,120.0,960.0,2.0,,regular,960.0,RULE+TAPE,2 missing minutes,False
20140930,1,REG,post2014,120.0,960.0,1.0,,regular,960.0,RULE+TAPE,1 missing minutes,False
20141001,2,REG,post2014,120.0,960.0,7.0,,regular,960.0,RULE+TAPE,7 missing minutes,False
20141002,3,REG,post2014,120.0,960.0,1.0,,regular,960.0,RULE+TAPE,1 missing minutes,False
20141003,4,REG,post2014,120.0,960.0,3.0,,regular,960.0,RULE+TAPE,3 missing minutes,False
20141006,0,REG,post2014,120.0,960.0,2.0,,regular,960.0,RULE+TAPE,2 missing minutes,False
20141007,1,REG,post2014,120.0,960.0,4.0,,regular,960.0,RULE+TAPE,4 missing minutes,False
20141008,2,REG,post2014,120.0,960.0,7.0,,regular,960.0,RULE+TAPE,7 missing minutes,False
20141009,3,REG,post2014,120.0,960.0,0.0,,regular,960.0,RULE+TAPE,,True
20141010,4,REG,post2014,120.0,960.0,0.0,,regular,960.0,RULE+TAPE,,True
20141013,0,REG,post2014,120.0,960.0,0.0,,regular,960.0,RULE+TAPE,,True
20141014,1,REG,post2014,120.0,960.0,1.0,,regular,960.0,RULE+TAPE,1 missing minutes,False
20141015,2,REG,post2014,120.0,960.0,2.0,,regular,960.0,RULE+TAPE,2 missing minutes,False
20141016,3,REG,post2014,120.0,960.0,3.0,,regular,960.0,RULE+TAPE,3 missing minutes,False
20141017,4,REG,post2014,120.0,960.0,0.0,,regular,960.0,RULE+TAPE,,True
20141020,0,REG,post2014,120.0,960.0,1.0,,regular,960.0,RULE+TAPE,1 missing minutes,False
20141021,1,REG,post2014,120.0,960.0,1.0,,regular,960.0,RULE+TAPE,1 missing minutes,False
20141022,2,REG,post2014,120.0,960.0,4.0,,regular,960.0,RULE+TAPE,4 missing minutes,False
20141023,3,REG,post2014,120.0,960.0,2.0,,regular,960.0,RULE+TAPE,2 missing minutes,False
20141024,4,REG,post2014,120.0,960.0,5.0,,regular,960.0,RULE+TAPE,5 missing minutes,False
20141027,0,REG,post2014,120.0,960.0,13.0,,regular,960.0,RULE+TAPE,13 missing minutes,False
20141028,1,REG,post2014,120.0,960.0,16.0,,regular,960.0,RULE+TAPE,16 missing minutes,False
20141029,2,REG,post2014,122.0,960.0,17.0,,regular,960.0,RULE+TAPE,17 missing minutes,False
20141030,3,REG,post2014,120.0,960.0,7.0,,regular,960.0,RULE+TAPE,7 missing minutes,False
20141031,4,REG,post2014,120.0,960.0,0.0,,regular,960.0,RULE+TAPE,,True
20141103,0,REG,post2014,120.0,960.0,7.0,,regular,960.0,RULE+TAPE,7 missing minutes,False
20141104,1,REG,post2014,120.0,960.0,1.0,,regular,960.0,RULE+TAPE,1 missing minutes,False
20141105,2,REG,post2014,120.0,960.0,1.0,,regular,960.0,RULE+TAPE,1 missing minutes,False
20141106,3,REG,post2014,120.0,960.0,10.0,,regular,960.0,RULE+TAPE,10 missing minutes,False
20141107,4,REG,post2014,120.0,960.0,1.0,,regular,960.0,RULE+TAPE,1 missing minutes,False
20141110,0,REG,post2014,120.0,960.0,5.0,,regular,960.0,RULE+TAPE,5 missing minutes,False
20141111,1,REG,post2014,120.0,960.0,8.0,,regular,960.0,RULE+TAPE,8 missing minutes,False
20141112,2,REG,post2014,120.0,960.0,12.0,,regular,960.0,RULE+TAPE,12 missing minutes,False
20141113,3,REG,post2014,120.0,960.0,3.0,,regular,960.0,RULE+TAPE,3 missing minutes,False
20141114,4,REG,post2014,120.0,960.0,3.0,,regular,960.0,RULE+TAPE,3 missing minutes,False
20141117,0,REG,post2014,120.0,960.0,4.0,,regular,960.0,RULE+TAPE,4 missing minutes,False
20141118,1,REG,post2014,120.0,960.0,4.0,,regular,960.0,RULE+TAPE,4 missing minutes,False
20141119,2,REG,post2014,120.0,960.0,18.0,,regular,960.0,RULE+TAPE,18 missing minutes,False
20141120,3,REG,post2014,120.0,960.0,5.0,,regular,960.0,RULE+TAPE,5 missing minutes,False
20141121,4,REG,post2014,120.0,960.0,3.0,,regular,960.0,RULE+TAPE,3 missing minutes,False
20141124,0,REG,post2014,120.0,960.0,9.0,,regular,960.0,RULE+TAPE,9 missing minutes,False
20141125,1,REG,post2014,120.0,960.0,12.0,,regular,960.0,RULE+TAPE,12 missing minutes,False
20141126,2,REG,post2014,120.0,960.0,7.0,,regular,960.0,RULE+TAPE,7 missing minutes,False
20141127,3,HOL,post2014,120.0,780.0,67.0,,short,780.0,RULE+TAPE,67 missing minutes before close,False
20141128,4,EVE,post2014,120.0,795.0,8.0,,short,795.0,RULE+TAPE,8 missing minutes before close,False
20141201,0,REG,post2014,120.0,960.0,7.0,,regular,960.0,RULE+TAPE,7 missing minutes,False
20141202,1,REG,post2014,120.0,960.0,4.0,,regular,960.0,RULE+TAPE,4 missing minutes,False
20141203,2,REG,post2014,120.0,960.0,21.0,,regular,960.0,RULE+TAPE,21 missing minutes,False
20141204,3,REG,post2014,120.0,960.0,24.0,,regular,960.0,RULE+TAPE,24 missing minutes,False
20141205,4,REG,post2014,120.0,960.0,18.0,,regular,960.0,RULE+TAPE,18 missing minutes,False
20141208,0,REG,post2014,120.0,960.0,9.0,,regular,960.0,RULE+TAPE,9 missing minutes,False
20141209,1,REG,post2014,120.0,960.0,0.0,,regular,960.0,RULE+TAPE,,True
20141210,2,REG,post2014,120.0,960.0,4.0,,regular,960.0,RULE+TAPE,4 missing minutes,False
20141211,3,REG,post2014,120.0,960.0,98.0,,regular,960.0,RULE+TAPE,98 missing minutes,False
20141212,4,REG,post2014,120.0,960.0,0.0,,regular,960.0,RULE+TAPE,,True
20141215,0,REG,post2014,120.0,960.0,4.0,,regular,960.0,RULE+TAPE,4 missing minutes,False
20141216,1,REG,post2014,120.0,960.0,2.0,,regular,960.0,RULE+TAPE,2 missing minutes,False
20141217,2,REG,post2014,120.0,960.0,0.0,,regular,960.0,RULE+TAPE,,True
20141218,3,REG,post2014,120.0,960.0,0.0,,regular,960.0,RULE+TAPE,,True
20141219,4,REG,post2014,120.0,960.0,0.0,,regular,960.0,RULE+TAPE,,True
20141222,0,REG,post2014,120.0,960.0,3.0,,regular,960.0,RULE+TAPE,3 missing minutes,False
20141223,1,REG,post2014,120.0,960.0,13.0,,regular,960.0,RULE+TAPE,13 missing minutes,False
20141224,2,EVE,post2014,120.0,795.0,111.0,,short,795.0,RULE+TAPE,111 missing minutes before close,False
20141225,3,XMAS,post2014,,,,,closed,,RULE+TAPE,,False
20141226,4,REG,post2014,122.0,960.0,187.0,,regular,960.0,RULE+TAPE,187 missing minutes,False
20141229,0,REG,post2014,120.0,960.0,7.0,,regular,960.0,RULE+TAPE,7 missing minutes,False
20141230,1,REG,post2014,120.0,960.0,5.0,,regular,960.0,RULE+TAPE,5 missing minutes,False
20141231,2,REG,post2014,120.0,960.0,104.0,,regular,960.0,RULE+TAPE,104 missing minutes,False
20150101,3,NEWYEAR,post2014,,,,,closed,,RULE+TAPE,,False
20150102,4,REG,post2014,120.0,960.0,2.0,,regular,960.0,RULE+TAPE,2 missing minutes,False
20150105,0,REG,post2014,120.0,960.0,3.0,,regular,960.0,RULE+TAPE,3 missing minutes,False
20150106,1,REG,post2014,120.0,960.0,0.0,,regular,960.0,RULE+TAPE,,True
20150107,2,REG,post2014,120.0,960.0,2.0,,regular,960.0,RULE+TAPE,2 missing minutes,False
20150108,3,REG,post2014,120.0,960.0,2.0,,regular,960.0,RULE+TAPE,2 missing minutes,False
20150109,4,REG,post2014,120.0,960.0,2.0,,regular,960.0,RULE+TAPE,2 missing minutes,False
20150112,0,REG,post2014,120.0,960.0,3.0,,regular,960.0,RULE+TAPE,3 missing minutes,False
20150113,1,REG,post2014,120.0,960.0,1.0,,regular,960.0,RULE+TAPE,1 missing minutes,False
20150114,2,REG,post2014,120.0,960.0,0.0,,regular,960.0,RULE+TAPE,,True
20150115,3,REG,post2014,120.0,960.0,1.0,,regular,960.0,RULE+TAPE,1 missing minutes,False
20150116,4,REG,post2014,120.0,960.0,1.0,,regular,960.0,RULE+TAPE,1 missing minutes,False
20150119,0,HOL,post2014,120.0,780.0,10.0,,short,780.0,RULE+TAPE,10 missing minutes before close,False
20150120,1,REG,post2014,120.0,960.0,2.0,,regular,960.0,RULE+TAPE,2 missing minutes,False
20150121,2,REG,post2014,120.0,960.0,1.0,,regular,960.0,RULE+TAPE,1 missing minutes,False
20150122,3,REG,post2014,120.0,960.0,6.0,,regular,960.0,RULE+TAPE,6 missing minutes,False
20150123,4,REG,post2014,120.0,960.0,3.0,,regular,960.0,RULE+TAPE,3 missing minutes,False
20150126,0,REG,post2014,120.0,960.0,2.0,,regular,960.0,RULE+TAPE,2 missing minutes,False
20150127,1,REG,post2014,120.0,960.0,0.0,,regular,960.0,RULE+TAPE,,True
20150128,2,REG,post2014,120.0,960.0,0.0,,regular,960.0,RULE+TAPE,,True
20150129,3,REG,post2014,120.0,960.0,2.0,,regular,960.0,RULE+TAPE,2 missing minutes,False
20150130,4,REG,post2014,120.0,960.0,4.0,,regular,960.0,RULE+TAPE,4 missing minutes,False
20150202,0,REG,post2014,120.0,960.0,0.0,,regular,960.0,RULE+TAPE,,True
20150203,1,REG,post2014,120.0,960.0,0.0,,regular,960.0,RULE+TAPE,,True
20150204,2,REG,post2014,120.0,960.0,3.0,,regular,960.0,RULE+TAPE,3 missing minutes,False
20150205,3,REG,post2014,120.0,960.0,1.0,,regular,960.0,RULE+TAPE,1 missing minutes,False
20150206,4,REG,post2014,120.0,960.0,9.0,,regular,960.0,RULE+TAPE,9 missing minutes,False
20150209,0,REG,post2014,120.0,960.0,7.0,,regular,960.0,RULE+TAPE,7 missing minutes,False
20150210,1,REG,post2014,120.0,960.0,3.0,,regular,960.0,RULE+TAPE,3 missing minutes,False
20150211,2,REG,post2014,120.0,960.0,10.0,,regular,960.0,RULE+TAPE,10 missing minutes,False
20150212,3,REG,post2014,120.0,960.0,0.0,,regular,960.0,RULE+TAPE,,True
20150213,4,REG,post2014,120.0,960.0,8.0,,regular,960.0,RULE+TAPE,8 missing minutes,False
20150216,0,HOL,post2014,120.0,780.0,32.0,,short,780.0,RULE+TAPE,32 missing minutes before close,False
20150217,1,REG,post2014,120.0,960.0,11.0,,regular,960.0,RULE+TAPE,11 missing minutes,False
20150218,2,REG,post2014,120.0,960.0,12.0,,regular,960.0,RULE+TAPE,12 missing minutes,False
20150219,3,REG,post2014,120.0,960.0,6.0,,regular,960.0,RULE+TAPE,6 missing minutes,False
20150220,4,REG,post2014,120.0,960.0,16.0,,regular,960.0,RULE+TAPE,16 missing minutes,False
20150223,0,REG,post2014,120.0,960.0,11.0,,regular,960.0,RULE+TAPE,11 missing minutes,False
20150224,1,REG,post2014,120.0,960.0,19.0,,regular,960.0,RULE+TAPE,19 missing minutes,False
20150225,2,REG,post2014,120.0,960.0,15.0,,regular,960.0,RULE+TAPE,15 missing minutes,False
20150226,3,REG,post2014,120.0,960.0,8.0,,regular,960.0,RULE+TAPE,8 missing minutes,False
20150227,4,REG,post2014,120.0,960.0,12.0,,regular,960.0,RULE+TAPE,12 missing minutes,False
20150302,0,REG,post2014,120.0,960.0,13.0,,regular,960.0,RULE+TAPE,13 missing minutes,False
20150303,1,REG,post2014,120.0,960.0,17.0,,regular,960.0,RULE+TAPE,17 missing minutes,False
20150304,2,REG,post2014,120.0,960.0,12.0,,regular,960.0,RULE+TAPE,12 missing minutes,False
20150305,3,REG,post2014,120.0,960.0,15.0,,regular,960.0,RULE+TAPE,15 missing minutes,False
20150306,4,REG,post2014,120.0,960.0,17.0,,regular,960.0,RULE+TAPE,17 missing minutes,False
20150309,0,REG,post2014,120.0,960.0,19.0,,regular,960.0,RULE+TAPE,19 missing minutes,False
20150310,1,REG,post2014,120.0,960.0,24.0,,regular,960.0,RULE+TAPE,24 missing minutes,False
20150311,2,REG,post2014,120.0,960.0,12.0,,regular,960.0,RULE+TAPE,12 missing minutes,False
20150312,3,REG,post2014,120.0,960.0,220.0,,regular,960.0,RULE+TAPE,220 missing minutes,False
20150313,4,REG,post2014,120.0,960.0,24.0,,regular,960.0,RULE+TAPE,24 missing minutes,False
20150316,0,REG,post2014,120.0,960.0,11.0,,regular,960.0,RULE+TAPE,11 missing minutes,False
20150317,1,REG,post2014,120.0,960.0,16.0,,regular,960.0,RULE+TAPE,16 missing minutes,False
20150318,2,REG,post2014,120.0,960.0,27.0,,regular,960.0,RULE+TAPE,27 missing minutes,False
20150319,3,REG,post2014,120.0,960.0,9.0,,regular,960.0,RULE+TAPE,9 missing minutes,False
20150320,4,REG,post2014,120.0,960.0,19.0,,regular,960.0,RULE+TAPE,19 missing minutes,False
20150323,0,REG,post2014,120.0,960.0,26.0,,regular,960.0,RULE+TAPE,26 missing minutes,False
20150324,1,REG,post2014,120.0,960.0,26.0,,regular,960.0,RULE+TAPE,26 missing minutes,False
20150325,2,REG,post2014,120.0,960.0,13.0,,regular,960.0,RULE+TAPE,13 missing minutes,False
20150326,3,REG,post2014,120.0,960.0,2.0,,regular,960.0,RULE+TAPE,2 missing minutes,False
20150327,4,REG,post2014,120.0,960.0,5.0,,regular,960.0,RULE+TAPE,5 missing minutes,False
20150330,0,REG,post2014,120.0,960.0,3.0,,regular,960.0,RULE+TAPE,3 missing minutes,False
20150331,1,REG,post2014,120.0,960.0,0.0,,regular,960.0,RULE+TAPE,,True
20150401,2,REG,post2014,120.0,960.0,0.0,,regular,960.0,RULE+TAPE,,True
20150402,3,REG,post2014,120.0,960.0,3.0,,regular,960.0,RULE+TAPE,3 missing minutes,False
20150403,4,GOODFRI,post2014,120.0,555.0,173.0,,short,555.0,TAPE_ONLY,GOODFRI with abbreviated session on tape (e.g. Good Friday NFP),False
20150406,0,REG,post2014,120.0,960.0,66.0,,regular,960.0,RULE+TAPE,66 missing minutes,False
20150407,1,REG,post2014,120.0,960.0,4.0,,regular,960.0,RULE+TAPE,4 missing minutes,False
20150408,2,REG,post2014,120.0,960.0,1.0,,regular,960.0,RULE+TAPE,1 missing minutes,False
20150409,3,REG,post2014,120.0,960.0,11.0,,regular,960.0,RULE+TAPE,11 missing minutes,False
20150410,4,REG,post2014,120.0,960.0,9.0,,regular,960.0,RULE+TAPE,9 missing minutes,False
20150413,0,REG,post2014,120.0,960.0,15.0,,regular,960.0,RULE+TAPE,15 missing minutes,False
20150414,1,REG,post2014,120.0,960.0,4.0,,regular,960.0,RULE+TAPE,4 missing minutes,False
20150415,2,REG,post2014,120.0,960.0,11.0,,regular,960.0,RULE+TAPE,11 missing minutes,False
20150416,3,REG,post2014,120.0,960.0,5.0,,regular,960.0,RULE+TAPE,5 missing minutes,False
20150417,4,REG,post2014,120.0,960.0,6.0,,regular,960.0,RULE+TAPE,6 missing minutes,False
20150420,0,REG,post2014,120.0,960.0,0.0,,regular,960.0,RULE+TAPE,,True
20150421,1,REG,post2014,120.0,960.0,0.0,,regular,960.0,RULE+TAPE,,True
20150422,2,REG,post2014,120.0,960.0,9.0,,regular,960.0,RULE+TAPE,9 missing minutes,False
20150423,3,REG,post2014,120.0,960.0,1.0,,regular,960.0,RULE+TAPE,1 missing minutes,False
20150424,4,REG,post2014,120.0,960.0,1.0,,regular,960.0,RULE+TAPE,1 missing minutes,False
20150427,0,REG,post2014,120.0,960.0,4.0,,regular,960.0,RULE+TAPE,4 missing minutes,False
20150428,1,REG,post2014,120.0,960.0,6.0,,regular,960.0,RULE+TAPE,6 missing minutes,False
20150429,2,REG,post2014,120.0,960.0,4.0,,regular,960.0,RULE+TAPE,4 missing minutes,False
20150430,3,REG,post2014,120.0,960.0,5.0,,regular,960.0,RULE+TAPE,5 missing minutes,False
20150501,4,REG,post2014,120.0,960.0,49.0,,regular,960.0,RULE+TAPE,49 missing minutes,False
20150504,0,REG,post2014,120.0,960.0,3.0,,regular,960.0,RULE+TAPE,3 missing minutes,False
20150505,1,REG,post2014,120.0,960.0,12.0,,regular,960.0,RULE+TAPE,12 missing minutes,False
20150506,2,REG,post2014,120.0,960.0,2.0,,regular,960.0,RULE+TAPE,2 missing minutes,False
20150507,3,REG,post2014,120.0,960.0,1.0,,regular,960.0,RULE+TAPE,1 missing minutes,False
20150508,4,REG,post2014,120.0,960.0,1.0,,regular,960.0,RULE+TAPE,1 missing minutes,False
20150511,0,REG,post2014,120.0,960.0,16.0,,regular,960.0,RULE+TAPE,16 missing minutes,False
20150512,1,REG,post2014,120.0,960.0,0.0,,regular,960.0,RULE+TAPE,,True
20150513,2,REG,post2014,120.0,960.0,1.0,,regular,960.0,RULE+TAPE,1 missing minutes,False
20150514,3,REG,post2014,120.0,960.0,8.0,,regular,960.0,RULE+TAPE,8 missing minutes,False
20150515,4,REG,post2014,120.0,960.0,0.0,,regular,960.0,RULE+TAPE,,True
20150518,0,REG,post2014,120.0,960.0,8.0,,regular,960.0,RULE+TAPE,8 missing minutes,False
20150519,1,REG,post2014,120.0,960.0,6.0,,regular,960.0,RULE+TAPE,6 missing minutes,False
20150520,2,REG,post2014,120.0,960.0,11.0,,regular,960.0,RULE+TAPE,11 missing minutes,False
20150521,3,REG,post2014,120.0,960.0,8.0,,regular,960.0,RULE+TAPE,8 missing minutes,False
20150522,4,REG,post2014,120.0,960.0,18.0,,regular,960.0,RULE+TAPE,18 missing minutes,False
20150525,0,HOL,post2014,120.0,780.0,135.0,,short,780.0,RULE+TAPE,135 missing minutes before close,False
20150526,1,REG,post2014,120.0,960.0,0.0,,regular,960.0,RULE+TAPE,,True
20150527,2,REG,post2014,120.0,960.0,9.0,,regular,960.0,RULE+TAPE,9 missing minutes,False
20150528,3,REG,post2014,120.0,960.0,4.0,,regular,960.0,RULE+TAPE,4 missing minutes,False
20150529,4,REG,post2014,120.0,960.0,10.0,,regular,960.0,RULE+TAPE,10 missing minutes,False
20150601,0,REG,post2014,120.0,960.0,1.0,,regular,960.0,RULE+TAPE,1 missing minutes,False
20150602,1,REG,post2014,120.0,960.0,1.0,,regular,960.0,RULE+TAPE,1 missing minutes,False
20150603,2,REG,post2014,120.0,960.0,3.0,,regular,960.0,RULE+TAPE,3 missing minutes,False
20150604,3,REG,post2014,120.0,960.0,3.0,,regular,960.0,RULE+TAPE,3 missing minutes,False
20150605,4,REG,post2014,120.0,960.0,7.0,,regular,960.0,RULE+TAPE,7 missing minutes,False
20150608,0,REG,post2014,120.0,960.0,1.0,,regular,960.0,RULE+TAPE,1 missing minutes,False
20150609,1,REG,post2014,120.0,960.0,8.0,,regular,960.0,RULE+TAPE,8 missing minutes,False
20150610,2,REG,post2014,120.0,960.0,13.0,,regular,960.0,RULE+TAPE,13 missing minutes,False
20150611,3,REG,post2014,120.0,960.0,192.0,,regular,960.0,RULE+TAPE,192 missing minutes,False
20150612,4,REG,post2014,120.0,960.0,13.0,,regular,960.0,RULE+TAPE,13 missing minutes,False
20150615,0,REG,post2014,120.0,960.0,1.0,,regular,960.0,RULE+TAPE,1 missing minutes,False
20150616,1,REG,post2014,120.0,960.0,0.0,,regular,960.0,RULE+TAPE,,True
20150617,2,REG,post2014,120.0,960.0,11.0,,regular,960.0,RULE+TAPE,11 missing minutes,False
20150618,3,REG,post2014,120.0,960.0,4.0,,regular,960.0,RULE+TAPE,4 missing minutes,False
20150619,4,REG,post2014,120.0,960.0,5.0,,regular,960.0,RULE+TAPE,5 missing minutes,False
20150622,0,REG,post2014,120.0,960.0,1.0,,regular,960.0,RULE+TAPE,1 missing minutes,False
20150623,1,REG,post2014,120.0,960.0,6.0,,regular,960.0,RULE+TAPE,6 missing minutes,False
20150624,2,REG,post2014,120.0,960.0,10.0,,regular,960.0,RULE+TAPE,10 missing minutes,False
20150625,3,REG,post2014,120.0,960.0,6.0,,regular,960.0,RULE+TAPE,6 missing minutes,False
20150626,4,REG,post2014,120.0,960.0,5.0,,regular,960.0,RULE+TAPE,5 missing minutes,False
20150629,0,REG,post2014,120.0,960.0,0.0,,regular,960.0,RULE+TAPE,,True
20150630,1,REG,post2014,120.0,960.0,4.0,,regular,960.0,RULE+TAPE,4 missing minutes,False
20150701,2,REG,post2014,120.0,960.0,1.0,,regular,960.0,RULE+TAPE,1 missing minutes,False
20150702,3,REG,post2014,120.0,960.0,6.0,,regular,960.0,RULE+TAPE,6 missing minutes,False
20150703,4,HOL,post2014,120.0,780.0,32.0,,short,780.0,RULE+TAPE,32 missing minutes before close,False
20150706,0,REG,post2014,120.0,960.0,0.0,,regular,960.0,RULE+TAPE,,True
20150707,1,REG,post2014,120.0,960.0,1.0,,regular,960.0,RULE+TAPE,1 missing minutes,False
20150708,2,REG,post2014,120.0,960.0,0.0,,regular,960.0,RULE+TAPE,,True
20150709,3,REG,post2014,120.0,960.0,2.0,,regular,960.0,RULE+TAPE,2 missing minutes,False
20150710,4,REG,post2014,120.0,960.0,0.0,,regular,960.0,RULE+TAPE,,True
20150713,0,REG,post2014,120.0,960.0,1.0,,regular,960.0,RULE+TAPE,1 missing minutes,False
20150714,1,REG,post2014,120.0,960.0,2.0,,regular,960.0,RULE+TAPE,2 missing minutes,False
20150715,2,REG,post2014,120.0,960.0,15.0,,regular,960.0,RULE+TAPE,15 missing minutes,False
20150716,3,REG,post2014,120.0,960.0,5.0,,regular,960.0,RULE+TAPE,5 missing minutes,False
20150717,4,REG,post2014,120.0,960.0,0.0,,regular,960.0,RULE+TAPE,,True
20150720,0,REG,post2014,120.0,960.0,27.0,,regular,960.0,RULE+TAPE,27 missing minutes,False
20150721,1,REG,post2014,120.0,960.0,7.0,,regular,960.0,RULE+TAPE,7 missing minutes,False
20150722,2,REG,post2014,120.0,960.0,2.0,,regular,960.0,RULE+TAPE,2 missing minutes,False
20150723,3,REG,post2014,120.0,960.0,8.0,,regular,960.0,RULE+TAPE,8 missing minutes,False
20150724,4,REG,post2014,120.0,960.0,7.0,,regular,960.0,RULE+TAPE,7 missing minutes,False
20150727,0,REG,post2014,120.0,960.0,1.0,,regular,960.0,RULE+TAPE,1 missing minutes,False
20150728,1,REG,post2014,120.0,960.0,2.0,,regular,960.0,RULE+TAPE,2 missing minutes,False
20150729,2,REG,post2014,120.0,960.0,0.0,,regular,960.0,RULE+TAPE,,True
20150730,3,REG,post2014,120.0,960.0,10.0,,regular,960.0,RULE+TAPE,10 missing minutes,False
20150731,4,REG,post2014,120.0,960.0,9.0,,regular,960.0,RULE+TAPE,9 missing minutes,False
20150803,0,REG,post2014,120.0,960.0,13.0,,regular,960.0,RULE+TAPE,13 missing minutes,False
20150804,1,REG,post2014,120.0,960.0,5.0,,regular,960.0,RULE+TAPE,5 missing minutes,False
20150805,2,REG,post2014,120.0,960.0,3.0,,regular,960.0,RULE+TAPE,3 missing minutes,False
20150806,3,REG,post2014,120.0,960.0,8.0,,regular,960.0,RULE+TAPE,8 missing minutes,False
20150807,4,REG,post2014,120.0,960.0,6.0,,regular,960.0,RULE+TAPE,6 missing minutes,False
20150810,0,REG,post2014,120.0,960.0,0.0,,regular,960.0,RULE+TAPE,,True
20150811,1,REG,post2014,120.0,960.0,2.0,,regular,960.0,RULE+TAPE,2 missing minutes,False
20150812,2,REG,post2014,120.0,960.0,0.0,,regular,960.0,RULE+TAPE,,True
20150813,3,REG,post2014,120.0,960.0,0.0,,regular,960.0,RULE+TAPE,,True
20150814,4,REG,post2014,120.0,960.0,3.0,,regular,960.0,RULE+TAPE,3 missing minutes,False
20150817,0,REG,post2014,120.0,960.0,5.0,,regular,960.0,RULE+TAPE,5 missing minutes,False
20150818,1,REG,post2014,120.0,960.0,3.0,,regular,960.0,RULE+TAPE,3 missing minutes,False
20150819,2,REG,post2014,120.0,960.0,0.0,,regular,960.0,RULE+TAPE,,True
20150820,3,REG,post2014,120.0,960.0,0.0,,regular,960.0,RULE+TAPE,,True
20150821,4,REG,post2014,120.0,960.0,0.0,,regular,960.0,RULE+TAPE,,True
20150824,0,REG,post2014,120.0,960.0,9.0,,regular,960.0,RULE+TAPE,9 missing minutes,False
20150825,1,REG,post2014,120.0,960.0,0.0,,regular,960.0,RULE+TAPE,,True
20150826,2,REG,post2014,120.0,960.0,0.0,,regular,960.0,RULE+TAPE,,True
20150827,3,REG,post2014,120.0,960.0,0.0,,regular,960.0,RULE+TAPE,,True
20150828,4,REG,post2014,120.0,960.0,0.0,,regular,960.0,RULE+TAPE,,True
20150831,0,REG,post2014,120.0,960.0,1.0,,regular,960.0,RULE+TAPE,1 missing minutes,False
20150901,1,REG,post2014,120.0,960.0,0.0,,regular,960.0,RULE+TAPE,,True
20150902,2,REG,post2014,120.0,960.0,0.0,,regular,960.0,RULE+TAPE,,True
20150903,3,REG,post2014,120.0,960.0,0.0,,regular,960.0,RULE+TAPE,,True
20150904,4,REG,post2014,120.0,960.0,0.0,,regular,960.0,RULE+TAPE,,True
20150907,0,HOL,post2014,120.0,780.0,12.0,,short,780.0,RULE+TAPE,12 missing minutes before close,False
20150908,1,REG,post2014,120.0,960.0,0.0,,regular,960.0,RULE+TAPE,,True
20150909,2,REG,post2014,120.0,960.0,1.0,,regular,960.0,RULE+TAPE,1 missing minutes,False
20150910,3,REG,post2014,120.0,960.0,70.0,,regular,960.0,RULE+TAPE,70 missing minutes,False
20150911,4,REG,post2014,120.0,960.0,16.0,,regular,960.0,RULE+TAPE,16 missing minutes,False
20150914,0,REG,post2014,120.0,960.0,2.0,,regular,960.0,RULE+TAPE,2 missing minutes,False
20150915,1,REG,post2014,120.0,960.0,7.0,,regular,960.0,RULE+TAPE,7 missing minutes,False
20150916,2,REG,post2014,120.0,960.0,2.0,,regular,960.0,RULE+TAPE,2 missing minutes,False
20150917,3,REG,post2014,120.0,960.0,3.0,,regular,960.0,RULE+TAPE,3 missing minutes,False
20150918,4,REG,post2014,120.0,960.0,0.0,,regular,960.0,RULE+TAPE,,True
20150921,0,REG,post2014,120.0,960.0,1.0,,regular,960.0,RULE+TAPE,1 missing minutes,False
20150922,1,REG,post2014,120.0,960.0,1.0,,regular,960.0,RULE+TAPE,1 missing minutes,False
20150923,2,REG,post2014,120.0,960.0,0.0,,regular,960.0,RULE+TAPE,,True
20150924,3,REG,post2014,120.0,960.0,1.0,,regular,960.0,RULE+TAPE,1 missing minutes,False
20150925,4,REG,post2014,120.0,960.0,0.0,,regular,960.0,RULE+TAPE,,True
20150928,0,REG,post2014,120.0,960.0,1.0,,regular,960.0,RULE+TAPE,1 missing minutes,False
20150929,1,REG,post2014,120.0,960.0,0.0,,regular,960.0,RULE+TAPE,,True
20150930,2,REG,post2014,120.0,960.0,0.0,,regular,960.0,RULE+TAPE,,True
20151001,3,REG,post2014,120.0,960.0,0.0,,regular,960.0,RULE+TAPE,,True
20151002,4,REG,post2014,120.0,960.0,1.0,,regular,960.0,RULE+TAPE,1 missing minutes,False
20151005,0,REG,post2014,120.0,960.0,0.0,,regular,960.0,RULE+TAPE,,True
20151006,1,REG,post2014,120.0,960.0,0.0,,regular,960.0,RULE+TAPE,,True
20151007,2,REG,post2014,120.0,960.0,0.0,,regular,960.0,RULE+TAPE,,True
20151008,3,REG,post2014,120.0,960.0,0.0,,regular,960.0,RULE+TAPE,,True
20151009,4,REG,post2014,120.0,960.0,0.0,,regular,960.0,RULE+TAPE,,True
20151012,0,REG,post2014,120.0,960.0,5.0,,regular,960.0,RULE+TAPE,5 missing minutes,False
20151013,1,REG,post2014,120.0,960.0,0.0,,regular,960.0,RULE+TAPE,,True
20151014,2,REG,post2014,120.0,960.0,0.0,,regular,960.0,RULE+TAPE,,True
20151015,3,REG,post2014,120.0,960.0,0.0,,regular,960.0,RULE+TAPE,,True
20151016,4,REG,post2014,120.0,960.0,1.0,,regular,960.0,RULE+TAPE,1 missing minutes,False
20151019,0,REG,post2014,120.0,960.0,3.0,,regular,960.0,RULE+TAPE,3 missing minutes,False
20151020,1,REG,post2014,120.0,960.0,2.0,,regular,960.0,RULE+TAPE,2 missing minutes,False
20151021,2,REG,post2014,120.0,960.0,0.0,,regular,960.0,RULE+TAPE,,True
20151022,3,REG,post2014,120.0,960.0,3.0,,regular,960.0,RULE+TAPE,3 missing minutes,False
20151023,4,REG,post2014,120.0,960.0,0.0,,regular,960.0,RULE+TAPE,,True
20151026,0,REG,post2014,120.0,960.0,3.0,,regular,960.0,RULE+TAPE,3 missing minutes,False
20151027,1,REG,post2014,120.0,960.0,4.0,,regular,960.0,RULE+TAPE,4 missing minutes,False
20151028,2,REG,post2014,120.0,960.0,12.0,,regular,960.0,RULE+TAPE,12 missing minutes,False
20151029,3,REG,post2014,120.0,960.0,4.0,,regular,960.0,RULE+TAPE,4 missing minutes,False
20151030,4,REG,post2014,120.0,960.0,4.0,,regular,960.0,RULE+TAPE,4 missing minutes,False
20151102,0,REG,post2014,120.0,960.0,1.0,,regular,960.0,RULE+TAPE,1 missing minutes,False
20151103,1,REG,post2014,120.0,960.0,4.0,,regular,960.0,RULE+TAPE,4 missing minutes,False
20151104,2,REG,post2014,120.0,960.0,2.0,,regular,960.0,RULE+TAPE,2 missing minutes,False
20151105,3,REG,post2014,120.0,960.0,1.0,,regular,960.0,RULE+TAPE,1 missing minutes,False
20151106,4,REG,post2014,120.0,960.0,5.0,,regular,960.0,RULE+TAPE,5 missing minutes,False
20151109,0,REG,post2014,120.0,960.0,3.0,,regular,960.0,RULE+TAPE,3 missing minutes,False
20151110,1,REG,post2014,120.0,960.0,0.0,,regular,960.0,RULE+TAPE,,True
20151111,2,REG,post2014,120.0,960.0,2.0,,regular,960.0,RULE+TAPE,2 missing minutes,False
20151112,3,REG,post2014,120.0,960.0,0.0,,regular,960.0,RULE+TAPE,,True
20151113,4,REG,post2014,120.0,960.0,0.0,,regular,960.0,RULE+TAPE,,True
20151116,0,REG,post2014,120.0,960.0,0.0,,regular,960.0,RULE+TAPE,,True
20151117,1,REG,post2014,120.0,960.0,0.0,,regular,960.0,RULE+TAPE,,True
20151118,2,REG,post2014,120.0,960.0,0.0,,regular,960.0,RULE+TAPE,,True
20151119,3,REG,post2014,120.0,960.0,1.0,,regular,960.0,RULE+TAPE,1 missing minutes,False
20151120,4,REG,post2014,120.0,960.0,7.0,,regular,960.0,RULE+TAPE,7 missing minutes,False
20151123,0,REG,post2014,120.0,960.0,3.0,,regular,960.0,RULE+TAPE,3 missing minutes,False
20151124,1,REG,post2014,120.0,960.0,0.0,,regular,960.0,RULE+TAPE,,True
20151125,2,REG,post2014,120.0,960.0,3.0,,regular,960.0,RULE+TAPE,3 missing minutes,False
20151126,3,HOL,post2014,120.0,780.0,18.0,,short,780.0,RULE+TAPE,18 missing minutes before close,False
20151127,4,EVE,post2014,120.0,795.0,4.0,,short,795.0,RULE+TAPE,4 missing minutes before close,False
20151130,0,REG,post2014,120.0,960.0,8.0,,regular,960.0,RULE+TAPE,8 missing minutes,False
20151201,1,REG,post2014,120.0,960.0,3.0,,regular,960.0,RULE+TAPE,3 missing minutes,False
20151202,2,REG,post2014,120.0,960.0,4.0,,regular,960.0,RULE+TAPE,4 missing minutes,False
20151203,3,REG,post2014,120.0,960.0,0.0,,regular,960.0,RULE+TAPE,,True
20151204,4,REG,post2014,120.0,960.0,0.0,,regular,960.0,RULE+TAPE,,True
20151207,0,REG,post2014,120.0,960.0,1.0,,regular,960.0,RULE+TAPE,1 missing minutes,False
20151208,1,REG,post2014,120.0,960.0,2.0,,regular,960.0,RULE+TAPE,2 missing minutes,False
20151209,2,REG,post2014,120.0,960.0,1.0,,regular,960.0,RULE+TAPE,1 missing minutes,False
20151210,3,REG,post2014,121.0,960.0,121.0,,regular,960.0,RULE+TAPE,121 missing minutes,False
20151211,4,REG,post2014,120.0,960.0,7.0,,regular,960.0,RULE+TAPE,7 missing minutes,False
20151214,0,REG,post2014,120.0,960.0,0.0,,regular,960.0,RULE+TAPE,,True
20151215,1,REG,post2014,120.0,960.0,0.0,,regular,960.0,RULE+TAPE,,True
20151216,2,REG,post2014,120.0,960.0,4.0,,regular,960.0,RULE+TAPE,4 missing minutes,False
20151217,3,REG,post2014,120.0,960.0,0.0,,regular,960.0,RULE+TAPE,,True
20151218,4,REG,post2014,120.0,960.0,0.0,,regular,960.0,RULE+TAPE,,True
20151221,0,REG,post2014,120.0,960.0,0.0,,regular,960.0,RULE+TAPE,,True
20151222,1,REG,post2014,120.0,960.0,1.0,,regular,960.0,RULE+TAPE,1 missing minutes,False
20151223,2,REG,post2014,120.0,960.0,7.0,,regular,960.0,RULE+TAPE,7 missing minutes,False
20151224,3,EVE,post2014,120.0,795.0,43.0,,short,795.0,RULE+TAPE,43 missing minutes before close,False
20151225,4,XMAS,post2014,,,,,closed,,RULE+TAPE,,False
20151228,0,REG,post2014,120.0,960.0,7.0,,regular,960.0,RULE+TAPE,7 missing minutes,False
20151229,1,REG,post2014,120.0,960.0,7.0,,regular,960.0,RULE+TAPE,7 missing minutes,False
20151230,2,REG,post2014,120.0,960.0,9.0,,regular,960.0,RULE+TAPE,9 missing minutes,False
20151231,3,REG,post2014,120.0,960.0,45.0,,regular,960.0,RULE+TAPE,45 missing minutes,False
20160101,4,NEWYEAR,post2014,,,,,closed,,RULE+TAPE,,False
20160104,0,REG,post2014,120.0,960.0,0.0,,regular,960.0,RULE+TAPE,,True
20160105,1,REG,post2014,120.0,960.0,0.0,,regular,960.0,RULE+TAPE,,True
20160106,2,REG,post2014,120.0,960.0,0.0,,regular,960.0,RULE+TAPE,,True
20160107,3,REG,post2014,120.0,960.0,0.0,,regular,960.0,RULE+TAPE,,True
20160108,4,REG,post2014,120.0,960.0,0.0,,regular,960.0,RULE+TAPE,,True
20160111,0,REG,post2014,120.0,960.0,0.0,,regular,960.0,RULE+TAPE,,True
20160112,1,REG,post2014,120.0,960.0,0.0,,regular,960.0,RULE+TAPE,,True
20160113,2,REG,post2014,120.0,960.0,0.0,,regular,960.0,RULE+TAPE,,True
20160114,3,REG,post2014,120.0,960.0,0.0,,regular,960.0,RULE+TAPE,,True
20160115,4,REG,post2014,120.0,960.0,0.0,,regular,960.0,RULE+TAPE,,True
20160118,0,HOL,post2014,120.0,780.0,1.0,,short,780.0,RULE+TAPE,1 missing minutes before close,False
20160119,1,REG,post2014,120.0,960.0,0.0,,regular,960.0,RULE+TAPE,,True
20160120,2,REG,post2014,120.0,960.0,0.0,,regular,960.0,RULE+TAPE,,True
20160121,3,REG,post2014,120.0,960.0,0.0,,regular,960.0,RULE+TAPE,,True
20160122,4,REG,post2014,120.0,960.0,0.0,,regular,960.0,RULE+TAPE,,True
20160125,0,REG,post2014,120.0,960.0,0.0,,regular,960.0,RULE+TAPE,,True
20160126,1,REG,post2014,120.0,960.0,0.0,,regular,960.0,RULE+TAPE,,True
20160127,2,REG,post2014,120.0,960.0,0.0,,regular,960.0,RULE+TAPE,,True
20160128,3,REG,post2014,120.0,960.0,0.0,,regular,960.0,RULE+TAPE,,True
20160129,4,REG,post2014,120.0,960.0,0.0,,regular,960.0,RULE+TAPE,,True
20160201,0,REG,post2014,120.0,960.0,0.0,,regular,960.0,RULE+TAPE,,True
20160202,1,REG,post2014,120.0,960.0,1.0,,regular,960.0,RULE+TAPE,1 missing minutes,False
20160203,2,REG,post2014,120.0,960.0,0.0,,regular,960.0,RULE+TAPE,,True
20160204,3,REG,post2014,120.0,960.0,0.0,,regular,960.0,RULE+TAPE,,True
20160205,4,REG,post2014,120.0,960.0,0.0,,regular,960.0,RULE+TAPE,,True
20160208,0,REG,post2014,120.0,960.0,0.0,,regular,960.0,RULE+TAPE,,True
20160209,1,REG,post2014,120.0,960.0,0.0,,regular,960.0,RULE+TAPE,,True
20160210,2,REG,post2014,120.0,960.0,0.0,,regular,960.0,RULE+TAPE,,True
20160211,3,REG,post2014,120.0,960.0,9.0,,regular,960.0,RULE+TAPE,9 missing minutes,False
20160212,4,REG,post2014,120.0,960.0,0.0,,regular,960.0,RULE+TAPE,,True
20160215,0,HOL,post2014,120.0,780.0,3.0,,short,780.0,RULE+TAPE,3 missing minutes before close,False
20160216,1,REG,post2014,120.0,960.0,1.0,,regular,960.0,RULE+TAPE,1 missing minutes,False
20160217,2,REG,post2014,120.0,960.0,0.0,,regular,960.0,RULE+TAPE,,True
20160218,3,REG,post2014,120.0,960.0,1.0,,regular,960.0,RULE+TAPE,1 missing minutes,False
20160219,4,REG,post2014,120.0,960.0,0.0,,regular,960.0,RULE+TAPE,,True
20160222,0,REG,post2014,120.0,960.0,2.0,,regular,960.0,RULE+TAPE,2 missing minutes,False
20160223,1,REG,post2014,120.0,960.0,0.0,,regular,960.0,RULE+TAPE,,True
20160224,2,REG,post2014,120.0,960.0,0.0,,regular,960.0,RULE+TAPE,,True
20160225,3,REG,post2014,120.0,960.0,0.0,,regular,960.0,RULE+TAPE,,True
20160226,4,REG,post2014,120.0,960.0,0.0,,regular,960.0,RULE+TAPE,,True
20160229,0,REG,post2014,120.0,960.0,0.0,,regular,960.0,RULE+TAPE,,True
20160301,1,REG,post2014,120.0,960.0,0.0,,regular,960.0,RULE+TAPE,,True
20160302,2,REG,post2014,120.0,960.0,1.0,,regular,960.0,RULE+TAPE,1 missing minutes,False
20160303,3,REG,post2014,120.0,960.0,0.0,,regular,960.0,RULE+TAPE,,True
20160304,4,REG,post2014,120.0,960.0,2.0,,regular,960.0,RULE+TAPE,2 missing minutes,False
20160307,0,REG,post2014,120.0,960.0,0.0,,regular,960.0,RULE+TAPE,,True
20160308,1,REG,post2014,120.0,960.0,0.0,,regular,960.0,RULE+TAPE,,True
20160309,2,REG,post2014,120.0,960.0,2.0,,regular,960.0,RULE+TAPE,2 missing minutes,False
20160310,3,REG,post2014,129.0,960.0,229.0,,regular,960.0,RULE+TAPE,229 missing minutes,False
20160311,4,REG,post2014,120.0,960.0,0.0,,regular,960.0,RULE+TAPE,,True
20160314,0,REG,post2014,120.0,960.0,7.0,,regular,960.0,RULE+TAPE,7 missing minutes,False
20160315,1,REG,post2014,120.0,960.0,11.0,,regular,960.0,RULE+TAPE,11 missing minutes,False
20160316,2,REG,post2014,120.0,960.0,11.0,,regular,960.0,RULE+TAPE,11 missing minutes,False
20160317,3,REG,post2014,120.0,960.0,7.0,,regular,960.0,RULE+TAPE,7 missing minutes,False
20160318,4,REG,post2014,120.0,960.0,9.0,,regular,960.0,RULE+TAPE,9 missing minutes,False
20160321,0,REG,post2014,120.0,960.0,25.0,,regular,960.0,RULE+TAPE,25 missing minutes,False
20160322,1,REG,post2014,120.0,960.0,6.0,,regular,960.0,RULE+TAPE,6 missing minutes,False
20160323,2,REG,post2014,120.0,960.0,9.0,,regular,960.0,RULE+TAPE,9 missing minutes,False
20160324,3,REG,post2014,120.0,960.0,1.0,,regular,960.0,RULE+TAPE,1 missing minutes,False
20160325,4,GOODFRI,post2014,,,,,closed,,RULE+TAPE,,False
20160328,0,REG,post2014,120.0,960.0,46.0,,regular,960.0,RULE+TAPE,46 missing minutes,False
20160329,1,REG,post2014,120.0,960.0,2.0,,regular,960.0,RULE+TAPE,2 missing minutes,False
20160330,2,REG,post2014,120.0,960.0,0.0,,regular,960.0,RULE+TAPE,,True
20160331,3,REG,post2014,120.0,960.0,3.0,,regular,960.0,RULE+TAPE,3 missing minutes,False
20160401,4,REG,post2014,120.0,960.0,0.0,,regular,960.0,RULE+TAPE,,True
20160404,0,REG,post2014,120.0,960.0,1.0,,regular,960.0,RULE+TAPE,1 missing minutes,False
20160405,1,REG,post2014,120.0,960.0,1.0,,regular,960.0,RULE+TAPE,1 missing minutes,False
20160406,2,REG,post2014,120.0,960.0,2.0,,regular,960.0,RULE+TAPE,2 missing minutes,False
20160407,3,REG,post2014,120.0,960.0,0.0,,regular,960.0,RULE+TAPE,,True
20160408,4,REG,post2014,120.0,960.0,0.0,,regular,960.0,RULE+TAPE,,True
20160411,0,REG,post2014,120.0,960.0,0.0,,regular,960.0,RULE+TAPE,,True
20160412,1,REG,post2014,120.0,960.0,1.0,,regular,960.0,RULE+TAPE,1 missing minutes,False
20160413,2,REG,post2014,120.0,960.0,0.0,,regular,960.0,RULE+TAPE,,True
20160414,3,REG,post2014,120.0,960.0,0.0,,regular,960.0,RULE+TAPE,,True
20160415,4,REG,post2014,120.0,960.0,1.0,,regular,960.0,RULE+TAPE,1 missing minutes,False
20160418,0,REG,post2014,120.0,960.0,0.0,,regular,960.0,RULE+TAPE,,True
20160419,1,REG,post2014,120.0,960.0,0.0,,regular,960.0,RULE+TAPE,,True
20160420,2,REG,post2014,120.0,960.0,0.0,,regular,960.0,RULE+TAPE,,True
20160421,3,REG,post2014,120.0,960.0,0.0,,regular,960.0,RULE+TAPE,,True
20160422,4,REG,post2014,120.0,960.0,0.0,,regular,960.0,RULE+TAPE,,True
20160425,0,REG,post2014,120.0,960.0,1.0,,regular,960.0,RULE+TAPE,1 missing minutes,False
20160426,1,REG,post2014,120.0,960.0,2.0,,regular,960.0,RULE+TAPE,2 missing minutes,False
20160427,2,REG,post2014,120.0,960.0,0.0,,regular,960.0,RULE+TAPE,,True
20160428,3,REG,post2014,120.0,960.0,0.0,,regular,960.0,RULE+TAPE,,True
20160429,4,REG,post2014,120.0,960.0,0.0,,regular,960.0,RULE+TAPE,,True
20160502,0,REG,post2014,120.0,960.0,0.0,,regular,960.0,RULE+TAPE,,True
20160503,1,REG,post2014,120.0,960.0,0.0,,regular,960.0,RULE+TAPE,,True
20160504,2,REG,post2014,120.0,960.0,0.0,,regular,960.0,RULE+TAPE,,True
20160505,3,REG,post2014,120.0,960.0,0.0,,regular,960.0,RULE+TAPE,,True
20160506,4,REG,post2014,120.0,960.0,1.0,,regular,960.0,RULE+TAPE,1 missing minutes,False
20160509,0,REG,post2014,120.0,960.0,0.0,,regular,960.0,RULE+TAPE,,True
20160510,1,REG,post2014,120.0,960.0,0.0,,regular,960.0,RULE+TAPE,,True
20160511,2,REG,post2014,120.0,960.0,1.0,,regular,960.0,RULE+TAPE,1 missing minutes,False
20160512,3,REG,post2014,120.0,960.0,1.0,,regular,960.0,RULE+TAPE,1 missing minutes,False
20160513,4,REG,post2014,120.0,960.0,0.0,,regular,960.0,RULE+TAPE,,True
20160516,0,REG,post2014,120.0,960.0,0.0,,regular,960.0,RULE+TAPE,,True
20160517,1,REG,post2014,120.0,960.0,0.0,,regular,960.0,RULE+TAPE,,True
20160518,2,REG,post2014,120.0,960.0,0.0,,regular,960.0,RULE+TAPE,,True
20160519,3,REG,post2014,120.0,960.0,1.0,,regular,960.0,RULE+TAPE,1 missing minutes,False
20160520,4,REG,post2014,120.0,960.0,1.0,,regular,960.0,RULE+TAPE,1 missing minutes,False
20160523,0,REG,post2014,120.0,960.0,1.0,,regular,960.0,RULE+TAPE,1 missing minutes,False
20160524,1,REG,post2014,120.0,960.0,1.0,,regular,960.0,RULE+TAPE,1 missing minutes,False
20160525,2,REG,post2014,120.0,960.0,1.0,,regular,960.0,RULE+TAPE,1 missing minutes,False
20160526,3,REG,post2014,120.0,960.0,4.0,,regular,960.0,RULE+TAPE,4 missing minutes,False
20160527,4,REG,post2014,120.0,960.0,5.0,,regular,960.0,RULE+TAPE,5 missing minutes,False
20160530,0,HOL,post2014,120.0,780.0,76.0,,short,780.0,RULE+TAPE,76 missing minutes before close,False
20160531,1,REG,post2014,120.0,960.0,2.0,,regular,960.0,RULE+TAPE,2 missing minutes,False
20160601,2,REG,post2014,120.0,960.0,0.0,,regular,960.0,RULE+TAPE,,True
20160602,3,REG,post2014,120.0,960.0,1.0,,regular,960.0,RULE+TAPE,1 missing minutes,False
20160603,4,REG,post2014,120.0,960.0,8.0,,regular,960.0,RULE+TAPE,8 missing minutes,False
20160606,0,REG,post2014,120.0,960.0,5.0,,regular,960.0,RULE+TAPE,5 missing minutes,False
20160607,1,REG,post2014,120.0,960.0,3.0,,regular,960.0,RULE+TAPE,3 missing minutes,False
20160608,2,REG,post2014,120.0,960.0,9.0,,regular,960.0,RULE+TAPE,9 missing minutes,False
20160609,3,REG,post2014,120.0,960.0,188.0,,regular,960.0,RULE+TAPE,188 missing minutes,False
20160610,4,REG,post2014,120.0,960.0,4.0,,regular,960.0,RULE+TAPE,4 missing minutes,False
20160613,0,REG,post2014,120.0,960.0,1.0,,regular,960.0,RULE+TAPE,1 missing minutes,False
20160614,1,REG,post2014,120.0,960.0,2.0,,regular,960.0,RULE+TAPE,2 missing minutes,False
20160615,2,REG,post2014,120.0,960.0,1.0,,regular,960.0,RULE+TAPE,1 missing minutes,False
20160616,3,REG,post2014,120.0,960.0,0.0,,regular,960.0,RULE+TAPE,,True
20160617,4,REG,post2014,120.0,960.0,1.0,,regular,960.0,RULE+TAPE,1 missing minutes,False
20160620,0,REG,post2014,120.0,960.0,0.0,,regular,960.0,RULE+TAPE,,True
20160621,1,REG,post2014,120.0,960.0,0.0,,regular,960.0,RULE+TAPE,,True
20160622,2,REG,post2014,120.0,960.0,3.0,,regular,960.0,RULE+TAPE,3 missing minutes,False
20160623,3,REG,post2014,120.0,960.0,0.0,,regular,960.0,RULE+TAPE,,True
20160624,4,REG,post2014,120.0,960.0,0.0,,regular,960.0,RULE+TAPE,,True
20160627,0,REG,post2014,120.0,960.0,0.0,,regular,960.0,RULE+TAPE,,True
20160628,1,REG,post2014,120.0,960.0,0.0,,regular,960.0,RULE+TAPE,,True
20160629,2,REG,post2014,120.0,960.0,0.0,,regular,960.0,RULE+TAPE,,True
20160630,3,REG,post2014,120.0,960.0,0.0,,regular,960.0,RULE+TAPE,,True
20160701,4,REG,post2014,120.0,960.0,0.0,,regular,960.0,RULE+TAPE,,True
20160704,0,HOL,post2014,120.0,780.0,14.0,,short,780.0,RULE+TAPE,14 missing minutes before close,False
20160705,1,REG,post2014,120.0,960.0,2.0,,regular,960.0,RULE+TAPE,2 missing minutes,False
20160706,2,REG,post2014,120.0,960.0,0.0,,regular,960.0,RULE+TAPE,,True
20160707,3,REG,post2014,120.0,960.0,0.0,,regular,960.0,RULE+TAPE,,True
20160708,4,REG,post2014,120.0,960.0,1.0,,regular,960.0,RULE+TAPE,1 missing minutes,False
20160711,0,REG,post2014,120.0,960.0,1.0,,regular,960.0,RULE+TAPE,1 missing minutes,False
20160712,1,REG,post2014,120.0,960.0,0.0,,regular,960.0,RULE+TAPE,,True
20160713,2,REG,post2014,120.0,960.0,1.0,,regular,960.0,RULE+TAPE,1 missing minutes,False
20160714,3,REG,post2014,120.0,960.0,0.0,,regular,960.0,RULE+TAPE,,True
20160715,4,REG,post2014,120.0,960.0,0.0,,regular,960.0,RULE+TAPE,,True
20160718,0,REG,post2014,120.0,960.0,0.0,,regular,960.0,RULE+TAPE,,True
20160719,1,REG,post2014,120.0,960.0,8.0,,regular,960.0,RULE+TAPE,8 missing minutes,False
20160720,2,REG,post2014,120.0,960.0,1.0,,regular,960.0,RULE+TAPE,1 missing minutes,False
20160721,3,REG,post2014,120.0,960.0,4.0,,regular,960.0,RULE+TAPE,4 missing minutes,False
20160722,4,REG,post2014,120.0,960.0,2.0,,regular,960.0,RULE+TAPE,2 missing minutes,False
20160725,0,REG,post2014,120.0,960.0,3.0,,regular,960.0,RULE+TAPE,3 missing minutes,False
20160726,1,REG,post2014,120.0,960.0,4.0,,regular,960.0,RULE+TAPE,4 missing minutes,False
20160727,2,REG,post2014,120.0,960.0,3.0,,regular,960.0,RULE+TAPE,3 missing minutes,False
20160728,3,REG,post2014,120.0,960.0,1.0,,regular,960.0,RULE+TAPE,1 missing minutes,False
20160729,4,REG,post2014,120.0,960.0,1.0,,regular,960.0,RULE+TAPE,1 missing minutes,False
20160801,0,REG,post2014,120.0,960.0,4.0,,regular,960.0,RULE+TAPE,4 missing minutes,False
20160802,1,REG,post2014,120.0,960.0,1.0,,regular,960.0,RULE+TAPE,1 missing minutes,False
20160803,2,REG,post2014,120.0,960.0,1.0,,regular,960.0,RULE+TAPE,1 missing minutes,False
20160804,3,REG,post2014,120.0,960.0,1.0,,regular,960.0,RULE+TAPE,1 missing minutes,False
20160805,4,REG,post2014,120.0,960.0,9.0,,regular,960.0,RULE+TAPE,9 missing minutes,False
20160808,0,REG,post2014,120.0,960.0,7.0,,regular,960.0,RULE+TAPE,7 missing minutes,False
20160809,1,REG,post2014,120.0,960.0,16.0,,regular,960.0,RULE+TAPE,16 missing minutes,False
20160810,2,REG,post2014,120.0,960.0,8.0,,regular,960.0,RULE+TAPE,8 missing minutes,False
20160811,3,REG,post2014,120.0,960.0,6.0,,regular,960.0,RULE+TAPE,6 missing minutes,False
20160812,4,REG,post2014,120.0,960.0,10.0,,regular,960.0,RULE+TAPE,10 missing minutes,False
20160815,0,REG,post2014,120.0,960.0,18.0,,regular,960.0,RULE+TAPE,18 missing minutes,False
20160816,1,REG,post2014,120.0,960.0,6.0,,regular,960.0,RULE+TAPE,6 missing minutes,False
20160817,2,REG,post2014,120.0,960.0,2.0,,regular,960.0,RULE+TAPE,2 missing minutes,False
20160818,3,REG,post2014,120.0,960.0,11.0,,regular,960.0,RULE+TAPE,11 missing minutes,False
20160819,4,REG,post2014,120.0,960.0,5.0,,regular,960.0,RULE+TAPE,5 missing minutes,False
20160822,0,REG,post2014,120.0,960.0,4.0,,regular,960.0,RULE+TAPE,4 missing minutes,False
20160823,1,REG,post2014,120.0,960.0,6.0,,regular,960.0,RULE+TAPE,6 missing minutes,False
20160824,2,REG,post2014,120.0,960.0,0.0,,regular,960.0,RULE+TAPE,,True
20160825,3,REG,post2014,120.0,960.0,1.0,,regular,960.0,RULE+TAPE,1 missing minutes,False
20160826,4,REG,post2014,120.0,960.0,8.0,,regular,960.0,RULE+TAPE,8 missing minutes,False
20160829,0,REG,post2014,120.0,960.0,15.0,,regular,960.0,RULE+TAPE,15 missing minutes,False
20160830,1,REG,post2014,120.0,960.0,4.0,,regular,960.0,RULE+TAPE,4 missing minutes,False
20160831,2,REG,post2014,120.0,960.0,9.0,,regular,960.0,RULE+TAPE,9 missing minutes,False
20160901,3,REG,post2014,120.0,960.0,1.0,,regular,960.0,RULE+TAPE,1 missing minutes,False
20160902,4,REG,post2014,120.0,960.0,0.0,,regular,960.0,RULE+TAPE,,True
20160905,0,HOL,post2014,120.0,780.0,22.0,,short,780.0,RULE+TAPE,22 missing minutes before close,False
20160906,1,REG,post2014,120.0,960.0,6.0,,regular,960.0,RULE+TAPE,6 missing minutes,False
20160907,2,REG,post2014,120.0,960.0,3.0,,regular,960.0,RULE+TAPE,3 missing minutes,False
20160908,3,REG,post2014,120.0,960.0,219.0,,regular,960.0,RULE+TAPE,219 missing minutes,False
20160909,4,REG,post2014,120.0,960.0,10.0,,regular,960.0,RULE+TAPE,10 missing minutes,False
20160912,0,REG,post2014,120.0,960.0,0.0,,regular,960.0,RULE+TAPE,,True
20160913,1,REG,post2014,120.0,960.0,0.0,,regular,960.0,RULE+TAPE,,True
20160914,2,REG,post2014,120.0,960.0,1.0,,regular,960.0,RULE+TAPE,1 missing minutes,False
20160915,3,REG,post2014,120.0,960.0,3.0,,regular,960.0,RULE+TAPE,3 missing minutes,False
20160916,4,REG,post2014,120.0,960.0,2.0,,regular,960.0,RULE+TAPE,2 missing minutes,False
20160919,0,REG,post2014,120.0,960.0,3.0,,regular,960.0,RULE+TAPE,3 missing minutes,False
20160920,1,REG,post2014,120.0,960.0,0.0,,regular,960.0,RULE+TAPE,,True
20160921,2,REG,post2014,120.0,960.0,2.0,,regular,960.0,RULE+TAPE,2 missing minutes,False
20160922,3,REG,post2014,120.0,960.0,3.0,,regular,960.0,RULE+TAPE,3 missing minutes,False
20160923,4,REG,post2014,120.0,960.0,13.0,,regular,960.0,RULE+TAPE,13 missing minutes,False
20160926,0,REG,post2014,120.0,960.0,1.0,,regular,960.0,RULE+TAPE,1 missing minutes,False
20160927,1,REG,post2014,120.0,960.0,2.0,,regular,960.0,RULE+TAPE,2 missing minutes,False
20160928,2,REG,post2014,120.0,960.0,1.0,,regular,960.0,RULE+TAPE,1 missing minutes,False
20160929,3,REG,post2014,120.0,960.0,5.0,,regular,960.0,RULE+TAPE,5 missing minutes,False
20160930,4,REG,post2014,120.0,960.0,0.0,,regular,960.0,RULE+TAPE,,True
20161003,0,REG,post2014,120.0,960.0,7.0,,regular,960.0,RULE+TAPE,7 missing minutes,False
20161004,1,REG,post2014,120.0,960.0,2.0,,regular,960.0,RULE+TAPE,2 missing minutes,False
20161005,2,REG,post2014,120.0,960.0,5.0,,regular,960.0,RULE+TAPE,5 missing minutes,False
20161006,3,REG,post2014,120.0,960.0,2.0,,regular,960.0,RULE+TAPE,2 missing minutes,False
20161007,4,REG,post2014,120.0,960.0,3.0,,regular,960.0,RULE+TAPE,3 missing minutes,False
20161010,0,REG,post2014,120.0,960.0,6.0,,regular,960.0,RULE+TAPE,6 missing minutes,False
20161011,1,REG,post2014,120.0,960.0,3.0,,regular,960.0,RULE+TAPE,3 missing minutes,False
20161012,2,REG,post2014,120.0,960.0,2.0,,regular,960.0,RULE+TAPE,2 missing minutes,False
20161013,3,REG,post2014,120.0,960.0,1.0,,regular,960.0,RULE+TAPE,1 missing minutes,False
20161014,4,REG,post2014,120.0,960.0,1.0,,regular,960.0,RULE+TAPE,1 missing minutes,False
20161017,0,REG,post2014,120.0,960.0,2.0,,regular,960.0,RULE+TAPE,2 missing minutes,False
20161018,1,REG,post2014,120.0,960.0,0.0,,regular,960.0,RULE+TAPE,,True
20161019,2,REG,post2014,120.0,960.0,4.0,,regular,960.0,RULE+TAPE,4 missing minutes,False
20161020,3,REG,post2014,120.0,960.0,7.0,,regular,960.0,RULE+TAPE,7 missing minutes,False
20161021,4,REG,post2014,120.0,960.0,3.0,,regular,960.0,RULE+TAPE,3 missing minutes,False
20161024,0,REG,post2014,120.0,960.0,3.0,,regular,960.0,RULE+TAPE,3 missing minutes,False
20161025,1,REG,post2014,120.0,960.0,7.0,,regular,960.0,RULE+TAPE,7 missing minutes,False
20161026,2,REG,post2014,120.0,960.0,3.0,,regular,960.0,RULE+TAPE,3 missing minutes,False
20161027,3,REG,post2014,120.0,960.0,2.0,,regular,960.0,RULE+TAPE,2 missing minutes,False
20161028,4,REG,post2014,120.0,960.0,1.0,,regular,960.0,RULE+TAPE,1 missing minutes,False
20161031,0,REG,post2014,120.0,960.0,1.0,,regular,960.0,RULE+TAPE,1 missing minutes,False
20161101,1,REG,post2014,120.0,960.0,8.0,,regular,960.0,RULE+TAPE,8 missing minutes,False
20161102,2,REG,post2014,120.0,960.0,5.0,,regular,960.0,RULE+TAPE,5 missing minutes,False
20161103,3,REG,post2014,120.0,960.0,1.0,,regular,960.0,RULE+TAPE,1 missing minutes,False
20161104,4,REG,post2014,120.0,960.0,11.0,,regular,960.0,RULE+TAPE,11 missing minutes,False
20161107,0,REG,post2014,120.0,960.0,2.0,,regular,960.0,RULE+TAPE,2 missing minutes,False
20161108,1,REG,post2014,120.0,960.0,0.0,,regular,960.0,RULE+TAPE,,True
20161109,2,REG,post2014,120.0,960.0,0.0,,regular,960.0,RULE+TAPE,,True
20161110,3,REG,post2014,120.0,960.0,0.0,,regular,960.0,RULE+TAPE,,True
20161111,4,REG,post2014,120.0,960.0,0.0,,regular,960.0,RULE+TAPE,,True
20161114,0,REG,post2014,120.0,960.0,0.0,,regular,960.0,RULE+TAPE,,True
20161115,1,REG,post2014,120.0,960.0,0.0,,regular,960.0,RULE+TAPE,,True
20161116,2,REG,post2014,120.0,960.0,0.0,,regular,960.0,RULE+TAPE,,True
20161117,3,REG,post2014,120.0,960.0,1.0,,regular,960.0,RULE+TAPE,1 missing minutes,False
20161118,4,REG,post2014,120.0,960.0,0.0,,regular,960.0,RULE+TAPE,,True
20161121,0,REG,post2014,120.0,960.0,3.0,,regular,960.0,RULE+TAPE,3 missing minutes,False
20161122,1,REG,post2014,120.0,960.0,2.0,,regular,960.0,RULE+TAPE,2 missing minutes,False
20161123,2,REG,post2014,120.0,960.0,4.0,,regular,960.0,RULE+TAPE,4 missing minutes,False
20161124,3,HOL,post2014,120.0,780.0,33.0,,short,780.0,RULE+TAPE,33 missing minutes before close,False
20161125,4,EVE,post2014,120.0,795.0,16.0,,short,795.0,RULE+TAPE,16 missing minutes before close,False
20161128,0,REG,post2014,120.0,960.0,6.0,,regular,960.0,RULE+TAPE,6 missing minutes,False
20161129,1,REG,post2014,120.0,960.0,2.0,,regular,960.0,RULE+TAPE,2 missing minutes,False
20161130,2,REG,post2014,120.0,960.0,4.0,,regular,960.0,RULE+TAPE,4 missing minutes,False
20161201,3,REG,post2014,120.0,960.0,2.0,,regular,960.0,RULE+TAPE,2 missing minutes,False
20161202,4,REG,post2014,120.0,960.0,1.0,,regular,960.0,RULE+TAPE,1 missing minutes,False
20161205,0,REG,post2014,120.0,960.0,0.0,,regular,960.0,RULE+TAPE,,True
20161206,1,REG,post2014,120.0,960.0,8.0,,regular,960.0,RULE+TAPE,8 missing minutes,False
20161207,2,REG,post2014,120.0,960.0,3.0,,regular,960.0,RULE+TAPE,3 missing minutes,False
20161208,3,REG,post2014,120.0,960.0,134.0,,regular,960.0,RULE+TAPE,134 missing minutes,False
20161209,4,REG,post2014,120.0,960.0,13.0,,regular,960.0,RULE+TAPE,13 missing minutes,False
20161212,0,REG,post2014,120.0,960.0,3.0,,regular,960.0,RULE+TAPE,3 missing minutes,False
20161213,1,REG,post2014,120.0,960.0,11.0,,regular,960.0,RULE+TAPE,11 missing minutes,False
20161214,2,REG,post2014,120.0,960.0,17.0,,regular,960.0,RULE+TAPE,17 missing minutes,False
20161215,3,REG,post2014,120.0,960.0,3.0,,regular,960.0,RULE+TAPE,3 missing minutes,False
20161216,4,REG,post2014,120.0,960.0,7.0,,regular,960.0,RULE+TAPE,7 missing minutes,False
20161219,0,REG,post2014,120.0,960.0,15.0,,regular,960.0,RULE+TAPE,15 missing minutes,False
20161220,1,REG,post2014,120.0,960.0,16.0,,regular,960.0,RULE+TAPE,16 missing minutes,False
20161221,2,REG,post2014,120.0,960.0,29.0,,regular,960.0,RULE+TAPE,29 missing minutes,False
20161222,3,REG,post2014,120.0,960.0,27.0,,regular,960.0,RULE+TAPE,27 missing minutes,False
20161223,4,REG,post2014,120.0,960.0,40.0,,regular,960.0,RULE+TAPE,40 missing minutes,False
20161226,0,XMAS,post2014,,,,,closed,,RULE+TAPE,,False
20161227,1,REG,post2014,120.0,960.0,62.0,,regular,960.0,RULE+TAPE,62 missing minutes,False
20161228,2,REG,post2014,120.0,960.0,3.0,,regular,960.0,RULE+TAPE,3 missing minutes,False
20161229,3,REG,post2014,120.0,960.0,17.0,,regular,960.0,RULE+TAPE,17 missing minutes,False
20161230,4,REG,post2014,120.0,960.0,14.0,,regular,960.0,RULE+TAPE,14 missing minutes,False
20170102,0,NEWYEAR,post2014,,,,,closed,,RULE+TAPE,,False
20170103,1,REG,post2014,120.0,960.0,1.0,,regular,960.0,RULE+TAPE,1 missing minutes,False
20170104,2,REG,post2014,120.0,960.0,12.0,,regular,960.0,RULE+TAPE,12 missing minutes,False
20170105,3,REG,post2014,120.0,960.0,4.0,,regular,960.0,RULE+TAPE,4 missing minutes,False
20170106,4,REG,post2014,120.0,960.0,23.0,,regular,960.0,RULE+TAPE,23 missing minutes,False
20170109,0,REG,post2014,120.0,960.0,2.0,,regular,960.0,RULE+TAPE,2 missing minutes,False
20170110,1,REG,post2014,120.0,960.0,10.0,,regular,960.0,RULE+TAPE,10 missing minutes,False
20170111,2,REG,post2014,120.0,960.0,6.0,,regular,960.0,RULE+TAPE,6 missing minutes,False
20170112,3,REG,post2014,120.0,960.0,2.0,,regular,960.0,RULE+TAPE,2 missing minutes,False
20170113,4,REG,post2014,120.0,960.0,11.0,,regular,960.0,RULE+TAPE,11 missing minutes,False
20170116,0,HOL,post2014,120.0,780.0,27.0,,short,780.0,RULE+TAPE,27 missing minutes before close,False
20170117,1,REG,post2014,120.0,960.0,2.0,,regular,960.0,RULE+TAPE,2 missing minutes,False
20170118,2,REG,post2014,120.0,960.0,6.0,,regular,960.0,RULE+TAPE,6 missing minutes,False
20170119,3,REG,post2014,120.0,960.0,7.0,,regular,960.0,RULE+TAPE,7 missing minutes,False
20170120,4,REG,post2014,120.0,960.0,4.0,,regular,960.0,RULE+TAPE,4 missing minutes,False
20170123,0,REG,post2014,120.0,960.0,0.0,,regular,960.0,RULE+TAPE,,True
20170124,1,REG,post2014,120.0,960.0,3.0,,regular,960.0,RULE+TAPE,3 missing minutes,False
20170125,2,REG,post2014,120.0,960.0,2.0,,regular,960.0,RULE+TAPE,2 missing minutes,False
20170126,3,REG,post2014,120.0,960.0,5.0,,regular,960.0,RULE+TAPE,5 missing minutes,False
20170127,4,REG,post2014,120.0,960.0,2.0,,regular,960.0,RULE+TAPE,2 missing minutes,False
20170130,0,REG,post2014,120.0,960.0,6.0,,regular,960.0,RULE+TAPE,6 missing minutes,False
20170131,1,REG,post2014,120.0,960.0,2.0,,regular,960.0,RULE+TAPE,2 missing minutes,False
20170201,2,REG,post2014,120.0,960.0,0.0,,regular,960.0,RULE+TAPE,,True
20170202,3,REG,post2014,120.0,960.0,2.0,,regular,960.0,RULE+TAPE,2 missing minutes,False
20170203,4,REG,post2014,120.0,960.0,5.0,,regular,960.0,RULE+TAPE,5 missing minutes,False
20170206,0,REG,post2014,120.0,960.0,7.0,,regular,960.0,RULE+TAPE,7 missing minutes,False
20170207,1,REG,post2014,120.0,960.0,1.0,,regular,960.0,RULE+TAPE,1 missing minutes,False
20170208,2,REG,post2014,120.0,960.0,2.0,,regular,960.0,RULE+TAPE,2 missing minutes,False
20170209,3,REG,post2014,120.0,960.0,4.0,,regular,960.0,RULE+TAPE,4 missing minutes,False
20170210,4,REG,post2014,120.0,960.0,1.0,,regular,960.0,RULE+TAPE,1 missing minutes,False
20170213,0,REG,post2014,120.0,960.0,8.0,,regular,960.0,RULE+TAPE,8 missing minutes,False
20170214,1,REG,post2014,120.0,960.0,3.0,,regular,960.0,RULE+TAPE,3 missing minutes,False
20170215,2,REG,post2014,120.0,960.0,2.0,,regular,960.0,RULE+TAPE,2 missing minutes,False
20170216,3,REG,post2014,120.0,960.0,2.0,,regular,960.0,RULE+TAPE,2 missing minutes,False
20170217,4,REG,post2014,120.0,960.0,0.0,,regular,960.0,RULE+TAPE,,True
20170220,0,HOL,post2014,120.0,780.0,16.0,,short,780.0,RULE+TAPE,16 missing minutes before close,False
20170221,1,REG,post2014,120.0,960.0,6.0,,regular,960.0,RULE+TAPE,6 missing minutes,False
20170222,2,REG,post2014,120.0,960.0,1.0,,regular,960.0,RULE+TAPE,1 missing minutes,False
20170223,3,REG,post2014,120.0,960.0,3.0,,regular,960.0,RULE+TAPE,3 missing minutes,False
20170224,4,REG,post2014,120.0,960.0,3.0,,regular,960.0,RULE+TAPE,3 missing minutes,False
20170227,0,REG,post2014,120.0,960.0,3.0,,regular,960.0,RULE+TAPE,3 missing minutes,False
20170228,1,REG,post2014,120.0,960.0,1.0,,regular,960.0,RULE+TAPE,1 missing minutes,False
20170301,2,REG,post2014,120.0,960.0,0.0,,regular,960.0,RULE+TAPE,,True
20170302,3,REG,post2014,120.0,960.0,2.0,,regular,960.0,RULE+TAPE,2 missing minutes,False
20170303,4,REG,post2014,120.0,960.0,0.0,,regular,960.0,RULE+TAPE,,True
20170306,0,REG,post2014,120.0,960.0,1.0,,regular,960.0,RULE+TAPE,1 missing minutes,False
20170307,1,REG,post2014,120.0,960.0,1.0,,regular,960.0,RULE+TAPE,1 missing minutes,False
20170308,2,REG,post2014,120.0,960.0,3.0,,regular,960.0,RULE+TAPE,3 missing minutes,False
20170309,3,REG,post2014,120.0,960.0,118.0,,regular,960.0,RULE+TAPE,118 missing minutes,False
20170310,4,REG,post2014,120.0,960.0,10.0,,regular,960.0,RULE+TAPE,10 missing minutes,False
20170313,0,REG,post2014,120.0,960.0,15.0,,regular,960.0,RULE+TAPE,15 missing minutes,False
20170314,1,REG,post2014,120.0,960.0,20.0,,regular,960.0,RULE+TAPE,20 missing minutes,False
20170315,2,REG,post2014,120.0,960.0,11.0,,regular,960.0,RULE+TAPE,11 missing minutes,False
20170316,3,REG,post2014,120.0,960.0,4.0,,regular,960.0,RULE+TAPE,4 missing minutes,False
20170317,4,REG,post2014,120.0,960.0,4.0,,regular,960.0,RULE+TAPE,4 missing minutes,False
20170320,0,REG,post2014,120.0,960.0,9.0,,regular,960.0,RULE+TAPE,9 missing minutes,False
20170321,1,REG,post2014,120.0,960.0,10.0,,regular,960.0,RULE+TAPE,10 missing minutes,False
20170322,2,REG,post2014,120.0,960.0,0.0,,regular,960.0,RULE+TAPE,,True
20170323,3,REG,post2014,120.0,960.0,6.0,,regular,960.0,RULE+TAPE,6 missing minutes,False
20170324,4,REG,post2014,120.0,960.0,13.0,,regular,960.0,RULE+TAPE,13 missing minutes,False
20170327,0,REG,post2014,120.0,960.0,0.0,,regular,960.0,RULE+TAPE,,True
20170328,1,REG,post2014,120.0,960.0,7.0,,regular,960.0,RULE+TAPE,7 missing minutes,False
20170329,2,REG,post2014,120.0,960.0,2.0,,regular,960.0,RULE+TAPE,2 missing minutes,False
20170330,3,REG,post2014,120.0,960.0,9.0,,regular,960.0,RULE+TAPE,9 missing minutes,False
20170331,4,REG,post2014,120.0,960.0,4.0,,regular,960.0,RULE+TAPE,4 missing minutes,False
20170403,0,REG,post2014,120.0,960.0,8.0,,regular,960.0,RULE+TAPE,8 missing minutes,False
20170404,1,REG,post2014,120.0,960.0,1.0,,regular,960.0,RULE+TAPE,1 missing minutes,False
20170405,2,REG,post2014,120.0,960.0,4.0,,regular,960.0,RULE+TAPE,4 missing minutes,False
20170406,3,REG,post2014,120.0,960.0,1.0,,regular,960.0,RULE+TAPE,1 missing minutes,False
20170407,4,REG,post2014,120.0,960.0,1.0,,regular,960.0,RULE+TAPE,1 missing minutes,False
20170410,0,REG,post2014,120.0,960.0,4.0,,regular,960.0,RULE+TAPE,4 missing minutes,False
20170411,1,REG,post2014,120.0,960.0,5.0,,regular,960.0,RULE+TAPE,5 missing minutes,False
20170412,2,REG,post2014,120.0,960.0,1.0,,regular,960.0,RULE+TAPE,1 missing minutes,False
20170413,3,REG,post2014,120.0,960.0,0.0,,regular,960.0,RULE+TAPE,,True
20170414,4,GOODFRI,post2014,,,,,closed,,RULE+TAPE,,False
20170417,0,REG,post2014,120.0,960.0,55.0,,regular,960.0,RULE+TAPE,55 missing minutes,False
20170418,1,REG,post2014,120.0,960.0,0.0,,regular,960.0,RULE+TAPE,,True
20170419,2,REG,post2014,120.0,960.0,2.0,,regular,960.0,RULE+TAPE,2 missing minutes,False
20170420,3,REG,post2014,120.0,960.0,0.0,,regular,960.0,RULE+TAPE,,True
20170421,4,REG,post2014,120.0,960.0,0.0,,regular,960.0,RULE+TAPE,,True
20170424,0,REG,post2014,120.0,960.0,0.0,,regular,960.0,RULE+TAPE,,True
20170425,1,REG,post2014,120.0,960.0,8.0,,regular,960.0,RULE+TAPE,8 missing minutes,False
20170426,2,REG,post2014,120.0,960.0,7.0,,regular,960.0,RULE+TAPE,7 missing minutes,False
20170427,3,REG,post2014,120.0,960.0,7.0,,regular,960.0,RULE+TAPE,7 missing minutes,False
20170428,4,REG,post2014,120.0,960.0,3.0,,regular,960.0,RULE+TAPE,3 missing minutes,False
20170501,0,REG,post2014,120.0,960.0,52.0,,regular,960.0,RULE+TAPE,52 missing minutes,False
20170502,1,REG,post2014,120.0,960.0,2.0,,regular,960.0,RULE+TAPE,2 missing minutes,False
20170503,2,REG,post2014,120.0,960.0,12.0,,regular,960.0,RULE+TAPE,12 missing minutes,False
20170504,3,REG,post2014,120.0,960.0,3.0,,regular,960.0,RULE+TAPE,3 missing minutes,False
20170505,4,REG,post2014,120.0,960.0,4.0,,regular,960.0,RULE+TAPE,4 missing minutes,False
20170508,0,REG,post2014,120.0,960.0,0.0,,regular,960.0,RULE+TAPE,,True
20170509,1,REG,post2014,120.0,960.0,8.0,,regular,960.0,RULE+TAPE,8 missing minutes,False
20170510,2,REG,post2014,120.0,960.0,5.0,,regular,960.0,RULE+TAPE,5 missing minutes,False
20170511,3,REG,post2014,120.0,960.0,4.0,,regular,960.0,RULE+TAPE,4 missing minutes,False
20170512,4,REG,post2014,120.0,960.0,3.0,,regular,960.0,RULE+TAPE,3 missing minutes,False
20170515,0,REG,post2014,120.0,960.0,2.0,,regular,960.0,RULE+TAPE,2 missing minutes,False
20170516,1,REG,post2014,120.0,960.0,3.0,,regular,960.0,RULE+TAPE,3 missing minutes,False
20170517,2,REG,post2014,120.0,960.0,0.0,,regular,960.0,RULE+TAPE,,True
20170518,3,REG,post2014,120.0,960.0,0.0,,regular,960.0,RULE+TAPE,,True
20170519,4,REG,post2014,120.0,960.0,0.0,,regular,960.0,RULE+TAPE,,True
20170522,0,REG,post2014,120.0,960.0,0.0,,regular,960.0,RULE+TAPE,,True
20170523,1,REG,post2014,120.0,960.0,2.0,,regular,960.0,RULE+TAPE,2 missing minutes,False
20170524,2,REG,post2014,120.0,960.0,5.0,,regular,960.0,RULE+TAPE,5 missing minutes,False
20170525,3,REG,post2014,120.0,960.0,1.0,,regular,960.0,RULE+TAPE,1 missing minutes,False
20170526,4,REG,post2014,120.0,960.0,2.0,,regular,960.0,RULE+TAPE,2 missing minutes,False
20170529,0,HOL,post2014,120.0,780.0,59.0,,short,780.0,RULE+TAPE,59 missing minutes before close,False
20170530,1,REG,post2014,120.0,960.0,1.0,,regular,960.0,RULE+TAPE,1 missing minutes,False
20170531,2,REG,post2014,120.0,960.0,8.0,,regular,960.0,RULE+TAPE,8 missing minutes,False
20170601,3,REG,post2014,120.0,960.0,0.0,,regular,960.0,RULE+TAPE,,True
20170602,4,REG,post2014,120.0,960.0,1.0,,regular,960.0,RULE+TAPE,1 missing minutes,False
20170605,0,REG,post2014,120.0,960.0,18.0,,regular,960.0,RULE+TAPE,18 missing minutes,False
20170606,1,REG,post2014,120.0,960.0,1.0,,regular,960.0,RULE+TAPE,1 missing minutes,False
20170607,2,REG,post2014,120.0,960.0,2.0,,regular,960.0,RULE+TAPE,2 missing minutes,False
20170608,3,REG,post2014,120.0,960.0,54.0,,regular,960.0,RULE+TAPE,54 missing minutes,False
20170609,4,REG,post2014,120.0,960.0,8.0,,regular,960.0,RULE+TAPE,8 missing minutes,False
20170612,0,REG,post2014,120.0,960.0,0.0,,regular,960.0,RULE+TAPE,,True
20170613,1,REG,post2014,120.0,960.0,3.0,,regular,960.0,RULE+TAPE,3 missing minutes,False
20170614,2,REG,post2014,120.0,960.0,3.0,,regular,960.0,RULE+TAPE,3 missing minutes,False
20170615,3,REG,post2014,120.0,960.0,1.0,,regular,960.0,RULE+TAPE,1 missing minutes,False
20170616,4,REG,post2014,120.0,960.0,1.0,,regular,960.0,RULE+TAPE,1 missing minutes,False
20170619,0,REG,post2014,120.0,960.0,1.0,,regular,960.0,RULE+TAPE,1 missing minutes,False
20170620,1,REG,post2014,120.0,960.0,3.0,,regular,960.0,RULE+TAPE,3 missing minutes,False
20170621,2,REG,post2014,120.0,960.0,1.0,,regular,960.0,RULE+TAPE,1 missing minutes,False
20170622,3,REG,post2014,120.0,960.0,0.0,,regular,960.0,RULE+TAPE,,True
20170623,4,REG,post2014,120.0,960.0,7.0,,regular,960.0,RULE+TAPE,7 missing minutes,False
20170626,0,REG,post2014,120.0,960.0,2.0,,regular,960.0,RULE+TAPE,2 missing minutes,False
20170627,1,REG,post2014,120.0,960.0,1.0,,regular,960.0,RULE+TAPE,1 missing minutes,False
20170628,2,REG,post2014,120.0,960.0,0.0,,regular,960.0,RULE+TAPE,,True
20170629,3,REG,post2014,120.0,960.0,0.0,,regular,960.0,RULE+TAPE,,True
20170630,4,REG,post2014,120.0,960.0,0.0,,regular,960.0,RULE+TAPE,,True
20170703,0,EVE,post2014,120.0,795.0,1.0,,short,795.0,RULE+TAPE,1 missing minutes before close,False
20170704,1,HOL,post2014,120.0,780.0,2.0,,short,780.0,RULE+TAPE,2 missing minutes before close,False
20170705,2,REG,post2014,120.0,960.0,0.0,,regular,960.0,RULE+TAPE,,True
20170706,3,REG,post2014,120.0,960.0,1.0,,regular,960.0,RULE+TAPE,1 missing minutes,False
20170707,4,REG,post2014,120.0,960.0,1.0,,regular,960.0,RULE+TAPE,1 missing minutes,False
20170710,0,REG,post2014,120.0,960.0,0.0,,regular,960.0,RULE+TAPE,,True
20170711,1,REG,post2014,120.0,960.0,0.0,,regular,960.0,RULE+TAPE,,True
20170712,2,REG,post2014,120.0,960.0,1.0,,regular,960.0,RULE+TAPE,1 missing minutes,False
20170713,3,REG,post2014,120.0,960.0,0.0,,regular,960.0,RULE+TAPE,,True
20170714,4,REG,post2014,120.0,960.0,4.0,,regular,960.0,RULE+TAPE,4 missing minutes,False
20170717,0,REG,post2014,120.0,960.0,2.0,,regular,960.0,RULE+TAPE,2 missing minutes,False
20170718,1,REG,post2014,120.0,960.0,4.0,,regular,960.0,RULE+TAPE,4 missing minutes,False
20170719,2,REG,post2014,120.0,960.0,4.0,,regular,960.0,RULE+TAPE,4 missing minutes,False
20170720,3,REG,post2014,120.0,960.0,4.0,,regular,960.0,RULE+TAPE,4 missing minutes,False
20170721,4,REG,post2014,120.0,960.0,3.0,,regular,960.0,RULE+TAPE,3 missing minutes,False
20170724,0,REG,post2014,120.0,960.0,1.0,,regular,960.0,RULE+TAPE,1 missing minutes,False
20170725,1,REG,post2014,120.0,960.0,0.0,,regular,960.0,RULE+TAPE,,True
20170726,2,REG,post2014,120.0,960.0,4.0,,regular,960.0,RULE+TAPE,4 missing minutes,False
20170727,3,REG,post2014,120.0,960.0,1.0,,regular,960.0,RULE+TAPE,1 missing minutes,False
20170728,4,REG,post2014,120.0,960.0,0.0,,regular,960.0,RULE+TAPE,,True
20170731,0,REG,post2014,120.0,960.0,1.0,,regular,960.0,RULE+TAPE,1 missing minutes,False
20170801,1,REG,post2014,120.0,960.0,0.0,,regular,960.0,RULE+TAPE,,True
20170802,2,REG,post2014,120.0,960.0,0.0,,regular,960.0,RULE+TAPE,,True
20170803,3,REG,post2014,120.0,960.0,0.0,,regular,960.0,RULE+TAPE,,True
20170804,4,REG,post2014,120.0,960.0,2.0,,regular,960.0,RULE+TAPE,2 missing minutes,False
20170807,0,REG,post2014,120.0,960.0,0.0,,regular,960.0,RULE+TAPE,,True
20170808,1,REG,post2014,120.0,960.0,11.0,,regular,960.0,RULE+TAPE,11 missing minutes,False
20170809,2,REG,post2014,120.0,960.0,0.0,,regular,960.0,RULE+TAPE,,True
20170810,3,REG,post2014,120.0,960.0,0.0,,regular,960.0,RULE+TAPE,,True
20170811,4,REG,post2014,120.0,960.0,0.0,,regular,960.0,RULE+TAPE,,True
20170814,0,REG,post2014,120.0,960.0,0.0,,regular,960.0,RULE+TAPE,,True
20170815,1,REG,post2014,120.0,960.0,0.0,,regular,960.0,RULE+TAPE,,True
20170816,2,REG,post2014,120.0,960.0,0.0,,regular,960.0,RULE+TAPE,,True
20170817,3,REG,post2014,120.0,960.0,1.0,,regular,960.0,RULE+TAPE,1 missing minutes,False
20170818,4,REG,post2014,120.0,960.0,0.0,,regular,960.0,RULE+TAPE,,True
20170821,0,REG,post2014,120.0,960.0,2.0,,regular,960.0,RULE+TAPE,2 missing minutes,False
20170822,1,REG,post2014,120.0,960.0,0.0,,regular,960.0,RULE+TAPE,,True
20170823,2,REG,post2014,120.0,960.0,3.0,,regular,960.0,RULE+TAPE,3 missing minutes,False
20170824,3,REG,post2014,120.0,960.0,2.0,,regular,960.0,RULE+TAPE,2 missing minutes,False
20170825,4,REG,post2014,120.0,960.0,1.0,,regular,960.0,RULE+TAPE,1 missing minutes,False
20170828,0,REG,post2014,120.0,960.0,2.0,,regular,960.0,RULE+TAPE,2 missing minutes,False
20170829,1,REG,post2014,120.0,960.0,0.0,,regular,960.0,RULE+TAPE,,True
20170830,2,REG,post2014,120.0,960.0,0.0,,regular,960.0,RULE+TAPE,,True
20170831,3,REG,post2014,120.0,960.0,2.0,,regular,960.0,RULE+TAPE,2 missing minutes,False
20170901,4,REG,post2014,120.0,960.0,0.0,,regular,960.0,RULE+TAPE,,True
20170904,0,HOL,post2014,120.0,780.0,0.0,,short,780.0,RULE+TAPE,,True
20170905,1,REG,post2014,120.0,960.0,0.0,,regular,960.0,RULE+TAPE,,True
20170906,2,REG,post2014,120.0,960.0,0.0,,regular,960.0,RULE+TAPE,,True
20170907,3,REG,post2014,120.0,960.0,53.0,,regular,960.0,RULE+TAPE,53 missing minutes,False
20170908,4,REG,post2014,120.0,960.0,0.0,,regular,960.0,RULE+TAPE,,True
20170911,0,REG,post2014,120.0,960.0,2.0,,regular,960.0,RULE+TAPE,2 missing minutes,False
20170912,1,REG,post2014,120.0,960.0,0.0,,regular,960.0,RULE+TAPE,,True
20170913,2,REG,post2014,120.0,960.0,0.0,,regular,960.0,RULE+TAPE,,True
20170914,3,REG,post2014,120.0,960.0,5.0,,regular,960.0,RULE+TAPE,5 missing minutes,False
20170915,4,REG,post2014,120.0,960.0,1.0,,regular,960.0,RULE+TAPE,1 missing minutes,False
20170918,0,REG,post2014,120.0,960.0,3.0,,regular,960.0,RULE+TAPE,3 missing minutes,False
20170919,1,REG,post2014,120.0,960.0,1.0,,regular,960.0,RULE+TAPE,1 missing minutes,False
20170920,2,REG,post2014,120.0,960.0,0.0,,regular,960.0,RULE+TAPE,,True
20170921,3,REG,post2014,120.0,960.0,0.0,,regular,960.0,RULE+TAPE,,True
20170922,4,REG,post2014,120.0,960.0,0.0,,regular,960.0,RULE+TAPE,,True
20170925,0,REG,post2014,120.0,960.0,0.0,,regular,960.0,RULE+TAPE,,True
20170926,1,REG,post2014,120.0,960.0,0.0,,regular,960.0,RULE+TAPE,,True
20170927,2,REG,post2014,120.0,960.0,0.0,,regular,960.0,RULE+TAPE,,True
20170928,3,REG,post2014,120.0,960.0,1.0,,regular,960.0,RULE+TAPE,1 missing minutes,False
20170929,4,REG,post2014,120.0,960.0,0.0,,regular,960.0,RULE+TAPE,,True
20171002,0,REG,post2014,120.0,960.0,2.0,,regular,960.0,RULE+TAPE,2 missing minutes,False
20171003,1,REG,post2014,120.0,960.0,4.0,,regular,960.0,RULE+TAPE,4 missing minutes,False
20171004,2,REG,post2014,120.0,960.0,5.0,,regular,960.0,RULE+TAPE,5 missing minutes,False
20171005,3,REG,post2014,120.0,960.0,5.0,,regular,960.0,RULE+TAPE,5 missing minutes,False
20171006,4,REG,post2014,120.0,960.0,4.0,,regular,960.0,RULE+TAPE,4 missing minutes,False
20171009,0,REG,post2014,120.0,960.0,4.0,,regular,960.0,RULE+TAPE,4 missing minutes,False
20171010,1,REG,post2014,120.0,960.0,2.0,,regular,960.0,RULE+TAPE,2 missing minutes,False
20171011,2,REG,post2014,120.0,960.0,6.0,,regular,960.0,RULE+TAPE,6 missing minutes,False
20171012,3,REG,post2014,120.0,960.0,5.0,,regular,960.0,RULE+TAPE,5 missing minutes,False
20171013,4,REG,post2014,120.0,960.0,4.0,,regular,960.0,RULE+TAPE,4 missing minutes,False
20171016,0,REG,post2014,120.0,960.0,6.0,,regular,960.0,RULE+TAPE,6 missing minutes,False
20171017,1,REG,post2014,120.0,960.0,7.0,,regular,960.0,RULE+TAPE,7 missing minutes,False
20171018,2,REG,post2014,120.0,960.0,12.0,,regular,960.0,RULE+TAPE,12 missing minutes,False
20171019,3,REG,post2014,120.0,960.0,0.0,,regular,960.0,RULE+TAPE,,True
20171020,4,REG,post2014,120.0,960.0,0.0,,regular,960.0,RULE+TAPE,,True
20171023,0,REG,post2014,120.0,960.0,1.0,,regular,960.0,RULE+TAPE,1 missing minutes,False
20171024,1,REG,post2014,120.0,960.0,1.0,,regular,960.0,RULE+TAPE,1 missing minutes,False
20171025,2,REG,post2014,120.0,960.0,0.0,,regular,960.0,RULE+TAPE,,True
20171026,3,REG,post2014,120.0,960.0,0.0,,regular,960.0,RULE+TAPE,,True
20171027,4,REG,post2014,120.0,960.0,0.0,,regular,960.0,RULE+TAPE,,True
20171030,0,REG,post2014,120.0,960.0,1.0,,regular,960.0,RULE+TAPE,1 missing minutes,False
20171031,1,REG,post2014,120.0,960.0,4.0,,regular,960.0,RULE+TAPE,4 missing minutes,False
20171101,2,REG,post2014,120.0,960.0,0.0,,regular,960.0,RULE+TAPE,,True
20171102,3,REG,post2014,120.0,960.0,0.0,,regular,960.0,RULE+TAPE,,True
20171103,4,REG,post2014,120.0,960.0,8.0,,regular,960.0,RULE+TAPE,8 missing minutes,False
20171106,0,REG,post2014,120.0,960.0,1.0,,regular,960.0,RULE+TAPE,1 missing minutes,False
20171107,1,REG,post2014,120.0,960.0,2.0,,regular,960.0,RULE+TAPE,2 missing minutes,False
20171108,2,REG,post2014,120.0,960.0,1.0,,regular,960.0,RULE+TAPE,1 missing minutes,False
20171109,3,REG,post2014,120.0,960.0,0.0,,regular,960.0,RULE+TAPE,,True
20171110,4,REG,post2014,120.0,960.0,0.0,,regular,960.0,RULE+TAPE,,True
20171113,0,REG,post2014,120.0,960.0,0.0,,regular,960.0,RULE+TAPE,,True
20171114,1,REG,post2014,120.0,960.0,0.0,,regular,960.0,RULE+TAPE,,True
20171115,2,REG,post2014,120.0,960.0,0.0,,regular,960.0,RULE+TAPE,,True
20171116,3,REG,post2014,120.0,960.0,0.0,,regular,960.0,RULE+TAPE,,True
20171117,4,REG,post2014,120.0,960.0,0.0,,regular,960.0,RULE+TAPE,,True
20171120,0,REG,post2014,120.0,960.0,1.0,,regular,960.0,RULE+TAPE,1 missing minutes,False
20171121,1,REG,post2014,120.0,960.0,0.0,,regular,960.0,RULE+TAPE,,True
20171122,2,REG,post2014,120.0,960.0,0.0,,regular,960.0,RULE+TAPE,,True
20171123,3,HOL,post2014,120.0,780.0,1.0,,short,780.0,RULE+TAPE,1 missing minutes before close,False
20171124,4,EVE,post2014,120.0,795.0,0.0,,short,795.0,RULE+TAPE,,True
20171127,0,REG,post2014,120.0,960.0,2.0,,regular,960.0,RULE+TAPE,2 missing minutes,False
20171128,1,REG,post2014,120.0,960.0,1.0,,regular,960.0,RULE+TAPE,1 missing minutes,False
20171129,2,REG,post2014,120.0,960.0,2.0,,regular,960.0,RULE+TAPE,2 missing minutes,False
20171130,3,REG,post2014,120.0,960.0,0.0,,regular,960.0,RULE+TAPE,,True
20171201,4,REG,post2014,120.0,960.0,0.0,,regular,960.0,RULE+TAPE,,True
20171204,0,REG,post2014,120.0,960.0,0.0,,regular,960.0,RULE+TAPE,,True
20171205,1,REG,post2014,120.0,960.0,0.0,,regular,960.0,RULE+TAPE,,True
20171206,2,REG,post2014,120.0,960.0,0.0,,regular,960.0,RULE+TAPE,,True
20171207,3,REG,post2014,120.0,960.0,31.0,,regular,960.0,RULE+TAPE,31 missing minutes,False
20171208,4,REG,post2014,120.0,960.0,2.0,,regular,960.0,RULE+TAPE,2 missing minutes,False
20171211,0,REG,post2014,120.0,960.0,3.0,,regular,960.0,RULE+TAPE,3 missing minutes,False
20171212,1,REG,post2014,120.0,960.0,0.0,,regular,960.0,RULE+TAPE,,True
20171213,2,REG,post2014,120.0,960.0,1.0,,regular,960.0,RULE+TAPE,1 missing minutes,False
20171214,3,REG,post2014,120.0,960.0,0.0,,regular,960.0,RULE+TAPE,,True
20171215,4,REG,post2014,120.0,960.0,0.0,,regular,960.0,RULE+TAPE,,True
20171218,0,REG,post2014,120.0,960.0,0.0,,regular,960.0,RULE+TAPE,,True
20171219,1,REG,post2014,120.0,960.0,4.0,,regular,960.0,RULE+TAPE,4 missing minutes,False
20171220,2,REG,post2014,120.0,960.0,0.0,,regular,960.0,RULE+TAPE,,True
20171221,3,REG,post2014,120.0,960.0,0.0,,regular,960.0,RULE+TAPE,,True
20171222,4,REG,post2014,120.0,960.0,13.0,,regular,960.0,RULE+TAPE,13 missing minutes,False
20171225,0,XMAS,post2014,,,,,closed,,RULE+TAPE,,False
20171226,1,REG,post2014,120.0,960.0,59.0,,regular,960.0,RULE+TAPE,59 missing minutes,False
20171227,2,REG,post2014,120.0,960.0,2.0,,regular,960.0,RULE+TAPE,2 missing minutes,False
20171228,3,REG,post2014,120.0,960.0,4.0,,regular,960.0,RULE+TAPE,4 missing minutes,False
20171229,4,REG,post2014,120.0,960.0,1.0,,regular,960.0,RULE+TAPE,1 missing minutes,False
20180101,0,NEWYEAR,post2014,,,,,closed,,RULE+TAPE,,False
20180102,1,REG,post2014,120.0,960.0,0.0,,regular,960.0,RULE+TAPE,,True
20180103,2,REG,post2014,120.0,960.0,5.0,,regular,960.0,RULE+TAPE,5 missing minutes,False
20180104,3,REG,post2014,120.0,960.0,1.0,,regular,960.0,RULE+TAPE,1 missing minutes,False
20180105,4,REG,post2014,120.0,960.0,0.0,,regular,960.0,RULE+TAPE,,True
20180108,0,REG,post2014,120.0,960.0,1.0,,regular,960.0,RULE+TAPE,1 missing minutes,False
20180109,1,REG,post2014,120.0,960.0,2.0,,regular,960.0,RULE+TAPE,2 missing minutes,False
20180110,2,REG,post2014,120.0,960.0,0.0,,regular,960.0,RULE+TAPE,,True
20180111,3,REG,post2014,120.0,960.0,1.0,,regular,960.0,RULE+TAPE,1 missing minutes,False
20180112,4,REG,post2014,120.0,960.0,1.0,,regular,960.0,RULE+TAPE,1 missing minutes,False
20180115,0,HOL,post2014,120.0,780.0,1.0,,short,780.0,RULE+TAPE,1 missing minutes before close,False
20180116,1,REG,post2014,120.0,960.0,0.0,,regular,960.0,RULE+TAPE,,True
20180117,2,REG,post2014,120.0,960.0,0.0,,regular,960.0,RULE+TAPE,,True
20180118,3,REG,post2014,120.0,960.0,0.0,,regular,960.0,RULE+TAPE,,True
20180119,4,REG,post2014,120.0,960.0,0.0,,regular,960.0,RULE+TAPE,,True
20180122,0,REG,post2014,120.0,960.0,1.0,,regular,960.0,RULE+TAPE,1 missing minutes,False
20180123,1,REG,post2014,120.0,960.0,0.0,,regular,960.0,RULE+TAPE,,True
20180124,2,REG,post2014,120.0,960.0,1.0,,regular,960.0,RULE+TAPE,1 missing minutes,False
20180125,3,REG,post2014,120.0,960.0,0.0,,regular,960.0,RULE+TAPE,,True
20180126,4,REG,post2014,120.0,960.0,0.0,,regular,960.0,RULE+TAPE,,True
20180129,0,REG,post2014,120.0,960.0,0.0,,regular,960.0,RULE+TAPE,,True
20180130,1,REG,post2014,120.0,960.0,0.0,,regular,960.0,RULE+TAPE,,True
20180131,2,REG,post2014,120.0,960.0,0.0,,regular,960.0,RULE+TAPE,,True
20180201,3,REG,post2014,120.0,960.0,0.0,,regular,960.0,RULE+TAPE,,True
20180202,4,REG,post2014,120.0,960.0,0.0,,regular,960.0,RULE+TAPE,,True
20180205,0,REG,post2014,120.0,960.0,0.0,,regular,960.0,RULE+TAPE,,True
20180206,1,REG,post2014,120.0,960.0,0.0,,regular,960.0,RULE+TAPE,,True
20180207,2,REG,post2014,120.0,960.0,0.0,,regular,960.0,RULE+TAPE,,True
20180208,3,REG,post2014,120.0,960.0,0.0,,regular,960.0,RULE+TAPE,,True
20180209,4,REG,post2014,120.0,960.0,0.0,,regular,960.0,RULE+TAPE,,True
20180212,0,REG,post2014,120.0,960.0,0.0,,regular,960.0,RULE+TAPE,,True
20180213,1,REG,post2014,120.0,960.0,0.0,,regular,960.0,RULE+TAPE,,True
20180214,2,REG,post2014,120.0,960.0,0.0,,regular,960.0,RULE+TAPE,,True
20180215,3,REG,post2014,120.0,960.0,0.0,,regular,960.0,RULE+TAPE,,True
20180216,4,REG,post2014,120.0,960.0,0.0,,regular,960.0,RULE+TAPE,,True
20180219,0,HOL,post2014,120.0,780.0,6.0,,short,780.0,RULE+TAPE,6 missing minutes before close,False
20180220,1,REG,post2014,120.0,960.0,0.0,,regular,960.0,RULE+TAPE,,True
20180221,2,REG,post2014,120.0,960.0,0.0,,regular,960.0,RULE+TAPE,,True
20180222,3,REG,post2014,120.0,960.0,0.0,,regular,960.0,RULE+TAPE,,True
20180223,4,REG,post2014,120.0,960.0,0.0,,regular,960.0,RULE+TAPE,,True
20180226,0,REG,post2014,120.0,960.0,0.0,,regular,960.0,RULE+TAPE,,True
20180227,1,REG,post2014,120.0,960.0,0.0,,regular,960.0,RULE+TAPE,,True
20180228,2,REG,post2014,120.0,960.0,0.0,,regular,960.0,RULE+TAPE,,True
20180301,3,REG,post2014,120.0,960.0,0.0,,regular,960.0,RULE+TAPE,,True
20180302,4,REG,post2014,120.0,960.0,0.0,,regular,960.0,RULE+TAPE,,True
20180305,0,REG,post2014,120.0,960.0,0.0,,regular,960.0,RULE+TAPE,,True
20180306,1,REG,post2014,120.0,960.0,0.0,,regular,960.0,RULE+TAPE,,True
20180307,2,REG,post2014,120.0,960.0,0.0,,regular,960.0,RULE+TAPE,,True
20180308,3,REG,post2014,120.0,960.0,82.0,,regular,960.0,RULE+TAPE,82 missing minutes,False
20180309,4,REG,post2014,120.0,960.0,1.0,,regular,960.0,RULE+TAPE,1 missing minutes,False
20180312,0,REG,post2014,120.0,960.0,1.0,,regular,960.0,RULE+TAPE,1 missing minutes,False
20180313,1,REG,post2014,120.0,960.0,2.0,,regular,960.0,RULE+TAPE,2 missing minutes,False
20180314,2,REG,post2014,120.0,960.0,0.0,,regular,960.0,RULE+TAPE,,True
20180315,3,REG,post2014,120.0,960.0,0.0,,regular,960.0,RULE+TAPE,,True
20180316,4,REG,post2014,120.0,960.0,0.0,,regular,960.0,RULE+TAPE,,True
20180319,0,REG,post2014,120.0,960.0,0.0,,regular,960.0,RULE+TAPE,,True
20180320,1,REG,post2014,120.0,960.0,0.0,,regular,960.0,RULE+TAPE,,True
20180321,2,REG,post2014,120.0,960.0,0.0,,regular,960.0,RULE+TAPE,,True
20180322,3,REG,post2014,120.0,960.0,0.0,,regular,960.0,RULE+TAPE,,True
20180323,4,REG,post2014,120.0,960.0,0.0,,regular,960.0,RULE+TAPE,,True
20180326,0,REG,post2014,120.0,960.0,0.0,,regular,960.0,RULE+TAPE,,True
20180327,1,REG,post2014,120.0,960.0,0.0,,regular,960.0,RULE+TAPE,,True
20180328,2,REG,post2014,120.0,960.0,0.0,,regular,960.0,RULE+TAPE,,True
20180329,3,REG,post2014,120.0,960.0,0.0,,regular,960.0,RULE+TAPE,,True
20180330,4,GOODFRI,post2014,,,,,closed,,RULE+TAPE,,False
20180402,0,REG,post2014,120.0,960.0,0.0,,regular,960.0,RULE+TAPE,,True
20180403,1,REG,post2014,120.0,960.0,0.0,,regular,960.0,RULE+TAPE,,True
20180404,2,REG,post2014,120.0,960.0,0.0,,regular,960.0,RULE+TAPE,,True
20180405,3,REG,post2014,120.0,960.0,0.0,,regular,960.0,RULE+TAPE,,True
20180406,4,REG,post2014,120.0,960.0,0.0,,regular,960.0,RULE+TAPE,,True
20180409,0,REG,post2014,120.0,960.0,0.0,,regular,960.0,RULE+TAPE,,True
20180410,1,REG,post2014,120.0,960.0,0.0,,regular,960.0,RULE+TAPE,,True
20180411,2,REG,post2014,120.0,960.0,0.0,,regular,960.0,RULE+TAPE,,True
20180412,3,REG,post2014,120.0,960.0,0.0,,regular,960.0,RULE+TAPE,,True
20180413,4,REG,post2014,120.0,960.0,0.0,,regular,960.0,RULE+TAPE,,True
20180416,0,REG,post2014,120.0,960.0,0.0,,regular,960.0,RULE+TAPE,,True
20180417,1,REG,post2014,120.0,960.0,0.0,,regular,960.0,RULE+TAPE,,True
20180418,2,REG,post2014,120.0,960.0,0.0,,regular,960.0,RULE+TAPE,,True
20180419,3,REG,post2014,120.0,960.0,0.0,,regular,960.0,RULE+TAPE,,True
20180420,4,REG,post2014,120.0,960.0,0.0,,regular,960.0,RULE+TAPE,,True
20180423,0,REG,post2014,120.0,960.0,0.0,,regular,960.0,RULE+TAPE,,True
20180424,1,REG,post2014,120.0,960.0,0.0,,regular,960.0,RULE+TAPE,,True
20180425,2,REG,post2014,120.0,960.0,0.0,,regular,960.0,RULE+TAPE,,True
20180426,3,REG,post2014,120.0,960.0,0.0,,regular,960.0,RULE+TAPE,,True
20180427,4,REG,post2014,120.0,960.0,0.0,,regular,960.0,RULE+TAPE,,True
20180430,0,REG,post2014,120.0,960.0,0.0,,regular,960.0,RULE+TAPE,,True
20180501,1,REG,post2014,120.0,960.0,0.0,,regular,960.0,RULE+TAPE,,True
20180502,2,REG,post2014,120.0,960.0,0.0,,regular,960.0,RULE+TAPE,,True
20180503,3,REG,post2014,120.0,960.0,0.0,,regular,960.0,RULE+TAPE,,True
20180504,4,REG,post2014,120.0,960.0,0.0,,regular,960.0,RULE+TAPE,,True
20180507,0,REG,post2014,120.0,960.0,0.0,,regular,960.0,RULE+TAPE,,True
20180508,1,REG,post2014,120.0,960.0,0.0,,regular,960.0,RULE+TAPE,,True
20180509,2,REG,post2014,120.0,960.0,0.0,,regular,960.0,RULE+TAPE,,True
20180510,3,REG,post2014,120.0,960.0,0.0,,regular,960.0,RULE+TAPE,,True
20180511,4,REG,post2014,120.0,960.0,1.0,,regular,960.0,RULE+TAPE,1 missing minutes,False
20180514,0,REG,post2014,120.0,960.0,0.0,,regular,960.0,RULE+TAPE,,True
20180515,1,REG,post2014,120.0,960.0,0.0,,regular,960.0,RULE+TAPE,,True
20180516,2,REG,post2014,120.0,960.0,0.0,,regular,960.0,RULE+TAPE,,True
20180517,3,REG,post2014,120.0,960.0,0.0,,regular,960.0,RULE+TAPE,,True
20180518,4,REG,post2014,120.0,960.0,0.0,,regular,960.0,RULE+TAPE,,True
20180521,0,REG,post2014,120.0,960.0,0.0,,regular,960.0,RULE+TAPE,,True
20180522,1,REG,post2014,120.0,960.0,0.0,,regular,960.0,RULE+TAPE,,True
20180523,2,REG,post2014,120.0,960.0,0.0,,regular,960.0,RULE+TAPE,,True
20180524,3,REG,post2014,120.0,960.0,0.0,,regular,960.0,RULE+TAPE,,True
20180525,4,REG,post2014,120.0,960.0,0.0,,regular,960.0,RULE+TAPE,,True
20180528,0,HOL,post2014,120.0,780.0,1.0,,short,780.0,RULE+TAPE,1 missing minutes before close,False
20180529,1,REG,post2014,120.0,960.0,0.0,,regular,960.0,RULE+TAPE,,True
20180530,2,REG,post2014,120.0,960.0,0.0,,regular,960.0,RULE+TAPE,,True
20180531,3,REG,post2014,120.0,960.0,0.0,,regular,960.0,RULE+TAPE,,True
20180601,4,REG,post2014,120.0,960.0,0.0,,regular,960.0,RULE+TAPE,,True
20180604,0,REG,post2014,120.0,960.0,0.0,,regular,960.0,RULE+TAPE,,True
20180605,1,REG,post2014,120.0,960.0,1.0,,regular,960.0,RULE+TAPE,1 missing minutes,False
20180606,2,REG,post2014,120.0,960.0,0.0,,regular,960.0,RULE+TAPE,,True
20180607,3,REG,post2014,120.0,960.0,76.0,,regular,960.0,RULE+TAPE,76 missing minutes,False
20180608,4,REG,post2014,120.0,960.0,0.0,,regular,960.0,RULE+TAPE,,True
20180611,0,REG,post2014,120.0,960.0,0.0,,regular,960.0,RULE+TAPE,,True
20180612,1,REG,post2014,120.0,960.0,0.0,,regular,960.0,RULE+TAPE,,True
20180613,2,REG,post2014,120.0,960.0,1.0,,regular,960.0,RULE+TAPE,1 missing minutes,False
20180614,3,REG,post2014,120.0,960.0,0.0,,regular,960.0,RULE+TAPE,,True
20180615,4,REG,post2014,120.0,960.0,0.0,,regular,960.0,RULE+TAPE,,True
20180618,0,REG,post2014,120.0,960.0,0.0,,regular,960.0,RULE+TAPE,,True
20180619,1,REG,post2014,120.0,960.0,0.0,,regular,960.0,RULE+TAPE,,True
20180620,2,REG,post2014,120.0,960.0,0.0,,regular,960.0,RULE+TAPE,,True
20180621,3,REG,post2014,120.0,960.0,0.0,,regular,960.0,RULE+TAPE,,True
20180622,4,REG,post2014,120.0,960.0,0.0,,regular,960.0,RULE+TAPE,,True
20180625,0,REG,post2014,120.0,960.0,0.0,,regular,960.0,RULE+TAPE,,True
20180626,1,REG,post2014,120.0,960.0,0.0,,regular,960.0,RULE+TAPE,,True
20180627,2,REG,post2014,120.0,960.0,0.0,,regular,960.0,RULE+TAPE,,True
20180628,3,REG,post2014,120.0,960.0,0.0,,regular,960.0,RULE+TAPE,,True
20180629,4,REG,post2014,120.0,960.0,0.0,,regular,960.0,RULE+TAPE,,True
20180702,0,REG,post2014,120.0,960.0,0.0,,regular,960.0,RULE+TAPE,,True
20180703,1,EVE,post2014,120.0,795.0,0.0,,short,795.0,RULE+TAPE,,True
20180704,2,HOL,post2014,120.0,780.0,0.0,,short,780.0,RULE+TAPE,,True
20180705,3,REG,post2014,120.0,960.0,0.0,,regular,960.0,RULE+TAPE,,True
20180706,4,REG,post2014,120.0,960.0,0.0,,regular,960.0,RULE+TAPE,,True
20180709,0,REG,post2014,120.0,960.0,0.0,,regular,960.0,RULE+TAPE,,True
20180710,1,REG,post2014,120.0,960.0,0.0,,regular,960.0,RULE+TAPE,,True
20180711,2,REG,post2014,120.0,960.0,0.0,,regular,960.0,RULE+TAPE,,True
20180712,3,REG,post2014,120.0,960.0,0.0,,regular,960.0,RULE+TAPE,,True
20180713,4,REG,post2014,120.0,960.0,0.0,,regular,960.0,RULE+TAPE,,True
20180716,0,REG,post2014,120.0,960.0,0.0,,regular,960.0,RULE+TAPE,,True
20180717,1,REG,post2014,120.0,960.0,0.0,,regular,960.0,RULE+TAPE,,True
20180718,2,REG,post2014,120.0,960.0,0.0,,regular,960.0,RULE+TAPE,,True
20180719,3,REG,post2014,120.0,960.0,0.0,,regular,960.0,RULE+TAPE,,True
20180720,4,REG,post2014,120.0,960.0,0.0,,regular,960.0,RULE+TAPE,,True
20180723,0,REG,post2014,120.0,960.0,0.0,,regular,960.0,RULE+TAPE,,True
20180724,1,REG,post2014,120.0,960.0,0.0,,regular,960.0,RULE+TAPE,,True
20180725,2,REG,post2014,120.0,960.0,0.0,,regular,960.0,RULE+TAPE,,True
20180726,3,REG,post2014,120.0,960.0,0.0,,regular,960.0,RULE+TAPE,,True
20180727,4,REG,post2014,120.0,960.0,0.0,,regular,960.0,RULE+TAPE,,True
20180730,0,REG,post2014,120.0,960.0,0.0,,regular,960.0,RULE+TAPE,,True
20180731,1,REG,post2014,120.0,960.0,0.0,,regular,960.0,RULE+TAPE,,True
20180801,2,REG,post2014,120.0,960.0,0.0,,regular,960.0,RULE+TAPE,,True
20180802,3,REG,post2014,120.0,960.0,0.0,,regular,960.0,RULE+TAPE,,True
20180803,4,REG,post2014,120.0,960.0,0.0,,regular,960.0,RULE+TAPE,,True
20180806,0,REG,post2014,120.0,960.0,0.0,,regular,960.0,RULE+TAPE,,True
20180807,1,REG,post2014,120.0,960.0,0.0,,regular,960.0,RULE+TAPE,,True
20180808,2,REG,post2014,120.0,960.0,0.0,,regular,960.0,RULE+TAPE,,True
20180809,3,REG,post2014,120.0,960.0,1.0,,regular,960.0,RULE+TAPE,1 missing minutes,False
20180810,4,REG,post2014,120.0,960.0,0.0,,regular,960.0,RULE+TAPE,,True
20180813,0,REG,post2014,120.0,960.0,0.0,,regular,960.0,RULE+TAPE,,True
20180814,1,REG,post2014,120.0,960.0,0.0,,regular,960.0,RULE+TAPE,,True
20180815,2,REG,post2014,120.0,960.0,0.0,,regular,960.0,RULE+TAPE,,True
20180816,3,REG,post2014,120.0,960.0,0.0,,regular,960.0,RULE+TAPE,,True
20180817,4,REG,post2014,120.0,960.0,0.0,,regular,960.0,RULE+TAPE,,True
20180820,0,REG,post2014,120.0,960.0,0.0,,regular,960.0,RULE+TAPE,,True
20180821,1,REG,post2014,120.0,960.0,0.0,,regular,960.0,RULE+TAPE,,True
20180822,2,REG,post2014,120.0,960.0,0.0,,regular,960.0,RULE+TAPE,,True
20180823,3,REG,post2014,120.0,960.0,0.0,,regular,960.0,RULE+TAPE,,True
20180824,4,REG,post2014,120.0,960.0,0.0,,regular,960.0,RULE+TAPE,,True
20180827,0,REG,post2014,120.0,960.0,0.0,,regular,960.0,RULE+TAPE,,True
20180828,1,REG,post2014,120.0,960.0,0.0,,regular,960.0,RULE+TAPE,,True
20180829,2,REG,post2014,120.0,960.0,0.0,,regular,960.0,RULE+TAPE,,True
20180830,3,REG,post2014,120.0,960.0,0.0,,regular,960.0,RULE+TAPE,,True
20180831,4,REG,post2014,120.0,960.0,0.0,,regular,960.0,RULE+TAPE,,True
20180903,0,HOL,post2014,120.0,780.0,1.0,,short,780.0,RULE+TAPE,1 missing minutes before close,False
20180904,1,REG,post2014,120.0,960.0,0.0,,regular,960.0,RULE+TAPE,,True
20180905,2,REG,post2014,120.0,960.0,0.0,,regular,960.0,RULE+TAPE,,True
20180906,3,REG,post2014,120.0,960.0,0.0,,regular,960.0,RULE+TAPE,,True
20180907,4,REG,post2014,120.0,960.0,0.0,,regular,960.0,RULE+TAPE,,True
20180910,0,REG,post2014,120.0,960.0,0.0,,regular,960.0,RULE+TAPE,,True
20180911,1,REG,post2014,120.0,960.0,0.0,,regular,960.0,RULE+TAPE,,True
20180912,2,REG,post2014,120.0,960.0,0.0,,regular,960.0,RULE+TAPE,,True
20180913,3,REG,post2014,120.0,960.0,35.0,,regular,960.0,RULE+TAPE,35 missing minutes,False
20180914,4,REG,post2014,120.0,960.0,0.0,,regular,960.0,RULE+TAPE,,True
20180917,0,REG,post2014,120.0,960.0,0.0,,regular,960.0,RULE+TAPE,,True
20180918,1,REG,post2014,120.0,960.0,0.0,,regular,960.0,RULE+TAPE,,True
20180919,2,REG,post2014,120.0,960.0,0.0,,regular,960.0,RULE+TAPE,,True
20180920,3,REG,post2014,120.0,960.0,0.0,,regular,960.0,RULE+TAPE,,True
20180921,4,REG,post2014,120.0,960.0,0.0,,regular,960.0,RULE+TAPE,,True
20180924,0,REG,post2014,120.0,960.0,0.0,,regular,960.0,RULE+TAPE,,True
20180925,1,REG,post2014,120.0,960.0,0.0,,regular,960.0,RULE+TAPE,,True
20180926,2,REG,post2014,120.0,960.0,0.0,,regular,960.0,RULE+TAPE,,True
20180927,3,REG,post2014,120.0,960.0,0.0,,regular,960.0,RULE+TAPE,,True
20180928,4,REG,post2014,120.0,960.0,0.0,,regular,960.0,RULE+TAPE,,True
20181001,0,REG,post2014,120.0,960.0,0.0,,regular,960.0,RULE+TAPE,,True
20181002,1,REG,post2014,120.0,960.0,0.0,,regular,960.0,RULE+TAPE,,True
20181003,2,REG,post2014,120.0,960.0,0.0,,regular,960.0,RULE+TAPE,,True
20181004,3,REG,post2014,120.0,960.0,0.0,,regular,960.0,RULE+TAPE,,True
20181005,4,REG,post2014,120.0,960.0,0.0,,regular,960.0,RULE+TAPE,,True
20181008,0,REG,post2014,120.0,960.0,0.0,,regular,960.0,RULE+TAPE,,True
20181009,1,REG,post2014,120.0,960.0,0.0,,regular,960.0,RULE+TAPE,,True
20181010,2,REG,post2014,120.0,960.0,0.0,,regular,960.0,RULE+TAPE,,True
20181011,3,REG,post2014,120.0,960.0,0.0,,regular,960.0,RULE+TAPE,,True
20181012,4,REG,post2014,120.0,960.0,0.0,,regular,960.0,RULE+TAPE,,True
20181015,0,REG,post2014,120.0,960.0,0.0,,regular,960.0,RULE+TAPE,,True
20181016,1,REG,post2014,120.0,960.0,0.0,,regular,960.0,RULE+TAPE,,True
20181017,2,REG,post2014,120.0,960.0,0.0,,regular,960.0,RULE+TAPE,,True
20181018,3,REG,post2014,120.0,960.0,0.0,,regular,960.0,RULE+TAPE,,True
20181019,4,REG,post2014,120.0,960.0,0.0,,regular,960.0,RULE+TAPE,,True
20181022,0,REG,post2014,120.0,960.0,0.0,,regular,960.0,RULE+TAPE,,True
20181023,1,REG,post2014,120.0,960.0,0.0,,regular,960.0,RULE+TAPE,,True
20181024,2,REG,post2014,120.0,960.0,0.0,,regular,960.0,RULE+TAPE,,True
20181025,3,REG,post2014,120.0,960.0,0.0,,regular,960.0,RULE+TAPE,,True
20181026,4,REG,post2014,120.0,960.0,0.0,,regular,960.0,RULE+TAPE,,True
20181029,0,REG,post2014,120.0,960.0,0.0,,regular,960.0,RULE+TAPE,,True
20181030,1,REG,post2014,120.0,960.0,0.0,,regular,960.0,RULE+TAPE,,True
20181031,2,REG,post2014,120.0,960.0,0.0,,regular,960.0,RULE+TAPE,,True
20181101,3,REG,post2014,120.0,960.0,0.0,,regular,960.0,RULE+TAPE,,True
20181102,4,REG,post2014,120.0,960.0,0.0,,regular,960.0,RULE+TAPE,,True
20181105,0,REG,post2014,120.0,960.0,0.0,,regular,960.0,RULE+TAPE,,True
20181106,1,REG,post2014,120.0,960.0,0.0,,regular,960.0,RULE+TAPE,,True
20181107,2,REG,post2014,120.0,960.0,0.0,,regular,960.0,RULE+TAPE,,True
20181108,3,REG,post2014,120.0,960.0,0.0,,regular,960.0,RULE+TAPE,,True
20181109,4,REG,post2014,120.0,960.0,0.0,,regular,960.0,RULE+TAPE,,True
20181112,0,REG,post2014,120.0,960.0,0.0,,regular,960.0,RULE+TAPE,,True
20181113,1,REG,post2014,120.0,960.0,0.0,,regular,960.0,RULE+TAPE,,True
20181114,2,REG,post2014,120.0,960.0,0.0,,regular,960.0,RULE+TAPE,,True
20181115,3,REG,post2014,120.0,960.0,0.0,,regular,960.0,RULE+TAPE,,True
20181116,4,REG,post2014,120.0,960.0,0.0,,regular,960.0,RULE+TAPE,,True
20181119,0,REG,post2014,120.0,960.0,0.0,,regular,960.0,RULE+TAPE,,True
20181120,1,REG,post2014,120.0,960.0,0.0,,regular,960.0,RULE+TAPE,,True
20181121,2,REG,post2014,120.0,960.0,0.0,,regular,960.0,RULE+TAPE,,True
20181122,3,HOL,post2014,120.0,780.0,0.0,,short,780.0,RULE+TAPE,,True
20181123,4,EVE,post2014,120.0,795.0,0.0,,short,795.0,RULE+TAPE,,True
20181126,0,REG,post2014,120.0,960.0,0.0,,regular,960.0,RULE+TAPE,,True
20181127,1,REG,post2014,120.0,960.0,0.0,,regular,960.0,RULE+TAPE,,True
20181128,2,REG,post2014,120.0,960.0,0.0,,regular,960.0,RULE+TAPE,,True
20181129,3,REG,post2014,120.0,960.0,0.0,,regular,960.0,RULE+TAPE,,True
20181130,4,REG,post2014,120.0,960.0,0.0,,regular,960.0,RULE+TAPE,,True
20181203,0,REG,post2014,120.0,960.0,0.0,,regular,960.0,RULE+TAPE,,True
20181204,1,REG,post2014,120.0,960.0,0.0,,regular,960.0,RULE+TAPE,,True
20181205,2,REG,post2014,120.0,570.0,0.0,national day of mourning (Bush),special,570.0,TAPE_ONLY,national day of mourning (Bush),False
20181206,3,REG,post2014,120.0,960.0,0.0,,regular,960.0,RULE+TAPE,,True
20181207,4,REG,post2014,120.0,960.0,0.0,,regular,960.0,RULE+TAPE,,True
20181210,0,REG,post2014,120.0,960.0,0.0,,regular,960.0,RULE+TAPE,,True
20181211,1,REG,post2014,120.0,960.0,0.0,,regular,960.0,RULE+TAPE,,True
20181212,2,REG,post2014,120.0,960.0,0.0,,regular,960.0,RULE+TAPE,,True
20181213,3,REG,post2014,120.0,960.0,18.0,,regular,960.0,RULE+TAPE,18 missing minutes,False
20181214,4,REG,post2014,120.0,960.0,0.0,,regular,960.0,RULE+TAPE,,True
20181217,0,REG,post2014,120.0,960.0,0.0,,regular,960.0,RULE+TAPE,,True
20181218,1,REG,post2014,120.0,960.0,0.0,,regular,960.0,RULE+TAPE,,True
20181219,2,REG,post2014,120.0,960.0,0.0,,regular,960.0,RULE+TAPE,,True
20181220,3,REG,post2014,120.0,960.0,0.0,,regular,960.0,RULE+TAPE,,True
20181221,4,REG,post2014,120.0,960.0,0.0,,regular,960.0,RULE+TAPE,,True
20181224,0,EVE,post2014,120.0,795.0,0.0,,short,795.0,RULE+TAPE,,True
20181225,1,XMAS,post2014,,,,,closed,,RULE+TAPE,,False
20181226,2,REG,post2014,120.0,960.0,0.0,,regular,960.0,RULE+TAPE,,True
20181227,3,REG,post2014,120.0,960.0,0.0,,regular,960.0,RULE+TAPE,,True
20181228,4,REG,post2014,120.0,960.0,0.0,,regular,960.0,RULE+TAPE,,True
20181231,0,REG,post2014,120.0,960.0,0.0,,regular,960.0,RULE+TAPE,,True
20190101,1,NEWYEAR,post2014,,,,,closed,,RULE+TAPE,,False
20190102,2,REG,post2014,120.0,960.0,0.0,,regular,960.0,RULE+TAPE,,True
20190103,3,REG,post2014,120.0,960.0,0.0,,regular,960.0,RULE+TAPE,,True
20190104,4,REG,post2014,120.0,960.0,0.0,,regular,960.0,RULE+TAPE,,True
20190107,0,REG,post2014,120.0,960.0,0.0,,regular,960.0,RULE+TAPE,,True
20190108,1,REG,post2014,120.0,960.0,0.0,,regular,960.0,RULE+TAPE,,True
20190109,2,REG,post2014,120.0,960.0,0.0,,regular,960.0,RULE+TAPE,,True
20190110,3,REG,post2014,120.0,960.0,0.0,,regular,960.0,RULE+TAPE,,True
20190111,4,REG,post2014,120.0,960.0,0.0,,regular,960.0,RULE+TAPE,,True
20190114,0,REG,post2014,120.0,960.0,0.0,,regular,960.0,RULE+TAPE,,True
20190115,1,REG,post2014,120.0,960.0,0.0,,regular,960.0,RULE+TAPE,,True
20190116,2,REG,post2014,120.0,960.0,0.0,,regular,960.0,RULE+TAPE,,True
20190117,3,REG,post2014,120.0,960.0,0.0,,regular,960.0,RULE+TAPE,,True
20190118,4,REG,post2014,120.0,960.0,0.0,,regular,960.0,RULE+TAPE,,True
20190121,0,HOL,post2014,120.0,780.0,0.0,,short,780.0,RULE+TAPE,,True
20190122,1,REG,post2014,120.0,960.0,0.0,,regular,960.0,RULE+TAPE,,True
20190123,2,REG,post2014,120.0,960.0,0.0,,regular,960.0,RULE+TAPE,,True
20190124,3,REG,post2014,120.0,960.0,0.0,,regular,960.0,RULE+TAPE,,True
20190125,4,REG,post2014,120.0,960.0,0.0,,regular,960.0,RULE+TAPE,,True
20190128,0,REG,post2014,120.0,960.0,0.0,,regular,960.0,RULE+TAPE,,True
20190129,1,REG,post2014,120.0,960.0,0.0,,regular,960.0,RULE+TAPE,,True
20190130,2,REG,post2014,120.0,960.0,0.0,,regular,960.0,RULE+TAPE,,True
20190131,3,REG,post2014,120.0,960.0,0.0,,regular,960.0,RULE+TAPE,,True
20190201,4,REG,post2014,120.0,960.0,0.0,,regular,960.0,RULE+TAPE,,True
20190204,0,REG,post2014,120.0,960.0,0.0,,regular,960.0,RULE+TAPE,,True
20190205,1,REG,post2014,120.0,960.0,0.0,,regular,960.0,RULE+TAPE,,True
20190206,2,REG,post2014,120.0,960.0,0.0,,regular,960.0,RULE+TAPE,,True
20190207,3,REG,post2014,120.0,960.0,0.0,,regular,960.0,RULE+TAPE,,True
20190208,4,REG,post2014,120.0,960.0,0.0,,regular,960.0,RULE+TAPE,,True
20190211,0,REG,post2014,120.0,960.0,0.0,,regular,960.0,RULE+TAPE,,True
20190212,1,REG,post2014,120.0,960.0,0.0,,regular,960.0,RULE+TAPE,,True
20190213,2,REG,post2014,120.0,960.0,0.0,,regular,960.0,RULE+TAPE,,True
20190214,3,REG,post2014,120.0,960.0,0.0,,regular,960.0,RULE+TAPE,,True
20190215,4,REG,post2014,120.0,960.0,0.0,,regular,960.0,RULE+TAPE,,True
20190218,0,HOL,post2014,120.0,780.0,0.0,,short,780.0,RULE+TAPE,,True
20190219,1,REG,post2014,120.0,960.0,0.0,,regular,960.0,RULE+TAPE,,True
20190220,2,REG,post2014,120.0,960.0,0.0,,regular,960.0,RULE+TAPE,,True
20190221,3,REG,post2014,120.0,960.0,0.0,,regular,960.0,RULE+TAPE,,True
20190222,4,REG,post2014,120.0,960.0,0.0,,regular,960.0,RULE+TAPE,,True
20190225,0,REG,post2014,120.0,960.0,0.0,,regular,960.0,RULE+TAPE,,True
20190226,1,REG,post2014,120.0,960.0,0.0,,regular,960.0,RULE+TAPE,,True
20190227,2,REG,post2014,120.0,960.0,0.0,,regular,960.0,RULE+TAPE,,True
20190228,3,REG,post2014,120.0,960.0,0.0,,regular,960.0,RULE+TAPE,,True
20190301,4,REG,post2014,120.0,960.0,0.0,,regular,960.0,RULE+TAPE,,True
20190304,0,REG,post2014,120.0,960.0,0.0,,regular,960.0,RULE+TAPE,,True
20190305,1,REG,post2014,120.0,960.0,0.0,,regular,960.0,RULE+TAPE,,True
20190306,2,REG,post2014,120.0,960.0,0.0,,regular,960.0,RULE+TAPE,,True
20190307,3,REG,post2014,120.0,960.0,85.0,,regular,960.0,RULE+TAPE,85 missing minutes,False
20190308,4,REG,post2014,120.0,960.0,0.0,,regular,960.0,RULE+TAPE,,True
20190311,0,REG,post2014,120.0,960.0,0.0,,regular,960.0,RULE+TAPE,,True
20190312,1,REG,post2014,120.0,960.0,0.0,,regular,960.0,RULE+TAPE,,True
20190313,2,REG,post2014,120.0,960.0,0.0,,regular,960.0,RULE+TAPE,,True
20190314,3,REG,post2014,120.0,960.0,0.0,,regular,960.0,RULE+TAPE,,True
20190315,4,REG,post2014,120.0,960.0,0.0,,regular,960.0,RULE+TAPE,,True
20190318,0,REG,post2014,120.0,960.0,0.0,,regular,960.0,RULE+TAPE,,True
20190319,1,REG,post2014,120.0,960.0,0.0,,regular,960.0,RULE+TAPE,,True
20190320,2,REG,post2014,120.0,960.0,0.0,,regular,960.0,RULE+TAPE,,True
20190321,3,REG,post2014,120.0,960.0,0.0,,regular,960.0,RULE+TAPE,,True
20190322,4,REG,post2014,120.0,960.0,0.0,,regular,960.0,RULE+TAPE,,True
20190325,0,REG,post2014,120.0,960.0,0.0,,regular,960.0,RULE+TAPE,,True
20190326,1,REG,post2014,120.0,960.0,0.0,,regular,960.0,RULE+TAPE,,True
20190327,2,REG,post2014,120.0,960.0,0.0,,regular,960.0,RULE+TAPE,,True
20190328,3,REG,post2014,120.0,960.0,0.0,,regular,960.0,RULE+TAPE,,True
20190329,4,REG,post2014,120.0,960.0,0.0,,regular,960.0,RULE+TAPE,,True
20190401,0,REG,post2014,120.0,960.0,0.0,,regular,960.0,RULE+TAPE,,True
20190402,1,REG,post2014,120.0,960.0,0.0,,regular,960.0,RULE+TAPE,,True
20190403,2,REG,post2014,120.0,960.0,0.0,,regular,960.0,RULE+TAPE,,True
20190404,3,REG,post2014,120.0,960.0,0.0,,regular,960.0,RULE+TAPE,,True
20190405,4,REG,post2014,120.0,960.0,0.0,,regular,960.0,RULE+TAPE,,True
20190408,0,REG,post2014,120.0,960.0,0.0,,regular,960.0,RULE+TAPE,,True
20190409,1,REG,post2014,120.0,960.0,0.0,,regular,960.0,RULE+TAPE,,True
20190410,2,REG,post2014,120.0,960.0,0.0,,regular,960.0,RULE+TAPE,,True
20190411,3,REG,post2014,120.0,960.0,0.0,,regular,960.0,RULE+TAPE,,True
20190412,4,REG,post2014,120.0,960.0,0.0,,regular,960.0,RULE+TAPE,,True
20190415,0,REG,post2014,120.0,960.0,0.0,,regular,960.0,RULE+TAPE,,True
20190416,1,REG,post2014,120.0,960.0,0.0,,regular,960.0,RULE+TAPE,,True
20190417,2,REG,post2014,120.0,960.0,0.0,,regular,960.0,RULE+TAPE,,True
20190418,3,REG,post2014,120.0,960.0,0.0,,regular,960.0,RULE+TAPE,,True
20190419,4,GOODFRI,post2014,,,,,closed,,RULE+TAPE,,False
20190422,0,REG,post2014,120.0,960.0,0.0,,regular,960.0,RULE+TAPE,,True
20190423,1,REG,post2014,120.0,960.0,0.0,,regular,960.0,RULE+TAPE,,True
20190424,2,REG,post2014,120.0,960.0,0.0,,regular,960.0,RULE+TAPE,,True
20190425,3,REG,post2014,120.0,960.0,0.0,,regular,960.0,RULE+TAPE,,True
20190426,4,REG,post2014,120.0,960.0,0.0,,regular,960.0,RULE+TAPE,,True
20190429,0,REG,post2014,120.0,960.0,0.0,,regular,960.0,RULE+TAPE,,True
20190430,1,REG,post2014,120.0,960.0,0.0,,regular,960.0,RULE+TAPE,,True
20190501,2,REG,post2014,120.0,960.0,0.0,,regular,960.0,RULE+TAPE,,True
20190502,3,REG,post2014,120.0,960.0,0.0,,regular,960.0,RULE+TAPE,,True
20190503,4,REG,post2014,120.0,960.0,0.0,,regular,960.0,RULE+TAPE,,True
20190506,0,REG,post2014,120.0,960.0,0.0,,regular,960.0,RULE+TAPE,,True
20190507,1,REG,post2014,120.0,960.0,0.0,,regular,960.0,RULE+TAPE,,True
20190508,2,REG,post2014,120.0,960.0,0.0,,regular,960.0,RULE+TAPE,,True
20190509,3,REG,post2014,120.0,960.0,0.0,,regular,960.0,RULE+TAPE,,True
20190510,4,REG,post2014,120.0,960.0,0.0,,regular,960.0,RULE+TAPE,,True
20190513,0,REG,post2014,120.0,960.0,0.0,,regular,960.0,RULE+TAPE,,True
20190514,1,REG,post2014,120.0,960.0,0.0,,regular,960.0,RULE+TAPE,,True
20190515,2,REG,post2014,120.0,960.0,0.0,,regular,960.0,RULE+TAPE,,True
20190516,3,REG,post2014,120.0,960.0,0.0,,regular,960.0,RULE+TAPE,,True
20190517,4,REG,post2014,120.0,960.0,0.0,,regular,960.0,RULE+TAPE,,True
20190520,0,REG,post2014,120.0,960.0,0.0,,regular,960.0,RULE+TAPE,,True
20190521,1,REG,post2014,120.0,960.0,0.0,,regular,960.0,RULE+TAPE,,True
20190522,2,REG,post2014,120.0,960.0,0.0,,regular,960.0,RULE+TAPE,,True
20190523,3,REG,post2014,120.0,960.0,0.0,,regular,960.0,RULE+TAPE,,True
20190524,4,REG,post2014,120.0,960.0,0.0,,regular,960.0,RULE+TAPE,,True
20190527,0,HOL,post2014,120.0,780.0,0.0,,short,780.0,RULE+TAPE,,True
20190528,1,REG,post2014,120.0,960.0,0.0,,regular,960.0,RULE+TAPE,,True
20190529,2,REG,post2014,120.0,960.0,0.0,,regular,960.0,RULE+TAPE,,True
20190530,3,REG,post2014,120.0,960.0,0.0,,regular,960.0,RULE+TAPE,,True
20190531,4,REG,post2014,120.0,960.0,0.0,,regular,960.0,RULE+TAPE,,True
20190603,0,REG,post2014,120.0,960.0,0.0,,regular,960.0,RULE+TAPE,,True
20190604,1,REG,post2014,120.0,960.0,0.0,,regular,960.0,RULE+TAPE,,True
20190605,2,REG,post2014,120.0,960.0,0.0,,regular,960.0,RULE+TAPE,,True
20190606,3,REG,post2014,120.0,960.0,0.0,,regular,960.0,RULE+TAPE,,True
20190607,4,REG,post2014,120.0,960.0,0.0,,regular,960.0,RULE+TAPE,,True
20190610,0,REG,post2014,120.0,960.0,0.0,,regular,960.0,RULE+TAPE,,True
20190611,1,REG,post2014,120.0,960.0,0.0,,regular,960.0,RULE+TAPE,,True
20190612,2,REG,post2014,120.0,960.0,0.0,,regular,960.0,RULE+TAPE,,True
20190613,3,REG,post2014,120.0,960.0,11.0,,regular,960.0,RULE+TAPE,11 missing minutes,False
20190614,4,REG,post2014,120.0,960.0,0.0,,regular,960.0,RULE+TAPE,,True
20190617,0,REG,post2014,120.0,960.0,0.0,,regular,960.0,RULE+TAPE,,True
20190618,1,REG,post2014,120.0,960.0,0.0,,regular,960.0,RULE+TAPE,,True
20190619,2,REG,post2014,120.0,960.0,0.0,,regular,960.0,RULE+TAPE,,True
20190620,3,REG,post2014,120.0,960.0,0.0,,regular,960.0,RULE+TAPE,,True
20190621,4,REG,post2014,120.0,960.0,0.0,,regular,960.0,RULE+TAPE,,True
20190624,0,REG,post2014,120.0,960.0,0.0,,regular,960.0,RULE+TAPE,,True
20190625,1,REG,post2014,120.0,960.0,0.0,,regular,960.0,RULE+TAPE,,True
20190626,2,REG,post2014,120.0,960.0,0.0,,regular,960.0,RULE+TAPE,,True
20190627,3,REG,post2014,120.0,960.0,0.0,,regular,960.0,RULE+TAPE,,True
20190628,4,REG,post2014,120.0,960.0,0.0,,regular,960.0,RULE+TAPE,,True
20190701,0,REG,post2014,120.0,960.0,0.0,,regular,960.0,RULE+TAPE,,True
20190702,1,REG,post2014,120.0,960.0,0.0,,regular,960.0,RULE+TAPE,,True
20190703,2,EVE,post2014,120.0,795.0,0.0,,short,795.0,RULE+TAPE,,True
20190704,3,HOL,post2014,120.0,780.0,1.0,,short,780.0,RULE+TAPE,1 missing minutes before close,False
20190705,4,REG,post2014,120.0,960.0,0.0,,regular,960.0,RULE+TAPE,,True
20190708,0,REG,post2014,120.0,960.0,0.0,,regular,960.0,RULE+TAPE,,True
20190709,1,REG,post2014,120.0,960.0,0.0,,regular,960.0,RULE+TAPE,,True
20190710,2,REG,post2014,120.0,960.0,0.0,,regular,960.0,RULE+TAPE,,True
20190711,3,REG,post2014,120.0,960.0,0.0,,regular,960.0,RULE+TAPE,,True
20190712,4,REG,post2014,120.0,960.0,0.0,,regular,960.0,RULE+TAPE,,True
20190715,0,REG,post2014,120.0,960.0,0.0,,regular,960.0,RULE+TAPE,,True
20190716,1,REG,post2014,120.0,960.0,0.0,,regular,960.0,RULE+TAPE,,True
20190717,2,REG,post2014,120.0,960.0,0.0,,regular,960.0,RULE+TAPE,,True
20190718,3,REG,post2014,120.0,960.0,0.0,,regular,960.0,RULE+TAPE,,True
20190719,4,REG,post2014,120.0,960.0,0.0,,regular,960.0,RULE+TAPE,,True
20190722,0,REG,post2014,120.0,960.0,0.0,,regular,960.0,RULE+TAPE,,True
20190723,1,REG,post2014,120.0,960.0,0.0,,regular,960.0,RULE+TAPE,,True
20190724,2,REG,post2014,120.0,960.0,0.0,,regular,960.0,RULE+TAPE,,True
20190725,3,REG,post2014,120.0,960.0,0.0,,regular,960.0,RULE+TAPE,,True
20190726,4,REG,post2014,120.0,960.0,0.0,,regular,960.0,RULE+TAPE,,True
20190729,0,REG,post2014,120.0,960.0,0.0,,regular,960.0,RULE+TAPE,,True
20190730,1,REG,post2014,120.0,960.0,0.0,,regular,960.0,RULE+TAPE,,True
20190731,2,REG,post2014,120.0,960.0,0.0,,regular,960.0,RULE+TAPE,,True
20190801,3,REG,post2014,120.0,960.0,0.0,,regular,960.0,RULE+TAPE,,True
20190802,4,REG,post2014,120.0,960.0,0.0,,regular,960.0,RULE+TAPE,,True
20190805,0,REG,post2014,120.0,960.0,0.0,,regular,960.0,RULE+TAPE,,True
20190806,1,REG,post2014,120.0,960.0,0.0,,regular,960.0,RULE+TAPE,,True
20190807,2,REG,post2014,120.0,960.0,0.0,,regular,960.0,RULE+TAPE,,True
20190808,3,REG,post2014,120.0,960.0,0.0,,regular,960.0,RULE+TAPE,,True
20190809,4,REG,post2014,120.0,960.0,0.0,,regular,960.0,RULE+TAPE,,True
20190812,0,REG,post2014,120.0,960.0,0.0,,regular,960.0,RULE+TAPE,,True
20190813,1,REG,post2014,120.0,960.0,0.0,,regular,960.0,RULE+TAPE,,True
20190814,2,REG,post2014,120.0,960.0,0.0,,regular,960.0,RULE+TAPE,,True
20190815,3,REG,post2014,120.0,960.0,0.0,,regular,960.0,RULE+TAPE,,True
20190816,4,REG,post2014,120.0,960.0,0.0,,regular,960.0,RULE+TAPE,,True
20190819,0,REG,post2014,120.0,960.0,0.0,,regular,960.0,RULE+TAPE,,True
20190820,1,REG,post2014,120.0,960.0,0.0,,regular,960.0,RULE+TAPE,,True
20190821,2,REG,post2014,120.0,960.0,0.0,,regular,960.0,RULE+TAPE,,True
20190822,3,REG,post2014,120.0,960.0,0.0,,regular,960.0,RULE+TAPE,,True
20190823,4,REG,post2014,120.0,960.0,0.0,,regular,960.0,RULE+TAPE,,True
20190826,0,REG,post2014,120.0,960.0,0.0,,regular,960.0,RULE+TAPE,,True
20190827,1,REG,post2014,120.0,960.0,0.0,,regular,960.0,RULE+TAPE,,True
20190828,2,REG,post2014,120.0,960.0,0.0,,regular,960.0,RULE+TAPE,,True
20190829,3,REG,post2014,120.0,960.0,0.0,,regular,960.0,RULE+TAPE,,True
20190830,4,REG,post2014,120.0,960.0,0.0,,regular,960.0,RULE+TAPE,,True
20190902,0,HOL,post2014,120.0,780.0,0.0,,short,780.0,RULE+TAPE,,True
20190903,1,REG,post2014,120.0,960.0,0.0,,regular,960.0,RULE+TAPE,,True
20190904,2,REG,post2014,120.0,960.0,0.0,,regular,960.0,RULE+TAPE,,True
20190905,3,REG,post2014,120.0,960.0,0.0,,regular,960.0,RULE+TAPE,,True
20190906,4,REG,post2014,120.0,960.0,0.0,,regular,960.0,RULE+TAPE,,True
20190909,0,REG,post2014,120.0,960.0,0.0,,regular,960.0,RULE+TAPE,,True
20190910,1,REG,post2014,120.0,960.0,0.0,,regular,960.0,RULE+TAPE,,True
20190911,2,REG,post2014,120.0,960.0,0.0,,regular,960.0,RULE+TAPE,,True
20190912,3,REG,post2014,120.0,960.0,14.0,,regular,960.0,RULE+TAPE,14 missing minutes,False
20190913,4,REG,post2014,120.0,960.0,0.0,,regular,960.0,RULE+TAPE,,True
20190916,0,REG,post2014,120.0,960.0,0.0,,regular,960.0,RULE+TAPE,,True
20190917,1,REG,post2014,120.0,960.0,0.0,,regular,960.0,RULE+TAPE,,True
20190918,2,REG,post2014,120.0,960.0,0.0,,regular,960.0,RULE+TAPE,,True
20190919,3,REG,post2014,120.0,960.0,0.0,,regular,960.0,RULE+TAPE,,True
20190920,4,REG,post2014,120.0,960.0,0.0,,regular,960.0,RULE+TAPE,,True
20190923,0,REG,post2014,120.0,960.0,0.0,,regular,960.0,RULE+TAPE,,True
20190924,1,REG,post2014,120.0,960.0,0.0,,regular,960.0,RULE+TAPE,,True
20190925,2,REG,post2014,120.0,960.0,0.0,,regular,960.0,RULE+TAPE,,True
20190926,3,REG,post2014,120.0,960.0,0.0,,regular,960.0,RULE+TAPE,,True
20190927,4,REG,post2014,120.0,960.0,0.0,,regular,960.0,RULE+TAPE,,True
20190930,0,REG,post2014,120.0,960.0,0.0,,regular,960.0,RULE+TAPE,,True
20191001,1,REG,post2014,120.0,960.0,0.0,,regular,960.0,RULE+TAPE,,True
20191002,2,REG,post2014,120.0,960.0,0.0,,regular,960.0,RULE+TAPE,,True
20191003,3,REG,post2014,120.0,960.0,0.0,,regular,960.0,RULE+TAPE,,True
20191004,4,REG,post2014,120.0,960.0,0.0,,regular,960.0,RULE+TAPE,,True
20191007,0,REG,post2014,120.0,960.0,0.0,,regular,960.0,RULE+TAPE,,True
20191008,1,REG,post2014,120.0,960.0,0.0,,regular,960.0,RULE+TAPE,,True
20191009,2,REG,post2014,120.0,960.0,0.0,,regular,960.0,RULE+TAPE,,True
20191010,3,REG,post2014,120.0,960.0,0.0,,regular,960.0,RULE+TAPE,,True
20191011,4,REG,post2014,120.0,960.0,0.0,,regular,960.0,RULE+TAPE,,True
20191014,0,REG,post2014,120.0,960.0,0.0,,regular,960.0,RULE+TAPE,,True
20191015,1,REG,post2014,120.0,960.0,0.0,,regular,960.0,RULE+TAPE,,True
20191016,2,REG,post2014,120.0,960.0,0.0,,regular,960.0,RULE+TAPE,,True
20191017,3,REG,post2014,120.0,960.0,0.0,,regular,960.0,RULE+TAPE,,True
20191018,4,REG,post2014,120.0,960.0,0.0,,regular,960.0,RULE+TAPE,,True
20191021,0,REG,post2014,120.0,960.0,0.0,,regular,960.0,RULE+TAPE,,True
20191022,1,REG,post2014,120.0,960.0,0.0,,regular,960.0,RULE+TAPE,,True
20191023,2,REG,post2014,120.0,960.0,0.0,,regular,960.0,RULE+TAPE,,True
20191024,3,REG,post2014,120.0,960.0,0.0,,regular,960.0,RULE+TAPE,,True
20191025,4,REG,post2014,120.0,960.0,0.0,,regular,960.0,RULE+TAPE,,True
20191028,0,REG,post2014,120.0,960.0,0.0,,regular,960.0,RULE+TAPE,,True
20191029,1,REG,post2014,120.0,960.0,2.0,,regular,960.0,RULE+TAPE,2 missing minutes,False
20191030,2,REG,post2014,120.0,960.0,0.0,,regular,960.0,RULE+TAPE,,True
20191031,3,REG,post2014,120.0,960.0,0.0,,regular,960.0,RULE+TAPE,,True
20191101,4,REG,post2014,120.0,960.0,1.0,,regular,960.0,RULE+TAPE,1 missing minutes,False
20191104,0,REG,post2014,120.0,960.0,0.0,,regular,960.0,RULE+TAPE,,True
20191105,1,REG,post2014,120.0,960.0,0.0,,regular,960.0,RULE+TAPE,,True
20191106,2,REG,post2014,120.0,960.0,0.0,,regular,960.0,RULE+TAPE,,True
20191107,3,REG,post2014,120.0,960.0,0.0,,regular,960.0,RULE+TAPE,,True
20191108,4,REG,post2014,120.0,960.0,0.0,,regular,960.0,RULE+TAPE,,True
20191111,0,REG,post2014,120.0,960.0,0.0,,regular,960.0,RULE+TAPE,,True
20191112,1,REG,post2014,120.0,960.0,0.0,,regular,960.0,RULE+TAPE,,True
20191113,2,REG,post2014,120.0,960.0,0.0,,regular,960.0,RULE+TAPE,,True
20191114,3,REG,post2014,120.0,960.0,0.0,,regular,960.0,RULE+TAPE,,True
20191115,4,REG,post2014,120.0,960.0,0.0,,regular,960.0,RULE+TAPE,,True
20191118,0,REG,post2014,120.0,960.0,0.0,,regular,960.0,RULE+TAPE,,True
20191119,1,REG,post2014,120.0,960.0,0.0,,regular,960.0,RULE+TAPE,,True
20191120,2,REG,post2014,120.0,960.0,0.0,,regular,960.0,RULE+TAPE,,True
20191121,3,REG,post2014,120.0,960.0,0.0,,regular,960.0,RULE+TAPE,,True
20191122,4,REG,post2014,120.0,960.0,0.0,,regular,960.0,RULE+TAPE,,True
20191125,0,REG,post2014,120.0,960.0,0.0,,regular,960.0,RULE+TAPE,,True
20191126,1,REG,post2014,120.0,960.0,0.0,,regular,960.0,RULE+TAPE,,True
20191127,2,REG,post2014,120.0,960.0,0.0,,regular,960.0,RULE+TAPE,,True
20191128,3,HOL,post2014,120.0,780.0,0.0,,short,780.0,RULE+TAPE,,True
20191129,4,EVE,post2014,120.0,795.0,0.0,,short,795.0,RULE+TAPE,,True
20191202,0,REG,post2014,120.0,960.0,0.0,,regular,960.0,RULE+TAPE,,True
20191203,1,REG,post2014,120.0,960.0,0.0,,regular,960.0,RULE+TAPE,,True
20191204,2,REG,post2014,120.0,960.0,0.0,,regular,960.0,RULE+TAPE,,True
20191205,3,REG,post2014,120.0,960.0,0.0,,regular,960.0,RULE+TAPE,,True
20191206,4,REG,post2014,120.0,960.0,0.0,,regular,960.0,RULE+TAPE,,True
20191209,0,REG,post2014,120.0,960.0,0.0,,regular,960.0,RULE+TAPE,,True
20191210,1,REG,post2014,120.0,960.0,0.0,,regular,960.0,RULE+TAPE,,True
20191211,2,REG,post2014,120.0,960.0,0.0,,regular,960.0,RULE+TAPE,,True
20191212,3,REG,post2014,120.0,960.0,28.0,,regular,960.0,RULE+TAPE,28 missing minutes,False
20191213,4,REG,post2014,120.0,960.0,0.0,,regular,960.0,RULE+TAPE,,True
20191216,0,REG,post2014,120.0,960.0,0.0,,regular,960.0,RULE+TAPE,,True
20191217,1,REG,post2014,120.0,960.0,0.0,,regular,960.0,RULE+TAPE,,True
20191218,2,REG,post2014,120.0,960.0,0.0,,regular,960.0,RULE+TAPE,,True
20191219,3,REG,post2014,120.0,960.0,0.0,,regular,960.0,RULE+TAPE,,True
20191220,4,REG,post2014,120.0,960.0,0.0,,regular,960.0,RULE+TAPE,,True
20191223,0,REG,post2014,120.0,960.0,0.0,,regular,960.0,RULE+TAPE,,True
20191224,1,EVE,post2014,120.0,795.0,1.0,,short,795.0,RULE+TAPE,1 missing minutes before close,False
20191225,2,XMAS,post2014,,,,,closed,,RULE+TAPE,,False
20191226,3,REG,post2014,120.0,960.0,0.0,,regular,960.0,RULE+TAPE,,True
20191227,4,REG,post2014,120.0,960.0,0.0,,regular,960.0,RULE+TAPE,,True
20191230,0,REG,post2014,120.0,960.0,0.0,,regular,960.0,RULE+TAPE,,True
20191231,1,REG,post2014,120.0,960.0,0.0,,regular,960.0,RULE+TAPE,,True
20200101,2,NEWYEAR,post2014,,,,,closed,,RULE+TAPE,,False
20200102,3,REG,post2014,120.0,960.0,0.0,,regular,960.0,RULE+TAPE,,True
20200103,4,REG,post2014,120.0,960.0,0.0,,regular,960.0,RULE+TAPE,,True
20200106,0,REG,post2014,120.0,960.0,0.0,,regular,960.0,RULE+TAPE,,True
20200107,1,REG,post2014,120.0,960.0,0.0,,regular,960.0,RULE+TAPE,,True
20200108,2,REG,post2014,120.0,960.0,0.0,,regular,960.0,RULE+TAPE,,True
20200109,3,REG,post2014,120.0,960.0,0.0,,regular,960.0,RULE+TAPE,,True
20200110,4,REG,post2014,120.0,960.0,0.0,,regular,960.0,RULE+TAPE,,True
20200113,0,REG,post2014,120.0,960.0,0.0,,regular,960.0,RULE+TAPE,,True
20200114,1,REG,post2014,120.0,960.0,0.0,,regular,960.0,RULE+TAPE,,True
20200115,2,REG,post2014,120.0,960.0,0.0,,regular,960.0,RULE+TAPE,,True
20200116,3,REG,post2014,120.0,960.0,0.0,,regular,960.0,RULE+TAPE,,True
20200117,4,REG,post2014,120.0,960.0,0.0,,regular,960.0,RULE+TAPE,,True
20200120,0,HOL,post2014,120.0,780.0,1.0,,short,780.0,RULE+TAPE,1 missing minutes before close,False
20200121,1,REG,post2014,120.0,960.0,0.0,,regular,960.0,RULE+TAPE,,True
20200122,2,REG,post2014,120.0,960.0,0.0,,regular,960.0,RULE+TAPE,,True
20200123,3,REG,post2014,120.0,960.0,0.0,,regular,960.0,RULE+TAPE,,True
20200124,4,REG,post2014,120.0,960.0,0.0,,regular,960.0,RULE+TAPE,,True
20200127,0,REG,post2014,120.0,960.0,0.0,,regular,960.0,RULE+TAPE,,True
20200128,1,REG,post2014,120.0,960.0,0.0,,regular,960.0,RULE+TAPE,,True
20200129,2,REG,post2014,120.0,960.0,0.0,,regular,960.0,RULE+TAPE,,True
20200130,3,REG,post2014,120.0,960.0,0.0,,regular,960.0,RULE+TAPE,,True
20200131,4,REG,post2014,120.0,960.0,0.0,,regular,960.0,RULE+TAPE,,True
20200203,0,REG,post2014,120.0,960.0,0.0,,regular,960.0,RULE+TAPE,,True
20200204,1,REG,post2014,120.0,960.0,0.0,,regular,960.0,RULE+TAPE,,True
20200205,2,REG,post2014,120.0,960.0,0.0,,regular,960.0,RULE+TAPE,,True
20200206,3,REG,post2014,120.0,960.0,0.0,,regular,960.0,RULE+TAPE,,True
20200207,4,REG,post2014,120.0,960.0,0.0,,regular,960.0,RULE+TAPE,,True
20200210,0,REG,post2014,120.0,960.0,0.0,,regular,960.0,RULE+TAPE,,True
20200211,1,REG,post2014,120.0,960.0,0.0,,regular,960.0,RULE+TAPE,,True
20200212,2,REG,post2014,120.0,960.0,0.0,,regular,960.0,RULE+TAPE,,True
20200213,3,REG,post2014,120.0,960.0,0.0,,regular,960.0,RULE+TAPE,,True
20200214,4,REG,post2014,120.0,960.0,0.0,,regular,960.0,RULE+TAPE,,True
20200217,0,HOL,post2014,120.0,780.0,1.0,,short,780.0,RULE+TAPE,1 missing minutes before close,False
20200218,1,REG,post2014,120.0,960.0,0.0,,regular,960.0,RULE+TAPE,,True
20200219,2,REG,post2014,120.0,960.0,0.0,,regular,960.0,RULE+TAPE,,True
20200220,3,REG,post2014,120.0,960.0,0.0,,regular,960.0,RULE+TAPE,,True
20200221,4,REG,post2014,120.0,960.0,0.0,,regular,960.0,RULE+TAPE,,True
20200224,0,REG,post2014,120.0,960.0,0.0,,regular,960.0,RULE+TAPE,,True
20200225,1,REG,post2014,120.0,960.0,0.0,,regular,960.0,RULE+TAPE,,True
20200226,2,REG,post2014,120.0,960.0,0.0,,regular,960.0,RULE+TAPE,,True
20200227,3,REG,post2014,120.0,960.0,0.0,,regular,960.0,RULE+TAPE,,True
20200228,4,REG,post2014,120.0,960.0,0.0,,regular,960.0,RULE+TAPE,,True
20200302,0,REG,post2014,120.0,960.0,0.0,,regular,960.0,RULE+TAPE,,True
20200303,1,REG,post2014,120.0,960.0,0.0,,regular,960.0,RULE+TAPE,,True
20200304,2,REG,post2014,120.0,960.0,0.0,,regular,960.0,RULE+TAPE,,True
20200305,3,REG,post2014,120.0,960.0,0.0,,regular,960.0,RULE+TAPE,,True
20200306,4,REG,post2014,120.0,960.0,0.0,,regular,960.0,RULE+TAPE,,True
20200309,0,REG,post2014,120.0,960.0,222.0,,regular,960.0,RULE+TAPE,222 missing minutes,False
20200310,1,REG,post2014,120.0,960.0,0.0,,regular,960.0,RULE+TAPE,,True
20200311,2,REG,post2014,120.0,960.0,0.0,,regular,960.0,RULE+TAPE,,True
20200312,3,REG,post2014,120.0,960.0,123.0,,regular,960.0,RULE+TAPE,123 missing minutes,False
20200313,4,REG,post2014,120.0,960.0,102.0,,regular,960.0,RULE+TAPE,102 missing minutes,False
20200316,0,REG,post2014,151.0,960.0,440.0,,regular,960.0,RULE+TAPE,440 missing minutes,False
20200317,1,REG,post2014,122.0,960.0,122.0,,regular,960.0,RULE+TAPE,122 missing minutes,False
20200318,2,REG,post2014,121.0,960.0,386.0,,regular,960.0,RULE+TAPE,386 missing minutes,False
20200319,3,REG,post2014,120.0,960.0,0.0,,regular,960.0,RULE+TAPE,,True
20200320,4,REG,post2014,120.0,960.0,18.0,,regular,960.0,RULE+TAPE,18 missing minutes,False
20200323,0,REG,post2014,120.0,960.0,0.0,,regular,960.0,RULE+TAPE,,True
20200324,1,REG,post2014,120.0,960.0,20.0,,regular,960.0,RULE+TAPE,20 missing minutes,False
20200325,2,REG,post2014,120.0,960.0,0.0,,regular,960.0,RULE+TAPE,,True
20200326,3,REG,post2014,120.0,960.0,0.0,,regular,960.0,RULE+TAPE,,True
20200327,4,REG,post2014,120.0,960.0,0.0,,regular,960.0,RULE+TAPE,,True
20200330,0,REG,post2014,120.0,960.0,0.0,,regular,960.0,RULE+TAPE,,True
20200331,1,REG,post2014,120.0,960.0,0.0,,regular,960.0,RULE+TAPE,,True
20200401,2,REG,post2014,120.0,960.0,0.0,,regular,960.0,RULE+TAPE,,True
20200402,3,REG,post2014,120.0,960.0,0.0,,regular,960.0,RULE+TAPE,,True
20200403,4,REG,post2014,120.0,960.0,0.0,,regular,960.0,RULE+TAPE,,True
20200406,0,REG,post2014,120.0,960.0,0.0,,regular,960.0,RULE+TAPE,,True
20200407,1,REG,post2014,120.0,960.0,9.0,,regular,960.0,RULE+TAPE,9 missing minutes,False
20200408,2,REG,post2014,120.0,960.0,0.0,,regular,960.0,RULE+TAPE,,True
20200409,3,REG,post2014,120.0,960.0,0.0,,regular,960.0,RULE+TAPE,,True
20200410,4,GOODFRI,post2014,,,,,closed,,RULE+TAPE,,False
20200413,0,REG,post2014,120.0,960.0,0.0,,regular,960.0,RULE+TAPE,,True
20200414,1,REG,post2014,120.0,960.0,0.0,,regular,960.0,RULE+TAPE,,True
20200415,2,REG,post2014,120.0,960.0,0.0,,regular,960.0,RULE+TAPE,,True
20200416,3,REG,post2014,120.0,960.0,0.0,,regular,960.0,RULE+TAPE,,True
20200417,4,REG,post2014,120.0,960.0,0.0,,regular,960.0,RULE+TAPE,,True
20200420,0,REG,post2014,120.0,960.0,0.0,,regular,960.0,RULE+TAPE,,True
20200421,1,REG,post2014,120.0,960.0,0.0,,regular,960.0,RULE+TAPE,,True
20200422,2,REG,post2014,120.0,960.0,0.0,,regular,960.0,RULE+TAPE,,True
20200423,3,REG,post2014,120.0,960.0,0.0,,regular,960.0,RULE+TAPE,,True
20200424,4,REG,post2014,120.0,960.0,0.0,,regular,960.0,RULE+TAPE,,True
20200427,0,REG,post2014,120.0,960.0,0.0,,regular,960.0,RULE+TAPE,,True
20200428,1,REG,post2014,120.0,960.0,0.0,,regular,960.0,RULE+TAPE,,True
20200429,2,REG,post2014,120.0,960.0,0.0,,regular,960.0,RULE+TAPE,,True
20200430,3,REG,post2014,120.0,960.0,0.0,,regular,960.0,RULE+TAPE,,True
20200501,4,REG,post2014,120.0,960.0,0.0,,regular,960.0,RULE+TAPE,,True
20200504,0,REG,post2014,120.0,960.0,0.0,,regular,960.0,RULE+TAPE,,True
20200505,1,REG,post2014,120.0,960.0,0.0,,regular,960.0,RULE+TAPE,,True
20200506,2,REG,post2014,120.0,960.0,0.0,,regular,960.0,RULE+TAPE,,True
20200507,3,REG,post2014,120.0,960.0,0.0,,regular,960.0,RULE+TAPE,,True
20200508,4,REG,post2014,120.0,960.0,0.0,,regular,960.0,RULE+TAPE,,True
20200511,0,REG,post2014,120.0,960.0,0.0,,regular,960.0,RULE+TAPE,,True
20200512,1,REG,post2014,120.0,960.0,0.0,,regular,960.0,RULE+TAPE,,True
20200513,2,REG,post2014,120.0,960.0,0.0,,regular,960.0,RULE+TAPE,,True
20200514,3,REG,post2014,120.0,960.0,0.0,,regular,960.0,RULE+TAPE,,True
20200515,4,REG,post2014,120.0,960.0,0.0,,regular,960.0,RULE+TAPE,,True
20200518,0,REG,post2014,120.0,960.0,0.0,,regular,960.0,RULE+TAPE,,True
20200519,1,REG,post2014,120.0,960.0,0.0,,regular,960.0,RULE+TAPE,,True
20200520,2,REG,post2014,120.0,960.0,0.0,,regular,960.0,RULE+TAPE,,True
20200521,3,REG,post2014,120.0,960.0,0.0,,regular,960.0,RULE+TAPE,,True
20200522,4,REG,post2014,120.0,960.0,0.0,,regular,960.0,RULE+TAPE,,True
20200525,0,HOL,post2014,120.0,780.0,0.0,,short,780.0,RULE+TAPE,,True
20200526,1,REG,post2014,120.0,960.0,0.0,,regular,960.0,RULE+TAPE,,True
20200527,2,REG,post2014,120.0,960.0,0.0,,regular,960.0,RULE+TAPE,,True
20200528,3,REG,post2014,120.0,960.0,0.0,,regular,960.0,RULE+TAPE,,True
20200529,4,REG,post2014,120.0,960.0,0.0,,regular,960.0,RULE+TAPE,,True
20200601,0,REG,post2014,120.0,960.0,0.0,,regular,960.0,RULE+TAPE,,True
20200602,1,REG,post2014,120.0,960.0,0.0,,regular,960.0,RULE+TAPE,,True
20200603,2,REG,post2014,120.0,960.0,2.0,,regular,960.0,RULE+TAPE,2 missing minutes,False
20200604,3,REG,post2014,120.0,960.0,0.0,,regular,960.0,RULE+TAPE,,True
20200605,4,REG,post2014,120.0,960.0,0.0,,regular,960.0,RULE+TAPE,,True
20200608,0,REG,post2014,120.0,960.0,0.0,,regular,960.0,RULE+TAPE,,True
20200609,1,REG,post2014,120.0,960.0,0.0,,regular,960.0,RULE+TAPE,,True
20200610,2,REG,post2014,120.0,960.0,0.0,,regular,960.0,RULE+TAPE,,True
20200611,3,REG,post2014,120.0,960.0,2.0,,regular,960.0,RULE+TAPE,2 missing minutes,False
20200612,4,REG,post2014,120.0,960.0,0.0,,regular,960.0,RULE+TAPE,,True
20200615,0,REG,post2014,120.0,960.0,0.0,,regular,960.0,RULE+TAPE,,True
20200616,1,REG,post2014,120.0,960.0,0.0,,regular,960.0,RULE+TAPE,,True
20200617,2,REG,post2014,120.0,960.0,0.0,,regular,960.0,RULE+TAPE,,True
20200618,3,REG,post2014,120.0,960.0,0.0,,regular,960.0,RULE+TAPE,,True
20200619,4,REG,post2014,120.0,960.0,0.0,,regular,960.0,RULE+TAPE,,True
20200622,0,REG,post2014,120.0,960.0,0.0,,regular,960.0,RULE+TAPE,,True
20200623,1,REG,post2014,120.0,960.0,0.0,,regular,960.0,RULE+TAPE,,True
20200624,2,REG,post2014,120.0,960.0,0.0,,regular,960.0,RULE+TAPE,,True
20200625,3,REG,post2014,120.0,960.0,0.0,,regular,960.0,RULE+TAPE,,True
20200626,4,REG,post2014,120.0,960.0,0.0,,regular,960.0,RULE+TAPE,,True
20200629,0,REG,post2014,120.0,960.0,0.0,,regular,960.0,RULE+TAPE,,True
20200630,1,REG,post2014,120.0,960.0,0.0,,regular,960.0,RULE+TAPE,,True
20200701,2,REG,post2014,120.0,960.0,0.0,,regular,960.0,RULE+TAPE,,True
20200702,3,REG,post2014,120.0,960.0,0.0,,regular,960.0,RULE+TAPE,,True
20200703,4,HOL,post2014,120.0,780.0,0.0,,short,780.0,RULE+TAPE,,True
20200706,0,REG,post2014,120.0,960.0,0.0,,regular,960.0,RULE+TAPE,,True
20200707,1,REG,post2014,120.0,960.0,0.0,,regular,960.0,RULE+TAPE,,True
20200708,2,REG,post2014,120.0,960.0,0.0,,regular,960.0,RULE+TAPE,,True
20200709,3,REG,post2014,120.0,960.0,0.0,,regular,960.0,RULE+TAPE,,True
20200710,4,REG,post2014,120.0,960.0,0.0,,regular,960.0,RULE+TAPE,,True
20200713,0,REG,post2014,120.0,960.0,0.0,,regular,960.0,RULE+TAPE,,True
20200714,1,REG,post2014,120.0,960.0,0.0,,regular,960.0,RULE+TAPE,,True
20200715,2,REG,post2014,120.0,960.0,0.0,,regular,960.0,RULE+TAPE,,True
20200716,3,REG,post2014,120.0,960.0,0.0,,regular,960.0,RULE+TAPE,,True
20200717,4,REG,post2014,120.0,960.0,0.0,,regular,960.0,RULE+TAPE,,True
20200720,0,REG,post2014,120.0,960.0,0.0,,regular,960.0,RULE+TAPE,,True
20200721,1,REG,post2014,120.0,960.0,0.0,,regular,960.0,RULE+TAPE,,True
20200722,2,REG,post2014,120.0,960.0,0.0,,regular,960.0,RULE+TAPE,,True
20200723,3,REG,post2014,120.0,960.0,0.0,,regular,960.0,RULE+TAPE,,True
20200724,4,REG,post2014,120.0,960.0,0.0,,regular,960.0,RULE+TAPE,,True
20200727,0,REG,post2014,120.0,960.0,0.0,,regular,960.0,RULE+TAPE,,True
20200728,1,REG,post2014,120.0,960.0,0.0,,regular,960.0,RULE+TAPE,,True
20200729,2,REG,post2014,120.0,960.0,0.0,,regular,960.0,RULE+TAPE,,True
20200730,3,REG,post2014,120.0,960.0,0.0,,regular,960.0,RULE+TAPE,,True
20200731,4,REG,post2014,120.0,960.0,0.0,,regular,960.0,RULE+TAPE,,True
20200803,0,REG,post2014,120.0,960.0,0.0,,regular,960.0,RULE+TAPE,,True
20200804,1,REG,post2014,120.0,960.0,0.0,,regular,960.0,RULE+TAPE,,True
20200805,2,REG,post2014,120.0,960.0,0.0,,regular,960.0,RULE+TAPE,,True
20200806,3,REG,post2014,120.0,960.0,0.0,,regular,960.0,RULE+TAPE,,True
20200807,4,REG,post2014,120.0,960.0,0.0,,regular,960.0,RULE+TAPE,,True
20200810,0,REG,post2014,120.0,960.0,0.0,,regular,960.0,RULE+TAPE,,True
20200811,1,REG,post2014,120.0,960.0,0.0,,regular,960.0,RULE+TAPE,,True
20200812,2,REG,post2014,120.0,960.0,0.0,,regular,960.0,RULE+TAPE,,True
20200813,3,REG,post2014,120.0,960.0,0.0,,regular,960.0,RULE+TAPE,,True
20200814,4,REG,post2014,120.0,960.0,0.0,,regular,960.0,RULE+TAPE,,True
20200817,0,REG,post2014,120.0,960.0,0.0,,regular,960.0,RULE+TAPE,,True
20200818,1,REG,post2014,120.0,960.0,0.0,,regular,960.0,RULE+TAPE,,True
20200819,2,REG,post2014,120.0,960.0,0.0,,regular,960.0,RULE+TAPE,,True
20200820,3,REG,post2014,120.0,960.0,0.0,,regular,960.0,RULE+TAPE,,True
20200821,4,REG,post2014,120.0,960.0,0.0,,regular,960.0,RULE+TAPE,,True
20200824,0,REG,post2014,120.0,960.0,0.0,,regular,960.0,RULE+TAPE,,True
20200825,1,REG,post2014,120.0,960.0,0.0,,regular,960.0,RULE+TAPE,,True
20200826,2,REG,post2014,120.0,960.0,0.0,,regular,960.0,RULE+TAPE,,True
20200827,3,REG,post2014,120.0,960.0,0.0,,regular,960.0,RULE+TAPE,,True
20200828,4,REG,post2014,120.0,960.0,0.0,,regular,960.0,RULE+TAPE,,True
20200831,0,REG,post2014,120.0,960.0,0.0,,regular,960.0,RULE+TAPE,,True
20200901,1,REG,post2014,120.0,960.0,0.0,,regular,960.0,RULE+TAPE,,True
20200902,2,REG,post2014,120.0,960.0,0.0,,regular,960.0,RULE+TAPE,,True
20200903,3,REG,post2014,120.0,960.0,0.0,,regular,960.0,RULE+TAPE,,True
20200904,4,REG,post2014,120.0,960.0,0.0,,regular,960.0,RULE+TAPE,,True
20200907,0,HOL,post2014,120.0,780.0,0.0,,short,780.0,RULE+TAPE,,True
20200908,1,REG,post2014,120.0,960.0,0.0,,regular,960.0,RULE+TAPE,,True
20200909,2,REG,post2014,120.0,960.0,0.0,,regular,960.0,RULE+TAPE,,True
20200910,3,REG,post2014,120.0,960.0,12.0,,regular,960.0,RULE+TAPE,12 missing minutes,False
20200911,4,REG,post2014,120.0,960.0,0.0,,regular,960.0,RULE+TAPE,,True
20200914,0,REG,post2014,120.0,960.0,0.0,,regular,960.0,RULE+TAPE,,True
20200915,1,REG,post2014,120.0,960.0,0.0,,regular,960.0,RULE+TAPE,,True
20200916,2,REG,post2014,120.0,960.0,0.0,,regular,960.0,RULE+TAPE,,True
20200917,3,REG,post2014,120.0,960.0,0.0,,regular,960.0,RULE+TAPE,,True
20200918,4,REG,post2014,120.0,960.0,0.0,,regular,960.0,RULE+TAPE,,True
20200921,0,REG,post2014,120.0,960.0,0.0,,regular,960.0,RULE+TAPE,,True
20200922,1,REG,post2014,120.0,960.0,0.0,,regular,960.0,RULE+TAPE,,True
20200923,2,REG,post2014,120.0,960.0,1.0,,regular,960.0,RULE+TAPE,1 missing minutes,False
20200924,3,REG,post2014,120.0,960.0,0.0,,regular,960.0,RULE+TAPE,,True
20200925,4,REG,post2014,120.0,960.0,0.0,,regular,960.0,RULE+TAPE,,True
20200928,0,REG,post2014,120.0,960.0,0.0,,regular,960.0,RULE+TAPE,,True
20200929,1,REG,post2014,120.0,960.0,0.0,,regular,960.0,RULE+TAPE,,True
20200930,2,REG,post2014,120.0,960.0,0.0,,regular,960.0,RULE+TAPE,,True
20201001,3,REG,post2014,120.0,960.0,0.0,,regular,960.0,RULE+TAPE,,True
20201002,4,REG,post2014,120.0,960.0,0.0,,regular,960.0,RULE+TAPE,,True
20201005,0,REG,post2014,120.0,960.0,0.0,,regular,960.0,RULE+TAPE,,True
20201006,1,REG,post2014,120.0,960.0,0.0,,regular,960.0,RULE+TAPE,,True
20201007,2,REG,post2014,120.0,960.0,0.0,,regular,960.0,RULE+TAPE,,True
20201008,3,REG,post2014,120.0,960.0,0.0,,regular,960.0,RULE+TAPE,,True
20201009,4,REG,post2014,120.0,960.0,0.0,,regular,960.0,RULE+TAPE,,True
20201012,0,REG,post2014,120.0,960.0,0.0,,regular,960.0,RULE+TAPE,,True
20201013,1,REG,post2014,120.0,960.0,0.0,,regular,960.0,RULE+TAPE,,True
20201014,2,REG,post2014,120.0,960.0,0.0,,regular,960.0,RULE+TAPE,,True
20201015,3,REG,post2014,120.0,960.0,0.0,,regular,960.0,RULE+TAPE,,True
20201016,4,REG,post2014,120.0,960.0,0.0,,regular,960.0,RULE+TAPE,,True
20201019,0,REG,post2014,120.0,960.0,73.0,,regular,960.0,RULE+TAPE,73 missing minutes,False
20201020,1,REG,post2014,120.0,960.0,73.0,,regular,960.0,RULE+TAPE,73 missing minutes,False
20201021,2,REG,post2014,120.0,960.0,74.0,,regular,960.0,RULE+TAPE,74 missing minutes,False
20201022,3,REG,post2014,120.0,960.0,73.0,,regular,960.0,RULE+TAPE,73 missing minutes,False
20201023,4,REG,post2014,120.0,349.0,14.0,,unknown,960.0,UNKNOWN,tape stops at 349.0 on a regular-type day,False
20201026,0,REG,post2014,120.0,960.0,0.0,,regular,960.0,RULE+TAPE,,True
20201027,1,REG,post2014,120.0,960.0,0.0,,regular,960.0,RULE+TAPE,,True
20201028,2,REG,post2014,120.0,960.0,0.0,,regular,960.0,RULE+TAPE,,True
20201029,3,REG,post2014,120.0,960.0,0.0,,regular,960.0,RULE+TAPE,,True
20201030,4,REG,post2014,120.0,960.0,0.0,,regular,960.0,RULE+TAPE,,True
20201102,0,REG,post2014,120.0,960.0,0.0,,regular,960.0,RULE+TAPE,,True
20201103,1,REG,post2014,120.0,960.0,0.0,,regular,960.0,RULE+TAPE,,True
20201104,2,REG,post2014,120.0,960.0,0.0,,regular,960.0,RULE+TAPE,,True
20201105,3,REG,post2014,120.0,960.0,0.0,,regular,960.0,RULE+TAPE,,True
20201106,4,REG,post2014,120.0,960.0,0.0,,regular,960.0,RULE+TAPE,,True
20201109,0,REG,post2014,120.0,960.0,1.0,,regular,960.0,RULE+TAPE,1 missing minutes,False
20201110,1,REG,post2014,120.0,960.0,0.0,,regular,960.0,RULE+TAPE,,True
20201111,2,REG,post2014,120.0,960.0,0.0,,regular,960.0,RULE+TAPE,,True
20201112,3,REG,post2014,120.0,960.0,0.0,,regular,960.0,RULE+TAPE,,True
20201113,4,REG,post2014,120.0,960.0,0.0,,regular,960.0,RULE+TAPE,,True
20201116,0,REG,post2014,120.0,960.0,0.0,,regular,960.0,RULE+TAPE,,True
20201117,1,REG,post2014,120.0,960.0,0.0,,regular,960.0,RULE+TAPE,,True
20201118,2,REG,post2014,120.0,960.0,0.0,,regular,960.0,RULE+TAPE,,True
20201119,3,REG,post2014,120.0,960.0,0.0,,regular,960.0,RULE+TAPE,,True
20201120,4,REG,post2014,120.0,960.0,0.0,,regular,960.0,RULE+TAPE,,True
20201123,0,REG,post2014,120.0,960.0,9.0,,regular,960.0,RULE+TAPE,9 missing minutes,False
20201124,1,REG,post2014,120.0,960.0,0.0,,regular,960.0,RULE+TAPE,,True
20201125,2,REG,post2014,120.0,960.0,0.0,,regular,960.0,RULE+TAPE,,True
20201126,3,HOL,post2014,120.0,780.0,0.0,,short,780.0,RULE+TAPE,,True
20201127,4,EVE,post2014,120.0,795.0,0.0,,short,795.0,RULE+TAPE,,True
20201130,0,REG,post2014,120.0,960.0,0.0,,regular,960.0,RULE+TAPE,,True
20201201,1,REG,post2014,120.0,960.0,0.0,,regular,960.0,RULE+TAPE,,True
20201202,2,REG,post2014,120.0,960.0,0.0,,regular,960.0,RULE+TAPE,,True
20201203,3,REG,post2014,120.0,960.0,0.0,,regular,960.0,RULE+TAPE,,True
20201204,4,REG,post2014,120.0,960.0,0.0,,regular,960.0,RULE+TAPE,,True
20201207,0,REG,post2014,120.0,960.0,0.0,,regular,960.0,RULE+TAPE,,True
20201208,1,REG,post2014,120.0,960.0,0.0,,regular,960.0,RULE+TAPE,,True
20201209,2,REG,post2014,120.0,960.0,0.0,,regular,960.0,RULE+TAPE,,True
20201210,3,REG,post2014,120.0,960.0,22.0,,regular,960.0,RULE+TAPE,22 missing minutes,False
20201211,4,REG,post2014,120.0,960.0,2.0,,regular,960.0,RULE+TAPE,2 missing minutes,False
20201214,0,REG,post2014,120.0,960.0,1.0,,regular,960.0,RULE+TAPE,1 missing minutes,False
20201215,1,REG,post2014,120.0,960.0,0.0,,regular,960.0,RULE+TAPE,,True
20201216,2,REG,post2014,120.0,960.0,0.0,,regular,960.0,RULE+TAPE,,True
20201217,3,REG,post2014,120.0,960.0,0.0,,regular,960.0,RULE+TAPE,,True
20201218,4,REG,post2014,120.0,960.0,0.0,,regular,960.0,RULE+TAPE,,True
20201221,0,REG,post2014,120.0,960.0,0.0,,regular,960.0,RULE+TAPE,,True
20201222,1,REG,post2014,120.0,960.0,0.0,,regular,960.0,RULE+TAPE,,True
20201223,2,REG,post2014,120.0,960.0,0.0,,regular,960.0,RULE+TAPE,,True
20201224,3,EVE,post2014,120.0,795.0,0.0,,short,795.0,RULE+TAPE,,True
20201225,4,XMAS,post2014,,,,,closed,,RULE+TAPE,,False
20201228,0,REG,post2014,120.0,960.0,0.0,,regular,960.0,RULE+TAPE,,True
20201229,1,REG,post2014,120.0,960.0,0.0,,regular,960.0,RULE+TAPE,,True
20201230,2,REG,post2014,120.0,960.0,0.0,,regular,960.0,RULE+TAPE,,True
20201231,3,REG,post2014,120.0,960.0,0.0,,regular,960.0,RULE+TAPE,,True
20210101,4,NEWYEAR,post2014,,,,,closed,,RULE+TAPE,,False
20210104,0,REG,post2014,120.0,960.0,0.0,,regular,960.0,RULE+TAPE,,True
20210105,1,REG,post2014,120.0,960.0,0.0,,regular,960.0,RULE+TAPE,,True
20210106,2,REG,post2014,120.0,960.0,0.0,,regular,960.0,RULE+TAPE,,True
20210107,3,REG,post2014,120.0,960.0,0.0,,regular,960.0,RULE+TAPE,,True
20210108,4,REG,post2014,120.0,960.0,0.0,,regular,960.0,RULE+TAPE,,True
20210111,0,REG,post2014,120.0,960.0,0.0,,regular,960.0,RULE+TAPE,,True
20210112,1,REG,post2014,120.0,960.0,0.0,,regular,960.0,RULE+TAPE,,True
20210113,2,REG,post2014,120.0,960.0,0.0,,regular,960.0,RULE+TAPE,,True
20210114,3,REG,post2014,120.0,960.0,0.0,,regular,960.0,RULE+TAPE,,True
20210115,4,REG,post2014,120.0,960.0,0.0,,regular,960.0,RULE+TAPE,,True
20210118,0,HOL,post2014,120.0,780.0,0.0,,short,780.0,RULE+TAPE,,True
20210119,1,REG,post2014,120.0,960.0,0.0,,regular,960.0,RULE+TAPE,,True
20210120,2,REG,post2014,120.0,960.0,0.0,,regular,960.0,RULE+TAPE,,True
20210121,3,REG,post2014,120.0,960.0,0.0,,regular,960.0,RULE+TAPE,,True
20210122,4,REG,post2014,120.0,960.0,0.0,,regular,960.0,RULE+TAPE,,True
20210125,0,REG,post2014,120.0,960.0,0.0,,regular,960.0,RULE+TAPE,,True
20210126,1,REG,post2014,120.0,960.0,0.0,,regular,960.0,RULE+TAPE,,True
20210127,2,REG,post2014,120.0,960.0,0.0,,regular,960.0,RULE+TAPE,,True
20210128,3,REG,post2014,120.0,960.0,0.0,,regular,960.0,RULE+TAPE,,True
20210129,4,REG,post2014,120.0,960.0,0.0,,regular,960.0,RULE+TAPE,,True
20210201,0,REG,post2014,120.0,960.0,0.0,,regular,960.0,RULE+TAPE,,True
20210202,1,REG,post2014,120.0,960.0,0.0,,regular,960.0,RULE+TAPE,,True
20210203,2,REG,post2014,120.0,960.0,0.0,,regular,960.0,RULE+TAPE,,True
20210204,3,REG,post2014,120.0,960.0,0.0,,regular,960.0,RULE+TAPE,,True
20210205,4,REG,post2014,120.0,960.0,0.0,,regular,960.0,RULE+TAPE,,True
20210208,0,REG,post2014,120.0,960.0,0.0,,regular,960.0,RULE+TAPE,,True
20210209,1,REG,post2014,120.0,960.0,0.0,,regular,960.0,RULE+TAPE,,True
20210210,2,REG,post2014,120.0,960.0,0.0,,regular,960.0,RULE+TAPE,,True
20210211,3,REG,post2014,120.0,960.0,0.0,,regular,960.0,RULE+TAPE,,True
20210212,4,REG,post2014,120.0,960.0,0.0,,regular,960.0,RULE+TAPE,,True
20210215,0,HOL,post2014,120.0,780.0,1.0,,short,780.0,RULE+TAPE,1 missing minutes before close,False
20210216,1,REG,post2014,120.0,960.0,0.0,,regular,960.0,RULE+TAPE,,True
20210217,2,REG,post2014,120.0,960.0,0.0,,regular,960.0,RULE+TAPE,,True
20210218,3,REG,post2014,120.0,960.0,0.0,,regular,960.0,RULE+TAPE,,True
20210219,4,REG,post2014,120.0,960.0,0.0,,regular,960.0,RULE+TAPE,,True
20210222,0,REG,post2014,120.0,960.0,0.0,,regular,960.0,RULE+TAPE,,True
20210223,1,REG,post2014,120.0,960.0,0.0,,regular,960.0,RULE+TAPE,,True
20210224,2,REG,post2014,120.0,960.0,0.0,,regular,960.0,RULE+TAPE,,True
20210225,3,REG,post2014,120.0,960.0,0.0,,regular,960.0,RULE+TAPE,,True
20210226,4,REG,post2014,120.0,960.0,0.0,,regular,960.0,RULE+TAPE,,True
20210301,0,REG,post2014,120.0,960.0,0.0,,regular,960.0,RULE+TAPE,,True
20210302,1,REG,post2014,120.0,960.0,0.0,,regular,960.0,RULE+TAPE,,True
20210303,2,REG,post2014,120.0,960.0,0.0,,regular,960.0,RULE+TAPE,,True
20210304,3,REG,post2014,120.0,960.0,0.0,,regular,960.0,RULE+TAPE,,True
20210305,4,REG,post2014,120.0,960.0,0.0,,regular,960.0,RULE+TAPE,,True
20210308,0,REG,post2014,120.0,960.0,0.0,,regular,960.0,RULE+TAPE,,True
20210309,1,REG,post2014,120.0,960.0,0.0,,regular,960.0,RULE+TAPE,,True
20210310,2,REG,post2014,120.0,960.0,0.0,,regular,960.0,RULE+TAPE,,True
20210311,3,REG,post2014,120.0,960.0,9.0,,regular,960.0,RULE+TAPE,9 missing minutes,False
20210312,4,REG,post2014,120.0,960.0,0.0,,regular,960.0,RULE+TAPE,,True
20210315,0,REG,post2014,120.0,960.0,0.0,,regular,960.0,RULE+TAPE,,True
20210316,1,REG,post2014,120.0,960.0,0.0,,regular,960.0,RULE+TAPE,,True
20210317,2,REG,post2014,120.0,960.0,0.0,,regular,960.0,RULE+TAPE,,True
20210318,3,REG,post2014,120.0,960.0,0.0,,regular,960.0,RULE+TAPE,,True
20210319,4,REG,post2014,120.0,960.0,0.0,,regular,960.0,RULE+TAPE,,True
20210322,0,REG,post2014,120.0,960.0,0.0,,regular,960.0,RULE+TAPE,,True
20210323,1,REG,post2014,120.0,960.0,0.0,,regular,960.0,RULE+TAPE,,True
20210324,2,REG,post2014,120.0,960.0,0.0,,regular,960.0,RULE+TAPE,,True
20210325,3,REG,post2014,120.0,960.0,0.0,,regular,960.0,RULE+TAPE,,True
20210326,4,REG,post2014,120.0,960.0,0.0,,regular,960.0,RULE+TAPE,,True
20210329,0,REG,post2014,120.0,960.0,0.0,,regular,960.0,RULE+TAPE,,True
20210330,1,REG,post2014,120.0,960.0,0.0,,regular,960.0,RULE+TAPE,,True
20210331,2,REG,post2014,120.0,960.0,0.0,,regular,960.0,RULE+TAPE,,True
20210401,3,REG,post2014,120.0,960.0,0.0,,regular,960.0,RULE+TAPE,,True
20210402,4,GOODFRI,post2014,120.0,555.0,4.0,,short,555.0,TAPE_ONLY,GOODFRI with abbreviated session on tape (e.g. Good Friday NFP),False
20210405,0,REG,post2014,120.0,960.0,0.0,,regular,960.0,RULE+TAPE,,True
20210406,1,REG,post2014,120.0,960.0,0.0,,regular,960.0,RULE+TAPE,,True
20210407,2,REG,post2014,120.0,960.0,0.0,,regular,960.0,RULE+TAPE,,True
20210408,3,REG,post2014,120.0,960.0,0.0,,regular,960.0,RULE+TAPE,,True
20210409,4,REG,post2014,120.0,960.0,0.0,,regular,960.0,RULE+TAPE,,True
20210412,0,REG,post2014,120.0,960.0,0.0,,regular,960.0,RULE+TAPE,,True
20210413,1,REG,post2014,120.0,960.0,0.0,,regular,960.0,RULE+TAPE,,True
20210414,2,REG,post2014,120.0,960.0,0.0,,regular,960.0,RULE+TAPE,,True
20210415,3,REG,post2014,120.0,960.0,0.0,,regular,960.0,RULE+TAPE,,True
20210416,4,REG,post2014,120.0,960.0,0.0,,regular,960.0,RULE+TAPE,,True
20210419,0,REG,post2014,120.0,960.0,0.0,,regular,960.0,RULE+TAPE,,True
20210420,1,REG,post2014,120.0,960.0,0.0,,regular,960.0,RULE+TAPE,,True
20210421,2,REG,post2014,120.0,960.0,0.0,,regular,960.0,RULE+TAPE,,True
20210422,3,REG,post2014,120.0,960.0,0.0,,regular,960.0,RULE+TAPE,,True
20210423,4,REG,post2014,120.0,960.0,0.0,,regular,960.0,RULE+TAPE,,True
20210426,0,REG,post2014,120.0,960.0,0.0,,regular,960.0,RULE+TAPE,,True
20210427,1,REG,post2014,120.0,960.0,0.0,,regular,960.0,RULE+TAPE,,True
20210428,2,REG,post2014,120.0,960.0,0.0,,regular,960.0,RULE+TAPE,,True
20210429,3,REG,post2014,120.0,960.0,0.0,,regular,960.0,RULE+TAPE,,True
20210430,4,REG,post2014,120.0,960.0,0.0,,regular,960.0,RULE+TAPE,,True
20210503,0,REG,post2014,120.0,960.0,0.0,,regular,960.0,RULE+TAPE,,True
20210504,1,REG,post2014,120.0,960.0,0.0,,regular,960.0,RULE+TAPE,,True
20210505,2,REG,post2014,120.0,960.0,0.0,,regular,960.0,RULE+TAPE,,True
20210506,3,REG,post2014,120.0,960.0,0.0,,regular,960.0,RULE+TAPE,,True
20210507,4,REG,post2014,120.0,960.0,0.0,,regular,960.0,RULE+TAPE,,True
20210510,0,REG,post2014,120.0,960.0,0.0,,regular,960.0,RULE+TAPE,,True
20210511,1,REG,post2014,120.0,960.0,0.0,,regular,960.0,RULE+TAPE,,True
20210512,2,REG,post2014,120.0,960.0,0.0,,regular,960.0,RULE+TAPE,,True
20210513,3,REG,post2014,120.0,960.0,0.0,,regular,960.0,RULE+TAPE,,True
20210514,4,REG,post2014,120.0,960.0,0.0,,regular,960.0,RULE+TAPE,,True
20210517,0,REG,post2014,120.0,960.0,0.0,,regular,960.0,RULE+TAPE,,True
20210518,1,REG,post2014,120.0,960.0,0.0,,regular,960.0,RULE+TAPE,,True
20210519,2,REG,post2014,120.0,960.0,0.0,,regular,960.0,RULE+TAPE,,True
20210520,3,REG,post2014,120.0,960.0,0.0,,regular,960.0,RULE+TAPE,,True
20210521,4,REG,post2014,120.0,960.0,0.0,,regular,960.0,RULE+TAPE,,True
20210524,0,REG,post2014,120.0,960.0,0.0,,regular,960.0,RULE+TAPE,,True
20210525,1,REG,post2014,120.0,960.0,0.0,,regular,960.0,RULE+TAPE,,True
20210526,2,REG,post2014,120.0,960.0,0.0,,regular,960.0,RULE+TAPE,,True
20210527,3,REG,post2014,120.0,960.0,0.0,,regular,960.0,RULE+TAPE,,True
20210528,4,REG,post2014,120.0,960.0,0.0,,regular,960.0,RULE+TAPE,,True
20210531,0,HOL,post2014,120.0,780.0,0.0,,short,780.0,RULE+TAPE,,True
20210601,1,REG,post2014,120.0,960.0,0.0,,regular,960.0,RULE+TAPE,,True
20210602,2,REG,post2014,120.0,960.0,0.0,,regular,960.0,RULE+TAPE,,True
20210603,3,REG,post2014,120.0,960.0,0.0,,regular,960.0,RULE+TAPE,,True
20210604,4,REG,post2014,120.0,960.0,0.0,,regular,960.0,RULE+TAPE,,True
20210607,0,REG,post2014,120.0,960.0,0.0,,regular,960.0,RULE+TAPE,,True
20210608,1,REG,post2014,120.0,960.0,0.0,,regular,960.0,RULE+TAPE,,True
20210609,2,REG,post2014,120.0,960.0,0.0,,regular,960.0,RULE+TAPE,,True
20210610,3,REG,post2014,120.0,960.0,19.0,,regular,960.0,RULE+TAPE,19 missing minutes,False
20210611,4,REG,post2014,120.0,960.0,0.0,,regular,960.0,RULE+TAPE,,True
20210614,0,REG,post2014,120.0,960.0,0.0,,regular,960.0,RULE+TAPE,,True
20210615,1,REG,post2014,120.0,960.0,0.0,,regular,960.0,RULE+TAPE,,True
20210616,2,REG,post2014,120.0,960.0,0.0,,regular,960.0,RULE+TAPE,,True
20210617,3,REG,post2014,120.0,960.0,0.0,,regular,960.0,RULE+TAPE,,True
20210618,4,REG,post2014,120.0,960.0,0.0,,regular,960.0,RULE+TAPE,,True
20210621,0,REG,post2014,120.0,960.0,0.0,,regular,960.0,RULE+TAPE,,True
20210622,1,REG,post2014,120.0,960.0,0.0,,regular,960.0,RULE+TAPE,,True
20210623,2,REG,post2014,120.0,960.0,0.0,,regular,960.0,RULE+TAPE,,True
20210624,3,REG,post2014,120.0,960.0,0.0,,regular,960.0,RULE+TAPE,,True
20210625,4,REG,post2014,120.0,960.0,0.0,,regular,960.0,RULE+TAPE,,True
20210628,0,REG,post2014,120.0,960.0,0.0,,regular,960.0,RULE+TAPE,,True
20210629,1,REG,post2014,120.0,960.0,0.0,,regular,960.0,RULE+TAPE,,True
20210630,2,REG,post2014,120.0,960.0,0.0,,regular,960.0,RULE+TAPE,,True
20210701,3,REG,post2014,120.0,960.0,0.0,,regular,960.0,RULE+TAPE,,True
20210702,4,REG,post2014,120.0,960.0,0.0,,regular,960.0,RULE+TAPE,,True
20210705,0,HOL,post2014,120.0,780.0,0.0,,short,780.0,RULE+TAPE,,True
20210706,1,REG,post2014,120.0,960.0,0.0,,regular,960.0,RULE+TAPE,,True
20210707,2,REG,post2014,120.0,960.0,0.0,,regular,960.0,RULE+TAPE,,True
20210708,3,REG,post2014,120.0,960.0,0.0,,regular,960.0,RULE+TAPE,,True
20210709,4,REG,post2014,120.0,960.0,0.0,,regular,960.0,RULE+TAPE,,True
20210712,0,REG,post2014,120.0,960.0,0.0,,regular,960.0,RULE+TAPE,,True
20210713,1,REG,post2014,120.0,960.0,0.0,,regular,960.0,RULE+TAPE,,True
20210714,2,REG,post2014,120.0,960.0,0.0,,regular,960.0,RULE+TAPE,,True
20210715,3,REG,post2014,120.0,960.0,0.0,,regular,960.0,RULE+TAPE,,True
20210716,4,REG,post2014,120.0,960.0,0.0,,regular,960.0,RULE+TAPE,,True
20210719,0,REG,post2014,120.0,960.0,0.0,,regular,960.0,RULE+TAPE,,True
20210720,1,REG,post2014,120.0,960.0,0.0,,regular,960.0,RULE+TAPE,,True
20210721,2,REG,post2014,120.0,960.0,0.0,,regular,960.0,RULE+TAPE,,True
20210722,3,REG,post2014,120.0,960.0,0.0,,regular,960.0,RULE+TAPE,,True
20210723,4,REG,post2014,120.0,960.0,0.0,,regular,960.0,RULE+TAPE,,True
20210726,0,REG,post2014,120.0,960.0,0.0,,regular,960.0,RULE+TAPE,,True
20210727,1,REG,post2014,120.0,960.0,0.0,,regular,960.0,RULE+TAPE,,True
20210728,2,REG,post2014,120.0,960.0,0.0,,regular,960.0,RULE+TAPE,,True
20210729,3,REG,post2014,120.0,960.0,0.0,,regular,960.0,RULE+TAPE,,True
20210730,4,REG,post2014,120.0,960.0,0.0,,regular,960.0,RULE+TAPE,,True
20210802,0,REG,post2014,120.0,960.0,0.0,,regular,960.0,RULE+TAPE,,True
20210803,1,REG,post2014,120.0,960.0,0.0,,regular,960.0,RULE+TAPE,,True
20210804,2,REG,post2014,120.0,960.0,0.0,,regular,960.0,RULE+TAPE,,True
20210805,3,REG,post2014,120.0,960.0,0.0,,regular,960.0,RULE+TAPE,,True
20210806,4,REG,post2014,120.0,960.0,0.0,,regular,960.0,RULE+TAPE,,True
20210809,0,REG,post2014,120.0,960.0,0.0,,regular,960.0,RULE+TAPE,,True
20210810,1,REG,post2014,120.0,960.0,0.0,,regular,960.0,RULE+TAPE,,True
20210811,2,REG,post2014,120.0,960.0,0.0,,regular,960.0,RULE+TAPE,,True
20210812,3,REG,post2014,120.0,960.0,0.0,,regular,960.0,RULE+TAPE,,True
20210813,4,REG,post2014,120.0,960.0,0.0,,regular,960.0,RULE+TAPE,,True
20210816,0,REG,post2014,120.0,960.0,0.0,,regular,960.0,RULE+TAPE,,True
20210817,1,REG,post2014,120.0,960.0,0.0,,regular,960.0,RULE+TAPE,,True
20210818,2,REG,post2014,120.0,960.0,0.0,,regular,960.0,RULE+TAPE,,True
20210819,3,REG,post2014,120.0,960.0,0.0,,regular,960.0,RULE+TAPE,,True
20210820,4,REG,post2014,120.0,960.0,0.0,,regular,960.0,RULE+TAPE,,True
20210823,0,REG,post2014,120.0,960.0,0.0,,regular,960.0,RULE+TAPE,,True
20210824,1,REG,post2014,120.0,960.0,2.0,,regular,960.0,RULE+TAPE,2 missing minutes,False
20210825,2,REG,post2014,120.0,960.0,12.0,,regular,960.0,RULE+TAPE,12 missing minutes,False
20210826,3,REG,post2014,120.0,960.0,0.0,,regular,960.0,RULE+TAPE,,True
20210827,4,REG,post2014,120.0,960.0,0.0,,regular,960.0,RULE+TAPE,,True
20210830,0,REG,post2014,120.0,960.0,0.0,,regular,960.0,RULE+TAPE,,True
20210831,1,REG,post2014,120.0,960.0,0.0,,regular,960.0,RULE+TAPE,,True
20210901,2,REG,post2014,120.0,960.0,0.0,,regular,960.0,RULE+TAPE,,True
20210902,3,REG,post2014,120.0,960.0,0.0,,regular,960.0,RULE+TAPE,,True
20210903,4,REG,post2014,120.0,960.0,0.0,,regular,960.0,RULE+TAPE,,True
20210906,0,HOL,post2014,120.0,780.0,0.0,,short,780.0,RULE+TAPE,,True
20210907,1,REG,post2014,120.0,960.0,0.0,,regular,960.0,RULE+TAPE,,True
20210908,2,REG,post2014,120.0,960.0,0.0,,regular,960.0,RULE+TAPE,,True
20210909,3,REG,post2014,120.0,960.0,44.0,,regular,960.0,RULE+TAPE,44 missing minutes,False
20210910,4,REG,post2014,120.0,960.0,0.0,,regular,960.0,RULE+TAPE,,True
20210913,0,REG,post2014,120.0,960.0,0.0,,regular,960.0,RULE+TAPE,,True
20210914,1,REG,post2014,120.0,960.0,0.0,,regular,960.0,RULE+TAPE,,True
20210915,2,REG,post2014,120.0,960.0,0.0,,regular,960.0,RULE+TAPE,,True
20210916,3,REG,post2014,120.0,960.0,0.0,,regular,960.0,RULE+TAPE,,True
20210917,4,REG,post2014,120.0,960.0,0.0,,regular,960.0,RULE+TAPE,,True
20210920,0,REG,post2014,120.0,960.0,0.0,,regular,960.0,RULE+TAPE,,True
20210921,1,REG,post2014,120.0,960.0,0.0,,regular,960.0,RULE+TAPE,,True
20210922,2,REG,post2014,120.0,960.0,0.0,,regular,960.0,RULE+TAPE,,True
20210923,3,REG,post2014,120.0,960.0,0.0,,regular,960.0,RULE+TAPE,,True
20210924,4,REG,post2014,120.0,960.0,0.0,,regular,960.0,RULE+TAPE,,True
20210927,0,REG,post2014,120.0,960.0,0.0,,regular,960.0,RULE+TAPE,,True
20210928,1,REG,post2014,120.0,960.0,0.0,,regular,960.0,RULE+TAPE,,True
20210929,2,REG,post2014,120.0,960.0,0.0,,regular,960.0,RULE+TAPE,,True
20210930,3,REG,post2014,120.0,960.0,0.0,,regular,960.0,RULE+TAPE,,True
20211001,4,REG,post2014,120.0,960.0,0.0,,regular,960.0,RULE+TAPE,,True
20211004,0,REG,post2014,120.0,960.0,0.0,,regular,960.0,RULE+TAPE,,True
20211005,1,REG,post2014,120.0,960.0,0.0,,regular,960.0,RULE+TAPE,,True
20211006,2,REG,post2014,120.0,960.0,0.0,,regular,960.0,RULE+TAPE,,True
20211007,3,REG,post2014,120.0,960.0,0.0,,regular,960.0,RULE+TAPE,,True
20211008,4,REG,post2014,120.0,960.0,0.0,,regular,960.0,RULE+TAPE,,True
20211011,0,REG,post2014,120.0,960.0,0.0,,regular,960.0,RULE+TAPE,,True
20211012,1,REG,post2014,120.0,960.0,0.0,,regular,960.0,RULE+TAPE,,True
20211013,2,REG,post2014,120.0,960.0,0.0,,regular,960.0,RULE+TAPE,,True
20211014,3,REG,post2014,120.0,960.0,0.0,,regular,960.0,RULE+TAPE,,True
20211015,4,REG,post2014,120.0,960.0,0.0,,regular,960.0,RULE+TAPE,,True
20211018,0,REG,post2014,120.0,960.0,0.0,,regular,960.0,RULE+TAPE,,True
20211019,1,REG,post2014,120.0,960.0,0.0,,regular,960.0,RULE+TAPE,,True
20211020,2,REG,post2014,120.0,960.0,0.0,,regular,960.0,RULE+TAPE,,True
20211021,3,REG,post2014,120.0,960.0,0.0,,regular,960.0,RULE+TAPE,,True
20211022,4,REG,post2014,120.0,960.0,0.0,,regular,960.0,RULE+TAPE,,True
20211025,0,REG,post2014,120.0,960.0,0.0,,regular,960.0,RULE+TAPE,,True
20211026,1,REG,post2014,120.0,960.0,0.0,,regular,960.0,RULE+TAPE,,True
20211027,2,REG,post2014,120.0,960.0,0.0,,regular,960.0,RULE+TAPE,,True
20211028,3,REG,post2014,120.0,960.0,0.0,,regular,960.0,RULE+TAPE,,True
20211029,4,REG,post2014,120.0,960.0,0.0,,regular,960.0,RULE+TAPE,,True
20211101,0,REG,post2014,120.0,960.0,0.0,,regular,960.0,RULE+TAPE,,True
20211102,1,REG,post2014,120.0,960.0,0.0,,regular,960.0,RULE+TAPE,,True
20211103,2,REG,post2014,120.0,960.0,0.0,,regular,960.0,RULE+TAPE,,True
20211104,3,REG,post2014,120.0,960.0,0.0,,regular,960.0,RULE+TAPE,,True
20211105,4,REG,post2014,120.0,960.0,0.0,,regular,960.0,RULE+TAPE,,True
20211108,0,REG,post2014,120.0,960.0,0.0,,regular,960.0,RULE+TAPE,,True
20211109,1,REG,post2014,120.0,960.0,0.0,,regular,960.0,RULE+TAPE,,True
20211110,2,REG,post2014,120.0,960.0,0.0,,regular,960.0,RULE+TAPE,,True
20211111,3,REG,post2014,120.0,960.0,0.0,,regular,960.0,RULE+TAPE,,True
20211112,4,REG,post2014,120.0,960.0,0.0,,regular,960.0,RULE+TAPE,,True
20211115,0,REG,post2014,120.0,960.0,0.0,,regular,960.0,RULE+TAPE,,True
20211116,1,REG,post2014,120.0,960.0,0.0,,regular,960.0,RULE+TAPE,,True
20211117,2,REG,post2014,120.0,960.0,0.0,,regular,960.0,RULE+TAPE,,True
20211118,3,REG,post2014,120.0,960.0,0.0,,regular,960.0,RULE+TAPE,,True
20211119,4,REG,post2014,120.0,960.0,0.0,,regular,960.0,RULE+TAPE,,True
20211122,0,REG,post2014,120.0,960.0,0.0,,regular,960.0,RULE+TAPE,,True
20211123,1,REG,post2014,120.0,960.0,0.0,,regular,960.0,RULE+TAPE,,True
20211124,2,REG,post2014,120.0,960.0,0.0,,regular,960.0,RULE+TAPE,,True
20211125,3,HOL,post2014,120.0,780.0,0.0,,short,780.0,RULE+TAPE,,True
20211126,4,EVE,post2014,120.0,795.0,0.0,,short,795.0,RULE+TAPE,,True
20211129,0,REG,post2014,120.0,960.0,0.0,,regular,960.0,RULE+TAPE,,True
20211130,1,REG,post2014,120.0,960.0,0.0,,regular,960.0,RULE+TAPE,,True
20211201,2,REG,post2014,120.0,960.0,0.0,,regular,960.0,RULE+TAPE,,True
20211202,3,REG,post2014,120.0,960.0,0.0,,regular,960.0,RULE+TAPE,,True
20211203,4,REG,post2014,120.0,960.0,0.0,,regular,960.0,RULE+TAPE,,True
20211206,0,REG,post2014,120.0,960.0,0.0,,regular,960.0,RULE+TAPE,,True
20211207,1,REG,post2014,120.0,960.0,0.0,,regular,960.0,RULE+TAPE,,True
20211208,2,REG,post2014,120.0,960.0,0.0,,regular,960.0,RULE+TAPE,,True
20211209,3,REG,post2014,120.0,960.0,6.0,,regular,960.0,RULE+TAPE,6 missing minutes,False
20211210,4,REG,post2014,120.0,960.0,0.0,,regular,960.0,RULE+TAPE,,True
20211213,0,REG,post2014,120.0,960.0,0.0,,regular,960.0,RULE+TAPE,,True
20211214,1,REG,post2014,120.0,960.0,0.0,,regular,960.0,RULE+TAPE,,True
20211215,2,REG,post2014,120.0,960.0,0.0,,regular,960.0,RULE+TAPE,,True
20211216,3,REG,post2014,120.0,960.0,0.0,,regular,960.0,RULE+TAPE,,True
20211217,4,REG,post2014,120.0,960.0,0.0,,regular,960.0,RULE+TAPE,,True
20211220,0,REG,post2014,120.0,960.0,0.0,,regular,960.0,RULE+TAPE,,True
20211221,1,REG,post2014,120.0,960.0,0.0,,regular,960.0,RULE+TAPE,,True
20211222,2,REG,post2014,120.0,960.0,0.0,,regular,960.0,RULE+TAPE,,True
20211223,3,REG,post2014,120.0,960.0,0.0,,regular,960.0,RULE+TAPE,,True
20211224,4,XMAS,post2014,,,,,closed,,RULE+TAPE,,False
20211227,0,REG,post2014,120.0,960.0,0.0,,regular,960.0,RULE+TAPE,,True
20211228,1,REG,post2014,120.0,960.0,0.0,,regular,960.0,RULE+TAPE,,True
20211229,2,REG,post2014,120.0,960.0,0.0,,regular,960.0,RULE+TAPE,,True
20211230,3,REG,post2014,120.0,960.0,0.0,,regular,960.0,RULE+TAPE,,True
20211231,4,REG,post2014,120.0,960.0,0.0,,regular,960.0,RULE+TAPE,,True
20220103,0,REG,post2014,120.0,960.0,0.0,,regular,960.0,RULE+TAPE,,True
20220104,1,REG,post2014,120.0,960.0,0.0,,regular,960.0,RULE+TAPE,,True
20220105,2,REG,post2014,120.0,960.0,0.0,,regular,960.0,RULE+TAPE,,True
20220106,3,REG,post2014,120.0,960.0,0.0,,regular,960.0,RULE+TAPE,,True
20220107,4,REG,post2014,120.0,960.0,0.0,,regular,960.0,RULE+TAPE,,True
20220110,0,REG,post2014,120.0,960.0,0.0,,regular,960.0,RULE+TAPE,,True
20220111,1,REG,post2014,120.0,960.0,0.0,,regular,960.0,RULE+TAPE,,True
20220112,2,REG,post2014,120.0,960.0,0.0,,regular,960.0,RULE+TAPE,,True
20220113,3,REG,post2014,120.0,960.0,0.0,,regular,960.0,RULE+TAPE,,True
20220114,4,REG,post2014,120.0,960.0,0.0,,regular,960.0,RULE+TAPE,,True
20220117,0,HOL,post2014,120.0,780.0,0.0,,short,780.0,RULE+TAPE,,True
20220118,1,REG,post2014,120.0,960.0,0.0,,regular,960.0,RULE+TAPE,,True
20220119,2,REG,post2014,120.0,960.0,0.0,,regular,960.0,RULE+TAPE,,True
20220120,3,REG,post2014,120.0,960.0,0.0,,regular,960.0,RULE+TAPE,,True
20220121,4,REG,post2014,120.0,960.0,0.0,,regular,960.0,RULE+TAPE,,True
20220124,0,REG,post2014,120.0,960.0,0.0,,regular,960.0,RULE+TAPE,,True
20220125,1,REG,post2014,120.0,960.0,0.0,,regular,960.0,RULE+TAPE,,True
20220126,2,REG,post2014,120.0,960.0,0.0,,regular,960.0,RULE+TAPE,,True
20220127,3,REG,post2014,120.0,960.0,0.0,,regular,960.0,RULE+TAPE,,True
20220128,4,REG,post2014,120.0,960.0,0.0,,regular,960.0,RULE+TAPE,,True
20220131,0,REG,post2014,120.0,960.0,0.0,,regular,960.0,RULE+TAPE,,True
20220201,1,REG,post2014,120.0,960.0,0.0,,regular,960.0,RULE+TAPE,,True
20220202,2,REG,post2014,120.0,960.0,0.0,,regular,960.0,RULE+TAPE,,True
20220203,3,REG,post2014,120.0,960.0,0.0,,regular,960.0,RULE+TAPE,,True
20220204,4,REG,post2014,120.0,960.0,0.0,,regular,960.0,RULE+TAPE,,True
20220207,0,REG,post2014,120.0,960.0,0.0,,regular,960.0,RULE+TAPE,,True
20220208,1,REG,post2014,120.0,960.0,0.0,,regular,960.0,RULE+TAPE,,True
20220209,2,REG,post2014,120.0,960.0,0.0,,regular,960.0,RULE+TAPE,,True
20220210,3,REG,post2014,120.0,960.0,0.0,,regular,960.0,RULE+TAPE,,True
20220211,4,REG,post2014,120.0,960.0,0.0,,regular,960.0,RULE+TAPE,,True
20220214,0,REG,post2014,120.0,960.0,0.0,,regular,960.0,RULE+TAPE,,True
20220215,1,REG,post2014,120.0,960.0,0.0,,regular,960.0,RULE+TAPE,,True
20220216,2,REG,post2014,120.0,960.0,0.0,,regular,960.0,RULE+TAPE,,True
20220217,3,REG,post2014,120.0,960.0,0.0,,regular,960.0,RULE+TAPE,,True
20220218,4,REG,post2014,120.0,960.0,0.0,,regular,960.0,RULE+TAPE,,True
20220221,0,HOL,post2014,120.0,780.0,0.0,,short,780.0,RULE+TAPE,,True
20220222,1,REG,post2014,120.0,960.0,0.0,,regular,960.0,RULE+TAPE,,True
20220223,2,REG,post2014,120.0,960.0,0.0,,regular,960.0,RULE+TAPE,,True
20220224,3,REG,post2014,120.0,960.0,0.0,,regular,960.0,RULE+TAPE,,True
20220225,4,REG,post2014,120.0,960.0,0.0,,regular,960.0,RULE+TAPE,,True
20220228,0,REG,post2014,120.0,960.0,0.0,,regular,960.0,RULE+TAPE,,True
20220301,1,REG,post2014,120.0,960.0,0.0,,regular,960.0,RULE+TAPE,,True
20220302,2,REG,post2014,120.0,960.0,0.0,,regular,960.0,RULE+TAPE,,True
20220303,3,REG,post2014,120.0,960.0,0.0,,regular,960.0,RULE+TAPE,,True
20220304,4,REG,post2014,120.0,960.0,0.0,,regular,960.0,RULE+TAPE,,True
20220307,0,REG,post2014,120.0,960.0,0.0,,regular,960.0,RULE+TAPE,,True
20220308,1,REG,post2014,120.0,960.0,0.0,,regular,960.0,RULE+TAPE,,True
20220309,2,REG,post2014,120.0,960.0,0.0,,regular,960.0,RULE+TAPE,,True
20220310,3,REG,post2014,120.0,960.0,8.0,,regular,960.0,RULE+TAPE,8 missing minutes,False
20220311,4,REG,post2014,120.0,960.0,0.0,,regular,960.0,RULE+TAPE,,True
20220314,0,REG,post2014,120.0,960.0,0.0,,regular,960.0,RULE+TAPE,,True
20220315,1,REG,post2014,120.0,960.0,0.0,,regular,960.0,RULE+TAPE,,True
20220316,2,REG,post2014,120.0,960.0,0.0,,regular,960.0,RULE+TAPE,,True
20220317,3,REG,post2014,120.0,960.0,0.0,,regular,960.0,RULE+TAPE,,True
20220318,4,REG,post2014,120.0,960.0,0.0,,regular,960.0,RULE+TAPE,,True
20220321,0,REG,post2014,120.0,960.0,0.0,,regular,960.0,RULE+TAPE,,True
20220322,1,REG,post2014,120.0,960.0,0.0,,regular,960.0,RULE+TAPE,,True
20220323,2,REG,post2014,120.0,960.0,0.0,,regular,960.0,RULE+TAPE,,True
20220324,3,REG,post2014,120.0,960.0,0.0,,regular,960.0,RULE+TAPE,,True
20220325,4,REG,post2014,120.0,960.0,0.0,,regular,960.0,RULE+TAPE,,True
20220328,0,REG,post2014,120.0,960.0,0.0,,regular,960.0,RULE+TAPE,,True
20220329,1,REG,post2014,120.0,960.0,0.0,,regular,960.0,RULE+TAPE,,True
20220330,2,REG,post2014,120.0,960.0,0.0,,regular,960.0,RULE+TAPE,,True
20220331,3,REG,post2014,120.0,960.0,0.0,,regular,960.0,RULE+TAPE,,True
20220401,4,REG,post2014,120.0,960.0,0.0,,regular,960.0,RULE+TAPE,,True
20220404,0,REG,post2014,120.0,960.0,0.0,,regular,960.0,RULE+TAPE,,True
20220405,1,REG,post2014,120.0,960.0,0.0,,regular,960.0,RULE+TAPE,,True
20220406,2,REG,post2014,120.0,960.0,0.0,,regular,960.0,RULE+TAPE,,True
20220407,3,REG,post2014,120.0,960.0,0.0,,regular,960.0,RULE+TAPE,,True
20220408,4,REG,post2014,120.0,960.0,0.0,,regular,960.0,RULE+TAPE,,True
20220411,0,REG,post2014,120.0,960.0,0.0,,regular,960.0,RULE+TAPE,,True
20220412,1,REG,post2014,120.0,960.0,0.0,,regular,960.0,RULE+TAPE,,True
20220413,2,REG,post2014,120.0,960.0,0.0,,regular,960.0,RULE+TAPE,,True
20220414,3,REG,post2014,120.0,960.0,0.0,,regular,960.0,RULE+TAPE,,True
20220415,4,GOODFRI,post2014,,,,,closed,,RULE+TAPE,,False
20220418,0,REG,post2014,120.0,960.0,0.0,,regular,960.0,RULE+TAPE,,True
20220419,1,REG,post2014,120.0,960.0,0.0,,regular,960.0,RULE+TAPE,,True
20220420,2,REG,post2014,120.0,960.0,0.0,,regular,960.0,RULE+TAPE,,True
20220421,3,REG,post2014,120.0,960.0,0.0,,regular,960.0,RULE+TAPE,,True
20220422,4,REG,post2014,120.0,960.0,0.0,,regular,960.0,RULE+TAPE,,True
20220425,0,REG,post2014,120.0,960.0,0.0,,regular,960.0,RULE+TAPE,,True
20220426,1,REG,post2014,120.0,960.0,0.0,,regular,960.0,RULE+TAPE,,True
20220427,2,REG,post2014,120.0,960.0,0.0,,regular,960.0,RULE+TAPE,,True
20220428,3,REG,post2014,120.0,960.0,0.0,,regular,960.0,RULE+TAPE,,True
20220429,4,REG,post2014,120.0,960.0,0.0,,regular,960.0,RULE+TAPE,,True
20220502,0,REG,post2014,120.0,960.0,0.0,,regular,960.0,RULE+TAPE,,True
20220503,1,REG,post2014,120.0,960.0,0.0,,regular,960.0,RULE+TAPE,,True
20220504,2,REG,post2014,120.0,960.0,0.0,,regular,960.0,RULE+TAPE,,True
20220505,3,REG,post2014,120.0,960.0,0.0,,regular,960.0,RULE+TAPE,,True
20220506,4,REG,post2014,120.0,960.0,0.0,,regular,960.0,RULE+TAPE,,True
20220509,0,REG,post2014,120.0,960.0,0.0,,regular,960.0,RULE+TAPE,,True
20220510,1,REG,post2014,120.0,960.0,0.0,,regular,960.0,RULE+TAPE,,True
20220511,2,REG,post2014,120.0,960.0,0.0,,regular,960.0,RULE+TAPE,,True
20220512,3,REG,post2014,120.0,960.0,0.0,,regular,960.0,RULE+TAPE,,True
20220513,4,REG,post2014,120.0,960.0,0.0,,regular,960.0,RULE+TAPE,,True
20220516,0,REG,post2014,120.0,960.0,0.0,,regular,960.0,RULE+TAPE,,True
20220517,1,REG,post2014,120.0,960.0,0.0,,regular,960.0,RULE+TAPE,,True
20220518,2,REG,post2014,120.0,960.0,0.0,,regular,960.0,RULE+TAPE,,True
20220519,3,REG,post2014,120.0,960.0,0.0,,regular,960.0,RULE+TAPE,,True
20220520,4,REG,post2014,120.0,960.0,0.0,,regular,960.0,RULE+TAPE,,True
20220523,0,REG,post2014,120.0,960.0,1.0,,regular,960.0,RULE+TAPE,1 missing minutes,False
20220524,1,REG,post2014,120.0,960.0,0.0,,regular,960.0,RULE+TAPE,,True
20220525,2,REG,post2014,120.0,960.0,0.0,,regular,960.0,RULE+TAPE,,True
20220526,3,REG,post2014,120.0,960.0,0.0,,regular,960.0,RULE+TAPE,,True
20220527,4,REG,post2014,120.0,960.0,0.0,,regular,960.0,RULE+TAPE,,True
20220530,0,HOL,post2014,120.0,780.0,0.0,,short,780.0,RULE+TAPE,,True
20220531,1,REG,post2014,120.0,960.0,0.0,,regular,960.0,RULE+TAPE,,True
20220601,2,REG,post2014,120.0,960.0,0.0,,regular,960.0,RULE+TAPE,,True
20220602,3,REG,post2014,120.0,960.0,0.0,,regular,960.0,RULE+TAPE,,True
20220603,4,REG,post2014,120.0,960.0,0.0,,regular,960.0,RULE+TAPE,,True
20220606,0,REG,post2014,120.0,960.0,0.0,,regular,960.0,RULE+TAPE,,True
20220607,1,REG,post2014,120.0,960.0,0.0,,regular,960.0,RULE+TAPE,,True
20220608,2,REG,post2014,120.0,960.0,0.0,,regular,960.0,RULE+TAPE,,True
20220609,3,REG,post2014,120.0,960.0,33.0,,regular,960.0,RULE+TAPE,33 missing minutes,False
20220610,4,REG,post2014,120.0,960.0,0.0,,regular,960.0,RULE+TAPE,,True
20220613,0,REG,post2014,120.0,960.0,0.0,,regular,960.0,RULE+TAPE,,True
20220614,1,REG,post2014,120.0,960.0,0.0,,regular,960.0,RULE+TAPE,,True
20220615,2,REG,post2014,120.0,960.0,0.0,,regular,960.0,RULE+TAPE,,True
20220616,3,REG,post2014,120.0,960.0,0.0,,regular,960.0,RULE+TAPE,,True
20220617,4,REG,post2014,120.0,960.0,0.0,,regular,960.0,RULE+TAPE,,True
20220620,0,HOL,post2014,120.0,780.0,0.0,,short,780.0,RULE+TAPE,,True
20220621,1,REG,post2014,120.0,960.0,0.0,,regular,960.0,RULE+TAPE,,True
20220622,2,REG,post2014,120.0,960.0,0.0,,regular,960.0,RULE+TAPE,,True
20220623,3,REG,post2014,120.0,960.0,0.0,,regular,960.0,RULE+TAPE,,True
20220624,4,REG,post2014,120.0,960.0,0.0,,regular,960.0,RULE+TAPE,,True
20220627,0,REG,post2014,120.0,960.0,0.0,,regular,960.0,RULE+TAPE,,True
20220628,1,REG,post2014,120.0,960.0,0.0,,regular,960.0,RULE+TAPE,,True
20220629,2,REG,post2014,120.0,960.0,0.0,,regular,960.0,RULE+TAPE,,True
20220630,3,REG,post2014,120.0,960.0,0.0,,regular,960.0,RULE+TAPE,,True
20220701,4,REG,post2014,120.0,960.0,0.0,,regular,960.0,RULE+TAPE,,True
20220704,0,HOL,post2014,120.0,780.0,0.0,,short,780.0,RULE+TAPE,,True
20220705,1,REG,post2014,120.0,960.0,0.0,,regular,960.0,RULE+TAPE,,True
20220706,2,REG,post2014,120.0,960.0,0.0,,regular,960.0,RULE+TAPE,,True
20220707,3,REG,post2014,120.0,960.0,0.0,,regular,960.0,RULE+TAPE,,True
20220708,4,REG,post2014,120.0,960.0,0.0,,regular,960.0,RULE+TAPE,,True
20220711,0,REG,post2014,120.0,960.0,0.0,,regular,960.0,RULE+TAPE,,True
20220712,1,REG,post2014,120.0,960.0,0.0,,regular,960.0,RULE+TAPE,,True
20220713,2,REG,post2014,120.0,960.0,0.0,,regular,960.0,RULE+TAPE,,True
20220714,3,REG,post2014,120.0,960.0,0.0,,regular,960.0,RULE+TAPE,,True
20220715,4,REG,post2014,120.0,960.0,0.0,,regular,960.0,RULE+TAPE,,True
20220718,0,REG,post2014,120.0,960.0,0.0,,regular,960.0,RULE+TAPE,,True
20220719,1,REG,post2014,120.0,960.0,0.0,,regular,960.0,RULE+TAPE,,True
20220720,2,REG,post2014,120.0,960.0,0.0,,regular,960.0,RULE+TAPE,,True
20220721,3,REG,post2014,120.0,960.0,0.0,,regular,960.0,RULE+TAPE,,True
20220722,4,REG,post2014,120.0,960.0,0.0,,regular,960.0,RULE+TAPE,,True
20220725,0,REG,post2014,120.0,960.0,0.0,,regular,960.0,RULE+TAPE,,True
20220726,1,REG,post2014,120.0,960.0,0.0,,regular,960.0,RULE+TAPE,,True
20220727,2,REG,post2014,120.0,960.0,0.0,,regular,960.0,RULE+TAPE,,True
20220728,3,REG,post2014,120.0,960.0,0.0,,regular,960.0,RULE+TAPE,,True
20220729,4,REG,post2014,120.0,960.0,0.0,,regular,960.0,RULE+TAPE,,True
20220801,0,REG,post2014,120.0,960.0,0.0,,regular,960.0,RULE+TAPE,,True
20220802,1,REG,post2014,120.0,960.0,0.0,,regular,960.0,RULE+TAPE,,True
20220803,2,REG,post2014,120.0,960.0,1.0,,regular,960.0,RULE+TAPE,1 missing minutes,False
20220804,3,REG,post2014,120.0,960.0,0.0,,regular,960.0,RULE+TAPE,,True
20220805,4,REG,post2014,120.0,960.0,0.0,,regular,960.0,RULE+TAPE,,True
20220808,0,REG,post2014,120.0,960.0,0.0,,regular,960.0,RULE+TAPE,,True
20220809,1,REG,post2014,120.0,960.0,0.0,,regular,960.0,RULE+TAPE,,True
20220810,2,REG,post2014,120.0,960.0,0.0,,regular,960.0,RULE+TAPE,,True
20220811,3,REG,post2014,120.0,960.0,0.0,,regular,960.0,RULE+TAPE,,True
20220812,4,REG,post2014,120.0,960.0,0.0,,regular,960.0,RULE+TAPE,,True
20220815,0,REG,post2014,120.0,960.0,0.0,,regular,960.0,RULE+TAPE,,True
20220816,1,REG,post2014,120.0,960.0,0.0,,regular,960.0,RULE+TAPE,,True
20220817,2,REG,post2014,120.0,960.0,0.0,,regular,960.0,RULE+TAPE,,True
20220818,3,REG,post2014,120.0,960.0,0.0,,regular,960.0,RULE+TAPE,,True
20220819,4,REG,post2014,120.0,960.0,0.0,,regular,960.0,RULE+TAPE,,True
20220822,0,REG,post2014,120.0,960.0,0.0,,regular,960.0,RULE+TAPE,,True
20220823,1,REG,post2014,120.0,960.0,0.0,,regular,960.0,RULE+TAPE,,True
20220824,2,REG,post2014,120.0,960.0,0.0,,regular,960.0,RULE+TAPE,,True
20220825,3,REG,post2014,120.0,960.0,0.0,,regular,960.0,RULE+TAPE,,True
20220826,4,REG,post2014,120.0,960.0,0.0,,regular,960.0,RULE+TAPE,,True
20220829,0,REG,post2014,120.0,960.0,0.0,,regular,960.0,RULE+TAPE,,True
20220830,1,REG,post2014,120.0,960.0,1.0,,regular,960.0,RULE+TAPE,1 missing minutes,False
20220831,2,REG,post2014,120.0,960.0,0.0,,regular,960.0,RULE+TAPE,,True
20220901,3,REG,post2014,120.0,960.0,0.0,,regular,960.0,RULE+TAPE,,True
20220902,4,REG,post2014,120.0,960.0,0.0,,regular,960.0,RULE+TAPE,,True
20220905,0,HOL,post2014,120.0,780.0,0.0,,short,780.0,RULE+TAPE,,True
20220906,1,REG,post2014,120.0,960.0,0.0,,regular,960.0,RULE+TAPE,,True
20220907,2,REG,post2014,120.0,960.0,0.0,,regular,960.0,RULE+TAPE,,True
20220908,3,REG,post2014,120.0,960.0,23.0,,regular,960.0,RULE+TAPE,23 missing minutes,False
20220909,4,REG,post2014,120.0,960.0,2.0,,regular,960.0,RULE+TAPE,2 missing minutes,False
20220912,0,REG,post2014,120.0,960.0,0.0,,regular,960.0,RULE+TAPE,,True
20220913,1,REG,post2014,120.0,960.0,0.0,,regular,960.0,RULE+TAPE,,True
20220914,2,REG,post2014,120.0,960.0,0.0,,regular,960.0,RULE+TAPE,,True
20220915,3,REG,post2014,120.0,960.0,0.0,,regular,960.0,RULE+TAPE,,True
20220916,4,REG,post2014,120.0,960.0,0.0,,regular,960.0,RULE+TAPE,,True
20220919,0,REG,post2014,120.0,960.0,0.0,,regular,960.0,RULE+TAPE,,True
20220920,1,REG,post2014,120.0,960.0,0.0,,regular,960.0,RULE+TAPE,,True
20220921,2,REG,post2014,120.0,960.0,0.0,,regular,960.0,RULE+TAPE,,True
20220922,3,REG,post2014,120.0,960.0,0.0,,regular,960.0,RULE+TAPE,,True
20220923,4,REG,post2014,120.0,960.0,0.0,,regular,960.0,RULE+TAPE,,True
20220926,0,REG,post2014,120.0,960.0,0.0,,regular,960.0,RULE+TAPE,,True
20220927,1,REG,post2014,120.0,960.0,3.0,,regular,960.0,RULE+TAPE,3 missing minutes,False
20220928,2,REG,post2014,120.0,960.0,0.0,,regular,960.0,RULE+TAPE,,True
20220929,3,REG,post2014,120.0,960.0,0.0,,regular,960.0,RULE+TAPE,,True
20220930,4,REG,post2014,120.0,960.0,0.0,,regular,960.0,RULE+TAPE,,True
20221003,0,REG,post2014,120.0,960.0,0.0,,regular,960.0,RULE+TAPE,,True
20221004,1,REG,post2014,120.0,960.0,0.0,,regular,960.0,RULE+TAPE,,True
20221005,2,REG,post2014,120.0,960.0,0.0,,regular,960.0,RULE+TAPE,,True
20221006,3,REG,post2014,120.0,960.0,0.0,,regular,960.0,RULE+TAPE,,True
20221007,4,REG,post2014,120.0,960.0,0.0,,regular,960.0,RULE+TAPE,,True
20221010,0,REG,post2014,120.0,960.0,0.0,,regular,960.0,RULE+TAPE,,True
20221011,1,REG,post2014,120.0,960.0,0.0,,regular,960.0,RULE+TAPE,,True
20221012,2,REG,post2014,120.0,960.0,0.0,,regular,960.0,RULE+TAPE,,True
20221013,3,REG,post2014,120.0,960.0,0.0,,regular,960.0,RULE+TAPE,,True
20221014,4,REG,post2014,120.0,960.0,0.0,,regular,960.0,RULE+TAPE,,True
20221017,0,REG,post2014,120.0,960.0,0.0,,regular,960.0,RULE+TAPE,,True
20221018,1,REG,post2014,120.0,960.0,0.0,,regular,960.0,RULE+TAPE,,True
20221019,2,REG,post2014,120.0,960.0,0.0,,regular,960.0,RULE+TAPE,,True
20221020,3,REG,post2014,120.0,960.0,0.0,,regular,960.0,RULE+TAPE,,True
20221021,4,REG,post2014,120.0,960.0,0.0,,regular,960.0,RULE+TAPE,,True
20221024,0,REG,post2014,120.0,960.0,0.0,,regular,960.0,RULE+TAPE,,True
20221025,1,REG,post2014,120.0,960.0,0.0,,regular,960.0,RULE+TAPE,,True
20221026,2,REG,post2014,120.0,960.0,0.0,,regular,960.0,RULE+TAPE,,True
20221027,3,REG,post2014,120.0,960.0,0.0,,regular,960.0,RULE+TAPE,,True
20221028,4,REG,post2014,120.0,960.0,0.0,,regular,960.0,RULE+TAPE,,True
20221031,0,REG,post2014,120.0,960.0,0.0,,regular,960.0,RULE+TAPE,,True
20221101,1,REG,post2014,120.0,960.0,0.0,,regular,960.0,RULE+TAPE,,True
20221102,2,REG,post2014,120.0,960.0,0.0,,regular,960.0,RULE+TAPE,,True
20221103,3,REG,post2014,120.0,960.0,0.0,,regular,960.0,RULE+TAPE,,True
20221104,4,REG,post2014,120.0,960.0,0.0,,regular,960.0,RULE+TAPE,,True
20221107,0,REG,post2014,333.0,960.0,213.0,,regular,960.0,RULE+TAPE,213 missing minutes,False
20221108,1,REG,post2014,120.0,960.0,0.0,,regular,960.0,RULE+TAPE,,True
20221109,2,REG,post2014,120.0,960.0,0.0,,regular,960.0,RULE+TAPE,,True
20221110,3,REG,post2014,120.0,960.0,0.0,,regular,960.0,RULE+TAPE,,True
20221111,4,REG,post2014,120.0,960.0,0.0,,regular,960.0,RULE+TAPE,,True
20221114,0,REG,post2014,120.0,960.0,0.0,,regular,960.0,RULE+TAPE,,True
20221115,1,REG,post2014,120.0,960.0,0.0,,regular,960.0,RULE+TAPE,,True
20221116,2,REG,post2014,120.0,960.0,0.0,,regular,960.0,RULE+TAPE,,True
20221117,3,REG,post2014,120.0,960.0,0.0,,regular,960.0,RULE+TAPE,,True
20221118,4,REG,post2014,120.0,960.0,0.0,,regular,960.0,RULE+TAPE,,True
20221121,0,REG,post2014,120.0,960.0,0.0,,regular,960.0,RULE+TAPE,,True
20221122,1,REG,post2014,120.0,960.0,0.0,,regular,960.0,RULE+TAPE,,True
20221123,2,REG,post2014,120.0,960.0,0.0,,regular,960.0,RULE+TAPE,,True
20221124,3,HOL,post2014,120.0,780.0,0.0,,short,780.0,RULE+TAPE,,True
20221125,4,EVE,post2014,120.0,795.0,0.0,,short,795.0,RULE+TAPE,,True
20221128,0,REG,post2014,120.0,960.0,0.0,,regular,960.0,RULE+TAPE,,True
20221129,1,REG,post2014,120.0,960.0,0.0,,regular,960.0,RULE+TAPE,,True
20221130,2,REG,post2014,120.0,960.0,0.0,,regular,960.0,RULE+TAPE,,True
20221201,3,REG,post2014,120.0,960.0,0.0,,regular,960.0,RULE+TAPE,,True
20221202,4,REG,post2014,120.0,960.0,0.0,,regular,960.0,RULE+TAPE,,True
20221205,0,REG,post2014,120.0,960.0,0.0,,regular,960.0,RULE+TAPE,,True
20221206,1,REG,post2014,120.0,960.0,0.0,,regular,960.0,RULE+TAPE,,True
20221207,2,REG,post2014,120.0,960.0,0.0,,regular,960.0,RULE+TAPE,,True
20221208,3,REG,post2014,120.0,960.0,0.0,,regular,960.0,RULE+TAPE,,True
20221209,4,REG,post2014,120.0,960.0,0.0,,regular,960.0,RULE+TAPE,,True
20221212,0,REG,post2014,120.0,960.0,0.0,,regular,960.0,RULE+TAPE,,True
20221213,1,REG,post2014,120.0,960.0,1.0,,regular,960.0,RULE+TAPE,1 missing minutes,False
20221214,2,REG,post2014,120.0,960.0,0.0,,regular,960.0,RULE+TAPE,,True
20221215,3,REG,post2014,120.0,960.0,0.0,,regular,960.0,RULE+TAPE,,True
20221216,4,REG,post2014,120.0,960.0,0.0,,regular,960.0,RULE+TAPE,,True
20221219,0,REG,post2014,120.0,960.0,0.0,,regular,960.0,RULE+TAPE,,True
20221220,1,REG,post2014,120.0,960.0,0.0,,regular,960.0,RULE+TAPE,,True
20221221,2,REG,post2014,120.0,960.0,0.0,,regular,960.0,RULE+TAPE,,True
20221222,3,REG,post2014,120.0,960.0,0.0,,regular,960.0,RULE+TAPE,,True
20221223,4,REG,post2014,120.0,960.0,0.0,,regular,960.0,RULE+TAPE,,True
20221226,0,XMAS,post2014,,,,,closed,,RULE+TAPE,,False
20221227,1,REG,post2014,120.0,960.0,0.0,,regular,960.0,RULE+TAPE,,True
20221228,2,REG,post2014,120.0,960.0,0.0,,regular,960.0,RULE+TAPE,,True
20221229,3,REG,post2014,120.0,960.0,0.0,,regular,960.0,RULE+TAPE,,True
20221230,4,REG,post2014,120.0,960.0,0.0,,regular,960.0,RULE+TAPE,,True
20230102,0,NEWYEAR,post2014,,,,,closed,,RULE+TAPE,,False
20230103,1,REG,post2014,120.0,960.0,0.0,,regular,960.0,RULE+TAPE,,True
20230104,2,REG,post2014,120.0,960.0,0.0,,regular,960.0,RULE+TAPE,,True
20230105,3,REG,post2014,120.0,960.0,0.0,,regular,960.0,RULE+TAPE,,True
20230106,4,REG,post2014,120.0,960.0,0.0,,regular,960.0,RULE+TAPE,,True
20230109,0,REG,post2014,120.0,960.0,0.0,,regular,960.0,RULE+TAPE,,True
20230110,1,REG,post2014,120.0,960.0,0.0,,regular,960.0,RULE+TAPE,,True
20230111,2,REG,post2014,120.0,960.0,0.0,,regular,960.0,RULE+TAPE,,True
20230112,3,REG,post2014,120.0,960.0,0.0,,regular,960.0,RULE+TAPE,,True
20230113,4,REG,post2014,120.0,960.0,0.0,,regular,960.0,RULE+TAPE,,True
20230116,0,HOL,post2014,120.0,780.0,0.0,,short,780.0,RULE+TAPE,,True
20230117,1,REG,post2014,120.0,960.0,0.0,,regular,960.0,RULE+TAPE,,True
20230118,2,REG,post2014,120.0,960.0,0.0,,regular,960.0,RULE+TAPE,,True
20230119,3,REG,post2014,120.0,960.0,0.0,,regular,960.0,RULE+TAPE,,True
20230120,4,REG,post2014,120.0,960.0,0.0,,regular,960.0,RULE+TAPE,,True
20230123,0,REG,post2014,120.0,960.0,0.0,,regular,960.0,RULE+TAPE,,True
20230124,1,REG,post2014,120.0,960.0,0.0,,regular,960.0,RULE+TAPE,,True
20230125,2,REG,post2014,120.0,960.0,0.0,,regular,960.0,RULE+TAPE,,True
20230126,3,REG,post2014,120.0,960.0,0.0,,regular,960.0,RULE+TAPE,,True
20230127,4,REG,post2014,120.0,960.0,0.0,,regular,960.0,RULE+TAPE,,True
20230130,0,REG,post2014,120.0,960.0,0.0,,regular,960.0,RULE+TAPE,,True
20230131,1,REG,post2014,120.0,960.0,0.0,,regular,960.0,RULE+TAPE,,True
20230201,2,REG,post2014,120.0,960.0,0.0,,regular,960.0,RULE+TAPE,,True
20230202,3,REG,post2014,120.0,960.0,0.0,,regular,960.0,RULE+TAPE,,True
20230203,4,REG,post2014,120.0,960.0,0.0,,regular,960.0,RULE+TAPE,,True
20230206,0,REG,post2014,120.0,960.0,0.0,,regular,960.0,RULE+TAPE,,True
20230207,1,REG,post2014,120.0,960.0,0.0,,regular,960.0,RULE+TAPE,,True
20230208,2,REG,post2014,120.0,960.0,0.0,,regular,960.0,RULE+TAPE,,True
20230209,3,REG,post2014,120.0,960.0,0.0,,regular,960.0,RULE+TAPE,,True
20230210,4,REG,post2014,120.0,960.0,0.0,,regular,960.0,RULE+TAPE,,True
20230213,0,REG,post2014,120.0,960.0,0.0,,regular,960.0,RULE+TAPE,,True
20230214,1,REG,post2014,120.0,960.0,0.0,,regular,960.0,RULE+TAPE,,True
20230215,2,REG,post2014,120.0,960.0,0.0,,regular,960.0,RULE+TAPE,,True
20230216,3,REG,post2014,120.0,960.0,0.0,,regular,960.0,RULE+TAPE,,True
20230217,4,REG,post2014,120.0,960.0,0.0,,regular,960.0,RULE+TAPE,,True
20230220,0,HOL,post2014,120.0,780.0,0.0,,short,780.0,RULE+TAPE,,True
20230221,1,REG,post2014,120.0,960.0,0.0,,regular,960.0,RULE+TAPE,,True
20230222,2,REG,post2014,120.0,960.0,0.0,,regular,960.0,RULE+TAPE,,True
20230223,3,REG,post2014,120.0,960.0,0.0,,regular,960.0,RULE+TAPE,,True
20230224,4,REG,post2014,120.0,960.0,0.0,,regular,960.0,RULE+TAPE,,True
20230227,0,REG,post2014,120.0,960.0,0.0,,regular,960.0,RULE+TAPE,,True
20230228,1,REG,post2014,120.0,960.0,0.0,,regular,960.0,RULE+TAPE,,True
20230301,2,REG,post2014,120.0,960.0,0.0,,regular,960.0,RULE+TAPE,,True
20230302,3,REG,post2014,120.0,960.0,0.0,,regular,960.0,RULE+TAPE,,True
20230303,4,REG,post2014,120.0,960.0,0.0,,regular,960.0,RULE+TAPE,,True
20230306,0,REG,post2014,120.0,960.0,0.0,,regular,960.0,RULE+TAPE,,True
20230307,1,REG,post2014,120.0,960.0,0.0,,regular,960.0,RULE+TAPE,,True
20230308,2,REG,post2014,120.0,960.0,0.0,,regular,960.0,RULE+TAPE,,True
20230309,3,REG,post2014,120.0,960.0,0.0,,regular,960.0,RULE+TAPE,,True
20230310,4,REG,post2014,120.0,960.0,0.0,,regular,960.0,RULE+TAPE,,True
20230313,0,REG,post2014,120.0,960.0,0.0,,regular,960.0,RULE+TAPE,,True
20230314,1,REG,post2014,120.0,960.0,0.0,,regular,960.0,RULE+TAPE,,True
20230315,2,REG,post2014,120.0,960.0,0.0,,regular,960.0,RULE+TAPE,,True
20230316,3,REG,post2014,120.0,960.0,0.0,,regular,960.0,RULE+TAPE,,True
20230317,4,REG,post2014,120.0,960.0,0.0,,regular,960.0,RULE+TAPE,,True
20230320,0,REG,post2014,120.0,960.0,0.0,,regular,960.0,RULE+TAPE,,True
20230321,1,REG,post2014,120.0,960.0,0.0,,regular,960.0,RULE+TAPE,,True
20230322,2,REG,post2014,120.0,960.0,0.0,,regular,960.0,RULE+TAPE,,True
20230323,3,REG,post2014,120.0,960.0,0.0,,regular,960.0,RULE+TAPE,,True
20230324,4,REG,post2014,120.0,960.0,0.0,,regular,960.0,RULE+TAPE,,True
20230327,0,REG,post2014,120.0,960.0,0.0,,regular,960.0,RULE+TAPE,,True
20230328,1,REG,post2014,120.0,960.0,0.0,,regular,960.0,RULE+TAPE,,True
20230329,2,REG,post2014,120.0,960.0,0.0,,regular,960.0,RULE+TAPE,,True
20230330,3,REG,post2014,120.0,960.0,0.0,,regular,960.0,RULE+TAPE,,True
20230331,4,REG,post2014,120.0,960.0,0.0,,regular,960.0,RULE+TAPE,,True
20230403,0,REG,post2014,120.0,960.0,0.0,,regular,960.0,RULE+TAPE,,True
20230404,1,REG,post2014,120.0,960.0,0.0,,regular,960.0,RULE+TAPE,,True
20230405,2,REG,post2014,120.0,843.0,0.0,,unknown,960.0,UNKNOWN,tape stops at 843.0 on a regular-type day,False
20230406,3,REG,post2014,120.0,960.0,0.0,,regular,960.0,RULE+TAPE,,True
20230407,4,GOODFRI,post2014,120.0,555.0,1.0,,short,555.0,TAPE_ONLY,GOODFRI with abbreviated session on tape (e.g. Good Friday NFP),False
20230410,0,REG,post2014,120.0,960.0,0.0,,regular,960.0,RULE+TAPE,,True
20230411,1,REG,post2014,120.0,960.0,0.0,,regular,960.0,RULE+TAPE,,True
20230412,2,REG,post2014,120.0,960.0,0.0,,regular,960.0,RULE+TAPE,,True
20230413,3,REG,post2014,120.0,960.0,0.0,,regular,960.0,RULE+TAPE,,True
20230414,4,REG,post2014,120.0,960.0,0.0,,regular,960.0,RULE+TAPE,,True
20230417,0,REG,post2014,120.0,960.0,0.0,,regular,960.0,RULE+TAPE,,True
20230418,1,REG,post2014,120.0,960.0,0.0,,regular,960.0,RULE+TAPE,,True
20230419,2,REG,post2014,120.0,960.0,0.0,,regular,960.0,RULE+TAPE,,True
20230420,3,REG,post2014,120.0,960.0,0.0,,regular,960.0,RULE+TAPE,,True
20230421,4,REG,post2014,120.0,960.0,0.0,,regular,960.0,RULE+TAPE,,True
20230424,0,REG,post2014,120.0,960.0,0.0,,regular,960.0,RULE+TAPE,,True
20230425,1,REG,post2014,120.0,960.0,0.0,,regular,960.0,RULE+TAPE,,True
20230426,2,REG,post2014,120.0,960.0,0.0,,regular,960.0,RULE+TAPE,,True
20230427,3,REG,post2014,120.0,960.0,0.0,,regular,960.0,RULE+TAPE,,True
20230428,4,REG,post2014,120.0,960.0,0.0,,regular,960.0,RULE+TAPE,,True
20230501,0,REG,post2014,120.0,960.0,0.0,,regular,960.0,RULE+TAPE,,True
20230502,1,REG,post2014,120.0,960.0,0.0,,regular,960.0,RULE+TAPE,,True
20230503,2,REG,post2014,120.0,960.0,0.0,,regular,960.0,RULE+TAPE,,True
20230504,3,REG,post2014,120.0,960.0,0.0,,regular,960.0,RULE+TAPE,,True
20230505,4,REG,post2014,120.0,960.0,0.0,,regular,960.0,RULE+TAPE,,True
20230508,0,REG,post2014,120.0,960.0,0.0,,regular,960.0,RULE+TAPE,,True
20230509,1,REG,post2014,120.0,960.0,0.0,,regular,960.0,RULE+TAPE,,True
20230510,2,REG,post2014,120.0,960.0,0.0,,regular,960.0,RULE+TAPE,,True
20230511,3,REG,post2014,120.0,960.0,0.0,,regular,960.0,RULE+TAPE,,True
20230512,4,REG,post2014,120.0,960.0,0.0,,regular,960.0,RULE+TAPE,,True
20230515,0,REG,post2014,120.0,960.0,0.0,,regular,960.0,RULE+TAPE,,True
20230516,1,REG,post2014,120.0,960.0,0.0,,regular,960.0,RULE+TAPE,,True
20230517,2,REG,post2014,120.0,960.0,0.0,,regular,960.0,RULE+TAPE,,True
20230518,3,REG,post2014,120.0,960.0,0.0,,regular,960.0,RULE+TAPE,,True
20230519,4,REG,post2014,120.0,960.0,0.0,,regular,960.0,RULE+TAPE,,True
20230522,0,REG,post2014,120.0,960.0,0.0,,regular,960.0,RULE+TAPE,,True
20230523,1,REG,post2014,120.0,960.0,0.0,,regular,960.0,RULE+TAPE,,True
20230524,2,REG,post2014,120.0,960.0,0.0,,regular,960.0,RULE+TAPE,,True
20230525,3,REG,post2014,120.0,960.0,0.0,,regular,960.0,RULE+TAPE,,True
20230526,4,REG,post2014,120.0,960.0,0.0,,regular,960.0,RULE+TAPE,,True
20230529,0,HOL,post2014,120.0,780.0,0.0,,short,780.0,RULE+TAPE,,True
20230530,1,REG,post2014,120.0,960.0,0.0,,regular,960.0,RULE+TAPE,,True
20230531,2,REG,post2014,120.0,960.0,0.0,,regular,960.0,RULE+TAPE,,True
20230601,3,REG,post2014,120.0,960.0,0.0,,regular,960.0,RULE+TAPE,,True
20230602,4,REG,post2014,120.0,960.0,0.0,,regular,960.0,RULE+TAPE,,True
20230605,0,REG,post2014,120.0,960.0,0.0,,regular,960.0,RULE+TAPE,,True
20230606,1,REG,post2014,120.0,960.0,0.0,,regular,960.0,RULE+TAPE,,True
20230607,2,REG,post2014,120.0,960.0,0.0,,regular,960.0,RULE+TAPE,,True
20230608,3,REG,post2014,120.0,960.0,0.0,,regular,960.0,RULE+TAPE,,True
20230609,4,REG,post2014,120.0,960.0,0.0,,regular,960.0,RULE+TAPE,,True
20230612,0,REG,post2014,120.0,960.0,0.0,,regular,960.0,RULE+TAPE,,True
20230613,1,REG,post2014,120.0,960.0,0.0,,regular,960.0,RULE+TAPE,,True
20230614,2,REG,post2014,120.0,960.0,0.0,,regular,960.0,RULE+TAPE,,True
20230615,3,REG,post2014,120.0,960.0,0.0,,regular,960.0,RULE+TAPE,,True
20230616,4,REG,post2014,120.0,960.0,0.0,,regular,960.0,RULE+TAPE,,True
20230619,0,HOL,post2014,120.0,780.0,0.0,,short,780.0,RULE+TAPE,,True
20230620,1,REG,post2014,120.0,960.0,0.0,,regular,960.0,RULE+TAPE,,True
20230621,2,REG,post2014,120.0,960.0,0.0,,regular,960.0,RULE+TAPE,,True
20230622,3,REG,post2014,120.0,960.0,0.0,,regular,960.0,RULE+TAPE,,True
20230623,4,REG,post2014,120.0,960.0,0.0,,regular,960.0,RULE+TAPE,,True
20230626,0,REG,post2014,120.0,960.0,0.0,,regular,960.0,RULE+TAPE,,True
20230627,1,REG,post2014,120.0,960.0,0.0,,regular,960.0,RULE+TAPE,,True
20230628,2,REG,post2014,120.0,960.0,0.0,,regular,960.0,RULE+TAPE,,True
20230629,3,REG,post2014,120.0,960.0,0.0,,regular,960.0,RULE+TAPE,,True
20230630,4,REG,post2014,120.0,960.0,0.0,,regular,960.0,RULE+TAPE,,True
20230703,0,EVE,post2014,120.0,795.0,0.0,,short,795.0,RULE+TAPE,,True
20230704,1,HOL,post2014,120.0,780.0,0.0,,short,780.0,RULE+TAPE,,True
20230705,2,REG,post2014,120.0,960.0,0.0,,regular,960.0,RULE+TAPE,,True
20230706,3,REG,post2014,120.0,960.0,0.0,,regular,960.0,RULE+TAPE,,True
20230707,4,REG,post2014,120.0,960.0,0.0,,regular,960.0,RULE+TAPE,,True
20230710,0,REG,post2014,120.0,960.0,0.0,,regular,960.0,RULE+TAPE,,True
20230711,1,REG,post2014,120.0,960.0,0.0,,regular,960.0,RULE+TAPE,,True
20230712,2,REG,post2014,120.0,960.0,0.0,,regular,960.0,RULE+TAPE,,True
20230713,3,REG,post2014,120.0,960.0,0.0,,regular,960.0,RULE+TAPE,,True
20230714,4,REG,post2014,120.0,960.0,0.0,,regular,960.0,RULE+TAPE,,True
20230717,0,REG,post2014,120.0,960.0,0.0,,regular,960.0,RULE+TAPE,,True
20230718,1,REG,post2014,120.0,960.0,0.0,,regular,960.0,RULE+TAPE,,True
20230719,2,REG,post2014,120.0,960.0,0.0,,regular,960.0,RULE+TAPE,,True
20230720,3,REG,post2014,120.0,960.0,0.0,,regular,960.0,RULE+TAPE,,True
20230721,4,REG,post2014,120.0,960.0,0.0,,regular,960.0,RULE+TAPE,,True
20230724,0,REG,post2014,120.0,960.0,0.0,,regular,960.0,RULE+TAPE,,True
20230725,1,REG,post2014,120.0,960.0,0.0,,regular,960.0,RULE+TAPE,,True
20230726,2,REG,post2014,120.0,960.0,0.0,,regular,960.0,RULE+TAPE,,True
20230727,3,REG,post2014,120.0,960.0,0.0,,regular,960.0,RULE+TAPE,,True
20230728,4,REG,post2014,120.0,960.0,0.0,,regular,960.0,RULE+TAPE,,True
20230731,0,REG,post2014,120.0,960.0,0.0,,regular,960.0,RULE+TAPE,,True
20230801,1,REG,post2014,120.0,960.0,0.0,,regular,960.0,RULE+TAPE,,True
20230802,2,REG,post2014,120.0,960.0,0.0,,regular,960.0,RULE+TAPE,,True
20230803,3,REG,post2014,120.0,960.0,0.0,,regular,960.0,RULE+TAPE,,True
20230804,4,REG,post2014,120.0,960.0,0.0,,regular,960.0,RULE+TAPE,,True
20230807,0,REG,post2014,120.0,960.0,0.0,,regular,960.0,RULE+TAPE,,True
20230808,1,REG,post2014,120.0,960.0,0.0,,regular,960.0,RULE+TAPE,,True
20230809,2,REG,post2014,120.0,960.0,0.0,,regular,960.0,RULE+TAPE,,True
20230810,3,REG,post2014,120.0,960.0,0.0,,regular,960.0,RULE+TAPE,,True
20230811,4,REG,post2014,120.0,960.0,0.0,,regular,960.0,RULE+TAPE,,True
20230814,0,REG,post2014,120.0,960.0,0.0,,regular,960.0,RULE+TAPE,,True
20230815,1,REG,post2014,120.0,960.0,0.0,,regular,960.0,RULE+TAPE,,True
20230816,2,REG,post2014,120.0,960.0,0.0,,regular,960.0,RULE+TAPE,,True
20230817,3,REG,post2014,120.0,960.0,0.0,,regular,960.0,RULE+TAPE,,True
20230818,4,REG,post2014,120.0,960.0,0.0,,regular,960.0,RULE+TAPE,,True
20230821,0,REG,post2014,120.0,960.0,0.0,,regular,960.0,RULE+TAPE,,True
20230822,1,REG,post2014,120.0,960.0,0.0,,regular,960.0,RULE+TAPE,,True
20230823,2,REG,post2014,120.0,960.0,0.0,,regular,960.0,RULE+TAPE,,True
20230824,3,REG,post2014,120.0,960.0,0.0,,regular,960.0,RULE+TAPE,,True
20230825,4,REG,post2014,120.0,960.0,0.0,,regular,960.0,RULE+TAPE,,True
20230828,0,REG,post2014,120.0,960.0,0.0,,regular,960.0,RULE+TAPE,,True
20230829,1,REG,post2014,120.0,960.0,0.0,,regular,960.0,RULE+TAPE,,True
20230830,2,REG,post2014,120.0,960.0,0.0,,regular,960.0,RULE+TAPE,,True
20230831,3,REG,post2014,120.0,960.0,0.0,,regular,960.0,RULE+TAPE,,True
20230901,4,REG,post2014,120.0,960.0,0.0,,regular,960.0,RULE+TAPE,,True
20230904,0,HOL,post2014,120.0,780.0,0.0,,short,780.0,RULE+TAPE,,True
20230905,1,REG,post2014,120.0,960.0,0.0,,regular,960.0,RULE+TAPE,,True
20230906,2,REG,post2014,120.0,960.0,0.0,,regular,960.0,RULE+TAPE,,True
20230907,3,REG,post2014,120.0,960.0,0.0,,regular,960.0,RULE+TAPE,,True
20230908,4,REG,post2014,120.0,960.0,0.0,,regular,960.0,RULE+TAPE,,True
20230911,0,REG,post2014,120.0,960.0,0.0,,regular,960.0,RULE+TAPE,,True
20230912,1,REG,post2014,120.0,960.0,0.0,,regular,960.0,RULE+TAPE,,True
20230913,2,REG,post2014,120.0,960.0,0.0,,regular,960.0,RULE+TAPE,,True
20230914,3,REG,post2014,120.0,960.0,0.0,,regular,960.0,RULE+TAPE,,True
20230915,4,REG,post2014,120.0,960.0,0.0,,regular,960.0,RULE+TAPE,,True
20230918,0,REG,post2014,120.0,960.0,0.0,,regular,960.0,RULE+TAPE,,True
20230919,1,REG,post2014,120.0,960.0,0.0,,regular,960.0,RULE+TAPE,,True
20230920,2,REG,post2014,120.0,960.0,0.0,,regular,960.0,RULE+TAPE,,True
20230921,3,REG,post2014,120.0,960.0,0.0,,regular,960.0,RULE+TAPE,,True
20230922,4,REG,post2014,120.0,960.0,0.0,,regular,960.0,RULE+TAPE,,True
20230925,0,REG,post2014,120.0,960.0,0.0,,regular,960.0,RULE+TAPE,,True
20230926,1,REG,post2014,120.0,960.0,0.0,,regular,960.0,RULE+TAPE,,True
20230927,2,REG,post2014,120.0,960.0,0.0,,regular,960.0,RULE+TAPE,,True
20230928,3,REG,post2014,120.0,960.0,0.0,,regular,960.0,RULE+TAPE,,True
20230929,4,REG,post2014,120.0,960.0,0.0,,regular,960.0,RULE+TAPE,,True
20231002,0,REG,post2014,120.0,960.0,0.0,,regular,960.0,RULE+TAPE,,True
20231003,1,REG,post2014,120.0,960.0,0.0,,regular,960.0,RULE+TAPE,,True
20231004,2,REG,post2014,120.0,960.0,0.0,,regular,960.0,RULE+TAPE,,True
20231005,3,REG,post2014,120.0,960.0,0.0,,regular,960.0,RULE+TAPE,,True
20231006,4,REG,post2014,120.0,960.0,0.0,,regular,960.0,RULE+TAPE,,True
20231009,0,REG,post2014,120.0,960.0,0.0,,regular,960.0,RULE+TAPE,,True
20231010,1,REG,post2014,120.0,960.0,0.0,,regular,960.0,RULE+TAPE,,True
20231011,2,REG,post2014,120.0,960.0,0.0,,regular,960.0,RULE+TAPE,,True
20231012,3,REG,post2014,120.0,960.0,0.0,,regular,960.0,RULE+TAPE,,True
20231013,4,REG,post2014,120.0,960.0,0.0,,regular,960.0,RULE+TAPE,,True
20231016,0,REG,post2014,120.0,960.0,0.0,,regular,960.0,RULE+TAPE,,True
20231017,1,REG,post2014,120.0,960.0,0.0,,regular,960.0,RULE+TAPE,,True
20231018,2,REG,post2014,120.0,960.0,0.0,,regular,960.0,RULE+TAPE,,True
20231019,3,REG,post2014,120.0,960.0,0.0,,regular,960.0,RULE+TAPE,,True
20231020,4,REG,post2014,120.0,960.0,0.0,,regular,960.0,RULE+TAPE,,True
20231023,0,REG,post2014,120.0,960.0,0.0,,regular,960.0,RULE+TAPE,,True
20231024,1,REG,post2014,120.0,960.0,0.0,,regular,960.0,RULE+TAPE,,True
20231025,2,REG,post2014,120.0,960.0,0.0,,regular,960.0,RULE+TAPE,,True
20231026,3,REG,post2014,120.0,960.0,0.0,,regular,960.0,RULE+TAPE,,True
20231027,4,REG,post2014,120.0,960.0,0.0,,regular,960.0,RULE+TAPE,,True
20231030,0,REG,post2014,120.0,960.0,0.0,,regular,960.0,RULE+TAPE,,True
20231031,1,REG,post2014,120.0,960.0,0.0,,regular,960.0,RULE+TAPE,,True
20231101,2,REG,post2014,120.0,960.0,0.0,,regular,960.0,RULE+TAPE,,True
20231102,3,REG,post2014,120.0,960.0,0.0,,regular,960.0,RULE+TAPE,,True
20231103,4,REG,post2014,120.0,960.0,0.0,,regular,960.0,RULE+TAPE,,True
20231106,0,REG,post2014,120.0,960.0,0.0,,regular,960.0,RULE+TAPE,,True
20231107,1,REG,post2014,120.0,960.0,0.0,,regular,960.0,RULE+TAPE,,True
20231108,2,REG,post2014,120.0,960.0,0.0,,regular,960.0,RULE+TAPE,,True
20231109,3,REG,post2014,120.0,960.0,0.0,,regular,960.0,RULE+TAPE,,True
20231110,4,REG,post2014,120.0,960.0,0.0,,regular,960.0,RULE+TAPE,,True
20231113,0,REG,post2014,120.0,960.0,0.0,,regular,960.0,RULE+TAPE,,True
20231114,1,REG,post2014,120.0,960.0,0.0,,regular,960.0,RULE+TAPE,,True
20231115,2,REG,post2014,120.0,960.0,0.0,,regular,960.0,RULE+TAPE,,True
20231116,3,REG,post2014,120.0,960.0,0.0,,regular,960.0,RULE+TAPE,,True
20231117,4,REG,post2014,120.0,960.0,0.0,,regular,960.0,RULE+TAPE,,True
20231120,0,REG,post2014,120.0,960.0,0.0,,regular,960.0,RULE+TAPE,,True
20231121,1,REG,post2014,120.0,960.0,0.0,,regular,960.0,RULE+TAPE,,True
20231122,2,REG,post2014,120.0,960.0,0.0,,regular,960.0,RULE+TAPE,,True
20231123,3,HOL,post2014,120.0,780.0,0.0,,short,780.0,RULE+TAPE,,True
20231124,4,EVE,post2014,120.0,795.0,0.0,,short,795.0,RULE+TAPE,,True
20231127,0,REG,post2014,120.0,960.0,0.0,,regular,960.0,RULE+TAPE,,True
20231128,1,REG,post2014,120.0,960.0,0.0,,regular,960.0,RULE+TAPE,,True
20231129,2,REG,post2014,120.0,960.0,0.0,,regular,960.0,RULE+TAPE,,True
20231130,3,REG,post2014,120.0,960.0,0.0,,regular,960.0,RULE+TAPE,,True
20231201,4,REG,post2014,120.0,960.0,0.0,,regular,960.0,RULE+TAPE,,True
20231204,0,REG,post2014,120.0,960.0,0.0,,regular,960.0,RULE+TAPE,,True
20231205,1,REG,post2014,120.0,960.0,0.0,,regular,960.0,RULE+TAPE,,True
20231206,2,REG,post2014,120.0,960.0,0.0,,regular,960.0,RULE+TAPE,,True
20231207,3,REG,post2014,120.0,960.0,0.0,,regular,960.0,RULE+TAPE,,True
20231208,4,REG,post2014,120.0,960.0,0.0,,regular,960.0,RULE+TAPE,,True
20231211,0,REG,post2014,120.0,960.0,0.0,,regular,960.0,RULE+TAPE,,True
20231212,1,REG,post2014,120.0,960.0,0.0,,regular,960.0,RULE+TAPE,,True
20231213,2,REG,post2014,120.0,960.0,0.0,,regular,960.0,RULE+TAPE,,True
20231214,3,REG,post2014,120.0,960.0,0.0,,regular,960.0,RULE+TAPE,,True
20231215,4,REG,post2014,120.0,960.0,0.0,,regular,960.0,RULE+TAPE,,True
20231218,0,REG,post2014,120.0,960.0,0.0,,regular,960.0,RULE+TAPE,,True
20231219,1,REG,post2014,120.0,960.0,0.0,,regular,960.0,RULE+TAPE,,True
20231220,2,REG,post2014,120.0,960.0,0.0,,regular,960.0,RULE+TAPE,,True
20231221,3,REG,post2014,120.0,960.0,0.0,,regular,960.0,RULE+TAPE,,True
20231222,4,REG,post2014,120.0,960.0,0.0,,regular,960.0,RULE+TAPE,,True
20231225,0,XMAS,post2014,,,,,closed,,RULE+TAPE,,False
20231226,1,REG,post2014,120.0,960.0,0.0,,regular,960.0,RULE+TAPE,,True
20231227,2,REG,post2014,120.0,960.0,0.0,,regular,960.0,RULE+TAPE,,True
20231228,3,REG,post2014,120.0,960.0,0.0,,regular,960.0,RULE+TAPE,,True
20231229,4,REG,post2014,120.0,960.0,0.0,,regular,960.0,RULE+TAPE,,True
20240101,0,NEWYEAR,post2014,,,,,closed,,RULE+TAPE,,False
20240102,1,REG,post2014,120.0,960.0,0.0,,regular,960.0,RULE+TAPE,,True
20240103,2,REG,post2014,120.0,960.0,0.0,,regular,960.0,RULE+TAPE,,True
20240104,3,REG,post2014,120.0,960.0,0.0,,regular,960.0,RULE+TAPE,,True
20240105,4,REG,post2014,120.0,960.0,0.0,,regular,960.0,RULE+TAPE,,True
20240108,0,REG,post2014,120.0,960.0,0.0,,regular,960.0,RULE+TAPE,,True
20240109,1,REG,post2014,120.0,960.0,0.0,,regular,960.0,RULE+TAPE,,True
20240110,2,REG,post2014,120.0,960.0,0.0,,regular,960.0,RULE+TAPE,,True
20240111,3,REG,post2014,120.0,960.0,0.0,,regular,960.0,RULE+TAPE,,True
20240112,4,REG,post2014,120.0,960.0,0.0,,regular,960.0,RULE+TAPE,,True
20240115,0,HOL,post2014,120.0,780.0,0.0,,short,780.0,RULE+TAPE,,True
20240116,1,REG,post2014,120.0,960.0,0.0,,regular,960.0,RULE+TAPE,,True
20240117,2,REG,post2014,120.0,960.0,0.0,,regular,960.0,RULE+TAPE,,True
20240118,3,REG,post2014,120.0,960.0,0.0,,regular,960.0,RULE+TAPE,,True
20240119,4,REG,post2014,120.0,960.0,0.0,,regular,960.0,RULE+TAPE,,True
20240122,0,REG,post2014,120.0,960.0,0.0,,regular,960.0,RULE+TAPE,,True
20240123,1,REG,post2014,120.0,960.0,0.0,,regular,960.0,RULE+TAPE,,True
20240124,2,REG,post2014,120.0,960.0,0.0,,regular,960.0,RULE+TAPE,,True
20240125,3,REG,post2014,120.0,960.0,0.0,,regular,960.0,RULE+TAPE,,True
20240126,4,REG,post2014,120.0,960.0,0.0,,regular,960.0,RULE+TAPE,,True
20240129,0,REG,post2014,120.0,960.0,0.0,,regular,960.0,RULE+TAPE,,True
20240130,1,REG,post2014,120.0,960.0,0.0,,regular,960.0,RULE+TAPE,,True
20240131,2,REG,post2014,120.0,960.0,0.0,,regular,960.0,RULE+TAPE,,True
20240201,3,REG,post2014,120.0,960.0,0.0,,regular,960.0,RULE+TAPE,,True
20240202,4,REG,post2014,120.0,960.0,0.0,,regular,960.0,RULE+TAPE,,True
20240205,0,REG,post2014,120.0,960.0,0.0,,regular,960.0,RULE+TAPE,,True
20240206,1,REG,post2014,120.0,960.0,0.0,,regular,960.0,RULE+TAPE,,True
20240207,2,REG,post2014,120.0,960.0,0.0,,regular,960.0,RULE+TAPE,,True
20240208,3,REG,post2014,120.0,960.0,0.0,,regular,960.0,RULE+TAPE,,True
20240209,4,REG,post2014,120.0,960.0,0.0,,regular,960.0,RULE+TAPE,,True
20240212,0,REG,post2014,120.0,960.0,0.0,,regular,960.0,RULE+TAPE,,True
20240213,1,REG,post2014,120.0,960.0,0.0,,regular,960.0,RULE+TAPE,,True
20240214,2,REG,post2014,120.0,960.0,0.0,,regular,960.0,RULE+TAPE,,True
20240215,3,REG,post2014,120.0,960.0,0.0,,regular,960.0,RULE+TAPE,,True
20240216,4,REG,post2014,120.0,960.0,0.0,,regular,960.0,RULE+TAPE,,True
20240219,0,HOL,post2014,120.0,780.0,0.0,,short,780.0,RULE+TAPE,,True
20240220,1,REG,post2014,120.0,960.0,0.0,,regular,960.0,RULE+TAPE,,True
20240221,2,REG,post2014,120.0,960.0,0.0,,regular,960.0,RULE+TAPE,,True
20240222,3,REG,post2014,120.0,960.0,0.0,,regular,960.0,RULE+TAPE,,True
20240223,4,REG,post2014,120.0,960.0,0.0,,regular,960.0,RULE+TAPE,,True
20240226,0,REG,post2014,120.0,960.0,0.0,,regular,960.0,RULE+TAPE,,True
20240227,1,REG,post2014,120.0,960.0,0.0,,regular,960.0,RULE+TAPE,,True
20240228,2,REG,post2014,120.0,960.0,0.0,,regular,960.0,RULE+TAPE,,True
20240229,3,REG,post2014,120.0,960.0,0.0,,regular,960.0,RULE+TAPE,,True
20240301,4,REG,post2014,120.0,960.0,0.0,,regular,960.0,RULE+TAPE,,True
20240304,0,REG,post2014,120.0,960.0,0.0,,regular,960.0,RULE+TAPE,,True
20240305,1,REG,post2014,120.0,960.0,0.0,,regular,960.0,RULE+TAPE,,True
20240306,2,REG,post2014,120.0,960.0,0.0,,regular,960.0,RULE+TAPE,,True
20240307,3,REG,post2014,120.0,960.0,0.0,,regular,960.0,RULE+TAPE,,True
20240308,4,REG,post2014,120.0,960.0,0.0,,regular,960.0,RULE+TAPE,,True
20240311,0,REG,post2014,120.0,960.0,0.0,,regular,960.0,RULE+TAPE,,True
20240312,1,REG,post2014,120.0,960.0,0.0,,regular,960.0,RULE+TAPE,,True
20240313,2,REG,post2014,120.0,960.0,0.0,,regular,960.0,RULE+TAPE,,True
20240314,3,REG,post2014,120.0,960.0,0.0,,regular,960.0,RULE+TAPE,,True
20240315,4,REG,post2014,120.0,960.0,0.0,,regular,960.0,RULE+TAPE,,True
20240318,0,REG,post2014,120.0,960.0,0.0,,regular,960.0,RULE+TAPE,,True
20240319,1,REG,post2014,120.0,960.0,0.0,,regular,960.0,RULE+TAPE,,True
20240320,2,REG,post2014,120.0,960.0,0.0,,regular,960.0,RULE+TAPE,,True
20240321,3,REG,post2014,120.0,960.0,0.0,,regular,960.0,RULE+TAPE,,True
20240322,4,REG,post2014,120.0,960.0,0.0,,regular,960.0,RULE+TAPE,,True
20240325,0,REG,post2014,120.0,960.0,0.0,,regular,960.0,RULE+TAPE,,True
20240326,1,REG,post2014,120.0,960.0,0.0,,regular,960.0,RULE+TAPE,,True
20240327,2,REG,post2014,120.0,960.0,0.0,,regular,960.0,RULE+TAPE,,True
20240328,3,REG,post2014,120.0,960.0,0.0,,regular,960.0,RULE+TAPE,,True
20240329,4,GOODFRI,post2014,,,,,closed,,RULE+TAPE,,False
20240401,0,REG,post2014,120.0,960.0,0.0,,regular,960.0,RULE+TAPE,,True
20240402,1,REG,post2014,120.0,960.0,0.0,,regular,960.0,RULE+TAPE,,True
20240403,2,REG,post2014,120.0,960.0,0.0,,regular,960.0,RULE+TAPE,,True
20240404,3,REG,post2014,120.0,960.0,0.0,,regular,960.0,RULE+TAPE,,True
20240405,4,REG,post2014,120.0,960.0,0.0,,regular,960.0,RULE+TAPE,,True
20240408,0,REG,post2014,120.0,960.0,0.0,,regular,960.0,RULE+TAPE,,True
20240409,1,REG,post2014,120.0,960.0,0.0,,regular,960.0,RULE+TAPE,,True
20240410,2,REG,post2014,120.0,960.0,0.0,,regular,960.0,RULE+TAPE,,True
20240411,3,REG,post2014,120.0,960.0,0.0,,regular,960.0,RULE+TAPE,,True
20240412,4,REG,post2014,120.0,960.0,0.0,,regular,960.0,RULE+TAPE,,True
20240415,0,REG,post2014,120.0,960.0,0.0,,regular,960.0,RULE+TAPE,,True
20240416,1,REG,post2014,120.0,960.0,0.0,,regular,960.0,RULE+TAPE,,True
20240417,2,REG,post2014,120.0,960.0,0.0,,regular,960.0,RULE+TAPE,,True
20240418,3,REG,post2014,120.0,960.0,0.0,,regular,960.0,RULE+TAPE,,True
20240419,4,REG,post2014,120.0,960.0,0.0,,regular,960.0,RULE+TAPE,,True
20240422,0,REG,post2014,120.0,960.0,0.0,,regular,960.0,RULE+TAPE,,True
20240423,1,REG,post2014,120.0,960.0,0.0,,regular,960.0,RULE+TAPE,,True
20240424,2,REG,post2014,120.0,960.0,0.0,,regular,960.0,RULE+TAPE,,True
20240425,3,REG,post2014,120.0,960.0,0.0,,regular,960.0,RULE+TAPE,,True
20240426,4,REG,post2014,120.0,960.0,0.0,,regular,960.0,RULE+TAPE,,True
20240429,0,REG,post2014,120.0,960.0,0.0,,regular,960.0,RULE+TAPE,,True
20240430,1,REG,post2014,120.0,960.0,0.0,,regular,960.0,RULE+TAPE,,True
20240501,2,REG,post2014,120.0,960.0,0.0,,regular,960.0,RULE+TAPE,,True
20240502,3,REG,post2014,120.0,960.0,0.0,,regular,960.0,RULE+TAPE,,True
20240503,4,REG,post2014,120.0,960.0,0.0,,regular,960.0,RULE+TAPE,,True
20240506,0,REG,post2014,120.0,960.0,0.0,,regular,960.0,RULE+TAPE,,True
20240507,1,REG,post2014,120.0,960.0,0.0,,regular,960.0,RULE+TAPE,,True
20240508,2,REG,post2014,120.0,960.0,0.0,,regular,960.0,RULE+TAPE,,True
20240509,3,REG,post2014,120.0,960.0,0.0,,regular,960.0,RULE+TAPE,,True
20240510,4,REG,post2014,120.0,960.0,0.0,,regular,960.0,RULE+TAPE,,True
20240513,0,REG,post2014,120.0,960.0,0.0,,regular,960.0,RULE+TAPE,,True
20240514,1,REG,post2014,120.0,960.0,0.0,,regular,960.0,RULE+TAPE,,True
20240515,2,REG,post2014,120.0,960.0,0.0,,regular,960.0,RULE+TAPE,,True
20240516,3,REG,post2014,120.0,960.0,0.0,,regular,960.0,RULE+TAPE,,True
20240517,4,REG,post2014,120.0,960.0,0.0,,regular,960.0,RULE+TAPE,,True
20240520,0,REG,post2014,120.0,960.0,0.0,,regular,960.0,RULE+TAPE,,True
20240521,1,REG,post2014,120.0,960.0,0.0,,regular,960.0,RULE+TAPE,,True
20240522,2,REG,post2014,120.0,960.0,0.0,,regular,960.0,RULE+TAPE,,True
20240523,3,REG,post2014,120.0,960.0,0.0,,regular,960.0,RULE+TAPE,,True
20240524,4,REG,post2014,120.0,960.0,0.0,,regular,960.0,RULE+TAPE,,True
20240527,0,HOL,post2014,120.0,780.0,0.0,,short,780.0,RULE+TAPE,,True
20240528,1,REG,post2014,120.0,960.0,0.0,,regular,960.0,RULE+TAPE,,True
20240529,2,REG,post2014,120.0,960.0,0.0,,regular,960.0,RULE+TAPE,,True
20240530,3,REG,post2014,120.0,960.0,0.0,,regular,960.0,RULE+TAPE,,True
20240531,4,REG,post2014,120.0,960.0,0.0,,regular,960.0,RULE+TAPE,,True
20240603,0,REG,post2014,120.0,960.0,0.0,,regular,960.0,RULE+TAPE,,True
20240604,1,REG,post2014,120.0,960.0,0.0,,regular,960.0,RULE+TAPE,,True
20240605,2,REG,post2014,120.0,960.0,0.0,,regular,960.0,RULE+TAPE,,True
20240606,3,REG,post2014,120.0,960.0,0.0,,regular,960.0,RULE+TAPE,,True
20240607,4,REG,post2014,120.0,960.0,0.0,,regular,960.0,RULE+TAPE,,True
20240610,0,REG,post2014,120.0,960.0,0.0,,regular,960.0,RULE+TAPE,,True
20240611,1,REG,post2014,120.0,960.0,0.0,,regular,960.0,RULE+TAPE,,True
20240612,2,REG,post2014,120.0,960.0,0.0,,regular,960.0,RULE+TAPE,,True
20240613,3,REG,post2014,120.0,960.0,0.0,,regular,960.0,RULE+TAPE,,True
20240614,4,REG,post2014,120.0,960.0,0.0,,regular,960.0,RULE+TAPE,,True
20240617,0,REG,post2014,120.0,960.0,0.0,,regular,960.0,RULE+TAPE,,True
20240618,1,REG,post2014,120.0,960.0,0.0,,regular,960.0,RULE+TAPE,,True
20240619,2,HOL,post2014,120.0,780.0,0.0,,short,780.0,RULE+TAPE,,True
20240620,3,REG,post2014,120.0,960.0,0.0,,regular,960.0,RULE+TAPE,,True
20240621,4,REG,post2014,120.0,960.0,0.0,,regular,960.0,RULE+TAPE,,True
20240624,0,REG,post2014,120.0,960.0,0.0,,regular,960.0,RULE+TAPE,,True
20240625,1,REG,post2014,120.0,960.0,0.0,,regular,960.0,RULE+TAPE,,True
20240626,2,REG,post2014,120.0,960.0,0.0,,regular,960.0,RULE+TAPE,,True
20240627,3,REG,post2014,120.0,960.0,0.0,,regular,960.0,RULE+TAPE,,True
20240628,4,REG,post2014,120.0,960.0,0.0,,regular,960.0,RULE+TAPE,,True
20240701,0,REG,post2014,120.0,960.0,0.0,,regular,960.0,RULE+TAPE,,True
20240702,1,REG,post2014,120.0,960.0,0.0,,regular,960.0,RULE+TAPE,,True
20240703,2,EVE,post2014,120.0,795.0,0.0,,short,795.0,RULE+TAPE,,True
20240704,3,HOL,post2014,120.0,780.0,0.0,,short,780.0,RULE+TAPE,,True
20240705,4,REG,post2014,120.0,960.0,0.0,,regular,960.0,RULE+TAPE,,True
20240708,0,REG,post2014,120.0,960.0,0.0,,regular,960.0,RULE+TAPE,,True
20240709,1,REG,post2014,120.0,960.0,0.0,,regular,960.0,RULE+TAPE,,True
20240710,2,REG,post2014,120.0,960.0,0.0,,regular,960.0,RULE+TAPE,,True
20240711,3,REG,post2014,120.0,960.0,0.0,,regular,960.0,RULE+TAPE,,True
20240712,4,REG,post2014,120.0,960.0,0.0,,regular,960.0,RULE+TAPE,,True
20240715,0,REG,post2014,120.0,960.0,0.0,,regular,960.0,RULE+TAPE,,True
20240716,1,REG,post2014,120.0,960.0,0.0,,regular,960.0,RULE+TAPE,,True
20240717,2,REG,post2014,120.0,960.0,0.0,,regular,960.0,RULE+TAPE,,True
20240718,3,REG,post2014,120.0,960.0,0.0,,regular,960.0,RULE+TAPE,,True
20240719,4,REG,post2014,120.0,960.0,10.0,,regular,960.0,RULE+TAPE,10 missing minutes,False
20240722,0,REG,post2014,120.0,960.0,0.0,,regular,960.0,RULE+TAPE,,True
20240723,1,REG,post2014,120.0,960.0,0.0,,regular,960.0,RULE+TAPE,,True
20240724,2,REG,post2014,120.0,960.0,0.0,,regular,960.0,RULE+TAPE,,True
20240725,3,REG,post2014,120.0,960.0,5.0,,regular,960.0,RULE+TAPE,5 missing minutes,False
20240726,4,REG,post2014,120.0,960.0,0.0,,regular,960.0,RULE+TAPE,,True
20240729,0,REG,post2014,120.0,960.0,0.0,,regular,960.0,RULE+TAPE,,True
20240730,1,REG,post2014,120.0,960.0,0.0,,regular,960.0,RULE+TAPE,,True
20240731,2,REG,post2014,120.0,960.0,0.0,,regular,960.0,RULE+TAPE,,True
20240801,3,REG,post2014,120.0,960.0,0.0,,regular,960.0,RULE+TAPE,,True
20240802,4,REG,post2014,120.0,960.0,8.0,,regular,960.0,RULE+TAPE,8 missing minutes,False
20240805,0,REG,post2014,120.0,960.0,2.0,,regular,960.0,RULE+TAPE,2 missing minutes,False
20240806,1,REG,post2014,120.0,960.0,0.0,,regular,960.0,RULE+TAPE,,True
20240807,2,REG,post2014,120.0,960.0,0.0,,regular,960.0,RULE+TAPE,,True
20240808,3,REG,post2014,120.0,960.0,0.0,,regular,960.0,RULE+TAPE,,True
20240809,4,REG,post2014,120.0,960.0,0.0,,regular,960.0,RULE+TAPE,,True
20240812,0,REG,post2014,120.0,960.0,0.0,,regular,960.0,RULE+TAPE,,True
20240813,1,REG,post2014,120.0,960.0,0.0,,regular,960.0,RULE+TAPE,,True
20240814,2,REG,post2014,120.0,960.0,0.0,,regular,960.0,RULE+TAPE,,True
20240815,3,REG,post2014,120.0,960.0,0.0,,regular,960.0,RULE+TAPE,,True
20240816,4,REG,post2014,120.0,960.0,0.0,,regular,960.0,RULE+TAPE,,True
20240819,0,REG,post2014,120.0,960.0,0.0,,regular,960.0,RULE+TAPE,,True
20240820,1,REG,post2014,120.0,960.0,0.0,,regular,960.0,RULE+TAPE,,True
20240821,2,REG,post2014,120.0,960.0,0.0,,regular,960.0,RULE+TAPE,,True
20240822,3,REG,post2014,120.0,960.0,0.0,,regular,960.0,RULE+TAPE,,True
20240823,4,REG,post2014,120.0,960.0,0.0,,regular,960.0,RULE+TAPE,,True
20240826,0,REG,post2014,120.0,960.0,0.0,,regular,960.0,RULE+TAPE,,True
20240827,1,REG,post2014,120.0,960.0,0.0,,regular,960.0,RULE+TAPE,,True
20240828,2,REG,post2014,120.0,960.0,0.0,,regular,960.0,RULE+TAPE,,True
20240829,3,REG,post2014,120.0,960.0,0.0,,regular,960.0,RULE+TAPE,,True
20240830,4,REG,post2014,120.0,960.0,0.0,,regular,960.0,RULE+TAPE,,True
20240902,0,HOL,post2014,120.0,780.0,0.0,,short,780.0,RULE+TAPE,,True
20240903,1,REG,post2014,120.0,960.0,0.0,,regular,960.0,RULE+TAPE,,True
20240904,2,REG,post2014,120.0,960.0,0.0,,regular,960.0,RULE+TAPE,,True
20240905,3,REG,post2014,120.0,960.0,0.0,,regular,960.0,RULE+TAPE,,True
20240906,4,REG,post2014,120.0,960.0,0.0,,regular,960.0,RULE+TAPE,,True
20240909,0,REG,post2014,120.0,960.0,0.0,,regular,960.0,RULE+TAPE,,True
20240910,1,REG,post2014,120.0,960.0,0.0,,regular,960.0,RULE+TAPE,,True
20240911,2,REG,post2014,120.0,960.0,0.0,,regular,960.0,RULE+TAPE,,True
20240912,3,REG,post2014,120.0,960.0,0.0,,regular,960.0,RULE+TAPE,,True
20240913,4,REG,post2014,120.0,960.0,0.0,,regular,960.0,RULE+TAPE,,True
20240916,0,REG,post2014,120.0,960.0,0.0,,regular,960.0,RULE+TAPE,,True
20240917,1,REG,post2014,120.0,960.0,0.0,,regular,960.0,RULE+TAPE,,True
20240918,2,REG,post2014,120.0,960.0,0.0,,regular,960.0,RULE+TAPE,,True
20240919,3,REG,post2014,120.0,960.0,3.0,,regular,960.0,RULE+TAPE,3 missing minutes,False
20240920,4,REG,post2014,120.0,960.0,0.0,,regular,960.0,RULE+TAPE,,True
20240923,0,REG,post2014,120.0,960.0,0.0,,regular,960.0,RULE+TAPE,,True
20240924,1,REG,post2014,120.0,960.0,0.0,,regular,960.0,RULE+TAPE,,True
20240925,2,REG,post2014,120.0,960.0,0.0,,regular,960.0,RULE+TAPE,,True
20240926,3,REG,post2014,120.0,960.0,0.0,,regular,960.0,RULE+TAPE,,True
20240927,4,REG,post2014,120.0,960.0,0.0,,regular,960.0,RULE+TAPE,,True
20240930,0,REG,post2014,120.0,960.0,0.0,,regular,960.0,RULE+TAPE,,True
20241001,1,REG,post2014,120.0,960.0,0.0,,regular,960.0,RULE+TAPE,,True
20241002,2,REG,post2014,120.0,960.0,0.0,,regular,960.0,RULE+TAPE,,True
20241003,3,REG,post2014,120.0,960.0,0.0,,regular,960.0,RULE+TAPE,,True
20241004,4,REG,post2014,120.0,960.0,0.0,,regular,960.0,RULE+TAPE,,True
20241007,0,REG,post2014,120.0,960.0,0.0,,regular,960.0,RULE+TAPE,,True
20241008,1,REG,post2014,120.0,960.0,0.0,,regular,960.0,RULE+TAPE,,True
20241009,2,REG,post2014,120.0,960.0,0.0,,regular,960.0,RULE+TAPE,,True
20241010,3,REG,post2014,120.0,960.0,0.0,,regular,960.0,RULE+TAPE,,True
20241011,4,REG,post2014,120.0,960.0,0.0,,regular,960.0,RULE+TAPE,,True
20241014,0,REG,post2014,120.0,960.0,0.0,,regular,960.0,RULE+TAPE,,True
20241015,1,REG,post2014,120.0,960.0,0.0,,regular,960.0,RULE+TAPE,,True
20241016,2,REG,post2014,120.0,960.0,0.0,,regular,960.0,RULE+TAPE,,True
20241017,3,REG,post2014,120.0,960.0,0.0,,regular,960.0,RULE+TAPE,,True
20241018,4,REG,post2014,120.0,960.0,0.0,,regular,960.0,RULE+TAPE,,True
20241021,0,REG,post2014,120.0,960.0,0.0,,regular,960.0,RULE+TAPE,,True
20241022,1,REG,post2014,120.0,960.0,0.0,,regular,960.0,RULE+TAPE,,True
20241023,2,REG,post2014,120.0,960.0,0.0,,regular,960.0,RULE+TAPE,,True
20241024,3,REG,post2014,120.0,960.0,0.0,,regular,960.0,RULE+TAPE,,True
20241025,4,REG,post2014,120.0,960.0,0.0,,regular,960.0,RULE+TAPE,,True
20241028,0,REG,post2014,120.0,960.0,0.0,,regular,960.0,RULE+TAPE,,True
20241029,1,REG,post2014,120.0,960.0,0.0,,regular,960.0,RULE+TAPE,,True
20241030,2,REG,post2014,120.0,960.0,0.0,,regular,960.0,RULE+TAPE,,True
20241031,3,REG,post2014,120.0,960.0,0.0,,regular,960.0,RULE+TAPE,,True
20241101,4,REG,post2014,120.0,960.0,0.0,,regular,960.0,RULE+TAPE,,True
20241104,0,REG,post2014,120.0,960.0,0.0,,regular,960.0,RULE+TAPE,,True
20241105,1,REG,post2014,120.0,960.0,0.0,,regular,960.0,RULE+TAPE,,True
20241106,2,REG,post2014,120.0,960.0,0.0,,regular,960.0,RULE+TAPE,,True
20241107,3,REG,post2014,120.0,960.0,0.0,,regular,960.0,RULE+TAPE,,True
20241108,4,REG,post2014,120.0,960.0,0.0,,regular,960.0,RULE+TAPE,,True
20241111,0,REG,post2014,120.0,960.0,0.0,,regular,960.0,RULE+TAPE,,True
20241112,1,REG,post2014,120.0,960.0,0.0,,regular,960.0,RULE+TAPE,,True
20241113,2,REG,post2014,120.0,960.0,0.0,,regular,960.0,RULE+TAPE,,True
20241114,3,REG,post2014,120.0,960.0,0.0,,regular,960.0,RULE+TAPE,,True
20241115,4,REG,post2014,120.0,960.0,0.0,,regular,960.0,RULE+TAPE,,True
20241118,0,REG,post2014,120.0,960.0,0.0,,regular,960.0,RULE+TAPE,,True
20241119,1,REG,post2014,120.0,960.0,0.0,,regular,960.0,RULE+TAPE,,True
20241120,2,REG,post2014,120.0,960.0,0.0,,regular,960.0,RULE+TAPE,,True
20241121,3,REG,post2014,120.0,960.0,0.0,,regular,960.0,RULE+TAPE,,True
20241122,4,REG,post2014,120.0,960.0,0.0,,regular,960.0,RULE+TAPE,,True
20241125,0,REG,post2014,120.0,960.0,1.0,,regular,960.0,RULE+TAPE,1 missing minutes,False
20241126,1,REG,post2014,120.0,960.0,0.0,,regular,960.0,RULE+TAPE,,True
20241127,2,REG,post2014,120.0,960.0,0.0,,regular,960.0,RULE+TAPE,,True
20241128,3,HOL,post2014,120.0,780.0,0.0,,short,780.0,RULE+TAPE,,True
20241129,4,EVE,post2014,120.0,795.0,0.0,,short,795.0,RULE+TAPE,,True
20241202,0,REG,post2014,120.0,960.0,0.0,,regular,960.0,RULE+TAPE,,True
20241203,1,REG,post2014,120.0,960.0,0.0,,regular,960.0,RULE+TAPE,,True
20241204,2,REG,post2014,120.0,960.0,0.0,,regular,960.0,RULE+TAPE,,True
20241205,3,REG,post2014,120.0,960.0,0.0,,regular,960.0,RULE+TAPE,,True
20241206,4,REG,post2014,120.0,960.0,0.0,,regular,960.0,RULE+TAPE,,True
20241209,0,REG,post2014,120.0,960.0,0.0,,regular,960.0,RULE+TAPE,,True
20241210,1,REG,post2014,120.0,960.0,0.0,,regular,960.0,RULE+TAPE,,True
20241211,2,REG,post2014,120.0,960.0,0.0,,regular,960.0,RULE+TAPE,,True
20241212,3,REG,post2014,120.0,960.0,0.0,,regular,960.0,RULE+TAPE,,True
20241213,4,REG,post2014,120.0,960.0,0.0,,regular,960.0,RULE+TAPE,,True
20241216,0,REG,post2014,120.0,960.0,1.0,,regular,960.0,RULE+TAPE,1 missing minutes,False
20241217,1,REG,post2014,120.0,960.0,0.0,,regular,960.0,RULE+TAPE,,True
20241218,2,REG,post2014,120.0,960.0,0.0,,regular,960.0,RULE+TAPE,,True
20241219,3,REG,post2014,120.0,960.0,0.0,,regular,960.0,RULE+TAPE,,True
20241220,4,REG,post2014,120.0,960.0,0.0,,regular,960.0,RULE+TAPE,,True
20241223,0,REG,post2014,120.0,960.0,0.0,,regular,960.0,RULE+TAPE,,True
20241224,1,EVE,post2014,120.0,795.0,0.0,,short,795.0,RULE+TAPE,,True
20241225,2,XMAS,post2014,,,,,closed,,RULE+TAPE,,False
20241226,3,REG,post2014,120.0,960.0,1.0,,regular,960.0,RULE+TAPE,1 missing minutes,False
20241227,4,REG,post2014,120.0,960.0,0.0,,regular,960.0,RULE+TAPE,,True
20241230,0,REG,post2014,120.0,960.0,0.0,,regular,960.0,RULE+TAPE,,True
20241231,1,REG,post2014,120.0,960.0,0.0,,regular,960.0,RULE+TAPE,,True
20250101,2,NEWYEAR,post2014,,,,,closed,,RULE+TAPE,,False
20250102,3,REG,post2014,120.0,960.0,0.0,,regular,960.0,RULE+TAPE,,True
20250103,4,REG,post2014,120.0,960.0,0.0,,regular,960.0,RULE+TAPE,,True
20250106,0,REG,post2014,120.0,960.0,0.0,,regular,960.0,RULE+TAPE,,True
20250107,1,REG,post2014,120.0,960.0,0.0,,regular,960.0,RULE+TAPE,,True
20250108,2,REG,post2014,120.0,960.0,0.0,,regular,960.0,RULE+TAPE,,True
20250109,3,REG,post2014,120.0,570.0,0.0,national day of mourning (Carter),special,570.0,TAPE_ONLY,national day of mourning (Carter),False
20250110,4,REG,post2014,120.0,960.0,0.0,,regular,960.0,RULE+TAPE,,True
20250113,0,REG,post2014,120.0,960.0,0.0,,regular,960.0,RULE+TAPE,,True
20250114,1,REG,post2014,120.0,960.0,0.0,,regular,960.0,RULE+TAPE,,True
20250115,2,REG,post2014,120.0,960.0,0.0,,regular,960.0,RULE+TAPE,,True
20250116,3,REG,post2014,120.0,960.0,0.0,,regular,960.0,RULE+TAPE,,True
20250117,4,REG,post2014,120.0,960.0,0.0,,regular,960.0,RULE+TAPE,,True
20250120,0,HOL,post2014,120.0,780.0,0.0,,short,780.0,RULE+TAPE,,True
20250121,1,REG,post2014,120.0,960.0,0.0,,regular,960.0,RULE+TAPE,,True
20250122,2,REG,post2014,120.0,960.0,0.0,,regular,960.0,RULE+TAPE,,True
20250123,3,REG,post2014,120.0,960.0,18.0,,regular,960.0,RULE+TAPE,18 missing minutes,False
20250124,4,REG,post2014,120.0,960.0,0.0,,regular,960.0,RULE+TAPE,,True
20250127,0,REG,post2014,120.0,960.0,0.0,,regular,960.0,RULE+TAPE,,True
20250128,1,REG,post2014,120.0,960.0,0.0,,regular,960.0,RULE+TAPE,,True
20250129,2,REG,post2014,120.0,960.0,0.0,,regular,960.0,RULE+TAPE,,True
20250130,3,REG,post2014,120.0,960.0,0.0,,regular,960.0,RULE+TAPE,,True
20250131,4,REG,post2014,120.0,960.0,0.0,,regular,960.0,RULE+TAPE,,True
20250203,0,REG,post2014,120.0,960.0,0.0,,regular,960.0,RULE+TAPE,,True
20250204,1,REG,post2014,120.0,960.0,0.0,,regular,960.0,RULE+TAPE,,True
20250205,2,REG,post2014,120.0,960.0,0.0,,regular,960.0,RULE+TAPE,,True
20250206,3,REG,post2014,120.0,960.0,0.0,,regular,960.0,RULE+TAPE,,True
20250207,4,REG,post2014,120.0,960.0,0.0,,regular,960.0,RULE+TAPE,,True
20250210,0,REG,post2014,120.0,960.0,0.0,,regular,960.0,RULE+TAPE,,True
20250211,1,REG,post2014,120.0,960.0,0.0,,regular,960.0,RULE+TAPE,,True
20250212,2,REG,post2014,120.0,960.0,0.0,,regular,960.0,RULE+TAPE,,True
20250213,3,REG,post2014,120.0,960.0,0.0,,regular,960.0,RULE+TAPE,,True
20250214,4,REG,post2014,120.0,960.0,0.0,,regular,960.0,RULE+TAPE,,True
20250217,0,HOL,post2014,120.0,780.0,0.0,,short,780.0,RULE+TAPE,,True
20250218,1,REG,post2014,120.0,960.0,0.0,,regular,960.0,RULE+TAPE,,True
20250219,2,REG,post2014,120.0,960.0,0.0,,regular,960.0,RULE+TAPE,,True
20250220,3,REG,post2014,120.0,960.0,0.0,,regular,960.0,RULE+TAPE,,True
20250221,4,REG,post2014,120.0,960.0,0.0,,regular,960.0,RULE+TAPE,,True
20250224,0,REG,post2014,120.0,960.0,0.0,,regular,960.0,RULE+TAPE,,True
20250225,1,REG,post2014,120.0,960.0,0.0,,regular,960.0,RULE+TAPE,,True
20250226,2,REG,post2014,120.0,960.0,0.0,,regular,960.0,RULE+TAPE,,True
20250227,3,REG,post2014,120.0,960.0,0.0,,regular,960.0,RULE+TAPE,,True
20250228,4,REG,post2014,120.0,960.0,0.0,,regular,960.0,RULE+TAPE,,True
20250303,0,REG,post2014,120.0,960.0,0.0,,regular,960.0,RULE+TAPE,,True
20250304,1,REG,post2014,120.0,960.0,0.0,,regular,960.0,RULE+TAPE,,True
20250305,2,REG,post2014,120.0,960.0,0.0,,regular,960.0,RULE+TAPE,,True
20250306,3,REG,post2014,120.0,960.0,0.0,,regular,960.0,RULE+TAPE,,True
20250307,4,REG,post2014,120.0,960.0,0.0,,regular,960.0,RULE+TAPE,,True
20250310,0,REG,post2014,120.0,960.0,0.0,,regular,960.0,RULE+TAPE,,True
20250311,1,REG,post2014,120.0,960.0,0.0,,regular,960.0,RULE+TAPE,,True
20250312,2,REG,post2014,120.0,960.0,0.0,,regular,960.0,RULE+TAPE,,True
20250313,3,REG,post2014,120.0,960.0,0.0,,regular,960.0,RULE+TAPE,,True
20250314,4,REG,post2014,120.0,960.0,0.0,,regular,960.0,RULE+TAPE,,True
20250317,0,REG,post2014,120.0,960.0,0.0,,regular,960.0,RULE+TAPE,,True
20250318,1,REG,post2014,120.0,960.0,0.0,,regular,960.0,RULE+TAPE,,True
20250319,2,REG,post2014,120.0,960.0,0.0,,regular,960.0,RULE+TAPE,,True
20250320,3,REG,post2014,120.0,960.0,0.0,,regular,960.0,RULE+TAPE,,True
20250321,4,REG,post2014,120.0,960.0,0.0,,regular,960.0,RULE+TAPE,,True
20250324,0,REG,post2014,120.0,960.0,0.0,,regular,960.0,RULE+TAPE,,True
20250325,1,REG,post2014,120.0,960.0,2.0,,regular,960.0,RULE+TAPE,2 missing minutes,False
20250326,2,REG,post2014,120.0,960.0,0.0,,regular,960.0,RULE+TAPE,,True
20250327,3,REG,post2014,120.0,960.0,0.0,,regular,960.0,RULE+TAPE,,True
20250328,4,REG,post2014,120.0,960.0,0.0,,regular,960.0,RULE+TAPE,,True
20250331,0,REG,post2014,120.0,960.0,0.0,,regular,960.0,RULE+TAPE,,True
20250401,1,REG,post2014,120.0,960.0,0.0,,regular,960.0,RULE+TAPE,,True
20250402,2,REG,post2014,120.0,960.0,0.0,,regular,960.0,RULE+TAPE,,True
20250403,3,REG,post2014,120.0,960.0,0.0,,regular,960.0,RULE+TAPE,,True
20250404,4,REG,post2014,120.0,960.0,0.0,,regular,960.0,RULE+TAPE,,True
20250407,0,REG,post2014,120.0,960.0,0.0,,regular,960.0,RULE+TAPE,,True
20250408,1,REG,post2014,120.0,960.0,0.0,,regular,960.0,RULE+TAPE,,True
20250409,2,REG,post2014,120.0,960.0,0.0,,regular,960.0,RULE+TAPE,,True
20250410,3,REG,post2014,120.0,960.0,0.0,,regular,960.0,RULE+TAPE,,True
20250411,4,REG,post2014,120.0,960.0,0.0,,regular,960.0,RULE+TAPE,,True
20250414,0,REG,post2014,120.0,960.0,0.0,,regular,960.0,RULE+TAPE,,True
20250415,1,REG,post2014,120.0,960.0,0.0,,regular,960.0,RULE+TAPE,,True
20250416,2,REG,post2014,120.0,960.0,0.0,,regular,960.0,RULE+TAPE,,True
20250417,3,REG,post2014,120.0,960.0,0.0,,regular,960.0,RULE+TAPE,,True
20250418,4,GOODFRI,post2014,,,,,closed,,RULE+TAPE,,False
20250421,0,REG,post2014,120.0,960.0,0.0,,regular,960.0,RULE+TAPE,,True
20250422,1,REG,post2014,120.0,960.0,0.0,,regular,960.0,RULE+TAPE,,True
20250423,2,REG,post2014,120.0,960.0,0.0,,regular,960.0,RULE+TAPE,,True
20250424,3,REG,post2014,120.0,960.0,0.0,,regular,960.0,RULE+TAPE,,True
20250425,4,REG,post2014,120.0,960.0,0.0,,regular,960.0,RULE+TAPE,,True
20250428,0,REG,post2014,120.0,960.0,0.0,,regular,960.0,RULE+TAPE,,True
20250429,1,REG,post2014,120.0,960.0,0.0,,regular,960.0,RULE+TAPE,,True
20250430,2,REG,post2014,120.0,960.0,0.0,,regular,960.0,RULE+TAPE,,True
20250501,3,REG,post2014,120.0,960.0,0.0,,regular,960.0,RULE+TAPE,,True
20250502,4,REG,post2014,120.0,960.0,0.0,,regular,960.0,RULE+TAPE,,True
20250505,0,REG,post2014,120.0,960.0,0.0,,regular,960.0,RULE+TAPE,,True
20250506,1,REG,post2014,120.0,960.0,0.0,,regular,960.0,RULE+TAPE,,True
20250507,2,REG,post2014,120.0,960.0,0.0,,regular,960.0,RULE+TAPE,,True
20250508,3,REG,post2014,120.0,960.0,0.0,,regular,960.0,RULE+TAPE,,True
20250509,4,REG,post2014,120.0,960.0,0.0,,regular,960.0,RULE+TAPE,,True
20250512,0,REG,post2014,120.0,960.0,0.0,,regular,960.0,RULE+TAPE,,True
20250513,1,REG,post2014,120.0,960.0,0.0,,regular,960.0,RULE+TAPE,,True
20250514,2,REG,post2014,120.0,960.0,0.0,,regular,960.0,RULE+TAPE,,True
20250515,3,REG,post2014,120.0,960.0,0.0,,regular,960.0,RULE+TAPE,,True
20250516,4,REG,post2014,120.0,960.0,0.0,,regular,960.0,RULE+TAPE,,True
20250519,0,REG,post2014,120.0,960.0,0.0,,regular,960.0,RULE+TAPE,,True
20250520,1,REG,post2014,120.0,960.0,0.0,,regular,960.0,RULE+TAPE,,True
20250521,2,REG,post2014,120.0,960.0,0.0,,regular,960.0,RULE+TAPE,,True
20250522,3,REG,post2014,120.0,960.0,0.0,,regular,960.0,RULE+TAPE,,True
20250523,4,REG,post2014,120.0,960.0,0.0,,regular,960.0,RULE+TAPE,,True
20250526,0,HOL,post2014,120.0,780.0,0.0,,short,780.0,RULE+TAPE,,True
20250527,1,REG,post2014,120.0,960.0,0.0,,regular,960.0,RULE+TAPE,,True
20250528,2,REG,post2014,120.0,960.0,0.0,,regular,960.0,RULE+TAPE,,True
20250529,3,REG,post2014,120.0,960.0,0.0,,regular,960.0,RULE+TAPE,,True
20250530,4,REG,post2014,120.0,960.0,0.0,,regular,960.0,RULE+TAPE,,True
20250602,0,REG,post2014,120.0,960.0,0.0,,regular,960.0,RULE+TAPE,,True
20250603,1,REG,post2014,120.0,960.0,0.0,,regular,960.0,RULE+TAPE,,True
20250604,2,REG,post2014,120.0,960.0,0.0,,regular,960.0,RULE+TAPE,,True
20250605,3,REG,post2014,120.0,960.0,0.0,,regular,960.0,RULE+TAPE,,True
20250606,4,REG,post2014,120.0,960.0,0.0,,regular,960.0,RULE+TAPE,,True
20250609,0,REG,post2014,120.0,960.0,0.0,,regular,960.0,RULE+TAPE,,True
20250610,1,REG,post2014,120.0,960.0,0.0,,regular,960.0,RULE+TAPE,,True
20250611,2,REG,post2014,120.0,960.0,0.0,,regular,960.0,RULE+TAPE,,True
20250612,3,REG,post2014,120.0,960.0,0.0,,regular,960.0,RULE+TAPE,,True
20250613,4,REG,post2014,120.0,960.0,0.0,,regular,960.0,RULE+TAPE,,True
20250616,0,REG,post2014,120.0,960.0,0.0,,regular,960.0,RULE+TAPE,,True
20250617,1,REG,post2014,120.0,960.0,0.0,,regular,960.0,RULE+TAPE,,True
20250618,2,REG,post2014,120.0,960.0,1.0,,regular,960.0,RULE+TAPE,1 missing minutes,False
20250619,3,HOL,post2014,120.0,780.0,0.0,,short,780.0,RULE+TAPE,,True
20250620,4,REG,post2014,120.0,960.0,0.0,,regular,960.0,RULE+TAPE,,True
20250623,0,REG,post2014,120.0,960.0,0.0,,regular,960.0,RULE+TAPE,,True
20250624,1,REG,post2014,120.0,960.0,0.0,,regular,960.0,RULE+TAPE,,True
20250625,2,REG,post2014,120.0,960.0,0.0,,regular,960.0,RULE+TAPE,,True
20250626,3,REG,post2014,120.0,960.0,1.0,,regular,960.0,RULE+TAPE,1 missing minutes,False
20250627,4,REG,post2014,120.0,960.0,0.0,,regular,960.0,RULE+TAPE,,True
20250630,0,REG,post2014,120.0,960.0,0.0,,regular,960.0,RULE+TAPE,,True
20250701,1,REG,post2014,120.0,960.0,0.0,,regular,960.0,RULE+TAPE,,True
20250702,2,REG,post2014,120.0,960.0,0.0,,regular,960.0,RULE+TAPE,,True
20250703,3,EVE,post2014,120.0,795.0,0.0,,short,795.0,RULE+TAPE,,True
20250704,4,HOL,post2014,120.0,780.0,0.0,,short,780.0,RULE+TAPE,,True
20250707,0,REG,post2014,120.0,960.0,0.0,,regular,960.0,RULE+TAPE,,True
20250708,1,REG,post2014,120.0,960.0,0.0,,regular,960.0,RULE+TAPE,,True
20250709,2,REG,post2014,120.0,960.0,0.0,,regular,960.0,RULE+TAPE,,True
20250710,3,REG,post2014,120.0,960.0,0.0,,regular,960.0,RULE+TAPE,,True
20250711,4,REG,post2014,120.0,960.0,0.0,,regular,960.0,RULE+TAPE,,True
20250714,0,REG,post2014,120.0,960.0,0.0,,regular,960.0,RULE+TAPE,,True
20250715,1,REG,post2014,120.0,960.0,0.0,,regular,960.0,RULE+TAPE,,True
20250716,2,REG,post2014,120.0,960.0,0.0,,regular,960.0,RULE+TAPE,,True
20250717,3,REG,post2014,120.0,960.0,0.0,,regular,960.0,RULE+TAPE,,True
20250718,4,REG,post2014,120.0,960.0,0.0,,regular,960.0,RULE+TAPE,,True
20250721,0,REG,post2014,,,,,unknown,,UNKNOWN,no bars in window,False
20250722,1,REG,post2014,,,,,unknown,,UNKNOWN,no bars in window,False
20250723,2,REG,post2014,,,,,unknown,,UNKNOWN,no bars in window,False
20250724,3,REG,post2014,120.0,960.0,0.0,,regular,960.0,RULE+TAPE,,True
20250725,4,REG,post2014,120.0,960.0,0.0,,regular,960.0,RULE+TAPE,,True
20250728,0,REG,post2014,120.0,960.0,0.0,,regular,960.0,RULE+TAPE,,True
20250729,1,REG,post2014,120.0,960.0,0.0,,regular,960.0,RULE+TAPE,,True
20250730,2,REG,post2014,120.0,960.0,0.0,,regular,960.0,RULE+TAPE,,True
20250731,3,REG,post2014,120.0,960.0,0.0,,regular,960.0,RULE+TAPE,,True
20250801,4,REG,post2014,120.0,960.0,0.0,,regular,960.0,RULE+TAPE,,True
20250804,0,REG,post2014,120.0,960.0,0.0,,regular,960.0,RULE+TAPE,,True
20250805,1,REG,post2014,120.0,960.0,0.0,,regular,960.0,RULE+TAPE,,True
20250806,2,REG,post2014,120.0,960.0,0.0,,regular,960.0,RULE+TAPE,,True
20250807,3,REG,post2014,120.0,960.0,0.0,,regular,960.0,RULE+TAPE,,True
20250808,4,REG,post2014,120.0,960.0,0.0,,regular,960.0,RULE+TAPE,,True
20250811,0,REG,post2014,120.0,960.0,0.0,,regular,960.0,RULE+TAPE,,True
20250812,1,REG,post2014,120.0,960.0,0.0,,regular,960.0,RULE+TAPE,,True
20250813,2,REG,post2014,120.0,960.0,0.0,,regular,960.0,RULE+TAPE,,True
20250814,3,REG,post2014,120.0,960.0,0.0,,regular,960.0,RULE+TAPE,,True
20250815,4,REG,post2014,120.0,960.0,0.0,,regular,960.0,RULE+TAPE,,True
20250818,0,REG,post2014,120.0,960.0,0.0,,regular,960.0,RULE+TAPE,,True
20250819,1,REG,post2014,120.0,960.0,0.0,,regular,960.0,RULE+TAPE,,True
20250820,2,REG,post2014,120.0,960.0,0.0,,regular,960.0,RULE+TAPE,,True
20250821,3,REG,post2014,120.0,960.0,0.0,,regular,960.0,RULE+TAPE,,True
20250822,4,REG,post2014,120.0,960.0,0.0,,regular,960.0,RULE+TAPE,,True
20250825,0,REG,post2014,120.0,960.0,0.0,,regular,960.0,RULE+TAPE,,True
20250826,1,REG,post2014,120.0,960.0,0.0,,regular,960.0,RULE+TAPE,,True
20250827,2,REG,post2014,120.0,960.0,0.0,,regular,960.0,RULE+TAPE,,True
20250828,3,REG,post2014,120.0,960.0,0.0,,regular,960.0,RULE+TAPE,,True
20250829,4,REG,post2014,120.0,960.0,0.0,,regular,960.0,RULE+TAPE,,True
20250901,0,HOL,post2014,120.0,780.0,0.0,,short,780.0,RULE+TAPE,,True
20250902,1,REG,post2014,120.0,960.0,0.0,,regular,960.0,RULE+TAPE,,True
20250903,2,REG,post2014,120.0,960.0,0.0,,regular,960.0,RULE+TAPE,,True
20250904,3,REG,post2014,120.0,960.0,0.0,,regular,960.0,RULE+TAPE,,True
20250905,4,REG,post2014,120.0,960.0,0.0,,regular,960.0,RULE+TAPE,,True
20250908,0,REG,post2014,120.0,960.0,0.0,,regular,960.0,RULE+TAPE,,True
20250909,1,REG,post2014,120.0,960.0,0.0,,regular,960.0,RULE+TAPE,,True
20250910,2,REG,post2014,120.0,960.0,0.0,,regular,960.0,RULE+TAPE,,True
20250911,3,REG,post2014,120.0,960.0,0.0,,regular,960.0,RULE+TAPE,,True
20250912,4,REG,post2014,120.0,960.0,0.0,,regular,960.0,RULE+TAPE,,True
20250915,0,REG,post2014,120.0,960.0,0.0,,regular,960.0,RULE+TAPE,,True
20250916,1,REG,post2014,120.0,960.0,0.0,,regular,960.0,RULE+TAPE,,True
20250917,2,REG,post2014,120.0,960.0,0.0,,regular,960.0,RULE+TAPE,,True
20250918,3,REG,post2014,120.0,960.0,0.0,,regular,960.0,RULE+TAPE,,True
20250919,4,REG,post2014,120.0,960.0,0.0,,regular,960.0,RULE+TAPE,,True
20250922,0,REG,post2014,120.0,960.0,0.0,,regular,960.0,RULE+TAPE,,True
20250923,1,REG,post2014,120.0,960.0,0.0,,regular,960.0,RULE+TAPE,,True
20250924,2,REG,post2014,120.0,960.0,0.0,,regular,960.0,RULE+TAPE,,True
20250925,3,REG,post2014,120.0,960.0,0.0,,regular,960.0,RULE+TAPE,,True
20250926,4,REG,post2014,120.0,960.0,0.0,,regular,960.0,RULE+TAPE,,True
20250929,0,REG,post2014,120.0,960.0,0.0,,regular,960.0,RULE+TAPE,,True
20250930,1,REG,post2014,120.0,960.0,0.0,,regular,960.0,RULE+TAPE,,True
20251001,2,REG,post2014,120.0,960.0,0.0,,regular,960.0,RULE+TAPE,,True
20251002,3,REG,post2014,120.0,960.0,0.0,,regular,960.0,RULE+TAPE,,True
20251003,4,REG,post2014,120.0,960.0,0.0,,regular,960.0,RULE+TAPE,,True
20251006,0,REG,post2014,120.0,960.0,0.0,,regular,960.0,RULE+TAPE,,True
20251007,1,REG,post2014,120.0,960.0,0.0,,regular,960.0,RULE+TAPE,,True
20251008,2,REG,post2014,120.0,960.0,0.0,,regular,960.0,RULE+TAPE,,True
20251009,3,REG,post2014,120.0,960.0,0.0,,regular,960.0,RULE+TAPE,,True
20251010,4,REG,post2014,120.0,960.0,0.0,,regular,960.0,RULE+TAPE,,True
20251013,0,REG,post2014,120.0,960.0,0.0,,regular,960.0,RULE+TAPE,,True
20251014,1,REG,post2014,120.0,960.0,0.0,,regular,960.0,RULE+TAPE,,True
20251015,2,REG,post2014,120.0,960.0,0.0,,regular,960.0,RULE+TAPE,,True
20251016,3,REG,post2014,120.0,960.0,0.0,,regular,960.0,RULE+TAPE,,True
20251017,4,REG,post2014,120.0,960.0,0.0,,regular,960.0,RULE+TAPE,,True
20251020,0,REG,post2014,120.0,954.0,0.0,,unknown,960.0,UNKNOWN,tape stops at 954.0 on a regular-type day,False
20251021,1,REG,post2014,,,,,unknown,,UNKNOWN,no bars in window,False
20251022,2,REG,post2014,120.0,960.0,0.0,,regular,960.0,RULE+TAPE,,True
20251023,3,REG,post2014,120.0,960.0,0.0,,regular,960.0,RULE+TAPE,,True
20251024,4,REG,post2014,120.0,960.0,0.0,,regular,960.0,RULE+TAPE,,True
20251027,0,REG,post2014,,,,,unknown,,UNKNOWN,no bars in window,False
20251028,1,REG,post2014,,,,,unknown,,UNKNOWN,no bars in window,False
20251029,2,REG,post2014,,,,,unknown,,UNKNOWN,no bars in window,False
20251030,3,REG,post2014,,,,,unknown,,UNKNOWN,no bars in window,False
20251031,4,REG,post2014,,,,,unknown,,UNKNOWN,no bars in window,False
20251103,0,REG,post2014,120.0,960.0,0.0,,regular,960.0,RULE+TAPE,,True
20251104,1,REG,post2014,120.0,960.0,0.0,,regular,960.0,RULE+TAPE,,True
20251105,2,REG,post2014,120.0,960.0,0.0,,regular,960.0,RULE+TAPE,,True
20251106,3,REG,post2014,120.0,960.0,0.0,,regular,960.0,RULE+TAPE,,True
20251107,4,REG,post2014,120.0,960.0,0.0,,regular,960.0,RULE+TAPE,,True
20251110,0,REG,post2014,120.0,960.0,0.0,,regular,960.0,RULE+TAPE,,True
20251111,1,REG,post2014,120.0,960.0,0.0,,regular,960.0,RULE+TAPE,,True
20251112,2,REG,post2014,120.0,960.0,0.0,,regular,960.0,RULE+TAPE,,True
20251113,3,REG,post2014,120.0,960.0,0.0,,regular,960.0,RULE+TAPE,,True
20251114,4,REG,post2014,120.0,960.0,0.0,,regular,960.0,RULE+TAPE,,True
20251117,0,REG,post2014,120.0,960.0,0.0,,regular,960.0,RULE+TAPE,,True
20251118,1,REG,post2014,120.0,960.0,0.0,,regular,960.0,RULE+TAPE,,True
20251119,2,REG,post2014,120.0,960.0,0.0,,regular,960.0,RULE+TAPE,,True
20251120,3,REG,post2014,120.0,960.0,0.0,,regular,960.0,RULE+TAPE,,True
20251121,4,REG,post2014,120.0,960.0,0.0,,regular,960.0,RULE+TAPE,,True
20251124,0,REG,post2014,120.0,960.0,0.0,,regular,960.0,RULE+TAPE,,True
20251125,1,REG,post2014,120.0,960.0,0.0,,regular,960.0,RULE+TAPE,,True
20251126,2,REG,post2014,120.0,960.0,0.0,,regular,960.0,RULE+TAPE,,True
20251127,3,HOL,post2014,120.0,780.0,0.0,,short,780.0,RULE+TAPE,,True
20251128,4,EVE,post2014,510.0,795.0,390.0,CME Globex outage until ~08:30 ET (memory; not sourced),special,795.0,TAPE_ONLY,CME Globex outage until ~08:30 ET (memory; not sourced),False
20251201,0,REG,post2014,120.0,960.0,0.0,,regular,960.0,RULE+TAPE,,True
20251202,1,REG,post2014,120.0,960.0,0.0,,regular,960.0,RULE+TAPE,,True
20251203,2,REG,post2014,120.0,960.0,0.0,,regular,960.0,RULE+TAPE,,True
20251204,3,REG,post2014,120.0,960.0,0.0,,regular,960.0,RULE+TAPE,,True
20251205,4,REG,post2014,120.0,960.0,0.0,,regular,960.0,RULE+TAPE,,True
20251208,0,REG,post2014,120.0,960.0,0.0,,regular,960.0,RULE+TAPE,,True
20251209,1,REG,post2014,120.0,960.0,0.0,,regular,960.0,RULE+TAPE,,True
20251210,2,REG,post2014,120.0,960.0,0.0,,regular,960.0,RULE+TAPE,,True
20251211,3,REG,post2014,120.0,960.0,0.0,,regular,960.0,RULE+TAPE,,True
20251212,4,REG,post2014,120.0,960.0,0.0,,regular,960.0,RULE+TAPE,,True
20251215,0,REG,post2014,120.0,960.0,0.0,,regular,960.0,RULE+TAPE,,True
20251216,1,REG,post2014,120.0,960.0,0.0,,regular,960.0,RULE+TAPE,,True
20251217,2,REG,post2014,120.0,960.0,0.0,,regular,960.0,RULE+TAPE,,True
20251218,3,REG,post2014,120.0,960.0,0.0,,regular,960.0,RULE+TAPE,,True
20251219,4,REG,post2014,120.0,960.0,0.0,,regular,960.0,RULE+TAPE,,True
20251222,0,REG,post2014,120.0,960.0,0.0,,regular,960.0,RULE+TAPE,,True
20251223,1,REG,post2014,120.0,960.0,0.0,,regular,960.0,RULE+TAPE,,True
20251224,2,EVE,post2014,120.0,795.0,1.0,,short,795.0,RULE+TAPE,1 missing minutes before close,False
20251225,3,XMAS,post2014,,,,,closed,,RULE+TAPE,,False
20251226,4,REG,post2014,120.0,960.0,1.0,,regular,960.0,RULE+TAPE,1 missing minutes,False
20251229,0,REG,post2014,120.0,960.0,0.0,,regular,960.0,RULE+TAPE,,True
20251230,1,REG,post2014,120.0,960.0,0.0,,regular,960.0,RULE+TAPE,,True
20251231,2,REG,post2014,120.0,960.0,0.0,,regular,960.0,RULE+TAPE,,True
20260101,3,NEWYEAR,post2014,,,,,closed,,RULE+TAPE,,False
20260102,4,REG,post2014,120.0,960.0,0.0,,regular,960.0,RULE+TAPE,,True
20260105,0,REG,post2014,120.0,960.0,0.0,,regular,960.0,RULE+TAPE,,True
20260106,1,REG,post2014,120.0,960.0,0.0,,regular,960.0,RULE+TAPE,,True
20260107,2,REG,post2014,120.0,960.0,0.0,,regular,960.0,RULE+TAPE,,True
20260108,3,REG,post2014,120.0,960.0,0.0,,regular,960.0,RULE+TAPE,,True
20260109,4,REG,post2014,120.0,960.0,0.0,,regular,960.0,RULE+TAPE,,True
20260112,0,REG,post2014,120.0,960.0,0.0,,regular,960.0,RULE+TAPE,,True
20260113,1,REG,post2014,120.0,960.0,0.0,,regular,960.0,RULE+TAPE,,True
20260114,2,REG,post2014,120.0,960.0,0.0,,regular,960.0,RULE+TAPE,,True
20260115,3,REG,post2014,120.0,960.0,0.0,,regular,960.0,RULE+TAPE,,True
20260116,4,REG,post2014,120.0,960.0,0.0,,regular,960.0,RULE+TAPE,,True
20260119,0,HOL,post2014,,,,,unknown,,UNKNOWN,HOL: tape stop nan vs modal 780.0,False
20260120,1,REG,post2014,,,,,unknown,,UNKNOWN,no bars in window,False
20260121,2,REG,post2014,,,,,unknown,,UNKNOWN,no bars in window,False
20260122,3,REG,post2014,,,,,unknown,,UNKNOWN,no bars in window,False
20260123,4,REG,post2014,,,,,unknown,,UNKNOWN,no bars in window,False
20260126,0,REG,post2014,120.0,960.0,0.0,,regular,960.0,RULE+TAPE,,True
20260127,1,REG,post2014,120.0,960.0,0.0,,regular,960.0,RULE+TAPE,,True
20260128,2,REG,post2014,120.0,960.0,0.0,,regular,960.0,RULE+TAPE,,True
20260129,3,REG,post2014,120.0,960.0,0.0,,regular,960.0,RULE+TAPE,,True
20260130,4,REG,post2014,120.0,960.0,0.0,,regular,960.0,RULE+TAPE,,True
20260202,0,REG,post2014,120.0,960.0,0.0,,regular,960.0,RULE+TAPE,,True
20260203,1,REG,post2014,120.0,960.0,0.0,,regular,960.0,RULE+TAPE,,True
20260204,2,REG,post2014,120.0,960.0,0.0,,regular,960.0,RULE+TAPE,,True
20260205,3,REG,post2014,120.0,960.0,0.0,,regular,960.0,RULE+TAPE,,True
20260206,4,REG,post2014,120.0,960.0,0.0,,regular,960.0,RULE+TAPE,,True
20260209,0,REG,post2014,,,,,unknown,,UNKNOWN,no bars in window,False
20260210,1,REG,post2014,120.0,960.0,0.0,,regular,960.0,RULE+TAPE,,True
20260211,2,REG,post2014,120.0,960.0,0.0,,regular,960.0,RULE+TAPE,,True
20260212,3,REG,post2014,120.0,960.0,0.0,,regular,960.0,RULE+TAPE,,True
20260213,4,REG,post2014,120.0,960.0,0.0,,regular,960.0,RULE+TAPE,,True
20260216,0,HOL,post2014,120.0,780.0,0.0,,short,780.0,RULE+TAPE,,True
20260217,1,REG,post2014,120.0,960.0,0.0,,regular,960.0,RULE+TAPE,,True
20260218,2,REG,post2014,120.0,960.0,0.0,,regular,960.0,RULE+TAPE,,True
20260219,3,REG,post2014,120.0,960.0,0.0,,regular,960.0,RULE+TAPE,,True
20260220,4,REG,post2014,120.0,960.0,0.0,,regular,960.0,RULE+TAPE,,True
20260223,0,REG,post2014,120.0,960.0,0.0,,regular,960.0,RULE+TAPE,,True
20260224,1,REG,post2014,120.0,960.0,0.0,,regular,960.0,RULE+TAPE,,True
20260225,2,REG,post2014,120.0,960.0,0.0,,regular,960.0,RULE+TAPE,,True
20260226,3,REG,post2014,120.0,960.0,0.0,,regular,960.0,RULE+TAPE,,True
20260227,4,REG,post2014,120.0,960.0,0.0,,regular,960.0,RULE+TAPE,,True
20260302,0,REG,post2014,120.0,960.0,0.0,,regular,960.0,RULE+TAPE,,True
20260303,1,REG,post2014,120.0,960.0,0.0,,regular,960.0,RULE+TAPE,,True
20260304,2,REG,post2014,120.0,960.0,0.0,,regular,960.0,RULE+TAPE,,True
20260305,3,REG,post2014,120.0,960.0,0.0,,regular,960.0,RULE+TAPE,,True
20260306,4,REG,post2014,120.0,960.0,0.0,,regular,960.0,RULE+TAPE,,True
20260309,0,REG,post2014,120.0,960.0,0.0,,regular,960.0,RULE+TAPE,,True
20260310,1,REG,post2014,120.0,960.0,0.0,,regular,960.0,RULE+TAPE,,True
20260311,2,REG,post2014,120.0,960.0,0.0,,regular,960.0,RULE+TAPE,,True
20260312,3,REG,post2014,120.0,960.0,0.0,,regular,960.0,RULE+TAPE,,True
20260313,4,REG,post2014,120.0,960.0,0.0,,regular,960.0,RULE+TAPE,,True
20260316,0,REG,post2014,120.0,960.0,0.0,,regular,960.0,RULE+TAPE,,True
20260317,1,REG,post2014,120.0,960.0,0.0,,regular,960.0,RULE+TAPE,,True
20260318,2,REG,post2014,120.0,960.0,0.0,,regular,960.0,RULE+TAPE,,True
20260319,3,REG,post2014,120.0,960.0,0.0,,regular,960.0,RULE+TAPE,,True
20260320,4,REG,post2014,120.0,960.0,0.0,,regular,960.0,RULE+TAPE,,True
20260323,0,REG,post2014,120.0,960.0,0.0,,regular,960.0,RULE+TAPE,,True
20260324,1,REG,post2014,120.0,960.0,0.0,,regular,960.0,RULE+TAPE,,True
20260325,2,REG,post2014,120.0,960.0,0.0,,regular,960.0,RULE+TAPE,,True
20260326,3,REG,post2014,120.0,960.0,0.0,,regular,960.0,RULE+TAPE,,True
20260327,4,REG,post2014,120.0,960.0,0.0,,regular,960.0,RULE+TAPE,,True
20260330,0,REG,post2014,120.0,960.0,0.0,,regular,960.0,RULE+TAPE,,True
20260331,1,REG,post2014,120.0,960.0,0.0,,regular,960.0,RULE+TAPE,,True
20260401,2,REG,post2014,120.0,960.0,0.0,,regular,960.0,RULE+TAPE,,True
20260402,3,REG,post2014,120.0,960.0,0.0,,regular,960.0,RULE+TAPE,,True
20260403,4,GOODFRI,post2014,120.0,555.0,5.0,,short,555.0,TAPE_ONLY,GOODFRI with abbreviated session on tape (e.g. Good Friday NFP),False
20260406,0,REG,post2014,120.0,960.0,0.0,,regular,960.0,RULE+TAPE,,True
20260407,1,REG,post2014,120.0,960.0,0.0,,regular,960.0,RULE+TAPE,,True
20260408,2,REG,post2014,120.0,960.0,0.0,,regular,960.0,RULE+TAPE,,True
20260409,3,REG,post2014,120.0,960.0,0.0,,regular,960.0,RULE+TAPE,,True
20260410,4,REG,post2014,120.0,960.0,0.0,,regular,960.0,RULE+TAPE,,True
20260413,0,REG,post2014,120.0,960.0,0.0,,regular,960.0,RULE+TAPE,,True
20260414,1,REG,post2014,120.0,960.0,0.0,,regular,960.0,RULE+TAPE,,True
20260415,2,REG,post2014,120.0,960.0,0.0,,regular,960.0,RULE+TAPE,,True
20260416,3,REG,post2014,120.0,960.0,0.0,,regular,960.0,RULE+TAPE,,True
20260417,4,REG,post2014,120.0,960.0,0.0,,regular,960.0,RULE+TAPE,,True
20260420,0,REG,post2014,120.0,960.0,0.0,,regular,960.0,RULE+TAPE,,True
20260421,1,REG,post2014,120.0,960.0,0.0,,regular,960.0,RULE+TAPE,,True
20260422,2,REG,post2014,120.0,960.0,0.0,,regular,960.0,RULE+TAPE,,True
20260423,3,REG,post2014,120.0,960.0,0.0,,regular,960.0,RULE+TAPE,,True
20260424,4,REG,post2014,120.0,960.0,0.0,,regular,960.0,RULE+TAPE,,True
20260427,0,REG,post2014,120.0,960.0,0.0,,regular,960.0,RULE+TAPE,,True
20260428,1,REG,post2014,120.0,960.0,0.0,,regular,960.0,RULE+TAPE,,True
20260429,2,REG,post2014,120.0,960.0,0.0,,regular,960.0,RULE+TAPE,,True
20260430,3,REG,post2014,120.0,960.0,0.0,,regular,960.0,RULE+TAPE,,True
20260501,4,REG,post2014,120.0,960.0,0.0,,regular,960.0,RULE+TAPE,,True
20260504,0,REG,post2014,120.0,960.0,0.0,,regular,960.0,RULE+TAPE,,True
20260505,1,REG,post2014,120.0,960.0,0.0,,regular,960.0,RULE+TAPE,,True
20260506,2,REG,post2014,120.0,960.0,0.0,,regular,960.0,RULE+TAPE,,True
20260507,3,REG,post2014,120.0,960.0,0.0,,regular,960.0,RULE+TAPE,,True
20260508,4,REG,post2014,120.0,960.0,0.0,,regular,960.0,RULE+TAPE,,True
20260511,0,REG,post2014,120.0,960.0,0.0,,regular,960.0,RULE+TAPE,,True
20260512,1,REG,post2014,120.0,960.0,0.0,,regular,960.0,RULE+TAPE,,True
20260513,2,REG,post2014,120.0,960.0,0.0,,regular,960.0,RULE+TAPE,,True
20260514,3,REG,post2014,120.0,960.0,0.0,,regular,960.0,RULE+TAPE,,True
20260515,4,REG,post2014,120.0,960.0,0.0,,regular,960.0,RULE+TAPE,,True
20260518,0,REG,post2014,120.0,960.0,0.0,,regular,960.0,RULE+TAPE,,True
20260519,1,REG,post2014,120.0,960.0,0.0,,regular,960.0,RULE+TAPE,,True
20260520,2,REG,post2014,120.0,960.0,0.0,,regular,960.0,RULE+TAPE,,True
20260521,3,REG,post2014,120.0,960.0,0.0,,regular,960.0,RULE+TAPE,,True
20260522,4,REG,post2014,120.0,960.0,0.0,,regular,960.0,RULE+TAPE,,True
20260525,0,HOL,post2014,120.0,780.0,0.0,,short,780.0,RULE+TAPE,,True
20260526,1,REG,post2014,120.0,960.0,0.0,,regular,960.0,RULE+TAPE,,True
20260527,2,REG,post2014,120.0,960.0,0.0,,regular,960.0,RULE+TAPE,,True
20260528,3,REG,post2014,120.0,960.0,0.0,,regular,960.0,RULE+TAPE,,True
20260529,4,REG,post2014,120.0,960.0,0.0,,regular,960.0,RULE+TAPE,,True
20260601,0,REG,post2014,120.0,960.0,0.0,,regular,960.0,RULE+TAPE,,True
20260602,1,REG,post2014,120.0,960.0,0.0,,regular,960.0,RULE+TAPE,,True
20260603,2,REG,post2014,120.0,960.0,1.0,,regular,960.0,RULE+TAPE,1 missing minutes,False
20260604,3,REG,post2014,120.0,960.0,0.0,,regular,960.0,RULE+TAPE,,True
20260605,4,REG,post2014,120.0,960.0,0.0,,regular,960.0,RULE+TAPE,,True
20260608,0,REG,post2014,120.0,960.0,0.0,,regular,960.0,RULE+TAPE,,True
20260609,1,REG,post2014,120.0,960.0,0.0,,regular,960.0,RULE+TAPE,,True
20260610,2,REG,post2014,120.0,960.0,0.0,,regular,960.0,RULE+TAPE,,True
20260611,3,REG,post2014,120.0,960.0,0.0,,regular,960.0,RULE+TAPE,,True
20260612,4,REG,post2014,120.0,960.0,1.0,,regular,960.0,RULE+TAPE,1 missing minutes,False
20260615,0,REG,post2014,120.0,960.0,0.0,,regular,960.0,RULE+TAPE,,True
20260616,1,REG,post2014,120.0,960.0,1.0,,regular,960.0,RULE+TAPE,1 missing minutes,False
20260617,2,REG,post2014,120.0,960.0,0.0,,regular,960.0,RULE+TAPE,,True
20260618,3,REG,post2014,120.0,960.0,0.0,,regular,960.0,RULE+TAPE,,True
20260619,4,HOL,post2014,120.0,780.0,0.0,,short,780.0,RULE+TAPE,,True
20260622,0,REG,post2014,120.0,960.0,0.0,,regular,960.0,RULE+TAPE,,True
20260623,1,REG,post2014,120.0,960.0,0.0,,regular,960.0,RULE+TAPE,,True
20260624,2,REG,post2014,120.0,960.0,0.0,,regular,960.0,RULE+TAPE,,True
20260625,3,REG,post2014,120.0,960.0,1.0,,regular,960.0,RULE+TAPE,1 missing minutes,False
20260626,4,REG,post2014,120.0,960.0,0.0,,regular,960.0,RULE+TAPE,,True
20260629,0,REG,post2014,120.0,960.0,0.0,,regular,960.0,RULE+TAPE,,True
20260630,1,REG,post2014,120.0,960.0,0.0,,regular,960.0,RULE+TAPE,,True
20260701,2,REG,post2014,120.0,960.0,1.0,,regular,960.0,RULE+TAPE,1 missing minutes,False
20260702,3,REG,post2014,120.0,960.0,0.0,,regular,960.0,RULE+TAPE,,True
20260703,4,HOL,post2014,120.0,780.0,1.0,,short,780.0,RULE+TAPE,1 missing minutes before close,False
20260706,0,REG,post2014,120.0,960.0,0.0,,regular,960.0,RULE+TAPE,,True
20260707,1,REG,post2014,120.0,960.0,1.0,,regular,960.0,RULE+TAPE,1 missing minutes,False
20260708,2,REG,post2014,120.0,960.0,0.0,,regular,960.0,RULE+TAPE,,True
20260709,3,REG,post2014,120.0,960.0,0.0,,regular,960.0,RULE+TAPE,,True
20260710,4,REG,post2014,120.0,960.0,0.0,,regular,960.0,RULE+TAPE,,True
