date,side,k_in,k_out,gross,net,early
2006-01-24,1,31,61,-100.0,-130.0,True
2006-01-25,-1,181,211,-212.5,-242.5,False
2006-01-25,-1,301,361,-62.5,-92.5,False
2006-01-27,1,31,390,225.0,195.0,True
2006-01-31,-1,31,181,75.0,45.0,True
2006-01-31,-1,301,331,-175.0,-205.0,False
2006-02-01,1,61,91,-112.5,-142.5,True
2006-02-09,1,31,151,37.5,7.5,True
2006-02-09,1,181,241,-125.0,-155.0,False
2006-02-10,-1,61,181,-62.5,-92.5,True
2006-02-10,-1,211,271,-112.5,-142.5,False
2006-02-10,1,361,390,-50.0,-80.0,False
2006-02-13,-1,271,390,-175.0,-205.0,False
2006-02-14,1,31,61,-62.5,-92.5,True
2006-02-14,1,121,390,325.0,295.0,False
2006-02-15,1,61,91,-175.0,-205.0,True
2006-02-16,1,181,241,-62.5,-92.5,False
2006-02-17,-1,31,151,12.5,-17.5,True
2006-02-21,-1,61,91,-62.5,-92.5,True
2006-02-21,-1,151,361,-75.0,-105.0,False
2006-02-22,1,91,390,175.0,145.0,True
2006-02-23,-1,31,61,-100.0,-130.0,True
2006-02-27,1,31,61,-50.0,-80.0,True
2006-02-27,1,121,390,-100.0,-130.0,False
2006-02-28,-1,61,390,312.5,282.5,True
2006-03-01,1,31,61,-75.0,-105.0,True
2006-03-01,1,121,390,187.5,157.5,False
2006-03-02,-1,31,61,-87.5,-117.5,True
2006-03-03,1,241,361,-225.0,-255.0,False
2006-03-08,-1,151,181,-137.5,-167.5,False
2006-03-09,1,31,91,-87.5,-117.5,True
2006-03-10,1,91,331,0.0,-30.0,True
2006-03-10,1,361,390,100.0,70.0,False
2006-03-14,1,31,91,-62.5,-92.5,True
2006-03-14,1,121,390,475.0,445.0,False
2006-03-15,1,301,331,-62.5,-92.5,False
2006-03-15,1,361,390,0.0,-30.0,False
2006-03-16,1,181,211,-50.0,-80.0,False
2006-03-21,-1,61,91,12.5,-17.5,True
2006-03-21,1,151,211,-37.5,-67.5,False
2006-03-21,-1,331,390,25.0,-5.0,False
2006-03-22,1,61,91,-75.0,-105.0,True
2006-03-22,1,121,301,75.0,45.0,False
2006-03-22,1,361,390,75.0,45.0,False
2006-03-28,1,211,241,-25.0,-55.0,False
2006-03-28,-1,361,390,12.5,-17.5,False
2006-03-29,1,61,91,-87.5,-117.5,True
2006-03-29,1,121,390,100.0,70.0,False
2006-03-30,1,31,91,-200.0,-230.0,True
2006-03-31,-1,121,151,-62.5,-92.5,False
2006-03-31,-1,271,331,-125.0,-155.0,False
2006-04-03,1,61,301,0.0,-30.0,True
2006-04-04,1,151,390,225.0,195.0,False
2006-04-05,1,31,61,-25.0,-55.0,True
2006-04-05,1,331,390,0.0,-30.0,False
2006-04-06,-1,151,241,-112.5,-142.5,False
2006-04-07,-1,61,390,450.0,420.0,True
2006-04-11,-1,61,390,225.0,195.0,True
2006-04-13,-1,31,61,-100.0,-130.0,True
2006-04-17,-1,271,361,-87.5,-117.5,False
2006-04-20,1,61,91,-312.5,-342.5,True
2006-04-24,-1,31,91,-100.0,-130.0,True
2006-04-24,-1,121,151,-75.0,-105.0,False
2006-04-25,-1,61,91,-112.5,-142.5,True
2006-04-25,-1,121,301,100.0,70.0,False
2006-04-25,-1,331,390,-62.5,-92.5,False
2006-04-26,1,31,91,-37.5,-67.5,True
2006-04-27,1,61,331,-125.0,-155.0,True
2006-05-10,-1,241,271,-237.5,-267.5,False
2006-05-23,1,61,91,-50.0,-80.0,True
2006-05-24,1,31,121,-162.5,-192.5,True
2006-05-24,-1,211,271,-75.0,-105.0,False
2006-05-24,-1,301,331,-387.5,-417.5,False
2006-05-25,1,151,181,-112.5,-142.5,False
2006-05-25,1,301,331,0.0,-30.0,False
2006-05-25,1,361,390,150.0,120.0,False
2006-05-31,1,31,301,-75.0,-105.0,True
2006-06-01,1,31,61,-25.0,-55.0,True
2006-06-01,1,91,390,475.0,445.0,True
2006-06-02,-1,31,61,-200.0,-230.0,True
2006-06-02,-1,151,181,-125.0,-155.0,False
2006-06-05,-1,181,390,737.5,707.5,False
2006-06-06,-1,31,61,-162.5,-192.5,True
2006-06-06,-1,91,211,-200.0,-230.0,True
2006-06-06,-1,271,390,-100.0,-130.0,False
2006-06-07,1,61,91,-137.5,-167.5,True
2006-06-07,1,151,211,-150.0,-180.0,False
2006-06-07,1,241,271,-112.5,-142.5,False
2006-06-08,-1,151,211,-250.0,-280.0,False
2006-06-09,-1,211,301,-187.5,-217.5,False
2006-06-12,-1,61,91,-75.0,-105.0,True
2006-06-12,-1,121,151,-237.5,-267.5,False
2006-06-12,-1,271,390,625.0,595.0,False
2006-06-13,1,31,61,-137.5,-167.5,True
2006-06-13,-1,331,361,-212.5,-242.5,False
2006-06-14,1,31,91,-175.0,-205.0,True
2006-06-15,1,31,390,862.5,832.5,True
2006-06-16,-1,121,151,-100.0,-130.0,False
2006-06-19,-1,61,91,-25.0,-55.0,True
2006-06-19,-1,211,390,337.5,307.5,False
2006-06-20,1,121,151,12.5,-17.5,False
2006-06-21,1,31,390,262.5,232.5,True
2006-06-22,-1,61,91,-62.5,-92.5,True
2006-06-22,-1,271,331,-50.0,-80.0,False
2006-06-27,-1,121,151,-12.5,-42.5,False
2006-06-27,-1,181,390,225.0,195.0,False
2006-06-29,1,31,61,-12.5,-42.5,True
2006-06-29,1,91,121,12.5,-17.5,True
2006-06-29,1,301,390,512.5,482.5,False
2006-07-05,-1,31,181,50.0,20.0,True
2006-07-06,1,31,151,62.5,32.5,True
2006-07-07,-1,331,390,-87.5,-117.5,False
2006-07-10,1,61,121,12.5,-17.5,True
2006-07-11,-1,91,121,-87.5,-117.5,True
2006-07-11,-1,151,181,-50.0,-80.0,False
2006-07-11,-1,211,271,-162.5,-192.5,False
2006-07-12,-1,91,151,-112.5,-142.5,True
2006-07-12,-1,181,390,237.5,207.5,False
2006-07-13,-1,31,151,-137.5,-167.5,True
2006-07-13,-1,241,390,387.5,357.5,False
2006-07-14,-1,31,61,-87.5,-117.5,True
2006-07-14,-1,91,390,75.0,45.0,True
2006-07-17,1,31,61,-225.0,-255.0,True
2006-07-19,1,31,390,625.0,595.0,True
2006-07-20,-1,301,331,25.0,-5.0,False
2006-07-21,-1,31,91,-112.5,-142.5,True
2006-07-21,-1,121,390,125.0,95.0,False
2006-07-24,1,31,390,675.0,645.0,True
2006-07-25,1,361,390,-100.0,-130.0,False
2006-07-28,1,121,361,25.0,-5.0,False
2006-08-01,-1,61,121,-12.5,-42.5,True
2006-08-02,1,151,271,-50.0,-80.0,False
2006-08-11,-1,31,61,-37.5,-67.5,True
2006-08-11,-1,151,181,-75.0,-105.0,False
2006-08-11,-1,211,271,-12.5,-42.5,False
2006-08-14,1,151,211,-50.0,-80.0,False
2006-08-17,1,121,151,-25.0,-55.0,False
2006-08-17,1,181,271,-112.5,-142.5,False
2006-08-18,-1,31,121,-62.5,-92.5,True
2006-08-21,-1,151,181,-37.5,-67.5,False
2006-08-22,1,61,151,0.0,-30.0,True
2006-08-23,-1,61,390,187.5,157.5,True
2006-08-28,1,61,390,87.5,57.5,True
2006-08-29,-1,61,301,-100.0,-130.0,True
2006-08-30,-1,31,61,-112.5,-142.5,True
2006-09-01,1,241,331,-50.0,-80.0,False
2006-09-06,-1,151,181,-0.0,-30.0,False
2006-09-06,-1,301,390,162.5,132.5,False
2006-09-07,1,271,301,-112.5,-142.5,False
2006-09-08,1,271,301,-87.5,-117.5,False
2006-09-08,1,361,390,-50.0,-80.0,False
2006-09-11,1,241,271,-75.0,-105.0,False
2006-09-12,1,61,390,337.5,307.5,True
2006-09-13,1,31,61,12.5,-17.5,True
2006-09-13,1,151,390,112.5,82.5,False
2006-09-18,1,61,91,-62.5,-92.5,True
2006-09-18,1,151,181,-37.5,-67.5,False
2006-09-18,1,211,271,-200.0,-230.0,False
2006-09-21,-1,211,390,87.5,57.5,False
2006-09-22,-1,31,361,50.0,20.0,True
2006-09-25,1,211,390,150.0,120.0,False
2006-09-26,1,61,151,-237.5,-267.5,True
2006-09-26,1,181,390,200.0,170.0,False
2006-09-27,1,151,181,-112.5,-142.5,False
2006-10-02,-1,271,361,-50.0,-80.0,False
2006-10-03,1,181,390,-100.0,-130.0,False
2006-10-04,1,121,390,487.5,457.5,False
2006-10-06,-1,31,91,-112.5,-142.5,True
2006-10-06,-1,181,211,-75.0,-105.0,False
2006-10-12,1,121,181,-62.5,-92.5,False
2006-10-12,1,211,241,0.0,-30.0,False
2006-10-12,1,271,390,225.0,195.0,False
2006-10-17,-1,31,271,-62.5,-92.5,True
2006-10-17,-1,301,331,-125.0,-155.0,False
2006-10-20,-1,31,121,-50.0,-80.0,True
2006-10-23,1,61,390,62.5,32.5,True
2006-10-25,1,331,390,50.0,20.0,False
2006-10-26,1,331,361,-50.0,-80.0,False
2006-10-27,-1,31,61,-25.0,-55.0,True
2006-10-27,-1,271,390,125.0,95.0,False
2006-10-31,-1,181,271,25.0,-5.0,False
2006-10-31,-1,301,331,-87.5,-117.5,False
2006-11-01,-1,181,241,-75.0,-105.0,False
2006-11-01,-1,301,390,125.0,95.0,False
2006-11-03,-1,181,241,-37.5,-67.5,False
2006-11-06,1,31,390,400.0,370.0,True
2006-11-07,1,61,301,-175.0,-205.0,True
2006-11-09,-1,361,390,-0.0,-30.0,False
2006-11-13,1,31,211,-62.5,-92.5,True
2006-11-13,1,331,361,-75.0,-105.0,False
2006-11-14,-1,61,121,-112.5,-142.5,True
2006-11-14,-1,181,211,-125.0,-155.0,False
2006-11-15,1,31,61,-50.0,-80.0,True
2006-11-15,1,211,301,12.5,-17.5,False
2006-11-22,1,31,61,-125.0,-155.0,True
2006-11-27,-1,31,390,675.0,645.0,True
2006-11-28,1,61,121,25.0,-5.0,True
2006-11-28,1,361,390,12.5,-17.5,False
2006-11-29,1,31,271,62.5,32.5,True
2006-11-29,1,331,390,25.0,-5.0,False
2006-11-30,1,361,390,-312.5,-342.5,False
2006-12-01,-1,61,151,-287.5,-317.5,True
2006-12-01,-1,181,390,-50.0,-80.0,False
2006-12-04,1,31,61,37.5,7.5,True
2006-12-04,1,121,390,125.0,95.0,False
2006-12-06,-1,31,61,-112.5,-142.5,True
2006-12-11,1,31,121,112.5,82.5,True
2006-12-11,1,151,181,-112.5,-142.5,False
2006-12-11,1,241,271,12.5,-17.5,False
2006-12-12,-1,181,271,-125.0,-155.0,False
2006-12-18,1,31,61,-50.0,-80.0,True
2006-12-22,-1,31,61,-137.5,-167.5,True
2006-12-22,-1,91,361,75.0,45.0,True
2006-12-26,1,31,91,-62.5,-92.5,True
2006-12-26,1,121,181,-37.5,-67.5,False
2006-12-26,1,241,331,37.5,7.5,False
2006-12-26,1,361,390,87.5,57.5,False
2006-12-27,1,31,151,37.5,7.5,True
2006-12-27,1,271,390,162.5,132.5,False
2006-12-29,1,31,91,-37.5,-67.5,True
2006-12-29,-1,361,390,50.0,20.0,False
2007-01-03,1,61,181,-162.5,-192.5,True
2007-01-03,-1,331,361,-162.5,-192.5,False
2007-01-04,-1,61,91,-262.5,-292.5,True
2007-01-05,-1,31,61,-125.0,-155.0,True
2007-01-05,-1,91,361,87.5,57.5,True
2007-01-11,1,31,390,125.0,95.0,True
2007-01-12,1,31,61,-137.5,-167.5,True
2007-01-12,1,151,331,50.0,20.0,False
2007-01-12,1,361,390,25.0,-5.0,False
2007-01-22,-1,61,390,75.0,45.0,True
2007-01-23,1,121,331,-25.0,-55.0,False
2007-01-24,1,91,151,-12.5,-42.5,True
2007-01-24,1,271,390,150.0,120.0,False
2007-01-25,-1,61,91,25.0,-5.0,True
2007-01-25,-1,151,390,475.0,445.0,False
2007-01-26,-1,61,181,-12.5,-42.5,True
2007-01-26,-1,241,271,-87.5,-117.5,False
2007-02-06,-1,151,181,-75.0,-105.0,False
2007-02-08,-1,31,121,12.5,-17.5,True
2007-02-09,-1,211,390,262.5,232.5,False
2007-02-12,-1,31,211,25.0,-5.0,True
2007-02-12,-1,271,390,-50.0,-80.0,False
2007-02-13,1,31,91,-87.5,-117.5,True
2007-02-13,1,121,390,237.5,207.5,False
2007-02-14,1,61,390,62.5,32.5,True
2007-02-20,-1,31,91,-75.0,-105.0,True
2007-02-20,1,151,211,0.0,-30.0,False
2007-02-20,1,361,390,-25.0,-55.0,False
2007-02-22,1,31,61,-162.5,-192.5,True
2007-02-22,-1,121,241,-62.5,-92.5,False
2007-02-23,-1,31,331,12.5,-17.5,True
2007-02-26,-1,211,301,-150.0,-180.0,False
2007-02-27,-1,31,390,1787.5,1757.5,True
2007-02-28,1,31,301,100.0,70.0,True
2007-02-28,1,361,390,-200.0,-230.0,False
2007-03-02,-1,241,331,-87.5,-117.5,False
2007-03-06,1,31,61,-12.5,-42.5,True
2007-03-06,1,271,390,175.0,145.0,False
2007-03-08,1,61,91,-112.5,-142.5,True
2007-03-08,1,151,181,0.0,-30.0,False
2007-03-13,-1,181,390,737.5,707.5,False
2007-03-14,-1,181,241,-325.0,-355.0,False
2007-03-15,1,31,151,-75.0,-105.0,True
2007-03-15,1,181,211,-25.0,-55.0,False
2007-03-20,1,151,271,12.5,-17.5,False
2007-03-20,1,361,390,75.0,45.0,False
2007-03-21,1,301,390,487.5,457.5,False
2007-03-22,-1,31,61,-12.5,-42.5,True
2007-03-22,-1,91,121,-112.5,-142.5,True
2007-03-27,-1,31,91,-0.0,-30.0,True
2007-03-27,-1,121,181,-125.0,-155.0,False
2007-03-28,-1,91,181,-225.0,-255.0,True
2007-03-30,1,31,61,-87.5,-117.5,True
2007-03-30,-1,121,271,-37.5,-67.5,False
2007-04-02,-1,61,91,-187.5,-217.5,True
2007-04-03,1,61,390,175.0,145.0,True
2007-04-05,1,241,331,62.5,32.5,False
2007-04-10,1,31,91,-25.0,-55.0,True
2007-04-11,-1,31,390,337.5,307.5,True
2007-04-12,-1,31,61,-212.5,-242.5,True
2007-04-12,1,181,390,237.5,207.5,False
2007-04-13,-1,61,91,-137.5,-167.5,True
2007-04-16,1,31,390,287.5,257.5,True
2007-04-18,1,361,390,-212.5,-242.5,False
2007-04-23,1,31,61,-25.0,-55.0,True
2007-04-24,-1,61,151,-175.0,-205.0,True
2007-04-25,1,301,390,137.5,107.5,False
2007-04-26,-1,31,61,-37.5,-67.5,True
2007-04-30,-1,361,390,262.5,232.5,False
2007-05-01,-1,61,91,-212.5,-242.5,True
2007-05-02,1,31,390,212.5,182.5,True
2007-05-03,1,91,151,-50.0,-80.0,True
2007-05-03,1,331,361,-12.5,-42.5,False
2007-05-09,1,331,390,37.5,7.5,False
2007-05-10,-1,121,390,475.0,445.0,False
2007-05-11,1,91,390,187.5,157.5,True
2007-05-14,1,31,61,-225.0,-255.0,True
2007-05-14,-1,271,361,-12.5,-42.5,False
2007-05-15,1,61,271,-187.5,-217.5,True
2007-05-16,1,301,390,162.5,132.5,False
2007-05-17,-1,31,61,-125.0,-155.0,True
2007-05-18,1,61,91,-75.0,-105.0,True
2007-05-18,1,211,331,-62.5,-92.5,False
2007-05-21,1,91,121,-12.5,-42.5,True
2007-05-21,1,181,271,-62.5,-92.5,False
2007-05-21,1,301,331,12.5,-17.5,False
2007-05-22,-1,31,61,-62.5,-92.5,True
2007-05-23,1,31,151,12.5,-17.5,True
2007-05-23,1,181,271,-75.0,-105.0,False
2007-05-24,1,31,91,-362.5,-392.5,True
2007-05-24,-1,91,390,525.0,495.0,True
2007-05-25,1,91,121,-87.5,-117.5,True
2007-05-29,1,31,151,-225.0,-255.0,True
2007-05-30,1,301,390,375.0,345.0,False
2007-06-05,-1,151,361,-87.5,-117.5,False
2007-06-06,-1,31,390,225.0,195.0,True
2007-06-07,1,31,61,-250.0,-280.0,True
2007-06-07,-1,271,331,-75.0,-105.0,False
2007-06-07,-1,361,390,462.5,432.5,False
2007-06-08,1,31,121,-62.5,-92.5,True
2007-06-08,1,151,181,-50.0,-80.0,False
2007-06-08,1,271,390,450.0,420.0,False
2007-06-11,1,151,181,-25.0,-55.0,False
2007-06-11,1,211,331,0.0,-30.0,False
2007-06-11,1,361,390,-200.0,-230.0,False
2007-06-12,-1,61,121,-150.0,-180.0,True
2007-06-13,1,61,121,-200.0,-230.0,True
2007-06-13,1,301,390,450.0,420.0,False
2007-06-14,1,31,301,-25.0,-55.0,True
2007-06-14,1,331,390,-37.5,-67.5,False
2007-06-20,-1,31,61,-37.5,-67.5,True
2007-06-20,-1,151,390,937.5,907.5,False
2007-06-21,-1,31,61,-425.0,-455.0,True
2007-06-21,1,91,151,-275.0,-305.0,True
2007-06-21,1,241,331,-25.0,-55.0,False
2007-06-22,-1,61,91,-87.5,-117.5,True
2007-06-22,-1,181,390,12.5,-17.5,False
2007-06-25,1,61,241,75.0,45.0,True
2007-06-25,-1,331,361,-87.5,-117.5,False
2007-06-27,1,361,390,225.0,195.0,False
2007-06-29,1,31,91,-37.5,-67.5,True
2007-06-29,1,121,151,-87.5,-117.5,False
2007-06-29,-1,361,390,-537.5,-567.5,False
2007-07-02,1,91,151,-137.5,-167.5,True
2007-07-02,1,271,301,-50.0,-80.0,False
2007-07-05,-1,181,241,-75.0,-105.0,False
2007-07-06,-1,31,61,-262.5,-292.5,True
2007-07-10,-1,31,61,-62.5,-92.5,True
2007-07-10,-1,271,301,-62.5,-92.5,False
2007-07-10,-1,331,390,312.5,282.5,False
2007-07-11,1,61,271,62.5,32.5,True
2007-07-12,1,31,390,925.0,895.0,True
2007-07-17,1,31,91,0.0,-30.0,True
2007-07-18,-1,151,271,-62.5,-92.5,False
2007-07-18,-1,301,331,-100.0,-130.0,False
2007-07-20,-1,31,390,500.0,470.0,True
2007-07-24,-1,301,390,687.5,657.5,False
2007-07-25,-1,241,301,-250.0,-280.0,False
2007-07-26,-1,121,390,275.0,245.0,False
2007-07-27,-1,91,271,-75.0,-105.0,True
2007-07-27,-1,301,331,-412.5,-442.5,False
2007-07-30,1,61,91,-225.0,-255.0,True
2007-07-30,1,211,390,375.0,345.0,False
2007-07-31,1,31,61,-325.0,-355.0,True
2007-08-01,1,61,91,-475.0,-505.0,True
2007-08-01,-1,91,121,-150.0,-180.0,True
2007-08-01,1,181,211,-287.5,-317.5,False
2007-08-02,1,31,61,-237.5,-267.5,True
2007-08-02,1,361,390,-137.5,-167.5,False
2007-08-03,-1,31,390,1650.0,1620.0,True
2007-08-06,1,331,390,787.5,757.5,False
2007-08-07,1,271,301,-737.5,-767.5,False
2007-08-07,1,361,390,-237.5,-267.5,False
2007-08-08,1,31,361,-250.0,-280.0,True
2007-08-10,-1,61,91,-75.0,-105.0,True
2007-08-14,-1,61,390,837.5,807.5,True
2007-08-15,1,31,151,-175.0,-205.0,True
2007-08-15,1,271,301,-362.5,-392.5,False
2007-08-16,-1,61,91,-312.5,-342.5,True
2007-08-16,-1,151,271,-87.5,-117.5,False
2007-08-20,-1,211,301,-212.5,-242.5,False
2007-08-21,1,151,181,12.5,-17.5,False
2007-08-23,-1,151,181,-100.0,-130.0,False
2007-08-23,-1,211,241,-25.0,-55.0,False
2007-08-24,1,301,390,350.0,320.0,False
2007-08-28,-1,91,211,100.0,70.0,True
2007-08-28,-1,301,390,675.0,645.0,False
2007-08-29,1,151,181,-125.0,-155.0,False
2007-08-29,1,301,390,750.0,720.0,False
2007-09-04,1,31,390,550.0,520.0,True
2007-09-05,-1,301,331,-162.5,-192.5,False
2007-09-07,-1,121,151,-362.5,-392.5,False
2007-09-07,-1,331,390,-187.5,-217.5,False
2007-09-10,-1,91,241,-100.0,-130.0,True
2007-09-10,-1,271,301,-262.5,-292.5,False
2007-09-11,1,31,121,125.0,95.0,True
2007-09-11,1,301,390,0.0,-30.0,False
2007-09-18,1,301,390,925.0,895.0,False
2007-09-20,-1,31,61,-75.0,-105.0,True
2007-09-20,-1,331,361,-75.0,-105.0,False
2007-10-01,1,31,390,687.5,657.5,True
2007-10-02,-1,31,121,12.5,-17.5,True
2007-10-02,-1,211,271,-12.5,-42.5,False
2007-10-03,-1,31,61,-262.5,-292.5,True
2007-10-05,1,151,181,-37.5,-67.5,False
2007-10-05,1,211,390,125.0,95.0,False
2007-10-08,-1,121,301,-25.0,-55.0,False
2007-10-09,1,361,390,75.0,45.0,False
2007-10-10,-1,31,61,-25.0,-55.0,True
2007-10-10,-1,91,121,-150.0,-180.0,True
2007-10-10,-1,241,271,-100.0,-130.0,False
2007-10-11,1,211,241,12.5,-17.5,False
2007-10-11,-1,361,390,-325.0,-355.0,False
2007-10-12,1,61,241,-37.5,-67.5,True
2007-10-12,1,301,331,0.0,-30.0,False
2007-10-15,-1,31,390,487.5,457.5,True
2007-10-16,-1,61,121,-225.0,-255.0,True
2007-10-16,-1,361,390,-25.0,-55.0,False
2007-10-17,-1,241,331,-62.5,-92.5,False
2007-10-19,-1,31,390,1475.0,1445.0,True
2007-10-22,1,241,271,-250.0,-280.0,False
2007-10-24,-1,91,331,-325.0,-355.0,True
2007-10-25,-1,31,61,-587.5,-617.5,True
2007-10-25,-1,241,301,-225.0,-255.0,False
2007-10-31,1,331,361,-387.5,-417.5,False
2007-11-01,-1,31,91,-87.5,-117.5,True
2007-11-01,-1,151,181,-50.0,-80.0,False
2007-11-01,-1,271,390,525.0,495.0,False
2007-11-02,-1,31,181,-150.0,-180.0,True
2007-11-02,-1,331,361,-212.5,-242.5,False
2007-11-07,-1,211,390,975.0,945.0,False
2007-11-08,-1,181,361,-312.5,-342.5,False
2007-11-12,1,91,151,-100.0,-130.0,True
2007-11-12,1,181,271,-450.0,-480.0,False
2007-11-13,1,61,91,-187.5,-217.5,True
2007-11-13,1,121,151,-100.0,-130.0,False
2007-11-13,1,181,211,-37.5,-67.5,False
2007-11-13,1,241,390,1050.0,1020.0,False
2007-11-15,-1,331,390,-75.0,-105.0,False
2007-11-16,-1,61,91,-137.5,-167.5,True
2007-11-19,-1,91,390,287.5,257.5,True
2007-11-20,1,31,211,-500.0,-530.0,True
2007-11-20,-1,241,271,-325.0,-355.0,False
2007-11-20,-1,301,331,-137.5,-167.5,False
2007-11-21,-1,91,121,-212.5,-242.5,True
2007-11-21,-1,181,211,-475.0,-505.0,False
2007-11-23,1,151,210,137.5,107.5,False
2007-11-26,1,31,61,-462.5,-492.5,True
2007-11-26,-1,91,181,-250.0,-280.0,True
2007-11-26,-1,271,390,1175.0,1145.0,False
2007-11-27,1,91,181,-212.5,-242.5,True
2007-11-27,1,211,271,-187.5,-217.5,False
2007-11-28,1,31,390,1075.0,1045.0,True
2007-12-05,1,121,211,-225.0,-255.0,False
2007-12-06,1,211,271,-162.5,-192.5,False
2007-12-06,1,301,390,550.0,520.0,False
2007-12-10,1,61,121,25.0,-5.0,True
2007-12-11,-1,301,390,1075.0,1045.0,False
2007-12-17,-1,31,61,-137.5,-167.5,True
2007-12-17,-1,271,301,-200.0,-230.0,False
2007-12-17,-1,331,390,150.0,120.0,False
2007-12-18,-1,151,181,-0.0,-30.0,False
2007-12-19,1,31,121,-437.5,-467.5,True
2007-12-19,-1,151,181,-237.5,-267.5,False
2007-12-24,1,31,61,-12.5,-42.5,True
2007-12-27,-1,31,61,-112.5,-142.5,True
2007-12-27,-1,181,390,275.0,245.0,False
2007-12-31,-1,121,211,-150.0,-180.0,False
2008-01-02,-1,61,390,637.5,607.5,True
2008-01-04,-1,31,390,1062.5,1032.5,True
2008-01-07,-1,61,91,-100.0,-130.0,True
2008-01-08,-1,361,390,525.0,495.0,False
2008-01-09,1,31,61,-25.0,-55.0,True
2008-01-10,1,331,390,-150.0,-180.0,False
2008-01-15,-1,61,361,187.5,157.5,True
2008-01-16,-1,91,121,-362.5,-392.5,True
2008-01-17,-1,61,390,1437.5,1407.5,True
2008-01-18,-1,151,181,-537.5,-567.5,False
2008-01-18,-1,241,390,-275.0,-305.0,False
2008-01-25,-1,241,361,12.5,-17.5,False
2008-01-30,1,331,361,-375.0,-405.0,False
2008-01-31,1,151,181,-200.0,-230.0,False
2008-01-31,1,331,390,-125.0,-155.0,False
2008-02-07,1,271,301,-275.0,-305.0,False
2008-02-12,1,61,181,-150.0,-180.0,True
2008-02-14,-1,121,181,-112.5,-142.5,False
2008-02-14,-1,211,271,-37.5,-67.5,False
2008-02-21,-1,91,121,-187.5,-217.5,True
2008-02-21,-1,241,301,-75.0,-105.0,False
2008-02-21,-1,361,390,-0.0,-30.0,False
2008-02-22,-1,61,361,137.5,107.5,True
2008-02-25,-1,31,61,-512.5,-542.5,True
2008-02-25,1,91,121,-112.5,-142.5,True
2008-02-25,1,301,331,-237.5,-267.5,False
2008-02-25,1,361,390,150.0,120.0,False
2008-02-26,1,151,271,87.5,57.5,False
2008-02-26,1,301,361,-62.5,-92.5,False
2008-02-27,1,151,181,-187.5,-217.5,False
2008-02-29,-1,31,390,825.0,795.0,True
2008-03-03,-1,31,61,-500.0,-530.0,True
2008-03-04,-1,151,181,-212.5,-242.5,False
2008-03-04,-1,271,301,25.0,-5.0,False
2008-03-05,1,61,91,-25.0,-55.0,True
2008-03-05,1,121,151,-25.0,-55.0,False
2008-03-06,-1,31,91,87.5,57.5,True
2008-03-06,-1,121,390,687.5,657.5,False
2008-03-10,-1,121,211,-137.5,-167.5,False
2008-03-10,-1,241,390,325.0,295.0,False
2008-03-11,1,361,390,262.5,232.5,False
2008-03-13,-1,31,121,-600.0,-630.0,True
2008-03-13,1,271,390,-150.0,-180.0,False
2008-03-14,-1,31,390,87.5,57.5,True
2008-03-18,1,181,301,-300.0,-330.0,False
2008-03-18,1,331,390,412.5,382.5,False
2008-03-19,-1,271,390,825.0,795.0,False
2008-03-20,1,91,151,-300.0,-330.0,True
2008-03-20,1,241,390,875.0,845.0,False
2008-03-24,1,31,390,175.0,145.0,True
2008-04-01,1,61,390,1212.5,1182.5,True
2008-04-09,-1,31,61,12.5,-17.5,True
2008-04-09,-1,121,271,75.0,45.0,False
2008-04-09,-1,301,390,-125.0,-155.0,False
2008-04-10,1,91,211,-37.5,-67.5,True
2008-04-11,-1,301,331,-0.0,-30.0,False
2008-04-16,1,61,390,512.5,482.5,True
2008-04-22,-1,31,91,-100.0,-130.0,True
2008-04-22,-1,151,390,-100.0,-130.0,False
2008-04-23,1,91,121,-62.5,-92.5,True
2008-04-24,-1,61,121,-300.0,-330.0,True
2008-04-24,1,181,390,-75.0,-105.0,False
2008-04-25,-1,121,151,-187.5,-217.5,False
2008-04-29,-1,61,121,-87.5,-117.5,True
2008-04-29,-1,151,181,-112.5,-142.5,False
2008-04-30,1,121,181,-175.0,-205.0,False
2008-04-30,1,301,331,-450.0,-480.0,False
2008-05-01,1,31,390,1100.0,1070.0,True
2008-05-05,-1,91,121,-100.0,-130.0,True
2008-05-06,1,211,301,-100.0,-130.0,False
2008-05-06,1,331,390,37.5,7.5,False
2008-05-07,-1,121,211,62.5,32.5,False
2008-05-07,-1,241,390,787.5,757.5,False
2008-05-12,1,121,211,137.5,107.5,False
2008-05-12,1,301,390,137.5,107.5,False
2008-05-13,-1,31,61,-25.0,-55.0,True
2008-05-13,-1,91,151,-100.0,-130.0,True
2008-05-14,1,31,91,62.5,32.5,True
2008-05-14,1,151,181,12.5,-17.5,False
2008-05-14,1,241,331,-87.5,-117.5,False
2008-05-15,1,181,211,0.0,-30.0,False
2008-05-15,1,331,390,312.5,282.5,False
2008-05-16,-1,91,181,-150.0,-180.0,True
2008-05-19,1,61,301,-137.5,-167.5,True
2008-05-20,-1,31,61,-62.5,-92.5,True
2008-05-20,-1,121,181,-62.5,-92.5,False
2008-05-20,-1,271,361,-137.5,-167.5,False
2008-05-21,-1,91,121,-137.5,-167.5,True
2008-05-21,-1,301,390,300.0,270.0,False
2008-05-22,1,61,91,-25.0,-55.0,True
2008-05-23,-1,31,390,425.0,395.0,True
2008-05-27,1,31,91,125.0,95.0,True
2008-05-27,1,331,390,12.5,-17.5,False
2008-05-29,1,91,390,50.0,20.0,True
2008-06-02,-1,31,390,237.5,207.5,True
2008-06-03,-1,271,361,-237.5,-267.5,False
2008-06-04,1,91,211,-112.5,-142.5,True
2008-06-05,1,31,390,812.5,782.5,True
2008-06-06,-1,61,390,1200.0,1170.0,True
2008-06-11,-1,31,390,800.0,770.0,True
2008-06-12,1,31,211,-112.5,-142.5,True
2008-06-13,1,61,151,-137.5,-167.5,True
2008-06-20,-1,271,390,137.5,107.5,False
2008-06-24,-1,31,61,-100.0,-130.0,True
2008-06-25,1,31,61,-62.5,-92.5,True
2008-06-25,1,91,211,-112.5,-142.5,True
2008-06-25,1,301,361,25.0,-5.0,False
2008-06-26,-1,91,390,662.5,632.5,True
2008-06-27,-1,241,301,-325.0,-355.0,False
2008-06-30,-1,31,61,-275.0,-305.0,True
2008-06-30,1,91,241,-75.0,-105.0,True
2008-07-02,-1,181,211,-100.0,-130.0,False
2008-07-02,-1,301,390,775.0,745.0,False
2008-07-07,1,31,61,-225.0,-255.0,True
2008-07-07,-1,181,361,-325.0,-355.0,False
2008-07-08,1,331,390,400.0,370.0,False
2008-07-09,-1,301,390,937.5,907.5,False
2008-07-10,-1,61,91,-62.5,-92.5,True
2008-07-10,1,271,301,-500.0,-530.0,False
2008-07-11,-1,61,91,-112.5,-142.5,True
2008-07-11,-1,121,151,-225.0,-255.0,False
2008-07-11,-1,181,271,-150.0,-180.0,False
2008-07-14,-1,151,301,-50.0,-80.0,False
2008-07-14,-1,331,361,-262.5,-292.5,False
2008-07-15,-1,31,121,-200.0,-230.0,True
2008-07-16,1,31,61,-237.5,-267.5,True
2008-07-16,1,91,390,987.5,957.5,True
2008-07-18,-1,31,61,-100.0,-130.0,True
2008-07-23,1,61,151,-275.0,-305.0,True
2008-07-24,-1,31,390,1125.0,1095.0,True
2008-07-28,-1,211,390,387.5,357.5,False
2008-07-29,1,31,390,875.0,845.0,True
2008-07-30,1,61,91,-237.5,-267.5,True
2008-08-01,-1,31,151,-62.5,-92.5,True
2008-08-01,-1,211,241,-300.0,-330.0,False
2008-08-04,-1,31,151,-37.5,-67.5,True
2008-08-04,-1,241,271,-62.5,-92.5,False
2008-08-05,1,61,390,887.5,857.5,True
2008-08-08,1,31,390,1137.5,1107.5,True
2008-08-11,1,151,331,-112.5,-142.5,False
2008-08-13,-1,151,181,-50.0,-80.0,False
2008-08-14,1,121,181,-37.5,-67.5,False
2008-08-14,1,211,271,-137.5,-167.5,False
2008-08-18,-1,31,61,25.0,-5.0,True
2008-08-18,-1,151,390,350.0,320.0,False
2008-08-20,-1,31,61,-162.5,-192.5,True
2008-08-22,1,31,91,62.5,32.5,True
2008-08-25,-1,91,390,500.0,470.0,True
2008-08-27,1,181,271,-12.5,-42.5,False
2008-08-29,-1,181,211,-150.0,-180.0,False
2008-09-02,-1,331,361,-150.0,-180.0,False
2008-09-03,-1,151,181,-50.0,-80.0,False
2008-09-04,-1,91,390,812.5,782.5,True
2008-09-05,-1,61,151,-350.0,-380.0,True
2008-09-09,-1,61,390,1700.0,1670.0,True
2008-09-11,-1,31,61,-225.0,-255.0,True
2008-09-17,-1,121,301,-687.5,-717.5,False
2008-09-18,1,31,61,-75.0,-105.0,True
2008-09-18,-1,211,241,-1137.5,-1167.5,False
2008-09-18,1,361,390,75.0,45.0,False
2008-09-22,-1,31,91,37.5,7.5,True
2008-09-22,-1,121,211,-200.0,-230.0,False
2008-09-22,-1,241,390,887.5,857.5,False
2008-09-23,-1,241,301,-462.5,-492.5,False
2008-09-25,1,31,91,125.0,95.0,True
2008-09-25,1,121,390,-50.0,-80.0,False
2008-09-29,-1,31,390,2237.5,2207.5,True
2008-09-30,1,241,390,812.5,782.5,False
2008-10-02,-1,31,390,1175.0,1145.0,True
2008-10-03,1,31,61,112.5,82.5,True
2008-10-03,1,91,181,-337.5,-367.5,True
2008-10-03,1,211,241,-475.0,-505.0,False
2008-10-06,-1,31,390,87.5,57.5,True
2008-10-07,-1,121,151,-162.5,-192.5,False
2008-10-07,-1,181,390,2262.5,2232.5,False
2008-10-08,1,31,61,-725.0,-755.0,True
2008-10-09,-1,91,121,-25.0,-55.0,True
2008-10-09,-1,331,390,2012.5,1982.5,False
2008-10-10,-1,151,181,-600.0,-630.0,False
2008-10-10,-1,271,331,12.5,-17.5,False
2008-10-13,1,121,271,325.0,295.0,False
2008-10-13,1,331,390,2037.5,2007.5,False
2008-10-14,-1,331,361,-1087.5,-1117.5,False
2008-10-15,-1,61,390,2762.5,2732.5,True
2008-10-16,-1,61,181,-725.0,-755.0,True
2008-10-17,1,211,301,-125.0,-155.0,False
2008-10-22,-1,31,61,50.0,20.0,True
2008-10-22,-1,361,390,-337.5,-367.5,False
2008-10-23,1,91,121,-475.0,-505.0,True
2008-10-23,-1,241,271,62.5,32.5,False
2008-10-23,-1,301,361,-837.5,-867.5,False
2008-10-28,1,361,390,1550.0,1520.0,False
2008-11-05,-1,301,331,-100.0,-130.0,False
2008-11-05,-1,361,390,525.0,495.0,False
2008-11-06,-1,91,390,1262.5,1232.5,True
2008-11-07,1,61,91,-12.5,-42.5,True
2008-11-10,-1,361,390,-600.0,-630.0,False
2008-11-11,-1,31,211,100.0,70.0,True
2008-11-12,-1,331,390,350.0,320.0,False
2008-11-13,-1,211,241,-1012.5,-1042.5,False
2008-11-13,1,331,390,1887.5,1857.5,False
2008-11-14,-1,121,211,-0.0,-30.0,False
2008-11-17,-1,61,121,-200.0,-230.0,True
2008-11-18,1,61,121,-437.5,-467.5,True
2008-11-18,1,151,181,-437.5,-467.5,False
2008-11-18,-1,331,361,-625.0,-655.0,False
2008-11-19,-1,91,390,1575.0,1545.0,True
2008-11-20,-1,31,91,-837.5,-867.5,True
2008-11-20,-1,361,390,937.5,907.5,False
2008-11-24,1,61,181,-237.5,-267.5,True
2008-11-24,1,211,390,475.0,445.0,False
2008-11-26,1,331,390,312.5,282.5,False
2008-12-01,-1,31,390,1837.5,1807.5,True
2008-12-02,1,181,211,-162.5,-192.5,False
2008-12-03,1,151,181,-425.0,-455.0,False
2008-12-05,1,331,390,537.5,507.5,False
2008-12-16,1,331,390,837.5,807.5,False
2008-12-18,-1,301,331,-87.5,-117.5,False
2008-12-18,-1,361,390,-425.0,-455.0,False
2008-12-19,1,61,91,-137.5,-167.5,True
2008-12-22,-1,181,211,-100.0,-130.0,False
2008-12-22,-1,241,390,312.5,282.5,False
2008-12-29,-1,61,331,75.0,45.0,True
2008-12-30,1,151,181,-62.5,-92.5,False
2008-12-31,1,61,241,12.5,-17.5,True
2008-12-31,1,271,390,37.5,7.5,False
2009-01-02,1,91,390,725.0,695.0,True
2009-01-05,-1,31,61,-362.5,-392.5,True
2009-01-06,1,31,61,-662.5,-692.5,True
2009-01-07,-1,61,121,-62.5,-92.5,True
2009-01-07,-1,271,361,150.0,120.0,False
2009-01-09,-1,31,390,150.0,120.0,True
2009-01-12,-1,31,390,725.0,695.0,True
2009-01-14,-1,31,390,300.0,270.0,True
2009-01-15,-1,31,271,-162.5,-192.5,True
2009-01-16,-1,181,211,-300.0,-330.0,False
2009-01-20,-1,31,390,1150.0,1120.0,True
2009-01-22,-1,151,181,-225.0,-255.0,False
2009-01-23,1,271,301,-125.0,-155.0,False
2009-01-26,1,31,151,75.0,45.0,True
2009-01-28,1,301,361,-375.0,-405.0,False
2009-01-29,-1,211,241,-87.5,-117.5,False
2009-01-29,-1,271,301,-187.5,-217.5,False
2009-01-29,-1,361,390,200.0,170.0,False
2009-01-30,-1,61,181,-12.5,-42.5,True
2009-01-30,-1,271,390,287.5,257.5,False
2009-02-03,1,361,390,-225.0,-255.0,False
2009-02-04,1,31,61,100.0,70.0,True
2009-02-05,-1,31,61,-162.5,-192.5,True
2009-02-05,1,151,241,-25.0,-55.0,False
2009-02-05,1,271,390,75.0,45.0,False
2009-02-06,1,31,390,375.0,345.0,True
2009-02-10,-1,121,390,1062.5,1032.5,False
2009-02-12,-1,31,61,-150.0,-180.0,True
2009-02-17,-1,31,61,-50.0,-80.0,True
2009-02-23,-1,91,390,862.5,832.5,True
2009-02-24,1,241,390,437.5,407.5,False
2009-02-25,-1,31,271,-475.0,-505.0,True
2009-03-02,-1,91,390,625.0,595.0,True
2009-03-03,-1,121,181,-250.0,-280.0,False
2009-03-04,1,121,151,0.0,-30.0,False
2009-03-04,1,331,390,-337.5,-367.5,False
2009-03-05,-1,121,241,-137.5,-167.5,False
2009-03-05,-1,271,390,187.5,157.5,False
2009-03-06,-1,91,151,-112.5,-142.5,True
2009-03-06,-1,241,390,-562.5,-592.5,False
2009-03-09,1,61,91,-287.5,-317.5,True
2009-03-10,1,31,390,912.5,882.5,True
2009-03-11,1,31,61,12.5,-17.5,True
2009-03-12,1,211,390,587.5,557.5,False
2009-03-17,1,241,271,-125.0,-155.0,False
2009-03-17,1,331,390,487.5,457.5,False
2009-03-18,1,301,361,-112.5,-142.5,False
2009-03-20,-1,271,361,-212.5,-242.5,False
2009-03-23,1,61,241,150.0,120.0,True
2009-03-23,1,331,390,675.0,645.0,False
2009-03-25,1,31,121,62.5,32.5,True
2009-03-31,1,361,390,-650.0,-680.0,False
2009-04-01,1,91,211,112.5,82.5,True
2009-04-01,1,241,361,50.0,20.0,False
2009-04-02,1,121,241,-150.0,-180.0,False
2009-04-14,-1,211,241,-37.5,-67.5,False
2009-04-16,1,361,390,-162.5,-192.5,False
2009-04-21,1,121,390,525.0,495.0,False
2009-04-22,1,61,91,-125.0,-155.0,True
2009-04-22,1,121,181,-175.0,-205.0,False
2009-04-22,1,301,331,0.0,-30.0,False
2009-04-23,-1,91,181,-62.5,-92.5,True
2009-04-24,1,151,181,-37.5,-67.5,False
2009-04-24,1,211,271,-162.5,-192.5,False
2009-04-24,1,331,390,-237.5,-267.5,False
2009-04-29,1,61,361,12.5,-17.5,True
2009-05-04,1,31,390,887.5,857.5,True
2009-05-07,-1,241,390,100.0,70.0,False
2009-05-11,-1,31,61,-100.0,-130.0,True
2009-05-12,-1,181,331,-475.0,-505.0,False
2009-05-13,-1,211,271,-137.5,-167.5,False
2009-05-13,-1,301,331,-137.5,-167.5,False
2009-05-13,-1,361,390,12.5,-17.5,False
2009-05-14,1,181,241,-112.5,-142.5,False
2009-05-14,1,301,390,-187.5,-217.5,False
2009-05-15,-1,331,361,-137.5,-167.5,False
2009-05-18,1,181,241,62.5,32.5,False
2009-05-18,1,331,390,212.5,182.5,False
2009-05-19,-1,31,61,-362.5,-392.5,True
2009-05-20,1,31,91,-37.5,-67.5,True
2009-05-21,-1,91,121,-87.5,-117.5,True
2009-05-21,-1,301,390,-325.0,-355.0,False
2009-05-26,1,61,390,437.5,407.5,True
2009-05-27,-1,301,390,337.5,307.5,False
2009-06-01,1,31,390,362.5,332.5,True
2009-06-03,-1,31,91,-25.0,-55.0,True
2009-06-03,-1,181,331,75.0,45.0,False
2009-06-03,-1,361,390,-400.0,-430.0,False
2009-06-08,-1,31,61,-12.5,-42.5,True
2009-06-08,-1,181,211,-0.0,-30.0,False
2009-06-10,-1,241,331,-87.5,-117.5,False
2009-06-10,-1,361,390,-325.0,-355.0,False
2009-06-11,1,31,61,12.5,-17.5,True
2009-06-11,1,121,151,-75.0,-105.0,False
2009-06-11,1,211,361,-87.5,-117.5,False
2009-06-15,-1,91,390,37.5,7.5,True
2009-06-16,-1,211,361,50.0,20.0,False
2009-06-18,1,31,91,-50.0,-80.0,True
2009-06-18,1,121,271,62.5,32.5,False
2009-06-18,1,331,361,-37.5,-67.5,False
2009-06-24,1,61,181,-62.5,-92.5,True
2009-06-25,1,61,390,600.0,570.0,True
2009-06-30,-1,61,390,-62.5,-92.5,True
2009-07-01,1,31,121,-12.5,-42.5,True
2009-07-02,-1,31,390,337.5,307.5,True
2009-07-07,-1,91,241,-0.0,-30.0,True
2009-07-07,-1,331,390,262.5,232.5,False
2009-07-08,-1,181,241,-350.0,-380.0,False
2009-07-08,-1,301,331,-150.0,-180.0,False
2009-07-13,1,151,390,337.5,307.5,False
2009-07-15,1,121,390,375.0,345.0,False
2009-07-16,1,361,390,0.0,-30.0,False
2009-07-23,1,31,390,612.5,582.5,True
2009-07-30,1,31,151,-87.5,-117.5,True
2009-07-30,1,241,271,-25.0,-55.0,False
2009-07-30,1,361,390,-400.0,-430.0,False
2009-08-05,-1,31,241,25.0,-5.0,True
2009-08-05,-1,271,301,-50.0,-80.0,False
2009-08-06,-1,61,91,-112.5,-142.5,True
2009-08-06,-1,181,211,-37.5,-67.5,False
2009-08-06,-1,271,361,-75.0,-105.0,False
2009-08-07,1,91,181,-37.5,-67.5,True
2009-08-07,1,211,390,-237.5,-267.5,False
2009-08-11,-1,61,301,-62.5,-92.5,True
2009-08-12,1,31,390,100.0,70.0,True
2009-08-13,-1,31,61,-237.5,-267.5,True
2009-08-14,-1,31,390,-75.0,-105.0,True
2009-08-18,1,151,390,25.0,-5.0,False
2009-08-19,1,181,361,-87.5,-117.5,False
2009-08-20,1,31,61,-50.0,-80.0,True
2009-08-20,1,91,151,-62.5,-92.5,True
2009-08-20,1,361,390,0.0,-30.0,False
2009-08-21,1,61,271,-25.0,-55.0,True
2009-08-21,1,301,390,112.5,82.5,False
2009-08-27,-1,31,151,-175.0,-205.0,True
2009-08-28,-1,181,241,-175.0,-205.0,False
2009-09-01,-1,121,390,412.5,382.5,False
2009-09-04,1,181,390,137.5,107.5,False
2009-09-09,1,121,301,-175.0,-205.0,False
2009-09-16,1,151,390,262.5,232.5,False
2009-09-17,1,31,61,-275.0,-305.0,True
2009-09-24,-1,61,390,137.5,107.5,True
2009-09-25,-1,211,241,-75.0,-105.0,False
2009-09-28,1,31,390,337.5,307.5,True
2009-09-29,1,31,61,-250.0,-280.0,True
2009-09-30,-1,31,211,-562.5,-592.5,True
2009-09-30,-1,361,390,-150.0,-180.0,False
2009-10-01,-1,31,390,987.5,957.5,True
2009-10-05,1,31,61,-62.5,-92.5,True
2009-10-05,1,91,121,-62.5,-92.5,True
2009-10-05,1,151,181,0.0,-30.0,False
2009-10-05,1,211,390,125.0,95.0,False
2009-10-06,1,31,271,-100.0,-130.0,True
2009-10-06,1,361,390,-25.0,-55.0,False
2009-10-19,1,91,390,112.5,82.5,True
2009-10-20,-1,151,390,-112.5,-142.5,False
2009-10-21,1,31,361,-312.5,-342.5,True
2009-10-22,1,301,390,87.5,57.5,False
2009-10-23,-1,91,390,237.5,207.5,True
2009-10-26,1,31,121,-300.0,-330.0,True
2009-10-26,-1,151,390,87.5,57.5,False
2009-10-28,-1,61,390,675.0,645.0,True
2009-10-29,1,61,390,525.0,495.0,True
2009-10-30,-1,31,61,-25.0,-55.0,True
2009-10-30,-1,121,390,1012.5,982.5,False
2009-11-02,1,31,181,-25.0,-55.0,True
2009-11-04,1,61,121,-50.0,-80.0,True
2009-11-05,1,31,151,0.0,-30.0,True
2009-11-05,1,211,271,-37.5,-67.5,False
2009-11-05,1,331,390,87.5,57.5,False
2009-11-09,1,61,390,537.5,507.5,True
2009-11-16,1,31,361,-112.5,-142.5,True
2009-11-18,-1,31,61,-62.5,-92.5,True
2009-11-19,-1,31,390,-137.5,-167.5,True
2009-11-23,1,31,151,-212.5,-242.5,True
2009-11-24,-1,31,91,-225.0,-255.0,True
2009-12-01,1,241,390,-137.5,-167.5,False
2009-12-02,1,61,91,-62.5,-92.5,True
2009-12-08,-1,91,121,-175.0,-205.0,True
2009-12-08,-1,241,271,-87.5,-117.5,False
2009-12-08,-1,301,390,-12.5,-42.5,False
2009-12-09,1,361,390,12.5,-17.5,False
2009-12-16,1,121,151,-62.5,-92.5,False
2009-12-17,-1,31,61,-87.5,-117.5,True
2009-12-17,-1,181,331,-25.0,-55.0,False
2009-12-17,-1,361,390,62.5,32.5,False
2009-12-21,1,31,390,62.5,32.5,True
2009-12-22,1,61,91,-125.0,-155.0,True
2009-12-24,1,61,91,-50.0,-80.0,True
2009-12-31,-1,121,390,400.0,370.0,False
2010-01-04,1,31,390,212.5,182.5,True
2010-01-05,-1,31,61,-287.5,-317.5,True
2010-01-07,-1,31,61,-112.5,-142.5,True
2010-01-07,1,331,390,12.5,-17.5,False
2010-01-12,-1,181,331,-50.0,-80.0,False
2010-01-12,-1,361,390,-37.5,-67.5,False
2010-01-13,1,181,390,162.5,132.5,False
2010-01-15,-1,31,390,275.0,245.0,True
2010-01-19,1,31,390,425.0,395.0,True
2010-01-20,-1,31,361,112.5,82.5,True
2010-01-21,-1,61,390,525.0,495.0,True
2010-01-22,-1,331,390,412.5,382.5,False
2010-01-26,1,211,241,-100.0,-130.0,False
2010-01-26,1,271,301,-187.5,-217.5,False
2010-01-28,-1,61,390,337.5,307.5,True
2010-01-29,1,31,91,-12.5,-42.5,True
2010-01-29,-1,361,390,62.5,32.5,False
2010-02-02,1,91,121,-25.0,-55.0,True
2010-02-02,1,181,390,137.5,107.5,False
2010-02-04,-1,31,390,737.5,707.5,True
2010-02-05,-1,31,61,-175.0,-205.0,True
2010-02-05,-1,241,361,-462.5,-492.5,False
2010-02-09,1,181,211,-187.5,-217.5,False
2010-02-10,-1,61,91,-175.0,-205.0,True
2010-02-11,1,151,390,162.5,132.5,False
2010-02-18,1,331,361,-25.0,-55.0,False
2010-02-19,1,211,241,-87.5,-117.5,False
2010-02-23,-1,61,390,125.0,95.0,True
2010-02-24,1,31,61,-250.0,-280.0,True
2010-02-24,1,91,121,-50.0,-80.0,True
2010-02-24,1,241,301,-87.5,-117.5,False
2010-03-01,1,61,390,212.5,182.5,True
2010-03-03,1,91,151,-25.0,-55.0,True
2010-03-04,1,31,61,-75.0,-105.0,True
2010-03-05,1,61,181,-37.5,-67.5,True
2010-03-05,1,211,301,12.5,-17.5,False
2010-03-05,1,331,390,62.5,32.5,False
2010-03-09,1,151,331,-37.5,-67.5,False
2010-03-10,1,31,181,-112.5,-142.5,True
2010-03-10,1,301,331,-75.0,-105.0,False
2010-03-15,-1,121,241,-62.5,-92.5,False
2010-03-16,1,301,331,-25.0,-55.0,False
2010-03-16,1,361,390,50.0,20.0,False
2010-03-17,1,31,61,-87.5,-117.5,True
2010-03-17,1,121,331,-62.5,-92.5,False
2010-03-18,-1,181,241,-50.0,-80.0,False
2010-03-19,-1,61,390,87.5,57.5,True
2010-03-22,1,61,91,12.5,-17.5,True
2010-03-22,1,151,390,87.5,57.5,False
2010-03-23,1,361,390,25.0,-5.0,False
2010-03-26,1,61,91,-75.0,-105.0,True
2010-03-30,1,31,61,-137.5,-167.5,True
2010-04-01,1,31,61,-50.0,-80.0,True
2010-04-05,1,61,390,112.5,82.5,True
2010-04-07,-1,361,390,-162.5,-192.5,False
2010-04-08,-1,31,61,-137.5,-167.5,True
2010-04-08,1,331,361,-12.5,-42.5,False
2010-04-13,-1,61,181,-150.0,-180.0,True
2010-04-14,1,121,151,-50.0,-80.0,False
2010-04-14,1,181,390,250.0,220.0,False
2010-04-15,1,91,121,-150.0,-180.0,True
2010-04-16,-1,31,61,-187.5,-217.5,True
2010-04-19,1,31,61,0.0,-30.0,True
2010-04-21,1,31,61,-187.5,-217.5,True
2010-04-21,-1,121,151,-62.5,-92.5,False
2010-04-21,-1,301,390,-225.0,-255.0,False
2010-04-22,-1,31,61,-175.0,-205.0,True
2010-04-23,1,331,390,100.0,70.0,False
2010-04-27,-1,121,390,587.5,557.5,False
2010-04-29,1,61,390,112.5,82.5,True
2010-04-30,-1,31,91,-0.0,-30.0,True
2010-04-30,-1,121,151,-62.5,-92.5,False
2010-04-30,-1,181,390,450.0,420.0,False
2010-05-03,1,31,91,-175.0,-205.0,True
2010-05-03,1,181,390,75.0,45.0,False
2010-05-04,-1,31,390,525.0,495.0,True
2010-05-06,-1,151,181,-75.0,-105.0,False
2010-05-06,-1,241,390,1187.5,1157.5,False
2010-05-07,-1,61,151,-1050.0,-1080.0,True
2010-05-07,-1,211,271,-12.5,-42.5,False
2010-05-07,-1,301,390,-62.5,-92.5,False
2010-05-11,1,211,301,-275.0,-305.0,False
2010-05-12,1,31,121,-175.0,-205.0,True
2010-05-12,1,181,271,-37.5,-67.5,False
2010-05-12,1,301,331,0.0,-30.0,False
2010-05-14,-1,31,390,137.5,107.5,True
2010-05-17,-1,121,331,-187.5,-217.5,False
2010-05-18,-1,271,390,212.5,182.5,False
2010-05-19,-1,121,181,-212.5,-242.5,False
2010-05-20,-1,61,91,-187.5,-217.5,True
2010-05-20,-1,211,241,-575.0,-605.0,False
2010-05-21,1,121,241,-137.5,-167.5,False
2010-05-21,1,271,301,-225.0,-255.0,False
2010-05-26,1,31,61,-25.0,-55.0,True
2010-05-28,-1,91,151,-25.0,-55.0,True
2010-05-28,-1,211,331,-150.0,-180.0,False
2010-06-02,1,211,241,-62.5,-92.5,False
2010-06-02,1,331,390,400.0,370.0,False
2010-06-04,-1,301,390,275.0,245.0,False
2010-06-07,-1,91,121,-112.5,-142.5,True
2010-06-07,-1,361,390,87.5,57.5,False
2010-06-09,1,121,211,-200.0,-230.0,False
2010-06-10,1,31,61,-200.0,-230.0,True
2010-06-10,1,331,390,262.5,232.5,False
2010-06-15,1,91,121,-25.0,-55.0,True
2010-06-15,1,151,390,550.0,520.0,False
2010-06-17,-1,61,121,-50.0,-80.0,True
2010-06-22,-1,301,390,550.0,520.0,False
2010-06-23,-1,61,241,-287.5,-317.5,True
2010-06-24,-1,31,61,-225.0,-255.0,True
2010-06-24,-1,91,271,-287.5,-317.5,True
2010-06-24,-1,331,390,137.5,107.5,False
2010-06-25,-1,91,121,-175.0,-205.0,True
2010-06-28,-1,31,61,-162.5,-192.5,True
2010-06-29,-1,31,390,562.5,532.5,True
2010-07-01,-1,61,271,-312.5,-342.5,True
2010-07-02,-1,121,331,50.0,20.0,False
2010-07-07,1,31,390,1287.5,1257.5,True
2010-07-13,1,181,211,-75.0,-105.0,False
2010-07-15,-1,61,241,-325.0,-355.0,True
2010-07-16,-1,31,390,687.5,657.5,True
2010-07-20,1,361,390,112.5,82.5,False
2010-07-21,-1,301,390,137.5,107.5,False
2010-07-22,1,31,390,187.5,157.5,True
2010-07-26,1,121,211,-12.5,-42.5,False
2010-07-29,-1,121,241,-37.5,-67.5,False
2010-08-06,-1,91,121,-62.5,-92.5,True
2010-08-06,-1,181,211,-50.0,-80.0,False
2010-08-10,-1,31,61,-75.0,-105.0,True
2010-08-11,-1,31,390,425.0,395.0,True
2010-08-17,1,121,390,-112.5,-142.5,False
2010-08-18,-1,61,91,-112.5,-142.5,True
2010-08-18,1,271,331,-75.0,-105.0,False
2010-08-19,-1,61,390,175.0,145.0,True
2010-08-20,-1,151,181,-125.0,-155.0,False
2010-08-26,-1,301,390,37.5,7.5,False
2010-08-27,1,181,211,-175.0,-205.0,False
2010-08-27,1,271,390,125.0,95.0,False
2010-08-30,-1,361,390,175.0,145.0,False
2010-09-01,1,31,390,675.0,645.0,True
2010-09-03,1,31,61,-362.5,-392.5,True
2010-09-07,-1,31,61,-62.5,-92.5,True
2010-09-08,1,31,271,37.5,7.5,True
2010-09-08,1,331,361,-75.0,-105.0,False
2010-09-14,1,151,181,0.0,-30.0,False
2010-09-20,1,61,390,400.0,370.0,True
2010-09-22,-1,121,151,-62.5,-92.5,False
2010-09-24,1,31,390,262.5,232.5,True
2010-09-27,-1,31,61,-100.0,-130.0,True
2010-09-28,-1,31,91,-212.5,-242.5,True
2010-09-30,1,31,61,-150.0,-180.0,True
2010-09-30,-1,121,151,-25.0,-55.0,False
2010-09-30,-1,181,211,-225.0,-255.0,False
2010-10-04,-1,121,390,-12.5,-42.5,False
2010-10-05,1,31,390,425.0,395.0,True
2010-10-07,-1,211,241,-62.5,-92.5,False
2010-10-12,-1,31,61,-100.0,-130.0,True
2010-10-12,1,361,390,-162.5,-192.5,False
2010-10-13,1,91,121,0.0,-30.0,True
2010-10-13,1,181,361,-162.5,-192.5,False
2010-10-14,-1,181,211,-75.0,-105.0,False
2010-10-14,-1,241,271,-137.5,-167.5,False
2010-10-14,-1,301,390,-237.5,-267.5,False
2010-10-15,-1,61,91,-162.5,-192.5,True
2010-10-18,1,91,121,-125.0,-155.0,True
2010-10-18,1,331,390,112.5,82.5,False
2010-10-19,-1,301,390,-162.5,-192.5,False
2010-10-20,1,31,390,325.0,295.0,True
2010-10-21,1,61,121,-137.5,-167.5,True
2010-10-25,1,31,61,-87.5,-117.5,True
2010-10-27,-1,91,151,-100.0,-130.0,True
2010-10-28,-1,181,241,-137.5,-167.5,False
2010-11-01,1,61,91,-75.0,-105.0,True
2010-11-03,-1,301,331,-425.0,-455.0,False
2010-11-04,1,91,271,-37.5,-67.5,True
2010-11-04,1,301,390,212.5,182.5,False
2010-11-05,1,61,151,-200.0,-230.0,True
2010-11-08,-1,31,61,-112.5,-142.5,True
2010-11-09,-1,151,181,-50.0,-80.0,False
2010-11-09,-1,241,390,237.5,207.5,False
2010-11-10,-1,31,151,-287.5,-317.5,True
2010-11-10,1,301,361,-37.5,-67.5,False
2010-11-12,-1,91,121,-112.5,-142.5,True
2010-11-12,-1,151,390,75.0,45.0,False
2010-11-15,1,151,181,-75.0,-105.0,False
2010-11-16,-1,91,390,312.5,282.5,True
2010-11-17,1,61,91,-125.0,-155.0,True
2010-11-17,1,121,181,-37.5,-67.5,False
2010-11-18,1,61,390,-150.0,-180.0,True
2010-11-19,-1,31,91,-125.0,-155.0,True
2010-11-22,-1,181,271,-162.5,-192.5,False
2010-11-23,-1,31,61,-100.0,-130.0,True
2010-11-23,-1,121,181,-125.0,-155.0,False
2010-11-23,-1,331,361,-37.5,-67.5,False
2010-11-24,1,31,390,325.0,295.0,True
2010-11-29,-1,31,121,-137.5,-167.5,True
2010-11-29,-1,151,181,-125.0,-155.0,False
2010-12-01,1,31,61,-150.0,-180.0,True
2010-12-01,1,151,390,-37.5,-67.5,False
2010-12-02,1,31,390,362.5,332.5,True
2010-12-16,-1,31,61,-137.5,-167.5,True
2010-12-16,1,121,331,-25.0,-55.0,False
2010-12-21,1,211,241,-50.0,-80.0,False
2010-12-23,-1,301,331,-50.0,-80.0,False
2010-12-30,-1,151,181,-25.0,-55.0,False
2011-01-03,1,31,390,-37.5,-67.5,True
2011-01-04,-1,31,61,-12.5,-42.5,True
2011-01-04,-1,91,301,-50.0,-80.0,True
2011-01-04,-1,331,361,-62.5,-92.5,False
2011-01-05,1,121,390,162.5,132.5,False
2011-01-06,-1,121,211,-25.0,-55.0,False
2011-01-06,-1,241,271,-162.5,-192.5,False
2011-01-06,-1,331,390,-100.0,-130.0,False
2011-01-07,-1,31,61,-125.0,-155.0,True
2011-01-07,-1,121,390,-137.5,-167.5,False
2011-01-10,-1,31,61,-175.0,-205.0,True
2011-01-12,1,121,151,12.5,-17.5,False
2011-01-12,1,181,211,-87.5,-117.5,False
2011-01-13,-1,61,91,-87.5,-117.5,True
2011-01-13,-1,331,390,-112.5,-142.5,False
2011-01-14,1,211,390,212.5,182.5,False
2011-01-19,-1,31,390,412.5,382.5,True
2011-01-20,-1,61,181,-12.5,-42.5,True
2011-01-24,1,121,361,-62.5,-92.5,False
2011-01-26,1,61,91,-75.0,-105.0,True
2011-01-27,1,31,91,-37.5,-67.5,True
2011-01-28,-1,61,390,800.0,770.0,True
2011-01-31,1,181,271,-100.0,-130.0,False
2011-02-01,1,31,390,437.5,407.5,True
2011-02-03,-1,61,91,-87.5,-117.5,True
2011-02-07,1,31,331,112.5,82.5,True
2011-02-11,1,121,151,-37.5,-67.5,False
2011-02-11,1,271,390,100.0,70.0,False
2011-02-16,1,31,61,50.0,20.0,True
2011-02-16,1,91,121,-125.0,-155.0,True
2011-02-22,-1,181,390,425.0,395.0,False
2011-02-23,-1,31,61,-50.0,-80.0,True
2011-02-23,-1,151,331,-162.5,-192.5,False
2011-02-24,-1,181,211,-112.5,-142.5,False
2011-02-24,-1,241,301,-162.5,-192.5,False
2011-02-25,1,31,151,-37.5,-67.5,True
2011-02-25,1,181,390,125.0,95.0,False
2011-02-28,1,31,121,-50.0,-80.0,True
2011-03-01,-1,61,390,737.5,707.5,True
2011-03-02,1,31,61,0.0,-30.0,True
2011-03-02,1,91,151,-437.5,-467.5,True
2011-03-03,1,31,61,-87.5,-117.5,True
2011-03-03,1,91,390,275.0,245.0,True
2011-03-04,-1,61,390,62.5,32.5,True
2011-03-07,-1,91,390,300.0,270.0,True
2011-03-08,1,61,390,175.0,145.0,True
2011-03-09,-1,91,121,-125.0,-155.0,True
2011-03-10,-1,31,151,-212.5,-242.5,True
2011-03-10,-1,361,390,-0.0,-30.0,False
2011-03-11,1,301,390,37.5,7.5,False
2011-03-14,-1,121,181,12.5,-17.5,False
2011-03-16,-1,151,390,487.5,457.5,False
2011-03-21,1,31,91,12.5,-17.5,True
2011-03-29,1,121,181,-37.5,-67.5,False
2011-03-29,1,211,241,-25.0,-55.0,False
2011-03-29,1,331,361,12.5,-17.5,False
2011-04-05,1,151,181,-25.0,-55.0,False
2011-04-05,1,211,241,12.5,-17.5,False
2011-04-07,1,31,61,-100.0,-130.0,True
2011-04-08,-1,331,390,-212.5,-242.5,False
2011-04-11,1,31,61,-112.5,-142.5,True
2011-04-11,-1,361,390,-112.5,-142.5,False
2011-04-12,-1,91,241,-187.5,-217.5,True
2011-04-15,1,181,241,-37.5,-67.5,False
2011-04-18,-1,31,271,-87.5,-117.5,True
2011-04-20,1,61,121,-25.0,-55.0,True
2011-04-20,1,151,181,-100.0,-130.0,False
2011-04-25,-1,61,121,37.5,7.5,True
2011-04-26,1,91,390,75.0,45.0,True
2011-05-03,-1,241,361,12.5,-17.5,False
2011-05-04,-1,31,390,162.5,132.5,True
2011-05-05,-1,361,390,-300.0,-330.0,False
2011-05-06,1,121,151,-100.0,-130.0,False
2011-05-09,1,181,390,-75.0,-105.0,False
2011-05-10,1,31,121,-37.5,-67.5,True
2011-05-10,1,331,390,-12.5,-42.5,False
2011-05-11,-1,31,390,487.5,457.5,True
2011-05-12,-1,31,61,-137.5,-167.5,True
2011-05-12,1,241,331,-87.5,-117.5,False
2011-05-13,-1,121,390,175.0,145.0,False
2011-05-16,1,91,121,-25.0,-55.0,True
2011-05-18,1,91,390,300.0,270.0,True
2011-05-20,-1,31,181,-200.0,-230.0,True
2011-05-25,1,301,331,-25.0,-55.0,False
2011-05-25,1,361,390,-225.0,-255.0,False
2011-05-26,1,301,390,-50.0,-80.0,False
2011-06-01,-1,31,390,1212.5,1182.5,True
2011-06-06,-1,271,390,237.5,207.5,False
2011-06-08,-1,31,61,-150.0,-180.0,True
2011-06-09,1,91,121,-50.0,-80.0,True
2011-06-09,1,151,390,-125.0,-155.0,False
2011-06-10,-1,31,331,-25.0,-55.0,True
2011-06-10,-1,361,390,287.5,257.5,False
2011-06-13,1,31,61,12.5,-17.5,True
2011-06-14,1,31,91,100.0,70.0,True
2011-06-14,1,241,390,-112.5,-142.5,False
2011-06-15,-1,151,390,287.5,257.5,False
2011-06-16,1,61,151,87.5,57.5,True
2011-06-16,1,181,211,-137.5,-167.5,False
2011-06-20,1,121,271,-25.0,-55.0,False
2011-06-20,1,331,361,-175.0,-205.0,False
2011-06-21,1,61,390,250.0,220.0,True
2011-06-23,-1,31,151,-87.5,-117.5,True
2011-06-24,-1,31,390,537.5,507.5,True
2011-06-27,1,61,390,87.5,57.5,True
2011-06-28,1,61,91,-12.5,-42.5,True
2011-06-28,1,211,390,187.5,157.5,False
2011-06-30,1,31,91,112.5,82.5,True
2011-06-30,1,121,211,-12.5,-42.5,False
2011-07-01,1,61,390,462.5,432.5,True
2011-07-11,-1,91,121,-200.0,-230.0,True
2011-07-11,-1,241,271,-100.0,-130.0,False
2011-07-11,-1,301,390,-12.5,-42.5,False
2011-07-13,1,61,271,-62.5,-92.5,True
2011-07-14,1,31,91,-425.0,-455.0,True
2011-07-14,-1,211,271,-162.5,-192.5,False
2011-07-14,-1,361,390,37.5,7.5,False
2011-07-18,-1,31,331,175.0,145.0,True
2011-07-18,-1,361,390,-112.5,-142.5,False
2011-07-19,1,31,151,-62.5,-92.5,True
2011-07-19,1,241,390,362.5,332.5,False
2011-07-21,1,31,390,325.0,295.0,True
2011-07-22,-1,31,91,-100.0,-130.0,True
2011-07-26,-1,31,61,-12.5,-42.5,True
2011-07-27,-1,31,390,725.0,695.0,True
2011-07-28,1,121,301,-375.0,-405.0,False
2011-08-01,-1,61,361,-87.5,-117.5,True
2011-08-02,-1,211,241,-125.0,-155.0,False
2011-08-02,-1,271,390,450.0,420.0,False
2011-08-03,-1,61,121,-37.5,-67.5,True
2011-08-03,-1,181,211,-175.0,-205.0,False
2011-08-04,-1,91,390,1512.5,1482.5,True
2011-08-05,-1,31,61,-637.5,-667.5,True
2011-08-05,-1,121,211,-1000.0,-1030.0,False
2011-08-05,-1,361,390,-425.0,-455.0,False
2011-08-08,-1,61,121,-300.0,-330.0,True
2011-08-08,-1,181,390,1662.5,1632.5,False
2011-08-09,1,61,211,-175.0,-205.0,True
2011-08-10,-1,31,271,-487.5,-517.5,True
2011-08-10,-1,361,390,812.5,782.5,False
2011-08-11,1,61,390,1337.5,1307.5,True
2011-08-15,1,61,91,-237.5,-267.5,True
2011-08-17,1,31,91,-325.0,-355.0,True
2011-08-18,-1,31,151,237.5,207.5,True
2011-08-18,-1,181,390,250.0,220.0,False
2011-08-19,1,61,91,-400.0,-430.0,True
2011-08-23,1,151,390,600.0,570.0,False
2011-08-24,1,31,61,-112.5,-142.5,True
2011-08-25,-1,91,121,-112.5,-142.5,True
2011-08-25,-1,181,241,-100.0,-130.0,False
2011-08-25,-1,331,361,-112.5,-142.5,False
2011-08-26,1,181,301,-275.0,-305.0,False
2011-08-29,1,301,331,-25.0,-55.0,False
2011-08-31,1,31,61,112.5,82.5,True
2011-09-07,1,301,361,-12.5,-42.5,False
2011-09-09,-1,121,390,362.5,332.5,False
2011-09-14,1,301,390,-87.5,-117.5,False
2011-09-19,-1,31,121,-225.0,-255.0,True
2011-09-20,1,91,331,-175.0,-205.0,True
2011-09-21,-1,91,301,12.5,-17.5,True
2011-09-21,-1,331,390,1062.5,1032.5,False
2011-09-22,-1,31,61,-450.0,-480.0,True
2011-09-22,-1,151,211,-312.5,-342.5,False
2011-09-22,-1,241,301,-112.5,-142.5,False
2011-09-22,-1,331,390,-450.0,-480.0,False
2011-09-23,1,91,181,-100.0,-130.0,True
2011-09-23,1,271,301,-400.0,-430.0,False
2011-09-27,1,91,121,-187.5,-217.5,True
2011-09-27,1,271,301,-12.5,-42.5,False
2011-09-28,-1,241,390,825.0,795.0,False
2011-10-03,-1,211,390,925.0,895.0,False
2011-10-04,-1,31,61,-150.0,-180.0,True
2011-10-05,1,91,121,-212.5,-242.5,True
2011-10-05,1,151,181,-325.0,-355.0,False
2011-10-05,1,241,390,525.0,495.0,False
2011-10-06,1,61,91,-50.0,-80.0,True
2011-10-06,1,121,361,75.0,45.0,False
2011-10-07,-1,181,271,75.0,45.0,False
2011-10-10,1,31,361,37.5,7.5,True
2011-10-12,1,211,271,-37.5,-67.5,False
2011-10-12,1,301,331,-200.0,-230.0,False
2011-10-13,-1,91,121,-62.5,-92.5,True
2011-10-17,-1,31,121,100.0,70.0,True
2011-10-17,-1,151,390,387.5,357.5,False
2011-10-18,-1,31,61,-312.5,-342.5,True
2011-10-18,1,151,390,700.0,670.0,False
2011-10-19,-1,331,390,37.5,7.5,False
2011-10-20,-1,151,211,-212.5,-242.5,False
2011-10-21,1,61,121,-162.5,-192.5,True
2011-10-24,1,31,390,425.0,395.0,True
2011-10-25,-1,31,61,-187.5,-217.5,True
2011-10-25,-1,91,181,-187.5,-217.5,True
2011-10-25,-1,301,331,-137.5,-167.5,False
2011-10-25,-1,361,390,225.0,195.0,False
2011-10-27,1,271,390,0.0,-30.0,False
2011-10-31,-1,181,211,-112.5,-142.5,False
2011-10-31,-1,361,390,350.0,320.0,False
2011-11-03,1,361,390,25.0,-5.0,False
2011-11-04,-1,61,151,-112.5,-142.5,True
2011-11-07,-1,151,241,-75.0,-105.0,False
2011-11-08,1,361,390,87.5,57.5,False
2011-11-09,-1,271,390,375.0,345.0,False
2011-11-11,1,91,390,-50.0,-80.0,True
2011-11-14,-1,151,390,62.5,32.5,False
2011-11-15,1,211,390,25.0,-5.0,False
2011-11-17,-1,181,390,387.5,357.5,False
2011-11-21,-1,31,301,62.5,32.5,True
2011-11-22,-1,121,151,-50.0,-80.0,False
2011-11-23,-1,31,211,-0.0,-30.0,True
2011-11-23,-1,241,390,412.5,382.5,False
2011-11-25,1,31,121,100.0,70.0,True
2011-11-29,1,61,91,-100.0,-130.0,True
2011-11-29,1,181,211,-150.0,-180.0,False
2011-11-30,1,31,241,-37.5,-67.5,True
2011-11-30,1,361,390,375.0,345.0,False
2011-12-07,-1,61,91,-175.0,-205.0,True
2011-12-08,-1,61,390,662.5,632.5,True
2011-12-09,1,31,390,450.0,420.0,True
2011-12-12,-1,31,390,12.5,-17.5,True
2011-12-13,1,31,61,-162.5,-192.5,True
2011-12-13,-1,361,390,12.5,-17.5,False
2011-12-14,-1,91,211,-175.0,-205.0,True
2011-12-14,-1,331,361,-137.5,-167.5,False
2011-12-19,-1,151,211,-150.0,-180.0,False
2011-12-19,-1,241,271,-125.0,-155.0,False
2011-12-19,-1,361,390,-62.5,-92.5,False
2011-12-20,1,31,390,475.0,445.0,True
2011-12-21,-1,31,61,-100.0,-130.0,True
2011-12-21,-1,91,211,-0.0,-30.0,True
2011-12-22,1,31,61,12.5,-17.5,True
2011-12-27,1,31,61,25.0,-5.0,True
2011-12-28,-1,31,390,387.5,357.5,True
2012-01-06,-1,31,91,-137.5,-167.5,True
2012-01-12,-1,61,121,-50.0,-80.0,True
2012-01-13,-1,61,121,-225.0,-255.0,True
2012-01-13,-1,241,271,-112.5,-142.5,False
2012-01-18,1,31,390,487.5,457.5,True
2012-01-23,1,31,121,-187.5,-217.5,True
2012-01-23,-1,181,241,-87.5,-117.5,False
2012-01-25,-1,31,61,-125.0,-155.0,True
2012-01-25,1,241,390,237.5,207.5,False
2012-01-26,-1,181,211,-87.5,-117.5,False
2012-01-26,-1,271,390,62.5,32.5,False
2012-01-30,-1,61,91,-175.0,-205.0,True
2012-01-31,-1,91,211,-0.0,-30.0,True
2012-02-01,1,61,361,0.0,-30.0,True
2012-02-03,1,211,241,-25.0,-55.0,False
2012-02-07,-1,31,61,-50.0,-80.0,True
2012-02-08,1,31,91,-100.0,-130.0,True
2012-02-09,-1,61,91,-137.5,-167.5,True
2012-02-14,-1,241,271,-75.0,-105.0,False
2012-02-14,-1,301,390,-412.5,-442.5,False
2012-02-15,-1,331,390,-62.5,-92.5,False
2012-02-16,1,61,390,487.5,457.5,True
2012-02-22,-1,151,181,-12.5,-42.5,False
2012-02-23,-1,31,61,-137.5,-167.5,True
2012-02-23,1,91,241,-25.0,-55.0,True
2012-02-23,1,271,331,12.5,-17.5,False
2012-02-23,1,361,390,12.5,-17.5,False
2012-02-27,1,211,241,-62.5,-92.5,False
2012-02-28,1,31,61,-50.0,-80.0,True
2012-02-28,1,91,151,25.0,-5.0,True
2012-02-29,1,31,61,-150.0,-180.0,True
2012-02-29,-1,91,151,-12.5,-42.5,True
2012-03-01,1,31,91,-150.0,-180.0,True
2012-03-01,1,151,331,50.0,20.0,False
2012-03-02,-1,181,211,-25.0,-55.0,False
2012-03-02,-1,241,271,-87.5,-117.5,False
2012-03-05,-1,61,331,-150.0,-180.0,True
2012-03-06,-1,31,121,-0.0,-30.0,True
2012-03-06,-1,151,390,75.0,45.0,False
2012-03-07,1,121,390,62.5,32.5,False
2012-03-08,1,331,390,-75.0,-105.0,False
2012-03-09,1,61,331,-112.5,-142.5,True
2012-03-13,1,181,390,650.0,620.0,False
2012-03-14,1,31,61,0.0,-30.0,True
2012-03-15,1,181,241,-37.5,-67.5,False
2012-03-15,1,301,390,37.5,7.5,False
2012-03-19,1,31,61,-50.0,-80.0,True
2012-03-19,1,91,121,-25.0,-55.0,True
2012-03-19,1,151,390,0.0,-30.0,False
2012-03-22,-1,91,121,-62.5,-92.5,True
2012-03-23,-1,61,91,-175.0,-205.0,True
2012-03-26,1,31,151,75.0,45.0,True
2012-03-26,1,301,390,212.5,182.5,False
2012-03-28,-1,91,390,100.0,70.0,True
2012-03-29,-1,61,91,-87.5,-117.5,True
2012-03-29,-1,121,211,-162.5,-192.5,False
2012-04-02,1,61,390,337.5,307.5,True
2012-04-03,-1,181,211,-37.5,-67.5,False
2012-04-03,-1,241,271,-87.5,-117.5,False
2012-04-03,-1,301,390,-275.0,-305.0,False
2012-04-04,-1,61,271,25.0,-5.0,True
2012-04-04,-1,301,331,-137.5,-167.5,False
2012-04-10,-1,91,390,825.0,795.0,True
2012-04-12,1,31,390,512.5,482.5,True
2012-04-13,-1,31,390,412.5,382.5,True
2012-04-17,1,61,390,375.0,345.0,True
2012-04-19,-1,271,390,-0.0,-30.0,False
2012-04-23,-1,31,61,62.5,32.5,True
2012-04-24,1,61,151,12.5,-17.5,True
2012-04-25,1,31,61,-100.0,-130.0,True
2012-04-26,1,271,390,87.5,57.5,False
2012-04-30,-1,31,61,-75.0,-105.0,True
2012-05-01,1,61,390,-187.5,-217.5,True
2012-05-03,-1,61,91,-175.0,-205.0,True
2012-05-03,-1,151,390,212.5,182.5,False
2012-05-04,-1,31,390,537.5,507.5,True
2012-05-08,-1,61,301,-12.5,-42.5,True
2012-05-09,-1,61,91,-312.5,-342.5,True
2012-05-11,1,91,181,12.5,-17.5,True
2012-05-15,1,61,91,-175.0,-205.0,True
2012-05-15,-1,361,390,-87.5,-117.5,False
2012-05-16,1,31,61,-12.5,-42.5,True
2012-05-17,-1,31,61,-0.0,-30.0,True
2012-05-17,-1,121,390,687.5,657.5,False
2012-05-18,-1,331,390,87.5,57.5,False
2012-05-21,1,61,390,537.5,507.5,True
2012-05-22,1,61,151,-50.0,-80.0,True
2012-05-23,-1,91,241,-175.0,-205.0,True
2012-05-23,-1,301,331,-412.5,-442.5,False
2012-05-24,-1,271,301,-162.5,-192.5,False
2012-05-29,1,61,121,-37.5,-67.5,True
2012-05-30,-1,31,61,12.5,-17.5,True
2012-05-30,-1,91,121,-137.5,-167.5,True
2012-05-30,-1,181,271,-250.0,-280.0,False
2012-05-30,-1,331,361,-62.5,-92.5,False
2012-05-31,-1,31,181,-300.0,-330.0,True
2012-06-01,-1,241,390,237.5,207.5,False
2012-06-04,-1,151,301,-225.0,-255.0,False
2012-06-05,1,61,91,-175.0,-205.0,True
2012-06-05,1,271,390,87.5,57.5,False
2012-06-06,1,31,390,687.5,657.5,True
2012-06-08,1,241,271,-12.5,-42.5,False
2012-06-08,1,301,390,175.0,145.0,False
2012-06-11,-1,301,390,425.0,395.0,False
2012-06-12,1,361,390,162.5,132.5,False
2012-06-14,1,31,61,25.0,-5.0,True
2012-06-14,1,91,301,-50.0,-80.0,True
2012-06-19,1,61,91,25.0,-5.0,True
2012-06-19,1,151,181,-12.5,-42.5,False
2012-06-19,1,211,361,-25.0,-55.0,False
2012-06-21,-1,61,91,-50.0,-80.0,True
2012-06-21,-1,121,390,925.0,895.0,False
2012-06-25,-1,31,271,162.5,132.5,True
2012-06-25,-1,331,361,-225.0,-255.0,False
2012-06-27,1,61,121,-112.5,-142.5,True
2012-06-27,1,151,241,-12.5,-42.5,False
2012-06-28,-1,91,121,-137.5,-167.5,True
2012-06-28,-1,301,331,-112.5,-142.5,False
2012-07-02,-1,121,151,-50.0,-80.0,False
2012-07-03,1,31,210,300.0,270.0,True
2012-07-05,-1,31,61,12.5,-17.5,True
2012-07-09,-1,31,61,62.5,32.5,True
2012-07-09,-1,151,181,-125.0,-155.0,False
2012-07-10,-1,271,390,250.0,220.0,False
2012-07-12,-1,31,121,-75.0,-105.0,True
2012-07-13,1,31,390,425.0,395.0,True
2012-07-16,-1,31,61,-150.0,-180.0,True
2012-07-17,-1,91,121,-100.0,-130.0,True
2012-07-18,1,31,390,300.0,270.0,True
2012-07-20,-1,241,271,-75.0,-105.0,False
2012-07-23,-1,31,61,-0.0,-30.0,True
2012-07-24,-1,31,390,337.5,307.5,True
2012-07-25,-1,91,121,-125.0,-155.0,True
2012-07-27,1,91,390,562.5,532.5,True
2012-07-30,1,61,91,-250.0,-280.0,True
2012-08-02,-1,271,301,-87.5,-117.5,False
2012-08-03,1,31,390,150.0,120.0,True
2012-08-07,1,151,181,-25.0,-55.0,False
2012-08-07,1,211,271,-25.0,-55.0,False
2012-08-16,1,151,390,150.0,120.0,False
2012-08-21,1,61,121,-162.5,-192.5,True
2012-08-21,-1,361,390,-112.5,-142.5,False
2012-08-23,-1,31,91,-87.5,-117.5,True
2012-08-23,-1,151,390,200.0,170.0,False
2012-08-24,1,121,390,100.0,70.0,False
2012-08-30,-1,61,121,-100.0,-130.0,True
2012-08-30,-1,151,211,-50.0,-80.0,False
2012-08-30,-1,241,271,-50.0,-80.0,False
2012-09-04,-1,61,301,-275.0,-305.0,True
2012-09-06,1,31,390,612.5,582.5,True
2012-09-11,1,31,61,-25.0,-55.0,True
2012-09-11,1,91,331,-87.5,-117.5,True
2012-09-13,1,241,390,375.0,345.0,False
2012-09-14,1,31,151,-50.0,-80.0,True
2012-09-14,1,181,241,-300.0,-330.0,False
2012-09-17,-1,361,390,-175.0,-205.0,False
2012-09-20,-1,31,61,-150.0,-180.0,True
2012-09-25,-1,301,390,450.0,420.0,False
2012-09-26,-1,31,211,37.5,7.5,True
2012-09-26,-1,271,301,-87.5,-117.5,False
2012-09-26,-1,361,390,25.0,-5.0,False
2012-09-27,1,151,390,237.5,207.5,False
2012-09-28,-1,31,181,-162.5,-192.5,True
2012-10-01,1,61,241,-387.5,-417.5,True
2012-10-03,1,151,271,-175.0,-205.0,False
2012-10-04,1,61,121,-187.5,-217.5,True
2012-10-04,1,181,211,-37.5,-67.5,False
2012-10-04,1,241,301,-37.5,-67.5,False
2012-10-04,1,331,361,-12.5,-42.5,False
2012-10-09,-1,31,61,-25.0,-55.0,True
2012-10-09,-1,91,390,225.0,195.0,True
2012-10-10,-1,31,61,-175.0,-205.0,True
2012-10-10,-1,151,390,162.5,132.5,False
2012-10-12,1,31,61,-125.0,-155.0,True
2012-10-12,-1,151,271,-37.5,-67.5,False
2012-10-15,1,181,331,-87.5,-117.5,False
2012-10-15,1,361,390,87.5,57.5,False
2012-10-16,1,31,390,250.0,220.0,True
2012-10-17,1,31,241,125.0,95.0,True
2012-10-17,1,361,390,-37.5,-67.5,False
2012-10-19,-1,31,390,875.0,845.0,True
2012-10-22,-1,241,301,-25.0,-55.0,False
2012-10-23,-1,31,181,75.0,45.0,True
2012-10-26,-1,91,121,-112.5,-142.5,True
2012-11-01,1,31,390,350.0,320.0,True
2012-11-02,-1,331,390,200.0,170.0,False
2012-11-06,1,31,61,-112.5,-142.5,True
2012-11-06,1,151,361,-112.5,-142.5,False
2012-11-07,-1,31,390,687.5,657.5,True
2012-11-08,1,31,61,-262.5,-292.5,True
2012-11-08,-1,241,271,-262.5,-292.5,False
2012-11-08,-1,301,390,362.5,332.5,False
2012-11-09,1,61,241,-75.0,-105.0,True
2012-11-13,1,91,181,-150.0,-180.0,True
2012-11-13,1,271,301,-62.5,-92.5,False
2012-11-14,-1,91,121,-150.0,-180.0,True
2012-11-14,-1,211,241,-62.5,-92.5,False
2012-11-14,-1,301,390,562.5,532.5,False
2012-11-16,-1,31,61,-50.0,-80.0,True
2012-11-16,-1,121,151,-725.0,-755.0,False
2012-11-19,1,31,61,-62.5,-92.5,True
2012-11-19,1,331,390,150.0,120.0,False
2012-11-20,-1,241,271,-262.5,-292.5,False
2012-11-23,1,61,91,-25.0,-55.0,True
2012-11-28,1,271,301,-62.5,-92.5,False
2012-11-28,1,361,390,87.5,57.5,False
2012-11-29,1,31,61,-137.5,-167.5,True
2012-12-05,-1,91,121,-162.5,-192.5,True
2012-12-05,1,211,271,-137.5,-167.5,False
2012-12-05,1,301,331,-12.5,-42.5,False
2012-12-06,1,91,121,0.0,-30.0,True
2012-12-06,1,301,331,-50.0,-80.0,False
2012-12-10,1,91,121,-62.5,-92.5,True
2012-12-11,1,31,331,-12.5,-42.5,True
2012-12-12,1,241,271,-37.5,-67.5,False
2012-12-13,-1,181,390,12.5,-17.5,False
2012-12-17,1,31,91,-62.5,-92.5,True
2012-12-17,1,121,390,400.0,370.0,False
2012-12-18,1,61,390,562.5,532.5,True
2012-12-19,-1,31,91,-12.5,-42.5,True
2012-12-19,-1,301,390,262.5,232.5,False
2012-12-20,-1,31,61,-175.0,-205.0,True
2012-12-20,1,331,361,-100.0,-130.0,False
2012-12-26,-1,121,331,-300.0,-330.0,False
2012-12-27,-1,61,361,-275.0,-305.0,True
2012-12-31,1,31,91,-75.0,-105.0,True
2012-12-31,1,211,390,750.0,720.0,False
2013-01-02,1,31,61,-87.5,-117.5,True
2013-01-08,-1,61,151,50.0,20.0,True
2013-01-09,1,31,91,-25.0,-55.0,True
2013-01-11,-1,31,91,-62.5,-92.5,True
2013-01-14,-1,31,91,-37.5,-67.5,True
2013-01-17,1,271,390,-150.0,-180.0,False
2013-01-18,-1,91,211,-62.5,-92.5,True
2013-01-22,-1,61,91,-100.0,-130.0,True
2013-01-22,1,241,390,150.0,120.0,False
2013-01-23,1,331,361,-37.5,-67.5,False
2013-01-24,1,31,211,-187.5,-217.5,True
2013-01-25,1,301,331,-37.5,-67.5,False
2013-01-28,-1,31,121,-50.0,-80.0,True
2013-01-28,-1,241,271,-87.5,-117.5,False
2013-01-29,1,121,390,112.5,82.5,False
2013-01-30,-1,361,390,12.5,-17.5,False
2013-02-01,1,91,390,100.0,70.0,True
2013-02-04,-1,121,331,-25.0,-55.0,False
2013-02-05,1,31,390,162.5,132.5,True
2013-02-07,-1,61,361,-237.5,-267.5,True
2013-02-08,1,31,390,12.5,-17.5,True
2013-02-12,1,241,301,-112.5,-142.5,False
2013-02-15,-1,301,361,-150.0,-180.0,False
2013-02-19,1,31,390,212.5,182.5,True
2013-02-20,-1,31,61,-50.0,-80.0,True
2013-02-20,-1,91,390,762.5,732.5,True
2013-02-21,-1,31,61,-162.5,-192.5,True
2013-02-21,-1,91,151,50.0,20.0,True
2013-02-21,-1,181,361,-237.5,-267.5,False
2013-02-25,-1,151,211,-200.0,-230.0,False
2013-02-25,-1,241,390,1150.0,1120.0,False
2013-02-27,1,31,390,787.5,757.5,True
2013-02-28,1,31,61,-50.0,-80.0,True
2013-02-28,1,241,331,-100.0,-130.0,False
2013-03-01,1,91,121,-150.0,-180.0,True
2013-03-01,1,211,241,-50.0,-80.0,False
2013-03-05,1,31,301,137.5,107.5,True
2013-03-12,-1,121,151,-175.0,-205.0,False
2013-03-14,1,31,61,-87.5,-117.5,True
2013-03-15,-1,31,61,-87.5,-117.5,True
2013-03-19,-1,151,390,-262.5,-292.5,False
2013-03-22,1,61,151,-37.5,-67.5,True
2013-03-22,1,211,361,-75.0,-105.0,False
2013-03-25,1,31,61,-187.5,-217.5,True
2013-03-25,-1,121,151,-125.0,-155.0,False
2013-03-25,-1,181,271,-175.0,-205.0,False
2013-03-25,-1,331,390,25.0,-5.0,False
2013-03-26,1,31,91,-37.5,-67.5,True
2013-03-26,1,361,390,37.5,7.5,False
2013-03-28,1,91,151,-25.0,-55.0,True
2013-03-28,1,361,390,-37.5,-67.5,False
2013-04-01,-1,91,241,-187.5,-217.5,True
2013-04-01,-1,331,390,-75.0,-105.0,False
2013-04-02,1,31,151,100.0,70.0,True
2013-04-02,1,181,241,-87.5,-117.5,False
2013-04-03,-1,31,390,612.5,582.5,True
2013-04-04,1,31,61,-262.5,-292.5,True
2013-04-08,-1,61,91,-137.5,-167.5,True
2013-04-09,1,331,361,-100.0,-130.0,False
2013-04-10,1,31,390,512.5,482.5,True
2013-04-11,1,61,181,25.0,-5.0,True
2013-04-11,1,211,271,-125.0,-155.0,False
2013-04-11,1,331,361,-75.0,-105.0,False
2013-04-12,-1,91,121,-75.0,-105.0,True
2013-04-15,-1,151,390,1037.5,1007.5,False
2013-04-16,1,151,301,25.0,-5.0,False
2013-04-16,1,361,390,150.0,120.0,False
2013-04-17,-1,31,390,462.5,432.5,True
2013-04-18,-1,31,91,-175.0,-205.0,True
2013-04-18,-1,151,181,25.0,-5.0,False
2013-04-18,-1,301,390,12.5,-17.5,False
2013-04-19,1,121,181,-37.5,-67.5,False
2013-04-19,1,241,271,-50.0,-80.0,False
2013-04-19,1,301,331,-87.5,-117.5,False
2013-04-19,1,361,390,25.0,-5.0,False
2013-04-22,-1,61,91,-125.0,-155.0,True
2013-04-23,1,31,241,187.5,157.5,True
2013-04-23,1,271,301,-175.0,-205.0,False
2013-04-25,1,61,121,12.5,-17.5,True
2013-04-25,1,211,301,37.5,7.5,False
2013-04-29,1,61,91,37.5,7.5,True
2013-04-29,1,181,211,0.0,-30.0,False
2013-04-29,1,271,361,-100.0,-130.0,False
2013-04-30,-1,31,91,-150.0,-180.0,True
2013-05-01,-1,61,91,-162.5,-192.5,True
2013-05-01,-1,271,301,-175.0,-205.0,False
2013-05-01,-1,361,390,-37.5,-67.5,False
2013-05-02,1,61,390,250.0,220.0,True
2013-05-03,1,31,121,100.0,70.0,True
2013-05-07,1,31,61,-200.0,-230.0,True
2013-05-08,1,121,211,-12.5,-42.5,False
2013-05-08,1,241,271,-50.0,-80.0,False
2013-05-08,1,361,390,37.5,7.5,False
2013-05-09,-1,331,361,-137.5,-167.5,False
2013-05-10,1,31,61,-75.0,-105.0,True
2013-05-13,-1,31,61,-175.0,-205.0,True
2013-05-14,1,31,390,512.5,482.5,True
2013-05-15,1,151,271,-112.5,-142.5,False
2013-05-17,1,331,390,100.0,70.0,False
2013-05-20,1,151,181,-37.5,-67.5,False
2013-05-21,1,31,61,-300.0,-330.0,True
2013-05-22,1,31,91,12.5,-17.5,True
2013-05-22,1,121,241,-387.5,-417.5,False
2013-05-22,-1,301,390,200.0,170.0,False
2013-05-28,1,31,91,-100.0,-130.0,True
2013-05-29,-1,91,151,-262.5,-292.5,True
2013-05-29,-1,211,241,-237.5,-267.5,False
2013-05-30,1,31,390,-175.0,-205.0,True
2013-05-31,-1,331,361,-25.0,-55.0,False
2013-06-03,-1,121,151,-162.5,-192.5,False
2013-06-04,1,31,91,-250.0,-280.0,True
2013-06-04,-1,241,390,12.5,-17.5,False
2013-06-05,-1,91,390,575.0,545.0,True
2013-06-06,1,31,61,-150.0,-180.0,True
2013-06-06,1,91,121,-75.0,-105.0,True
2013-06-06,-1,181,241,-175.0,-205.0,False
2013-06-06,1,361,390,262.5,232.5,False
2013-06-07,1,121,181,-100.0,-130.0,False
2013-06-12,-1,151,211,-50.0,-80.0,False
2013-06-12,-1,241,271,-12.5,-42.5,False
2013-06-12,-1,301,390,162.5,132.5,False
2013-06-13,1,301,390,400.0,370.0,False
2013-06-14,-1,91,121,-112.5,-142.5,True
2013-06-14,-1,241,301,-237.5,-267.5,False
2013-06-17,1,31,151,12.5,-17.5,True
2013-06-18,1,61,390,350.0,320.0,True
2013-06-19,-1,331,390,250.0,220.0,False
2013-06-20,-1,61,390,850.0,820.0,True
2013-06-21,-1,121,211,-550.0,-580.0,False
2013-06-24,-1,31,241,-262.5,-292.5,True
2013-06-28,-1,31,61,-200.0,-230.0,True
2013-07-01,1,31,271,-87.5,-117.5,True
2013-07-02,1,31,121,87.5,57.5,True
2013-07-02,1,151,181,-137.5,-167.5,False
2013-07-16,-1,91,390,100.0,70.0,True
2013-07-18,1,61,390,-100.0,-130.0,True
2013-07-24,-1,61,121,-125.0,-155.0,True
2013-07-24,-1,181,390,12.5,-17.5,False
2013-07-26,-1,91,151,-212.5,-242.5,True
2013-07-29,-1,121,181,-87.5,-117.5,False
2013-07-31,1,61,121,-62.5,-92.5,True
2013-07-31,1,331,390,-612.5,-642.5,False
2013-08-01,1,61,91,-125.0,-155.0,True
2013-08-01,1,181,211,-37.5,-67.5,False
2013-08-01,1,271,390,87.5,57.5,False
2013-08-06,-1,61,390,62.5,32.5,True
2013-08-07,-1,31,91,12.5,-17.5,True
2013-08-07,-1,121,181,-37.5,-67.5,False
2013-08-09,-1,121,181,-200.0,-230.0,False
2013-08-13,-1,61,121,-150.0,-180.0,True
2013-08-13,1,241,271,-75.0,-105.0,False
2013-08-14,-1,91,121,-50.0,-80.0,True
2013-08-14,-1,151,390,112.5,82.5,False
2013-08-15,-1,31,390,150.0,120.0,True
2013-08-16,-1,241,271,-25.0,-55.0,False
2013-08-16,-1,301,331,-212.5,-242.5,False
2013-08-19,-1,361,390,175.0,145.0,False
2013-08-20,1,91,390,0.0,-30.0,True
2013-08-22,1,31,390,300.0,270.0,True
2013-08-26,1,211,241,-37.5,-67.5,False
2013-08-27,-1,241,390,237.5,207.5,False
2013-08-28,1,91,390,-25.0,-55.0,True
2013-08-29,1,91,361,-275.0,-305.0,True
2013-08-30,-1,121,181,-75.0,-105.0,False
2013-08-30,-1,271,331,-150.0,-180.0,False
2013-09-04,1,31,390,450.0,420.0,True
2013-09-05,1,31,61,-25.0,-55.0,True
2013-09-06,-1,31,61,-137.5,-167.5,True
2013-09-09,1,31,61,-162.5,-192.5,True
2013-09-09,1,181,390,200.0,170.0,False
2013-09-17,1,61,91,-37.5,-67.5,True
2013-09-17,1,121,151,-25.0,-55.0,False
2013-09-18,1,301,390,250.0,220.0,False
2013-09-20,-1,151,390,275.0,245.0,False
2013-09-23,-1,31,211,62.5,32.5,True
2013-09-23,-1,241,271,-150.0,-180.0,False
2013-09-26,1,31,91,-250.0,-280.0,True
2013-10-01,1,61,390,250.0,220.0,True
2013-10-03,-1,31,390,337.5,307.5,True
2013-10-04,1,31,121,-25.0,-55.0,True
2013-10-04,1,151,390,250.0,220.0,False
2013-10-08,-1,91,390,650.0,620.0,True
2013-10-09,-1,121,151,-212.5,-242.5,False
2013-10-10,1,31,390,675.0,645.0,True
2013-10-11,1,31,61,-25.0,-55.0,True
2013-10-11,1,151,390,175.0,145.0,False
2013-10-14,1,361,390,37.5,7.5,False
2013-10-16,1,31,390,212.5,182.5,True
2013-10-17,1,211,241,-137.5,-167.5,False
2013-10-17,1,361,390,125.0,95.0,False
2013-10-22,1,31,91,-175.0,-205.0,True
2013-10-23,-1,31,121,-75.0,-105.0,True
2013-10-30,-1,271,390,125.0,95.0,False
2013-11-01,-1,151,181,-100.0,-130.0,False
2013-11-05,-1,31,61,-50.0,-80.0,True
2013-11-06,1,31,61,-175.0,-205.0,True
2013-11-07,-1,61,390,862.5,832.5,True
2013-11-08,1,61,390,650.0,620.0,True
2013-11-13,1,241,390,337.5,307.5,False
2013-11-14,1,121,151,-75.0,-105.0,False
2013-11-14,1,181,211,-37.5,-67.5,False
2013-11-14,1,361,390,25.0,-5.0,False
2013-11-18,-1,361,390,-112.5,-142.5,False
2013-11-20,-1,361,390,-62.5,-92.5,False
2013-11-21,1,31,61,0.0,-30.0,True
2013-11-21,1,91,211,-112.5,-142.5,True
2013-11-21,1,241,390,125.0,95.0,False
2013-11-22,1,151,181,0.0,-30.0,False
2013-11-22,1,331,361,0.0,-30.0,False
2013-11-27,1,31,61,-37.5,-67.5,True
2013-11-29,1,31,91,37.5,7.5,True
2013-12-03,-1,241,331,-175.0,-205.0,False
2013-12-04,1,61,121,-200.0,-230.0,True
2013-12-04,-1,241,271,-62.5,-92.5,False
2013-12-05,-1,91,151,-100.0,-130.0,True
2013-12-05,-1,331,361,-50.0,-80.0,False
2013-12-06,1,211,241,-37.5,-67.5,False
2013-12-06,1,271,301,0.0,-30.0,False
2013-12-11,-1,31,390,800.0,770.0,True
2013-12-12,-1,31,61,37.5,7.5,True
2013-12-12,-1,121,271,-12.5,-42.5,False
2013-12-16,1,31,181,-250.0,-280.0,True
2013-12-16,1,271,361,-25.0,-55.0,False
2013-12-17,-1,91,301,-262.5,-292.5,True
2013-12-17,-1,331,361,-75.0,-105.0,False
2013-12-18,-1,241,271,-125.0,-155.0,False
2013-12-18,1,301,390,950.0,920.0,False
2013-12-20,1,31,390,112.5,82.5,True
2013-12-26,1,271,331,-25.0,-55.0,False
2013-12-26,1,361,390,-37.5,-67.5,False
2014-01-02,-1,31,390,325.0,295.0,True
2014-01-06,-1,121,151,-50.0,-80.0,False
2014-01-06,-1,181,271,-187.5,-217.5,False
2014-01-07,1,31,121,-25.0,-55.0,True
2014-01-09,-1,91,151,-25.0,-55.0,True
2014-01-10,-1,121,151,12.5,-17.5,False
2014-01-13,-1,211,390,637.5,607.5,False
2014-01-14,1,91,390,412.5,382.5,True
2014-01-15,1,61,121,-37.5,-67.5,True
2014-01-15,1,181,241,-112.5,-142.5,False
2014-01-15,1,331,361,-100.0,-130.0,False
2014-01-23,-1,31,390,25.0,-5.0,True
2014-01-24,-1,31,390,1237.5,1207.5,True
2014-02-19,1,61,91,-100.0,-130.0,True
2014-02-20,1,181,241,-12.5,-42.5,False
2014-02-24,1,31,361,-25.0,-55.0,True
2014-02-25,-1,31,61,-100.0,-130.0,True
2014-02-27,1,271,301,-162.5,-192.5,False
2014-02-28,1,31,331,-175.0,-205.0,True
2014-03-03,-1,151,181,-125.0,-155.0,False
2014-03-04,1,61,121,87.5,57.5,True
2014-03-04,1,181,271,-137.5,-167.5,False
2014-03-04,1,331,390,12.5,-17.5,False
2014-03-10,-1,91,121,-262.5,-292.5,True
2014-03-11,-1,181,271,-87.5,-117.5,False
2014-03-11,-1,301,390,100.0,70.0,False
2014-03-13,-1,91,390,862.5,832.5,True
2014-03-17,1,31,91,-150.0,-180.0,True
2014-03-17,1,151,390,25.0,-5.0,False
2014-03-18,1,31,390,262.5,232.5,True
2014-03-19,-1,361,390,-175.0,-205.0,False
2014-03-20,1,181,361,-137.5,-167.5,False
2014-03-24,-1,61,301,25.0,-5.0,True
2014-03-26,-1,361,390,250.0,220.0,False
2014-03-27,-1,31,61,-362.5,-392.5,True
2014-03-28,1,31,241,-112.5,-142.5,True
2014-03-31,1,31,61,-25.0,-55.0,True
2014-04-01,1,31,61,37.5,7.5,True
2014-04-04,-1,151,390,812.5,782.5,False
2014-04-07,-1,91,361,125.0,95.0,True
2014-04-08,-1,61,91,-475.0,-505.0,True
2014-04-08,1,121,211,-100.0,-130.0,False
2014-04-08,1,241,301,-262.5,-292.5,False
2014-04-09,1,301,390,162.5,132.5,False
2014-04-10,-1,31,61,-37.5,-67.5,True
2014-04-10,-1,91,390,1462.5,1432.5,True
2014-04-15,1,31,61,-575.0,-605.0,True
2014-04-15,-1,151,241,12.5,-17.5,False
2014-04-22,1,31,361,175.0,145.0,True
2014-04-25,-1,61,151,100.0,70.0,True
2014-04-25,-1,301,361,-175.0,-205.0,False
2014-04-28,1,61,91,-125.0,-155.0,True
2014-04-28,-1,241,301,-337.5,-367.5,False
2014-05-02,1,61,91,-337.5,-367.5,True
2014-05-06,-1,241,390,275.0,245.0,False
2014-05-08,1,31,241,-62.5,-92.5,True
2014-05-09,-1,31,61,-125.0,-155.0,True
2014-05-09,-1,91,151,-150.0,-180.0,True
2014-05-12,1,31,390,212.5,182.5,True
2014-05-14,-1,331,390,75.0,45.0,False
2014-05-15,-1,31,390,300.0,270.0,True
2014-05-16,-1,61,91,-212.5,-242.5,True
2014-05-19,1,121,211,-62.5,-92.5,False
2014-05-19,1,271,390,37.5,7.5,False
2014-05-20,-1,31,61,-0.0,-30.0,True
2014-05-20,-1,181,390,125.0,95.0,False
2014-05-21,1,31,121,-75.0,-105.0,True
2014-05-21,1,211,390,187.5,157.5,False
2014-05-22,1,121,181,-12.5,-42.5,False
2014-05-22,1,241,361,-62.5,-92.5,False
2014-05-23,1,361,390,-12.5,-42.5,False
2014-06-04,1,121,151,-50.0,-80.0,False
2014-06-04,1,211,241,-12.5,-42.5,False
2014-06-05,1,151,390,125.0,95.0,False
2014-06-06,1,31,61,12.5,-17.5,True
2014-06-06,1,91,181,0.0,-30.0,True
2014-06-06,1,211,271,-12.5,-42.5,False
2014-06-09,1,121,181,-62.5,-92.5,False
2014-06-12,-1,31,121,12.5,-17.5,True
2014-06-12,-1,151,181,-87.5,-117.5,False
2014-06-12,-1,211,390,250.0,220.0,False
2014-06-13,1,91,121,-62.5,-92.5,True
2014-06-16,1,61,121,-300.0,-330.0,True
2014-06-17,1,61,91,-187.5,-217.5,True
2014-06-17,1,151,181,-12.5,-42.5,False
2014-06-17,1,211,241,-87.5,-117.5,False
2014-06-17,1,271,390,-12.5,-42.5,False
2014-06-18,-1,91,121,-87.5,-117.5,True
2014-06-18,1,301,390,425.0,395.0,False
2014-06-23,-1,121,181,-100.0,-130.0,False
2014-06-24,1,61,211,-75.0,-105.0,True
2014-06-24,-1,361,390,-25.0,-55.0,False
2014-06-25,1,31,61,-37.5,-67.5,True
2014-06-25,1,91,390,125.0,95.0,True
2014-06-26,-1,31,241,-400.0,-430.0,True
2014-07-01,1,31,390,287.5,257.5,True
2014-07-03,1,181,210,0.0,-30.0,False
2014-07-07,-1,151,181,-62.5,-92.5,False
2014-07-07,-1,211,241,-12.5,-42.5,False
2014-07-08,-1,31,390,225.0,195.0,True
2014-07-15,-1,91,121,-62.5,-92.5,True
2014-07-15,-1,151,241,-350.0,-380.0,False
2014-07-17,-1,301,390,475.0,445.0,False
2014-07-18,1,91,390,400.0,370.0,True
2014-07-21,-1,91,121,-187.5,-217.5,True
2014-07-22,1,61,91,25.0,-5.0,True
2014-07-25,-1,121,151,-62.5,-92.5,False
2014-07-25,-1,271,301,-125.0,-155.0,False
2014-07-28,-1,31,121,-137.5,-167.5,True
2014-07-28,-1,181,211,-112.5,-142.5,False
2014-07-30,-1,151,181,-137.5,-167.5,False
2014-07-30,-1,241,271,-87.5,-117.5,False
2014-07-31,-1,31,390,1137.5,1107.5,True
2014-08-01,1,31,61,-62.5,-92.5,True
2014-08-01,-1,151,241,-512.5,-542.5,False
2014-08-04,1,301,390,287.5,257.5,False
2014-08-05,-1,271,390,-62.5,-92.5,False
2014-08-06,1,61,121,-37.5,-67.5,True
2014-08-06,1,151,181,-175.0,-205.0,False
2014-08-06,1,211,241,-62.5,-92.5,False
2014-08-07,-1,181,241,-150.0,-180.0,False
2014-08-07,-1,301,390,187.5,157.5,False
2014-08-08,1,241,390,237.5,207.5,False
2014-08-11,1,121,151,-62.5,-92.5,False
2014-08-13,1,121,151,-62.5,-92.5,False
2014-08-13,1,211,241,-12.5,-42.5,False
2014-08-15,-1,121,181,-50.0,-80.0,False
2014-08-15,-1,211,241,-50.0,-80.0,False
2014-08-15,-1,271,301,-337.5,-367.5,False
2014-08-18,1,31,61,12.5,-17.5,True
2014-08-27,-1,61,91,-112.5,-142.5,True
2014-08-29,-1,61,91,-187.5,-217.5,True
2014-09-02,-1,151,181,-62.5,-92.5,False
2014-09-02,-1,211,331,-212.5,-242.5,False
2014-09-04,1,31,121,-87.5,-117.5,True
2014-09-04,-1,361,390,-112.5,-142.5,False
2014-09-05,-1,61,91,12.5,-17.5,True
2014-09-05,1,211,390,237.5,207.5,False
2014-09-08,-1,241,361,-187.5,-217.5,False
2014-09-09,-1,31,181,-162.5,-192.5,True
2014-09-09,-1,211,271,-275.0,-305.0,False
2014-09-09,-1,301,390,212.5,182.5,False
2014-09-10,-1,31,61,-62.5,-92.5,True
2014-09-10,-1,91,121,-175.0,-205.0,True
2014-09-10,1,241,331,-100.0,-130.0,False
2014-09-10,1,361,390,0.0,-30.0,False
2014-09-12,-1,31,91,-150.0,-180.0,True
2014-09-12,-1,121,390,225.0,195.0,False
2014-09-15,-1,31,61,-187.5,-217.5,True
2014-09-15,-1,121,211,-162.5,-192.5,False
2014-09-15,-1,271,301,-250.0,-280.0,False
2014-09-16,1,61,91,-62.5,-92.5,True
2014-09-16,1,121,390,437.5,407.5,False
2014-09-22,-1,31,390,425.0,395.0,True
2014-09-24,1,121,390,362.5,332.5,False
2014-09-25,-1,31,390,887.5,857.5,True
2014-09-26,1,301,390,-25.0,-55.0,False
2014-10-01,-1,31,390,712.5,682.5,True
2014-10-02,-1,91,211,-175.0,-205.0,True
2014-10-03,1,181,271,-12.5,-42.5,False
2014-10-03,1,301,361,-50.0,-80.0,False
2014-10-07,-1,361,390,337.5,307.5,False
2014-10-08,-1,91,121,-387.5,-417.5,True
2014-10-08,1,301,390,512.5,482.5,False
2014-10-09,-1,31,390,1537.5,1507.5,True
2014-10-10,1,31,61,-775.0,-805.0,True
2014-10-10,-1,61,91,-262.5,-292.5,True
2014-10-10,-1,121,151,-112.5,-142.5,False
2014-10-13,-1,61,151,-337.5,-367.5,True
2014-10-14,1,151,181,-200.0,-230.0,False
2014-10-15,-1,181,331,-237.5,-267.5,False
2014-10-17,1,61,91,-112.5,-142.5,True
2014-10-17,1,121,181,-112.5,-142.5,False
2014-10-20,1,61,91,-50.0,-80.0,True
2014-10-20,1,301,390,250.0,220.0,False
2014-10-21,1,91,390,737.5,707.5,True
2014-10-23,1,91,121,-87.5,-117.5,True
2014-10-23,1,301,331,-337.5,-367.5,False
2014-10-29,1,31,61,-262.5,-292.5,True
2014-10-30,1,241,331,-337.5,-367.5,False
2014-11-04,-1,91,121,-100.0,-130.0,True
2014-11-04,-1,151,181,-262.5,-292.5,False
2014-11-10,1,91,151,-12.5,-42.5,True
2014-11-13,1,31,121,-175.0,-205.0,True
2014-11-18,1,31,390,200.0,170.0,True
2014-11-19,-1,31,181,-50.0,-80.0,True
2014-11-20,1,121,151,-62.5,-92.5,False
2014-12-01,-1,31,61,-262.5,-292.5,True
2014-12-01,-1,91,211,-312.5,-342.5,True
2014-12-01,-1,301,331,-75.0,-105.0,False
2014-12-02,1,31,390,375.0,345.0,True
2014-12-03,1,361,390,-62.5,-92.5,False
2014-12-04,-1,91,151,-225.0,-255.0,True
2014-12-05,1,151,181,0.0,-30.0,False
2014-12-08,-1,241,390,75.0,45.0,False
2014-12-10,-1,31,390,1100.0,1070.0,True
2014-12-11,1,31,331,-500.0,-530.0,True
2014-12-11,1,361,390,-425.0,-455.0,False
2014-12-12,-1,121,181,-350.0,-380.0,False
2014-12-15,-1,121,211,-575.0,-605.0,False
2014-12-15,-1,241,301,-287.5,-317.5,False
2014-12-15,-1,331,390,237.5,207.5,False
2014-12-16,1,61,241,-137.5,-167.5,True
2014-12-16,1,301,331,-237.5,-267.5,False
2014-12-17,1,31,61,-350.0,-380.0,True
2014-12-17,1,121,390,1137.5,1107.5,False
2014-12-19,1,331,361,25.0,-5.0,False
2014-12-31,-1,301,390,562.5,532.5,False
2015-01-02,-1,241,301,-262.5,-292.5,False
2015-01-05,-1,31,390,687.5,657.5,True
2015-01-06,1,61,91,-637.5,-667.5,True
2015-01-06,-1,121,361,-312.5,-342.5,False
2015-01-07,1,31,61,-162.5,-192.5,True
2015-01-07,1,181,211,-125.0,-155.0,False
2015-01-08,1,31,390,575.0,545.0,True
2015-01-09,-1,31,390,450.0,420.0,True
2015-01-12,-1,31,390,-125.0,-155.0,True
2015-01-13,1,31,121,-237.5,-267.5,True
2015-01-13,-1,301,390,-337.5,-367.5,False
2015-01-15,-1,31,61,-475.0,-505.0,True
2015-01-15,-1,121,301,100.0,70.0,False
2015-01-16,1,91,121,-225.0,-255.0,True
2015-01-16,1,181,241,87.5,57.5,False
2015-01-16,1,271,390,412.5,382.5,False
2015-01-20,-1,151,181,-125.0,-155.0,False
2015-01-21,1,91,121,-150.0,-180.0,True
2015-01-21,1,181,211,-262.5,-292.5,False
2015-01-22,1,331,390,87.5,57.5,False
2015-01-28,-1,361,390,575.0,545.0,False
2015-02-02,-1,61,91,-300.0,-330.0,True
2015-02-03,1,31,91,-525.0,-555.0,True
2015-02-03,1,241,301,0.0,-30.0,False
2015-02-03,1,331,390,275.0,245.0,False
2015-02-05,1,61,91,100.0,70.0,True
2015-02-05,1,151,181,-125.0,-155.0,False
2015-02-05,1,241,271,25.0,-5.0,False
2015-02-05,1,361,390,25.0,-5.0,False
2015-02-06,-1,361,390,-237.5,-267.5,False
2015-02-10,1,331,390,-50.0,-80.0,False
2015-02-11,-1,241,271,-175.0,-205.0,False
2015-02-12,1,181,390,225.0,195.0,False
2015-02-20,-1,31,61,-112.5,-142.5,True
2015-02-20,1,271,390,250.0,220.0,False
2015-02-24,1,61,151,12.5,-17.5,True
2015-02-24,1,181,211,0.0,-30.0,False
2015-02-26,-1,31,61,-150.0,-180.0,True
2015-02-26,-1,301,331,12.5,-17.5,False
2015-03-02,1,31,390,387.5,357.5,True
2015-03-03,-1,31,301,-162.5,-192.5,True
2015-03-04,-1,31,181,-325.0,-355.0,True
2015-03-04,-1,271,331,-150.0,-180.0,False
2015-03-06,-1,121,390,575.0,545.0,False
2015-03-09,1,91,151,-12.5,-42.5,True
2015-03-09,1,211,390,50.0,20.0,False
2015-03-10,-1,31,121,-37.5,-67.5,True
2015-03-10,-1,151,390,300.0,270.0,False
2015-03-12,1,31,390,462.5,432.5,True
2015-03-13,-1,61,390,25.0,-5.0,True
2015-03-16,1,31,390,500.0,470.0,True
2015-03-18,1,301,390,350.0,320.0,False
2015-03-19,-1,151,181,-50.0,-80.0,False
2015-03-19,-1,211,241,-287.5,-317.5,False
2015-03-20,1,121,361,-12.5,-42.5,False
2015-03-23,1,61,91,-37.5,-67.5,True
2015-03-25,-1,151,390,825.0,795.0,False
2015-03-27,1,91,121,-125.0,-155.0,True
2015-03-30,1,31,390,175.0,145.0,True
2015-04-01,-1,31,241,-387.5,-417.5,True
2015-04-01,-1,301,331,-87.5,-117.5,False
2015-04-02,1,31,121,-187.5,-217.5,True
2015-04-06,1,61,390,212.5,182.5,True
2015-04-07,1,61,121,0.0,-30.0,True
2015-04-07,1,181,211,-87.5,-117.5,False
2015-04-08,1,31,91,-400.0,-430.0,True
2015-04-09,1,361,390,-87.5,-117.5,False
2015-04-10,1,121,151,-50.0,-80.0,False
2015-04-15,1,91,121,-150.0,-180.0,True
2015-04-17,-1,61,390,62.5,32.5,True
2015-04-20,1,31,301,25.0,-5.0,True
2015-04-20,1,331,390,-50.0,-80.0,False
2015-04-23,1,211,390,-262.5,-292.5,False
2015-04-27,-1,361,390,37.5,7.5,False
2015-04-28,-1,61,91,-225.0,-255.0,True
2015-04-29,-1,181,211,-162.5,-192.5,False
2015-04-30,-1,31,121,-325.0,-355.0,True
2015-04-30,-1,301,390,162.5,132.5,False
2015-05-01,1,121,151,-200.0,-230.0,False
2015-05-01,1,271,390,150.0,120.0,False
2015-05-04,1,31,91,-150.0,-180.0,True
2015-05-04,1,121,151,25.0,-5.0,False
2015-05-05,-1,31,61,-37.5,-67.5,True
2015-05-05,-1,91,390,812.5,782.5,True
2015-05-06,-1,31,91,-225.0,-255.0,True
2015-05-06,-1,121,151,-62.5,-92.5,False
2015-05-06,-1,181,390,37.5,7.5,False
2015-05-07,1,121,331,100.0,70.0,False
2015-05-08,1,61,211,125.0,95.0,True
2015-05-12,-1,31,91,-362.5,-392.5,True
2015-05-14,1,241,331,25.0,-5.0,False
2015-05-14,1,361,390,0.0,-30.0,False
2015-05-20,-1,31,61,-162.5,-192.5,True
2015-05-21,1,91,241,87.5,57.5,True
2015-05-26,-1,31,390,425.0,395.0,True
2015-05-27,1,31,61,-100.0,-130.0,True
2015-05-27,1,91,390,362.5,332.5,True
2015-05-28,-1,31,61,-75.0,-105.0,True
2015-05-28,-1,91,121,-150.0,-180.0,True
2015-05-29,-1,61,241,-162.5,-192.5,True
2015-05-29,-1,271,390,337.5,307.5,False
2015-06-03,1,61,121,-112.5,-142.5,True
2015-06-04,-1,181,390,187.5,157.5,False
2015-06-08,-1,121,331,12.5,-17.5,False
2015-06-08,-1,361,390,200.0,170.0,False
2015-06-09,-1,31,91,-287.5,-317.5,True
2015-06-10,1,31,390,512.5,482.5,True
2015-06-12,-1,91,121,-337.5,-367.5,True
2015-06-12,-1,151,181,-12.5,-42.5,False
2015-06-12,-1,211,241,-100.0,-130.0,False
2015-06-12,-1,331,361,-150.0,-180.0,False
2015-06-15,-1,31,61,-112.5,-142.5,True
2015-06-16,1,121,390,350.0,320.0,False
2015-06-17,-1,211,271,-137.5,-167.5,False
2015-06-18,1,31,390,462.5,432.5,True
2015-06-19,-1,331,390,162.5,132.5,False
2015-06-22,1,91,151,-87.5,-117.5,True
2015-06-24,-1,241,390,150.0,120.0,False
2015-06-29,-1,121,390,1112.5,1082.5,False
2015-07-07,-1,31,211,-212.5,-242.5,True
2015-07-07,1,331,390,100.0,70.0,False
2015-07-08,-1,31,91,-125.0,-155.0,True
2015-07-08,-1,121,211,-87.5,-117.5,False
2015-07-08,-1,271,390,600.0,570.0,False
2015-07-14,1,31,181,200.0,170.0,True
2015-07-14,1,241,390,37.5,7.5,False
2015-07-21,-1,211,301,-37.5,-67.5,False
2015-07-21,-1,331,390,-75.0,-105.0,False
2015-07-23,-1,151,390,162.5,132.5,False
2015-07-24,-1,61,390,800.0,770.0,True
2015-07-28,1,181,390,325.0,295.0,False
2015-07-29,1,91,390,337.5,307.5,True
2015-07-30,-1,31,61,-250.0,-280.0,True
2015-08-03,-1,61,121,-200.0,-230.0,True
2015-08-03,-1,181,390,87.5,57.5,False
2015-08-04,1,61,91,-325.0,-355.0,True
2015-08-05,1,31,151,-200.0,-230.0,True
2015-08-06,-1,31,390,450.0,420.0,True
2015-08-07,-1,61,331,87.5,57.5,True
2015-08-10,1,31,390,362.5,332.5,True
2015-08-11,-1,121,181,-25.0,-55.0,False
2015-08-11,-1,211,301,-12.5,-42.5,False
2015-08-12,-1,31,181,-0.0,-30.0,True
2015-08-13,-1,31,61,-25.0,-55.0,True
2015-08-17,1,211,271,37.5,7.5,False
2015-08-19,-1,31,61,-200.0,-230.0,True
2015-08-19,-1,91,271,-250.0,-280.0,True
2015-08-20,-1,61,91,-262.5,-292.5,True
2015-08-20,-1,181,271,-62.5,-92.5,False
2015-08-20,-1,301,390,550.0,520.0,False
2015-08-21,-1,91,390,1812.5,1782.5,True
2015-08-27,1,181,301,-575.0,-605.0,False
2015-09-03,1,61,121,-50.0,-80.0,True
2015-09-08,1,331,390,262.5,232.5,False
2015-09-09,-1,331,390,700.0,670.0,False
2015-09-14,-1,31,61,-75.0,-105.0,True
2015-09-15,1,91,390,437.5,407.5,True
2015-09-16,1,211,241,-200.0,-230.0,False
2015-09-16,1,271,301,-262.5,-292.5,False
2015-09-16,1,331,390,112.5,82.5,False
2015-09-17,1,331,361,-950.0,-980.0,False
2015-09-21,1,91,151,-425.0,-455.0,True
2015-09-22,-1,121,151,-100.0,-130.0,False
2015-09-22,-1,211,271,-187.5,-217.5,False
2015-09-24,-1,31,151,-37.5,-67.5,True
2015-09-28,-1,31,390,1425.0,1395.0,True
2015-09-29,1,61,91,-325.0,-355.0,True
2015-09-30,1,61,91,-162.5,-192.5,True
2015-10-01,-1,31,61,-375.0,-405.0,True
2015-10-01,-1,91,121,-37.5,-67.5,True
2015-10-01,-1,151,271,-250.0,-280.0,False
2015-10-02,1,301,331,-162.5,-192.5,False
2015-10-02,1,361,390,337.5,307.5,False
2015-10-05,1,31,91,-62.5,-92.5,True
2015-10-05,1,151,211,87.5,57.5,False
2015-10-05,1,241,390,287.5,257.5,False
2015-10-06,1,31,61,-537.5,-567.5,True
2015-10-06,-1,151,181,-37.5,-67.5,False
2015-10-07,1,31,91,-325.0,-355.0,True
2015-10-08,1,331,390,187.5,157.5,False
2015-10-14,1,31,61,-412.5,-442.5,True
2015-10-15,1,241,390,600.0,570.0,False
2015-10-21,-1,241,301,-187.5,-217.5,False
2015-10-22,1,31,390,650.0,620.0,True
2015-10-26,-1,31,61,-62.5,-92.5,True
2015-10-28,1,91,301,-475.0,-505.0,True
2015-10-28,1,361,390,400.0,370.0,False
2015-11-02,1,31,390,687.5,657.5,True
2015-11-03,1,271,361,62.5,32.5,False
2015-11-04,-1,121,181,-125.0,-155.0,False
2015-11-04,-1,211,331,-37.5,-67.5,False
2015-11-05,1,31,61,-650.0,-680.0,True
2015-11-05,-1,61,151,-250.0,-280.0,True
2015-11-06,-1,31,91,-137.5,-167.5,True
2015-11-06,-1,121,151,-100.0,-130.0,False
2015-11-06,-1,181,211,-75.0,-105.0,False
2015-11-09,-1,31,390,300.0,270.0,True
2015-11-12,-1,181,211,-162.5,-192.5,False
2015-11-12,-1,331,390,325.0,295.0,False
2015-11-13,-1,61,151,-300.0,-330.0,True
2015-11-13,-1,211,390,575.0,545.0,False
2015-11-16,1,31,91,-137.5,-167.5,True
2015-11-16,1,151,390,1187.5,1157.5,False
2015-11-17,1,151,181,-137.5,-167.5,False
2015-11-18,1,121,390,987.5,957.5,False
2015-11-20,1,31,61,-50.0,-80.0,True
2015-11-23,1,91,121,-50.0,-80.0,True
2015-11-30,-1,151,181,-125.0,-155.0,False
2015-11-30,-1,211,241,-150.0,-180.0,False
2015-12-01,1,31,61,-350.0,-380.0,True
2015-12-01,1,91,121,-62.5,-92.5,True
2015-12-01,1,211,241,-150.0,-180.0,False
2015-12-02,-1,121,181,-0.0,-30.0,False
2015-12-02,-1,211,241,-37.5,-67.5,False
2015-12-02,-1,271,390,612.5,582.5,False
2015-12-03,-1,31,121,-37.5,-67.5,True
2015-12-03,-1,151,390,1062.5,1032.5,False
2015-12-04,1,31,390,1162.5,1132.5,True
2015-12-07,-1,31,361,400.0,370.0,True
2015-12-08,-1,61,91,-637.5,-667.5,True
2015-12-09,1,61,121,-237.5,-267.5,True
2015-12-09,-1,181,361,-50.0,-80.0,False
2015-12-11,-1,181,211,-75.0,-105.0,False
2015-12-11,-1,241,271,-125.0,-155.0,False
2015-12-11,-1,361,390,25.0,-5.0,False
2015-12-14,-1,61,91,-212.5,-242.5,True
2015-12-14,-1,121,181,-762.5,-792.5,False
2015-12-15,1,31,91,-200.0,-230.0,True
2015-12-15,1,211,241,-337.5,-367.5,False
2015-12-15,1,271,301,-12.5,-42.5,False
2015-12-16,1,361,390,50.0,20.0,False
2015-12-17,-1,61,390,1137.5,1107.5,True
2015-12-18,-1,61,91,-75.0,-105.0,True
2015-12-18,-1,151,301,-187.5,-217.5,False
2015-12-18,-1,331,390,612.5,582.5,False
2015-12-28,-1,91,121,-87.5,-117.5,True
2015-12-29,1,31,91,-37.5,-67.5,True
2015-12-29,1,271,390,-62.5,-92.5,False
2015-12-31,-1,61,91,-0.0,-30.0,True
2016-01-04,-1,61,211,25.0,-5.0,True
2016-01-04,-1,331,390,-725.0,-755.0,False
2016-01-07,-1,271,390,225.0,195.0,False
2016-01-08,-1,361,390,537.5,507.5,False
2016-01-11,-1,241,301,-362.5,-392.5,False
2016-01-11,-1,331,361,-462.5,-492.5,False
2016-01-13,-1,151,390,1825.0,1795.0,False
2016-01-14,-1,31,61,-1162.5,-1192.5,True
2016-01-14,1,61,390,800.0,770.0,True
2016-01-20,-1,31,271,12.5,-17.5,True
2016-01-21,-1,31,61,-975.0,-1005.0,True
2016-01-21,1,61,91,-87.5,-117.5,True
2016-01-21,1,151,241,-462.5,-492.5,False
2016-01-25,-1,361,390,175.0,145.0,False
2016-01-26,1,61,151,62.5,32.5,True
2016-01-26,1,181,301,-337.5,-367.5,False
2016-01-27,-1,61,91,-275.0,-305.0,True
2016-01-27,-1,361,390,-212.5,-242.5,False
2016-01-29,1,31,390,1275.0,1245.0,True
2016-02-02,-1,31,61,62.5,32.5,True
2016-02-02,-1,271,390,-25.0,-55.0,False
2016-02-03,-1,61,151,-712.5,-742.5,True
2016-02-03,-1,271,301,-1262.5,-1292.5,False
2016-02-04,1,91,121,-750.0,-780.0,True
2016-02-05,-1,31,390,1075.0,1045.0,True
2016-02-08,-1,31,181,12.5,-17.5,True
2016-02-08,-1,211,361,-0.0,-30.0,False
2016-02-12,1,361,390,12.5,-17.5,False
2016-02-17,1,91,271,25.0,-5.0,True
2016-02-17,1,301,390,-100.0,-130.0,False
2016-02-23,-1,91,211,-75.0,-105.0,True
2016-02-23,-1,241,271,87.5,57.5,False
2016-02-23,-1,331,390,112.5,82.5,False
2016-02-24,-1,31,61,50.0,20.0,True
2016-02-29,1,151,181,-100.0,-130.0,False
2016-03-01,1,61,390,1137.5,1107.5,True
2016-03-03,-1,31,61,-87.5,-117.5,True
2016-03-04,-1,31,61,-200.0,-230.0,True
2016-03-04,1,151,181,-87.5,-117.5,False
2016-03-04,1,241,301,-175.0,-205.0,False
2016-03-08,-1,61,121,-187.5,-217.5,True
2016-03-10,1,31,61,-287.5,-317.5,True
2016-03-10,-1,91,361,-287.5,-317.5,True
2016-03-11,1,91,241,125.0,95.0,True
2016-03-11,1,271,331,-75.0,-105.0,False
2016-03-11,1,361,390,62.5,32.5,False
2016-03-16,1,301,331,-150.0,-180.0,False
2016-03-16,1,361,390,-25.0,-55.0,False
2016-03-17,1,91,121,75.0,45.0,True
2016-03-17,1,181,390,112.5,82.5,False
2016-03-23,-1,331,390,-25.0,-55.0,False
2016-03-29,1,181,390,562.5,532.5,False
2016-04-01,1,241,301,62.5,32.5,False
2016-04-01,1,331,390,162.5,132.5,False
2016-04-04,-1,91,151,-75.0,-105.0,True
2016-04-06,1,91,390,637.5,607.5,True
2016-04-07,-1,61,91,-75.0,-105.0,True
2016-04-07,-1,121,241,-50.0,-80.0,False
2016-04-07,-1,271,390,-62.5,-92.5,False
2016-04-08,1,31,61,0.0,-30.0,True
2016-04-11,1,31,91,-312.5,-342.5,True
2016-04-12,1,31,61,-312.5,-342.5,True
2016-04-12,1,91,390,475.0,445.0,True
2016-04-13,1,31,91,-112.5,-142.5,True
2016-04-14,-1,31,61,-162.5,-192.5,True
2016-04-18,1,61,390,375.0,345.0,True
2016-04-21,-1,31,61,-75.0,-105.0,True
2016-04-21,-1,241,390,112.5,82.5,False
2016-04-22,-1,91,121,-50.0,-80.0,True
2016-04-25,-1,61,121,-137.5,-167.5,True
2016-04-26,1,31,61,-350.0,-380.0,True
2016-04-28,-1,361,390,-212.5,-242.5,False
2016-04-29,-1,31,61,-125.0,-155.0,True
2016-04-29,-1,91,390,-175.0,-205.0,True
2016-05-02,1,241,271,-12.5,-42.5,False
2016-05-02,1,301,390,112.5,82.5,False
2016-05-03,-1,31,211,-12.5,-42.5,True
2016-05-05,-1,241,271,-50.0,-80.0,False
2016-05-09,1,31,61,-262.5,-292.5,True
2016-05-10,1,31,390,587.5,557.5,True
2016-05-11,-1,241,390,412.5,382.5,False
2016-05-12,-1,121,211,-125.0,-155.0,False
2016-05-12,-1,241,271,-125.0,-155.0,False
2016-05-13,-1,241,390,375.0,345.0,False
2016-05-16,1,31,390,650.0,620.0,True
2016-05-17,-1,61,91,-225.0,-255.0,True
2016-05-17,-1,211,241,-50.0,-80.0,False
2016-05-17,-1,271,390,187.5,157.5,False
2016-05-18,1,61,91,-300.0,-330.0,True
2016-05-18,1,211,301,-937.5,-967.5,False
2016-05-19,-1,31,241,-212.5,-242.5,True
2016-05-20,1,31,241,-62.5,-92.5,True
2016-05-24,1,31,390,462.5,432.5,True
2016-05-25,1,31,121,12.5,-17.5,True
2016-05-25,1,361,390,-262.5,-292.5,False
2016-05-31,-1,331,361,-187.5,-217.5,False
2016-06-03,-1,31,151,-250.0,-280.0,True
2016-06-06,1,31,61,-12.5,-42.5,True
2016-06-06,1,91,121,-25.0,-55.0,True
2016-06-06,1,301,361,-112.5,-142.5,False
2016-06-07,1,121,151,-37.5,-67.5,False
2016-06-07,1,181,271,-25.0,-55.0,False
2016-06-08,1,31,61,-200.0,-230.0,True
2016-06-10,-1,271,390,-150.0,-180.0,False
2016-06-14,-1,91,181,-425.0,-455.0,True
2016-06-14,-1,241,301,-187.5,-217.5,False
2016-06-14,-1,331,361,-450.0,-480.0,False
2016-06-16,-1,31,121,-462.5,-492.5,True
2016-06-16,-1,151,181,-450.0,-480.0,False
2016-06-16,1,361,390,62.5,32.5,False
2016-06-17,-1,61,301,-137.5,-167.5,True
2016-06-20,1,61,91,-62.5,-92.5,True
2016-06-22,1,91,181,-375.0,-405.0,True
2016-06-23,1,151,211,-87.5,-117.5,False
2016-06-24,-1,361,390,-87.5,-117.5,False
2016-06-27,-1,31,390,425.0,395.0,True
2016-06-28,1,31,61,-187.5,-217.5,True
2016-06-28,1,331,390,212.5,182.5,False
2016-06-29,1,61,390,575.0,545.0,True
2016-06-30,1,151,390,762.5,732.5,False
2016-07-01,1,61,121,-162.5,-192.5,True
2016-07-05,-1,151,181,-125.0,-155.0,False
2016-07-05,-1,211,361,-12.5,-42.5,False
2016-07-06,1,181,271,-12.5,-42.5,False
2016-07-06,1,331,361,-187.5,-217.5,False
2016-07-07,1,31,61,-25.0,-55.0,True
2016-07-07,-1,301,361,-125.0,-155.0,False
2016-07-08,1,91,390,362.5,332.5,True
2016-07-11,1,211,241,-87.5,-117.5,False
2016-07-20,1,121,151,-87.5,-117.5,False
2016-07-21,-1,301,390,-100.0,-130.0,False
2016-07-22,1,181,211,-25.0,-55.0,False
2016-07-22,1,361,390,0.0,-30.0,False
2016-07-25,-1,31,241,100.0,70.0,True
2016-07-26,1,31,91,-537.5,-567.5,True
2016-07-26,-1,91,121,-137.5,-167.5,True
2016-07-27,-1,151,271,-50.0,-80.0,False
2016-07-28,-1,91,121,-137.5,-167.5,True
2016-07-29,1,151,181,-50.0,-80.0,False
2016-07-29,1,301,331,-112.5,-142.5,False
2016-08-01,-1,361,390,-187.5,-217.5,False
2016-08-02,-1,31,390,350.0,320.0,True
2016-08-05,1,31,390,150.0,120.0,True
2016-08-09,1,31,91,87.5,57.5,True
2016-08-09,1,121,151,-37.5,-67.5,False
2016-08-10,-1,31,61,-62.5,-92.5,True
2016-08-10,-1,121,181,-62.5,-92.5,False
2016-08-10,-1,301,390,-162.5,-192.5,False
2016-08-11,1,301,331,-100.0,-130.0,False
2016-08-15,1,61,91,50.0,20.0,True
2016-08-15,1,121,151,-62.5,-92.5,False
2016-08-15,1,181,211,-25.0,-55.0,False
2016-08-16,-1,31,61,-12.5,-42.5,True
2016-08-17,-1,31,211,-212.5,-242.5,True
2016-08-19,-1,31,61,-275.0,-305.0,True
2016-08-23,1,31,61,-25.0,-55.0,True
2016-08-24,-1,151,181,-50.0,-80.0,False
2016-08-24,-1,271,390,300.0,270.0,False
2016-08-26,1,61,151,-712.5,-742.5,True
2016-08-26,-1,181,390,-150.0,-180.0,False
2016-08-29,1,31,390,150.0,120.0,True
2016-08-30,-1,91,151,-50.0,-80.0,True
2016-08-30,-1,211,241,-0.0,-30.0,False
2016-08-30,-1,271,390,-125.0,-155.0,False
2016-08-31,-1,91,121,-50.0,-80.0,True
2016-08-31,-1,151,361,-187.5,-217.5,False
2016-09-01,-1,61,181,-250.0,-280.0,True
2016-09-02,1,31,61,-100.0,-130.0,True
2016-09-08,-1,31,61,-37.5,-67.5,True
2016-09-09,-1,31,390,1612.5,1582.5,True
2016-09-12,1,61,390,1125.0,1095.0,True
2016-09-13,-1,31,390,425.0,395.0,True
2016-09-14,1,61,91,-300.0,-330.0,True
2016-09-14,1,151,211,-112.5,-142.5,False
2016-09-15,1,61,390,700.0,670.0,True
2016-09-19,1,31,61,-87.5,-117.5,True
2016-09-21,1,361,390,237.5,207.5,False
2016-09-26,-1,31,61,-125.0,-155.0,True
2016-09-26,-1,241,271,-0.0,-30.0,False
2016-09-27,1,31,91,-200.0,-230.0,True
2016-09-27,1,121,390,337.5,307.5,False
2016-09-29,-1,211,301,-200.0,-230.0,False
2016-09-29,-1,331,390,225.0,195.0,False
2016-09-30,1,121,211,-37.5,-67.5,False
2016-09-30,1,301,390,-237.5,-267.5,False
2016-10-03,-1,31,61,-25.0,-55.0,True
2016-10-04,-1,241,390,-125.0,-155.0,False
2016-10-06,-1,31,61,-62.5,-92.5,True
2016-10-06,-1,91,121,-87.5,-117.5,True
2016-10-07,-1,31,271,-12.5,-42.5,True
2016-10-10,1,31,121,-37.5,-67.5,True
2016-10-11,-1,31,390,737.5,707.5,True
2016-10-13,-1,31,91,-212.5,-242.5,True
2016-10-17,-1,31,61,-287.5,-317.5,True
2016-10-19,1,91,121,-87.5,-117.5,True
2016-10-20,-1,91,121,-112.5,-142.5,True
2016-10-25,-1,181,211,-112.5,-142.5,False
2016-10-27,-1,61,91,50.0,20.0,True
2016-10-28,1,181,241,-562.5,-592.5,False
2016-10-28,-1,271,331,-537.5,-567.5,False
2016-11-01,-1,61,91,-25.0,-55.0,True
2016-11-01,-1,121,390,450.0,420.0,False
2016-11-02,-1,241,271,-50.0,-80.0,False
2016-11-02,-1,331,361,-200.0,-230.0,False
2016-11-03,-1,361,390,37.5,7.5,False
2016-11-04,1,121,331,-200.0,-230.0,False
2016-11-07,1,31,390,687.5,657.5,True
2016-11-08,1,121,390,200.0,170.0,False
2016-11-09,1,31,61,-437.5,-467.5,True
2016-11-09,1,121,390,700.0,670.0,False
2016-11-10,-1,61,121,-50.0,-80.0,True
2016-11-15,1,361,390,87.5,57.5,False
2016-11-17,1,31,61,-125.0,-155.0,True
2016-11-17,1,181,211,-75.0,-105.0,False
2016-11-21,1,31,61,-212.5,-242.5,True
2016-11-29,1,271,301,-25.0,-55.0,False
2016-12-01,-1,211,390,50.0,20.0,False
2016-12-02,1,31,61,-75.0,-105.0,True
2016-12-05,1,31,151,-75.0,-105.0,True
2016-12-06,-1,61,91,-187.5,-217.5,True
2016-12-07,1,151,390,1137.5,1107.5,False
2016-12-09,1,31,121,0.0,-30.0,True
2016-12-09,1,361,390,37.5,7.5,False
2016-12-12,1,31,61,-300.0,-330.0,True
2016-12-12,-1,181,211,-50.0,-80.0,False
2016-12-13,1,31,91,-100.0,-130.0,True
2016-12-13,1,121,390,87.5,57.5,False
2016-12-14,-1,301,390,225.0,195.0,False
2016-12-15,1,31,271,-325.0,-355.0,True
2016-12-15,1,301,331,-12.5,-42.5,False
2016-12-16,-1,121,151,-275.0,-305.0,False
2016-12-16,-1,241,271,-87.5,-117.5,False
2016-12-19,1,91,121,-150.0,-180.0,True
2016-12-22,-1,91,211,25.0,-5.0,True
2016-12-27,1,31,151,-150.0,-180.0,True
2016-12-28,-1,31,390,575.0,545.0,True
2016-12-30,-1,31,121,-100.0,-130.0,True
2016-12-30,-1,181,390,112.5,82.5,False
2017-01-03,1,61,91,-425.0,-455.0,True
2017-01-04,1,31,61,-137.5,-167.5,True
2017-01-04,1,91,241,125.0,95.0,True
2017-01-04,1,271,390,87.5,57.5,False
2017-01-05,-1,151,181,-100.0,-130.0,False
2017-01-06,1,151,390,-25.0,-55.0,False
2017-01-10,1,121,271,-200.0,-230.0,False
2017-01-11,1,31,61,-50.0,-80.0,True
2017-01-11,-1,241,271,-325.0,-355.0,False
2017-01-12,-1,31,211,25.0,-5.0,True
2017-01-13,1,31,61,-50.0,-80.0,True
2017-01-13,1,91,151,50.0,20.0,True
2017-01-19,-1,271,390,87.5,57.5,False
2017-01-20,1,31,61,-100.0,-130.0,True
2017-01-23,-1,61,271,25.0,-5.0,True
2017-01-23,-1,301,331,-112.5,-142.5,False
2017-01-24,1,181,390,212.5,182.5,False
2017-01-25,1,91,151,-50.0,-80.0,True
2017-01-25,1,241,331,-37.5,-67.5,False
2017-01-25,1,361,390,87.5,57.5,False
2017-01-27,-1,31,121,12.5,-17.5,True
2017-01-27,-1,361,390,-112.5,-142.5,False
2017-01-30,-1,31,390,-150.0,-180.0,True
2017-02-03,1,181,241,12.5,-17.5,False
2017-02-03,1,331,361,12.5,-17.5,False
2017-02-09,1,61,390,212.5,182.5,True
2017-02-10,1,301,331,-75.0,-105.0,False
2017-02-13,1,61,91,12.5,-17.5,True
2017-02-13,1,211,390,0.0,-30.0,False
2017-02-14,1,241,390,175.0,145.0,False
2017-02-15,1,121,151,-150.0,-180.0,False
2017-02-15,1,181,390,325.0,295.0,False
2017-02-16,-1,91,121,-12.5,-42.5,True
2017-02-21,1,31,121,-50.0,-80.0,True
2017-02-21,1,151,271,0.0,-30.0,False
2017-02-21,1,301,390,50.0,20.0,False
2017-02-23,-1,121,151,-137.5,-167.5,False
2017-02-28,-1,181,211,-112.5,-142.5,False
2017-03-01,1,31,390,462.5,432.5,True
2017-03-02,-1,91,241,50.0,20.0,True
2017-03-02,-1,271,301,-62.5,-92.5,False
2017-03-02,-1,361,390,162.5,132.5,False
2017-03-09,-1,301,331,-112.5,-142.5,False
2017-03-14,-1,31,121,-0.0,-30.0,True
2017-03-14,-1,181,241,-112.5,-142.5,False
2017-03-14,-1,271,301,-25.0,-55.0,False
2017-03-14,-1,331,361,-125.0,-155.0,False
2017-03-15,1,211,241,-125.0,-155.0,False
2017-03-15,1,301,390,200.0,170.0,False
2017-03-16,-1,121,181,-200.0,-230.0,False
2017-03-16,-1,241,271,-75.0,-105.0,False
2017-03-16,-1,331,390,-112.5,-142.5,False
2017-03-20,-1,331,361,-200.0,-230.0,False
2017-03-21,-1,61,390,1137.5,1107.5,True
2017-03-22,-1,31,91,-337.5,-367.5,True
2017-03-22,1,121,181,-275.0,-305.0,False
2017-03-23,1,91,241,-212.5,-242.5,True
2017-03-24,1,31,61,12.5,-17.5,True
2017-03-24,1,91,121,-137.5,-167.5,True
2017-03-24,-1,361,390,-237.5,-267.5,False
2017-03-28,1,121,390,375.0,345.0,False
2017-03-30,1,91,151,-175.0,-205.0,True
2017-04-03,-1,91,331,-237.5,-267.5,True
2017-04-05,1,31,121,-137.5,-167.5,True
2017-04-05,1,181,301,-25.0,-55.0,False
2017-04-06,1,31,61,0.0,-30.0,True
2017-04-06,1,241,271,-87.5,-117.5,False
2017-04-07,-1,31,61,-337.5,-367.5,True
2017-04-10,1,31,91,-75.0,-105.0,True
2017-04-11,-1,31,181,-0.0,-30.0,True
2017-04-12,-1,151,181,-0.0,-30.0,False
2017-04-12,-1,211,241,-87.5,-117.5,False
2017-04-17,1,61,91,62.5,32.5,True
2017-04-17,1,121,151,-137.5,-167.5,False
2017-04-17,1,181,390,375.0,345.0,False
2017-04-20,1,151,390,200.0,170.0,False
2017-04-21,-1,181,271,-37.5,-67.5,False
2017-04-21,-1,331,390,125.0,95.0,False
2017-04-25,1,31,390,100.0,70.0,True
2017-04-26,1,91,151,-75.0,-105.0,True
2017-04-26,1,211,271,-187.5,-217.5,False
2017-04-26,1,331,361,0.0,-30.0,False
2017-04-28,-1,151,181,-75.0,-105.0,False
2017-04-28,-1,271,361,-12.5,-42.5,False
2017-05-02,-1,31,61,-75.0,-105.0,True
2017-05-03,-1,91,121,-137.5,-167.5,True
2017-05-04,-1,181,211,-212.5,-242.5,False
2017-05-08,-1,61,151,12.5,-17.5,True
2017-05-11,-1,31,241,-225.0,-255.0,True
2017-05-15,1,31,390,112.5,82.5,True
2017-05-16,-1,91,121,-100.0,-130.0,True
2017-05-16,-1,301,361,-100.0,-130.0,False
2017-05-17,-1,31,390,950.0,920.0,True
2017-05-18,1,61,151,-287.5,-317.5,True
2017-05-18,1,181,241,-62.5,-92.5,False
2017-05-18,1,271,390,12.5,-17.5,False
2017-05-19,1,31,390,137.5,107.5,True
2017-05-22,1,31,61,-12.5,-42.5,True
2017-05-22,1,181,331,-25.0,-55.0,False
2017-05-22,1,361,390,12.5,-17.5,False
2017-05-25,1,121,151,-187.5,-217.5,False
2017-05-25,1,181,390,37.5,7.5,False
2017-05-31,-1,31,91,-175.0,-205.0,True
2017-05-31,-1,151,181,-0.0,-30.0,False
2017-05-31,-1,211,301,-50.0,-80.0,False
2017-06-01,1,211,390,325.0,295.0,False
2017-06-02,1,151,301,-25.0,-55.0,False
2017-06-02,1,331,390,-12.5,-42.5,False
2017-06-08,-1,61,91,-137.5,-167.5,True
2017-06-09,1,31,181,-75.0,-105.0,True
2017-06-09,-1,271,301,-75.0,-105.0,False
2017-06-09,-1,331,361,-512.5,-542.5,False
2017-06-12,-1,31,91,-250.0,-280.0,True
2017-06-12,-1,181,241,-75.0,-105.0,False
2017-06-12,-1,271,331,-225.0,-255.0,False
2017-06-13,1,241,271,-37.5,-67.5,False
2017-06-13,1,361,390,-25.0,-55.0,False
2017-06-14,-1,91,151,-112.5,-142.5,True
2017-06-14,-1,331,390,-262.5,-292.5,False
2017-06-16,-1,31,181,-112.5,-142.5,True
2017-06-16,-1,241,271,-50.0,-80.0,False
2017-06-19,1,61,390,137.5,107.5,True
2017-06-20,-1,31,61,-12.5,-42.5,True
2017-06-20,-1,121,211,-0.0,-30.0,False
2017-06-20,-1,241,271,-0.0,-30.0,False
2017-06-20,-1,301,390,200.0,170.0,False
2017-06-21,-1,271,331,-200.0,-230.0,False
2017-06-22,1,121,181,-100.0,-130.0,False
2017-06-22,1,241,271,-25.0,-55.0,False
2017-06-23,1,91,121,25.0,-5.0,True
2017-06-23,1,151,211,25.0,-5.0,False
2017-06-23,1,241,271,12.5,-17.5,False
2017-06-26,1,31,61,-87.5,-117.5,True
2017-06-27,-1,271,390,362.5,332.5,False
2017-06-28,1,91,390,162.5,132.5,True
2017-06-29,-1,31,390,787.5,757.5,True
2017-07-06,-1,31,121,-100.0,-130.0,True
2017-07-06,-1,301,390,275.0,245.0,False
2017-07-07,1,151,390,75.0,45.0,False
2017-07-11,-1,121,151,-275.0,-305.0,False
2017-07-12,1,31,91,-112.5,-142.5,True
2017-07-12,1,271,390,-50.0,-80.0,False
2017-07-14,1,211,390,187.5,157.5,False
2017-07-19,1,31,61,-25.0,-55.0,True
2017-07-19,1,301,390,75.0,45.0,False
2017-07-24,-1,61,151,-37.5,-67.5,True
2017-07-27,-1,241,390,-450.0,-480.0,False
2017-07-28,-1,61,91,-12.5,-42.5,True
2017-08-02,-1,61,271,-225.0,-255.0,True
2017-08-03,-1,31,61,-125.0,-155.0,True
2017-08-03,-1,151,181,-87.5,-117.5,False
2017-08-07,1,361,390,0.0,-30.0,False
2017-08-08,1,91,241,-137.5,-167.5,True
2017-08-10,-1,31,390,1037.5,1007.5,True
2017-08-11,1,61,121,-187.5,-217.5,True
2017-08-11,1,301,331,-262.5,-292.5,False
2017-08-14,1,31,390,162.5,132.5,True
2017-08-17,-1,61,390,1175.0,1145.0,True
2017-08-18,-1,31,61,-212.5,-242.5,True
2017-08-18,1,211,241,-150.0,-180.0,False
2017-08-21,-1,31,91,-100.0,-130.0,True
2017-08-22,1,31,390,562.5,532.5,True
2017-08-24,-1,31,61,-175.0,-205.0,True
2017-08-24,-1,121,151,-62.5,-92.5,False
2017-08-25,1,31,91,-200.0,-230.0,True
2017-08-30,1,91,121,12.5,-17.5,True
2017-08-30,1,211,390,100.0,70.0,False
2017-08-31,1,331,361,12.5,-17.5,False
2017-09-05,-1,121,151,-62.5,-92.5,False
2017-09-05,-1,181,390,-175.0,-205.0,False
2017-09-07,-1,61,91,-225.0,-255.0,True
2017-09-11,1,31,390,312.5,282.5,True
2017-09-18,1,31,61,-12.5,-42.5,True
2017-09-18,1,121,151,-87.5,-117.5,False
2017-09-20,-1,301,331,-187.5,-217.5,False
2017-09-21,-1,31,91,-100.0,-130.0,True
2017-09-25,-1,91,121,-100.0,-130.0,True
2017-09-25,-1,151,361,-125.0,-155.0,False
2017-09-27,1,331,390,-100.0,-130.0,False
2017-09-28,1,271,301,-75.0,-105.0,False
2017-09-29,1,91,390,212.5,182.5,True
2017-10-02,1,31,121,-62.5,-92.5,True
2017-10-02,1,181,390,225.0,195.0,False
2017-10-04,1,151,271,-100.0,-130.0,False
2017-10-04,1,361,390,12.5,-17.5,False
2017-10-05,1,121,390,362.5,332.5,False
2017-10-09,-1,331,390,12.5,-17.5,False
2017-10-16,1,31,61,-125.0,-155.0,True
2017-10-19,-1,31,61,-150.0,-180.0,True
2017-10-20,1,301,331,-62.5,-92.5,False
2017-10-23,-1,301,390,237.5,207.5,False
2017-10-25,-1,31,390,250.0,220.0,True
2017-10-27,1,61,390,450.0,420.0,True
2017-10-30,-1,181,211,-75.0,-105.0,False
2017-10-30,-1,271,301,-62.5,-92.5,False
2017-10-30,-1,361,390,-37.5,-67.5,False
2017-11-01,1,31,61,-137.5,-167.5,True
2017-11-02,-1,61,181,-400.0,-430.0,True
2017-11-03,1,241,390,112.5,82.5,False
2017-11-06,1,361,390,-87.5,-117.5,False
2017-11-07,-1,151,181,-50.0,-80.0,False
2017-11-07,-1,361,390,-200.0,-230.0,False
2017-11-09,-1,181,241,-387.5,-417.5,False
2017-11-14,-1,61,91,-337.5,-367.5,True
2017-11-15,-1,31,91,-512.5,-542.5,True
2017-11-16,1,61,390,300.0,270.0,True
2017-11-21,1,31,390,137.5,107.5,True
2017-11-28,1,121,390,825.0,795.0,False
2017-11-29,1,31,61,-325.0,-355.0,True
2017-11-29,-1,151,181,-137.5,-167.5,False
2017-11-30,1,61,390,412.5,382.5,True
2017-12-01,-1,121,390,-1387.5,-1417.5,False
2017-12-05,1,91,151,-100.0,-130.0,True
2017-12-06,1,91,121,-137.5,-167.5,True
2017-12-07,1,31,390,262.5,232.5,True
2017-12-11,1,31,61,-137.5,-167.5,True
2017-12-11,1,271,301,-25.0,-55.0,False
2017-12-12,1,151,181,-87.5,-117.5,False
2017-12-13,1,31,121,25.0,-5.0,True
2017-12-14,-1,271,390,262.5,232.5,False
2017-12-15,1,61,390,200.0,170.0,True
2017-12-18,1,31,91,-75.0,-105.0,True
2017-12-19,-1,31,121,37.5,7.5,True
2017-12-19,-1,151,211,-87.5,-117.5,False
2017-12-19,-1,241,301,-62.5,-92.5,False
2017-12-19,-1,331,390,100.0,70.0,False
2017-12-21,1,241,271,-75.0,-105.0,False
2018-01-02,1,61,91,-75.0,-105.0,True
2018-01-03,1,31,390,437.5,407.5,True
2018-01-04,1,31,121,-125.0,-155.0,True
2018-01-04,1,211,301,-25.0,-55.0,False
2018-01-04,1,331,390,-137.5,-167.5,False
2018-01-09,1,121,181,-87.5,-117.5,False
2018-01-09,1,211,301,-25.0,-55.0,False
2018-01-10,-1,31,61,-137.5,-167.5,True
2018-01-11,1,31,61,-100.0,-130.0,True
2018-01-11,1,91,121,-25.0,-55.0,True
2018-01-11,1,151,390,437.5,407.5,False
2018-01-12,1,31,390,475.0,445.0,True
2018-01-16,1,31,61,-175.0,-205.0,True
2018-01-16,-1,301,361,-287.5,-317.5,False
2018-01-17,1,181,390,475.0,445.0,False
2018-01-18,-1,121,181,-112.5,-142.5,False
2018-01-22,1,61,390,712.5,682.5,True
2018-01-23,1,91,151,-200.0,-230.0,True
2018-01-24,-1,241,271,-325.0,-355.0,False
2018-01-26,1,121,151,-50.0,-80.0,False
2018-01-26,1,181,390,850.0,820.0,False
2018-01-29,-1,91,151,-112.5,-142.5,True
2018-01-30,-1,31,61,-112.5,-142.5,True
2018-01-30,-1,181,211,-25.0,-55.0,False
2018-01-30,-1,241,271,-325.0,-355.0,False
2018-02-01,1,151,211,-75.0,-105.0,False
2018-02-01,1,241,271,-425.0,-455.0,False
2018-02-02,-1,31,390,1962.5,1932.5,True
2018-02-05,-1,241,390,3687.5,3657.5,False
2018-02-06,1,31,61,-1262.5,-1292.5,True
2018-02-06,1,181,241,-375.0,-405.0,False
2018-02-06,1,331,390,1237.5,1207.5,False
2018-02-07,1,31,211,62.5,32.5,True
2018-02-08,-1,61,390,4200.0,4170.0,True
2018-02-09,-1,181,211,-750.0,-780.0,False
2018-02-09,-1,241,301,-2400.0,-2430.0,False
2018-02-12,1,271,331,-187.5,-217.5,False
2018-02-12,1,361,390,-600.0,-630.0,False
2018-02-14,1,211,390,812.5,782.5,False
2018-02-21,1,301,331,-387.5,-417.5,False
2018-03-01,-1,31,61,-887.5,-917.5,True
2018-03-01,-1,241,390,662.5,632.5,False
2018-03-05,1,121,390,737.5,707.5,False
2018-03-09,1,61,390,1187.5,1157.5,True
2018-03-13,-1,361,390,-112.5,-142.5,False
2018-03-14,-1,151,181,-37.5,-67.5,False
2018-03-14,-1,241,271,-500.0,-530.0,False
2018-03-16,1,61,91,12.5,-17.5,True
2018-03-19,-1,31,390,1112.5,1082.5,True
2018-03-22,-1,91,181,-362.5,-392.5,True
2018-03-22,-1,301,390,1337.5,1307.5,False
2018-03-23,-1,151,181,-612.5,-642.5,False
2018-03-23,-1,211,241,-600.0,-630.0,False
2018-03-23,-1,331,390,1125.0,1095.0,False
2018-03-26,1,31,61,-550.0,-580.0,True
2018-03-26,1,361,390,312.5,282.5,False
2018-03-27,-1,331,390,1250.0,1220.0,False
2018-03-28,1,31,61,-362.5,-392.5,True
2018-03-28,-1,91,151,-287.5,-317.5,True
2018-03-29,1,91,390,387.5,357.5,True
2018-04-02,-1,31,390,2225.0,2195.0,True
2018-04-04,1,361,390,100.0,70.0,False
2018-04-06,-1,181,211,-775.0,-805.0,False
2018-04-06,-1,271,390,312.5,282.5,False
2018-04-09,1,31,331,912.5,882.5,True
2018-04-12,1,31,91,-325.0,-355.0,True
2018-04-19,-1,241,271,-262.5,-292.5,False
2018-04-20,-1,91,301,312.5,282.5,True
2018-04-20,-1,331,390,-62.5,-92.5,False
2018-04-24,-1,181,390,962.5,932.5,False
2018-04-25,-1,31,91,-787.5,-817.5,True
2018-04-25,-1,151,181,-300.0,-330.0,False
2018-04-26,1,91,121,-250.0,-280.0,True
2018-04-26,1,241,361,25.0,-5.0,False
2018-04-30,-1,361,390,250.0,220.0,False
2018-05-01,-1,91,181,-75.0,-105.0,True
2018-05-01,-1,241,271,-675.0,-705.0,False
2018-05-02,-1,31,61,-62.5,-92.5,True
2018-05-03,-1,61,211,-1075.0,-1105.0,True
2018-05-04,1,61,390,1162.5,1132.5,True
2018-05-07,1,31,61,-175.0,-205.0,True
2018-05-09,1,211,390,225.0,195.0,False
2018-05-10,1,121,271,175.0,145.0,False
2018-05-11,1,31,61,0.0,-30.0,True
2018-05-11,1,91,121,-262.5,-292.5,True
2018-05-15,-1,31,91,-287.5,-317.5,True
2018-05-15,-1,271,301,-237.5,-267.5,False
2018-05-15,-1,361,390,-425.0,-455.0,False
2018-05-16,1,31,61,-137.5,-167.5,True
2018-05-16,1,181,361,-100.0,-130.0,False
2018-05-24,-1,31,151,-212.5,-242.5,True
2018-05-29,-1,151,390,-87.5,-117.5,False
2018-05-30,1,91,390,437.5,407.5,True
2018-05-31,-1,91,121,-337.5,-367.5,True
2018-05-31,-1,241,390,300.0,270.0,False
2018-06-01,1,31,390,362.5,332.5,True
2018-06-04,1,31,61,-275.0,-305.0,True
2018-06-06,1,151,181,-50.0,-80.0,False
2018-06-06,1,301,390,450.0,420.0,False
2018-06-11,1,151,271,50.0,20.0,False
2018-06-15,-1,61,151,-112.5,-142.5,True
2018-06-21,-1,31,390,650.0,620.0,True
2018-06-25,-1,31,390,512.5,482.5,True
2018-06-26,1,241,271,-37.5,-67.5,False
2018-06-27,1,31,121,-487.5,-517.5,True
2018-06-27,-1,301,390,600.0,570.0,False
2018-06-28,1,91,181,-250.0,-280.0,True
2018-06-28,1,241,390,375.0,345.0,False
2018-06-29,1,31,301,75.0,45.0,True
2018-07-06,1,31,390,837.5,807.5,True
2018-07-09,1,151,211,0.0,-30.0,False
2018-07-12,1,241,271,-175.0,-205.0,False
2018-07-17,1,151,331,87.5,57.5,False
2018-07-17,1,361,390,-100.0,-130.0,False
2018-07-19,-1,31,91,-125.0,-155.0,True
2018-07-24,1,31,91,87.5,57.5,True
2018-07-25,1,31,61,-112.5,-142.5,True
2018-07-25,1,211,241,-150.0,-180.0,False
2018-07-25,1,271,390,825.0,795.0,False
2018-07-27,-1,121,390,625.0,595.0,False
2018-07-30,-1,31,61,-125.0,-155.0,True
2018-07-30,-1,91,390,337.5,307.5,True
2018-07-31,1,151,301,-25.0,-55.0,False
2018-08-01,1,61,91,-37.5,-67.5,True
2018-08-02,1,241,390,125.0,95.0,False
2018-08-03,1,61,91,-162.5,-192.5,True
2018-08-06,1,181,241,0.0,-30.0,False
2018-08-07,1,61,91,-50.0,-80.0,True
2018-08-10,-1,301,331,-112.5,-142.5,False
2018-08-13,1,31,91,-62.5,-92.5,True
2018-08-13,-1,151,241,-50.0,-80.0,False
2018-08-14,1,91,211,-37.5,-67.5,True
2018-08-14,1,271,301,-87.5,-117.5,False
2018-08-14,1,331,390,-62.5,-92.5,False
2018-08-15,-1,31,211,-62.5,-92.5,True
2018-08-15,-1,241,361,-125.0,-155.0,False
2018-08-16,1,121,301,-112.5,-142.5,False
2018-08-16,1,361,390,-175.0,-205.0,False
2018-08-17,1,301,390,-75.0,-105.0,False
2018-08-21,1,31,61,-87.5,-117.5,True
2018-08-21,1,151,271,62.5,32.5,False
2018-08-23,1,61,91,-237.5,-267.5,True
2018-08-24,1,91,390,150.0,120.0,True
2018-08-27,1,31,390,225.0,195.0,True
2018-08-29,1,91,390,287.5,257.5,True
2018-08-30,-1,331,390,-100.0,-130.0,False
2018-09-04,-1,31,61,-162.5,-192.5,True
2018-09-04,-1,181,211,-150.0,-180.0,False
2018-09-05,-1,31,151,100.0,70.0,True
2018-09-05,-1,211,241,-262.5,-292.5,False
2018-09-06,1,31,61,-412.5,-442.5,True
2018-09-06,-1,61,361,25.0,-5.0,True
2018-09-11,1,151,390,-125.0,-155.0,False
2018-09-13,1,31,61,-112.5,-142.5,True
2018-09-17,-1,31,61,62.5,32.5,True
2018-09-17,-1,91,151,-175.0,-205.0,True
2018-09-17,-1,241,390,250.0,220.0,False
2018-09-18,1,31,390,325.0,295.0,True
2018-09-20,1,151,390,37.5,7.5,False
2018-09-24,-1,61,91,-0.0,-30.0,True
2018-09-26,1,301,331,-275.0,-305.0,False
2018-09-27,1,61,301,12.5,-17.5,True
2018-10-01,1,31,91,50.0,20.0,True
2018-10-04,-1,31,390,625.0,595.0,True
2018-10-05,-1,121,390,137.5,107.5,False
2018-10-08,-1,151,181,-175.0,-205.0,False
2018-10-08,-1,211,271,-400.0,-430.0,False
2018-10-09,1,61,91,-250.0,-280.0,True
2018-10-10,-1,31,390,3212.5,3182.5,True
2018-10-11,-1,91,151,-150.0,-180.0,True
2018-10-11,-1,271,390,1875.0,1845.0,False
2018-10-16,1,91,390,1062.5,1032.5,True
2018-10-17,-1,31,121,-50.0,-80.0,True
2018-10-18,-1,31,61,-212.5,-242.5,True
2018-10-18,-1,121,390,875.0,845.0,False
2018-10-19,1,31,121,-237.5,-267.5,True
2018-10-22,-1,31,91,-512.5,-542.5,True
2018-10-22,-1,181,211,-200.0,-230.0,False
2018-10-23,-1,61,121,-650.0,-680.0,True
2018-10-24,-1,61,151,100.0,70.0,True
2018-10-24,-1,181,390,3112.5,3082.5,False
2018-10-25,1,61,390,725.0,695.0,True
2018-10-26,-1,61,121,-337.5,-367.5,True
2018-10-29,-1,361,390,-650.0,-680.0,False
2018-10-30,1,31,91,-1062.5,-1092.5,True
2018-10-30,1,121,211,-587.5,-617.5,False
2018-10-30,1,361,390,350.0,320.0,False
2018-10-31,1,61,91,-275.0,-305.0,True
2018-10-31,1,301,331,-25.0,-55.0,False
2018-11-02,-1,121,301,-137.5,-167.5,False
2018-11-06,1,31,61,-162.5,-192.5,True
2018-11-07,1,151,271,-62.5,-92.5,False
2018-11-07,1,301,390,475.0,445.0,False
2018-11-09,-1,151,331,-225.0,-255.0,False
2018-11-12,-1,31,390,1575.0,1545.0,True
2018-11-14,-1,211,331,-575.0,-605.0,False
2018-11-15,1,271,361,-362.5,-392.5,False
2018-11-19,-1,61,390,1075.0,1045.0,True
2018-11-20,-1,31,61,-187.5,-217.5,True
2018-11-26,1,31,121,-237.5,-267.5,True
2018-11-28,1,181,390,1062.5,1032.5,False
2018-12-04,-1,31,61,87.5,57.5,True
2018-12-04,-1,91,390,3337.5,3307.5,True
2018-12-06,-1,31,61,-387.5,-417.5,True
2018-12-06,-1,91,151,-312.5,-342.5,True
2018-12-07,-1,61,390,2325.0,2295.0,True
2018-12-10,-1,31,211,-300.0,-330.0,True
2018-12-14,-1,151,181,-350.0,-380.0,False
2018-12-14,-1,331,390,125.0,95.0,False
2018-12-17,-1,31,91,-562.5,-592.5,True
2018-12-17,-1,211,390,1275.0,1245.0,False
2018-12-19,1,31,241,112.5,82.5,True
2018-12-19,1,271,301,-1337.5,-1367.5,False
2018-12-19,-1,331,390,562.5,532.5,False
2018-12-20,-1,151,181,-662.5,-692.5,False
2018-12-20,-1,241,331,-125.0,-155.0,False
2018-12-21,1,61,91,-650.0,-680.0,True
2018-12-21,-1,181,241,-175.0,-205.0,False
2018-12-21,-1,301,390,1412.5,1382.5,False
2018-12-24,-1,31,91,-612.5,-642.5,True
2018-12-24,-1,121,210,1350.0,1320.0,False
2018-12-26,1,151,390,3812.5,3782.5,False
2018-12-27,-1,61,91,-312.5,-342.5,True
2018-12-27,-1,301,331,-1125.0,-1155.0,False
2019-01-03,-1,31,151,50.0,20.0,True
2019-01-03,-1,181,211,-200.0,-230.0,False
2019-01-03,-1,241,301,-275.0,-305.0,False
2019-01-03,-1,331,390,387.5,357.5,False
2019-01-04,1,31,390,1712.5,1682.5,True
2019-01-07,1,151,271,-275.0,-305.0,False
2019-01-15,1,31,61,-100.0,-130.0,True
2019-01-15,1,91,211,300.0,270.0,True
2019-01-15,1,241,301,-487.5,-517.5,False
2019-01-18,1,181,211,-37.5,-67.5,False
2019-01-22,-1,151,211,-12.5,-42.5,False
2019-01-22,-1,241,390,-375.0,-405.0,False
2019-01-28,-1,31,61,-275.0,-305.0,True
2019-01-29,-1,91,121,-150.0,-180.0,True
2019-01-30,1,301,390,62.5,32.5,False
2019-01-31,1,61,390,412.5,382.5,True
2019-02-01,1,61,91,-425.0,-455.0,True
2019-02-04,1,271,331,0.0,-30.0,False
2019-02-05,1,91,121,-275.0,-305.0,True
2019-02-07,-1,91,390,-150.0,-180.0,True
2019-02-12,1,31,390,562.5,532.5,True
2019-02-13,1,31,61,25.0,-5.0,True
2019-02-21,-1,31,91,75.0,45.0,True
2019-02-21,-1,331,390,-425.0,-455.0,False
2019-02-22,1,31,61,-12.5,-42.5,True
2019-02-22,1,91,301,0.0,-30.0,True
2019-02-27,-1,61,91,-125.0,-155.0,True
2019-03-01,1,31,61,-512.5,-542.5,True
2019-03-04,-1,121,390,75.0,45.0,False
2019-03-05,-1,31,121,-287.5,-317.5,True
2019-03-06,-1,31,390,625.0,595.0,True
2019-03-07,-1,31,211,-437.5,-467.5,True
2019-03-07,-1,271,390,225.0,195.0,False
2019-03-11,1,31,390,1112.5,1082.5,True
2019-03-13,1,91,361,-12.5,-42.5,True
2019-03-15,1,181,331,-125.0,-155.0,False
2019-03-18,1,31,121,-375.0,-405.0,True
2019-03-20,-1,31,91,-162.5,-192.5,True
2019-03-20,-1,151,181,-187.5,-217.5,False
2019-03-20,-1,211,271,-162.5,-192.5,False
2019-03-21,1,61,390,1050.0,1020.0,True
2019-03-22,-1,31,390,1350.0,1320.0,True
2019-03-25,-1,31,61,-175.0,-205.0,True
2019-03-26,1,31,61,-125.0,-155.0,True
2019-03-26,1,91,121,-287.5,-317.5,True
2019-03-27,-1,121,271,-437.5,-467.5,False
2019-03-27,-1,331,361,-150.0,-180.0,False
2019-04-01,1,361,390,75.0,45.0,False
2019-04-11,-1,301,331,-87.5,-117.5,False
2019-04-15,-1,31,271,-25.0,-55.0,True
2019-04-17,-1,91,390,175.0,145.0,True
2019-04-18,-1,61,91,-150.0,-180.0,True
2019-04-23,1,61,390,675.0,645.0,True
2019-04-25,-1,61,91,-250.0,-280.0,True
2019-04-26,-1,31,61,-325.0,-355.0,True
2019-04-26,1,361,390,300.0,270.0,False
2019-04-29,1,181,331,0.0,-30.0,False
2019-04-30,-1,31,61,12.5,-17.5,True
2019-04-30,-1,91,151,-112.5,-142.5,True
2019-05-02,-1,121,241,-275.0,-305.0,False
2019-05-02,-1,271,301,-75.0,-105.0,False
2019-05-02,-1,331,361,-212.5,-242.5,False
2019-05-03,1,151,390,212.5,182.5,False
2019-05-07,-1,91,390,200.0,170.0,True
2019-05-09,-1,31,151,12.5,-17.5,True
2019-05-10,-1,61,181,-287.5,-317.5,True
2019-05-10,1,361,390,-312.5,-342.5,False
2019-05-13,-1,61,91,-62.5,-92.5,True
2019-05-13,-1,121,151,-125.0,-155.0,False
2019-05-13,-1,181,301,-400.0,-430.0,False
2019-05-13,-1,361,390,-100.0,-130.0,False
2019-05-14,1,61,390,-62.5,-92.5,True
2019-05-15,1,121,390,62.5,32.5,False
2019-05-16,1,31,390,-12.5,-42.5,True
2019-05-23,-1,31,61,-100.0,-130.0,True
2019-05-23,-1,151,361,-400.0,-430.0,False
2019-05-28,1,31,61,-300.0,-330.0,True
2019-05-29,-1,151,181,-400.0,-430.0,False
2019-05-29,-1,211,241,-400.0,-430.0,False
2019-05-30,1,31,61,-37.5,-67.5,True
2019-06-03,-1,31,61,-750.0,-780.0,True
2019-06-03,-1,181,211,-62.5,-92.5,False
2019-06-03,-1,361,390,-475.0,-505.0,False
2019-06-04,1,121,390,787.5,757.5,False
2019-06-06,1,361,390,-125.0,-155.0,False
2019-06-07,1,31,390,262.5,232.5,True
2019-06-10,1,151,181,-275.0,-305.0,False
2019-06-14,-1,31,61,-62.5,-92.5,True
2019-06-18,1,31,241,-337.5,-367.5,True
2019-06-18,1,271,390,-62.5,-92.5,False
2019-06-25,-1,31,390,1137.5,1107.5,True
2019-06-27,1,31,61,-87.5,-117.5,True
2019-07-02,-1,181,211,-62.5,-92.5,False
2019-07-03,1,91,210,437.5,407.5,True
2019-07-05,-1,31,121,-150.0,-180.0,True
2019-07-08,-1,31,61,-125.0,-155.0,True
2019-07-10,1,31,61,-387.5,-417.5,True
2019-07-16,-1,151,241,-37.5,-67.5,False
2019-07-16,-1,271,390,-62.5,-92.5,False
2019-07-17,-1,61,390,625.0,595.0,True
2019-07-18,1,331,390,-37.5,-67.5,False
2019-07-19,-1,361,390,337.5,307.5,False
2019-07-22,1,31,61,-225.0,-255.0,True
2019-07-24,1,331,390,237.5,207.5,False
2019-07-25,-1,31,91,-300.0,-330.0,True
2019-07-25,-1,121,390,212.5,182.5,False
2019-07-26,1,121,390,262.5,232.5,False
2019-07-29,-1,31,121,-200.0,-230.0,True
2019-07-31,-1,331,390,87.5,57.5,False
2019-08-01,1,31,271,-1137.5,-1167.5,True
2019-08-01,-1,271,390,750.0,720.0,False
2019-08-02,-1,31,361,50.0,20.0,True
2019-08-05,-1,31,390,1650.0,1620.0,True
2019-08-06,1,301,331,-262.5,-292.5,False
2019-08-07,-1,31,61,-562.5,-592.5,True
2019-08-08,1,61,390,1512.5,1482.5,True
2019-08-09,-1,61,241,-475.0,-505.0,True
2019-08-12,-1,271,390,187.5,157.5,False
2019-08-13,1,31,390,-237.5,-267.5,True
2019-08-14,-1,91,390,1337.5,1307.5,True
2019-08-16,1,91,331,-150.0,-180.0,True
2019-08-16,1,361,390,137.5,107.5,False
2019-08-20,-1,31,61,-262.5,-292.5,True
2019-08-22,-1,91,121,-375.0,-405.0,True
2019-08-23,-1,121,390,1675.0,1645.0,False
2019-08-28,1,121,151,0.0,-30.0,False
2019-08-28,1,331,361,-212.5,-242.5,False
2019-09-05,1,31,151,175.0,145.0,True
2019-09-05,1,361,390,-200.0,-230.0,False
2019-09-10,-1,31,61,-225.0,-255.0,True
2019-09-10,-1,91,151,-312.5,-342.5,True
2019-09-11,1,211,241,-12.5,-42.5,False
2019-09-12,1,61,91,-587.5,-617.5,True
2019-09-18,-1,301,361,-600.0,-630.0,False
2019-09-19,1,61,181,-287.5,-317.5,True
2019-09-20,-1,241,331,-112.5,-142.5,False
2019-09-20,-1,361,390,287.5,257.5,False
2019-09-23,1,181,211,-75.0,-105.0,False
2019-09-23,1,361,390,-300.0,-330.0,False
2019-09-24,-1,151,390,850.0,820.0,False
2019-09-25,-1,31,61,-175.0,-205.0,True
2019-09-25,1,181,211,-87.5,-117.5,False
2019-09-25,1,301,390,187.5,157.5,False
2019-09-26,-1,31,271,-50.0,-80.0,True
2019-09-27,-1,181,390,400.0,370.0,False
2019-09-30,1,31,61,-75.0,-105.0,True
2019-09-30,1,91,331,250.0,220.0,True
2019-10-01,1,31,61,-975.0,-1005.0,True
2019-10-01,-1,61,390,1537.5,1507.5,True
2019-10-02,-1,31,390,912.5,882.5,True
2019-10-03,-1,61,91,-137.5,-167.5,True
2019-10-03,1,271,331,-137.5,-167.5,False
2019-10-04,1,31,91,-225.0,-255.0,True
2019-10-04,1,121,390,950.0,920.0,False
2019-10-08,-1,31,181,-175.0,-205.0,True
2019-10-10,1,31,241,-75.0,-105.0,True
2019-10-10,1,271,301,-250.0,-280.0,False
2019-10-10,1,361,390,0.0,-30.0,False
2019-10-11,1,31,151,237.5,207.5,True
2019-10-11,1,301,390,-987.5,-1017.5,False
2019-10-15,1,61,390,275.0,245.0,True
2019-10-25,1,91,390,150.0,120.0,True
2019-10-31,-1,31,390,12.5,-17.5,True
2019-11-01,1,61,91,25.0,-5.0,True
2019-11-01,1,241,390,237.5,207.5,False
2019-11-07,1,31,61,-50.0,-80.0,True
2019-11-07,1,151,181,-137.5,-167.5,False
2019-11-12,1,31,151,-12.5,-42.5,True
2019-11-19,-1,91,121,-237.5,-267.5,True
2019-11-20,-1,211,390,-312.5,-342.5,False
2019-11-21,-1,31,211,-112.5,-142.5,True
2019-11-25,1,31,390,337.5,307.5,True
2019-11-26,1,181,211,-37.5,-67.5,False
2019-11-27,1,241,390,87.5,57.5,False
2019-12-02,-1,31,390,750.0,720.0,True
2019-12-03,-1,31,91,87.5,57.5,True
2019-12-04,1,31,390,-75.0,-105.0,True
2019-12-06,1,31,61,25.0,-5.0,True
2019-12-06,1,91,390,-37.5,-67.5,True
2019-12-12,1,31,390,150.0,120.0,True
2019-12-16,1,151,301,-125.0,-155.0,False
2019-12-19,1,151,390,237.5,207.5,False
2019-12-26,1,91,181,-112.5,-142.5,True
2019-12-26,1,211,331,0.0,-30.0,False
2019-12-26,1,361,390,362.5,332.5,False
2019-12-30,-1,31,390,200.0,170.0,True
2020-01-08,1,31,61,-150.0,-180.0,True
2020-01-08,1,121,390,187.5,157.5,False
2020-01-13,1,151,271,-12.5,-42.5,False
2020-01-13,1,301,361,-62.5,-92.5,False
2020-01-15,1,31,211,-225.0,-255.0,True
2020-01-15,1,301,331,-187.5,-217.5,False
2020-01-23,-1,121,151,-250.0,-280.0,False
2020-01-24,-1,61,390,1125.0,1095.0,True
2020-01-28,1,61,390,300.0,270.0,True
2020-01-30,-1,91,121,-612.5,-642.5,True
2020-01-31,-1,31,390,2162.5,2132.5,True
2020-02-03,1,31,151,-475.0,-505.0,True
2020-02-03,1,181,241,-175.0,-205.0,False
2020-02-03,1,271,301,-150.0,-180.0,False
2020-02-03,1,361,390,-412.5,-442.5,False
2020-02-04,1,61,91,-87.5,-117.5,True
2020-02-04,1,121,390,-162.5,-192.5,False
2020-02-10,1,91,181,-75.0,-105.0,True
2020-02-10,1,331,390,462.5,432.5,False
2020-02-18,-1,121,181,-162.5,-192.5,False
2020-02-19,1,241,271,-50.0,-80.0,False
2020-02-20,-1,121,331,-375.0,-405.0,False
2020-02-21,-1,31,390,287.5,257.5,True
2020-02-25,-1,61,390,3787.5,3757.5,True
2020-02-26,1,31,181,-712.5,-742.5,True
2020-02-26,-1,271,301,-537.5,-567.5,False
2020-02-27,-1,61,91,-1487.5,-1517.5,True
2020-02-27,-1,331,390,2837.5,2807.5,False
2020-02-28,-1,31,91,-1200.0,-1230.0,True
2020-03-02,1,121,331,-775.0,-805.0,False
2020-03-02,1,361,390,2900.0,2870.0,False
2020-03-03,-1,31,61,-1800.0,-1830.0,True
2020-03-03,-1,121,390,1512.5,1482.5,False
2020-03-04,1,241,390,2012.5,1982.5,False
2020-03-05,-1,211,241,-300.0,-330.0,False
2020-03-05,-1,301,331,-462.5,-492.5,False
2020-03-05,-1,361,390,-912.5,-942.5,False
2020-03-11,-1,61,390,2225.0,2195.0,True
2020-03-12,-1,121,211,-2787.5,-2817.5,False
2020-03-12,-1,301,390,2837.5,2807.5,False
2020-03-16,-1,31,91,-2525.0,-2555.0,True
2020-03-16,-1,241,331,-62.5,-92.5,False
2020-03-16,-1,361,390,3137.5,3107.5,False
2020-03-17,1,121,241,-762.5,-792.5,False
2020-03-17,1,271,390,2537.5,2507.5,False
2020-03-19,1,121,151,-1075.0,-1105.0,False
2020-03-19,1,271,301,-162.5,-192.5,False
2020-03-19,1,331,361,-175.0,-205.0,False
2020-03-20,-1,181,211,-1087.5,-1117.5,False
2020-03-20,-1,301,390,3100.0,3070.0,False
2020-03-23,-1,91,211,-1837.5,-1867.5,True
2020-03-23,-1,241,301,837.5,807.5,False
2020-03-23,-1,331,390,-50.0,-80.0,False
2020-03-24,1,61,121,-37.5,-67.5,True
2020-03-24,1,151,271,-1625.0,-1655.0,False
2020-03-24,1,331,390,1512.5,1482.5,False
2020-03-25,1,181,390,-1362.5,-1392.5,False
2020-03-26,1,31,390,3750.0,3720.0,True
2020-03-30,1,211,271,-612.5,-642.5,False
2020-04-02,1,61,121,112.5,82.5,True
2020-04-02,1,151,241,-1387.5,-1417.5,False
2020-04-03,-1,241,301,-50.0,-80.0,False
2020-04-06,1,181,301,-187.5,-217.5,False
2020-04-08,1,301,331,475.0,445.0,False
2020-04-09,1,31,61,-637.5,-667.5,True
2020-04-13,-1,31,151,287.5,257.5,True
2020-04-13,-1,241,271,-575.0,-605.0,False
2020-04-14,1,31,61,100.0,70.0,True
2020-04-21,-1,91,241,-162.5,-192.5,True
2020-04-21,-1,271,301,-475.0,-505.0,False
2020-04-21,-1,331,361,-412.5,-442.5,False
2020-04-23,1,61,151,-62.5,-92.5,True
2020-04-29,1,211,390,-412.5,-442.5,False
2020-04-30,-1,151,211,-187.5,-217.5,False
2020-04-30,-1,241,361,-400.0,-430.0,False
2020-05-01,-1,151,390,-37.5,-67.5,False
2020-05-05,1,31,61,-287.5,-317.5,True
2020-05-05,1,121,181,150.0,120.0,False
2020-05-05,1,211,361,-625.0,-655.0,False
2020-05-12,-1,241,271,-337.5,-367.5,False
2020-05-12,-1,301,331,-100.0,-130.0,False
2020-05-12,-1,361,390,1525.0,1495.0,False
2020-05-13,-1,31,61,-750.0,-780.0,True
2020-05-13,-1,91,390,1575.0,1545.0,True
2020-05-14,-1,31,91,-1475.0,-1505.0,True
2020-05-18,1,91,181,250.0,220.0,True
2020-05-18,1,241,361,0.0,-30.0,False
2020-05-20,1,61,181,-225.0,-255.0,True
2020-05-21,-1,91,181,237.5,207.5,True
2020-05-22,-1,91,121,-162.5,-192.5,True
2020-05-27,-1,91,121,-437.5,-467.5,True
2020-05-29,-1,61,121,100.0,70.0,True
2020-06-03,1,331,390,50.0,20.0,False
2020-06-05,1,91,390,50.0,20.0,True
2020-06-08,1,271,390,750.0,720.0,False
2020-06-10,-1,61,121,-287.5,-317.5,True
2020-06-11,-1,61,390,4775.0,4745.0,True
2020-06-12,-1,271,301,-1100.0,-1130.0,False
2020-06-15,1,301,361,-1025.0,-1055.0,False
2020-06-17,-1,61,91,-587.5,-617.5,True
2020-06-24,-1,31,390,1862.5,1832.5,True
2020-06-26,-1,31,390,2500.0,2470.0,True
2020-06-30,1,151,181,212.5,182.5,False
2020-07-02,1,31,61,-875.0,-905.0,True
2020-07-08,1,31,61,-412.5,-442.5,True
2020-07-09,-1,91,301,-1300.0,-1330.0,True
2020-07-10,1,331,390,375.0,345.0,False
2020-07-13,1,121,151,-250.0,-280.0,False
2020-07-13,1,241,271,-175.0,-205.0,False
2020-07-14,1,301,390,825.0,795.0,False
2020-07-20,1,241,390,525.0,495.0,False
2020-07-22,1,31,61,-200.0,-230.0,True
2020-07-23,-1,211,390,1162.5,1132.5,False
2020-07-27,1,31,91,-25.0,-55.0,True
2020-07-29,1,31,390,1150.0,1120.0,True
2020-07-30,-1,31,91,-637.5,-667.5,True
2020-07-31,-1,61,91,-287.5,-317.5,True
2020-07-31,-1,181,331,-500.0,-530.0,False
2020-08-06,1,301,390,350.0,320.0,False
2020-08-10,-1,91,121,-600.0,-630.0,True
2020-08-12,1,31,390,512.5,482.5,True
2020-08-18,-1,61,91,-500.0,-530.0,True
2020-08-20,1,331,361,-100.0,-130.0,False
2020-08-21,1,331,390,62.5,32.5,False
2020-08-26,1,121,390,1075.0,1045.0,False
2020-08-27,1,31,121,-125.0,-155.0,True
2020-08-27,1,151,181,-650.0,-680.0,False
2020-08-31,-1,121,151,-350.0,-380.0,False
2020-09-01,1,61,91,-375.0,-405.0,True
2020-09-01,1,211,390,725.0,695.0,False
2020-09-02,1,181,390,1137.5,1107.5,False
2020-09-03,-1,61,390,3625.0,3595.0,True
2020-09-04,-1,31,331,-500.0,-530.0,True
2020-09-08,-1,331,361,-250.0,-280.0,False
2020-09-09,1,31,390,825.0,795.0,True
2020-09-10,-1,181,211,-612.5,-642.5,False
2020-09-10,-1,241,390,2225.0,2195.0,False
2020-09-11,-1,241,271,-150.0,-180.0,False
2020-09-14,1,31,211,312.5,282.5,True
2020-09-18,-1,31,61,-262.5,-292.5,True
2020-09-18,-1,181,390,812.5,782.5,False
2020-09-21,-1,61,181,-775.0,-805.0,True
2020-09-21,-1,211,241,-550.0,-580.0,False
2020-09-23,-1,151,211,-587.5,-617.5,False
2020-09-23,-1,271,390,2162.5,2132.5,False
2020-09-24,1,241,301,-900.0,-930.0,False
2020-09-25,1,241,390,1287.5,1257.5,False
2020-09-29,-1,151,211,-275.0,-305.0,False
2020-09-30,1,31,361,-412.5,-442.5,True
2020-10-05,1,61,271,87.5,57.5,True
2020-10-05,1,331,390,262.5,232.5,False
2020-10-06,-1,331,390,1050.0,1020.0,False
2020-10-07,1,301,390,-262.5,-292.5,False
2020-10-12,1,121,390,362.5,332.5,False
2020-10-14,1,31,61,-775.0,-805.0,True
2020-10-14,-1,151,271,50.0,20.0,False
2020-10-16,1,61,91,-362.5,-392.5,True
2020-10-27,-1,61,91,-162.5,-192.5,True
2020-10-28,-1,31,390,2300.0,2270.0,True
2020-10-29,1,31,390,1075.0,1045.0,True
2020-10-30,-1,61,390,-800.0,-830.0,True
2020-11-02,1,31,91,-275.0,-305.0,True
2020-11-03,1,31,271,-200.0,-230.0,True
2020-11-03,1,331,390,-150.0,-180.0,False
2020-11-04,1,31,390,500.0,470.0,True
2020-11-05,1,31,61,525.0,495.0,True
2020-11-05,1,91,121,-287.5,-317.5,True
2020-11-05,1,331,361,-287.5,-317.5,False
2020-11-06,-1,31,61,-762.5,-792.5,True
2020-11-12,-1,241,271,-600.0,-630.0,False
2020-11-12,-1,301,390,-300.0,-330.0,False
2020-11-17,-1,31,61,-550.0,-580.0,True
2020-11-24,1,121,390,362.5,332.5,False
2020-11-25,-1,31,151,-12.5,-42.5,True
2020-11-25,-1,181,211,-312.5,-342.5,False
2020-11-30,-1,61,331,-462.5,-492.5,True
2020-12-01,1,31,151,75.0,45.0,True
2020-12-01,1,181,211,-125.0,-155.0,False
2020-12-01,1,241,331,-112.5,-142.5,False
2020-12-03,1,61,121,50.0,20.0,True
2020-12-04,1,31,390,825.0,795.0,True
2020-12-08,1,241,271,-62.5,-92.5,False
2020-12-08,1,301,331,-175.0,-205.0,False
2020-12-09,-1,211,390,750.0,720.0,False
2020-12-14,1,31,91,-737.5,-767.5,True
2020-12-15,1,271,361,-175.0,-205.0,False
2020-12-18,-1,31,390,137.5,107.5,True
2020-12-21,-1,61,121,-912.5,-942.5,True
2020-12-23,1,31,61,-237.5,-267.5,True
2020-12-31,1,361,390,387.5,357.5,False
2021-01-04,-1,31,390,2312.5,2282.5,True
2021-01-05,1,31,61,-212.5,-242.5,True
2021-01-05,1,271,390,175.0,145.0,False
2021-01-06,1,31,390,737.5,707.5,True
2021-01-07,1,31,390,562.5,532.5,True
2021-01-15,-1,61,91,-375.0,-405.0,True
2021-01-20,1,91,121,-87.5,-117.5,True
2021-01-20,1,151,390,450.0,420.0,False
2021-01-25,-1,121,151,-900.0,-930.0,False
2021-01-27,-1,31,61,-837.5,-867.5,True
2021-01-27,-1,121,211,-212.5,-242.5,False
2021-01-27,-1,241,390,1962.5,1932.5,False
2021-01-28,1,31,390,-150.0,-180.0,True
2021-01-29,-1,121,390,1325.0,1295.0,False
2021-02-01,1,181,390,-37.5,-67.5,False
2021-02-02,1,31,390,312.5,282.5,True
2021-02-04,1,31,61,-62.5,-92.5,True
2021-02-04,1,91,151,175.0,145.0,True
2021-02-04,1,241,390,537.5,507.5,False
2021-02-18,-1,61,91,-237.5,-267.5,True
2021-02-23,-1,31,61,-1062.5,-1092.5,True
2021-02-23,-1,211,241,-1150.0,-1180.0,False
2021-02-23,1,361,390,-700.0,-730.0,False
2021-02-24,1,91,390,1725.0,1695.0,True
2021-02-25,-1,61,390,3662.5,3632.5,True
2021-02-26,-1,61,91,-1950.0,-1980.0,True
2021-03-01,1,31,390,1250.0,1220.0,True
2021-03-02,-1,61,181,-350.0,-380.0,True
2021-03-03,-1,31,91,-312.5,-342.5,True
2021-03-03,-1,301,331,-412.5,-442.5,False
2021-03-03,-1,361,390,800.0,770.0,False
2021-03-04,-1,211,390,150.0,120.0,False
2021-03-05,-1,91,151,-225.0,-255.0,True
2021-03-05,1,331,361,87.5,57.5,False
2021-03-08,1,61,151,-712.5,-742.5,True
2021-03-08,1,181,211,-87.5,-117.5,False
2021-03-08,1,241,271,-1500.0,-1530.0,False
2021-03-09,1,31,361,862.5,832.5,True
2021-03-11,1,91,271,275.0,245.0,True
2021-03-11,1,301,331,-450.0,-480.0,False
2021-03-19,-1,31,61,-150.0,-180.0,True
2021-03-22,1,31,390,637.5,607.5,True
2021-03-23,-1,361,390,-50.0,-80.0,False
2021-03-25,1,361,390,100.0,70.0,False
2021-03-26,1,61,91,-262.5,-292.5,True
2021-03-26,1,211,271,-275.0,-305.0,False
2021-03-26,1,361,390,1587.5,1557.5,False
2021-03-29,-1,61,121,-400.0,-430.0,True
2021-03-31,1,31,390,187.5,157.5,True
2021-04-01,1,61,151,0.0,-30.0,True
2021-04-01,1,181,241,-150.0,-180.0,False
2021-04-01,1,271,331,125.0,95.0,False
2021-04-05,1,31,390,862.5,832.5,True
2021-04-09,1,271,331,-62.5,-92.5,False
2021-04-09,1,361,390,462.5,432.5,False
2021-04-13,1,301,390,87.5,57.5,False
2021-04-14,1,31,61,-250.0,-280.0,True
2021-04-14,-1,331,361,-300.0,-330.0,False
2021-04-15,1,61,361,237.5,207.5,True
2021-04-19,-1,91,121,-150.0,-180.0,True
2021-04-19,-1,151,390,-275.0,-305.0,False
2021-04-20,-1,91,390,-0.0,-30.0,True
2021-04-21,1,31,390,1362.5,1332.5,True
2021-04-22,-1,31,61,-37.5,-67.5,True
2021-04-22,-1,241,390,1150.0,1120.0,False
2021-04-23,1,31,390,1262.5,1232.5,True
2021-04-27,-1,31,61,-200.0,-230.0,True
2021-05-04,-1,31,390,-850.0,-880.0,True
2021-05-06,-1,31,91,-150.0,-180.0,True
2021-05-06,1,181,211,-300.0,-330.0,False
2021-05-07,1,31,390,537.5,507.5,True
2021-05-10,-1,301,390,887.5,857.5,False
2021-05-11,-1,61,121,-1012.5,-1042.5,True
2021-05-12,-1,91,390,1950.0,1920.0,True
2021-05-13,1,31,390,87.5,57.5,True
2021-05-14,1,31,61,-225.0,-255.0,True
2021-05-14,1,91,390,587.5,557.5,True
2021-05-20,1,31,390,1012.5,982.5,True
2021-05-21,1,31,61,-712.5,-742.5,True
2021-05-24,1,61,181,-12.5,-42.5,True
2021-05-24,1,211,361,325.0,295.0,False
2021-06-04,1,91,121,75.0,45.0,True
2021-06-04,1,331,361,-12.5,-42.5,False
2021-06-07,-1,61,91,-50.0,-80.0,True
2021-06-08,-1,121,151,-537.5,-567.5,False
2021-06-10,1,31,61,-237.5,-267.5,True
2021-06-14,-1,61,91,-112.5,-142.5,True
2021-06-14,-1,181,241,-12.5,-42.5,False
2021-06-14,-1,301,331,-175.0,-205.0,False
2021-06-15,-1,31,271,62.5,32.5,True
2021-06-15,-1,361,390,-100.0,-130.0,False
2021-06-16,-1,181,390,675.0,645.0,False
2021-06-17,-1,181,211,-725.0,-755.0,False
2021-06-18,-1,121,151,-550.0,-580.0,False
2021-06-18,-1,331,361,-350.0,-380.0,False
2021-06-21,1,31,390,1450.0,1420.0,True
2021-06-22,1,91,390,625.0,595.0,True
2021-07-01,1,31,61,12.5,-17.5,True
2021-07-01,1,271,390,262.5,232.5,False
2021-07-02,1,211,390,225.0,195.0,False
2021-07-06,-1,31,361,75.0,45.0,True
2021-07-09,1,31,390,925.0,895.0,True
2021-07-12,1,31,121,225.0,195.0,True
2021-07-12,1,151,181,-50.0,-80.0,False
2021-07-12,1,301,390,87.5,57.5,False
2021-07-15,-1,271,301,-587.5,-617.5,False
2021-07-16,-1,61,181,-312.5,-342.5,True
2021-07-16,-1,241,390,1087.5,1057.5,False
2021-07-19,-1,31,390,-337.5,-367.5,True
2021-07-20,1,31,390,1425.0,1395.0,True
2021-07-21,1,31,61,-300.0,-330.0,True
2021-07-21,1,151,181,-187.5,-217.5,False
2021-07-23,1,121,151,-250.0,-280.0,False
2021-07-23,1,241,390,25.0,-5.0,False
2021-07-27,-1,91,331,262.5,232.5,True
2021-07-29,1,61,121,87.5,57.5,True
2021-07-29,1,181,211,-100.0,-130.0,False
2021-08-03,-1,31,61,-700.0,-730.0,True
2021-08-03,1,301,390,300.0,270.0,False
2021-08-09,-1,61,91,-25.0,-55.0,True
2021-08-10,1,61,91,-387.5,-417.5,True
2021-08-12,1,331,390,112.5,82.5,False
2021-08-16,-1,31,151,-400.0,-430.0,True
2021-08-17,-1,151,390,-475.0,-505.0,False
2021-08-18,-1,361,390,1125.0,1095.0,False
2021-08-19,1,151,241,-650.0,-680.0,False
2021-08-19,1,361,390,-537.5,-567.5,False
2021-08-20,1,31,390,725.0,695.0,True
2021-08-23,1,31,390,475.0,445.0,True
2021-08-25,1,181,211,-12.5,-42.5,False
2021-08-25,1,301,331,-50.0,-80.0,False
2021-08-26,-1,61,181,-200.0,-230.0,True
2021-08-26,-1,241,390,550.0,520.0,False
2021-08-27,1,61,390,437.5,407.5,True
2021-08-30,1,61,390,12.5,-17.5,True
2021-08-31,-1,31,61,-262.5,-292.5,True
2021-09-07,-1,31,91,37.5,7.5,True
2021-09-07,-1,121,181,-362.5,-392.5,False
2021-09-08,-1,91,121,-287.5,-317.5,True
2021-09-08,-1,151,181,-687.5,-717.5,False
2021-09-10,-1,121,151,-225.0,-255.0,False
2021-09-10,-1,361,390,637.5,607.5,False
2021-09-14,-1,91,121,-362.5,-392.5,True
2021-09-14,-1,211,390,300.0,270.0,False
2021-09-15,1,181,390,975.0,945.0,False
2021-09-16,-1,31,241,75.0,45.0,True
2021-09-17,-1,31,390,1012.5,982.5,True
2021-09-20,-1,151,390,-687.5,-717.5,False
2021-09-22,1,61,331,100.0,70.0,True
2021-09-22,1,361,390,-600.0,-630.0,False
2021-09-23,1,31,390,437.5,407.5,True
2021-09-28,-1,31,390,2037.5,2007.5,True
2021-09-30,-1,151,301,-200.0,-230.0,False
2021-10-01,1,301,390,-50.0,-80.0,False
2021-10-04,-1,61,390,600.0,570.0,True
2021-10-05,1,61,390,-462.5,-492.5,True
2021-10-07,1,31,241,275.0,245.0,True
2021-10-11,1,31,91,137.5,107.5,True
2021-10-14,1,121,390,625.0,595.0,False
2021-10-28,1,31,211,-37.5,-67.5,True
2021-10-28,1,241,390,575.0,545.0,False
2021-11-02,1,31,61,12.5,-17.5,True
2021-11-02,1,91,151,-87.5,-117.5,True
2021-11-02,1,181,301,-125.0,-155.0,False
2021-11-02,1,331,390,0.0,-30.0,False
2021-11-03,1,331,390,400.0,370.0,False
2021-11-04,1,31,121,-500.0,-530.0,True
2021-11-05,1,31,61,-150.0,-180.0,True
2021-11-09,-1,31,390,-225.0,-255.0,True
2021-11-10,-1,271,390,275.0,245.0,False
2021-11-12,1,121,390,212.5,182.5,False
2021-11-16,1,31,61,-212.5,-242.5,True
2021-11-16,1,121,390,-262.5,-292.5,False
2021-11-17,-1,31,61,-225.0,-255.0,True
2021-11-18,-1,61,91,-325.0,-355.0,True
2021-11-22,1,31,151,-1312.5,-1342.5,True
2021-11-23,1,31,61,-1262.5,-1292.5,True
2021-11-23,-1,61,121,-287.5,-317.5,True
2021-11-23,-1,211,271,-400.0,-430.0,False
2021-11-26,-1,61,210,975.0,945.0,True
2021-11-29,1,181,390,-512.5,-542.5,False
2021-11-30,-1,91,390,1087.5,1057.5,True
2021-12-01,1,91,151,-387.5,-417.5,True
2021-12-01,-1,361,390,1675.0,1645.0,False
2021-12-02,1,31,390,787.5,757.5,True
2021-12-03,-1,31,390,1012.5,982.5,True
2021-12-06,1,61,121,-312.5,-342.5,True
2021-12-06,1,181,361,150.0,120.0,False
2021-12-07,1,31,361,-12.5,-42.5,True
2021-12-13,-1,31,91,512.5,482.5,True
2021-12-13,-1,121,181,-412.5,-442.5,False
2021-12-13,-1,241,271,-112.5,-142.5,False
2021-12-15,-1,31,61,-137.5,-167.5,True
2021-12-15,1,361,390,550.0,520.0,False
2021-12-16,-1,301,361,-137.5,-167.5,False
2021-12-17,-1,61,91,-1937.5,-1967.5,True
2021-12-20,-1,61,151,-250.0,-280.0,True
2021-12-21,1,181,390,1012.5,982.5,False
2021-12-22,1,91,271,-125.0,-155.0,True
2021-12-22,1,331,390,675.0,645.0,False
2021-12-23,1,31,121,400.0,370.0,True
2021-12-23,1,151,181,-175.0,-205.0,False
2021-12-23,1,301,361,-62.5,-92.5,False
2021-12-27,1,31,390,2062.5,2032.5,True
2022-01-04,-1,271,301,-400.0,-430.0,False
2022-01-05,-1,301,390,2475.0,2445.0,False
2022-01-06,-1,31,61,-312.5,-342.5,True
2022-01-07,-1,91,151,-1200.0,-1230.0,True
2022-01-10,-1,31,271,-1262.5,-1292.5,True
2022-01-11,-1,31,121,-1837.5,-1867.5,True
2022-01-11,1,151,181,-362.5,-392.5,False
2022-01-11,1,211,390,1025.0,995.0,False
2022-01-12,1,31,61,-112.5,-142.5,True
2022-01-13,-1,181,390,1575.0,1545.0,False
2022-01-18,-1,31,61,-512.5,-542.5,True
2022-01-18,-1,91,331,-450.0,-480.0,True
2022-01-18,-1,361,390,225.0,195.0,False
2022-01-19,1,31,61,-1550.0,-1580.0,True
2022-01-19,-1,301,331,-450.0,-480.0,False
2022-01-20,1,31,301,-1175.0,-1205.0,True
2022-01-21,-1,31,91,-1225.0,-1255.0,True
2022-01-21,-1,181,390,2812.5,2782.5,False
2022-01-24,-1,31,271,-1062.5,-1092.5,True
2022-01-24,-1,301,331,-900.0,-930.0,False
2022-01-25,-1,31,61,-1687.5,-1717.5,True
2022-01-25,-1,91,121,-512.5,-542.5,True
2022-01-25,-1,151,181,-1300.0,-1330.0,False
2022-01-27,1,31,61,-1425.0,-1455.0,True
2022-01-27,-1,241,271,-825.0,-855.0,False
2022-01-27,-1,301,331,-137.5,-167.5,False
2022-01-28,-1,31,61,-1137.5,-1167.5,True
2022-01-28,1,121,211,-212.5,-242.5,False
2022-01-28,1,241,301,-1537.5,-1567.5,False
2022-01-28,1,331,390,2925.0,2895.0,False
2022-01-31,1,61,390,2650.0,2620.0,True
2022-02-04,1,241,390,-537.5,-567.5,False
2022-02-08,1,121,301,-25.0,-55.0,False
2022-02-11,-1,211,390,3137.5,3107.5,False
2022-02-14,-1,91,121,-950.0,-980.0,True
2022-02-14,-1,271,301,-612.5,-642.5,False
2022-02-15,1,91,121,-262.5,-292.5,True
2022-02-15,1,151,181,-637.5,-667.5,False
2022-02-17,-1,31,390,1812.5,1782.5,True
2022-02-18,-1,91,301,-362.5,-392.5,True
2022-02-22,-1,211,331,-762.5,-792.5,False
2022-02-23,-1,91,151,-337.5,-367.5,True
2022-02-23,-1,241,390,1850.0,1820.0,False
2022-02-25,1,61,390,2937.5,2907.5,True
2022-03-01,-1,151,390,-175.0,-205.0,False
2022-03-02,1,121,390,512.5,482.5,False
2022-03-03,-1,91,121,-437.5,-467.5,True
2022-03-04,-1,61,121,425.0,395.0,True
2022-03-07,-1,31,390,4137.5,4107.5,True
2022-03-08,-1,61,91,-1500.0,-1530.0,True
2022-03-08,1,181,271,-2150.0,-2180.0,False
2022-03-14,1,91,121,-1012.5,-1042.5,True
2022-03-15,1,181,241,-1012.5,-1042.5,False
2022-03-15,1,361,390,187.5,157.5,False
2022-03-16,1,31,121,462.5,432.5,True
2022-03-17,1,271,301,-575.0,-605.0,False
2022-03-18,1,361,390,175.0,145.0,False
2022-03-22,1,31,151,762.5,732.5,True
2022-03-22,1,271,301,-462.5,-492.5,False
2022-03-24,1,151,181,-600.0,-630.0,False
2022-04-04,1,31,211,212.5,182.5,True
2022-04-04,1,271,361,175.0,145.0,False
2022-04-05,-1,181,211,-387.5,-417.5,False
2022-04-05,-1,271,390,925.0,895.0,False
2022-04-06,-1,31,121,50.0,20.0,True
2022-04-06,-1,181,211,-187.5,-217.5,False
2022-04-06,-1,301,331,-1737.5,-1767.5,False
2022-04-07,1,331,390,-200.0,-230.0,False
2022-04-08,-1,31,61,-662.5,-692.5,True
2022-04-08,1,181,211,-112.5,-142.5,False
2022-04-11,-1,61,331,150.0,120.0,True
2022-04-11,-1,361,390,475.0,445.0,False
2022-04-12,1,31,61,-712.5,-742.5,True
2022-04-12,-1,301,331,-162.5,-192.5,False
2022-04-12,-1,361,390,-587.5,-617.5,False
2022-04-13,1,61,390,2050.0,2020.0,True
2022-04-14,-1,31,121,37.5,7.5,True
2022-04-14,-1,151,390,1437.5,1407.5,False
2022-04-19,1,31,390,1825.0,1795.0,True
2022-04-21,-1,271,390,1862.5,1832.5,False
2022-04-22,-1,31,390,4100.0,4070.0,True
2022-04-25,-1,31,61,-1175.0,-1205.0,True
2022-04-25,-1,91,181,-487.5,-517.5,True
2022-04-26,-1,31,390,3850.0,3820.0,True
2022-04-27,1,31,61,-2425.0,-2455.0,True
2022-04-27,1,121,151,-75.0,-105.0,False
2022-04-27,1,181,301,-900.0,-930.0,False
2022-04-28,1,211,390,1112.5,1082.5,False
2022-04-29,-1,61,390,4562.5,4532.5,True
2022-05-02,1,61,91,-1012.5,-1042.5,True
2022-05-02,-1,271,361,-2150.0,-2180.0,False
2022-05-03,1,121,181,-662.5,-692.5,False
2022-05-04,1,331,390,2650.0,2620.0,False
2022-05-05,-1,31,390,3850.0,3820.0,True
2022-05-06,-1,31,61,-1550.0,-1580.0,True
2022-05-09,-1,61,151,262.5,232.5,True
2022-05-09,-1,211,241,-425.0,-455.0,False
2022-05-09,-1,271,331,-400.0,-430.0,False
2022-05-11,1,31,91,-412.5,-442.5,True
2022-05-11,-1,271,301,-1237.5,-1267.5,False
2022-05-13,1,31,271,387.5,357.5,True
2022-05-13,1,361,390,-350.0,-380.0,False
2022-05-18,-1,31,91,200.0,170.0,True
2022-05-18,-1,121,390,2450.0,2420.0,False
2022-05-20,-1,181,361,-400.0,-430.0,False
2022-05-23,1,181,211,-275.0,-305.0,False
2022-05-24,-1,31,121,1100.0,1070.0,True
2022-05-26,1,31,390,1375.0,1345.0,True
2022-05-27,1,31,91,-25.0,-55.0,True
2022-05-27,1,151,390,1412.5,1382.5,False
2022-05-31,-1,31,61,-287.5,-317.5,True
2022-06-01,-1,121,241,-237.5,-267.5,False
2022-06-02,1,181,390,1687.5,1657.5,False
2022-06-09,-1,361,390,1525.0,1495.0,False
2022-06-10,-1,61,241,-625.0,-655.0,True
2022-06-13,-1,61,121,-100.0,-130.0,True
2022-06-13,-1,361,390,25.0,-5.0,False
2022-06-15,1,361,390,-1525.0,-1555.0,False
2022-06-16,-1,31,61,-62.5,-92.5,True
2022-06-16,-1,91,121,-1087.5,-1117.5,True
2022-06-16,-1,151,211,87.5,57.5,False
2022-06-16,-1,271,361,-550.0,-580.0,False
2022-06-17,1,31,61,-1925.0,-1955.0,True
2022-06-21,1,31,390,100.0,70.0,True
2022-06-24,1,31,390,3175.0,3145.0,True
2022-06-27,-1,31,61,-25.0,-55.0,True
2022-06-28,-1,121,390,2525.0,2495.0,False
2022-06-30,-1,31,91,-1212.5,-1242.5,True
2022-07-05,-1,31,61,-325.0,-355.0,True
2022-07-07,1,31,61,-262.5,-292.5,True
2022-07-07,1,91,121,-112.5,-142.5,True
2022-07-07,1,151,241,-200.0,-230.0,False
2022-07-07,1,271,390,237.5,207.5,False
2022-07-14,-1,61,91,-212.5,-242.5,True
2022-07-19,1,61,390,2075.0,2045.0,True
2022-07-20,1,91,241,-1050.0,-1080.0,True
2022-07-21,-1,61,91,-1162.5,-1192.5,True
2022-07-21,1,181,241,-375.0,-405.0,False
2022-07-22,-1,121,361,937.5,907.5,False
2022-07-26,-1,61,91,-175.0,-205.0,True
2022-07-26,-1,121,241,-412.5,-442.5,False
2022-07-26,-1,271,331,287.5,257.5,False
2022-07-27,1,91,121,0.0,-30.0,True
2022-07-27,1,151,211,-312.5,-342.5,False
2022-07-27,1,331,390,575.0,545.0,False
2022-07-28,-1,31,91,-1075.0,-1105.0,True
2022-07-28,1,121,151,-87.5,-117.5,False
2022-07-28,1,181,390,862.5,832.5,False
2022-07-29,1,31,121,-450.0,-480.0,True
2022-07-29,1,211,390,775.0,745.0,False
2022-08-03,1,31,61,75.0,45.0,True
2022-08-03,1,121,390,975.0,945.0,False
2022-08-08,1,31,61,-212.5,-242.5,True
2022-08-12,1,121,151,12.5,-17.5,False
2022-08-12,1,181,390,1400.0,1370.0,False
2022-08-19,-1,31,211,-75.0,-105.0,True
2022-08-19,-1,241,390,312.5,282.5,False
2022-08-22,-1,61,211,-125.0,-155.0,True
2022-08-22,-1,241,390,312.5,282.5,False
2022-08-24,1,121,211,-700.0,-730.0,False
2022-08-25,1,31,121,-375.0,-405.0,True
2022-08-26,-1,61,390,4812.5,4782.5,True
2022-08-30,-1,61,390,962.5,932.5,True
2022-09-01,-1,91,151,-425.0,-455.0,True
2022-09-02,-1,241,301,-125.0,-155.0,False
2022-09-02,-1,331,390,162.5,132.5,False
2022-09-06,-1,61,91,-1375.0,-1405.0,True
2022-09-06,-1,241,271,-412.5,-442.5,False
2022-09-07,1,91,390,2500.0,2470.0,True
2022-09-08,1,91,151,-200.0,-230.0,True
2022-09-09,1,31,181,275.0,245.0,True
2022-09-09,1,211,331,387.5,357.5,False
2022-09-09,1,361,390,-325.0,-355.0,False
2022-09-12,1,31,91,-212.5,-242.5,True
2022-09-13,-1,91,241,-500.0,-530.0,True
2022-09-13,-1,301,390,2050.0,2020.0,False
2022-09-16,-1,31,61,-887.5,-917.5,True
2022-09-20,-1,271,301,-662.5,-692.5,False
2022-09-22,-1,31,61,-350.0,-380.0,True
2022-09-22,-1,91,211,-550.0,-580.0,True
2022-09-23,-1,31,390,-50.0,-80.0,True
2022-09-26,1,61,91,-687.5,-717.5,True
2022-09-26,-1,241,301,-87.5,-117.5,False
2022-09-27,-1,181,211,-250.0,-280.0,False
2022-09-27,-1,241,301,-137.5,-167.5,False
2022-09-28,1,61,390,2062.5,2032.5,True
2022-09-29,-1,31,390,150.0,120.0,True
2022-09-30,1,121,151,-1175.0,-1205.0,False
2022-10-03,1,61,390,1125.0,1095.0,True
2022-10-04,1,31,301,-225.0,-255.0,True
2022-10-04,1,331,390,412.5,382.5,False
2022-10-07,-1,31,390,1362.5,1332.5,True
2022-10-10,-1,91,151,-300.0,-330.0,True
2022-10-10,-1,181,271,-1237.5,-1267.5,False
2022-10-11,-1,31,61,-75.0,-105.0,True
2022-10-13,1,121,390,2912.5,2882.5,False
2022-10-14,-1,61,390,2112.5,2082.5,True
2022-10-17,1,31,91,-212.5,-242.5,True
2022-10-20,1,61,121,-937.5,-967.5,True
2022-10-21,1,31,61,-875.0,-905.0,True
2022-10-21,1,151,390,2150.0,2120.0,False
2022-10-25,1,31,211,362.5,332.5,True
2022-10-25,1,301,331,-225.0,-255.0,False
2022-10-25,1,361,390,75.0,45.0,False
2022-10-28,1,31,390,3225.0,3195.0,True
2022-11-02,-1,361,390,1112.5,1082.5,False
2022-11-03,-1,31,61,-1712.5,-1742.5,True
2022-11-08,1,121,241,-1125.0,-1155.0,False
2022-11-09,-1,271,301,-125.0,-155.0,False
2022-11-09,-1,331,390,362.5,332.5,False
2022-11-10,1,91,181,100.0,70.0,True
2022-11-10,1,271,301,175.0,145.0,False
2022-11-10,1,331,390,1175.0,1145.0,False
2022-11-11,1,331,361,-350.0,-380.0,False
2022-11-22,1,361,390,212.5,182.5,False
2022-11-23,1,31,151,-537.5,-567.5,True
2022-11-28,-1,271,390,312.5,282.5,False
2022-11-29,-1,121,151,-462.5,-492.5,False
2022-11-29,-1,181,211,-350.0,-380.0,False
2022-11-30,-1,61,91,-12.5,-42.5,True
2022-11-30,1,271,390,3875.0,3845.0,False
2022-12-01,-1,61,91,-1175.0,-1205.0,True
2022-12-05,-1,121,390,1450.0,1420.0,False
2022-12-06,-1,31,390,1650.0,1620.0,True
2022-12-08,1,31,121,-150.0,-180.0,True
2022-12-12,1,211,241,-137.5,-167.5,False
2022-12-12,1,361,390,425.0,395.0,False
2022-12-14,1,31,181,-50.0,-80.0,True
2022-12-15,-1,31,390,987.5,957.5,True
2022-12-16,-1,61,331,-125.0,-155.0,True
2022-12-19,-1,271,390,-25.0,-55.0,False
2022-12-21,1,91,151,-300.0,-330.0,True
2022-12-21,1,211,241,-312.5,-342.5,False
2022-12-22,-1,31,361,637.5,607.5,True
2022-12-23,-1,31,61,-1475.0,-1505.0,True
2022-12-27,-1,31,61,-962.5,-992.5,True
2022-12-28,-1,121,211,-87.5,-117.5,False
2022-12-28,-1,331,390,887.5,857.5,False
2022-12-29,1,31,390,862.5,832.5,True
2023-01-03,-1,151,241,-212.5,-242.5,False
2023-01-05,-1,31,61,-50.0,-80.0,True
2023-01-05,-1,91,151,50.0,20.0,True
2023-01-06,1,91,211,87.5,57.5,True
2023-01-06,1,241,390,950.0,920.0,False
2023-01-09,1,91,181,137.5,107.5,True
2023-01-12,-1,31,61,-1112.5,-1142.5,True
2023-01-18,-1,121,390,1937.5,1907.5,False
2023-01-20,1,121,151,-287.5,-317.5,False
2023-01-20,1,271,390,1200.0,1170.0,False
2023-01-23,1,31,390,1375.0,1345.0,True
2023-01-25,-1,31,61,-237.5,-267.5,True
2023-01-31,1,61,361,525.0,495.0,True
2023-02-01,1,361,390,-225.0,-255.0,False
2023-02-02,1,91,121,-50.0,-80.0,True
2023-02-02,1,271,301,-1237.5,-1267.5,False
2023-02-07,1,211,241,-2287.5,-2317.5,False
2023-02-07,1,331,390,825.0,795.0,False
2023-02-08,-1,121,181,-450.0,-480.0,False
2023-02-09,-1,301,331,-75.0,-105.0,False
2023-02-09,-1,361,390,-162.5,-192.5,False
2023-02-13,1,31,390,1262.5,1232.5,True
2023-02-14,-1,151,181,-487.5,-517.5,False
2023-02-17,-1,31,61,-587.5,-617.5,True
2023-02-21,-1,61,390,1275.0,1245.0,True
2023-02-23,-1,151,211,-550.0,-580.0,False
2023-02-24,-1,31,61,87.5,57.5,True
2023-03-02,1,301,331,-62.5,-92.5,False
2023-03-02,1,361,390,187.5,157.5,False
2023-03-03,1,31,91,75.0,45.0,True
2023-03-03,1,151,390,1112.5,1082.5,False
2023-03-06,1,31,121,375.0,345.0,True
2023-03-06,1,151,211,-475.0,-505.0,False
2023-03-07,-1,61,390,1712.5,1682.5,True
2023-03-09,1,31,61,-337.5,-367.5,True
2023-03-09,-1,241,390,2437.5,2407.5,False
2023-03-10,-1,31,91,-1025.0,-1055.0,True
2023-03-10,-1,181,390,1512.5,1482.5,False
2023-03-13,1,31,390,-75.0,-105.0,True
2023-03-14,1,61,151,137.5,107.5,True
2023-03-16,1,91,390,2287.5,2257.5,True
2023-03-17,-1,61,241,162.5,132.5,True
2023-03-17,-1,301,361,-825.0,-855.0,False
2023-03-20,1,61,151,50.0,20.0,True
2023-03-23,1,61,211,62.5,32.5,True
2023-03-31,1,31,61,112.5,82.5,True
2023-03-31,1,151,390,1062.5,1032.5,False
2023-04-03,1,31,91,-562.5,-592.5,True
2023-04-04,-1,121,390,87.5,57.5,False
2023-04-06,-1,31,61,-350.0,-380.0,True
2023-04-12,-1,361,390,-300.0,-330.0,False
2023-04-13,1,61,91,-237.5,-267.5,True
2023-04-13,1,121,390,1375.0,1345.0,False
2023-04-14,1,31,61,-1237.5,-1267.5,True
2023-04-14,-1,121,151,-87.5,-117.5,False
2023-04-14,-1,181,301,-387.5,-417.5,False
2023-04-21,-1,31,61,-575.0,-605.0,True
2023-04-21,-1,91,121,-262.5,-292.5,True
2023-04-25,-1,61,91,-100.0,-130.0,True
2023-04-25,-1,151,390,1450.0,1420.0,False
2023-04-26,-1,61,91,-450.0,-480.0,True
2023-04-26,-1,331,390,-12.5,-42.5,False
2023-04-27,1,61,91,-237.5,-267.5,True
2023-04-27,1,121,390,1825.0,1795.0,False
2023-04-28,1,61,91,-737.5,-767.5,True
2023-04-28,1,121,390,1112.5,1082.5,False
2023-05-02,-1,31,390,1512.5,1482.5,True
2023-05-03,1,31,61,-387.5,-417.5,True
2023-05-04,-1,31,181,75.0,45.0,True
2023-05-05,1,31,390,1275.0,1245.0,True
2023-05-10,-1,241,271,-425.0,-455.0,False
2023-05-11,-1,31,61,-287.5,-317.5,True
2023-05-12,-1,181,361,-150.0,-180.0,False
2023-05-17,1,211,390,387.5,357.5,False
2023-05-18,1,61,181,-362.5,-392.5,True
2023-05-18,1,361,390,725.0,695.0,False
2023-05-23,-1,301,390,100.0,70.0,False
2023-05-24,-1,31,271,-12.5,-42.5,True
2023-05-24,-1,301,361,-862.5,-892.5,False
2023-05-26,1,31,390,1487.5,1457.5,True
2023-05-31,-1,61,211,-87.5,-117.5,True
2023-06-01,1,91,390,1237.5,1207.5,True
2023-06-02,1,91,390,537.5,507.5,True
2023-06-07,1,31,61,-462.5,-492.5,True
2023-06-08,1,181,241,-350.0,-380.0,False
2023-06-08,1,331,390,75.0,45.0,False
2023-06-09,1,31,91,75.0,45.0,True
2023-06-12,1,361,390,300.0,270.0,False
2023-06-13,1,121,151,-350.0,-380.0,False
2023-06-14,1,121,151,-200.0,-230.0,False
2023-06-14,-1,301,331,-950.0,-980.0,False
2023-06-15,1,31,390,1987.5,1957.5,True
2023-06-20,-1,61,121,-325.0,-355.0,True
2023-06-21,-1,31,61,-75.0,-105.0,True
2023-06-26,1,31,61,-162.5,-192.5,True
2023-06-27,1,121,390,1175.0,1145.0,False
2023-06-29,1,181,211,-212.5,-242.5,False
2023-06-30,1,31,121,162.5,132.5,True
2023-06-30,1,181,390,50.0,20.0,False
2023-07-06,-1,31,151,162.5,132.5,True
2023-07-07,1,211,331,-550.0,-580.0,False
2023-07-13,1,331,390,125.0,95.0,False
2023-07-17,1,121,181,-75.0,-105.0,False
2023-07-17,1,211,241,-50.0,-80.0,False
2023-07-17,1,271,390,25.0,-5.0,False
2023-07-18,1,91,390,1000.0,970.0,True
2023-07-19,1,31,61,-112.5,-142.5,True
2023-07-20,-1,301,390,-62.5,-92.5,False
2023-07-24,1,91,211,37.5,7.5,True
2023-07-24,1,241,301,75.0,45.0,False
2023-07-25,1,151,390,12.5,-17.5,False
2023-07-27,-1,301,390,725.0,695.0,False
2023-07-28,1,91,241,-337.5,-367.5,True
2023-08-02,-1,61,390,925.0,895.0,True
2023-08-04,1,181,241,-425.0,-455.0,False
2023-08-04,-1,331,361,-0.0,-30.0,False
2023-08-07,1,61,91,-275.0,-305.0,True
2023-08-07,1,271,301,-300.0,-330.0,False
2023-08-08,-1,31,271,-350.0,-380.0,True
2023-08-09,-1,91,301,-587.5,-617.5,True
2023-08-10,1,31,121,-1212.5,-1242.5,True
2023-08-10,-1,271,301,-800.0,-830.0,False
2023-08-14,1,91,181,-262.5,-292.5,True
2023-08-14,1,211,301,-212.5,-242.5,False
2023-08-15,-1,31,151,50.0,20.0,True
2023-08-15,-1,181,390,875.0,845.0,False
2023-08-16,-1,361,390,262.5,232.5,False
2023-08-17,-1,331,390,487.5,457.5,False
2023-08-21,1,31,61,-1050.0,-1080.0,True
2023-08-23,1,31,390,1325.0,1295.0,True
2023-08-24,-1,91,390,2125.0,2095.0,True
2023-08-29,1,31,390,2662.5,2632.5,True
2023-08-30,1,31,61,-987.5,-1017.5,True
2023-09-05,-1,31,61,-150.0,-180.0,True
2023-09-06,-1,61,331,62.5,32.5,True
2023-09-08,1,31,91,25.0,-5.0,True
2023-09-15,-1,31,390,1562.5,1532.5,True
2023-09-19,-1,61,241,275.0,245.0,True
2023-09-20,-1,361,390,1150.0,1120.0,False
2023-09-21,-1,31,241,-225.0,-255.0,True
2023-09-21,-1,271,390,1525.0,1495.0,False
2023-09-22,1,121,151,-487.5,-517.5,False
2023-09-25,1,181,211,-425.0,-455.0,False
2023-09-26,-1,61,91,-50.0,-80.0,True
2023-09-26,-1,121,181,-450.0,-480.0,False
2023-09-26,-1,211,390,862.5,832.5,False
2023-09-27,-1,181,331,-850.0,-880.0,False
2023-09-28,1,121,390,125.0,95.0,False
2023-09-29,-1,271,331,-1050.0,-1080.0,False
2023-10-02,-1,211,241,-437.5,-467.5,False
2023-10-03,-1,61,390,400.0,370.0,True
2023-10-04,-1,61,91,-212.5,-242.5,True
2023-10-04,1,151,211,-137.5,-167.5,False
2023-10-04,1,361,390,112.5,82.5,False
2023-10-05,-1,61,181,125.0,95.0,True
2023-10-06,1,151,390,337.5,307.5,False
2023-10-09,1,271,361,62.5,32.5,False
2023-10-10,1,31,271,925.0,895.0,True
2023-10-12,-1,31,61,-250.0,-280.0,True
2023-10-12,-1,241,390,-150.0,-180.0,False
2023-10-13,1,31,61,-725.0,-755.0,True
2023-10-13,-1,241,271,-600.0,-630.0,False
2023-10-16,1,61,151,12.5,-17.5,True
2023-10-18,-1,331,390,462.5,432.5,False
2023-10-19,-1,61,91,37.5,7.5,True
2023-10-19,-1,331,390,250.0,220.0,False
2023-10-20,-1,31,211,400.0,370.0,True
2023-10-20,-1,301,390,712.5,682.5,False
2023-10-23,1,211,241,-762.5,-792.5,False
2023-10-24,1,31,91,187.5,157.5,True
2023-10-25,-1,31,91,25.0,-5.0,True
2023-10-25,-1,181,390,787.5,757.5,False
2023-10-26,-1,31,61,-0.0,-30.0,True
2023-10-26,-1,181,271,-312.5,-342.5,False
2023-10-27,-1,301,361,-300.0,-330.0,False
2023-10-30,1,31,61,-975.0,-1005.0,True
2023-10-31,-1,31,61,-500.0,-530.0,True
2023-11-01,1,61,121,-387.5,-417.5,True
2023-11-01,1,361,390,-75.0,-105.0,False
2023-11-02,1,31,390,1650.0,1620.0,True
2023-11-03,1,31,61,-412.5,-442.5,True
2023-11-03,1,151,241,62.5,32.5,False
2023-11-03,1,271,361,-100.0,-130.0,False
2023-11-09,-1,301,390,487.5,457.5,False
2023-11-10,1,211,390,900.0,870.0,False
2023-11-14,1,31,271,162.5,132.5,True
2023-11-14,1,331,390,-337.5,-367.5,False
2023-11-20,1,31,390,1075.0,1045.0,True
2023-11-28,1,121,181,-75.0,-105.0,False
2023-11-29,1,31,61,-850.0,-880.0,True
2023-11-30,-1,151,211,-137.5,-167.5,False
2023-12-01,1,151,390,337.5,307.5,False
2023-12-04,-1,61,121,-112.5,-142.5,True
2023-12-06,-1,361,390,125.0,95.0,False
2023-12-07,1,61,121,-462.5,-492.5,True
2023-12-07,1,151,241,0.0,-30.0,False
2023-12-07,1,271,331,-137.5,-167.5,False
2023-12-08,1,61,121,-587.5,-617.5,True
2023-12-08,1,271,390,325.0,295.0,False
2023-12-11,1,31,61,-100.0,-130.0,True
2023-12-11,1,241,361,-12.5,-42.5,False
2023-12-12,1,331,390,300.0,270.0,False
2023-12-13,1,301,390,1525.0,1495.0,False
2023-12-14,1,31,61,-425.0,-455.0,True
2023-12-18,1,61,91,-275.0,-305.0,True
2023-12-18,1,181,301,0.0,-30.0,False
2023-12-19,1,31,181,162.5,132.5,True
2023-12-19,1,211,301,137.5,107.5,False
2023-12-20,-1,331,390,1300.0,1270.0,False
2023-12-22,1,31,91,-400.0,-430.0,True
2023-12-26,1,31,61,87.5,57.5,True
2023-12-26,1,151,181,-12.5,-42.5,False
2023-12-26,1,361,390,-287.5,-317.5,False
2023-12-29,-1,91,301,237.5,207.5,True
2024-01-03,-1,31,181,212.5,182.5,True
2024-01-04,1,61,151,-25.0,-55.0,True
2024-01-05,1,31,181,-387.5,-417.5,True
2024-01-08,1,31,390,2475.0,2445.0,True
2024-01-10,1,31,61,0.0,-30.0,True
2024-01-10,1,91,121,-212.5,-242.5,True
2024-01-10,1,211,241,-50.0,-80.0,False
2024-01-10,1,271,390,375.0,345.0,False
2024-01-11,-1,61,271,-400.0,-430.0,True
2024-01-16,-1,31,61,-737.5,-767.5,True
2024-01-16,-1,211,241,-537.5,-567.5,False
2024-01-16,-1,271,331,-100.0,-130.0,False
2024-01-18,1,301,390,425.0,395.0,False
2024-01-19,1,181,390,1575.0,1545.0,False
2024-01-22,1,31,61,-312.5,-342.5,True
2024-01-29,1,361,390,162.5,132.5,False
2024-01-31,-1,31,390,2362.5,2332.5,True
2024-02-01,1,61,91,-1075.0,-1105.0,True
2024-02-01,1,181,390,1400.0,1370.0,False
2024-02-02,1,31,390,1900.0,1870.0,True
2024-02-05,-1,61,181,-687.5,-717.5,True
2024-02-07,1,61,121,-425.0,-455.0,True
2024-02-07,1,151,181,-125.0,-155.0,False
2024-02-07,1,211,301,200.0,170.0,False
2024-02-07,1,331,361,-75.0,-105.0,False
2024-02-09,1,31,61,87.5,57.5,True
2024-02-09,1,91,151,-187.5,-217.5,True
2024-02-09,1,181,390,537.5,507.5,False
2024-02-12,1,121,271,-425.0,-455.0,False
2024-02-13,-1,31,61,-550.0,-580.0,True
2024-02-13,-1,301,390,-1050.0,-1080.0,False
2024-02-14,1,61,91,-887.5,-917.5,True
2024-02-15,1,181,211,-212.5,-242.5,False
2024-02-15,1,241,390,287.5,257.5,False
2024-02-16,-1,31,91,-637.5,-667.5,True
2024-02-20,-1,31,91,-162.5,-192.5,True
2024-02-20,-1,151,331,-500.0,-530.0,False
2024-02-22,1,31,91,-137.5,-167.5,True
2024-02-22,1,121,151,-87.5,-117.5,False
2024-02-22,1,181,390,762.5,732.5,False
2024-02-26,-1,241,271,-125.0,-155.0,False
2024-03-01,1,61,390,1250.0,1220.0,True
2024-03-05,-1,31,390,1262.5,1232.5,True
2024-03-07,1,61,181,125.0,95.0,True
2024-03-07,1,211,361,37.5,7.5,False
2024-03-08,1,31,121,-1500.0,-1530.0,True
2024-03-08,-1,211,301,-462.5,-492.5,False
2024-03-08,-1,361,390,87.5,57.5,False
2024-03-12,1,61,211,-312.5,-342.5,True
2024-03-12,1,271,390,612.5,582.5,False
2024-03-13,-1,31,61,-175.0,-205.0,True
2024-03-14,-1,31,390,-537.5,-567.5,True
2024-03-15,-1,211,241,-462.5,-492.5,False
2024-03-18,1,61,91,-25.0,-55.0,True
2024-03-19,1,211,361,-87.5,-117.5,False
2024-03-20,1,331,390,762.5,732.5,False
2024-03-22,-1,91,121,-337.5,-367.5,True
2024-04-01,-1,91,361,225.0,195.0,True
2024-04-02,-1,31,121,-0.0,-30.0,True
2024-04-02,-1,151,181,-175.0,-205.0,False
2024-04-03,1,61,331,-237.5,-267.5,True
2024-04-04,-1,301,390,2525.0,2495.0,False
2024-04-05,1,31,390,1275.0,1245.0,True
2024-04-09,-1,61,361,-500.0,-530.0,True
2024-04-11,-1,61,91,-350.0,-380.0,True
2024-04-11,1,241,390,250.0,220.0,False
2024-04-12,-1,91,121,-637.5,-667.5,True
2024-04-12,-1,181,390,487.5,457.5,False
2024-04-15,-1,241,390,1037.5,1007.5,False
2024-04-16,-1,61,91,25.0,-5.0,True
2024-04-17,-1,151,241,-50.0,-80.0,False
2024-04-19,-1,151,271,-125.0,-155.0,False
2024-04-19,-1,301,390,175.0,145.0,False
2024-04-22,1,271,361,-450.0,-480.0,False
2024-04-23,1,31,361,1137.5,1107.5,True
2024-04-24,-1,151,181,-175.0,-205.0,False
2024-04-25,-1,31,61,-700.0,-730.0,True
2024-04-26,1,31,121,187.5,157.5,True
2024-04-26,1,151,301,150.0,120.0,False
2024-04-30,-1,151,181,-50.0,-80.0,False
2024-04-30,-1,211,271,-412.5,-442.5,False
2024-04-30,-1,301,390,1562.5,1532.5,False
2024-05-01,1,331,390,-3612.5,-3642.5,False
2024-05-09,1,91,151,-350.0,-380.0,True
2024-05-09,1,211,271,-12.5,-42.5,False
2024-05-14,1,61,91,-250.0,-280.0,True
2024-05-14,1,331,390,0.0,-30.0,False
2024-05-15,1,91,390,1350.0,1320.0,True
2024-05-16,1,91,121,-125.0,-155.0,True
2024-05-20,1,31,241,-400.0,-430.0,True
2024-05-22,-1,301,390,-1025.0,-1055.0,False
2024-05-23,-1,271,390,387.5,357.5,False
2024-05-24,1,121,301,-137.5,-167.5,False
2024-05-31,-1,61,331,-200.0,-230.0,True
2024-06-03,-1,91,121,-175.0,-205.0,True
2024-06-03,-1,151,361,-112.5,-142.5,False
2024-06-04,-1,151,181,-387.5,-417.5,False
2024-06-05,1,211,390,1025.0,995.0,False
2024-06-11,-1,31,61,-487.5,-517.5,True
2024-06-12,1,31,151,175.0,145.0,True
2024-06-17,1,121,390,1762.5,1732.5,False
2024-06-20,-1,241,271,-525.0,-555.0,False
2024-06-21,-1,31,61,-237.5,-267.5,True
2024-06-24,1,31,181,175.0,145.0,True
2024-06-27,1,61,91,-275.0,-305.0,True
2024-06-28,1,31,121,-175.0,-205.0,True
2024-06-28,-1,331,390,462.5,432.5,False
2024-07-01,-1,91,121,-450.0,-480.0,True
2024-07-02,1,271,390,875.0,845.0,False
2024-07-03,1,181,210,112.5,82.5,False
2024-07-05,1,31,61,-225.0,-255.0,True
2024-07-05,1,121,390,912.5,882.5,False
2024-07-10,1,181,390,1187.5,1157.5,False
2024-07-11,-1,61,390,1662.5,1632.5,True
2024-07-12,1,31,390,550.0,520.0,True
2024-07-15,1,91,181,-400.0,-430.0,True
2024-07-18,-1,121,390,525.0,495.0,False
2024-07-23,1,31,91,-312.5,-342.5,True
2024-07-24,-1,31,390,2775.0,2745.0,True
2024-07-25,-1,31,61,-375.0,-405.0,True
2024-07-25,1,91,121,187.5,157.5,True
2024-07-25,1,151,301,-500.0,-530.0,False
2024-07-26,1,61,91,-100.0,-130.0,True
2024-07-26,1,151,301,-175.0,-205.0,False
2024-07-30,-1,121,390,50.0,20.0,False
2024-07-31,1,61,91,125.0,95.0,True
2024-07-31,1,331,361,-1712.5,-1742.5,False
2024-08-01,1,31,61,-2112.5,-2142.5,True
2024-08-01,-1,91,390,2262.5,2232.5,True
2024-08-06,1,31,390,150.0,120.0,True
2024-08-07,1,31,61,-1162.5,-1192.5,True
2024-08-08,1,61,211,-12.5,-42.5,True
2024-08-08,1,241,390,325.0,295.0,False
2024-08-12,-1,31,61,-1412.5,-1442.5,True
2024-08-13,1,211,241,-137.5,-167.5,False
2024-08-13,1,331,390,287.5,257.5,False
2024-08-22,-1,151,181,-987.5,-1017.5,False
2024-08-22,-1,271,301,-775.0,-805.0,False
2024-08-22,-1,331,390,-150.0,-180.0,False
2024-08-23,1,61,91,-1100.0,-1130.0,True
2024-08-26,-1,151,181,-612.5,-642.5,False
2024-08-28,-1,121,361,-112.5,-142.5,False
2024-08-29,1,61,241,375.0,345.0,True
2024-08-30,1,31,61,-212.5,-242.5,True
2024-09-03,-1,31,390,3450.0,3420.0,True
2024-09-04,1,91,121,-912.5,-942.5,True
2024-09-05,1,31,91,-762.5,-792.5,True
2024-09-05,-1,121,211,-400.0,-430.0,False
2024-09-05,-1,241,271,-1437.5,-1467.5,False
2024-09-06,-1,31,390,3737.5,3707.5,True
2024-09-09,1,211,241,-75.0,-105.0,False
2024-09-11,-1,31,181,-1050.0,-1080.0,True
2024-09-11,1,331,390,1325.0,1295.0,False
2024-09-12,1,271,390,-37.5,-67.5,False
2024-09-13,1,31,61,87.5,57.5,True
2024-09-13,1,151,181,-550.0,-580.0,False
2024-09-13,1,241,271,-87.5,-117.5,False
2024-10-01,-1,31,390,412.5,382.5,True
2024-10-07,-1,301,390,837.5,807.5,False
2024-10-08,1,91,241,-325.0,-355.0,True
2024-10-08,1,271,390,712.5,682.5,False
2024-10-09,1,91,390,1112.5,1082.5,True
2024-10-11,1,31,390,1075.0,1045.0,True
2024-10-14,1,31,121,-262.5,-292.5,True
2024-10-14,1,151,390,450.0,420.0,False
2024-10-15,-1,91,390,1100.0,1070.0,True
2024-10-16,1,301,390,-212.5,-242.5,False
2024-10-21,-1,121,151,-762.5,-792.5,False
2024-10-23,-1,121,151,-500.0,-530.0,False
2024-10-23,-1,181,390,87.5,57.5,False
2024-10-25,1,31,121,-412.5,-442.5,True
2024-10-31,-1,31,390,2600.0,2570.0,True
2024-11-01,1,31,211,-125.0,-155.0,True
2024-11-01,1,241,271,-1062.5,-1092.5,False
2024-11-04,-1,151,181,-575.0,-605.0,False
2024-11-05,1,31,390,1350.0,1320.0,True
2024-11-07,1,91,121,-100.0,-130.0,True
2024-11-07,1,151,241,-150.0,-180.0,False
2024-11-07,1,331,390,-225.0,-255.0,False
2024-11-08,1,211,361,87.5,57.5,False
2024-11-12,-1,151,271,-500.0,-530.0,False
2024-11-14,-1,181,390,650.0,620.0,False
2024-11-15,-1,61,390,525.0,495.0,True
2024-11-18,1,91,151,25.0,-5.0,True
2024-11-19,1,271,301,-400.0,-430.0,False
2024-11-20,-1,31,151,-462.5,-492.5,True
2024-11-20,-1,181,361,-637.5,-667.5,False
2024-11-21,-1,61,91,-2012.5,-2042.5,True
2024-11-22,1,31,61,-1125.0,-1155.0,True
2024-11-22,1,91,121,-612.5,-642.5,True
2024-11-27,-1,121,211,50.0,20.0,False
2024-11-29,1,31,210,937.5,907.5,True
2024-12-06,1,31,61,-50.0,-80.0,True
2024-12-09,-1,91,271,-312.5,-342.5,True
2024-12-09,-1,301,390,337.5,307.5,False
2024-12-10,-1,361,390,-87.5,-117.5,False
2024-12-11,1,121,390,0.0,-30.0,False
2024-12-12,-1,301,390,262.5,232.5,False
2024-12-13,-1,91,121,-112.5,-142.5,True
2024-12-13,-1,181,241,-350.0,-380.0,False
2024-12-16,1,241,390,-450.0,-480.0,False
2024-12-17,-1,61,91,-400.0,-430.0,True
2024-12-18,1,61,151,187.5,157.5,True
2024-12-18,-1,301,390,6987.5,6957.5,False
2024-12-20,1,61,390,2137.5,2107.5,True
2024-12-23,-1,31,121,-75.0,-105.0,True
2024-12-23,1,241,331,-187.5,-217.5,False
2024-12-24,1,31,210,1962.5,1932.5,True
2024-12-27,-1,31,331,700.0,670.0,True
2024-12-27,-1,361,390,-712.5,-742.5,False
2024-12-30,-1,31,91,-900.0,-930.0,True
2024-12-31,-1,241,331,-712.5,-742.5,False
2025-01-02,1,31,61,-1187.5,-1217.5,True
2025-01-02,-1,211,301,-212.5,-242.5,False
2025-01-02,-1,331,361,-1175.0,-1205.0,False
2025-01-03,1,121,181,275.0,245.0,False
2025-01-03,1,241,390,100.0,70.0,False
2025-01-06,1,31,181,337.5,307.5,True
2025-01-07,-1,121,241,437.5,407.5,False
2025-01-07,-1,271,390,1100.0,1070.0,False
2025-01-08,-1,31,91,-525.0,-555.0,True
2025-01-10,-1,31,241,-175.0,-205.0,True
2025-01-10,-1,361,390,-112.5,-142.5,False
2025-01-15,1,31,61,225.0,195.0,True
2025-01-28,1,61,121,-537.5,-567.5,True
2025-01-28,1,181,390,387.5,357.5,False
2025-01-29,-1,301,331,-1462.5,-1492.5,False
2025-01-31,1,61,151,-25.0,-55.0,True
2025-01-31,-1,361,390,-25.0,-55.0,False
2025-02-04,1,61,390,575.0,545.0,True
2025-02-07,-1,61,390,1887.5,1857.5,True
2025-02-13,1,91,151,-512.5,-542.5,True
2025-02-13,1,301,390,725.0,695.0,False
2025-02-20,-1,31,301,-387.5,-417.5,True
2025-02-21,-1,31,390,4250.0,4220.0,True
2025-02-24,-1,31,121,-662.5,-692.5,True
2025-02-25,-1,31,271,250.0,220.0,True
2025-02-25,-1,301,331,-1100.0,-1130.0,False
2025-02-26,1,31,151,162.5,132.5,True
2025-02-26,1,181,211,-1500.0,-1530.0,False
2025-02-27,-1,31,61,-1512.5,-1542.5,True
2025-02-27,-1,301,390,2825.0,2795.0,False
2025-02-28,1,61,121,-1137.5,-1167.5,True
2025-02-28,1,361,390,2225.0,2195.0,False
2025-03-03,-1,241,390,2075.0,2045.0,False
2025-03-04,-1,31,181,-1050.0,-1080.0,True
2025-03-04,-1,211,241,-512.5,-542.5,False
2025-03-05,1,211,241,-762.5,-792.5,False
2025-03-05,1,271,390,800.0,770.0,False
2025-03-06,-1,181,361,-250.0,-280.0,False
2025-03-07,-1,121,211,-1250.0,-1280.0,False
2025-03-10,-1,91,121,-612.5,-642.5,True
2025-03-10,-1,151,390,1512.5,1482.5,False
2025-03-11,-1,61,121,-575.0,-605.0,True
2025-03-11,-1,181,301,-1312.5,-1342.5,False
2025-03-13,-1,31,61,-1037.5,-1067.5,True
2025-03-13,-1,121,331,187.5,157.5,False
2025-03-13,-1,361,390,-37.5,-67.5,False
2025-03-14,1,31,61,-737.5,-767.5,True
2025-03-14,1,91,390,1200.0,1170.0,True
2025-03-17,1,31,61,-537.5,-567.5,True
2025-03-17,1,271,390,-50.0,-80.0,False
2025-03-18,-1,31,271,-12.5,-42.5,True
2025-03-18,-1,301,331,-450.0,-480.0,False
2025-03-19,1,331,361,-525.0,-555.0,False
2025-03-26,-1,151,390,1000.0,970.0,False
2025-03-28,-1,61,390,1925.0,1895.0,True
2025-04-01,-1,61,91,-2325.0,-2355.0,True
2025-04-02,1,211,271,-812.5,-842.5,False
2025-04-03,-1,91,151,-1700.0,-1730.0,True
2025-04-03,-1,301,331,-525.0,-555.0,False
2025-04-03,-1,361,390,687.5,657.5,False
2025-04-08,-1,361,390,412.5,382.5,False
2025-04-09,1,31,61,-425.0,-455.0,True
2025-04-09,1,241,390,9812.5,9782.5,False
2025-04-10,-1,31,271,2387.5,2357.5,True
2025-04-11,1,211,241,-975.0,-1005.0,False
2025-04-11,1,271,301,-762.5,-792.5,False
2025-04-21,-1,31,361,3650.0,3620.0,True
2025-04-22,1,91,241,-1050.0,-1080.0,True
2025-04-23,1,31,61,162.5,132.5,True
2025-04-24,1,61,241,1412.5,1382.5,True
2025-04-30,-1,31,61,-2212.5,-2242.5,True
2025-05-01,1,91,121,-50.0,-80.0,True
2025-05-08,1,151,181,212.5,182.5,False
2025-05-08,1,211,271,-1237.5,-1267.5,False
2025-05-13,1,61,390,-12.5,-42.5,True
2025-05-15,1,211,301,-362.5,-392.5,False
2025-05-21,-1,241,390,850.0,820.0,False
2025-05-22,1,271,301,100.0,70.0,False
2025-05-22,1,361,390,-1762.5,-1792.5,False
2025-05-27,1,61,390,1612.5,1582.5,True
2025-05-28,-1,91,121,-12.5,-42.5,True
2025-05-30,-1,31,61,-1275.0,-1305.0,True
2025-05-30,-1,181,241,-425.0,-455.0,False
2025-05-30,-1,271,301,-1212.5,-1242.5,False
2025-06-03,1,91,361,937.5,907.5,True
2025-06-05,-1,31,61,-937.5,-967.5,True
2025-06-05,-1,361,390,-250.0,-280.0,False
2025-06-06,1,31,61,-587.5,-617.5,True
2025-06-12,1,91,121,-112.5,-142.5,True
2025-06-13,-1,61,91,-1187.5,-1217.5,True
2025-06-16,1,31,271,-362.5,-392.5,True
2025-06-17,-1,271,331,-62.5,-92.5,False
2025-06-18,1,61,151,-500.0,-530.0,True
2025-06-20,-1,91,121,-375.0,-405.0,True
2025-06-20,-1,241,301,-675.0,-705.0,False
2025-06-20,-1,331,390,-275.0,-305.0,False
2025-06-23,1,31,91,-75.0,-105.0,True
2025-06-23,1,121,151,-262.5,-292.5,False
2025-06-23,1,241,390,1200.0,1170.0,False
2025-06-24,1,121,390,500.0,470.0,False
2025-06-26,1,91,121,-150.0,-180.0,True
2025-06-26,1,151,361,562.5,532.5,False
2025-06-27,1,31,271,-100.0,-130.0,True
2025-07-02,1,211,241,-75.0,-105.0,False
2025-07-03,1,31,210,637.5,607.5,True
2025-07-07,-1,181,390,-75.0,-105.0,False
2025-07-09,1,31,61,-437.5,-467.5,True
2025-07-10,1,271,331,-162.5,-192.5,False
2025-07-17,1,31,61,-175.0,-205.0,True
2025-07-17,1,121,390,725.0,695.0,False
2025-07-21,1,31,331,-137.5,-167.5,True
2025-07-22,-1,31,91,-537.5,-567.5,True
2025-07-25,1,181,390,162.5,132.5,False
2025-07-29,-1,121,151,-300.0,-330.0,False
2025-07-29,-1,361,390,-100.0,-130.0,False
2025-07-30,-1,331,390,-862.5,-892.5,False
2025-08-01,-1,31,390,-62.5,-92.5,True
2025-08-04,1,31,390,1000.0,970.0,True
2025-08-05,-1,91,241,-925.0,-955.0,True
2025-08-05,-1,301,361,-150.0,-180.0,False
2025-08-06,1,121,390,375.0,345.0,False
2025-08-07,-1,241,271,-375.0,-405.0,False
2025-08-07,-1,301,331,-312.5,-342.5,False
2025-08-08,1,31,91,-37.5,-67.5,True
2025-08-08,1,151,241,12.5,-17.5,False
2025-08-08,1,271,390,-37.5,-67.5,False
2025-08-12,1,151,390,700.0,670.0,False
2025-08-15,-1,31,61,-87.5,-117.5,True
2025-08-19,-1,151,390,462.5,432.5,False
2025-08-20,-1,31,181,-1037.5,-1067.5,True
2025-08-20,-1,211,241,-125.0,-155.0,False
2025-08-20,-1,301,331,-437.5,-467.5,False
2025-08-22,1,61,390,562.5,532.5,True
2025-08-29,-1,31,390,225.0,195.0,True
2025-09-02,-1,151,181,-200.0,-230.0,False
2025-09-04,1,121,151,-12.5,-42.5,False
2025-09-04,1,241,390,1062.5,1032.5,False
2025-09-05,-1,61,361,-275.0,-305.0,True
2025-09-11,1,31,390,1012.5,982.5,True
2025-09-15,1,31,61,37.5,7.5,True
2025-09-17,-1,211,241,-175.0,-205.0,False
2025-09-17,-1,331,361,-1262.5,-1292.5,False
2025-09-18,1,61,91,-825.0,-855.0,True
2025-09-18,1,211,241,-362.5,-392.5,False
2025-09-22,1,181,390,462.5,432.5,False
2025-09-23,-1,211,390,912.5,882.5,False
2025-09-24,-1,151,331,-375.0,-405.0,False
2025-09-24,-1,361,390,-100.0,-130.0,False
2025-09-25,-1,31,61,-1425.0,-1455.0,True
2025-09-25,-1,271,301,-700.0,-730.0,False
2025-09-26,1,31,61,-1537.5,-1567.5,True
2025-09-26,1,211,390,187.5,157.5,False
2025-10-01,1,241,271,-12.5,-42.5,False
2025-10-01,1,301,390,-137.5,-167.5,False
2025-10-03,1,61,241,-525.0,-555.0,True
2025-10-07,-1,121,390,62.5,32.5,False
2025-10-08,1,61,331,162.5,132.5,True
2025-10-08,1,361,390,100.0,70.0,False
2025-10-09,-1,31,151,312.5,282.5,True
2025-10-09,-1,181,390,-112.5,-142.5,False
2025-10-10,-1,91,390,8125.0,8095.0,True
2025-10-13,1,31,61,-1012.5,-1042.5,True
2025-10-13,1,181,241,-175.0,-205.0,False
2025-10-13,1,301,331,-925.0,-955.0,False
2025-10-15,1,31,121,-300.0,-330.0,True
2025-10-16,-1,271,390,575.0,545.0,False
2025-10-17,1,61,91,-1375.0,-1405.0,True
2025-10-17,1,361,390,-387.5,-417.5,False
2025-10-20,1,31,390,1287.5,1257.5,True
2025-10-22,-1,61,91,-312.5,-342.5,True
2025-10-22,-1,121,151,-587.5,-617.5,False
2025-10-22,-1,181,361,75.0,45.0,False
2025-10-23,1,31,61,-312.5,-342.5,True
2025-10-23,1,91,121,-100.0,-130.0,True
2025-10-23,1,271,301,50.0,20.0,False
2025-10-23,1,331,390,-462.5,-492.5,False
2025-11-03,-1,61,91,-975.0,-1005.0,True
2025-11-05,1,31,390,112.5,82.5,True
2025-11-06,-1,31,390,1912.5,1882.5,True
2025-11-07,-1,31,271,337.5,307.5,True
2025-11-10,1,271,390,725.0,695.0,False
2025-11-13,-1,31,61,-75.0,-105.0,True
2025-11-13,-1,91,390,2200.0,2170.0,True
2025-11-14,1,181,211,-512.5,-542.5,False
2025-11-17,-1,271,390,450.0,420.0,False
2025-11-18,-1,31,121,-1487.5,-1517.5,True
2025-11-18,-1,181,211,-2562.5,-2592.5,False
2025-11-19,1,31,91,-1375.0,-1405.0,True
2025-11-20,-1,181,241,-475.0,-505.0,False
2025-11-20,-1,271,390,1275.0,1245.0,False
2025-11-21,1,151,241,-1125.0,-1155.0,False
2025-11-21,1,271,390,-1587.5,-1617.5,False
2025-11-24,1,61,390,1637.5,1607.5,True
2025-11-25,1,241,271,-87.5,-117.5,False
2025-11-25,1,361,390,237.5,207.5,False
2025-12-05,1,61,91,-612.5,-642.5,True
2025-12-10,1,331,390,-225.0,-255.0,False
2025-12-11,-1,31,61,-1825.0,-1855.0,True
2025-12-12,-1,61,390,987.5,957.5,True
2025-12-16,-1,121,151,-587.5,-617.5,False
2025-12-16,-1,211,271,-1150.0,-1180.0,False
2025-12-17,-1,91,390,1675.0,1645.0,True
2025-12-18,1,91,121,-125.0,-155.0,True
2025-12-19,1,31,390,425.0,395.0,True
2025-12-31,-1,31,121,450.0,420.0,True
2025-12-31,-1,331,390,1087.5,1057.5,False
2026-01-05,1,61,91,-112.5,-142.5,True
2026-01-06,1,31,91,-525.0,-555.0,True
2026-01-06,1,211,390,437.5,407.5,False
2026-01-09,1,31,91,212.5,182.5,True
2026-01-09,1,121,390,562.5,532.5,False
2026-02-12,-1,121,390,1175.0,1145.0,False
2026-02-17,-1,31,61,-337.5,-367.5,True
2026-02-18,1,31,151,687.5,657.5,True
2026-02-20,1,91,121,-1375.0,-1405.0,True
2026-02-23,-1,61,241,337.5,307.5,True
2026-02-23,-1,271,390,-225.0,-255.0,False
2026-02-24,1,61,91,-487.5,-517.5,True
2026-02-24,1,181,241,-250.0,-280.0,False
2026-02-24,1,331,361,-300.0,-330.0,False
2026-02-26,-1,31,390,662.5,632.5,True
2026-03-03,-1,31,91,212.5,182.5,True
2026-03-04,1,61,121,-487.5,-517.5,True
2026-03-04,1,211,390,-575.0,-605.0,False
2026-03-05,-1,211,361,-1537.5,-1567.5,False
2026-03-06,-1,31,61,-1612.5,-1642.5,True
2026-03-09,-1,31,61,25.0,-5.0,True
2026-03-09,1,361,390,450.0,420.0,False
2026-03-10,1,241,271,-625.0,-655.0,False
2026-03-12,-1,31,91,162.5,132.5,True
2026-03-16,1,31,61,-237.5,-267.5,True
2026-03-18,-1,331,390,925.0,895.0,False
2026-03-20,-1,31,390,2225.0,2195.0,True
2026-03-23,1,31,151,-2137.5,-2167.5,True
2026-03-26,-1,181,390,2200.0,2170.0,False
2026-03-27,-1,31,121,-987.5,-1017.5,True
2026-03-27,-1,151,390,3200.0,3170.0,False
2026-03-30,-1,361,390,-1250.0,-1280.0,False
2026-03-31,1,31,91,-2012.5,-2042.5,True
2026-03-31,1,181,390,4075.0,4045.0,False
2026-04-01,1,91,271,112.5,82.5,True
2026-04-06,1,31,91,-512.5,-542.5,True
2026-04-07,-1,31,61,-187.5,-217.5,True
2026-04-07,-1,91,181,-1662.5,-1692.5,True
2026-04-14,1,61,390,1737.5,1707.5,True
2026-04-21,-1,241,271,-562.5,-592.5,False
2026-04-21,-1,301,331,-612.5,-642.5,False
2026-04-23,-1,241,301,-1250.0,-1280.0,False
2026-04-30,1,301,390,287.5,257.5,False
2026-05-01,1,31,91,-712.5,-742.5,True
2026-05-01,1,121,181,-587.5,-617.5,False
