date,status,usd,gross,n_tr,held,open,year
2006-01-24,ok,-130.0,-100.0,1.0,30.0,1270.75,2006
2006-01-25,ok,-335.0,-275.0,2.0,90.0,1274.25,2006
2006-01-26,ok,0.0,0.0,0.0,0.0,1276.75,2006
2006-01-27,ok,195.0,225.0,1.0,359.0,1280.25,2006
2006-01-30,ok,0.0,0.0,0.0,0.0,1288.0,2006
2006-01-31,ok,-160.0,-100.0,2.0,180.0,1286.75,2006
2006-02-01,ok,-142.5,-112.5,1.0,30.0,1281.25,2006
2006-02-02,"unknown:нет open, вчерашнего close или close сессии",,,,,,2006
2006-02-03,"unknown:нет open, вчерашнего close или close сессии",,,,,,2006
2006-02-06,"unknown:нет open, вчерашнего close или close сессии",,,,,,2006
2006-02-07,"unknown:нет open, вчерашнего close или close сессии",,,,,,2006
2006-02-08,"unknown:нет open, вчерашнего close или close сессии",,,,,,2006
2006-02-09,ok,-147.5,-87.5,2.0,180.0,1270.75,2006
2006-02-10,ok,-315.0,-225.0,3.0,209.0,1265.75,2006
2006-02-13,ok,-205.0,-175.0,1.0,119.0,1267.25,2006
2006-02-14,ok,202.5,262.5,2.0,299.0,1265.75,2006
2006-02-15,ok,-205.0,-175.0,1.0,30.0,1277.0,2006
2006-02-16,ok,-92.5,-62.5,1.0,60.0,1283.75,2006
2006-02-17,ok,-17.5,12.5,1.0,120.0,1291.25,2006
2006-02-21,ok,-197.5,-137.5,2.0,240.0,1291.5,2006
2006-02-22,ok,145.0,175.0,1.0,299.0,1287.5,2006
2006-02-23,ok,-130.0,-100.0,1.0,30.0,1292.25,2006
2006-02-24,ok,0.0,0.0,0.0,0.0,1290.75,2006
2006-02-27,ok,-210.0,-150.0,2.0,299.0,1293.25,2006
2006-02-28,ok,282.5,312.5,1.0,329.0,1290.75,2006
2006-03-01,ok,52.5,112.5,2.0,299.0,1284.5,2006
2006-03-02,ok,-117.5,-87.5,1.0,30.0,1287.25,2006
2006-03-03,ok,-255.0,-225.0,1.0,120.0,1284.5,2006
2006-03-06,"unknown:нет open, вчерашнего close или close сессии",,,,,,2006
2006-03-07,"unknown:нет open, вчерашнего close или close сессии",,,,,,2006
2006-03-08,ok,-167.5,-137.5,1.0,30.0,1274.5,2006
2006-03-09,ok,-117.5,-87.5,1.0,60.0,1290.75,2006
2006-03-10,ok,40.0,100.0,2.0,269.0,1284.5,2006
2006-03-13,ok,0.0,0.0,0.0,0.0,1295.5,2006
2006-03-14,ok,352.5,412.5,2.0,329.0,1294.0,2006
2006-03-15,ok,-122.5,-62.5,2.0,59.0,1308.25,2006
2006-03-16,ok,-80.0,-50.0,1.0,30.0,1316.5,2006
2006-03-17,"unknown:нет open, вчерашнего close или close сессии",,,,,,2006
2006-03-20,ok,0.0,0.0,0.0,0.0,1318.0,2006
2006-03-21,ok,-90.0,0.0,3.0,149.0,1314.75,2006
2006-03-22,ok,-15.0,75.0,3.0,239.0,1305.75,2006
2006-03-23,"unknown:нет open, вчерашнего close или close сессии",,,,,,2006
2006-03-24,"unknown:нет open, вчерашнего close или close сессии",,,,,,2006
2006-03-27,ok,0.0,0.0,0.0,0.0,1310.75,2006
2006-03-28,ok,-72.5,-12.5,2.0,59.0,1309.5,2006
2006-03-29,ok,-47.5,12.5,2.0,299.0,1303.5,2006
2006-03-30,ok,-230.0,-200.0,1.0,60.0,1310.75,2006
2006-03-31,ok,-247.5,-187.5,2.0,90.0,1309.25,2006
2006-04-03,ok,-30.0,0.0,1.0,240.0,1309.75,2006
2006-04-04,ok,195.0,225.0,1.0,239.0,1306.0,2006
2006-04-05,ok,-85.0,-25.0,2.0,89.0,1314.75,2006
2006-04-06,ok,-142.5,-112.5,1.0,90.0,1316.75,2006
2006-04-07,ok,420.0,450.0,1.0,329.0,1318.75,2006
2006-04-10,ok,0.0,0.0,0.0,0.0,1304.75,2006
2006-04-11,ok,195.0,225.0,1.0,329.0,1305.75,2006
2006-04-12,ok,0.0,0.0,0.0,0.0,1294.75,2006
2006-04-13,ok,-130.0,-100.0,1.0,30.0,1292.5,2006
2006-04-17,ok,-117.5,-87.5,1.0,90.0,1294.75,2006
2006-04-18,"unknown:нет цены на отметке, нормы или цены исполнения",,,,,,2006
2006-04-19,ok,0.0,0.0,0.0,0.0,1313.0,2006
2006-04-20,ok,-342.5,-312.5,1.0,30.0,1315.5,2006
2006-04-21,ok,0.0,0.0,0.0,0.0,1323.25,2006
2006-04-24,ok,-235.0,-175.0,2.0,90.0,1315.0,2006
2006-04-25,ok,-165.0,-75.0,3.0,269.0,1315.75,2006
2006-04-26,ok,-67.5,-37.5,1.0,60.0,1310.0,2006
2006-04-27,"unknown:нет цены на отметке, нормы или цены исполнения",,,,,,2006
2006-04-28,"unknown:нет open, вчерашнего close или close сессии",,,,,,2006
2006-05-01,"unknown:нет open, вчерашнего close или close сессии",,,,,,2006
2006-05-02,"unknown:нет цены на отметке, нормы или цены исполнения",,,,,,2006
2006-05-03,"unknown:нет open, вчерашнего close или close сессии",,,,,,2006
2006-05-04,"unknown:нет open, вчерашнего close или close сессии",,,,,,2006
2006-05-05,"unknown:нет open, вчерашнего close или close сессии",,,,,,2006
2006-05-08,"unknown:нет open, вчерашнего close или close сессии",,,,,,2006
2006-05-09,"unknown:нет open, вчерашнего close или close сессии",,,,,,2006
2006-05-10,"unknown:нет цены на отметке, нормы или цены исполнения",,,,,,2006
2006-05-11,"unknown:нет цены на отметке, нормы или цены исполнения",,,,,,2006
2006-05-12,"unknown:нет open, вчерашнего close или close сессии",,,,,,2006
2006-05-15,"unknown:нет open, вчерашнего close или close сессии",,,,,,2006
2006-05-16,"unknown:нет open, вчерашнего close или close сессии",,,,,,2006
2006-05-17,"unknown:нет open, вчерашнего close или close сессии",,,,,,2006
2006-05-18,"unknown:нет цены на отметке, нормы или цены исполнения",,,,,,2006
2006-05-19,"unknown:нет open, вчерашнего close или close сессии",,,,,,2006
2006-05-22,"unknown:нет open, вчерашнего close или close сессии",,,,,,2006
2006-05-23,ok,-80.0,-50.0,1.0,30.0,1271.75,2006
2006-05-24,ok,-715.0,-625.0,3.0,180.0,1256.5,2006
2006-05-25,ok,-52.5,37.5,3.0,89.0,1268.0,2006
2006-05-26,ok,0.0,0.0,0.0,0.0,1279.0,2006
2006-05-30,"unknown:нет open, вчерашнего close или close сессии",,,,,,2006
2006-05-31,ok,-105.0,-75.0,1.0,270.0,1264.25,2006
2006-06-01,ok,390.0,450.0,2.0,329.0,1272.0,2006
2006-06-02,ok,-385.0,-325.0,2.0,60.0,1290.25,2006
2006-06-05,ok,707.5,737.5,1.0,209.0,1286.25,2006
2006-06-06,ok,-552.5,-462.5,3.0,269.0,1270.0,2006
2006-06-07,ok,-490.0,-400.0,3.0,120.0,1266.25,2006
2006-06-08,ok,-280.0,-250.0,1.0,60.0,1263.75,2006
2006-06-09,ok,-217.5,-187.5,1.0,90.0,1271.25,2006
2006-06-12,ok,222.5,312.5,3.0,179.0,1266.25,2006
2006-06-13,ok,-410.0,-350.0,2.0,60.0,1244.5,2006
2006-06-14,ok,-205.0,-175.0,1.0,60.0,1234.75,2006
2006-06-15,ok,832.5,862.5,1.0,359.0,1245.25,2006
2006-06-16,ok,-130.0,-100.0,1.0,30.0,1263.5,2006
2006-06-19,ok,252.5,312.5,2.0,209.0,1266.0,2006
2006-06-20,ok,-17.5,12.5,1.0,30.0,1252.0,2006
2006-06-21,ok,232.5,262.5,1.0,359.0,1251.25,2006
2006-06-22,ok,-172.5,-112.5,2.0,90.0,1260.25,2006
2006-06-23,ok,0.0,0.0,0.0,0.0,1254.0,2006
2006-06-26,ok,0.0,0.0,0.0,0.0,1256.0,2006
2006-06-27,ok,152.5,212.5,2.0,239.0,1260.5,2006
2006-06-28,ok,0.0,0.0,0.0,0.0,1251.75,2006
2006-06-29,ok,422.5,512.5,3.0,149.0,1262.0,2006
2006-06-30,ok,0.0,0.0,0.0,0.0,1284.5,2006
2006-07-03,ok,0.0,0.0,0.0,0.0,1284.0,2006
2006-07-05,ok,20.0,50.0,1.0,150.0,1282.0,2006
2006-07-06,ok,32.5,62.5,1.0,120.0,1280.5,2006
2006-07-07,ok,-117.5,-87.5,1.0,59.0,1280.75,2006
2006-07-10,ok,-17.5,12.5,1.0,60.0,1277.5,2006
2006-07-11,ok,-390.0,-300.0,3.0,120.0,1274.0,2006
2006-07-12,ok,65.0,125.0,2.0,269.0,1279.5,2006
2006-07-13,ok,190.0,250.0,2.0,269.0,1262.5,2006
2006-07-14,ok,-72.5,-12.5,2.0,329.0,1248.5,2006
2006-07-17,ok,-255.0,-225.0,1.0,30.0,1241.5,2006
2006-07-18,"unknown:нет open, вчерашнего close или close сессии",,,,,,2006
2006-07-19,ok,595.0,625.0,1.0,359.0,1247.5,2006
2006-07-20,ok,-5.0,25.0,1.0,30.0,1267.25,2006
2006-07-21,ok,-47.5,12.5,2.0,329.0,1257.25,2006
2006-07-24,ok,645.0,675.0,1.0,359.0,1250.0,2006
2006-07-25,ok,-130.0,-100.0,1.0,29.0,1265.25,2006
2006-07-26,ok,0.0,0.0,0.0,0.0,1270.75,2006
2006-07-27,ok,0.0,0.0,0.0,0.0,1277.75,2006
2006-07-28,ok,-5.0,25.0,1.0,240.0,1274.5,2006
2006-07-31,ok,0.0,0.0,0.0,0.0,1281.0,2006
2006-08-01,ok,-42.5,-12.5,1.0,60.0,1277.5,2006
2006-08-02,ok,-80.0,-50.0,1.0,120.0,1279.5,2006
2006-08-03,ok,0.0,0.0,0.0,0.0,1276.75,2006
2006-08-04,ok,0.0,0.0,0.0,0.0,1293.5,2006
2006-08-07,ok,0.0,0.0,0.0,0.0,1282.0,2006
2006-08-08,ok,0.0,0.0,0.0,0.0,1283.75,2006
2006-08-09,ok,0.0,0.0,0.0,0.0,1284.5,2006
2006-08-10,ok,0.0,0.0,0.0,0.0,1267.5,2006
2006-08-11,ok,-215.0,-125.0,3.0,120.0,1273.5,2006
2006-08-14,ok,-80.0,-50.0,1.0,60.0,1278.25,2006
2006-08-15,ok,0.0,0.0,0.0,0.0,1283.75,2006
2006-08-16,ok,0.0,0.0,0.0,0.0,1294.75,2006
2006-08-17,ok,-197.5,-137.5,2.0,120.0,1296.5,2006
2006-08-18,ok,-92.5,-62.5,1.0,90.0,1303.0,2006
2006-08-21,ok,-67.5,-37.5,1.0,30.0,1302.25,2006
2006-08-22,ok,-30.0,0.0,1.0,90.0,1299.75,2006
2006-08-23,ok,157.5,187.5,1.0,329.0,1301.5,2006
2006-08-24,ok,0.0,0.0,0.0,0.0,1299.75,2006
2006-08-25,ok,0.0,0.0,0.0,0.0,1296.25,2006
2006-08-28,ok,57.5,87.5,1.0,329.0,1295.75,2006
2006-08-29,ok,-130.0,-100.0,1.0,240.0,1304.0,2006
2006-08-30,ok,-142.5,-112.5,1.0,30.0,1307.25,2006
2006-08-31,ok,0.0,0.0,0.0,0.0,1306.5,2006
2006-09-01,ok,-80.0,-50.0,1.0,90.0,1309.75,2006
2006-09-05,ok,0.0,0.0,0.0,0.0,1313.0,2006
2006-09-06,ok,102.5,162.5,2.0,119.0,1308.25,2006
2006-09-07,ok,-142.5,-112.5,1.0,30.0,1308.5,2006
2006-09-08,ok,-197.5,-137.5,2.0,59.0,1308.75,2006
2006-09-11,ok,-105.0,-75.0,1.0,30.0,1306.0,2006
2006-09-12,ok,307.5,337.5,1.0,329.0,1313.0,2006
2006-09-13,ok,65.0,125.0,2.0,269.0,1323.25,2006
2006-09-14,ok,0.0,0.0,0.0,0.0,1326.75,2006
2006-09-15,ok,0.0,0.0,0.0,0.0,1335.75,2006
2006-09-18,ok,-390.0,-300.0,3.0,120.0,1330.5,2006
2006-09-19,"unknown:нет open, вчерашнего close или close сессии",,,,,,2006
2006-09-20,"unknown:нет open, вчерашнего close или close сессии",,,,,,2006
2006-09-21,ok,57.5,87.5,1.0,179.0,1337.5,2006
2006-09-22,ok,20.0,50.0,1.0,330.0,1328.25,2006
2006-09-25,ok,120.0,150.0,1.0,179.0,1328.25,2006
2006-09-26,ok,-97.5,-37.5,2.0,299.0,1336.25,2006
2006-09-27,ok,-142.5,-112.5,1.0,30.0,1345.5,2006
2006-09-28,ok,0.0,0.0,0.0,0.0,1347.75,2006
2006-09-29,ok,0.0,0.0,0.0,0.0,1348.5,2006
2006-10-02,ok,-80.0,-50.0,1.0,90.0,1345.25,2006
2006-10-03,ok,-130.0,-100.0,1.0,209.0,1338.75,2006
2006-10-04,ok,457.5,487.5,1.0,269.0,1341.25,2006
2006-10-05,ok,0.0,0.0,0.0,0.0,1358.0,2006
2006-10-06,ok,-247.5,-187.5,2.0,90.0,1358.5,2006
2006-10-09,ok,0.0,0.0,0.0,0.0,1357.25,2006
2006-10-10,ok,0.0,0.0,0.0,0.0,1360.0,2006
2006-10-11,ok,0.0,0.0,0.0,0.0,1356.5,2006
2006-10-12,ok,72.5,162.5,3.0,209.0,1362.25,2006
2006-10-13,ok,0.0,0.0,0.0,0.0,1369.25,2006
2006-10-16,ok,0.0,0.0,0.0,0.0,1372.75,2006
2006-10-17,ok,-247.5,-187.5,2.0,270.0,1372.25,2006
2006-10-18,ok,0.0,0.0,0.0,0.0,1377.0,2006
2006-10-19,ok,0.0,0.0,0.0,0.0,1370.75,2006
2006-10-20,ok,-80.0,-50.0,1.0,90.0,1374.5,2006
2006-10-23,ok,32.5,62.5,1.0,329.0,1371.5,2006
2006-10-24,"unknown:нет цены на отметке, нормы или цены исполнения",,,,,,2006
2006-10-25,ok,20.0,50.0,1.0,59.0,1383.0,2006
2006-10-26,ok,-80.0,-50.0,1.0,30.0,1392.0,2006
2006-10-27,ok,40.0,100.0,2.0,149.0,1391.0,2006
2006-10-30,ok,0.0,0.0,0.0,0.0,1381.5,2006
2006-10-31,ok,-122.5,-62.5,2.0,120.0,1385.5,2006
2006-11-01,ok,-10.0,50.0,2.0,149.0,1386.25,2006
2006-11-02,"unknown:нет цены на отметке, нормы или цены исполнения",,,,,,2006
2006-11-03,ok,-67.5,-37.5,1.0,60.0,1375.75,2006
2006-11-06,ok,370.0,400.0,1.0,359.0,1373.0,2006
2006-11-07,ok,-205.0,-175.0,1.0,240.0,1385.0,2006
2006-11-08,ok,0.0,0.0,0.0,0.0,1382.5,2006
2006-11-09,ok,-30.0,0.0,1.0,29.0,1392.75,2006
2006-11-10,ok,0.0,0.0,0.0,0.0,1383.75,2006
2006-11-13,ok,-197.5,-137.5,2.0,210.0,1384.0,2006
2006-11-14,ok,-297.5,-237.5,2.0,90.0,1391.5,2006
2006-11-15,ok,-97.5,-37.5,2.0,120.0,1397.0,2006
2006-11-16,ok,0.0,0.0,0.0,0.0,1405.25,2006
2006-11-17,ok,0.0,0.0,0.0,0.0,1400.0,2006
2006-11-20,ok,0.0,0.0,0.0,0.0,1403.25,2006
2006-11-21,"unknown:нет цены на отметке, нормы или цены исполнения",,,,,,2006
2006-11-22,ok,-155.0,-125.0,1.0,30.0,1406.75,2006
2006-11-24,ok,0.0,0.0,0.0,0.0,1401.5,2006
2006-11-27,ok,645.0,675.0,1.0,359.0,1402.0,2006
2006-11-28,ok,-22.5,37.5,2.0,89.0,1381.5,2006
2006-11-29,ok,27.5,87.5,2.0,299.0,1392.75,2006
2006-11-30,ok,-342.5,-312.5,1.0,29.0,1402.5,2006
2006-12-01,ok,-397.5,-337.5,2.0,299.0,1403.0,2006
2006-12-04,ok,102.5,162.5,2.0,299.0,1400.5,2006
2006-12-05,ok,0.0,0.0,0.0,0.0,1413.0,2006
2006-12-06,ok,-142.5,-112.5,1.0,30.0,1415.75,2006
2006-12-07,ok,0.0,0.0,0.0,0.0,1429.0,2006
2006-12-08,ok,0.0,0.0,0.0,0.0,1419.75,2006
2006-12-11,ok,-77.5,12.5,3.0,150.0,1422.5,2006
2006-12-12,ok,-155.0,-125.0,1.0,90.0,1425.0,2006
2006-12-13,ok,0.0,0.0,0.0,0.0,1430.0,2006
2006-12-14,"unknown:нет open, вчерашнего close или close сессии",,,,,,2006
2006-12-15,"unknown:нет open, вчерашнего close или close сессии",,,,,,2006
2006-12-18,ok,-80.0,-50.0,1.0,30.0,1440.5,2006
2006-12-19,ok,0.0,0.0,0.0,0.0,1430.25,2006
2006-12-20,"unknown:нет open, вчерашнего close или close сессии",,,,,,2006
2006-12-21,"unknown:нет open, вчерашнего close или close сессии",,,,,,2006
2006-12-22,ok,-122.5,-62.5,2.0,300.0,1430.0,2006
2006-12-26,ok,-95.0,25.0,4.0,239.0,1421.0,2006
2006-12-27,ok,140.0,200.0,2.0,239.0,1431.0,2006
2006-12-28,ok,0.0,0.0,0.0,0.0,1436.0,2006
2006-12-29,ok,-47.5,12.5,2.0,89.0,1432.75,2006
2007-01-03,ok,-385.0,-325.0,2.0,150.0,1433.75,2007
2007-01-04,"unknown:нет цены на отметке, нормы или цены исполнения",,,,,,2007
2007-01-05,ok,-97.5,-37.5,2.0,300.0,1424.25,2007
2007-01-08,"unknown:нет open, вчерашнего close или close сессии",,,,,,2007
2007-01-09,"unknown:нет open, вчерашнего close или close сессии",,,,,,2007
2007-01-10,ok,0.0,0.0,0.0,0.0,1415.0,2007
2007-01-11,ok,95.0,125.0,1.0,359.0,1424.75,2007
2007-01-12,ok,-152.5,-62.5,3.0,239.0,1430.25,2007
2007-01-16,ok,0.0,0.0,0.0,0.0,1439.5,2007
2007-01-17,ok,0.0,0.0,0.0,0.0,1437.0,2007
2007-01-18,"unknown:нет open, вчерашнего close или close сессии",,,,,,2007
2007-01-19,"unknown:нет open, вчерашнего close или close сессии",,,,,,2007
2007-01-22,ok,45.0,75.0,1.0,329.0,1438.25,2007
2007-01-23,ok,-55.0,-25.0,1.0,210.0,1429.75,2007
2007-01-24,ok,77.5,137.5,2.0,179.0,1436.25,2007
2007-01-25,ok,440.0,500.0,2.0,269.0,1445.0,2007
2007-01-26,ok,-160.0,-100.0,2.0,150.0,1431.75,2007
2007-01-29,ok,0.0,0.0,0.0,0.0,1427.75,2007
2007-01-30,ok,0.0,0.0,0.0,0.0,1429.25,2007
2007-01-31,"unknown:нет open, вчерашнего close или close сессии",,,,,,2007
2007-02-01,ok,0.0,0.0,0.0,0.0,1446.5,2007
2007-02-02,"unknown:нет open, вчерашнего close или close сессии",,,,,,2007
2007-02-05,"unknown:нет open, вчерашнего close или close сессии",,,,,,2007
2007-02-06,ok,-105.0,-75.0,1.0,30.0,1454.0,2007
2007-02-07,ok,0.0,0.0,0.0,0.0,1455.0,2007
2007-02-08,ok,-17.5,12.5,1.0,90.0,1451.75,2007
2007-02-09,ok,232.5,262.5,1.0,179.0,1454.0,2007
2007-02-12,ok,-85.0,-25.0,2.0,299.0,1443.0,2007
2007-02-13,ok,90.0,150.0,2.0,329.0,1440.75,2007
2007-02-14,ok,32.5,62.5,1.0,329.0,1450.5,2007
2007-02-15,ok,0.0,0.0,0.0,0.0,1458.75,2007
2007-02-16,ok,0.0,0.0,0.0,0.0,1456.5,2007
2007-02-20,ok,-190.0,-100.0,3.0,149.0,1457.0,2007
2007-02-21,ok,0.0,0.0,0.0,0.0,1457.25,2007
2007-02-22,ok,-285.0,-225.0,2.0,150.0,1461.25,2007
2007-02-23,ok,-17.5,12.5,1.0,300.0,1458.0,2007
2007-02-26,ok,-180.0,-150.0,1.0,90.0,1458.75,2007
2007-02-27,ok,1757.5,1787.5,1.0,359.0,1438.75,2007
2007-02-28,ok,-160.0,-100.0,2.0,299.0,1403.5,2007
2007-03-01,ok,0.0,0.0,0.0,0.0,1392.5,2007
2007-03-02,ok,-117.5,-87.5,1.0,90.0,1399.75,2007
2007-03-05,ok,0.0,0.0,0.0,0.0,1377.75,2007
2007-03-06,ok,102.5,162.5,2.0,149.0,1385.75,2007
2007-03-07,ok,0.0,0.0,0.0,0.0,1394.75,2007
2007-03-08,ok,-172.5,-112.5,2.0,60.0,1415.5,2007
2007-03-09,ok,0.0,0.0,0.0,0.0,1422.75,2007
2007-03-12,ok,0.0,0.0,0.0,0.0,1413.5,2007
2007-03-13,ok,707.5,737.5,1.0,209.0,1411.5,2007
2007-03-14,ok,-355.0,-325.0,1.0,60.0,1392.5,2007
2007-03-15,ok,-160.0,-100.0,2.0,150.0,1398.75,2007
2007-03-16,"unknown:нет open, вчерашнего close или close сессии",,,,,,2007
2007-03-19,"unknown:нет open, вчерашнего close или close сессии",,,,,,2007
2007-03-20,ok,27.5,87.5,2.0,149.0,1413.75,2007
2007-03-21,ok,457.5,487.5,1.0,89.0,1424.0,2007
2007-03-22,ok,-185.0,-125.0,2.0,60.0,1447.5,2007
2007-03-23,ok,0.0,0.0,0.0,0.0,1446.0,2007
2007-03-26,"unknown:нет open, вчерашнего close или close сессии",,,,,,2007
2007-03-27,ok,-185.0,-125.0,2.0,120.0,1444.0,2007
2007-03-28,ok,-255.0,-225.0,1.0,90.0,1434.25,2007
2007-03-29,ok,0.0,0.0,0.0,0.0,1436.5,2007
2007-03-30,ok,-185.0,-125.0,2.0,180.0,1433.0,2007
2007-04-02,ok,-217.5,-187.5,1.0,30.0,1432.75,2007
2007-04-03,ok,145.0,175.0,1.0,329.0,1440.0,2007
2007-04-04,ok,0.0,0.0,0.0,0.0,1447.25,2007
2007-04-05,ok,32.5,62.5,1.0,90.0,1446.75,2007
2007-04-09,ok,0.0,0.0,0.0,0.0,1455.75,2007
2007-04-10,ok,-55.0,-25.0,1.0,60.0,1453.25,2007
2007-04-11,ok,307.5,337.5,1.0,359.0,1457.75,2007
2007-04-12,ok,-35.0,25.0,2.0,239.0,1446.25,2007
2007-04-13,ok,-167.5,-137.5,1.0,30.0,1457.5,2007
2007-04-16,ok,257.5,287.5,1.0,359.0,1467.0,2007
2007-04-17,ok,0.0,0.0,0.0,0.0,1478.0,2007
2007-04-18,ok,-242.5,-212.5,1.0,29.0,1474.0,2007
2007-04-19,ok,0.0,0.0,0.0,0.0,1473.0,2007
2007-04-20,ok,0.0,0.0,0.0,0.0,1489.75,2007
2007-04-23,ok,-55.0,-25.0,1.0,30.0,1491.25,2007
2007-04-24,ok,-205.0,-175.0,1.0,90.0,1489.75,2007
2007-04-25,ok,107.5,137.5,1.0,89.0,1493.75,2007
2007-04-26,ok,-67.5,-37.5,1.0,30.0,1501.5,2007
2007-04-27,ok,0.0,0.0,0.0,0.0,1496.75,2007
2007-04-30,ok,232.5,262.5,1.0,29.0,1502.5,2007
2007-05-01,ok,-242.5,-212.5,1.0,30.0,1491.25,2007
2007-05-02,ok,182.5,212.5,1.0,359.0,1494.25,2007
2007-05-03,ok,-122.5,-62.5,2.0,90.0,1504.5,2007
2007-05-04,ok,0.0,0.0,0.0,0.0,1512.25,2007
2007-05-07,ok,0.0,0.0,0.0,0.0,1513.25,2007
2007-05-08,ok,0.0,0.0,0.0,0.0,1510.0,2007
2007-05-09,ok,7.5,37.5,1.0,59.0,1510.25,2007
2007-05-10,ok,445.0,475.0,1.0,269.0,1511.25,2007
2007-05-11,ok,157.5,187.5,1.0,299.0,1501.0,2007
2007-05-14,ok,-297.5,-237.5,2.0,120.0,1511.75,2007
2007-05-15,ok,-217.5,-187.5,1.0,210.0,1510.0,2007
2007-05-16,ok,132.5,162.5,1.0,89.0,1510.0,2007
2007-05-17,ok,-155.0,-125.0,1.0,30.0,1516.0,2007
2007-05-18,ok,-197.5,-137.5,2.0,150.0,1521.25,2007
2007-05-21,ok,-152.5,-62.5,3.0,150.0,1527.5,2007
2007-05-22,ok,-92.5,-62.5,1.0,30.0,1528.75,2007
2007-05-23,ok,-122.5,-62.5,2.0,210.0,1530.0,2007
2007-05-24,ok,102.5,162.5,2.0,359.0,1525.5,2007
2007-05-25,ok,-117.5,-87.5,1.0,30.0,1515.25,2007
2007-05-29,ok,-255.0,-225.0,1.0,120.0,1519.25,2007
2007-05-30,ok,345.0,375.0,1.0,89.0,1513.75,2007
2007-05-31,ok,0.0,0.0,0.0,0.0,1535.5,2007
2007-06-01,ok,0.0,0.0,0.0,0.0,1538.0,2007
2007-06-04,ok,0.0,0.0,0.0,0.0,1534.25,2007
2007-06-05,ok,-117.5,-87.5,1.0,210.0,1535.75,2007
2007-06-06,ok,195.0,225.0,1.0,359.0,1526.75,2007
2007-06-07,ok,47.5,137.5,3.0,119.0,1528.0,2007
2007-06-08,ok,247.5,337.5,3.0,239.0,1506.0,2007
2007-06-11,ok,-315.0,-225.0,3.0,179.0,1520.75,2007
2007-06-12,ok,-180.0,-150.0,1.0,60.0,1518.25,2007
2007-06-13,ok,190.0,250.0,2.0,149.0,1515.0,2007
2007-06-14,ok,-122.5,-62.5,2.0,329.0,1531.5,2007
2007-06-15,ok,0.0,0.0,0.0,0.0,1549.5,2007
2007-06-18,"unknown:нет open, вчерашнего close или close сессии",,,,,,2007
2007-06-19,ok,0.0,0.0,0.0,0.0,1543.25,2007
2007-06-20,ok,840.0,900.0,2.0,269.0,1552.0,2007
2007-06-21,ok,-815.0,-725.0,3.0,180.0,1526.5,2007
2007-06-22,ok,-135.0,-75.0,2.0,239.0,1530.5,2007
2007-06-25,ok,-72.5,-12.5,2.0,210.0,1517.5,2007
2007-06-26,ok,0.0,0.0,0.0,0.0,1516.75,2007
2007-06-27,ok,195.0,225.0,1.0,29.0,1496.75,2007
2007-06-28,ok,0.0,0.0,0.0,0.0,1517.75,2007
2007-06-29,ok,-752.5,-662.5,3.0,119.0,1521.75,2007
2007-07-02,ok,-247.5,-187.5,2.0,90.0,1522.25,2007
2007-07-03,ok,0.0,0.0,0.0,0.0,1534.5,2007
2007-07-05,ok,-105.0,-75.0,1.0,60.0,1537.0,2007
2007-07-06,ok,-292.5,-262.5,1.0,30.0,1536.0,2007
2007-07-09,ok,0.0,0.0,0.0,0.0,1544.25,2007
2007-07-10,ok,97.5,187.5,3.0,119.0,1534.75,2007
2007-07-11,ok,32.5,62.5,1.0,210.0,1518.5,2007
2007-07-12,ok,895.0,925.0,1.0,359.0,1534.5,2007
2007-07-13,ok,0.0,0.0,0.0,0.0,1556.75,2007
2007-07-16,ok,0.0,0.0,0.0,0.0,1560.5,2007
2007-07-17,ok,-30.0,0.0,1.0,60.0,1560.25,2007
2007-07-18,ok,-222.5,-162.5,2.0,150.0,1553.0,2007
2007-07-19,ok,0.0,0.0,0.0,0.0,1561.75,2007
2007-07-20,ok,470.0,500.0,1.0,359.0,1558.5,2007
2007-07-23,ok,0.0,0.0,0.0,0.0,1552.0,2007
2007-07-24,ok,657.5,687.5,1.0,89.0,1539.75,2007
2007-07-25,ok,-280.0,-250.0,1.0,60.0,1528.75,2007
2007-07-26,ok,245.0,275.0,1.0,269.0,1509.5,2007
2007-07-27,ok,-547.5,-487.5,2.0,210.0,1489.0,2007
2007-07-30,ok,90.0,150.0,2.0,209.0,1465.5,2007
2007-07-31,ok,-355.0,-325.0,1.0,30.0,1489.75,2007
2007-08-01,ok,-1002.5,-912.5,3.0,90.0,1457.5,2007
2007-08-02,ok,-435.0,-375.0,2.0,59.0,1472.75,2007
2007-08-03,ok,1620.0,1650.0,1.0,359.0,1477.75,2007
2007-08-06,ok,757.5,787.5,1.0,59.0,1447.25,2007
2007-08-07,ok,-1035.0,-975.0,2.0,59.0,1463.5,2007
2007-08-08,ok,-280.0,-250.0,1.0,330.0,1487.75,2007
2007-08-09,ok,0.0,0.0,0.0,0.0,1478.25,2007
2007-08-10,ok,-105.0,-75.0,1.0,30.0,1446.25,2007
2007-08-13,ok,0.0,0.0,0.0,0.0,1468.75,2007
2007-08-14,ok,807.5,837.5,1.0,329.0,1460.75,2007
2007-08-15,ok,-597.5,-537.5,2.0,150.0,1429.75,2007
2007-08-16,ok,-460.0,-400.0,2.0,150.0,1400.25,2007
2007-08-17,ok,0.0,0.0,0.0,0.0,1457.0,2007
2007-08-20,ok,-242.5,-212.5,1.0,90.0,1453.5,2007
2007-08-21,ok,-17.5,12.5,1.0,30.0,1447.75,2007
2007-08-22,ok,0.0,0.0,0.0,0.0,1461.5,2007
2007-08-23,ok,-185.0,-125.0,2.0,60.0,1474.5,2007
2007-08-24,ok,320.0,350.0,1.0,89.0,1465.75,2007
2007-08-27,ok,0.0,0.0,0.0,0.0,1479.25,2007
2007-08-28,ok,715.0,775.0,2.0,209.0,1462.0,2007
2007-08-29,ok,565.0,625.0,2.0,119.0,1443.25,2007
2007-08-30,ok,0.0,0.0,0.0,0.0,1453.75,2007
2007-08-31,ok,0.0,0.0,0.0,0.0,1476.0,2007
2007-09-04,ok,520.0,550.0,1.0,359.0,1474.0,2007
2007-09-05,ok,-192.5,-162.5,1.0,30.0,1480.5,2007
2007-09-06,ok,0.0,0.0,0.0,0.0,1478.0,2007
2007-09-07,ok,-610.0,-550.0,2.0,89.0,1462.75,2007
2007-09-10,ok,-422.5,-362.5,2.0,180.0,1463.0,2007
2007-09-11,ok,65.0,125.0,2.0,179.0,1459.75,2007
2007-09-12,ok,0.0,0.0,0.0,0.0,1469.75,2007
2007-09-13,ok,0.0,0.0,0.0,0.0,1495.5,2007
2007-09-14,ok,0.0,0.0,0.0,0.0,1489.0,2007
2007-09-17,ok,0.0,0.0,0.0,0.0,1492.0,2007
2007-09-18,ok,895.0,925.0,1.0,89.0,1497.25,2007
2007-09-19,ok,0.0,0.0,0.0,0.0,1543.0,2007
2007-09-20,ok,-210.0,-150.0,2.0,60.0,1541.25,2007
2007-09-21,ok,0.0,0.0,0.0,0.0,1541.75,2007
2007-09-24,ok,0.0,0.0,0.0,0.0,1538.25,2007
2007-09-25,ok,0.0,0.0,0.0,0.0,1522.25,2007
2007-09-26,ok,0.0,0.0,0.0,0.0,1536.25,2007
2007-09-27,ok,0.0,0.0,0.0,0.0,1542.75,2007
2007-09-28,ok,0.0,0.0,0.0,0.0,1542.0,2007
2007-10-01,ok,657.5,687.5,1.0,359.0,1539.5,2007
2007-10-02,ok,-60.0,0.0,2.0,150.0,1559.5,2007
2007-10-03,ok,-292.5,-262.5,1.0,30.0,1550.5,2007
2007-10-04,ok,0.0,0.0,0.0,0.0,1553.25,2007
2007-10-05,ok,27.5,87.5,2.0,209.0,1562.5,2007
2007-10-08,ok,-55.0,-25.0,1.0,180.0,1566.5,2007
2007-10-09,ok,45.0,75.0,1.0,29.0,1568.0,2007
2007-10-10,ok,-365.0,-275.0,3.0,90.0,1572.0,2007
2007-10-11,ok,-372.5,-312.5,2.0,59.0,1580.25,2007
2007-10-12,ok,-97.5,-37.5,2.0,210.0,1565.5,2007
2007-10-15,ok,457.5,487.5,1.0,359.0,1573.75,2007
2007-10-16,ok,-310.0,-250.0,2.0,89.0,1554.75,2007
2007-10-17,ok,-92.5,-62.5,1.0,90.0,1559.75,2007
2007-10-18,ok,0.0,0.0,0.0,0.0,1543.75,2007
2007-10-19,ok,1445.0,1475.0,1.0,359.0,1540.25,2007
2007-10-22,ok,-280.0,-250.0,1.0,30.0,1496.25,2007
2007-10-23,ok,0.0,0.0,0.0,0.0,1521.0,2007
2007-10-24,ok,-355.0,-325.0,1.0,240.0,1519.25,2007
2007-10-25,ok,-872.5,-812.5,2.0,90.0,1523.5,2007
2007-10-26,ok,0.0,0.0,0.0,0.0,1537.75,2007
2007-10-29,ok,0.0,0.0,0.0,0.0,1546.0,2007
2007-10-30,ok,0.0,0.0,0.0,0.0,1540.75,2007
2007-10-31,ok,-417.5,-387.5,1.0,30.0,1545.25,2007
2007-11-01,ok,297.5,387.5,3.0,209.0,1538.75,2007
2007-11-02,ok,-422.5,-362.5,2.0,180.0,1520.25,2007
2007-11-05,ok,0.0,0.0,0.0,0.0,1500.75,2007
2007-11-06,ok,0.0,0.0,0.0,0.0,1513.0,2007
2007-11-07,ok,945.0,975.0,1.0,179.0,1507.75,2007
2007-11-08,ok,-342.5,-312.5,1.0,180.0,1483.5,2007
2007-11-09,ok,0.0,0.0,0.0,0.0,1459.0,2007
2007-11-12,ok,-610.0,-550.0,2.0,150.0,1454.75,2007
2007-11-13,ok,605.0,725.0,4.0,239.0,1455.0,2007
2007-11-14,ok,0.0,0.0,0.0,0.0,1494.5,2007
2007-11-15,ok,-105.0,-75.0,1.0,59.0,1469.5,2007
2007-11-16,ok,-167.5,-137.5,1.0,30.0,1465.0,2007
2007-11-19,ok,257.5,287.5,1.0,299.0,1454.0,2007
2007-11-20,ok,-1052.5,-962.5,3.0,240.0,1437.5,2007
2007-11-21,ok,-747.5,-687.5,2.0,60.0,1431.5,2007
2007-11-23,ok,107.5,137.5,1.0,59.0,1430.5,2007
2007-11-26,ok,372.5,462.5,3.0,239.0,1443.5,2007
2007-11-27,ok,-460.0,-400.0,2.0,150.0,1417.25,2007
2007-11-28,ok,1045.0,1075.0,1.0,359.0,1441.5,2007
2007-11-29,ok,0.0,0.0,0.0,0.0,1466.0,2007
2007-11-30,ok,0.0,0.0,0.0,0.0,1490.0,2007
2007-12-03,ok,0.0,0.0,0.0,0.0,1481.0,2007
2007-12-04,ok,0.0,0.0,0.0,0.0,1465.5,2007
2007-12-05,ok,-255.0,-225.0,1.0,90.0,1478.0,2007
2007-12-06,ok,327.5,387.5,2.0,149.0,1484.5,2007
2007-12-07,ok,0.0,0.0,0.0,0.0,1512.25,2007
2007-12-10,ok,-5.0,25.0,1.0,60.0,1511.0,2007
2007-12-11,ok,1045.0,1075.0,1.0,89.0,1519.75,2007
2007-12-12,ok,0.0,0.0,0.0,0.0,1512.75,2007
2007-12-13,ok,0.0,0.0,0.0,0.0,1490.0,2007
2007-12-14,ok,0.0,0.0,0.0,0.0,1487.5,2007
2007-12-17,ok,-277.5,-187.5,3.0,119.0,1472.25,2007
2007-12-18,ok,-30.0,0.0,1.0,30.0,1467.25,2007
2007-12-19,ok,-735.0,-675.0,2.0,120.0,1465.75,2007
2007-12-20,ok,0.0,0.0,0.0,0.0,1474.25,2007
2007-12-21,ok,0.0,0.0,0.0,0.0,1487.25,2007
2007-12-24,ok,-42.5,-12.5,1.0,30.0,1501.75,2007
2007-12-26,ok,0.0,0.0,0.0,0.0,1503.0,2007
2007-12-27,ok,102.5,162.5,2.0,239.0,1503.75,2007
2007-12-28,ok,0.0,0.0,0.0,0.0,1497.75,2007
2007-12-31,ok,-180.0,-150.0,1.0,90.0,1482.0,2007
2008-01-02,ok,607.5,637.5,1.0,329.0,1476.25,2008
2008-01-03,ok,0.0,0.0,0.0,0.0,1459.0,2008
2008-01-04,ok,1032.5,1062.5,1.0,359.0,1443.0,2008
2008-01-07,ok,-130.0,-100.0,1.0,30.0,1426.75,2008
2008-01-08,ok,495.0,525.0,1.0,29.0,1429.25,2008
2008-01-09,ok,-55.0,-25.0,1.0,30.0,1399.0,2008
2008-01-10,ok,-180.0,-150.0,1.0,59.0,1405.25,2008
2008-01-11,ok,0.0,0.0,0.0,0.0,1415.0,2008
2008-01-14,ok,0.0,0.0,0.0,0.0,1418.75,2008
2008-01-15,ok,157.5,187.5,1.0,300.0,1404.0,2008
2008-01-16,ok,-392.5,-362.5,1.0,30.0,1379.25,2008
2008-01-17,ok,1407.5,1437.5,1.0,329.0,1380.75,2008
2008-01-18,ok,-872.5,-812.5,2.0,179.0,1346.5,2008
2008-01-22,ok,0.0,0.0,0.0,0.0,1266.0,2008
2008-01-23,ok,0.0,0.0,0.0,0.0,1274.0,2008
2008-01-24,ok,0.0,0.0,0.0,0.0,1344.5,2008
2008-01-25,ok,-17.5,12.5,1.0,120.0,1367.75,2008
2008-01-28,ok,0.0,0.0,0.0,0.0,1335.0,2008
2008-01-29,ok,0.0,0.0,0.0,0.0,1363.5,2008
2008-01-30,ok,-405.0,-375.0,1.0,30.0,1357.75,2008
2008-01-31,ok,-385.0,-325.0,2.0,89.0,1335.25,2008
2008-02-01,ok,0.0,0.0,0.0,0.0,1380.75,2008
2008-02-04,ok,0.0,0.0,0.0,0.0,1393.5,2008
2008-02-05,ok,0.0,0.0,0.0,0.0,1359.75,2008
2008-02-06,ok,0.0,0.0,0.0,0.0,1346.25,2008
2008-02-07,ok,-305.0,-275.0,1.0,30.0,1321.0,2008
2008-02-08,ok,0.0,0.0,0.0,0.0,1332.5,2008
2008-02-11,ok,0.0,0.0,0.0,0.0,1331.0,2008
2008-02-12,ok,-180.0,-150.0,1.0,120.0,1349.5,2008
2008-02-13,ok,0.0,0.0,0.0,0.0,1360.0,2008
2008-02-14,ok,-210.0,-150.0,2.0,120.0,1369.25,2008
2008-02-15,ok,0.0,0.0,0.0,0.0,1344.5,2008
2008-02-19,ok,0.0,0.0,0.0,0.0,1366.5,2008
2008-02-20,ok,0.0,0.0,0.0,0.0,1339.0,2008
2008-02-21,ok,-352.5,-262.5,3.0,119.0,1365.75,2008
2008-02-22,ok,107.5,137.5,1.0,300.0,1348.5,2008
2008-02-25,ok,-832.5,-712.5,4.0,119.0,1354.25,2008
2008-02-26,ok,-35.0,25.0,2.0,180.0,1366.0,2008
2008-02-27,ok,-217.5,-187.5,1.0,30.0,1374.0,2008
2008-02-28,ok,0.0,0.0,0.0,0.0,1370.5,2008
2008-02-29,ok,795.0,825.0,1.0,359.0,1353.75,2008
2008-03-03,ok,-530.0,-500.0,1.0,30.0,1329.25,2008
2008-03-04,ok,-247.5,-187.5,2.0,60.0,1320.0,2008
2008-03-05,ok,-110.0,-50.0,2.0,60.0,1331.5,2008
2008-03-06,ok,715.0,775.0,2.0,329.0,1327.0,2008
2008-03-07,ok,0.0,0.0,0.0,0.0,1294.25,2008
2008-03-10,ok,127.5,187.5,2.0,239.0,1294.75,2008
2008-03-11,ok,232.5,262.5,1.0,29.0,1303.25,2008
2008-03-12,ok,0.0,0.0,0.0,0.0,1324.25,2008
2008-03-13,ok,-810.0,-750.0,2.0,209.0,1294.5,2008
2008-03-14,ok,57.5,87.5,1.0,359.0,1325.75,2008
2008-03-17,ok,0.0,0.0,0.0,0.0,1260.25,2008
2008-03-18,ok,52.5,112.5,2.0,179.0,1303.25,2008
2008-03-19,ok,795.0,825.0,1.0,119.0,1338.25,2008
2008-03-20,ok,515.0,575.0,2.0,209.0,1303.25,2008
2008-03-24,ok,145.0,175.0,1.0,359.0,1336.25,2008
2008-03-25,ok,0.0,0.0,0.0,0.0,1352.0,2008
2008-03-26,ok,0.0,0.0,0.0,0.0,1348.0,2008
2008-03-27,ok,0.0,0.0,0.0,0.0,1345.5,2008
2008-03-28,ok,0.0,0.0,0.0,0.0,1332.5,2008
2008-03-31,ok,0.0,0.0,0.0,0.0,1315.5,2008
2008-04-01,ok,1182.5,1212.5,1.0,329.0,1339.0,2008
2008-04-02,ok,0.0,0.0,0.0,0.0,1373.75,2008
2008-04-03,ok,0.0,0.0,0.0,0.0,1362.5,2008
2008-04-04,ok,0.0,0.0,0.0,0.0,1373.0,2008
2008-04-07,ok,0.0,0.0,0.0,0.0,1382.0,2008
2008-04-08,ok,0.0,0.0,0.0,0.0,1365.25,2008
2008-04-09,ok,-127.5,-37.5,3.0,269.0,1368.75,2008
2008-04-10,ok,-67.5,-37.5,1.0,120.0,1356.75,2008
2008-04-11,ok,-30.0,0.0,1.0,30.0,1347.25,2008
2008-04-14,ok,0.0,0.0,0.0,0.0,1333.75,2008
2008-04-15,ok,0.0,0.0,0.0,0.0,1337.75,2008
2008-04-16,ok,482.5,512.5,1.0,329.0,1346.75,2008
2008-04-17,ok,0.0,0.0,0.0,0.0,1362.0,2008
2008-04-18,ok,0.0,0.0,0.0,0.0,1391.5,2008
2008-04-21,ok,0.0,0.0,0.0,0.0,1385.25,2008
2008-04-22,ok,-260.0,-200.0,2.0,299.0,1384.0,2008
2008-04-23,ok,-92.5,-62.5,1.0,30.0,1382.25,2008
2008-04-24,ok,-435.0,-375.0,2.0,269.0,1382.25,2008
2008-04-25,ok,-217.5,-187.5,1.0,30.0,1395.75,2008
2008-04-28,ok,0.0,0.0,0.0,0.0,1400.25,2008
2008-04-29,ok,-260.0,-200.0,2.0,90.0,1395.25,2008
2008-04-30,ok,-685.0,-625.0,2.0,90.0,1393.75,2008
2008-05-01,ok,1070.0,1100.0,1.0,359.0,1384.0,2008
2008-05-02,ok,0.0,0.0,0.0,0.0,1423.75,2008
2008-05-05,ok,-130.0,-100.0,1.0,30.0,1411.5,2008
2008-05-06,ok,-122.5,-62.5,2.0,149.0,1400.75,2008
2008-05-07,ok,790.0,850.0,2.0,239.0,1419.0,2008
2008-05-08,ok,0.0,0.0,0.0,0.0,1397.25,2008
2008-05-09,ok,0.0,0.0,0.0,0.0,1385.5,2008
2008-05-12,ok,215.0,275.0,2.0,179.0,1391.25,2008
2008-05-13,ok,-185.0,-125.0,2.0,90.0,1407.75,2008
2008-05-14,ok,-102.5,-12.5,3.0,180.0,1410.0,2008
2008-05-15,ok,252.5,312.5,2.0,89.0,1409.25,2008
2008-05-16,ok,-180.0,-150.0,1.0,90.0,1427.5,2008
2008-05-19,ok,-167.5,-137.5,1.0,240.0,1426.75,2008
2008-05-20,ok,-352.5,-262.5,3.0,180.0,1421.5,2008
2008-05-21,ok,102.5,162.5,2.0,119.0,1416.25,2008
2008-05-22,ok,-55.0,-25.0,1.0,30.0,1392.0,2008
2008-05-23,ok,395.0,425.0,1.0,359.0,1388.0,2008
2008-05-27,ok,77.5,137.5,2.0,119.0,1376.0,2008
2008-05-28,ok,0.0,0.0,0.0,0.0,1389.0,2008
2008-05-29,ok,20.0,50.0,1.0,299.0,1388.75,2008
2008-05-30,ok,0.0,0.0,0.0,0.0,1402.25,2008
2008-06-02,ok,207.5,237.5,1.0,359.0,1395.75,2008
2008-06-03,ok,-267.5,-237.5,1.0,90.0,1390.25,2008
2008-06-04,ok,-142.5,-112.5,1.0,120.0,1375.0,2008
2008-06-05,ok,782.5,812.5,1.0,359.0,1382.5,2008
2008-06-06,ok,1170.0,1200.0,1.0,329.0,1392.75,2008
2008-06-09,ok,0.0,0.0,0.0,0.0,1364.5,2008
2008-06-10,ok,0.0,0.0,0.0,0.0,1353.25,2008
2008-06-11,ok,770.0,800.0,1.0,359.0,1355.5,2008
2008-06-12,ok,-142.5,-112.5,1.0,180.0,1343.5,2008
2008-06-13,ok,-167.5,-137.5,1.0,90.0,1349.75,2008
2008-06-16,ok,0.0,0.0,0.0,0.0,1353.25,2008
2008-06-17,ok,0.0,0.0,0.0,0.0,1368.5,2008
2008-06-18,ok,0.0,0.0,0.0,0.0,1344.75,2008
2008-06-19,ok,0.0,0.0,0.0,0.0,1339.0,2008
2008-06-20,ok,107.5,137.5,1.0,119.0,1332.25,2008
2008-06-23,ok,0.0,0.0,0.0,0.0,1323.75,2008
2008-06-24,ok,-130.0,-100.0,1.0,30.0,1314.25,2008
2008-06-25,ok,-240.0,-150.0,3.0,210.0,1320.25,2008
2008-06-26,ok,632.5,662.5,1.0,299.0,1308.75,2008
2008-06-27,ok,-355.0,-325.0,1.0,60.0,1285.5,2008
2008-06-30,ok,-410.0,-350.0,2.0,180.0,1281.0,2008
2008-07-01,ok,0.0,0.0,0.0,0.0,1266.75,2008
2008-07-02,ok,615.0,675.0,2.0,119.0,1289.5,2008
2008-07-03,ok,0.0,0.0,0.0,0.0,1272.25,2008
2008-07-07,ok,-610.0,-550.0,2.0,210.0,1269.25,2008
2008-07-08,ok,370.0,400.0,1.0,59.0,1251.5,2008
2008-07-09,ok,907.5,937.5,1.0,89.0,1276.25,2008
2008-07-10,ok,-622.5,-562.5,2.0,60.0,1245.75,2008
2008-07-11,ok,-577.5,-487.5,3.0,150.0,1240.25,2008
2008-07-14,ok,-372.5,-312.5,2.0,180.0,1254.25,2008
2008-07-15,ok,-230.0,-200.0,1.0,90.0,1218.25,2008
2008-07-16,ok,690.0,750.0,2.0,329.0,1216.75,2008
2008-07-17,ok,0.0,0.0,0.0,0.0,1252.75,2008
2008-07-18,ok,-130.0,-100.0,1.0,30.0,1262.0,2008
2008-07-21,ok,0.0,0.0,0.0,0.0,1265.25,2008
2008-07-22,ok,0.0,0.0,0.0,0.0,1251.5,2008
2008-07-23,ok,-305.0,-275.0,1.0,90.0,1278.75,2008
2008-07-24,ok,1095.0,1125.0,1.0,359.0,1283.25,2008
2008-07-25,ok,0.0,0.0,0.0,0.0,1258.5,2008
2008-07-28,ok,357.5,387.5,1.0,179.0,1254.75,2008
2008-07-29,ok,845.0,875.0,1.0,359.0,1239.0,2008
2008-07-30,ok,-267.5,-237.5,1.0,30.0,1269.0,2008
2008-07-31,ok,0.0,0.0,0.0,0.0,1273.5,2008
2008-08-01,ok,-422.5,-362.5,2.0,150.0,1270.25,2008
2008-08-04,ok,-160.0,-100.0,2.0,150.0,1259.5,2008
2008-08-05,ok,857.5,887.5,1.0,329.0,1258.75,2008
2008-08-06,ok,0.0,0.0,0.0,0.0,1279.0,2008
2008-08-07,ok,0.0,0.0,0.0,0.0,1278.25,2008
2008-08-08,ok,1107.5,1137.5,1.0,359.0,1263.75,2008
2008-08-11,ok,-142.5,-112.5,1.0,180.0,1293.0,2008
2008-08-12,ok,0.0,0.0,0.0,0.0,1301.0,2008
2008-08-13,ok,-80.0,-50.0,1.0,30.0,1285.5,2008
2008-08-14,ok,-235.0,-175.0,2.0,120.0,1276.0,2008
2008-08-15,ok,0.0,0.0,0.0,0.0,1297.25,2008
2008-08-18,ok,315.0,375.0,2.0,269.0,1302.5,2008
2008-08-19,ok,0.0,0.0,0.0,0.0,1271.5,2008
2008-08-20,ok,-192.5,-162.5,1.0,30.0,1270.75,2008
2008-08-21,ok,0.0,0.0,0.0,0.0,1265.0,2008
2008-08-22,ok,32.5,62.5,1.0,60.0,1284.25,2008
2008-08-25,ok,470.0,500.0,1.0,299.0,1285.0,2008
2008-08-26,ok,0.0,0.0,0.0,0.0,1267.5,2008
2008-08-27,ok,-42.5,-12.5,1.0,90.0,1272.25,2008
2008-08-28,ok,0.0,0.0,0.0,0.0,1289.0,2008
2008-08-29,ok,-180.0,-150.0,1.0,30.0,1293.25,2008
2008-09-02,ok,-180.0,-150.0,1.0,30.0,1297.0,2008
2008-09-03,ok,-80.0,-50.0,1.0,30.0,1275.25,2008
2008-09-04,ok,782.5,812.5,1.0,299.0,1265.5,2008
2008-09-05,ok,-380.0,-350.0,1.0,90.0,1228.75,2008
2008-09-08,ok,0.0,0.0,0.0,0.0,1276.5,2008
2008-09-09,ok,1670.0,1700.0,1.0,329.0,1266.25,2008
2008-09-10,ok,0.0,0.0,0.0,0.0,1234.0,2008
2008-09-11,ok,-255.0,-225.0,1.0,30.0,1218.25,2008
2008-09-12,ok,0.0,0.0,0.0,0.0,1239.5,2008
2008-09-15,ok,0.0,0.0,0.0,0.0,1213.5,2008
2008-09-16,ok,0.0,0.0,0.0,0.0,1168.5,2008
2008-09-17,ok,-717.5,-687.5,1.0,180.0,1193.25,2008
2008-09-18,ok,-1227.5,-1137.5,3.0,89.0,1176.75,2008
2008-09-19,ok,0.0,0.0,0.0,0.0,1275.25,2008
2008-09-22,ok,635.0,725.0,3.0,299.0,1248.25,2008
2008-09-23,ok,-492.5,-462.5,1.0,60.0,1211.0,2008
2008-09-24,ok,0.0,0.0,0.0,0.0,1193.0,2008
2008-09-25,ok,15.0,75.0,2.0,329.0,1199.0,2008
2008-09-26,ok,0.0,0.0,0.0,0.0,1196.25,2008
2008-09-29,ok,2207.5,2237.5,1.0,359.0,1196.5,2008
2008-09-30,ok,782.5,812.5,1.0,149.0,1140.5,2008
2008-10-01,ok,0.0,0.0,0.0,0.0,1156.75,2008
2008-10-02,ok,1145.0,1175.0,1.0,359.0,1154.0,2008
2008-10-03,ok,-790.0,-700.0,3.0,150.0,1134.25,2008
2008-10-06,ok,57.5,87.5,1.0,359.0,1077.5,2008
2008-10-07,ok,2040.0,2100.0,2.0,239.0,1072.5,2008
2008-10-08,ok,-755.0,-725.0,1.0,30.0,979.25,2008
2008-10-09,ok,1927.5,1987.5,2.0,89.0,1000.75,2008
2008-10-10,ok,-647.5,-587.5,2.0,90.0,872.0,2008
2008-10-13,ok,2302.5,2362.5,2.0,209.0,942.5,2008
2008-10-14,ok,-1117.5,-1087.5,1.0,30.0,1051.75,2008
2008-10-15,ok,2732.5,2762.5,1.0,329.0,981.25,2008
2008-10-16,ok,-755.0,-725.0,1.0,120.0,915.25,2008
2008-10-17,ok,-155.0,-125.0,1.0,90.0,920.75,2008
2008-10-20,ok,0.0,0.0,0.0,0.0,953.25,2008
2008-10-21,ok,0.0,0.0,0.0,0.0,970.25,2008
2008-10-22,ok,-347.5,-287.5,2.0,59.0,930.75,2008
2008-10-23,ok,-1340.0,-1250.0,3.0,120.0,901.25,2008
2008-10-24,ok,0.0,0.0,0.0,0.0,846.25,2008
2008-10-27,ok,0.0,0.0,0.0,0.0,857.0,2008
2008-10-28,ok,1520.0,1550.0,1.0,29.0,872.5,2008
2008-10-29,ok,0.0,0.0,0.0,0.0,934.5,2008
2008-10-30,ok,0.0,0.0,0.0,0.0,956.25,2008
2008-10-31,ok,0.0,0.0,0.0,0.0,949.25,2008
2008-11-03,ok,0.0,0.0,0.0,0.0,965.75,2008
2008-11-04,ok,0.0,0.0,0.0,0.0,988.25,2008
2008-11-05,ok,365.0,425.0,2.0,59.0,988.75,2008
2008-11-06,ok,1232.5,1262.5,1.0,299.0,941.5,2008
2008-11-07,ok,-42.5,-12.5,1.0,30.0,912.75,2008
2008-11-10,ok,-630.0,-600.0,1.0,29.0,949.25,2008
2008-11-11,ok,70.0,100.0,1.0,180.0,904.0,2008
2008-11-12,ok,320.0,350.0,1.0,59.0,878.75,2008
2008-11-13,ok,815.0,875.0,2.0,89.0,857.25,2008
2008-11-14,ok,-30.0,0.0,1.0,90.0,890.25,2008
2008-11-17,ok,-230.0,-200.0,1.0,60.0,859.25,2008
2008-11-18,ok,-1590.0,-1500.0,3.0,120.0,847.5,2008
2008-11-19,ok,1545.0,1575.0,1.0,299.0,854.5,2008
2008-11-20,ok,40.0,100.0,2.0,89.0,796.5,2008
2008-11-21,ok,0.0,0.0,0.0,0.0,769.75,2008
2008-11-24,ok,177.5,237.5,2.0,299.0,815.25,2008
2008-11-25,ok,0.0,0.0,0.0,0.0,868.75,2008
2008-11-26,ok,282.5,312.5,1.0,59.0,838.5,2008
2008-11-28,ok,0.0,0.0,0.0,0.0,881.75,2008
2008-12-01,ok,1807.5,1837.5,1.0,359.0,869.0,2008
2008-12-02,ok,-192.5,-162.5,1.0,30.0,829.5,2008
2008-12-03,ok,-455.0,-425.0,1.0,30.0,829.5,2008
2008-12-04,ok,0.0,0.0,0.0,0.0,855.25,2008
2008-12-05,ok,507.5,537.5,1.0,59.0,831.0,2008
2008-12-08,ok,0.0,0.0,0.0,0.0,899.0,2008
2008-12-09,ok,0.0,0.0,0.0,0.0,898.25,2008
2008-12-10,ok,0.0,0.0,0.0,0.0,898.5,2008
2008-12-11,ok,0.0,0.0,0.0,0.0,889.5,2008
2008-12-12,ok,0.0,0.0,0.0,0.0,849.25,2008
2008-12-15,ok,0.0,0.0,0.0,0.0,885.0,2008
2008-12-16,ok,807.5,837.5,1.0,59.0,877.25,2008
2008-12-17,ok,0.0,0.0,0.0,0.0,902.25,2008
2008-12-18,ok,-572.5,-512.5,2.0,59.0,906.5,2008
2008-12-19,ok,-167.5,-137.5,1.0,30.0,889.25,2008
2008-12-22,ok,152.5,212.5,2.0,179.0,884.75,2008
2008-12-23,ok,0.0,0.0,0.0,0.0,873.25,2008
2008-12-24,ok,0.0,0.0,0.0,0.0,862.5,2008
2008-12-26,ok,0.0,0.0,0.0,0.0,870.5,2008
2008-12-29,ok,45.0,75.0,1.0,270.0,870.25,2008
2008-12-30,ok,-92.5,-62.5,1.0,30.0,873.0,2008
2008-12-31,ok,-10.0,50.0,2.0,299.0,888.0,2008
2009-01-02,ok,695.0,725.0,1.0,299.0,902.0,2009
2009-01-05,ok,-392.5,-362.5,1.0,30.0,924.25,2009
2009-01-06,ok,-692.5,-662.5,1.0,30.0,934.25,2009
2009-01-07,ok,27.5,87.5,2.0,150.0,917.0,2009
2009-01-08,ok,0.0,0.0,0.0,0.0,898.25,2009
2009-01-09,ok,120.0,150.0,1.0,359.0,908.5,2009
2009-01-12,ok,695.0,725.0,1.0,359.0,884.75,2009
2009-01-13,ok,0.0,0.0,0.0,0.0,863.75,2009
2009-01-14,ok,270.0,300.0,1.0,359.0,851.5,2009
2009-01-15,ok,-192.5,-162.5,1.0,240.0,837.0,2009
2009-01-16,ok,-330.0,-300.0,1.0,30.0,855.0,2009
2009-01-20,ok,1120.0,1150.0,1.0,359.0,838.5,2009
2009-01-21,ok,0.0,0.0,0.0,0.0,815.5,2009
2009-01-22,ok,-255.0,-225.0,1.0,30.0,820.0,2009
2009-01-23,ok,-155.0,-125.0,1.0,30.0,804.75,2009
2009-01-26,ok,45.0,75.0,1.0,120.0,832.25,2009
2009-01-27,ok,0.0,0.0,0.0,0.0,837.0,2009
2009-01-28,ok,-405.0,-375.0,1.0,60.0,859.75,2009
2009-01-29,ok,-165.0,-75.0,3.0,89.0,856.75,2009
2009-01-30,ok,215.0,275.0,2.0,239.0,845.75,2009
2009-02-02,ok,0.0,0.0,0.0,0.0,810.75,2009
2009-02-03,ok,-255.0,-225.0,1.0,29.0,826.25,2009
2009-02-04,ok,70.0,100.0,1.0,30.0,838.75,2009
2009-02-05,ok,-202.5,-112.5,3.0,239.0,823.0,2009
2009-02-06,ok,345.0,375.0,1.0,359.0,844.0,2009
2009-02-09,ok,0.0,0.0,0.0,0.0,865.25,2009
2009-02-10,ok,1032.5,1062.5,1.0,269.0,858.5,2009
2009-02-11,ok,0.0,0.0,0.0,0.0,830.25,2009
2009-02-12,ok,-180.0,-150.0,1.0,30.0,817.25,2009
2009-02-13,ok,0.0,0.0,0.0,0.0,831.0,2009
2009-02-17,ok,-80.0,-50.0,1.0,30.0,796.75,2009
2009-02-18,ok,0.0,0.0,0.0,0.0,793.5,2009
2009-02-19,ok,0.0,0.0,0.0,0.0,793.25,2009
2009-02-20,ok,0.0,0.0,0.0,0.0,762.5,2009
2009-02-23,ok,832.5,862.5,1.0,299.0,777.75,2009
2009-02-24,ok,407.5,437.5,1.0,149.0,748.75,2009
2009-02-25,ok,-505.0,-475.0,1.0,240.0,766.5,2009
2009-02-26,ok,0.0,0.0,0.0,0.0,773.0,2009
2009-02-27,ok,0.0,0.0,0.0,0.0,735.5,2009
2009-03-02,ok,595.0,625.0,1.0,299.0,720.0,2009
2009-03-03,ok,-280.0,-250.0,1.0,60.0,711.25,2009
2009-03-04,ok,-397.5,-337.5,2.0,89.0,707.5,2009
2009-03-05,ok,-10.0,50.0,2.0,239.0,695.5,2009
2009-03-06,ok,-735.0,-675.0,2.0,209.0,689.0,2009
2009-03-09,ok,-317.5,-287.5,1.0,30.0,674.5,2009
2009-03-10,ok,882.5,912.5,1.0,359.0,689.0,2009
2009-03-11,ok,-17.5,12.5,1.0,30.0,724.5,2009
2009-03-12,ok,557.5,587.5,1.0,179.0,717.25,2009
2009-03-13,ok,0.0,0.0,0.0,0.0,751.75,2009
2009-03-16,ok,0.0,0.0,0.0,0.0,761.5,2009
2009-03-17,ok,302.5,362.5,2.0,89.0,752.0,2009
2009-03-18,ok,-142.5,-112.5,1.0,60.0,769.5,2009
2009-03-19,ok,0.0,0.0,0.0,0.0,800.5,2009
2009-03-20,ok,-242.5,-212.5,1.0,90.0,784.0,2009
2009-03-23,ok,765.0,825.0,2.0,239.0,784.5,2009
2009-03-24,ok,0.0,0.0,0.0,0.0,809.0,2009
2009-03-25,ok,32.5,62.5,1.0,90.0,808.75,2009
2009-03-26,ok,0.0,0.0,0.0,0.0,819.0,2009
2009-03-27,"unknown:нет open, вчерашнего close или close сессии",,,,,,2009
2009-03-30,"unknown:нет open, вчерашнего close или close сессии",,,,,,2009
2009-03-31,ok,-680.0,-650.0,1.0,29.0,791.75,2009
2009-04-01,ok,102.5,162.5,2.0,240.0,781.25,2009
2009-04-02,ok,-180.0,-150.0,1.0,120.0,826.5,2009
2009-04-03,"unknown:нет open, вчерашнего close или close сессии",,,,,,2009
2009-04-06,"unknown:нет open, вчерашнего close или close сессии",,,,,,2009
2009-04-07,ok,0.0,0.0,0.0,0.0,818.25,2009
2009-04-08,ok,0.0,0.0,0.0,0.0,816.0,2009
2009-04-09,ok,0.0,0.0,0.0,0.0,842.5,2009
2009-04-13,ok,0.0,0.0,0.0,0.0,844.75,2009
2009-04-14,ok,-67.5,-37.5,1.0,30.0,846.0,2009
2009-04-15,ok,0.0,0.0,0.0,0.0,833.75,2009
2009-04-16,ok,-192.5,-162.5,1.0,29.0,854.5,2009
2009-04-17,"unknown:нет open, вчерашнего close или close сессии",,,,,,2009
2009-04-20,"unknown:нет open, вчерашнего close или close сессии",,,,,,2009
2009-04-21,ok,495.0,525.0,1.0,269.0,823.75,2009
2009-04-22,ok,-390.0,-300.0,3.0,120.0,838.25,2009
2009-04-23,ok,-92.5,-62.5,1.0,90.0,842.5,2009
2009-04-24,ok,-527.5,-437.5,3.0,149.0,855.75,2009
2009-04-27,ok,0.0,0.0,0.0,0.0,852.25,2009
2009-04-28,ok,0.0,0.0,0.0,0.0,845.0,2009
2009-04-29,ok,-17.5,12.5,1.0,300.0,860.5,2009
2009-04-30,ok,0.0,0.0,0.0,0.0,880.75,2009
2009-05-01,ok,0.0,0.0,0.0,0.0,870.0,2009
2009-05-04,ok,857.5,887.5,1.0,359.0,880.75,2009
2009-05-05,ok,0.0,0.0,0.0,0.0,900.75,2009
2009-05-06,ok,0.0,0.0,0.0,0.0,912.0,2009
2009-05-07,ok,70.0,100.0,1.0,149.0,925.25,2009
2009-05-08,ok,0.0,0.0,0.0,0.0,916.0,2009
2009-05-11,ok,-130.0,-100.0,1.0,30.0,912.5,2009
2009-05-12,ok,-505.0,-475.0,1.0,150.0,911.75,2009
2009-05-13,ok,-352.5,-262.5,3.0,119.0,892.5,2009
2009-05-14,ok,-360.0,-300.0,2.0,149.0,883.0,2009
2009-05-15,ok,-167.5,-137.5,1.0,30.0,889.0,2009
2009-05-18,ok,215.0,275.0,2.0,119.0,891.0,2009
2009-05-19,ok,-392.5,-362.5,1.0,30.0,907.0,2009
2009-05-20,ok,-67.5,-37.5,1.0,60.0,915.0,2009
2009-05-21,ok,-472.5,-412.5,2.0,119.0,889.5,2009
2009-05-22,ok,0.0,0.0,0.0,0.0,890.0,2009
2009-05-26,ok,407.5,437.5,1.0,329.0,878.75,2009
2009-05-27,ok,307.5,337.5,1.0,89.0,909.5,2009
2009-05-28,ok,0.0,0.0,0.0,0.0,899.75,2009
2009-05-29,ok,0.0,0.0,0.0,0.0,909.75,2009
2009-06-01,ok,332.5,362.5,1.0,359.0,931.75,2009
2009-06-02,ok,0.0,0.0,0.0,0.0,939.5,2009
2009-06-03,ok,-440.0,-350.0,3.0,239.0,935.75,2009
2009-06-04,ok,0.0,0.0,0.0,0.0,934.75,2009
2009-06-05,ok,0.0,0.0,0.0,0.0,950.25,2009
2009-06-08,ok,-72.5,-12.5,2.0,60.0,934.0,2009
2009-06-09,ok,0.0,0.0,0.0,0.0,942.25,2009
2009-06-10,ok,-472.5,-412.5,2.0,119.0,950.25,2009
2009-06-11,ok,-240.0,-150.0,3.0,210.0,937.0,2009
2009-06-12,ok,0.0,0.0,0.0,0.0,935.25,2009
2009-06-15,ok,7.5,37.5,1.0,299.0,930.75,2009
2009-06-16,ok,20.0,50.0,1.0,150.0,923.25,2009
2009-06-17,ok,0.0,0.0,0.0,0.0,906.75,2009
2009-06-18,ok,-115.0,-25.0,3.0,240.0,907.75,2009
2009-06-19,"unknown:нет open, вчерашнего close или close сессии",,,,,,2009
2009-06-22,"unknown:нет open, вчерашнего close или close сессии",,,,,,2009
2009-06-23,ok,0.0,0.0,0.0,0.0,890.5,2009
2009-06-24,ok,-92.5,-62.5,1.0,120.0,897.25,2009
2009-06-25,ok,570.0,600.0,1.0,329.0,892.25,2009
2009-06-26,ok,0.0,0.0,0.0,0.0,913.5,2009
2009-06-29,ok,0.0,0.0,0.0,0.0,916.5,2009
2009-06-30,ok,-92.5,-62.5,1.0,329.0,922.75,2009
2009-07-01,ok,-42.5,-12.5,1.0,90.0,919.0,2009
2009-07-02,ok,307.5,337.5,1.0,359.0,906.75,2009
2009-07-06,ok,0.0,0.0,0.0,0.0,884.75,2009
2009-07-07,ok,202.5,262.5,2.0,209.0,892.75,2009
2009-07-08,ok,-560.0,-500.0,2.0,90.0,881.25,2009
2009-07-09,ok,0.0,0.0,0.0,0.0,881.5,2009
2009-07-10,ok,0.0,0.0,0.0,0.0,872.25,2009
2009-07-13,ok,307.5,337.5,1.0,239.0,878.5,2009
2009-07-14,ok,0.0,0.0,0.0,0.0,899.25,2009
2009-07-15,ok,345.0,375.0,1.0,269.0,913.75,2009
2009-07-16,ok,-30.0,0.0,1.0,29.0,925.5,2009
2009-07-17,ok,0.0,0.0,0.0,0.0,936.25,2009
2009-07-20,ok,0.0,0.0,0.0,0.0,942.25,2009
2009-07-21,ok,0.0,0.0,0.0,0.0,954.25,2009
2009-07-22,ok,0.0,0.0,0.0,0.0,945.25,2009
2009-07-23,ok,582.5,612.5,1.0,359.0,951.5,2009
2009-07-24,ok,0.0,0.0,0.0,0.0,967.75,2009
2009-07-27,ok,0.0,0.0,0.0,0.0,974.25,2009
2009-07-28,ok,0.0,0.0,0.0,0.0,972.25,2009
2009-07-29,ok,0.0,0.0,0.0,0.0,970.25,2009
2009-07-30,ok,-602.5,-512.5,3.0,179.0,984.0,2009
2009-07-31,ok,0.0,0.0,0.0,0.0,982.25,2009
2009-08-03,ok,0.0,0.0,0.0,0.0,994.0,2009
2009-08-04,ok,0.0,0.0,0.0,0.0,995.5,2009
2009-08-05,ok,-85.0,-25.0,2.0,240.0,1003.25,2009
2009-08-06,ok,-315.0,-225.0,3.0,150.0,1004.25,2009
2009-08-07,ok,-335.0,-275.0,2.0,269.0,1004.5,2009
2009-08-10,ok,0.0,0.0,0.0,0.0,1003.0,2009
2009-08-11,ok,-92.5,-62.5,1.0,240.0,1000.75,2009
2009-08-12,ok,70.0,100.0,1.0,359.0,991.0,2009
2009-08-13,ok,-267.5,-237.5,1.0,30.0,1008.25,2009
2009-08-14,ok,-105.0,-75.0,1.0,359.0,1011.0,2009
2009-08-17,ok,0.0,0.0,0.0,0.0,984.25,2009
2009-08-18,ok,-5.0,25.0,1.0,239.0,980.75,2009
2009-08-19,ok,-117.5,-87.5,1.0,180.0,978.75,2009
2009-08-20,ok,-202.5,-112.5,3.0,119.0,996.5,2009
2009-08-21,ok,27.5,87.5,2.0,299.0,1013.75,2009
2009-08-24,ok,0.0,0.0,0.0,0.0,1029.5,2009
2009-08-25,ok,0.0,0.0,0.0,0.0,1029.25,2009
2009-08-26,ok,0.0,0.0,0.0,0.0,1023.75,2009
2009-08-27,ok,-205.0,-175.0,1.0,120.0,1026.75,2009
2009-08-28,ok,-205.0,-175.0,1.0,60.0,1037.75,2009
2009-08-31,ok,0.0,0.0,0.0,0.0,1019.0,2009
2009-09-01,ok,382.5,412.5,1.0,269.0,1015.0,2009
2009-09-02,ok,0.0,0.0,0.0,0.0,993.25,2009
2009-09-03,ok,0.0,0.0,0.0,0.0,999.5,2009
2009-09-04,ok,107.5,137.5,1.0,209.0,1003.5,2009
2009-09-08,ok,0.0,0.0,0.0,0.0,1025.25,2009
2009-09-09,ok,-205.0,-175.0,1.0,180.0,1026.25,2009
2009-09-10,"unknown:нет цены на отметке, нормы или цены исполнения",,,,,,2009
2009-09-11,ok,0.0,0.0,0.0,0.0,1040.5,2009
2009-09-14,ok,0.0,0.0,0.0,0.0,1029.5,2009
2009-09-15,ok,0.0,0.0,0.0,0.0,1045.5,2009
2009-09-16,ok,232.5,262.5,1.0,239.0,1051.5,2009
2009-09-17,ok,-305.0,-275.0,1.0,30.0,1062.5,2009
2009-09-18,ok,0.0,0.0,0.0,0.0,1067.0,2009
2009-09-21,ok,0.0,0.0,0.0,0.0,1054.5,2009
2009-09-22,ok,0.0,0.0,0.0,0.0,1066.0,2009
2009-09-23,ok,0.0,0.0,0.0,0.0,1068.75,2009
2009-09-24,ok,107.5,137.5,1.0,329.0,1059.5,2009
2009-09-25,ok,-105.0,-75.0,1.0,30.0,1043.25,2009
2009-09-28,ok,307.5,337.5,1.0,359.0,1044.0,2009
2009-09-29,ok,-280.0,-250.0,1.0,30.0,1060.75,2009
2009-09-30,ok,-772.5,-712.5,2.0,209.0,1058.75,2009
2009-10-01,ok,957.5,987.5,1.0,359.0,1049.0,2009
2009-10-02,ok,0.0,0.0,0.0,0.0,1015.25,2009
2009-10-05,ok,-120.0,0.0,4.0,269.0,1024.25,2009
2009-10-06,ok,-185.0,-125.0,2.0,269.0,1042.75,2009
2009-10-07,ok,0.0,0.0,0.0,0.0,1048.25,2009
2009-10-08,ok,0.0,0.0,0.0,0.0,1061.25,2009
2009-10-09,ok,0.0,0.0,0.0,0.0,1061.75,2009
2009-10-12,ok,0.0,0.0,0.0,0.0,1073.0,2009
2009-10-13,ok,0.0,0.0,0.0,0.0,1069.0,2009
2009-10-14,ok,0.0,0.0,0.0,0.0,1082.5,2009
2009-10-15,ok,0.0,0.0,0.0,0.0,1083.25,2009
2009-10-16,ok,0.0,0.0,0.0,0.0,1083.25,2009
2009-10-19,ok,82.5,112.5,1.0,299.0,1086.25,2009
2009-10-20,ok,-142.5,-112.5,1.0,239.0,1094.75,2009
2009-10-21,ok,-342.5,-312.5,1.0,330.0,1085.75,2009
2009-10-22,ok,57.5,87.5,1.0,89.0,1077.5,2009
2009-10-23,ok,207.5,237.5,1.0,299.0,1092.25,2009
2009-10-26,ok,-272.5,-212.5,2.0,329.0,1077.5,2009
2009-10-27,ok,0.0,0.0,0.0,0.0,1065.5,2009
2009-10-28,ok,645.0,675.0,1.0,329.0,1057.0,2009
2009-10-29,ok,495.0,525.0,1.0,329.0,1047.25,2009
2009-10-30,ok,927.5,987.5,2.0,299.0,1058.5,2009
2009-11-02,ok,-55.0,-25.0,1.0,150.0,1036.5,2009
2009-11-03,ok,0.0,0.0,0.0,0.0,1032.5,2009
2009-11-04,ok,-80.0,-50.0,1.0,60.0,1050.0,2009
2009-11-05,ok,-40.0,50.0,3.0,239.0,1051.5,2009
2009-11-06,ok,0.0,0.0,0.0,0.0,1057.5,2009
2009-11-09,ok,507.5,537.5,1.0,329.0,1074.75,2009
2009-11-10,ok,0.0,0.0,0.0,0.0,1088.5,2009
2009-11-11,ok,0.0,0.0,0.0,0.0,1098.25,2009
2009-11-12,ok,0.0,0.0,0.0,0.0,1095.25,2009
2009-11-13,ok,0.0,0.0,0.0,0.0,1088.5,2009
2009-11-16,ok,-142.5,-112.5,1.0,330.0,1099.0,2009
2009-11-17,ok,0.0,0.0,0.0,0.0,1104.25,2009
2009-11-18,ok,-92.5,-62.5,1.0,30.0,1107.75,2009
2009-11-19,ok,-167.5,-137.5,1.0,359.0,1100.5,2009
2009-11-20,ok,0.0,0.0,0.0,0.0,1087.5,2009
2009-11-23,ok,-242.5,-212.5,1.0,120.0,1102.5,2009
2009-11-24,ok,-255.0,-225.0,1.0,60.0,1105.25,2009
2009-11-25,ok,0.0,0.0,0.0,0.0,1106.75,2009
2009-11-27,ok,0.0,0.0,0.0,0.0,1079.0,2009
2009-11-30,ok,0.0,0.0,0.0,0.0,1090.0,2009
2009-12-01,ok,-167.5,-137.5,1.0,149.0,1104.25,2009
2009-12-02,ok,-92.5,-62.5,1.0,30.0,1108.25,2009
2009-12-03,ok,0.0,0.0,0.0,0.0,1110.5,2009
2009-12-04,ok,0.0,0.0,0.0,0.0,1113.25,2009
2009-12-07,ok,0.0,0.0,0.0,0.0,1104.5,2009
2009-12-08,ok,-365.0,-275.0,3.0,149.0,1096.0,2009
2009-12-09,ok,-17.5,12.5,1.0,29.0,1090.75,2009
2009-12-10,ok,0.0,0.0,0.0,0.0,1097.25,2009
2009-12-11,ok,0.0,0.0,0.0,0.0,1101.5,2009
2009-12-14,ok,0.0,0.0,0.0,0.0,1108.75,2009
2009-12-15,ok,0.0,0.0,0.0,0.0,1105.0,2009
2009-12-16,ok,-92.5,-62.5,1.0,30.0,1108.25,2009
2009-12-17,ok,-140.0,-50.0,3.0,209.0,1097.5,2009
2009-12-18,ok,0.0,0.0,0.0,0.0,1098.0,2009
2009-12-21,ok,32.5,62.5,1.0,359.0,1103.5,2009
2009-12-22,ok,-155.0,-125.0,1.0,30.0,1111.75,2009
2009-12-23,ok,0.0,0.0,0.0,0.0,1116.0,2009
2009-12-24,ok,-80.0,-50.0,1.0,30.0,1118.25,2009
2009-12-28,ok,0.0,0.0,0.0,0.0,1125.25,2009
2009-12-29,ok,0.0,0.0,0.0,0.0,1126.25,2009
2009-12-30,ok,0.0,0.0,0.0,0.0,1118.5,2009
2009-12-31,ok,370.0,400.0,1.0,269.0,1123.75,2009
2010-01-04,ok,182.5,212.5,1.0,359.0,1119.5,2010
2010-01-05,ok,-317.5,-287.5,1.0,30.0,1128.25,2010
2010-01-06,ok,0.0,0.0,0.0,0.0,1130.75,2010
2010-01-07,ok,-160.0,-100.0,2.0,89.0,1130.5,2010
2010-01-08,ok,0.0,0.0,0.0,0.0,1134.75,2010
2010-01-11,ok,0.0,0.0,0.0,0.0,1146.25,2010
2010-01-12,ok,-147.5,-87.5,2.0,179.0,1135.25,2010
2010-01-13,ok,132.5,162.5,1.0,209.0,1135.25,2010
2010-01-14,ok,0.0,0.0,0.0,0.0,1140.75,2010
2010-01-15,ok,245.0,275.0,1.0,359.0,1143.0,2010
2010-01-19,ok,395.0,425.0,1.0,359.0,1131.5,2010
2010-01-20,ok,82.5,112.5,1.0,330.0,1138.5,2010
2010-01-21,ok,495.0,525.0,1.0,329.0,1134.75,2010
2010-01-22,ok,382.5,412.5,1.0,59.0,1107.75,2010
2010-01-25,ok,0.0,0.0,0.0,0.0,1097.75,2010
2010-01-26,ok,-347.5,-287.5,2.0,60.0,1088.75,2010
2010-01-27,ok,0.0,0.0,0.0,0.0,1087.0,2010
2010-01-28,ok,307.5,337.5,1.0,329.0,1097.25,2010
2010-01-29,ok,-10.0,50.0,2.0,89.0,1085.5,2010
2010-02-01,ok,0.0,0.0,0.0,0.0,1077.0,2010
2010-02-02,ok,52.5,112.5,2.0,239.0,1087.75,2010
2010-02-03,ok,0.0,0.0,0.0,0.0,1094.0,2010
2010-02-04,ok,707.5,737.5,1.0,359.0,1085.0,2010
2010-02-05,ok,-697.5,-637.5,2.0,150.0,1060.75,2010
2010-02-08,ok,0.0,0.0,0.0,0.0,1062.5,2010
2010-02-09,ok,-217.5,-187.5,1.0,30.0,1066.5,2010
2010-02-10,ok,-205.0,-175.0,1.0,30.0,1065.5,2010
2010-02-11,ok,132.5,162.5,1.0,239.0,1063.75,2010
2010-02-12,ok,0.0,0.0,0.0,0.0,1065.0,2010
2010-02-16,ok,0.0,0.0,0.0,0.0,1083.75,2010
2010-02-17,ok,0.0,0.0,0.0,0.0,1098.25,2010
2010-02-18,ok,-55.0,-25.0,1.0,30.0,1096.25,2010
2010-02-19,ok,-117.5,-87.5,1.0,30.0,1101.25,2010
2010-02-22,ok,0.0,0.0,0.0,0.0,1110.5,2010
2010-02-23,ok,95.0,125.0,1.0,329.0,1103.75,2010
2010-02-24,ok,-477.5,-387.5,3.0,120.0,1096.75,2010
2010-02-25,ok,0.0,0.0,0.0,0.0,1087.5,2010
2010-02-26,ok,0.0,0.0,0.0,0.0,1103.0,2010
2010-03-01,ok,182.5,212.5,1.0,329.0,1107.0,2010
2010-03-02,ok,0.0,0.0,0.0,0.0,1118.75,2010
2010-03-03,ok,-55.0,-25.0,1.0,60.0,1120.25,2010
2010-03-04,ok,-105.0,-75.0,1.0,30.0,1119.5,2010
2010-03-05,ok,-52.5,37.5,3.0,269.0,1129.0,2010
2010-03-08,ok,0.0,0.0,0.0,0.0,1137.75,2010
2010-03-09,ok,-67.5,-37.5,1.0,180.0,1134.25,2010
2010-03-10,ok,-247.5,-187.5,2.0,180.0,1140.5,2010
2010-03-11,ok,0.0,0.0,0.0,0.0,1137.5,2010
2010-03-12,ok,0.0,0.0,0.0,0.0,1150.0,2010
2010-03-15,ok,-92.5,-62.5,1.0,120.0,1143.25,2010
2010-03-16,ok,-35.0,25.0,2.0,59.0,1148.75,2010
2010-03-17,ok,-210.0,-150.0,2.0,240.0,1158.0,2010
2010-03-18,ok,-80.0,-50.0,1.0,60.0,1161.5,2010
2010-03-19,ok,57.5,87.5,1.0,329.0,1164.75,2010
2010-03-22,ok,40.0,100.0,2.0,269.0,1148.5,2010
2010-03-23,ok,-5.0,25.0,1.0,29.0,1163.0,2010
2010-03-24,ok,0.0,0.0,0.0,0.0,1165.0,2010
2010-03-25,ok,0.0,0.0,0.0,0.0,1171.5,2010
2010-03-26,ok,-105.0,-75.0,1.0,30.0,1163.75,2010
2010-03-29,ok,0.0,0.0,0.0,0.0,1167.0,2010
2010-03-30,ok,-167.5,-137.5,1.0,30.0,1170.0,2010
2010-03-31,ok,0.0,0.0,0.0,0.0,1165.0,2010
2010-04-01,ok,-80.0,-50.0,1.0,30.0,1173.25,2010
2010-04-05,ok,82.5,112.5,1.0,329.0,1177.75,2010
2010-04-06,ok,0.0,0.0,0.0,0.0,1179.75,2010
2010-04-07,ok,-192.5,-162.5,1.0,29.0,1183.25,2010
2010-04-08,ok,-210.0,-150.0,2.0,60.0,1175.0,2010
2010-04-09,ok,0.0,0.0,0.0,0.0,1185.25,2010
2010-04-12,ok,0.0,0.0,0.0,0.0,1192.0,2010
2010-04-13,ok,-180.0,-150.0,1.0,120.0,1191.5,2010
2010-04-14,ok,140.0,200.0,2.0,239.0,1198.0,2010
2010-04-15,ok,-180.0,-150.0,1.0,30.0,1205.0,2010
2010-04-16,"unknown:нет цены на отметке, нормы или цены исполнения",,,,,,2010
2010-04-19,ok,-30.0,0.0,1.0,30.0,1185.25,2010
2010-04-20,ok,0.0,0.0,0.0,0.0,1201.0,2010
2010-04-21,ok,-565.0,-475.0,3.0,149.0,1204.75,2010
2010-04-22,ok,-205.0,-175.0,1.0,30.0,1193.5,2010
2010-04-23,ok,70.0,100.0,1.0,59.0,1204.5,2010
2010-04-26,ok,0.0,0.0,0.0,0.0,1213.5,2010
2010-04-27,ok,557.5,587.5,1.0,269.0,1201.75,2010
2010-04-28,ok,0.0,0.0,0.0,0.0,1185.5,2010
2010-04-29,ok,82.5,112.5,1.0,329.0,1196.0,2010
2010-04-30,ok,297.5,387.5,3.0,299.0,1204.0,2010
2010-05-03,ok,-160.0,-100.0,2.0,269.0,1189.0,2010
2010-05-04,ok,495.0,525.0,1.0,359.0,1185.25,2010
2010-05-05,ok,0.0,0.0,0.0,0.0,1160.5,2010
2010-05-06,ok,1052.5,1112.5,2.0,179.0,1157.5,2010
2010-05-07,ok,-1215.0,-1125.0,3.0,239.0,1121.5,2010
2010-05-10,ok,0.0,0.0,0.0,0.0,1153.25,2010
2010-05-11,ok,-305.0,-275.0,1.0,90.0,1146.0,2010
2010-05-12,ok,-302.5,-212.5,3.0,210.0,1158.0,2010
2010-05-13,ok,0.0,0.0,0.0,0.0,1166.5,2010
2010-05-14,ok,107.5,137.5,1.0,359.0,1146.25,2010
2010-05-17,ok,-217.5,-187.5,1.0,210.0,1137.0,2010
2010-05-18,ok,182.5,212.5,1.0,119.0,1144.0,2010
2010-05-19,ok,-242.5,-212.5,1.0,60.0,1112.75,2010
2010-05-20,ok,-822.5,-762.5,2.0,60.0,1088.5,2010
2010-05-21,ok,-422.5,-362.5,2.0,150.0,1054.0,2010
2010-05-24,ok,0.0,0.0,0.0,0.0,1080.0,2010
2010-05-25,ok,0.0,0.0,0.0,0.0,1046.0,2010
2010-05-26,ok,-55.0,-25.0,1.0,30.0,1079.75,2010
2010-05-27,ok,0.0,0.0,0.0,0.0,1087.0,2010
2010-05-28,ok,-235.0,-175.0,2.0,180.0,1101.5,2010
2010-06-01,ok,0.0,0.0,0.0,0.0,1078.25,2010
2010-06-02,ok,277.5,337.5,2.0,89.0,1075.75,2010
2010-06-03,ok,0.0,0.0,0.0,0.0,1101.5,2010
2010-06-04,ok,245.0,275.0,1.0,89.0,1081.0,2010
2010-06-07,ok,-85.0,-25.0,2.0,59.0,1066.75,2010
2010-06-08,ok,0.0,0.0,0.0,0.0,1050.25,2010
2010-06-09,ok,-230.0,-200.0,1.0,90.0,1067.25,2010
2010-06-10,ok,2.5,62.5,2.0,89.0,1069.0,2010
2010-06-11,ok,0.0,0.0,0.0,0.0,1072.5,2010
2010-06-14,ok,0.0,0.0,0.0,0.0,1095.75,2010
2010-06-15,ok,465.0,525.0,2.0,269.0,1093.0,2010
2010-06-16,ok,0.0,0.0,0.0,0.0,1104.5,2010
2010-06-17,ok,-80.0,-50.0,1.0,60.0,1113.0,2010
2010-06-18,ok,0.0,0.0,0.0,0.0,1113.5,2010
2010-06-21,ok,0.0,0.0,0.0,0.0,1126.5,2010
2010-06-22,ok,520.0,550.0,1.0,89.0,1109.75,2010
2010-06-23,ok,-317.5,-287.5,1.0,180.0,1091.75,2010
2010-06-24,ok,-465.0,-375.0,3.0,269.0,1082.5,2010
2010-06-25,ok,-205.0,-175.0,1.0,30.0,1072.75,2010
2010-06-28,ok,-192.5,-162.5,1.0,30.0,1075.5,2010
2010-06-29,ok,532.5,562.5,1.0,359.0,1055.5,2010
2010-06-30,ok,0.0,0.0,0.0,0.0,1034.0,2010
2010-07-01,ok,-342.5,-312.5,1.0,210.0,1026.25,2010
2010-07-02,ok,20.0,50.0,1.0,210.0,1026.0,2010
2010-07-06,ok,0.0,0.0,0.0,0.0,1031.25,2010
2010-07-07,ok,1257.5,1287.5,1.0,359.0,1025.75,2010
2010-07-08,ok,0.0,0.0,0.0,0.0,1064.5,2010
2010-07-09,ok,0.0,0.0,0.0,0.0,1066.25,2010
2010-07-12,ok,0.0,0.0,0.0,0.0,1071.0,2010
2010-07-13,ok,-105.0,-75.0,1.0,30.0,1086.25,2010
2010-07-14,ok,0.0,0.0,0.0,0.0,1087.75,2010
2010-07-15,ok,-355.0,-325.0,1.0,180.0,1091.25,2010
2010-07-16,ok,657.5,687.5,1.0,359.0,1085.75,2010
2010-07-19,ok,0.0,0.0,0.0,0.0,1065.25,2010
2010-07-20,ok,82.5,112.5,1.0,29.0,1053.25,2010
2010-07-21,ok,107.5,137.5,1.0,89.0,1085.0,2010
2010-07-22,ok,157.5,187.5,1.0,359.0,1078.25,2010
2010-07-23,ok,0.0,0.0,0.0,0.0,1087.25,2010
2010-07-26,ok,-42.5,-12.5,1.0,90.0,1100.75,2010
2010-07-27,ok,0.0,0.0,0.0,0.0,1116.75,2010
2010-07-28,ok,0.0,0.0,0.0,0.0,1108.0,2010
2010-07-29,ok,-67.5,-37.5,1.0,120.0,1110.0,2010
2010-07-30,ok,0.0,0.0,0.0,0.0,1086.5,2010
2010-08-02,ok,0.0,0.0,0.0,0.0,1114.5,2010
2010-08-03,ok,0.0,0.0,0.0,0.0,1119.75,2010
2010-08-04,ok,0.0,0.0,0.0,0.0,1120.25,2010
2010-08-05,ok,0.0,0.0,0.0,0.0,1117.25,2010
2010-08-06,ok,-172.5,-112.5,2.0,60.0,1112.25,2010
2010-08-09,ok,0.0,0.0,0.0,0.0,1123.75,2010
2010-08-10,ok,-105.0,-75.0,1.0,30.0,1115.25,2010
2010-08-11,ok,395.0,425.0,1.0,359.0,1101.25,2010
2010-08-12,ok,0.0,0.0,0.0,0.0,1071.25,2010
2010-08-13,ok,0.0,0.0,0.0,0.0,1077.25,2010
2010-08-16,ok,0.0,0.0,0.0,0.0,1070.25,2010
2010-08-17,ok,-142.5,-112.5,1.0,269.0,1086.25,2010
2010-08-18,ok,-247.5,-187.5,2.0,90.0,1089.75,2010
2010-08-19,ok,145.0,175.0,1.0,329.0,1086.5,2010
2010-08-20,ok,-155.0,-125.0,1.0,30.0,1070.25,2010
2010-08-23,ok,0.0,0.0,0.0,0.0,1074.75,2010
2010-08-24,ok,0.0,0.0,0.0,0.0,1053.75,2010
2010-08-25,ok,0.0,0.0,0.0,0.0,1044.0,2010
2010-08-26,ok,7.5,37.5,1.0,89.0,1058.75,2010
2010-08-27,ok,-110.0,-50.0,2.0,149.0,1053.25,2010
2010-08-30,ok,145.0,175.0,1.0,29.0,1060.25,2010
2010-08-31,ok,0.0,0.0,0.0,0.0,1043.5,2010
2010-09-01,ok,645.0,675.0,1.0,359.0,1061.5,2010
2010-09-02,ok,0.0,0.0,0.0,0.0,1081.75,2010
2010-09-03,ok,-392.5,-362.5,1.0,30.0,1099.75,2010
2010-09-07,ok,-92.5,-62.5,1.0,30.0,1098.0,2010
2010-09-08,ok,-97.5,-37.5,2.0,270.0,1092.75,2010
2010-09-09,ok,0.0,0.0,0.0,0.0,1106.0,2010
2010-09-10,ok,0.0,0.0,0.0,0.0,1100.75,2010
2010-09-13,ok,0.0,0.0,0.0,0.0,1115.25,2010
2010-09-14,ok,-30.0,0.0,1.0,30.0,1114.5,2010
2010-09-15,ok,0.0,0.0,0.0,0.0,1112.5,2010
2010-09-16,ok,0.0,0.0,0.0,0.0,1116.5,2010
2010-09-17,ok,0.0,0.0,0.0,0.0,1125.75,2010
2010-09-20,ok,370.0,400.0,1.0,329.0,1124.0,2010
2010-09-21,ok,0.0,0.0,0.0,0.0,1138.25,2010
2010-09-22,ok,-92.5,-62.5,1.0,30.0,1133.5,2010
2010-09-23,ok,0.0,0.0,0.0,0.0,1120.5,2010
2010-09-24,ok,232.5,262.5,1.0,359.0,1133.0,2010
2010-09-27,ok,-130.0,-100.0,1.0,30.0,1144.0,2010
2010-09-28,ok,-242.5,-212.5,1.0,60.0,1139.75,2010
2010-09-29,ok,0.0,0.0,0.0,0.0,1139.5,2010
2010-09-30,ok,-490.0,-400.0,3.0,90.0,1145.75,2010
2010-10-01,ok,0.0,0.0,0.0,0.0,1145.0,2010
2010-10-04,ok,-42.5,-12.5,1.0,269.0,1139.0,2010
2010-10-05,ok,395.0,425.0,1.0,359.0,1143.25,2010
2010-10-06,ok,0.0,0.0,0.0,0.0,1155.5,2010
2010-10-07,ok,-92.5,-62.5,1.0,30.0,1160.25,2010
2010-10-08,ok,0.0,0.0,0.0,0.0,1156.0,2010
2010-10-11,ok,0.0,0.0,0.0,0.0,1162.75,2010
2010-10-12,ok,-322.5,-262.5,2.0,59.0,1158.25,2010
2010-10-13,ok,-222.5,-162.5,2.0,210.0,1172.0,2010
2010-10-14,ok,-540.0,-450.0,3.0,149.0,1173.5,2010
2010-10-15,ok,-192.5,-162.5,1.0,30.0,1178.25,2010
2010-10-18,ok,-72.5,-12.5,2.0,89.0,1172.75,2010
2010-10-19,ok,-192.5,-162.5,1.0,89.0,1167.25,2010
2010-10-20,ok,295.0,325.0,1.0,359.0,1164.75,2010
2010-10-21,ok,-167.5,-137.5,1.0,60.0,1179.25,2010
2010-10-22,ok,0.0,0.0,0.0,0.0,1178.25,2010
2010-10-25,ok,-117.5,-87.5,1.0,30.0,1186.75,2010
2010-10-26,ok,0.0,0.0,0.0,0.0,1176.5,2010
2010-10-27,ok,-130.0,-100.0,1.0,60.0,1174.25,2010
2010-10-28,ok,-167.5,-137.5,1.0,60.0,1185.75,2010
2010-10-29,ok,0.0,0.0,0.0,0.0,1178.25,2010
2010-11-01,ok,-105.0,-75.0,1.0,30.0,1186.25,2010
2010-11-02,ok,0.0,0.0,0.0,0.0,1189.75,2010
2010-11-03,ok,-455.0,-425.0,1.0,30.0,1192.25,2010
2010-11-04,ok,115.0,175.0,2.0,269.0,1207.75,2010
2010-11-05,ok,-230.0,-200.0,1.0,90.0,1218.5,2010
2010-11-08,ok,-142.5,-112.5,1.0,30.0,1218.75,2010
2010-11-09,ok,127.5,187.5,2.0,179.0,1223.25,2010
2010-11-10,ok,-385.0,-325.0,2.0,180.0,1211.0,2010
2010-11-11,ok,0.0,0.0,0.0,0.0,1205.75,2010
2010-11-12,ok,-97.5,-37.5,2.0,269.0,1203.25,2010
2010-11-15,ok,-105.0,-75.0,1.0,30.0,1201.0,2010
2010-11-16,ok,282.5,312.5,1.0,299.0,1188.0,2010
2010-11-17,ok,-222.5,-162.5,2.0,90.0,1177.0,2010
2010-11-18,ok,-180.0,-150.0,1.0,329.0,1188.5,2010
2010-11-19,ok,-155.0,-125.0,1.0,60.0,1194.0,2010
2010-11-22,ok,-192.5,-162.5,1.0,90.0,1192.0,2010
2010-11-23,ok,-352.5,-262.5,3.0,120.0,1182.75,2010
2010-11-24,ok,295.0,325.0,1.0,359.0,1186.75,2010
2010-11-26,ok,0.0,0.0,0.0,0.0,1186.5,2010
2010-11-29,ok,-322.5,-262.5,2.0,120.0,1179.75,2010
2010-11-30,ok,0.0,0.0,0.0,0.0,1174.75,2010
2010-12-01,ok,-247.5,-187.5,2.0,269.0,1197.0,2010
2010-12-02,ok,332.5,362.5,1.0,359.0,1207.0,2010
2010-12-03,ok,0.0,0.0,0.0,0.0,1216.5,2010
2010-12-06,ok,0.0,0.0,0.0,0.0,1221.25,2010
2010-12-07,ok,0.0,0.0,0.0,0.0,1234.5,2010
2010-12-08,ok,0.0,0.0,0.0,0.0,1224.75,2010
2010-12-09,ok,0.0,0.0,0.0,0.0,1229.5,2010
2010-12-10,ok,0.0,0.0,0.0,0.0,1231.25,2010
2010-12-13,ok,0.0,0.0,0.0,0.0,1240.5,2010
2010-12-14,ok,0.0,0.0,0.0,0.0,1237.5,2010
2010-12-15,ok,0.0,0.0,0.0,0.0,1234.25,2010
2010-12-16,ok,-222.5,-162.5,2.0,240.0,1232.0,2010
2010-12-17,ok,0.0,0.0,0.0,0.0,1237.5,2010
2010-12-20,ok,0.0,0.0,0.0,0.0,1243.0,2010
2010-12-21,ok,-80.0,-50.0,1.0,30.0,1246.25,2010
2010-12-22,ok,0.0,0.0,0.0,0.0,1251.5,2010
2010-12-23,ok,-80.0,-50.0,1.0,30.0,1252.75,2010
2010-12-27,ok,0.0,0.0,0.0,0.0,1247.5,2010
2010-12-28,ok,0.0,0.0,0.0,0.0,1255.25,2010
2010-12-29,ok,0.0,0.0,0.0,0.0,1256.25,2010
2010-12-30,ok,-55.0,-25.0,1.0,30.0,1254.5,2010
2010-12-31,ok,0.0,0.0,0.0,0.0,1251.25,2010
2011-01-03,ok,-67.5,-37.5,1.0,359.0,1263.25,2011
2011-01-04,ok,-215.0,-125.0,3.0,270.0,1269.75,2011
2011-01-05,ok,132.5,162.5,1.0,269.0,1262.0,2011
2011-01-06,ok,-377.5,-287.5,3.0,179.0,1273.0,2011
2011-01-07,ok,-322.5,-262.5,2.0,299.0,1272.0,2011
2011-01-10,ok,-205.0,-175.0,1.0,30.0,1262.25,2011
2011-01-11,ok,0.0,0.0,0.0,0.0,1270.5,2011
2011-01-12,ok,-135.0,-75.0,2.0,60.0,1278.5,2011
2011-01-13,ok,-260.0,-200.0,2.0,89.0,1282.5,2011
2011-01-14,ok,182.5,212.5,1.0,179.0,1278.0,2011
2011-01-18,ok,0.0,0.0,0.0,0.0,1287.75,2011
2011-01-19,ok,382.5,412.5,1.0,359.0,1290.25,2011
2011-01-20,ok,-42.5,-12.5,1.0,120.0,1275.75,2011
2011-01-21,ok,0.0,0.0,0.0,0.0,1285.0,2011
2011-01-24,ok,-92.5,-62.5,1.0,240.0,1279.0,2011
2011-01-25,ok,0.0,0.0,0.0,0.0,1283.5,2011
2011-01-26,ok,-105.0,-75.0,1.0,30.0,1290.75,2011
2011-01-27,ok,-67.5,-37.5,1.0,60.0,1293.25,2011
2011-01-28,ok,770.0,800.0,1.0,329.0,1297.5,2011
2011-01-31,ok,-130.0,-100.0,1.0,90.0,1276.5,2011
2011-02-01,ok,407.5,437.5,1.0,359.0,1290.5,2011
2011-02-02,ok,0.0,0.0,0.0,0.0,1300.0,2011
2011-02-03,ok,-117.5,-87.5,1.0,30.0,1298.5,2011
2011-02-04,ok,0.0,0.0,0.0,0.0,1304.25,2011
2011-02-07,ok,82.5,112.5,1.0,300.0,1310.5,2011
2011-02-08,ok,0.0,0.0,0.0,0.0,1317.0,2011
2011-02-09,ok,0.0,0.0,0.0,0.0,1317.75,2011
2011-02-10,ok,0.0,0.0,0.0,0.0,1311.5,2011
2011-02-11,ok,2.5,62.5,2.0,149.0,1313.75,2011
2011-02-14,ok,0.0,0.0,0.0,0.0,1326.0,2011
2011-02-15,ok,0.0,0.0,0.0,0.0,1325.75,2011
2011-02-16,ok,-135.0,-75.0,2.0,60.0,1330.25,2011
2011-02-17,ok,0.0,0.0,0.0,0.0,1330.25,2011
2011-02-18,ok,0.0,0.0,0.0,0.0,1339.5,2011
2011-02-22,ok,395.0,425.0,1.0,209.0,1326.5,2011
2011-02-23,ok,-272.5,-212.5,2.0,210.0,1313.25,2011
2011-02-24,ok,-335.0,-275.0,2.0,90.0,1304.5,2011
2011-02-25,ok,27.5,87.5,2.0,329.0,1310.5,2011
2011-02-28,ok,-80.0,-50.0,1.0,90.0,1323.75,2011
2011-03-01,ok,707.5,737.5,1.0,329.0,1331.5,2011
2011-03-02,ok,-497.5,-437.5,2.0,90.0,1303.0,2011
2011-03-03,ok,127.5,187.5,2.0,329.0,1319.5,2011
2011-03-04,ok,32.5,62.5,1.0,329.0,1329.5,2011
2011-03-07,ok,270.0,300.0,1.0,299.0,1324.25,2011
2011-03-08,ok,145.0,175.0,1.0,329.0,1311.75,2011
2011-03-09,ok,-155.0,-125.0,1.0,30.0,1318.5,2011
2011-03-10,ok,-272.5,-212.5,2.0,149.0,1300.5,2011
2011-03-11,ok,7.5,37.5,1.0,89.0,1285.75,2011
2011-03-14,ok,-17.5,12.5,1.0,60.0,1290.5,2011
2011-03-15,ok,0.0,0.0,0.0,0.0,1256.25,2011
2011-03-16,ok,457.5,487.5,1.0,239.0,1272.0,2011
2011-03-17,ok,0.0,0.0,0.0,0.0,1270.5,2011
2011-03-18,ok,0.0,0.0,0.0,0.0,1284.5,2011
2011-03-21,ok,-17.5,12.5,1.0,60.0,1289.5,2011
2011-03-22,ok,0.0,0.0,0.0,0.0,1293.0,2011
2011-03-23,ok,0.0,0.0,0.0,0.0,1285.0,2011
2011-03-24,ok,0.0,0.0,0.0,0.0,1299.75,2011
2011-03-25,ok,0.0,0.0,0.0,0.0,1308.0,2011
2011-03-28,ok,0.0,0.0,0.0,0.0,1311.5,2011
2011-03-29,ok,-140.0,-50.0,3.0,120.0,1304.5,2011
2011-03-30,ok,0.0,0.0,0.0,0.0,1321.25,2011
2011-03-31,ok,0.0,0.0,0.0,0.0,1321.75,2011
2011-04-01,ok,0.0,0.0,0.0,0.0,1330.0,2011
2011-04-04,ok,0.0,0.0,0.0,0.0,1330.25,2011
2011-04-05,ok,-72.5,-12.5,2.0,60.0,1325.75,2011
2011-04-06,ok,0.0,0.0,0.0,0.0,1334.5,2011
2011-04-07,ok,-130.0,-100.0,1.0,30.0,1329.75,2011
2011-04-08,ok,-242.5,-212.5,1.0,59.0,1334.75,2011
2011-04-11,ok,-285.0,-225.0,2.0,59.0,1325.75,2011
2011-04-12,ok,-217.5,-187.5,1.0,150.0,1313.0,2011
2011-04-13,ok,0.0,0.0,0.0,0.0,1316.5,2011
2011-04-14,ok,0.0,0.0,0.0,0.0,1302.75,2011
2011-04-15,ok,-67.5,-37.5,1.0,60.0,1313.5,2011
2011-04-18,ok,-117.5,-87.5,1.0,240.0,1301.25,2011
2011-04-19,ok,0.0,0.0,0.0,0.0,1303.25,2011
2011-04-20,ok,-185.0,-125.0,2.0,90.0,1324.25,2011
2011-04-21,ok,0.0,0.0,0.0,0.0,1333.25,2011
2011-04-25,ok,7.5,37.5,1.0,60.0,1332.0,2011
2011-04-26,ok,45.0,75.0,1.0,299.0,1336.0,2011
2011-04-27,ok,0.0,0.0,0.0,0.0,1346.25,2011
2011-04-28,ok,0.0,0.0,0.0,0.0,1350.0,2011
2011-04-29,"unknown:нет open, вчерашнего close или close сессии",,,,,,2011
2011-05-02,"unknown:нет open, вчерашнего close или close сессии",,,,,,2011
2011-05-03,ok,-17.5,12.5,1.0,120.0,1354.75,2011
2011-05-04,ok,132.5,162.5,1.0,359.0,1352.25,2011
2011-05-05,ok,-330.0,-300.0,1.0,29.0,1336.0,2011
2011-05-06,ok,-130.0,-100.0,1.0,30.0,1344.5,2011
2011-05-09,ok,-105.0,-75.0,1.0,209.0,1337.0,2011
2011-05-10,ok,-110.0,-50.0,2.0,149.0,1346.75,2011
2011-05-11,ok,457.5,487.5,1.0,359.0,1351.75,2011
2011-05-12,ok,-285.0,-225.0,2.0,120.0,1335.75,2011
2011-05-13,ok,145.0,175.0,1.0,269.0,1346.75,2011
2011-05-16,ok,-55.0,-25.0,1.0,30.0,1331.0,2011
2011-05-17,ok,0.0,0.0,0.0,0.0,1322.0,2011
2011-05-18,ok,270.0,300.0,1.0,299.0,1327.5,2011
2011-05-19,ok,0.0,0.0,0.0,0.0,1343.0,2011
2011-05-20,ok,-230.0,-200.0,1.0,150.0,1338.5,2011
2011-05-23,ok,0.0,0.0,0.0,0.0,1315.0,2011
2011-05-24,ok,0.0,0.0,0.0,0.0,1319.5,2011
2011-05-25,ok,-310.0,-250.0,2.0,59.0,1309.0,2011
2011-05-26,ok,-80.0,-50.0,1.0,89.0,1315.0,2011
2011-05-27,ok,0.0,0.0,0.0,0.0,1328.75,2011
2011-05-31,ok,0.0,0.0,0.0,0.0,1342.5,2011
2011-06-01,ok,1182.5,1212.5,1.0,359.0,1340.25,2011
2011-06-02,ok,0.0,0.0,0.0,0.0,1314.5,2011
2011-06-03,ok,0.0,0.0,0.0,0.0,1296.25,2011
2011-06-06,ok,207.5,237.5,1.0,119.0,1295.75,2011
2011-06-07,ok,0.0,0.0,0.0,0.0,1291.5,2011
2011-06-08,ok,-180.0,-150.0,1.0,30.0,1282.25,2011
2011-06-09,ok,-235.0,-175.0,2.0,269.0,1277.0,2011
2011-06-10,ok,202.5,262.5,2.0,329.0,1277.5,2011
2011-06-13,ok,-17.5,12.5,1.0,30.0,1268.0,2011
2011-06-14,ok,-72.5,-12.5,2.0,209.0,1278.0,2011
2011-06-15,ok,257.5,287.5,1.0,239.0,1271.75,2011
2011-06-16,ok,-110.0,-50.0,2.0,120.0,1260.0,2011
2011-06-17,ok,0.0,0.0,0.0,0.0,1274.75,2011
2011-06-20,ok,-260.0,-200.0,2.0,180.0,1261.75,2011
2011-06-21,ok,220.0,250.0,1.0,329.0,1279.25,2011
2011-06-22,ok,0.0,0.0,0.0,0.0,1286.0,2011
2011-06-23,ok,-117.5,-87.5,1.0,120.0,1267.0,2011
2011-06-24,ok,507.5,537.5,1.0,359.0,1278.25,2011
2011-06-27,ok,57.5,87.5,1.0,329.0,1264.25,2011
2011-06-28,ok,115.0,175.0,2.0,209.0,1279.75,2011
2011-06-29,ok,0.0,0.0,0.0,0.0,1297.5,2011
2011-06-30,ok,40.0,100.0,2.0,150.0,1307.0,2011
2011-07-01,ok,432.5,462.5,1.0,329.0,1315.75,2011
2011-07-05,ok,0.0,0.0,0.0,0.0,1333.0,2011
2011-07-06,ok,0.0,0.0,0.0,0.0,1330.25,2011
2011-07-07,ok,0.0,0.0,0.0,0.0,1347.0,2011
2011-07-08,ok,0.0,0.0,0.0,0.0,1333.75,2011
2011-07-11,ok,-402.5,-312.5,3.0,149.0,1323.0,2011
2011-07-12,ok,0.0,0.0,0.0,0.0,1312.0,2011
2011-07-13,ok,-92.5,-62.5,1.0,210.0,1316.5,2011
2011-07-14,ok,-640.0,-550.0,3.0,149.0,1317.0,2011
2011-07-15,ok,0.0,0.0,0.0,0.0,1312.0,2011
2011-07-18,ok,2.5,62.5,2.0,329.0,1306.25,2011
2011-07-19,ok,240.0,300.0,2.0,269.0,1308.5,2011
2011-07-20,ok,0.0,0.0,0.0,0.0,1325.75,2011
2011-07-21,ok,295.0,325.0,1.0,359.0,1329.0,2011
2011-07-22,ok,-130.0,-100.0,1.0,60.0,1340.5,2011
2011-07-25,ok,0.0,0.0,0.0,0.0,1328.25,2011
2011-07-26,ok,-42.5,-12.5,1.0,30.0,1332.5,2011
2011-07-27,ok,695.0,725.0,1.0,359.0,1321.25,2011
2011-07-28,ok,-405.0,-375.0,1.0,180.0,1301.0,2011
2011-07-29,ok,0.0,0.0,0.0,0.0,1284.5,2011
2011-08-01,ok,-117.5,-87.5,1.0,300.0,1303.25,2011
2011-08-02,ok,265.0,325.0,2.0,149.0,1273.25,2011
2011-08-03,ok,-272.5,-212.5,2.0,90.0,1251.75,2011
2011-08-04,ok,1482.5,1512.5,1.0,299.0,1239.25,2011
2011-08-05,ok,-2152.5,-2062.5,3.0,149.0,1212.0,2011
2011-08-08,ok,1302.5,1362.5,2.0,269.0,1164.0,2011
2011-08-09,ok,-205.0,-175.0,1.0,150.0,1135.5,2011
2011-08-10,ok,265.0,325.0,2.0,269.0,1147.5,2011
2011-08-11,ok,1307.5,1337.5,1.0,329.0,1127.0,2011
2011-08-12,ok,0.0,0.0,0.0,0.0,1178.5,2011
2011-08-15,ok,-267.5,-237.5,1.0,30.0,1186.5,2011
2011-08-16,ok,0.0,0.0,0.0,0.0,1189.25,2011
2011-08-17,ok,-355.0,-325.0,1.0,60.0,1196.75,2011
2011-08-18,ok,427.5,487.5,2.0,329.0,1159.5,2011
2011-08-19,ok,-430.0,-400.0,1.0,30.0,1124.0,2011
2011-08-22,ok,0.0,0.0,0.0,0.0,1146.0,2011
2011-08-23,ok,570.0,600.0,1.0,239.0,1126.0,2011
2011-08-24,ok,-142.5,-112.5,1.0,30.0,1156.5,2011
2011-08-25,ok,-415.0,-325.0,3.0,120.0,1181.5,2011
2011-08-26,ok,-305.0,-275.0,1.0,120.0,1151.0,2011
2011-08-29,ok,-55.0,-25.0,1.0,30.0,1189.75,2011
2011-08-30,ok,0.0,0.0,0.0,0.0,1202.5,2011
2011-08-31,ok,82.5,112.5,1.0,30.0,1219.0,2011
2011-09-01,ok,0.0,0.0,0.0,0.0,1217.5,2011
2011-09-02,ok,0.0,0.0,0.0,0.0,1178.75,2011
2011-09-06,ok,0.0,0.0,0.0,0.0,1138.0,2011
2011-09-07,ok,-42.5,-12.5,1.0,60.0,1181.75,2011
2011-09-08,ok,0.0,0.0,0.0,0.0,1184.0,2011
2011-09-09,ok,332.5,362.5,1.0,269.0,1165.5,2011
2011-09-12,ok,0.0,0.0,0.0,0.0,1133.25,2011
2011-09-13,ok,0.0,0.0,0.0,0.0,1158.5,2011
2011-09-14,ok,-117.5,-87.5,1.0,89.0,1172.0,2011
2011-09-15,ok,0.0,0.0,0.0,0.0,1194.75,2011
2011-09-16,ok,0.0,0.0,0.0,0.0,1207.25,2011
2011-09-19,ok,-255.0,-225.0,1.0,90.0,1189.5,2011
2011-09-20,ok,-205.0,-175.0,1.0,240.0,1202.5,2011
2011-09-21,ok,1015.0,1075.0,2.0,269.0,1197.0,2011
2011-09-22,ok,-1445.0,-1325.0,4.0,209.0,1126.5,2011
2011-09-23,ok,-560.0,-500.0,2.0,120.0,1114.75,2011
2011-09-26,ok,0.0,0.0,0.0,0.0,1140.25,2011
2011-09-27,ok,-260.0,-200.0,2.0,60.0,1179.75,2011
2011-09-28,ok,795.0,825.0,1.0,149.0,1172.0,2011
2011-09-29,ok,0.0,0.0,0.0,0.0,1164.5,2011
2011-09-30,ok,0.0,0.0,0.0,0.0,1138.75,2011
2011-10-03,ok,895.0,925.0,1.0,179.0,1118.5,2011
2011-10-04,ok,-180.0,-150.0,1.0,30.0,1077.5,2011
2011-10-05,ok,-102.5,-12.5,3.0,209.0,1120.0,2011
2011-10-06,ok,-35.0,25.0,2.0,270.0,1137.25,2011
2011-10-07,ok,45.0,75.0,1.0,90.0,1165.75,2011
2011-10-10,ok,7.5,37.5,1.0,330.0,1171.0,2011
2011-10-11,ok,0.0,0.0,0.0,0.0,1183.25,2011
2011-10-12,ok,-297.5,-237.5,2.0,90.0,1200.75,2011
2011-10-13,ok,-92.5,-62.5,1.0,30.0,1194.5,2011
2011-10-14,ok,0.0,0.0,0.0,0.0,1213.5,2011
2011-10-17,ok,427.5,487.5,2.0,329.0,1214.5,2011
2011-10-18,ok,327.5,387.5,2.0,269.0,1195.5,2011
2011-10-19,ok,7.5,37.5,1.0,59.0,1218.25,2011
2011-10-20,ok,-242.5,-212.5,1.0,60.0,1208.75,2011
2011-10-21,ok,-192.5,-162.5,1.0,60.0,1225.5,2011
2011-10-24,ok,395.0,425.0,1.0,359.0,1236.0,2011
2011-10-25,ok,-407.5,-287.5,4.0,179.0,1243.25,2011
2011-10-26,ok,0.0,0.0,0.0,0.0,1238.0,2011
2011-10-27,ok,-30.0,0.0,1.0,119.0,1271.0,2011
2011-10-28,ok,0.0,0.0,0.0,0.0,1275.0,2011
2011-10-31,ok,177.5,237.5,2.0,59.0,1266.5,2011
2011-11-01,ok,0.0,0.0,0.0,0.0,1214.75,2011
2011-11-02,ok,0.0,0.0,0.0,0.0,1232.75,2011
2011-11-03,ok,-5.0,25.0,1.0,29.0,1247.25,2011
2011-11-04,ok,-142.5,-112.5,1.0,90.0,1246.75,2011
2011-11-07,ok,-105.0,-75.0,1.0,90.0,1248.5,2011
2011-11-08,ok,57.5,87.5,1.0,29.0,1263.75,2011
2011-11-09,ok,345.0,375.0,1.0,119.0,1243.5,2011
2011-11-10,ok,0.0,0.0,0.0,0.0,1242.5,2011
2011-11-11,ok,-80.0,-50.0,1.0,299.0,1252.75,2011
2011-11-14,ok,32.5,62.5,1.0,239.0,1256.25,2011
2011-11-15,ok,-5.0,25.0,1.0,179.0,1246.25,2011
2011-11-16,ok,0.0,0.0,0.0,0.0,1242.75,2011
2011-11-17,ok,357.5,387.5,1.0,209.0,1232.5,2011
2011-11-18,ok,0.0,0.0,0.0,0.0,1219.25,2011
2011-11-21,ok,32.5,62.5,1.0,270.0,1196.0,2011
2011-11-22,ok,-80.0,-50.0,1.0,30.0,1188.0,2011
2011-11-23,ok,352.5,412.5,2.0,329.0,1174.75,2011
2011-11-25,ok,70.0,100.0,1.0,90.0,1157.75,2011
2011-11-28,ok,0.0,0.0,0.0,0.0,1189.5,2011
2011-11-29,ok,-310.0,-250.0,2.0,60.0,1195.0,2011
2011-11-30,ok,277.5,337.5,2.0,239.0,1229.0,2011
2011-12-01,ok,0.0,0.0,0.0,0.0,1242.75,2011
2011-12-02,ok,0.0,0.0,0.0,0.0,1255.75,2011
2011-12-05,ok,0.0,0.0,0.0,0.0,1262.75,2011
2011-12-06,ok,0.0,0.0,0.0,0.0,1256.5,2011
2011-12-07,ok,-205.0,-175.0,1.0,30.0,1252.5,2011
2011-12-08,ok,632.5,662.5,1.0,329.0,1247.5,2011
2011-12-09,ok,420.0,450.0,1.0,359.0,1233.75,2011
2011-12-12,ok,-17.5,12.5,1.0,359.0,1238.25,2011
2011-12-13,ok,-210.0,-150.0,2.0,59.0,1236.75,2011
2011-12-14,ok,-372.5,-312.5,2.0,150.0,1213.75,2011
2011-12-15,ok,0.0,0.0,0.0,0.0,1218.25,2011
2011-12-16,ok,0.0,0.0,0.0,0.0,1217.75,2011
2011-12-19,ok,-427.5,-337.5,3.0,119.0,1215.75,2011
2011-12-20,ok,445.0,475.0,1.0,359.0,1217.0,2011
2011-12-21,ok,-160.0,-100.0,2.0,150.0,1235.0,2011
2011-12-22,ok,-17.5,12.5,1.0,30.0,1242.0,2011
2011-12-23,ok,0.0,0.0,0.0,0.0,1252.75,2011
2011-12-27,ok,-5.0,25.0,1.0,30.0,1257.5,2011
2011-12-28,ok,357.5,387.5,1.0,359.0,1260.75,2011
2011-12-29,ok,0.0,0.0,0.0,0.0,1248.0,2011
2011-12-30,ok,0.0,0.0,0.0,0.0,1256.0,2011
2012-01-03,ok,0.0,0.0,0.0,0.0,1273.5,2012
2012-01-04,ok,0.0,0.0,0.0,0.0,1267.75,2012
2012-01-05,ok,0.0,0.0,0.0,0.0,1265.5,2012
2012-01-06,ok,-167.5,-137.5,1.0,60.0,1277.5,2012
2012-01-09,ok,0.0,0.0,0.0,0.0,1275.5,2012
2012-01-10,ok,0.0,0.0,0.0,0.0,1289.5,2012
2012-01-11,ok,0.0,0.0,0.0,0.0,1282.75,2012
2012-01-12,ok,-80.0,-50.0,1.0,60.0,1291.5,2012
2012-01-13,ok,-397.5,-337.5,2.0,90.0,1281.75,2012
2012-01-17,ok,0.0,0.0,0.0,0.0,1296.5,2012
2012-01-18,ok,457.5,487.5,1.0,359.0,1289.0,2012
2012-01-19,ok,0.0,0.0,0.0,0.0,1307.75,2012
2012-01-20,ok,0.0,0.0,0.0,0.0,1308.25,2012
2012-01-23,ok,-335.0,-275.0,2.0,150.0,1310.75,2012
2012-01-24,ok,0.0,0.0,0.0,0.0,1303.5,2012
2012-01-25,ok,52.5,112.5,2.0,179.0,1308.0,2012
2012-01-26,ok,-85.0,-25.0,2.0,149.0,1327.0,2012
2012-01-27,ok,0.0,0.0,0.0,0.0,1308.25,2012
2012-01-30,ok,-205.0,-175.0,1.0,30.0,1300.75,2012
2012-01-31,ok,-30.0,0.0,1.0,120.0,1315.75,2012
2012-02-01,ok,-30.0,0.0,1.0,300.0,1318.5,2012
2012-02-02,ok,0.0,0.0,0.0,0.0,1322.5,2012
2012-02-03,ok,-55.0,-25.0,1.0,30.0,1335.75,2012
2012-02-06,ok,0.0,0.0,0.0,0.0,1335.25,2012
2012-02-07,ok,-80.0,-50.0,1.0,30.0,1337.25,2012
2012-02-08,ok,-130.0,-100.0,1.0,60.0,1344.0,2012
2012-02-09,ok,-167.5,-137.5,1.0,30.0,1349.25,2012
2012-02-10,ok,0.0,0.0,0.0,0.0,1337.0,2012
2012-02-13,ok,0.0,0.0,0.0,0.0,1348.75,2012
2012-02-14,ok,-547.5,-487.5,2.0,119.0,1345.5,2012
2012-02-15,ok,-92.5,-62.5,1.0,59.0,1352.0,2012
2012-02-16,ok,457.5,487.5,1.0,329.0,1341.25,2012
2012-02-17,ok,0.0,0.0,0.0,0.0,1360.75,2012
2012-02-21,ok,0.0,0.0,0.0,0.0,1362.5,2012
2012-02-22,ok,-42.5,-12.5,1.0,30.0,1357.75,2012
2012-02-23,ok,-257.5,-137.5,4.0,269.0,1354.75,2012
2012-02-24,ok,0.0,0.0,0.0,0.0,1364.5,2012
2012-02-27,ok,-92.5,-62.5,1.0,30.0,1355.5,2012
2012-02-28,ok,-85.0,-25.0,2.0,90.0,1367.25,2012
2012-02-29,ok,-222.5,-162.5,2.0,90.0,1373.0,2012
2012-03-01,ok,-160.0,-100.0,2.0,240.0,1368.25,2012
2012-03-02,ok,-172.5,-112.5,2.0,60.0,1371.75,2012
2012-03-05,ok,-180.0,-150.0,1.0,270.0,1366.25,2012
2012-03-06,ok,15.0,75.0,2.0,329.0,1348.5,2012
2012-03-07,ok,32.5,62.5,1.0,269.0,1345.75,2012
2012-03-08,ok,-105.0,-75.0,1.0,59.0,1354.25,2012
2012-03-09,ok,-142.5,-112.5,1.0,270.0,1362.25,2012
2012-03-12,ok,0.0,0.0,0.0,0.0,1364.75,2012
2012-03-13,ok,620.0,650.0,1.0,209.0,1372.5,2012
2012-03-14,ok,-30.0,0.0,1.0,30.0,1390.5,2012
2012-03-15,ok,-60.0,0.0,2.0,149.0,1390.75,2012
2012-03-16,ok,0.0,0.0,0.0,0.0,1399.25,2012
2012-03-19,ok,-165.0,-75.0,3.0,299.0,1397.75,2012
2012-03-20,ok,0.0,0.0,0.0,0.0,1395.75,2012
2012-03-21,"unknown:нет open, вчерашнего close или close сессии",,,,,,2012
2012-03-22,ok,-92.5,-62.5,1.0,30.0,1387.0,2012
2012-03-23,ok,-205.0,-175.0,1.0,30.0,1388.25,2012
2012-03-26,ok,227.5,287.5,2.0,209.0,1401.75,2012
2012-03-27,ok,0.0,0.0,0.0,0.0,1412.75,2012
2012-03-28,ok,70.0,100.0,1.0,299.0,1406.5,2012
2012-03-29,ok,-310.0,-250.0,2.0,120.0,1392.0,2012
2012-03-30,ok,0.0,0.0,0.0,0.0,1405.0,2012
2012-04-02,ok,307.5,337.5,1.0,329.0,1401.75,2012
2012-04-03,ok,-490.0,-400.0,3.0,149.0,1412.0,2012
2012-04-04,ok,-172.5,-112.5,2.0,240.0,1397.0,2012
2012-04-05,ok,0.0,0.0,0.0,0.0,1388.75,2012
2012-04-09,ok,0.0,0.0,0.0,0.0,1375.25,2012
2012-04-10,ok,795.0,825.0,1.0,299.0,1374.5,2012
2012-04-11,ok,0.0,0.0,0.0,0.0,1368.25,2012
2012-04-12,ok,482.5,512.5,1.0,359.0,1366.5,2012
2012-04-13,ok,382.5,412.5,1.0,359.0,1380.0,2012
2012-04-16,ok,0.0,0.0,0.0,0.0,1373.5,2012
2012-04-17,ok,345.0,375.0,1.0,329.0,1373.5,2012
2012-04-18,ok,0.0,0.0,0.0,0.0,1379.75,2012
2012-04-19,ok,-30.0,0.0,1.0,119.0,1381.25,2012
2012-04-20,ok,0.0,0.0,0.0,0.0,1378.25,2012
2012-04-23,ok,32.5,62.5,1.0,30.0,1360.0,2012
2012-04-24,ok,-17.5,12.5,1.0,90.0,1363.75,2012
2012-04-25,ok,-130.0,-100.0,1.0,30.0,1381.25,2012
2012-04-26,ok,57.5,87.5,1.0,119.0,1383.75,2012
2012-04-27,ok,0.0,0.0,0.0,0.0,1400.75,2012
2012-04-30,ok,-105.0,-75.0,1.0,30.0,1396.25,2012
2012-05-01,ok,-217.5,-187.5,1.0,329.0,1392.75,2012
2012-05-02,ok,0.0,0.0,0.0,0.0,1394.0,2012
2012-05-03,ok,-22.5,37.5,2.0,269.0,1398.25,2012
2012-05-04,ok,507.5,537.5,1.0,359.0,1379.75,2012
2012-05-07,ok,0.0,0.0,0.0,0.0,1360.0,2012
2012-05-08,ok,-42.5,-12.5,1.0,240.0,1357.25,2012
2012-05-09,ok,-342.5,-312.5,1.0,30.0,1345.75,2012
2012-05-10,ok,0.0,0.0,0.0,0.0,1361.25,2012
2012-05-11,ok,-17.5,12.5,1.0,90.0,1346.25,2012
2012-05-14,ok,0.0,0.0,0.0,0.0,1337.5,2012
2012-05-15,ok,-322.5,-262.5,2.0,59.0,1334.75,2012
2012-05-16,ok,-42.5,-12.5,1.0,30.0,1334.0,2012
2012-05-17,ok,627.5,687.5,2.0,299.0,1323.0,2012
2012-05-18,ok,57.5,87.5,1.0,59.0,1308.0,2012
2012-05-21,ok,507.5,537.5,1.0,329.0,1296.0,2012
2012-05-22,ok,-80.0,-50.0,1.0,90.0,1317.25,2012
2012-05-23,ok,-647.5,-587.5,2.0,180.0,1307.0,2012
2012-05-24,ok,-192.5,-162.5,1.0,30.0,1320.5,2012
2012-05-25,ok,0.0,0.0,0.0,0.0,1319.25,2012
2012-05-29,ok,-67.5,-37.5,1.0,60.0,1326.0,2012
2012-05-30,ok,-557.5,-437.5,4.0,180.0,1319.75,2012
2012-05-31,ok,-330.0,-300.0,1.0,150.0,1311.25,2012
2012-06-01,ok,207.5,237.5,1.0,149.0,1288.25,2012
2012-06-04,ok,-255.0,-225.0,1.0,150.0,1277.75,2012
2012-06-05,ok,-147.5,-87.5,2.0,149.0,1272.25,2012
2012-06-06,ok,657.5,687.5,1.0,359.0,1293.75,2012
2012-06-07,ok,0.0,0.0,0.0,0.0,1322.25,2012
2012-06-08,ok,102.5,162.5,2.0,119.0,1304.5,2012
2012-06-11,ok,395.0,425.0,1.0,89.0,1329.0,2012
2012-06-12,ok,132.5,162.5,1.0,29.0,1305.25,2012
2012-06-13,ok,0.0,0.0,0.0,0.0,1313.0,2012
2012-06-14,ok,-85.0,-25.0,2.0,240.0,1311.0,2012
2012-06-15,ok,0.0,0.0,0.0,0.0,1328.25,2012
2012-06-18,ok,0.0,0.0,0.0,0.0,1330.25,2012
2012-06-19,ok,-102.5,-12.5,3.0,210.0,1345.25,2012
2012-06-20,ok,0.0,0.0,0.0,0.0,1351.5,2012
2012-06-21,ok,815.0,875.0,2.0,299.0,1351.0,2012
2012-06-22,ok,0.0,0.0,0.0,0.0,1325.5,2012
2012-06-25,ok,-122.5,-62.5,2.0,270.0,1314.75,2012
2012-06-26,ok,0.0,0.0,0.0,0.0,1311.0,2012
2012-06-27,ok,-185.0,-125.0,2.0,150.0,1318.0,2012
2012-06-28,ok,-310.0,-250.0,2.0,60.0,1317.0,2012
2012-06-29,ok,0.0,0.0,0.0,0.0,1346.25,2012
2012-07-02,ok,-80.0,-50.0,1.0,30.0,1359.25,2012
2012-07-03,ok,270.0,300.0,1.0,179.0,1359.0,2012
2012-07-05,ok,-17.5,12.5,1.0,30.0,1363.5,2012
2012-07-06,ok,0.0,0.0,0.0,0.0,1348.75,2012
2012-07-09,ok,-122.5,-62.5,2.0,60.0,1347.75,2012
2012-07-10,ok,220.0,250.0,1.0,119.0,1354.0,2012
2012-07-11,ok,0.0,0.0,0.0,0.0,1336.0,2012
2012-07-12,ok,-105.0,-75.0,1.0,90.0,1327.75,2012
2012-07-13,ok,395.0,425.0,1.0,359.0,1332.25,2012
2012-07-16,ok,-180.0,-150.0,1.0,30.0,1348.25,2012
2012-07-17,ok,-130.0,-100.0,1.0,30.0,1353.5,2012
2012-07-18,ok,270.0,300.0,1.0,359.0,1354.25,2012
2012-07-19,ok,0.0,0.0,0.0,0.0,1370.5,2012
2012-07-20,ok,-105.0,-75.0,1.0,30.0,1363.5,2012
2012-07-23,ok,-30.0,0.0,1.0,30.0,1338.5,2012
2012-07-24,ok,307.5,337.5,1.0,359.0,1345.5,2012
2012-07-25,ok,-155.0,-125.0,1.0,30.0,1336.0,2012
2012-07-26,ok,0.0,0.0,0.0,0.0,1352.75,2012
2012-07-27,ok,532.5,562.5,1.0,299.0,1363.0,2012
2012-07-30,ok,-280.0,-250.0,1.0,30.0,1379.25,2012
2012-07-31,ok,0.0,0.0,0.0,0.0,1379.25,2012
2012-08-01,ok,0.0,0.0,0.0,0.0,1381.0,2012
2012-08-02,ok,-117.5,-87.5,1.0,30.0,1359.5,2012
2012-08-03,ok,120.0,150.0,1.0,359.0,1379.5,2012
2012-08-06,ok,0.0,0.0,0.0,0.0,1391.25,2012
2012-08-07,ok,-110.0,-50.0,2.0,90.0,1395.75,2012
2012-08-08,ok,0.0,0.0,0.0,0.0,1392.5,2012
2012-08-09,ok,0.0,0.0,0.0,0.0,1396.5,2012
2012-08-10,ok,0.0,0.0,0.0,0.0,1394.5,2012
2012-08-13,ok,0.0,0.0,0.0,0.0,1399.75,2012
2012-08-14,ok,0.0,0.0,0.0,0.0,1406.75,2012
2012-08-15,ok,0.0,0.0,0.0,0.0,1400.25,2012
2012-08-16,ok,120.0,150.0,1.0,239.0,1405.25,2012
2012-08-17,ok,0.0,0.0,0.0,0.0,1416.25,2012
2012-08-20,ok,0.0,0.0,0.0,0.0,1413.25,2012
2012-08-21,ok,-335.0,-275.0,2.0,89.0,1419.0,2012
2012-08-22,ok,0.0,0.0,0.0,0.0,1407.75,2012
2012-08-23,ok,52.5,112.5,2.0,299.0,1408.25,2012
2012-08-24,ok,70.0,100.0,1.0,269.0,1396.5,2012
2012-08-27,ok,0.0,0.0,0.0,0.0,1412.5,2012
2012-08-28,ok,0.0,0.0,0.0,0.0,1405.25,2012
2012-08-29,ok,0.0,0.0,0.0,0.0,1408.75,2012
2012-08-30,ok,-290.0,-200.0,3.0,150.0,1402.25,2012
2012-08-31,ok,0.0,0.0,0.0,0.0,1406.5,2012
2012-09-04,ok,-305.0,-275.0,1.0,240.0,1403.75,2012
2012-09-05,ok,0.0,0.0,0.0,0.0,1404.25,2012
2012-09-06,ok,582.5,612.5,1.0,359.0,1411.0,2012
2012-09-07,ok,0.0,0.0,0.0,0.0,1433.5,2012
2012-09-10,ok,0.0,0.0,0.0,0.0,1435.5,2012
2012-09-11,ok,-172.5,-112.5,2.0,270.0,1429.5,2012
2012-09-12,ok,0.0,0.0,0.0,0.0,1437.25,2012
2012-09-13,ok,345.0,375.0,1.0,149.0,1430.5,2012
2012-09-14,ok,-410.0,-350.0,2.0,180.0,1455.5,2012
2012-09-17,ok,-205.0,-175.0,1.0,29.0,1456.25,2012
2012-09-18,ok,0.0,0.0,0.0,0.0,1452.0,2012
2012-09-19,ok,0.0,0.0,0.0,0.0,1455.25,2012
2012-09-20,ok,-180.0,-150.0,1.0,30.0,1447.75,2012
2012-09-21,ok,0.0,0.0,0.0,0.0,1461.25,2012
2012-09-24,ok,0.0,0.0,0.0,0.0,1446.0,2012
2012-09-25,ok,420.0,450.0,1.0,89.0,1454.0,2012
2012-09-26,ok,-115.0,-25.0,3.0,239.0,1435.25,2012
2012-09-27,ok,207.5,237.5,1.0,239.0,1433.5,2012
2012-09-28,ok,-192.5,-162.5,1.0,150.0,1435.5,2012
2012-10-01,ok,-417.5,-387.5,1.0,180.0,1439.5,2012
2012-10-02,ok,0.0,0.0,0.0,0.0,1443.25,2012
2012-10-03,ok,-205.0,-175.0,1.0,120.0,1443.25,2012
2012-10-04,ok,-395.0,-275.0,4.0,180.0,1450.5,2012
2012-10-05,ok,0.0,0.0,0.0,0.0,1463.5,2012
2012-10-08,ok,0.0,0.0,0.0,0.0,1450.25,2012
2012-10-09,ok,140.0,200.0,2.0,329.0,1449.75,2012
2012-10-10,ok,-72.5,-12.5,2.0,269.0,1436.25,2012
2012-10-11,ok,0.0,0.0,0.0,0.0,1437.0,2012
2012-10-12,ok,-222.5,-162.5,2.0,150.0,1429.0,2012
2012-10-15,ok,-60.0,0.0,2.0,179.0,1426.5,2012
2012-10-16,ok,220.0,250.0,1.0,359.0,1441.75,2012
2012-10-17,ok,27.5,87.5,2.0,239.0,1450.5,2012
2012-10-18,ok,0.0,0.0,0.0,0.0,1452.75,2012
2012-10-19,ok,845.0,875.0,1.0,359.0,1450.0,2012
2012-10-22,ok,-55.0,-25.0,1.0,60.0,1425.75,2012
2012-10-23,ok,45.0,75.0,1.0,150.0,1412.25,2012
2012-10-24,ok,0.0,0.0,0.0,0.0,1413.0,2012
2012-10-25,ok,0.0,0.0,0.0,0.0,1414.25,2012
2012-10-26,ok,-142.5,-112.5,1.0,30.0,1406.75,2012
2012-10-31,ok,0.0,0.0,0.0,0.0,1412.5,2012
2012-11-01,ok,320.0,350.0,1.0,359.0,1410.0,2012
2012-11-02,ok,170.0,200.0,1.0,59.0,1430.75,2012
2012-11-05,ok,0.0,0.0,0.0,0.0,1407.0,2012
2012-11-06,ok,-285.0,-225.0,2.0,240.0,1416.75,2012
2012-11-07,ok,657.5,687.5,1.0,359.0,1410.25,2012
2012-11-08,ok,-252.5,-162.5,3.0,149.0,1390.25,2012
2012-11-09,ok,-105.0,-75.0,1.0,180.0,1369.75,2012
2012-11-12,ok,0.0,0.0,0.0,0.0,1379.5,2012
2012-11-13,ok,-272.5,-212.5,2.0,120.0,1369.0,2012
2012-11-14,ok,260.0,350.0,3.0,149.0,1375.75,2012
2012-11-15,ok,0.0,0.0,0.0,0.0,1353.25,2012
2012-11-16,ok,-835.0,-775.0,2.0,60.0,1352.25,2012
2012-11-19,ok,27.5,87.5,2.0,89.0,1372.25,2012
2012-11-20,ok,-292.5,-262.5,1.0,30.0,1382.5,2012
2012-11-21,ok,0.0,0.0,0.0,0.0,1386.25,2012
2012-11-23,ok,-55.0,-25.0,1.0,30.0,1394.75,2012
2012-11-26,ok,0.0,0.0,0.0,0.0,1399.5,2012
2012-11-27,ok,0.0,0.0,0.0,0.0,1402.25,2012
2012-11-28,ok,-35.0,25.0,2.0,59.0,1390.5,2012
2012-11-29,ok,-167.5,-137.5,1.0,30.0,1413.0,2012
2012-11-30,ok,0.0,0.0,0.0,0.0,1414.75,2012
2012-12-03,ok,0.0,0.0,0.0,0.0,1421.5,2012
2012-12-04,ok,0.0,0.0,0.0,0.0,1407.5,2012
2012-12-05,ok,-402.5,-312.5,3.0,120.0,1406.75,2012
2012-12-06,ok,-110.0,-50.0,2.0,60.0,1406.5,2012
2012-12-07,ok,0.0,0.0,0.0,0.0,1418.5,2012
2012-12-10,ok,-92.5,-62.5,1.0,30.0,1415.0,2012
2012-12-11,ok,-42.5,-12.5,1.0,300.0,1423.75,2012
2012-12-12,ok,-67.5,-37.5,1.0,30.0,1433.25,2012
2012-12-13,ok,-17.5,12.5,1.0,209.0,1421.25,2012
2012-12-14,ok,0.0,0.0,0.0,0.0,1410.25,2012
2012-12-17,ok,277.5,337.5,2.0,329.0,1412.0,2012
2012-12-18,ok,532.5,562.5,1.0,329.0,1427.5,2012
2012-12-19,ok,190.0,250.0,2.0,149.0,1443.75,2012
2012-12-20,ok,-335.0,-275.0,2.0,60.0,1432.25,2012
2012-12-21,ok,0.0,0.0,0.0,0.0,1418.75,2012
2012-12-24,ok,0.0,0.0,0.0,0.0,1421.5,2012
2012-12-26,ok,-330.0,-300.0,1.0,210.0,1423.75,2012
2012-12-27,ok,-305.0,-275.0,1.0,300.0,1415.5,2012
2012-12-28,ok,0.0,0.0,0.0,0.0,1403.25,2012
2012-12-31,ok,615.0,675.0,2.0,239.0,1393.25,2012
2013-01-02,ok,-117.5,-87.5,1.0,30.0,1448.0,2013
2013-01-03,ok,0.0,0.0,0.0,0.0,1456.5,2013
2013-01-04,ok,0.0,0.0,0.0,0.0,1456.5,2013
2013-01-07,ok,0.0,0.0,0.0,0.0,1455.0,2013
2013-01-08,ok,20.0,50.0,1.0,90.0,1453.5,2013
2013-01-09,ok,-55.0,-25.0,1.0,60.0,1455.0,2013
2013-01-10,ok,0.0,0.0,0.0,0.0,1463.5,2013
2013-01-11,ok,-92.5,-62.5,1.0,60.0,1466.75,2013
2013-01-14,ok,-67.5,-37.5,1.0,60.0,1465.25,2013
2013-01-15,ok,0.0,0.0,0.0,0.0,1459.25,2013
2013-01-16,ok,0.0,0.0,0.0,0.0,1464.0,2013
2013-01-17,ok,-180.0,-150.0,1.0,119.0,1473.5,2013
2013-01-18,ok,-92.5,-62.5,1.0,120.0,1476.25,2013
2013-01-22,ok,-10.0,50.0,2.0,179.0,1479.5,2013
2013-01-23,ok,-67.5,-37.5,1.0,30.0,1487.5,2013
2013-01-24,ok,-217.5,-187.5,1.0,180.0,1487.5,2013
2013-01-25,ok,-67.5,-37.5,1.0,30.0,1495.25,2013
2013-01-28,ok,-197.5,-137.5,2.0,120.0,1499.25,2013
2013-01-29,ok,82.5,112.5,1.0,269.0,1494.0,2013
2013-01-30,ok,-17.5,12.5,1.0,29.0,1502.75,2013
2013-01-31,ok,0.0,0.0,0.0,0.0,1495.25,2013
2013-02-01,ok,70.0,100.0,1.0,299.0,1502.75,2013
2013-02-04,ok,-55.0,-25.0,1.0,210.0,1499.0,2013
2013-02-05,ok,132.5,162.5,1.0,359.0,1499.75,2013
2013-02-06,ok,0.0,0.0,0.0,0.0,1501.25,2013
2013-02-07,ok,-267.5,-237.5,1.0,300.0,1508.0,2013
2013-02-08,ok,-17.5,12.5,1.0,359.0,1508.0,2013
2013-02-11,ok,0.0,0.0,0.0,0.0,1513.5,2013
2013-02-12,ok,-142.5,-112.5,1.0,60.0,1513.75,2013
2013-02-13,ok,0.0,0.0,0.0,0.0,1519.25,2013
2013-02-14,ok,0.0,0.0,0.0,0.0,1512.75,2013
2013-02-15,ok,-180.0,-150.0,1.0,60.0,1520.25,2013
2013-02-19,ok,182.5,212.5,1.0,359.0,1519.5,2013
2013-02-20,ok,652.5,712.5,2.0,329.0,1527.5,2013
2013-02-21,ok,-440.0,-350.0,3.0,270.0,1505.5,2013
2013-02-22,ok,0.0,0.0,0.0,0.0,1507.25,2013
2013-02-25,ok,890.0,950.0,2.0,209.0,1522.25,2013
2013-02-26,ok,0.0,0.0,0.0,0.0,1493.25,2013
2013-02-27,ok,757.5,787.5,1.0,359.0,1494.5,2013
2013-02-28,ok,-210.0,-150.0,2.0,120.0,1515.0,2013
2013-03-01,ok,-260.0,-200.0,2.0,60.0,1506.75,2013
2013-03-04,ok,0.0,0.0,0.0,0.0,1513.25,2013
2013-03-05,ok,107.5,137.5,1.0,270.0,1532.25,2013
2013-03-06,ok,0.0,0.0,0.0,0.0,1544.0,2013
2013-03-07,ok,0.0,0.0,0.0,0.0,1537.75,2013
2013-03-08,ok,0.0,0.0,0.0,0.0,1545.0,2013
2013-03-11,ok,0.0,0.0,0.0,0.0,1543.75,2013
2013-03-12,ok,-205.0,-175.0,1.0,30.0,1549.25,2013
2013-03-13,ok,0.0,0.0,0.0,0.0,1547.75,2013
2013-03-14,ok,-117.5,-87.5,1.0,30.0,1552.5,2013
2013-03-15,ok,-117.5,-87.5,1.0,30.0,1554.5,2013
2013-03-18,ok,0.0,0.0,0.0,0.0,1539.25,2013
2013-03-19,ok,-292.5,-262.5,1.0,239.0,1549.0,2013
2013-03-20,ok,0.0,0.0,0.0,0.0,1551.25,2013
2013-03-21,ok,0.0,0.0,0.0,0.0,1543.75,2013
2013-03-22,ok,-172.5,-112.5,2.0,240.0,1544.25,2013
2013-03-25,ok,-582.5,-462.5,4.0,209.0,1556.0,2013
2013-03-26,ok,-60.0,0.0,2.0,89.0,1552.0,2013
2013-03-27,ok,0.0,0.0,0.0,0.0,1548.5,2013
2013-03-28,ok,-122.5,-62.5,2.0,89.0,1556.5,2013
2013-04-01,ok,-322.5,-262.5,2.0,209.0,1561.5,2013
2013-04-02,ok,-47.5,12.5,2.0,180.0,1562.0,2013
2013-04-03,ok,582.5,612.5,1.0,359.0,1565.0,2013
2013-04-04,ok,-292.5,-262.5,1.0,30.0,1550.25,2013
2013-04-05,ok,0.0,0.0,0.0,0.0,1535.25,2013
2013-04-08,ok,-167.5,-137.5,1.0,30.0,1548.25,2013
2013-04-09,ok,-130.0,-100.0,1.0,30.0,1561.0,2013
2013-04-10,ok,482.5,512.5,1.0,359.0,1567.5,2013
2013-04-11,ok,-265.0,-175.0,3.0,210.0,1583.0,2013
2013-04-12,ok,-105.0,-75.0,1.0,30.0,1582.75,2013
2013-04-15,ok,1007.5,1037.5,1.0,239.0,1575.75,2013
2013-04-16,ok,115.0,175.0,2.0,179.0,1558.5,2013
2013-04-17,ok,432.5,462.5,1.0,359.0,1558.5,2013
2013-04-18,ok,-227.5,-137.5,3.0,179.0,1549.25,2013
2013-04-19,ok,-270.0,-150.0,4.0,149.0,1540.0,2013
2013-04-22,ok,-155.0,-125.0,1.0,30.0,1553.25,2013
2013-04-23,ok,-47.5,12.5,2.0,240.0,1564.75,2013
2013-04-24,ok,0.0,0.0,0.0,0.0,1574.0,2013
2013-04-25,ok,-10.0,50.0,2.0,150.0,1578.75,2013
2013-04-26,ok,0.0,0.0,0.0,0.0,1578.75,2013
2013-04-29,ok,-152.5,-62.5,3.0,150.0,1582.25,2013
2013-04-30,ok,-180.0,-150.0,1.0,60.0,1588.0,2013
2013-05-01,ok,-465.0,-375.0,3.0,89.0,1588.75,2013
2013-05-02,ok,220.0,250.0,1.0,329.0,1582.0,2013
2013-05-03,ok,70.0,100.0,1.0,90.0,1606.5,2013
2013-05-06,ok,0.0,0.0,0.0,0.0,1610.0,2013
2013-05-07,ok,-230.0,-200.0,1.0,30.0,1616.5,2013
2013-05-08,ok,-115.0,-25.0,3.0,149.0,1619.5,2013
2013-05-09,ok,-167.5,-137.5,1.0,30.0,1628.0,2013
2013-05-10,ok,-105.0,-75.0,1.0,30.0,1625.25,2013
2013-05-13,ok,-205.0,-175.0,1.0,30.0,1627.25,2013
2013-05-14,ok,482.5,512.5,1.0,359.0,1631.75,2013
2013-05-15,ok,-142.5,-112.5,1.0,120.0,1645.0,2013
2013-05-16,ok,0.0,0.0,0.0,0.0,1653.0,2013
2013-05-17,ok,70.0,100.0,1.0,59.0,1654.75,2013
2013-05-20,ok,-67.5,-37.5,1.0,30.0,1662.75,2013
2013-05-21,ok,-330.0,-300.0,1.0,30.0,1665.75,2013
2013-05-22,ok,-265.0,-175.0,3.0,269.0,1668.5,2013
2013-05-23,ok,0.0,0.0,0.0,0.0,1636.5,2013
2013-05-24,ok,0.0,0.0,0.0,0.0,1639.5,2013
2013-05-28,ok,-130.0,-100.0,1.0,60.0,1665.5,2013
2013-05-29,ok,-560.0,-500.0,2.0,90.0,1649.0,2013
2013-05-30,ok,-205.0,-175.0,1.0,359.0,1648.0,2013
2013-05-31,ok,-55.0,-25.0,1.0,30.0,1648.25,2013
2013-06-03,ok,-192.5,-162.5,1.0,30.0,1633.0,2013
2013-06-04,ok,-297.5,-237.5,2.0,209.0,1638.75,2013
2013-06-05,ok,545.0,575.0,1.0,299.0,1625.25,2013
2013-06-06,ok,-257.5,-137.5,4.0,149.0,1606.25,2013
2013-06-07,ok,-130.0,-100.0,1.0,60.0,1633.0,2013
2013-06-10,ok,0.0,0.0,0.0,0.0,1647.25,2013
2013-06-11,ok,0.0,0.0,0.0,0.0,1627.0,2013
2013-06-12,ok,10.0,100.0,3.0,179.0,1636.5,2013
2013-06-13,ok,370.0,400.0,1.0,89.0,1604.75,2013
2013-06-14,ok,-410.0,-350.0,2.0,90.0,1629.0,2013
2013-06-17,ok,-17.5,12.5,1.0,120.0,1631.5,2013
2013-06-18,ok,320.0,350.0,1.0,329.0,1634.0,2013
2013-06-19,ok,220.0,250.0,1.0,59.0,1644.5,2013
2013-06-20,ok,820.0,850.0,1.0,329.0,1606.75,2013
2013-06-21,ok,-580.0,-550.0,1.0,90.0,1592.25,2013
2013-06-24,ok,-292.5,-262.5,1.0,210.0,1570.25,2013
2013-06-25,ok,0.0,0.0,0.0,0.0,1580.75,2013
2013-06-26,ok,0.0,0.0,0.0,0.0,1595.0,2013
2013-06-27,ok,0.0,0.0,0.0,0.0,1607.25,2013
2013-06-28,ok,-230.0,-200.0,1.0,30.0,1601.75,2013
2013-07-01,ok,-117.5,-87.5,1.0,240.0,1608.25,2013
2013-07-02,ok,-110.0,-50.0,2.0,120.0,1606.5,2013
2013-07-03,ok,0.0,0.0,0.0,0.0,1600.0,2013
2013-07-05,ok,0.0,0.0,0.0,0.0,1619.75,2013
2013-07-08,ok,0.0,0.0,0.0,0.0,1634.0,2013
2013-07-09,ok,0.0,0.0,0.0,0.0,1645.0,2013
2013-07-10,ok,0.0,0.0,0.0,0.0,1645.25,2013
2013-07-11,ok,0.0,0.0,0.0,0.0,1666.75,2013
2013-07-12,ok,0.0,0.0,0.0,0.0,1669.75,2013
2013-07-15,"unknown:нет open, вчерашнего close или close сессии",,,,,,2013
2013-07-16,ok,70.0,100.0,1.0,299.0,1678.5,2013
2013-07-17,ok,0.0,0.0,0.0,0.0,1677.5,2013
2013-07-18,ok,-130.0,-100.0,1.0,329.0,1678.75,2013
2013-07-19,ok,0.0,0.0,0.0,0.0,1680.75,2013
2013-07-22,ok,0.0,0.0,0.0,0.0,1689.5,2013
2013-07-23,ok,0.0,0.0,0.0,0.0,1693.5,2013
2013-07-24,ok,-172.5,-112.5,2.0,269.0,1693.75,2013
2013-07-25,ok,0.0,0.0,0.0,0.0,1677.75,2013
2013-07-26,ok,-242.5,-212.5,1.0,60.0,1678.0,2013
2013-07-29,ok,-117.5,-87.5,1.0,60.0,1682.25,2013
2013-07-30,ok,0.0,0.0,0.0,0.0,1686.5,2013
2013-07-31,ok,-735.0,-675.0,2.0,119.0,1685.25,2013
2013-08-01,ok,-165.0,-75.0,3.0,179.0,1695.5,2013
2013-08-02,ok,0.0,0.0,0.0,0.0,1698.0,2013
2013-08-05,ok,0.0,0.0,0.0,0.0,1701.0,2013
2013-08-06,ok,32.5,62.5,1.0,329.0,1698.75,2013
2013-08-07,ok,-85.0,-25.0,2.0,120.0,1687.25,2013
2013-08-08,ok,0.0,0.0,0.0,0.0,1695.25,2013
2013-08-09,ok,-230.0,-200.0,1.0,60.0,1691.0,2013
2013-08-12,ok,0.0,0.0,0.0,0.0,1679.75,2013
2013-08-13,ok,-285.0,-225.0,2.0,90.0,1689.25,2013
2013-08-14,ok,2.5,62.5,2.0,269.0,1690.5,2013
2013-08-15,ok,120.0,150.0,1.0,359.0,1669.0,2013
2013-08-16,ok,-297.5,-237.5,2.0,60.0,1655.75,2013
2013-08-19,ok,145.0,175.0,1.0,29.0,1651.25,2013
2013-08-20,ok,-30.0,0.0,1.0,299.0,1645.25,2013
2013-08-21,ok,0.0,0.0,0.0,0.0,1645.75,2013
2013-08-22,ok,270.0,300.0,1.0,359.0,1643.75,2013
2013-08-23,ok,0.0,0.0,0.0,0.0,1660.0,2013
2013-08-26,ok,-67.5,-37.5,1.0,30.0,1662.25,2013
2013-08-27,ok,207.5,237.5,1.0,149.0,1638.0,2013
2013-08-28,ok,-55.0,-25.0,1.0,299.0,1627.0,2013
2013-08-29,ok,-305.0,-275.0,1.0,270.0,1629.5,2013
2013-08-30,ok,-285.0,-225.0,2.0,120.0,1639.25,2013
2013-09-03,ok,0.0,0.0,0.0,0.0,1646.5,2013
2013-09-04,ok,420.0,450.0,1.0,359.0,1638.25,2013
2013-09-05,ok,-55.0,-25.0,1.0,30.0,1652.75,2013
2013-09-06,ok,-167.5,-137.5,1.0,30.0,1659.25,2013
2013-09-09,ok,-22.5,37.5,2.0,239.0,1658.5,2013
2013-09-10,ok,0.0,0.0,0.0,0.0,1680.5,2013
2013-09-11,ok,0.0,0.0,0.0,0.0,1680.75,2013
2013-09-12,ok,0.0,0.0,0.0,0.0,1681.25,2013
2013-09-13,ok,0.0,0.0,0.0,0.0,1679.25,2013
2013-09-16,ok,0.0,0.0,0.0,0.0,1699.5,2013
2013-09-17,ok,-122.5,-62.5,2.0,60.0,1692.25,2013
2013-09-18,ok,220.0,250.0,1.0,89.0,1697.75,2013
2013-09-19,ok,0.0,0.0,0.0,0.0,1723.0,2013
2013-09-20,ok,245.0,275.0,1.0,239.0,1719.0,2013
2013-09-23,ok,-147.5,-87.5,2.0,210.0,1700.5,2013
2013-09-24,ok,0.0,0.0,0.0,0.0,1694.75,2013
2013-09-25,ok,0.0,0.0,0.0,0.0,1692.25,2013
2013-09-26,ok,-280.0,-250.0,1.0,60.0,1689.0,2013
2013-09-27,ok,0.0,0.0,0.0,0.0,1683.75,2013
2013-09-30,ok,0.0,0.0,0.0,0.0,1670.0,2013
2013-10-01,ok,220.0,250.0,1.0,329.0,1676.5,2013
2013-10-02,ok,0.0,0.0,0.0,0.0,1678.5,2013
2013-10-03,ok,307.5,337.5,1.0,359.0,1683.0,2013
2013-10-04,ok,165.0,225.0,2.0,329.0,1672.5,2013
2013-10-07,ok,0.0,0.0,0.0,0.0,1669.0,2013
2013-10-08,ok,620.0,650.0,1.0,299.0,1669.0,2013
2013-10-09,ok,-242.5,-212.5,1.0,30.0,1652.75,2013
2013-10-10,ok,645.0,675.0,1.0,359.0,1667.5,2013
2013-10-11,ok,90.0,150.0,2.0,269.0,1684.25,2013
2013-10-14,ok,7.5,37.5,1.0,29.0,1687.0,2013
2013-10-15,ok,0.0,0.0,0.0,0.0,1700.0,2013
2013-10-16,ok,182.5,212.5,1.0,359.0,1702.25,2013
2013-10-17,ok,-72.5,-12.5,2.0,59.0,1709.0,2013
2013-10-18,ok,0.0,0.0,0.0,0.0,1733.5,2013
2013-10-21,ok,0.0,0.0,0.0,0.0,1739.25,2013
2013-10-22,ok,-205.0,-175.0,1.0,60.0,1744.0,2013
2013-10-23,ok,-105.0,-75.0,1.0,90.0,1743.25,2013
2013-10-24,ok,0.0,0.0,0.0,0.0,1744.25,2013
2013-10-25,ok,0.0,0.0,0.0,0.0,1750.25,2013
2013-10-28,ok,0.0,0.0,0.0,0.0,1754.0,2013
2013-10-29,ok,0.0,0.0,0.0,0.0,1761.5,2013
2013-10-30,ok,95.0,125.0,1.0,119.0,1769.25,2013
2013-10-31,ok,0.0,0.0,0.0,0.0,1756.75,2013
2013-11-01,ok,-130.0,-100.0,1.0,30.0,1755.5,2013
2013-11-04,ok,0.0,0.0,0.0,0.0,1762.0,2013
2013-11-05,ok,-80.0,-50.0,1.0,30.0,1756.25,2013
2013-11-06,ok,-205.0,-175.0,1.0,30.0,1765.5,2013
2013-11-07,ok,832.5,862.5,1.0,329.0,1770.0,2013
2013-11-08,ok,620.0,650.0,1.0,329.0,1743.25,2013
2013-11-11,ok,0.0,0.0,0.0,0.0,1766.25,2013
2013-11-12,ok,0.0,0.0,0.0,0.0,1764.25,2013
2013-11-13,ok,307.5,337.5,1.0,149.0,1755.5,2013
2013-11-14,ok,-177.5,-87.5,3.0,89.0,1780.25,2013
2013-11-15,ok,0.0,0.0,0.0,0.0,1790.25,2013
2013-11-18,ok,-142.5,-112.5,1.0,29.0,1798.0,2013
2013-11-19,ok,0.0,0.0,0.0,0.0,1788.25,2013
2013-11-20,ok,-92.5,-62.5,1.0,29.0,1789.0,2013
2013-11-21,ok,-77.5,12.5,3.0,299.0,1784.75,2013
2013-11-22,ok,-60.0,0.0,2.0,60.0,1794.75,2013
2013-11-25,ok,0.0,0.0,0.0,0.0,1806.25,2013
2013-11-26,ok,0.0,0.0,0.0,0.0,1802.25,2013
2013-11-27,ok,-67.5,-37.5,1.0,30.0,1803.75,2013
2013-11-29,ok,7.5,37.5,1.0,60.0,1808.25,2013
2013-12-02,ok,0.0,0.0,0.0,0.0,1805.5,2013
2013-12-03,ok,-205.0,-175.0,1.0,90.0,1794.0,2013
2013-12-04,ok,-322.5,-262.5,2.0,90.0,1785.25,2013
2013-12-05,ok,-210.0,-150.0,2.0,90.0,1788.75,2013
2013-12-06,ok,-97.5,-37.5,2.0,60.0,1801.25,2013
2013-12-09,ok,0.0,0.0,0.0,0.0,1809.75,2013
2013-12-10,ok,0.0,0.0,0.0,0.0,1804.5,2013
2013-12-11,ok,770.0,800.0,1.0,359.0,1802.75,2013
2013-12-12,ok,-35.0,25.0,2.0,180.0,1774.75,2013
2013-12-13,ok,0.0,0.0,0.0,0.0,1773.25,2013
2013-12-16,ok,-335.0,-275.0,2.0,240.0,1777.5,2013
2013-12-17,ok,-397.5,-337.5,2.0,240.0,1781.5,2013
2013-12-18,ok,765.0,825.0,2.0,119.0,1777.25,2013
2013-12-19,ok,0.0,0.0,0.0,0.0,1799.75,2013
2013-12-20,ok,82.5,112.5,1.0,359.0,1804.5,2013
2013-12-23,ok,0.0,0.0,0.0,0.0,1822.0,2013
2013-12-24,ok,0.0,0.0,0.0,0.0,1823.5,2013
2013-12-26,ok,-122.5,-62.5,2.0,89.0,1831.0,2013
2013-12-27,"unknown:нет open, вчерашнего close или close сессии",,,,,,2013
2013-12-30,"unknown:нет open, вчерашнего close или close сессии",,,,,,2013
2013-12-31,ok,0.0,0.0,0.0,0.0,1838.0,2013
2014-01-02,ok,295.0,325.0,1.0,359.0,1837.25,2014
2014-01-03,ok,0.0,0.0,0.0,0.0,1828.75,2014
2014-01-06,ok,-297.5,-237.5,2.0,120.0,1831.25,2014
2014-01-07,ok,-55.0,-25.0,1.0,90.0,1827.75,2014
2014-01-08,ok,0.0,0.0,0.0,0.0,1831.25,2014
2014-01-09,ok,-55.0,-25.0,1.0,60.0,1837.75,2014
2014-01-10,ok,-17.5,12.5,1.0,30.0,1836.0,2014
2014-01-13,ok,607.5,637.5,1.0,179.0,1833.5,2014
2014-01-14,ok,382.5,412.5,1.0,299.0,1819.25,2014
2014-01-15,ok,-340.0,-250.0,3.0,150.0,1837.25,2014
2014-01-16,ok,0.0,0.0,0.0,0.0,1839.0,2014
2014-01-17,ok,0.0,0.0,0.0,0.0,1837.25,2014
2014-01-21,ok,0.0,0.0,0.0,0.0,1843.0,2014
2014-01-22,ok,0.0,0.0,0.0,0.0,1841.25,2014
2014-01-23,ok,-5.0,25.0,1.0,359.0,1829.75,2014
2014-01-24,ok,1207.5,1237.5,1.0,359.0,1811.75,2014
2014-01-27,"unknown:нет open, вчерашнего close или close сессии",,,,,,2014
2014-01-28,"unknown:нет open, вчерашнего close или close сессии",,,,,,2014
2014-01-29,"unknown:нет open, вчерашнего close или close сессии",,,,,,2014
2014-01-30,"unknown:нет open, вчерашнего close или close сессии",,,,,,2014
2014-01-31,"unknown:нет open, вчерашнего close или close сессии",,,,,,2014
2014-02-03,"unknown:нет open, вчерашнего close или close сессии",,,,,,2014
2014-02-04,"unknown:нет цены на отметке, нормы или цены исполнения",,,,,,2014
2014-02-05,"unknown:нет цены на отметке, нормы или цены исполнения",,,,,,2014
2014-02-06,"unknown:нет цены на отметке, нормы или цены исполнения",,,,,,2014
2014-02-07,"unknown:нет цены на отметке, нормы или цены исполнения",,,,,,2014
2014-02-10,"unknown:нет цены на отметке, нормы или цены исполнения",,,,,,2014
2014-02-11,"unknown:нет цены на отметке, нормы или цены исполнения",,,,,,2014
2014-02-12,"unknown:нет цены на отметке, нормы или цены исполнения",,,,,,2014
2014-02-13,"unknown:нет цены на отметке, нормы или цены исполнения",,,,,,2014
2014-02-14,"unknown:нет цены на отметке, нормы или цены исполнения",,,,,,2014
2014-02-18,ok,0.0,0.0,0.0,0.0,1837.0,2014
2014-02-19,ok,-130.0,-100.0,1.0,30.0,1832.25,2014
2014-02-20,ok,-42.5,-12.5,1.0,60.0,1827.25,2014
2014-02-21,ok,0.0,0.0,0.0,0.0,1839.75,2014
2014-02-24,ok,-55.0,-25.0,1.0,330.0,1837.75,2014
2014-02-25,ok,-130.0,-100.0,1.0,30.0,1845.5,2014
2014-02-26,ok,0.0,0.0,0.0,0.0,1846.25,2014
2014-02-27,ok,-192.5,-162.5,1.0,30.0,1840.75,2014
2014-02-28,ok,-205.0,-175.0,1.0,300.0,1852.75,2014
2014-03-03,ok,-155.0,-125.0,1.0,30.0,1841.75,2014
2014-03-04,ok,-127.5,-37.5,3.0,209.0,1862.5,2014
2014-03-05,ok,0.0,0.0,0.0,0.0,1872.25,2014
2014-03-06,ok,0.0,0.0,0.0,0.0,1876.75,2014
2014-03-07,ok,0.0,0.0,0.0,0.0,1883.75,2014
2014-03-10,ok,-292.5,-262.5,1.0,30.0,1874.5,2014
2014-03-11,ok,-47.5,12.5,2.0,179.0,1879.25,2014
2014-03-12,ok,0.0,0.0,0.0,0.0,1858.25,2014
2014-03-13,ok,832.5,862.5,1.0,299.0,1866.5,2014
2014-03-14,ok,0.0,0.0,0.0,0.0,1836.25,2014
2014-03-17,ok,-185.0,-125.0,2.0,299.0,1843.75,2014
2014-03-18,ok,232.5,262.5,1.0,359.0,1854.75,2014
2014-03-19,ok,-205.0,-175.0,1.0,29.0,1865.0,2014
2014-03-20,ok,-167.5,-137.5,1.0,180.0,1849.75,2014
2014-03-21,ok,0.0,0.0,0.0,0.0,1872.25,2014
2014-03-24,ok,-5.0,25.0,1.0,240.0,1863.75,2014
2014-03-25,ok,0.0,0.0,0.0,0.0,1859.0,2014
2014-03-26,ok,220.0,250.0,1.0,29.0,1865.75,2014
2014-03-27,ok,-392.5,-362.5,1.0,30.0,1842.75,2014
2014-03-28,ok,-142.5,-112.5,1.0,210.0,1846.0,2014
2014-03-31,ok,-55.0,-25.0,1.0,30.0,1861.25,2014
2014-04-01,ok,7.5,37.5,1.0,30.0,1871.25,2014
2014-04-02,ok,0.0,0.0,0.0,0.0,1879.75,2014
2014-04-03,ok,0.0,0.0,0.0,0.0,1886.5,2014
2014-04-04,ok,782.5,812.5,1.0,239.0,1891.5,2014
2014-04-07,ok,95.0,125.0,1.0,270.0,1853.75,2014
2014-04-08,ok,-927.5,-837.5,3.0,180.0,1837.0,2014
2014-04-09,ok,132.5,162.5,1.0,89.0,1850.75,2014
2014-04-10,ok,1365.0,1425.0,2.0,329.0,1865.75,2014
2014-04-11,ok,0.0,0.0,0.0,0.0,1816.5,2014
2014-04-14,ok,0.0,0.0,0.0,0.0,1823.75,2014
2014-04-15,ok,-622.5,-562.5,2.0,120.0,1827.5,2014
2014-04-16,ok,0.0,0.0,0.0,0.0,1849.25,2014
2014-04-17,ok,0.0,0.0,0.0,0.0,1853.25,2014
2014-04-21,ok,0.0,0.0,0.0,0.0,1859.0,2014
2014-04-22,ok,145.0,175.0,1.0,330.0,1866.75,2014
2014-04-23,ok,0.0,0.0,0.0,0.0,1872.75,2014
2014-04-24,ok,0.0,0.0,0.0,0.0,1878.25,2014
2014-04-25,ok,-135.0,-75.0,2.0,150.0,1867.0,2014
2014-04-28,ok,-522.5,-462.5,2.0,90.0,1865.25,2014
2014-04-29,ok,0.0,0.0,0.0,0.0,1869.5,2014
2014-04-30,ok,0.0,0.0,0.0,0.0,1869.5,2014
2014-05-01,ok,0.0,0.0,0.0,0.0,1876.75,2014
2014-05-02,ok,-367.5,-337.5,1.0,30.0,1877.0,2014
2014-05-05,ok,0.0,0.0,0.0,0.0,1865.75,2014
2014-05-06,ok,245.0,275.0,1.0,149.0,1874.5,2014
2014-05-07,ok,0.0,0.0,0.0,0.0,1868.5,2014
2014-05-08,ok,-92.5,-62.5,1.0,210.0,1871.25,2014
2014-05-09,ok,-335.0,-275.0,2.0,90.0,1871.25,2014
2014-05-12,ok,182.5,212.5,1.0,359.0,1882.0,2014
2014-05-13,ok,0.0,0.0,0.0,0.0,1894.25,2014
2014-05-14,ok,45.0,75.0,1.0,59.0,1892.5,2014
2014-05-15,ok,270.0,300.0,1.0,359.0,1881.0,2014
2014-05-16,ok,-242.5,-212.5,1.0,30.0,1869.0,2014
2014-05-19,ok,-85.0,-25.0,2.0,209.0,1870.75,2014
2014-05-20,ok,65.0,125.0,2.0,239.0,1880.5,2014
2014-05-21,ok,52.5,112.5,2.0,269.0,1875.0,2014
2014-05-22,ok,-135.0,-75.0,2.0,180.0,1885.75,2014
2014-05-23,ok,-42.5,-12.5,1.0,29.0,1891.5,2014
2014-05-27,ok,0.0,0.0,0.0,0.0,1904.75,2014
2014-05-28,ok,0.0,0.0,0.0,0.0,1909.25,2014
2014-05-29,ok,0.0,0.0,0.0,0.0,1912.25,2014
2014-05-30,ok,0.0,0.0,0.0,0.0,1916.0,2014
2014-06-02,ok,0.0,0.0,0.0,0.0,1923.5,2014
2014-06-03,ok,0.0,0.0,0.0,0.0,1918.0,2014
2014-06-04,ok,-122.5,-62.5,2.0,60.0,1918.5,2014
2014-06-05,ok,95.0,125.0,1.0,239.0,1928.25,2014
2014-06-06,ok,-90.0,0.0,3.0,180.0,1942.5,2014
2014-06-09,ok,-92.5,-62.5,1.0,60.0,1947.5,2014
2014-06-10,ok,0.0,0.0,0.0,0.0,1947.5,2014
2014-06-11,ok,0.0,0.0,0.0,0.0,1943.0,2014
2014-06-12,ok,85.0,175.0,3.0,299.0,1933.5,2014
2014-06-13,ok,-92.5,-62.5,1.0,30.0,1925.5,2014
2014-06-16,ok,-330.0,-300.0,1.0,60.0,1925.5,2014
2014-06-17,ok,-420.0,-300.0,4.0,209.0,1926.5,2014
2014-06-18,ok,277.5,337.5,2.0,119.0,1934.5,2014
2014-06-19,ok,0.0,0.0,0.0,0.0,1950.5,2014
2014-06-20,ok,0.0,0.0,0.0,0.0,1955.5,2014
2014-06-23,ok,-130.0,-100.0,1.0,60.0,1954.5,2014
2014-06-24,ok,-160.0,-100.0,2.0,179.0,1950.25,2014
2014-06-25,ok,27.5,87.5,2.0,329.0,1937.75,2014
2014-06-26,ok,-430.0,-400.0,1.0,210.0,1951.5,2014
2014-06-27,ok,0.0,0.0,0.0,0.0,1945.0,2014
2014-06-30,ok,0.0,0.0,0.0,0.0,1952.0,2014
2014-07-01,ok,257.5,287.5,1.0,359.0,1957.0,2014
2014-07-02,ok,0.0,0.0,0.0,0.0,1965.75,2014
2014-07-03,ok,-30.0,0.0,1.0,29.0,1972.75,2014
2014-07-07,ok,-135.0,-75.0,2.0,60.0,1973.5,2014
2014-07-08,ok,195.0,225.0,1.0,359.0,1966.75,2014
2014-07-09,ok,0.0,0.0,0.0,0.0,1962.5,2014
2014-07-10,ok,0.0,0.0,0.0,0.0,1947.5,2014
2014-07-11,ok,0.0,0.0,0.0,0.0,1957.5,2014
2014-07-14,ok,0.0,0.0,0.0,0.0,1971.5,2014
2014-07-15,ok,-472.5,-412.5,2.0,120.0,1972.25,2014
2014-07-16,ok,0.0,0.0,0.0,0.0,1976.5,2014
2014-07-17,ok,445.0,475.0,1.0,89.0,1968.5,2014
2014-07-18,ok,370.0,400.0,1.0,299.0,1958.25,2014
2014-07-21,ok,-217.5,-187.5,1.0,30.0,1966.0,2014
2014-07-22,ok,-5.0,25.0,1.0,30.0,1975.0,2014
2014-07-23,ok,0.0,0.0,0.0,0.0,1979.75,2014
2014-07-24,ok,0.0,0.0,0.0,0.0,1983.5,2014
2014-07-25,ok,-247.5,-187.5,2.0,60.0,1975.75,2014
2014-07-28,ok,-310.0,-250.0,2.0,120.0,1972.5,2014
2014-07-29,ok,0.0,0.0,0.0,0.0,1976.75,2014
2014-07-30,ok,-285.0,-225.0,2.0,60.0,1971.25,2014
2014-07-31,ok,1107.5,1137.5,1.0,359.0,1951.0,2014
2014-08-01,ok,-635.0,-575.0,2.0,120.0,1920.25,2014
2014-08-04,ok,257.5,287.5,1.0,89.0,1923.25,2014
2014-08-05,ok,-92.5,-62.5,1.0,119.0,1925.5,2014
2014-08-06,ok,-365.0,-275.0,3.0,120.0,1905.5,2014
2014-08-07,ok,-22.5,37.5,2.0,149.0,1923.75,2014
2014-08-08,ok,207.5,237.5,1.0,149.0,1909.0,2014
2014-08-11,ok,-92.5,-62.5,1.0,30.0,1934.0,2014
2014-08-12,ok,0.0,0.0,0.0,0.0,1930.5,2014
2014-08-13,ok,-135.0,-75.0,2.0,60.0,1937.25,2014
2014-08-14,ok,0.0,0.0,0.0,0.0,1946.25,2014
2014-08-15,ok,-527.5,-437.5,3.0,120.0,1959.0,2014
2014-08-18,ok,-17.5,12.5,1.0,30.0,1962.25,2014
2014-08-19,ok,0.0,0.0,0.0,0.0,1972.5,2014
2014-08-20,ok,0.0,0.0,0.0,0.0,1975.75,2014
2014-08-21,ok,0.0,0.0,0.0,0.0,1985.0,2014
2014-08-22,ok,0.0,0.0,0.0,0.0,1987.75,2014
2014-08-25,ok,0.0,0.0,0.0,0.0,1995.5,2014
2014-08-26,ok,0.0,0.0,0.0,0.0,1997.75,2014
2014-08-27,ok,-142.5,-112.5,1.0,30.0,1998.75,2014
2014-08-28,ok,0.0,0.0,0.0,0.0,1990.0,2014
2014-08-29,ok,-217.5,-187.5,1.0,30.0,1998.75,2014
2014-09-02,ok,-335.0,-275.0,2.0,150.0,2003.75,2014
2014-09-03,ok,0.0,0.0,0.0,0.0,2008.0,2014
2014-09-04,ok,-260.0,-200.0,2.0,119.0,2002.75,2014
2014-09-05,ok,190.0,250.0,2.0,209.0,1995.75,2014
2014-09-08,ok,-217.5,-187.5,1.0,120.0,2003.5,2014
2014-09-09,ok,-315.0,-225.0,3.0,299.0,1998.25,2014
2014-09-10,ok,-457.5,-337.5,4.0,179.0,1988.5,2014
2014-09-11,ok,0.0,0.0,0.0,0.0,1979.0,2014
2014-09-12,ok,15.0,75.0,2.0,329.0,1987.25,2014
2014-09-15,ok,-690.0,-600.0,3.0,150.0,1977.5,2014
2014-09-16,ok,315.0,375.0,2.0,299.0,1972.25,2014
2014-09-17,ok,0.0,0.0,0.0,0.0,1994.0,2014
2014-09-18,ok,0.0,0.0,0.0,0.0,1999.75,2014
2014-09-19,ok,0.0,0.0,0.0,0.0,2010.75,2014
2014-09-22,ok,395.0,425.0,1.0,359.0,1998.75,2014
2014-09-23,ok,0.0,0.0,0.0,0.0,1979.75,2014
2014-09-24,ok,332.5,362.5,1.0,269.0,1975.75,2014
2014-09-25,ok,857.5,887.5,1.0,359.0,1986.0,2014
2014-09-26,ok,-55.0,-25.0,1.0,89.0,1962.25,2014
2014-09-29,ok,0.0,0.0,0.0,0.0,1957.0,2014
2014-09-30,ok,0.0,0.0,0.0,0.0,1971.75,2014
2014-10-01,ok,682.5,712.5,1.0,359.0,1962.0,2014
2014-10-02,ok,-205.0,-175.0,1.0,120.0,1936.5,2014
2014-10-03,ok,-122.5,-62.5,2.0,150.0,1951.75,2014
2014-10-06,ok,0.0,0.0,0.0,0.0,1968.5,2014
2014-10-07,ok,307.5,337.5,1.0,29.0,1947.5,2014
2014-10-08,ok,65.0,125.0,2.0,119.0,1928.25,2014
2014-10-09,ok,1507.5,1537.5,1.0,359.0,1958.0,2014
2014-10-10,ok,-1240.0,-1150.0,3.0,90.0,1921.5,2014
2014-10-13,ok,-367.5,-337.5,1.0,90.0,1899.0,2014
2014-10-14,ok,-230.0,-200.0,1.0,30.0,1878.5,2014
2014-10-15,ok,-267.5,-237.5,1.0,150.0,1845.75,2014
2014-10-16,ok,0.0,0.0,0.0,0.0,1824.5,2014
2014-10-17,ok,-285.0,-225.0,2.0,90.0,1878.25,2014
2014-10-20,ok,140.0,200.0,2.0,119.0,1875.25,2014
2014-10-21,ok,707.5,737.5,1.0,299.0,1910.75,2014
2014-10-22,ok,0.0,0.0,0.0,0.0,1938.25,2014
2014-10-23,ok,-485.0,-425.0,2.0,60.0,1940.5,2014
2014-10-24,ok,0.0,0.0,0.0,0.0,1946.5,2014
2014-10-27,ok,0.0,0.0,0.0,0.0,1951.75,2014
2014-10-28,ok,0.0,0.0,0.0,0.0,1962.5,2014
2014-10-29,ok,-292.5,-262.5,1.0,30.0,1979.75,2014
2014-10-30,ok,-367.5,-337.5,1.0,90.0,1970.0,2014
2014-10-31,ok,0.0,0.0,0.0,0.0,2012.5,2014
2014-11-03,ok,0.0,0.0,0.0,0.0,2013.75,2014
2014-11-04,ok,-422.5,-362.5,2.0,60.0,2007.0,2014
2014-11-05,ok,0.0,0.0,0.0,0.0,2019.75,2014
2014-11-06,ok,0.0,0.0,0.0,0.0,2018.5,2014
2014-11-07,ok,0.0,0.0,0.0,0.0,2026.5,2014
2014-11-10,ok,-42.5,-12.5,1.0,60.0,2028.25,2014
2014-11-11,ok,0.0,0.0,0.0,0.0,2035.25,2014
2014-11-12,ok,0.0,0.0,0.0,0.0,2028.0,2014
2014-11-13,ok,-205.0,-175.0,1.0,90.0,2036.5,2014
2014-11-14,ok,0.0,0.0,0.0,0.0,2036.0,2014
2014-11-17,ok,0.0,0.0,0.0,0.0,2033.25,2014
2014-11-18,ok,170.0,200.0,1.0,359.0,2039.25,2014
2014-11-19,ok,-80.0,-50.0,1.0,150.0,2048.0,2014
2014-11-20,ok,-92.5,-62.5,1.0,30.0,2037.25,2014
2014-11-21,ok,0.0,0.0,0.0,0.0,2071.5,2014
2014-11-24,ok,0.0,0.0,0.0,0.0,2066.5,2014
2014-11-25,ok,0.0,0.0,0.0,0.0,2070.25,2014
2014-11-26,ok,0.0,0.0,0.0,0.0,2067.75,2014
2014-11-28,ok,0.0,0.0,0.0,0.0,2069.25,2014
2014-12-01,ok,-740.0,-650.0,3.0,180.0,2058.5,2014
2014-12-02,ok,345.0,375.0,1.0,359.0,2052.75,2014
2014-12-03,ok,-92.5,-62.5,1.0,29.0,2067.25,2014
2014-12-04,ok,-255.0,-225.0,1.0,60.0,2069.75,2014
2014-12-05,ok,-30.0,0.0,1.0,30.0,2073.0,2014
2014-12-08,ok,45.0,75.0,1.0,149.0,2069.75,2014
2014-12-09,ok,0.0,0.0,0.0,0.0,2038.0,2014
2014-12-10,ok,1070.0,1100.0,1.0,359.0,2053.5,2014
2014-12-11,ok,-985.0,-925.0,2.0,329.0,2026.25,2014
2014-12-12,ok,-380.0,-350.0,1.0,60.0,2013.5,2014
2014-12-15,ok,-715.0,-625.0,3.0,209.0,2006.75,2014
2014-12-16,ok,-435.0,-375.0,2.0,210.0,1972.75,2014
2014-12-17,ok,727.5,787.5,2.0,299.0,1971.5,2014
2014-12-18,ok,0.0,0.0,0.0,0.0,2035.0,2014
2014-12-19,ok,-5.0,25.0,1.0,30.0,2063.0,2014
2014-12-22,ok,0.0,0.0,0.0,0.0,2070.0,2014
2014-12-23,ok,0.0,0.0,0.0,0.0,2082.0,2014
2014-12-24,ok,0.0,0.0,0.0,0.0,2080.25,2014
2014-12-26,ok,0.0,0.0,0.0,0.0,2083.25,2014
2014-12-29,ok,0.0,0.0,0.0,0.0,2082.0,2014
2014-12-30,ok,0.0,0.0,0.0,0.0,2079.75,2014
2014-12-31,ok,532.5,562.5,1.0,89.0,2078.25,2014
2015-01-02,ok,-292.5,-262.5,1.0,60.0,2061.25,2015
2015-01-05,ok,657.5,687.5,1.0,359.0,2038.25,2015
2015-01-06,ok,-1010.0,-950.0,2.0,270.0,2017.5,2015
2015-01-07,ok,-347.5,-287.5,2.0,60.0,2010.25,2015
2015-01-08,ok,545.0,575.0,1.0,359.0,2036.25,2015
2015-01-09,ok,420.0,450.0,1.0,359.0,2060.75,2015
2015-01-12,ok,-155.0,-125.0,1.0,359.0,2040.0,2015
2015-01-13,ok,-635.0,-575.0,2.0,179.0,2037.75,2015
2015-01-14,ok,0.0,0.0,0.0,0.0,1992.25,2015
2015-01-15,ok,-435.0,-375.0,2.0,210.0,2012.25,2015
2015-01-16,ok,185.0,275.0,3.0,209.0,1983.5,2015
2015-01-20,ok,-155.0,-125.0,1.0,30.0,2020.25,2015
2015-01-21,ok,-472.5,-412.5,2.0,60.0,2010.75,2015
2015-01-22,ok,57.5,87.5,1.0,59.0,2036.25,2015
2015-01-23,ok,0.0,0.0,0.0,0.0,2054.0,2015
2015-01-26,ok,0.0,0.0,0.0,0.0,2043.25,2015
2015-01-27,ok,0.0,0.0,0.0,0.0,2025.5,2015
2015-01-28,ok,545.0,575.0,1.0,29.0,2037.25,2015
2015-01-29,ok,0.0,0.0,0.0,0.0,1999.0,2015
2015-01-30,ok,0.0,0.0,0.0,0.0,2001.0,2015
2015-02-02,ok,-330.0,-300.0,1.0,30.0,1995.75,2015
2015-02-03,ok,-340.0,-250.0,3.0,179.0,2025.25,2015
2015-02-04,ok,0.0,0.0,0.0,0.0,2034.5,2015
2015-02-05,ok,-95.0,25.0,4.0,119.0,2044.0,2015
2015-02-06,ok,-267.5,-237.5,1.0,29.0,2061.0,2015
2015-02-09,ok,0.0,0.0,0.0,0.0,2042.75,2015
2015-02-10,ok,-80.0,-50.0,1.0,59.0,2054.0,2015
2015-02-11,ok,-205.0,-175.0,1.0,30.0,2061.25,2015
2015-02-12,ok,195.0,225.0,1.0,209.0,2073.75,2015
2015-02-13,ok,0.0,0.0,0.0,0.0,2086.0,2015
2015-02-17,ok,0.0,0.0,0.0,0.0,2089.25,2015
2015-02-18,ok,0.0,0.0,0.0,0.0,2091.75,2015
2015-02-19,ok,0.0,0.0,0.0,0.0,2089.5,2015
2015-02-20,ok,77.5,137.5,2.0,149.0,2089.75,2015
2015-02-23,ok,0.0,0.0,0.0,0.0,2104.5,2015
2015-02-24,ok,-47.5,12.5,2.0,120.0,2106.25,2015
2015-02-25,ok,0.0,0.0,0.0,0.0,2111.75,2015
2015-02-26,ok,-197.5,-137.5,2.0,60.0,2110.25,2015
2015-02-27,ok,0.0,0.0,0.0,0.0,2107.75,2015
2015-03-02,ok,357.5,387.5,1.0,359.0,2102.75,2015
2015-03-03,ok,-192.5,-162.5,1.0,270.0,2109.5,2015
2015-03-04,ok,-535.0,-475.0,2.0,210.0,2099.0,2015
2015-03-05,ok,0.0,0.0,0.0,0.0,2101.0,2015
2015-03-06,ok,545.0,575.0,1.0,269.0,2088.75,2015
2015-03-09,ok,-22.5,37.5,2.0,239.0,2072.0,2015
2015-03-10,ok,202.5,262.5,2.0,329.0,2061.75,2015
2015-03-11,ok,0.0,0.0,0.0,0.0,2047.0,2015
2015-03-12,ok,432.5,462.5,1.0,359.0,2039.75,2015
2015-03-13,ok,-5.0,25.0,1.0,329.0,2054.75,2015
2015-03-16,ok,470.0,500.0,1.0,359.0,2054.0,2015
2015-03-17,ok,0.0,0.0,0.0,0.0,2063.75,2015
2015-03-18,ok,320.0,350.0,1.0,89.0,2060.0,2015
2015-03-19,ok,-397.5,-337.5,2.0,60.0,2086.5,2015
2015-03-20,ok,-42.5,-12.5,1.0,240.0,2093.0,2015
2015-03-23,ok,-67.5,-37.5,1.0,30.0,2100.25,2015
2015-03-24,ok,0.0,0.0,0.0,0.0,2094.5,2015
2015-03-25,ok,795.0,825.0,1.0,239.0,2086.5,2015
2015-03-26,ok,0.0,0.0,0.0,0.0,2045.0,2015
2015-03-27,ok,-155.0,-125.0,1.0,30.0,2046.5,2015
2015-03-30,ok,145.0,175.0,1.0,359.0,2065.0,2015
2015-03-31,ok,0.0,0.0,0.0,0.0,2067.75,2015
2015-04-01,ok,-535.0,-475.0,2.0,240.0,2058.75,2015
2015-04-02,ok,-217.5,-187.5,1.0,90.0,2051.25,2015
2015-04-06,ok,182.5,212.5,1.0,329.0,2048.75,2015
2015-04-07,ok,-147.5,-87.5,2.0,90.0,2073.5,2015
2015-04-08,ok,-430.0,-400.0,1.0,60.0,2070.5,2015
2015-04-09,ok,-117.5,-87.5,1.0,29.0,2072.75,2015
2015-04-10,ok,-80.0,-50.0,1.0,30.0,2086.75,2015
2015-04-13,ok,0.0,0.0,0.0,0.0,2093.75,2015
2015-04-14,ok,0.0,0.0,0.0,0.0,2083.25,2015
2015-04-15,ok,-180.0,-150.0,1.0,30.0,2095.25,2015
2015-04-16,ok,0.0,0.0,0.0,0.0,2095.5,2015
2015-04-17,ok,32.5,62.5,1.0,329.0,2084.0,2015
2015-04-20,ok,-85.0,-25.0,2.0,329.0,2085.25,2015
2015-04-21,ok,0.0,0.0,0.0,0.0,2101.5,2015
2015-04-22,ok,0.0,0.0,0.0,0.0,2095.0,2015
2015-04-23,ok,-292.5,-262.5,1.0,179.0,2096.5,2015
2015-04-24,ok,0.0,0.0,0.0,0.0,2111.75,2015
2015-04-27,ok,7.5,37.5,1.0,29.0,2118.25,2015
2015-04-28,ok,-255.0,-225.0,1.0,30.0,2102.5,2015
2015-04-29,ok,-192.5,-162.5,1.0,30.0,2098.5,2015
2015-04-30,ok,-222.5,-162.5,2.0,179.0,2093.5,2015
2015-05-01,ok,-110.0,-50.0,2.0,149.0,2088.5,2015
2015-05-04,ok,-185.0,-125.0,2.0,90.0,2107.0,2015
2015-05-05,ok,715.0,775.0,2.0,329.0,2105.0,2015
2015-05-06,ok,-340.0,-250.0,3.0,299.0,2090.0,2015
2015-05-07,ok,70.0,100.0,1.0,210.0,2073.5,2015
2015-05-08,ok,95.0,125.0,1.0,150.0,2103.5,2015
2015-05-11,ok,0.0,0.0,0.0,0.0,2110.0,2015
2015-05-12,ok,-392.5,-362.5,1.0,60.0,2090.5,2015
2015-05-13,ok,0.0,0.0,0.0,0.0,2098.75,2015
2015-05-14,ok,-35.0,25.0,2.0,119.0,2107.0,2015
2015-05-15,ok,0.0,0.0,0.0,0.0,2118.75,2015
2015-05-18,ok,0.0,0.0,0.0,0.0,2117.0,2015
2015-05-19,ok,0.0,0.0,0.0,0.0,2127.0,2015
2015-05-20,ok,-192.5,-162.5,1.0,30.0,2126.0,2015
2015-05-21,ok,57.5,87.5,1.0,150.0,2121.5,2015
2015-05-22,ok,0.0,0.0,0.0,0.0,2124.75,2015
2015-05-26,ok,395.0,425.0,1.0,359.0,2118.25,2015
2015-05-27,ok,202.5,262.5,2.0,329.0,2106.75,2015
2015-05-28,ok,-285.0,-225.0,2.0,60.0,2117.75,2015
2015-05-29,ok,115.0,175.0,2.0,299.0,2118.25,2015
2015-06-01,ok,0.0,0.0,0.0,0.0,2113.5,2015
2015-06-02,ok,0.0,0.0,0.0,0.0,2104.25,2015
2015-06-03,ok,-142.5,-112.5,1.0,60.0,2114.0,2015
2015-06-04,ok,157.5,187.5,1.0,209.0,2104.75,2015
2015-06-05,ok,0.0,0.0,0.0,0.0,2093.25,2015
2015-06-08,ok,152.5,212.5,2.0,239.0,2090.0,2015
2015-06-09,ok,-317.5,-287.5,1.0,60.0,2078.25,2015
2015-06-10,ok,482.5,512.5,1.0,359.0,2087.5,2015
2015-06-11,ok,0.0,0.0,0.0,0.0,2101.0,2015
2015-06-12,ok,-720.0,-600.0,4.0,120.0,2092.0,2015
2015-06-15,ok,-142.5,-112.5,1.0,30.0,2071.25,2015
2015-06-16,ok,320.0,350.0,1.0,269.0,2074.5,2015
2015-06-17,ok,-167.5,-137.5,1.0,60.0,2091.75,2015
2015-06-18,ok,432.5,462.5,1.0,359.0,2098.75,2015
2015-06-19,ok,132.5,162.5,1.0,59.0,2111.0,2015
2015-06-22,ok,-117.5,-87.5,1.0,60.0,2115.0,2015
2015-06-23,ok,0.0,0.0,0.0,0.0,2117.25,2015
2015-06-24,ok,120.0,150.0,1.0,149.0,2112.75,2015
2015-06-25,ok,0.0,0.0,0.0,0.0,2106.5,2015
2015-06-26,ok,0.0,0.0,0.0,0.0,2098.0,2015
2015-06-29,ok,1082.5,1112.5,1.0,269.0,2075.0,2015
2015-06-30,ok,0.0,0.0,0.0,0.0,2067.0,2015
2015-07-01,ok,0.0,0.0,0.0,0.0,2071.75,2015
2015-07-02,ok,0.0,0.0,0.0,0.0,2074.75,2015
2015-07-06,ok,0.0,0.0,0.0,0.0,2051.75,2015
2015-07-07,ok,-172.5,-112.5,2.0,239.0,2063.5,2015
2015-07-08,ok,297.5,387.5,3.0,269.0,2058.25,2015
2015-07-09,ok,0.0,0.0,0.0,0.0,2064.75,2015
2015-07-10,ok,0.0,0.0,0.0,0.0,2068.0,2015
2015-07-13,ok,0.0,0.0,0.0,0.0,2085.0,2015
2015-07-14,ok,177.5,237.5,2.0,299.0,2092.0,2015
2015-07-15,ok,0.0,0.0,0.0,0.0,2102.25,2015
2015-07-16,ok,0.0,0.0,0.0,0.0,2113.5,2015
2015-07-17,ok,0.0,0.0,0.0,0.0,2117.5,2015
2015-07-20,ok,0.0,0.0,0.0,0.0,2121.75,2015
2015-07-21,ok,-172.5,-112.5,2.0,149.0,2118.5,2015
2015-07-22,ok,0.0,0.0,0.0,0.0,2103.5,2015
2015-07-23,ok,132.5,162.5,1.0,239.0,2109.5,2015
2015-07-24,ok,770.0,800.0,1.0,329.0,2097.0,2015
2015-07-27,ok,0.0,0.0,0.0,0.0,2063.25,2015
2015-07-28,ok,295.0,325.0,1.0,209.0,2071.75,2015
2015-07-29,ok,307.5,337.5,1.0,299.0,2088.5,2015
2015-07-30,ok,-280.0,-250.0,1.0,30.0,2095.0,2015
2015-07-31,ok,0.0,0.0,0.0,0.0,2108.25,2015
2015-08-03,ok,-172.5,-112.5,2.0,269.0,2098.25,2015
2015-08-04,ok,-355.0,-325.0,1.0,30.0,2090.75,2015
2015-08-05,ok,-230.0,-200.0,1.0,120.0,2098.25,2015
2015-08-06,ok,420.0,450.0,1.0,359.0,2096.5,2015
2015-08-07,ok,57.5,87.5,1.0,270.0,2075.25,2015
2015-08-10,ok,332.5,362.5,1.0,359.0,2086.25,2015
2015-08-11,ok,-97.5,-37.5,2.0,150.0,2083.25,2015
2015-08-12,ok,-30.0,0.0,1.0,150.0,2064.25,2015
2015-08-13,ok,-55.0,-25.0,1.0,30.0,2081.0,2015
2015-08-14,ok,0.0,0.0,0.0,0.0,2077.75,2015
2015-08-17,ok,7.5,37.5,1.0,60.0,2080.5,2015
2015-08-18,ok,0.0,0.0,0.0,0.0,2096.25,2015
2015-08-19,ok,-510.0,-450.0,2.0,210.0,2084.25,2015
2015-08-20,ok,135.0,225.0,3.0,209.0,2058.25,2015
2015-08-21,ok,1782.5,1812.5,1.0,299.0,2010.75,2015
2015-08-24,ok,0.0,0.0,0.0,0.0,1868.75,2015
2015-08-25,ok,0.0,0.0,0.0,0.0,1946.75,2015
2015-08-26,ok,0.0,0.0,0.0,0.0,1913.5,2015
2015-08-27,ok,-605.0,-575.0,1.0,120.0,1963.0,2015
2015-08-28,ok,0.0,0.0,0.0,0.0,1977.5,2015
2015-08-31,ok,0.0,0.0,0.0,0.0,1973.5,2015
2015-09-01,ok,0.0,0.0,0.0,0.0,1923.0,2015
2015-09-02,ok,0.0,0.0,0.0,0.0,1938.75,2015
2015-09-03,ok,-80.0,-50.0,1.0,60.0,1955.0,2015
2015-09-04,ok,0.0,0.0,0.0,0.0,1920.5,2015
2015-09-08,ok,232.5,262.5,1.0,59.0,1951.5,2015
2015-09-09,ok,670.0,700.0,1.0,59.0,1986.25,2015
2015-09-10,ok,0.0,0.0,0.0,0.0,1928.25,2015
2015-09-11,ok,0.0,0.0,0.0,0.0,1936.25,2015
2015-09-14,ok,-105.0,-75.0,1.0,30.0,1951.75,2015
2015-09-15,ok,407.5,437.5,1.0,299.0,1948.75,2015
2015-09-16,ok,-440.0,-350.0,3.0,119.0,1971.0,2015
2015-09-17,ok,-980.0,-950.0,1.0,30.0,1982.75,2015
2015-09-18,ok,0.0,0.0,0.0,0.0,1949.0,2015
2015-09-21,ok,-455.0,-425.0,1.0,60.0,1956.5,2015
2015-09-22,ok,-347.5,-287.5,2.0,90.0,1930.75,2015
2015-09-23,ok,0.0,0.0,0.0,0.0,1933.25,2015
2015-09-24,ok,-67.5,-37.5,1.0,120.0,1913.25,2015
2015-09-25,ok,0.0,0.0,0.0,0.0,1938.75,2015
2015-09-28,ok,1395.0,1425.0,1.0,359.0,1910.5,2015
2015-09-29,ok,-355.0,-325.0,1.0,30.0,1874.75,2015
2015-09-30,ok,-192.5,-162.5,1.0,30.0,1896.0,2015
2015-10-01,ok,-752.5,-662.5,3.0,180.0,1913.0,2015
2015-10-02,ok,115.0,175.0,2.0,59.0,1889.75,2015
2015-10-05,ok,222.5,312.5,3.0,269.0,1957.0,2015
2015-10-06,ok,-635.0,-575.0,2.0,60.0,1975.5,2015
2015-10-07,ok,-355.0,-325.0,1.0,60.0,1981.5,2015
2015-10-08,ok,157.5,187.5,1.0,59.0,1982.5,2015
2015-10-09,ok,0.0,0.0,0.0,0.0,2007.0,2015
2015-10-12,ok,0.0,0.0,0.0,0.0,2007.0,2015
2015-10-13,ok,0.0,0.0,0.0,0.0,1999.5,2015
2015-10-14,ok,-442.5,-412.5,1.0,30.0,1995.0,2015
2015-10-15,ok,570.0,600.0,1.0,149.0,1994.25,2015
2015-10-16,ok,0.0,0.0,0.0,0.0,2021.75,2015
2015-10-19,ok,0.0,0.0,0.0,0.0,2018.25,2015
2015-10-20,ok,0.0,0.0,0.0,0.0,2021.75,2015
2015-10-21,ok,-217.5,-187.5,1.0,60.0,2029.75,2015
2015-10-22,ok,620.0,650.0,1.0,359.0,2023.25,2015
2015-10-23,ok,0.0,0.0,0.0,0.0,2066.25,2015
2015-10-26,ok,-92.5,-62.5,1.0,30.0,2066.75,2015
2015-10-27,ok,0.0,0.0,0.0,0.0,2055.5,2015
2015-10-28,ok,-135.0,-75.0,2.0,239.0,2063.5,2015
2015-10-29,ok,0.0,0.0,0.0,0.0,2077.0,2015
2015-10-30,ok,0.0,0.0,0.0,0.0,2084.0,2015
2015-11-02,ok,657.5,687.5,1.0,359.0,2077.0,2015
2015-11-03,ok,32.5,62.5,1.0,90.0,2093.5,2015
2015-11-04,ok,-222.5,-162.5,2.0,180.0,2107.0,2015
2015-11-05,ok,-960.0,-900.0,2.0,120.0,2097.5,2015
2015-11-06,ok,-402.5,-312.5,3.0,120.0,2090.5,2015
2015-11-09,ok,270.0,300.0,1.0,359.0,2086.0,2015
2015-11-10,ok,0.0,0.0,0.0,0.0,2067.75,2015
2015-11-11,ok,0.0,0.0,0.0,0.0,2081.5,2015
2015-11-12,ok,102.5,162.5,2.0,89.0,2057.5,2015
2015-11-13,ok,215.0,275.0,2.0,269.0,2036.25,2015
2015-11-16,ok,990.0,1050.0,2.0,299.0,2015.75,2015
2015-11-17,ok,-167.5,-137.5,1.0,30.0,2053.0,2015
2015-11-18,ok,957.5,987.5,1.0,269.0,2053.5,2015
2015-11-19,ok,0.0,0.0,0.0,0.0,2079.25,2015
2015-11-20,ok,-80.0,-50.0,1.0,30.0,2087.75,2015
2015-11-23,ok,-80.0,-50.0,1.0,30.0,2087.0,2015
2015-11-24,ok,0.0,0.0,0.0,0.0,2071.5,2015
2015-11-25,ok,0.0,0.0,0.0,0.0,2088.0,2015
2015-11-27,ok,0.0,0.0,0.0,0.0,2087.5,2015
2015-11-30,ok,-335.0,-275.0,2.0,60.0,2090.5,2015
2015-12-01,ok,-652.5,-562.5,3.0,90.0,2087.75,2015
2015-12-02,ok,485.0,575.0,3.0,209.0,2099.5,2015
2015-12-03,ok,965.0,1025.0,2.0,329.0,2081.5,2015
2015-12-04,ok,1132.5,1162.5,1.0,359.0,2053.75,2015
2015-12-07,ok,370.0,400.0,1.0,330.0,2085.0,2015
2015-12-08,ok,-667.5,-637.5,1.0,30.0,2057.25,2015
2015-12-09,ok,-347.5,-287.5,2.0,240.0,2054.75,2015
2015-12-10,ok,0.0,0.0,0.0,0.0,2038.75,2015
2015-12-11,ok,-265.0,-175.0,3.0,89.0,2017.5,2015
2015-12-14,ok,-1035.0,-975.0,2.0,90.0,2004.5,2015
2015-12-15,ok,-640.0,-550.0,3.0,120.0,2031.0,2015
2015-12-16,ok,20.0,50.0,1.0,29.0,2048.25,2015
2015-12-17,ok,1107.5,1137.5,1.0,329.0,2068.25,2015
2015-12-18,ok,260.0,350.0,3.0,239.0,2021.75,2015
2015-12-21,ok,0.0,0.0,0.0,0.0,2010.0,2015
2015-12-22,ok,0.0,0.0,0.0,0.0,2022.75,2015
2015-12-23,ok,0.0,0.0,0.0,0.0,2043.0,2015
2015-12-24,ok,0.0,0.0,0.0,0.0,2053.75,2015
2015-12-28,ok,-117.5,-87.5,1.0,30.0,2044.75,2015
2015-12-29,ok,-160.0,-100.0,2.0,179.0,2061.0,2015
2015-12-30,ok,0.0,0.0,0.0,0.0,2067.25,2015
2015-12-31,ok,-30.0,0.0,1.0,30.0,2047.25,2015
2016-01-04,ok,-760.0,-700.0,2.0,209.0,2000.0,2016
2016-01-05,ok,0.0,0.0,0.0,0.0,2009.0,2016
2016-01-06,ok,0.0,0.0,0.0,0.0,1978.0,2016
2016-01-07,ok,195.0,225.0,1.0,119.0,1948.25,2016
2016-01-08,ok,507.5,537.5,1.0,29.0,1946.75,2016
2016-01-11,ok,-885.0,-825.0,2.0,90.0,1924.5,2016
2016-01-12,ok,0.0,0.0,0.0,0.0,1932.75,2016
2016-01-13,ok,1795.0,1825.0,1.0,239.0,1939.0,2016
2016-01-14,ok,-422.5,-362.5,2.0,359.0,1890.0,2016
2016-01-15,ok,0.0,0.0,0.0,0.0,1862.0,2016
2016-01-19,ok,0.0,0.0,0.0,0.0,1894.0,2016
2016-01-20,ok,-17.5,12.5,1.0,240.0,1844.5,2016
2016-01-21,ok,-1615.0,-1525.0,3.0,150.0,1856.25,2016
2016-01-22,ok,0.0,0.0,0.0,0.0,1892.25,2016
2016-01-25,ok,145.0,175.0,1.0,29.0,1893.5,2016
2016-01-26,ok,-335.0,-275.0,2.0,210.0,1878.5,2016
2016-01-27,ok,-547.5,-487.5,2.0,59.0,1890.25,2016
2016-01-28,ok,0.0,0.0,0.0,0.0,1894.0,2016
2016-01-29,ok,1245.0,1275.0,1.0,359.0,1894.5,2016
2016-02-01,ok,0.0,0.0,0.0,0.0,1919.25,2016
2016-02-02,ok,-22.5,37.5,2.0,149.0,1913.5,2016
2016-02-03,ok,-2035.0,-1975.0,2.0,120.0,1908.5,2016
2016-02-04,ok,-780.0,-750.0,1.0,30.0,1901.5,2016
2016-02-05,ok,1045.0,1075.0,1.0,359.0,1904.5,2016
2016-02-08,ok,-47.5,12.5,2.0,300.0,1851.25,2016
2016-02-09,ok,0.0,0.0,0.0,0.0,1827.25,2016
2016-02-10,ok,0.0,0.0,0.0,0.0,1858.5,2016
2016-02-11,"unknown:нет цены на отметке, нормы или цены исполнения",,,,,,2016
2016-02-12,ok,-17.5,12.5,1.0,29.0,1843.75,2016
2016-02-16,ok,0.0,0.0,0.0,0.0,1882.25,2016
2016-02-17,ok,-135.0,-75.0,2.0,269.0,1906.0,2016
2016-02-18,ok,0.0,0.0,0.0,0.0,1926.0,2016
2016-02-19,ok,0.0,0.0,0.0,0.0,1906.0,2016
2016-02-22,ok,0.0,0.0,0.0,0.0,1932.75,2016
2016-02-23,ok,35.0,125.0,3.0,209.0,1934.25,2016
2016-02-24,ok,20.0,50.0,1.0,30.0,1900.25,2016
2016-02-25,ok,0.0,0.0,0.0,0.0,1931.25,2016
2016-02-26,ok,0.0,0.0,0.0,0.0,1959.75,2016
2016-02-29,ok,-130.0,-100.0,1.0,30.0,1944.75,2016
2016-03-01,ok,1107.5,1137.5,1.0,329.0,1943.75,2016
2016-03-02,ok,0.0,0.0,0.0,0.0,1971.0,2016
2016-03-03,ok,-117.5,-87.5,1.0,30.0,1981.5,2016
2016-03-04,ok,-552.5,-462.5,3.0,120.0,1994.0,2016
2016-03-07,ok,0.0,0.0,0.0,0.0,1987.25,2016
2016-03-08,ok,-217.5,-187.5,1.0,60.0,1986.75,2016
2016-03-09,ok,0.0,0.0,0.0,0.0,1987.5,2016
2016-03-10,ok,-635.0,-575.0,2.0,300.0,1984.5,2016
2016-03-11,ok,22.5,112.5,3.0,239.0,1997.0,2016
2016-03-14,ok,0.0,0.0,0.0,0.0,2006.25,2016
2016-03-15,ok,0.0,0.0,0.0,0.0,1998.0,2016
2016-03-16,ok,-235.0,-175.0,2.0,59.0,2000.25,2016
2016-03-17,ok,127.5,187.5,2.0,239.0,2016.75,2016
2016-03-18,ok,0.0,0.0,0.0,0.0,2036.75,2016
2016-03-21,ok,0.0,0.0,0.0,0.0,2035.75,2016
2016-03-22,ok,0.0,0.0,0.0,0.0,2032.25,2016
2016-03-23,ok,-55.0,-25.0,1.0,59.0,2036.5,2016
2016-03-24,ok,0.0,0.0,0.0,0.0,2014.75,2016
2016-03-28,ok,0.0,0.0,0.0,0.0,2031.25,2016
2016-03-29,ok,532.5,562.5,1.0,209.0,2023.0,2016
2016-03-30,ok,0.0,0.0,0.0,0.0,2058.5,2016
2016-03-31,ok,0.0,0.0,0.0,0.0,2054.5,2016
2016-04-01,ok,165.0,225.0,2.0,119.0,2039.0,2016
2016-04-04,ok,-105.0,-75.0,1.0,60.0,2064.25,2016
2016-04-05,ok,0.0,0.0,0.0,0.0,2042.25,2016
2016-04-06,ok,607.5,637.5,1.0,299.0,2038.25,2016
2016-04-07,ok,-277.5,-187.5,3.0,269.0,2047.0,2016
2016-04-08,ok,-30.0,0.0,1.0,30.0,2049.0,2016
2016-04-11,ok,-342.5,-312.5,1.0,60.0,2048.25,2016
2016-04-12,ok,102.5,162.5,2.0,329.0,2037.75,2016
2016-04-13,ok,-142.5,-112.5,1.0,60.0,2065.75,2016
2016-04-14,ok,-192.5,-162.5,1.0,30.0,2076.5,2016
2016-04-15,ok,0.0,0.0,0.0,0.0,2076.0,2016
2016-04-18,ok,345.0,375.0,1.0,329.0,2066.75,2016
2016-04-19,ok,0.0,0.0,0.0,0.0,2093.25,2016
2016-04-20,ok,0.0,0.0,0.0,0.0,2095.5,2016
2016-04-21,ok,-22.5,37.5,2.0,179.0,2097.0,2016
2016-04-22,ok,-80.0,-50.0,1.0,30.0,2081.5,2016
2016-04-25,ok,-167.5,-137.5,1.0,60.0,2078.5,2016
2016-04-26,ok,-380.0,-350.0,1.0,30.0,2086.5,2016
2016-04-27,ok,0.0,0.0,0.0,0.0,2080.75,2016
2016-04-28,ok,-242.5,-212.5,1.0,29.0,2080.25,2016
2016-04-29,ok,-360.0,-300.0,2.0,329.0,2062.75,2016
2016-05-02,ok,40.0,100.0,2.0,119.0,2065.0,2016
2016-05-03,ok,-42.5,-12.5,1.0,180.0,2060.5,2016
2016-05-04,ok,0.0,0.0,0.0,0.0,2045.0,2016
2016-05-05,ok,-80.0,-50.0,1.0,30.0,2050.75,2016
2016-05-06,ok,0.0,0.0,0.0,0.0,2035.5,2016
2016-05-09,ok,-292.5,-262.5,1.0,30.0,2050.5,2016
2016-05-10,ok,557.5,587.5,1.0,359.0,2062.25,2016
2016-05-11,ok,382.5,412.5,1.0,149.0,2074.25,2016
2016-05-12,ok,-310.0,-250.0,2.0,120.0,2067.75,2016
2016-05-13,ok,345.0,375.0,1.0,149.0,2057.0,2016
2016-05-16,ok,620.0,650.0,1.0,359.0,2044.25,2016
2016-05-17,ok,-177.5,-87.5,3.0,179.0,2059.5,2016
2016-05-18,ok,-1297.5,-1237.5,2.0,120.0,2039.25,2016
2016-05-19,ok,-242.5,-212.5,1.0,210.0,2034.75,2016
2016-05-20,ok,-92.5,-62.5,1.0,210.0,2043.5,2016
2016-05-23,ok,0.0,0.0,0.0,0.0,2049.5,2016
2016-05-24,ok,432.5,462.5,1.0,359.0,2056.5,2016
2016-05-25,ok,-310.0,-250.0,2.0,119.0,2081.25,2016
2016-05-26,ok,0.0,0.0,0.0,0.0,2089.25,2016
2016-05-27,ok,0.0,0.0,0.0,0.0,2089.75,2016
2016-05-31,ok,-217.5,-187.5,1.0,30.0,2100.25,2016
2016-06-01,ok,0.0,0.0,0.0,0.0,2085.5,2016
2016-06-02,ok,0.0,0.0,0.0,0.0,2092.25,2016
2016-06-03,ok,-280.0,-250.0,1.0,120.0,2097.0,2016
2016-06-06,ok,-240.0,-150.0,3.0,120.0,2101.25,2016
2016-06-07,ok,-122.5,-62.5,2.0,120.0,2109.5,2016
2016-06-08,ok,-230.0,-200.0,1.0,30.0,2113.0,2016
2016-06-09,ok,0.0,0.0,0.0,0.0,2100.5,2016
2016-06-10,ok,-180.0,-150.0,1.0,119.0,2090.0,2016
2016-06-13,ok,0.0,0.0,0.0,0.0,2079.0,2016
2016-06-14,ok,-1152.5,-1062.5,3.0,180.0,2065.25,2016
2016-06-15,ok,0.0,0.0,0.0,0.0,2071.25,2016
2016-06-16,ok,-940.0,-850.0,3.0,149.0,2052.75,2016
2016-06-17,ok,-167.5,-137.5,1.0,240.0,2068.0,2016
2016-06-20,ok,-92.5,-62.5,1.0,30.0,2084.75,2016
2016-06-21,ok,0.0,0.0,0.0,0.0,2079.25,2016
2016-06-22,ok,-405.0,-375.0,1.0,90.0,2082.5,2016
2016-06-23,ok,-117.5,-87.5,1.0,60.0,2094.25,2016
2016-06-24,ok,-117.5,-87.5,1.0,29.0,2031.5,2016
2016-06-27,ok,395.0,425.0,1.0,359.0,2010.75,2016
2016-06-28,ok,-35.0,25.0,2.0,89.0,2010.0,2016
2016-06-29,ok,545.0,575.0,1.0,329.0,2043.75,2016
2016-06-30,ok,732.5,762.5,1.0,239.0,2067.75,2016
2016-07-01,ok,-192.5,-162.5,1.0,60.0,2089.25,2016
2016-07-05,ok,-197.5,-137.5,2.0,180.0,2085.25,2016
2016-07-06,ok,-260.0,-200.0,2.0,120.0,2073.75,2016
2016-07-07,ok,-210.0,-150.0,2.0,90.0,2094.25,2016
2016-07-08,ok,332.5,362.5,1.0,299.0,2106.25,2016
2016-07-11,ok,-117.5,-87.5,1.0,30.0,2127.5,2016
2016-07-12,ok,0.0,0.0,0.0,0.0,2141.0,2016
2016-07-13,ok,0.0,0.0,0.0,0.0,2150.75,2016
2016-07-14,ok,0.0,0.0,0.0,0.0,2160.25,2016
2016-07-15,ok,0.0,0.0,0.0,0.0,2163.75,2016
2016-07-18,ok,0.0,0.0,0.0,0.0,2156.0,2016
2016-07-19,ok,0.0,0.0,0.0,0.0,2155.25,2016
2016-07-20,ok,-117.5,-87.5,1.0,30.0,2163.5,2016
2016-07-21,ok,-130.0,-100.0,1.0,89.0,2165.5,2016
2016-07-22,ok,-85.0,-25.0,2.0,59.0,2160.5,2016
2016-07-25,ok,70.0,100.0,1.0,210.0,2166.0,2016
2016-07-26,ok,-735.0,-675.0,2.0,90.0,2161.75,2016
2016-07-27,ok,-80.0,-50.0,1.0,120.0,2168.0,2016
2016-07-28,ok,-167.5,-137.5,1.0,30.0,2159.25,2016
2016-07-29,ok,-222.5,-162.5,2.0,60.0,2161.0,2016
2016-08-01,ok,-217.5,-187.5,1.0,29.0,2168.0,2016
2016-08-02,ok,320.0,350.0,1.0,359.0,2162.25,2016
2016-08-03,ok,0.0,0.0,0.0,0.0,2150.75,2016
2016-08-04,ok,0.0,0.0,0.0,0.0,2158.75,2016
2016-08-05,ok,120.0,150.0,1.0,359.0,2168.0,2016
2016-08-08,ok,0.0,0.0,0.0,0.0,2180.25,2016
2016-08-09,ok,-10.0,50.0,2.0,90.0,2177.25,2016
2016-08-10,ok,-377.5,-287.5,3.0,179.0,2179.0,2016
2016-08-11,ok,-130.0,-100.0,1.0,30.0,2178.25,2016
2016-08-12,ok,0.0,0.0,0.0,0.0,2178.75,2016
2016-08-15,ok,-127.5,-37.5,3.0,90.0,2184.75,2016
2016-08-16,ok,-42.5,-12.5,1.0,30.0,2181.75,2016
2016-08-17,ok,-242.5,-212.5,1.0,180.0,2175.75,2016
2016-08-18,ok,0.0,0.0,0.0,0.0,2178.75,2016
2016-08-19,ok,-305.0,-275.0,1.0,30.0,2178.75,2016
2016-08-22,ok,0.0,0.0,0.0,0.0,2178.0,2016
2016-08-23,ok,-55.0,-25.0,1.0,30.0,2187.75,2016
2016-08-24,ok,190.0,250.0,2.0,149.0,2183.75,2016
2016-08-25,ok,0.0,0.0,0.0,0.0,2169.25,2016
2016-08-26,ok,-922.5,-862.5,2.0,299.0,2174.75,2016
2016-08-29,ok,120.0,150.0,1.0,359.0,2169.75,2016
2016-08-30,ok,-265.0,-175.0,3.0,209.0,2178.0,2016
2016-08-31,ok,-297.5,-237.5,2.0,240.0,2171.5,2016
2016-09-01,ok,-280.0,-250.0,1.0,120.0,2168.25,2016
2016-09-02,ok,-130.0,-100.0,1.0,30.0,2178.75,2016
2016-09-06,ok,0.0,0.0,0.0,0.0,2181.75,2016
2016-09-07,ok,0.0,0.0,0.0,0.0,2183.0,2016
2016-09-08,ok,-67.5,-37.5,1.0,30.0,2174.25,2016
2016-09-09,ok,1582.5,1612.5,1.0,359.0,2157.25,2016
2016-09-12,ok,1095.0,1125.0,1.0,329.0,2111.25,2016
2016-09-13,ok,395.0,425.0,1.0,359.0,2135.75,2016
2016-09-14,ok,-472.5,-412.5,2.0,90.0,2120.5,2016
2016-09-15,ok,670.0,700.0,1.0,329.0,2116.5,2016
2016-09-16,ok,0.0,0.0,0.0,0.0,2131.25,2016
2016-09-19,ok,-117.5,-87.5,1.0,30.0,2139.0,2016
2016-09-20,ok,0.0,0.0,0.0,0.0,2141.75,2016
2016-09-21,ok,207.5,237.5,1.0,29.0,2139.75,2016
2016-09-22,ok,0.0,0.0,0.0,0.0,2167.5,2016
2016-09-23,ok,0.0,0.0,0.0,0.0,2164.25,2016
2016-09-26,ok,-185.0,-125.0,2.0,60.0,2147.75,2016
2016-09-27,ok,77.5,137.5,2.0,329.0,2137.25,2016
2016-09-28,ok,0.0,0.0,0.0,0.0,2155.75,2016
2016-09-29,ok,-35.0,25.0,2.0,149.0,2161.25,2016
2016-09-30,ok,-335.0,-275.0,2.0,179.0,2153.25,2016
2016-10-03,ok,-55.0,-25.0,1.0,30.0,2154.75,2016
2016-10-04,ok,-155.0,-125.0,1.0,149.0,2155.75,2016
2016-10-05,ok,0.0,0.0,0.0,0.0,2150.5,2016
2016-10-06,ok,-210.0,-150.0,2.0,60.0,2150.0,2016
2016-10-07,ok,-42.5,-12.5,1.0,240.0,2157.25,2016
2016-10-10,ok,-67.5,-37.5,1.0,90.0,2158.0,2016
2016-10-11,ok,707.5,737.5,1.0,359.0,2152.75,2016
2016-10-12,ok,0.0,0.0,0.0,0.0,2132.0,2016
2016-10-13,ok,-242.5,-212.5,1.0,60.0,2117.75,2016
2016-10-14,ok,0.0,0.0,0.0,0.0,2137.75,2016
2016-10-17,ok,-317.5,-287.5,1.0,30.0,2127.0,2016
2016-10-18,ok,0.0,0.0,0.0,0.0,2138.75,2016
2016-10-19,ok,-117.5,-87.5,1.0,30.0,2136.5,2016
2016-10-20,ok,-142.5,-112.5,1.0,30.0,2134.75,2016
2016-10-21,ok,0.0,0.0,0.0,0.0,2125.25,2016
2016-10-24,ok,0.0,0.0,0.0,0.0,2145.75,2016
2016-10-25,ok,-142.5,-112.5,1.0,30.0,2142.5,2016
2016-10-26,ok,0.0,0.0,0.0,0.0,2127.5,2016
2016-10-27,ok,20.0,50.0,1.0,30.0,2141.75,2016
2016-10-28,ok,-1160.0,-1100.0,2.0,120.0,2127.25,2016
2016-10-31,ok,0.0,0.0,0.0,0.0,2125.25,2016
2016-11-01,ok,365.0,425.0,2.0,299.0,2125.0,2016
2016-11-02,ok,-310.0,-250.0,2.0,60.0,2101.75,2016
2016-11-03,ok,7.5,37.5,1.0,29.0,2095.25,2016
2016-11-04,ok,-230.0,-200.0,1.0,210.0,2084.25,2016
2016-11-07,ok,657.5,687.5,1.0,359.0,2109.75,2016
2016-11-08,ok,170.0,200.0,1.0,269.0,2122.5,2016
2016-11-09,ok,202.5,262.5,2.0,299.0,2118.75,2016
2016-11-10,ok,-80.0,-50.0,1.0,60.0,2168.25,2016
2016-11-11,ok,0.0,0.0,0.0,0.0,2156.5,2016
2016-11-14,ok,0.0,0.0,0.0,0.0,2165.5,2016
2016-11-15,ok,57.5,87.5,1.0,29.0,2165.5,2016
2016-11-16,ok,0.0,0.0,0.0,0.0,2170.5,2016
2016-11-17,ok,-260.0,-200.0,2.0,60.0,2175.25,2016
2016-11-18,ok,0.0,0.0,0.0,0.0,2185.5,2016
2016-11-21,ok,-242.5,-212.5,1.0,30.0,2186.5,2016
2016-11-22,ok,0.0,0.0,0.0,0.0,2200.0,2016
2016-11-23,ok,0.0,0.0,0.0,0.0,2194.5,2016
2016-11-25,ok,0.0,0.0,0.0,0.0,2205.5,2016
2016-11-28,ok,0.0,0.0,0.0,0.0,2206.25,2016
2016-11-29,ok,-55.0,-25.0,1.0,30.0,2200.25,2016
2016-11-30,ok,0.0,0.0,0.0,0.0,2211.0,2016
2016-12-01,ok,20.0,50.0,1.0,179.0,2201.75,2016
2016-12-02,ok,-105.0,-75.0,1.0,30.0,2191.5,2016
2016-12-05,ok,-105.0,-75.0,1.0,120.0,2201.0,2016
2016-12-06,ok,-217.5,-187.5,1.0,30.0,2206.25,2016
2016-12-07,ok,1107.5,1137.5,1.0,239.0,2209.5,2016
2016-12-08,ok,0.0,0.0,0.0,0.0,2234.5,2016
2016-12-09,ok,-22.5,37.5,2.0,119.0,2243.0,2016
2016-12-12,ok,-410.0,-350.0,2.0,60.0,2252.75,2016
2016-12-13,ok,-72.5,-12.5,2.0,329.0,2259.5,2016
2016-12-14,ok,195.0,225.0,1.0,89.0,2263.5,2016
2016-12-15,ok,-397.5,-337.5,2.0,270.0,2251.0,2016
2016-12-16,ok,-422.5,-362.5,2.0,60.0,2261.5,2016
2016-12-19,ok,-180.0,-150.0,1.0,30.0,2256.0,2016
2016-12-20,ok,0.0,0.0,0.0,0.0,2265.0,2016
2016-12-21,ok,0.0,0.0,0.0,0.0,2265.75,2016
2016-12-22,ok,-5.0,25.0,1.0,120.0,2258.5,2016
2016-12-23,ok,0.0,0.0,0.0,0.0,2256.5,2016
2016-12-27,ok,-180.0,-150.0,1.0,120.0,2262.25,2016
2016-12-28,ok,545.0,575.0,1.0,359.0,2267.0,2016
2016-12-29,ok,0.0,0.0,0.0,0.0,2245.75,2016
2016-12-30,ok,-47.5,12.5,2.0,299.0,2248.75,2016
2017-01-03,ok,-455.0,-425.0,1.0,30.0,2252.0,2017
2017-01-04,ok,-15.0,75.0,3.0,299.0,2256.25,2017
2017-01-05,ok,-130.0,-100.0,1.0,30.0,2261.75,2017
2017-01-06,ok,-55.0,-25.0,1.0,239.0,2264.75,2017
2017-01-09,ok,0.0,0.0,0.0,0.0,2268.75,2017
2017-01-10,ok,-230.0,-200.0,1.0,150.0,2264.5,2017
2017-01-11,ok,-435.0,-375.0,2.0,60.0,2263.25,2017
2017-01-12,ok,-5.0,25.0,1.0,180.0,2264.5,2017
2017-01-13,ok,-60.0,0.0,2.0,90.0,2266.75,2017
2017-01-17,ok,0.0,0.0,0.0,0.0,2262.5,2017
2017-01-18,ok,0.0,0.0,0.0,0.0,2264.75,2017
2017-01-19,ok,57.5,87.5,1.0,119.0,2267.75,2017
2017-01-20,ok,-130.0,-100.0,1.0,30.0,2266.5,2017
2017-01-23,ok,-147.5,-87.5,2.0,240.0,2262.5,2017
2017-01-24,ok,182.5,212.5,1.0,209.0,2263.5,2017
2017-01-25,ok,-90.0,0.0,3.0,179.0,2286.5,2017
2017-01-26,ok,0.0,0.0,0.0,0.0,2293.0,2017
2017-01-27,ok,-160.0,-100.0,2.0,119.0,2293.75,2017
2017-01-30,ok,-180.0,-150.0,1.0,359.0,2281.0,2017
2017-01-31,ok,0.0,0.0,0.0,0.0,2268.75,2017
2017-02-01,ok,0.0,0.0,0.0,0.0,2281.75,2017
2017-02-02,ok,0.0,0.0,0.0,0.0,2270.75,2017
2017-02-03,ok,-35.0,25.0,2.0,90.0,2287.0,2017
2017-02-06,ok,0.0,0.0,0.0,0.0,2286.75,2017
2017-02-07,ok,0.0,0.0,0.0,0.0,2292.25,2017
2017-02-08,ok,0.0,0.0,0.0,0.0,2284.25,2017
2017-02-09,ok,182.5,212.5,1.0,329.0,2293.75,2017
2017-02-10,ok,-105.0,-75.0,1.0,30.0,2308.0,2017
2017-02-13,ok,-47.5,12.5,2.0,209.0,2319.0,2017
2017-02-14,ok,145.0,175.0,1.0,149.0,2323.75,2017
2017-02-15,ok,115.0,175.0,2.0,239.0,2332.75,2017
2017-02-16,ok,-42.5,-12.5,1.0,30.0,2348.0,2017
2017-02-17,ok,0.0,0.0,0.0,0.0,2337.75,2017
2017-02-21,ok,-90.0,0.0,3.0,299.0,2353.0,2017
2017-02-22,ok,0.0,0.0,0.0,0.0,2358.0,2017
2017-02-23,ok,-167.5,-137.5,1.0,30.0,2366.5,2017
2017-02-24,ok,0.0,0.0,0.0,0.0,2352.25,2017
2017-02-27,ok,0.0,0.0,0.0,0.0,2363.75,2017
2017-02-28,ok,-142.5,-112.5,1.0,30.0,2364.5,2017
2017-03-01,ok,432.5,462.5,1.0,359.0,2381.5,2017
2017-03-02,ok,60.0,150.0,3.0,209.0,2392.75,2017
2017-03-03,ok,0.0,0.0,0.0,0.0,2378.75,2017
2017-03-06,ok,0.0,0.0,0.0,0.0,2372.0,2017
2017-03-07,ok,0.0,0.0,0.0,0.0,2370.5,2017
2017-03-08,ok,0.0,0.0,0.0,0.0,2370.0,2017
2017-03-09,ok,-142.5,-112.5,1.0,30.0,2360.75,2017
2017-03-10,ok,0.0,0.0,0.0,0.0,2373.5,2017
2017-03-13,ok,0.0,0.0,0.0,0.0,2369.25,2017
2017-03-14,ok,-382.5,-262.5,4.0,210.0,2365.25,2017
2017-03-15,ok,15.0,75.0,2.0,119.0,2368.75,2017
2017-03-16,ok,-477.5,-387.5,3.0,149.0,2383.75,2017
2017-03-17,ok,0.0,0.0,0.0,0.0,2380.5,2017
2017-03-20,ok,-230.0,-200.0,1.0,30.0,2372.75,2017
2017-03-21,ok,1107.5,1137.5,1.0,329.0,2377.25,2017
2017-03-22,ok,-672.5,-612.5,2.0,120.0,2340.25,2017
2017-03-23,ok,-242.5,-212.5,1.0,150.0,2342.5,2017
2017-03-24,ok,-452.5,-362.5,3.0,89.0,2346.25,2017
2017-03-27,ok,0.0,0.0,0.0,0.0,2321.25,2017
2017-03-28,ok,345.0,375.0,1.0,269.0,2334.75,2017
2017-03-29,ok,0.0,0.0,0.0,0.0,2352.0,2017
2017-03-30,ok,-205.0,-175.0,1.0,60.0,2356.0,2017
2017-03-31,ok,0.0,0.0,0.0,0.0,2360.25,2017
2017-04-03,ok,-267.5,-237.5,1.0,240.0,2359.25,2017
2017-04-04,ok,0.0,0.0,0.0,0.0,2350.75,2017
2017-04-05,ok,-222.5,-162.5,2.0,210.0,2363.25,2017
2017-04-06,ok,-147.5,-87.5,2.0,60.0,2350.5,2017
2017-04-07,ok,-367.5,-337.5,1.0,30.0,2352.0,2017
2017-04-10,ok,-105.0,-75.0,1.0,60.0,2354.25,2017
2017-04-11,ok,-30.0,0.0,1.0,150.0,2349.0,2017
2017-04-12,ok,-147.5,-87.5,2.0,60.0,2347.0,2017
2017-04-13,ok,0.0,0.0,0.0,0.0,2336.25,2017
2017-04-17,ok,210.0,300.0,3.0,269.0,2330.75,2017
2017-04-18,ok,0.0,0.0,0.0,0.0,2336.75,2017
2017-04-19,ok,0.0,0.0,0.0,0.0,2345.0,2017
2017-04-20,ok,170.0,200.0,1.0,239.0,2341.0,2017
2017-04-21,ok,27.5,87.5,2.0,149.0,2352.25,2017
2017-04-24,ok,0.0,0.0,0.0,0.0,2371.5,2017
2017-04-25,ok,70.0,100.0,1.0,359.0,2378.5,2017
2017-04-26,ok,-352.5,-262.5,3.0,150.0,2384.75,2017
2017-04-27,ok,0.0,0.0,0.0,0.0,2386.5,2017
2017-04-28,ok,-147.5,-87.5,2.0,120.0,2388.0,2017
2017-05-01,ok,0.0,0.0,0.0,0.0,2386.0,2017
2017-05-02,ok,-105.0,-75.0,1.0,30.0,2387.5,2017
2017-05-03,ok,-167.5,-137.5,1.0,30.0,2381.5,2017
2017-05-04,ok,-242.5,-212.5,1.0,30.0,2386.75,2017
2017-05-05,ok,0.0,0.0,0.0,0.0,2390.0,2017
2017-05-08,ok,-17.5,12.5,1.0,90.0,2395.75,2017
2017-05-09,ok,0.0,0.0,0.0,0.0,2397.75,2017
2017-05-10,ok,0.0,0.0,0.0,0.0,2391.75,2017
2017-05-11,ok,-255.0,-225.0,1.0,210.0,2391.25,2017
2017-05-12,ok,0.0,0.0,0.0,0.0,2388.5,2017
2017-05-15,ok,82.5,112.5,1.0,359.0,2392.5,2017
2017-05-16,ok,-260.0,-200.0,2.0,90.0,2404.0,2017
2017-05-17,ok,920.0,950.0,1.0,359.0,2378.5,2017
2017-05-18,ok,-427.5,-337.5,3.0,269.0,2354.25,2017
2017-05-19,ok,107.5,137.5,1.0,359.0,2370.25,2017
2017-05-22,ok,-115.0,-25.0,3.0,209.0,2386.0,2017
2017-05-23,ok,0.0,0.0,0.0,0.0,2396.5,2017
2017-05-24,ok,0.0,0.0,0.0,0.0,2400.0,2017
2017-05-25,ok,-210.0,-150.0,2.0,239.0,2408.5,2017
2017-05-26,ok,0.0,0.0,0.0,0.0,2412.0,2017
2017-05-30,ok,0.0,0.0,0.0,0.0,2409.75,2017
2017-05-31,ok,-315.0,-225.0,3.0,180.0,2414.5,2017
2017-06-01,ok,295.0,325.0,1.0,179.0,2415.75,2017
2017-06-02,ok,-97.5,-37.5,2.0,209.0,2430.25,2017
2017-06-05,ok,0.0,0.0,0.0,0.0,2435.5,2017
2017-06-06,ok,0.0,0.0,0.0,0.0,2429.0,2017
2017-06-07,ok,0.0,0.0,0.0,0.0,2431.75,2017
2017-06-08,ok,-167.5,-137.5,1.0,30.0,2431.0,2017
2017-06-09,ok,-752.5,-662.5,3.0,210.0,2434.25,2017
2017-06-12,ok,-640.0,-550.0,3.0,180.0,2424.5,2017
2017-06-13,ok,-122.5,-62.5,2.0,59.0,2433.0,2017
2017-06-14,ok,-435.0,-375.0,2.0,119.0,2441.5,2017
2017-06-15,ok,0.0,0.0,0.0,0.0,2419.5,2017
2017-06-16,ok,-222.5,-162.5,2.0,180.0,2431.75,2017
2017-06-19,ok,107.5,137.5,1.0,329.0,2439.75,2017
2017-06-20,ok,67.5,187.5,4.0,239.0,2446.25,2017
2017-06-21,ok,-230.0,-200.0,1.0,60.0,2438.25,2017
2017-06-22,ok,-185.0,-125.0,2.0,90.0,2433.5,2017
2017-06-23,ok,-27.5,62.5,3.0,120.0,2432.75,2017
2017-06-26,ok,-117.5,-87.5,1.0,30.0,2442.25,2017
2017-06-27,ok,332.5,362.5,1.0,119.0,2433.25,2017
2017-06-28,ok,132.5,162.5,1.0,299.0,2428.25,2017
2017-06-29,ok,757.5,787.5,1.0,359.0,2439.75,2017
2017-06-30,ok,0.0,0.0,0.0,0.0,2425.5,2017
2017-07-03,ok,0.0,0.0,0.0,0.0,2431.75,2017
2017-07-05,ok,0.0,0.0,0.0,0.0,2428.5,2017
2017-07-06,ok,115.0,175.0,2.0,179.0,2420.75,2017
2017-07-07,ok,45.0,75.0,1.0,239.0,2414.0,2017
2017-07-10,ok,0.0,0.0,0.0,0.0,2421.25,2017
2017-07-11,ok,-305.0,-275.0,1.0,30.0,2423.5,2017
2017-07-12,ok,-222.5,-162.5,2.0,179.0,2435.0,2017
2017-07-13,ok,0.0,0.0,0.0,0.0,2441.75,2017
2017-07-14,ok,157.5,187.5,1.0,179.0,2445.75,2017
2017-07-17,ok,0.0,0.0,0.0,0.0,2456.0,2017
2017-07-18,ok,0.0,0.0,0.0,0.0,2452.0,2017
2017-07-19,ok,-10.0,50.0,2.0,119.0,2461.5,2017
2017-07-20,ok,0.0,0.0,0.0,0.0,2474.0,2017
2017-07-21,ok,0.0,0.0,0.0,0.0,2465.75,2017
2017-07-24,ok,-67.5,-37.5,1.0,90.0,2469.0,2017
2017-07-25,ok,0.0,0.0,0.0,0.0,2478.0,2017
2017-07-26,ok,0.0,0.0,0.0,0.0,2478.25,2017
2017-07-27,ok,-480.0,-450.0,1.0,149.0,2480.0,2017
2017-07-28,ok,-42.5,-12.5,1.0,30.0,2466.5,2017
2017-07-31,ok,0.0,0.0,0.0,0.0,2473.75,2017
2017-08-01,ok,0.0,0.0,0.0,0.0,2474.5,2017
2017-08-02,ok,-255.0,-225.0,1.0,210.0,2474.75,2017
2017-08-03,ok,-272.5,-212.5,2.0,60.0,2473.0,2017
2017-08-04,ok,0.0,0.0,0.0,0.0,2474.75,2017
2017-08-07,ok,-30.0,0.0,1.0,29.0,2474.25,2017
2017-08-08,ok,-167.5,-137.5,1.0,150.0,2474.5,2017
2017-08-09,ok,0.0,0.0,0.0,0.0,2463.5,2017
2017-08-10,ok,1007.5,1037.5,1.0,359.0,2461.5,2017
2017-08-11,ok,-510.0,-450.0,2.0,90.0,2438.75,2017
2017-08-14,ok,132.5,162.5,1.0,359.0,2454.0,2017
2017-08-15,ok,0.0,0.0,0.0,0.0,2468.25,2017
2017-08-16,ok,0.0,0.0,0.0,0.0,2469.5,2017
2017-08-17,ok,1145.0,1175.0,1.0,329.0,2460.5,2017
2017-08-18,ok,-422.5,-362.5,2.0,60.0,2426.5,2017
2017-08-21,ok,-130.0,-100.0,1.0,60.0,2424.25,2017
2017-08-22,ok,532.5,562.5,1.0,359.0,2433.25,2017
2017-08-23,ok,0.0,0.0,0.0,0.0,2440.5,2017
2017-08-24,ok,-297.5,-237.5,2.0,60.0,2447.5,2017
2017-08-25,ok,-230.0,-200.0,1.0,60.0,2446.25,2017
2017-08-28,ok,0.0,0.0,0.0,0.0,2448.25,2017
2017-08-29,ok,0.0,0.0,0.0,0.0,2428.25,2017
2017-08-30,ok,52.5,112.5,2.0,209.0,2445.0,2017
2017-08-31,ok,-17.5,12.5,1.0,30.0,2463.75,2017
2017-09-01,ok,0.0,0.0,0.0,0.0,2475.25,2017
2017-09-05,ok,-297.5,-237.5,2.0,239.0,2468.75,2017
2017-09-06,ok,0.0,0.0,0.0,0.0,2464.75,2017
2017-09-07,ok,-255.0,-225.0,1.0,30.0,2466.5,2017
2017-09-08,ok,0.0,0.0,0.0,0.0,2459.25,2017
2017-09-11,ok,282.5,312.5,1.0,359.0,2474.5,2017
2017-09-12,ok,0.0,0.0,0.0,0.0,2489.75,2017
2017-09-13,ok,0.0,0.0,0.0,0.0,2490.5,2017
2017-09-14,ok,0.0,0.0,0.0,0.0,2490.75,2017
2017-09-15,ok,0.0,0.0,0.0,0.0,2491.75,2017
2017-09-18,ok,-160.0,-100.0,2.0,60.0,2501.0,2017
2017-09-19,ok,0.0,0.0,0.0,0.0,2505.0,2017
2017-09-20,ok,-217.5,-187.5,1.0,30.0,2506.0,2017
2017-09-21,ok,-130.0,-100.0,1.0,60.0,2503.5,2017
2017-09-22,ok,0.0,0.0,0.0,0.0,2495.25,2017
2017-09-25,ok,-285.0,-225.0,2.0,240.0,2495.5,2017
2017-09-26,ok,0.0,0.0,0.0,0.0,2498.5,2017
2017-09-27,ok,-130.0,-100.0,1.0,59.0,2503.5,2017
2017-09-28,ok,-105.0,-75.0,1.0,30.0,2501.25,2017
2017-09-29,ok,182.5,212.5,1.0,299.0,2506.75,2017
2017-10-02,ok,102.5,162.5,2.0,299.0,2518.25,2017
2017-10-03,ok,0.0,0.0,0.0,0.0,2527.75,2017
2017-10-04,ok,-147.5,-87.5,2.0,149.0,2530.0,2017
2017-10-05,ok,332.5,362.5,1.0,269.0,2538.5,2017
2017-10-06,ok,0.0,0.0,0.0,0.0,2544.5,2017
2017-10-09,ok,-17.5,12.5,1.0,59.0,2549.0,2017
2017-10-10,ok,0.0,0.0,0.0,0.0,2549.0,2017
2017-10-11,ok,0.0,0.0,0.0,0.0,2548.0,2017
2017-10-12,ok,0.0,0.0,0.0,0.0,2549.25,2017
2017-10-13,ok,0.0,0.0,0.0,0.0,2554.0,2017
2017-10-16,ok,-155.0,-125.0,1.0,30.0,2554.75,2017
2017-10-17,ok,0.0,0.0,0.0,0.0,2554.75,2017
2017-10-18,ok,0.0,0.0,0.0,0.0,2561.5,2017
2017-10-19,ok,-180.0,-150.0,1.0,30.0,2550.0,2017
2017-10-20,ok,-92.5,-62.5,1.0,30.0,2569.0,2017
2017-10-23,ok,207.5,237.5,1.0,89.0,2576.75,2017
2017-10-24,ok,0.0,0.0,0.0,0.0,2567.5,2017
2017-10-25,ok,220.0,250.0,1.0,359.0,2563.75,2017
2017-10-26,ok,0.0,0.0,0.0,0.0,2561.75,2017
2017-10-27,ok,420.0,450.0,1.0,329.0,2566.5,2017
2017-10-30,ok,-265.0,-175.0,3.0,89.0,2572.25,2017
2017-10-31,ok,0.0,0.0,0.0,0.0,2573.0,2017
2017-11-01,ok,-167.5,-137.5,1.0,30.0,2581.5,2017
2017-11-02,ok,-430.0,-400.0,1.0,120.0,2574.75,2017
2017-11-03,ok,82.5,112.5,1.0,149.0,2578.25,2017
2017-11-06,ok,-117.5,-87.5,1.0,29.0,2583.0,2017
2017-11-07,ok,-310.0,-250.0,2.0,59.0,2589.75,2017
2017-11-08,ok,0.0,0.0,0.0,0.0,2584.5,2017
2017-11-09,ok,-417.5,-387.5,1.0,60.0,2577.25,2017
2017-11-10,ok,0.0,0.0,0.0,0.0,2577.0,2017
2017-11-13,ok,0.0,0.0,0.0,0.0,2572.5,2017
2017-11-14,ok,-367.5,-337.5,1.0,30.0,2573.5,2017
2017-11-15,ok,-542.5,-512.5,1.0,60.0,2566.25,2017
2017-11-16,ok,270.0,300.0,1.0,329.0,2574.0,2017
2017-11-17,ok,0.0,0.0,0.0,0.0,2580.75,2017
2017-11-20,ok,0.0,0.0,0.0,0.0,2580.25,2017
2017-11-21,ok,107.5,137.5,1.0,359.0,2590.25,2017
2017-11-22,ok,0.0,0.0,0.0,0.0,2598.25,2017
2017-11-24,ok,0.0,0.0,0.0,0.0,2600.5,2017
2017-11-27,ok,0.0,0.0,0.0,0.0,2601.75,2017
2017-11-28,ok,795.0,825.0,1.0,269.0,2605.75,2017
2017-11-29,ok,-522.5,-462.5,2.0,60.0,2628.0,2017
2017-11-30,ok,382.5,412.5,1.0,329.0,2635.25,2017
2017-12-01,ok,-1417.5,-1387.5,1.0,269.0,2645.25,2017
2017-12-04,ok,0.0,0.0,0.0,0.0,2660.25,2017
2017-12-05,ok,-130.0,-100.0,1.0,60.0,2641.5,2017
2017-12-06,ok,-167.5,-137.5,1.0,30.0,2625.75,2017
2017-12-07,ok,232.5,262.5,1.0,359.0,2630.5,2017
2017-12-08,ok,0.0,0.0,0.0,0.0,2649.25,2017
2017-12-11,ok,-222.5,-162.5,2.0,60.0,2655.5,2017
2017-12-12,ok,-117.5,-87.5,1.0,30.0,2665.75,2017
2017-12-13,ok,-5.0,25.0,1.0,90.0,2670.25,2017
2017-12-14,ok,232.5,262.5,1.0,119.0,2670.5,2017
2017-12-15,ok,170.0,200.0,1.0,329.0,2666.75,2017
2017-12-18,ok,-105.0,-75.0,1.0,60.0,2692.5,2017
2017-12-19,ok,-132.5,-12.5,4.0,269.0,2697.25,2017
2017-12-20,ok,0.0,0.0,0.0,0.0,2694.75,2017
2017-12-21,ok,-105.0,-75.0,1.0,30.0,2689.25,2017
2017-12-22,ok,0.0,0.0,0.0,0.0,2688.5,2017
2017-12-26,ok,0.0,0.0,0.0,0.0,2685.5,2017
2017-12-27,ok,0.0,0.0,0.0,0.0,2688.0,2017
2017-12-28,ok,0.0,0.0,0.0,0.0,2688.25,2017
2017-12-29,ok,0.0,0.0,0.0,0.0,2693.75,2017
2018-01-02,ok,-105.0,-75.0,1.0,30.0,2687.0,2018
2018-01-03,ok,407.5,437.5,1.0,359.0,2697.25,2018
2018-01-04,ok,-377.5,-287.5,3.0,239.0,2719.0,2018
2018-01-05,ok,0.0,0.0,0.0,0.0,2732.25,2018
2018-01-08,ok,0.0,0.0,0.0,0.0,2740.25,2018
2018-01-09,ok,-172.5,-112.5,2.0,150.0,2751.0,2018
2018-01-10,ok,-167.5,-137.5,1.0,30.0,2744.25,2018
2018-01-11,ok,222.5,312.5,3.0,299.0,2754.25,2018
2018-01-12,ok,445.0,475.0,1.0,359.0,2771.0,2018
2018-01-16,ok,-522.5,-462.5,2.0,90.0,2800.75,2018
2018-01-17,ok,445.0,475.0,1.0,209.0,2788.75,2018
2018-01-18,ok,-142.5,-112.5,1.0,60.0,2803.0,2018
2018-01-19,ok,0.0,0.0,0.0,0.0,2806.0,2018
2018-01-22,ok,682.5,712.5,1.0,329.0,2809.5,2018
2018-01-23,ok,-230.0,-200.0,1.0,60.0,2835.5,2018
2018-01-24,ok,-355.0,-325.0,1.0,30.0,2848.0,2018
2018-01-25,ok,0.0,0.0,0.0,0.0,2848.5,2018
2018-01-26,ok,740.0,800.0,2.0,239.0,2849.5,2018
2018-01-29,ok,-142.5,-112.5,1.0,60.0,2866.25,2018
2018-01-30,ok,-552.5,-462.5,3.0,90.0,2831.75,2018
2018-01-31,ok,0.0,0.0,0.0,0.0,2833.75,2018
2018-02-01,ok,-560.0,-500.0,2.0,90.0,2816.75,2018
2018-02-02,ok,1932.5,1962.5,1.0,359.0,2806.25,2018
2018-02-05,ok,3657.5,3687.5,1.0,149.0,2739.25,2018
2018-02-06,ok,-490.0,-400.0,3.0,149.0,2601.75,2018
2018-02-07,ok,32.5,62.5,1.0,180.0,2687.25,2018
2018-02-08,ok,4170.0,4200.0,1.0,329.0,2682.0,2018
2018-02-09,ok,-3210.0,-3150.0,2.0,90.0,2609.5,2018
2018-02-12,ok,-847.5,-787.5,2.0,89.0,2639.5,2018
2018-02-13,ok,0.0,0.0,0.0,0.0,2640.75,2018
2018-02-14,ok,782.5,812.5,1.0,179.0,2645.25,2018
2018-02-15,ok,0.0,0.0,0.0,0.0,2717.0,2018
2018-02-16,ok,0.0,0.0,0.0,0.0,2723.75,2018
2018-02-20,ok,0.0,0.0,0.0,0.0,2720.75,2018
2018-02-21,ok,-417.5,-387.5,1.0,30.0,2719.25,2018
2018-02-22,ok,0.0,0.0,0.0,0.0,2711.5,2018
2018-02-23,ok,0.0,0.0,0.0,0.0,2718.25,2018
2018-02-26,ok,0.0,0.0,0.0,0.0,2759.5,2018
2018-02-27,ok,0.0,0.0,0.0,0.0,2781.75,2018
2018-02-28,ok,0.0,0.0,0.0,0.0,2757.0,2018
2018-03-01,ok,-285.0,-225.0,2.0,179.0,2713.5,2018
2018-03-02,ok,0.0,0.0,0.0,0.0,2656.5,2018
2018-03-05,ok,707.5,737.5,1.0,269.0,2676.0,2018
2018-03-06,ok,0.0,0.0,0.0,0.0,2731.5,2018
2018-03-07,ok,0.0,0.0,0.0,0.0,2702.25,2018
2018-03-08,ok,0.0,0.0,0.0,0.0,2738.5,2018
2018-03-09,ok,1157.5,1187.5,1.0,329.0,2759.75,2018
2018-03-12,ok,0.0,0.0,0.0,0.0,2795.0,2018
2018-03-13,ok,-142.5,-112.5,1.0,29.0,2801.5,2018
2018-03-14,ok,-597.5,-537.5,2.0,60.0,2780.25,2018
2018-03-15,ok,0.0,0.0,0.0,0.0,2760.0,2018
2018-03-16,ok,-17.5,12.5,1.0,30.0,2756.25,2018
2018-03-19,ok,1082.5,1112.5,1.0,359.0,2745.0,2018
2018-03-20,ok,0.0,0.0,0.0,0.0,2720.5,2018
2018-03-21,ok,0.0,0.0,0.0,0.0,2720.25,2018
2018-03-22,ok,915.0,975.0,2.0,179.0,2688.5,2018
2018-03-23,ok,-177.5,-87.5,3.0,119.0,2650.0,2018
2018-03-26,ok,-297.5,-237.5,2.0,59.0,2629.75,2018
2018-03-27,ok,1220.0,1250.0,1.0,59.0,2670.25,2018
2018-03-28,ok,-710.0,-650.0,2.0,90.0,2615.0,2018
2018-03-29,ok,357.5,387.5,1.0,299.0,2617.5,2018
2018-04-02,ok,2195.0,2225.0,1.0,359.0,2632.0,2018
2018-04-03,ok,0.0,0.0,0.0,0.0,2594.0,2018
2018-04-04,ok,70.0,100.0,1.0,29.0,2572.25,2018
2018-04-05,ok,0.0,0.0,0.0,0.0,2660.75,2018
2018-04-06,ok,-522.5,-462.5,2.0,149.0,2639.5,2018
2018-04-09,ok,882.5,912.5,1.0,300.0,2618.5,2018
2018-04-10,ok,0.0,0.0,0.0,0.0,2647.75,2018
2018-04-11,ok,0.0,0.0,0.0,0.0,2639.5,2018
2018-04-12,ok,-355.0,-325.0,1.0,60.0,2657.0,2018
2018-04-13,ok,0.0,0.0,0.0,0.0,2678.75,2018
2018-04-16,ok,0.0,0.0,0.0,0.0,2675.25,2018
2018-04-17,ok,0.0,0.0,0.0,0.0,2698.25,2018
2018-04-18,ok,0.0,0.0,0.0,0.0,2711.75,2018
2018-04-19,ok,-292.5,-262.5,1.0,30.0,2700.75,2018
2018-04-20,ok,190.0,250.0,2.0,269.0,2692.25,2018
2018-04-23,ok,0.0,0.0,0.0,0.0,2677.0,2018
2018-04-24,ok,932.5,962.5,1.0,209.0,2681.0,2018
2018-04-25,ok,-1147.5,-1087.5,2.0,90.0,2632.25,2018
2018-04-26,ok,-285.0,-225.0,2.0,150.0,2651.0,2018
2018-04-27,ok,0.0,0.0,0.0,0.0,2672.75,2018
2018-04-30,ok,220.0,250.0,1.0,29.0,2675.25,2018
2018-05-01,ok,-810.0,-750.0,2.0,120.0,2641.25,2018
2018-05-02,ok,-92.5,-62.5,1.0,30.0,2649.25,2018
2018-05-03,ok,-1105.0,-1075.0,1.0,150.0,2623.5,2018
2018-05-04,ok,1132.5,1162.5,1.0,329.0,2615.75,2018
2018-05-07,ok,-205.0,-175.0,1.0,30.0,2670.0,2018
2018-05-08,ok,0.0,0.0,0.0,0.0,2665.75,2018
2018-05-09,ok,195.0,225.0,1.0,179.0,2677.5,2018
2018-05-10,ok,145.0,175.0,1.0,150.0,2704.25,2018
2018-05-11,ok,-322.5,-262.5,2.0,60.0,2722.0,2018
2018-05-14,ok,0.0,0.0,0.0,0.0,2733.75,2018
2018-05-15,ok,-1040.0,-950.0,3.0,119.0,2716.25,2018
2018-05-16,ok,-297.5,-237.5,2.0,210.0,2711.25,2018
2018-05-17,ok,0.0,0.0,0.0,0.0,2719.5,2018
2018-05-18,ok,0.0,0.0,0.0,0.0,2715.75,2018
2018-05-21,ok,0.0,0.0,0.0,0.0,2728.75,2018
2018-05-22,ok,0.0,0.0,0.0,0.0,2738.5,2018
2018-05-23,ok,0.0,0.0,0.0,0.0,2710.5,2018
2018-05-24,ok,-242.5,-212.5,1.0,120.0,2727.5,2018
2018-05-25,ok,0.0,0.0,0.0,0.0,2720.0,2018
2018-05-29,ok,-117.5,-87.5,1.0,239.0,2700.75,2018
2018-05-30,ok,407.5,437.5,1.0,299.0,2703.25,2018
2018-05-31,ok,-97.5,-37.5,2.0,179.0,2719.0,2018
2018-06-01,ok,332.5,362.5,1.0,359.0,2721.25,2018
2018-06-04,ok,-305.0,-275.0,1.0,30.0,2742.5,2018
2018-06-05,ok,0.0,0.0,0.0,0.0,2747.5,2018
2018-06-06,ok,340.0,400.0,2.0,119.0,2755.0,2018
2018-06-07,ok,0.0,0.0,0.0,0.0,2780.25,2018
2018-06-08,ok,0.0,0.0,0.0,0.0,2768.75,2018
2018-06-11,ok,20.0,50.0,1.0,120.0,2784.5,2018
2018-06-12,ok,0.0,0.0,0.0,0.0,2790.75,2018
2018-06-13,ok,0.0,0.0,0.0,0.0,2792.5,2018
2018-06-14,ok,0.0,0.0,0.0,0.0,2790.25,2018
2018-06-15,ok,-142.5,-112.5,1.0,90.0,2778.75,2018
2018-06-18,ok,0.0,0.0,0.0,0.0,2766.5,2018
2018-06-19,ok,0.0,0.0,0.0,0.0,2750.75,2018
2018-06-20,ok,0.0,0.0,0.0,0.0,2774.0,2018
2018-06-21,ok,620.0,650.0,1.0,359.0,2770.0,2018
2018-06-22,ok,0.0,0.0,0.0,0.0,2767.25,2018
2018-06-25,ok,482.5,512.5,1.0,359.0,2744.25,2018
2018-06-26,ok,-67.5,-37.5,1.0,30.0,2725.75,2018
2018-06-27,ok,52.5,112.5,2.0,179.0,2732.0,2018
2018-06-28,ok,65.0,125.0,2.0,239.0,2701.5,2018
2018-06-29,ok,45.0,75.0,1.0,270.0,2729.5,2018
2018-07-02,ok,0.0,0.0,0.0,0.0,2703.25,2018
2018-07-03,ok,0.0,0.0,0.0,0.0,2736.5,2018
2018-07-05,ok,0.0,0.0,0.0,0.0,2729.5,2018
2018-07-06,ok,807.5,837.5,1.0,359.0,2739.0,2018
2018-07-09,ok,-30.0,0.0,1.0,60.0,2773.5,2018
2018-07-10,ok,0.0,0.0,0.0,0.0,2791.75,2018
2018-07-11,ok,0.0,0.0,0.0,0.0,2778.5,2018
2018-07-12,ok,-205.0,-175.0,1.0,30.0,2789.5,2018
2018-07-13,ok,0.0,0.0,0.0,0.0,2798.75,2018
2018-07-16,ok,0.0,0.0,0.0,0.0,2803.0,2018
2018-07-17,ok,-72.5,-12.5,2.0,209.0,2791.0,2018
2018-07-18,ok,0.0,0.0,0.0,0.0,2812.0,2018
2018-07-19,ok,-155.0,-125.0,1.0,60.0,2809.0,2018
2018-07-20,ok,0.0,0.0,0.0,0.0,2803.5,2018
2018-07-23,ok,0.0,0.0,0.0,0.0,2800.0,2018
2018-07-24,ok,57.5,87.5,1.0,60.0,2823.0,2018
2018-07-25,ok,472.5,562.5,3.0,179.0,2818.75,2018
2018-07-26,ok,0.0,0.0,0.0,0.0,2837.25,2018
2018-07-27,ok,595.0,625.0,1.0,269.0,2842.25,2018
2018-07-30,ok,152.5,212.5,2.0,329.0,2819.5,2018
2018-07-31,ok,-55.0,-25.0,1.0,150.0,2812.75,2018
2018-08-01,ok,-67.5,-37.5,1.0,30.0,2819.5,2018
2018-08-02,ok,95.0,125.0,1.0,149.0,2797.25,2018
2018-08-03,ok,-192.5,-162.5,1.0,30.0,2829.0,2018
2018-08-06,ok,-30.0,0.0,1.0,60.0,2839.0,2018
2018-08-07,ok,-80.0,-50.0,1.0,30.0,2857.0,2018
2018-08-08,ok,0.0,0.0,0.0,0.0,2857.0,2018
2018-08-09,ok,0.0,0.0,0.0,0.0,2858.0,2018
2018-08-10,ok,-142.5,-112.5,1.0,30.0,2837.0,2018
2018-08-13,ok,-172.5,-112.5,2.0,150.0,2837.0,2018
2018-08-14,ok,-277.5,-187.5,3.0,209.0,2831.0,2018
2018-08-15,ok,-247.5,-187.5,2.0,300.0,2825.25,2018
2018-08-16,ok,-347.5,-287.5,2.0,209.0,2835.0,2018
2018-08-17,ok,-105.0,-75.0,1.0,89.0,2839.25,2018
2018-08-20,ok,0.0,0.0,0.0,0.0,2856.75,2018
2018-08-21,ok,-85.0,-25.0,2.0,150.0,2863.5,2018
2018-08-22,ok,0.0,0.0,0.0,0.0,2859.5,2018
2018-08-23,ok,-267.5,-237.5,1.0,30.0,2859.5,2018
2018-08-24,ok,120.0,150.0,1.0,299.0,2865.0,2018
2018-08-27,ok,195.0,225.0,1.0,359.0,2888.75,2018
2018-08-28,ok,0.0,0.0,0.0,0.0,2903.25,2018
2018-08-29,ok,257.5,287.5,1.0,299.0,2901.75,2018
2018-08-30,ok,-130.0,-100.0,1.0,59.0,2908.75,2018
2018-08-31,ok,0.0,0.0,0.0,0.0,2897.75,2018
2018-09-04,ok,-372.5,-312.5,2.0,60.0,2897.25,2018
2018-09-05,ok,-222.5,-162.5,2.0,150.0,2892.75,2018
2018-09-06,ok,-447.5,-387.5,2.0,330.0,2889.5,2018
2018-09-07,ok,0.0,0.0,0.0,0.0,2867.5,2018
2018-09-10,ok,0.0,0.0,0.0,0.0,2885.5,2018
2018-09-11,ok,-155.0,-125.0,1.0,239.0,2871.25,2018
2018-09-12,ok,0.0,0.0,0.0,0.0,2887.75,2018
2018-09-13,ok,-142.5,-112.5,1.0,30.0,2904.75,2018
2018-09-14,ok,0.0,0.0,0.0,0.0,2912.5,2018
2018-09-17,ok,47.5,137.5,3.0,239.0,2909.5,2018
2018-09-18,ok,295.0,325.0,1.0,359.0,2897.75,2018
2018-09-19,ok,0.0,0.0,0.0,0.0,2911.25,2018
2018-09-20,ok,7.5,37.5,1.0,239.0,2927.75,2018
2018-09-21,ok,0.0,0.0,0.0,0.0,2945.25,2018
2018-09-24,ok,-30.0,0.0,1.0,30.0,2927.5,2018
2018-09-25,ok,0.0,0.0,0.0,0.0,2929.0,2018
2018-09-26,ok,-305.0,-275.0,1.0,30.0,2922.25,2018
2018-09-27,ok,-17.5,12.5,1.0,240.0,2917.5,2018
2018-09-28,ok,0.0,0.0,0.0,0.0,2912.5,2018
2018-10-01,ok,20.0,50.0,1.0,60.0,2933.75,2018
2018-10-02,ok,0.0,0.0,0.0,0.0,2928.0,2018
2018-10-03,ok,0.0,0.0,0.0,0.0,2939.5,2018
2018-10-04,ok,595.0,625.0,1.0,359.0,2923.75,2018
2018-10-05,ok,107.5,137.5,1.0,269.0,2908.0,2018
2018-10-08,ok,-635.0,-575.0,2.0,90.0,2881.5,2018
2018-10-09,ok,-280.0,-250.0,1.0,30.0,2885.5,2018
2018-10-10,ok,3182.5,3212.5,1.0,359.0,2879.5,2018
2018-10-11,ok,1665.0,1725.0,2.0,179.0,2780.5,2018
2018-10-12,ok,0.0,0.0,0.0,0.0,2776.5,2018
2018-10-15,ok,0.0,0.0,0.0,0.0,2763.25,2018
2018-10-16,ok,1032.5,1062.5,1.0,299.0,2773.75,2018
2018-10-17,ok,-80.0,-50.0,1.0,90.0,2812.25,2018
2018-10-18,ok,602.5,662.5,2.0,299.0,2801.25,2018
2018-10-19,ok,-267.5,-237.5,1.0,90.0,2778.25,2018
2018-10-22,ok,-772.5,-712.5,2.0,90.0,2777.0,2018
2018-10-23,ok,-680.0,-650.0,1.0,60.0,2715.5,2018
2018-10-24,ok,3152.5,3212.5,2.0,299.0,2739.25,2018
2018-10-25,ok,695.0,725.0,1.0,329.0,2679.0,2018
2018-10-26,ok,-367.5,-337.5,1.0,60.0,2663.75,2018
2018-10-29,ok,-680.0,-650.0,1.0,29.0,2692.25,2018
2018-10-30,ok,-1390.0,-1300.0,3.0,179.0,2641.5,2018
2018-10-31,ok,-360.0,-300.0,2.0,60.0,2711.5,2018
2018-11-01,ok,0.0,0.0,0.0,0.0,2720.5,2018
2018-11-02,ok,-167.5,-137.5,1.0,180.0,2751.25,2018
2018-11-05,ok,0.0,0.0,0.0,0.0,2727.5,2018
2018-11-06,ok,-192.5,-162.5,1.0,30.0,2736.75,2018
2018-11-07,ok,352.5,412.5,2.0,209.0,2779.25,2018
2018-11-08,ok,0.0,0.0,0.0,0.0,2804.75,2018
2018-11-09,ok,-255.0,-225.0,1.0,180.0,2793.0,2018
2018-11-12,ok,1545.0,1575.0,1.0,359.0,2774.25,2018
2018-11-13,ok,0.0,0.0,0.0,0.0,2733.25,2018
2018-11-14,ok,-605.0,-575.0,1.0,120.0,2744.0,2018
2018-11-15,ok,-392.5,-362.5,1.0,90.0,2689.0,2018
2018-11-16,ok,0.0,0.0,0.0,0.0,2719.0,2018
2018-11-19,ok,1045.0,1075.0,1.0,329.0,2731.25,2018
2018-11-20,ok,-217.5,-187.5,1.0,30.0,2654.0,2018
2018-11-21,ok,0.0,0.0,0.0,0.0,2658.25,2018
2018-11-23,ok,0.0,0.0,0.0,0.0,2631.0,2018
2018-11-26,ok,-267.5,-237.5,1.0,90.0,2657.25,2018
2018-11-27,ok,0.0,0.0,0.0,0.0,2662.25,2018
2018-11-28,ok,1032.5,1062.5,1.0,209.0,2695.0,2018
2018-11-29,ok,0.0,0.0,0.0,0.0,2736.25,2018
2018-11-30,ok,0.0,0.0,0.0,0.0,2736.75,2018
2018-12-03,ok,0.0,0.0,0.0,0.0,2801.0,2018
2018-12-04,ok,3365.0,3425.0,2.0,329.0,2782.25,2018
2018-12-06,ok,-760.0,-700.0,2.0,90.0,2656.75,2018
2018-12-07,ok,2295.0,2325.0,1.0,329.0,2691.75,2018
2018-12-10,ok,-330.0,-300.0,1.0,180.0,2630.75,2018
2018-12-11,ok,0.0,0.0,0.0,0.0,2673.25,2018
2018-12-12,ok,0.0,0.0,0.0,0.0,2671.5,2018
2018-12-13,ok,0.0,0.0,0.0,0.0,2665.5,2018
2018-12-14,ok,-285.0,-225.0,2.0,89.0,2628.75,2018
2018-12-17,ok,652.5,712.5,2.0,239.0,2593.0,2018
2018-12-18,ok,0.0,0.0,0.0,0.0,2570.0,2018
2018-12-19,ok,-752.5,-662.5,3.0,299.0,2549.25,2018
2018-12-20,ok,-847.5,-787.5,2.0,120.0,2494.25,2018
2018-12-21,ok,497.5,587.5,3.0,179.0,2476.5,2018
2018-12-24,ok,677.5,737.5,2.0,149.0,2400.25,2018
2018-12-26,ok,3782.5,3812.5,1.0,239.0,2368.25,2018
2018-12-27,ok,-1497.5,-1437.5,2.0,60.0,2433.25,2018
2018-12-28,ok,0.0,0.0,0.0,0.0,2504.25,2018
2018-12-31,ok,0.0,0.0,0.0,0.0,2503.5,2018
2019-01-02,ok,0.0,0.0,0.0,0.0,2467.75,2019
2019-01-03,ok,-157.5,-37.5,4.0,269.0,2490.5,2019
2019-01-04,ok,1682.5,1712.5,1.0,359.0,2483.0,2019
2019-01-07,ok,-305.0,-275.0,1.0,120.0,2534.5,2019
2019-01-08,ok,0.0,0.0,0.0,0.0,2576.0,2019
2019-01-09,ok,0.0,0.0,0.0,0.0,2582.75,2019
2019-01-10,ok,0.0,0.0,0.0,0.0,2569.75,2019
2019-01-11,ok,0.0,0.0,0.0,0.0,2583.75,2019
2019-01-14,ok,0.0,0.0,0.0,0.0,2575.5,2019
2019-01-15,ok,-377.5,-287.5,3.0,210.0,2584.5,2019
2019-01-16,ok,0.0,0.0,0.0,0.0,2614.75,2019
2019-01-17,ok,0.0,0.0,0.0,0.0,2605.75,2019
2019-01-18,ok,-67.5,-37.5,1.0,30.0,2656.0,2019
2019-01-22,ok,-447.5,-387.5,2.0,209.0,2654.25,2019
2019-01-23,ok,0.0,0.0,0.0,0.0,2646.25,2019
2019-01-24,ok,0.0,0.0,0.0,0.0,2637.5,2019
2019-01-25,ok,0.0,0.0,0.0,0.0,2661.25,2019
2019-01-28,ok,-305.0,-275.0,1.0,30.0,2638.5,2019
2019-01-29,ok,-180.0,-150.0,1.0,30.0,2643.5,2019
2019-01-30,ok,32.5,62.5,1.0,89.0,2655.25,2019
2019-01-31,ok,382.5,412.5,1.0,329.0,2679.0,2019
2019-02-01,ok,-455.0,-425.0,1.0,30.0,2705.0,2019
2019-02-04,ok,-30.0,0.0,1.0,60.0,2704.75,2019
2019-02-05,ok,-305.0,-275.0,1.0,30.0,2728.0,2019
2019-02-06,ok,0.0,0.0,0.0,0.0,2731.25,2019
2019-02-07,ok,-180.0,-150.0,1.0,299.0,2711.75,2019
2019-02-08,ok,0.0,0.0,0.0,0.0,2690.0,2019
2019-02-11,ok,0.0,0.0,0.0,0.0,2714.5,2019
2019-02-12,ok,532.5,562.5,1.0,359.0,2726.75,2019
2019-02-13,ok,-5.0,25.0,1.0,30.0,2753.0,2019
2019-02-14,ok,0.0,0.0,0.0,0.0,2739.5,2019
2019-02-15,ok,0.0,0.0,0.0,0.0,2765.0,2019
2019-02-19,ok,0.0,0.0,0.0,0.0,2766.25,2019
2019-02-20,ok,0.0,0.0,0.0,0.0,2779.5,2019
2019-02-21,ok,-410.0,-350.0,2.0,119.0,2777.75,2019
2019-02-22,ok,-72.5,-12.5,2.0,240.0,2781.75,2019
2019-02-25,ok,0.0,0.0,0.0,0.0,2808.0,2019
2019-02-26,ok,0.0,0.0,0.0,0.0,2791.5,2019
2019-02-27,ok,-155.0,-125.0,1.0,30.0,2785.5,2019
2019-02-28,ok,0.0,0.0,0.0,0.0,2789.25,2019
2019-03-01,ok,-542.5,-512.5,1.0,30.0,2803.75,2019
2019-03-04,ok,45.0,75.0,1.0,269.0,2815.5,2019
2019-03-05,ok,-317.5,-287.5,1.0,90.0,2794.75,2019
2019-03-06,ok,595.0,625.0,1.0,359.0,2790.5,2019
2019-03-07,ok,-272.5,-212.5,2.0,299.0,2771.75,2019
2019-03-08,ok,0.0,0.0,0.0,0.0,2732.0,2019
2019-03-11,ok,1082.5,1112.5,1.0,359.0,2755.25,2019
2019-03-12,ok,0.0,0.0,0.0,0.0,2793.5,2019
2019-03-13,ok,-42.5,-12.5,1.0,270.0,2807.5,2019
2019-03-14,ok,0.0,0.0,0.0,0.0,2815.5,2019
2019-03-15,ok,-155.0,-125.0,1.0,150.0,2819.25,2019
2019-03-18,ok,-405.0,-375.0,1.0,90.0,2830.0,2019
2019-03-19,ok,0.0,0.0,0.0,0.0,2849.75,2019
2019-03-20,ok,-602.5,-512.5,3.0,150.0,2836.5,2019
2019-03-21,ok,1020.0,1050.0,1.0,329.0,2820.25,2019
2019-03-22,ok,1320.0,1350.0,1.0,359.0,2845.5,2019
2019-03-25,ok,-205.0,-175.0,1.0,30.0,2801.75,2019
2019-03-26,ok,-472.5,-412.5,2.0,60.0,2823.0,2019
2019-03-27,ok,-647.5,-587.5,2.0,180.0,2824.0,2019
2019-03-28,ok,0.0,0.0,0.0,0.0,2815.5,2019
2019-03-29,ok,0.0,0.0,0.0,0.0,2835.75,2019
2019-04-01,ok,45.0,75.0,1.0,29.0,2859.0,2019
2019-04-02,ok,0.0,0.0,0.0,0.0,2871.75,2019
2019-04-03,ok,0.0,0.0,0.0,0.0,2884.75,2019
2019-04-04,ok,0.0,0.0,0.0,0.0,2878.75,2019
2019-04-05,ok,0.0,0.0,0.0,0.0,2890.0,2019
2019-04-08,ok,0.0,0.0,0.0,0.0,2891.5,2019
2019-04-09,ok,0.0,0.0,0.0,0.0,2887.25,2019
2019-04-10,ok,0.0,0.0,0.0,0.0,2887.75,2019
2019-04-11,ok,-117.5,-87.5,1.0,30.0,2898.0,2019
2019-04-12,ok,0.0,0.0,0.0,0.0,2909.75,2019
2019-04-15,ok,-55.0,-25.0,1.0,240.0,2912.25,2019
2019-04-16,ok,0.0,0.0,0.0,0.0,2919.25,2019
2019-04-17,ok,145.0,175.0,1.0,299.0,2923.0,2019
2019-04-18,ok,-180.0,-150.0,1.0,30.0,2909.5,2019
2019-04-22,ok,0.0,0.0,0.0,0.0,2900.0,2019
2019-04-23,ok,645.0,675.0,1.0,329.0,2915.0,2019
2019-04-24,ok,0.0,0.0,0.0,0.0,2936.0,2019
2019-04-25,ok,-280.0,-250.0,1.0,30.0,2928.75,2019
2019-04-26,ok,-85.0,-25.0,2.0,59.0,2928.0,2019
2019-04-29,ok,-30.0,0.0,1.0,150.0,2942.0,2019
2019-04-30,ok,-160.0,-100.0,2.0,90.0,2941.5,2019
2019-05-01,ok,0.0,0.0,0.0,0.0,2954.0,2019
2019-05-02,ok,-652.5,-562.5,3.0,180.0,2922.75,2019
2019-05-03,ok,182.5,212.5,1.0,239.0,2933.75,2019
2019-05-06,ok,0.0,0.0,0.0,0.0,2897.5,2019
2019-05-07,ok,170.0,200.0,1.0,299.0,2906.0,2019
2019-05-08,ok,0.0,0.0,0.0,0.0,2879.75,2019
2019-05-09,ok,-17.5,12.5,1.0,120.0,2856.0,2019
2019-05-10,ok,-660.0,-600.0,2.0,149.0,2859.75,2019
2019-05-13,ok,-807.5,-687.5,4.0,209.0,2826.75,2019
2019-05-14,ok,-92.5,-62.5,1.0,329.0,2822.75,2019
2019-05-15,ok,32.5,62.5,1.0,269.0,2818.25,2019
2019-05-16,ok,-42.5,-12.5,1.0,359.0,2859.75,2019
2019-05-17,ok,0.0,0.0,0.0,0.0,2853.0,2019
2019-05-20,ok,0.0,0.0,0.0,0.0,2842.0,2019
2019-05-21,ok,0.0,0.0,0.0,0.0,2859.25,2019
2019-05-22,ok,0.0,0.0,0.0,0.0,2855.25,2019
2019-05-23,ok,-560.0,-500.0,2.0,240.0,2832.0,2019
2019-05-24,ok,0.0,0.0,0.0,0.0,2837.5,2019
2019-05-28,ok,-330.0,-300.0,1.0,30.0,2830.75,2019
2019-05-29,ok,-860.0,-800.0,2.0,60.0,2788.5,2019
2019-05-30,ok,-67.5,-37.5,1.0,30.0,2789.75,2019
2019-05-31,ok,0.0,0.0,0.0,0.0,2760.5,2019
2019-06-03,ok,-1377.5,-1287.5,3.0,89.0,2751.0,2019
2019-06-04,ok,757.5,787.5,1.0,269.0,2769.25,2019
2019-06-05,ok,0.0,0.0,0.0,0.0,2821.25,2019
2019-06-06,ok,-155.0,-125.0,1.0,29.0,2830.75,2019
2019-06-07,ok,232.5,262.5,1.0,359.0,2856.75,2019
2019-06-10,ok,-305.0,-275.0,1.0,30.0,2890.75,2019
2019-06-11,ok,0.0,0.0,0.0,0.0,2907.25,2019
2019-06-12,ok,0.0,0.0,0.0,0.0,2883.5,2019
2019-06-13,ok,0.0,0.0,0.0,0.0,2894.75,2019
2019-06-14,ok,-92.5,-62.5,1.0,30.0,2893.0,2019
2019-06-17,ok,0.0,0.0,0.0,0.0,2895.25,2019
2019-06-18,ok,-460.0,-400.0,2.0,329.0,2914.0,2019
2019-06-19,ok,0.0,0.0,0.0,0.0,2925.5,2019
2019-06-20,ok,0.0,0.0,0.0,0.0,2960.5,2019
2019-06-21,ok,0.0,0.0,0.0,0.0,2955.5,2019
2019-06-24,ok,0.0,0.0,0.0,0.0,2956.25,2019
2019-06-25,ok,1107.5,1137.5,1.0,359.0,2951.0,2019
2019-06-26,ok,0.0,0.0,0.0,0.0,2931.25,2019
2019-06-27,ok,-117.5,-87.5,1.0,30.0,2926.25,2019
2019-06-28,ok,0.0,0.0,0.0,0.0,2938.5,2019
2019-07-01,ok,0.0,0.0,0.0,0.0,2979.5,2019
2019-07-02,ok,-92.5,-62.5,1.0,30.0,2968.0,2019
2019-07-03,ok,407.5,437.5,1.0,119.0,2983.25,2019
2019-07-05,ok,-180.0,-150.0,1.0,90.0,2985.75,2019
2019-07-08,ok,-155.0,-125.0,1.0,30.0,2981.5,2019
2019-07-09,ok,0.0,0.0,0.0,0.0,2966.25,2019
2019-07-10,ok,-417.5,-387.5,1.0,30.0,2994.5,2019
2019-07-11,ok,0.0,0.0,0.0,0.0,3003.5,2019
2019-07-12,ok,0.0,0.0,0.0,0.0,3009.0,2019
2019-07-15,ok,0.0,0.0,0.0,0.0,3021.5,2019
2019-07-16,ok,-160.0,-100.0,2.0,209.0,3016.75,2019
2019-07-17,ok,595.0,625.0,1.0,329.0,3007.25,2019
2019-07-18,ok,-67.5,-37.5,1.0,59.0,2980.75,2019
2019-07-19,ok,307.5,337.5,1.0,29.0,3009.0,2019
2019-07-22,ok,-255.0,-225.0,1.0,30.0,2984.5,2019
2019-07-23,ok,0.0,0.0,0.0,0.0,3000.0,2019
2019-07-24,ok,207.5,237.5,1.0,59.0,2999.5,2019
2019-07-25,ok,-147.5,-87.5,2.0,329.0,3017.0,2019
2019-07-26,ok,232.5,262.5,1.0,269.0,3014.75,2019
2019-07-29,ok,-230.0,-200.0,1.0,90.0,3026.0,2019
2019-07-30,ok,0.0,0.0,0.0,0.0,3005.75,2019
2019-07-31,ok,57.5,87.5,1.0,59.0,3016.25,2019
2019-08-01,ok,-447.5,-387.5,2.0,359.0,2981.25,2019
2019-08-02,ok,20.0,50.0,1.0,330.0,2943.25,2019
2019-08-05,ok,1620.0,1650.0,1.0,359.0,2885.0,2019
2019-08-06,ok,-292.5,-262.5,1.0,30.0,2862.75,2019
2019-08-07,ok,-592.5,-562.5,1.0,30.0,2847.25,2019
2019-08-08,ok,1482.5,1512.5,1.0,329.0,2898.5,2019
2019-08-09,ok,-505.0,-475.0,1.0,180.0,2928.75,2019
2019-08-12,ok,157.5,187.5,1.0,119.0,2902.0,2019
2019-08-13,ok,-267.5,-237.5,1.0,359.0,2879.75,2019
2019-08-14,ok,1307.5,1337.5,1.0,299.0,2882.5,2019
2019-08-15,ok,0.0,0.0,0.0,0.0,2850.25,2019
2019-08-16,ok,-72.5,-12.5,2.0,269.0,2865.5,2019
2019-08-19,ok,0.0,0.0,0.0,0.0,2923.5,2019
2019-08-20,ok,-292.5,-262.5,1.0,30.0,2918.75,2019
2019-08-21,ok,0.0,0.0,0.0,0.0,2925.5,2019
2019-08-22,ok,-405.0,-375.0,1.0,30.0,2932.25,2019
2019-08-23,ok,1645.0,1675.0,1.0,269.0,2909.5,2019
2019-08-26,ok,0.0,0.0,0.0,0.0,2872.5,2019
2019-08-27,ok,0.0,0.0,0.0,0.0,2895.25,2019
2019-08-28,ok,-272.5,-212.5,2.0,60.0,2861.0,2019
2019-08-29,ok,0.0,0.0,0.0,0.0,2916.5,2019
2019-08-30,ok,0.0,0.0,0.0,0.0,2941.5,2019
2019-09-03,ok,0.0,0.0,0.0,0.0,2904.0,2019
2019-09-04,ok,0.0,0.0,0.0,0.0,2930.0,2019
2019-09-05,ok,-85.0,-25.0,2.0,149.0,2966.25,2019
2019-09-06,ok,0.0,0.0,0.0,0.0,2980.0,2019
2019-09-09,ok,0.0,0.0,0.0,0.0,2989.25,2019
2019-09-10,ok,-597.5,-537.5,2.0,90.0,2971.25,2019
2019-09-11,ok,-42.5,-12.5,1.0,30.0,2982.0,2019
2019-09-12,ok,-617.5,-587.5,1.0,30.0,3011.0,2019
2019-09-13,ok,0.0,0.0,0.0,0.0,3016.75,2019
2019-09-16,ok,0.0,0.0,0.0,0.0,2997.25,2019
2019-09-17,ok,0.0,0.0,0.0,0.0,2998.25,2019
2019-09-18,ok,-630.0,-600.0,1.0,60.0,3003.5,2019
2019-09-19,ok,-317.5,-287.5,1.0,120.0,3013.5,2019
2019-09-20,ok,115.0,175.0,2.0,119.0,3014.75,2019
2019-09-23,ok,-435.0,-375.0,2.0,59.0,2986.25,2019
2019-09-24,ok,820.0,850.0,1.0,239.0,3004.75,2019
2019-09-25,ok,-165.0,-75.0,3.0,149.0,2970.0,2019
2019-09-26,ok,-80.0,-50.0,1.0,240.0,2986.5,2019
2019-09-27,ok,370.0,400.0,1.0,209.0,2988.25,2019
2019-09-30,ok,115.0,175.0,2.0,270.0,2969.0,2019
2019-10-01,ok,502.5,562.5,2.0,359.0,2986.5,2019
2019-10-02,ok,882.5,912.5,1.0,359.0,2923.25,2019
2019-10-03,ok,-335.0,-275.0,2.0,90.0,2885.25,2019
2019-10-04,ok,665.0,725.0,2.0,329.0,2918.5,2019
2019-10-07,ok,0.0,0.0,0.0,0.0,2941.5,2019
2019-10-08,ok,-205.0,-175.0,1.0,150.0,2916.25,2019
2019-10-09,ok,0.0,0.0,0.0,0.0,2913.75,2019
2019-10-10,ok,-415.0,-325.0,3.0,269.0,2917.5,2019
2019-10-11,ok,-810.0,-750.0,2.0,209.0,2968.75,2019
2019-10-14,ok,0.0,0.0,0.0,0.0,2965.25,2019
2019-10-15,ok,245.0,275.0,1.0,329.0,2976.75,2019
2019-10-16,ok,0.0,0.0,0.0,0.0,2989.5,2019
2019-10-17,ok,0.0,0.0,0.0,0.0,3002.5,2019
2019-10-18,ok,0.0,0.0,0.0,0.0,2992.0,2019
2019-10-21,ok,0.0,0.0,0.0,0.0,2999.5,2019
2019-10-22,ok,0.0,0.0,0.0,0.0,3011.0,2019
2019-10-23,ok,0.0,0.0,0.0,0.0,2992.0,2019
2019-10-24,ok,0.0,0.0,0.0,0.0,3013.75,2019
2019-10-25,ok,120.0,150.0,1.0,299.0,3001.5,2019
2019-10-28,ok,0.0,0.0,0.0,0.0,3033.25,2019
2019-10-29,ok,0.0,0.0,0.0,0.0,3033.75,2019
2019-10-30,ok,0.0,0.0,0.0,0.0,3038.0,2019
2019-10-31,ok,-17.5,12.5,1.0,359.0,3044.0,2019
2019-11-01,ok,202.5,262.5,2.0,179.0,3051.75,2019
2019-11-04,ok,0.0,0.0,0.0,0.0,3081.5,2019
2019-11-05,ok,0.0,0.0,0.0,0.0,3078.75,2019
2019-11-06,ok,0.0,0.0,0.0,0.0,3073.25,2019
2019-11-07,ok,-247.5,-187.5,2.0,60.0,3088.0,2019
2019-11-08,ok,0.0,0.0,0.0,0.0,3080.0,2019
2019-11-11,ok,0.0,0.0,0.0,0.0,3076.25,2019
2019-11-12,ok,-42.5,-12.5,1.0,120.0,3089.25,2019
2019-11-13,ok,0.0,0.0,0.0,0.0,3080.5,2019
2019-11-14,ok,0.0,0.0,0.0,0.0,3088.5,2019
2019-11-15,ok,0.0,0.0,0.0,0.0,3110.75,2019
2019-11-18,ok,0.0,0.0,0.0,0.0,3116.0,2019
2019-11-19,ok,-267.5,-237.5,1.0,30.0,3127.5,2019
2019-11-20,ok,-342.5,-312.5,1.0,179.0,3113.25,2019
2019-11-21,ok,-142.5,-112.5,1.0,180.0,3108.5,2019
2019-11-22,ok,0.0,0.0,0.0,0.0,3110.5,2019
2019-11-25,ok,307.5,337.5,1.0,359.0,3119.5,2019
2019-11-26,ok,-67.5,-37.5,1.0,30.0,3133.75,2019
2019-11-27,ok,57.5,87.5,1.0,149.0,3145.0,2019
2019-11-29,ok,0.0,0.0,0.0,0.0,3147.5,2019
2019-12-02,ok,720.0,750.0,1.0,359.0,3144.75,2019
2019-12-03,ok,57.5,87.5,1.0,60.0,3084.75,2019
2019-12-04,ok,-105.0,-75.0,1.0,359.0,3105.25,2019
2019-12-05,ok,0.0,0.0,0.0,0.0,3120.25,2019
2019-12-06,ok,-72.5,-12.5,2.0,329.0,3138.75,2019
2019-12-09,ok,0.0,0.0,0.0,0.0,3142.0,2019
2019-12-10,ok,0.0,0.0,0.0,0.0,3136.0,2019
2019-12-11,ok,0.0,0.0,0.0,0.0,3138.0,2019
2019-12-12,ok,120.0,150.0,1.0,359.0,3144.25,2019
2019-12-13,ok,0.0,0.0,0.0,0.0,3168.75,2019
2019-12-16,ok,-155.0,-125.0,1.0,150.0,3192.0,2019
2019-12-17,ok,0.0,0.0,0.0,0.0,3199.75,2019
2019-12-18,ok,0.0,0.0,0.0,0.0,3200.0,2019
2019-12-19,ok,207.5,237.5,1.0,239.0,3198.0,2019
2019-12-20,ok,0.0,0.0,0.0,0.0,3221.25,2019
2019-12-23,ok,0.0,0.0,0.0,0.0,3230.25,2019
2019-12-24,ok,0.0,0.0,0.0,0.0,3228.25,2019
2019-12-26,ok,160.0,250.0,3.0,239.0,3229.25,2019
2019-12-27,ok,0.0,0.0,0.0,0.0,3250.5,2019
2019-12-30,ok,170.0,200.0,1.0,359.0,3241.5,2019
2019-12-31,ok,0.0,0.0,0.0,0.0,3216.75,2019
2020-01-02,ok,0.0,0.0,0.0,0.0,3246.25,2020
2020-01-03,ok,0.0,0.0,0.0,0.0,3221.0,2020
2020-01-06,ok,0.0,0.0,0.0,0.0,3214.5,2020
2020-01-07,ok,0.0,0.0,0.0,0.0,3239.5,2020
2020-01-08,ok,-22.5,37.5,2.0,299.0,3239.0,2020
2020-01-09,ok,0.0,0.0,0.0,0.0,3271.0,2020
2020-01-10,ok,0.0,0.0,0.0,0.0,3282.0,2020
2020-01-13,ok,-135.0,-75.0,2.0,180.0,3273.0,2020
2020-01-14,ok,0.0,0.0,0.0,0.0,3283.75,2020
2020-01-15,ok,-472.5,-412.5,2.0,210.0,3282.25,2020
2020-01-16,ok,0.0,0.0,0.0,0.0,3305.25,2020
2020-01-17,ok,0.0,0.0,0.0,0.0,3325.25,2020
2020-01-21,ok,0.0,0.0,0.0,0.0,3316.5,2020
2020-01-22,ok,0.0,0.0,0.0,0.0,3330.5,2020
2020-01-23,ok,-280.0,-250.0,1.0,30.0,3313.5,2020
2020-01-24,ok,1095.0,1125.0,1.0,329.0,3331.5,2020
2020-01-27,ok,0.0,0.0,0.0,0.0,3236.75,2020
2020-01-28,ok,270.0,300.0,1.0,329.0,3257.0,2020
2020-01-29,ok,0.0,0.0,0.0,0.0,3290.25,2020
2020-01-30,ok,-642.5,-612.5,1.0,30.0,3249.0,2020
2020-01-31,ok,2132.5,2162.5,1.0,359.0,3275.5,2020
2020-02-03,ok,-1332.5,-1212.5,4.0,239.0,3239.25,2020
2020-02-04,ok,-310.0,-250.0,2.0,299.0,3286.5,2020
2020-02-05,ok,0.0,0.0,0.0,0.0,3328.0,2020
2020-02-06,ok,0.0,0.0,0.0,0.0,3344.0,2020
2020-02-07,ok,0.0,0.0,0.0,0.0,3333.0,2020
2020-02-10,ok,327.5,387.5,2.0,149.0,3316.5,2020
2020-02-11,ok,0.0,0.0,0.0,0.0,3366.25,2020
2020-02-12,ok,0.0,0.0,0.0,0.0,3372.5,2020
2020-02-13,ok,0.0,0.0,0.0,0.0,3362.25,2020
2020-02-14,ok,0.0,0.0,0.0,0.0,3378.0,2020
2020-02-18,ok,-192.5,-162.5,1.0,60.0,3368.5,2020
2020-02-19,ok,-80.0,-50.0,1.0,30.0,3380.75,2020
2020-02-20,ok,-405.0,-375.0,1.0,210.0,3380.0,2020
2020-02-21,ok,257.5,287.5,1.0,359.0,3357.25,2020
2020-02-24,ok,0.0,0.0,0.0,0.0,3232.0,2020
2020-02-25,ok,3757.5,3787.5,1.0,329.0,3240.25,2020
2020-02-26,ok,-1310.0,-1250.0,2.0,180.0,3142.25,2020
2020-02-27,ok,1290.0,1350.0,2.0,89.0,3054.0,2020
2020-02-28,ok,-1230.0,-1200.0,1.0,60.0,2885.75,2020
2020-03-02,ok,2065.0,2125.0,2.0,239.0,2980.5,2020
2020-03-03,ok,-347.5,-287.5,2.0,299.0,3093.25,2020
2020-03-04,ok,1982.5,2012.5,1.0,149.0,3058.75,2020
2020-03-05,ok,-1765.0,-1675.0,3.0,89.0,3047.0,2020
2020-03-06,ok,0.0,0.0,0.0,0.0,2928.25,2020
2020-03-09,ok,0.0,0.0,0.0,0.0,2762.0,2020
2020-03-10,ok,0.0,0.0,0.0,0.0,2840.25,2020
2020-03-11,ok,2195.0,2225.0,1.0,329.0,2802.25,2020
2020-03-12,ok,-10.0,50.0,2.0,179.0,2559.0,2020
2020-03-13,ok,0.0,0.0,0.0,0.0,2608.75,2020
2020-03-16,ok,460.0,550.0,3.0,179.0,2501.5,2020
2020-03-17,ok,1715.0,1775.0,2.0,239.0,2430.75,2020
2020-03-18,"unknown:нет цены на отметке, нормы или цены исполнения",,,,,,2020
2020-03-19,ok,-1502.5,-1412.5,3.0,90.0,2374.75,2020
2020-03-20,ok,1952.5,2012.5,2.0,119.0,2420.75,2020
2020-03-23,ok,-1140.0,-1050.0,3.0,239.0,2279.5,2020
2020-03-24,ok,-240.0,-150.0,3.0,239.0,2346.75,2020
2020-03-25,ok,-1392.5,-1362.5,1.0,209.0,2444.0,2020
2020-03-26,ok,3720.0,3750.0,1.0,359.0,2493.0,2020
2020-03-27,ok,0.0,0.0,0.0,0.0,2528.25,2020
2020-03-30,ok,-642.5,-612.5,1.0,60.0,2553.25,2020
2020-03-31,ok,0.0,0.0,0.0,0.0,2602.5,2020
2020-04-01,ok,0.0,0.0,0.0,0.0,2474.75,2020
2020-04-02,ok,-1335.0,-1275.0,2.0,150.0,2447.75,2020
2020-04-03,ok,-80.0,-50.0,1.0,60.0,2503.25,2020
2020-04-06,ok,-217.5,-187.5,1.0,120.0,2575.25,2020
2020-04-07,ok,0.0,0.0,0.0,0.0,2739.75,2020
2020-04-08,ok,445.0,475.0,1.0,30.0,2677.75,2020
2020-04-09,ok,-667.5,-637.5,1.0,30.0,2773.25,2020
2020-04-13,ok,-347.5,-287.5,2.0,150.0,2768.75,2020
2020-04-14,ok,70.0,100.0,1.0,30.0,2807.5,2020
2020-04-15,ok,0.0,0.0,0.0,0.0,2773.0,2020
2020-04-16,ok,0.0,0.0,0.0,0.0,2788.75,2020
2020-04-17,ok,0.0,0.0,0.0,0.0,2850.25,2020
2020-04-20,ok,0.0,0.0,0.0,0.0,2822.75,2020
2020-04-21,ok,-1140.0,-1050.0,3.0,210.0,2764.0,2020
2020-04-22,ok,0.0,0.0,0.0,0.0,2780.75,2020
2020-04-23,ok,-92.5,-62.5,1.0,90.0,2802.0,2020
2020-04-24,ok,0.0,0.0,0.0,0.0,2805.0,2020
2020-04-27,ok,0.0,0.0,0.0,0.0,2849.0,2020
2020-04-28,ok,0.0,0.0,0.0,0.0,2908.5,2020
2020-04-29,ok,-442.5,-412.5,1.0,179.0,2913.25,2020
2020-04-30,ok,-647.5,-587.5,2.0,180.0,2914.75,2020
2020-05-01,ok,-67.5,-37.5,1.0,239.0,2850.25,2020
2020-05-04,ok,0.0,0.0,0.0,0.0,2804.25,2020
2020-05-05,ok,-852.5,-762.5,3.0,240.0,2863.25,2020
2020-05-06,ok,0.0,0.0,0.0,0.0,2877.5,2020
2020-05-07,ok,0.0,0.0,0.0,0.0,2874.5,2020
2020-05-08,ok,0.0,0.0,0.0,0.0,2908.0,2020
2020-05-11,ok,0.0,0.0,0.0,0.0,2900.25,2020
2020-05-12,ok,997.5,1087.5,3.0,89.0,2935.0,2020
2020-05-13,ok,765.0,825.0,2.0,329.0,2857.25,2020
2020-05-14,ok,-1505.0,-1475.0,1.0,60.0,2786.25,2020
2020-05-15,ok,0.0,0.0,0.0,0.0,2820.5,2020
2020-05-18,ok,190.0,250.0,2.0,210.0,2927.0,2020
2020-05-19,ok,0.0,0.0,0.0,0.0,2939.75,2020
2020-05-20,ok,-255.0,-225.0,1.0,120.0,2954.5,2020
2020-05-21,ok,207.5,237.5,1.0,90.0,2964.25,2020
2020-05-22,ok,-192.5,-162.5,1.0,30.0,2941.75,2020
2020-05-26,ok,0.0,0.0,0.0,0.0,3016.0,2020
2020-05-27,ok,-467.5,-437.5,1.0,30.0,3017.5,2020
2020-05-28,ok,0.0,0.0,0.0,0.0,3043.5,2020
2020-05-29,ok,70.0,100.0,1.0,60.0,3021.25,2020
2020-06-01,ok,0.0,0.0,0.0,0.0,3032.75,2020
2020-06-02,ok,0.0,0.0,0.0,0.0,3062.25,2020
2020-06-03,ok,20.0,50.0,1.0,59.0,3098.75,2020
2020-06-04,ok,0.0,0.0,0.0,0.0,3107.75,2020
2020-06-05,ok,20.0,50.0,1.0,299.0,3169.5,2020
2020-06-08,ok,720.0,750.0,1.0,119.0,3199.75,2020
2020-06-09,ok,0.0,0.0,0.0,0.0,3200.25,2020
2020-06-10,ok,-317.5,-287.5,1.0,60.0,3211.75,2020
2020-06-11,ok,4745.0,4775.0,1.0,329.0,3100.75,2020
2020-06-12,ok,-1130.0,-1100.0,1.0,30.0,3068.75,2020
2020-06-15,ok,-1055.0,-1025.0,1.0,60.0,2966.0,2020
2020-06-16,ok,0.0,0.0,0.0,0.0,3140.75,2020
2020-06-17,ok,-617.5,-587.5,1.0,30.0,3127.5,2020
2020-06-18,ok,0.0,0.0,0.0,0.0,3086.0,2020
2020-06-19,ok,0.0,0.0,0.0,0.0,3141.25,2020
2020-06-22,ok,0.0,0.0,0.0,0.0,3079.0,2020
2020-06-23,ok,0.0,0.0,0.0,0.0,3134.25,2020
2020-06-24,ok,1832.5,1862.5,1.0,359.0,3097.25,2020
2020-06-25,ok,0.0,0.0,0.0,0.0,3033.75,2020
2020-06-26,ok,2470.0,2500.0,1.0,359.0,3061.0,2020
2020-06-29,ok,0.0,0.0,0.0,0.0,3013.25,2020
2020-06-30,ok,182.5,212.5,1.0,30.0,3038.75,2020
2020-07-01,ok,0.0,0.0,0.0,0.0,3094.5,2020
2020-07-02,ok,-905.0,-875.0,1.0,30.0,3141.75,2020
2020-07-06,ok,0.0,0.0,0.0,0.0,3163.5,2020
2020-07-07,ok,0.0,0.0,0.0,0.0,3153.0,2020
2020-07-08,ok,-442.5,-412.5,1.0,30.0,3145.0,2020
2020-07-09,ok,-1330.0,-1300.0,1.0,210.0,3167.25,2020
2020-07-10,ok,345.0,375.0,1.0,59.0,3141.5,2020
2020-07-13,ok,-485.0,-425.0,2.0,60.0,3200.5,2020
2020-07-14,ok,795.0,825.0,1.0,89.0,3131.75,2020
2020-07-15,ok,0.0,0.0,0.0,0.0,3223.0,2020
2020-07-16,ok,0.0,0.0,0.0,0.0,3197.25,2020
2020-07-17,ok,0.0,0.0,0.0,0.0,3217.75,2020
2020-07-20,ok,495.0,525.0,1.0,149.0,3213.75,2020
2020-07-21,ok,0.0,0.0,0.0,0.0,3263.75,2020
2020-07-22,ok,-230.0,-200.0,1.0,30.0,3245.75,2020
2020-07-23,ok,1132.5,1162.5,1.0,179.0,3264.25,2020
2020-07-24,ok,0.0,0.0,0.0,0.0,3209.0,2020
2020-07-27,ok,-55.0,-25.0,1.0,60.0,3215.75,2020
2020-07-28,ok,0.0,0.0,0.0,0.0,3223.75,2020
2020-07-29,ok,1120.0,1150.0,1.0,359.0,3220.5,2020
2020-07-30,ok,-667.5,-637.5,1.0,60.0,3218.25,2020
2020-07-31,ok,-847.5,-787.5,2.0,180.0,3258.0,2020
2020-08-03,ok,0.0,0.0,0.0,0.0,3283.0,2020
2020-08-04,ok,0.0,0.0,0.0,0.0,3277.75,2020
2020-08-05,ok,0.0,0.0,0.0,0.0,3314.25,2020
2020-08-06,ok,320.0,350.0,1.0,89.0,3313.75,2020
2020-08-07,ok,0.0,0.0,0.0,0.0,3331.75,2020
2020-08-10,ok,-630.0,-600.0,1.0,30.0,3350.0,2020
2020-08-11,ok,0.0,0.0,0.0,0.0,3368.25,2020
2020-08-12,ok,482.5,512.5,1.0,359.0,3353.75,2020
2020-08-13,ok,0.0,0.0,0.0,0.0,3365.25,2020
2020-08-14,ok,0.0,0.0,0.0,0.0,3363.5,2020
2020-08-17,ok,0.0,0.0,0.0,0.0,3378.75,2020
2020-08-18,ok,-530.0,-500.0,1.0,30.0,3382.75,2020
2020-08-19,ok,0.0,0.0,0.0,0.0,3390.0,2020
2020-08-20,ok,-130.0,-100.0,1.0,30.0,3352.75,2020
2020-08-21,ok,32.5,62.5,1.0,59.0,3378.5,2020
2020-08-24,ok,0.0,0.0,0.0,0.0,3420.5,2020
2020-08-25,ok,0.0,0.0,0.0,0.0,3434.75,2020
2020-08-26,ok,1045.0,1075.0,1.0,269.0,3446.75,2020
2020-08-27,ok,-835.0,-775.0,2.0,120.0,3484.5,2020
2020-08-28,ok,0.0,0.0,0.0,0.0,3493.75,2020
2020-08-31,ok,-380.0,-350.0,1.0,30.0,3502.75,2020
2020-09-01,ok,290.0,350.0,2.0,209.0,3501.5,2020
2020-09-02,ok,1107.5,1137.5,1.0,209.0,3546.25,2020
2020-09-03,ok,3595.0,3625.0,1.0,329.0,3558.0,2020
2020-09-04,ok,-530.0,-500.0,1.0,300.0,3460.25,2020
2020-09-08,ok,-280.0,-250.0,1.0,30.0,3365.75,2020
2020-09-09,ok,795.0,825.0,1.0,359.0,3375.0,2020
2020-09-10,ok,1552.5,1612.5,2.0,179.0,3407.5,2020
2020-09-11,ok,-180.0,-150.0,1.0,30.0,3342.0,2020
2020-09-14,ok,282.5,312.5,1.0,180.0,3363.5,2020
2020-09-15,ok,0.0,0.0,0.0,0.0,3400.0,2020
2020-09-16,ok,0.0,0.0,0.0,0.0,3404.25,2020
2020-09-17,ok,0.0,0.0,0.0,0.0,3323.5,2020
2020-09-18,ok,490.0,550.0,2.0,239.0,3355.0,2020
2020-09-21,ok,-1385.0,-1325.0,2.0,150.0,3258.0,2020
2020-09-22,ok,0.0,0.0,0.0,0.0,3286.0,2020
2020-09-23,ok,1515.0,1575.0,2.0,179.0,3309.25,2020
2020-09-24,ok,-930.0,-900.0,1.0,60.0,3212.25,2020
2020-09-25,ok,1257.5,1287.5,1.0,149.0,3225.75,2020
2020-09-28,ok,0.0,0.0,0.0,0.0,3333.0,2020
2020-09-29,ok,-305.0,-275.0,1.0,60.0,3340.75,2020
2020-09-30,ok,-442.5,-412.5,1.0,330.0,3331.75,2020
2020-10-01,ok,0.0,0.0,0.0,0.0,3377.25,2020
2020-10-02,ok,0.0,0.0,0.0,0.0,3316.75,2020
2020-10-05,ok,290.0,350.0,2.0,269.0,3360.5,2020
2020-10-06,ok,1020.0,1050.0,1.0,59.0,3399.25,2020
2020-10-07,ok,-292.5,-262.5,1.0,89.0,3381.25,2020
2020-10-08,ok,0.0,0.0,0.0,0.0,3428.5,2020
2020-10-09,ok,0.0,0.0,0.0,0.0,3456.25,2020
2020-10-12,ok,332.5,362.5,1.0,269.0,3496.75,2020
2020-10-13,ok,0.0,0.0,0.0,0.0,3523.25,2020
2020-10-14,ok,-785.0,-725.0,2.0,150.0,3508.0,2020
2020-10-15,ok,0.0,0.0,0.0,0.0,3437.0,2020
2020-10-16,ok,-392.5,-362.5,1.0,30.0,3490.0,2020
2020-10-19,ok,0.0,0.0,0.0,0.0,3442.5,2020
2020-10-20,ok,0.0,0.0,0.0,0.0,3448.5,2020
2020-10-21,ok,0.0,0.0,0.0,0.0,3410.75,2020
2020-10-22,ok,0.0,0.0,0.0,0.0,3443.75,2020
2020-10-23,"unknown:нет open, вчерашнего close или close сессии",,,,,,2020
2020-10-26,"unknown:нет open, вчерашнего close или close сессии",,,,,,2020
2020-10-27,ok,-192.5,-162.5,1.0,30.0,3397.25,2020
2020-10-28,ok,2270.0,2300.0,1.0,359.0,3321.0,2020
2020-10-29,ok,1045.0,1075.0,1.0,359.0,3268.75,2020
2020-10-30,ok,-830.0,-800.0,1.0,329.0,3281.5,2020
2020-11-02,ok,-305.0,-275.0,1.0,60.0,3302.0,2020
2020-11-03,ok,-410.0,-350.0,2.0,299.0,3337.0,2020
2020-11-04,ok,470.0,500.0,1.0,359.0,3409.0,2020
2020-11-05,ok,-140.0,-50.0,3.0,90.0,3492.25,2020
2020-11-06,ok,-792.5,-762.5,1.0,30.0,3499.25,2020
2020-11-09,ok,0.0,0.0,0.0,0.0,3640.5,2020
2020-11-10,ok,0.0,0.0,0.0,0.0,3535.25,2020
2020-11-11,ok,0.0,0.0,0.0,0.0,3564.75,2020
2020-11-12,ok,-960.0,-900.0,2.0,119.0,3557.0,2020
2020-11-13,ok,0.0,0.0,0.0,0.0,3553.5,2020
2020-11-16,ok,0.0,0.0,0.0,0.0,3611.0,2020
2020-11-17,ok,-580.0,-550.0,1.0,30.0,3600.75,2020
2020-11-18,ok,0.0,0.0,0.0,0.0,3609.75,2020
2020-11-19,ok,0.0,0.0,0.0,0.0,3556.75,2020
2020-11-20,ok,0.0,0.0,0.0,0.0,3575.25,2020
2020-11-23,ok,0.0,0.0,0.0,0.0,3573.0,2020
2020-11-24,ok,332.5,362.5,1.0,269.0,3602.5,2020
2020-11-25,ok,-385.0,-325.0,2.0,150.0,3631.5,2020
2020-11-27,ok,0.0,0.0,0.0,0.0,3638.75,2020
2020-11-30,ok,-492.5,-462.5,1.0,270.0,3628.25,2020
2020-12-01,ok,-252.5,-162.5,3.0,240.0,3656.25,2020
2020-12-02,ok,0.0,0.0,0.0,0.0,3648.5,2020
2020-12-03,ok,20.0,50.0,1.0,60.0,3667.0,2020
2020-12-04,ok,795.0,825.0,1.0,359.0,3672.75,2020
2020-12-07,ok,0.0,0.0,0.0,0.0,3690.5,2020
2020-12-08,ok,-297.5,-237.5,2.0,60.0,3677.0,2020
2020-12-09,ok,720.0,750.0,1.0,179.0,3708.75,2020
2020-12-10,ok,0.0,0.0,0.0,0.0,3645.5,2020
2020-12-11,ok,0.0,0.0,0.0,0.0,3640.75,2020
2020-12-14,ok,-767.5,-737.5,1.0,60.0,3678.75,2020
2020-12-15,ok,-205.0,-175.0,1.0,90.0,3667.25,2020
2020-12-16,ok,0.0,0.0,0.0,0.0,3691.0,2020
2020-12-17,ok,0.0,0.0,0.0,0.0,3711.5,2020
2020-12-18,ok,107.5,137.5,1.0,359.0,3716.0,2020
2020-12-21,ok,-942.5,-912.5,1.0,60.0,3655.75,2020
2020-12-22,ok,0.0,0.0,0.0,0.0,3687.75,2020
2020-12-23,ok,-267.5,-237.5,1.0,30.0,3688.25,2020
2020-12-24,ok,0.0,0.0,0.0,0.0,3686.25,2020
2020-12-28,ok,0.0,0.0,0.0,0.0,3722.75,2020
2020-12-29,ok,0.0,0.0,0.0,0.0,3744.25,2020
2020-12-30,ok,0.0,0.0,0.0,0.0,3729.25,2020
2020-12-31,ok,357.5,387.5,1.0,29.0,3723.25,2020
2021-01-04,ok,2282.5,2312.5,1.0,359.0,3758.5,2021
2021-01-05,ok,-97.5,-37.5,2.0,149.0,3685.5,2021
2021-01-06,ok,707.5,737.5,1.0,359.0,3702.0,2021
2021-01-07,ok,532.5,562.5,1.0,359.0,3765.75,2021
2021-01-08,ok,0.0,0.0,0.0,0.0,3810.25,2021
2021-01-11,ok,0.0,0.0,0.0,0.0,3782.75,2021
2021-01-12,ok,0.0,0.0,0.0,0.0,3793.0,2021
2021-01-13,ok,0.0,0.0,0.0,0.0,3791.0,2021
2021-01-14,ok,0.0,0.0,0.0,0.0,3810.25,2021
2021-01-15,ok,-405.0,-375.0,1.0,30.0,3771.5,2021
2021-01-19,ok,0.0,0.0,0.0,0.0,3788.25,2021
2021-01-20,ok,302.5,362.5,2.0,269.0,3815.5,2021
2021-01-21,ok,0.0,0.0,0.0,0.0,3849.25,2021
2021-01-22,ok,0.0,0.0,0.0,0.0,3826.25,2021
2021-01-25,ok,-930.0,-900.0,1.0,30.0,3841.0,2021
2021-01-26,ok,0.0,0.0,0.0,0.0,3858.25,2021
2021-01-27,ok,822.5,912.5,3.0,269.0,3806.0,2021
2021-01-28,ok,-180.0,-150.0,1.0,359.0,3767.25,2021
2021-01-29,ok,1295.0,1325.0,1.0,269.0,3760.0,2021
2021-02-01,ok,-67.5,-37.5,1.0,209.0,3740.75,2021
2021-02-02,ok,282.5,312.5,1.0,359.0,3799.25,2021
2021-02-03,ok,0.0,0.0,0.0,0.0,3827.25,2021
2021-02-04,ok,560.0,650.0,3.0,239.0,3832.25,2021
2021-02-05,ok,0.0,0.0,0.0,0.0,3885.5,2021
2021-02-08,ok,0.0,0.0,0.0,0.0,3896.0,2021
2021-02-09,ok,0.0,0.0,0.0,0.0,3899.75,2021
2021-02-10,ok,0.0,0.0,0.0,0.0,3924.25,2021
2021-02-11,ok,0.0,0.0,0.0,0.0,3916.0,2021
2021-02-12,ok,0.0,0.0,0.0,0.0,3901.75,2021
2021-02-16,ok,0.0,0.0,0.0,0.0,3943.0,2021
2021-02-17,ok,0.0,0.0,0.0,0.0,3907.5,2021
2021-02-18,ok,-267.5,-237.5,1.0,30.0,3898.75,2021
2021-02-19,ok,0.0,0.0,0.0,0.0,3923.75,2021
2021-02-22,ok,0.0,0.0,0.0,0.0,3873.25,2021
2021-02-23,ok,-3002.5,-2912.5,3.0,89.0,3849.25,2021
2021-02-24,ok,1695.0,1725.0,1.0,299.0,3866.0,2021
2021-02-25,ok,3632.5,3662.5,1.0,329.0,3907.25,2021
2021-02-26,ok,-1980.0,-1950.0,1.0,30.0,3846.5,2021
2021-03-01,ok,1220.0,1250.0,1.0,359.0,3858.75,2021
2021-03-02,ok,-380.0,-350.0,1.0,120.0,3900.75,2021
2021-03-03,ok,-15.0,75.0,3.0,119.0,3860.25,2021
2021-03-04,ok,120.0,150.0,1.0,179.0,3814.25,2021
2021-03-05,ok,-197.5,-137.5,2.0,90.0,3806.5,2021
2021-03-08,ok,-2390.0,-2300.0,3.0,150.0,3848.75,2021
2021-03-09,ok,832.5,862.5,1.0,330.0,3860.75,2021
2021-03-10,ok,0.0,0.0,0.0,0.0,3899.0,2021
2021-03-11,ok,-235.0,-175.0,2.0,210.0,3914.5,2021
2021-03-12,ok,0.0,0.0,0.0,0.0,3913.25,2021
2021-03-15,ok,0.0,0.0,0.0,0.0,3936.0,2021
2021-03-16,ok,0.0,0.0,0.0,0.0,3963.25,2021
2021-03-17,ok,0.0,0.0,0.0,0.0,3937.5,2021
2021-03-18,ok,0.0,0.0,0.0,0.0,3936.25,2021
2021-03-19,ok,-180.0,-150.0,1.0,30.0,3902.25,2021
2021-03-22,ok,607.5,637.5,1.0,359.0,3904.0,2021
2021-03-23,ok,-80.0,-50.0,1.0,29.0,3922.75,2021
2021-03-24,ok,0.0,0.0,0.0,0.0,3914.25,2021
2021-03-25,ok,70.0,100.0,1.0,29.0,3864.0,2021
2021-03-26,ok,960.0,1050.0,3.0,119.0,3913.5,2021
2021-03-29,ok,-430.0,-400.0,1.0,60.0,3947.75,2021
2021-03-30,ok,0.0,0.0,0.0,0.0,3947.75,2021
2021-03-31,ok,157.5,187.5,1.0,359.0,3957.0,2021
2021-04-01,ok,-115.0,-25.0,3.0,210.0,3988.0,2021
2021-04-05,ok,832.5,862.5,1.0,359.0,4038.25,2021
2021-04-06,ok,0.0,0.0,0.0,0.0,4061.5,2021
2021-04-07,ok,0.0,0.0,0.0,0.0,4063.25,2021
2021-04-08,ok,0.0,0.0,0.0,0.0,4083.0,2021
2021-04-09,ok,340.0,400.0,2.0,89.0,4087.75,2021
2021-04-12,ok,0.0,0.0,0.0,0.0,4112.75,2021
2021-04-13,ok,57.5,87.5,1.0,89.0,4119.75,2021
2021-04-14,ok,-610.0,-550.0,2.0,60.0,4132.25,2021
2021-04-15,ok,207.5,237.5,1.0,300.0,4141.75,2021
2021-04-16,ok,0.0,0.0,0.0,0.0,4177.25,2021
2021-04-19,ok,-485.0,-425.0,2.0,269.0,4166.75,2021
2021-04-20,ok,-30.0,0.0,1.0,299.0,4143.25,2021
2021-04-21,ok,1332.5,1362.5,1.0,359.0,4119.25,2021
2021-04-22,ok,1052.5,1112.5,2.0,179.0,4163.25,2021
2021-04-23,ok,1232.5,1262.5,1.0,359.0,4132.75,2021
2021-04-26,ok,0.0,0.0,0.0,0.0,4178.25,2021
2021-04-27,ok,-230.0,-200.0,1.0,30.0,4183.0,2021
2021-04-28,ok,0.0,0.0,0.0,0.0,4182.0,2021
2021-04-29,ok,0.0,0.0,0.0,0.0,4207.25,2021
2021-04-30,ok,0.0,0.0,0.0,0.0,4180.0,2021
2021-05-03,ok,0.0,0.0,0.0,0.0,4198.25,2021
2021-05-04,ok,-880.0,-850.0,1.0,359.0,4164.75,2021
2021-05-05,ok,0.0,0.0,0.0,0.0,4177.75,2021
2021-05-06,ok,-510.0,-450.0,2.0,90.0,4162.25,2021
2021-05-07,ok,507.5,537.5,1.0,359.0,4202.75,2021
2021-05-10,ok,857.5,887.5,1.0,89.0,4228.5,2021
2021-05-11,ok,-1042.5,-1012.5,1.0,60.0,4134.25,2021
2021-05-12,ok,1920.0,1950.0,1.0,299.0,4115.5,2021
2021-05-13,ok,57.5,87.5,1.0,359.0,4073.75,2021
2021-05-14,ok,302.5,362.5,2.0,329.0,4135.0,2021
2021-05-17,ok,0.0,0.0,0.0,0.0,4156.75,2021
2021-05-18,ok,0.0,0.0,0.0,0.0,4161.0,2021
2021-05-19,ok,0.0,0.0,0.0,0.0,4071.75,2021
2021-05-20,ok,982.5,1012.5,1.0,359.0,4120.75,2021
2021-05-21,ok,-742.5,-712.5,1.0,30.0,4171.5,2021
2021-05-24,ok,252.5,312.5,2.0,270.0,4176.25,2021
2021-05-25,ok,0.0,0.0,0.0,0.0,4206.25,2021
2021-05-26,ok,0.0,0.0,0.0,0.0,4191.5,2021
2021-05-27,ok,0.0,0.0,0.0,0.0,4204.5,2021
2021-05-28,ok,0.0,0.0,0.0,0.0,4212.5,2021
2021-06-01,ok,0.0,0.0,0.0,0.0,4228.75,2021
2021-06-02,ok,0.0,0.0,0.0,0.0,4206.5,2021
2021-06-03,ok,0.0,0.0,0.0,0.0,4181.0,2021
2021-06-04,ok,2.5,62.5,2.0,60.0,4210.25,2021
2021-06-07,ok,-80.0,-50.0,1.0,30.0,4228.5,2021
2021-06-08,ok,-567.5,-537.5,1.0,30.0,4233.75,2021
2021-06-09,ok,0.0,0.0,0.0,0.0,4234.5,2021
2021-06-10,ok,-267.5,-237.5,1.0,30.0,4222.75,2021
2021-06-11,ok,0.0,0.0,0.0,0.0,4235.0,2021
2021-06-14,ok,-390.0,-300.0,3.0,120.0,4237.75,2021
2021-06-15,ok,-97.5,-37.5,2.0,269.0,4247.75,2021
2021-06-16,ok,645.0,675.0,1.0,209.0,4239.5,2021
2021-06-17,ok,-755.0,-725.0,1.0,30.0,4208.75,2021
2021-06-18,ok,-960.0,-900.0,2.0,60.0,4175.75,2021
2021-06-21,ok,1420.0,1450.0,1.0,359.0,4173.5,2021
2021-06-22,ok,595.0,625.0,1.0,299.0,4213.75,2021
2021-06-23,ok,0.0,0.0,0.0,0.0,4237.0,2021
2021-06-24,ok,0.0,0.0,0.0,0.0,4254.25,2021
2021-06-25,ok,0.0,0.0,0.0,0.0,4264.25,2021
2021-06-28,ok,0.0,0.0,0.0,0.0,4277.25,2021
2021-06-29,ok,0.0,0.0,0.0,0.0,4284.25,2021
2021-06-30,ok,0.0,0.0,0.0,0.0,4277.5,2021
2021-07-01,ok,215.0,275.0,2.0,149.0,4294.0,2021
2021-07-02,ok,195.0,225.0,1.0,179.0,4322.25,2021
2021-07-06,ok,45.0,75.0,1.0,330.0,4343.5,2021
2021-07-07,ok,0.0,0.0,0.0,0.0,4342.25,2021
2021-07-08,ok,0.0,0.0,0.0,0.0,4292.5,2021
2021-07-09,ok,895.0,925.0,1.0,359.0,4331.0,2021
2021-07-12,ok,172.5,262.5,3.0,209.0,4359.25,2021
2021-07-13,ok,0.0,0.0,0.0,0.0,4367.5,2021
2021-07-14,ok,0.0,0.0,0.0,0.0,4379.25,2021
2021-07-15,ok,-617.5,-587.5,1.0,30.0,4353.25,2021
2021-07-16,ok,715.0,775.0,2.0,269.0,4365.25,2021
2021-07-19,ok,-367.5,-337.5,1.0,359.0,4266.75,2021
2021-07-20,ok,1395.0,1425.0,1.0,359.0,4261.25,2021
2021-07-21,ok,-547.5,-487.5,2.0,60.0,4328.0,2021
2021-07-22,ok,0.0,0.0,0.0,0.0,4352.0,2021
2021-07-23,ok,-285.0,-225.0,2.0,179.0,4379.75,2021
2021-07-26,ok,0.0,0.0,0.0,0.0,4398.0,2021
2021-07-27,ok,232.5,262.5,1.0,240.0,4403.5,2021
2021-07-28,ok,0.0,0.0,0.0,0.0,4401.25,2021
2021-07-29,ok,-72.5,-12.5,2.0,90.0,4402.75,2021
2021-07-30,ok,0.0,0.0,0.0,0.0,4384.0,2021
2021-08-02,ok,0.0,0.0,0.0,0.0,4408.0,2021
2021-08-03,ok,-460.0,-400.0,2.0,119.0,4388.5,2021
2021-08-04,ok,0.0,0.0,0.0,0.0,4401.75,2021
2021-08-05,ok,0.0,0.0,0.0,0.0,4406.0,2021
2021-08-06,ok,0.0,0.0,0.0,0.0,4425.0,2021
2021-08-09,ok,-55.0,-25.0,1.0,30.0,4428.5,2021
2021-08-10,ok,-417.5,-387.5,1.0,30.0,4429.75,2021
2021-08-11,ok,0.0,0.0,0.0,0.0,4441.75,2021
2021-08-12,ok,82.5,112.5,1.0,59.0,4439.75,2021
2021-08-13,ok,0.0,0.0,0.0,0.0,4459.5,2021
2021-08-16,ok,-430.0,-400.0,1.0,120.0,4449.25,2021
2021-08-17,ok,-505.0,-475.0,1.0,239.0,4446.25,2021
2021-08-18,ok,1095.0,1125.0,1.0,29.0,4433.0,2021
2021-08-19,ok,-1247.5,-1187.5,2.0,119.0,4365.75,2021
2021-08-20,ok,695.0,725.0,1.0,359.0,4405.25,2021
2021-08-23,ok,445.0,475.0,1.0,359.0,4455.0,2021
2021-08-24,ok,0.0,0.0,0.0,0.0,4482.75,2021
2021-08-25,ok,-122.5,-62.5,2.0,60.0,4485.0,2021
2021-08-26,ok,290.0,350.0,2.0,269.0,4489.5,2021
2021-08-27,ok,407.5,437.5,1.0,329.0,4474.5,2021
2021-08-30,ok,-17.5,12.5,1.0,329.0,4513.0,2021
2021-08-31,ok,-292.5,-262.5,1.0,30.0,4524.75,2021
2021-09-01,ok,0.0,0.0,0.0,0.0,4529.5,2021
2021-09-02,ok,0.0,0.0,0.0,0.0,4537.0,2021
2021-09-03,ok,0.0,0.0,0.0,0.0,4523.25,2021
2021-09-07,ok,-385.0,-325.0,2.0,120.0,4530.5,2021
2021-09-08,ok,-1035.0,-975.0,2.0,60.0,4512.5,2021
2021-09-09,ok,0.0,0.0,0.0,0.0,4500.75,2021
2021-09-10,ok,352.5,412.5,2.0,59.0,4505.0,2021
2021-09-13,ok,0.0,0.0,0.0,0.0,4480.5,2021
2021-09-14,ok,-122.5,-62.5,2.0,209.0,4475.25,2021
2021-09-15,ok,945.0,975.0,1.0,209.0,4439.5,2021
2021-09-16,ok,45.0,75.0,1.0,210.0,4466.25,2021
2021-09-17,ok,982.5,1012.5,1.0,359.0,4455.5,2021
2021-09-20,ok,-717.5,-687.5,1.0,239.0,4354.25,2021
2021-09-21,ok,0.0,0.0,0.0,0.0,4371.25,2021
2021-09-22,ok,-560.0,-500.0,2.0,299.0,4366.5,2021
2021-09-23,ok,407.5,437.5,1.0,359.0,4404.25,2021
2021-09-24,ok,0.0,0.0,0.0,0.0,4420.25,2021
2021-09-27,ok,0.0,0.0,0.0,0.0,4433.5,2021
2021-09-28,ok,2007.5,2037.5,1.0,359.0,4402.75,2021
2021-09-29,ok,0.0,0.0,0.0,0.0,4357.75,2021
2021-09-30,ok,-230.0,-200.0,1.0,150.0,4366.0,2021
2021-10-01,ok,-80.0,-50.0,1.0,89.0,4315.0,2021
2021-10-04,ok,570.0,600.0,1.0,329.0,4334.75,2021
2021-10-05,ok,-492.5,-462.5,1.0,329.0,4307.5,2021
2021-10-06,ok,0.0,0.0,0.0,0.0,4297.25,2021
2021-10-07,ok,245.0,275.0,1.0,210.0,4388.5,2021
2021-10-08,ok,0.0,0.0,0.0,0.0,4399.25,2021
2021-10-11,ok,107.5,137.5,1.0,60.0,4376.0,2021
2021-10-12,ok,0.0,0.0,0.0,0.0,4360.75,2021
2021-10-13,ok,0.0,0.0,0.0,0.0,4351.0,2021
2021-10-14,ok,595.0,625.0,1.0,269.0,4395.5,2021
2021-10-15,ok,0.0,0.0,0.0,0.0,4452.25,2021
2021-10-18,ok,0.0,0.0,0.0,0.0,4443.75,2021
2021-10-19,ok,0.0,0.0,0.0,0.0,4493.75,2021
2021-10-20,ok,0.0,0.0,0.0,0.0,4515.75,2021
2021-10-21,ok,0.0,0.0,0.0,0.0,4522.0,2021
2021-10-22,ok,0.0,0.0,0.0,0.0,4536.0,2021
2021-10-25,ok,0.0,0.0,0.0,0.0,4547.75,2021
2021-10-26,ok,0.0,0.0,0.0,0.0,4576.5,2021
2021-10-27,ok,0.0,0.0,0.0,0.0,4569.0,2021
2021-10-28,ok,477.5,537.5,2.0,329.0,4559.75,2021
2021-10-29,ok,0.0,0.0,0.0,0.0,4563.75,2021
2021-11-01,ok,0.0,0.0,0.0,0.0,4608.0,2021
2021-11-02,ok,-320.0,-200.0,4.0,269.0,4607.0,2021
2021-11-03,ok,370.0,400.0,1.0,59.0,4618.0,2021
2021-11-04,ok,-530.0,-500.0,1.0,90.0,4658.25,2021
2021-11-05,ok,-180.0,-150.0,1.0,30.0,4697.75,2021
2021-11-08,ok,0.0,0.0,0.0,0.0,4701.75,2021
2021-11-09,ok,-255.0,-225.0,1.0,359.0,4698.25,2021
2021-11-10,ok,245.0,275.0,1.0,119.0,4660.5,2021
2021-11-11,ok,0.0,0.0,0.0,0.0,4656.75,2021
2021-11-12,ok,182.5,212.5,1.0,269.0,4656.0,2021
2021-11-15,ok,0.0,0.0,0.0,0.0,4691.5,2021
2021-11-16,ok,-535.0,-475.0,2.0,299.0,4676.25,2021
2021-11-17,ok,-255.0,-225.0,1.0,30.0,4694.75,2021
2021-11-18,ok,-355.0,-325.0,1.0,30.0,4697.25,2021
2021-11-19,ok,0.0,0.0,0.0,0.0,4700.75,2021
2021-11-22,ok,-1342.5,-1312.5,1.0,120.0,4712.5,2021
2021-11-23,ok,-2040.0,-1950.0,3.0,150.0,4676.75,2021
2021-11-24,ok,0.0,0.0,0.0,0.0,4665.0,2021
2021-11-26,ok,945.0,975.0,1.0,149.0,4628.0,2021
2021-11-29,ok,-542.5,-512.5,1.0,209.0,4645.0,2021
2021-11-30,ok,1057.5,1087.5,1.0,299.0,4624.0,2021
2021-12-01,ok,1227.5,1287.5,2.0,89.0,4620.5,2021
2021-12-02,ok,757.5,787.5,1.0,359.0,4510.25,2021
2021-12-03,ok,982.5,1012.5,1.0,359.0,4595.0,2021
2021-12-06,ok,-222.5,-162.5,2.0,240.0,4564.5,2021
2021-12-07,ok,-42.5,-12.5,1.0,330.0,4647.75,2021
2021-12-08,ok,0.0,0.0,0.0,0.0,4690.25,2021
2021-12-09,ok,0.0,0.0,0.0,0.0,4677.5,2021
2021-12-10,ok,0.0,0.0,0.0,0.0,4689.25,2021
2021-12-13,ok,-102.5,-12.5,3.0,150.0,4698.0,2021
2021-12-14,ok,0.0,0.0,0.0,0.0,4624.75,2021
2021-12-15,ok,352.5,412.5,2.0,59.0,4628.75,2021
2021-12-16,ok,-167.5,-137.5,1.0,60.0,4720.0,2021
2021-12-17,ok,-1967.5,-1937.5,1.0,30.0,4624.75,2021
2021-12-20,ok,-280.0,-250.0,1.0,90.0,4552.75,2021
2021-12-21,ok,982.5,1012.5,1.0,209.0,4594.75,2021
2021-12-22,ok,490.0,550.0,2.0,239.0,4637.5,2021
2021-12-23,ok,72.5,162.5,3.0,180.0,4696.5,2021
2021-12-27,ok,2032.5,2062.5,1.0,359.0,4729.75,2021
2021-12-28,ok,0.0,0.0,0.0,0.0,4787.25,2021
2021-12-29,ok,0.0,0.0,0.0,0.0,4780.25,2021
2021-12-30,ok,0.0,0.0,0.0,0.0,4788.5,2021
2021-12-31,ok,0.0,0.0,0.0,0.0,4766.25,2021
2022-01-03,ok,0.0,0.0,0.0,0.0,4773.0,2022
2022-01-04,ok,-430.0,-400.0,1.0,30.0,4801.25,2022
2022-01-05,ok,2445.0,2475.0,1.0,89.0,4780.25,2022
2022-01-06,ok,-342.5,-312.5,1.0,30.0,4687.25,2022
2022-01-07,ok,-1230.0,-1200.0,1.0,60.0,4687.0,2022
2022-01-10,ok,-1292.5,-1262.5,1.0,240.0,4633.75,2022
2022-01-11,ok,-1265.0,-1175.0,3.0,299.0,4659.75,2022
2022-01-12,ok,-142.5,-112.5,1.0,30.0,4723.0,2022
2022-01-13,ok,1545.0,1575.0,1.0,209.0,4729.5,2022
2022-01-14,ok,0.0,0.0,0.0,0.0,4618.75,2022
2022-01-18,ok,-827.5,-737.5,3.0,299.0,4604.0,2022
2022-01-19,ok,-2060.0,-2000.0,2.0,60.0,4588.0,2022
2022-01-20,ok,-1205.0,-1175.0,1.0,270.0,4543.75,2022
2022-01-21,ok,1527.5,1587.5,2.0,269.0,4462.25,2022
2022-01-24,ok,-2022.5,-1962.5,2.0,270.0,4326.25,2022
2022-01-25,ok,-3590.0,-3500.0,3.0,90.0,4336.25,2022
2022-01-26,ok,0.0,0.0,0.0,0.0,4413.0,2022
2022-01-27,ok,-2477.5,-2387.5,3.0,90.0,4387.5,2022
2022-01-28,ok,-82.5,37.5,4.0,239.0,4332.0,2022
2022-01-31,ok,2620.0,2650.0,1.0,329.0,4416.75,2022
2022-02-01,ok,0.0,0.0,0.0,0.0,4511.75,2022
2022-02-02,ok,0.0,0.0,0.0,0.0,4559.75,2022
2022-02-03,ok,0.0,0.0,0.0,0.0,4514.25,2022
2022-02-04,ok,-567.5,-537.5,1.0,149.0,4468.0,2022
2022-02-07,ok,0.0,0.0,0.0,0.0,4499.25,2022
2022-02-08,ok,-55.0,-25.0,1.0,180.0,4471.0,2022
2022-02-09,ok,0.0,0.0,0.0,0.0,4556.75,2022
2022-02-10,ok,0.0,0.0,0.0,0.0,4517.5,2022
2022-02-11,ok,3107.5,3137.5,1.0,179.0,4498.75,2022
2022-02-14,ok,-1622.5,-1562.5,2.0,60.0,4403.0,2022
2022-02-15,ok,-960.0,-900.0,2.0,60.0,4441.5,2022
2022-02-16,ok,0.0,0.0,0.0,0.0,4443.5,2022
2022-02-17,ok,1782.5,1812.5,1.0,359.0,4436.0,2022
2022-02-18,ok,-392.5,-362.5,1.0,210.0,4377.0,2022
2022-02-22,ok,-792.5,-762.5,1.0,120.0,4322.25,2022
2022-02-23,ok,1452.5,1512.5,2.0,209.0,4330.25,2022
2022-02-24,ok,0.0,0.0,0.0,0.0,4112.5,2022
2022-02-25,ok,2907.5,2937.5,1.0,329.0,4298.75,2022
2022-02-28,ok,0.0,0.0,0.0,0.0,4323.5,2022
2022-03-01,ok,-205.0,-175.0,1.0,239.0,4353.25,2022
2022-03-02,ok,482.5,512.5,1.0,269.0,4327.25,2022
2022-03-03,ok,-467.5,-437.5,1.0,30.0,4407.5,2022
2022-03-04,ok,395.0,425.0,1.0,60.0,4320.0,2022
2022-03-07,ok,4107.5,4137.5,1.0,359.0,4318.5,2022
2022-03-08,ok,-3710.0,-3650.0,2.0,120.0,4200.0,2022
2022-03-09,ok,0.0,0.0,0.0,0.0,4255.0,2022
2022-03-10,ok,0.0,0.0,0.0,0.0,4218.25,2022
2022-03-11,ok,0.0,0.0,0.0,0.0,4275.0,2022
2022-03-14,ok,-1042.5,-1012.5,1.0,30.0,4203.0,2022
2022-03-15,ok,-885.0,-825.0,2.0,89.0,4192.0,2022
2022-03-16,ok,432.5,462.5,1.0,90.0,4294.0,2022
2022-03-17,ok,-605.0,-575.0,1.0,30.0,4330.0,2022
2022-03-18,ok,145.0,175.0,1.0,29.0,4387.75,2022
2022-03-21,ok,0.0,0.0,0.0,0.0,4451.5,2022
2022-03-22,ok,240.0,300.0,2.0,150.0,4467.25,2022
2022-03-23,ok,0.0,0.0,0.0,0.0,4477.5,2022
2022-03-24,ok,-630.0,-600.0,1.0,30.0,4468.0,2022
2022-03-25,ok,0.0,0.0,0.0,0.0,4520.25,2022
2022-03-28,ok,0.0,0.0,0.0,0.0,4529.5,2022
2022-03-29,ok,0.0,0.0,0.0,0.0,4610.0,2022
2022-03-30,ok,0.0,0.0,0.0,0.0,4614.0,2022
2022-03-31,ok,0.0,0.0,0.0,0.0,4589.25,2022
2022-04-01,ok,0.0,0.0,0.0,0.0,4543.5,2022
2022-04-04,ok,327.5,387.5,2.0,270.0,4541.25,2022
2022-04-05,ok,477.5,537.5,2.0,149.0,4562.25,2022
2022-04-06,ok,-1965.0,-1875.0,3.0,150.0,4477.75,2022
2022-04-07,ok,-230.0,-200.0,1.0,59.0,4466.0,2022
2022-04-08,ok,-835.0,-775.0,2.0,60.0,4489.25,2022
2022-04-11,ok,565.0,625.0,2.0,299.0,4450.5,2022
2022-04-12,ok,-1552.5,-1462.5,3.0,89.0,4440.75,2022
2022-04-13,ok,2020.0,2050.0,1.0,329.0,4389.5,2022
2022-04-14,ok,1415.0,1475.0,2.0,329.0,4444.0,2022
2022-04-18,ok,0.0,0.0,0.0,0.0,4376.5,2022
2022-04-19,ok,1795.0,1825.0,1.0,359.0,4386.75,2022
2022-04-20,ok,0.0,0.0,0.0,0.0,4477.5,2022
2022-04-21,ok,1832.5,1862.5,1.0,119.0,4494.5,2022
2022-04-22,ok,4070.0,4100.0,1.0,359.0,4377.25,2022
2022-04-25,ok,-1722.5,-1662.5,2.0,120.0,4244.0,2022
2022-04-26,ok,3820.0,3850.0,1.0,359.0,4265.75,2022
2022-04-27,ok,-3490.0,-3400.0,3.0,180.0,4179.25,2022
2022-04-28,ok,1082.5,1112.5,1.0,179.0,4229.75,2022
2022-04-29,ok,4532.5,4562.5,1.0,329.0,4242.5,2022
2022-05-02,ok,-3222.5,-3162.5,2.0,120.0,4127.0,2022
2022-05-03,ok,-692.5,-662.5,1.0,60.0,4156.0,2022
2022-05-04,ok,2620.0,2650.0,1.0,59.0,4176.5,2022
2022-05-05,ok,3820.0,3850.0,1.0,359.0,4251.0,2022
2022-05-06,ok,-1580.0,-1550.0,1.0,30.0,4116.5,2022
2022-05-09,ok,-652.5,-562.5,3.0,180.0,4055.5,2022
2022-05-10,ok,0.0,0.0,0.0,0.0,4050.0,2022
2022-05-11,ok,-1710.0,-1650.0,2.0,90.0,3985.0,2022
2022-05-12,ok,0.0,0.0,0.0,0.0,3897.0,2022
2022-05-13,ok,-22.5,37.5,2.0,269.0,3970.75,2022
2022-05-16,ok,0.0,0.0,0.0,0.0,4003.25,2022
2022-05-17,ok,0.0,0.0,0.0,0.0,4069.5,2022
2022-05-18,ok,2590.0,2650.0,2.0,329.0,4038.25,2022
2022-05-19,ok,0.0,0.0,0.0,0.0,3888.25,2022
2022-05-20,ok,-430.0,-400.0,1.0,180.0,3935.5,2022
2022-05-23,ok,-305.0,-275.0,1.0,30.0,3931.0,2022
2022-05-24,ok,1070.0,1100.0,1.0,90.0,3928.0,2022
2022-05-25,ok,0.0,0.0,0.0,0.0,3925.0,2022
2022-05-26,ok,1345.0,1375.0,1.0,359.0,3989.25,2022
2022-05-27,ok,1327.5,1387.5,2.0,299.0,4081.5,2022
2022-05-31,ok,-317.5,-287.5,1.0,30.0,4137.75,2022
2022-06-01,ok,-267.5,-237.5,1.0,120.0,4154.25,2022
2022-06-02,ok,1657.5,1687.5,1.0,209.0,4096.5,2022
2022-06-03,ok,0.0,0.0,0.0,0.0,4125.5,2022
2022-06-06,ok,0.0,0.0,0.0,0.0,4149.75,2022
2022-06-07,ok,0.0,0.0,0.0,0.0,4082.5,2022
2022-06-08,ok,0.0,0.0,0.0,0.0,4141.0,2022
2022-06-09,ok,1495.0,1525.0,1.0,29.0,4094.5,2022
2022-06-10,ok,-655.0,-625.0,1.0,180.0,3949.5,2022
2022-06-13,ok,-135.0,-75.0,2.0,89.0,3799.0,2022
2022-06-14,ok,0.0,0.0,0.0,0.0,3770.75,2022
2022-06-15,ok,-1555.0,-1525.0,1.0,29.0,3776.25,2022
2022-06-16,ok,-1732.5,-1612.5,4.0,210.0,3707.5,2022
2022-06-17,ok,-1955.0,-1925.0,1.0,30.0,3672.75,2022
2022-06-21,ok,70.0,100.0,1.0,359.0,3736.25,2022
2022-06-22,ok,0.0,0.0,0.0,0.0,3724.0,2022
2022-06-23,ok,0.0,0.0,0.0,0.0,3783.75,2022
2022-06-24,ok,3145.0,3175.0,1.0,359.0,3831.75,2022
2022-06-27,ok,-55.0,-25.0,1.0,30.0,3928.75,2022
2022-06-28,ok,2495.0,2525.0,1.0,269.0,3920.25,2022
2022-06-29,ok,0.0,0.0,0.0,0.0,3830.0,2022
2022-06-30,ok,-1242.5,-1212.5,1.0,60.0,3778.0,2022
2022-07-01,ok,0.0,0.0,0.0,0.0,3781.25,2022
2022-07-05,ok,-355.0,-325.0,1.0,30.0,3774.0,2022
2022-07-06,ok,0.0,0.0,0.0,0.0,3836.75,2022
2022-07-07,ok,-457.5,-337.5,4.0,269.0,3867.0,2022
2022-07-08,ok,0.0,0.0,0.0,0.0,3887.5,2022
2022-07-11,ok,0.0,0.0,0.0,0.0,3873.5,2022
2022-07-12,ok,0.0,0.0,0.0,0.0,3851.0,2022
2022-07-13,ok,0.0,0.0,0.0,0.0,3765.25,2022
2022-07-14,ok,-242.5,-212.5,1.0,30.0,3749.75,2022
2022-07-15,ok,0.0,0.0,0.0,0.0,3840.0,2022
2022-07-18,ok,0.0,0.0,0.0,0.0,3898.0,2022
2022-07-19,ok,2045.0,2075.0,1.0,329.0,3874.75,2022
2022-07-20,ok,-1080.0,-1050.0,1.0,150.0,3938.5,2022
2022-07-21,ok,-1597.5,-1537.5,2.0,90.0,3954.75,2022
2022-07-22,ok,907.5,937.5,1.0,240.0,4003.25,2022
2022-07-25,ok,0.0,0.0,0.0,0.0,3971.25,2022
2022-07-26,ok,-390.0,-300.0,3.0,210.0,3952.75,2022
2022-07-27,ok,172.5,262.5,3.0,149.0,3957.5,2022
2022-07-28,ok,-390.0,-300.0,3.0,299.0,4032.0,2022
2022-07-29,ok,265.0,325.0,2.0,269.0,4089.0,2022
2022-08-01,ok,0.0,0.0,0.0,0.0,4105.0,2022
2022-08-02,ok,0.0,0.0,0.0,0.0,4103.75,2022
2022-08-03,ok,990.0,1050.0,2.0,299.0,4115.75,2022
2022-08-04,ok,0.0,0.0,0.0,0.0,4155.75,2022
2022-08-05,ok,0.0,0.0,0.0,0.0,4108.0,2022
2022-08-08,ok,-242.5,-212.5,1.0,30.0,4164.25,2022
2022-08-09,ok,0.0,0.0,0.0,0.0,4133.5,2022
2022-08-10,ok,0.0,0.0,0.0,0.0,4199.0,2022
2022-08-11,ok,0.0,0.0,0.0,0.0,4240.5,2022
2022-08-12,ok,1352.5,1412.5,2.0,239.0,4231.0,2022
2022-08-15,ok,0.0,0.0,0.0,0.0,4258.25,2022
2022-08-16,ok,0.0,0.0,0.0,0.0,4287.25,2022
2022-08-17,ok,0.0,0.0,0.0,0.0,4269.0,2022
2022-08-18,ok,0.0,0.0,0.0,0.0,4277.5,2022
2022-08-19,ok,177.5,237.5,2.0,329.0,4259.0,2022
2022-08-22,ok,127.5,187.5,2.0,299.0,4178.75,2022
2022-08-23,ok,0.0,0.0,0.0,0.0,4137.0,2022
2022-08-24,ok,-730.0,-700.0,1.0,90.0,4128.5,2022
2022-08-25,ok,-405.0,-375.0,1.0,90.0,4158.75,2022
2022-08-26,ok,4782.5,4812.5,1.0,329.0,4200.5,2022
2022-08-29,ok,0.0,0.0,0.0,0.0,4027.75,2022
2022-08-30,ok,932.5,962.5,1.0,329.0,4043.75,2022
2022-08-31,ok,0.0,0.0,0.0,0.0,4004.0,2022
2022-09-01,ok,-455.0,-425.0,1.0,60.0,3932.0,2022
2022-09-02,ok,-22.5,37.5,2.0,119.0,4006.5,2022
2022-09-06,ok,-1847.5,-1787.5,2.0,60.0,3934.0,2022
2022-09-07,ok,2470.0,2500.0,1.0,299.0,3906.5,2022
2022-09-08,ok,-230.0,-200.0,1.0,60.0,3955.25,2022
2022-09-09,ok,247.5,337.5,3.0,299.0,4029.25,2022
2022-09-12,ok,-242.5,-212.5,1.0,60.0,4107.25,2022
2022-09-13,ok,1490.0,1550.0,2.0,239.0,4038.25,2022
2022-09-14,ok,0.0,0.0,0.0,0.0,3963.75,2022
2022-09-15,ok,0.0,0.0,0.0,0.0,3947.0,2022
2022-09-16,ok,-917.5,-887.5,1.0,30.0,3874.25,2022
2022-09-19,ok,0.0,0.0,0.0,0.0,3854.0,2022
2022-09-20,ok,-692.5,-662.5,1.0,30.0,3882.75,2022
2022-09-21,ok,0.0,0.0,0.0,0.0,3893.0,2022
2022-09-22,ok,-960.0,-900.0,2.0,150.0,3795.75,2022
2022-09-23,ok,-80.0,-50.0,1.0,359.0,3734.75,2022
2022-09-26,ok,-835.0,-775.0,2.0,90.0,3692.25,2022
2022-09-27,ok,-447.5,-387.5,2.0,90.0,3708.5,2022
2022-09-28,ok,2032.5,2062.5,1.0,329.0,3670.5,2022
2022-09-29,ok,120.0,150.0,1.0,359.0,3694.25,2022
2022-09-30,ok,-1205.0,-1175.0,1.0,30.0,3644.0,2022
2022-10-03,ok,1095.0,1125.0,1.0,329.0,3636.0,2022
2022-10-04,ok,127.5,187.5,2.0,329.0,3749.0,2022
2022-10-05,ok,0.0,0.0,0.0,0.0,3759.0,2022
2022-10-06,ok,0.0,0.0,0.0,0.0,3780.5,2022
2022-10-07,ok,1332.5,1362.5,1.0,359.0,3713.75,2022
2022-10-10,ok,-1597.5,-1537.5,2.0,150.0,3663.0,2022
2022-10-11,ok,-105.0,-75.0,1.0,30.0,3604.75,2022
2022-10-12,ok,0.0,0.0,0.0,0.0,3604.0,2022
2022-10-13,ok,2882.5,2912.5,1.0,269.0,3513.25,2022
2022-10-14,ok,2082.5,2112.5,1.0,329.0,3707.5,2022
2022-10-17,ok,-242.5,-212.5,1.0,60.0,3662.5,2022
2022-10-18,ok,0.0,0.0,0.0,0.0,3773.75,2022
2022-10-19,ok,0.0,0.0,0.0,0.0,3712.0,2022
2022-10-20,ok,-967.5,-937.5,1.0,60.0,3700.5,2022
2022-10-21,ok,1215.0,1275.0,2.0,269.0,3671.5,2022
2022-10-24,ok,0.0,0.0,0.0,0.0,3779.5,2022
2022-10-25,ok,122.5,212.5,3.0,239.0,3808.75,2022
2022-10-26,ok,0.0,0.0,0.0,0.0,3837.0,2022
2022-10-27,ok,0.0,0.0,0.0,0.0,3851.0,2022
2022-10-28,ok,3195.0,3225.0,1.0,359.0,3818.5,2022
2022-10-31,ok,0.0,0.0,0.0,0.0,3884.25,2022
2022-11-01,ok,0.0,0.0,0.0,0.0,3921.75,2022
2022-11-02,ok,1082.5,1112.5,1.0,29.0,3858.5,2022
2022-11-03,ok,-1742.5,-1712.5,1.0,30.0,3732.0,2022
2022-11-04,ok,0.0,0.0,0.0,0.0,3786.25,2022
2022-11-07,ok,0.0,0.0,0.0,0.0,3793.0,2022
2022-11-08,ok,-1155.0,-1125.0,1.0,120.0,3826.75,2022
2022-11-09,ok,177.5,237.5,2.0,89.0,3813.25,2022
2022-11-10,ok,1360.0,1450.0,3.0,179.0,3894.25,2022
2022-11-11,ok,-380.0,-350.0,1.0,30.0,3971.25,2022
2022-11-14,ok,0.0,0.0,0.0,0.0,3981.75,2022
2022-11-15,ok,0.0,0.0,0.0,0.0,4026.75,2022
2022-11-16,ok,0.0,0.0,0.0,0.0,3983.0,2022
2022-11-17,ok,0.0,0.0,0.0,0.0,3917.0,2022
2022-11-18,ok,0.0,0.0,0.0,0.0,3990.5,2022
2022-11-21,ok,0.0,0.0,0.0,0.0,3958.5,2022
2022-11-22,ok,182.5,212.5,1.0,29.0,3977.5,2022
2022-11-23,ok,-567.5,-537.5,1.0,120.0,4005.75,2022
2022-11-25,ok,0.0,0.0,0.0,0.0,4028.0,2022
2022-11-28,ok,282.5,312.5,1.0,119.0,4000.25,2022
2022-11-29,ok,-872.5,-812.5,2.0,60.0,3969.0,2022
2022-11-30,ok,3802.5,3862.5,2.0,149.0,3962.75,2022
2022-12-01,ok,-1205.0,-1175.0,1.0,30.0,4095.25,2022
2022-12-02,ok,0.0,0.0,0.0,0.0,4028.5,2022
2022-12-05,ok,1420.0,1450.0,1.0,269.0,4045.75,2022
2022-12-06,ok,1620.0,1650.0,1.0,359.0,3999.75,2022
2022-12-07,ok,0.0,0.0,0.0,0.0,3933.75,2022
2022-12-08,ok,-180.0,-150.0,1.0,90.0,3955.0,2022
2022-12-09,ok,0.0,0.0,0.0,0.0,3952.25,2022
2022-12-12,ok,227.5,287.5,2.0,59.0,3976.25,2022
2022-12-13,ok,0.0,0.0,0.0,0.0,4139.75,2022
2022-12-14,ok,-80.0,-50.0,1.0,150.0,4051.75,2022
2022-12-15,ok,957.5,987.5,1.0,359.0,3976.0,2022
2022-12-16,ok,-155.0,-125.0,1.0,270.0,3898.5,2022
2022-12-19,ok,-55.0,-25.0,1.0,119.0,3880.0,2022
2022-12-20,ok,0.0,0.0,0.0,0.0,3836.75,2022
2022-12-21,ok,-672.5,-612.5,2.0,90.0,3876.75,2022
2022-12-22,ok,607.5,637.5,1.0,330.0,3872.5,2022
2022-12-23,ok,-1505.0,-1475.0,1.0,30.0,3838.0,2022
2022-12-27,ok,-992.5,-962.5,1.0,30.0,3869.5,2022
2022-12-28,ok,740.0,800.0,2.0,149.0,3854.0,2022
2022-12-29,ok,832.5,862.5,1.0,359.0,3834.75,2022
2022-12-30,ok,0.0,0.0,0.0,0.0,3844.0,2022
2023-01-03,ok,-242.5,-212.5,1.0,90.0,3881.0,2023
2023-01-04,ok,0.0,0.0,0.0,0.0,3868.75,2023
2023-01-05,ok,-60.0,0.0,2.0,90.0,3852.75,2023
2023-01-06,ok,977.5,1037.5,2.0,269.0,3861.5,2023
2023-01-09,ok,107.5,137.5,1.0,90.0,3939.75,2023
2023-01-10,ok,0.0,0.0,0.0,0.0,3907.5,2023
2023-01-11,ok,0.0,0.0,0.0,0.0,3957.5,2023
2023-01-12,ok,-1142.5,-1112.5,1.0,30.0,4000.0,2023
2023-01-13,ok,0.0,0.0,0.0,0.0,3968.25,2023
2023-01-17,ok,0.0,0.0,0.0,0.0,4018.25,2023
2023-01-18,ok,1907.5,1937.5,1.0,269.0,4022.0,2023
2023-01-19,ok,0.0,0.0,0.0,0.0,3923.25,2023
2023-01-20,ok,852.5,912.5,2.0,149.0,3929.75,2023
2023-01-23,ok,1345.0,1375.0,1.0,359.0,3996.5,2023
2023-01-24,ok,0.0,0.0,0.0,0.0,4018.0,2023
2023-01-25,ok,-267.5,-237.5,1.0,30.0,3987.5,2023
2023-01-26,ok,0.0,0.0,0.0,0.0,4059.0,2023
2023-01-27,ok,0.0,0.0,0.0,0.0,4063.75,2023
2023-01-30,ok,0.0,0.0,0.0,0.0,4054.25,2023
2023-01-31,ok,495.0,525.0,1.0,300.0,4036.75,2023
2023-02-01,ok,-255.0,-225.0,1.0,29.0,4077.75,2023
2023-02-02,ok,-1347.5,-1287.5,2.0,60.0,4173.0,2023
2023-02-03,ok,0.0,0.0,0.0,0.0,4140.5,2023
2023-02-06,ok,0.0,0.0,0.0,0.0,4121.25,2023
2023-02-07,ok,-1522.5,-1462.5,2.0,89.0,4111.0,2023
2023-02-08,ok,-480.0,-450.0,1.0,60.0,4153.75,2023
2023-02-09,ok,-297.5,-237.5,2.0,59.0,4165.5,2023
2023-02-10,ok,0.0,0.0,0.0,0.0,4078.5,2023
2023-02-13,ok,1232.5,1262.5,1.0,359.0,4106.75,2023
2023-02-14,ok,-517.5,-487.5,1.0,30.0,4131.5,2023
2023-02-15,ok,0.0,0.0,0.0,0.0,4122.0,2023
2023-02-16,ok,0.0,0.0,0.0,0.0,4103.75,2023
2023-02-17,ok,-617.5,-587.5,1.0,30.0,4076.25,2023
2023-02-21,ok,1245.0,1275.0,1.0,329.0,4045.25,2023
2023-02-22,ok,0.0,0.0,0.0,0.0,4009.0,2023
2023-02-23,ok,-580.0,-550.0,1.0,60.0,4028.25,2023
2023-02-24,ok,57.5,87.5,1.0,30.0,3965.25,2023
2023-02-27,ok,0.0,0.0,0.0,0.0,4010.25,2023
2023-02-28,ok,0.0,0.0,0.0,0.0,3982.75,2023
2023-03-01,ok,0.0,0.0,0.0,0.0,3964.0,2023
2023-03-02,ok,65.0,125.0,2.0,59.0,3935.0,2023
2023-03-03,ok,1127.5,1187.5,2.0,299.0,4005.0,2023
2023-03-06,ok,-160.0,-100.0,2.0,150.0,4057.75,2023
2023-03-07,ok,1682.5,1712.5,1.0,329.0,4051.25,2023
2023-03-08,ok,0.0,0.0,0.0,0.0,3990.25,2023
2023-03-09,ok,2040.0,2100.0,2.0,179.0,4002.5,2023
2023-03-10,ok,427.5,487.5,2.0,269.0,3913.5,2023
2023-03-13,ok,-105.0,-75.0,1.0,359.0,3852.5,2023
2023-03-14,ok,107.5,137.5,1.0,90.0,3943.0,2023
2023-03-15,ok,0.0,0.0,0.0,0.0,3890.75,2023
2023-03-16,ok,2257.5,2287.5,1.0,299.0,3901.0,2023
2023-03-17,ok,-722.5,-662.5,2.0,240.0,3981.5,2023
2023-03-20,ok,20.0,50.0,1.0,90.0,3954.5,2023
2023-03-21,ok,0.0,0.0,0.0,0.0,4020.0,2023
2023-03-22,ok,0.0,0.0,0.0,0.0,4035.75,2023
2023-03-23,ok,32.5,62.5,1.0,150.0,3996.75,2023
2023-03-24,ok,0.0,0.0,0.0,0.0,3962.75,2023
2023-03-27,ok,0.0,0.0,0.0,0.0,4026.0,2023
2023-03-28,ok,0.0,0.0,0.0,0.0,4002.25,2023
2023-03-29,ok,0.0,0.0,0.0,0.0,4044.5,2023
2023-03-30,ok,0.0,0.0,0.0,0.0,4085.0,2023
2023-03-31,ok,1115.0,1175.0,2.0,269.0,4090.25,2023
2023-04-03,ok,-592.5,-562.5,1.0,60.0,4132.5,2023
2023-04-04,ok,57.5,87.5,1.0,269.0,4160.25,2023
2023-04-05,ok,0.0,0.0,0.0,0.0,4120.0,2023
2023-04-06,ok,-380.0,-350.0,1.0,30.0,4107.75,2023
2023-04-10,ok,0.0,0.0,0.0,0.0,4105.75,2023
2023-04-11,ok,0.0,0.0,0.0,0.0,4142.25,2023
2023-04-12,ok,-330.0,-300.0,1.0,29.0,4158.25,2023
2023-04-13,ok,1077.5,1137.5,2.0,299.0,4130.25,2023
2023-04-14,ok,-1802.5,-1712.5,3.0,180.0,4166.25,2023
2023-04-17,ok,0.0,0.0,0.0,0.0,4161.0,2023
2023-04-18,ok,0.0,0.0,0.0,0.0,4193.5,2023
2023-04-19,ok,0.0,0.0,0.0,0.0,4158.5,2023
2023-04-20,ok,0.0,0.0,0.0,0.0,4146.25,2023
2023-04-21,ok,-897.5,-837.5,2.0,60.0,4155.75,2023
2023-04-24,ok,0.0,0.0,0.0,0.0,4153.5,2023
2023-04-25,ok,1290.0,1350.0,2.0,269.0,4138.5,2023
2023-04-26,ok,-522.5,-462.5,2.0,89.0,4098.75,2023
2023-04-27,ok,1527.5,1587.5,2.0,299.0,4099.75,2023
2023-04-28,ok,315.0,375.0,2.0,299.0,4144.5,2023
2023-05-01,ok,0.0,0.0,0.0,0.0,4184.25,2023
2023-05-02,ok,1482.5,1512.5,1.0,359.0,4177.0,2023
2023-05-03,ok,-417.5,-387.5,1.0,30.0,4141.25,2023
2023-05-04,ok,45.0,75.0,1.0,150.0,4095.25,2023
2023-05-05,ok,1245.0,1275.0,1.0,359.0,4114.5,2023
2023-05-08,ok,0.0,0.0,0.0,0.0,4154.75,2023
2023-05-09,ok,0.0,0.0,0.0,0.0,4135.25,2023
2023-05-10,ok,-455.0,-425.0,1.0,30.0,4162.75,2023
2023-05-11,ok,-317.5,-287.5,1.0,30.0,4141.5,2023
2023-05-12,ok,-180.0,-150.0,1.0,180.0,4155.75,2023
2023-05-15,ok,0.0,0.0,0.0,0.0,4143.25,2023
2023-05-16,ok,0.0,0.0,0.0,0.0,4139.0,2023
2023-05-17,ok,357.5,387.5,1.0,179.0,4143.75,2023
2023-05-18,ok,302.5,362.5,2.0,149.0,4167.25,2023
2023-05-19,ok,0.0,0.0,0.0,0.0,4219.75,2023
2023-05-22,ok,0.0,0.0,0.0,0.0,4204.5,2023
2023-05-23,ok,70.0,100.0,1.0,89.0,4187.75,2023
2023-05-24,ok,-935.0,-875.0,2.0,300.0,4140.0,2023
2023-05-25,ok,0.0,0.0,0.0,0.0,4160.75,2023
2023-05-26,ok,1457.5,1487.5,1.0,359.0,4166.25,2023
2023-05-30,ok,0.0,0.0,0.0,0.0,4233.0,2023
2023-05-31,ok,-117.5,-87.5,1.0,150.0,4194.75,2023
2023-06-01,ok,1207.5,1237.5,1.0,299.0,4191.25,2023
2023-06-02,ok,507.5,537.5,1.0,299.0,4254.75,2023
2023-06-05,ok,0.0,0.0,0.0,0.0,4292.0,2023
2023-06-06,ok,0.0,0.0,0.0,0.0,4275.5,2023
2023-06-07,ok,-492.5,-462.5,1.0,30.0,4292.75,2023
2023-06-08,ok,-335.0,-275.0,2.0,119.0,4272.5,2023
2023-06-09,ok,45.0,75.0,1.0,60.0,4305.25,2023
2023-06-12,ok,270.0,300.0,1.0,29.0,4358.25,2023
2023-06-13,ok,-380.0,-350.0,1.0,30.0,4402.75,2023
2023-06-14,ok,-1210.0,-1150.0,2.0,60.0,4418.75,2023
2023-06-15,ok,1957.5,1987.5,1.0,359.0,4408.25,2023
2023-06-16,ok,0.0,0.0,0.0,0.0,4492.0,2023
2023-06-20,ok,-355.0,-325.0,1.0,60.0,4435.0,2023
2023-06-21,ok,-105.0,-75.0,1.0,30.0,4422.0,2023
2023-06-22,ok,0.0,0.0,0.0,0.0,4398.0,2023
2023-06-23,ok,0.0,0.0,0.0,0.0,4386.0,2023
2023-06-26,ok,-192.5,-162.5,1.0,30.0,4383.0,2023
2023-06-27,ok,1145.0,1175.0,1.0,269.0,4379.25,2023
2023-06-28,ok,0.0,0.0,0.0,0.0,4406.25,2023
2023-06-29,ok,-242.5,-212.5,1.0,30.0,4414.0,2023
2023-06-30,ok,152.5,212.5,2.0,299.0,4468.25,2023
2023-07-03,ok,0.0,0.0,0.0,0.0,4482.75,2023
2023-07-05,ok,0.0,0.0,0.0,0.0,4471.25,2023
2023-07-06,ok,132.5,162.5,1.0,120.0,4443.75,2023
2023-07-07,ok,-580.0,-550.0,1.0,120.0,4434.75,2023
2023-07-10,ok,0.0,0.0,0.0,0.0,4430.0,2023
2023-07-11,ok,0.0,0.0,0.0,0.0,4452.75,2023
2023-07-12,ok,0.0,0.0,0.0,0.0,4512.5,2023
2023-07-13,ok,95.0,125.0,1.0,59.0,4526.0,2023
2023-07-14,ok,0.0,0.0,0.0,0.0,4551.5,2023
2023-07-17,ok,-190.0,-100.0,3.0,209.0,4536.75,2023
2023-07-18,ok,970.0,1000.0,1.0,299.0,4550.0,2023
2023-07-19,ok,-142.5,-112.5,1.0,30.0,4595.25,2023
2023-07-20,ok,-92.5,-62.5,1.0,89.0,4584.25,2023
2023-07-21,ok,0.0,0.0,0.0,0.0,4581.75,2023
2023-07-24,ok,52.5,112.5,2.0,180.0,4575.25,2023
2023-07-25,ok,-17.5,12.5,1.0,239.0,4580.0,2023
2023-07-26,ok,0.0,0.0,0.0,0.0,4585.25,2023
2023-07-27,ok,695.0,725.0,1.0,89.0,4629.25,2023
2023-07-28,ok,-367.5,-337.5,1.0,150.0,4596.75,2023
2023-07-31,ok,0.0,0.0,0.0,0.0,4611.5,2023
2023-08-01,ok,0.0,0.0,0.0,0.0,4599.5,2023
2023-08-02,ok,895.0,925.0,1.0,329.0,4567.75,2023
2023-08-03,ok,0.0,0.0,0.0,0.0,4513.25,2023
2023-08-04,ok,-485.0,-425.0,2.0,90.0,4538.5,2023
2023-08-07,ok,-635.0,-575.0,2.0,60.0,4518.25,2023
2023-08-08,ok,-380.0,-350.0,1.0,240.0,4510.75,2023
2023-08-09,ok,-617.5,-587.5,1.0,210.0,4519.75,2023
2023-08-10,ok,-2072.5,-2012.5,2.0,120.0,4509.0,2023
2023-08-11,ok,0.0,0.0,0.0,0.0,4465.5,2023
2023-08-14,ok,-535.0,-475.0,2.0,180.0,4472.5,2023
2023-08-15,ok,865.0,925.0,2.0,329.0,4487.0,2023
2023-08-16,ok,232.5,262.5,1.0,29.0,4448.25,2023
2023-08-17,ok,457.5,487.5,1.0,59.0,4433.0,2023
2023-08-18,ok,0.0,0.0,0.0,0.0,4353.25,2023
2023-08-21,ok,-1080.0,-1050.0,1.0,30.0,4395.0,2023
2023-08-22,ok,0.0,0.0,0.0,0.0,4431.0,2023
2023-08-23,ok,1295.0,1325.0,1.0,359.0,4410.5,2023
2023-08-24,ok,2095.0,2125.0,1.0,299.0,4463.5,2023
2023-08-25,ok,0.0,0.0,0.0,0.0,4402.25,2023
2023-08-28,ok,0.0,0.0,0.0,0.0,4437.75,2023
2023-08-29,ok,2632.5,2662.5,1.0,359.0,4441.0,2023
2023-08-30,ok,-1017.5,-987.5,1.0,30.0,4509.25,2023
2023-08-31,ok,0.0,0.0,0.0,0.0,4527.75,2023
2023-09-01,ok,0.0,0.0,0.0,0.0,4542.75,2023
2023-09-05,ok,-180.0,-150.0,1.0,30.0,4517.5,2023
2023-09-06,ok,32.5,62.5,1.0,270.0,4493.0,2023
2023-09-07,ok,0.0,0.0,0.0,0.0,4437.75,2023
2023-09-08,ok,-5.0,25.0,1.0,60.0,4455.25,2023
2023-09-11,ok,0.0,0.0,0.0,0.0,4538.0,2023
2023-09-12,ok,0.0,0.0,0.0,0.0,4523.75,2023
2023-09-13,ok,0.0,0.0,0.0,0.0,4515.25,2023
2023-09-14,ok,0.0,0.0,0.0,0.0,4542.0,2023
2023-09-15,ok,1532.5,1562.5,1.0,359.0,4537.0,2023
2023-09-18,ok,0.0,0.0,0.0,0.0,4494.75,2023
2023-09-19,ok,245.0,275.0,1.0,180.0,4490.5,2023
2023-09-20,ok,1120.0,1150.0,1.0,29.0,4503.25,2023
2023-09-21,ok,1240.0,1300.0,2.0,329.0,4415.75,2023
2023-09-22,ok,-517.5,-487.5,1.0,30.0,4382.25,2023
2023-09-25,ok,-455.0,-425.0,1.0,30.0,4348.25,2023
2023-09-26,ok,272.5,362.5,3.0,269.0,4346.25,2023
2023-09-27,ok,-880.0,-850.0,1.0,150.0,4325.75,2023
2023-09-28,ok,95.0,125.0,1.0,269.0,4307.5,2023
2023-09-29,ok,-1080.0,-1050.0,1.0,60.0,4369.75,2023
2023-10-02,ok,-467.5,-437.5,1.0,30.0,4317.25,2023
2023-10-03,ok,370.0,400.0,1.0,329.0,4301.0,2023
2023-10-04,ok,-327.5,-237.5,3.0,119.0,4269.5,2023
2023-10-05,ok,95.0,125.0,1.0,120.0,4290.75,2023
2023-10-06,ok,307.5,337.5,1.0,239.0,4265.5,2023
2023-10-09,ok,32.5,62.5,1.0,90.0,4321.75,2023
2023-10-10,ok,895.0,925.0,1.0,240.0,4376.0,2023
2023-10-11,ok,0.0,0.0,0.0,0.0,4402.5,2023
2023-10-12,ok,-460.0,-400.0,2.0,179.0,4413.75,2023
2023-10-13,ok,-1385.0,-1325.0,2.0,60.0,4395.0,2023
2023-10-16,ok,-17.5,12.5,1.0,90.0,4380.25,2023
2023-10-17,ok,0.0,0.0,0.0,0.0,4369.25,2023
2023-10-18,ok,432.5,462.5,1.0,59.0,4382.75,2023
2023-10-19,ok,227.5,287.5,2.0,89.0,4347.75,2023
2023-10-20,ok,1052.5,1112.5,2.0,269.0,4296.5,2023
2023-10-23,ok,-792.5,-762.5,1.0,30.0,4231.25,2023
2023-10-24,ok,157.5,187.5,1.0,60.0,4261.75,2023
2023-10-25,ok,752.5,812.5,2.0,269.0,4253.5,2023
2023-10-26,ok,-372.5,-312.5,2.0,120.0,4196.25,2023
2023-10-27,ok,-330.0,-300.0,1.0,60.0,4172.75,2023
2023-10-30,ok,-1005.0,-975.0,1.0,30.0,4165.75,2023
2023-10-31,ok,-530.0,-500.0,1.0,30.0,4191.75,2023
2023-11-01,ok,-522.5,-462.5,2.0,89.0,4221.5,2023
2023-11-02,ok,1620.0,1650.0,1.0,359.0,4294.0,2023
2023-11-03,ok,-540.0,-450.0,3.0,210.0,4359.5,2023
2023-11-06,ok,0.0,0.0,0.0,0.0,4382.5,2023
2023-11-07,ok,0.0,0.0,0.0,0.0,4384.0,2023
2023-11-08,ok,0.0,0.0,0.0,0.0,4402.25,2023
2023-11-09,ok,457.5,487.5,1.0,89.0,4409.0,2023
2023-11-10,ok,870.0,900.0,1.0,179.0,4383.75,2023
2023-11-13,ok,0.0,0.0,0.0,0.0,4415.5,2023
2023-11-14,ok,-235.0,-175.0,2.0,299.0,4486.5,2023
2023-11-15,ok,0.0,0.0,0.0,0.0,4523.75,2023
2023-11-16,ok,0.0,0.0,0.0,0.0,4513.0,2023
2023-11-17,ok,0.0,0.0,0.0,0.0,4522.25,2023
2023-11-20,ok,1045.0,1075.0,1.0,359.0,4524.75,2023
2023-11-21,ok,0.0,0.0,0.0,0.0,4550.0,2023
2023-11-22,ok,0.0,0.0,0.0,0.0,4566.25,2023
2023-11-24,ok,0.0,0.0,0.0,0.0,4566.25,2023
2023-11-27,ok,0.0,0.0,0.0,0.0,4561.25,2023
2023-11-28,ok,-105.0,-75.0,1.0,60.0,4555.25,2023
2023-11-29,ok,-880.0,-850.0,1.0,30.0,4585.25,2023
2023-11-30,ok,-167.5,-137.5,1.0,60.0,4566.25,2023
2023-12-01,ok,307.5,337.5,1.0,239.0,4568.5,2023
2023-12-04,ok,-142.5,-112.5,1.0,60.0,4566.0,2023
2023-12-05,ok,0.0,0.0,0.0,0.0,4562.0,2023
2023-12-06,ok,95.0,125.0,1.0,29.0,4597.25,2023
2023-12-07,ok,-690.0,-600.0,3.0,210.0,4576.5,2023
2023-12-08,ok,-322.5,-262.5,2.0,179.0,4580.75,2023
2023-12-11,ok,-172.5,-112.5,2.0,150.0,4655.5,2023
2023-12-12,ok,270.0,300.0,1.0,59.0,4672.75,2023
2023-12-13,ok,1495.0,1525.0,1.0,89.0,4700.25,2023
2023-12-14,ok,-455.0,-425.0,1.0,30.0,4779.25,2023
2023-12-15,ok,0.0,0.0,0.0,0.0,4768.25,2023
2023-12-18,ok,-335.0,-275.0,2.0,150.0,4782.0,2023
2023-12-19,ok,240.0,300.0,2.0,240.0,4797.5,2023
2023-12-20,ok,1270.0,1300.0,1.0,59.0,4810.5,2023
2023-12-21,ok,0.0,0.0,0.0,0.0,4781.25,2023
2023-12-22,ok,-430.0,-400.0,1.0,60.0,4806.25,2023
2023-12-26,ok,-302.5,-212.5,3.0,89.0,4808.75,2023
2023-12-27,ok,0.0,0.0,0.0,0.0,4822.0,2023
2023-12-28,ok,0.0,0.0,0.0,0.0,4832.0,2023
2023-12-29,ok,207.5,237.5,1.0,210.0,4828.5,2023
2024-01-02,ok,0.0,0.0,0.0,0.0,4783.5,2024
2024-01-03,ok,182.5,212.5,1.0,150.0,4764.25,2024
2024-01-04,ok,-55.0,-25.0,1.0,90.0,4739.5,2024
2024-01-05,ok,-417.5,-387.5,1.0,150.0,4730.25,2024
2024-01-08,ok,2445.0,2475.0,1.0,359.0,4739.25,2024
2024-01-09,ok,0.0,0.0,0.0,0.0,4773.0,2024
2024-01-10,ok,-7.5,112.5,4.0,209.0,4795.25,2024
2024-01-11,ok,-430.0,-400.0,1.0,210.0,4827.0,2024
2024-01-12,ok,0.0,0.0,0.0,0.0,4829.0,2024
2024-01-16,ok,-1465.0,-1375.0,3.0,120.0,4802.0,2024
2024-01-17,ok,0.0,0.0,0.0,0.0,4766.0,2024
2024-01-18,ok,395.0,425.0,1.0,89.0,4786.0,2024
2024-01-19,ok,1545.0,1575.0,1.0,209.0,4822.0,2024
2024-01-22,ok,-342.5,-312.5,1.0,30.0,4885.75,2024
2024-01-23,ok,0.0,0.0,0.0,0.0,4885.75,2024
2024-01-24,ok,0.0,0.0,0.0,0.0,4923.5,2024
2024-01-25,ok,0.0,0.0,0.0,0.0,4919.0,2024
2024-01-26,ok,0.0,0.0,0.0,0.0,4918.25,2024
2024-01-29,ok,132.5,162.5,1.0,29.0,4919.0,2024
2024-01-30,ok,0.0,0.0,0.0,0.0,4946.25,2024
2024-01-31,ok,2332.5,2362.5,1.0,359.0,4926.0,2024
2024-02-01,ok,265.0,325.0,2.0,239.0,4883.25,2024
2024-02-02,ok,1870.0,1900.0,1.0,359.0,4933.0,2024
2024-02-05,ok,-717.5,-687.5,1.0,120.0,4973.0,2024
2024-02-06,ok,0.0,0.0,0.0,0.0,4970.0,2024
2024-02-07,ok,-545.0,-425.0,4.0,210.0,4997.5,2024
2024-02-08,ok,0.0,0.0,0.0,0.0,5013.25,2024
2024-02-09,ok,347.5,437.5,3.0,299.0,5020.0,2024
2024-02-12,ok,-455.0,-425.0,1.0,150.0,5043.0,2024
2024-02-13,ok,-1660.0,-1600.0,2.0,119.0,4974.75,2024
2024-02-14,ok,-917.5,-887.5,1.0,30.0,4997.25,2024
2024-02-15,ok,15.0,75.0,2.0,179.0,5019.0,2024
2024-02-16,ok,-667.5,-637.5,1.0,60.0,5043.0,2024
2024-02-20,ok,-722.5,-662.5,2.0,240.0,5001.75,2024
2024-02-21,ok,0.0,0.0,0.0,0.0,4978.25,2024
2024-02-22,ok,447.5,537.5,3.0,299.0,5062.25,2024
2024-02-23,ok,0.0,0.0,0.0,0.0,5114.25,2024
2024-02-26,ok,-155.0,-125.0,1.0,30.0,5103.75,2024
2024-02-27,ok,0.0,0.0,0.0,0.0,5086.5,2024
2024-02-28,ok,0.0,0.0,0.0,0.0,5072.25,2024
2024-02-29,ok,0.0,0.0,0.0,0.0,5098.0,2024
2024-03-01,ok,1220.0,1250.0,1.0,329.0,5105.75,2024
2024-03-04,ok,0.0,0.0,0.0,0.0,5135.75,2024
2024-03-05,ok,1232.5,1262.5,1.0,359.0,5116.5,2024
2024-03-06,ok,0.0,0.0,0.0,0.0,5119.25,2024
2024-03-07,ok,102.5,162.5,2.0,270.0,5143.0,2024
2024-03-08,ok,-1965.0,-1875.0,3.0,209.0,5165.5,2024
2024-03-11,ok,0.0,0.0,0.0,0.0,5177.5,2024
2024-03-12,ok,240.0,300.0,2.0,269.0,5206.25,2024
2024-03-13,ok,-205.0,-175.0,1.0,30.0,5243.25,2024
2024-03-14,ok,-567.5,-537.5,1.0,359.0,5240.0,2024
2024-03-15,ok,-492.5,-462.5,1.0,30.0,5186.0,2024
2024-03-18,ok,-55.0,-25.0,1.0,30.0,5225.5,2024
2024-03-19,ok,-117.5,-87.5,1.0,150.0,5205.5,2024
2024-03-20,ok,732.5,762.5,1.0,59.0,5241.0,2024
2024-03-21,ok,0.0,0.0,0.0,0.0,5315.0,2024
2024-03-22,ok,-367.5,-337.5,1.0,30.0,5301.25,2024
2024-03-25,ok,0.0,0.0,0.0,0.0,5276.75,2024
2024-03-26,ok,0.0,0.0,0.0,0.0,5290.0,2024
2024-03-27,ok,0.0,0.0,0.0,0.0,5293.0,2024
2024-03-28,ok,0.0,0.0,0.0,0.0,5309.5,2024
2024-04-01,ok,195.0,225.0,1.0,270.0,5311.5,2024
2024-04-02,ok,-235.0,-175.0,2.0,120.0,5253.0,2024
2024-04-03,ok,-267.5,-237.5,1.0,270.0,5247.75,2024
2024-04-04,ok,2495.0,2525.0,1.0,89.0,5305.25,2024
2024-04-05,ok,1245.0,1275.0,1.0,359.0,5211.0,2024
2024-04-08,ok,0.0,0.0,0.0,0.0,5258.5,2024
2024-04-09,ok,-530.0,-500.0,1.0,300.0,5271.75,2024
2024-04-10,ok,0.0,0.0,0.0,0.0,5199.75,2024
2024-04-11,ok,-160.0,-100.0,2.0,179.0,5218.75,2024
2024-04-12,ok,-210.0,-150.0,2.0,239.0,5204.25,2024
2024-04-15,ok,1007.5,1037.5,1.0,149.0,5211.25,2024
2024-04-16,ok,-5.0,25.0,1.0,30.0,5107.0,2024
2024-04-17,ok,-80.0,-50.0,1.0,90.0,5117.5,2024
2024-04-18,ok,0.0,0.0,0.0,0.0,5073.5,2024
2024-04-19,ok,-10.0,50.0,2.0,209.0,5047.25,2024
2024-04-22,ok,-480.0,-450.0,1.0,90.0,5030.25,2024
2024-04-23,ok,1107.5,1137.5,1.0,330.0,5069.25,2024
2024-04-24,ok,-205.0,-175.0,1.0,30.0,5117.0,2024
2024-04-25,ok,-730.0,-700.0,1.0,30.0,5039.5,2024
2024-04-26,ok,277.5,337.5,2.0,240.0,5111.0,2024
2024-04-29,ok,0.0,0.0,0.0,0.0,5147.25,2024
2024-04-30,ok,1010.0,1100.0,3.0,179.0,5130.75,2024
2024-05-01,ok,-3642.5,-3612.5,1.0,59.0,5058.0,2024
2024-05-02,ok,0.0,0.0,0.0,0.0,5083.25,2024
2024-05-03,ok,0.0,0.0,0.0,0.0,5153.25,2024
2024-05-06,ok,0.0,0.0,0.0,0.0,5178.5,2024
2024-05-07,ok,0.0,0.0,0.0,0.0,5216.25,2024
2024-05-08,ok,0.0,0.0,0.0,0.0,5192.5,2024
2024-05-09,ok,-422.5,-362.5,2.0,120.0,5211.25,2024
2024-05-10,ok,0.0,0.0,0.0,0.0,5255.5,2024
2024-05-13,ok,0.0,0.0,0.0,0.0,5262.0,2024
2024-05-14,ok,-310.0,-250.0,2.0,89.0,5246.75,2024
2024-05-15,ok,1320.0,1350.0,1.0,299.0,5293.5,2024
2024-05-16,ok,-155.0,-125.0,1.0,30.0,5332.25,2024
2024-05-17,ok,0.0,0.0,0.0,0.0,5320.75,2024
2024-05-20,ok,-430.0,-400.0,1.0,210.0,5328.0,2024
2024-05-21,ok,0.0,0.0,0.0,0.0,5324.5,2024
2024-05-22,ok,-1055.0,-1025.0,1.0,89.0,5338.0,2024
2024-05-23,ok,357.5,387.5,1.0,119.0,5357.25,2024
2024-05-24,ok,-167.5,-137.5,1.0,180.0,5304.5,2024
2024-05-28,ok,0.0,0.0,0.0,0.0,5328.5,2024
2024-05-29,ok,0.0,0.0,0.0,0.0,5282.0,2024
2024-05-30,ok,0.0,0.0,0.0,0.0,5269.75,2024
2024-05-31,ok,-230.0,-200.0,1.0,270.0,5257.75,2024
2024-06-03,ok,-347.5,-287.5,2.0,240.0,5312.25,2024
2024-06-04,ok,-417.5,-387.5,1.0,30.0,5285.25,2024
2024-06-05,ok,995.0,1025.0,1.0,179.0,5327.5,2024
2024-06-06,ok,0.0,0.0,0.0,0.0,5369.25,2024
2024-06-07,ok,0.0,0.0,0.0,0.0,5352.5,2024
2024-06-10,ok,0.0,0.0,0.0,0.0,5347.25,2024
2024-06-11,ok,-517.5,-487.5,1.0,30.0,5355.5,2024
2024-06-12,ok,145.0,175.0,1.0,120.0,5430.0,2024
2024-06-13,ok,0.0,0.0,0.0,0.0,5444.25,2024
2024-06-14,ok,0.0,0.0,0.0,0.0,5419.0,2024
2024-06-17,ok,1732.5,1762.5,1.0,269.0,5495.0,2024
2024-06-18,ok,0.0,0.0,0.0,0.0,5547.5,2024
2024-06-20,ok,-555.0,-525.0,1.0,30.0,5570.25,2024
2024-06-21,ok,-267.5,-237.5,1.0,30.0,5534.25,2024
2024-06-24,ok,145.0,175.0,1.0,150.0,5531.0,2024
2024-06-25,ok,0.0,0.0,0.0,0.0,5527.25,2024
2024-06-26,ok,0.0,0.0,0.0,0.0,5523.0,2024
2024-06-27,ok,-305.0,-275.0,1.0,30.0,5538.75,2024
2024-06-28,ok,227.5,287.5,2.0,149.0,5552.75,2024
2024-07-01,ok,-480.0,-450.0,1.0,30.0,5537.0,2024
2024-07-02,ok,845.0,875.0,1.0,119.0,5516.0,2024
2024-07-03,ok,82.5,112.5,1.0,29.0,5564.25,2024
2024-07-05,ok,627.5,687.5,2.0,299.0,5592.25,2024
2024-07-08,ok,0.0,0.0,0.0,0.0,5629.0,2024
2024-07-09,ok,0.0,0.0,0.0,0.0,5636.0,2024
2024-07-10,ok,1157.5,1187.5,1.0,209.0,5643.25,2024
2024-07-11,ok,1632.5,1662.5,1.0,329.0,5686.5,2024
2024-07-12,ok,520.0,550.0,1.0,359.0,5646.0,2024
2024-07-15,ok,-430.0,-400.0,1.0,90.0,5690.25,2024
2024-07-16,ok,0.0,0.0,0.0,0.0,5698.25,2024
2024-07-17,ok,0.0,0.0,0.0,0.0,5655.25,2024
2024-07-18,ok,495.0,525.0,1.0,269.0,5651.75,2024
2024-07-19,"unknown:нет цены на отметке, нормы или цены исполнения",,,,,,2024
2024-07-22,ok,0.0,0.0,0.0,0.0,5593.5,2024
2024-07-23,ok,-342.5,-312.5,1.0,60.0,5607.5,2024
2024-07-24,ok,2745.0,2775.0,1.0,359.0,5548.75,2024
2024-07-25,ok,-777.5,-687.5,3.0,210.0,5471.75,2024
2024-07-26,ok,-335.0,-275.0,2.0,180.0,5478.5,2024
2024-07-29,ok,0.0,0.0,0.0,0.0,5514.25,2024
2024-07-30,ok,20.0,50.0,1.0,269.0,5516.5,2024
2024-07-31,ok,-1647.5,-1587.5,2.0,60.0,5543.5,2024
2024-08-01,ok,90.0,150.0,2.0,329.0,5578.0,2024
2024-08-02,"unknown:нет цены на отметке, нормы или цены исполнения",,,,,,2024
2024-08-05,ok,0.0,0.0,0.0,0.0,5159.5,2024
2024-08-06,ok,120.0,150.0,1.0,359.0,5235.0,2024
2024-08-07,ok,-1192.5,-1162.5,1.0,30.0,5327.75,2024
2024-08-08,ok,252.5,312.5,2.0,299.0,5280.75,2024
2024-08-09,ok,0.0,0.0,0.0,0.0,5337.5,2024
2024-08-12,ok,-1442.5,-1412.5,1.0,30.0,5381.0,2024
2024-08-13,ok,90.0,150.0,2.0,89.0,5403.5,2024
2024-08-14,ok,0.0,0.0,0.0,0.0,5466.5,2024
2024-08-15,ok,0.0,0.0,0.0,0.0,5532.5,2024
2024-08-16,ok,0.0,0.0,0.0,0.0,5549.25,2024
2024-08-19,ok,0.0,0.0,0.0,0.0,5582.25,2024
2024-08-20,ok,0.0,0.0,0.0,0.0,5626.0,2024
2024-08-21,ok,0.0,0.0,0.0,0.0,5631.25,2024
2024-08-22,ok,-2002.5,-1912.5,3.0,119.0,5658.75,2024
2024-08-23,ok,-1130.0,-1100.0,1.0,30.0,5626.25,2024
2024-08-26,ok,-642.5,-612.5,1.0,30.0,5661.0,2024
2024-08-27,ok,0.0,0.0,0.0,0.0,5623.25,2024
2024-08-28,ok,-142.5,-112.5,1.0,240.0,5640.0,2024
2024-08-29,ok,345.0,375.0,1.0,180.0,5630.5,2024
2024-08-30,ok,-242.5,-212.5,1.0,30.0,5631.5,2024
2024-09-03,ok,3420.0,3450.0,1.0,359.0,5626.0,2024
2024-09-04,ok,-942.5,-912.5,1.0,30.0,5522.75,2024
2024-09-05,ok,-2690.0,-2600.0,3.0,180.0,5528.25,2024
2024-09-06,ok,3707.5,3737.5,1.0,359.0,5515.5,2024
2024-09-09,ok,-105.0,-75.0,1.0,30.0,5462.25,2024
2024-09-10,ok,0.0,0.0,0.0,0.0,5498.25,2024
2024-09-11,ok,215.0,275.0,2.0,209.0,5500.5,2024
2024-09-12,ok,-67.5,-37.5,1.0,119.0,5562.75,2024
2024-09-13,ok,-640.0,-550.0,3.0,90.0,5607.75,2024
2024-09-16,ok,0.0,0.0,0.0,0.0,5688.75,2024
2024-09-17,ok,0.0,0.0,0.0,0.0,5722.0,2024
2024-09-18,ok,0.0,0.0,0.0,0.0,5707.25,2024
2024-09-19,ok,0.0,0.0,0.0,0.0,5778.25,2024
2024-09-20,ok,0.0,0.0,0.0,0.0,5760.5,2024
2024-09-23,ok,0.0,0.0,0.0,0.0,5774.5,2024
2024-09-24,ok,0.0,0.0,0.0,0.0,5784.25,2024
2024-09-25,ok,0.0,0.0,0.0,0.0,5790.5,2024
2024-09-26,ok,0.0,0.0,0.0,0.0,5824.25,2024
2024-09-27,ok,0.0,0.0,0.0,0.0,5811.5,2024
2024-09-30,ok,0.0,0.0,0.0,0.0,5780.25,2024
2024-10-01,ok,382.5,412.5,1.0,359.0,5808.5,2024
2024-10-02,ok,0.0,0.0,0.0,0.0,5749.75,2024
2024-10-03,ok,0.0,0.0,0.0,0.0,5744.5,2024
2024-10-04,ok,0.0,0.0,0.0,0.0,5793.5,2024
2024-10-07,ok,807.5,837.5,1.0,89.0,5781.75,2024
2024-10-08,ok,327.5,387.5,2.0,269.0,5772.5,2024
2024-10-09,ok,1082.5,1112.5,1.0,299.0,5799.5,2024
2024-10-10,ok,0.0,0.0,0.0,0.0,5825.25,2024
2024-10-11,ok,1045.0,1075.0,1.0,359.0,5824.5,2024
2024-10-14,ok,127.5,187.5,2.0,329.0,5876.5,2024
2024-10-15,ok,1070.0,1100.0,1.0,299.0,5911.0,2024
2024-10-16,ok,-242.5,-212.5,1.0,89.0,5861.75,2024
2024-10-17,ok,0.0,0.0,0.0,0.0,5923.0,2024
2024-10-18,ok,0.0,0.0,0.0,0.0,5901.5,2024
2024-10-21,ok,-792.5,-762.5,1.0,30.0,5898.5,2024
2024-10-22,ok,0.0,0.0,0.0,0.0,5869.25,2024
2024-10-23,ok,-472.5,-412.5,2.0,239.0,5870.25,2024
2024-10-24,ok,0.0,0.0,0.0,0.0,5857.0,2024
2024-10-25,ok,-442.5,-412.5,1.0,90.0,5870.0,2024
2024-10-28,ok,0.0,0.0,0.0,0.0,5880.0,2024
2024-10-29,ok,0.0,0.0,0.0,0.0,5852.0,2024
2024-10-30,ok,0.0,0.0,0.0,0.0,5866.25,2024
2024-10-31,ok,2570.0,2600.0,1.0,359.0,5807.0,2024
2024-11-01,ok,-1247.5,-1187.5,2.0,210.0,5760.75,2024
2024-11-04,ok,-605.0,-575.0,1.0,30.0,5757.75,2024
2024-11-05,ok,1320.0,1350.0,1.0,359.0,5753.0,2024
2024-11-06,ok,0.0,0.0,0.0,0.0,5939.25,2024
2024-11-07,ok,-565.0,-475.0,3.0,179.0,5977.0,2024
2024-11-08,ok,57.5,87.5,1.0,150.0,6004.5,2024
2024-11-11,ok,0.0,0.0,0.0,0.0,6042.0,2024
2024-11-12,ok,-530.0,-500.0,1.0,120.0,6030.5,2024
2024-11-13,ok,0.0,0.0,0.0,0.0,6015.75,2024
2024-11-14,ok,620.0,650.0,1.0,209.0,6015.25,2024
2024-11-15,ok,495.0,525.0,1.0,329.0,5936.75,2024
2024-11-18,ok,-5.0,25.0,1.0,60.0,5900.25,2024
2024-11-19,ok,-430.0,-400.0,1.0,30.0,5883.75,2024
2024-11-20,ok,-1160.0,-1100.0,2.0,300.0,5938.5,2024
2024-11-21,ok,-2042.5,-2012.5,1.0,30.0,5967.75,2024
2024-11-22,ok,-1797.5,-1737.5,2.0,60.0,5968.25,2024
2024-11-25,ok,0.0,0.0,0.0,0.0,6026.75,2024
2024-11-26,ok,0.0,0.0,0.0,0.0,6018.5,2024
2024-11-27,ok,20.0,50.0,1.0,90.0,6033.25,2024
2024-11-29,ok,907.5,937.5,1.0,179.0,6021.5,2024
2024-12-02,ok,0.0,0.0,0.0,0.0,6055.25,2024
2024-12-03,ok,0.0,0.0,0.0,0.0,6058.5,2024
2024-12-04,ok,0.0,0.0,0.0,0.0,6080.0,2024
2024-12-05,ok,0.0,0.0,0.0,0.0,6098.5,2024
2024-12-06,ok,-80.0,-50.0,1.0,30.0,6094.5,2024
2024-12-09,ok,-35.0,25.0,2.0,269.0,6096.0,2024
2024-12-10,ok,-117.5,-87.5,1.0,29.0,6071.75,2024
2024-12-11,ok,-30.0,0.0,1.0,269.0,6075.5,2024
2024-12-12,ok,232.5,262.5,1.0,89.0,6082.25,2024
2024-12-13,ok,-522.5,-462.5,2.0,90.0,6077.25,2024
2024-12-16,ok,-480.0,-450.0,1.0,149.0,6144.0,2024
2024-12-17,ok,-430.0,-400.0,1.0,30.0,6127.5,2024
2024-12-18,ok,7115.0,7175.0,2.0,179.0,6124.0,2024
2024-12-19,ok,0.0,0.0,0.0,0.0,5988.75,2024
2024-12-20,ok,2107.5,2137.5,1.0,329.0,5907.25,2024
2024-12-23,ok,-322.5,-262.5,2.0,180.0,5998.75,2024
2024-12-24,ok,1932.5,1962.5,1.0,179.0,6048.0,2024
2024-12-26,ok,0.0,0.0,0.0,0.0,6079.25,2024
2024-12-27,ok,-72.5,-12.5,2.0,329.0,6052.5,2024
2024-12-30,ok,-930.0,-900.0,1.0,60.0,5955.25,2024
2024-12-31,ok,-742.5,-712.5,1.0,90.0,5972.5,2024
2025-01-02,ok,-2665.0,-2575.0,3.0,150.0,5967.75,2025
2025-01-03,ok,315.0,375.0,2.0,209.0,5945.0,2025
2025-01-06,ok,307.5,337.5,1.0,150.0,6032.75,2025
2025-01-07,ok,1477.5,1537.5,2.0,239.0,6042.0,2025
2025-01-08,ok,-555.0,-525.0,1.0,60.0,5954.0,2025
2025-01-10,ok,-347.5,-287.5,2.0,239.0,5920.5,2025
2025-01-13,ok,0.0,0.0,0.0,0.0,5817.5,2025
2025-01-14,ok,0.0,0.0,0.0,0.0,5902.75,2025
2025-01-15,ok,195.0,225.0,1.0,30.0,5964.75,2025
2025-01-16,ok,0.0,0.0,0.0,0.0,6001.75,2025
2025-01-17,ok,0.0,0.0,0.0,0.0,6027.0,2025
2025-01-21,ok,0.0,0.0,0.0,0.0,6063.75,2025
2025-01-22,ok,0.0,0.0,0.0,0.0,6116.25,2025
2025-01-23,ok,0.0,0.0,0.0,0.0,6113.5,2025
2025-01-24,ok,0.0,0.0,0.0,0.0,6152.0,2025
2025-01-27,ok,0.0,0.0,0.0,0.0,5998.0,2025
2025-01-28,ok,-210.0,-150.0,2.0,269.0,6057.5,2025
2025-01-29,ok,-1492.5,-1462.5,1.0,30.0,6087.25,2025
2025-01-30,ok,0.0,0.0,0.0,0.0,6089.5,2025
2025-01-31,ok,-110.0,-50.0,2.0,119.0,6122.5,2025
2025-02-03,ok,0.0,0.0,0.0,0.0,5972.5,2025
2025-02-04,ok,545.0,575.0,1.0,329.0,6023.5,2025
2025-02-05,ok,0.0,0.0,0.0,0.0,6051.0,2025
2025-02-06,ok,0.0,0.0,0.0,0.0,6103.75,2025
2025-02-07,ok,1857.5,1887.5,1.0,329.0,6110.5,2025
2025-02-10,ok,0.0,0.0,0.0,0.0,6080.75,2025
2025-02-11,ok,0.0,0.0,0.0,0.0,6065.0,2025
2025-02-12,ok,0.0,0.0,0.0,0.0,6030.75,2025
2025-02-13,ok,152.5,212.5,2.0,149.0,6083.5,2025
2025-02-14,ok,0.0,0.0,0.0,0.0,6134.5,2025
2025-02-18,ok,0.0,0.0,0.0,0.0,6143.25,2025
2025-02-19,ok,0.0,0.0,0.0,0.0,6134.25,2025
2025-02-20,ok,-417.5,-387.5,1.0,270.0,6148.5,2025
2025-02-21,ok,4220.0,4250.0,1.0,359.0,6132.5,2025
2025-02-24,ok,-692.5,-662.5,1.0,90.0,6050.0,2025
2025-02-25,ok,-910.0,-850.0,2.0,270.0,6000.5,2025
2025-02-26,ok,-1397.5,-1337.5,2.0,150.0,5987.0,2025
2025-02-27,ok,1252.5,1312.5,2.0,119.0,5995.5,2025
2025-02-28,ok,1027.5,1087.5,2.0,89.0,5879.75,2025
2025-03-03,ok,2045.0,2075.0,1.0,149.0,5984.75,2025
2025-03-04,ok,-1622.5,-1562.5,2.0,180.0,5819.0,2025
2025-03-05,ok,-22.5,37.5,2.0,149.0,5787.75,2025
2025-03-06,ok,-280.0,-250.0,1.0,180.0,5773.75,2025
2025-03-07,ok,-1280.0,-1250.0,1.0,90.0,5726.25,2025
2025-03-10,ok,840.0,900.0,2.0,269.0,5691.25,2025
2025-03-11,ok,-1947.5,-1887.5,2.0,180.0,5609.0,2025
2025-03-12,ok,0.0,0.0,0.0,0.0,5635.5,2025
2025-03-13,ok,-977.5,-887.5,3.0,269.0,5598.0,2025
2025-03-14,ok,402.5,462.5,2.0,329.0,5572.25,2025
2025-03-17,ok,-647.5,-587.5,2.0,149.0,5689.25,2025
2025-03-18,ok,-522.5,-462.5,2.0,270.0,5708.75,2025
2025-03-19,ok,-555.0,-525.0,1.0,30.0,5687.75,2025
2025-03-20,ok,0.0,0.0,0.0,0.0,5691.75,2025
2025-03-21,ok,0.0,0.0,0.0,0.0,5663.75,2025
2025-03-24,ok,0.0,0.0,0.0,0.0,5782.5,2025
2025-03-25,ok,0.0,0.0,0.0,0.0,5826.0,2025
2025-03-26,ok,970.0,1000.0,1.0,239.0,5824.0,2025
2025-03-27,ok,0.0,0.0,0.0,0.0,5742.75,2025
2025-03-28,ok,1895.0,1925.0,1.0,329.0,5723.5,2025
2025-03-31,ok,0.0,0.0,0.0,0.0,5563.5,2025
2025-04-01,ok,-2355.0,-2325.0,1.0,30.0,5638.75,2025
2025-04-02,ok,-842.5,-812.5,1.0,60.0,5613.0,2025
2025-04-03,ok,-1627.5,-1537.5,3.0,119.0,5512.0,2025
2025-04-04,"unknown:нет цены на отметке, нормы или цены исполнения",,,,,,2025
2025-04-07,ok,0.0,0.0,0.0,0.0,4942.5,2025
2025-04-08,ok,382.5,412.5,1.0,29.0,5272.0,2025
2025-04-09,ok,9327.5,9387.5,2.0,179.0,4983.0,2025
2025-04-10,ok,2357.5,2387.5,1.0,240.0,5375.5,2025
2025-04-11,ok,-1797.5,-1737.5,2.0,60.0,5281.0,2025
2025-04-14,ok,0.0,0.0,0.0,0.0,5493.25,2025
2025-04-15,ok,0.0,0.0,0.0,0.0,5449.25,2025
2025-04-16,ok,0.0,0.0,0.0,0.0,5367.25,2025
2025-04-17,ok,0.0,0.0,0.0,0.0,5322.75,2025
2025-04-21,ok,3620.0,3650.0,1.0,330.0,5257.5,2025
2025-04-22,ok,-1080.0,-1050.0,1.0,150.0,5245.5,2025
2025-04-23,ok,132.5,162.5,1.0,30.0,5450.0,2025
2025-04-24,ok,1382.5,1412.5,1.0,180.0,5411.75,2025
2025-04-25,ok,0.0,0.0,0.0,0.0,5510.5,2025
2025-04-28,ok,0.0,0.0,0.0,0.0,5556.75,2025
2025-04-29,ok,0.0,0.0,0.0,0.0,5531.0,2025
2025-04-30,ok,-2242.5,-2212.5,1.0,30.0,5516.5,2025
2025-05-01,ok,-80.0,-50.0,1.0,30.0,5645.0,2025
2025-05-02,ok,0.0,0.0,0.0,0.0,5686.5,2025
2025-05-05,ok,0.0,0.0,0.0,0.0,5664.25,2025
2025-05-06,ok,0.0,0.0,0.0,0.0,5616.5,2025
2025-05-07,ok,0.0,0.0,0.0,0.0,5638.5,2025
2025-05-08,ok,-1085.0,-1025.0,2.0,90.0,5688.75,2025
2025-05-09,ok,0.0,0.0,0.0,0.0,5699.75,2025
2025-05-12,ok,0.0,0.0,0.0,0.0,5850.25,2025
2025-05-13,ok,-42.5,-12.5,1.0,329.0,5869.75,2025
2025-05-14,ok,0.0,0.0,0.0,0.0,5913.25,2025
2025-05-15,ok,-392.5,-362.5,1.0,90.0,5889.0,2025
2025-05-16,ok,0.0,0.0,0.0,0.0,5944.5,2025
2025-05-19,ok,0.0,0.0,0.0,0.0,5912.25,2025
2025-05-20,ok,0.0,0.0,0.0,0.0,5962.0,2025
2025-05-21,ok,820.0,850.0,1.0,149.0,5914.5,2025
2025-05-22,ok,-1722.5,-1662.5,2.0,59.0,5855.5,2025
2025-05-23,ok,0.0,0.0,0.0,0.0,5784.0,2025
2025-05-27,ok,1582.5,1612.5,1.0,329.0,5886.25,2025
2025-05-28,ok,-42.5,-12.5,1.0,30.0,5940.25,2025
2025-05-29,ok,0.0,0.0,0.0,0.0,5955.0,2025
2025-05-30,ok,-3002.5,-2912.5,3.0,120.0,5910.5,2025
2025-06-02,ok,0.0,0.0,0.0,0.0,5897.5,2025
2025-06-03,ok,907.5,937.5,1.0,270.0,5943.5,2025
2025-06-04,ok,0.0,0.0,0.0,0.0,5989.25,2025
2025-06-05,ok,-1247.5,-1187.5,2.0,59.0,5995.0,2025
2025-06-06,ok,-617.5,-587.5,1.0,30.0,6002.75,2025
2025-06-09,ok,0.0,0.0,0.0,0.0,6012.5,2025
2025-06-10,ok,0.0,0.0,0.0,0.0,6016.25,2025
2025-06-11,ok,0.0,0.0,0.0,0.0,6055.5,2025
2025-06-12,ok,-142.5,-112.5,1.0,30.0,6014.0,2025
2025-06-13,ok,-1217.5,-1187.5,1.0,30.0,5996.0,2025
2025-06-16,ok,-392.5,-362.5,1.0,240.0,6067.25,2025
2025-06-17,ok,-92.5,-62.5,1.0,60.0,6065.0,2025
2025-06-18,ok,-530.0,-500.0,1.0,90.0,6045.0,2025
2025-06-20,ok,-1415.0,-1325.0,3.0,149.0,6060.5,2025
2025-06-23,ok,772.5,862.5,3.0,239.0,6025.0,2025
2025-06-24,ok,470.0,500.0,1.0,269.0,6118.5,2025
2025-06-25,ok,0.0,0.0,0.0,0.0,6155.0,2025
2025-06-26,ok,352.5,412.5,2.0,240.0,6165.5,2025
2025-06-27,ok,-130.0,-100.0,1.0,240.0,6204.25,2025
2025-06-30,ok,0.0,0.0,0.0,0.0,6248.25,2025
2025-07-01,ok,0.0,0.0,0.0,0.0,6235.25,2025
2025-07-02,ok,-105.0,-75.0,1.0,30.0,6245.0,2025
2025-07-03,ok,607.5,637.5,1.0,179.0,6293.0,2025
2025-07-07,ok,-105.0,-75.0,1.0,209.0,6302.0,2025
2025-07-08,ok,0.0,0.0,0.0,0.0,6281.0,2025
2025-07-09,ok,-467.5,-437.5,1.0,30.0,6295.25,2025
2025-07-10,ok,-192.5,-162.5,1.0,60.0,6307.75,2025
2025-07-11,ok,0.0,0.0,0.0,0.0,6290.5,2025
2025-07-14,ok,0.0,0.0,0.0,0.0,6294.5,2025
2025-07-15,ok,0.0,0.0,0.0,0.0,6338.0,2025
2025-07-16,ok,0.0,0.0,0.0,0.0,6298.5,2025
2025-07-17,ok,490.0,550.0,2.0,299.0,6304.5,2025
2025-07-18,ok,0.0,0.0,0.0,0.0,6352.0,2025
2025-07-21,ok,-167.5,-137.5,1.0,300.0,6345.25,2025
2025-07-22,ok,-567.5,-537.5,1.0,60.0,6348.0,2025
2025-07-23,ok,0.0,0.0,0.0,0.0,6372.75,2025
2025-07-24,ok,0.0,0.0,0.0,0.0,6402.0,2025
2025-07-25,ok,132.5,162.5,1.0,209.0,6405.0,2025
2025-07-28,ok,0.0,0.0,0.0,0.0,6429.0,2025
2025-07-29,ok,-460.0,-400.0,2.0,59.0,6437.0,2025
2025-07-30,ok,-892.5,-862.5,1.0,59.0,6412.0,2025
2025-07-31,ok,0.0,0.0,0.0,0.0,6446.75,2025
2025-08-01,ok,-92.5,-62.5,1.0,359.0,6311.0,2025
2025-08-04,ok,970.0,1000.0,1.0,359.0,6303.25,2025
2025-08-05,ok,-1135.0,-1075.0,2.0,210.0,6363.75,2025
2025-08-06,ok,345.0,375.0,1.0,269.0,6335.0,2025
2025-08-07,ok,-747.5,-687.5,2.0,60.0,6407.25,2025
2025-08-08,ok,-152.5,-62.5,3.0,269.0,6383.0,2025
2025-08-11,ok,0.0,0.0,0.0,0.0,6416.25,2025
2025-08-12,ok,670.0,700.0,1.0,239.0,6423.75,2025
2025-08-13,ok,0.0,0.0,0.0,0.0,6489.5,2025
2025-08-14,ok,0.0,0.0,0.0,0.0,6467.5,2025
2025-08-15,ok,-117.5,-87.5,1.0,30.0,6496.75,2025
2025-08-18,ok,0.0,0.0,0.0,0.0,6464.5,2025
2025-08-19,ok,432.5,462.5,1.0,239.0,6466.25,2025
2025-08-20,ok,-1690.0,-1600.0,3.0,210.0,6428.0,2025
2025-08-21,ok,0.0,0.0,0.0,0.0,6395.25,2025
2025-08-22,ok,532.5,562.5,1.0,329.0,6407.75,2025
2025-08-25,ok,0.0,0.0,0.0,0.0,6470.0,2025
2025-08-26,ok,0.0,0.0,0.0,0.0,6450.75,2025
2025-08-27,ok,0.0,0.0,0.0,0.0,6474.0,2025
2025-08-28,ok,0.0,0.0,0.0,0.0,6500.0,2025
2025-08-29,ok,195.0,225.0,1.0,359.0,6499.0,2025
2025-09-02,ok,-230.0,-200.0,1.0,30.0,6398.25,2025
2025-09-03,ok,0.0,0.0,0.0,0.0,6448.75,2025
2025-09-04,ok,990.0,1050.0,2.0,179.0,6465.75,2025
2025-09-05,ok,-305.0,-275.0,1.0,300.0,6533.5,2025
2025-09-08,ok,0.0,0.0,0.0,0.0,6504.5,2025
2025-09-09,ok,0.0,0.0,0.0,0.0,6507.25,2025
2025-09-10,ok,0.0,0.0,0.0,0.0,6553.0,2025
2025-09-11,ok,982.5,1012.5,1.0,359.0,6557.75,2025
2025-09-12,ok,0.0,0.0,0.0,0.0,6589.75,2025
2025-09-15,ok,7.5,37.5,1.0,30.0,6666.75,2025
2025-09-16,ok,0.0,0.0,0.0,0.0,6685.0,2025
2025-09-17,ok,-1497.5,-1437.5,2.0,60.0,6669.0,2025
2025-09-18,ok,-1247.5,-1187.5,2.0,60.0,6686.75,2025
2025-09-19,ok,0.0,0.0,0.0,0.0,6707.25,2025
2025-09-22,ok,432.5,462.5,1.0,209.0,6706.0,2025
2025-09-23,ok,882.5,912.5,1.0,179.0,6750.25,2025
2025-09-24,ok,-535.0,-475.0,2.0,209.0,6727.25,2025
2025-09-25,ok,-2185.0,-2125.0,2.0,60.0,6660.0,2025
2025-09-26,ok,-1410.0,-1350.0,2.0,209.0,6673.5,2025
2025-09-29,ok,0.0,0.0,0.0,0.0,6722.25,2025
2025-09-30,ok,0.0,0.0,0.0,0.0,6706.75,2025
2025-10-01,ok,-210.0,-150.0,2.0,119.0,6706.75,2025
2025-10-02,ok,0.0,0.0,0.0,0.0,6779.0,2025
2025-10-03,ok,-555.0,-525.0,1.0,180.0,6772.0,2025
2025-10-06,ok,0.0,0.0,0.0,0.0,6788.75,2025
2025-10-07,ok,32.5,62.5,1.0,269.0,6797.25,2025
2025-10-08,ok,202.5,262.5,2.0,299.0,6773.25,2025
2025-10-09,ok,140.0,200.0,2.0,329.0,6805.5,2025
2025-10-10,ok,8095.0,8125.0,1.0,299.0,6788.0,2025
2025-10-13,ok,-2202.5,-2112.5,3.0,120.0,6670.25,2025
2025-10-14,ok,0.0,0.0,0.0,0.0,6634.0,2025
2025-10-15,ok,-330.0,-300.0,1.0,90.0,6732.0,2025
2025-10-16,ok,545.0,575.0,1.0,119.0,6731.5,2025
2025-10-17,ok,-1822.5,-1762.5,2.0,59.0,6654.5,2025
2025-10-20,ok,1257.5,1287.5,1.0,359.0,6733.5,2025
2025-10-21,ok,0.0,0.0,0.0,0.0,6774.25,2025
2025-10-22,ok,-915.0,-825.0,3.0,240.0,6779.0,2025
2025-10-23,ok,-945.0,-825.0,4.0,149.0,6739.25,2025
2025-10-24,ok,0.0,0.0,0.0,0.0,6820.75,2025
2025-10-27,ok,0.0,0.0,0.0,0.0,6883.0,2025
2025-10-28,ok,0.0,0.0,0.0,0.0,6925.75,2025
2025-10-29,ok,0.0,0.0,0.0,0.0,6942.0,2025
2025-10-30,ok,0.0,0.0,0.0,0.0,6893.0,2025
2025-10-31,ok,0.0,0.0,0.0,0.0,6902.0,2025
2025-11-03,ok,-1005.0,-975.0,1.0,30.0,6908.25,2025
2025-11-04,ok,0.0,0.0,0.0,0.0,6810.25,2025
2025-11-05,ok,82.5,112.5,1.0,359.0,6798.5,2025
2025-11-06,ok,1882.5,1912.5,1.0,359.0,6812.25,2025
2025-11-07,ok,307.5,337.5,1.0,240.0,6723.5,2025
2025-11-10,ok,695.0,725.0,1.0,119.0,6815.75,2025
2025-11-11,ok,0.0,0.0,0.0,0.0,6842.5,2025
2025-11-12,ok,0.0,0.0,0.0,0.0,6891.25,2025
2025-11-13,ok,2065.0,2125.0,2.0,329.0,6847.25,2025
2025-11-14,ok,-542.5,-512.5,1.0,30.0,6692.0,2025
2025-11-17,ok,420.0,450.0,1.0,119.0,6734.25,2025
2025-11-18,ok,-4110.0,-4050.0,2.0,120.0,6656.75,2025
2025-11-19,ok,-1405.0,-1375.0,1.0,60.0,6642.5,2025
2025-11-20,ok,740.0,800.0,2.0,179.0,6764.75,2025
2025-11-21,ok,-2772.5,-2712.5,2.0,209.0,6581.5,2025
2025-11-24,ok,1607.5,1637.5,1.0,329.0,6657.75,2025
2025-11-25,ok,90.0,150.0,2.0,59.0,6716.5,2025
2025-11-26,ok,0.0,0.0,0.0,0.0,6805.0,2025
2025-11-28,ok,0.0,0.0,0.0,0.0,6834.25,2025
2025-12-01,ok,0.0,0.0,0.0,0.0,6813.5,2025
2025-12-02,ok,0.0,0.0,0.0,0.0,6844.25,2025
2025-12-03,ok,0.0,0.0,0.0,0.0,6829.5,2025
2025-12-04,ok,0.0,0.0,0.0,0.0,6876.25,2025
2025-12-05,ok,-642.5,-612.5,1.0,30.0,6875.25,2025
2025-12-08,ok,0.0,0.0,0.0,0.0,6885.75,2025
2025-12-09,ok,0.0,0.0,0.0,0.0,6850.5,2025
2025-12-10,ok,-255.0,-225.0,1.0,59.0,6843.5,2025
2025-12-11,ok,-1855.0,-1825.0,1.0,30.0,6868.0,2025
2025-12-12,ok,957.5,987.5,1.0,329.0,6896.25,2025
2025-12-15,ok,0.0,0.0,0.0,0.0,6930.75,2025
2025-12-16,ok,-1797.5,-1737.5,2.0,90.0,6861.5,2025
2025-12-17,ok,1645.0,1675.0,1.0,299.0,6865.5,2025
2025-12-18,ok,-155.0,-125.0,1.0,30.0,6839.75,2025
2025-12-19,ok,395.0,425.0,1.0,359.0,6847.25,2025
2025-12-22,ok,0.0,0.0,0.0,0.0,6921.75,2025
2025-12-23,ok,0.0,0.0,0.0,0.0,6919.25,2025
2025-12-24,ok,0.0,0.0,0.0,0.0,6959.0,2025
2025-12-26,ok,0.0,0.0,0.0,0.0,6983.5,2025
2025-12-29,ok,0.0,0.0,0.0,0.0,6951.25,2025
2025-12-30,ok,0.0,0.0,0.0,0.0,6949.75,2025
2025-12-31,ok,1477.5,1537.5,2.0,149.0,6945.25,2025
2026-01-02,ok,0.0,0.0,0.0,0.0,6927.75,2026
2026-01-05,ok,-142.5,-112.5,1.0,30.0,6934.0,2026
2026-01-06,ok,-147.5,-87.5,2.0,239.0,6946.75,2026
2026-01-07,ok,0.0,0.0,0.0,0.0,6989.0,2026
2026-01-08,ok,0.0,0.0,0.0,0.0,6953.5,2026
2026-01-09,ok,715.0,775.0,2.0,329.0,6970.5,2026
2026-01-12,ok,0.0,0.0,0.0,0.0,6969.5,2026
2026-01-13,"unknown:нет open, вчерашнего close или close сессии",,,,,,2026
2026-01-14,"unknown:нет open, вчерашнего close или close сессии",,,,,,2026
2026-01-15,"unknown:нет open, вчерашнего close или close сессии",,,,,,2026
2026-01-16,"unknown:нет open, вчерашнего close или close сессии",,,,,,2026
2026-01-20,"unknown:нет open, вчерашнего close или close сессии",,,,,,2026
2026-01-21,"unknown:нет open, вчерашнего close или close сессии",,,,,,2026
2026-01-22,"unknown:нет open, вчерашнего close или close сессии",,,,,,2026
2026-01-23,"unknown:нет open, вчерашнего close или close сессии",,,,,,2026
2026-01-26,"unknown:нет open, вчерашнего close или close сессии",,,,,,2026
2026-01-27,"unknown:нет цены на отметке, нормы или цены исполнения",,,,,,2026
2026-01-28,"unknown:нет цены на отметке, нормы или цены исполнения",,,,,,2026
2026-01-29,"unknown:нет цены на отметке, нормы или цены исполнения",,,,,,2026
2026-01-30,"unknown:нет open, вчерашнего close или close сессии",,,,,,2026
2026-02-02,"unknown:нет open, вчерашнего close или close сессии",,,,,,2026
2026-02-03,"unknown:нет цены на отметке, нормы или цены исполнения",,,,,,2026
2026-02-04,"unknown:нет цены на отметке, нормы или цены исполнения",,,,,,2026
2026-02-05,"unknown:нет цены на отметке, нормы или цены исполнения",,,,,,2026
2026-02-06,"unknown:нет цены на отметке, нормы или цены исполнения",,,,,,2026
2026-02-09,"unknown:нет цены на отметке, нормы или цены исполнения",,,,,,2026
2026-02-10,ok,0.0,0.0,0.0,0.0,6989.75,2026
2026-02-11,ok,0.0,0.0,0.0,0.0,7003.75,2026
2026-02-12,ok,1145.0,1175.0,1.0,269.0,6981.5,2026
2026-02-13,ok,0.0,0.0,0.0,0.0,6851.25,2026
2026-02-17,ok,-367.5,-337.5,1.0,30.0,6835.0,2026
2026-02-18,ok,657.5,687.5,1.0,120.0,6873.75,2026
2026-02-19,ok,0.0,0.0,0.0,0.0,6870.75,2026
2026-02-20,ok,-1405.0,-1375.0,1.0,30.0,6852.75,2026
2026-02-23,ok,52.5,112.5,2.0,299.0,6908.0,2026
2026-02-24,ok,-1127.5,-1037.5,3.0,120.0,6847.5,2026
2026-02-25,ok,0.0,0.0,0.0,0.0,6930.5,2026
2026-02-26,ok,632.5,662.5,1.0,359.0,6961.25,2026
2026-02-27,ok,0.0,0.0,0.0,0.0,6855.75,2026
2026-03-02,ok,0.0,0.0,0.0,0.0,6811.0,2026
2026-03-03,ok,182.5,212.5,1.0,60.0,6772.75,2026
2026-03-04,ok,-1122.5,-1062.5,2.0,239.0,6838.75,2026
2026-03-05,ok,-1567.5,-1537.5,1.0,150.0,6842.25,2026
2026-03-06,ok,-1642.5,-1612.5,1.0,30.0,6752.25,2026
2026-03-09,ok,415.0,475.0,2.0,59.0,6681.5,2026
2026-03-10,ok,-655.0,-625.0,1.0,30.0,6795.0,2026
2026-03-11,ok,0.0,0.0,0.0,0.0,6792.25,2026
2026-03-12,ok,132.5,162.5,1.0,60.0,6726.75,2026
2026-03-13,ok,0.0,0.0,0.0,0.0,6706.75,2026
2026-03-16,ok,-267.5,-237.5,1.0,30.0,6746.75,2026
2026-03-17,ok,0.0,0.0,0.0,0.0,6787.75,2026
2026-03-18,ok,895.0,925.0,1.0,59.0,6746.5,2026
2026-03-19,ok,0.0,0.0,0.0,0.0,6629.25,2026
2026-03-20,ok,2195.0,2225.0,1.0,359.0,6642.75,2026
2026-03-23,ok,-2167.5,-2137.5,1.0,120.0,6658.0,2026
2026-03-24,ok,0.0,0.0,0.0,0.0,6589.0,2026
2026-03-25,ok,0.0,0.0,0.0,0.0,6661.75,2026
2026-03-26,ok,2170.0,2200.0,1.0,209.0,6593.0,2026
2026-03-27,ok,2152.5,2212.5,2.0,329.0,6494.5,2026
2026-03-30,ok,-1280.0,-1250.0,1.0,29.0,6467.75,2026
2026-03-31,ok,2002.5,2062.5,2.0,269.0,6457.25,2026
2026-04-01,ok,82.5,112.5,1.0,180.0,6606.0,2026
2026-04-02,ok,0.0,0.0,0.0,0.0,6527.75,2026
2026-04-06,ok,-542.5,-512.5,1.0,60.0,6621.75,2026
2026-04-07,ok,-1910.0,-1850.0,2.0,120.0,6629.5,2026
2026-04-08,ok,0.0,0.0,0.0,0.0,6829.5,2026
2026-04-09,"unknown:нет open, вчерашнего close или close сессии",,,,,,2026
2026-04-10,"unknown:нет open, вчерашнего close или close сессии",,,,,,2026
2026-04-13,ok,0.0,0.0,0.0,0.0,6834.75,2026
2026-04-14,ok,1707.5,1737.5,1.0,329.0,6937.75,2026
2026-04-15,"unknown:нет open, вчерашнего close или close сессии",,,,,,2026
2026-04-16,"unknown:нет open, вчерашнего close или close сессии",,,,,,2026
2026-04-17,"unknown:нет open, вчерашнего close или close сессии",,,,,,2026
2026-04-20,"unknown:нет open, вчерашнего close или close сессии",,,,,,2026
2026-04-21,ok,-1235.0,-1175.0,2.0,60.0,7162.25,2026
2026-04-22,ok,0.0,0.0,0.0,0.0,7150.0,2026
2026-04-23,ok,-1280.0,-1250.0,1.0,60.0,7152.25,2026
2026-04-24,"unknown:нет open, вчерашнего close или close сессии",,,,,,2026
2026-04-27,"unknown:нет open, вчерашнего close или close сессии",,,,,,2026
2026-04-28,"unknown:нет цены на отметке, нормы или цены исполнения",,,,,,2026
2026-04-29,"unknown:нет цены на отметке, нормы или цены исполнения",,,,,,2026
2026-04-30,ok,257.5,287.5,1.0,89.0,7200.0,2026
2026-05-01,ok,-1360.0,-1300.0,2.0,120.0,7264.5,2026
2026-05-04,"unknown:нет open, вчерашнего close или close сессии",,,,,,2026
