date,status,usd,gross,n_tr,held,open,year
2006-01-24,ok,-75.0,-60.0,1.0,30.0,10731.0,2006
2006-01-25,ok,-135.0,-120.0,1.0,30.0,10760.0,2006
2006-01-26,ok,-95.0,-65.0,2.0,119.0,10792.0,2006
2006-01-27,ok,65.0,80.0,1.0,329.0,10848.0,2006
2006-01-30,ok,0.0,0.0,0.0,0.0,10932.0,2006
2006-01-31,ok,0.0,0.0,0.0,0.0,10906.0,2006
2006-02-01,ok,30.0,60.0,2.0,269.0,10878.0,2006
2006-02-02,"unknown:нет open, вчерашнего close или close сессии",,,,,,2006
2006-02-03,"unknown:нет open, вчерашнего close или close сессии",,,,,,2006
2006-02-06,"unknown:нет open, вчерашнего close или close сессии",,,,,,2006
2006-02-07,"unknown:нет open, вчерашнего close или close сессии",,,,,,2006
2006-02-08,"unknown:нет open, вчерашнего close или close сессии",,,,,,2006
2006-02-09,ok,-60.0,-45.0,1.0,270.0,10893.0,2006
2006-02-10,ok,-235.0,-205.0,2.0,149.0,10891.0,2006
2006-02-13,ok,-140.0,-110.0,2.0,60.0,10915.0,2006
2006-02-14,ok,320.0,350.0,2.0,329.0,10933.0,2006
2006-02-15,ok,-140.0,-125.0,1.0,30.0,11033.0,2006
2006-02-16,ok,0.0,0.0,0.0,0.0,11083.0,2006
2006-02-17,ok,15.0,30.0,1.0,60.0,11125.0,2006
2006-02-21,ok,-170.0,-140.0,2.0,270.0,11136.0,2006
2006-02-22,ok,80.0,95.0,1.0,329.0,11096.0,2006
2006-02-23,ok,-215.0,-200.0,1.0,90.0,11125.0,2006
2006-02-24,ok,-100.0,-85.0,1.0,30.0,11072.0,2006
2006-02-27,ok,-255.0,-210.0,3.0,269.0,11092.0,2006
2006-02-28,ok,50.0,65.0,1.0,299.0,11073.0,2006
2006-03-01,ok,-140.0,-95.0,3.0,179.0,11028.0,2006
2006-03-02,ok,0.0,0.0,0.0,0.0,11018.0,2006
2006-03-03,ok,-50.0,-35.0,1.0,150.0,10988.0,2006
2006-03-06,"unknown:нет open, вчерашнего close или close сессии",,,,,,2006
2006-03-07,"unknown:нет open, вчерашнего close или close сессии",,,,,,2006
2006-03-08,ok,-215.0,-185.0,2.0,89.0,10966.0,2006
2006-03-09,ok,-45.0,-30.0,1.0,60.0,11083.0,2006
2006-03-10,ok,170.0,185.0,1.0,299.0,11068.0,2006
2006-03-13,ok,0.0,0.0,0.0,0.0,11169.0,2006
2006-03-14,ok,30.0,45.0,1.0,149.0,11149.0,2006
2006-03-15,ok,-75.0,-45.0,2.0,59.0,11237.0,2006
2006-03-16,ok,-155.0,-125.0,2.0,90.0,11312.0,2006
2006-03-17,"unknown:нет open, вчерашнего close или close сессии",,,,,,2006
2006-03-20,ok,-90.0,-75.0,1.0,30.0,11357.0,2006
2006-03-21,ok,-75.0,-45.0,2.0,149.0,11362.0,2006
2006-03-22,ok,210.0,225.0,1.0,359.0,11313.0,2006
2006-03-23,"unknown:нет open, вчерашнего close или close сессии",,,,,,2006
2006-03-24,"unknown:нет open, вчерашнего close или close сессии",,,,,,2006
2006-03-27,ok,0.0,0.0,0.0,0.0,11329.0,2006
2006-03-28,ok,210.0,225.0,1.0,89.0,11311.0,2006
2006-03-29,ok,30.0,45.0,1.0,269.0,11232.0,2006
2006-03-30,ok,-300.0,-255.0,3.0,270.0,11265.0,2006
2006-03-31,ok,-160.0,-130.0,2.0,60.0,11227.0,2006
2006-04-03,ok,-70.0,-55.0,1.0,240.0,11228.0,2006
2006-04-04,ok,30.0,60.0,2.0,299.0,11198.0,2006
2006-04-05,ok,-40.0,-25.0,1.0,30.0,11257.0,2006
2006-04-06,ok,-110.0,-80.0,2.0,150.0,11285.0,2006
2006-04-07,ok,305.0,320.0,1.0,329.0,11292.0,2006
2006-04-10,ok,5.0,20.0,1.0,30.0,11197.0,2006
2006-04-11,ok,45.0,60.0,1.0,329.0,11221.0,2006
2006-04-12,ok,-25.0,-10.0,1.0,30.0,11155.0,2006
2006-04-13,ok,-70.0,-55.0,1.0,30.0,11166.0,2006
2006-04-17,ok,-25.0,5.0,2.0,179.0,11173.0,2006
2006-04-18,ok,475.0,505.0,2.0,329.0,11144.0,2006
2006-04-19,ok,0.0,0.0,0.0,0.0,11322.0,2006
2006-04-20,ok,185.0,200.0,1.0,359.0,11327.0,2006
2006-04-21,ok,0.0,0.0,0.0,0.0,11441.0,2006
2006-04-24,ok,-75.0,-60.0,1.0,30.0,11374.0,2006
2006-04-25,ok,-260.0,-215.0,3.0,239.0,11394.0,2006
2006-04-26,ok,-130.0,-85.0,3.0,180.0,11342.0,2006
2006-04-27,"unknown:нет open, вчерашнего close или close сессии",,,,,,2006
2006-04-28,ok,0.0,0.0,0.0,0.0,11436.0,2006
2006-05-01,ok,0.0,15.0,1.0,59.0,11433.0,2006
2006-05-02,ok,0.0,0.0,0.0,0.0,11422.0,2006
2006-05-03,ok,-20.0,-5.0,1.0,30.0,11419.0,2006
2006-05-04,"unknown:нет цены на отметке, нормы или цены исполнения",,,,,,2006
2006-05-05,ok,285.0,300.0,1.0,359.0,11527.0,2006
2006-05-08,ok,0.0,0.0,0.0,0.0,11628.0,2006
2006-05-09,ok,60.0,90.0,2.0,269.0,11611.0,2006
2006-05-10,ok,0.0,0.0,0.0,0.0,11672.0,2006
2006-05-11,ok,135.0,150.0,1.0,359.0,11610.0,2006
2006-05-12,ok,135.0,150.0,1.0,239.0,11489.0,2006
2006-05-15,ok,-135.0,-120.0,1.0,30.0,11411.0,2006
2006-05-16,"unknown:нет цены на отметке, нормы или цены исполнения",,,,,,2006
2006-05-17,"unknown:нет open, вчерашнего close или close сессии",,,,,,2006
2006-05-18,ok,-5.0,10.0,1.0,59.0,11249.0,2006
2006-05-19,ok,-275.0,-245.0,2.0,120.0,11149.0,2006
2006-05-22,ok,-105.0,-90.0,1.0,120.0,11130.0,2006
2006-05-23,ok,0.0,0.0,0.0,0.0,11196.0,2006
2006-05-24,ok,-770.0,-710.0,4.0,180.0,11109.0,2006
2006-05-25,ok,-125.0,-110.0,1.0,60.0,11180.0,2006
2006-05-26,ok,0.0,0.0,0.0,0.0,11267.0,2006
2006-05-30,"unknown:нет open, вчерашнего close или close сессии",,,,,,2006
2006-05-31,ok,-105.0,-90.0,1.0,150.0,11139.0,2006
2006-06-01,ok,225.0,255.0,2.0,329.0,11175.0,2006
2006-06-02,"unknown:нет open, вчерашнего close или close сессии",,,,,,2006
2006-06-05,ok,620.0,635.0,1.0,359.0,11226.0,2006
2006-06-06,ok,-105.0,-75.0,2.0,329.0,11091.0,2006
2006-06-07,ok,-250.0,-220.0,2.0,90.0,11017.0,2006
2006-06-08,ok,-745.0,-700.0,3.0,120.0,10997.0,2006
2006-06-09,ok,-175.0,-160.0,1.0,90.0,11028.0,2006
2006-06-12,ok,280.0,295.0,1.0,59.0,10997.0,2006
2006-06-13,ok,-395.0,-365.0,2.0,60.0,10876.0,2006
2006-06-14,ok,55.0,100.0,3.0,299.0,10791.0,2006
2006-06-15,ok,440.0,470.0,2.0,329.0,10926.0,2006
2006-06-16,ok,0.0,0.0,0.0,0.0,11082.0,2006
2006-06-19,ok,-105.0,-90.0,1.0,120.0,11123.0,2006
2006-06-20,ok,-165.0,-150.0,1.0,90.0,11038.0,2006
2006-06-21,ok,205.0,220.0,1.0,359.0,11057.0,2006
2006-06-22,ok,-150.0,-120.0,2.0,90.0,11143.0,2006
2006-06-23,ok,0.0,0.0,0.0,0.0,11078.0,2006
2006-06-26,ok,0.0,0.0,0.0,0.0,11074.0,2006
2006-06-27,ok,460.0,475.0,1.0,299.0,11121.0,2006
2006-06-28,ok,0.0,0.0,0.0,0.0,11019.0,2006
2006-06-29,ok,225.0,255.0,2.0,149.0,11096.0,2006
2006-06-30,ok,0.0,0.0,0.0,0.0,11296.0,2006
2006-07-03,ok,0.0,0.0,0.0,0.0,11264.0,2006
2006-07-05,ok,-90.0,-60.0,2.0,90.0,11239.0,2006
2006-07-06,ok,65.0,80.0,1.0,270.0,11229.0,2006
2006-07-07,ok,-35.0,10.0,3.0,149.0,11231.0,2006
2006-07-10,ok,-35.0,-20.0,1.0,30.0,11192.0,2006
2006-07-11,ok,-115.0,-100.0,1.0,30.0,11140.0,2006
2006-07-12,ok,105.0,135.0,2.0,269.0,11191.0,2006
2006-07-13,ok,330.0,345.0,1.0,359.0,11029.0,2006
2006-07-14,ok,225.0,240.0,1.0,359.0,10895.0,2006
2006-07-17,ok,-200.0,-185.0,1.0,30.0,10782.0,2006
2006-07-18,"unknown:нет open, вчерашнего close или close сессии",,,,,,2006
2006-07-19,ok,690.0,705.0,1.0,359.0,10883.0,2006
2006-07-20,ok,0.0,0.0,0.0,0.0,11078.0,2006
2006-07-21,ok,-230.0,-185.0,3.0,180.0,11015.0,2006
2006-07-24,ok,545.0,560.0,1.0,359.0,10950.0,2006
2006-07-25,ok,0.0,0.0,0.0,0.0,11078.0,2006
2006-07-26,ok,0.0,0.0,0.0,0.0,11122.0,2006
2006-07-27,ok,0.0,0.0,0.0,0.0,11178.0,2006
2006-07-28,ok,-30.0,0.0,2.0,180.0,11190.0,2006
2006-07-31,ok,0.0,0.0,0.0,0.0,11221.0,2006
2006-08-01,ok,-45.0,-15.0,2.0,90.0,11188.0,2006
2006-08-02,ok,-55.0,-40.0,1.0,30.0,11190.0,2006
2006-08-03,ok,-50.0,-35.0,1.0,30.0,11179.0,2006
2006-08-04,"unknown:нет цены на отметке, нормы или цены исполнения",,,,,,2006
2006-08-07,ok,0.0,0.0,0.0,0.0,11245.0,2006
2006-08-08,ok,0.0,0.0,0.0,0.0,11273.0,2006
2006-08-09,ok,40.0,55.0,1.0,29.0,11263.0,2006
2006-08-10,ok,0.0,0.0,0.0,0.0,11098.0,2006
2006-08-11,ok,-105.0,-90.0,1.0,30.0,11125.0,2006
2006-08-14,ok,-50.0,-35.0,1.0,120.0,11179.0,2006
2006-08-15,ok,0.0,0.0,0.0,0.0,11218.0,2006
2006-08-16,ok,-20.0,-5.0,1.0,59.0,11291.0,2006
2006-08-17,ok,-95.0,-50.0,3.0,120.0,11342.0,2006
2006-08-18,ok,0.0,0.0,0.0,0.0,11392.0,2006
2006-08-21,ok,0.0,0.0,0.0,0.0,11375.0,2006
2006-08-22,ok,-40.0,-25.0,1.0,30.0,11361.0,2006
2006-08-23,ok,-255.0,-225.0,2.0,299.0,11357.0,2006
2006-08-24,ok,0.0,0.0,0.0,0.0,11349.0,2006
2006-08-25,"unknown:нет open, вчерашнего close или close сессии",,,,,,2006
2006-08-28,"unknown:нет open, вчерашнего close или close сессии",,,,,,2006
2006-08-29,ok,-95.0,-65.0,2.0,180.0,11368.0,2006
2006-08-30,ok,0.0,0.0,0.0,0.0,11388.0,2006
2006-08-31,ok,0.0,0.0,0.0,0.0,11405.0,2006
2006-09-01,ok,-5.0,10.0,1.0,179.0,11433.0,2006
2006-09-05,ok,0.0,0.0,0.0,0.0,11468.0,2006
2006-09-06,ok,0.0,0.0,0.0,0.0,11432.0,2006
2006-09-07,ok,0.0,0.0,0.0,0.0,11458.0,2006
2006-09-08,ok,25.0,40.0,1.0,149.0,11449.0,2006
2006-09-11,ok,0.0,0.0,0.0,0.0,11449.0,2006
2006-09-12,ok,240.0,255.0,1.0,329.0,11496.0,2006
2006-09-13,ok,100.0,115.0,1.0,239.0,11566.0,2006
2006-09-14,ok,0.0,0.0,0.0,0.0,11606.0,2006
2006-09-15,ok,0.0,0.0,0.0,0.0,11685.0,2006
2006-09-18,ok,0.0,0.0,0.0,0.0,11636.0,2006
2006-09-19,"unknown:нет open, вчерашнего close или close сессии",,,,,,2006
2006-09-20,"unknown:нет open, вчерашнего close или close сессии",,,,,,2006
2006-09-21,ok,170.0,200.0,2.0,239.0,11699.0,2006
2006-09-22,ok,85.0,100.0,1.0,330.0,11615.0,2006
2006-09-25,ok,-30.0,0.0,2.0,119.0,11599.0,2006
2006-09-26,ok,175.0,205.0,2.0,329.0,11650.0,2006
2006-09-27,ok,-145.0,-115.0,2.0,120.0,11732.0,2006
2006-09-28,ok,0.0,0.0,0.0,0.0,11775.0,2006
2006-09-29,ok,0.0,0.0,0.0,0.0,11781.0,2006
2006-10-02,ok,-25.0,-10.0,1.0,30.0,11747.0,2006
2006-10-03,"unknown:нет цены на отметке, нормы или цены исполнения",,,,,,2006
2006-10-04,ok,395.0,410.0,1.0,299.0,11770.0,2006
2006-10-05,ok,0.0,0.0,0.0,0.0,11904.0,2006
2006-10-06,ok,-120.0,-105.0,1.0,60.0,11909.0,2006
2006-10-09,ok,0.0,0.0,0.0,0.0,11900.0,2006
2006-10-10,ok,-15.0,0.0,1.0,30.0,11928.0,2006
2006-10-11,ok,0.0,0.0,0.0,0.0,11881.0,2006
2006-10-12,ok,120.0,150.0,2.0,269.0,11944.0,2006
2006-10-13,ok,0.0,0.0,0.0,0.0,11990.0,2006
2006-10-16,ok,0.0,0.0,0.0,0.0,12010.0,2006
2006-10-17,ok,-170.0,-140.0,2.0,270.0,12013.0,2006
2006-10-18,ok,0.0,0.0,0.0,0.0,12066.0,2006
2006-10-19,ok,-65.0,-50.0,1.0,60.0,12027.0,2006
2006-10-20,ok,-40.0,-25.0,1.0,30.0,12037.0,2006
2006-10-23,ok,425.0,440.0,1.0,359.0,12028.0,2006
2006-10-24,"unknown:нет цены на отметке, нормы или цены исполнения",,,,,,2006
2006-10-25,ok,0.0,0.0,0.0,0.0,12155.0,2006
2006-10-26,ok,0.0,0.0,0.0,0.0,12194.0,2006
2006-10-27,ok,-60.0,-30.0,2.0,119.0,12172.0,2006
2006-10-30,ok,0.0,0.0,0.0,0.0,12106.0,2006
2006-10-31,ok,-85.0,-70.0,1.0,180.0,12129.0,2006
2006-11-01,ok,-10.0,20.0,2.0,179.0,12146.0,2006
2006-11-02,"unknown:нет цены на отметке, нормы или цены исполнения",,,,,,2006
2006-11-03,ok,-135.0,-105.0,2.0,89.0,12080.0,2006
2006-11-06,ok,325.0,340.0,1.0,359.0,12038.0,2006
2006-11-07,ok,-65.0,-35.0,2.0,329.0,12143.0,2006
2006-11-08,ok,0.0,0.0,0.0,0.0,12147.0,2006
2006-11-09,ok,70.0,85.0,1.0,149.0,12202.0,2006
2006-11-10,ok,0.0,0.0,0.0,0.0,12133.0,2006
2006-11-13,ok,-95.0,-50.0,3.0,240.0,12133.0,2006
2006-11-14,ok,-50.0,-20.0,2.0,119.0,12186.0,2006
2006-11-15,ok,-110.0,-65.0,3.0,119.0,12249.0,2006
2006-11-16,ok,0.0,0.0,0.0,0.0,12320.0,2006
2006-11-17,ok,0.0,0.0,0.0,0.0,12323.0,2006
2006-11-20,ok,0.0,0.0,0.0,0.0,12356.0,2006
2006-11-21,"unknown:нет цены на отметке, нормы или цены исполнения",,,,,,2006
2006-11-22,ok,0.0,0.0,0.0,0.0,12353.0,2006
2006-11-24,ok,0.0,0.0,0.0,0.0,12295.0,2006
2006-11-27,ok,400.0,415.0,1.0,359.0,12297.0,2006
2006-11-28,ok,0.0,0.0,0.0,0.0,12129.0,2006
2006-11-29,ok,5.0,35.0,2.0,269.0,12181.0,2006
2006-11-30,ok,-340.0,-310.0,2.0,210.0,12252.0,2006
2006-12-01,ok,-295.0,-265.0,2.0,299.0,12256.0,2006
2006-12-04,ok,120.0,150.0,2.0,329.0,12219.0,2006
2006-12-05,ok,0.0,0.0,0.0,0.0,12314.0,2006
2006-12-06,ok,0.0,0.0,0.0,0.0,12339.0,2006
2006-12-07,ok,-100.0,-85.0,1.0,30.0,12433.0,2006
2006-12-08,ok,0.0,0.0,0.0,0.0,12359.0,2006
2006-12-11,ok,30.0,45.0,1.0,60.0,12400.0,2006
2006-12-12,ok,-180.0,-165.0,1.0,90.0,12421.0,2006
2006-12-13,ok,0.0,0.0,0.0,0.0,12454.0,2006
2006-12-14,"unknown:нет open, вчерашнего close или close сессии",,,,,,2006
2006-12-15,"unknown:нет open, вчерашнего close или close сессии",,,,,,2006
2006-12-18,ok,-35.0,-20.0,1.0,30.0,12550.0,2006
2006-12-19,ok,0.0,0.0,0.0,0.0,12501.0,2006
2006-12-20,"unknown:нет open, вчерашнего close или close сессии",,,,,,2006
2006-12-21,"unknown:нет open, вчерашнего close или close сессии",,,,,,2006
2006-12-22,ok,110.0,125.0,1.0,359.0,12504.0,2006
2006-12-26,ok,45.0,90.0,3.0,269.0,12418.0,2006
2006-12-27,ok,140.0,170.0,2.0,299.0,12526.0,2006
2006-12-28,ok,0.0,0.0,0.0,0.0,12581.0,2006
2006-12-29,ok,0.0,0.0,0.0,0.0,12570.0,2006
2007-01-03,ok,-400.0,-355.0,3.0,180.0,12600.0,2007
2007-01-04,"unknown:нет цены на отметке, нормы или цены исполнения",,,,,,2007
2007-01-05,ok,105.0,120.0,1.0,359.0,12526.0,2007
2007-01-08,"unknown:нет open, вчерашнего close или close сессии",,,,,,2007
2007-01-09,"unknown:нет open, вчерашнего close или close сессии",,,,,,2007
2007-01-10,ok,0.0,0.0,0.0,0.0,12441.0,2007
2007-01-11,"unknown:нет цены на отметке, нормы или цены исполнения",,,,,,2007
2007-01-12,"unknown:нет цены на отметке, нормы или цены исполнения",,,,,,2007
2007-01-16,ok,0.0,0.0,0.0,0.0,12617.0,2007
2007-01-17,ok,0.0,0.0,0.0,0.0,12611.0,2007
2007-01-18,"unknown:нет open, вчерашнего close или close сессии",,,,,,2007
2007-01-19,"unknown:нет open, вчерашнего close или close сессии",,,,,,2007
2007-01-22,ok,270.0,285.0,1.0,359.0,12608.0,2007
2007-01-23,ok,-5.0,25.0,2.0,239.0,12530.0,2007
2007-01-24,ok,55.0,70.0,1.0,29.0,12602.0,2007
2007-01-25,ok,340.0,355.0,1.0,239.0,12654.0,2007
2007-01-26,ok,-95.0,-65.0,2.0,270.0,12568.0,2007
2007-01-29,ok,-155.0,-125.0,2.0,60.0,12528.0,2007
2007-01-30,ok,0.0,0.0,0.0,0.0,12534.0,2007
2007-01-31,"unknown:нет open, вчерашнего close или close сессии",,,,,,2007
2007-02-01,ok,0.0,0.0,0.0,0.0,12687.0,2007
2007-02-02,"unknown:нет open, вчерашнего close или close сессии",,,,,,2007
2007-02-05,"unknown:нет open, вчерашнего close или close сессии",,,,,,2007
2007-02-06,ok,0.0,0.0,0.0,0.0,12698.0,2007
2007-02-07,ok,0.0,0.0,0.0,0.0,12704.0,2007
2007-02-08,ok,-40.0,-25.0,1.0,150.0,12677.0,2007
2007-02-09,ok,-5.0,10.0,1.0,119.0,12675.0,2007
2007-02-12,ok,0.0,30.0,2.0,209.0,12615.0,2007
2007-02-13,ok,35.0,65.0,2.0,329.0,12621.0,2007
2007-02-14,"unknown:нет цены на отметке, нормы или цены исполнения",,,,,,2007
2007-02-15,ok,0.0,0.0,0.0,0.0,12776.0,2007
2007-02-16,ok,0.0,0.0,0.0,0.0,12774.0,2007
2007-02-20,ok,-150.0,-135.0,1.0,90.0,12774.0,2007
2007-02-21,ok,0.0,0.0,0.0,0.0,12754.0,2007
2007-02-22,ok,-45.0,-30.0,1.0,269.0,12767.0,2007
2007-02-23,ok,-140.0,-110.0,2.0,210.0,12694.0,2007
2007-02-26,ok,-65.0,-50.0,1.0,60.0,12708.0,2007
2007-02-27,ok,1515.0,1530.0,1.0,359.0,12553.0,2007
2007-02-28,ok,-545.0,-500.0,3.0,179.0,12249.0,2007
2007-03-01,ok,0.0,0.0,0.0,0.0,12147.0,2007
2007-03-02,ok,-185.0,-155.0,2.0,60.0,12205.0,2007
2007-03-05,ok,-245.0,-215.0,2.0,90.0,12045.0,2007
2007-03-06,ok,100.0,115.0,1.0,89.0,12132.0,2007
2007-03-07,ok,0.0,0.0,0.0,0.0,12202.0,2007
2007-03-08,ok,0.0,0.0,0.0,0.0,12364.0,2007
2007-03-09,ok,0.0,0.0,0.0,0.0,12417.0,2007
2007-03-12,ok,0.0,0.0,0.0,0.0,12359.0,2007
2007-03-13,ok,585.0,600.0,1.0,209.0,12342.0,2007
2007-03-14,ok,-225.0,-210.0,1.0,60.0,12179.0,2007
2007-03-15,ok,0.0,0.0,0.0,0.0,12210.0,2007
2007-03-16,"unknown:нет open, вчерашнего close или close сессии",,,,,,2007
2007-03-19,"unknown:нет open, вчерашнего close или close сессии",,,,,,2007
2007-03-20,ok,-50.0,-35.0,1.0,30.0,12310.0,2007
2007-03-21,"unknown:нет цены на отметке, нормы или цены исполнения",,,,,,2007
2007-03-22,ok,-160.0,-130.0,2.0,60.0,12544.0,2007
2007-03-23,ok,0.0,0.0,0.0,0.0,12547.0,2007
2007-03-26,"unknown:нет open, вчерашнего close или close сессии",,,,,,2007
2007-03-27,ok,-250.0,-205.0,3.0,150.0,12514.0,2007
2007-03-28,ok,-220.0,-175.0,3.0,240.0,12437.0,2007
2007-03-29,ok,0.0,0.0,0.0,0.0,12455.0,2007
2007-03-30,ok,-145.0,-115.0,2.0,90.0,12421.0,2007
2007-04-02,ok,-165.0,-150.0,1.0,30.0,12442.0,2007
2007-04-03,ok,280.0,295.0,1.0,359.0,12498.0,2007
2007-04-04,ok,0.0,0.0,0.0,0.0,12582.0,2007
2007-04-05,ok,15.0,30.0,1.0,60.0,12582.0,2007
2007-04-09,ok,0.0,0.0,0.0,0.0,12646.0,2007
2007-04-10,ok,0.0,0.0,0.0,0.0,12636.0,2007
2007-04-11,ok,275.0,290.0,1.0,359.0,12641.0,2007
2007-04-12,ok,-150.0,-120.0,2.0,179.0,12537.0,2007
2007-04-13,ok,0.0,0.0,0.0,0.0,12639.0,2007
2007-04-16,ok,180.0,195.0,1.0,329.0,12708.0,2007
2007-04-17,ok,-110.0,-80.0,2.0,180.0,12789.0,2007
2007-04-18,ok,-195.0,-180.0,1.0,29.0,12799.0,2007
2007-04-19,ok,0.0,0.0,0.0,0.0,12788.0,2007
2007-04-20,ok,0.0,0.0,0.0,0.0,12973.0,2007
2007-04-23,ok,0.0,0.0,0.0,0.0,13000.0,2007
2007-04-24,ok,0.0,0.0,0.0,0.0,12990.0,2007
2007-04-25,ok,185.0,200.0,1.0,89.0,13048.0,2007
2007-04-26,ok,-90.0,-75.0,1.0,30.0,13132.0,2007
2007-04-27,ok,0.0,0.0,0.0,0.0,13122.0,2007
2007-04-30,ok,0.0,0.0,0.0,0.0,13164.0,2007
2007-05-01,ok,0.0,0.0,0.0,0.0,13126.0,2007
2007-05-02,ok,130.0,145.0,1.0,359.0,13191.0,2007
2007-05-03,ok,0.0,0.0,0.0,0.0,13268.0,2007
2007-05-04,ok,0.0,0.0,0.0,0.0,13303.0,2007
2007-05-07,ok,0.0,0.0,0.0,0.0,13318.0,2007
2007-05-08,ok,-30.0,-15.0,1.0,30.0,13305.0,2007
2007-05-09,ok,45.0,60.0,1.0,59.0,13330.0,2007
2007-05-10,ok,265.0,280.0,1.0,269.0,13346.0,2007
2007-05-11,ok,245.0,260.0,1.0,329.0,13288.0,2007
2007-05-14,ok,-115.0,-100.0,1.0,30.0,13388.0,2007
2007-05-15,ok,-225.0,-210.0,1.0,270.0,13400.0,2007
2007-05-16,ok,170.0,200.0,2.0,119.0,13450.0,2007
2007-05-17,ok,-140.0,-125.0,1.0,30.0,13510.0,2007
2007-05-18,ok,-105.0,-90.0,1.0,30.0,13555.0,2007
2007-05-21,ok,0.0,0.0,0.0,0.0,13585.0,2007
2007-05-22,ok,0.0,0.0,0.0,0.0,13582.0,2007
2007-05-23,ok,-290.0,-245.0,3.0,180.0,13592.0,2007
2007-05-24,ok,-255.0,-195.0,4.0,209.0,13563.0,2007
2007-05-25,ok,0.0,0.0,0.0,0.0,13511.0,2007
2007-05-29,ok,-250.0,-220.0,2.0,60.0,13548.0,2007
2007-05-30,ok,225.0,240.0,1.0,59.0,13485.0,2007
2007-05-31,ok,0.0,0.0,0.0,0.0,13665.0,2007
2007-06-01,ok,0.0,0.0,0.0,0.0,13683.0,2007
2007-06-04,ok,0.0,0.0,0.0,0.0,13646.0,2007
2007-06-05,ok,-120.0,-90.0,2.0,269.0,13643.0,2007
2007-06-06,ok,270.0,285.0,1.0,359.0,13561.0,2007
2007-06-07,ok,-205.0,-190.0,1.0,30.0,13561.0,2007
2007-06-08,ok,320.0,350.0,2.0,179.0,13408.0,2007
2007-06-11,ok,-240.0,-210.0,2.0,60.0,13537.0,2007
2007-06-12,ok,-285.0,-270.0,1.0,90.0,13497.0,2007
2007-06-13,ok,-25.0,5.0,2.0,119.0,13478.0,2007
2007-06-14,ok,25.0,40.0,1.0,359.0,13615.0,2007
2007-06-15,ok,-100.0,-85.0,1.0,30.0,13771.0,2007
2007-06-18,"unknown:нет open, вчерашнего close или close сессии",,,,,,2007
2007-06-19,ok,0.0,0.0,0.0,0.0,13714.0,2007
2007-06-20,ok,555.0,570.0,1.0,149.0,13790.0,2007
2007-06-21,ok,-530.0,-500.0,2.0,60.0,13604.0,2007
2007-06-22,ok,-35.0,-5.0,2.0,299.0,13616.0,2007
2007-06-25,ok,-125.0,-95.0,2.0,240.0,13498.0,2007
2007-06-26,ok,-170.0,-155.0,1.0,60.0,13494.0,2007
2007-06-27,ok,0.0,0.0,0.0,0.0,13375.0,2007
2007-06-28,ok,0.0,0.0,0.0,0.0,13516.0,2007
2007-06-29,ok,-555.0,-525.0,2.0,149.0,13539.0,2007
2007-07-02,ok,275.0,290.0,1.0,359.0,13544.0,2007
2007-07-03,ok,0.0,0.0,0.0,0.0,13648.0,2007
2007-07-05,ok,-80.0,-65.0,1.0,30.0,13653.0,2007
2007-07-06,ok,-185.0,-140.0,3.0,120.0,13655.0,2007
2007-07-09,ok,0.0,0.0,0.0,0.0,13732.0,2007
2007-07-10,ok,-35.0,-5.0,2.0,120.0,13695.0,2007
2007-07-11,ok,-85.0,-70.0,1.0,270.0,13571.0,2007
2007-07-12,ok,875.0,890.0,1.0,359.0,13714.0,2007
2007-07-13,ok,0.0,0.0,0.0,0.0,13929.0,2007
2007-07-16,ok,45.0,60.0,1.0,240.0,13981.0,2007
2007-07-17,"unknown:нет цены на отметке, нормы или цены исполнения",,,,,,2007
2007-07-18,ok,70.0,100.0,2.0,240.0,14008.0,2007
2007-07-19,ok,0.0,0.0,0.0,0.0,14064.0,2007
2007-07-20,ok,90.0,105.0,1.0,300.0,14010.0,2007
2007-07-23,ok,0.0,0.0,0.0,0.0,13997.0,2007
2007-07-24,ok,355.0,370.0,1.0,59.0,13930.0,2007
2007-07-25,ok,0.0,0.0,0.0,0.0,13869.0,2007
2007-07-26,ok,390.0,405.0,1.0,269.0,13726.0,2007
2007-07-27,ok,-25.0,-10.0,1.0,240.0,13527.0,2007
2007-07-30,ok,-125.0,-110.0,1.0,29.0,13353.0,2007
2007-07-31,ok,-270.0,-255.0,1.0,30.0,13491.0,2007
2007-08-01,ok,-620.0,-575.0,3.0,120.0,13242.0,2007
2007-08-02,ok,-230.0,-185.0,3.0,179.0,13405.0,2007
2007-08-03,ok,680.0,725.0,3.0,239.0,13494.0,2007
2007-08-06,ok,510.0,540.0,2.0,89.0,13290.0,2007
2007-08-07,ok,0.0,0.0,0.0,0.0,13436.0,2007
2007-08-08,ok,130.0,160.0,2.0,240.0,13582.0,2007
2007-08-09,ok,-5.0,10.0,1.0,30.0,13506.0,2007
2007-08-10,ok,-450.0,-435.0,1.0,90.0,13231.0,2007
2007-08-13,ok,0.0,0.0,0.0,0.0,13362.0,2007
2007-08-14,ok,620.0,635.0,1.0,329.0,13292.0,2007
2007-08-15,ok,-900.0,-855.0,3.0,90.0,13046.0,2007
2007-08-16,ok,-1135.0,-1090.0,3.0,269.0,12811.0,2007
2007-08-17,ok,0.0,0.0,0.0,0.0,13172.0,2007
2007-08-20,ok,-110.0,-95.0,1.0,30.0,13149.0,2007
2007-08-21,ok,0.0,0.0,0.0,0.0,13133.0,2007
2007-08-22,ok,0.0,0.0,0.0,0.0,13199.0,2007
2007-08-23,"unknown:нет цены на отметке, нормы или цены исполнения",,,,,,2007
2007-08-24,ok,280.0,310.0,2.0,179.0,13260.0,2007
2007-08-27,ok,0.0,0.0,0.0,0.0,13378.0,2007
2007-08-28,ok,530.0,560.0,2.0,239.0,13291.0,2007
2007-08-29,ok,455.0,485.0,2.0,119.0,13138.0,2007
2007-08-30,ok,0.0,0.0,0.0,0.0,13222.0,2007
2007-08-31,ok,0.0,0.0,0.0,0.0,13383.0,2007
2007-09-04,ok,175.0,205.0,2.0,149.0,13346.0,2007
2007-09-05,ok,10.0,40.0,2.0,299.0,13394.0,2007
2007-09-06,ok,0.0,0.0,0.0,0.0,13365.0,2007
2007-09-07,ok,-35.0,10.0,3.0,209.0,13256.0,2007
2007-09-10,ok,-185.0,-170.0,1.0,60.0,13194.0,2007
2007-09-11,ok,325.0,355.0,2.0,329.0,13202.0,2007
2007-09-12,ok,0.0,0.0,0.0,0.0,13299.0,2007
2007-09-13,ok,-205.0,-175.0,2.0,90.0,13492.0,2007
2007-09-14,ok,0.0,0.0,0.0,0.0,13454.0,2007
2007-09-17,ok,0.0,0.0,0.0,0.0,13510.0,2007
2007-09-18,ok,780.0,795.0,1.0,89.0,13564.0,2007
2007-09-19,"unknown:нет open, вчерашнего close или close сессии",,,,,,2007
2007-09-20,"unknown:нет open, вчерашнего close или close сессии",,,,,,2007
2007-09-21,ok,0.0,0.0,0.0,0.0,13943.0,2007
2007-09-24,ok,0.0,0.0,0.0,0.0,13934.0,2007
2007-09-25,ok,0.0,0.0,0.0,0.0,13807.0,2007
2007-09-26,ok,0.0,0.0,0.0,0.0,13928.0,2007
2007-09-27,ok,0.0,0.0,0.0,0.0,14002.0,2007
2007-09-28,ok,0.0,0.0,0.0,0.0,13991.0,2007
2007-10-01,ok,555.0,570.0,1.0,359.0,13991.0,2007
2007-10-02,ok,-60.0,-45.0,1.0,120.0,14173.0,2007
2007-10-03,ok,-185.0,-170.0,1.0,30.0,14077.0,2007
2007-10-04,ok,0.0,0.0,0.0,0.0,14074.0,2007
2007-10-05,ok,-70.0,-40.0,2.0,120.0,14125.0,2007
2007-10-08,ok,-60.0,-45.0,1.0,30.0,14136.0,2007
2007-10-09,ok,145.0,160.0,1.0,59.0,14146.0,2007
2007-10-10,ok,50.0,65.0,1.0,330.0,14214.0,2007
2007-10-11,ok,-350.0,-320.0,2.0,89.0,14211.0,2007
2007-10-12,ok,-120.0,-90.0,2.0,90.0,14106.0,2007
2007-10-15,ok,315.0,330.0,1.0,359.0,14177.0,2007
2007-10-16,ok,-215.0,-200.0,1.0,90.0,14026.0,2007
2007-10-17,ok,-80.0,-65.0,1.0,150.0,14072.0,2007
2007-10-18,ok,0.0,0.0,0.0,0.0,13910.0,2007
2007-10-19,ok,1175.0,1190.0,1.0,329.0,13859.0,2007
2007-10-22,ok,0.0,0.0,0.0,0.0,13467.0,2007
2007-10-23,ok,0.0,0.0,0.0,0.0,13675.0,2007
2007-10-24,ok,-65.0,-50.0,1.0,210.0,13662.0,2007
2007-10-25,ok,-865.0,-820.0,3.0,120.0,13720.0,2007
2007-10-26,ok,0.0,0.0,0.0,0.0,13808.0,2007
2007-10-29,ok,0.0,0.0,0.0,0.0,13872.0,2007
2007-10-30,ok,0.0,0.0,0.0,0.0,13859.0,2007
2007-10-31,ok,-285.0,-270.0,1.0,30.0,13883.0,2007
2007-11-01,ok,745.0,775.0,2.0,329.0,13820.0,2007
2007-11-02,ok,-730.0,-685.0,3.0,120.0,13646.0,2007
2007-11-05,ok,0.0,0.0,0.0,0.0,13512.0,2007
2007-11-06,ok,0.0,0.0,0.0,0.0,13609.0,2007
2007-11-07,ok,825.0,840.0,1.0,179.0,13539.0,2007
2007-11-08,ok,-135.0,-120.0,1.0,210.0,13365.0,2007
2007-11-09,ok,-235.0,-220.0,1.0,30.0,13144.0,2007
2007-11-12,ok,-255.0,-225.0,2.0,300.0,13048.0,2007
2007-11-13,ok,910.0,925.0,1.0,329.0,13091.0,2007
2007-11-14,ok,0.0,0.0,0.0,0.0,13402.0,2007
2007-11-15,ok,-120.0,-105.0,1.0,30.0,13220.0,2007
2007-11-16,ok,0.0,0.0,0.0,0.0,13218.0,2007
2007-11-19,ok,295.0,310.0,1.0,299.0,13138.0,2007
2007-11-20,ok,-430.0,-385.0,3.0,180.0,13016.0,2007
2007-11-21,ok,-235.0,-220.0,1.0,30.0,12943.0,2007
2007-11-23,ok,35.0,50.0,1.0,29.0,12905.0,2007
2007-11-26,ok,140.0,170.0,2.0,59.0,12997.0,2007
2007-11-27,ok,-255.0,-225.0,2.0,270.0,12821.0,2007
2007-11-28,ok,865.0,880.0,1.0,359.0,13064.0,2007
2007-11-29,ok,0.0,0.0,0.0,0.0,13272.0,2007
2007-11-30,ok,0.0,0.0,0.0,0.0,13472.0,2007
2007-12-03,ok,0.0,0.0,0.0,0.0,13388.0,2007
2007-12-04,ok,0.0,0.0,0.0,0.0,13273.0,2007
2007-12-05,ok,-375.0,-345.0,2.0,120.0,13380.0,2007
2007-12-06,ok,345.0,375.0,2.0,149.0,13447.0,2007
2007-12-07,ok,0.0,0.0,0.0,0.0,13656.0,2007
2007-12-10,ok,20.0,35.0,1.0,60.0,13688.0,2007
2007-12-11,ok,725.0,740.0,1.0,89.0,13766.0,2007
2007-12-12,ok,0.0,0.0,0.0,0.0,13695.0,2007
2007-12-13,ok,0.0,0.0,0.0,0.0,13515.0,2007
2007-12-14,ok,0.0,0.0,0.0,0.0,13515.0,2007
2007-12-17,ok,-275.0,-230.0,3.0,90.0,13376.0,2007
2007-12-18,ok,0.0,0.0,0.0,0.0,13341.0,2007
2007-12-19,ok,-680.0,-635.0,3.0,90.0,13320.0,2007
2007-12-20,ok,0.0,0.0,0.0,0.0,13352.0,2007
2007-12-21,ok,-5.0,40.0,3.0,239.0,13443.0,2007
2007-12-24,ok,-70.0,-55.0,1.0,60.0,13588.0,2007
2007-12-26,ok,0.0,0.0,0.0,0.0,13602.0,2007
2007-12-27,ok,345.0,375.0,2.0,329.0,13595.0,2007
2007-12-28,ok,-60.0,-45.0,1.0,30.0,13514.0,2007
2007-12-31,ok,-240.0,-210.0,2.0,120.0,13400.0,2007
2008-01-02,ok,580.0,595.0,1.0,329.0,13323.0,2008
2008-01-03,ok,0.0,0.0,0.0,0.0,13138.0,2008
2008-01-04,ok,700.0,715.0,1.0,359.0,13022.0,2008
2008-01-07,ok,-70.0,-55.0,1.0,30.0,12910.0,2008
2008-01-08,ok,765.0,780.0,1.0,59.0,12915.0,2008
2008-01-09,ok,-70.0,-55.0,1.0,30.0,12670.0,2008
2008-01-10,ok,-285.0,-255.0,2.0,89.0,12702.0,2008
2008-01-11,ok,-80.0,-35.0,3.0,239.0,12798.0,2008
2008-01-14,ok,0.0,0.0,0.0,0.0,12774.0,2008
2008-01-15,ok,135.0,165.0,2.0,270.0,12685.0,2008
2008-01-16,ok,0.0,0.0,0.0,0.0,12498.0,2008
2008-01-17,ok,1130.0,1145.0,1.0,329.0,12530.0,2008
2008-01-18,ok,-830.0,-785.0,3.0,120.0,12273.0,2008
2008-01-22,ok,0.0,0.0,0.0,0.0,11662.0,2008
2008-01-23,ok,635.0,650.0,1.0,29.0,11738.0,2008
2008-01-24,ok,0.0,0.0,0.0,0.0,12295.0,2008
2008-01-25,ok,-30.0,-15.0,1.0,120.0,12480.0,2008
2008-01-28,ok,0.0,0.0,0.0,0.0,12219.0,2008
2008-01-29,ok,0.0,0.0,0.0,0.0,12434.0,2008
2008-01-30,ok,-230.0,-215.0,1.0,30.0,12430.0,2008
2008-01-31,ok,150.0,180.0,2.0,209.0,12277.0,2008
2008-02-01,ok,0.0,0.0,0.0,0.0,12654.0,2008
2008-02-04,ok,-20.0,-5.0,1.0,30.0,12726.0,2008
2008-02-05,ok,110.0,125.0,1.0,120.0,12473.0,2008
2008-02-06,ok,0.0,0.0,0.0,0.0,12335.0,2008
2008-02-07,ok,0.0,0.0,0.0,0.0,12158.0,2008
2008-02-08,ok,0.0,0.0,0.0,0.0,12215.0,2008
2008-02-11,ok,5.0,20.0,1.0,30.0,12164.0,2008
2008-02-12,ok,-430.0,-400.0,2.0,270.0,12313.0,2008
2008-02-13,ok,0.0,0.0,0.0,0.0,12443.0,2008
2008-02-14,ok,365.0,395.0,2.0,329.0,12558.0,2008
2008-02-15,ok,0.0,0.0,0.0,0.0,12343.0,2008
2008-02-19,ok,0.0,0.0,0.0,0.0,12488.0,2008
2008-02-20,ok,-230.0,-215.0,1.0,30.0,12261.0,2008
2008-02-21,ok,-140.0,-80.0,4.0,179.0,12473.0,2008
2008-02-22,ok,145.0,175.0,2.0,240.0,12330.0,2008
2008-02-25,ok,-120.0,-90.0,2.0,179.0,12382.0,2008
2008-02-26,ok,60.0,75.0,1.0,239.0,12519.0,2008
2008-02-27,ok,-110.0,-95.0,1.0,30.0,12630.0,2008
2008-02-28,ok,0.0,0.0,0.0,0.0,12612.0,2008
2008-02-29,ok,695.0,710.0,1.0,359.0,12468.0,2008
2008-03-03,ok,-420.0,-405.0,1.0,30.0,12243.0,2008
2008-03-04,ok,-410.0,-380.0,2.0,60.0,12153.0,2008
2008-03-05,ok,-65.0,-50.0,1.0,30.0,12258.0,2008
2008-03-06,ok,35.0,80.0,3.0,240.0,12217.0,2008
2008-03-07,ok,0.0,0.0,0.0,0.0,11936.0,2008
2008-03-10,ok,170.0,200.0,2.0,239.0,11917.0,2008
2008-03-11,ok,240.0,255.0,1.0,29.0,11988.0,2008
2008-03-12,ok,-155.0,-140.0,1.0,30.0,12191.0,2008
2008-03-13,ok,-655.0,-625.0,2.0,120.0,11979.0,2008
2008-03-14,ok,-45.0,-30.0,1.0,359.0,12225.0,2008
2008-03-17,ok,0.0,0.0,0.0,0.0,11745.0,2008
2008-03-18,ok,-125.0,-80.0,3.0,209.0,12164.0,2008
2008-03-19,ok,700.0,715.0,1.0,119.0,12430.0,2008
2008-03-20,ok,140.0,170.0,2.0,149.0,12159.0,2008
2008-03-24,ok,95.0,110.0,1.0,359.0,12414.0,2008
2008-03-25,ok,20.0,35.0,1.0,30.0,12544.0,2008
2008-03-26,ok,-110.0,-95.0,1.0,30.0,12485.0,2008
2008-03-27,ok,0.0,0.0,0.0,0.0,12460.0,2008
2008-03-28,ok,0.0,0.0,0.0,0.0,12342.0,2008
2008-03-31,ok,0.0,0.0,0.0,0.0,12193.0,2008
2008-04-01,ok,790.0,805.0,1.0,329.0,12394.0,2008
2008-04-02,ok,0.0,0.0,0.0,0.0,12641.0,2008
2008-04-03,ok,0.0,0.0,0.0,0.0,12560.0,2008
2008-04-04,ok,0.0,0.0,0.0,0.0,12631.0,2008
2008-04-07,ok,0.0,0.0,0.0,0.0,12683.0,2008
2008-04-08,ok,0.0,0.0,0.0,0.0,12546.0,2008
2008-04-09,ok,-30.0,0.0,2.0,210.0,12605.0,2008
2008-04-10,ok,-55.0,-40.0,1.0,90.0,12549.0,2008
2008-04-11,ok,105.0,135.0,2.0,149.0,12459.0,2008
2008-04-14,ok,0.0,0.0,0.0,0.0,12327.0,2008
2008-04-15,ok,0.0,0.0,0.0,0.0,12373.0,2008
2008-04-16,ok,580.0,595.0,1.0,359.0,12444.0,2008
2008-04-17,ok,0.0,0.0,0.0,0.0,12578.0,2008
2008-04-18,ok,-170.0,-140.0,2.0,120.0,12806.0,2008
2008-04-21,ok,0.0,0.0,0.0,0.0,12787.0,2008
2008-04-22,ok,-195.0,-165.0,2.0,299.0,12787.0,2008
2008-04-23,ok,-80.0,-65.0,1.0,30.0,12757.0,2008
2008-04-24,ok,-115.0,-100.0,1.0,209.0,12781.0,2008
2008-04-25,ok,-280.0,-250.0,2.0,120.0,12896.0,2008
2008-04-28,ok,0.0,0.0,0.0,0.0,12894.0,2008
2008-04-29,ok,0.0,0.0,0.0,0.0,12845.0,2008
2008-04-30,ok,-105.0,-90.0,1.0,240.0,12854.0,2008
2008-05-01,ok,755.0,770.0,1.0,329.0,12797.0,2008
2008-05-02,ok,0.0,0.0,0.0,0.0,13123.0,2008
2008-05-05,ok,55.0,85.0,2.0,329.0,13054.0,2008
2008-05-06,ok,-85.0,-70.0,1.0,30.0,12905.0,2008
2008-05-07,ok,585.0,615.0,2.0,239.0,13017.0,2008
2008-05-08,ok,0.0,0.0,0.0,0.0,12849.0,2008
2008-05-09,ok,0.0,0.0,0.0,0.0,12752.0,2008
2008-05-12,ok,30.0,60.0,2.0,209.0,12771.0,2008
2008-05-13,ok,115.0,130.0,1.0,240.0,12883.0,2008
2008-05-14,ok,-225.0,-210.0,1.0,359.0,12860.0,2008
2008-05-15,ok,0.0,0.0,0.0,0.0,12884.0,2008
2008-05-16,ok,-70.0,-55.0,1.0,90.0,13014.0,2008
2008-05-19,ok,-160.0,-115.0,3.0,240.0,12983.0,2008
2008-05-20,ok,270.0,285.0,1.0,359.0,12966.0,2008
2008-05-21,ok,445.0,475.0,2.0,209.0,12847.0,2008
2008-05-22,ok,-75.0,-60.0,1.0,30.0,12614.0,2008
2008-05-23,ok,-275.0,-230.0,3.0,150.0,12565.0,2008
2008-05-27,ok,0.0,0.0,0.0,0.0,12492.0,2008
2008-05-28,ok,0.0,0.0,0.0,0.0,12577.0,2008
2008-05-29,ok,-75.0,-60.0,1.0,210.0,12571.0,2008
2008-05-30,ok,0.0,0.0,0.0,0.0,12665.0,2008
2008-06-02,ok,165.0,180.0,1.0,359.0,12596.0,2008
2008-06-03,ok,-50.0,-35.0,1.0,119.0,12534.0,2008
2008-06-04,ok,-105.0,-90.0,1.0,150.0,12378.0,2008
2008-06-05,ok,415.0,445.0,2.0,329.0,12430.0,2008
2008-06-06,ok,1125.0,1140.0,1.0,359.0,12517.0,2008
2008-06-09,ok,-205.0,-175.0,2.0,90.0,12228.0,2008
2008-06-10,ok,0.0,0.0,0.0,0.0,12218.0,2008
2008-06-11,ok,515.0,530.0,1.0,359.0,12256.0,2008
2008-06-12,ok,-80.0,-65.0,1.0,180.0,12141.0,2008
2008-06-13,ok,-325.0,-295.0,2.0,60.0,12190.0,2008
2008-06-16,ok,0.0,0.0,0.0,0.0,12242.0,2008
2008-06-17,ok,-10.0,35.0,3.0,89.0,12329.0,2008
2008-06-18,ok,-320.0,-290.0,2.0,60.0,12119.0,2008
2008-06-19,ok,0.0,0.0,0.0,0.0,12036.0,2008
2008-06-20,ok,100.0,115.0,1.0,119.0,11969.0,2008
2008-06-23,ok,0.0,0.0,0.0,0.0,11873.0,2008
2008-06-24,ok,-120.0,-105.0,1.0,30.0,11811.0,2008
2008-06-25,ok,0.0,0.0,0.0,0.0,11823.0,2008
2008-06-26,ok,670.0,685.0,1.0,299.0,11703.0,2008
2008-06-27,ok,-305.0,-245.0,4.0,209.0,11460.0,2008
2008-06-30,ok,-330.0,-300.0,2.0,60.0,11345.0,2008
2008-07-01,ok,0.0,0.0,0.0,0.0,11232.0,2008
2008-07-02,ok,370.0,400.0,2.0,119.0,11373.0,2008
2008-07-03,ok,0.0,0.0,0.0,0.0,11272.0,2008
2008-07-07,ok,-570.0,-525.0,3.0,270.0,11309.0,2008
2008-07-08,ok,135.0,165.0,2.0,89.0,11214.0,2008
2008-07-09,ok,860.0,890.0,2.0,149.0,11393.0,2008
2008-07-10,ok,-460.0,-445.0,1.0,30.0,11151.0,2008
2008-07-11,ok,-595.0,-580.0,1.0,270.0,11098.0,2008
2008-07-14,ok,10.0,25.0,1.0,90.0,11203.0,2008
2008-07-15,ok,-280.0,-265.0,1.0,90.0,10960.0,2008
2008-07-16,ok,575.0,605.0,2.0,329.0,10963.0,2008
2008-07-17,ok,-210.0,-195.0,1.0,60.0,11303.0,2008
2008-07-18,ok,0.0,0.0,0.0,0.0,11456.0,2008
2008-07-21,ok,0.0,0.0,0.0,0.0,11536.0,2008
2008-07-22,ok,0.0,0.0,0.0,0.0,11393.0,2008
2008-07-23,ok,0.0,0.0,0.0,0.0,11584.0,2008
2008-07-24,ok,850.0,865.0,1.0,359.0,11618.0,2008
2008-07-25,ok,0.0,0.0,0.0,0.0,11377.0,2008
2008-07-28,ok,620.0,635.0,1.0,269.0,11319.0,2008
2008-07-29,ok,765.0,780.0,1.0,359.0,11150.0,2008
2008-07-30,ok,-295.0,-280.0,1.0,30.0,11449.0,2008
2008-07-31,ok,0.0,0.0,0.0,0.0,11459.0,2008
2008-08-01,ok,-475.0,-445.0,2.0,60.0,11399.0,2008
2008-08-04,ok,-360.0,-345.0,1.0,90.0,11305.0,2008
2008-08-05,ok,885.0,900.0,1.0,359.0,11358.0,2008
2008-08-06,ok,0.0,0.0,0.0,0.0,11543.0,2008
2008-08-07,ok,0.0,0.0,0.0,0.0,11533.0,2008
2008-08-08,ok,1095.0,1110.0,1.0,359.0,11400.0,2008
2008-08-11,ok,-380.0,-350.0,2.0,90.0,11687.0,2008
2008-08-12,ok,0.0,0.0,0.0,0.0,11728.0,2008
2008-08-13,ok,155.0,170.0,1.0,210.0,11587.0,2008
2008-08-14,ok,-185.0,-170.0,1.0,210.0,11462.0,2008
2008-08-15,ok,0.0,0.0,0.0,0.0,11647.0,2008
2008-08-18,ok,325.0,340.0,1.0,239.0,11688.0,2008
2008-08-19,ok,-150.0,-135.0,1.0,30.0,11406.0,2008
2008-08-20,ok,-110.0,-95.0,1.0,30.0,11387.0,2008
2008-08-21,ok,0.0,0.0,0.0,0.0,11319.0,2008
2008-08-22,ok,140.0,170.0,2.0,329.0,11490.0,2008
2008-08-25,ok,80.0,95.0,1.0,239.0,11565.0,2008
2008-08-26,ok,0.0,0.0,0.0,0.0,11400.0,2008
2008-08-27,ok,-25.0,-10.0,1.0,90.0,11416.0,2008
2008-08-28,ok,280.0,295.0,1.0,299.0,11568.0,2008
2008-08-29,ok,-215.0,-200.0,1.0,30.0,11645.0,2008
2008-09-02,ok,-145.0,-130.0,1.0,30.0,11689.0,2008
2008-09-03,ok,0.0,0.0,0.0,0.0,11513.0,2008
2008-09-04,ok,555.0,570.0,1.0,299.0,11445.0,2008
2008-09-05,ok,-90.0,-75.0,1.0,60.0,11145.0,2008
2008-09-08,ok,0.0,0.0,0.0,0.0,11536.0,2008
2008-09-09,ok,280.0,340.0,4.0,269.0,11502.0,2008
2008-09-10,ok,0.0,0.0,0.0,0.0,11289.0,2008
2008-09-11,ok,0.0,0.0,0.0,0.0,11153.0,2008
2008-09-12,ok,0.0,0.0,0.0,0.0,11337.0,2008
2008-09-15,ok,0.0,0.0,0.0,0.0,11084.0,2008
2008-09-16,ok,0.0,0.0,0.0,0.0,10755.0,2008
2008-09-17,ok,50.0,65.0,1.0,240.0,10895.0,2008
2008-09-18,ok,-1240.0,-1195.0,3.0,119.0,10714.0,2008
2008-09-19,ok,0.0,0.0,0.0,0.0,11588.0,2008
2008-09-22,ok,1275.0,1290.0,1.0,359.0,11383.0,2008
2008-09-23,ok,-750.0,-720.0,2.0,90.0,11043.0,2008
2008-09-24,ok,0.0,0.0,0.0,0.0,10895.0,2008
2008-09-25,ok,235.0,250.0,1.0,359.0,10908.0,2008
2008-09-26,ok,0.0,0.0,0.0,0.0,10893.0,2008
2008-09-29,ok,55.0,85.0,2.0,329.0,11001.0,2008
2008-09-30,ok,445.0,475.0,2.0,179.0,10558.0,2008
2008-10-01,ok,0.0,0.0,0.0,0.0,10773.0,2008
2008-10-02,ok,820.0,835.0,1.0,359.0,10775.0,2008
2008-10-03,ok,-775.0,-745.0,2.0,120.0,10597.0,2008
2008-10-06,ok,-505.0,-490.0,1.0,329.0,10120.0,2008
2008-10-07,ok,2145.0,2160.0,1.0,269.0,10065.0,2008
2008-10-08,ok,-795.0,-780.0,1.0,30.0,9336.0,2008
2008-10-09,ok,1790.0,1805.0,1.0,59.0,9398.0,2008
2008-10-10,ok,-695.0,-665.0,2.0,90.0,8263.0,2008
2008-10-13,ok,2135.0,2165.0,2.0,299.0,8791.0,2008
2008-10-14,ok,-960.0,-945.0,1.0,30.0,9792.0,2008
2008-10-15,ok,2745.0,2760.0,1.0,359.0,9195.0,2008
2008-10-16,ok,-120.0,-105.0,1.0,90.0,8625.0,2008
2008-10-17,ok,135.0,150.0,1.0,30.0,8755.0,2008
2008-10-20,ok,0.0,0.0,0.0,0.0,8944.0,2008
2008-10-21,ok,0.0,0.0,0.0,0.0,9149.0,2008
2008-10-22,ok,-495.0,-480.0,1.0,60.0,8789.0,2008
2008-10-23,ok,-1230.0,-1200.0,2.0,90.0,8556.0,2008
2008-10-24,ok,0.0,0.0,0.0,0.0,8205.0,2008
2008-10-27,ok,0.0,15.0,1.0,60.0,8225.0,2008
2008-10-28,ok,2240.0,2255.0,1.0,59.0,8359.0,2008
2008-10-29,ok,0.0,0.0,0.0,0.0,9036.0,2008
2008-10-30,ok,0.0,0.0,0.0,0.0,9181.0,2008
2008-10-31,ok,0.0,0.0,0.0,0.0,9137.0,2008
2008-11-03,ok,0.0,0.0,0.0,0.0,9301.0,2008
2008-11-04,ok,0.0,0.0,0.0,0.0,9495.0,2008
2008-11-05,ok,1185.0,1200.0,1.0,209.0,9468.0,2008
2008-11-06,ok,1480.0,1495.0,1.0,329.0,9051.0,2008
2008-11-07,ok,-535.0,-520.0,1.0,60.0,8762.0,2008
2008-11-10,ok,-550.0,-535.0,1.0,29.0,9112.0,2008
2008-11-11,ok,-5.0,10.0,1.0,180.0,8723.0,2008
2008-11-12,ok,410.0,440.0,2.0,119.0,8505.0,2008
2008-11-13,ok,-790.0,-745.0,3.0,119.0,8323.0,2008
2008-11-14,ok,-15.0,0.0,1.0,120.0,8661.0,2008
2008-11-17,ok,-210.0,-195.0,1.0,60.0,8351.0,2008
2008-11-18,ok,-845.0,-815.0,2.0,150.0,8257.0,2008
2008-11-19,ok,1095.0,1125.0,2.0,269.0,8379.0,2008
2008-11-20,ok,780.0,810.0,2.0,59.0,7890.0,2008
2008-11-21,ok,0.0,0.0,0.0,0.0,7694.0,2008
2008-11-24,ok,-390.0,-360.0,2.0,239.0,8183.0,2008
2008-11-25,ok,0.0,0.0,0.0,0.0,8541.0,2008
2008-11-26,ok,285.0,300.0,1.0,59.0,8301.0,2008
2008-11-28,ok,0.0,0.0,0.0,0.0,8666.0,2008
2008-12-01,ok,1550.0,1565.0,1.0,359.0,8615.0,2008
2008-12-02,ok,-175.0,-160.0,1.0,30.0,8251.0,2008
2008-12-03,ok,0.0,0.0,0.0,0.0,8250.0,2008
2008-12-04,ok,0.0,0.0,0.0,0.0,8463.0,2008
2008-12-05,ok,410.0,440.0,2.0,89.0,8267.0,2008
2008-12-08,ok,-210.0,-180.0,2.0,60.0,8816.0,2008
2008-12-09,ok,0.0,0.0,0.0,0.0,8815.0,2008
2008-12-10,ok,0.0,0.0,0.0,0.0,8795.0,2008
2008-12-11,ok,0.0,0.0,0.0,0.0,8619.0,2008
2008-12-12,ok,0.0,0.0,0.0,0.0,8321.0,2008
2008-12-15,ok,0.0,0.0,0.0,0.0,8658.0,2008
2008-12-16,ok,90.0,105.0,1.0,29.0,8638.0,2008
2008-12-17,ok,0.0,0.0,0.0,0.0,8794.0,2008
2008-12-18,ok,-260.0,-230.0,2.0,89.0,8833.0,2008
2008-12-19,ok,-185.0,-170.0,1.0,30.0,8654.0,2008
2008-12-22,ok,-365.0,-350.0,1.0,59.0,8566.0,2008
2008-12-23,ok,0.0,0.0,0.0,0.0,8540.0,2008
2008-12-24,ok,0.0,0.0,0.0,0.0,8416.0,2008
2008-12-26,ok,0.0,0.0,0.0,0.0,8470.0,2008
2008-12-29,ok,165.0,180.0,1.0,270.0,8485.0,2008
2008-12-30,ok,-105.0,-90.0,1.0,60.0,8489.0,2008
2008-12-31,ok,120.0,150.0,2.0,240.0,8636.0,2008
2009-01-02,ok,545.0,560.0,1.0,299.0,8756.0,2009
2009-01-05,ok,-270.0,-255.0,1.0,30.0,8944.0,2009
2009-01-06,ok,-535.0,-520.0,1.0,30.0,8974.0,2009
2009-01-07,ok,5.0,35.0,2.0,150.0,8836.0,2009
2009-01-08,ok,-85.0,-70.0,1.0,30.0,8655.0,2009
2009-01-09,ok,-165.0,-150.0,1.0,270.0,8718.0,2009
2009-01-12,ok,-135.0,-105.0,2.0,119.0,8523.0,2009
2009-01-13,ok,0.0,0.0,0.0,0.0,8406.0,2009
2009-01-14,ok,320.0,335.0,1.0,359.0,8262.0,2009
2009-01-15,ok,-130.0,-115.0,1.0,240.0,8148.0,2009
2009-01-16,ok,-225.0,-210.0,1.0,30.0,8284.0,2009
2009-01-20,ok,555.0,585.0,2.0,329.0,8176.0,2009
2009-01-21,ok,0.0,0.0,0.0,0.0,8024.0,2009
2009-01-22,ok,-40.0,-25.0,1.0,90.0,8042.0,2009
2009-01-23,ok,0.0,0.0,0.0,0.0,7900.0,2009
2009-01-26,ok,110.0,125.0,1.0,210.0,8035.0,2009
2009-01-27,ok,0.0,0.0,0.0,0.0,8096.0,2009
2009-01-28,ok,-365.0,-350.0,1.0,30.0,8256.0,2009
2009-01-29,ok,-125.0,-80.0,3.0,119.0,8208.0,2009
2009-01-30,ok,315.0,345.0,2.0,299.0,8136.0,2009
2009-02-02,ok,0.0,0.0,0.0,0.0,7861.0,2009
2009-02-03,ok,65.0,80.0,1.0,59.0,7925.0,2009
2009-02-04,ok,-5.0,40.0,3.0,149.0,8026.0,2009
2009-02-05,ok,-575.0,-530.0,3.0,269.0,7877.0,2009
2009-02-06,ok,285.0,300.0,1.0,359.0,8037.0,2009
2009-02-09,ok,0.0,0.0,0.0,0.0,8233.0,2009
2009-02-10,ok,875.0,890.0,1.0,269.0,8175.0,2009
2009-02-11,ok,0.0,0.0,0.0,0.0,7916.0,2009
2009-02-12,ok,-815.0,-785.0,2.0,90.0,7795.0,2009
2009-02-13,ok,-260.0,-230.0,2.0,60.0,7896.0,2009
2009-02-17,ok,-15.0,0.0,1.0,30.0,7606.0,2009
2009-02-18,ok,0.0,0.0,0.0,0.0,7576.0,2009
2009-02-19,ok,0.0,0.0,0.0,0.0,7587.0,2009
2009-02-20,ok,0.0,0.0,0.0,0.0,7320.0,2009
2009-02-23,ok,875.0,890.0,1.0,299.0,7412.0,2009
2009-02-24,ok,360.0,375.0,1.0,149.0,7145.0,2009
2009-02-25,ok,-450.0,-435.0,1.0,240.0,7283.0,2009
2009-02-26,ok,0.0,0.0,0.0,0.0,7328.0,2009
2009-02-27,ok,0.0,0.0,0.0,0.0,7047.0,2009
2009-03-02,ok,665.0,680.0,1.0,329.0,6945.0,2009
2009-03-03,ok,0.0,0.0,0.0,0.0,6830.0,2009
2009-03-04,ok,-470.0,-440.0,2.0,119.0,6821.0,2009
2009-03-05,ok,160.0,190.0,2.0,239.0,6731.0,2009
2009-03-06,ok,-875.0,-845.0,2.0,89.0,6643.0,2009
2009-03-09,ok,0.0,0.0,0.0,0.0,6533.0,2009
2009-03-10,ok,755.0,770.0,1.0,359.0,6644.0,2009
2009-03-11,ok,-35.0,-20.0,1.0,30.0,6949.0,2009
2009-03-12,ok,290.0,320.0,2.0,149.0,6863.0,2009
2009-03-13,ok,0.0,0.0,0.0,0.0,7150.0,2009
2009-03-16,ok,0.0,0.0,0.0,0.0,7232.0,2009
2009-03-17,ok,295.0,310.0,1.0,29.0,7163.0,2009
2009-03-18,ok,-635.0,-605.0,2.0,60.0,7281.0,2009
2009-03-19,ok,-5.0,10.0,1.0,30.0,7515.0,2009
2009-03-20,ok,5.0,20.0,1.0,60.0,7383.0,2009
2009-03-23,ok,1190.0,1205.0,1.0,329.0,7398.0,2009
2009-03-24,ok,0.0,0.0,0.0,0.0,7639.0,2009
2009-03-25,ok,45.0,60.0,1.0,150.0,7669.0,2009
2009-03-26,ok,0.0,0.0,0.0,0.0,7763.0,2009
2009-03-27,"unknown:нет open, вчерашнего close или close сессии",,,,,,2009
2009-03-30,"unknown:нет open, вчерашнего close или close сессии",,,,,,2009
2009-03-31,ok,-630.0,-615.0,1.0,29.0,7547.0,2009
2009-04-01,ok,495.0,510.0,1.0,299.0,7436.0,2009
2009-04-02,ok,-170.0,-155.0,1.0,150.0,7876.0,2009
2009-04-03,"unknown:нет open, вчерашнего close или close сессии",,,,,,2009
2009-04-06,"unknown:нет open, вчерашнего close или close сессии",,,,,,2009
2009-04-07,ok,-85.0,-70.0,1.0,30.0,7817.0,2009
2009-04-08,ok,0.0,0.0,0.0,0.0,7758.0,2009
2009-04-09,ok,15.0,30.0,1.0,30.0,7942.0,2009
2009-04-13,ok,0.0,0.0,0.0,0.0,7947.0,2009
2009-04-14,ok,-70.0,-55.0,1.0,30.0,7935.0,2009
2009-04-15,ok,-140.0,-125.0,1.0,30.0,7842.0,2009
2009-04-16,ok,-150.0,-135.0,1.0,30.0,8026.0,2009
2009-04-17,"unknown:нет open, вчерашнего close или close сессии",,,,,,2009
2009-04-20,"unknown:нет open, вчерашнего close или close сессии",,,,,,2009
2009-04-21,ok,-35.0,-5.0,2.0,59.0,7735.0,2009
2009-04-22,ok,-355.0,-325.0,2.0,90.0,7857.0,2009
2009-04-23,ok,-45.0,-30.0,1.0,90.0,7846.0,2009
2009-04-24,ok,-225.0,-195.0,2.0,269.0,7960.0,2009
2009-04-27,ok,0.0,0.0,0.0,0.0,7928.0,2009
2009-04-28,ok,0.0,0.0,0.0,0.0,7898.0,2009
2009-04-29,ok,235.0,250.0,1.0,359.0,8031.0,2009
2009-04-30,ok,0.0,0.0,0.0,0.0,8223.0,2009
2009-05-01,ok,-170.0,-155.0,1.0,30.0,8129.0,2009
2009-05-04,ok,475.0,490.0,1.0,359.0,8222.0,2009
2009-05-05,ok,0.0,0.0,0.0,0.0,8358.0,2009
2009-05-06,ok,0.0,0.0,0.0,0.0,8456.0,2009
2009-05-07,ok,-350.0,-290.0,4.0,239.0,8534.0,2009
2009-05-08,ok,0.0,0.0,0.0,0.0,8464.0,2009
2009-05-11,ok,0.0,0.0,0.0,0.0,8426.0,2009
2009-05-12,ok,0.0,0.0,0.0,0.0,8426.0,2009
2009-05-13,ok,-195.0,-180.0,1.0,30.0,8320.0,2009
2009-05-14,ok,-50.0,-35.0,1.0,30.0,8267.0,2009
2009-05-15,ok,-150.0,-135.0,1.0,30.0,8294.0,2009
2009-05-18,ok,415.0,430.0,1.0,299.0,8329.0,2009
2009-05-19,ok,-285.0,-270.0,1.0,30.0,8475.0,2009
2009-05-20,ok,20.0,35.0,1.0,30.0,8511.0,2009
2009-05-21,ok,-465.0,-420.0,3.0,179.0,8306.0,2009
2009-05-22,ok,0.0,0.0,0.0,0.0,8313.0,2009
2009-05-26,ok,795.0,810.0,1.0,359.0,8207.0,2009
2009-05-27,ok,370.0,385.0,1.0,119.0,8472.0,2009
2009-05-28,ok,0.0,0.0,0.0,0.0,8353.0,2009
2009-05-29,ok,0.0,0.0,0.0,0.0,8417.0,2009
2009-06-01,ok,225.0,240.0,1.0,329.0,8604.0,2009
2009-06-02,ok,0.0,0.0,0.0,0.0,8690.0,2009
2009-06-03,ok,-50.0,-35.0,1.0,90.0,8675.0,2009
2009-06-04,ok,0.0,0.0,0.0,0.0,8674.0,2009
2009-06-05,ok,0.0,0.0,0.0,0.0,8802.0,2009
2009-06-08,ok,-200.0,-170.0,2.0,90.0,8698.0,2009
2009-06-09,ok,0.0,0.0,0.0,0.0,8778.0,2009
2009-06-10,ok,-420.0,-390.0,2.0,119.0,8832.0,2009
2009-06-11,ok,-145.0,-130.0,1.0,30.0,8708.0,2009
2009-06-12,ok,0.0,0.0,0.0,0.0,8681.0,2009
2009-06-15,ok,220.0,235.0,1.0,359.0,8645.0,2009
2009-06-16,ok,230.0,245.0,1.0,179.0,8587.0,2009
2009-06-17,ok,0.0,0.0,0.0,0.0,8443.0,2009
2009-06-18,ok,55.0,85.0,2.0,270.0,8451.0,2009
2009-06-19,"unknown:нет open, вчерашнего close или close сессии",,,,,,2009
2009-06-22,"unknown:нет open, вчерашнего close или close сессии",,,,,,2009
2009-06-23,ok,0.0,0.0,0.0,0.0,8284.0,2009
2009-06-24,ok,-120.0,-105.0,1.0,90.0,8311.0,2009
2009-06-25,ok,555.0,570.0,1.0,329.0,8212.0,2009
2009-06-26,ok,0.0,0.0,0.0,0.0,8388.0,2009
2009-06-29,ok,55.0,85.0,2.0,209.0,8393.0,2009
2009-06-30,ok,20.0,35.0,1.0,329.0,8472.0,2009
2009-07-01,ok,-25.0,-10.0,1.0,90.0,8438.0,2009
2009-07-02,ok,105.0,150.0,3.0,299.0,8341.0,2009
2009-07-06,ok,0.0,0.0,0.0,0.0,8159.0,2009
2009-07-07,ok,595.0,625.0,2.0,329.0,8260.0,2009
2009-07-08,ok,0.0,0.0,0.0,0.0,8132.0,2009
2009-07-09,ok,0.0,0.0,0.0,0.0,8166.0,2009
2009-07-10,ok,0.0,0.0,0.0,0.0,8081.0,2009
2009-07-13,ok,475.0,490.0,1.0,299.0,8109.0,2009
2009-07-14,ok,0.0,0.0,0.0,0.0,8294.0,2009
2009-07-15,ok,595.0,610.0,1.0,359.0,8395.0,2009
2009-07-16,ok,-15.0,15.0,2.0,89.0,8549.0,2009
2009-07-17,ok,0.0,0.0,0.0,0.0,8674.0,2009
2009-07-20,ok,0.0,0.0,0.0,0.0,8742.0,2009
2009-07-21,ok,0.0,0.0,0.0,0.0,8863.0,2009
2009-07-22,ok,0.0,0.0,0.0,0.0,8825.0,2009
2009-07-23,ok,495.0,510.0,1.0,359.0,8842.0,2009
2009-07-24,ok,0.0,0.0,0.0,0.0,8995.0,2009
2009-07-27,ok,0.0,0.0,0.0,0.0,9038.0,2009
2009-07-28,ok,0.0,0.0,0.0,0.0,9013.0,2009
2009-07-29,ok,0.0,0.0,0.0,0.0,9021.0,2009
2009-07-30,ok,-335.0,-305.0,2.0,329.0,9111.0,2009
2009-07-31,ok,-260.0,-230.0,2.0,119.0,9100.0,2009
2009-08-03,ok,0.0,0.0,0.0,0.0,9201.0,2009
2009-08-04,ok,0.0,0.0,0.0,0.0,9217.0,2009
2009-08-05,ok,-35.0,-5.0,2.0,240.0,9268.0,2009
2009-08-06,ok,-160.0,-145.0,1.0,60.0,9278.0,2009
2009-08-07,ok,-175.0,-160.0,1.0,299.0,9304.0,2009
2009-08-10,ok,0.0,0.0,0.0,0.0,9305.0,2009
2009-08-11,ok,-140.0,-125.0,1.0,240.0,9275.0,2009
2009-08-12,ok,140.0,155.0,1.0,359.0,9206.0,2009
2009-08-13,ok,-200.0,-185.0,1.0,30.0,9370.0,2009
2009-08-14,ok,-15.0,0.0,1.0,359.0,9359.0,2009
2009-08-17,ok,0.0,0.0,0.0,0.0,9140.0,2009
2009-08-18,ok,-85.0,-70.0,1.0,89.0,9141.0,2009
2009-08-19,ok,30.0,45.0,1.0,239.0,9122.0,2009
2009-08-20,ok,-125.0,-95.0,2.0,59.0,9268.0,2009
2009-08-21,ok,95.0,110.0,1.0,329.0,9382.0,2009
2009-08-24,ok,0.0,0.0,0.0,0.0,9529.0,2009
2009-08-25,ok,-285.0,-270.0,1.0,30.0,9530.0,2009
2009-08-26,ok,0.0,0.0,0.0,0.0,9512.0,2009
2009-08-27,ok,-75.0,-60.0,1.0,90.0,9536.0,2009
2009-08-28,ok,-190.0,-175.0,1.0,60.0,9624.0,2009
2009-08-31,ok,0.0,0.0,0.0,0.0,9458.0,2009
2009-09-01,ok,200.0,215.0,1.0,269.0,9445.0,2009
2009-09-02,ok,0.0,0.0,0.0,0.0,9279.0,2009
2009-09-03,ok,0.0,0.0,0.0,0.0,9312.0,2009
2009-09-04,ok,30.0,45.0,1.0,209.0,9341.0,2009
2009-09-08,ok,0.0,0.0,0.0,0.0,9504.0,2009
2009-09-09,ok,-15.0,0.0,1.0,120.0,9498.0,2009
2009-09-10,"unknown:нет цены на отметке, нормы или цены исполнения",,,,,,2009
2009-09-11,ok,0.0,0.0,0.0,0.0,9559.0,2009
2009-09-14,ok,0.0,0.0,0.0,0.0,9469.0,2009
2009-09-15,ok,-250.0,-220.0,2.0,89.0,9575.0,2009
2009-09-16,ok,15.0,30.0,1.0,149.0,9657.0,2009
2009-09-17,ok,-395.0,-365.0,2.0,60.0,9721.0,2009
2009-09-18,ok,0.0,0.0,0.0,0.0,9775.0,2009
2009-09-21,ok,0.0,0.0,0.0,0.0,9693.0,2009
2009-09-22,ok,0.0,0.0,0.0,0.0,9769.0,2009
2009-09-23,ok,-155.0,-140.0,1.0,30.0,9775.0,2009
2009-09-24,ok,40.0,55.0,1.0,329.0,9715.0,2009
2009-09-25,ok,-55.0,-40.0,1.0,60.0,9628.0,2009
2009-09-28,ok,125.0,140.0,1.0,359.0,9638.0,2009
2009-09-29,ok,-280.0,-250.0,2.0,60.0,9736.0,2009
2009-09-30,ok,-715.0,-685.0,2.0,209.0,9702.0,2009
2009-10-01,ok,695.0,710.0,1.0,359.0,9633.0,2009
2009-10-02,ok,0.0,0.0,0.0,0.0,9361.0,2009
2009-10-05,ok,60.0,90.0,2.0,209.0,9449.0,2009
2009-10-06,ok,-260.0,-230.0,2.0,299.0,9596.0,2009
2009-10-07,ok,0.0,0.0,0.0,0.0,9656.0,2009
2009-10-08,ok,0.0,0.0,0.0,0.0,9731.0,2009
2009-10-09,ok,70.0,85.0,1.0,59.0,9730.0,2009
2009-10-12,ok,0.0,0.0,0.0,0.0,9842.0,2009
2009-10-13,ok,0.0,0.0,0.0,0.0,9801.0,2009
2009-10-14,ok,0.0,0.0,0.0,0.0,9914.0,2009
2009-10-15,ok,0.0,0.0,0.0,0.0,9926.0,2009
2009-10-16,ok,0.0,0.0,0.0,0.0,9919.0,2009
2009-10-19,ok,50.0,65.0,1.0,299.0,9957.0,2009
2009-10-20,ok,-195.0,-165.0,2.0,240.0,10042.0,2009
2009-10-21,ok,-105.0,-75.0,2.0,150.0,9968.0,2009
2009-10-22,ok,225.0,255.0,2.0,209.0,9912.0,2009
2009-10-23,ok,145.0,160.0,1.0,299.0,10044.0,2009
2009-10-26,ok,-190.0,-160.0,2.0,329.0,9934.0,2009
2009-10-27,ok,20.0,35.0,1.0,60.0,9841.0,2009
2009-10-28,ok,130.0,145.0,1.0,89.0,9807.0,2009
2009-10-29,ok,250.0,280.0,2.0,239.0,9778.0,2009
2009-10-30,ok,740.0,770.0,2.0,329.0,9880.0,2009
2009-11-02,ok,-495.0,-480.0,1.0,180.0,9685.0,2009
2009-11-03,ok,0.0,0.0,0.0,0.0,9676.0,2009
2009-11-04,ok,-240.0,-210.0,2.0,150.0,9787.0,2009
2009-11-05,ok,385.0,400.0,1.0,359.0,9833.0,2009
2009-11-06,ok,0.0,0.0,0.0,0.0,9912.0,2009
2009-11-09,ok,420.0,435.0,1.0,329.0,10050.0,2009
2009-11-10,ok,0.0,0.0,0.0,0.0,10173.0,2009
2009-11-11,ok,0.0,0.0,0.0,0.0,10259.0,2009
2009-11-12,ok,0.0,0.0,0.0,0.0,10248.0,2009
2009-11-13,ok,-155.0,-125.0,2.0,150.0,10188.0,2009
2009-11-16,ok,-20.0,-5.0,1.0,330.0,10284.0,2009
2009-11-17,ok,0.0,0.0,0.0,0.0,10351.0,2009
2009-11-18,ok,-65.0,-50.0,1.0,30.0,10397.0,2009
2009-11-19,ok,-155.0,-140.0,1.0,300.0,10351.0,2009
2009-11-20,ok,0.0,0.0,0.0,0.0,10273.0,2009
2009-11-23,ok,-195.0,-180.0,1.0,120.0,10398.0,2009
2009-11-24,ok,-235.0,-220.0,1.0,60.0,10424.0,2009
2009-11-25,ok,0.0,0.0,0.0,0.0,10433.0,2009
2009-11-27,ok,0.0,0.0,0.0,0.0,10231.0,2009
2009-11-30,ok,0.0,0.0,0.0,0.0,10289.0,2009
2009-12-01,ok,-165.0,-135.0,2.0,299.0,10410.0,2009
2009-12-02,ok,0.0,0.0,0.0,0.0,10456.0,2009
2009-12-03,ok,0.0,0.0,0.0,0.0,10462.0,2009
2009-12-04,ok,0.0,0.0,0.0,0.0,10471.0,2009
2009-12-07,ok,-105.0,-75.0,2.0,60.0,10367.0,2009
2009-12-08,ok,-280.0,-235.0,3.0,209.0,10323.0,2009
2009-12-09,ok,5.0,20.0,1.0,29.0,10275.0,2009
2009-12-10,ok,0.0,0.0,0.0,0.0,10319.0,2009
2009-12-11,ok,-170.0,-125.0,3.0,119.0,10369.0,2009
2009-12-14,ok,0.0,0.0,0.0,0.0,10452.0,2009
2009-12-15,ok,0.0,0.0,0.0,0.0,10409.0,2009
2009-12-16,ok,0.0,0.0,0.0,0.0,10430.0,2009
2009-12-17,ok,145.0,175.0,2.0,329.0,10327.0,2009
2009-12-18,ok,-145.0,-130.0,1.0,60.0,10303.0,2009
2009-12-21,ok,-25.0,-10.0,1.0,330.0,10313.0,2009
2009-12-22,ok,-100.0,-85.0,1.0,30.0,10377.0,2009
2009-12-23,ok,0.0,0.0,0.0,0.0,10420.0,2009
2009-12-24,ok,20.0,35.0,1.0,149.0,10415.0,2009
2009-12-28,ok,0.0,0.0,0.0,0.0,10480.0,2009
2009-12-29,"unknown:нет цены на отметке, нормы или цены исполнения",,,,,,2009
2009-12-30,ok,0.0,0.0,0.0,0.0,10452.0,2009
2009-12-31,ok,350.0,365.0,1.0,269.0,10491.0,2009
2010-01-04,ok,135.0,150.0,1.0,359.0,10442.0,2010
2010-01-05,ok,-355.0,-325.0,2.0,150.0,10520.0,2010
2010-01-06,ok,0.0,0.0,0.0,0.0,10509.0,2010
2010-01-07,ok,-180.0,-165.0,1.0,30.0,10494.0,2010
2010-01-08,ok,0.0,0.0,0.0,0.0,10527.0,2010
2010-01-11,ok,0.0,0.0,0.0,0.0,10600.0,2010
2010-01-12,ok,0.0,0.0,0.0,0.0,10539.0,2010
2010-01-13,ok,-85.0,-55.0,2.0,149.0,10590.0,2010
2010-01-14,ok,-40.0,-25.0,1.0,29.0,10622.0,2010
2010-01-15,ok,195.0,210.0,1.0,359.0,10652.0,2010
2010-01-19,ok,325.0,340.0,1.0,359.0,10546.0,2010
2010-01-20,ok,-25.0,-10.0,1.0,359.0,10606.0,2010
2010-01-21,ok,480.0,495.0,1.0,329.0,10551.0,2010
2010-01-22,ok,365.0,380.0,1.0,59.0,10298.0,2010
2010-01-25,ok,0.0,0.0,0.0,0.0,10194.0,2010
2010-01-26,ok,-240.0,-210.0,2.0,180.0,10121.0,2010
2010-01-27,ok,0.0,0.0,0.0,0.0,10124.0,2010
2010-01-28,ok,425.0,440.0,1.0,359.0,10210.0,2010
2010-01-29,ok,30.0,45.0,1.0,60.0,10108.0,2010
2010-02-01,ok,0.0,0.0,0.0,0.0,10077.0,2010
2010-02-02,ok,80.0,110.0,2.0,239.0,10148.0,2010
2010-02-03,ok,0.0,0.0,0.0,0.0,10215.0,2010
2010-02-04,ok,560.0,575.0,1.0,359.0,10153.0,2010
2010-02-05,ok,-500.0,-470.0,2.0,150.0,9967.0,2010
2010-02-08,ok,0.0,0.0,0.0,0.0,9953.0,2010
2010-02-09,ok,-665.0,-620.0,3.0,209.0,9971.0,2010
2010-02-10,ok,-145.0,-130.0,1.0,30.0,10011.0,2010
2010-02-11,ok,265.0,280.0,1.0,269.0,9995.0,2010
2010-02-12,ok,0.0,0.0,0.0,0.0,10012.0,2010
2010-02-16,ok,0.0,0.0,0.0,0.0,10157.0,2010
2010-02-17,ok,0.0,0.0,0.0,0.0,10272.0,2010
2010-02-18,ok,-10.0,5.0,1.0,59.0,10271.0,2010
2010-02-19,ok,0.0,0.0,0.0,0.0,10349.0,2010
2010-02-22,ok,0.0,0.0,0.0,0.0,10415.0,2010
2010-02-23,ok,-15.0,0.0,1.0,300.0,10346.0,2010
2010-02-24,ok,-300.0,-255.0,3.0,150.0,10302.0,2010
2010-02-25,ok,0.0,0.0,0.0,0.0,10208.0,2010
2010-02-26,ok,0.0,0.0,0.0,0.0,10317.0,2010
2010-03-01,ok,-5.0,25.0,2.0,120.0,10345.0,2010
2010-03-02,ok,0.0,0.0,0.0,0.0,10425.0,2010
2010-03-03,ok,-65.0,-50.0,1.0,60.0,10415.0,2010
2010-03-04,ok,-90.0,-75.0,1.0,30.0,10404.0,2010
2010-03-05,ok,15.0,45.0,2.0,299.0,10482.0,2010
2010-03-08,ok,0.0,0.0,0.0,0.0,10553.0,2010
2010-03-09,ok,-100.0,-70.0,2.0,210.0,10528.0,2010
2010-03-10,ok,0.0,0.0,0.0,0.0,10563.0,2010
2010-03-11,ok,-185.0,-170.0,1.0,30.0,10481.0,2010
2010-03-12,ok,0.0,0.0,0.0,0.0,10583.0,2010
2010-03-15,ok,-35.0,-20.0,1.0,30.0,10549.0,2010
2010-03-16,ok,0.0,0.0,0.0,0.0,10597.0,2010
2010-03-17,ok,-175.0,-130.0,3.0,180.0,10647.0,2010
2010-03-18,ok,-165.0,-120.0,3.0,209.0,10676.0,2010
2010-03-19,ok,65.0,80.0,1.0,329.0,10756.0,2010
2010-03-22,ok,10.0,25.0,1.0,329.0,10640.0,2010
2010-03-23,ok,-30.0,15.0,3.0,149.0,10742.0,2010
2010-03-24,ok,0.0,0.0,0.0,0.0,10794.0,2010
2010-03-25,ok,-170.0,-140.0,2.0,90.0,10839.0,2010
2010-03-26,ok,-195.0,-180.0,1.0,120.0,10798.0,2010
2010-03-29,ok,0.0,0.0,0.0,0.0,10820.0,2010
2010-03-30,ok,-115.0,-100.0,1.0,30.0,10841.0,2010
2010-03-31,ok,-180.0,-165.0,1.0,30.0,10820.0,2010
2010-04-01,ok,0.0,0.0,0.0,0.0,10868.0,2010
2010-04-05,ok,-15.0,0.0,1.0,30.0,10898.0,2010
2010-04-06,ok,0.0,0.0,0.0,0.0,10885.0,2010
2010-04-07,ok,-110.0,-80.0,2.0,119.0,10894.0,2010
2010-04-08,ok,-5.0,10.0,1.0,179.0,10813.0,2010
2010-04-09,ok,-155.0,-125.0,2.0,120.0,10890.0,2010
2010-04-12,ok,0.0,0.0,0.0,0.0,10955.0,2010
2010-04-13,ok,-120.0,-105.0,1.0,60.0,10941.0,2010
2010-04-14,ok,185.0,215.0,2.0,269.0,10998.0,2010
2010-04-15,ok,-105.0,-90.0,1.0,30.0,11046.0,2010
2010-04-16,"unknown:нет цены на отметке, нормы или цены исполнения",,,,,,2010
2010-04-19,ok,0.0,30.0,2.0,89.0,10936.0,2010
2010-04-20,ok,0.0,0.0,0.0,0.0,11071.0,2010
2010-04-21,ok,-110.0,-95.0,1.0,30.0,11066.0,2010
2010-04-22,ok,-240.0,-210.0,2.0,90.0,11012.0,2010
2010-04-23,ok,20.0,50.0,2.0,89.0,11078.0,2010
2010-04-26,ok,-35.0,-20.0,1.0,120.0,11158.0,2010
2010-04-27,ok,450.0,465.0,1.0,269.0,11127.0,2010
2010-04-28,ok,0.0,0.0,0.0,0.0,10986.0,2010
2010-04-29,ok,270.0,285.0,1.0,359.0,11039.0,2010
2010-04-30,ok,290.0,320.0,2.0,239.0,11130.0,2010
2010-05-03,ok,125.0,155.0,2.0,329.0,11006.0,2010
2010-05-04,ok,375.0,390.0,1.0,359.0,11000.0,2010
2010-05-05,ok,0.0,0.0,0.0,0.0,10804.0,2010
2010-05-06,ok,1225.0,1240.0,1.0,149.0,10783.0,2010
2010-05-07,ok,-930.0,-885.0,3.0,239.0,10446.0,2010
2010-05-10,ok,-350.0,-320.0,2.0,90.0,10704.0,2010
2010-05-11,ok,-330.0,-300.0,2.0,60.0,10663.0,2010
2010-05-12,ok,160.0,190.0,2.0,329.0,10754.0,2010
2010-05-13,ok,0.0,0.0,0.0,0.0,10843.0,2010
2010-05-14,ok,70.0,85.0,1.0,359.0,10694.0,2010
2010-05-17,ok,-155.0,-140.0,1.0,210.0,10620.0,2010
2010-05-18,ok,-10.0,5.0,1.0,59.0,10675.0,2010
2010-05-19,ok,-195.0,-180.0,1.0,60.0,10447.0,2010
2010-05-20,ok,-455.0,-425.0,2.0,150.0,10243.0,2010
2010-05-21,ok,-245.0,-215.0,2.0,120.0,9916.0,2010
2010-05-24,ok,0.0,0.0,0.0,0.0,10120.0,2010
2010-05-25,ok,0.0,0.0,0.0,0.0,9833.0,2010
2010-05-26,ok,-75.0,-60.0,1.0,60.0,10073.0,2010
2010-05-27,ok,0.0,0.0,0.0,0.0,10124.0,2010
2010-05-28,ok,-215.0,-185.0,2.0,180.0,10237.0,2010
2010-06-01,ok,-250.0,-220.0,2.0,90.0,10048.0,2010
2010-06-02,ok,335.0,350.0,1.0,59.0,10066.0,2010
2010-06-03,ok,0.0,0.0,0.0,0.0,10279.0,2010
2010-06-04,ok,275.0,290.0,1.0,119.0,10079.0,2010
2010-06-07,ok,95.0,110.0,1.0,29.0,9947.0,2010
2010-06-08,ok,0.0,0.0,0.0,0.0,9817.0,2010
2010-06-09,ok,-55.0,-40.0,1.0,60.0,9977.0,2010
2010-06-10,ok,110.0,140.0,2.0,179.0,9986.0,2010
2010-06-11,ok,0.0,0.0,0.0,0.0,10028.0,2010
2010-06-14,ok,0.0,0.0,0.0,0.0,10221.0,2010
2010-06-15,ok,410.0,425.0,1.0,209.0,10202.0,2010
2010-06-16,ok,0.0,0.0,0.0,0.0,10286.0,2010
2010-06-17,ok,-70.0,-55.0,1.0,60.0,10374.0,2010
2010-06-18,ok,0.0,0.0,0.0,0.0,10392.0,2010
2010-06-21,ok,0.0,0.0,0.0,0.0,10510.0,2010
2010-06-22,ok,205.0,220.0,1.0,59.0,10390.0,2010
2010-06-23,ok,-155.0,-140.0,1.0,30.0,10248.0,2010
2010-06-24,ok,-220.0,-175.0,3.0,239.0,10190.0,2010
2010-06-25,ok,-190.0,-175.0,1.0,60.0,10116.0,2010
2010-06-28,ok,-155.0,-140.0,1.0,30.0,10109.0,2010
2010-06-29,ok,285.0,300.0,1.0,359.0,9959.0,2010
2010-06-30,ok,0.0,0.0,0.0,0.0,9788.0,2010
2010-07-01,ok,-175.0,-145.0,2.0,270.0,9713.0,2010
2010-07-02,ok,-175.0,-160.0,1.0,240.0,9687.0,2010
2010-07-06,ok,-55.0,-40.0,1.0,30.0,9734.0,2010
2010-07-07,ok,1135.0,1150.0,1.0,359.0,9690.0,2010
2010-07-08,ok,0.0,0.0,0.0,0.0,10025.0,2010
2010-07-09,ok,0.0,0.0,0.0,0.0,10079.0,2010
2010-07-12,ok,0.0,0.0,0.0,0.0,10118.0,2010
2010-07-13,ok,-205.0,-160.0,3.0,149.0,10256.0,2010
2010-07-14,ok,0.0,0.0,0.0,0.0,10289.0,2010
2010-07-15,ok,-365.0,-335.0,2.0,210.0,10307.0,2010
2010-07-16,ok,525.0,540.0,1.0,359.0,10245.0,2010
2010-07-19,ok,0.0,0.0,0.0,0.0,10086.0,2010
2010-07-20,ok,0.0,0.0,0.0,0.0,9953.0,2010
2010-07-21,ok,75.0,90.0,1.0,89.0,10208.0,2010
2010-07-22,ok,155.0,170.0,1.0,359.0,10167.0,2010
2010-07-23,ok,40.0,55.0,1.0,120.0,10256.0,2010
2010-07-26,ok,-85.0,-55.0,2.0,60.0,10384.0,2010
2010-07-27,ok,0.0,0.0,0.0,0.0,10521.0,2010
2010-07-28,ok,0.0,0.0,0.0,0.0,10469.0,2010
2010-07-29,ok,-215.0,-200.0,1.0,90.0,10508.0,2010
2010-07-30,ok,0.0,0.0,0.0,0.0,10324.0,2010
2010-08-02,ok,0.0,0.0,0.0,0.0,10553.0,2010
2010-08-03,ok,0.0,0.0,0.0,0.0,10593.0,2010
2010-08-04,ok,0.0,0.0,0.0,0.0,10609.0,2010
2010-08-05,ok,0.0,0.0,0.0,0.0,10585.0,2010
2010-08-06,ok,-95.0,-65.0,2.0,60.0,10537.0,2010
2010-08-09,ok,0.0,0.0,0.0,0.0,10645.0,2010
2010-08-10,ok,-90.0,-75.0,1.0,30.0,10578.0,2010
2010-08-11,ok,310.0,325.0,1.0,359.0,10463.0,2010
2010-08-12,ok,0.0,0.0,0.0,0.0,10228.0,2010
2010-08-13,ok,0.0,0.0,0.0,0.0,10265.0,2010
2010-08-16,ok,0.0,0.0,0.0,0.0,10226.0,2010
2010-08-17,ok,-120.0,-105.0,1.0,269.0,10342.0,2010
2010-08-18,ok,-115.0,-85.0,2.0,150.0,10370.0,2010
2010-08-19,ok,35.0,50.0,1.0,329.0,10350.0,2010
2010-08-20,ok,-85.0,-70.0,1.0,300.0,10224.0,2010
2010-08-23,ok,-240.0,-225.0,1.0,30.0,10234.0,2010
2010-08-24,ok,0.0,0.0,0.0,0.0,10055.0,2010
2010-08-25,ok,0.0,0.0,0.0,0.0,9973.0,2010
2010-08-26,ok,25.0,40.0,1.0,89.0,10077.0,2010
2010-08-27,ok,-15.0,30.0,3.0,209.0,10035.0,2010
2010-08-30,ok,175.0,190.0,1.0,29.0,10105.0,2010
2010-08-31,ok,-45.0,-30.0,1.0,60.0,9968.0,2010
2010-09-01,ok,520.0,535.0,1.0,359.0,10116.0,2010
2010-09-02,ok,0.0,0.0,0.0,0.0,10272.0,2010
2010-09-03,ok,-370.0,-355.0,1.0,30.0,10402.0,2010
2010-09-07,ok,-130.0,-100.0,2.0,60.0,10394.0,2010
2010-09-08,ok,-20.0,10.0,2.0,180.0,10353.0,2010
2010-09-09,ok,-155.0,-140.0,1.0,90.0,10415.0,2010
2010-09-10,ok,0.0,0.0,0.0,0.0,10358.0,2010
2010-09-13,ok,0.0,0.0,0.0,0.0,10481.0,2010
2010-09-14,ok,0.0,0.0,0.0,0.0,10462.0,2010
2010-09-15,ok,-125.0,-95.0,2.0,59.0,10436.0,2010
2010-09-16,ok,0.0,0.0,0.0,0.0,10482.0,2010
2010-09-17,ok,0.0,0.0,0.0,0.0,10570.0,2010
2010-09-20,ok,240.0,255.0,1.0,329.0,10571.0,2010
2010-09-21,ok,-110.0,-95.0,1.0,30.0,10686.0,2010
2010-09-22,ok,0.0,0.0,0.0,0.0,10687.0,2010
2010-09-23,ok,0.0,0.0,0.0,0.0,10600.0,2010
2010-09-24,ok,160.0,175.0,1.0,359.0,10711.0,2010
2010-09-27,ok,0.0,0.0,0.0,0.0,10792.0,2010
2010-09-28,ok,-150.0,-135.0,1.0,30.0,10769.0,2010
2010-09-29,ok,0.0,0.0,0.0,0.0,10770.0,2010
2010-09-30,ok,-315.0,-285.0,2.0,120.0,10826.0,2010
2010-10-01,ok,0.0,0.0,0.0,0.0,10789.0,2010
2010-10-04,ok,-90.0,-75.0,1.0,239.0,10745.0,2010
2010-10-05,ok,345.0,360.0,1.0,359.0,10773.0,2010
2010-10-06,ok,-70.0,-55.0,1.0,30.0,10876.0,2010
2010-10-07,ok,-140.0,-125.0,1.0,60.0,10940.0,2010
2010-10-08,ok,-150.0,-120.0,2.0,89.0,10902.0,2010
2010-10-11,ok,0.0,0.0,0.0,0.0,10962.0,2010
2010-10-12,ok,-245.0,-230.0,1.0,60.0,10927.0,2010
2010-10-13,ok,30.0,45.0,1.0,300.0,11016.0,2010
2010-10-14,ok,-165.0,-135.0,2.0,90.0,11038.0,2010
2010-10-15,ok,-350.0,-320.0,2.0,299.0,11087.0,2010
2010-10-18,ok,5.0,35.0,2.0,179.0,11013.0,2010
2010-10-19,ok,-440.0,-410.0,2.0,119.0,10974.0,2010
2010-10-20,ok,310.0,325.0,1.0,359.0,10946.0,2010
2010-10-21,ok,-145.0,-130.0,1.0,60.0,11102.0,2010
2010-10-22,ok,0.0,0.0,0.0,0.0,11101.0,2010
2010-10-25,ok,-225.0,-210.0,1.0,60.0,11132.0,2010
2010-10-26,ok,0.0,0.0,0.0,0.0,11064.0,2010
2010-10-27,ok,15.0,30.0,1.0,240.0,11056.0,2010
2010-10-28,ok,-45.0,-30.0,1.0,90.0,11121.0,2010
2010-10-29,ok,0.0,0.0,0.0,0.0,11044.0,2010
2010-11-01,ok,-175.0,-160.0,1.0,90.0,11113.0,2010
2010-11-02,ok,0.0,0.0,0.0,0.0,11145.0,2010
2010-11-03,ok,-355.0,-340.0,1.0,30.0,11152.0,2010
2010-11-04,ok,345.0,360.0,1.0,359.0,11274.0,2010
2010-11-05,ok,0.0,0.0,0.0,0.0,11385.0,2010
2010-11-08,ok,-110.0,-95.0,1.0,30.0,11358.0,2010
2010-11-09,ok,-65.0,-35.0,2.0,59.0,11383.0,2010
2010-11-10,ok,-250.0,-235.0,1.0,120.0,11307.0,2010
2010-11-11,ok,0.0,0.0,0.0,0.0,11233.0,2010
2010-11-12,ok,-185.0,-170.0,1.0,209.0,11189.0,2010
2010-11-15,ok,-265.0,-235.0,2.0,180.0,11176.0,2010
2010-11-16,ok,410.0,425.0,1.0,359.0,11102.0,2010
2010-11-17,ok,0.0,0.0,0.0,0.0,11003.0,2010
2010-11-18,ok,240.0,255.0,1.0,359.0,11078.0,2010
2010-11-19,ok,-100.0,-85.0,1.0,60.0,11144.0,2010
2010-11-22,ok,-305.0,-275.0,2.0,150.0,11130.0,2010
2010-11-23,ok,-460.0,-415.0,3.0,269.0,11054.0,2010
2010-11-24,ok,215.0,230.0,1.0,359.0,11079.0,2010
2010-11-26,ok,0.0,0.0,0.0,0.0,11073.0,2010
2010-11-29,ok,-165.0,-135.0,2.0,180.0,11002.0,2010
2010-11-30,ok,0.0,0.0,0.0,0.0,10944.0,2010
2010-12-01,ok,130.0,160.0,2.0,329.0,11146.0,2010
2010-12-02,ok,195.0,210.0,1.0,359.0,11254.0,2010
2010-12-03,ok,0.0,0.0,0.0,0.0,11310.0,2010
2010-12-06,ok,0.0,0.0,0.0,0.0,11354.0,2010
2010-12-07,ok,0.0,0.0,0.0,0.0,11439.0,2010
2010-12-08,ok,0.0,0.0,0.0,0.0,11347.0,2010
2010-12-09,ok,0.0,15.0,1.0,329.0,11352.0,2010
2010-12-10,ok,0.0,0.0,0.0,0.0,11324.0,2010
2010-12-13,ok,0.0,0.0,0.0,0.0,11380.0,2010
2010-12-14,ok,-120.0,-105.0,1.0,300.0,11375.0,2010
2010-12-15,ok,0.0,0.0,0.0,0.0,11403.0,2010
2010-12-16,ok,-145.0,-130.0,1.0,30.0,11413.0,2010
2010-12-17,ok,0.0,0.0,0.0,0.0,11433.0,2010
2010-12-20,ok,-85.0,-70.0,1.0,60.0,11453.0,2010
2010-12-21,ok,0.0,0.0,0.0,0.0,11450.0,2010
2010-12-22,ok,0.0,0.0,0.0,0.0,11474.0,2010
2010-12-23,ok,0.0,0.0,0.0,0.0,11491.0,2010
2010-12-27,ok,0.0,0.0,0.0,0.0,11478.0,2010
2010-12-28,ok,0.0,0.0,0.0,0.0,11515.0,2010
2010-12-29,ok,0.0,0.0,0.0,0.0,11535.0,2010
2010-12-30,ok,0.0,0.0,0.0,0.0,11519.0,2010
2010-12-31,ok,-180.0,-150.0,2.0,60.0,11498.0,2010
2011-01-03,ok,-105.0,-90.0,1.0,330.0,11605.0,2011
2011-01-04,ok,0.0,0.0,0.0,0.0,11635.0,2011
2011-01-05,ok,45.0,60.0,1.0,269.0,11607.0,2011
2011-01-06,ok,-80.0,-50.0,2.0,239.0,11678.0,2011
2011-01-07,ok,-55.0,-40.0,1.0,269.0,11658.0,2011
2011-01-10,ok,-155.0,-140.0,1.0,90.0,11579.0,2011
2011-01-11,ok,0.0,0.0,0.0,0.0,11627.0,2011
2011-01-12,ok,-70.0,-55.0,1.0,300.0,11680.0,2011
2011-01-13,ok,-125.0,-95.0,2.0,179.0,11703.0,2011
2011-01-14,ok,85.0,100.0,1.0,149.0,11650.0,2011
2011-01-18,ok,110.0,125.0,1.0,359.0,11739.0,2011
2011-01-19,ok,0.0,0.0,0.0,0.0,11796.0,2011
2011-01-20,ok,-45.0,-30.0,1.0,90.0,11746.0,2011
2011-01-21,ok,0.0,0.0,0.0,0.0,11846.0,2011
2011-01-24,ok,400.0,415.0,1.0,359.0,11812.0,2011
2011-01-25,ok,-75.0,-45.0,2.0,60.0,11910.0,2011
2011-01-26,ok,-130.0,-115.0,1.0,30.0,11935.0,2011
2011-01-27,ok,0.0,0.0,0.0,0.0,11940.0,2011
2011-01-28,ok,580.0,595.0,1.0,329.0,11943.0,2011
2011-01-31,ok,0.0,0.0,0.0,0.0,11804.0,2011
2011-02-01,ok,310.0,325.0,1.0,359.0,11893.0,2011
2011-02-02,ok,0.0,0.0,0.0,0.0,11967.0,2011
2011-02-03,ok,0.0,0.0,0.0,0.0,11979.0,2011
2011-02-04,ok,0.0,0.0,0.0,0.0,12016.0,2011
2011-02-07,ok,80.0,95.0,1.0,359.0,12064.0,2011
2011-02-08,ok,30.0,60.0,2.0,119.0,12122.0,2011
2011-02-09,ok,0.0,0.0,0.0,0.0,12189.0,2011
2011-02-10,ok,-195.0,-180.0,1.0,30.0,12155.0,2011
2011-02-11,ok,-15.0,0.0,1.0,59.0,12160.0,2011
2011-02-14,ok,0.0,0.0,0.0,0.0,12227.0,2011
2011-02-15,ok,-180.0,-150.0,2.0,60.0,12210.0,2011
2011-02-16,ok,-205.0,-175.0,2.0,180.0,12226.0,2011
2011-02-17,ok,0.0,0.0,0.0,0.0,12244.0,2011
2011-02-18,ok,50.0,80.0,2.0,239.0,12305.0,2011
2011-02-22,ok,300.0,315.0,1.0,239.0,12293.0,2011
2011-02-23,ok,190.0,220.0,2.0,299.0,12176.0,2011
2011-02-24,ok,-100.0,-85.0,1.0,180.0,12084.0,2011
2011-02-25,ok,0.0,0.0,0.0,0.0,12098.0,2011
2011-02-28,ok,-15.0,15.0,2.0,209.0,12156.0,2011
2011-03-01,ok,445.0,475.0,2.0,299.0,12246.0,2011
2011-03-02,ok,-455.0,-425.0,2.0,90.0,12030.0,2011
2011-03-03,ok,170.0,185.0,1.0,359.0,12146.0,2011
2011-03-04,ok,125.0,140.0,1.0,329.0,12248.0,2011
2011-03-07,ok,-110.0,-80.0,2.0,270.0,12182.0,2011
2011-03-08,ok,240.0,255.0,1.0,329.0,12092.0,2011
2011-03-09,ok,0.0,0.0,0.0,0.0,12193.0,2011
2011-03-10,ok,-145.0,-115.0,2.0,239.0,12038.0,2011
2011-03-11,ok,-220.0,-205.0,1.0,29.0,11866.0,2011
2011-03-14,ok,-35.0,-20.0,1.0,30.0,11920.0,2011
2011-03-15,ok,0.0,0.0,0.0,0.0,11651.0,2011
2011-03-16,ok,630.0,645.0,1.0,269.0,11737.0,2011
2011-03-17,ok,0.0,0.0,0.0,0.0,11684.0,2011
2011-03-18,ok,0.0,0.0,0.0,0.0,11845.0,2011
2011-03-21,ok,-75.0,-60.0,1.0,120.0,11915.0,2011
2011-03-22,ok,0.0,0.0,0.0,0.0,11976.0,2011
2011-03-23,ok,-130.0,-115.0,1.0,29.0,11931.0,2011
2011-03-24,ok,0.0,0.0,0.0,0.0,12086.0,2011
2011-03-25,ok,-15.0,0.0,1.0,30.0,12133.0,2011
2011-03-28,ok,-30.0,-15.0,1.0,30.0,12174.0,2011
2011-03-29,ok,175.0,190.0,1.0,299.0,12138.0,2011
2011-03-30,ok,0.0,0.0,0.0,0.0,12262.0,2011
2011-03-31,ok,0.0,0.0,0.0,0.0,12279.0,2011
2011-04-01,ok,0.0,0.0,0.0,0.0,12323.0,2011
2011-04-04,ok,0.0,0.0,0.0,0.0,12328.0,2011
2011-04-05,ok,-50.0,-35.0,1.0,30.0,12315.0,2011
2011-04-06,ok,0.0,0.0,0.0,0.0,12384.0,2011
2011-04-07,ok,-200.0,-170.0,2.0,210.0,12366.0,2011
2011-04-08,ok,-290.0,-275.0,1.0,59.0,12392.0,2011
2011-04-11,ok,-75.0,-60.0,1.0,120.0,12338.0,2011
2011-04-12,ok,-100.0,-70.0,2.0,299.0,12256.0,2011
2011-04-13,ok,0.0,0.0,0.0,0.0,12278.0,2011
2011-04-14,ok,-190.0,-175.0,1.0,30.0,12159.0,2011
2011-04-15,ok,-120.0,-90.0,2.0,150.0,12259.0,2011
2011-04-18,ok,-315.0,-300.0,1.0,300.0,12157.0,2011
2011-04-19,ok,0.0,0.0,0.0,0.0,12168.0,2011
2011-04-20,ok,-50.0,-20.0,2.0,179.0,12359.0,2011
2011-04-21,ok,0.0,0.0,0.0,0.0,12434.0,2011
2011-04-25,ok,-25.0,-10.0,1.0,90.0,12436.0,2011
2011-04-26,ok,225.0,240.0,1.0,329.0,12449.0,2011
2011-04-27,ok,35.0,65.0,2.0,89.0,12557.0,2011
2011-04-28,ok,-5.0,25.0,2.0,89.0,12625.0,2011
2011-04-29,ok,-85.0,-55.0,2.0,90.0,12728.0,2011
2011-05-02,ok,0.0,0.0,0.0,0.0,12828.0,2011
2011-05-03,ok,0.0,0.0,0.0,0.0,12747.0,2011
2011-05-04,ok,160.0,175.0,1.0,359.0,12740.0,2011
2011-05-05,ok,-475.0,-445.0,2.0,119.0,12628.0,2011
2011-05-06,ok,-255.0,-225.0,2.0,120.0,12641.0,2011
2011-05-09,ok,-130.0,-115.0,1.0,209.0,12592.0,2011
2011-05-10,ok,-80.0,-50.0,2.0,149.0,12665.0,2011
2011-05-11,ok,70.0,115.0,3.0,299.0,12689.0,2011
2011-05-12,ok,-170.0,-140.0,2.0,120.0,12564.0,2011
2011-05-13,ok,80.0,110.0,2.0,299.0,12666.0,2011
2011-05-16,ok,0.0,0.0,0.0,0.0,12525.0,2011
2011-05-17,ok,-175.0,-160.0,1.0,120.0,12463.0,2011
2011-05-18,ok,-45.0,-15.0,2.0,119.0,12457.0,2011
2011-05-19,ok,-180.0,-165.0,1.0,30.0,12578.0,2011
2011-05-20,ok,-175.0,-160.0,1.0,150.0,12560.0,2011
2011-05-23,ok,0.0,0.0,0.0,0.0,12331.0,2011
2011-05-24,ok,0.0,0.0,0.0,0.0,12390.0,2011
2011-05-25,ok,-215.0,-200.0,1.0,29.0,12291.0,2011
2011-05-26,ok,-170.0,-155.0,1.0,90.0,12350.0,2011
2011-05-27,ok,-15.0,0.0,1.0,30.0,12424.0,2011
2011-05-31,ok,0.0,0.0,0.0,0.0,12539.0,2011
2011-06-01,ok,755.0,770.0,1.0,329.0,12521.0,2011
2011-06-02,ok,-130.0,-115.0,1.0,90.0,12285.0,2011
2011-06-03,ok,0.0,0.0,0.0,0.0,12095.0,2011
2011-06-06,ok,0.0,0.0,0.0,0.0,12114.0,2011
2011-06-07,ok,0.0,0.0,0.0,0.0,12134.0,2011
2011-06-08,ok,0.0,0.0,0.0,0.0,12046.0,2011
2011-06-09,ok,-20.0,-5.0,1.0,210.0,11997.0,2011
2011-06-10,ok,340.0,355.0,1.0,359.0,12003.0,2011
2011-06-13,ok,-135.0,-120.0,1.0,60.0,11909.0,2011
2011-06-14,ok,-25.0,-10.0,1.0,359.0,11962.0,2011
2011-06-15,ok,75.0,90.0,1.0,209.0,11902.0,2011
2011-06-16,ok,-90.0,-75.0,1.0,240.0,11821.0,2011
2011-06-17,ok,0.0,0.0,0.0,0.0,11983.0,2011
2011-06-20,ok,-30.0,0.0,2.0,240.0,11892.0,2011
2011-06-21,ok,-40.0,-10.0,2.0,149.0,12054.0,2011
2011-06-22,ok,0.0,0.0,0.0,0.0,12069.0,2011
2011-06-23,ok,-540.0,-510.0,2.0,210.0,11924.0,2011
2011-06-24,ok,280.0,295.0,1.0,359.0,11981.0,2011
2011-06-27,ok,280.0,295.0,1.0,359.0,11882.0,2011
2011-06-28,ok,165.0,180.0,1.0,329.0,12018.0,2011
2011-06-29,ok,0.0,0.0,0.0,0.0,12160.0,2011
2011-06-30,ok,235.0,250.0,1.0,359.0,12248.0,2011
2011-07-01,ok,240.0,255.0,1.0,329.0,12364.0,2011
2011-07-05,ok,0.0,0.0,0.0,0.0,12517.0,2011
2011-07-06,ok,-140.0,-125.0,1.0,30.0,12501.0,2011
2011-07-07,ok,0.0,0.0,0.0,0.0,12640.0,2011
2011-07-08,ok,0.0,0.0,0.0,0.0,12559.0,2011
2011-07-11,ok,0.0,0.0,0.0,0.0,12478.0,2011
2011-07-12,ok,0.0,0.0,0.0,0.0,12447.0,2011
2011-07-13,ok,-130.0,-115.0,1.0,210.0,12454.0,2011
2011-07-14,ok,-350.0,-335.0,1.0,60.0,12450.0,2011
2011-07-15,ok,0.0,0.0,0.0,0.0,12444.0,2011
2011-07-18,ok,-110.0,-80.0,2.0,329.0,12361.0,2011
2011-07-19,ok,205.0,235.0,2.0,239.0,12409.0,2011
2011-07-20,ok,0.0,0.0,0.0,0.0,12547.0,2011
2011-07-21,ok,295.0,310.0,1.0,359.0,12572.0,2011
2011-07-22,ok,-10.0,5.0,1.0,60.0,12659.0,2011
2011-07-25,ok,0.0,0.0,0.0,0.0,12504.0,2011
2011-07-26,ok,-70.0,-55.0,1.0,60.0,12505.0,2011
2011-07-27,ok,560.0,575.0,1.0,359.0,12407.0,2011
2011-07-28,ok,-140.0,-125.0,1.0,90.0,12249.0,2011
2011-07-29,ok,0.0,0.0,0.0,0.0,12074.0,2011
2011-08-01,ok,-75.0,-60.0,1.0,270.0,12240.0,2011
2011-08-02,ok,280.0,310.0,2.0,149.0,11995.0,2011
2011-08-03,ok,-95.0,-80.0,1.0,150.0,11825.0,2011
2011-08-04,ok,1310.0,1325.0,1.0,299.0,11696.0,2011
2011-08-05,ok,-1425.0,-1395.0,2.0,120.0,11478.0,2011
2011-08-08,ok,890.0,905.0,1.0,119.0,11089.0,2011
2011-08-09,ok,-1285.0,-1270.0,1.0,30.0,10927.0,2011
2011-08-10,ok,625.0,655.0,2.0,299.0,10981.0,2011
2011-08-11,ok,1030.0,1045.0,1.0,329.0,10779.0,2011
2011-08-12,ok,0.0,0.0,0.0,0.0,11209.0,2011
2011-08-15,ok,0.0,0.0,0.0,0.0,11335.0,2011
2011-08-16,ok,0.0,0.0,0.0,0.0,11355.0,2011
2011-08-17,ok,-350.0,-335.0,1.0,30.0,11431.0,2011
2011-08-18,ok,265.0,280.0,1.0,359.0,11121.0,2011
2011-08-19,ok,0.0,0.0,0.0,0.0,10832.0,2011
2011-08-22,ok,0.0,0.0,0.0,0.0,11018.0,2011
2011-08-23,ok,460.0,475.0,1.0,239.0,10886.0,2011
2011-08-24,ok,-60.0,-45.0,1.0,30.0,11127.0,2011
2011-08-25,ok,55.0,85.0,2.0,269.0,11339.0,2011
2011-08-26,ok,-200.0,-185.0,1.0,150.0,11075.0,2011
2011-08-29,ok,0.0,0.0,0.0,0.0,11401.0,2011
2011-08-30,ok,0.0,0.0,0.0,0.0,11487.0,2011
2011-08-31,ok,0.0,0.0,0.0,0.0,11617.0,2011
2011-09-01,ok,0.0,0.0,0.0,0.0,11613.0,2011
2011-09-02,ok,0.0,0.0,0.0,0.0,11276.0,2011
2011-09-06,ok,0.0,0.0,0.0,0.0,10940.0,2011
2011-09-07,ok,25.0,40.0,1.0,60.0,11275.0,2011
2011-09-08,ok,0.0,0.0,0.0,0.0,11272.0,2011
2011-09-09,ok,75.0,105.0,2.0,299.0,11097.0,2011
2011-09-12,ok,0.0,0.0,0.0,0.0,10767.0,2011
2011-09-13,ok,0.0,0.0,0.0,0.0,10998.0,2011
2011-09-14,ok,-600.0,-570.0,2.0,149.0,11078.0,2011
2011-09-15,ok,0.0,0.0,0.0,0.0,11273.0,2011
2011-09-16,ok,0.0,0.0,0.0,0.0,11411.0,2011
2011-09-19,ok,-165.0,-150.0,1.0,90.0,11261.0,2011
2011-09-20,ok,0.0,15.0,1.0,240.0,11373.0,2011
2011-09-21,ok,840.0,870.0,2.0,179.0,11341.0,2011
2011-09-22,ok,-540.0,-495.0,3.0,269.0,10735.0,2011
2011-09-23,ok,-365.0,-350.0,1.0,30.0,10584.0,2011
2011-09-26,ok,255.0,285.0,2.0,89.0,10780.0,2011
2011-09-27,ok,-215.0,-170.0,3.0,150.0,11181.0,2011
2011-09-28,ok,-565.0,-535.0,2.0,90.0,11154.0,2011
2011-09-29,ok,-315.0,-300.0,1.0,30.0,11131.0,2011
2011-09-30,ok,0.0,0.0,0.0,0.0,10935.0,2011
2011-10-03,ok,760.0,775.0,1.0,179.0,10769.0,2011
2011-10-04,ok,-460.0,-445.0,1.0,60.0,10452.0,2011
2011-10-05,ok,-350.0,-320.0,2.0,210.0,10727.0,2011
2011-10-06,ok,220.0,250.0,2.0,299.0,10873.0,2011
2011-10-07,ok,0.0,0.0,0.0,0.0,11133.0,2011
2011-10-10,ok,145.0,160.0,1.0,300.0,11209.0,2011
2011-10-11,ok,0.0,0.0,0.0,0.0,11308.0,2011
2011-10-12,ok,-155.0,-125.0,2.0,90.0,11424.0,2011
2011-10-13,ok,-445.0,-400.0,3.0,120.0,11398.0,2011
2011-10-14,ok,0.0,0.0,0.0,0.0,11527.0,2011
2011-10-17,ok,755.0,770.0,1.0,359.0,11532.0,2011
2011-10-18,ok,400.0,415.0,1.0,179.0,11298.0,2011
2011-10-19,ok,-30.0,-15.0,1.0,60.0,11495.0,2011
2011-10-20,ok,-160.0,-145.0,1.0,60.0,11455.0,2011
2011-10-21,ok,310.0,340.0,2.0,239.0,11609.0,2011
2011-10-24,ok,-410.0,-350.0,4.0,150.0,11782.0,2011
2011-10-25,ok,-35.0,-5.0,2.0,59.0,11788.0,2011
2011-10-26,ok,0.0,0.0,0.0,0.0,11804.0,2011
2011-10-27,ok,20.0,35.0,1.0,119.0,12068.0,2011
2011-10-28,ok,0.0,0.0,0.0,0.0,12116.0,2011
2011-10-31,ok,260.0,275.0,1.0,29.0,12044.0,2011
2011-11-01,ok,-85.0,-70.0,1.0,30.0,11661.0,2011
2011-11-02,ok,-75.0,-60.0,1.0,30.0,11745.0,2011
2011-11-03,ok,130.0,145.0,1.0,119.0,11887.0,2011
2011-11-04,ok,-145.0,-115.0,2.0,180.0,11909.0,2011
2011-11-07,ok,-685.0,-655.0,2.0,120.0,11921.0,2011
2011-11-08,ok,0.0,0.0,0.0,0.0,12070.0,2011
2011-11-09,ok,305.0,335.0,2.0,209.0,11899.0,2011
2011-11-10,ok,0.0,0.0,0.0,0.0,11865.0,2011
2011-11-11,ok,285.0,300.0,1.0,359.0,11986.0,2011
2011-11-14,ok,25.0,40.0,1.0,239.0,12099.0,2011
2011-11-15,ok,-535.0,-505.0,2.0,59.0,12008.0,2011
2011-11-16,ok,0.0,0.0,0.0,0.0,11956.0,2011
2011-11-17,ok,330.0,345.0,1.0,209.0,11874.0,2011
2011-11-18,ok,0.0,0.0,0.0,0.0,11789.0,2011
2011-11-21,ok,5.0,20.0,1.0,330.0,11607.0,2011
2011-11-22,ok,-220.0,-205.0,1.0,60.0,11491.0,2011
2011-11-23,ok,225.0,255.0,2.0,299.0,11369.0,2011
2011-11-25,ok,-180.0,-165.0,1.0,120.0,11217.0,2011
2011-11-28,ok,-60.0,-45.0,1.0,60.0,11468.0,2011
2011-11-29,ok,15.0,45.0,2.0,120.0,11525.0,2011
2011-11-30,ok,390.0,405.0,1.0,359.0,11836.0,2011
2011-12-01,ok,0.0,0.0,0.0,0.0,11997.0,2011
2011-12-02,ok,0.0,0.0,0.0,0.0,12116.0,2011
2011-12-05,ok,0.0,0.0,0.0,0.0,12175.0,2011
2011-12-06,ok,-135.0,-120.0,1.0,30.0,12095.0,2011
2011-12-07,ok,0.0,0.0,0.0,0.0,12101.0,2011
2011-12-08,ok,395.0,410.0,1.0,269.0,12081.0,2011
2011-12-09,ok,350.0,365.0,1.0,359.0,11972.0,2011
2011-12-12,ok,40.0,55.0,1.0,359.0,12020.0,2011
2011-12-13,ok,-115.0,-100.0,1.0,30.0,12016.0,2011
2011-12-14,ok,-210.0,-180.0,2.0,120.0,11831.0,2011
2011-12-15,ok,0.0,0.0,0.0,0.0,11880.0,2011
2011-12-16,ok,0.0,0.0,0.0,0.0,11868.0,2011
2011-12-19,ok,-85.0,-70.0,1.0,29.0,11821.0,2011
2011-12-20,ok,450.0,465.0,1.0,359.0,11861.0,2011
2011-12-21,ok,-250.0,-205.0,3.0,120.0,12040.0,2011
2011-12-22,ok,0.0,0.0,0.0,0.0,12071.0,2011
2011-12-23,ok,0.0,0.0,0.0,0.0,12129.0,2011
2011-12-27,ok,-45.0,-30.0,1.0,30.0,12207.0,2011
2011-12-28,ok,360.0,375.0,1.0,359.0,12225.0,2011
2011-12-29,ok,-110.0,-50.0,4.0,210.0,12111.0,2011
2011-12-30,ok,0.0,0.0,0.0,0.0,12195.0,2011
2012-01-03,ok,0.0,15.0,1.0,30.0,12355.0,2012
2012-01-04,ok,0.0,0.0,0.0,0.0,12302.0,2012
2012-01-05,ok,-355.0,-325.0,2.0,60.0,12304.0,2012
2012-01-06,ok,-215.0,-200.0,1.0,90.0,12370.0,2012
2012-01-09,ok,0.0,0.0,0.0,0.0,12330.0,2012
2012-01-10,ok,0.0,0.0,0.0,0.0,12450.0,2012
2012-01-11,ok,0.0,0.0,0.0,0.0,12364.0,2012
2012-01-12,ok,-50.0,-35.0,1.0,90.0,12409.0,2012
2012-01-13,ok,-355.0,-325.0,2.0,90.0,12331.0,2012
2012-01-17,ok,0.0,0.0,0.0,0.0,12461.0,2012
2012-01-18,ok,260.0,275.0,1.0,359.0,12412.0,2012
2012-01-19,ok,0.0,0.0,0.0,0.0,12547.0,2012
2012-01-20,ok,160.0,175.0,1.0,329.0,12578.0,2012
2012-01-23,ok,-110.0,-80.0,2.0,90.0,12659.0,2012
2012-01-24,ok,0.0,0.0,0.0,0.0,12586.0,2012
2012-01-25,ok,45.0,75.0,2.0,179.0,12579.0,2012
2012-01-26,ok,-200.0,-185.0,1.0,29.0,12759.0,2012
2012-01-27,ok,-100.0,-85.0,1.0,30.0,12621.0,2012
2012-01-30,ok,0.0,0.0,0.0,0.0,12515.0,2012
2012-01-31,ok,-230.0,-200.0,2.0,180.0,12660.0,2012
2012-02-01,ok,-145.0,-115.0,2.0,180.0,12680.0,2012
2012-02-02,ok,0.0,0.0,0.0,0.0,12675.0,2012
2012-02-03,ok,0.0,0.0,0.0,0.0,12779.0,2012
2012-02-06,ok,0.0,0.0,0.0,0.0,12760.0,2012
2012-02-07,ok,-405.0,-330.0,5.0,179.0,12772.0,2012
2012-02-08,ok,-110.0,-95.0,1.0,60.0,12835.0,2012
2012-02-09,ok,0.0,0.0,0.0,0.0,12873.0,2012
2012-02-10,ok,-155.0,-125.0,2.0,90.0,12753.0,2012
2012-02-13,ok,0.0,0.0,0.0,0.0,12842.0,2012
2012-02-14,ok,-400.0,-385.0,1.0,89.0,12811.0,2012
2012-02-15,ok,80.0,95.0,1.0,179.0,12873.0,2012
2012-02-16,ok,360.0,375.0,1.0,359.0,12774.0,2012
2012-02-17,ok,0.0,0.0,0.0,0.0,12937.0,2012
2012-02-21,ok,0.0,0.0,0.0,0.0,12966.0,2012
2012-02-22,ok,0.0,0.0,0.0,0.0,12930.0,2012
2012-02-23,ok,-470.0,-410.0,4.0,269.0,12903.0,2012
2012-02-24,ok,0.0,0.0,0.0,0.0,12983.0,2012
2012-02-27,ok,0.0,0.0,0.0,0.0,12899.0,2012
2012-02-28,ok,-140.0,-110.0,2.0,60.0,12966.0,2012
2012-02-29,ok,-345.0,-315.0,2.0,120.0,13007.0,2012
2012-03-01,ok,-245.0,-215.0,2.0,90.0,12965.0,2012
2012-03-02,ok,0.0,0.0,0.0,0.0,12960.0,2012
2012-03-05,ok,-240.0,-225.0,1.0,180.0,12945.0,2012
2012-03-06,ok,-15.0,0.0,1.0,209.0,12800.0,2012
2012-03-07,ok,15.0,30.0,1.0,269.0,12763.0,2012
2012-03-08,ok,0.0,0.0,0.0,0.0,12819.0,2012
2012-03-09,ok,-90.0,-75.0,1.0,30.0,12859.0,2012
2012-03-12,ok,-90.0,-60.0,2.0,149.0,12852.0,2012
2012-03-13,ok,625.0,640.0,1.0,269.0,12945.0,2012
2012-03-14,ok,-40.0,-25.0,1.0,60.0,13116.0,2012
2012-03-15,ok,0.0,0.0,0.0,0.0,13140.0,2012
2012-03-16,ok,0.0,0.0,0.0,0.0,13214.0,2012
2012-03-19,ok,0.0,0.0,0.0,0.0,13152.0,2012
2012-03-20,ok,-125.0,-110.0,1.0,30.0,13097.0,2012
2012-03-21,"unknown:нет open, вчерашнего close или close сессии",,,,,,2012
2012-03-22,ok,-40.0,-25.0,1.0,30.0,12985.0,2012
2012-03-23,ok,-175.0,-130.0,3.0,240.0,12983.0,2012
2012-03-26,ok,5.0,35.0,2.0,239.0,13101.0,2012
2012-03-27,ok,0.0,0.0,0.0,0.0,13182.0,2012
2012-03-28,ok,165.0,180.0,1.0,299.0,13136.0,2012
2012-03-29,ok,0.0,0.0,0.0,0.0,12988.0,2012
2012-03-30,ok,0.0,0.0,0.0,0.0,13132.0,2012
2012-04-02,ok,70.0,85.0,1.0,269.0,13115.0,2012
2012-04-03,ok,-225.0,-180.0,3.0,149.0,13172.0,2012
2012-04-04,ok,-90.0,-75.0,1.0,210.0,13022.0,2012
2012-04-05,ok,0.0,0.0,0.0,0.0,12965.0,2012
2012-04-09,ok,0.0,0.0,0.0,0.0,12853.0,2012
2012-04-10,ok,805.0,820.0,1.0,329.0,12846.0,2012
2012-04-11,ok,0.0,0.0,0.0,0.0,12772.0,2012
2012-04-12,ok,485.0,500.0,1.0,359.0,12765.0,2012
2012-04-13,ok,-160.0,-130.0,2.0,150.0,12887.0,2012
2012-04-16,ok,0.0,0.0,0.0,0.0,12878.0,2012
2012-04-17,ok,450.0,465.0,1.0,359.0,12936.0,2012
2012-04-18,ok,0.0,0.0,0.0,0.0,12984.0,2012
2012-04-19,ok,30.0,45.0,1.0,149.0,12982.0,2012
2012-04-20,ok,-50.0,-20.0,2.0,60.0,12969.0,2012
2012-04-23,ok,-55.0,-40.0,1.0,60.0,12849.0,2012
2012-04-24,ok,15.0,45.0,2.0,210.0,12899.0,2012
2012-04-25,ok,-75.0,-60.0,1.0,30.0,13020.0,2012
2012-04-26,ok,220.0,250.0,2.0,299.0,13022.0,2012
2012-04-27,ok,0.0,0.0,0.0,0.0,13181.0,2012
2012-04-30,ok,0.0,0.0,0.0,0.0,13154.0,2012
2012-05-01,ok,-625.0,-595.0,2.0,359.0,13156.0,2012
2012-05-02,ok,0.0,0.0,0.0,0.0,13175.0,2012
2012-05-03,ok,-120.0,-105.0,1.0,119.0,13209.0,2012
2012-05-04,ok,375.0,390.0,1.0,359.0,13084.0,2012
2012-05-07,ok,0.0,0.0,0.0,0.0,12924.0,2012
2012-05-08,ok,-245.0,-230.0,1.0,300.0,12882.0,2012
2012-05-09,ok,-280.0,-265.0,1.0,30.0,12764.0,2012
2012-05-10,ok,-165.0,-150.0,1.0,30.0,12845.0,2012
2012-05-11,ok,-10.0,5.0,1.0,90.0,12744.0,2012
2012-05-14,ok,-70.0,-55.0,1.0,60.0,12688.0,2012
2012-05-15,ok,-320.0,-275.0,3.0,119.0,12652.0,2012
2012-05-16,ok,-155.0,-140.0,1.0,60.0,12643.0,2012
2012-05-17,ok,630.0,660.0,2.0,329.0,12585.0,2012
2012-05-18,ok,55.0,70.0,1.0,59.0,12463.0,2012
2012-05-21,ok,15.0,60.0,3.0,269.0,12379.0,2012
2012-05-22,ok,-100.0,-85.0,1.0,60.0,12494.0,2012
2012-05-23,ok,-460.0,-430.0,2.0,240.0,12400.0,2012
2012-05-24,ok,-165.0,-150.0,1.0,30.0,12496.0,2012
2012-05-25,ok,0.0,15.0,1.0,59.0,12494.0,2012
2012-05-29,ok,-260.0,-245.0,1.0,90.0,12527.0,2012
2012-05-30,ok,-325.0,-265.0,4.0,210.0,12458.0,2012
2012-05-31,ok,-285.0,-270.0,1.0,150.0,12408.0,2012
2012-06-01,ok,190.0,220.0,2.0,269.0,12220.0,2012
2012-06-04,ok,-275.0,-260.0,1.0,120.0,12113.0,2012
2012-06-05,ok,0.0,0.0,0.0,0.0,12068.0,2012
2012-06-06,ok,690.0,705.0,1.0,359.0,12202.0,2012
2012-06-07,"unknown:нет цены на отметке, нормы или цены исполнения",,,,,,2012
2012-06-08,ok,175.0,190.0,1.0,179.0,12342.0,2012
2012-06-11,ok,375.0,390.0,1.0,89.0,12566.0,2012
2012-06-12,ok,60.0,105.0,3.0,179.0,12372.0,2012
2012-06-13,ok,-405.0,-375.0,2.0,59.0,12469.0,2012
2012-06-14,ok,290.0,320.0,2.0,329.0,12448.0,2012
2012-06-15,ok,0.0,0.0,0.0,0.0,12636.0,2012
2012-06-18,ok,0.0,0.0,0.0,0.0,12637.0,2012
2012-06-19,ok,0.0,30.0,2.0,240.0,12727.0,2012
2012-06-20,ok,0.0,0.0,0.0,0.0,12770.0,2012
2012-06-21,ok,815.0,830.0,1.0,269.0,12772.0,2012
2012-06-22,ok,0.0,0.0,0.0,0.0,12570.0,2012
2012-06-25,ok,-55.0,-25.0,2.0,90.0,12465.0,2012
2012-06-26,ok,0.0,0.0,0.0,0.0,12459.0,2012
2012-06-27,ok,-155.0,-125.0,2.0,150.0,12496.0,2012
2012-06-28,ok,-245.0,-215.0,2.0,60.0,12458.0,2012
2012-06-29,ok,0.0,0.0,0.0,0.0,12728.0,2012
2012-07-02,ok,-95.0,-80.0,1.0,150.0,12813.0,2012
2012-07-03,ok,265.0,280.0,1.0,179.0,12789.0,2012
2012-07-05,ok,0.0,0.0,0.0,0.0,12816.0,2012
2012-07-06,ok,45.0,60.0,1.0,330.0,12732.0,2012
2012-07-09,ok,-315.0,-270.0,3.0,120.0,12689.0,2012
2012-07-10,ok,-45.0,-30.0,1.0,89.0,12744.0,2012
2012-07-11,ok,-195.0,-165.0,2.0,179.0,12595.0,2012
2012-07-12,ok,0.0,0.0,0.0,0.0,12469.0,2012
2012-07-13,ok,380.0,395.0,1.0,359.0,12539.0,2012
2012-07-16,ok,-80.0,-65.0,1.0,30.0,12676.0,2012
2012-07-17,ok,-130.0,-115.0,1.0,30.0,12703.0,2012
2012-07-18,ok,150.0,180.0,2.0,329.0,12699.0,2012
2012-07-19,ok,0.0,0.0,0.0,0.0,12882.0,2012
2012-07-20,ok,0.0,0.0,0.0,0.0,12806.0,2012
2012-07-23,ok,-75.0,-60.0,1.0,30.0,12571.0,2012
2012-07-24,ok,190.0,205.0,1.0,359.0,12661.0,2012
2012-07-25,ok,0.0,0.0,0.0,0.0,12627.0,2012
2012-07-26,ok,-195.0,-180.0,1.0,60.0,12784.0,2012
2012-07-27,ok,460.0,475.0,1.0,269.0,12874.0,2012
2012-07-30,ok,0.0,0.0,0.0,0.0,13005.0,2012
2012-07-31,ok,0.0,0.0,0.0,0.0,12998.0,2012
2012-08-01,ok,0.0,0.0,0.0,0.0,13019.0,2012
2012-08-02,ok,-5.0,10.0,1.0,180.0,12835.0,2012
2012-08-03,ok,125.0,140.0,1.0,359.0,12977.0,2012
2012-08-06,ok,-35.0,-5.0,2.0,180.0,13064.0,2012
2012-08-07,ok,0.0,0.0,0.0,0.0,13104.0,2012
2012-08-08,ok,-75.0,-60.0,1.0,30.0,13065.0,2012
2012-08-09,ok,0.0,0.0,0.0,0.0,13119.0,2012
2012-08-10,ok,0.0,0.0,0.0,0.0,13085.0,2012
2012-08-13,ok,-55.0,-40.0,1.0,120.0,13145.0,2012
2012-08-14,ok,0.0,0.0,0.0,0.0,13177.0,2012
2012-08-15,ok,0.0,0.0,0.0,0.0,13123.0,2012
2012-08-16,ok,140.0,155.0,1.0,239.0,13152.0,2012
2012-08-17,ok,0.0,0.0,0.0,0.0,13250.0,2012
2012-08-20,ok,0.0,0.0,0.0,0.0,13225.0,2012
2012-08-21,ok,-85.0,-55.0,2.0,89.0,13263.0,2012
2012-08-22,ok,-185.0,-155.0,2.0,120.0,13163.0,2012
2012-08-23,ok,120.0,135.0,1.0,359.0,13132.0,2012
2012-08-24,ok,100.0,115.0,1.0,269.0,13027.0,2012
2012-08-27,ok,-50.0,-35.0,1.0,60.0,13146.0,2012
2012-08-28,ok,0.0,0.0,0.0,0.0,13078.0,2012
2012-08-29,ok,0.0,0.0,0.0,0.0,13091.0,2012
2012-08-30,ok,75.0,90.0,1.0,270.0,13044.0,2012
2012-08-31,ok,-350.0,-320.0,2.0,120.0,13066.0,2012
2012-09-04,ok,80.0,95.0,1.0,270.0,13076.0,2012
2012-09-05,ok,-220.0,-205.0,1.0,30.0,13040.0,2012
2012-09-06,ok,405.0,420.0,1.0,359.0,13117.0,2012
2012-09-07,ok,0.0,0.0,0.0,0.0,13291.0,2012
2012-09-10,ok,0.0,0.0,0.0,0.0,13283.0,2012
2012-09-11,ok,-30.0,-15.0,1.0,359.0,13264.0,2012
2012-09-12,ok,0.0,0.0,0.0,0.0,13350.0,2012
2012-09-13,ok,345.0,360.0,1.0,149.0,13251.0,2012
2012-09-14,ok,15.0,30.0,1.0,60.0,13489.0,2012
2012-09-17,ok,0.0,0.0,0.0,0.0,13488.0,2012
2012-09-18,ok,0.0,0.0,0.0,0.0,13445.0,2012
2012-09-19,ok,0.0,0.0,0.0,0.0,13518.0,2012
2012-09-20,ok,0.0,0.0,0.0,0.0,13450.0,2012
2012-09-21,ok,0.0,0.0,0.0,0.0,13581.0,2012
2012-09-24,ok,0.0,0.0,0.0,0.0,13449.0,2012
2012-09-25,ok,120.0,135.0,1.0,29.0,13509.0,2012
2012-09-26,ok,-85.0,-70.0,1.0,60.0,13393.0,2012
2012-09-27,ok,30.0,45.0,1.0,30.0,13401.0,2012
2012-09-28,ok,-290.0,-260.0,2.0,90.0,13352.0,2012
2012-10-01,ok,-415.0,-400.0,1.0,300.0,13414.0,2012
2012-10-02,ok,-50.0,-35.0,1.0,299.0,13469.0,2012
2012-10-03,ok,0.0,0.0,0.0,0.0,13427.0,2012
2012-10-04,ok,-255.0,-210.0,3.0,150.0,13468.0,2012
2012-10-05,ok,0.0,0.0,0.0,0.0,13562.0,2012
2012-10-08,ok,0.0,0.0,0.0,0.0,13493.0,2012
2012-10-09,ok,185.0,200.0,1.0,299.0,13493.0,2012
2012-10-10,ok,185.0,215.0,2.0,299.0,13393.0,2012
2012-10-11,ok,0.0,0.0,0.0,0.0,13342.0,2012
2012-10-12,ok,-95.0,-80.0,1.0,30.0,13277.0,2012
2012-10-15,ok,150.0,165.0,1.0,239.0,13282.0,2012
2012-10-16,ok,105.0,120.0,1.0,359.0,13416.0,2012
2012-10-17,ok,0.0,0.0,0.0,0.0,13446.0,2012
2012-10-18,ok,0.0,0.0,0.0,0.0,13480.0,2012
2012-10-19,ok,570.0,585.0,1.0,359.0,13453.0,2012
2012-10-22,ok,-185.0,-170.0,1.0,120.0,13260.0,2012
2012-10-23,ok,150.0,180.0,2.0,329.0,13131.0,2012
2012-10-24,ok,0.0,0.0,0.0,0.0,13067.0,2012
2012-10-25,ok,0.0,0.0,0.0,0.0,13084.0,2012
2012-10-26,ok,0.0,0.0,0.0,0.0,13033.0,2012
2012-10-31,ok,0.0,0.0,0.0,0.0,13104.0,2012
2012-11-01,ok,40.0,55.0,1.0,359.0,13065.0,2012
2012-11-02,ok,290.0,320.0,2.0,179.0,13223.0,2012
2012-11-05,ok,0.0,0.0,0.0,0.0,13006.0,2012
2012-11-06,ok,-215.0,-185.0,2.0,269.0,13092.0,2012
2012-11-07,ok,560.0,575.0,1.0,359.0,13068.0,2012
2012-11-08,ok,-230.0,-215.0,1.0,30.0,12877.0,2012
2012-11-09,ok,0.0,0.0,0.0,0.0,12701.0,2012
2012-11-12,ok,0.0,0.0,0.0,0.0,12782.0,2012
2012-11-13,ok,-70.0,-55.0,1.0,60.0,12705.0,2012
2012-11-14,ok,285.0,330.0,3.0,209.0,12746.0,2012
2012-11-15,ok,0.0,0.0,0.0,0.0,12518.0,2012
2012-11-16,ok,-605.0,-575.0,2.0,60.0,12518.0,2012
2012-11-19,ok,95.0,125.0,2.0,89.0,12655.0,2012
2012-11-20,ok,0.0,0.0,0.0,0.0,12724.0,2012
2012-11-21,ok,-90.0,-75.0,1.0,30.0,12754.0,2012
2012-11-23,ok,-75.0,-60.0,1.0,90.0,12858.0,2012
2012-11-26,ok,0.0,0.0,0.0,0.0,12904.0,2012
2012-11-27,ok,0.0,0.0,0.0,0.0,12909.0,2012
2012-11-28,ok,130.0,145.0,1.0,179.0,12811.0,2012
2012-11-29,ok,0.0,0.0,0.0,0.0,13013.0,2012
2012-11-30,ok,0.0,0.0,0.0,0.0,13019.0,2012
2012-12-03,ok,0.0,0.0,0.0,0.0,13061.0,2012
2012-12-04,ok,0.0,0.0,0.0,0.0,12955.0,2012
2012-12-05,ok,-95.0,-80.0,1.0,239.0,12963.0,2012
2012-12-06,ok,0.0,0.0,0.0,0.0,13028.0,2012
2012-12-07,ok,0.0,0.0,0.0,0.0,13121.0,2012
2012-12-10,ok,10.0,25.0,1.0,120.0,13149.0,2012
2012-12-11,ok,-40.0,-25.0,1.0,330.0,13214.0,2012
2012-12-12,ok,0.0,0.0,0.0,0.0,13290.0,2012
2012-12-13,ok,60.0,75.0,1.0,209.0,13176.0,2012
2012-12-14,ok,0.0,0.0,0.0,0.0,13099.0,2012
2012-12-17,ok,55.0,85.0,2.0,299.0,13092.0,2012
2012-12-18,ok,270.0,285.0,1.0,299.0,13197.0,2012
2012-12-19,ok,-15.0,0.0,1.0,30.0,13300.0,2012
2012-12-20,ok,-160.0,-145.0,1.0,30.0,13197.0,2012
2012-12-21,ok,0.0,0.0,0.0,0.0,13074.0,2012
2012-12-24,ok,0.0,0.0,0.0,0.0,13089.0,2012
2012-12-26,ok,-180.0,-150.0,2.0,120.0,13092.0,2012
2012-12-27,ok,-305.0,-290.0,1.0,329.0,13057.0,2012
2012-12-28,ok,0.0,0.0,0.0,0.0,12942.0,2012
2012-12-31,ok,405.0,435.0,2.0,149.0,12824.0,2012
2013-01-02,ok,-125.0,-110.0,1.0,60.0,13255.0,2013
2013-01-03,ok,0.0,0.0,0.0,0.0,13322.0,2013
2013-01-04,ok,0.0,0.0,0.0,0.0,13328.0,2013
2013-01-07,ok,-120.0,-90.0,2.0,120.0,13327.0,2013
2013-01-08,ok,-65.0,-35.0,2.0,120.0,13290.0,2013
2013-01-09,ok,-80.0,-65.0,1.0,180.0,13298.0,2013
2013-01-10,ok,0.0,0.0,0.0,0.0,13374.0,2013
2013-01-11,ok,0.0,0.0,0.0,0.0,13400.0,2013
2013-01-14,ok,0.0,0.0,0.0,0.0,13421.0,2013
2013-01-15,ok,0.0,0.0,0.0,0.0,13387.0,2013
2013-01-16,ok,0.0,0.0,0.0,0.0,13420.0,2013
2013-01-17,ok,-45.0,-30.0,1.0,209.0,13494.0,2013
2013-01-18,ok,0.0,0.0,0.0,0.0,13552.0,2013
2013-01-22,ok,95.0,110.0,1.0,209.0,13584.0,2013
2013-01-23,ok,-45.0,-15.0,2.0,209.0,13688.0,2013
2013-01-24,ok,-200.0,-155.0,3.0,269.0,13731.0,2013
2013-01-25,ok,0.0,0.0,0.0,0.0,13809.0,2013
2013-01-28,ok,0.0,0.0,0.0,0.0,13854.0,2013
2013-01-29,ok,165.0,180.0,1.0,299.0,13817.0,2013
2013-01-30,ok,0.0,15.0,1.0,29.0,13895.0,2013
2013-01-31,ok,-125.0,-110.0,1.0,30.0,13837.0,2013
2013-02-01,ok,-25.0,-10.0,1.0,270.0,13904.0,2013
2013-02-04,ok,-55.0,-40.0,1.0,60.0,13854.0,2013
2013-02-05,ok,-155.0,-125.0,2.0,329.0,13896.0,2013
2013-02-06,ok,0.0,0.0,0.0,0.0,13864.0,2013
2013-02-07,ok,-20.0,-5.0,1.0,359.0,13929.0,2013
2013-02-08,ok,-180.0,-150.0,2.0,120.0,13909.0,2013
2013-02-11,ok,-10.0,5.0,1.0,30.0,13933.0,2013
2013-02-12,ok,-25.0,-10.0,1.0,179.0,13928.0,2013
2013-02-13,ok,-65.0,-50.0,1.0,30.0,13991.0,2013
2013-02-14,ok,0.0,0.0,0.0,0.0,13906.0,2013
2013-02-15,ok,-210.0,-195.0,1.0,60.0,13957.0,2013
2013-02-19,ok,-100.0,-70.0,2.0,329.0,13963.0,2013
2013-02-20,ok,185.0,200.0,1.0,59.0,14006.0,2013
2013-02-21,ok,-185.0,-155.0,2.0,120.0,13875.0,2013
2013-02-22,ok,-150.0,-120.0,2.0,60.0,13925.0,2013
2013-02-25,ok,615.0,645.0,2.0,209.0,14039.0,2013
2013-02-26,ok,-305.0,-275.0,2.0,60.0,13835.0,2013
2013-02-27,ok,710.0,725.0,1.0,359.0,13875.0,2013
2013-02-28,ok,-90.0,-75.0,1.0,60.0,14047.0,2013
2013-03-01,ok,-375.0,-330.0,3.0,150.0,13992.0,2013
2013-03-04,ok,0.0,0.0,0.0,0.0,14038.0,2013
2013-03-05,ok,25.0,55.0,2.0,300.0,14172.0,2013
2013-03-06,ok,0.0,0.0,0.0,0.0,14294.0,2013
2013-03-07,"unknown:нет цены на отметке, нормы или цены исполнения",,,,,,2013
2013-03-08,ok,0.0,0.0,0.0,0.0,14334.0,2013
2013-03-11,ok,0.0,0.0,0.0,0.0,14321.0,2013
2013-03-12,ok,-90.0,-75.0,1.0,30.0,14370.0,2013
2013-03-13,ok,0.0,0.0,0.0,0.0,14386.0,2013
2013-03-14,ok,-60.0,-45.0,1.0,30.0,14413.0,2013
2013-03-15,ok,-85.0,-70.0,1.0,30.0,14441.0,2013
2013-03-18,ok,0.0,0.0,0.0,0.0,14344.0,2013
2013-03-19,ok,-415.0,-370.0,3.0,120.0,14405.0,2013
2013-03-20,ok,0.0,0.0,0.0,0.0,14445.0,2013
2013-03-21,ok,0.0,0.0,0.0,0.0,14373.0,2013
2013-03-22,ok,-5.0,25.0,2.0,299.0,14392.0,2013
2013-03-25,ok,50.0,65.0,1.0,299.0,14468.0,2013
2013-03-26,ok,20.0,50.0,2.0,299.0,14426.0,2013
2013-03-27,ok,0.0,0.0,0.0,0.0,14394.0,2013
2013-03-28,ok,-170.0,-140.0,2.0,149.0,14457.0,2013
2013-04-01,ok,0.0,0.0,0.0,0.0,14489.0,2013
2013-04-02,ok,-20.0,-5.0,1.0,300.0,14542.0,2013
2013-04-03,ok,265.0,280.0,1.0,299.0,14583.0,2013
2013-04-04,ok,-265.0,-250.0,1.0,30.0,14494.0,2013
2013-04-05,ok,0.0,0.0,0.0,0.0,14378.0,2013
2013-04-08,ok,-155.0,-125.0,2.0,120.0,14490.0,2013
2013-04-09,ok,-150.0,-135.0,1.0,149.0,14563.0,2013
2013-04-10,ok,265.0,280.0,1.0,359.0,14654.0,2013
2013-04-11,ok,80.0,95.0,1.0,329.0,14738.0,2013
2013-04-12,ok,0.0,0.0,0.0,0.0,14757.0,2013
2013-04-15,ok,595.0,625.0,2.0,269.0,14748.0,2013
2013-04-16,ok,0.0,0.0,0.0,0.0,14657.0,2013
2013-04-17,ok,-35.0,-5.0,2.0,300.0,14615.0,2013
2013-04-18,ok,-280.0,-235.0,3.0,209.0,14567.0,2013
2013-04-19,ok,0.0,0.0,0.0,0.0,14442.0,2013
2013-04-22,ok,-100.0,-85.0,1.0,90.0,14509.0,2013
2013-04-23,ok,5.0,35.0,2.0,239.0,14586.0,2013
2013-04-24,ok,0.0,0.0,0.0,0.0,14670.0,2013
2013-04-25,ok,-270.0,-240.0,2.0,180.0,14640.0,2013
2013-04-26,ok,0.0,0.0,0.0,0.0,14624.0,2013
2013-04-29,ok,40.0,55.0,1.0,209.0,14691.0,2013
2013-04-30,ok,-85.0,-70.0,1.0,60.0,14754.0,2013
2013-05-01,ok,-190.0,-160.0,2.0,59.0,14727.0,2013
2013-05-02,ok,35.0,50.0,1.0,269.0,14680.0,2013
2013-05-03,ok,30.0,45.0,1.0,90.0,14895.0,2013
2013-05-06,ok,0.0,0.0,0.0,0.0,14902.0,2013
2013-05-07,ok,-20.0,-5.0,1.0,59.0,14944.0,2013
2013-05-08,ok,-15.0,15.0,2.0,59.0,14983.0,2013
2013-05-09,ok,-345.0,-330.0,1.0,30.0,15058.0,2013
2013-05-10,ok,-75.0,-60.0,1.0,30.0,15059.0,2013
2013-05-13,ok,-115.0,-100.0,1.0,30.0,15045.0,2013
2013-05-14,ok,405.0,420.0,1.0,359.0,15056.0,2013
2013-05-15,ok,75.0,105.0,2.0,179.0,15156.0,2013
2013-05-16,ok,0.0,0.0,0.0,0.0,15229.0,2013
2013-05-17,ok,60.0,75.0,1.0,59.0,15253.0,2013
2013-05-20,ok,0.0,0.0,0.0,0.0,15315.0,2013
2013-05-21,ok,-285.0,-255.0,2.0,150.0,15340.0,2013
2013-05-22,ok,-220.0,-190.0,2.0,239.0,15377.0,2013
2013-05-23,ok,0.0,0.0,0.0,0.0,15179.0,2013
2013-05-24,ok,0.0,0.0,0.0,0.0,15227.0,2013
2013-05-28,ok,-250.0,-235.0,1.0,120.0,15421.0,2013
2013-05-29,ok,-315.0,-285.0,2.0,180.0,15311.0,2013
2013-05-30,ok,-270.0,-255.0,1.0,359.0,15292.0,2013
2013-05-31,ok,0.0,0.0,0.0,0.0,15268.0,2013
2013-06-03,ok,0.0,0.0,0.0,0.0,15164.0,2013
2013-06-04,ok,-335.0,-305.0,2.0,179.0,15230.0,2013
2013-06-05,ok,585.0,600.0,1.0,299.0,15126.0,2013
2013-06-06,ok,-235.0,-220.0,1.0,90.0,14941.0,2013
2013-06-07,ok,20.0,50.0,2.0,299.0,15118.0,2013
2013-06-10,ok,0.0,0.0,0.0,0.0,15282.0,2013
2013-06-11,ok,0.0,0.0,0.0,0.0,15111.0,2013
2013-06-12,ok,290.0,320.0,2.0,209.0,15220.0,2013
2013-06-13,ok,80.0,95.0,1.0,29.0,14908.0,2013
2013-06-14,ok,105.0,135.0,2.0,269.0,15097.0,2013
2013-06-17,ok,-405.0,-375.0,2.0,210.0,15100.0,2013
2013-06-18,ok,315.0,330.0,1.0,329.0,15129.0,2013
2013-06-19,ok,150.0,165.0,1.0,59.0,15232.0,2013
2013-06-20,ok,920.0,935.0,1.0,359.0,14920.0,2013
2013-06-21,ok,0.0,0.0,0.0,0.0,14759.0,2013
2013-06-24,ok,-355.0,-325.0,2.0,90.0,14585.0,2013
2013-06-25,ok,0.0,0.0,0.0,0.0,14698.0,2013
2013-06-26,ok,0.0,0.0,0.0,0.0,14786.0,2013
2013-06-27,ok,-125.0,-110.0,1.0,90.0,14925.0,2013
2013-06-28,ok,-125.0,-110.0,1.0,30.0,14890.0,2013
2013-07-01,ok,-80.0,-65.0,1.0,240.0,14910.0,2013
2013-07-02,ok,20.0,35.0,1.0,120.0,14872.0,2013
2013-07-03,ok,-150.0,-135.0,1.0,59.0,14801.0,2013
2013-07-05,ok,0.0,0.0,0.0,0.0,15016.0,2013
2013-07-08,ok,0.0,0.0,0.0,0.0,15132.0,2013
2013-07-09,ok,0.0,0.0,0.0,0.0,15228.0,2013
2013-07-10,ok,0.0,0.0,0.0,0.0,15235.0,2013
2013-07-11,"unknown:нет open, вчерашнего close или close сессии",,,,,,2013
2013-07-12,"unknown:нет open, вчерашнего close или close сессии",,,,,,2013
2013-07-15,"unknown:нет open, вчерашнего close или close сессии",,,,,,2013
2013-07-16,ok,-120.0,-90.0,2.0,149.0,15417.0,2013
2013-07-17,ok,0.0,0.0,0.0,0.0,15423.0,2013
2013-07-18,ok,-175.0,-145.0,2.0,299.0,15455.0,2013
2013-07-19,ok,0.0,0.0,0.0,0.0,15466.0,2013
2013-07-22,ok,0.0,0.0,0.0,0.0,15491.0,2013
2013-07-23,ok,0.0,0.0,0.0,0.0,15534.0,2013
2013-07-24,ok,-210.0,-180.0,2.0,299.0,15544.0,2013
2013-07-25,ok,0.0,0.0,0.0,0.0,15429.0,2013
2013-07-26,ok,-260.0,-245.0,1.0,90.0,15423.0,2013
2013-07-29,ok,-40.0,-25.0,1.0,30.0,15461.0,2013
2013-07-30,ok,-65.0,-50.0,1.0,60.0,15520.0,2013
2013-07-31,ok,-310.0,-280.0,2.0,210.0,15488.0,2013
2013-08-01,ok,0.0,0.0,0.0,0.0,15568.0,2013
2013-08-02,ok,0.0,0.0,0.0,0.0,15522.0,2013
2013-08-05,ok,-115.0,-100.0,1.0,30.0,15565.0,2013
2013-08-06,ok,30.0,45.0,1.0,359.0,15511.0,2013
2013-08-07,ok,0.0,0.0,0.0,0.0,15408.0,2013
2013-08-08,ok,-150.0,-135.0,1.0,60.0,15510.0,2013
2013-08-09,ok,-65.0,-35.0,2.0,180.0,15426.0,2013
2013-08-12,ok,0.0,0.0,0.0,0.0,15322.0,2013
2013-08-13,ok,-365.0,-320.0,3.0,120.0,15413.0,2013
2013-08-14,ok,125.0,140.0,1.0,299.0,15401.0,2013
2013-08-15,ok,145.0,160.0,1.0,359.0,15184.0,2013
2013-08-16,ok,0.0,0.0,0.0,0.0,15069.0,2013
2013-08-19,ok,0.0,0.0,0.0,0.0,15036.0,2013
2013-08-20,ok,-170.0,-140.0,2.0,150.0,14995.0,2013
2013-08-21,ok,-55.0,-40.0,1.0,30.0,14949.0,2013
2013-08-22,ok,5.0,20.0,1.0,119.0,14890.0,2013
2013-08-23,ok,0.0,0.0,0.0,0.0,14962.0,2013
2013-08-26,ok,5.0,35.0,2.0,59.0,14985.0,2013
2013-08-27,ok,75.0,90.0,1.0,89.0,14820.0,2013
2013-08-28,ok,-60.0,-45.0,1.0,239.0,14747.0,2013
2013-08-29,ok,-360.0,-315.0,3.0,270.0,14804.0,2013
2013-08-30,ok,-150.0,-120.0,2.0,210.0,14846.0,2013
2013-09-03,ok,0.0,0.0,0.0,0.0,14890.0,2013
2013-09-04,ok,160.0,175.0,1.0,329.0,14804.0,2013
2013-09-05,ok,-85.0,-70.0,1.0,30.0,14914.0,2013
2013-09-06,ok,-530.0,-515.0,1.0,60.0,14970.0,2013
2013-09-09,ok,165.0,180.0,1.0,359.0,14949.0,2013
2013-09-10,ok,0.0,0.0,0.0,0.0,15149.0,2013
2013-09-11,ok,430.0,445.0,1.0,299.0,15183.0,2013
2013-09-12,ok,0.0,0.0,0.0,0.0,15337.0,2013
2013-09-13,ok,0.0,0.0,0.0,0.0,15274.0,2013
2013-09-16,ok,0.0,0.0,0.0,0.0,15477.0,2013
2013-09-17,ok,-90.0,-75.0,1.0,30.0,15439.0,2013
2013-09-18,ok,190.0,205.0,1.0,89.0,15456.0,2013
2013-09-19,ok,0.0,0.0,0.0,0.0,15623.0,2013
2013-09-20,ok,575.0,590.0,1.0,269.0,15583.0,2013
2013-09-23,ok,-140.0,-125.0,1.0,90.0,15377.0,2013
2013-09-24,ok,0.0,0.0,0.0,0.0,15345.0,2013
2013-09-25,ok,15.0,30.0,1.0,119.0,15293.0,2013
2013-09-26,ok,-270.0,-255.0,1.0,60.0,15234.0,2013
2013-09-27,ok,-80.0,-65.0,1.0,30.0,15192.0,2013
2013-09-30,ok,0.0,0.0,0.0,0.0,15038.0,2013
2013-10-01,ok,-55.0,-40.0,1.0,240.0,15058.0,2013
2013-10-02,ok,-95.0,-80.0,1.0,90.0,15051.0,2013
2013-10-03,ok,315.0,330.0,1.0,359.0,15019.0,2013
2013-10-04,ok,175.0,205.0,2.0,269.0,14920.0,2013
2013-10-07,ok,0.0,0.0,0.0,0.0,14862.0,2013
2013-10-08,ok,485.0,500.0,1.0,299.0,14852.0,2013
2013-10-09,ok,-180.0,-165.0,1.0,30.0,14722.0,2013
2013-10-10,ok,660.0,675.0,1.0,359.0,14867.0,2013
2013-10-11,ok,35.0,65.0,2.0,299.0,15042.0,2013
2013-10-14,ok,5.0,20.0,1.0,29.0,15073.0,2013
2013-10-15,ok,-115.0,-100.0,1.0,30.0,15204.0,2013
2013-10-16,ok,100.0,115.0,1.0,359.0,15188.0,2013
2013-10-17,ok,0.0,0.0,0.0,0.0,15163.0,2013
2013-10-18,ok,0.0,0.0,0.0,0.0,15333.0,2013
2013-10-21,ok,0.0,0.0,0.0,0.0,15339.0,2013
2013-10-22,ok,-115.0,-100.0,1.0,60.0,15374.0,2013
2013-10-23,ok,-65.0,-50.0,1.0,30.0,15353.0,2013
2013-10-24,ok,-50.0,-20.0,2.0,90.0,15388.0,2013
2013-10-25,ok,0.0,0.0,0.0,0.0,15463.0,2013
2013-10-28,ok,0.0,0.0,0.0,0.0,15489.0,2013
2013-10-29,ok,-35.0,-5.0,2.0,150.0,15541.0,2013
2013-10-30,ok,-175.0,-160.0,1.0,60.0,15646.0,2013
2013-10-31,ok,0.0,0.0,0.0,0.0,15534.0,2013
2013-11-01,ok,-185.0,-170.0,1.0,30.0,15527.0,2013
2013-11-04,ok,0.0,0.0,0.0,0.0,15597.0,2013
2013-11-05,ok,0.0,0.0,0.0,0.0,15502.0,2013
2013-11-06,ok,0.0,30.0,2.0,329.0,15619.0,2013
2013-11-07,ok,295.0,325.0,2.0,209.0,15743.0,2013
2013-11-08,"unknown:нет open, вчерашнего close или close сессии",,,,,,2013
2013-11-11,"unknown:нет open, вчерашнего close или close сессии",,,,,,2013
2013-11-12,ok,0.0,0.0,0.0,0.0,15711.0,2013
2013-11-13,ok,0.0,0.0,0.0,0.0,15623.0,2013
2013-11-14,ok,-10.0,35.0,3.0,119.0,15781.0,2013
2013-11-15,ok,-35.0,-5.0,2.0,89.0,15857.0,2013
2013-11-18,ok,0.0,0.0,0.0,0.0,15971.0,2013
2013-11-19,ok,0.0,0.0,0.0,0.0,15959.0,2013
2013-11-20,ok,-75.0,-60.0,1.0,29.0,15955.0,2013
2013-11-21,ok,-65.0,-35.0,2.0,120.0,15929.0,2013
2013-11-22,ok,0.0,0.0,0.0,0.0,15983.0,2013
2013-11-25,ok,0.0,0.0,0.0,0.0,16082.0,2013
2013-11-26,ok,-85.0,-70.0,1.0,60.0,16054.0,2013
2013-11-27,ok,0.0,0.0,0.0,0.0,16080.0,2013
2013-11-29,ok,-50.0,-35.0,1.0,90.0,16116.0,2013
2013-12-02,ok,-260.0,-215.0,3.0,119.0,16078.0,2013
2013-12-03,ok,-140.0,-110.0,2.0,239.0,15924.0,2013
2013-12-04,ok,-230.0,-200.0,2.0,90.0,15846.0,2013
2013-12-05,ok,-10.0,5.0,1.0,30.0,15846.0,2013
2013-12-06,ok,-120.0,-90.0,2.0,180.0,15956.0,2013
2013-12-09,ok,-80.0,-65.0,1.0,30.0,16029.0,2013
2013-12-10,ok,0.0,0.0,0.0,0.0,15979.0,2013
2013-12-11,ok,480.0,495.0,1.0,359.0,15982.0,2013
2013-12-12,ok,-50.0,-35.0,1.0,300.0,15763.0,2013
2013-12-13,ok,0.0,0.0,0.0,0.0,15692.0,2013
2013-12-16,ok,-220.0,-205.0,1.0,359.0,15773.0,2013
2013-12-17,ok,-115.0,-100.0,1.0,60.0,15864.0,2013
2013-12-18,ok,740.0,755.0,1.0,89.0,15852.0,2013
2013-12-19,ok,0.0,0.0,0.0,0.0,16085.0,2013
2013-12-20,ok,0.0,15.0,1.0,330.0,16136.0,2013
2013-12-23,ok,0.0,0.0,0.0,0.0,16228.0,2013
2013-12-24,ok,25.0,40.0,1.0,59.0,16246.0,2013
2013-12-26,ok,135.0,150.0,1.0,179.0,16340.0,2013
2013-12-27,"unknown:нет open, вчерашнего close или close сессии",,,,,,2013
2013-12-30,"unknown:нет open, вчерашнего close или close сессии",,,,,,2013
2013-12-31,ok,0.0,0.0,0.0,0.0,16472.0,2013
2014-01-02,ok,20.0,50.0,2.0,299.0,16460.0,2014
2014-01-03,ok,-215.0,-200.0,1.0,90.0,16404.0,2014
2014-01-06,ok,-125.0,-110.0,1.0,180.0,16466.0,2014
2014-01-07,ok,-80.0,-50.0,2.0,150.0,16432.0,2014
2014-01-08,ok,-330.0,-285.0,3.0,179.0,16437.0,2014
2014-01-09,ok,-90.0,-75.0,1.0,150.0,16460.0,2014
2014-01-10,ok,-290.0,-260.0,2.0,150.0,16419.0,2014
2014-01-13,ok,415.0,430.0,1.0,179.0,16355.0,2014
2014-01-14,ok,40.0,70.0,2.0,119.0,16237.0,2014
2014-01-15,ok,260.0,275.0,1.0,359.0,16331.0,2014
2014-01-16,ok,-135.0,-120.0,1.0,60.0,16386.0,2014
2014-01-17,ok,-250.0,-220.0,2.0,210.0,16353.0,2014
2014-01-21,ok,-365.0,-350.0,1.0,150.0,16480.0,2014
2014-01-22,ok,-25.0,-10.0,1.0,30.0,16351.0,2014
2014-01-23,ok,-145.0,-115.0,2.0,299.0,16212.0,2014
2014-01-24,ok,730.0,745.0,1.0,299.0,16042.0,2014
2014-01-27,"unknown:нет open, вчерашнего close или close сессии",,,,,,2014
2014-01-28,"unknown:нет open, вчерашнего close или close сессии",,,,,,2014
2014-01-29,"unknown:нет open, вчерашнего close или close сессии",,,,,,2014
2014-01-30,"unknown:нет open, вчерашнего close или close сессии",,,,,,2014
2014-01-31,"unknown:нет open, вчерашнего close или close сессии",,,,,,2014
2014-02-03,"unknown:нет open, вчерашнего close или close сессии",,,,,,2014
2014-02-04,"unknown:нет цены на отметке, нормы или цены исполнения",,,,,,2014
2014-02-05,"unknown:нет цены на отметке, нормы или цены исполнения",,,,,,2014
2014-02-06,"unknown:нет цены на отметке, нормы или цены исполнения",,,,,,2014
2014-02-07,"unknown:нет цены на отметке, нормы или цены исполнения",,,,,,2014
2014-02-10,"unknown:нет цены на отметке, нормы или цены исполнения",,,,,,2014
2014-02-11,"unknown:нет цены на отметке, нормы или цены исполнения",,,,,,2014
2014-02-12,"unknown:нет цены на отметке, нормы или цены исполнения",,,,,,2014
2014-02-13,"unknown:нет цены на отметке, нормы или цены исполнения",,,,,,2014
2014-02-14,"unknown:нет цены на отметке, нормы или цены исполнения",,,,,,2014
2014-02-18,ok,0.0,0.0,0.0,0.0,16136.0,2014
2014-02-19,ok,15.0,30.0,1.0,90.0,16069.0,2014
2014-02-20,ok,-40.0,-10.0,2.0,210.0,16019.0,2014
2014-02-21,ok,0.0,0.0,0.0,0.0,16119.0,2014
2014-02-24,ok,-160.0,-145.0,1.0,359.0,16111.0,2014
2014-02-25,ok,-115.0,-100.0,1.0,30.0,16185.0,2014
2014-02-26,ok,0.0,0.0,0.0,0.0,16183.0,2014
2014-02-27,ok,0.0,0.0,0.0,0.0,16172.0,2014
2014-02-28,ok,-95.0,-80.0,1.0,300.0,16265.0,2014
2014-03-03,ok,-125.0,-110.0,1.0,60.0,16170.0,2014
2014-03-04,ok,0.0,0.0,0.0,0.0,16324.0,2014
2014-03-05,ok,0.0,0.0,0.0,0.0,16388.0,2014
2014-03-06,ok,-40.0,-25.0,1.0,30.0,16391.0,2014
2014-03-07,ok,0.0,0.0,0.0,0.0,16483.0,2014
2014-03-10,ok,-85.0,-70.0,1.0,60.0,16413.0,2014
2014-03-11,ok,-205.0,-175.0,2.0,89.0,16434.0,2014
2014-03-12,ok,0.0,0.0,0.0,0.0,16275.0,2014
2014-03-13,ok,925.0,940.0,1.0,299.0,16314.0,2014
2014-03-14,ok,0.0,0.0,0.0,0.0,16014.0,2014
2014-03-17,ok,-20.0,-5.0,1.0,359.0,16079.0,2014
2014-03-18,ok,-15.0,15.0,2.0,270.0,16211.0,2014
2014-03-19,ok,-110.0,-95.0,1.0,29.0,16263.0,2014
2014-03-20,ok,270.0,285.0,1.0,329.0,16118.0,2014
2014-03-21,ok,-45.0,-30.0,1.0,60.0,16307.0,2014
2014-03-24,ok,-40.0,-25.0,1.0,90.0,16271.0,2014
2014-03-25,ok,0.0,0.0,0.0,0.0,16295.0,2014
2014-03-26,ok,0.0,0.0,0.0,0.0,16366.0,2014
2014-03-27,ok,-330.0,-315.0,1.0,30.0,16182.0,2014
2014-03-28,ok,-230.0,-215.0,1.0,210.0,16217.0,2014
2014-03-31,ok,-150.0,-135.0,1.0,60.0,16329.0,2014
2014-04-01,ok,-35.0,-20.0,1.0,30.0,16425.0,2014
2014-04-02,ok,0.0,0.0,0.0,0.0,16474.0,2014
2014-04-03,ok,0.0,0.0,0.0,0.0,16524.0,2014
2014-04-04,ok,360.0,375.0,1.0,179.0,16554.0,2014
2014-04-07,ok,460.0,475.0,1.0,329.0,16314.0,2014
2014-04-08,ok,-345.0,-330.0,1.0,30.0,16163.0,2014
2014-04-09,ok,155.0,170.0,1.0,89.0,16251.0,2014
2014-04-10,ok,1105.0,1120.0,1.0,299.0,16367.0,2014
2014-04-11,ok,0.0,0.0,0.0,0.0,16017.0,2014
2014-04-14,ok,-175.0,-160.0,1.0,30.0,16056.0,2014
2014-04-15,ok,-550.0,-505.0,3.0,149.0,16117.0,2014
2014-04-16,ok,0.0,0.0,0.0,0.0,16292.0,2014
2014-04-17,ok,0.0,0.0,0.0,0.0,16325.0,2014
2014-04-21,ok,0.0,0.0,0.0,0.0,16349.0,2014
2014-04-22,ok,85.0,100.0,1.0,359.0,16395.0,2014
2014-04-23,ok,0.0,0.0,0.0,0.0,16460.0,2014
2014-04-24,ok,0.0,0.0,0.0,0.0,16464.0,2014
2014-04-25,ok,-50.0,-20.0,2.0,300.0,16372.0,2014
2014-04-28,ok,-70.0,-55.0,1.0,30.0,16376.0,2014
2014-04-29,ok,-360.0,-300.0,4.0,209.0,16426.0,2014
2014-04-30,ok,0.0,0.0,0.0,0.0,16458.0,2014
2014-05-01,ok,0.0,0.0,0.0,0.0,16492.0,2014
2014-05-02,ok,-350.0,-320.0,2.0,90.0,16482.0,2014
2014-05-05,ok,0.0,0.0,0.0,0.0,16361.0,2014
2014-05-06,ok,135.0,165.0,2.0,329.0,16430.0,2014
2014-05-07,ok,-110.0,-95.0,1.0,60.0,16417.0,2014
2014-05-08,ok,-40.0,-25.0,1.0,270.0,16469.0,2014
2014-05-09,ok,0.0,0.0,0.0,0.0,16497.0,2014
2014-05-12,ok,-175.0,-130.0,3.0,209.0,16592.0,2014
2014-05-13,ok,0.0,0.0,0.0,0.0,16674.0,2014
2014-05-14,ok,265.0,280.0,1.0,359.0,16674.0,2014
2014-05-15,ok,320.0,335.0,1.0,359.0,16549.0,2014
2014-05-16,ok,0.0,0.0,0.0,0.0,16421.0,2014
2014-05-19,ok,0.0,0.0,0.0,0.0,16419.0,2014
2014-05-20,ok,200.0,230.0,2.0,329.0,16476.0,2014
2014-05-21,ok,140.0,155.0,1.0,359.0,16397.0,2014
2014-05-22,ok,0.0,0.0,0.0,0.0,16516.0,2014
2014-05-23,ok,-30.0,-15.0,1.0,30.0,16532.0,2014
2014-05-27,ok,0.0,0.0,0.0,0.0,16650.0,2014
2014-05-28,ok,0.0,0.0,0.0,0.0,16660.0,2014
2014-05-29,ok,0.0,0.0,0.0,0.0,16653.0,2014
2014-05-30,ok,0.0,0.0,0.0,0.0,16664.0,2014
2014-06-02,ok,0.0,0.0,0.0,0.0,16732.0,2014
2014-06-03,ok,0.0,0.0,0.0,0.0,16699.0,2014
2014-06-04,ok,0.0,0.0,0.0,0.0,16692.0,2014
2014-06-05,ok,30.0,45.0,1.0,239.0,16757.0,2014
2014-06-06,ok,20.0,65.0,3.0,299.0,16863.0,2014
2014-06-09,ok,-55.0,-40.0,1.0,60.0,16918.0,2014
2014-06-10,ok,0.0,0.0,0.0,0.0,16922.0,2014
2014-06-11,ok,15.0,30.0,1.0,329.0,16881.0,2014
2014-06-12,ok,380.0,395.0,1.0,359.0,16763.0,2014
2014-06-13,ok,0.0,0.0,0.0,0.0,16687.0,2014
2014-06-16,ok,0.0,0.0,0.0,0.0,16671.0,2014
2014-06-17,ok,-165.0,-135.0,2.0,120.0,16673.0,2014
2014-06-18,ok,30.0,60.0,2.0,179.0,16732.0,2014
2014-06-19,ok,-110.0,-80.0,2.0,120.0,16827.0,2014
2014-06-20,ok,0.0,0.0,0.0,0.0,16879.0,2014
2014-06-23,ok,-20.0,10.0,2.0,180.0,16859.0,2014
2014-06-24,ok,140.0,170.0,2.0,149.0,16821.0,2014
2014-06-25,ok,-270.0,-225.0,3.0,150.0,16705.0,2014
2014-06-26,ok,-445.0,-430.0,1.0,240.0,16792.0,2014
2014-06-27,ok,-55.0,-40.0,1.0,30.0,16734.0,2014
2014-06-30,ok,0.0,0.0,0.0,0.0,16744.0,2014
2014-07-01,ok,150.0,165.0,1.0,359.0,16782.0,2014
2014-07-02,ok,0.0,0.0,0.0,0.0,16885.0,2014
2014-07-03,ok,10.0,25.0,1.0,59.0,16942.0,2014
2014-07-07,ok,0.0,0.0,0.0,0.0,16941.0,2014
2014-07-08,ok,115.0,130.0,1.0,359.0,16912.0,2014
2014-07-09,ok,-30.0,-15.0,1.0,30.0,16872.0,2014
2014-07-10,ok,0.0,0.0,0.0,0.0,16743.0,2014
2014-07-11,ok,0.0,0.0,0.0,0.0,16830.0,2014
2014-07-14,ok,0.0,0.0,0.0,0.0,16971.0,2014
2014-07-15,ok,0.0,0.0,0.0,0.0,17008.0,2014
2014-07-16,ok,0.0,0.0,0.0,0.0,17050.0,2014
2014-07-17,ok,360.0,375.0,1.0,89.0,17035.0,2014
2014-07-18,ok,-50.0,-20.0,2.0,209.0,16969.0,2014
2014-07-21,ok,-20.0,-5.0,1.0,60.0,16980.0,2014
2014-07-22,ok,-45.0,-30.0,1.0,30.0,17030.0,2014
2014-07-23,ok,-85.0,-70.0,1.0,30.0,17052.0,2014
2014-07-24,ok,0.0,0.0,0.0,0.0,17039.0,2014
2014-07-25,ok,105.0,120.0,1.0,359.0,16949.0,2014
2014-07-28,ok,-130.0,-115.0,1.0,90.0,16895.0,2014
2014-07-29,ok,0.0,0.0,0.0,0.0,16962.0,2014
2014-07-30,ok,-340.0,-310.0,2.0,240.0,16902.0,2014
2014-07-31,ok,815.0,830.0,1.0,329.0,16696.0,2014
2014-08-01,ok,-350.0,-335.0,1.0,90.0,16449.0,2014
2014-08-04,ok,-165.0,-135.0,2.0,89.0,16449.0,2014
2014-08-05,ok,-120.0,-105.0,1.0,119.0,16449.0,2014
2014-08-06,ok,-130.0,-115.0,1.0,210.0,16310.0,2014
2014-08-07,ok,-110.0,-80.0,2.0,179.0,16449.0,2014
2014-08-08,ok,50.0,80.0,2.0,209.0,16335.0,2014
2014-08-11,ok,0.0,0.0,0.0,0.0,16559.0,2014
2014-08-12,ok,0.0,0.0,0.0,0.0,16497.0,2014
2014-08-13,ok,-95.0,-65.0,2.0,90.0,16559.0,2014
2014-08-14,ok,0.0,0.0,0.0,0.0,16628.0,2014
2014-08-15,ok,-145.0,-130.0,1.0,180.0,16736.0,2014
2014-08-18,ok,130.0,145.0,1.0,330.0,16721.0,2014
2014-08-19,ok,0.0,0.0,0.0,0.0,16863.0,2014
2014-08-20,ok,0.0,0.0,0.0,0.0,16873.0,2014
2014-08-21,ok,-5.0,40.0,3.0,180.0,16978.0,2014
2014-08-22,ok,0.0,0.0,0.0,0.0,17006.0,2014
2014-08-25,ok,-35.0,-5.0,2.0,60.0,17053.0,2014
2014-08-26,ok,150.0,165.0,1.0,90.0,17080.0,2014
2014-08-27,ok,0.0,0.0,0.0,0.0,17111.0,2014
2014-08-28,ok,0.0,0.0,0.0,0.0,17037.0,2014
2014-08-29,ok,-125.0,-110.0,1.0,30.0,17086.0,2014
2014-09-02,ok,-100.0,-70.0,2.0,180.0,17093.0,2014
2014-09-03,ok,0.0,0.0,0.0,0.0,17136.0,2014
2014-09-04,ok,-110.0,-95.0,1.0,90.0,17090.0,2014
2014-09-05,ok,-45.0,-30.0,1.0,30.0,17049.0,2014
2014-09-08,ok,0.0,0.0,0.0,0.0,17097.0,2014
2014-09-09,ok,-210.0,-180.0,2.0,329.0,17074.0,2014
2014-09-10,ok,-305.0,-260.0,3.0,149.0,17015.0,2014
2014-09-11,"unknown:нет цены на отметке, нормы или цены исполнения",,,,,,2014
2014-09-12,ok,-105.0,-75.0,2.0,269.0,16949.0,2014
2014-09-15,ok,-50.0,-35.0,1.0,30.0,16915.0,2014
2014-09-16,ok,340.0,355.0,1.0,269.0,16907.0,2014
2014-09-17,ok,0.0,0.0,0.0,0.0,17066.0,2014
2014-09-18,ok,5.0,35.0,2.0,269.0,17113.0,2014
2014-09-19,ok,0.0,0.0,0.0,0.0,17254.0,2014
2014-09-22,ok,310.0,325.0,1.0,329.0,17186.0,2014
2014-09-23,ok,10.0,25.0,1.0,30.0,17041.0,2014
2014-09-24,ok,385.0,400.0,1.0,269.0,16990.0,2014
2014-09-25,ok,700.0,715.0,1.0,359.0,17108.0,2014
2014-09-26,ok,-40.0,-25.0,1.0,89.0,16933.0,2014
2014-09-29,ok,0.0,0.0,0.0,0.0,16872.0,2014
2014-09-30,ok,-135.0,-120.0,1.0,30.0,16996.0,2014
2014-10-01,ok,620.0,635.0,1.0,359.0,16946.0,2014
2014-10-02,ok,0.0,0.0,0.0,0.0,16689.0,2014
2014-10-03,ok,-85.0,-55.0,2.0,60.0,16838.0,2014
2014-10-06,ok,0.0,0.0,0.0,0.0,16993.0,2014
2014-10-07,ok,150.0,195.0,3.0,119.0,16822.0,2014
2014-10-08,ok,355.0,370.0,1.0,89.0,16638.0,2014
2014-10-09,ok,1025.0,1055.0,2.0,329.0,16862.0,2014
2014-10-10,ok,-420.0,-405.0,1.0,30.0,16579.0,2014
2014-10-13,ok,-200.0,-185.0,1.0,30.0,16456.0,2014
2014-10-14,ok,0.0,0.0,0.0,0.0,16308.0,2014
2014-10-15,ok,-95.0,-65.0,2.0,180.0,16055.0,2014
2014-10-16,ok,0.0,0.0,0.0,0.0,15846.0,2014
2014-10-17,ok,-10.0,5.0,1.0,180.0,16222.0,2014
2014-10-20,ok,0.0,0.0,0.0,0.0,16189.0,2014
2014-10-21,ok,-60.0,-15.0,3.0,89.0,16401.0,2014
2014-10-22,ok,-190.0,-175.0,1.0,60.0,16570.0,2014
2014-10-23,ok,-210.0,-180.0,2.0,180.0,16561.0,2014
2014-10-24,ok,0.0,0.0,0.0,0.0,16618.0,2014
2014-10-27,ok,0.0,0.0,0.0,0.0,16681.0,2014
2014-10-28,ok,0.0,0.0,0.0,0.0,16804.0,2014
2014-10-29,ok,0.0,0.0,0.0,0.0,16960.0,2014
2014-10-30,ok,775.0,790.0,1.0,359.0,16922.0,2014
2014-10-31,ok,0.0,0.0,0.0,0.0,17296.0,2014
2014-11-03,ok,0.0,0.0,0.0,0.0,17317.0,2014
2014-11-04,ok,0.0,0.0,0.0,0.0,17271.0,2014
2014-11-05,ok,0.0,0.0,0.0,0.0,17420.0,2014
2014-11-06,ok,0.0,0.0,0.0,0.0,17438.0,2014
2014-11-07,ok,-30.0,-15.0,1.0,30.0,17484.0,2014
2014-11-10,ok,0.0,0.0,0.0,0.0,17523.0,2014
2014-11-11,ok,0.0,0.0,0.0,0.0,17559.0,2014
2014-11-12,ok,0.0,0.0,0.0,0.0,17489.0,2014
2014-11-13,ok,-60.0,-45.0,1.0,90.0,17586.0,2014
2014-11-14,ok,0.0,0.0,0.0,0.0,17602.0,2014
2014-11-17,ok,0.0,0.0,0.0,0.0,17571.0,2014
2014-11-18,ok,-115.0,-70.0,3.0,299.0,17615.0,2014
2014-11-19,ok,-105.0,-90.0,1.0,60.0,17650.0,2014
2014-11-20,ok,0.0,0.0,0.0,0.0,17573.0,2014
2014-11-21,ok,0.0,0.0,0.0,0.0,17861.0,2014
2014-11-24,ok,0.0,0.0,0.0,0.0,17809.0,2014
2014-11-25,ok,0.0,0.0,0.0,0.0,17823.0,2014
2014-11-26,ok,0.0,0.0,0.0,0.0,17805.0,2014
2014-11-28,ok,-160.0,-145.0,1.0,150.0,17818.0,2014
2014-12-01,ok,-375.0,-360.0,1.0,30.0,17760.0,2014
2014-12-02,ok,290.0,305.0,1.0,359.0,17777.0,2014
2014-12-03,ok,0.0,0.0,0.0,0.0,17865.0,2014
2014-12-04,ok,-10.0,5.0,1.0,120.0,17876.0,2014
2014-12-05,ok,-100.0,-85.0,1.0,90.0,17929.0,2014
2014-12-08,ok,-200.0,-185.0,1.0,60.0,17895.0,2014
2014-12-09,ok,-150.0,-135.0,1.0,30.0,17680.0,2014
2014-12-10,ok,750.0,765.0,1.0,359.0,17749.0,2014
2014-12-11,ok,-775.0,-745.0,2.0,329.0,17516.0,2014
2014-12-12,ok,255.0,300.0,3.0,209.0,17405.0,2014
2014-12-15,ok,-540.0,-495.0,3.0,209.0,17304.0,2014
2014-12-16,ok,-365.0,-335.0,2.0,210.0,17060.0,2014
2014-12-17,ok,265.0,295.0,2.0,269.0,17050.0,2014
2014-12-18,ok,385.0,415.0,2.0,59.0,17527.0,2014
2014-12-19,ok,-5.0,10.0,1.0,30.0,17743.0,2014
2014-12-22,ok,-80.0,-65.0,1.0,30.0,17818.0,2014
2014-12-23,ok,0.0,0.0,0.0,0.0,17969.0,2014
2014-12-24,ok,0.0,0.0,0.0,0.0,17992.0,2014
2014-12-26,ok,0.0,0.0,0.0,0.0,18023.0,2014
2014-12-29,ok,0.0,0.0,0.0,0.0,17970.0,2014
2014-12-30,ok,0.0,0.0,0.0,0.0,17933.0,2014
2014-12-31,ok,0.0,0.0,0.0,0.0,17952.0,2014
2015-01-02,ok,-275.0,-245.0,2.0,60.0,17824.0,2015
2015-01-05,ok,670.0,685.0,1.0,359.0,17662.0,2015
2015-01-06,ok,-540.0,-510.0,2.0,300.0,17456.0,2015
2015-01-07,ok,-210.0,-195.0,1.0,30.0,17429.0,2015
2015-01-08,ok,415.0,430.0,1.0,359.0,17675.0,2015
2015-01-09,ok,360.0,375.0,1.0,359.0,17850.0,2015
2015-01-12,ok,-575.0,-530.0,3.0,299.0,17691.0,2015
2015-01-13,ok,-855.0,-825.0,2.0,179.0,17721.0,2015
2015-01-14,ok,0.0,0.0,0.0,0.0,17291.0,2015
2015-01-15,ok,-475.0,-445.0,2.0,60.0,17416.0,2015
2015-01-16,ok,110.0,140.0,2.0,89.0,17219.0,2015
2015-01-20,ok,-175.0,-145.0,2.0,150.0,17483.0,2015
2015-01-21,ok,0.0,0.0,0.0,0.0,17386.0,2015
2015-01-22,ok,0.0,15.0,1.0,59.0,17552.0,2015
2015-01-23,ok,0.0,0.0,0.0,0.0,17733.0,2015
2015-01-26,ok,0.0,0.0,0.0,0.0,17574.0,2015
2015-01-27,ok,0.0,0.0,0.0,0.0,17320.0,2015
2015-01-28,ok,0.0,0.0,0.0,0.0,17412.0,2015
2015-01-29,ok,90.0,105.0,1.0,29.0,17175.0,2015
2015-01-30,ok,0.0,0.0,0.0,0.0,17283.0,2015
2015-02-02,ok,-230.0,-215.0,1.0,30.0,17152.0,2015
2015-02-03,ok,205.0,250.0,3.0,299.0,17369.0,2015
2015-02-04,ok,-630.0,-600.0,2.0,59.0,17542.0,2015
2015-02-05,ok,195.0,240.0,3.0,209.0,17682.0,2015
2015-02-06,ok,0.0,0.0,0.0,0.0,17839.0,2015
2015-02-09,ok,0.0,0.0,0.0,0.0,17674.0,2015
2015-02-10,ok,0.0,0.0,0.0,0.0,17770.0,2015
2015-02-11,ok,0.0,0.0,0.0,0.0,17767.0,2015
2015-02-12,ok,0.0,0.0,0.0,0.0,17877.0,2015
2015-02-13,ok,-70.0,-55.0,1.0,30.0,17954.0,2015
2015-02-17,ok,0.0,0.0,0.0,0.0,17959.0,2015
2015-02-18,ok,0.0,0.0,0.0,0.0,17977.0,2015
2015-02-19,ok,0.0,0.0,0.0,0.0,17943.0,2015
2015-02-20,ok,355.0,385.0,2.0,209.0,17921.0,2015
2015-02-23,ok,0.0,0.0,0.0,0.0,18072.0,2015
2015-02-24,ok,155.0,170.0,1.0,329.0,18103.0,2015
2015-02-25,ok,0.0,0.0,0.0,0.0,18184.0,2015
2015-02-26,ok,0.0,0.0,0.0,0.0,18194.0,2015
2015-02-27,ok,-305.0,-260.0,3.0,90.0,18193.0,2015
2015-03-02,ok,335.0,350.0,1.0,359.0,18145.0,2015
2015-03-03,ok,-160.0,-130.0,2.0,240.0,18222.0,2015
2015-03-04,ok,-185.0,-170.0,1.0,359.0,18142.0,2015
2015-03-05,ok,0.0,0.0,0.0,0.0,18124.0,2015
2015-03-06,ok,515.0,530.0,1.0,269.0,18014.0,2015
2015-03-09,ok,310.0,325.0,1.0,359.0,17860.0,2015
2015-03-10,ok,210.0,240.0,2.0,329.0,17827.0,2015
2015-03-11,ok,0.0,0.0,0.0,0.0,17689.0,2015
2015-03-12,ok,415.0,430.0,1.0,359.0,17645.0,2015
2015-03-13,ok,20.0,35.0,1.0,329.0,17764.0,2015
2015-03-16,ok,280.0,295.0,1.0,359.0,17745.0,2015
2015-03-17,ok,-165.0,-135.0,2.0,60.0,17800.0,2015
2015-03-18,ok,365.0,380.0,1.0,89.0,17701.0,2015
2015-03-19,ok,-230.0,-215.0,1.0,30.0,17937.0,2015
2015-03-20,ok,-100.0,-70.0,2.0,180.0,17989.0,2015
2015-03-23,ok,0.0,0.0,0.0,0.0,18055.0,2015
2015-03-24,ok,0.0,0.0,0.0,0.0,18015.0,2015
2015-03-25,ok,1000.0,1030.0,2.0,299.0,17942.0,2015
2015-03-26,ok,0.0,0.0,0.0,0.0,17560.0,2015
2015-03-27,ok,0.0,0.0,0.0,0.0,17571.0,2015
2015-03-30,ok,-25.0,-10.0,1.0,359.0,17774.0,2015
2015-03-31,ok,0.0,0.0,0.0,0.0,17798.0,2015
2015-04-01,ok,-830.0,-785.0,3.0,299.0,17697.0,2015
2015-04-02,ok,-180.0,-165.0,1.0,90.0,17613.0,2015
2015-04-06,ok,180.0,195.0,1.0,329.0,17569.0,2015
2015-04-07,ok,-145.0,-115.0,2.0,60.0,17818.0,2015
2015-04-08,ok,-400.0,-385.0,1.0,60.0,17803.0,2015
2015-04-09,ok,0.0,0.0,0.0,0.0,17806.0,2015
2015-04-10,ok,0.0,0.0,0.0,0.0,17908.0,2015
2015-04-13,ok,0.0,0.0,0.0,0.0,17961.0,2015
2015-04-14,ok,0.0,0.0,0.0,0.0,17903.0,2015
2015-04-15,ok,0.0,0.0,0.0,0.0,18023.0,2015
2015-04-16,ok,0.0,0.0,0.0,0.0,18007.0,2015
2015-04-17,ok,225.0,240.0,1.0,359.0,17877.0,2015
2015-04-20,ok,-175.0,-145.0,2.0,329.0,17879.0,2015
2015-04-21,ok,-350.0,-305.0,3.0,149.0,18023.0,2015
2015-04-22,ok,0.0,0.0,0.0,0.0,17919.0,2015
2015-04-23,ok,-330.0,-300.0,2.0,119.0,17895.0,2015
2015-04-24,ok,0.0,0.0,0.0,0.0,18000.0,2015
2015-04-27,ok,0.0,0.0,0.0,0.0,18102.0,2015
2015-04-28,ok,-305.0,-290.0,1.0,30.0,17986.0,2015
2015-04-29,ok,0.0,0.0,0.0,0.0,17933.0,2015
2015-04-30,ok,135.0,180.0,3.0,299.0,17925.0,2015
2015-05-01,ok,-110.0,-95.0,1.0,30.0,17872.0,2015
2015-05-04,ok,-150.0,-135.0,1.0,60.0,17987.0,2015
2015-05-05,ok,115.0,145.0,2.0,239.0,17974.0,2015
2015-05-06,ok,-260.0,-230.0,2.0,269.0,17939.0,2015
2015-05-07,ok,30.0,45.0,1.0,240.0,17762.0,2015
2015-05-08,ok,-120.0,-90.0,2.0,60.0,18068.0,2015
2015-05-11,ok,0.0,0.0,0.0,0.0,18127.0,2015
2015-05-12,ok,25.0,40.0,1.0,30.0,17957.0,2015
2015-05-13,ok,0.0,0.0,0.0,0.0,18029.0,2015
2015-05-14,ok,0.0,15.0,1.0,90.0,18133.0,2015
2015-05-15,ok,0.0,0.0,0.0,0.0,18215.0,2015
2015-05-18,ok,0.0,0.0,0.0,0.0,18232.0,2015
2015-05-19,ok,0.0,0.0,0.0,0.0,18277.0,2015
2015-05-20,ok,0.0,0.0,0.0,0.0,18309.0,2015
2015-05-21,ok,0.0,0.0,0.0,0.0,18249.0,2015
2015-05-22,ok,0.0,0.0,0.0,0.0,18242.0,2015
2015-05-26,ok,265.0,280.0,1.0,359.0,18183.0,2015
2015-05-27,ok,-195.0,-150.0,3.0,299.0,18066.0,2015
2015-05-28,ok,-105.0,-90.0,1.0,30.0,18099.0,2015
2015-05-29,ok,300.0,315.0,1.0,359.0,18107.0,2015
2015-06-01,ok,0.0,0.0,0.0,0.0,18091.0,2015
2015-06-02,ok,0.0,0.0,0.0,0.0,17998.0,2015
2015-06-03,ok,-325.0,-310.0,1.0,90.0,18072.0,2015
2015-06-04,ok,140.0,155.0,1.0,239.0,17997.0,2015
2015-06-05,ok,-460.0,-415.0,3.0,89.0,17892.0,2015
2015-06-08,ok,-15.0,0.0,1.0,90.0,17836.0,2015
2015-06-09,ok,-250.0,-235.0,1.0,60.0,17762.0,2015
2015-06-10,ok,445.0,460.0,1.0,359.0,17820.0,2015
2015-06-11,ok,0.0,0.0,0.0,0.0,17968.0,2015
2015-06-12,ok,-75.0,-45.0,2.0,299.0,17891.0,2015
2015-06-15,ok,-20.0,-5.0,1.0,30.0,17687.0,2015
2015-06-16,ok,5.0,35.0,2.0,299.0,17707.0,2015
2015-06-17,ok,0.0,0.0,0.0,0.0,17864.0,2015
2015-06-18,ok,260.0,275.0,1.0,359.0,17925.0,2015
2015-06-19,ok,60.0,75.0,1.0,59.0,18008.0,2015
2015-06-22,ok,-175.0,-160.0,1.0,30.0,18046.0,2015
2015-06-23,ok,0.0,0.0,0.0,0.0,18062.0,2015
2015-06-24,ok,255.0,270.0,1.0,179.0,18008.0,2015
2015-06-25,ok,-140.0,-125.0,1.0,60.0,17949.0,2015
2015-06-26,ok,-195.0,-180.0,1.0,60.0,17858.0,2015
2015-06-29,ok,595.0,610.0,1.0,209.0,17696.0,2015
2015-06-30,ok,0.0,0.0,0.0,0.0,17629.0,2015
2015-07-01,ok,0.0,0.0,0.0,0.0,17682.0,2015
2015-07-02,ok,-10.0,5.0,1.0,30.0,17707.0,2015
2015-07-06,ok,0.0,0.0,0.0,0.0,17492.0,2015
2015-07-07,ok,-135.0,-120.0,1.0,180.0,17618.0,2015
2015-07-08,ok,-300.0,-255.0,3.0,149.0,17545.0,2015
2015-07-09,ok,0.0,0.0,0.0,0.0,17645.0,2015
2015-07-10,ok,0.0,0.0,0.0,0.0,17654.0,2015
2015-07-13,ok,-80.0,-50.0,2.0,89.0,17818.0,2015
2015-07-14,ok,-5.0,25.0,2.0,179.0,17876.0,2015
2015-07-15,ok,0.0,0.0,0.0,0.0,17961.0,2015
2015-07-16,ok,0.0,0.0,0.0,0.0,18054.0,2015
2015-07-17,ok,0.0,0.0,0.0,0.0,18000.0,2015
2015-07-20,ok,0.0,0.0,0.0,0.0,18035.0,2015
2015-07-21,ok,10.0,25.0,1.0,299.0,17913.0,2015
2015-07-22,ok,0.0,0.0,0.0,0.0,17793.0,2015
2015-07-23,ok,-50.0,-20.0,2.0,269.0,17775.0,2015
2015-07-24,ok,370.0,385.0,1.0,299.0,17664.0,2015
2015-07-27,ok,0.0,0.0,0.0,0.0,17383.0,2015
2015-07-28,ok,440.0,455.0,1.0,269.0,17417.0,2015
2015-07-29,ok,180.0,195.0,1.0,299.0,17576.0,2015
2015-07-30,ok,-395.0,-365.0,2.0,60.0,17640.0,2015
2015-07-31,ok,-360.0,-330.0,2.0,59.0,17713.0,2015
2015-08-03,ok,255.0,270.0,1.0,359.0,17627.0,2015
2015-08-04,ok,0.0,0.0,0.0,0.0,17516.0,2015
2015-08-05,ok,-340.0,-325.0,1.0,90.0,17525.0,2015
2015-08-06,ok,145.0,160.0,1.0,359.0,17494.0,2015
2015-08-07,ok,55.0,70.0,1.0,210.0,17328.0,2015
2015-08-10,ok,320.0,335.0,1.0,359.0,17419.0,2015
2015-08-11,ok,-225.0,-195.0,2.0,90.0,17400.0,2015
2015-08-12,ok,-110.0,-95.0,1.0,150.0,17221.0,2015
2015-08-13,ok,0.0,0.0,0.0,0.0,17336.0,2015
2015-08-14,ok,0.0,0.0,0.0,0.0,17357.0,2015
2015-08-17,ok,-510.0,-480.0,2.0,60.0,17364.0,2015
2015-08-18,ok,0.0,0.0,0.0,0.0,17465.0,2015
2015-08-19,ok,-270.0,-240.0,2.0,150.0,17371.0,2015
2015-08-20,ok,300.0,345.0,3.0,209.0,17159.0,2015
2015-08-21,ok,1205.0,1220.0,1.0,269.0,16767.0,2015
2015-08-24,ok,0.0,0.0,0.0,0.0,15598.0,2015
2015-08-25,ok,0.0,0.0,0.0,0.0,16325.0,2015
2015-08-26,ok,490.0,505.0,1.0,29.0,16031.0,2015
2015-08-27,ok,-650.0,-635.0,1.0,90.0,16469.0,2015
2015-08-28,ok,0.0,0.0,0.0,0.0,16560.0,2015
2015-08-31,ok,0.0,0.0,0.0,0.0,16518.0,2015
2015-09-01,ok,0.0,0.0,0.0,0.0,16135.0,2015
2015-09-02,ok,0.0,0.0,0.0,0.0,16275.0,2015
2015-09-03,ok,-195.0,-180.0,1.0,30.0,16417.0,2015
2015-09-04,ok,-210.0,-195.0,1.0,30.0,16130.0,2015
2015-09-08,ok,-25.0,-10.0,1.0,30.0,16367.0,2015
2015-09-09,ok,675.0,690.0,1.0,119.0,16640.0,2015
2015-09-10,ok,0.0,0.0,0.0,0.0,16146.0,2015
2015-09-11,ok,0.0,0.0,0.0,0.0,16179.0,2015
2015-09-14,ok,-110.0,-95.0,1.0,30.0,16335.0,2015
2015-09-15,ok,340.0,355.0,1.0,299.0,16321.0,2015
2015-09-16,ok,-225.0,-180.0,3.0,89.0,16531.0,2015
2015-09-17,ok,-805.0,-790.0,1.0,30.0,16631.0,2015
2015-09-18,ok,0.0,0.0,0.0,0.0,16317.0,2015
2015-09-21,ok,-330.0,-315.0,1.0,60.0,16386.0,2015
2015-09-22,ok,-375.0,-345.0,2.0,60.0,16189.0,2015
2015-09-23,ok,-120.0,-105.0,1.0,150.0,16244.0,2015
2015-09-24,ok,-50.0,-35.0,1.0,120.0,16031.0,2015
2015-09-25,ok,0.0,0.0,0.0,0.0,16298.0,2015
2015-09-28,ok,740.0,755.0,1.0,359.0,16125.0,2015
2015-09-29,ok,-230.0,-215.0,1.0,30.0,15918.0,2015
2015-09-30,ok,-105.0,-90.0,1.0,30.0,16124.0,2015
2015-10-01,ok,-570.0,-540.0,2.0,270.0,16223.0,2015
2015-10-02,ok,105.0,135.0,2.0,59.0,15970.0,2015
2015-10-05,ok,415.0,445.0,2.0,299.0,16491.0,2015
2015-10-06,ok,-385.0,-370.0,1.0,30.0,16683.0,2015
2015-10-07,ok,-320.0,-305.0,1.0,60.0,16791.0,2015
2015-10-08,ok,135.0,150.0,1.0,59.0,16780.0,2015
2015-10-09,ok,0.0,0.0,0.0,0.0,16972.0,2015
2015-10-12,ok,0.0,0.0,0.0,0.0,17000.0,2015
2015-10-13,ok,0.0,0.0,0.0,0.0,16941.0,2015
2015-10-14,ok,150.0,180.0,2.0,239.0,16970.0,2015
2015-10-15,ok,360.0,390.0,2.0,179.0,16871.0,2015
2015-10-16,ok,0.0,0.0,0.0,0.0,17094.0,2015
2015-10-19,ok,0.0,0.0,0.0,0.0,17056.0,2015
2015-10-20,ok,0.0,0.0,0.0,0.0,17088.0,2015
2015-10-21,ok,0.0,0.0,0.0,0.0,17171.0,2015
2015-10-22,ok,780.0,795.0,1.0,359.0,17184.0,2015
2015-10-23,ok,0.0,0.0,0.0,0.0,17533.0,2015
2015-10-26,ok,0.0,0.0,0.0,0.0,17562.0,2015
2015-10-27,ok,0.0,0.0,0.0,0.0,17472.0,2015
2015-10-28,ok,-145.0,-100.0,3.0,269.0,17534.0,2015
2015-10-29,ok,0.0,0.0,0.0,0.0,17646.0,2015
2015-10-30,ok,0.0,0.0,0.0,0.0,17696.0,2015
2015-11-02,ok,415.0,430.0,1.0,359.0,17617.0,2015
2015-11-03,ok,265.0,280.0,1.0,329.0,17726.0,2015
2015-11-04,ok,-85.0,-70.0,1.0,30.0,17884.0,2015
2015-11-05,ok,-690.0,-660.0,2.0,120.0,17803.0,2015
2015-11-06,ok,-210.0,-195.0,1.0,30.0,17793.0,2015
2015-11-09,ok,160.0,175.0,1.0,359.0,17791.0,2015
2015-11-10,ok,0.0,0.0,0.0,0.0,17633.0,2015
2015-11-11,ok,0.0,0.0,0.0,0.0,17751.0,2015
2015-11-12,ok,-320.0,-275.0,3.0,149.0,17531.0,2015
2015-11-13,ok,185.0,215.0,2.0,269.0,17343.0,2015
2015-11-16,ok,735.0,765.0,2.0,299.0,17162.0,2015
2015-11-17,ok,0.0,0.0,0.0,0.0,17490.0,2015
2015-11-18,ok,400.0,445.0,3.0,299.0,17502.0,2015
2015-11-19,ok,0.0,0.0,0.0,0.0,17653.0,2015
2015-11-20,ok,-135.0,-120.0,1.0,60.0,17800.0,2015
2015-11-23,ok,0.0,0.0,0.0,0.0,17789.0,2015
2015-11-24,ok,0.0,0.0,0.0,0.0,17656.0,2015
2015-11-25,ok,0.0,0.0,0.0,0.0,17801.0,2015
2015-11-27,ok,0.0,0.0,0.0,0.0,17765.0,2015
2015-11-30,ok,-145.0,-130.0,1.0,30.0,17806.0,2015
2015-12-01,ok,-605.0,-560.0,3.0,90.0,17772.0,2015
2015-12-02,ok,190.0,205.0,1.0,89.0,17853.0,2015
2015-12-03,ok,605.0,635.0,2.0,299.0,17755.0,2015
2015-12-04,ok,925.0,940.0,1.0,359.0,17503.0,2015
2015-12-07,ok,-115.0,-85.0,2.0,270.0,17788.0,2015
2015-12-08,ok,-430.0,-415.0,1.0,60.0,17571.0,2015
2015-12-09,ok,-545.0,-515.0,2.0,180.0,17522.0,2015
2015-12-10,ok,-195.0,-180.0,1.0,30.0,17410.0,2015
2015-12-11,ok,0.0,0.0,0.0,0.0,17253.0,2015
2015-12-14,ok,-475.0,-445.0,2.0,60.0,17199.0,2015
2015-12-15,ok,-465.0,-405.0,4.0,180.0,17412.0,2015
2015-12-16,ok,0.0,0.0,0.0,0.0,17572.0,2015
2015-12-17,ok,655.0,670.0,1.0,299.0,17706.0,2015
2015-12-18,ok,870.0,885.0,1.0,329.0,17307.0,2015
2015-12-21,ok,0.0,0.0,0.0,0.0,17149.0,2015
2015-12-22,ok,0.0,0.0,0.0,0.0,17244.0,2015
2015-12-23,ok,0.0,0.0,0.0,0.0,17464.0,2015
2015-12-24,ok,0.0,0.0,0.0,0.0,17492.0,2015
2015-12-28,ok,0.0,0.0,0.0,0.0,17376.0,2015
2015-12-29,ok,-90.0,-60.0,2.0,149.0,17557.0,2015
2015-12-30,ok,0.0,0.0,0.0,0.0,17587.0,2015
2015-12-31,ok,0.0,15.0,1.0,60.0,17444.0,2015
2016-01-04,ok,-610.0,-580.0,2.0,269.0,17029.0,2016
2016-01-05,ok,-730.0,-685.0,3.0,90.0,17073.0,2016
2016-01-06,ok,-300.0,-285.0,1.0,30.0,16817.0,2016
2016-01-07,ok,195.0,210.0,1.0,119.0,16516.0,2016
2016-01-08,ok,0.0,0.0,0.0,0.0,16523.0,2016
2016-01-11,ok,-265.0,-250.0,1.0,60.0,16330.0,2016
2016-01-12,ok,0.0,0.0,0.0,0.0,16435.0,2016
2016-01-13,ok,1300.0,1315.0,1.0,239.0,16469.0,2016
2016-01-14,ok,-575.0,-545.0,2.0,359.0,16124.0,2016
2016-01-15,ok,0.0,0.0,0.0,0.0,15856.0,2016
2016-01-19,ok,0.0,0.0,0.0,0.0,16076.0,2016
2016-01-20,ok,60.0,75.0,1.0,270.0,15653.0,2016
2016-01-21,ok,-430.0,-400.0,2.0,270.0,15700.0,2016
2016-01-22,ok,0.0,0.0,0.0,0.0,16013.0,2016
2016-01-25,ok,190.0,205.0,1.0,29.0,15973.0,2016
2016-01-26,ok,695.0,710.0,1.0,359.0,15877.0,2016
2016-01-27,ok,-405.0,-375.0,2.0,59.0,15989.0,2016
2016-01-28,ok,0.0,0.0,0.0,0.0,15986.0,2016
2016-01-29,ok,655.0,685.0,2.0,299.0,16097.0,2016
2016-02-01,ok,0.0,0.0,0.0,0.0,16275.0,2016
2016-02-02,ok,-45.0,-15.0,2.0,179.0,16188.0,2016
2016-02-03,ok,-395.0,-380.0,1.0,30.0,16174.0,2016
2016-02-04,ok,-265.0,-250.0,1.0,60.0,16218.0,2016
2016-02-05,ok,655.0,670.0,1.0,359.0,16318.0,2016
2016-02-08,ok,-205.0,-175.0,2.0,300.0,15936.0,2016
2016-02-09,ok,0.0,0.0,0.0,0.0,15779.0,2016
2016-02-10,ok,0.0,0.0,0.0,0.0,16026.0,2016
2016-02-11,"unknown:нет цены на отметке, нормы или цены исполнения",,,,,,2016
2016-02-12,ok,-20.0,25.0,3.0,179.0,15740.0,2016
2016-02-16,ok,0.0,0.0,0.0,0.0,16092.0,2016
2016-02-17,ok,205.0,220.0,1.0,329.0,16271.0,2016
2016-02-18,ok,0.0,0.0,0.0,0.0,16462.0,2016
2016-02-19,ok,0.0,0.0,0.0,0.0,16307.0,2016
2016-02-22,ok,-170.0,-155.0,1.0,30.0,16513.0,2016
2016-02-23,ok,175.0,190.0,1.0,299.0,16551.0,2016
2016-02-24,ok,-180.0,-165.0,1.0,60.0,16254.0,2016
2016-02-25,ok,-30.0,-15.0,1.0,30.0,16487.0,2016
2016-02-26,ok,0.0,0.0,0.0,0.0,16771.0,2016
2016-02-29,ok,0.0,0.0,0.0,0.0,16608.0,2016
2016-03-01,ok,805.0,820.0,1.0,329.0,16585.0,2016
2016-03-02,ok,0.0,0.0,0.0,0.0,16790.0,2016
2016-03-03,ok,0.0,0.0,0.0,0.0,16856.0,2016
2016-03-04,ok,-285.0,-270.0,1.0,30.0,16950.0,2016
2016-03-07,ok,-70.0,-55.0,1.0,30.0,16928.0,2016
2016-03-08,ok,0.0,0.0,0.0,0.0,16961.0,2016
2016-03-09,ok,0.0,0.0,0.0,0.0,17032.0,2016
2016-03-10,ok,-220.0,-205.0,1.0,270.0,16949.0,2016
2016-03-11,ok,-155.0,-125.0,2.0,120.0,17044.0,2016
2016-03-14,ok,0.0,0.0,0.0,0.0,17067.0,2016
2016-03-15,ok,0.0,0.0,0.0,0.0,17040.0,2016
2016-03-16,ok,-75.0,-60.0,1.0,29.0,17121.0,2016
2016-03-17,ok,385.0,400.0,1.0,299.0,17238.0,2016
2016-03-18,ok,-55.0,-40.0,1.0,30.0,17441.0,2016
2016-03-21,ok,0.0,0.0,0.0,0.0,17482.0,2016
2016-03-22,ok,0.0,0.0,0.0,0.0,17465.0,2016
2016-03-23,ok,0.0,0.0,0.0,0.0,17448.0,2016
2016-03-24,ok,0.0,0.0,0.0,0.0,17316.0,2016
2016-03-28,ok,0.0,0.0,0.0,0.0,17446.0,2016
2016-03-29,ok,-10.0,5.0,1.0,89.0,17383.0,2016
2016-03-30,ok,-105.0,-90.0,1.0,30.0,17644.0,2016
2016-03-31,ok,0.0,0.0,0.0,0.0,17615.0,2016
2016-04-01,ok,30.0,75.0,3.0,149.0,17490.0,2016
2016-04-04,ok,0.0,0.0,0.0,0.0,17694.0,2016
2016-04-05,ok,0.0,0.0,0.0,0.0,17538.0,2016
2016-04-06,ok,-355.0,-310.0,3.0,269.0,17521.0,2016
2016-04-07,ok,-225.0,-180.0,3.0,120.0,17508.0,2016
2016-04-08,ok,-150.0,-135.0,1.0,60.0,17558.0,2016
2016-04-11,ok,-425.0,-410.0,1.0,60.0,17550.0,2016
2016-04-12,ok,-60.0,-30.0,2.0,329.0,17494.0,2016
2016-04-13,ok,-330.0,-255.0,5.0,209.0,17729.0,2016
2016-04-14,ok,0.0,0.0,0.0,0.0,17833.0,2016
2016-04-15,ok,0.0,0.0,0.0,0.0,17849.0,2016
2016-04-18,ok,250.0,265.0,1.0,329.0,17756.0,2016
2016-04-19,ok,-100.0,-85.0,1.0,30.0,17957.0,2016
2016-04-20,ok,-105.0,-90.0,1.0,179.0,17950.0,2016
2016-04-21,ok,165.0,180.0,1.0,179.0,18006.0,2016
2016-04-22,ok,-150.0,-135.0,1.0,30.0,17902.0,2016
2016-04-25,ok,-235.0,-205.0,2.0,90.0,17862.0,2016
2016-04-26,ok,0.0,0.0,0.0,0.0,17934.0,2016
2016-04-27,ok,-220.0,-190.0,2.0,59.0,17858.0,2016
2016-04-28,ok,-175.0,-160.0,1.0,29.0,17850.0,2016
2016-04-29,ok,-315.0,-255.0,4.0,210.0,17677.0,2016
2016-05-02,ok,0.0,0.0,0.0,0.0,17740.0,2016
2016-05-03,ok,-80.0,-65.0,1.0,150.0,17686.0,2016
2016-05-04,ok,0.0,0.0,0.0,0.0,17587.0,2016
2016-05-05,ok,0.0,0.0,0.0,0.0,17612.0,2016
2016-05-06,ok,120.0,135.0,1.0,119.0,17508.0,2016
2016-05-09,ok,-360.0,-330.0,2.0,60.0,17656.0,2016
2016-05-10,ok,310.0,325.0,1.0,359.0,17711.0,2016
2016-05-11,ok,390.0,405.0,1.0,179.0,17803.0,2016
2016-05-12,ok,-195.0,-180.0,1.0,90.0,17722.0,2016
2016-05-13,ok,390.0,405.0,1.0,149.0,17638.0,2016
2016-05-16,ok,510.0,525.0,1.0,359.0,17492.0,2016
2016-05-17,ok,-125.0,-95.0,2.0,149.0,17625.0,2016
2016-05-18,ok,-1050.0,-1020.0,2.0,120.0,17442.0,2016
2016-05-19,ok,-175.0,-160.0,1.0,210.0,17425.0,2016
2016-05-20,ok,-85.0,-70.0,1.0,180.0,17451.0,2016
2016-05-23,ok,0.0,0.0,0.0,0.0,17474.0,2016
2016-05-24,ok,220.0,235.0,1.0,359.0,17562.0,2016
2016-05-25,ok,75.0,90.0,1.0,359.0,17740.0,2016
2016-05-26,ok,0.0,0.0,0.0,0.0,17846.0,2016
2016-05-27,ok,0.0,0.0,0.0,0.0,17819.0,2016
2016-05-31,ok,-85.0,-55.0,2.0,209.0,17886.0,2016
2016-06-01,ok,0.0,0.0,0.0,0.0,17689.0,2016
2016-06-02,ok,0.0,0.0,0.0,0.0,17729.0,2016
2016-06-03,ok,-175.0,-160.0,1.0,60.0,17779.0,2016
2016-06-06,ok,-135.0,-90.0,3.0,120.0,17843.0,2016
2016-06-07,ok,0.0,0.0,0.0,0.0,17940.0,2016
2016-06-08,ok,-185.0,-170.0,1.0,30.0,17956.0,2016
2016-06-09,ok,0.0,0.0,0.0,0.0,17838.0,2016
2016-06-10,ok,0.0,0.0,0.0,0.0,17765.0,2016
2016-06-13,ok,0.0,0.0,0.0,0.0,17700.0,2016
2016-06-14,ok,-755.0,-710.0,3.0,180.0,17602.0,2016
2016-06-15,ok,0.0,0.0,0.0,0.0,17624.0,2016
2016-06-16,ok,-490.0,-460.0,2.0,119.0,17470.0,2016
2016-06-17,ok,-75.0,-60.0,1.0,240.0,17637.0,2016
2016-06-20,ok,-75.0,-60.0,1.0,90.0,17766.0,2016
2016-06-21,ok,0.0,0.0,0.0,0.0,17741.0,2016
2016-06-22,ok,-430.0,-400.0,2.0,90.0,17759.0,2016
2016-06-23,ok,-70.0,-55.0,1.0,30.0,17833.0,2016
2016-06-24,ok,-80.0,-65.0,1.0,29.0,17383.0,2016
2016-06-27,ok,140.0,155.0,1.0,359.0,17163.0,2016
2016-06-28,ok,-65.0,-50.0,1.0,30.0,17206.0,2016
2016-06-29,ok,315.0,330.0,1.0,269.0,17436.0,2016
2016-06-30,ok,615.0,630.0,1.0,269.0,17631.0,2016
2016-07-01,ok,-170.0,-140.0,2.0,120.0,17812.0,2016
2016-07-05,ok,50.0,65.0,1.0,120.0,17781.0,2016
2016-07-06,ok,-555.0,-510.0,3.0,90.0,17686.0,2016
2016-07-07,ok,-185.0,-155.0,2.0,90.0,17835.0,2016
2016-07-08,ok,240.0,255.0,1.0,269.0,17927.0,2016
2016-07-11,ok,-155.0,-125.0,2.0,180.0,18107.0,2016
2016-07-12,ok,0.0,0.0,0.0,0.0,18225.0,2016
2016-07-13,ok,0.0,0.0,0.0,0.0,18292.0,2016
2016-07-14,ok,0.0,0.0,0.0,0.0,18425.0,2016
2016-07-15,ok,0.0,0.0,0.0,0.0,18478.0,2016
2016-07-18,ok,0.0,0.0,0.0,0.0,18428.0,2016
2016-07-19,ok,0.0,0.0,0.0,0.0,18446.0,2016
2016-07-20,ok,0.0,0.0,0.0,0.0,18532.0,2016
2016-07-21,ok,50.0,65.0,1.0,239.0,18503.0,2016
2016-07-22,ok,0.0,0.0,0.0,0.0,18450.0,2016
2016-07-25,ok,55.0,70.0,1.0,359.0,18467.0,2016
2016-07-26,ok,-395.0,-365.0,2.0,90.0,18396.0,2016
2016-07-27,ok,0.0,0.0,0.0,0.0,18453.0,2016
2016-07-28,ok,40.0,55.0,1.0,150.0,18373.0,2016
2016-07-29,ok,0.0,0.0,0.0,0.0,18329.0,2016
2016-08-01,ok,-380.0,-335.0,3.0,179.0,18367.0,2016
2016-08-02,ok,225.0,240.0,1.0,359.0,18322.0,2016
2016-08-03,ok,0.0,0.0,0.0,0.0,18230.0,2016
2016-08-04,ok,0.0,0.0,0.0,0.0,18299.0,2016
2016-08-05,ok,145.0,160.0,1.0,359.0,18380.0,2016
2016-08-08,ok,0.0,0.0,0.0,0.0,18485.0,2016
2016-08-09,ok,0.0,15.0,1.0,30.0,18480.0,2016
2016-08-10,ok,-115.0,-100.0,1.0,30.0,18474.0,2016
2016-08-11,ok,25.0,40.0,1.0,299.0,18512.0,2016
2016-08-12,ok,0.0,0.0,0.0,0.0,18544.0,2016
2016-08-15,ok,10.0,25.0,1.0,120.0,18572.0,2016
2016-08-16,ok,0.0,0.0,0.0,0.0,18545.0,2016
2016-08-17,ok,-155.0,-125.0,2.0,120.0,18503.0,2016
2016-08-18,ok,0.0,0.0,0.0,0.0,18537.0,2016
2016-08-19,ok,-295.0,-280.0,1.0,30.0,18519.0,2016
2016-08-22,ok,0.0,0.0,0.0,0.0,18489.0,2016
2016-08-23,ok,0.0,0.0,0.0,0.0,18580.0,2016
2016-08-24,ok,-10.0,5.0,1.0,29.0,18506.0,2016
2016-08-25,ok,0.0,0.0,0.0,0.0,18420.0,2016
2016-08-26,ok,-295.0,-265.0,2.0,359.0,18454.0,2016
2016-08-29,ok,150.0,165.0,1.0,359.0,18383.0,2016
2016-08-30,ok,-85.0,-55.0,2.0,299.0,18484.0,2016
2016-08-31,ok,-195.0,-165.0,2.0,180.0,18409.0,2016
2016-09-01,ok,-195.0,-180.0,1.0,120.0,18381.0,2016
2016-09-02,ok,-45.0,-30.0,1.0,30.0,18490.0,2016
2016-09-06,ok,0.0,0.0,0.0,0.0,18515.0,2016
2016-09-07,ok,0.0,0.0,0.0,0.0,18518.0,2016
2016-09-08,ok,0.0,0.0,0.0,0.0,18391.0,2016
2016-09-09,ok,1165.0,1180.0,1.0,359.0,18273.0,2016
2016-09-12,ok,810.0,840.0,2.0,299.0,17914.0,2016
2016-09-13,ok,375.0,390.0,1.0,359.0,18110.0,2016
2016-09-14,ok,-595.0,-550.0,3.0,89.0,17989.0,2016
2016-09-15,ok,550.0,565.0,1.0,329.0,17953.0,2016
2016-09-16,ok,0.0,0.0,0.0,0.0,18071.0,2016
2016-09-19,ok,-100.0,-85.0,1.0,30.0,18113.0,2016
2016-09-20,ok,0.0,0.0,0.0,0.0,18117.0,2016
2016-09-21,ok,0.0,0.0,0.0,0.0,18119.0,2016
2016-09-22,ok,-25.0,-10.0,1.0,30.0,18310.0,2016
2016-09-23,ok,-215.0,-200.0,1.0,90.0,18282.0,2016
2016-09-26,ok,-235.0,-190.0,3.0,120.0,18084.0,2016
2016-09-27,ok,145.0,175.0,2.0,329.0,17999.0,2016
2016-09-28,ok,0.0,0.0,0.0,0.0,18173.0,2016
2016-09-29,ok,150.0,165.0,1.0,179.0,18225.0,2016
2016-09-30,ok,-145.0,-130.0,1.0,269.0,18145.0,2016
2016-10-03,ok,-75.0,-60.0,1.0,30.0,18176.0,2016
2016-10-04,ok,-470.0,-440.0,2.0,179.0,18187.0,2016
2016-10-05,ok,120.0,135.0,1.0,180.0,18150.0,2016
2016-10-06,ok,-375.0,-360.0,1.0,120.0,18168.0,2016
2016-10-07,ok,-480.0,-435.0,3.0,150.0,18215.0,2016
2016-10-10,ok,-70.0,-55.0,1.0,90.0,18254.0,2016
2016-10-11,ok,510.0,525.0,1.0,359.0,18222.0,2016
2016-10-12,ok,0.0,0.0,0.0,0.0,18041.0,2016
2016-10-13,ok,-75.0,-60.0,1.0,60.0,17938.0,2016
2016-10-14,ok,0.0,0.0,0.0,0.0,18134.0,2016
2016-10-17,ok,-250.0,-235.0,1.0,30.0,18059.0,2016
2016-10-18,ok,0.0,0.0,0.0,0.0,18136.0,2016
2016-10-19,ok,0.0,0.0,0.0,0.0,18111.0,2016
2016-10-20,ok,0.0,0.0,0.0,0.0,18096.0,2016
2016-10-21,ok,0.0,0.0,0.0,0.0,17994.0,2016
2016-10-24,ok,0.0,0.0,0.0,0.0,18176.0,2016
2016-10-25,ok,0.0,0.0,0.0,0.0,18123.0,2016
2016-10-26,ok,-30.0,-15.0,1.0,60.0,17996.0,2016
2016-10-27,ok,0.0,0.0,0.0,0.0,18173.0,2016
2016-10-28,ok,-395.0,-380.0,1.0,30.0,18122.0,2016
2016-10-31,ok,0.0,0.0,0.0,0.0,18094.0,2016
2016-11-01,ok,380.0,395.0,1.0,269.0,18090.0,2016
2016-11-02,ok,0.0,0.0,0.0,0.0,17904.0,2016
2016-11-03,ok,0.0,0.0,0.0,0.0,17909.0,2016
2016-11-04,ok,0.0,0.0,0.0,0.0,17839.0,2016
2016-11-07,ok,365.0,380.0,1.0,299.0,18054.0,2016
2016-11-08,ok,90.0,105.0,1.0,269.0,18160.0,2016
2016-11-09,ok,500.0,530.0,2.0,299.0,18121.0,2016
2016-11-10,ok,-225.0,-195.0,2.0,209.0,18617.0,2016
2016-11-11,ok,0.0,0.0,0.0,0.0,18725.0,2016
2016-11-14,ok,0.0,0.0,0.0,0.0,18851.0,2016
2016-11-15,ok,-45.0,-30.0,1.0,60.0,18818.0,2016
2016-11-16,ok,0.0,0.0,0.0,0.0,18831.0,2016
2016-11-17,ok,0.0,0.0,0.0,0.0,18838.0,2016
2016-11-18,ok,0.0,0.0,0.0,0.0,18882.0,2016
2016-11-21,ok,0.0,0.0,0.0,0.0,18871.0,2016
2016-11-22,ok,0.0,0.0,0.0,0.0,18982.0,2016
2016-11-23,ok,0.0,0.0,0.0,0.0,18985.0,2016
2016-11-25,ok,0.0,0.0,0.0,0.0,19107.0,2016
2016-11-28,ok,-140.0,-125.0,1.0,30.0,19089.0,2016
2016-11-29,ok,0.0,0.0,0.0,0.0,19083.0,2016
2016-11-30,ok,0.0,0.0,0.0,0.0,19180.0,2016
2016-12-01,ok,0.0,0.0,0.0,0.0,19167.0,2016
2016-12-02,ok,-210.0,-180.0,2.0,150.0,19183.0,2016
2016-12-05,ok,0.0,0.0,0.0,0.0,19245.0,2016
2016-12-06,ok,-75.0,-60.0,1.0,60.0,19221.0,2016
2016-12-07,ok,1345.0,1360.0,1.0,329.0,19239.0,2016
2016-12-08,ok,-115.0,-85.0,2.0,150.0,19504.0,2016
2016-12-09,ok,520.0,535.0,1.0,359.0,19575.0,2016
2016-12-12,ok,-265.0,-235.0,2.0,90.0,19708.0,2016
2016-12-13,ok,-225.0,-210.0,1.0,60.0,19823.0,2016
2016-12-14,ok,115.0,130.0,1.0,89.0,19825.0,2016
2016-12-15,ok,-250.0,-235.0,1.0,240.0,19772.0,2016
2016-12-16,ok,-300.0,-285.0,1.0,60.0,19831.0,2016
2016-12-19,ok,-125.0,-110.0,1.0,120.0,19799.0,2016
2016-12-20,ok,-185.0,-170.0,1.0,120.0,19882.0,2016
2016-12-21,ok,0.0,0.0,0.0,0.0,19910.0,2016
2016-12-22,ok,-15.0,0.0,1.0,120.0,19882.0,2016
2016-12-23,ok,0.0,0.0,0.0,0.0,19854.0,2016
2016-12-27,ok,-40.0,-25.0,1.0,60.0,19884.0,2016
2016-12-28,ok,255.0,300.0,3.0,299.0,19918.0,2016
2016-12-29,ok,0.0,0.0,0.0,0.0,19768.0,2016
2016-12-30,ok,-105.0,-60.0,3.0,209.0,19785.0,2016
2017-01-03,ok,0.0,0.0,0.0,0.0,19852.0,2017
2017-01-04,ok,0.0,0.0,0.0,0.0,19825.0,2017
2017-01-05,ok,-240.0,-210.0,2.0,210.0,19848.0,2017
2017-01-06,ok,65.0,80.0,1.0,269.0,19818.0,2017
2017-01-09,ok,0.0,0.0,0.0,0.0,19850.0,2017
2017-01-10,ok,-5.0,10.0,1.0,90.0,19810.0,2017
2017-01-11,ok,-130.0,-85.0,3.0,149.0,19806.0,2017
2017-01-12,ok,-110.0,-95.0,1.0,240.0,19829.0,2017
2017-01-13,ok,0.0,0.0,0.0,0.0,19831.0,2017
2017-01-17,ok,-205.0,-190.0,1.0,59.0,19765.0,2017
2017-01-18,ok,0.0,0.0,0.0,0.0,19750.0,2017
2017-01-19,ok,80.0,95.0,1.0,149.0,19745.0,2017
2017-01-20,ok,-35.0,-20.0,1.0,90.0,19722.0,2017
2017-01-23,ok,35.0,50.0,1.0,120.0,19740.0,2017
2017-01-24,ok,285.0,300.0,1.0,269.0,19740.0,2017
2017-01-25,ok,-80.0,-50.0,2.0,90.0,19963.0,2017
2017-01-26,ok,0.0,0.0,0.0,0.0,20017.0,2017
2017-01-27,ok,0.0,0.0,0.0,0.0,20027.0,2017
2017-01-30,ok,-25.0,-10.0,1.0,359.0,19946.0,2017
2017-01-31,ok,-150.0,-135.0,1.0,329.0,19830.0,2017
2017-02-01,ok,0.0,0.0,0.0,0.0,19871.0,2017
2017-02-02,ok,0.0,0.0,0.0,0.0,19773.0,2017
2017-02-03,ok,215.0,230.0,1.0,329.0,19914.0,2017
2017-02-06,ok,0.0,0.0,0.0,0.0,19948.0,2017
2017-02-07,ok,-35.0,-20.0,1.0,30.0,20042.0,2017
2017-02-08,ok,0.0,0.0,0.0,0.0,20001.0,2017
2017-02-09,ok,235.0,250.0,1.0,329.0,20032.0,2017
2017-02-10,ok,-75.0,-60.0,1.0,30.0,20177.0,2017
2017-02-13,ok,235.0,250.0,1.0,359.0,20289.0,2017
2017-02-14,ok,200.0,215.0,1.0,179.0,20354.0,2017
2017-02-15,ok,150.0,180.0,2.0,329.0,20490.0,2017
2017-02-16,ok,0.0,0.0,0.0,0.0,20603.0,2017
2017-02-17,ok,0.0,0.0,0.0,0.0,20515.0,2017
2017-02-21,ok,-145.0,-115.0,2.0,119.0,20655.0,2017
2017-02-22,ok,0.0,0.0,0.0,0.0,20686.0,2017
2017-02-23,ok,0.0,0.0,0.0,0.0,20803.0,2017
2017-02-24,ok,0.0,0.0,0.0,0.0,20711.0,2017
2017-02-27,ok,0.0,0.0,0.0,0.0,20770.0,2017
2017-02-28,ok,0.0,0.0,0.0,0.0,20801.0,2017
2017-03-01,ok,345.0,360.0,1.0,359.0,20992.0,2017
2017-03-02,ok,115.0,145.0,2.0,59.0,21112.0,2017
2017-03-03,ok,0.0,0.0,0.0,0.0,21007.0,2017
2017-03-06,ok,0.0,0.0,0.0,0.0,20914.0,2017
2017-03-07,ok,0.0,0.0,0.0,0.0,20923.0,2017
2017-03-08,ok,0.0,0.0,0.0,0.0,20953.0,2017
2017-03-09,ok,-80.0,-65.0,1.0,30.0,20818.0,2017
2017-03-10,ok,0.0,0.0,0.0,0.0,20908.0,2017
2017-03-13,ok,-220.0,-175.0,3.0,120.0,20867.0,2017
2017-03-14,ok,-120.0,-105.0,1.0,30.0,20796.0,2017
2017-03-15,ok,-50.0,-20.0,2.0,119.0,20831.0,2017
2017-03-16,ok,-270.0,-240.0,2.0,90.0,20953.0,2017
2017-03-17,ok,0.0,0.0,0.0,0.0,20924.0,2017
2017-03-20,ok,0.0,0.0,0.0,0.0,20870.0,2017
2017-03-21,ok,850.0,865.0,1.0,329.0,20901.0,2017
2017-03-22,ok,-190.0,-175.0,1.0,60.0,20583.0,2017
2017-03-23,ok,-340.0,-310.0,2.0,180.0,20573.0,2017
2017-03-24,ok,-100.0,-85.0,1.0,59.0,20646.0,2017
2017-03-27,ok,0.0,0.0,0.0,0.0,20397.0,2017
2017-03-28,ok,500.0,515.0,1.0,299.0,20469.0,2017
2017-03-29,ok,0.0,0.0,0.0,0.0,20613.0,2017
2017-03-30,ok,-220.0,-190.0,2.0,120.0,20593.0,2017
2017-03-31,ok,0.0,0.0,0.0,0.0,20633.0,2017
2017-04-03,ok,-80.0,-65.0,1.0,210.0,20610.0,2017
2017-04-04,ok,0.0,0.0,0.0,0.0,20563.0,2017
2017-04-05,ok,-270.0,-240.0,2.0,180.0,20716.0,2017
2017-04-06,ok,-100.0,-85.0,1.0,30.0,20597.0,2017
2017-04-07,ok,-270.0,-255.0,1.0,30.0,20581.0,2017
2017-04-10,ok,60.0,75.0,1.0,90.0,20605.0,2017
2017-04-11,ok,-125.0,-110.0,1.0,120.0,20579.0,2017
2017-04-12,ok,-245.0,-215.0,2.0,150.0,20579.0,2017
2017-04-13,ok,0.0,0.0,0.0,0.0,20485.0,2017
2017-04-17,ok,325.0,340.0,1.0,209.0,20449.0,2017
2017-04-18,ok,-155.0,-140.0,1.0,90.0,20487.0,2017
2017-04-19,ok,305.0,320.0,1.0,209.0,20469.0,2017
2017-04-20,ok,440.0,455.0,1.0,299.0,20378.0,2017
2017-04-21,ok,0.0,0.0,0.0,0.0,20520.0,2017
2017-04-24,ok,0.0,0.0,0.0,0.0,20696.0,2017
2017-04-25,ok,155.0,170.0,1.0,359.0,20866.0,2017
2017-04-26,ok,-180.0,-165.0,1.0,30.0,20950.0,2017
2017-04-27,ok,0.0,0.0,0.0,0.0,20939.0,2017
2017-04-28,ok,0.0,0.0,0.0,0.0,20914.0,2017
2017-05-01,ok,0.0,0.0,0.0,0.0,20904.0,2017
2017-05-02,ok,0.0,0.0,0.0,0.0,20874.0,2017
2017-05-03,ok,0.0,0.0,0.0,0.0,20848.0,2017
2017-05-04,ok,-365.0,-335.0,2.0,60.0,20917.0,2017
2017-05-05,ok,0.0,0.0,0.0,0.0,20864.0,2017
2017-05-08,ok,-60.0,-45.0,1.0,30.0,20932.0,2017
2017-05-09,ok,0.0,0.0,0.0,0.0,20969.0,2017
2017-05-10,ok,0.0,0.0,0.0,0.0,20873.0,2017
2017-05-11,ok,-370.0,-355.0,1.0,150.0,20866.0,2017
2017-05-12,ok,0.0,0.0,0.0,0.0,20848.0,2017
2017-05-15,ok,65.0,80.0,1.0,359.0,20893.0,2017
2017-05-16,ok,0.0,0.0,0.0,0.0,20984.0,2017
2017-05-17,ok,720.0,735.0,1.0,359.0,20763.0,2017
2017-05-18,ok,-160.0,-130.0,2.0,209.0,20548.0,2017
2017-05-19,ok,290.0,305.0,1.0,359.0,20680.0,2017
2017-05-22,ok,-135.0,-120.0,1.0,60.0,20840.0,2017
2017-05-23,ok,0.0,0.0,0.0,0.0,20922.0,2017
2017-05-24,ok,0.0,0.0,0.0,0.0,20935.0,2017
2017-05-25,ok,0.0,0.0,0.0,0.0,21054.0,2017
2017-05-26,ok,0.0,0.0,0.0,0.0,21053.0,2017
2017-05-30,ok,0.0,0.0,0.0,0.0,21033.0,2017
2017-05-31,ok,-340.0,-280.0,4.0,210.0,21036.0,2017
2017-06-01,ok,280.0,295.0,1.0,179.0,21027.0,2017
2017-06-02,ok,-40.0,-10.0,2.0,269.0,21146.0,2017
2017-06-05,ok,0.0,0.0,0.0,0.0,21188.0,2017
2017-06-06,ok,0.0,0.0,0.0,0.0,21130.0,2017
2017-06-07,ok,0.0,0.0,0.0,0.0,21158.0,2017
2017-06-08,ok,0.0,0.0,0.0,0.0,21110.0,2017
2017-06-09,ok,-100.0,-85.0,1.0,240.0,21177.0,2017
2017-06-12,ok,-235.0,-205.0,2.0,299.0,21197.0,2017
2017-06-13,ok,135.0,150.0,1.0,269.0,21227.0,2017
2017-06-14,ok,0.0,0.0,0.0,0.0,21313.0,2017
2017-06-15,ok,0.0,0.0,0.0,0.0,21234.0,2017
2017-06-16,ok,-95.0,-80.0,1.0,60.0,21311.0,2017
2017-06-19,ok,-180.0,-120.0,4.0,179.0,21414.0,2017
2017-06-20,ok,0.0,0.0,0.0,0.0,21468.0,2017
2017-06-21,ok,-120.0,-90.0,2.0,239.0,21444.0,2017
2017-06-22,ok,0.0,0.0,0.0,0.0,21378.0,2017
2017-06-23,ok,0.0,0.0,0.0,0.0,21321.0,2017
2017-06-26,ok,-455.0,-440.0,1.0,60.0,21403.0,2017
2017-06-27,ok,75.0,105.0,2.0,59.0,21350.0,2017
2017-06-28,ok,85.0,100.0,1.0,299.0,21338.0,2017
2017-06-29,ok,650.0,665.0,1.0,329.0,21414.0,2017
2017-06-30,ok,-85.0,-70.0,1.0,30.0,21302.0,2017
2017-07-03,ok,-55.0,-40.0,1.0,179.0,21366.0,2017
2017-07-05,ok,-65.0,-50.0,1.0,60.0,21442.0,2017
2017-07-06,ok,-75.0,-30.0,3.0,209.0,21376.0,2017
2017-07-07,ok,-55.0,-40.0,1.0,120.0,21318.0,2017
2017-07-10,ok,0.0,0.0,0.0,0.0,21334.0,2017
2017-07-11,ok,-430.0,-415.0,1.0,30.0,21356.0,2017
2017-07-12,ok,-85.0,-70.0,1.0,60.0,21455.0,2017
2017-07-13,ok,0.0,0.0,0.0,0.0,21483.0,2017
2017-07-14,ok,135.0,150.0,1.0,179.0,21487.0,2017
2017-07-17,ok,0.0,0.0,0.0,0.0,21590.0,2017
2017-07-18,ok,-40.0,-25.0,1.0,30.0,21520.0,2017
2017-07-19,ok,0.0,0.0,0.0,0.0,21538.0,2017
2017-07-20,ok,-195.0,-180.0,1.0,60.0,21607.0,2017
2017-07-21,ok,-260.0,-245.0,1.0,30.0,21500.0,2017
2017-07-24,ok,-90.0,-75.0,1.0,330.0,21527.0,2017
2017-07-25,ok,0.0,0.0,0.0,0.0,21612.0,2017
2017-07-26,ok,0.0,0.0,0.0,0.0,21654.0,2017
2017-07-27,ok,-285.0,-255.0,2.0,90.0,21694.0,2017
2017-07-28,ok,0.0,0.0,0.0,0.0,21721.0,2017
2017-07-31,ok,-55.0,-40.0,1.0,150.0,21830.0,2017
2017-08-01,ok,0.0,0.0,0.0,0.0,21941.0,2017
2017-08-02,ok,0.0,0.0,0.0,0.0,21951.0,2017
2017-08-03,ok,0.0,0.0,0.0,0.0,21959.0,2017
2017-08-04,ok,0.0,0.0,0.0,0.0,22028.0,2017
2017-08-07,ok,0.0,0.0,0.0,0.0,22042.0,2017
2017-08-08,ok,-250.0,-220.0,2.0,180.0,22044.0,2017
2017-08-09,ok,-200.0,-185.0,1.0,89.0,22001.0,2017
2017-08-10,ok,470.0,485.0,1.0,359.0,21946.0,2017
2017-08-11,ok,-325.0,-295.0,2.0,150.0,21833.0,2017
2017-08-14,ok,-175.0,-145.0,2.0,299.0,21942.0,2017
2017-08-15,ok,0.0,0.0,0.0,0.0,22000.0,2017
2017-08-16,ok,-140.0,-110.0,2.0,150.0,22026.0,2017
2017-08-17,ok,890.0,905.0,1.0,359.0,21952.0,2017
2017-08-18,ok,-220.0,-205.0,1.0,90.0,21704.0,2017
2017-08-21,ok,-105.0,-90.0,1.0,60.0,21651.0,2017
2017-08-22,ok,425.0,440.0,1.0,359.0,21745.0,2017
2017-08-23,ok,0.0,0.0,0.0,0.0,21803.0,2017
2017-08-24,ok,-140.0,-125.0,1.0,30.0,21853.0,2017
2017-08-25,ok,-195.0,-180.0,1.0,60.0,21827.0,2017
2017-08-28,ok,-125.0,-110.0,1.0,30.0,21849.0,2017
2017-08-29,ok,60.0,75.0,1.0,59.0,21670.0,2017
2017-08-30,ok,0.0,0.0,0.0,0.0,21864.0,2017
2017-08-31,ok,0.0,0.0,0.0,0.0,21945.0,2017
2017-09-01,ok,0.0,0.0,0.0,0.0,21995.0,2017
2017-09-05,ok,525.0,540.0,1.0,329.0,21922.0,2017
2017-09-06,ok,0.0,0.0,0.0,0.0,21833.0,2017
2017-09-07,ok,-530.0,-470.0,4.0,179.0,21791.0,2017
2017-09-08,ok,0.0,0.0,0.0,0.0,21711.0,2017
2017-09-11,ok,235.0,250.0,1.0,329.0,21912.0,2017
2017-09-12,ok,0.0,0.0,0.0,0.0,22073.0,2017
2017-09-13,ok,0.0,0.0,0.0,0.0,22072.0,2017
2017-09-14,ok,0.0,0.0,0.0,0.0,22104.0,2017
2017-09-15,ok,0.0,0.0,0.0,0.0,22178.0,2017
2017-09-18,ok,-50.0,-35.0,1.0,30.0,22264.0,2017
2017-09-19,ok,0.0,0.0,0.0,0.0,22308.0,2017
2017-09-20,ok,0.0,0.0,0.0,0.0,22331.0,2017
2017-09-21,ok,0.0,0.0,0.0,0.0,22360.0,2017
2017-09-22,ok,0.0,0.0,0.0,0.0,22294.0,2017
2017-09-25,ok,20.0,35.0,1.0,120.0,22275.0,2017
2017-09-26,ok,-125.0,-110.0,1.0,30.0,22288.0,2017
2017-09-27,ok,0.0,0.0,0.0,0.0,22306.0,2017
2017-09-28,ok,-75.0,-60.0,1.0,209.0,22254.0,2017
2017-09-29,ok,0.0,0.0,0.0,0.0,22303.0,2017
2017-10-02,ok,390.0,405.0,1.0,359.0,22371.0,2017
2017-10-03,ok,75.0,105.0,2.0,299.0,22536.0,2017
2017-10-04,ok,0.0,15.0,1.0,30.0,22587.0,2017
2017-10-05,ok,315.0,330.0,1.0,269.0,22620.0,2017
2017-10-06,ok,0.0,0.0,0.0,0.0,22696.0,2017
2017-10-09,ok,0.0,0.0,0.0,0.0,22736.0,2017
2017-10-10,ok,-230.0,-215.0,1.0,30.0,22768.0,2017
2017-10-11,ok,0.0,0.0,0.0,0.0,22787.0,2017
2017-10-12,ok,0.0,0.0,0.0,0.0,22798.0,2017
2017-10-13,ok,-125.0,-110.0,1.0,30.0,22826.0,2017
2017-10-16,ok,-185.0,-170.0,1.0,30.0,22852.0,2017
2017-10-17,ok,0.0,0.0,0.0,0.0,22920.0,2017
2017-10-18,ok,35.0,65.0,2.0,269.0,23054.0,2017
2017-10-19,ok,0.0,0.0,0.0,0.0,23028.0,2017
2017-10-20,ok,150.0,195.0,3.0,179.0,23206.0,2017
2017-10-23,ok,0.0,0.0,0.0,0.0,23309.0,2017
2017-10-24,ok,-65.0,-50.0,1.0,300.0,23367.0,2017
2017-10-25,ok,445.0,460.0,1.0,359.0,23403.0,2017
2017-10-26,ok,-235.0,-205.0,2.0,60.0,23361.0,2017
2017-10-27,ok,-85.0,-70.0,1.0,30.0,23353.0,2017
2017-10-30,ok,0.0,0.0,0.0,0.0,23308.0,2017
2017-10-31,ok,0.0,0.0,0.0,0.0,23319.0,2017
2017-11-01,ok,0.0,0.0,0.0,0.0,23441.0,2017
2017-11-02,ok,-95.0,-65.0,2.0,59.0,23384.0,2017
2017-11-03,ok,-50.0,-35.0,1.0,30.0,23473.0,2017
2017-11-06,ok,0.0,0.0,0.0,0.0,23471.0,2017
2017-11-07,ok,-460.0,-430.0,2.0,119.0,23509.0,2017
2017-11-08,ok,-70.0,-55.0,1.0,30.0,23477.0,2017
2017-11-09,ok,-100.0,-85.0,1.0,120.0,23395.0,2017
2017-11-10,ok,-115.0,-100.0,1.0,30.0,23394.0,2017
2017-11-13,ok,0.0,0.0,0.0,0.0,23307.0,2017
2017-11-14,ok,-230.0,-215.0,1.0,60.0,23335.0,2017
2017-11-15,ok,-135.0,-120.0,1.0,30.0,23261.0,2017
2017-11-16,ok,130.0,145.0,1.0,329.0,23353.0,2017
2017-11-17,ok,0.0,0.0,0.0,0.0,23356.0,2017
2017-11-20,ok,55.0,70.0,1.0,359.0,23356.0,2017
2017-11-21,ok,80.0,95.0,1.0,359.0,23503.0,2017
2017-11-22,ok,35.0,50.0,1.0,269.0,23577.0,2017
2017-11-24,ok,0.0,0.0,0.0,0.0,23530.0,2017
2017-11-27,ok,-125.0,-110.0,1.0,90.0,23529.0,2017
2017-11-28,ok,480.0,510.0,2.0,209.0,23618.0,2017
2017-11-29,ok,-165.0,-150.0,1.0,30.0,23893.0,2017
2017-11-30,ok,885.0,900.0,1.0,329.0,24039.0,2017
2017-12-01,ok,-1240.0,-1210.0,2.0,239.0,24292.0,2017
2017-12-04,ok,-280.0,-265.0,1.0,30.0,24480.0,2017
2017-12-05,ok,-15.0,15.0,2.0,89.0,24351.0,2017
2017-12-06,ok,0.0,0.0,0.0,0.0,24152.0,2017
2017-12-07,ok,-245.0,-215.0,2.0,240.0,24104.0,2017
2017-12-08,ok,0.0,0.0,0.0,0.0,24300.0,2017
2017-12-11,ok,0.0,0.0,0.0,0.0,24367.0,2017
2017-12-12,ok,-120.0,-90.0,2.0,150.0,24478.0,2017
2017-12-13,ok,-30.0,0.0,2.0,270.0,24554.0,2017
2017-12-14,ok,0.0,0.0,0.0,0.0,24673.0,2017
2017-12-15,ok,0.0,0.0,0.0,0.0,24664.0,2017
2017-12-18,ok,-95.0,-80.0,1.0,30.0,24829.0,2017
2017-12-19,ok,-85.0,-70.0,1.0,30.0,24872.0,2017
2017-12-20,ok,0.0,0.0,0.0,0.0,24862.0,2017
2017-12-21,ok,0.0,0.0,0.0,0.0,24800.0,2017
2017-12-22,ok,0.0,0.0,0.0,0.0,24771.0,2017
2017-12-26,ok,0.0,0.0,0.0,0.0,24730.0,2017
2017-12-27,ok,0.0,0.0,0.0,0.0,24778.0,2017
2017-12-28,ok,0.0,0.0,0.0,0.0,24820.0,2017
2017-12-29,ok,0.0,0.0,0.0,0.0,24868.0,2017
2018-01-02,ok,0.0,0.0,0.0,0.0,24832.0,2018
2018-01-03,ok,-125.0,-110.0,1.0,30.0,24816.0,2018
2018-01-04,ok,-60.0,-30.0,2.0,329.0,24985.0,2018
2018-01-05,ok,355.0,370.0,1.0,89.0,25115.0,2018
2018-01-08,ok,0.0,0.0,0.0,0.0,25272.0,2018
2018-01-09,ok,-145.0,-115.0,2.0,299.0,25301.0,2018
2018-01-10,ok,0.0,0.0,0.0,0.0,25296.0,2018
2018-01-11,ok,580.0,595.0,1.0,359.0,25387.0,2018
2018-01-12,ok,300.0,315.0,1.0,359.0,25650.0,2018
2018-01-16,ok,-670.0,-640.0,2.0,60.0,25998.0,2018
2018-01-17,ok,535.0,550.0,1.0,209.0,25937.0,2018
2018-01-18,ok,10.0,40.0,2.0,239.0,26108.0,2018
2018-01-19,ok,-80.0,-65.0,1.0,30.0,26016.0,2018
2018-01-22,ok,-10.0,5.0,1.0,30.0,25985.0,2018
2018-01-23,ok,0.0,0.0,0.0,0.0,26191.0,2018
2018-01-24,ok,-400.0,-370.0,2.0,60.0,26303.0,2018
2018-01-25,ok,0.0,0.0,0.0,0.0,26357.0,2018
2018-01-26,ok,200.0,215.0,1.0,29.0,26425.0,2018
2018-01-29,ok,150.0,180.0,2.0,89.0,26550.0,2018
2018-01-30,ok,-165.0,-135.0,2.0,240.0,26165.0,2018
2018-01-31,ok,0.0,0.0,0.0,0.0,26284.0,2018
2018-02-01,ok,-435.0,-420.0,1.0,120.0,25983.0,2018
2018-02-02,ok,2020.0,2035.0,1.0,299.0,25949.0,2018
2018-02-05,ok,2850.0,2880.0,2.0,119.0,25192.0,2018
2018-02-06,ok,-560.0,-515.0,3.0,149.0,23798.0,2018
2018-02-07,ok,-1850.0,-1805.0,3.0,299.0,24782.0,2018
2018-02-08,ok,4520.0,4535.0,1.0,359.0,24862.0,2018
2018-02-09,ok,-1755.0,-1740.0,1.0,120.0,24073.0,2018
2018-02-12,ok,-125.0,-110.0,1.0,209.0,24357.0,2018
2018-02-13,ok,0.0,0.0,0.0,0.0,24427.0,2018
2018-02-14,ok,0.0,0.0,0.0,0.0,24463.0,2018
2018-02-15,ok,0.0,0.0,0.0,0.0,25110.0,2018
2018-02-16,ok,0.0,0.0,0.0,0.0,25133.0,2018
2018-02-20,ok,0.0,0.0,0.0,0.0,25060.0,2018
2018-02-21,ok,0.0,0.0,0.0,0.0,24971.0,2018
2018-02-22,ok,85.0,100.0,1.0,60.0,24862.0,2018
2018-02-23,ok,0.0,0.0,0.0,0.0,25084.0,2018
2018-02-26,ok,0.0,0.0,0.0,0.0,25444.0,2018
2018-02-27,ok,0.0,0.0,0.0,0.0,25729.0,2018
2018-02-28,ok,-115.0,-100.0,1.0,30.0,25518.0,2018
2018-03-01,ok,-200.0,-170.0,2.0,179.0,25005.0,2018
2018-03-02,ok,-45.0,-30.0,1.0,60.0,24342.0,2018
2018-03-05,ok,1080.0,1095.0,1.0,269.0,24388.0,2018
2018-03-06,ok,-795.0,-765.0,2.0,90.0,25000.0,2018
2018-03-07,ok,0.0,0.0,0.0,0.0,24577.0,2018
2018-03-08,ok,0.0,0.0,0.0,0.0,24925.0,2018
2018-03-09,ok,475.0,505.0,2.0,239.0,25097.0,2018
2018-03-12,ok,-265.0,-235.0,2.0,60.0,25411.0,2018
2018-03-13,ok,0.0,0.0,0.0,0.0,25321.0,2018
2018-03-14,ok,-595.0,-565.0,2.0,179.0,25146.0,2018
2018-03-15,ok,-265.0,-250.0,1.0,30.0,24875.0,2018
2018-03-16,ok,235.0,250.0,1.0,90.0,24897.0,2018
2018-03-19,ok,825.0,840.0,1.0,359.0,24863.0,2018
2018-03-20,ok,5.0,20.0,1.0,60.0,24675.0,2018
2018-03-21,ok,0.0,0.0,0.0,0.0,24749.0,2018
2018-03-22,ok,1250.0,1280.0,2.0,179.0,24431.0,2018
2018-03-23,ok,1005.0,1020.0,1.0,59.0,24010.0,2018
2018-03-26,ok,65.0,95.0,2.0,119.0,23911.0,2018
2018-03-27,ok,90.0,105.0,1.0,29.0,24311.0,2018
2018-03-28,ok,0.0,0.0,0.0,0.0,23908.0,2018
2018-03-29,ok,250.0,280.0,2.0,269.0,23951.0,2018
2018-04-02,ok,1710.0,1725.0,1.0,329.0,24026.0,2018
2018-04-03,ok,-120.0,-90.0,2.0,59.0,23718.0,2018
2018-04-04,ok,0.0,0.0,0.0,0.0,23481.0,2018
2018-04-05,ok,-400.0,-370.0,2.0,150.0,24357.0,2018
2018-04-06,ok,-990.0,-945.0,3.0,179.0,24228.0,2018
2018-04-09,ok,-15.0,0.0,1.0,120.0,24089.0,2018
2018-04-10,ok,95.0,110.0,1.0,30.0,24319.0,2018
2018-04-11,ok,0.0,0.0,0.0,0.0,24180.0,2018
2018-04-12,ok,-900.0,-870.0,2.0,90.0,24343.0,2018
2018-04-13,ok,-235.0,-220.0,1.0,30.0,24618.0,2018
2018-04-16,ok,0.0,0.0,0.0,0.0,24491.0,2018
2018-04-17,ok,0.0,0.0,0.0,0.0,24789.0,2018
2018-04-18,ok,0.0,0.0,0.0,0.0,24760.0,2018
2018-04-19,ok,0.0,0.0,0.0,0.0,24657.0,2018
2018-04-20,ok,-100.0,-70.0,2.0,209.0,24623.0,2018
2018-04-23,ok,0.0,0.0,0.0,0.0,24480.0,2018
2018-04-24,ok,1375.0,1390.0,1.0,239.0,24525.0,2018
2018-04-25,ok,-910.0,-880.0,2.0,90.0,24019.0,2018
2018-04-26,ok,-240.0,-210.0,2.0,269.0,24109.0,2018
2018-04-27,ok,0.0,0.0,0.0,0.0,24263.0,2018
2018-04-30,ok,0.0,0.0,0.0,0.0,24385.0,2018
2018-05-01,ok,-105.0,-90.0,1.0,210.0,24040.0,2018
2018-05-02,ok,0.0,0.0,0.0,0.0,24019.0,2018
2018-05-03,ok,-1265.0,-1250.0,1.0,150.0,23755.0,2018
2018-05-04,ok,1005.0,1020.0,1.0,329.0,23768.0,2018
2018-05-07,ok,-170.0,-155.0,1.0,60.0,24302.0,2018
2018-05-08,ok,0.0,0.0,0.0,0.0,24275.0,2018
2018-05-09,ok,0.0,0.0,0.0,0.0,24377.0,2018
2018-05-10,ok,20.0,35.0,1.0,150.0,24553.0,2018
2018-05-11,ok,-60.0,-45.0,1.0,30.0,24725.0,2018
2018-05-14,ok,0.0,0.0,0.0,0.0,24890.0,2018
2018-05-15,ok,-475.0,-430.0,3.0,119.0,24758.0,2018
2018-05-16,ok,0.0,0.0,0.0,0.0,24671.0,2018
2018-05-17,ok,0.0,0.0,0.0,0.0,24730.0,2018
2018-05-18,ok,0.0,0.0,0.0,0.0,24710.0,2018
2018-05-21,ok,-190.0,-175.0,1.0,60.0,24934.0,2018
2018-05-22,ok,345.0,360.0,1.0,59.0,25051.0,2018
2018-05-23,ok,0.0,0.0,0.0,0.0,24688.0,2018
2018-05-24,ok,-100.0,-85.0,1.0,150.0,24814.0,2018
2018-05-25,ok,0.0,0.0,0.0,0.0,24740.0,2018
2018-05-29,ok,-20.0,-5.0,1.0,239.0,24534.0,2018
2018-05-30,ok,245.0,260.0,1.0,239.0,24517.0,2018
2018-05-31,ok,470.0,485.0,1.0,359.0,24593.0,2018
2018-06-01,ok,0.0,0.0,0.0,0.0,24604.0,2018
2018-06-04,ok,-165.0,-135.0,2.0,60.0,24767.0,2018
2018-06-05,ok,-45.0,-30.0,1.0,30.0,24805.0,2018
2018-06-06,ok,815.0,830.0,1.0,269.0,24915.0,2018
2018-06-07,ok,-35.0,-20.0,1.0,30.0,25229.0,2018
2018-06-08,ok,0.0,0.0,0.0,0.0,25213.0,2018
2018-06-11,ok,0.0,0.0,0.0,0.0,25365.0,2018
2018-06-12,ok,0.0,0.0,0.0,0.0,25376.0,2018
2018-06-13,ok,0.0,0.0,0.0,0.0,25342.0,2018
2018-06-14,ok,0.0,0.0,0.0,0.0,25316.0,2018
2018-06-15,ok,-690.0,-675.0,1.0,240.0,25062.0,2018
2018-06-18,ok,0.0,0.0,0.0,0.0,24904.0,2018
2018-06-19,ok,-85.0,-70.0,1.0,60.0,24677.0,2018
2018-06-20,ok,0.0,0.0,0.0,0.0,24810.0,2018
2018-06-21,ok,380.0,395.0,1.0,359.0,24597.0,2018
2018-06-22,ok,0.0,0.0,0.0,0.0,24603.0,2018
2018-06-25,ok,235.0,250.0,1.0,359.0,24427.0,2018
2018-06-26,ok,0.0,0.0,0.0,0.0,24295.0,2018
2018-06-27,ok,-875.0,-830.0,3.0,180.0,24335.0,2018
2018-06-28,ok,75.0,90.0,1.0,119.0,24051.0,2018
2018-06-29,ok,0.0,15.0,1.0,300.0,24333.0,2018
2018-07-02,ok,0.0,0.0,0.0,0.0,24080.0,2018
2018-07-03,ok,0.0,0.0,0.0,0.0,24394.0,2018
2018-07-05,ok,0.0,0.0,0.0,0.0,24308.0,2018
2018-07-06,ok,-60.0,-45.0,1.0,269.0,24319.0,2018
2018-07-09,ok,640.0,655.0,1.0,359.0,24568.0,2018
2018-07-10,ok,0.0,0.0,0.0,0.0,24841.0,2018
2018-07-11,ok,0.0,0.0,0.0,0.0,24714.0,2018
2018-07-12,ok,0.0,0.0,0.0,0.0,24890.0,2018
2018-07-13,ok,20.0,35.0,1.0,120.0,24910.0,2018
2018-07-16,ok,0.0,0.0,0.0,0.0,25019.0,2018
2018-07-17,ok,0.0,0.0,0.0,0.0,25036.0,2018
2018-07-18,ok,0.0,0.0,0.0,0.0,25122.0,2018
2018-07-19,ok,-85.0,-70.0,1.0,30.0,25098.0,2018
2018-07-20,ok,0.0,0.0,0.0,0.0,24981.0,2018
2018-07-23,ok,0.0,0.0,0.0,0.0,25022.0,2018
2018-07-24,ok,-240.0,-225.0,1.0,210.0,25130.0,2018
2018-07-25,ok,0.0,0.0,0.0,0.0,25150.0,2018
2018-07-26,ok,-245.0,-215.0,2.0,270.0,25451.0,2018
2018-07-27,ok,-250.0,-235.0,1.0,179.0,25513.0,2018
2018-07-30,ok,490.0,505.0,1.0,269.0,25453.0,2018
2018-07-31,ok,-120.0,-105.0,1.0,210.0,25364.0,2018
2018-08-01,ok,-295.0,-250.0,3.0,150.0,25382.0,2018
2018-08-02,ok,0.0,0.0,0.0,0.0,25132.0,2018
2018-08-03,ok,250.0,280.0,2.0,329.0,25293.0,2018
2018-08-06,ok,-215.0,-200.0,1.0,60.0,25404.0,2018
2018-08-07,ok,25.0,40.0,1.0,90.0,25580.0,2018
2018-08-08,ok,0.0,0.0,0.0,0.0,25580.0,2018
2018-08-09,ok,0.0,0.0,0.0,0.0,25554.0,2018
2018-08-10,ok,-580.0,-550.0,2.0,150.0,25344.0,2018
2018-08-13,ok,135.0,165.0,2.0,239.0,25332.0,2018
2018-08-14,ok,-170.0,-155.0,1.0,60.0,25249.0,2018
2018-08-15,ok,-230.0,-200.0,2.0,270.0,25149.0,2018
2018-08-16,ok,385.0,400.0,1.0,359.0,25405.0,2018
2018-08-17,ok,-330.0,-300.0,2.0,119.0,25540.0,2018
2018-08-20,ok,-255.0,-240.0,1.0,30.0,25728.0,2018
2018-08-21,ok,0.0,0.0,0.0,0.0,25808.0,2018
2018-08-22,ok,0.0,0.0,0.0,0.0,25804.0,2018
2018-08-23,ok,-225.0,-210.0,1.0,60.0,25693.0,2018
2018-08-24,ok,-15.0,0.0,1.0,180.0,25735.0,2018
2018-08-27,ok,245.0,260.0,1.0,359.0,25945.0,2018
2018-08-28,ok,0.0,0.0,0.0,0.0,26136.0,2018
2018-08-29,ok,-105.0,-75.0,2.0,60.0,26096.0,2018
2018-08-30,ok,-120.0,-105.0,1.0,89.0,26079.0,2018
2018-08-31,ok,0.0,0.0,0.0,0.0,25962.0,2018
2018-09-04,ok,-260.0,-245.0,1.0,30.0,25914.0,2018
2018-09-05,ok,0.0,0.0,0.0,0.0,25921.0,2018
2018-09-06,ok,-920.0,-890.0,2.0,90.0,26003.0,2018
2018-09-07,ok,-620.0,-590.0,2.0,60.0,25924.0,2018
2018-09-10,ok,-140.0,-125.0,1.0,30.0,26046.0,2018
2018-09-11,ok,245.0,260.0,1.0,269.0,25794.0,2018
2018-09-12,ok,-695.0,-665.0,2.0,60.0,26000.0,2018
2018-09-13,ok,-195.0,-180.0,1.0,30.0,26149.0,2018
2018-09-14,ok,0.0,0.0,0.0,0.0,26207.0,2018
2018-09-17,ok,-25.0,-10.0,1.0,29.0,26174.0,2018
2018-09-18,ok,605.0,620.0,1.0,359.0,26124.0,2018
2018-09-19,ok,155.0,170.0,1.0,359.0,26317.0,2018
2018-09-20,ok,180.0,195.0,1.0,299.0,26603.0,2018
2018-09-21,ok,0.0,0.0,0.0,0.0,26811.0,2018
2018-09-24,ok,200.0,215.0,1.0,329.0,26721.0,2018
2018-09-25,ok,0.0,0.0,0.0,0.0,26652.0,2018
2018-09-26,ok,0.0,0.0,0.0,0.0,26525.0,2018
2018-09-27,ok,-95.0,-80.0,1.0,90.0,26464.0,2018
2018-09-28,ok,0.0,0.0,0.0,0.0,26393.0,2018
2018-10-01,ok,-120.0,-105.0,1.0,150.0,26643.0,2018
2018-10-02,ok,250.0,265.0,1.0,299.0,26644.0,2018
2018-10-03,ok,0.0,0.0,0.0,0.0,26910.0,2018
2018-10-04,ok,430.0,445.0,1.0,359.0,26805.0,2018
2018-10-05,ok,395.0,410.0,1.0,299.0,26654.0,2018
2018-10-08,ok,0.0,0.0,0.0,0.0,26347.0,2018
2018-10-09,ok,0.0,0.0,0.0,0.0,26467.0,2018
2018-10-10,ok,3045.0,3060.0,1.0,359.0,26428.0,2018
2018-10-11,ok,880.0,910.0,2.0,119.0,25481.0,2018
2018-10-12,ok,0.0,0.0,0.0,0.0,25437.0,2018
2018-10-15,ok,0.0,0.0,0.0,0.0,25280.0,2018
2018-10-16,ok,990.0,1005.0,1.0,299.0,25458.0,2018
2018-10-17,ok,-270.0,-255.0,1.0,90.0,25677.0,2018
2018-10-18,ok,-350.0,-320.0,2.0,269.0,25599.0,2018
2018-10-19,ok,-235.0,-220.0,1.0,90.0,25425.0,2018
2018-10-22,ok,-450.0,-420.0,2.0,150.0,25505.0,2018
2018-10-23,ok,0.0,0.0,0.0,0.0,24905.0,2018
2018-10-24,ok,1160.0,1205.0,3.0,179.0,25237.0,2018
2018-10-25,ok,-355.0,-310.0,3.0,269.0,24721.0,2018
2018-10-26,ok,-35.0,-20.0,1.0,60.0,24728.0,2018
2018-10-29,ok,-740.0,-710.0,2.0,59.0,24850.0,2018
2018-10-30,ok,-205.0,-160.0,3.0,269.0,24418.0,2018
2018-10-31,ok,-265.0,-235.0,2.0,60.0,25059.0,2018
2018-11-01,ok,0.0,0.0,0.0,0.0,25190.0,2018
2018-11-02,ok,-85.0,-70.0,1.0,120.0,25520.0,2018
2018-11-05,ok,0.0,0.0,0.0,0.0,25263.0,2018
2018-11-06,ok,0.0,0.0,0.0,0.0,25424.0,2018
2018-11-07,ok,395.0,425.0,2.0,149.0,25810.0,2018
2018-11-08,ok,0.0,0.0,0.0,0.0,26122.0,2018
2018-11-09,ok,-480.0,-450.0,2.0,90.0,26084.0,2018
2018-11-12,ok,1975.0,1990.0,1.0,359.0,25934.0,2018
2018-11-13,ok,-580.0,-565.0,1.0,30.0,25351.0,2018
2018-11-14,ok,-475.0,-460.0,1.0,120.0,25456.0,2018
2018-11-15,ok,-600.0,-585.0,1.0,60.0,24976.0,2018
2018-11-16,ok,-490.0,-475.0,1.0,30.0,25187.0,2018
2018-11-19,ok,795.0,810.0,1.0,329.0,25367.0,2018
2018-11-20,ok,-730.0,-715.0,1.0,60.0,24639.0,2018
2018-11-21,ok,0.0,0.0,0.0,0.0,24578.0,2018
2018-11-23,ok,0.0,0.0,0.0,0.0,24304.0,2018
2018-11-26,ok,-285.0,-270.0,1.0,90.0,24481.0,2018
2018-11-27,ok,0.0,0.0,0.0,0.0,24508.0,2018
2018-11-28,ok,830.0,845.0,1.0,209.0,24900.0,2018
2018-11-29,ok,-175.0,-160.0,1.0,30.0,25343.0,2018
2018-11-30,ok,0.0,0.0,0.0,0.0,25300.0,2018
2018-12-03,ok,0.0,0.0,0.0,0.0,25998.0,2018
2018-12-04,ok,2480.0,2510.0,2.0,269.0,25741.0,2018
2018-12-06,ok,-805.0,-775.0,2.0,120.0,24613.0,2018
2018-12-07,ok,905.0,935.0,2.0,359.0,24940.0,2018
2018-12-10,ok,-155.0,-140.0,1.0,180.0,24368.0,2018
2018-12-11,ok,0.0,0.0,0.0,0.0,24813.0,2018
2018-12-12,ok,0.0,0.0,0.0,0.0,24706.0,2018
2018-12-13,"unknown:нет цены на отметке, нормы или цены исполнения",,,,,,2018
2018-12-14,ok,495.0,525.0,2.0,239.0,24386.0,2018
2018-12-17,ok,550.0,565.0,1.0,119.0,23981.0,2018
2018-12-18,ok,-550.0,-535.0,1.0,60.0,23816.0,2018
2018-12-19,ok,-695.0,-635.0,4.0,269.0,23721.0,2018
2018-12-20,ok,65.0,95.0,2.0,209.0,23212.0,2018
2018-12-21,ok,-530.0,-485.0,3.0,119.0,22912.0,2018
2018-12-24,ok,720.0,750.0,2.0,149.0,22265.0,2018
2018-12-26,ok,3715.0,3730.0,1.0,239.0,21919.0,2018
2018-12-27,ok,-1525.0,-1495.0,2.0,60.0,22538.0,2018
2018-12-28,ok,0.0,0.0,0.0,0.0,23259.0,2018
2018-12-31,ok,0.0,0.0,0.0,0.0,23225.0,2018
2019-01-02,ok,0.0,0.0,0.0,0.0,22913.0,2019
2019-01-03,ok,1025.0,1055.0,2.0,329.0,23106.0,2019
2019-01-04,ok,1415.0,1430.0,1.0,359.0,22972.0,2019
2019-01-07,ok,0.0,0.0,0.0,0.0,23459.0,2019
2019-01-08,ok,0.0,0.0,0.0,0.0,23777.0,2019
2019-01-09,ok,0.0,0.0,0.0,0.0,23872.0,2019
2019-01-10,ok,0.0,0.0,0.0,0.0,23741.0,2019
2019-01-11,ok,0.0,0.0,0.0,0.0,23860.0,2019
2019-01-14,ok,0.0,0.0,0.0,0.0,23763.0,2019
2019-01-15,ok,-45.0,-30.0,1.0,60.0,23865.0,2019
2019-01-16,ok,0.0,0.0,0.0,0.0,24105.0,2019
2019-01-17,ok,0.0,0.0,0.0,0.0,24075.0,2019
2019-01-18,ok,-25.0,-10.0,1.0,30.0,24556.0,2019
2019-01-22,ok,-580.0,-550.0,2.0,179.0,24518.0,2019
2019-01-23,ok,0.0,0.0,0.0,0.0,24598.0,2019
2019-01-24,ok,0.0,0.0,0.0,0.0,24519.0,2019
2019-01-25,ok,0.0,0.0,0.0,0.0,24721.0,2019
2019-01-28,ok,-610.0,-565.0,3.0,90.0,24436.0,2019
2019-01-29,ok,-580.0,-565.0,1.0,60.0,24507.0,2019
2019-01-30,ok,35.0,50.0,1.0,89.0,24812.0,2019
2019-01-31,ok,0.0,0.0,0.0,0.0,24855.0,2019
2019-02-01,ok,-420.0,-405.0,1.0,30.0,25034.0,2019
2019-02-04,ok,310.0,355.0,3.0,119.0,24999.0,2019
2019-02-05,ok,-260.0,-245.0,1.0,30.0,25291.0,2019
2019-02-06,ok,0.0,0.0,0.0,0.0,25318.0,2019
2019-02-07,ok,-95.0,-80.0,1.0,299.0,25191.0,2019
2019-02-08,ok,125.0,140.0,1.0,120.0,25003.0,2019
2019-02-11,ok,0.0,0.0,0.0,0.0,25165.0,2019
2019-02-12,ok,365.0,395.0,2.0,329.0,25222.0,2019
2019-02-13,ok,-245.0,-230.0,1.0,90.0,25500.0,2019
2019-02-14,ok,0.0,0.0,0.0,0.0,25396.0,2019
2019-02-15,ok,765.0,780.0,1.0,359.0,25631.0,2019
2019-02-19,ok,0.0,0.0,0.0,0.0,25811.0,2019
2019-02-20,ok,0.0,0.0,0.0,0.0,25890.0,2019
2019-02-21,ok,-650.0,-620.0,2.0,119.0,25896.0,2019
2019-02-22,ok,-210.0,-195.0,1.0,120.0,25931.0,2019
2019-02-25,ok,0.0,0.0,0.0,0.0,26187.0,2019
2019-02-26,ok,0.0,0.0,0.0,0.0,25996.0,2019
2019-02-27,ok,-210.0,-195.0,1.0,60.0,25982.0,2019
2019-02-28,ok,0.0,0.0,0.0,0.0,25981.0,2019
2019-03-01,ok,0.0,0.0,0.0,0.0,26102.0,2019
2019-03-04,ok,395.0,410.0,1.0,269.0,26140.0,2019
2019-03-05,ok,0.0,15.0,1.0,30.0,25805.0,2019
2019-03-06,ok,325.0,340.0,1.0,329.0,25811.0,2019
2019-03-07,ok,-215.0,-185.0,2.0,299.0,25649.0,2019
2019-03-08,ok,0.0,0.0,0.0,0.0,25292.0,2019
2019-03-11,ok,210.0,240.0,2.0,239.0,25284.0,2019
2019-03-12,ok,0.0,0.0,0.0,0.0,25630.0,2019
2019-03-13,ok,0.0,0.0,0.0,0.0,25691.0,2019
2019-03-14,ok,0.0,0.0,0.0,0.0,25723.0,2019
2019-03-15,ok,-205.0,-190.0,1.0,120.0,25801.0,2019
2019-03-18,ok,0.0,0.0,0.0,0.0,25838.0,2019
2019-03-19,ok,0.0,0.0,0.0,0.0,26059.0,2019
2019-03-20,ok,-1175.0,-1145.0,2.0,180.0,25891.0,2019
2019-03-21,ok,505.0,520.0,1.0,299.0,25676.0,2019
2019-03-22,ok,190.0,235.0,3.0,299.0,25829.0,2019
2019-03-25,ok,-245.0,-230.0,1.0,30.0,25506.0,2019
2019-03-26,ok,0.0,0.0,0.0,0.0,25742.0,2019
2019-03-27,ok,-415.0,-400.0,1.0,120.0,25698.0,2019
2019-03-28,ok,0.0,0.0,0.0,0.0,25726.0,2019
2019-03-29,ok,0.0,0.0,0.0,0.0,25887.0,2019
2019-04-01,ok,115.0,130.0,1.0,59.0,26148.0,2019
2019-04-02,ok,0.0,0.0,0.0,0.0,26219.0,2019
2019-04-03,ok,0.0,0.0,0.0,0.0,26276.0,2019
2019-04-04,ok,40.0,85.0,3.0,299.0,26236.0,2019
2019-04-05,ok,0.0,0.0,0.0,0.0,26472.0,2019
2019-04-08,ok,0.0,0.0,0.0,0.0,26299.0,2019
2019-04-09,ok,-160.0,-145.0,1.0,30.0,26220.0,2019
2019-04-10,ok,0.0,0.0,0.0,0.0,26200.0,2019
2019-04-11,ok,-215.0,-200.0,1.0,60.0,26204.0,2019
2019-04-12,ok,0.0,0.0,0.0,0.0,26389.0,2019
2019-04-15,ok,-60.0,-30.0,2.0,60.0,26400.0,2019
2019-04-16,ok,0.0,0.0,0.0,0.0,26531.0,2019
2019-04-17,ok,0.0,0.0,0.0,0.0,26506.0,2019
2019-04-18,ok,-155.0,-125.0,2.0,179.0,26506.0,2019
2019-04-22,ok,0.0,0.0,0.0,0.0,26462.0,2019
2019-04-23,ok,150.0,165.0,1.0,269.0,26548.0,2019
2019-04-24,ok,0.0,0.0,0.0,0.0,26642.0,2019
2019-04-25,ok,-155.0,-140.0,1.0,30.0,26398.0,2019
2019-04-26,ok,0.0,0.0,0.0,0.0,26431.0,2019
2019-04-29,ok,0.0,0.0,0.0,0.0,26521.0,2019
2019-04-30,ok,-205.0,-190.0,1.0,60.0,26593.0,2019
2019-05-01,ok,0.0,0.0,0.0,0.0,26630.0,2019
2019-05-02,ok,-260.0,-245.0,1.0,269.0,26358.0,2019
2019-05-03,ok,-175.0,-145.0,2.0,179.0,26413.0,2019
2019-05-06,ok,0.0,0.0,0.0,0.0,26012.0,2019
2019-05-07,ok,515.0,530.0,1.0,299.0,26166.0,2019
2019-05-08,ok,-635.0,-590.0,3.0,179.0,25905.0,2019
2019-05-09,ok,-15.0,0.0,1.0,150.0,25740.0,2019
2019-05-10,ok,-460.0,-430.0,2.0,149.0,25720.0,2019
2019-05-13,ok,-455.0,-425.0,2.0,149.0,25424.0,2019
2019-05-14,ok,155.0,170.0,1.0,329.0,25397.0,2019
2019-05-15,ok,-260.0,-230.0,2.0,179.0,25373.0,2019
2019-05-16,ok,145.0,160.0,1.0,330.0,25740.0,2019
2019-05-17,ok,0.0,0.0,0.0,0.0,25642.0,2019
2019-05-20,ok,0.0,0.0,0.0,0.0,25629.0,2019
2019-05-21,ok,0.0,0.0,0.0,0.0,25824.0,2019
2019-05-22,ok,0.0,0.0,0.0,0.0,25796.0,2019
2019-05-23,ok,-945.0,-915.0,2.0,270.0,25531.0,2019
2019-05-24,ok,0.0,0.0,0.0,0.0,25618.0,2019
2019-05-28,ok,275.0,305.0,2.0,59.0,25619.0,2019
2019-05-29,ok,-965.0,-920.0,3.0,269.0,25201.0,2019
2019-05-30,ok,0.0,0.0,0.0,0.0,25163.0,2019
2019-05-31,ok,0.0,0.0,0.0,0.0,24926.0,2019
2019-06-03,ok,-110.0,-95.0,1.0,60.0,24809.0,2019
2019-06-04,ok,850.0,865.0,1.0,329.0,25051.0,2019
2019-06-05,ok,0.0,0.0,0.0,0.0,25495.0,2019
2019-06-06,ok,-40.0,-25.0,1.0,29.0,25588.0,2019
2019-06-07,ok,290.0,305.0,1.0,359.0,25818.0,2019
2019-06-10,ok,0.0,0.0,0.0,0.0,26158.0,2019
2019-06-11,ok,0.0,0.0,0.0,0.0,26237.0,2019
2019-06-12,ok,0.0,0.0,0.0,0.0,26053.0,2019
2019-06-13,ok,0.0,0.0,0.0,0.0,26106.0,2019
2019-06-14,ok,-185.0,-170.0,1.0,30.0,26090.0,2019
2019-06-17,ok,0.0,0.0,0.0,0.0,26127.0,2019
2019-06-18,ok,170.0,185.0,1.0,359.0,26288.0,2019
2019-06-19,ok,-205.0,-190.0,1.0,30.0,26508.0,2019
2019-06-20,ok,0.0,0.0,0.0,0.0,26766.0,2019
2019-06-21,ok,-140.0,-125.0,1.0,30.0,26755.0,2019
2019-06-24,ok,0.0,0.0,0.0,0.0,26756.0,2019
2019-06-25,ok,315.0,345.0,2.0,269.0,26767.0,2019
2019-06-26,ok,0.0,0.0,0.0,0.0,26637.0,2019
2019-06-27,ok,0.0,0.0,0.0,0.0,26566.0,2019
2019-06-28,ok,0.0,0.0,0.0,0.0,26610.0,2019
2019-07-01,ok,0.0,0.0,0.0,0.0,26865.0,2019
2019-07-02,ok,-405.0,-390.0,1.0,30.0,26689.0,2019
2019-07-03,ok,200.0,215.0,1.0,59.0,26832.0,2019
2019-07-05,ok,-95.0,-80.0,1.0,90.0,26868.0,2019
2019-07-08,ok,0.0,0.0,0.0,0.0,26787.0,2019
2019-07-09,ok,0.0,0.0,0.0,0.0,26667.0,2019
2019-07-10,ok,-255.0,-240.0,1.0,30.0,26877.0,2019
2019-07-11,ok,85.0,115.0,2.0,209.0,26957.0,2019
2019-07-12,ok,380.0,410.0,2.0,329.0,27157.0,2019
2019-07-15,ok,0.0,0.0,0.0,0.0,27344.0,2019
2019-07-16,ok,0.0,0.0,0.0,0.0,27349.0,2019
2019-07-17,ok,15.0,60.0,3.0,179.0,27320.0,2019
2019-07-18,ok,-200.0,-185.0,1.0,30.0,27150.0,2019
2019-07-19,ok,0.0,0.0,0.0,0.0,27322.0,2019
2019-07-22,ok,-45.0,-30.0,1.0,30.0,27176.0,2019
2019-07-23,ok,-130.0,-100.0,2.0,89.0,27272.0,2019
2019-07-24,ok,0.0,0.0,0.0,0.0,27223.0,2019
2019-07-25,ok,-80.0,-65.0,1.0,359.0,27238.0,2019
2019-07-26,ok,0.0,0.0,0.0,0.0,27150.0,2019
2019-07-29,ok,-110.0,-80.0,2.0,180.0,27174.0,2019
2019-07-30,ok,0.0,0.0,0.0,0.0,27095.0,2019
2019-07-31,ok,1420.0,1435.0,1.0,89.0,27214.0,2019
2019-08-01,ok,-205.0,-175.0,2.0,359.0,26858.0,2019
2019-08-02,ok,-210.0,-195.0,1.0,330.0,26497.0,2019
2019-08-05,ok,1455.0,1470.0,1.0,359.0,26072.0,2019
2019-08-06,ok,-185.0,-170.0,1.0,30.0,25811.0,2019
2019-08-07,ok,-1060.0,-1045.0,1.0,60.0,25664.0,2019
2019-08-08,ok,840.0,855.0,1.0,269.0,26092.0,2019
2019-08-09,ok,-265.0,-250.0,1.0,150.0,26287.0,2019
2019-08-12,ok,525.0,540.0,1.0,149.0,26099.0,2019
2019-08-13,ok,-300.0,-285.0,1.0,359.0,25852.0,2019
2019-08-14,ok,1380.0,1395.0,1.0,299.0,25854.0,2019
2019-08-15,ok,0.0,0.0,0.0,0.0,25558.0,2019
2019-08-16,ok,-395.0,-365.0,2.0,60.0,25731.0,2019
2019-08-19,ok,0.0,0.0,0.0,0.0,26200.0,2019
2019-08-20,ok,0.0,0.0,0.0,0.0,26100.0,2019
2019-08-21,ok,0.0,0.0,0.0,0.0,26180.0,2019
2019-08-22,ok,0.0,0.0,0.0,0.0,26266.0,2019
2019-08-23,ok,1345.0,1360.0,1.0,269.0,26113.0,2019
2019-08-26,ok,0.0,0.0,0.0,0.0,25889.0,2019
2019-08-27,ok,-270.0,-255.0,1.0,30.0,26035.0,2019
2019-08-28,ok,710.0,725.0,1.0,299.0,25690.0,2019
2019-08-29,ok,0.0,0.0,0.0,0.0,26279.0,2019
2019-08-30,ok,0.0,0.0,0.0,0.0,26508.0,2019
2019-09-03,ok,-340.0,-310.0,2.0,60.0,26185.0,2019
2019-09-04,ok,0.0,0.0,0.0,0.0,26331.0,2019
2019-09-05,ok,-215.0,-185.0,2.0,269.0,26649.0,2019
2019-09-06,ok,0.0,0.0,0.0,0.0,26775.0,2019
2019-09-09,ok,0.0,0.0,0.0,0.0,26852.0,2019
2019-09-10,ok,0.0,0.0,0.0,0.0,26812.0,2019
2019-09-11,ok,300.0,315.0,1.0,29.0,26941.0,2019
2019-09-12,ok,0.0,0.0,0.0,0.0,27211.0,2019
2019-09-13,ok,0.0,0.0,0.0,0.0,27251.0,2019
2019-09-16,ok,0.0,0.0,0.0,0.0,27113.0,2019
2019-09-17,ok,0.0,0.0,0.0,0.0,27015.0,2019
2019-09-18,ok,-555.0,-540.0,1.0,60.0,27078.0,2019
2019-09-19,ok,0.0,0.0,0.0,0.0,27184.0,2019
2019-09-20,ok,380.0,395.0,1.0,149.0,27140.0,2019
2019-09-23,ok,-250.0,-235.0,1.0,29.0,26825.0,2019
2019-09-24,ok,110.0,125.0,1.0,209.0,27033.0,2019
2019-09-25,ok,130.0,145.0,1.0,299.0,26838.0,2019
2019-09-26,ok,130.0,145.0,1.0,240.0,26993.0,2019
2019-09-27,ok,-205.0,-175.0,2.0,149.0,26941.0,2019
2019-09-30,ok,50.0,80.0,2.0,300.0,26836.0,2019
2019-10-01,ok,40.0,70.0,2.0,359.0,26959.0,2019
2019-10-02,ok,940.0,955.0,1.0,359.0,26382.0,2019
2019-10-03,ok,-165.0,-150.0,1.0,30.0,25999.0,2019
2019-10-04,ok,595.0,625.0,2.0,329.0,26245.0,2019
2019-10-07,ok,0.0,0.0,0.0,0.0,26454.0,2019
2019-10-08,ok,-175.0,-160.0,1.0,60.0,26223.0,2019
2019-10-09,ok,0.0,0.0,0.0,0.0,26303.0,2019
2019-10-10,ok,-540.0,-510.0,2.0,240.0,26275.0,2019
2019-10-11,ok,-670.0,-640.0,2.0,239.0,26736.0,2019
2019-10-14,ok,0.0,0.0,0.0,0.0,26714.0,2019
2019-10-15,ok,-365.0,-320.0,3.0,239.0,26870.0,2019
2019-10-16,ok,0.0,0.0,0.0,0.0,26932.0,2019
2019-10-17,ok,0.0,0.0,0.0,0.0,27023.0,2019
2019-10-18,ok,-130.0,-115.0,1.0,30.0,26920.0,2019
2019-10-21,ok,0.0,0.0,0.0,0.0,26778.0,2019
2019-10-22,ok,0.0,0.0,0.0,0.0,26806.0,2019
2019-10-23,ok,0.0,0.0,0.0,0.0,26775.0,2019
2019-10-24,ok,-165.0,-150.0,1.0,90.0,26855.0,2019
2019-10-25,ok,265.0,280.0,1.0,329.0,26729.0,2019
2019-10-28,ok,0.0,0.0,0.0,0.0,27037.0,2019
2019-10-29,ok,0.0,0.0,0.0,0.0,27001.0,2019
2019-10-30,ok,-5.0,10.0,1.0,29.0,27040.0,2019
2019-10-31,ok,225.0,240.0,1.0,359.0,27103.0,2019
2019-11-01,ok,180.0,210.0,2.0,299.0,27129.0,2019
2019-11-04,ok,0.0,0.0,0.0,0.0,27418.0,2019
2019-11-05,ok,0.0,0.0,0.0,0.0,27441.0,2019
2019-11-06,ok,0.0,0.0,0.0,0.0,27435.0,2019
2019-11-07,ok,-30.0,-15.0,1.0,300.0,27592.0,2019
2019-11-08,ok,-320.0,-290.0,2.0,60.0,27653.0,2019
2019-11-11,ok,0.0,0.0,0.0,0.0,27510.0,2019
2019-11-12,ok,0.0,0.0,0.0,0.0,27672.0,2019
2019-11-13,ok,-40.0,-25.0,1.0,59.0,27562.0,2019
2019-11-14,ok,0.0,0.0,0.0,0.0,27714.0,2019
2019-11-15,ok,-60.0,-45.0,1.0,30.0,27862.0,2019
2019-11-18,ok,0.0,0.0,0.0,0.0,27952.0,2019
2019-11-19,ok,-100.0,-85.0,1.0,299.0,28056.0,2019
2019-11-20,ok,-415.0,-385.0,2.0,149.0,27836.0,2019
2019-11-21,ok,-20.0,-5.0,1.0,150.0,27803.0,2019
2019-11-22,ok,0.0,0.0,0.0,0.0,27803.0,2019
2019-11-25,ok,90.0,120.0,2.0,89.0,27933.0,2019
2019-11-26,ok,0.0,0.0,0.0,0.0,28065.0,2019
2019-11-27,ok,0.0,0.0,0.0,0.0,28117.0,2019
2019-11-29,ok,0.0,0.0,0.0,0.0,28083.0,2019
2019-12-02,ok,1020.0,1035.0,1.0,359.0,28097.0,2019
2019-12-03,ok,-255.0,-225.0,2.0,240.0,27496.0,2019
2019-12-04,ok,-130.0,-115.0,1.0,30.0,27650.0,2019
2019-12-05,ok,-145.0,-115.0,2.0,60.0,27733.0,2019
2019-12-06,ok,245.0,260.0,1.0,359.0,27881.0,2019
2019-12-09,ok,0.0,0.0,0.0,0.0,27988.0,2019
2019-12-10,ok,0.0,0.0,0.0,0.0,27909.0,2019
2019-12-11,ok,0.0,0.0,0.0,0.0,27861.0,2019
2019-12-12,ok,10.0,25.0,1.0,359.0,27888.0,2019
2019-12-13,ok,-980.0,-950.0,2.0,60.0,28128.0,2019
2019-12-16,ok,-85.0,-70.0,1.0,270.0,28233.0,2019
2019-12-17,ok,-150.0,-135.0,1.0,90.0,28251.0,2019
2019-12-18,ok,0.0,0.0,0.0,0.0,28321.0,2019
2019-12-19,ok,0.0,0.0,0.0,0.0,28305.0,2019
2019-12-20,ok,0.0,0.0,0.0,0.0,28504.0,2019
2019-12-23,ok,0.0,0.0,0.0,0.0,28560.0,2019
2019-12-24,ok,0.0,0.0,0.0,0.0,28571.0,2019
2019-12-26,ok,0.0,0.0,0.0,0.0,28527.0,2019
2019-12-27,ok,0.0,0.0,0.0,0.0,28683.0,2019
2019-12-30,ok,275.0,290.0,1.0,359.0,28633.0,2019
2019-12-31,ok,0.0,0.0,0.0,0.0,28379.0,2019
2020-01-02,ok,375.0,405.0,2.0,269.0,28628.0,2020
2020-01-03,ok,0.0,0.0,0.0,0.0,28509.0,2020
2020-01-06,ok,0.0,0.0,0.0,0.0,28398.0,2020
2020-01-07,ok,0.0,0.0,0.0,0.0,28596.0,2020
2020-01-08,ok,290.0,305.0,1.0,269.0,28501.0,2020
2020-01-09,ok,-250.0,-235.0,1.0,30.0,28860.0,2020
2020-01-10,ok,5.0,35.0,2.0,149.0,28953.0,2020
2020-01-13,ok,0.0,0.0,0.0,0.0,28847.0,2020
2020-01-14,ok,-15.0,0.0,1.0,180.0,28845.0,2020
2020-01-15,ok,-220.0,-205.0,1.0,330.0,28865.0,2020
2020-01-16,ok,0.0,0.0,0.0,0.0,29122.0,2020
2020-01-17,ok,0.0,0.0,0.0,0.0,29322.0,2020
2020-01-21,ok,0.0,0.0,0.0,0.0,29216.0,2020
2020-01-22,ok,-235.0,-220.0,1.0,30.0,29218.0,2020
2020-01-23,ok,-155.0,-140.0,1.0,30.0,29037.0,2020
2020-01-24,ok,330.0,345.0,1.0,239.0,29214.0,2020
2020-01-27,ok,0.0,0.0,0.0,0.0,28441.0,2020
2020-01-28,ok,120.0,135.0,1.0,329.0,28582.0,2020
2020-01-29,ok,0.0,0.0,0.0,0.0,28863.0,2020
2020-01-30,ok,-570.0,-555.0,1.0,30.0,28522.0,2020
2020-01-31,ok,1935.0,1950.0,1.0,359.0,28645.0,2020
2020-02-03,ok,-535.0,-520.0,1.0,120.0,28308.0,2020
2020-02-04,ok,-205.0,-175.0,2.0,60.0,28719.0,2020
2020-02-05,ok,410.0,425.0,1.0,119.0,29024.0,2020
2020-02-06,ok,0.0,0.0,0.0,0.0,29343.0,2020
2020-02-07,ok,-465.0,-420.0,3.0,179.0,29217.0,2020
2020-02-10,ok,-80.0,-65.0,1.0,60.0,28954.0,2020
2020-02-11,ok,0.0,0.0,0.0,0.0,29377.0,2020
2020-02-12,ok,0.0,0.0,0.0,0.0,29392.0,2020
2020-02-13,ok,0.0,0.0,0.0,0.0,29365.0,2020
2020-02-14,ok,50.0,65.0,1.0,30.0,29429.0,2020
2020-02-18,ok,-235.0,-220.0,1.0,90.0,29241.0,2020
2020-02-19,ok,0.0,0.0,0.0,0.0,29302.0,2020
2020-02-20,ok,-275.0,-260.0,1.0,210.0,29276.0,2020
2020-02-21,ok,-435.0,-390.0,3.0,209.0,29080.0,2020
2020-02-24,ok,0.0,0.0,0.0,0.0,28028.0,2020
2020-02-25,ok,3615.0,3630.0,1.0,329.0,28078.0,2020
2020-02-26,ok,-835.0,-790.0,3.0,180.0,27188.0,2020
2020-02-27,ok,715.0,760.0,3.0,119.0,26458.0,2020
2020-02-28,ok,-3805.0,-3775.0,2.0,89.0,25012.0,2020
2020-03-02,ok,3590.0,3605.0,1.0,269.0,25645.0,2020
2020-03-03,ok,-175.0,-145.0,2.0,299.0,26750.0,2020
2020-03-04,ok,1605.0,1635.0,2.0,119.0,26505.0,2020
2020-03-05,ok,-760.0,-730.0,2.0,149.0,26384.0,2020
2020-03-06,ok,0.0,0.0,0.0,0.0,25338.0,2020
2020-03-09,ok,0.0,0.0,0.0,0.0,24017.0,2020
2020-03-10,ok,0.0,0.0,0.0,0.0,24669.0,2020
2020-03-11,ok,2630.0,2645.0,1.0,329.0,24303.0,2020
2020-03-12,ok,685.0,715.0,2.0,269.0,21957.0,2020
2020-03-13,ok,0.0,0.0,0.0,0.0,22294.0,2020
2020-03-16,ok,-15.0,15.0,2.0,269.0,21335.0,2020
2020-03-17,ok,-4465.0,-4420.0,3.0,150.0,20495.0,2020
2020-03-18,"unknown:нет цены на отметке, нормы или цены исполнения",,,,,,2020
2020-03-19,ok,-1815.0,-1770.0,3.0,90.0,19678.0,2020
2020-03-20,ok,1215.0,1230.0,1.0,59.0,20194.0,2020
2020-03-23,ok,-2190.0,-2145.0,3.0,209.0,18915.0,2020
2020-03-24,ok,1770.0,1800.0,2.0,299.0,19545.0,2020
2020-03-25,ok,-1700.0,-1685.0,1.0,209.0,20926.0,2020
2020-03-26,ok,3450.0,3465.0,1.0,359.0,21307.0,2020
2020-03-27,ok,0.0,0.0,0.0,0.0,21607.0,2020
2020-03-30,ok,-745.0,-730.0,1.0,60.0,21598.0,2020
2020-03-31,ok,0.0,0.0,0.0,0.0,22074.0,2020
2020-04-01,ok,0.0,0.0,0.0,0.0,20918.0,2020
2020-04-02,ok,-2280.0,-2250.0,2.0,60.0,20694.0,2020
2020-04-03,ok,50.0,65.0,1.0,30.0,21141.0,2020
2020-04-06,ok,-170.0,-155.0,1.0,90.0,21777.0,2020
2020-04-07,ok,0.0,0.0,0.0,0.0,23413.0,2020
2020-04-08,ok,0.0,0.0,0.0,0.0,22781.0,2020
2020-04-09,ok,-465.0,-450.0,1.0,30.0,23661.0,2020
2020-04-13,ok,-350.0,-305.0,3.0,240.0,23509.0,2020
2020-04-14,ok,0.0,0.0,0.0,0.0,23730.0,2020
2020-04-15,ok,0.0,0.0,0.0,0.0,23309.0,2020
2020-04-16,ok,-335.0,-320.0,1.0,30.0,23432.0,2020
2020-04-17,ok,0.0,0.0,0.0,0.0,24039.0,2020
2020-04-20,ok,0.0,0.0,0.0,0.0,23695.0,2020
2020-04-21,ok,0.0,0.0,0.0,0.0,23014.0,2020
2020-04-22,ok,0.0,0.0,0.0,0.0,23309.0,2020
2020-04-23,ok,-535.0,-520.0,1.0,150.0,23433.0,2020
2020-04-24,ok,0.0,0.0,0.0,0.0,23540.0,2020
2020-04-27,ok,5.0,35.0,2.0,59.0,23798.0,2020
2020-04-28,ok,0.0,0.0,0.0,0.0,24390.0,2020
2020-04-29,ok,-760.0,-730.0,2.0,59.0,24431.0,2020
2020-04-30,ok,-235.0,-220.0,1.0,30.0,24292.0,2020
2020-05-01,ok,190.0,205.0,1.0,239.0,23844.0,2020
2020-05-04,ok,0.0,0.0,0.0,0.0,23398.0,2020
2020-05-05,ok,-180.0,-150.0,2.0,60.0,23890.0,2020
2020-05-06,ok,0.0,0.0,0.0,0.0,23918.0,2020
2020-05-07,ok,-210.0,-180.0,2.0,60.0,23811.0,2020
2020-05-08,ok,0.0,0.0,0.0,0.0,24109.0,2020
2020-05-11,ok,0.0,0.0,0.0,0.0,24042.0,2020
2020-05-12,ok,745.0,790.0,3.0,89.0,24255.0,2020
2020-05-13,ok,910.0,940.0,2.0,329.0,23571.0,2020
2020-05-14,ok,-1470.0,-1410.0,4.0,179.0,22892.0,2020
2020-05-15,ok,0.0,0.0,0.0,0.0,23334.0,2020
2020-05-18,ok,275.0,305.0,2.0,239.0,24273.0,2020
2020-05-19,ok,0.0,0.0,0.0,0.0,24470.0,2020
2020-05-20,ok,-265.0,-235.0,2.0,60.0,24459.0,2020
2020-05-21,ok,-895.0,-865.0,2.0,60.0,24477.0,2020
2020-05-22,ok,-325.0,-295.0,2.0,90.0,24404.0,2020
2020-05-26,ok,0.0,0.0,0.0,0.0,25012.0,2020
2020-05-27,ok,0.0,0.0,0.0,0.0,25296.0,2020
2020-05-28,ok,0.0,0.0,0.0,0.0,25707.0,2020
2020-05-29,ok,-390.0,-360.0,2.0,60.0,25248.0,2020
2020-06-01,ok,0.0,0.0,0.0,0.0,25303.0,2020
2020-06-02,ok,-295.0,-280.0,1.0,30.0,25581.0,2020
2020-06-03,ok,545.0,575.0,2.0,299.0,25950.0,2020
2020-06-04,ok,-570.0,-555.0,1.0,30.0,26160.0,2020
2020-06-05,ok,-110.0,-95.0,1.0,299.0,26965.0,2020
2020-06-08,ok,25.0,70.0,3.0,179.0,27244.0,2020
2020-06-09,ok,0.0,0.0,0.0,0.0,27253.0,2020
2020-06-10,ok,-1465.0,-1435.0,2.0,300.0,27248.0,2020
2020-06-11,ok,4070.0,4085.0,1.0,299.0,25996.0,2020
2020-06-12,ok,0.0,0.0,0.0,0.0,25678.0,2020
2020-06-15,ok,-570.0,-555.0,1.0,30.0,24806.0,2020
2020-06-16,ok,0.0,0.0,0.0,0.0,26507.0,2020
2020-06-17,ok,-585.0,-570.0,1.0,30.0,26250.0,2020
2020-06-18,ok,0.0,0.0,0.0,0.0,25797.0,2020
2020-06-19,ok,-780.0,-765.0,1.0,60.0,26299.0,2020
2020-06-22,ok,0.0,0.0,0.0,0.0,25654.0,2020
2020-06-23,ok,0.0,0.0,0.0,0.0,26154.0,2020
2020-06-24,ok,1445.0,1460.0,1.0,359.0,25785.0,2020
2020-06-25,ok,0.0,0.0,0.0,0.0,25207.0,2020
2020-06-26,ok,2200.0,2215.0,1.0,359.0,25435.0,2020
2020-06-29,ok,-390.0,-375.0,1.0,30.0,25092.0,2020
2020-06-30,ok,0.0,0.0,0.0,0.0,25375.0,2020
2020-07-01,ok,0.0,0.0,0.0,0.0,25750.0,2020
2020-07-02,ok,0.0,0.0,0.0,0.0,25984.0,2020
2020-07-06,ok,0.0,0.0,0.0,0.0,26084.0,2020
2020-07-07,ok,0.0,0.0,0.0,0.0,25971.0,2020
2020-07-08,ok,-465.0,-450.0,1.0,30.0,25824.0,2020
2020-07-09,ok,1330.0,1345.0,1.0,359.0,25948.0,2020
2020-07-10,ok,410.0,440.0,2.0,209.0,25579.0,2020
2020-07-13,ok,-920.0,-905.0,1.0,270.0,26175.0,2020
2020-07-14,ok,2280.0,2295.0,1.0,359.0,25927.0,2020
2020-07-15,ok,0.0,0.0,0.0,0.0,26909.0,2020
2020-07-16,ok,0.0,0.0,0.0,0.0,26581.0,2020
2020-07-17,ok,0.0,0.0,0.0,0.0,26685.0,2020
2020-07-20,ok,-420.0,-405.0,1.0,30.0,26516.0,2020
2020-07-21,ok,-490.0,-475.0,1.0,30.0,26768.0,2020
2020-07-22,ok,0.0,0.0,0.0,0.0,26669.0,2020
2020-07-23,ok,350.0,365.0,1.0,119.0,26850.0,2020
2020-07-24,ok,0.0,0.0,0.0,0.0,26405.0,2020
2020-07-27,ok,45.0,60.0,1.0,60.0,26358.0,2020
2020-07-28,ok,0.0,0.0,0.0,0.0,26383.0,2020
2020-07-29,ok,0.0,0.0,0.0,0.0,26309.0,2020
2020-07-30,ok,-915.0,-900.0,1.0,90.0,26143.0,2020
2020-07-31,ok,-910.0,-880.0,2.0,240.0,26263.0,2020
2020-08-03,ok,-280.0,-235.0,3.0,150.0,26446.0,2020
2020-08-04,ok,-210.0,-180.0,2.0,150.0,26511.0,2020
2020-08-05,ok,475.0,490.0,1.0,359.0,26891.0,2020
2020-08-06,ok,285.0,300.0,1.0,89.0,27052.0,2020
2020-08-07,ok,0.0,0.0,0.0,0.0,27209.0,2020
2020-08-10,ok,115.0,145.0,2.0,329.0,27439.0,2020
2020-08-11,ok,0.0,0.0,0.0,0.0,27982.0,2020
2020-08-12,ok,0.0,0.0,0.0,0.0,27878.0,2020
2020-08-13,ok,0.0,0.0,0.0,0.0,27799.0,2020
2020-08-14,ok,0.0,0.0,0.0,0.0,27710.0,2020
2020-08-17,ok,0.0,0.0,0.0,0.0,27903.0,2020
2020-08-18,ok,-625.0,-610.0,1.0,60.0,27791.0,2020
2020-08-19,ok,-90.0,-75.0,1.0,30.0,27755.0,2020
2020-08-20,ok,0.0,0.0,0.0,0.0,27488.0,2020
2020-08-21,ok,155.0,200.0,3.0,269.0,27649.0,2020
2020-08-24,ok,0.0,0.0,0.0,0.0,28113.0,2020
2020-08-25,ok,55.0,70.0,1.0,270.0,28359.0,2020
2020-08-26,ok,0.0,0.0,0.0,0.0,28198.0,2020
2020-08-27,ok,-710.0,-680.0,2.0,299.0,28385.0,2020
2020-08-28,ok,0.0,0.0,0.0,0.0,28563.0,2020
2020-08-31,ok,505.0,520.0,1.0,359.0,28568.0,2020
2020-09-01,ok,470.0,500.0,2.0,299.0,28314.0,2020
2020-09-02,ok,805.0,835.0,2.0,239.0,28753.0,2020
2020-09-03,ok,1685.0,1715.0,2.0,359.0,29047.0,2020
2020-09-04,ok,-1450.0,-1435.0,1.0,270.0,28438.0,2020
2020-09-08,ok,-315.0,-270.0,3.0,209.0,27829.0,2020
2020-09-09,ok,320.0,335.0,1.0,359.0,27745.0,2020
2020-09-10,ok,1000.0,1015.0,1.0,209.0,27971.0,2020
2020-09-11,ok,0.0,0.0,0.0,0.0,27526.0,2020
2020-09-14,ok,-75.0,-45.0,2.0,120.0,27712.0,2020
2020-09-15,ok,0.0,0.0,0.0,0.0,28070.0,2020
2020-09-16,ok,0.0,0.0,0.0,0.0,27979.0,2020
2020-09-17,ok,0.0,0.0,0.0,0.0,27594.0,2020
2020-09-18,ok,-1395.0,-1365.0,2.0,150.0,27792.0,2020
2020-09-21,ok,-670.0,-655.0,1.0,300.0,27044.0,2020
2020-09-22,ok,0.0,0.0,0.0,0.0,27052.0,2020
2020-09-23,ok,730.0,745.0,1.0,89.0,27305.0,2020
2020-09-24,ok,-760.0,-745.0,1.0,60.0,26570.0,2020
2020-09-25,ok,470.0,485.0,1.0,89.0,26555.0,2020
2020-09-28,ok,-210.0,-195.0,1.0,30.0,27410.0,2020
2020-09-29,ok,-280.0,-265.0,1.0,60.0,27443.0,2020
2020-09-30,ok,-220.0,-205.0,1.0,330.0,27388.0,2020
2020-10-01,ok,0.0,0.0,0.0,0.0,27819.0,2020
2020-10-02,ok,0.0,0.0,0.0,0.0,27307.0,2020
2020-10-05,ok,-95.0,-65.0,2.0,59.0,27765.0,2020
2020-10-06,ok,340.0,355.0,1.0,29.0,28138.0,2020
2020-10-07,ok,565.0,595.0,2.0,209.0,27908.0,2020
2020-10-08,ok,0.0,0.0,0.0,0.0,28335.0,2020
2020-10-09,ok,0.0,0.0,0.0,0.0,28446.0,2020
2020-10-12,ok,-110.0,-80.0,2.0,180.0,28574.0,2020
2020-10-13,ok,0.0,0.0,0.0,0.0,28648.0,2020
2020-10-14,ok,-20.0,-5.0,1.0,30.0,28607.0,2020
2020-10-15,ok,0.0,0.0,0.0,0.0,28083.0,2020
2020-10-16,ok,155.0,170.0,1.0,90.0,28510.0,2020
2020-10-19,ok,0.0,0.0,0.0,0.0,28238.0,2020
2020-10-20,ok,0.0,0.0,0.0,0.0,28300.0,2020
2020-10-21,ok,0.0,0.0,0.0,0.0,27955.0,2020
2020-10-22,ok,0.0,0.0,0.0,0.0,28230.0,2020
2020-10-23,"unknown:нет open, вчерашнего close или close сессии",,,,,,2020
2020-10-26,"unknown:нет open, вчерашнего close или close сессии",,,,,,2020
2020-10-27,ok,-590.0,-545.0,3.0,179.0,27585.0,2020
2020-10-28,ok,845.0,860.0,1.0,329.0,26784.0,2020
2020-10-29,ok,-600.0,-585.0,1.0,119.0,26399.0,2020
2020-10-30,ok,-1555.0,-1525.0,2.0,299.0,26384.0,2020
2020-11-02,ok,-635.0,-620.0,1.0,30.0,26785.0,2020
2020-11-03,ok,-495.0,-465.0,2.0,299.0,27162.0,2020
2020-11-04,ok,-100.0,-85.0,1.0,359.0,27466.0,2020
2020-11-05,ok,-455.0,-425.0,2.0,209.0,28114.0,2020
2020-11-06,ok,-450.0,-435.0,1.0,30.0,28294.0,2020
2020-11-09,ok,0.0,0.0,0.0,0.0,29768.0,2020
2020-11-10,ok,0.0,0.0,0.0,0.0,29205.0,2020
2020-11-11,ok,0.0,0.0,0.0,0.0,29500.0,2020
2020-11-12,ok,-675.0,-660.0,1.0,29.0,29119.0,2020
2020-11-13,ok,0.0,0.0,0.0,0.0,29190.0,2020
2020-11-16,ok,0.0,0.0,0.0,0.0,29821.0,2020
2020-11-17,ok,-605.0,-590.0,1.0,30.0,29624.0,2020
2020-11-18,ok,0.0,0.0,0.0,0.0,29812.0,2020
2020-11-19,ok,0.0,0.0,0.0,0.0,29307.0,2020
2020-11-20,ok,0.0,0.0,0.0,0.0,29384.0,2020
2020-11-23,ok,0.0,0.0,0.0,0.0,29384.0,2020
2020-11-24,ok,-205.0,-190.0,1.0,90.0,29853.0,2020
2020-11-25,ok,-295.0,-265.0,2.0,210.0,29948.0,2020
2020-11-27,ok,0.0,0.0,0.0,0.0,29899.0,2020
2020-11-30,ok,-705.0,-675.0,2.0,299.0,29701.0,2020
2020-12-01,ok,-290.0,-275.0,1.0,30.0,29933.0,2020
2020-12-02,ok,0.0,0.0,0.0,0.0,29664.0,2020
2020-12-03,ok,-790.0,-760.0,2.0,239.0,29891.0,2020
2020-12-04,ok,50.0,80.0,2.0,210.0,30024.0,2020
2020-12-07,ok,-15.0,15.0,2.0,150.0,30128.0,2020
2020-12-08,ok,60.0,75.0,1.0,180.0,29957.0,2020
2020-12-09,ok,-275.0,-245.0,2.0,119.0,30268.0,2020
2020-12-10,"unknown:нет цены на отметке, нормы или цены исполнения",,,,,,2020
2020-12-11,ok,0.0,0.0,0.0,0.0,29795.0,2020
2020-12-14,ok,0.0,0.0,0.0,0.0,30159.0,2020
2020-12-15,ok,-65.0,-50.0,1.0,120.0,29953.0,2020
2020-12-16,ok,0.0,0.0,0.0,0.0,30115.0,2020
2020-12-17,ok,0.0,0.0,0.0,0.0,30183.0,2020
2020-12-18,ok,110.0,125.0,1.0,359.0,30210.0,2020
2020-12-21,ok,-510.0,-495.0,1.0,30.0,29779.0,2020
2020-12-22,ok,-470.0,-425.0,3.0,90.0,30075.0,2020
2020-12-23,ok,-305.0,-260.0,3.0,150.0,30026.0,2020
2020-12-24,ok,0.0,0.0,0.0,0.0,30060.0,2020
2020-12-28,ok,-330.0,-315.0,1.0,60.0,30270.0,2020
2020-12-29,ok,0.0,0.0,0.0,0.0,30457.0,2020
2020-12-30,ok,-40.0,-10.0,2.0,60.0,30309.0,2020
2020-12-31,ok,0.0,0.0,0.0,0.0,30299.0,2020
2021-01-04,ok,1375.0,1390.0,1.0,359.0,30560.0,2021
2021-01-05,ok,-745.0,-715.0,2.0,119.0,30081.0,2021
2021-01-06,ok,1080.0,1095.0,1.0,359.0,30267.0,2021
2021-01-07,ok,-45.0,-30.0,1.0,60.0,30858.0,2021
2021-01-08,ok,0.0,0.0,0.0,0.0,31014.0,2021
2021-01-11,ok,0.0,0.0,0.0,0.0,30736.0,2021
2021-01-12,ok,0.0,0.0,0.0,0.0,30904.0,2021
2021-01-13,ok,0.0,0.0,0.0,0.0,30954.0,2021
2021-01-14,ok,0.0,0.0,0.0,0.0,31046.0,2021
2021-01-15,ok,-525.0,-510.0,1.0,30.0,30709.0,2021
2021-01-19,ok,0.0,0.0,0.0,0.0,30943.0,2021
2021-01-20,ok,0.0,0.0,0.0,0.0,30940.0,2021
2021-01-21,ok,0.0,0.0,0.0,0.0,31101.0,2021
2021-01-22,ok,0.0,0.0,0.0,0.0,30878.0,2021
2021-01-25,ok,-1180.0,-1150.0,2.0,90.0,30788.0,2021
2021-01-26,ok,0.0,0.0,0.0,0.0,30960.0,2021
2021-01-27,ok,-665.0,-620.0,3.0,149.0,30554.0,2021
2021-01-28,ok,-165.0,-150.0,1.0,359.0,30399.0,2021
2021-01-29,ok,1125.0,1140.0,1.0,269.0,30291.0,2021
2021-02-01,ok,0.0,0.0,0.0,0.0,30120.0,2021
2021-02-02,ok,360.0,375.0,1.0,359.0,30356.0,2021
2021-02-03,ok,0.0,0.0,0.0,0.0,30498.0,2021
2021-02-04,ok,595.0,610.0,1.0,359.0,30676.0,2021
2021-02-05,ok,0.0,0.0,0.0,0.0,31127.0,2021
2021-02-08,ok,0.0,0.0,0.0,0.0,31159.0,2021
2021-02-09,ok,0.0,0.0,0.0,0.0,31215.0,2021
2021-02-10,ok,0.0,0.0,0.0,0.0,31407.0,2021
2021-02-11,ok,0.0,0.0,0.0,0.0,31396.0,2021
2021-02-12,ok,0.0,0.0,0.0,0.0,31316.0,2021
2021-02-16,ok,0.0,0.0,0.0,0.0,31523.0,2021
2021-02-17,ok,0.0,0.0,0.0,0.0,31357.0,2021
2021-02-18,ok,0.0,0.0,0.0,0.0,31364.0,2021
2021-02-19,ok,0.0,0.0,0.0,0.0,31511.0,2021
2021-02-22,ok,-110.0,-95.0,1.0,150.0,31238.0,2021
2021-02-23,ok,-1525.0,-1495.0,2.0,90.0,31427.0,2021
2021-02-24,ok,1345.0,1360.0,1.0,299.0,31413.0,2021
2021-02-25,ok,2110.0,2125.0,1.0,299.0,31921.0,2021
2021-02-26,ok,1430.0,1445.0,1.0,359.0,31386.0,2021
2021-03-01,ok,240.0,255.0,1.0,359.0,31298.0,2021
2021-03-02,ok,0.0,0.0,0.0,0.0,31512.0,2021
2021-03-03,ok,-240.0,-225.0,1.0,30.0,31332.0,2021
2021-03-04,ok,115.0,130.0,1.0,179.0,31263.0,2021
2021-03-05,ok,-610.0,-580.0,2.0,89.0,31191.0,2021
2021-03-08,ok,-220.0,-205.0,1.0,329.0,31618.0,2021
2021-03-09,ok,-315.0,-300.0,1.0,30.0,31894.0,2021
2021-03-10,ok,-50.0,-20.0,2.0,299.0,32002.0,2021
2021-03-11,ok,0.0,0.0,0.0,0.0,32307.0,2021
2021-03-12,ok,-150.0,-135.0,1.0,30.0,32407.0,2021
2021-03-15,ok,0.0,0.0,0.0,0.0,32747.0,2021
2021-03-16,ok,0.0,0.0,0.0,0.0,32822.0,2021
2021-03-17,ok,0.0,0.0,0.0,0.0,32755.0,2021
2021-03-18,ok,-445.0,-430.0,1.0,60.0,32863.0,2021
2021-03-19,ok,-1185.0,-1155.0,2.0,90.0,32705.0,2021
2021-03-22,ok,-285.0,-270.0,1.0,59.0,32447.0,2021
2021-03-23,ok,-50.0,-35.0,1.0,29.0,32519.0,2021
2021-03-24,ok,145.0,160.0,1.0,210.0,32420.0,2021
2021-03-25,ok,75.0,90.0,1.0,29.0,32165.0,2021
2021-03-26,ok,0.0,0.0,0.0,0.0,32643.0,2021
2021-03-29,ok,-375.0,-360.0,1.0,29.0,32813.0,2021
2021-03-30,ok,0.0,0.0,0.0,0.0,32988.0,2021
2021-03-31,ok,0.0,0.0,0.0,0.0,32933.0,2021
2021-04-01,ok,0.0,0.0,0.0,0.0,32971.0,2021
2021-04-05,ok,175.0,190.0,1.0,329.0,33284.0,2021
2021-04-06,ok,0.0,0.0,0.0,0.0,33359.0,2021
2021-04-07,ok,0.0,0.0,0.0,0.0,33299.0,2021
2021-04-08,ok,0.0,0.0,0.0,0.0,33312.0,2021
2021-04-09,ok,295.0,310.0,1.0,29.0,33454.0,2021
2021-04-12,ok,0.0,0.0,0.0,0.0,33613.0,2021
2021-04-13,ok,-560.0,-530.0,2.0,150.0,33546.0,2021
2021-04-14,ok,-750.0,-720.0,2.0,329.0,33570.0,2021
2021-04-15,ok,40.0,55.0,1.0,330.0,33778.0,2021
2021-04-16,ok,0.0,0.0,0.0,0.0,34071.0,2021
2021-04-19,ok,-435.0,-390.0,3.0,179.0,34002.0,2021
2021-04-20,ok,85.0,100.0,1.0,299.0,33835.0,2021
2021-04-21,ok,885.0,900.0,1.0,359.0,33653.0,2021
2021-04-22,ok,515.0,545.0,2.0,239.0,34005.0,2021
2021-04-23,ok,795.0,810.0,1.0,329.0,33669.0,2021
2021-04-26,ok,0.0,0.0,0.0,0.0,34016.0,2021
2021-04-27,ok,0.0,0.0,0.0,0.0,33858.0,2021
2021-04-28,ok,-75.0,-60.0,1.0,60.0,33818.0,2021
2021-04-29,ok,0.0,0.0,0.0,0.0,33882.0,2021
2021-04-30,ok,0.0,0.0,0.0,0.0,33790.0,2021
2021-05-03,ok,-220.0,-190.0,2.0,60.0,33974.0,2021
2021-05-04,ok,-540.0,-525.0,1.0,150.0,33893.0,2021
2021-05-05,ok,0.0,0.0,0.0,0.0,34119.0,2021
2021-05-06,ok,-105.0,-90.0,1.0,90.0,34185.0,2021
2021-05-07,ok,765.0,780.0,1.0,359.0,34406.0,2021
2021-05-10,ok,-540.0,-510.0,2.0,150.0,34816.0,2021
2021-05-11,ok,-195.0,-180.0,1.0,329.0,34393.0,2021
2021-05-12,ok,2140.0,2155.0,1.0,329.0,34045.0,2021
2021-05-13,ok,285.0,300.0,1.0,359.0,33516.0,2021
2021-05-14,ok,-350.0,-320.0,2.0,209.0,34119.0,2021
2021-05-17,ok,0.0,0.0,0.0,0.0,34216.0,2021
2021-05-18,ok,0.0,0.0,0.0,0.0,34277.0,2021
2021-05-19,ok,0.0,0.0,0.0,0.0,33648.0,2021
2021-05-20,ok,-95.0,-80.0,1.0,269.0,33860.0,2021
2021-05-21,ok,-455.0,-440.0,1.0,30.0,34185.0,2021
2021-05-24,ok,0.0,0.0,0.0,0.0,34298.0,2021
2021-05-25,ok,0.0,0.0,0.0,0.0,34429.0,2021
2021-05-26,ok,0.0,0.0,0.0,0.0,34316.0,2021
2021-05-27,ok,0.0,0.0,0.0,0.0,34495.0,2021
2021-05-28,ok,0.0,0.0,0.0,0.0,34596.0,2021
2021-06-01,ok,0.0,0.0,0.0,0.0,34815.0,2021
2021-06-02,ok,0.0,0.0,0.0,0.0,34636.0,2021
2021-06-03,ok,0.0,0.0,0.0,0.0,34422.0,2021
2021-06-04,ok,0.0,0.0,0.0,0.0,34667.0,2021
2021-06-07,ok,150.0,180.0,2.0,299.0,34808.0,2021
2021-06-08,ok,-730.0,-700.0,2.0,60.0,34620.0,2021
2021-06-09,ok,85.0,100.0,1.0,29.0,34610.0,2021
2021-06-10,ok,0.0,0.0,0.0,0.0,34503.0,2021
2021-06-11,ok,-195.0,-180.0,1.0,60.0,34453.0,2021
2021-06-14,ok,-230.0,-215.0,1.0,359.0,34331.0,2021
2021-06-15,ok,-195.0,-180.0,1.0,240.0,34294.0,2021
2021-06-16,ok,575.0,590.0,1.0,149.0,34180.0,2021
2021-06-17,ok,490.0,505.0,1.0,359.0,33898.0,2021
2021-06-18,ok,-200.0,-185.0,1.0,30.0,33302.0,2021
2021-06-21,ok,1325.0,1340.0,1.0,359.0,33413.0,2021
2021-06-22,ok,-735.0,-705.0,2.0,59.0,33759.0,2021
2021-06-23,ok,0.0,0.0,0.0,0.0,33840.0,2021
2021-06-24,ok,-160.0,-130.0,2.0,210.0,33954.0,2021
2021-06-25,ok,0.0,0.0,0.0,0.0,34251.0,2021
2021-06-28,ok,275.0,290.0,1.0,359.0,34323.0,2021
2021-06-29,ok,0.0,0.0,0.0,0.0,34276.0,2021
2021-06-30,ok,675.0,690.0,1.0,359.0,34117.0,2021
2021-07-01,ok,0.0,0.0,0.0,0.0,34464.0,2021
2021-07-02,ok,0.0,0.0,0.0,0.0,34587.0,2021
2021-07-06,ok,395.0,410.0,1.0,359.0,34661.0,2021
2021-07-07,ok,0.0,0.0,0.0,0.0,34449.0,2021
2021-07-08,ok,0.0,0.0,0.0,0.0,34139.0,2021
2021-07-09,ok,515.0,530.0,1.0,359.0,34536.0,2021
2021-07-12,ok,100.0,115.0,1.0,90.0,34676.0,2021
2021-07-13,ok,0.0,0.0,0.0,0.0,34825.0,2021
2021-07-14,ok,0.0,0.0,0.0,0.0,34893.0,2021
2021-07-15,ok,0.0,0.0,0.0,0.0,34658.0,2021
2021-07-16,ok,265.0,310.0,3.0,179.0,34966.0,2021
2021-07-19,ok,155.0,170.0,1.0,359.0,34068.0,2021
2021-07-20,ok,670.0,685.0,1.0,359.0,33916.0,2021
2021-07-21,ok,0.0,0.0,0.0,0.0,34587.0,2021
2021-07-22,ok,0.0,0.0,0.0,0.0,34668.0,2021
2021-07-23,ok,0.0,0.0,0.0,0.0,34892.0,2021
2021-07-26,ok,0.0,0.0,0.0,0.0,34889.0,2021
2021-07-27,ok,0.0,0.0,0.0,0.0,34889.0,2021
2021-07-28,ok,0.0,0.0,0.0,0.0,34991.0,2021
2021-07-29,ok,0.0,0.0,0.0,0.0,34985.0,2021
2021-07-30,ok,0.0,0.0,0.0,0.0,34881.0,2021
2021-08-02,ok,0.0,0.0,0.0,0.0,34939.0,2021
2021-08-03,ok,-545.0,-515.0,2.0,119.0,34796.0,2021
2021-08-04,ok,20.0,35.0,1.0,120.0,34849.0,2021
2021-08-05,ok,20.0,35.0,1.0,60.0,34774.0,2021
2021-08-06,ok,0.0,0.0,0.0,0.0,35048.0,2021
2021-08-09,ok,-210.0,-195.0,1.0,30.0,35046.0,2021
2021-08-10,ok,35.0,50.0,1.0,329.0,35028.0,2021
2021-08-11,ok,0.0,45.0,3.0,179.0,35279.0,2021
2021-08-12,ok,-235.0,-220.0,1.0,120.0,35403.0,2021
2021-08-13,ok,0.0,0.0,0.0,0.0,35465.0,2021
2021-08-16,ok,-600.0,-585.0,1.0,60.0,35324.0,2021
2021-08-17,ok,-1310.0,-1280.0,2.0,180.0,35272.0,2021
2021-08-18,ok,0.0,0.0,0.0,0.0,35143.0,2021
2021-08-19,ok,0.0,0.0,0.0,0.0,34615.0,2021
2021-08-20,ok,520.0,535.0,1.0,359.0,34842.0,2021
2021-08-23,ok,-90.0,-45.0,3.0,120.0,35241.0,2021
2021-08-24,ok,0.0,0.0,0.0,0.0,35354.0,2021
2021-08-25,ok,-60.0,-30.0,2.0,120.0,35316.0,2021
2021-08-26,ok,185.0,215.0,2.0,179.0,35397.0,2021
2021-08-27,ok,45.0,60.0,1.0,329.0,35213.0,2021
2021-08-30,ok,0.0,0.0,0.0,0.0,35435.0,2021
2021-08-31,ok,0.0,0.0,0.0,0.0,35321.0,2021
2021-09-01,ok,0.0,0.0,0.0,0.0,35371.0,2021
2021-09-02,ok,0.0,0.0,0.0,0.0,35420.0,2021
2021-09-03,ok,0.0,0.0,0.0,0.0,35306.0,2021
2021-09-07,ok,310.0,325.0,1.0,359.0,35302.0,2021
2021-09-08,ok,0.0,0.0,0.0,0.0,35023.0,2021
2021-09-09,"unknown:нет цены на отметке, нормы или цены исполнения",,,,,,2021
2021-09-10,ok,640.0,670.0,2.0,119.0,34952.0,2021
2021-09-13,ok,0.0,0.0,0.0,0.0,34717.0,2021
2021-09-14,ok,825.0,840.0,1.0,329.0,34867.0,2021
2021-09-15,ok,170.0,200.0,2.0,239.0,34461.0,2021
2021-09-16,ok,5.0,20.0,1.0,240.0,34708.0,2021
2021-09-17,ok,-315.0,-285.0,2.0,180.0,34560.0,2021
2021-09-20,ok,-375.0,-360.0,1.0,209.0,33896.0,2021
2021-09-21,ok,0.0,0.0,0.0,0.0,34025.0,2021
2021-09-22,ok,130.0,145.0,1.0,359.0,34000.0,2021
2021-09-23,ok,530.0,545.0,1.0,359.0,34368.0,2021
2021-09-24,ok,0.0,0.0,0.0,0.0,34537.0,2021
2021-09-27,ok,-365.0,-350.0,1.0,60.0,34709.0,2021
2021-09-28,ok,1545.0,1560.0,1.0,359.0,34618.0,2021
2021-09-29,ok,0.0,0.0,0.0,0.0,34268.0,2021
2021-09-30,ok,730.0,760.0,2.0,269.0,34391.0,2021
2021-10-01,ok,220.0,235.0,1.0,119.0,33881.0,2021
2021-10-04,ok,515.0,530.0,1.0,329.0,34142.0,2021
2021-10-05,ok,-500.0,-485.0,1.0,329.0,33983.0,2021
2021-10-06,ok,-640.0,-625.0,1.0,30.0,33917.0,2021
2021-10-07,ok,-25.0,-10.0,1.0,240.0,34558.0,2021
2021-10-08,ok,0.0,0.0,0.0,0.0,34667.0,2021
2021-10-11,ok,-75.0,-60.0,1.0,60.0,34639.0,2021
2021-10-12,ok,0.0,0.0,0.0,0.0,34427.0,2021
2021-10-13,ok,-90.0,-75.0,1.0,120.0,34269.0,2021
2021-10-14,ok,0.0,0.0,0.0,0.0,34599.0,2021
2021-10-15,ok,0.0,0.0,0.0,0.0,35046.0,2021
2021-10-18,ok,0.0,0.0,0.0,0.0,35021.0,2021
2021-10-19,ok,0.0,0.0,0.0,0.0,35249.0,2021
2021-10-20,ok,-190.0,-160.0,2.0,90.0,35332.0,2021
2021-10-21,ok,0.0,0.0,0.0,0.0,35421.0,2021
2021-10-22,ok,-255.0,-240.0,1.0,60.0,35480.0,2021
2021-10-25,ok,0.0,0.0,0.0,0.0,35614.0,2021
2021-10-26,ok,0.0,0.0,0.0,0.0,35739.0,2021
2021-10-27,ok,465.0,510.0,3.0,179.0,35690.0,2021
2021-10-28,ok,-370.0,-340.0,2.0,150.0,35461.0,2021
2021-10-29,ok,-235.0,-220.0,1.0,30.0,35546.0,2021
2021-11-01,ok,0.0,0.0,0.0,0.0,35831.0,2021
2021-11-02,ok,65.0,80.0,1.0,209.0,35825.0,2021
2021-11-03,ok,0.0,0.0,0.0,0.0,35878.0,2021
2021-11-04,ok,-725.0,-695.0,2.0,149.0,36013.0,2021
2021-11-05,ok,-500.0,-485.0,1.0,120.0,36172.0,2021
2021-11-08,ok,0.0,0.0,0.0,0.0,36387.0,2021
2021-11-09,ok,-195.0,-180.0,1.0,359.0,36295.0,2021
2021-11-10,ok,210.0,225.0,1.0,119.0,36134.0,2021
2021-11-11,ok,110.0,140.0,2.0,299.0,35998.0,2021
2021-11-12,ok,0.0,0.0,0.0,0.0,35951.0,2021
2021-11-15,ok,0.0,0.0,0.0,0.0,36143.0,2021
2021-11-16,ok,-525.0,-495.0,2.0,210.0,36063.0,2021
2021-11-17,ok,215.0,230.0,1.0,359.0,36022.0,2021
2021-11-18,ok,-135.0,-120.0,1.0,120.0,35880.0,2021
2021-11-19,ok,-200.0,-155.0,3.0,299.0,35735.0,2021
2021-11-22,ok,-1715.0,-1685.0,2.0,179.0,35698.0,2021
2021-11-23,ok,-580.0,-550.0,2.0,89.0,35578.0,2021
2021-11-24,ok,0.0,0.0,0.0,0.0,35557.0,2021
2021-11-26,ok,-310.0,-295.0,1.0,150.0,34977.0,2021
2021-11-29,ok,0.0,0.0,0.0,0.0,35195.0,2021
2021-11-30,ok,630.0,645.0,1.0,299.0,34814.0,2021
2021-12-01,ok,770.0,800.0,2.0,89.0,34748.0,2021
2021-12-02,ok,695.0,710.0,1.0,359.0,34126.0,2021
2021-12-03,ok,-1670.0,-1640.0,2.0,269.0,34728.0,2021
2021-12-06,ok,720.0,735.0,1.0,359.0,34866.0,2021
2021-12-07,ok,220.0,235.0,1.0,270.0,35531.0,2021
2021-12-08,ok,0.0,0.0,0.0,0.0,35761.0,2021
2021-12-09,ok,0.0,0.0,0.0,0.0,35523.0,2021
2021-12-10,ok,0.0,0.0,0.0,0.0,35805.0,2021
2021-12-13,ok,120.0,135.0,1.0,240.0,35786.0,2021
2021-12-14,ok,0.0,0.0,0.0,0.0,35415.0,2021
2021-12-15,ok,70.0,85.0,1.0,29.0,35426.0,2021
2021-12-16,ok,0.0,0.0,0.0,0.0,35962.0,2021
2021-12-17,ok,-1130.0,-1100.0,2.0,120.0,35545.0,2021
2021-12-20,ok,-95.0,-80.0,1.0,240.0,34836.0,2021
2021-12-21,ok,205.0,220.0,1.0,209.0,35108.0,2021
2021-12-22,ok,-195.0,-180.0,1.0,60.0,35381.0,2021
2021-12-23,ok,-450.0,-435.0,1.0,89.0,35724.0,2021
2021-12-27,ok,600.0,630.0,2.0,239.0,35897.0,2021
2021-12-28,ok,-515.0,-500.0,1.0,150.0,36196.0,2021
2021-12-29,ok,0.0,0.0,0.0,0.0,36290.0,2021
2021-12-30,ok,0.0,0.0,0.0,0.0,36466.0,2021
2021-12-31,ok,0.0,0.0,0.0,0.0,36246.0,2021
2022-01-03,ok,0.0,0.0,0.0,0.0,36323.0,2022
2022-01-04,ok,-140.0,-125.0,1.0,90.0,36621.0,2022
2022-01-05,ok,705.0,735.0,2.0,89.0,36652.0,2022
2022-01-06,ok,-625.0,-595.0,2.0,210.0,36293.0,2022
2022-01-07,ok,0.0,0.0,0.0,0.0,36066.0,2022
2022-01-10,ok,-1070.0,-1055.0,1.0,359.0,35986.0,2022
2022-01-11,ok,-950.0,-920.0,2.0,149.0,35941.0,2022
2022-01-12,ok,0.0,0.0,0.0,0.0,36243.0,2022
2022-01-13,ok,0.0,0.0,0.0,0.0,36301.0,2022
2022-01-14,ok,-585.0,-555.0,2.0,90.0,35699.0,2022
2022-01-18,ok,-600.0,-570.0,2.0,329.0,35408.0,2022
2022-01-19,ok,395.0,425.0,2.0,119.0,35362.0,2022
2022-01-20,ok,-865.0,-850.0,1.0,270.0,35014.0,2022
2022-01-21,ok,-95.0,-50.0,3.0,269.0,34604.0,2022
2022-01-24,ok,-2060.0,-2030.0,2.0,300.0,33749.0,2022
2022-01-25,ok,-3775.0,-3730.0,3.0,90.0,33926.0,2022
2022-01-26,ok,-1650.0,-1620.0,2.0,59.0,34494.0,2022
2022-01-27,ok,-2415.0,-2385.0,2.0,120.0,34326.0,2022
2022-01-28,ok,-1890.0,-1830.0,4.0,149.0,34081.0,2022
2022-01-31,ok,985.0,1000.0,1.0,179.0,34469.0,2022
2022-02-01,ok,0.0,0.0,0.0,0.0,35059.0,2022
2022-02-02,ok,-295.0,-250.0,3.0,119.0,35247.0,2022
2022-02-03,ok,615.0,660.0,3.0,299.0,35378.0,2022
2022-02-04,ok,-815.0,-800.0,1.0,60.0,34925.0,2022
2022-02-07,ok,0.0,0.0,0.0,0.0,35011.0,2022
2022-02-08,ok,395.0,425.0,2.0,209.0,35047.0,2022
2022-02-09,ok,0.0,0.0,0.0,0.0,35620.0,2022
2022-02-10,ok,0.0,0.0,0.0,0.0,35366.0,2022
2022-02-11,ok,105.0,135.0,2.0,149.0,35136.0,2022
2022-02-14,ok,-1225.0,-1195.0,2.0,150.0,34565.0,2022
2022-02-15,ok,-305.0,-290.0,1.0,120.0,34777.0,2022
2022-02-16,ok,120.0,135.0,1.0,60.0,34761.0,2022
2022-02-17,ok,890.0,905.0,1.0,359.0,34626.0,2022
2022-02-18,ok,-325.0,-310.0,1.0,120.0,34193.0,2022
2022-02-22,ok,50.0,80.0,2.0,210.0,33807.0,2022
2022-02-23,ok,610.0,640.0,2.0,179.0,33752.0,2022
2022-02-24,ok,0.0,0.0,0.0,0.0,32220.0,2022
2022-02-25,ok,2320.0,2335.0,1.0,329.0,33294.0,2022
2022-02-28,ok,0.0,0.0,0.0,0.0,33525.0,2022
2022-03-01,ok,695.0,710.0,1.0,299.0,33660.0,2022
2022-03-02,ok,825.0,840.0,1.0,299.0,33462.0,2022
2022-03-03,ok,0.0,0.0,0.0,0.0,33998.0,2022
2022-03-04,ok,0.0,0.0,0.0,0.0,33393.0,2022
2022-03-07,ok,2155.0,2170.0,1.0,359.0,33446.0,2022
2022-03-08,ok,-2765.0,-2735.0,2.0,120.0,32791.0,2022
2022-03-09,ok,0.0,0.0,0.0,0.0,33240.0,2022
2022-03-10,ok,0.0,0.0,0.0,0.0,32756.0,2022
2022-03-11,ok,0.0,0.0,0.0,0.0,33224.0,2022
2022-03-14,ok,195.0,210.0,1.0,60.0,32990.0,2022
2022-03-15,ok,-320.0,-290.0,2.0,119.0,33034.0,2022
2022-03-16,ok,-165.0,-150.0,1.0,30.0,33741.0,2022
2022-03-17,ok,-360.0,-330.0,2.0,60.0,33802.0,2022
2022-03-18,ok,0.0,0.0,0.0,0.0,34256.0,2022
2022-03-21,ok,-830.0,-800.0,2.0,60.0,34557.0,2022
2022-03-22,ok,-60.0,-45.0,1.0,30.0,34609.0,2022
2022-03-23,ok,-225.0,-210.0,1.0,30.0,34506.0,2022
2022-03-24,ok,-210.0,-180.0,2.0,89.0,34355.0,2022
2022-03-25,ok,-1195.0,-1180.0,1.0,60.0,34659.0,2022
2022-03-28,ok,105.0,120.0,1.0,90.0,34683.0,2022
2022-03-29,ok,0.0,0.0,0.0,0.0,35181.0,2022
2022-03-30,ok,0.0,0.0,0.0,0.0,35122.0,2022
2022-03-31,ok,0.0,0.0,0.0,0.0,35013.0,2022
2022-04-01,ok,-360.0,-345.0,1.0,30.0,34719.0,2022
2022-04-04,ok,0.0,0.0,0.0,0.0,34669.0,2022
2022-04-05,ok,-755.0,-740.0,1.0,30.0,34692.0,2022
2022-04-06,ok,0.0,0.0,0.0,0.0,34271.0,2022
2022-04-07,ok,-535.0,-505.0,2.0,149.0,34280.0,2022
2022-04-08,ok,-485.0,-470.0,1.0,299.0,34473.0,2022
2022-04-11,ok,355.0,370.0,1.0,29.0,34448.0,2022
2022-04-12,ok,-1900.0,-1855.0,3.0,119.0,34330.0,2022
2022-04-13,ok,1360.0,1375.0,1.0,299.0,34073.0,2022
2022-04-14,ok,0.0,0.0,0.0,0.0,34591.0,2022
2022-04-18,ok,0.0,0.0,0.0,0.0,34305.0,2022
2022-04-19,ok,1015.0,1030.0,1.0,359.0,34349.0,2022
2022-04-20,ok,-1440.0,-1380.0,4.0,120.0,35026.0,2022
2022-04-21,ok,1095.0,1110.0,1.0,89.0,35307.0,2022
2022-04-22,ok,2940.0,2955.0,1.0,359.0,34548.0,2022
2022-04-25,ok,-715.0,-700.0,1.0,150.0,33560.0,2022
2022-04-26,ok,1980.0,1995.0,1.0,299.0,33713.0,2022
2022-04-27,ok,-2210.0,-2180.0,2.0,150.0,33301.0,2022
2022-04-28,ok,645.0,660.0,1.0,179.0,33430.0,2022
2022-04-29,ok,2835.0,2850.0,1.0,329.0,33689.0,2022
2022-05-02,ok,-955.0,-940.0,1.0,150.0,32943.0,2022
2022-05-03,ok,0.0,0.0,0.0,0.0,33027.0,2022
2022-05-04,ok,1715.0,1730.0,1.0,59.0,33091.0,2022
2022-05-05,ok,2865.0,2880.0,1.0,359.0,33686.0,2022
2022-05-06,ok,-855.0,-840.0,1.0,30.0,32678.0,2022
2022-05-09,ok,0.0,0.0,0.0,0.0,32399.0,2022
2022-05-10,ok,-690.0,-675.0,1.0,60.0,32553.0,2022
2022-05-11,ok,-2005.0,-1975.0,2.0,180.0,32077.0,2022
2022-05-12,ok,-730.0,-715.0,1.0,30.0,31562.0,2022
2022-05-13,ok,-310.0,-280.0,2.0,120.0,31902.0,2022
2022-05-16,ok,-1150.0,-1120.0,2.0,60.0,32061.0,2022
2022-05-17,ok,0.0,0.0,0.0,0.0,32587.0,2022
2022-05-18,ok,3425.0,3440.0,1.0,359.0,32309.0,2022
2022-05-19,ok,0.0,0.0,0.0,0.0,31099.0,2022
2022-05-20,ok,-115.0,-85.0,2.0,210.0,31441.0,2022
2022-05-23,ok,575.0,590.0,1.0,300.0,31491.0,2022
2022-05-24,ok,0.0,0.0,0.0,0.0,31621.0,2022
2022-05-25,ok,0.0,0.0,0.0,0.0,31740.0,2022
2022-05-26,ok,620.0,635.0,1.0,359.0,32255.0,2022
2022-05-27,ok,765.0,810.0,3.0,209.0,32658.0,2022
2022-05-31,ok,-355.0,-340.0,1.0,30.0,32970.0,2022
2022-06-01,ok,-365.0,-335.0,2.0,150.0,33196.0,2022
2022-06-02,ok,-285.0,-270.0,1.0,60.0,32806.0,2022
2022-06-03,ok,0.0,0.0,0.0,0.0,32937.0,2022
2022-06-06,ok,0.0,0.0,0.0,0.0,33117.0,2022
2022-06-07,ok,0.0,0.0,0.0,0.0,32636.0,2022
2022-06-08,ok,0.0,0.0,0.0,0.0,33006.0,2022
2022-06-09,ok,0.0,0.0,0.0,0.0,32733.0,2022
2022-06-10,ok,420.0,450.0,2.0,240.0,31752.0,2022
2022-06-13,ok,0.0,0.0,0.0,0.0,30668.0,2022
2022-06-14,ok,-1000.0,-955.0,3.0,119.0,30580.0,2022
2022-06-15,ok,-1225.0,-1195.0,2.0,59.0,30579.0,2022
2022-06-16,ok,-1180.0,-1150.0,2.0,120.0,30068.0,2022
2022-06-17,ok,-1350.0,-1335.0,1.0,30.0,29830.0,2022
2022-06-21,ok,-365.0,-320.0,3.0,179.0,30311.0,2022
2022-06-22,ok,0.0,0.0,0.0,0.0,30149.0,2022
2022-06-23,ok,0.0,0.0,0.0,0.0,30556.0,2022
2022-06-24,ok,2280.0,2295.0,1.0,359.0,30923.0,2022
2022-06-27,ok,-135.0,-120.0,1.0,30.0,31537.0,2022
2022-06-28,ok,525.0,555.0,2.0,269.0,31600.0,2022
2022-06-29,ok,0.0,0.0,0.0,0.0,31033.0,2022
2022-06-30,ok,-1065.0,-1050.0,1.0,60.0,30653.0,2022
2022-07-01,ok,-195.0,-180.0,1.0,30.0,30716.0,2022
2022-07-05,ok,-560.0,-545.0,1.0,150.0,30632.0,2022
2022-07-06,ok,0.0,0.0,0.0,0.0,30973.0,2022
2022-07-07,ok,0.0,0.0,0.0,0.0,31231.0,2022
2022-07-08,ok,0.0,0.0,0.0,0.0,31325.0,2022
2022-07-11,ok,0.0,0.0,0.0,0.0,31135.0,2022
2022-07-12,ok,0.0,0.0,0.0,0.0,31017.0,2022
2022-07-13,ok,0.0,0.0,0.0,0.0,30581.0,2022
2022-07-14,ok,0.0,0.0,0.0,0.0,30229.0,2022
2022-07-15,ok,-510.0,-480.0,2.0,120.0,31059.0,2022
2022-07-18,ok,0.0,0.0,0.0,0.0,31555.0,2022
2022-07-19,ok,1450.0,1465.0,1.0,329.0,31285.0,2022
2022-07-20,ok,-440.0,-425.0,1.0,30.0,31804.0,2022
2022-07-21,ok,-710.0,-695.0,1.0,30.0,31732.0,2022
2022-07-22,ok,-80.0,-65.0,1.0,120.0,32153.0,2022
2022-07-25,ok,0.0,0.0,0.0,0.0,31973.0,2022
2022-07-26,ok,0.0,0.0,0.0,0.0,31858.0,2022
2022-07-27,ok,275.0,290.0,1.0,59.0,31851.0,2022
2022-07-28,ok,-170.0,-140.0,2.0,329.0,32210.0,2022
2022-07-29,ok,-325.0,-280.0,3.0,149.0,32513.0,2022
2022-08-01,ok,0.0,0.0,0.0,0.0,32655.0,2022
2022-08-02,ok,-590.0,-575.0,1.0,60.0,32661.0,2022
2022-08-03,ok,540.0,555.0,1.0,269.0,32529.0,2022
2022-08-04,ok,0.0,0.0,0.0,0.0,32715.0,2022
2022-08-05,ok,0.0,0.0,0.0,0.0,32461.0,2022
2022-08-08,ok,-150.0,-135.0,1.0,30.0,32932.0,2022
2022-08-09,ok,0.0,0.0,0.0,0.0,32775.0,2022
2022-08-10,ok,0.0,0.0,0.0,0.0,33205.0,2022
2022-08-11,ok,0.0,0.0,0.0,0.0,33517.0,2022
2022-08-12,ok,1120.0,1135.0,1.0,269.0,33413.0,2022
2022-08-15,ok,310.0,325.0,1.0,180.0,33551.0,2022
2022-08-16,ok,280.0,295.0,1.0,240.0,33815.0,2022
2022-08-17,ok,0.0,0.0,0.0,0.0,33899.0,2022
2022-08-18,ok,0.0,0.0,0.0,0.0,33946.0,2022
2022-08-19,ok,-180.0,-150.0,2.0,120.0,33827.0,2022
2022-08-22,ok,155.0,185.0,2.0,209.0,33298.0,2022
2022-08-23,ok,-395.0,-365.0,2.0,90.0,33016.0,2022
2022-08-24,ok,-565.0,-550.0,1.0,90.0,32873.0,2022
2022-08-25,ok,155.0,185.0,2.0,89.0,32977.0,2022
2022-08-26,ok,3560.0,3575.0,1.0,329.0,33320.0,2022
2022-08-29,ok,0.0,0.0,0.0,0.0,32021.0,2022
2022-08-30,ok,725.0,740.0,1.0,329.0,32166.0,2022
2022-08-31,ok,0.0,0.0,0.0,0.0,31811.0,2022
2022-09-01,ok,0.0,0.0,0.0,0.0,31381.0,2022
2022-09-02,ok,115.0,145.0,2.0,119.0,31928.0,2022
2022-09-06,ok,-980.0,-950.0,2.0,90.0,31393.0,2022
2022-09-07,ok,1505.0,1520.0,1.0,329.0,31110.0,2022
2022-09-08,"unknown:нет цены на отметке, нормы или цены исполнения",,,,,,2022
2022-09-09,ok,-255.0,-240.0,1.0,120.0,32038.0,2022
2022-09-12,ok,-620.0,-605.0,1.0,120.0,32365.0,2022
2022-09-13,ok,2700.0,2730.0,2.0,329.0,31914.0,2022
2022-09-14,ok,0.0,0.0,0.0,0.0,31275.0,2022
2022-09-15,ok,-660.0,-645.0,1.0,30.0,31188.0,2022
2022-09-16,ok,0.0,0.0,0.0,0.0,30704.0,2022
2022-09-19,ok,0.0,0.0,0.0,0.0,30638.0,2022
2022-09-20,ok,-405.0,-375.0,2.0,60.0,30862.0,2022
2022-09-21,ok,0.0,0.0,0.0,0.0,30959.0,2022
2022-09-22,ok,-425.0,-410.0,1.0,30.0,30244.0,2022
2022-09-23,ok,-125.0,-95.0,2.0,329.0,29867.0,2022
2022-09-26,ok,-1015.0,-985.0,2.0,120.0,29525.0,2022
2022-09-27,ok,25.0,40.0,1.0,120.0,29550.0,2022
2022-09-28,ok,1390.0,1405.0,1.0,299.0,29316.0,2022
2022-09-29,ok,-145.0,-130.0,1.0,359.0,29545.0,2022
2022-09-30,ok,-290.0,-275.0,1.0,30.0,29175.0,2022
2022-10-03,ok,795.0,810.0,1.0,329.0,29115.0,2022
2022-10-04,ok,685.0,700.0,1.0,359.0,29920.0,2022
2022-10-05,ok,0.0,0.0,0.0,0.0,30024.0,2022
2022-10-06,ok,0.0,0.0,0.0,0.0,30194.0,2022
2022-10-07,ok,765.0,780.0,1.0,359.0,29724.0,2022
2022-10-10,ok,-215.0,-200.0,1.0,30.0,29477.0,2022
2022-10-11,ok,-1290.0,-1275.0,1.0,180.0,29162.0,2022
2022-10-12,ok,-115.0,-100.0,1.0,60.0,29284.0,2022
2022-10-13,ok,2365.0,2380.0,1.0,269.0,28743.0,2022
2022-10-14,ok,-30.0,0.0,2.0,60.0,30303.0,2022
2022-10-17,ok,0.0,0.0,0.0,0.0,30122.0,2022
2022-10-18,ok,0.0,0.0,0.0,0.0,30862.0,2022
2022-10-19,ok,0.0,0.0,0.0,0.0,30471.0,2022
2022-10-20,ok,-755.0,-740.0,1.0,60.0,30500.0,2022
2022-10-21,ok,655.0,685.0,2.0,299.0,30338.0,2022
2022-10-24,ok,-1070.0,-1055.0,1.0,30.0,31285.0,2022
2022-10-25,ok,-85.0,-70.0,1.0,60.0,31465.0,2022
2022-10-26,ok,-10.0,5.0,1.0,30.0,31831.0,2022
2022-10-27,ok,0.0,0.0,0.0,0.0,32186.0,2022
2022-10-28,ok,2150.0,2165.0,1.0,359.0,32204.0,2022
2022-10-31,ok,0.0,0.0,0.0,0.0,32719.0,2022
2022-11-01,ok,0.0,0.0,0.0,0.0,32964.0,2022
2022-11-02,ok,0.0,0.0,0.0,0.0,32580.0,2022
2022-11-03,ok,-1255.0,-1240.0,1.0,30.0,31955.0,2022
2022-11-04,ok,0.0,0.0,0.0,0.0,32369.0,2022
2022-11-07,ok,45.0,60.0,1.0,89.0,32519.0,2022
2022-11-08,ok,-450.0,-420.0,2.0,209.0,32955.0,2022
2022-11-09,ok,745.0,760.0,1.0,119.0,32965.0,2022
2022-11-10,ok,0.0,0.0,0.0,0.0,33411.0,2022
2022-11-11,ok,-580.0,-565.0,1.0,60.0,33817.0,2022
2022-11-14,ok,0.0,0.0,0.0,0.0,33665.0,2022
2022-11-15,ok,0.0,0.0,0.0,0.0,33832.0,2022
2022-11-16,ok,0.0,0.0,0.0,0.0,33552.0,2022
2022-11-17,ok,0.0,0.0,0.0,0.0,33251.0,2022
2022-11-18,ok,0.0,0.0,0.0,0.0,33786.0,2022
2022-11-21,ok,0.0,0.0,0.0,0.0,33794.0,2022
2022-11-22,ok,50.0,65.0,1.0,29.0,33913.0,2022
2022-11-23,ok,5.0,20.0,1.0,30.0,34086.0,2022
2022-11-25,ok,205.0,220.0,1.0,120.0,34225.0,2022
2022-11-28,ok,690.0,705.0,1.0,179.0,34168.0,2022
2022-11-29,ok,0.0,0.0,0.0,0.0,33796.0,2022
2022-11-30,ok,1725.0,1770.0,3.0,239.0,33870.0,2022
2022-12-01,ok,255.0,285.0,2.0,329.0,34659.0,2022
2022-12-02,ok,0.0,0.0,0.0,0.0,34076.0,2022
2022-12-05,ok,-20.0,10.0,2.0,209.0,34224.0,2022
2022-12-06,ok,865.0,880.0,1.0,329.0,33958.0,2022
2022-12-07,ok,-1050.0,-1035.0,1.0,60.0,33592.0,2022
2022-12-08,ok,-245.0,-230.0,1.0,90.0,33734.0,2022
2022-12-09,ok,0.0,0.0,0.0,0.0,33710.0,2022
2022-12-12,ok,1690.0,1720.0,2.0,329.0,33811.0,2022
2022-12-13,ok,0.0,0.0,0.0,0.0,35040.0,2022
2022-12-14,ok,-1760.0,-1715.0,3.0,150.0,34389.0,2022
2022-12-15,ok,690.0,705.0,1.0,359.0,33846.0,2022
2022-12-16,ok,-490.0,-460.0,2.0,90.0,33156.0,2022
2022-12-19,ok,-160.0,-145.0,1.0,60.0,33118.0,2022
2022-12-20,ok,0.0,0.0,0.0,0.0,32982.0,2022
2022-12-21,ok,-205.0,-190.0,1.0,60.0,33373.0,2022
2022-12-22,ok,295.0,310.0,1.0,330.0,33349.0,2022
2022-12-23,ok,-1115.0,-1100.0,1.0,30.0,33149.0,2022
2022-12-27,ok,0.0,0.0,0.0,0.0,33416.0,2022
2022-12-28,ok,510.0,540.0,2.0,149.0,33443.0,2022
2022-12-29,ok,0.0,0.0,0.0,0.0,33215.0,2022
2022-12-30,ok,0.0,0.0,0.0,0.0,33233.0,2022
2023-01-03,ok,-225.0,-210.0,1.0,30.0,33397.0,2023
2023-01-04,ok,0.0,0.0,0.0,0.0,33409.0,2023
2023-01-05,ok,-295.0,-280.0,1.0,210.0,33241.0,2023
2023-01-06,ok,880.0,895.0,1.0,299.0,33363.0,2023
2023-01-09,ok,0.0,0.0,0.0,0.0,33907.0,2023
2023-01-10,ok,0.0,0.0,0.0,0.0,33633.0,2023
2023-01-11,ok,0.0,0.0,0.0,0.0,33973.0,2023
2023-01-12,ok,-1060.0,-1030.0,2.0,90.0,34193.0,2023
2023-01-13,ok,0.0,0.0,0.0,0.0,34019.0,2023
2023-01-17,ok,970.0,985.0,1.0,359.0,34340.0,2023
2023-01-18,ok,2250.0,2265.0,1.0,299.0,34056.0,2023
2023-01-19,ok,0.0,0.0,0.0,0.0,33186.0,2023
2023-01-20,ok,220.0,235.0,1.0,29.0,33180.0,2023
2023-01-23,ok,-50.0,-20.0,2.0,180.0,33575.0,2023
2023-01-24,ok,0.0,0.0,0.0,0.0,33594.0,2023
2023-01-25,ok,0.0,0.0,0.0,0.0,33520.0,2023
2023-01-26,ok,0.0,0.0,0.0,0.0,33925.0,2023
2023-01-27,ok,0.0,0.0,0.0,0.0,34031.0,2023
2023-01-30,ok,0.0,0.0,0.0,0.0,33930.0,2023
2023-01-31,ok,0.0,0.0,0.0,0.0,33835.0,2023
2023-02-01,ok,-535.0,-505.0,2.0,120.0,33977.0,2023
2023-02-02,ok,-1440.0,-1395.0,3.0,150.0,34189.0,2023
2023-02-03,ok,0.0,0.0,0.0,0.0,33930.0,2023
2023-02-06,ok,0.0,0.0,0.0,0.0,33824.0,2023
2023-02-07,ok,-1315.0,-1285.0,2.0,59.0,33733.0,2023
2023-02-08,ok,0.0,0.0,0.0,0.0,34074.0,2023
2023-02-09,ok,685.0,700.0,1.0,119.0,34222.0,2023
2023-02-10,ok,-315.0,-300.0,1.0,30.0,33690.0,2023
2023-02-13,ok,1075.0,1090.0,1.0,359.0,33908.0,2023
2023-02-14,ok,-220.0,-205.0,1.0,120.0,34165.0,2023
2023-02-15,ok,0.0,0.0,0.0,0.0,33950.0,2023
2023-02-16,ok,-445.0,-430.0,1.0,30.0,33843.0,2023
2023-02-17,ok,0.0,0.0,0.0,0.0,33612.0,2023
2023-02-21,ok,1305.0,1320.0,1.0,359.0,33506.0,2023
2023-02-22,ok,0.0,0.0,0.0,0.0,33201.0,2023
2023-02-23,ok,-1520.0,-1490.0,2.0,180.0,33205.0,2023
2023-02-24,ok,20.0,35.0,1.0,60.0,32787.0,2023
2023-02-27,ok,-770.0,-755.0,1.0,30.0,33081.0,2023
2023-02-28,ok,-265.0,-220.0,3.0,149.0,32890.0,2023
2023-03-01,ok,0.0,0.0,0.0,0.0,32606.0,2023
2023-03-02,ok,485.0,500.0,1.0,119.0,32745.0,2023
2023-03-03,ok,515.0,530.0,1.0,179.0,33135.0,2023
2023-03-06,ok,0.0,0.0,0.0,0.0,33441.0,2023
2023-03-07,ok,2060.0,2075.0,1.0,329.0,33443.0,2023
2023-03-08,ok,-145.0,-115.0,2.0,150.0,32862.0,2023
2023-03-09,ok,1850.0,1865.0,1.0,149.0,32924.0,2023
2023-03-10,ok,-775.0,-730.0,3.0,179.0,32193.0,2023
2023-03-13,ok,-760.0,-745.0,1.0,330.0,31841.0,2023
2023-03-14,ok,0.0,0.0,0.0,0.0,32397.0,2023
2023-03-15,ok,0.0,0.0,0.0,0.0,31824.0,2023
2023-03-16,ok,950.0,965.0,1.0,239.0,31908.0,2023
2023-03-17,ok,-70.0,-40.0,2.0,240.0,32304.0,2023
2023-03-20,ok,-115.0,-100.0,1.0,270.0,32167.0,2023
2023-03-21,ok,0.0,0.0,0.0,0.0,32780.0,2023
2023-03-22,ok,0.0,0.0,0.0,0.0,32790.0,2023
2023-03-23,ok,445.0,460.0,1.0,180.0,32350.0,2023
2023-03-24,ok,0.0,0.0,0.0,0.0,32160.0,2023
2023-03-27,ok,0.0,0.0,0.0,0.0,32668.0,2023
2023-03-28,ok,0.0,0.0,0.0,0.0,32611.0,2023
2023-03-29,ok,0.0,0.0,0.0,0.0,32872.0,2023
2023-03-30,ok,0.0,0.0,0.0,0.0,33087.0,2023
2023-03-31,ok,-70.0,-40.0,2.0,59.0,33153.0,2023
2023-04-03,ok,-315.0,-270.0,3.0,179.0,33554.0,2023
2023-04-04,ok,230.0,245.0,1.0,299.0,33781.0,2023
2023-04-05,"unknown:нет open, вчерашнего close или close сессии",,,,,,2023
2023-04-06,"unknown:нет open, вчерашнего close или close сессии",,,,,,2023
2023-04-10,"unknown:нет open, вчерашнего close или close сессии",,,,,,2023
2023-04-11,"unknown:нет open, вчерашнего close или close сессии",,,,,,2023
2023-04-12,"unknown:нет open, вчерашнего close или close сессии",,,,,,2023
2023-04-13,"unknown:нет open, вчерашнего close или close сессии",,,,,,2023
2023-04-14,"unknown:нет open, вчерашнего close или close сессии",,,,,,2023
2023-04-17,"unknown:нет open, вчерашнего close или close сессии",,,,,,2023
2023-04-18,"unknown:нет цены на отметке, нормы или цены исполнения",,,,,,2023
2023-04-19,"unknown:нет цены на отметке, нормы или цены исполнения",,,,,,2023
2023-04-20,"unknown:нет цены на отметке, нормы или цены исполнения",,,,,,2023
2023-04-21,"unknown:нет цены на отметке, нормы или цены исполнения",,,,,,2023
2023-04-24,"unknown:нет цены на отметке, нормы или цены исполнения",,,,,,2023
2023-04-25,"unknown:нет цены на отметке, нормы или цены исполнения",,,,,,2023
2023-04-26,"unknown:нет цены на отметке, нормы или цены исполнения",,,,,,2023
2023-04-27,"unknown:нет цены на отметке, нормы или цены исполнения",,,,,,2023
2023-04-28,"unknown:нет цены на отметке, нормы или цены исполнения",,,,,,2023
2023-05-01,ok,-655.0,-610.0,3.0,90.0,34201.0,2023
2023-05-02,ok,1055.0,1070.0,1.0,359.0,34086.0,2023
2023-05-03,ok,205.0,220.0,1.0,29.0,33800.0,2023
2023-05-04,ok,225.0,240.0,1.0,359.0,33402.0,2023
2023-05-05,ok,465.0,495.0,2.0,269.0,33481.0,2023
2023-05-08,ok,0.0,0.0,0.0,0.0,33783.0,2023
2023-05-09,ok,0.0,0.0,0.0,0.0,33596.0,2023
2023-05-10,ok,-400.0,-370.0,2.0,180.0,33793.0,2023
2023-05-11,ok,-535.0,-520.0,1.0,60.0,33409.0,2023
2023-05-12,ok,-300.0,-285.0,1.0,30.0,33477.0,2023
2023-05-15,ok,-140.0,-125.0,1.0,30.0,33377.0,2023
2023-05-16,ok,0.0,0.0,0.0,0.0,33299.0,2023
2023-05-17,ok,160.0,175.0,1.0,179.0,33241.0,2023
2023-05-18,ok,0.0,0.0,0.0,0.0,33394.0,2023
2023-05-19,ok,-335.0,-320.0,1.0,30.0,33667.0,2023
2023-05-22,ok,0.0,0.0,0.0,0.0,33482.0,2023
2023-05-23,ok,0.0,0.0,0.0,0.0,33245.0,2023
2023-05-24,ok,-530.0,-500.0,2.0,300.0,33060.0,2023
2023-05-25,ok,-635.0,-605.0,2.0,90.0,32839.0,2023
2023-05-26,ok,595.0,610.0,1.0,359.0,32843.0,2023
2023-05-30,ok,-150.0,-135.0,1.0,30.0,33098.0,2023
2023-05-31,ok,-140.0,-125.0,1.0,120.0,32971.0,2023
2023-06-01,ok,-785.0,-755.0,2.0,269.0,32899.0,2023
2023-06-02,ok,1705.0,1720.0,1.0,359.0,33330.0,2023
2023-06-05,ok,100.0,115.0,1.0,29.0,33824.0,2023
2023-06-06,ok,0.0,0.0,0.0,0.0,33595.0,2023
2023-06-07,ok,0.0,0.0,0.0,0.0,33649.0,2023
2023-06-08,ok,-10.0,5.0,1.0,89.0,33698.0,2023
2023-06-09,ok,-5.0,10.0,1.0,30.0,33828.0,2023
2023-06-12,ok,0.0,0.0,0.0,0.0,34239.0,2023
2023-06-13,ok,-215.0,-185.0,2.0,90.0,34434.0,2023
2023-06-14,ok,-725.0,-710.0,1.0,60.0,34394.0,2023
2023-06-15,ok,1325.0,1340.0,1.0,359.0,34264.0,2023
2023-06-16,ok,0.0,0.0,0.0,0.0,34849.0,2023
2023-06-20,ok,-665.0,-650.0,1.0,120.0,34435.0,2023
2023-06-21,ok,0.0,0.0,0.0,0.0,34258.0,2023
2023-06-22,ok,0.0,0.0,0.0,0.0,34172.0,2023
2023-06-23,ok,0.0,0.0,0.0,0.0,33978.0,2023
2023-06-26,ok,0.0,0.0,0.0,0.0,33939.0,2023
2023-06-27,ok,600.0,615.0,1.0,329.0,33964.0,2023
2023-06-28,ok,-180.0,-150.0,2.0,120.0,34135.0,2023
2023-06-29,ok,175.0,205.0,2.0,329.0,34086.0,2023
2023-06-30,ok,0.0,0.0,0.0,0.0,34557.0,2023
2023-07-03,ok,0.0,0.0,0.0,0.0,34534.0,2023
2023-07-05,ok,0.0,0.0,0.0,0.0,34463.0,2023
2023-07-06,ok,40.0,55.0,1.0,240.0,34231.0,2023
2023-07-07,ok,0.0,0.0,0.0,0.0,33992.0,2023
2023-07-10,ok,200.0,215.0,1.0,359.0,33927.0,2023
2023-07-11,ok,330.0,345.0,1.0,59.0,34269.0,2023
2023-07-12,ok,0.0,0.0,0.0,0.0,34690.0,2023
2023-07-13,ok,0.0,0.0,0.0,0.0,34614.0,2023
2023-07-14,ok,0.0,0.0,0.0,0.0,34752.0,2023
2023-07-17,ok,-300.0,-285.0,1.0,29.0,34626.0,2023
2023-07-18,ok,875.0,890.0,1.0,359.0,34735.0,2023
2023-07-19,ok,-265.0,-250.0,1.0,60.0,35211.0,2023
2023-07-20,ok,-915.0,-885.0,2.0,240.0,35305.0,2023
2023-07-21,ok,0.0,0.0,0.0,0.0,35458.0,2023
2023-07-24,ok,-25.0,-10.0,1.0,300.0,35444.0,2023
2023-07-25,ok,0.0,0.0,0.0,0.0,35553.0,2023
2023-07-26,ok,0.0,0.0,0.0,0.0,35476.0,2023
2023-07-27,ok,365.0,380.0,1.0,89.0,35735.0,2023
2023-07-28,ok,0.0,0.0,0.0,0.0,35595.0,2023
2023-07-31,ok,0.0,0.0,0.0,0.0,35602.0,2023
2023-08-01,ok,-420.0,-405.0,1.0,30.0,35666.0,2023
2023-08-02,ok,-65.0,-20.0,3.0,179.0,35581.0,2023
2023-08-03,ok,0.0,0.0,0.0,0.0,35268.0,2023
2023-08-04,ok,-545.0,-530.0,1.0,90.0,35414.0,2023
2023-08-07,ok,760.0,775.0,1.0,359.0,35299.0,2023
2023-08-08,ok,-350.0,-335.0,1.0,180.0,35334.0,2023
2023-08-09,ok,-435.0,-420.0,1.0,120.0,35367.0,2023
2023-08-10,ok,-835.0,-820.0,1.0,90.0,35379.0,2023
2023-08-11,ok,-295.0,-265.0,2.0,60.0,35170.0,2023
2023-08-14,ok,0.0,0.0,0.0,0.0,35324.0,2023
2023-08-15,ok,225.0,240.0,1.0,329.0,35210.0,2023
2023-08-16,ok,-430.0,-400.0,2.0,149.0,34962.0,2023
2023-08-17,ok,990.0,1005.0,1.0,119.0,34903.0,2023
2023-08-18,ok,0.0,0.0,0.0,0.0,34368.0,2023
2023-08-21,ok,-480.0,-450.0,2.0,210.0,34601.0,2023
2023-08-22,ok,200.0,215.0,1.0,239.0,34533.0,2023
2023-08-23,ok,-370.0,-355.0,1.0,90.0,34399.0,2023
2023-08-24,ok,-95.0,-65.0,2.0,269.0,34460.0,2023
2023-08-25,ok,-310.0,-295.0,1.0,89.0,34269.0,2023
2023-08-28,ok,10.0,25.0,1.0,30.0,34543.0,2023
2023-08-29,ok,500.0,530.0,2.0,299.0,34578.0,2023
2023-08-30,ok,-990.0,-975.0,1.0,30.0,34927.0,2023
2023-08-31,ok,-85.0,-70.0,1.0,30.0,35083.0,2023
2023-09-01,ok,0.0,0.0,0.0,0.0,34968.0,2023
2023-09-05,ok,-305.0,-275.0,2.0,60.0,34891.0,2023
2023-09-06,ok,225.0,240.0,1.0,270.0,34623.0,2023
2023-09-07,ok,0.0,0.0,0.0,0.0,34409.0,2023
2023-09-08,ok,-305.0,-275.0,2.0,60.0,34531.0,2023
2023-09-11,ok,0.0,0.0,0.0,0.0,35082.0,2023
2023-09-12,ok,-520.0,-505.0,1.0,30.0,34932.0,2023
2023-09-13,ok,0.0,0.0,0.0,0.0,35022.0,2023
2023-09-14,ok,-15.0,0.0,1.0,179.0,35121.0,2023
2023-09-15,ok,510.0,525.0,1.0,299.0,35164.0,2023
2023-09-18,ok,0.0,0.0,0.0,0.0,34943.0,2023
2023-09-19,ok,-140.0,-110.0,2.0,240.0,34862.0,2023
2023-09-20,ok,-80.0,-35.0,3.0,90.0,34918.0,2023
2023-09-21,ok,325.0,355.0,2.0,119.0,34606.0,2023
2023-09-22,ok,0.0,0.0,0.0,0.0,34344.0,2023
2023-09-25,ok,-495.0,-480.0,1.0,60.0,34140.0,2023
2023-09-26,ok,10.0,40.0,2.0,209.0,34054.0,2023
2023-09-27,ok,-685.0,-655.0,2.0,210.0,33941.0,2023
2023-09-28,ok,-405.0,-375.0,2.0,119.0,33774.0,2023
2023-09-29,ok,200.0,215.0,1.0,179.0,34113.0,2023
2023-10-02,ok,-1175.0,-1115.0,4.0,210.0,33655.0,2023
2023-10-03,ok,615.0,630.0,1.0,329.0,33508.0,2023
2023-10-04,ok,-730.0,-715.0,1.0,60.0,33217.0,2023
2023-10-05,ok,120.0,135.0,1.0,30.0,33276.0,2023
2023-10-06,ok,655.0,685.0,2.0,299.0,33222.0,2023
2023-10-09,ok,95.0,110.0,1.0,119.0,33478.0,2023
2023-10-10,ok,-55.0,-40.0,1.0,30.0,33911.0,2023
2023-10-11,ok,0.0,0.0,0.0,0.0,34004.0,2023
2023-10-12,ok,-470.0,-440.0,2.0,239.0,34040.0,2023
2023-10-13,ok,-565.0,-550.0,1.0,30.0,33907.0,2023
2023-10-16,ok,300.0,315.0,1.0,90.0,34031.0,2023
2023-10-17,ok,0.0,0.0,0.0,0.0,33987.0,2023
2023-10-18,ok,440.0,485.0,3.0,239.0,34118.0,2023
2023-10-19,ok,-95.0,-65.0,2.0,119.0,33797.0,2023
2023-10-20,ok,-10.0,5.0,1.0,60.0,33480.0,2023
2023-10-23,ok,0.0,0.0,0.0,0.0,33122.0,2023
2023-10-24,ok,-295.0,-280.0,1.0,90.0,33224.0,2023
2023-10-25,ok,-560.0,-545.0,1.0,30.0,33345.0,2023
2023-10-26,ok,-440.0,-410.0,2.0,150.0,33120.0,2023
2023-10-27,ok,970.0,1000.0,2.0,269.0,32880.0,2023
2023-10-30,ok,-30.0,0.0,2.0,179.0,32727.0,2023
2023-10-31,ok,-270.0,-255.0,1.0,30.0,32998.0,2023
2023-11-01,ok,-330.0,-300.0,2.0,59.0,33174.0,2023
2023-11-02,ok,1205.0,1220.0,1.0,329.0,33547.0,2023
2023-11-03,ok,0.0,0.0,0.0,0.0,34077.0,2023
2023-11-06,ok,0.0,0.0,0.0,0.0,34150.0,2023
2023-11-07,ok,0.0,0.0,0.0,0.0,34135.0,2023
2023-11-08,ok,-60.0,-45.0,1.0,30.0,34267.0,2023
2023-11-09,ok,-55.0,-25.0,2.0,119.0,34240.0,2023
2023-11-10,ok,-55.0,-25.0,2.0,59.0,34113.0,2023
2023-11-13,ok,-245.0,-230.0,1.0,60.0,34268.0,2023
2023-11-14,ok,-450.0,-420.0,2.0,179.0,34765.0,2023
2023-11-15,ok,0.0,0.0,0.0,0.0,34944.0,2023
2023-11-16,ok,0.0,0.0,0.0,0.0,34967.0,2023
2023-11-17,ok,0.0,0.0,0.0,0.0,35053.0,2023
2023-11-20,ok,705.0,720.0,1.0,359.0,34977.0,2023
2023-11-21,ok,0.0,0.0,0.0,0.0,35176.0,2023
2023-11-22,ok,-115.0,-100.0,1.0,30.0,35232.0,2023
2023-11-24,ok,-115.0,-100.0,1.0,60.0,35357.0,2023
2023-11-27,ok,-135.0,-120.0,1.0,30.0,35402.0,2023
2023-11-28,ok,-235.0,-220.0,1.0,120.0,35385.0,2023
2023-11-29,ok,-65.0,-50.0,1.0,30.0,35525.0,2023
2023-11-30,ok,730.0,760.0,2.0,269.0,35676.0,2023
2023-12-01,ok,810.0,840.0,2.0,299.0,36004.0,2023
2023-12-04,ok,0.0,0.0,0.0,0.0,36114.0,2023
2023-12-05,ok,-280.0,-265.0,1.0,30.0,36183.0,2023
2023-12-06,ok,0.0,0.0,0.0,0.0,36270.0,2023
2023-12-07,ok,0.0,0.0,0.0,0.0,36164.0,2023
2023-12-08,ok,-420.0,-375.0,3.0,179.0,36144.0,2023
2023-12-11,ok,-125.0,-95.0,2.0,120.0,36668.0,2023
2023-12-12,ok,-355.0,-325.0,2.0,59.0,36859.0,2023
2023-12-13,ok,1405.0,1420.0,1.0,89.0,36977.0,2023
2023-12-14,ok,-225.0,-210.0,1.0,30.0,37576.0,2023
2023-12-15,ok,0.0,0.0,0.0,0.0,37555.0,2023
2023-12-18,ok,0.0,0.0,0.0,0.0,37714.0,2023
2023-12-19,ok,540.0,555.0,1.0,359.0,37699.0,2023
2023-12-20,ok,1125.0,1140.0,1.0,59.0,37837.0,2023
2023-12-21,ok,0.0,0.0,0.0,0.0,37637.0,2023
2023-12-22,ok,-345.0,-330.0,1.0,60.0,37703.0,2023
2023-12-26,ok,245.0,275.0,2.0,299.0,37711.0,2023
2023-12-27,ok,-345.0,-315.0,2.0,60.0,37856.0,2023
2023-12-28,ok,0.0,0.0,0.0,0.0,37955.0,2023
2023-12-29,ok,-155.0,-140.0,1.0,90.0,38004.0,2023
2024-01-02,ok,0.0,0.0,0.0,0.0,37786.0,2024
2024-01-03,ok,5.0,20.0,1.0,120.0,37846.0,2024
2024-01-04,ok,65.0,80.0,1.0,150.0,37742.0,2024
2024-01-05,ok,-295.0,-280.0,1.0,30.0,37696.0,2024
2024-01-08,ok,455.0,470.0,1.0,89.0,37582.0,2024
2024-01-09,ok,-60.0,-45.0,1.0,30.0,37717.0,2024
2024-01-10,ok,-35.0,-20.0,1.0,89.0,37786.0,2024
2024-01-11,ok,-165.0,-150.0,1.0,240.0,37990.0,2024
2024-01-12,ok,225.0,240.0,1.0,359.0,37961.0,2024
2024-01-16,ok,-665.0,-635.0,2.0,239.0,37692.0,2024
2024-01-17,ok,0.0,0.0,0.0,0.0,37355.0,2024
2024-01-18,ok,310.0,325.0,1.0,89.0,37394.0,2024
2024-01-19,ok,750.0,765.0,1.0,179.0,37765.0,2024
2024-01-22,ok,-160.0,-145.0,1.0,60.0,38160.0,2024
2024-01-23,ok,-100.0,-85.0,1.0,30.0,38121.0,2024
2024-01-24,ok,0.0,0.0,0.0,0.0,38207.0,2024
2024-01-25,ok,5.0,20.0,1.0,30.0,38069.0,2024
2024-01-26,ok,-255.0,-240.0,1.0,90.0,38151.0,2024
2024-01-29,ok,160.0,175.0,1.0,29.0,38253.0,2024
2024-01-30,ok,-150.0,-120.0,2.0,89.0,38424.0,2024
2024-01-31,ok,440.0,455.0,1.0,29.0,38663.0,2024
2024-02-01,ok,70.0,100.0,2.0,239.0,38255.0,2024
2024-02-02,ok,-20.0,-5.0,1.0,119.0,38509.0,2024
2024-02-05,ok,30.0,45.0,1.0,300.0,38704.0,2024
2024-02-06,ok,-570.0,-525.0,3.0,90.0,38483.0,2024
2024-02-07,ok,0.0,0.0,0.0,0.0,38735.0,2024
2024-02-08,ok,-290.0,-275.0,1.0,60.0,38829.0,2024
2024-02-09,ok,-300.0,-285.0,1.0,30.0,38788.0,2024
2024-02-12,ok,-335.0,-320.0,1.0,210.0,38714.0,2024
2024-02-13,ok,5.0,20.0,1.0,359.0,38566.0,2024
2024-02-14,ok,0.0,0.0,0.0,0.0,38447.0,2024
2024-02-15,ok,705.0,735.0,2.0,329.0,38542.0,2024
2024-02-16,ok,-370.0,-355.0,1.0,30.0,38799.0,2024
2024-02-20,ok,0.0,0.0,0.0,0.0,38624.0,2024
2024-02-21,ok,0.0,0.0,0.0,0.0,38565.0,2024
2024-02-22,ok,-85.0,-55.0,2.0,179.0,38892.0,2024
2024-02-23,ok,-20.0,-5.0,1.0,60.0,39233.0,2024
2024-02-26,ok,-205.0,-190.0,1.0,30.0,39186.0,2024
2024-02-27,ok,115.0,130.0,1.0,240.0,39076.0,2024
2024-02-28,ok,0.0,0.0,0.0,0.0,38825.0,2024
2024-02-29,ok,0.0,0.0,0.0,0.0,39082.0,2024
2024-03-01,ok,85.0,100.0,1.0,209.0,38992.0,2024
2024-03-04,ok,0.0,0.0,0.0,0.0,38933.0,2024
2024-03-05,ok,890.0,905.0,1.0,299.0,38890.0,2024
2024-03-06,ok,0.0,0.0,0.0,0.0,38833.0,2024
2024-03-07,ok,0.0,0.0,0.0,0.0,38874.0,2024
2024-03-08,ok,-1110.0,-1080.0,2.0,150.0,38783.0,2024
2024-03-11,ok,325.0,340.0,1.0,179.0,39079.0,2024
2024-03-12,ok,-385.0,-355.0,2.0,269.0,39308.0,2024
2024-03-13,ok,-205.0,-190.0,1.0,30.0,39561.0,2024
2024-03-14,ok,-30.0,-15.0,1.0,359.0,39598.0,2024
2024-03-15,ok,-320.0,-305.0,1.0,30.0,39214.0,2024
2024-03-18,ok,0.0,0.0,0.0,0.0,39280.0,2024
2024-03-19,ok,900.0,915.0,1.0,299.0,39259.0,2024
2024-03-20,ok,1170.0,1185.0,1.0,89.0,39454.0,2024
2024-03-21,ok,-190.0,-160.0,2.0,329.0,40054.0,2024
2024-03-22,ok,1095.0,1110.0,1.0,329.0,40203.0,2024
2024-03-25,ok,0.0,0.0,0.0,0.0,39798.0,2024
2024-03-26,ok,0.0,0.0,0.0,0.0,39764.0,2024
2024-03-27,ok,-495.0,-480.0,1.0,30.0,39875.0,2024
2024-03-28,ok,0.0,0.0,0.0,0.0,40194.0,2024
2024-04-01,ok,680.0,695.0,1.0,359.0,40155.0,2024
2024-04-02,ok,-560.0,-515.0,3.0,150.0,39550.0,2024
2024-04-03,ok,0.0,0.0,0.0,0.0,39506.0,2024
2024-04-04,ok,1520.0,1535.0,1.0,89.0,39735.0,2024
2024-04-05,ok,140.0,170.0,2.0,329.0,38946.0,2024
2024-04-08,ok,0.0,0.0,0.0,0.0,39220.0,2024
2024-04-09,ok,-115.0,-100.0,1.0,330.0,39275.0,2024
2024-04-10,ok,-1120.0,-1090.0,2.0,60.0,38790.0,2024
2024-04-11,ok,-1025.0,-995.0,2.0,120.0,38820.0,2024
2024-04-12,ok,340.0,370.0,2.0,269.0,38499.0,2024
2024-04-15,ok,380.0,395.0,1.0,149.0,38587.0,2024
2024-04-16,ok,0.0,0.0,0.0,0.0,38223.0,2024
2024-04-17,ok,0.0,0.0,0.0,0.0,38161.0,2024
2024-04-18,ok,0.0,0.0,0.0,0.0,38126.0,2024
2024-04-19,ok,-485.0,-455.0,2.0,60.0,38094.0,2024
2024-04-22,ok,-475.0,-460.0,1.0,90.0,38400.0,2024
2024-04-23,ok,0.0,0.0,0.0,0.0,38599.0,2024
2024-04-24,ok,-195.0,-180.0,1.0,30.0,38713.0,2024
2024-04-25,ok,-400.0,-385.0,1.0,90.0,38180.0,2024
2024-04-26,ok,-85.0,-55.0,2.0,299.0,38269.0,2024
2024-04-29,ok,0.0,0.0,0.0,0.0,38496.0,2024
2024-04-30,ok,1190.0,1220.0,2.0,299.0,38428.0,2024
2024-05-01,ok,-880.0,-865.0,1.0,89.0,38001.0,2024
2024-05-02,ok,0.0,0.0,0.0,0.0,38267.0,2024
2024-05-03,ok,0.0,0.0,0.0,0.0,38874.0,2024
2024-05-06,ok,0.0,0.0,0.0,0.0,38987.0,2024
2024-05-07,ok,0.0,0.0,0.0,0.0,39063.0,2024
2024-05-08,ok,-130.0,-100.0,2.0,59.0,38974.0,2024
2024-05-09,ok,1365.0,1380.0,1.0,359.0,39131.0,2024
2024-05-10,ok,0.0,0.0,0.0,0.0,39651.0,2024
2024-05-13,ok,0.0,0.0,0.0,0.0,39754.0,2024
2024-05-14,ok,0.0,0.0,0.0,0.0,39570.0,2024
2024-05-15,ok,-245.0,-215.0,2.0,180.0,39824.0,2024
2024-05-16,ok,-115.0,-100.0,1.0,30.0,40068.0,2024
2024-05-17,ok,0.0,0.0,0.0,0.0,40051.0,2024
2024-05-20,ok,255.0,270.0,1.0,60.0,40113.0,2024
2024-05-21,ok,0.0,0.0,0.0,0.0,39963.0,2024
2024-05-22,ok,-545.0,-530.0,1.0,89.0,39921.0,2024
2024-05-23,ok,1880.0,1895.0,1.0,359.0,39797.0,2024
2024-05-24,ok,0.0,0.0,0.0,0.0,39208.0,2024
2024-05-28,ok,-15.0,0.0,1.0,179.0,39067.0,2024
2024-05-29,ok,0.0,0.0,0.0,0.0,38618.0,2024
2024-05-30,ok,0.0,0.0,0.0,0.0,38203.0,2024
2024-05-31,ok,2080.0,2095.0,1.0,149.0,38252.0,2024
2024-06-03,ok,170.0,185.0,1.0,359.0,38833.0,2024
2024-06-04,ok,-900.0,-870.0,2.0,60.0,38538.0,2024
2024-06-05,ok,-250.0,-235.0,1.0,30.0,38897.0,2024
2024-06-06,ok,-860.0,-845.0,1.0,60.0,38913.0,2024
2024-06-07,ok,-110.0,-95.0,1.0,30.0,38900.0,2024
2024-06-10,ok,0.0,0.0,0.0,0.0,38799.0,2024
2024-06-11,ok,-925.0,-895.0,2.0,120.0,38761.0,2024
2024-06-12,ok,0.0,0.0,0.0,0.0,39171.0,2024
2024-06-13,ok,-170.0,-155.0,1.0,180.0,38668.0,2024
2024-06-14,ok,0.0,0.0,0.0,0.0,38422.0,2024
2024-06-17,ok,1215.0,1230.0,1.0,299.0,38883.0,2024
2024-06-18,ok,0.0,0.0,0.0,0.0,39259.0,2024
2024-06-20,ok,270.0,300.0,2.0,209.0,39240.0,2024
2024-06-21,ok,0.0,0.0,0.0,0.0,39605.0,2024
2024-06-24,ok,-335.0,-305.0,2.0,329.0,39671.0,2024
2024-06-25,ok,445.0,475.0,2.0,329.0,39783.0,2024
2024-06-26,ok,0.0,0.0,0.0,0.0,39411.0,2024
2024-06-27,ok,0.0,0.0,0.0,0.0,39465.0,2024
2024-06-28,ok,-575.0,-560.0,1.0,60.0,39513.0,2024
2024-07-01,ok,-885.0,-870.0,1.0,30.0,39570.0,2024
2024-07-02,ok,0.0,0.0,0.0,0.0,39434.0,2024
2024-07-03,ok,0.0,0.0,0.0,0.0,39727.0,2024
2024-07-05,ok,-490.0,-475.0,1.0,30.0,39654.0,2024
2024-07-08,ok,-990.0,-960.0,2.0,60.0,39770.0,2024
2024-07-09,ok,-305.0,-290.0,1.0,60.0,39631.0,2024
2024-07-10,ok,1600.0,1615.0,1.0,239.0,39596.0,2024
2024-07-11,ok,0.0,0.0,0.0,0.0,40058.0,2024
2024-07-12,ok,85.0,100.0,1.0,299.0,40175.0,2024
2024-07-15,ok,0.0,0.0,0.0,0.0,40542.0,2024
2024-07-16,ok,1570.0,1585.0,1.0,359.0,40674.0,2024
2024-07-17,ok,220.0,250.0,2.0,329.0,41149.0,2024
2024-07-18,ok,10.0,55.0,3.0,239.0,41351.0,2024
2024-07-19,"unknown:нет цены на отметке, нормы или цены исполнения",,,,,,2024
2024-07-22,ok,0.0,0.0,0.0,0.0,40672.0,2024
2024-07-23,ok,0.0,0.0,0.0,0.0,40696.0,2024
2024-07-24,ok,510.0,555.0,3.0,299.0,40428.0,2024
2024-07-25,ok,-420.0,-405.0,1.0,359.0,40101.0,2024
2024-07-26,ok,610.0,625.0,1.0,359.0,40404.0,2024
2024-07-29,ok,0.0,0.0,0.0,0.0,40911.0,2024
2024-07-30,ok,-395.0,-380.0,1.0,30.0,40798.0,2024
2024-07-31,ok,-485.0,-470.0,1.0,240.0,40960.0,2024
2024-08-01,ok,1370.0,1385.0,1.0,329.0,41180.0,2024
2024-08-02,"unknown:нет цены на отметке, нормы или цены исполнения",,,,,,2024
2024-08-05,ok,0.0,0.0,0.0,0.0,38791.0,2024
2024-08-06,ok,-1120.0,-1090.0,2.0,329.0,38880.0,2024
2024-08-07,ok,-710.0,-695.0,1.0,30.0,39398.0,2024
2024-08-08,ok,1115.0,1130.0,1.0,359.0,39077.0,2024
2024-08-09,ok,0.0,0.0,0.0,0.0,39534.0,2024
2024-08-12,ok,-595.0,-580.0,1.0,30.0,39702.0,2024
2024-08-13,ok,0.0,0.0,0.0,0.0,39609.0,2024
2024-08-14,ok,0.0,0.0,0.0,0.0,39869.0,2024
2024-08-15,ok,0.0,0.0,0.0,0.0,40572.0,2024
2024-08-16,ok,0.0,0.0,0.0,0.0,40620.0,2024
2024-08-19,ok,0.0,0.0,0.0,0.0,40842.0,2024
2024-08-20,ok,0.0,0.0,0.0,0.0,40969.0,2024
2024-08-21,ok,0.0,0.0,0.0,0.0,41026.0,2024
2024-08-22,ok,-1170.0,-1140.0,2.0,60.0,41064.0,2024
2024-08-23,ok,-485.0,-455.0,2.0,119.0,41004.0,2024
2024-08-26,ok,-370.0,-355.0,1.0,60.0,41334.0,2024
2024-08-27,ok,0.0,0.0,0.0,0.0,41287.0,2024
2024-08-28,ok,-470.0,-440.0,2.0,150.0,41324.0,2024
2024-08-29,ok,-535.0,-505.0,2.0,90.0,41490.0,2024
2024-08-30,ok,-320.0,-305.0,1.0,30.0,41474.0,2024
2024-09-03,ok,800.0,815.0,1.0,329.0,41428.0,2024
2024-09-04,ok,-175.0,-160.0,1.0,90.0,40999.0,2024
2024-09-05,ok,-335.0,-290.0,3.0,299.0,41131.0,2024
2024-09-06,ok,-105.0,-75.0,2.0,359.0,40877.0,2024
2024-09-09,ok,-320.0,-290.0,2.0,149.0,40699.0,2024
2024-09-10,ok,190.0,205.0,1.0,270.0,40974.0,2024
2024-09-11,ok,-1230.0,-1215.0,1.0,180.0,40670.0,2024
2024-09-12,ok,-620.0,-605.0,1.0,30.0,40917.0,2024
2024-09-13,ok,370.0,385.0,1.0,359.0,41196.0,2024
2024-09-16,ok,-835.0,-820.0,1.0,30.0,41971.0,2024
2024-09-17,ok,0.0,0.0,0.0,0.0,42149.0,2024
2024-09-18,ok,0.0,0.0,0.0,0.0,42059.0,2024
2024-09-19,ok,0.0,0.0,0.0,0.0,42496.0,2024
2024-09-20,ok,0.0,0.0,0.0,0.0,42343.0,2024
2024-09-23,ok,0.0,0.0,0.0,0.0,42504.0,2024
2024-09-24,ok,0.0,0.0,0.0,0.0,42553.0,2024
2024-09-25,ok,635.0,650.0,1.0,329.0,42625.0,2024
2024-09-26,ok,0.0,0.0,0.0,0.0,42493.0,2024
2024-09-27,ok,-1345.0,-1300.0,3.0,210.0,42621.0,2024
2024-09-30,ok,-710.0,-695.0,1.0,60.0,42591.0,2024
2024-10-01,ok,-465.0,-435.0,2.0,150.0,42580.0,2024
2024-10-02,ok,0.0,0.0,0.0,0.0,42516.0,2024
2024-10-03,ok,-1135.0,-1075.0,4.0,209.0,42348.0,2024
2024-10-04,ok,0.0,0.0,0.0,0.0,42549.0,2024
2024-10-07,ok,695.0,710.0,1.0,209.0,42517.0,2024
2024-10-08,ok,0.0,0.0,0.0,0.0,42341.0,2024
2024-10-09,ok,910.0,940.0,2.0,329.0,42377.0,2024
2024-10-10,ok,-845.0,-800.0,3.0,149.0,42788.0,2024
2024-10-11,ok,1130.0,1145.0,1.0,359.0,42785.0,2024
2024-10-14,ok,250.0,265.0,1.0,239.0,43097.0,2024
2024-10-15,ok,-510.0,-480.0,2.0,59.0,43203.0,2024
2024-10-16,ok,1040.0,1055.0,1.0,359.0,42977.0,2024
2024-10-17,ok,0.0,0.0,0.0,0.0,43515.0,2024
2024-10-18,ok,-505.0,-490.0,1.0,60.0,43488.0,2024
2024-10-21,ok,900.0,915.0,1.0,329.0,43496.0,2024
2024-10-22,ok,0.0,0.0,0.0,0.0,42994.0,2024
2024-10-23,ok,-470.0,-440.0,2.0,239.0,42933.0,2024
2024-10-24,ok,-285.0,-270.0,1.0,60.0,42651.0,2024
2024-10-25,ok,305.0,320.0,1.0,149.0,42748.0,2024
2024-10-28,ok,-135.0,-120.0,1.0,30.0,42558.0,2024
2024-10-29,ok,0.0,0.0,0.0,0.0,42413.0,2024
2024-10-30,ok,-190.0,-160.0,2.0,120.0,42394.0,2024
2024-10-31,ok,-330.0,-315.0,1.0,60.0,42100.0,2024
2024-11-01,ok,-160.0,-145.0,1.0,240.0,42128.0,2024
2024-11-04,ok,-995.0,-950.0,3.0,149.0,42135.0,2024
2024-11-05,ok,1065.0,1080.0,1.0,359.0,41972.0,2024
2024-11-06,ok,50.0,80.0,2.0,209.0,43627.0,2024
2024-11-07,ok,0.0,0.0,0.0,0.0,43918.0,2024
2024-11-08,ok,-280.0,-235.0,3.0,239.0,43969.0,2024
2024-11-11,ok,-995.0,-965.0,2.0,120.0,44321.0,2024
2024-11-12,ok,805.0,820.0,1.0,269.0,44488.0,2024
2024-11-13,ok,0.0,0.0,0.0,0.0,44117.0,2024
2024-11-14,ok,-145.0,-115.0,2.0,89.0,44180.0,2024
2024-11-15,ok,-945.0,-900.0,3.0,209.0,43717.0,2024
2024-11-18,ok,0.0,0.0,0.0,0.0,43528.0,2024
2024-11-19,ok,0.0,0.0,0.0,0.0,43180.0,2024
2024-11-20,ok,-1195.0,-1165.0,2.0,60.0,43454.0,2024
2024-11-21,ok,635.0,650.0,1.0,299.0,43672.0,2024
2024-11-22,ok,-200.0,-170.0,2.0,329.0,44032.0,2024
2024-11-25,ok,-385.0,-370.0,1.0,60.0,44736.0,2024
2024-11-26,ok,-195.0,-180.0,1.0,30.0,44724.0,2024
2024-11-27,ok,0.0,0.0,0.0,0.0,44976.0,2024
2024-11-29,ok,180.0,195.0,1.0,119.0,44866.0,2024
2024-12-02,ok,-230.0,-200.0,2.0,120.0,45096.0,2024
2024-12-03,ok,-450.0,-420.0,2.0,90.0,44938.0,2024
2024-12-04,ok,0.0,0.0,0.0,0.0,45006.0,2024
2024-12-05,ok,0.0,0.0,0.0,0.0,45056.0,2024
2024-12-06,ok,-340.0,-310.0,2.0,119.0,44936.0,2024
2024-12-09,ok,235.0,250.0,1.0,29.0,44747.0,2024
2024-12-10,ok,0.0,0.0,0.0,0.0,44417.0,2024
2024-12-11,ok,0.0,0.0,0.0,0.0,44373.0,2024
2024-12-12,ok,260.0,275.0,1.0,119.0,44208.0,2024
2024-12-13,ok,-260.0,-245.0,1.0,30.0,44020.0,2024
2024-12-16,ok,0.0,0.0,0.0,0.0,44373.0,2024
2024-12-17,ok,-290.0,-260.0,2.0,60.0,44026.0,2024
2024-12-18,ok,1985.0,2030.0,3.0,329.0,44003.0,2024
2024-12-19,ok,0.0,0.0,0.0,0.0,43100.0,2024
2024-12-20,ok,1445.0,1460.0,1.0,329.0,42642.0,2024
2024-12-23,ok,-135.0,-120.0,1.0,90.0,43173.0,2024
2024-12-24,ok,1090.0,1105.0,1.0,149.0,43313.0,2024
2024-12-26,ok,0.0,0.0,0.0,0.0,43492.0,2024
2024-12-27,ok,-885.0,-855.0,2.0,150.0,43416.0,2024
2024-12-30,ok,-570.0,-555.0,1.0,60.0,42884.0,2024
2024-12-31,ok,-285.0,-270.0,1.0,30.0,43024.0,2024
2025-01-02,ok,-585.0,-570.0,1.0,150.0,43158.0,2025
2025-01-03,ok,0.0,0.0,0.0,0.0,42885.0,2025
2025-01-06,ok,-65.0,-35.0,2.0,90.0,43173.0,2025
2025-01-07,ok,-505.0,-490.0,1.0,29.0,43169.0,2025
2025-01-08,ok,-895.0,-880.0,1.0,60.0,42804.0,2025
2025-01-10,ok,1555.0,1570.0,1.0,359.0,42668.0,2025
2025-01-13,ok,-315.0,-270.0,3.0,209.0,42095.0,2025
2025-01-14,ok,0.0,0.0,0.0,0.0,42703.0,2025
2025-01-15,ok,0.0,0.0,0.0,0.0,43384.0,2025
2025-01-16,ok,0.0,0.0,0.0,0.0,43438.0,2025
2025-01-17,ok,-45.0,-30.0,1.0,30.0,43663.0,2025
2025-01-21,ok,1250.0,1265.0,1.0,359.0,43856.0,2025
2025-01-22,ok,0.0,0.0,0.0,0.0,44368.0,2025
2025-01-23,ok,1075.0,1090.0,1.0,299.0,44367.0,2025
2025-01-24,ok,0.0,0.0,0.0,0.0,44666.0,2025
2025-01-27,ok,-530.0,-515.0,1.0,60.0,44243.0,2025
2025-01-28,ok,-465.0,-450.0,1.0,60.0,44902.0,2025
2025-01-29,ok,-960.0,-945.0,1.0,30.0,44995.0,2025
2025-01-30,ok,-805.0,-775.0,2.0,179.0,44817.0,2025
2025-01-31,ok,630.0,645.0,1.0,119.0,45164.0,2025
2025-02-03,ok,0.0,0.0,0.0,0.0,44136.0,2025
2025-02-04,ok,0.0,0.0,0.0,0.0,44554.0,2025
2025-02-05,ok,-580.0,-535.0,3.0,89.0,44711.0,2025
2025-02-06,ok,-310.0,-295.0,1.0,30.0,45061.0,2025
2025-02-07,ok,1570.0,1585.0,1.0,329.0,44888.0,2025
2025-02-10,ok,0.0,0.0,0.0,0.0,44683.0,2025
2025-02-11,ok,0.0,0.0,0.0,0.0,44430.0,2025
2025-02-12,ok,0.0,0.0,0.0,0.0,44321.0,2025
2025-02-13,ok,0.0,0.0,0.0,0.0,44612.0,2025
2025-02-14,ok,0.0,0.0,0.0,0.0,44769.0,2025
2025-02-18,ok,-335.0,-320.0,1.0,30.0,44577.0,2025
2025-02-19,ok,0.0,0.0,0.0,0.0,44522.0,2025
2025-02-20,ok,510.0,525.0,1.0,359.0,44563.0,2025
2025-02-21,ok,1485.0,1515.0,2.0,269.0,43998.0,2025
2025-02-24,ok,0.0,0.0,0.0,0.0,43666.0,2025
2025-02-25,ok,-850.0,-835.0,1.0,30.0,43630.0,2025
2025-02-26,ok,-860.0,-815.0,3.0,179.0,43722.0,2025
2025-02-27,ok,-205.0,-190.0,1.0,270.0,43514.0,2025
2025-02-28,ok,715.0,760.0,3.0,149.0,43364.0,2025
2025-03-03,ok,1280.0,1295.0,1.0,149.0,44003.0,2025
2025-03-04,ok,-905.0,-890.0,1.0,240.0,43000.0,2025
2025-03-05,ok,1270.0,1285.0,1.0,209.0,42557.0,2025
2025-03-06,ok,-1550.0,-1535.0,1.0,30.0,42639.0,2025
2025-03-07,ok,-415.0,-400.0,1.0,30.0,42413.0,2025
2025-03-10,ok,345.0,360.0,1.0,119.0,42339.0,2025
2025-03-11,ok,-430.0,-415.0,1.0,300.0,41845.0,2025
2025-03-12,ok,-1210.0,-1195.0,1.0,60.0,41685.0,2025
2025-03-13,ok,1005.0,1020.0,1.0,269.0,41326.0,2025
2025-03-14,ok,235.0,265.0,2.0,329.0,41054.0,2025
2025-03-17,ok,620.0,650.0,2.0,329.0,41806.0,2025
2025-03-18,ok,-400.0,-370.0,2.0,150.0,42140.0,2025
2025-03-19,ok,-255.0,-240.0,1.0,30.0,42043.0,2025
2025-03-20,ok,135.0,150.0,1.0,30.0,42080.0,2025
2025-03-21,ok,0.0,0.0,0.0,0.0,41944.0,2025
2025-03-24,ok,0.0,0.0,0.0,0.0,42676.0,2025
2025-03-25,ok,0.0,0.0,0.0,0.0,42964.0,2025
2025-03-26,ok,0.0,0.0,0.0,0.0,42956.0,2025
2025-03-27,ok,0.0,0.0,0.0,0.0,42689.0,2025
2025-03-28,ok,2230.0,2245.0,1.0,359.0,42506.0,2025
2025-03-31,ok,95.0,125.0,2.0,59.0,41507.0,2025
2025-04-01,ok,-1765.0,-1750.0,1.0,30.0,42123.0,2025
2025-04-02,ok,-590.0,-575.0,1.0,60.0,41908.0,2025
2025-04-03,ok,45.0,90.0,3.0,179.0,41359.0,2025
2025-04-04,"unknown:нет цены на отметке, нормы или цены исполнения",,,,,,2025
2025-04-07,ok,0.0,0.0,0.0,0.0,37328.0,2025
2025-04-08,ok,0.0,0.0,0.0,0.0,39559.0,2025
2025-04-09,ok,4975.0,5005.0,2.0,179.0,37380.0,2025
2025-04-10,ok,1450.0,1465.0,1.0,240.0,40169.0,2025
2025-04-11,ok,-1115.0,-1085.0,2.0,60.0,39627.0,2025
2025-04-14,ok,0.0,0.0,0.0,0.0,40951.0,2025
2025-04-15,ok,0.0,0.0,0.0,0.0,40780.0,2025
2025-04-16,ok,-1225.0,-1210.0,1.0,29.0,40426.0,2025
2025-04-17,ok,0.0,0.0,0.0,0.0,39328.0,2025
2025-04-21,ok,1850.0,1865.0,1.0,359.0,39016.0,2025
2025-04-22,ok,-200.0,-185.0,1.0,180.0,38775.0,2025
2025-04-23,ok,-570.0,-555.0,1.0,60.0,40094.0,2025
2025-04-24,ok,0.0,0.0,0.0,0.0,39699.0,2025
2025-04-25,ok,0.0,0.0,0.0,0.0,40143.0,2025
2025-04-28,ok,0.0,0.0,0.0,0.0,40320.0,2025
2025-04-29,ok,-150.0,-135.0,1.0,30.0,40380.0,2025
2025-04-30,ok,-1505.0,-1490.0,1.0,30.0,40371.0,2025
2025-05-01,ok,0.0,0.0,0.0,0.0,40981.0,2025
2025-05-02,ok,0.0,0.0,0.0,0.0,41286.0,2025
2025-05-05,ok,0.0,0.0,0.0,0.0,41186.0,2025
2025-05-06,ok,0.0,0.0,0.0,0.0,40941.0,2025
2025-05-07,ok,0.0,0.0,0.0,0.0,41075.0,2025
2025-05-08,ok,-1330.0,-1315.0,1.0,239.0,41390.0,2025
2025-05-09,ok,0.0,0.0,0.0,0.0,41522.0,2025
2025-05-12,ok,0.0,0.0,0.0,0.0,42374.0,2025
2025-05-13,ok,0.0,0.0,0.0,0.0,42334.0,2025
2025-05-14,ok,0.0,0.0,0.0,0.0,42277.0,2025
2025-05-15,ok,330.0,360.0,2.0,209.0,41915.0,2025
2025-05-16,ok,505.0,520.0,1.0,119.0,42452.0,2025
2025-05-19,ok,0.0,0.0,0.0,0.0,42444.0,2025
2025-05-20,ok,0.0,0.0,0.0,0.0,42806.0,2025
2025-05-21,ok,140.0,155.0,1.0,149.0,42369.0,2025
2025-05-22,ok,-1170.0,-1155.0,1.0,29.0,41843.0,2025
2025-05-23,ok,0.0,0.0,0.0,0.0,41430.0,2025
2025-05-27,ok,545.0,575.0,2.0,239.0,42102.0,2025
2025-05-28,ok,45.0,60.0,1.0,90.0,42402.0,2025
2025-05-29,ok,-730.0,-715.0,1.0,30.0,42273.0,2025
2025-05-30,ok,-530.0,-515.0,1.0,30.0,42221.0,2025
2025-06-02,ok,-630.0,-615.0,1.0,30.0,42133.0,2025
2025-06-03,ok,610.0,625.0,1.0,210.0,42304.0,2025
2025-06-04,ok,0.0,0.0,0.0,0.0,42632.0,2025
2025-06-05,ok,-690.0,-675.0,1.0,30.0,42582.0,2025
2025-06-06,ok,-610.0,-595.0,1.0,60.0,42750.0,2025
2025-06-09,ok,-425.0,-410.0,1.0,120.0,42818.0,2025
2025-06-10,ok,-40.0,-25.0,1.0,30.0,42782.0,2025
2025-06-11,ok,-705.0,-675.0,2.0,150.0,42935.0,2025
2025-06-12,ok,0.0,0.0,0.0,0.0,42761.0,2025
2025-06-13,ok,-60.0,-30.0,2.0,239.0,42539.0,2025
2025-06-16,ok,-435.0,-420.0,1.0,270.0,42749.0,2025
2025-06-17,ok,-190.0,-175.0,1.0,30.0,42688.0,2025
2025-06-18,ok,-765.0,-750.0,1.0,120.0,42598.0,2025
2025-06-20,ok,0.0,0.0,0.0,0.0,42677.0,2025
2025-06-23,ok,-1240.0,-1195.0,3.0,239.0,42525.0,2025
2025-06-24,ok,500.0,515.0,1.0,269.0,43183.0,2025
2025-06-25,ok,-265.0,-235.0,2.0,180.0,43406.0,2025
2025-06-26,ok,640.0,655.0,1.0,299.0,43405.0,2025
2025-06-27,ok,-110.0,-95.0,1.0,270.0,43834.0,2025
2025-06-30,ok,0.0,0.0,0.0,0.0,44363.0,2025
2025-07-01,ok,1650.0,1665.0,1.0,359.0,44329.0,2025
2025-07-02,ok,0.0,0.0,0.0,0.0,44781.0,2025
2025-07-03,ok,425.0,440.0,1.0,179.0,44854.0,2025
2025-07-07,ok,545.0,560.0,1.0,269.0,45022.0,2025
2025-07-08,ok,0.0,0.0,0.0,0.0,44639.0,2025
2025-07-09,ok,0.0,0.0,0.0,0.0,44707.0,2025
2025-07-10,ok,-90.0,-75.0,1.0,299.0,44695.0,2025
2025-07-11,ok,0.0,0.0,0.0,0.0,44607.0,2025
2025-07-14,ok,0.0,0.0,0.0,0.0,44544.0,2025
2025-07-15,ok,1480.0,1495.0,1.0,359.0,44682.0,2025
2025-07-16,ok,0.0,0.0,0.0,0.0,44406.0,2025
2025-07-17,ok,-460.0,-415.0,3.0,179.0,44413.0,2025
2025-07-18,ok,-175.0,-145.0,2.0,329.0,44791.0,2025
2025-07-21,ok,0.0,0.0,0.0,0.0,44629.0,2025
2025-07-22,ok,0.0,0.0,0.0,0.0,44490.0,2025
2025-07-23,ok,435.0,450.0,1.0,119.0,44929.0,2025
2025-07-24,ok,0.0,0.0,0.0,0.0,44895.0,2025
2025-07-25,ok,0.0,0.0,0.0,0.0,44932.0,2025
2025-07-28,ok,0.0,0.0,0.0,0.0,45043.0,2025
2025-07-29,ok,-245.0,-215.0,2.0,239.0,45040.0,2025
2025-07-30,ok,-555.0,-540.0,1.0,59.0,44840.0,2025
2025-07-31,ok,275.0,305.0,2.0,89.0,44679.0,2025
2025-08-01,ok,-1370.0,-1340.0,2.0,270.0,43909.0,2025
2025-08-04,ok,890.0,905.0,1.0,359.0,43917.0,2025
2025-08-05,ok,80.0,95.0,1.0,60.0,44304.0,2025
2025-08-06,ok,0.0,0.0,0.0,0.0,44327.0,2025
2025-08-07,ok,440.0,455.0,1.0,329.0,44542.0,2025
2025-08-08,ok,-470.0,-455.0,1.0,30.0,44176.0,2025
2025-08-11,ok,-160.0,-115.0,3.0,180.0,44324.0,2025
2025-08-12,ok,220.0,235.0,1.0,329.0,44253.0,2025
2025-08-13,ok,-385.0,-340.0,3.0,179.0,44727.0,2025
2025-08-14,ok,0.0,0.0,0.0,0.0,44852.0,2025
2025-08-15,ok,0.0,0.0,0.0,0.0,45286.0,2025
2025-08-18,ok,0.0,0.0,0.0,0.0,45015.0,2025
2025-08-19,ok,-675.0,-660.0,1.0,30.0,45060.0,2025
2025-08-20,ok,0.0,0.0,0.0,0.0,45040.0,2025
2025-08-21,ok,0.0,0.0,0.0,0.0,44831.0,2025
2025-08-22,ok,2565.0,2580.0,1.0,359.0,45088.0,2025
2025-08-25,ok,175.0,190.0,1.0,29.0,45602.0,2025
2025-08-26,ok,0.0,0.0,0.0,0.0,45310.0,2025
2025-08-27,ok,-25.0,-10.0,1.0,30.0,45458.0,2025
2025-08-28,ok,0.0,0.0,0.0,0.0,45675.0,2025
2025-08-29,ok,0.0,0.0,0.0,0.0,45608.0,2025
2025-09-02,ok,0.0,0.0,0.0,0.0,45191.0,2025
2025-09-03,ok,-1575.0,-1515.0,4.0,149.0,45275.0,2025
2025-09-04,ok,765.0,780.0,1.0,269.0,45334.0,2025
2025-09-05,ok,-165.0,-150.0,1.0,329.0,45677.0,2025
2025-09-08,ok,-300.0,-285.0,1.0,30.0,45497.0,2025
2025-09-09,ok,-45.0,-30.0,1.0,119.0,45550.0,2025
2025-09-10,ok,-125.0,-110.0,1.0,299.0,45714.0,2025
2025-09-11,ok,865.0,880.0,1.0,359.0,45628.0,2025
2025-09-12,ok,0.0,0.0,0.0,0.0,46047.0,2025
2025-09-15,ok,0.0,0.0,0.0,0.0,46250.0,2025
2025-09-16,ok,-80.0,-65.0,1.0,150.0,46262.0,2025
2025-09-17,ok,-815.0,-770.0,3.0,239.0,46218.0,2025
2025-09-18,ok,-1160.0,-1115.0,3.0,150.0,46357.0,2025
2025-09-19,ok,0.0,0.0,0.0,0.0,46630.0,2025
2025-09-22,ok,0.0,0.0,0.0,0.0,46469.0,2025
2025-09-23,ok,-525.0,-510.0,1.0,60.0,46767.0,2025
2025-09-24,ok,-140.0,-125.0,1.0,30.0,46690.0,2025
2025-09-25,ok,0.0,0.0,0.0,0.0,46321.0,2025
2025-09-26,ok,-1375.0,-1330.0,3.0,120.0,46446.0,2025
2025-09-29,ok,0.0,0.0,0.0,0.0,46695.0,2025
2025-09-30,ok,0.0,0.0,0.0,0.0,46565.0,2025
2025-10-01,ok,0.0,0.0,0.0,0.0,46558.0,2025
2025-10-02,ok,0.0,0.0,0.0,0.0,46721.0,2025
2025-10-03,ok,70.0,85.0,1.0,359.0,46854.0,2025
2025-10-06,ok,-575.0,-560.0,1.0,60.0,47109.0,2025
2025-10-07,ok,-325.0,-295.0,2.0,150.0,47027.0,2025
2025-10-08,ok,0.0,0.0,0.0,0.0,46995.0,2025
2025-10-09,ok,490.0,505.0,1.0,359.0,46874.0,2025
2025-10-10,ok,2270.0,2285.0,1.0,269.0,46743.0,2025
2025-10-13,ok,-1020.0,-975.0,3.0,269.0,46040.0,2025
2025-10-14,ok,-115.0,-100.0,1.0,209.0,45909.0,2025
2025-10-15,ok,-195.0,-180.0,1.0,60.0,46686.0,2025
2025-10-16,ok,-575.0,-560.0,1.0,89.0,46553.0,2025
2025-10-17,ok,-345.0,-330.0,1.0,59.0,46132.0,2025
2025-10-20,ok,645.0,675.0,2.0,299.0,46553.0,2025
2025-10-21,ok,580.0,610.0,2.0,180.0,46912.0,2025
2025-10-22,ok,-130.0,-115.0,1.0,120.0,47120.0,2025
2025-10-23,ok,0.0,0.0,0.0,0.0,46744.0,2025
2025-10-24,ok,-270.0,-240.0,2.0,120.0,47181.0,2025
2025-10-27,ok,0.0,0.0,0.0,0.0,47652.0,2025
2025-10-28,ok,0.0,0.0,0.0,0.0,48053.0,2025
2025-10-29,ok,-260.0,-245.0,1.0,60.0,48036.0,2025
2025-10-30,ok,45.0,60.0,1.0,120.0,47577.0,2025
2025-10-31,ok,0.0,0.0,0.0,0.0,47726.0,2025
2025-11-03,ok,-215.0,-185.0,2.0,150.0,47760.0,2025
2025-11-04,ok,0.0,0.0,0.0,0.0,47174.0,2025
2025-11-05,ok,-730.0,-700.0,2.0,239.0,47209.0,2025
2025-11-06,ok,-925.0,-895.0,2.0,240.0,47325.0,2025
2025-11-07,ok,-110.0,-95.0,1.0,60.0,46918.0,2025
2025-11-10,ok,5.0,20.0,1.0,60.0,47274.0,2025
2025-11-11,ok,1320.0,1335.0,1.0,239.0,47510.0,2025
2025-11-12,ok,-740.0,-725.0,1.0,359.0,48141.0,2025
2025-11-13,ok,2365.0,2380.0,1.0,299.0,48222.0,2025
2025-11-14,ok,0.0,0.0,0.0,0.0,47196.0,2025
2025-11-17,ok,805.0,820.0,1.0,119.0,47137.0,2025
2025-11-18,ok,-1175.0,-1160.0,1.0,30.0,46255.0,2025
2025-11-19,ok,0.0,0.0,0.0,0.0,46188.0,2025
2025-11-20,ok,-1945.0,-1900.0,3.0,150.0,46695.0,2025
2025-11-21,ok,-710.0,-695.0,1.0,239.0,46023.0,2025
2025-11-24,ok,0.0,0.0,0.0,0.0,46441.0,2025
2025-11-25,ok,2345.0,2360.0,1.0,329.0,46616.0,2025
2025-11-26,ok,585.0,615.0,2.0,240.0,47273.0,2025
2025-11-28,ok,305.0,320.0,1.0,90.0,47551.0,2025
2025-12-01,ok,0.0,0.0,0.0,0.0,47458.0,2025
2025-12-02,ok,-1045.0,-1030.0,1.0,30.0,47441.0,2025
2025-12-03,ok,660.0,690.0,2.0,299.0,47497.0,2025
2025-12-04,ok,0.0,0.0,0.0,0.0,47980.0,2025
2025-12-05,ok,-165.0,-150.0,1.0,60.0,47936.0,2025
2025-12-08,ok,-325.0,-295.0,2.0,90.0,48032.0,2025
2025-12-09,ok,-325.0,-310.0,1.0,30.0,47783.0,2025
2025-12-10,ok,-450.0,-405.0,3.0,149.0,47581.0,2025
2025-12-11,ok,2195.0,2210.0,1.0,359.0,48186.0,2025
2025-12-12,ok,-130.0,-115.0,1.0,120.0,48813.0,2025
2025-12-15,ok,0.0,0.0,0.0,0.0,49084.0,2025
2025-12-16,ok,-615.0,-570.0,3.0,240.0,48748.0,2025
2025-12-17,ok,-390.0,-375.0,1.0,30.0,48558.0,2025
2025-12-18,ok,-35.0,-20.0,1.0,30.0,48475.0,2025
2025-12-19,ok,-195.0,-165.0,2.0,90.0,48404.0,2025
2025-12-22,ok,-405.0,-375.0,2.0,60.0,48526.0,2025
2025-12-23,ok,0.0,0.0,0.0,0.0,48556.0,2025
2025-12-24,ok,450.0,465.0,1.0,149.0,48746.0,2025
2025-12-26,ok,0.0,0.0,0.0,0.0,48989.0,2025
2025-12-29,ok,0.0,0.0,0.0,0.0,48878.0,2025
2025-12-30,ok,0.0,0.0,0.0,0.0,48757.0,2025
2025-12-31,ok,-160.0,-130.0,2.0,59.0,48649.0,2025
2026-01-02,ok,0.0,0.0,0.0,0.0,48454.0,2026
2026-01-05,ok,390.0,405.0,1.0,359.0,48686.0,2026
2026-01-06,ok,855.0,885.0,2.0,299.0,49179.0,2026
2026-01-07,ok,535.0,565.0,2.0,209.0,49816.0,2026
2026-01-08,ok,-80.0,-50.0,2.0,269.0,49020.0,2026
2026-01-09,ok,-255.0,-240.0,1.0,60.0,49505.0,2026
2026-01-12,ok,0.0,0.0,0.0,0.0,49450.0,2026
2026-01-13,ok,540.0,555.0,1.0,359.0,49772.0,2026
2026-01-14,ok,0.0,0.0,0.0,0.0,49276.0,2026
2026-01-15,ok,-290.0,-260.0,2.0,240.0,49434.0,2026
2026-01-16,ok,0.0,0.0,0.0,0.0,49642.0,2026
2026-01-20,ok,0.0,0.0,0.0,0.0,48806.0,2026
2026-01-21,ok,-70.0,-40.0,2.0,209.0,48756.0,2026
2026-01-22,ok,0.0,0.0,0.0,0.0,49538.0,2026
2026-01-23,ok,0.0,0.0,0.0,0.0,49353.0,2026
2026-01-26,ok,0.0,0.0,0.0,0.0,49346.0,2026
2026-01-27,ok,0.0,0.0,0.0,0.0,49216.0,2026
2026-01-28,ok,0.0,0.0,0.0,0.0,49181.0,2026
2026-01-29,ok,-1025.0,-995.0,2.0,120.0,49153.0,2026
2026-01-30,ok,-805.0,-790.0,1.0,150.0,49032.0,2026
2026-02-02,ok,1680.0,1695.0,1.0,359.0,49001.0,2026
2026-02-03,ok,-650.0,-635.0,1.0,150.0,49425.0,2026
2026-02-04,ok,-385.0,-370.0,1.0,90.0,49499.0,2026
2026-02-05,ok,-1120.0,-1075.0,3.0,209.0,49350.0,2026
2026-02-06,ok,2320.0,2335.0,1.0,359.0,49321.0,2026
2026-02-09,ok,0.0,0.0,0.0,0.0,50093.0,2026
2026-02-10,ok,-760.0,-730.0,2.0,90.0,50313.0,2026
2026-02-11,ok,-510.0,-495.0,1.0,30.0,50496.0,2026
2026-02-12,ok,785.0,800.0,1.0,269.0,50380.0,2026
2026-02-13,ok,-885.0,-870.0,1.0,30.0,49544.0,2026
2026-02-17,ok,-45.0,-30.0,1.0,60.0,49568.0,2026
2026-02-18,ok,0.0,0.0,0.0,0.0,49712.0,2026
2026-02-19,ok,0.0,0.0,0.0,0.0,49577.0,2026
2026-02-20,ok,0.0,0.0,0.0,0.0,49322.0,2026
2026-02-23,ok,2050.0,2065.0,1.0,359.0,49510.0,2026
2026-02-24,ok,690.0,705.0,1.0,359.0,48899.0,2026
2026-02-25,ok,0.0,0.0,0.0,0.0,49416.0,2026
2026-02-26,ok,0.0,0.0,0.0,0.0,49749.0,2026
2026-02-27,ok,-720.0,-705.0,1.0,30.0,48990.0,2026
2026-03-02,ok,0.0,0.0,0.0,0.0,48452.0,2026
2026-03-03,ok,-30.0,-15.0,1.0,60.0,48026.0,2026
2026-03-04,ok,0.0,0.0,0.0,0.0,48660.0,2026
2026-03-05,ok,885.0,900.0,1.0,299.0,48381.0,2026
2026-03-06,ok,-1445.0,-1430.0,1.0,30.0,47354.0,2026
2026-03-09,ok,-990.0,-975.0,1.0,60.0,47069.0,2026
2026-03-10,ok,-1940.0,-1895.0,3.0,210.0,47750.0,2026
2026-03-11,ok,-1650.0,-1590.0,4.0,239.0,47708.0,2026
2026-03-12,ok,0.0,0.0,0.0,0.0,47001.0,2026
2026-03-13,ok,0.0,0.0,0.0,0.0,46947.0,2026
2026-03-16,ok,-375.0,-360.0,1.0,30.0,47257.0,2026
2026-03-17,ok,0.0,0.0,0.0,0.0,47586.0,2026
2026-03-18,ok,260.0,290.0,2.0,179.0,47117.0,2026
2026-03-19,ok,0.0,0.0,0.0,0.0,46222.0,2026
2026-03-20,ok,10.0,40.0,2.0,119.0,46192.0,2026
2026-03-23,ok,-1655.0,-1625.0,2.0,90.0,46650.0,2026
2026-03-24,ok,0.0,0.0,0.0,0.0,46155.0,2026
2026-03-25,ok,0.0,0.0,0.0,0.0,46885.0,2026
2026-03-26,ok,-225.0,-210.0,1.0,30.0,46447.0,2026
2026-03-27,ok,1460.0,1490.0,2.0,299.0,46002.0,2026
2026-03-30,ok,0.0,0.0,0.0,0.0,45829.0,2026
2026-03-31,ok,820.0,850.0,2.0,209.0,45945.0,2026
2026-04-01,ok,-375.0,-360.0,1.0,30.0,46856.0,2026
2026-04-02,ok,0.0,0.0,0.0,0.0,46238.0,2026
2026-04-06,ok,0.0,0.0,0.0,0.0,46642.0,2026
2026-04-07,ok,-1005.0,-975.0,2.0,120.0,46802.0,2026
2026-04-08,ok,0.0,0.0,0.0,0.0,48124.0,2026
2026-04-09,ok,-170.0,-140.0,2.0,179.0,47965.0,2026
2026-04-10,ok,-65.0,-50.0,1.0,150.0,48423.0,2026
2026-04-13,ok,0.0,0.0,0.0,0.0,47806.0,2026
2026-04-14,ok,65.0,95.0,2.0,180.0,48446.0,2026
2026-04-15,ok,30.0,45.0,1.0,120.0,48857.0,2026
2026-04-16,ok,0.0,0.0,0.0,0.0,48777.0,2026
2026-04-17,ok,605.0,620.0,1.0,359.0,49272.0,2026
2026-04-20,ok,0.0,0.0,0.0,0.0,49553.0,2026
2026-04-21,ok,0.0,0.0,0.0,0.0,49926.0,2026
2026-04-22,ok,0.0,0.0,0.0,0.0,49724.0,2026
2026-04-23,ok,0.0,0.0,0.0,0.0,49441.0,2026
2026-04-24,ok,15.0,30.0,1.0,60.0,49467.0,2026
2026-04-27,ok,0.0,0.0,0.0,0.0,49325.0,2026
2026-04-28,ok,0.0,0.0,0.0,0.0,49504.0,2026
2026-04-29,ok,195.0,210.0,1.0,359.0,49246.0,2026
2026-04-30,ok,2035.0,2050.0,1.0,359.0,49251.0,2026
2026-05-01,ok,0.0,0.0,0.0,0.0,50031.0,2026
2026-05-04,"unknown:нет open, вчерашнего close или close сессии",,,,,,2026
