date,year,side,entry,candle,d30_pts,d30_close_pts,prot_pts,mae_wick_pts,mae_wick_min,mae_close_pts,mfe_wick_pts,mfe_wick_min,gap_born_min,gap_far_below_entry_pts,c_min,dep2_min,dep2_pts,dep4_min,dep4_pts,dep6_min,dep6_pts,dep8_min,dep8_pts,dep12_min,dep12_pts
2006-01-06,2006,-1,1731.5000,0.5000,6.5000,6.0000,6.5000,-3.5000,2,-2.5000,7.0000,30,5.0000,2.0000,,1.0000,-2.5000,1.0000,-2.5000,,6.5000,,6.5000,,6.5000
2006-01-18,2006,-1,1721.5000,0.5000,-4.5000,-4.0000,-2.0000,-6.5000,16,-6.0000,1.5000,6,6.0000,0.5000,11.0000,11.0000,-2.0000,12.0000,-3.5000,12.0000,-3.5000,13.0000,-5.0000,,-4.5000
2006-01-19,2006,-1,1734.0000,0.5000,1.0000,1.0000,1.0000,-3.0000,11,-2.5000,2.0000,24,14.0000,2.0000,,3.0000,-1.0000,8.0000,-2.5000,,1.0000,,1.0000,,1.0000
2006-01-27,2006,1,1713.0000,0.5000,12.0000,12.0000,12.0000,-6.5000,6,-5.0000,12.0000,30,9.0000,4.5000,,1.0000,-1.5000,3.0000,-2.0000,4.0000,-3.5000,5.0000,-5.0000,,12.0000
2006-02-01,2006,1,1708.0000,0.5000,-3.0000,-3.0000,-2.0000,-4.5000,28,-3.5000,2.0000,3,1.0000,1.0000,13.0000,13.0000,-2.0000,15.0000,-2.5000,28.0000,-3.5000,,-3.0000,,-3.0000
2006-02-03,2006,-1,1673.5000,1.0000,-4.5000,-4.0000,-3.5000,-5.5000,9,-5.0000,0.5000,2,1.0000,3.0000,5.0000,3.0000,-2.5000,7.0000,-4.5000,,-4.5000,,-4.5000,,-4.5000
2006-02-22,2006,-1,1661.5000,0.5000,-0.5000,-0.5000,-0.5000,-2.5000,7,-2.0000,3.5000,23,19.0000,-0.5000,30.0000,5.0000,-1.5000,,-0.5000,,-0.5000,,-0.5000,,-0.5000
2006-03-03,2006,-1,1685.5000,1.5000,-4.5000,-4.5000,-6.0000,-7.0000,19,-6.0000,1.0000,1,9.0000,4.0000,18.0000,4.0000,-4.5000,,-4.5000,,-4.5000,,-4.5000,,-4.5000
2006-03-07,2006,-1,1666.5000,0.5000,1.0000,1.0000,0.0000,-2.5000,3,-1.5000,5.5000,27,8.0000,-1.0000,12.0000,1.0000,-1.0000,,1.0000,,1.0000,,1.0000,,1.0000
2006-03-10,2006,-1,1664.0000,0.5000,3.5000,3.5000,3.5000,-0.5000,1,1.0000,11.5000,17,2.0000,-1.0000,,,3.5000,,3.5000,,3.5000,,3.5000,,3.5000
2006-03-16,2006,1,1719.5000,0.5000,0.5000,0.0000,0.5000,-3.5000,20,-2.5000,0.5000,2,22.0000,2.5000,,2.0000,-2.0000,19.0000,-2.5000,,0.5000,,0.5000,,0.5000
2006-03-20,2006,-1,1709.5000,0.5000,-1.0000,-1.0000,0.0000,-4.0000,10,-3.0000,2.5000,3,3.0000,0.0000,5.0000,10.0000,-3.5000,10.0000,-3.5000,,-1.0000,,-1.0000,,-1.0000
2006-03-27,2006,1,1697.5000,0.5000,5.0000,5.5000,5.0000,-1.5000,2,-1.0000,7.5000,11,6.0000,-0.5000,,,5.0000,,5.0000,,5.0000,,5.0000,,5.0000
2006-03-28,2006,-1,1699.0000,0.5000,-0.5000,-0.5000,-0.5000,-5.0000,14,-4.0000,1.0000,29,18.0000,3.5000,,1.0000,-1.0000,12.0000,-3.0000,13.0000,-3.5000,,-0.5000,,-0.5000
2006-04-07,2006,-1,1758.0000,1.0000,1.0000,1.0000,1.0000,-8.0000,6,-6.5000,2.0000,29,10.0000,5.5000,,2.0000,-3.0000,4.0000,-5.0000,8.0000,-6.5000,,1.0000,,1.0000
2006-04-13,2006,-1,1716.0000,0.5000,-1.0000,-1.0000,-2.0000,-2.5000,6,-2.0000,3.0000,26,13.0000,1.5000,19.0000,3.0000,-1.5000,,-1.0000,,-1.0000,,-1.0000,,-1.0000
2006-04-19,2006,-1,1742.5000,0.5000,0.5000,0.5000,0.5000,-3.5000,3,-3.5000,3.0000,20,13.0000,2.5000,,2.0000,-2.0000,3.0000,-3.5000,3.0000,-3.5000,,0.5000,,0.5000
2006-04-21,2006,1,1747.0000,1.0000,-6.0000,-6.0000,-6.0000,-8.0000,26,-7.5000,0.5000,2,,,,9.0000,-4.0000,11.0000,-6.0000,24.0000,-7.0000,,-6.0000,,-6.0000
2006-04-28,2006,1,1722.0000,1.0000,-5.0000,-5.0000,-5.0000,-5.5000,28,-5.0000,0.0000,1,18.0000,4.0000,28.0000,2.0000,-3.0000,13.0000,-4.5000,,-5.0000,,-5.0000,,-5.0000
2006-05-01,2006,-1,1714.5000,1.0000,-2.5000,-2.0000,-1.5000,-2.5000,26,-2.0000,3.5000,10,7.0000,-0.5000,20.0000,,-2.5000,,-2.5000,,-2.5000,,-2.5000,,-2.5000
2006-05-02,2006,1,1704.0000,1.5000,-6.0000,-6.0000,-6.0000,-7.0000,16,-6.0000,0.0000,1,19.0000,6.0000,,7.0000,-3.5000,,-6.0000,,-6.0000,,-6.0000,,-6.0000
2006-05-03,2006,1,1697.0000,1.0000,-2.5000,-3.0000,-3.0000,-6.0000,21,-5.0000,0.0000,1,12.0000,2.5000,15.0000,8.0000,-3.0000,17.0000,-4.0000,,-2.5000,,-2.5000,,-2.5000
2006-05-04,2006,-1,1712.0000,1.0000,2.0000,2.0000,2.0000,-1.0000,3,0.0000,5.0000,28,26.0000,-2.0000,,,2.0000,,2.0000,,2.0000,,2.0000,,2.0000
2006-05-05,2006,-1,1716.0000,1.0000,-3.0000,-3.0000,-2.5000,-3.5000,28,-3.0000,1.0000,1,13.0000,1.0000,23.0000,23.0000,-2.5000,,-3.0000,,-3.0000,,-3.0000,,-3.0000
2006-05-08,2006,-1,1726.0000,1.0000,3.0000,3.0000,3.0000,-1.0000,3,-0.5000,4.0000,13,11.0000,-0.5000,,,3.0000,,3.0000,,3.0000,,3.0000,,3.0000
2006-05-09,2006,-1,1718.0000,1.0000,-1.0000,-1.0000,-1.5000,-2.0000,11,-2.0000,1.0000,15,13.0000,1.0000,28.0000,,-1.0000,,-1.0000,,-1.0000,,-1.0000,,-1.0000
2006-05-10,2006,1,1714.0000,0.7500,-3.2500,-3.2500,-3.2500,-5.0000,25,-4.2500,1.2500,8,,,,18.0000,-1.7500,25.0000,-4.5000,,-3.2500,,-3.2500,,-3.2500
2006-05-11,2006,-1,1685.5000,1.2500,9.0000,9.0000,9.0000,-0.5000,3,0.0000,9.7500,12,1.0000,1.2500,,,9.0000,,9.0000,,9.0000,,9.0000,,9.0000
2006-05-12,2006,-1,1646.5000,1.7500,-3.5000,-3.5000,-2.2500,-5.2500,30,-3.5000,4.5000,18,9.0000,1.2500,28.0000,,-3.5000,,-3.5000,,-3.5000,,-3.5000,,-3.5000
2006-05-15,2006,1,1640.0000,1.8750,-0.7500,-0.7500,-0.7500,-4.5000,28,-3.5000,3.0000,2,30.0000,3.5000,,,-0.7500,,-0.7500,,-0.7500,,-0.7500,,-0.7500
2006-05-16,2006,1,1639.7500,1.1250,-3.0000,-3.0000,-1.5000,-3.5000,30,-3.0000,1.7500,2,18.0000,0.7500,21.0000,8.0000,-2.7500,,-3.0000,,-3.0000,,-3.0000,,-3.0000
2006-05-18,2006,1,1612.7500,1.2500,-5.0000,-5.0000,-1.5000,-5.2500,30,-5.0000,0.5000,8,8.0000,1.0000,10.0000,16.0000,-2.7500,,-5.0000,,-5.0000,,-5.0000,,-5.0000
2006-05-19,2006,1,1597.7500,1.7500,-3.2500,-3.5000,0.7500,-5.0000,22,-5.0000,2.7500,5,5.0000,-0.7500,6.0000,22.0000,-5.0000,,-3.2500,,-3.2500,,-3.2500,,-3.2500
2006-05-22,2006,1,1591.0000,1.5000,-2.0000,-2.2500,-1.0000,-2.7500,15,-2.5000,4.2500,3,2.0000,-0.5000,10.0000,,-2.0000,,-2.0000,,-2.0000,,-2.0000,,-2.0000
2006-05-23,2006,1,1603.2500,0.5000,-3.7500,-4.0000,0.2500,-4.7500,30,-4.0000,2.0000,5,4.0000,-0.7500,6.0000,16.0000,-1.2500,18.0000,-3.0000,24.0000,-3.7500,,-3.7500,,-3.7500
2006-05-24,2006,-1,1569.2500,0.7500,-19.7500,-19.7500,-2.0000,-20.5000,30,-19.7500,4.7500,2,1.0000,1.2500,5.0000,5.0000,-2.0000,6.0000,-4.7500,6.0000,-4.7500,11.0000,-8.0000,15.0000,-14.0000
2006-05-25,2006,-1,1593.2500,0.5000,2.2500,2.2500,-0.7500,-4.2500,16,-4.0000,2.5000,30,8.0000,0.5000,10.0000,12.0000,-1.5000,13.0000,-2.2500,14.0000,-3.5000,,2.2500,,2.2500
2006-05-26,2006,-1,1607.0000,0.5000,0.0000,0.2500,-0.7500,-1.5000,16,-0.7500,5.7500,3,2.0000,0.0000,15.0000,,0.0000,,0.0000,,0.0000,,0.0000,,0.0000
2006-06-01,2006,-1,1583.7500,0.5000,-5.5000,-5.0000,-5.2500,-9.0000,16,-8.7500,2.0000,1,8.0000,4.5000,14.0000,4.0000,-3.7500,4.0000,-3.7500,4.0000,-3.7500,5.0000,-4.7500,15.0000,-8.5000
2006-06-02,2006,-1,1627.5000,0.7500,9.5000,9.5000,9.5000,-1.2500,4,-0.7500,16.0000,25,7.0000,-0.7500,,,9.5000,,9.5000,,9.5000,,9.5000,,9.5000
2006-06-08,2006,-1,1574.7500,0.5000,-1.5000,-1.5000,-1.2500,-10.5000,17,-10.0000,4.2500,3,1.0000,0.5000,6.0000,7.0000,-2.2500,8.0000,-3.2500,10.0000,-4.2500,10.0000,-4.2500,12.0000,-8.2500
2006-06-09,2006,1,1588.7500,0.7500,1.2500,1.2500,1.2500,-4.0000,6,-3.2500,5.0000,15,12.0000,2.2500,,2.0000,-3.0000,2.0000,-3.0000,,1.2500,,1.2500,,1.2500
2006-06-12,2006,-1,1572.2500,0.5000,3.5000,3.5000,-1.5000,-2.2500,13,-1.7500,5.5000,29,1.0000,0.7500,12.0000,12.0000,-1.5000,,3.5000,,3.5000,,3.5000,,3.5000
2006-06-13,2006,-1,1536.2500,0.8750,-10.0000,-9.7500,-18.2500,-19.2500,17,-19.0000,0.0000,1,14.0000,16.2500,17.0000,1.0000,-2.2500,2.0000,-5.0000,3.0000,-9.5000,3.0000,-9.5000,9.0000,-11.7500
2006-06-14,2006,1,1541.7500,0.7500,4.2500,4.2500,-4.7500,-6.0000,9,-4.7500,6.7500,22,1.0000,3.5000,8.0000,7.0000,-3.5000,7.0000,-3.5000,8.0000,-4.7500,,4.2500,,4.2500
2006-06-15,2006,1,1556.7500,0.5000,6.2500,6.2500,0.0000,-0.7500,5,-0.2500,7.2500,29,2.0000,-0.2500,3.0000,,6.2500,,6.2500,,6.2500,,6.2500,,6.2500
2006-06-16,2006,1,1588.0000,0.7500,2.5000,2.7500,-4.5000,-6.0000,15,-5.2500,4.7500,26,7.0000,4.0000,14.0000,2.0000,-2.5000,3.0000,-4.5000,4.0000,-5.0000,,2.5000,,2.5000
2006-06-27,2006,1,1574.0000,0.5000,-2.0000,-2.0000,-1.0000,-3.5000,20,-2.7500,2.2500,11,11.0000,0.7500,15.0000,6.0000,-1.2500,17.0000,-2.2500,,-2.0000,,-2.0000,,-2.0000
2006-06-29,2006,1,1563.5000,0.5000,2.7500,2.7500,2.7500,-2.0000,5,-1.7500,3.5000,23,11.0000,0.7500,,5.0000,-1.7500,,2.7500,,2.7500,,2.7500,,2.7500
2006-06-30,2006,-1,1606.7500,0.5000,13.2500,13.0000,13.2500,-0.2500,1,0.0000,15.2500,30,3.0000,-0.2500,,,13.2500,,13.2500,,13.2500,,13.2500,,13.2500
2006-07-05,2006,-1,1586.0000,0.5000,8.5000,8.5000,8.5000,-0.2500,1,0.2500,10.7500,24,1.0000,1.2500,,,8.5000,,8.5000,,8.5000,,8.5000,,8.5000
2006-07-07,2006,-1,1551.2500,1.2500,0.0000,0.0000,-2.0000,-4.7500,10,-3.7500,3.0000,4,4.0000,0.7500,9.0000,10.0000,-4.0000,,0.0000,,0.0000,,0.0000,,0.0000
2006-07-11,2006,-1,1528.5000,0.3750,0.5000,0.5000,-2.0000,-5.5000,20,-5.0000,1.7500,3,1.0000,1.2500,5.0000,5.0000,-2.0000,5.0000,-2.0000,18.0000,-4.0000,18.0000,-4.0000,19.0000,-4.7500
2006-07-12,2006,-1,1540.2500,0.5000,6.2500,6.2500,-1.2500,-4.2500,4,-3.5000,7.0000,30,9.0000,0.2500,12.0000,1.0000,-1.2500,3.0000,-3.5000,3.0000,-3.5000,,6.2500,,6.2500
2006-07-13,2006,-1,1501.2500,0.5000,7.7500,7.5000,-1.5000,-3.0000,4,-2.0000,9.5000,29,1.0000,1.0000,2.0000,2.0000,-1.5000,,7.7500,,7.7500,,7.7500,,7.7500
2006-07-14,2006,1,1491.2500,0.2500,-5.5000,-5.5000,-6.2500,-11.2500,23,-9.2500,0.5000,1,12.0000,6.0000,19.0000,1.0000,-0.7500,3.0000,-3.5000,3.0000,-3.5000,3.0000,-3.5000,3.0000,-3.5000
2006-07-17,2006,1,1481.0000,0.5000,-3.5000,-3.5000,-3.5000,-4.0000,30,-3.5000,5.7500,6,1.0000,2.2500,30.0000,1.0000,-1.5000,30.0000,-3.5000,30.0000,-3.5000,,-3.5000,,-3.5000
2006-07-19,2006,1,1480.7500,0.7500,14.0000,13.7500,14.0000,0.0000,1,1.5000,15.7500,29,2.0000,-1.0000,,,14.0000,,14.0000,,14.0000,,14.0000,,14.0000
2006-07-20,2006,-1,1505.7500,0.5000,8.0000,8.0000,8.0000,-2.0000,1,-1.7500,9.0000,30,10.0000,-0.2500,,1.0000,-1.7500,,8.0000,,8.0000,,8.0000,,8.0000
2006-07-21,2006,-1,1469.0000,0.5000,4.2500,4.2500,2.0000,-0.2500,1,1.2500,7.5000,17,4.0000,-2.5000,11.0000,,4.2500,,4.2500,,4.2500,,4.2500,,4.2500
2006-07-25,2006,1,1495.0000,0.5000,4.0000,4.0000,4.0000,-5.2500,8,-4.2500,4.2500,30,21.0000,2.5000,,3.0000,-2.5000,3.0000,-2.5000,5.0000,-3.5000,8.0000,-4.2500,,4.0000
2006-07-26,2006,-1,1490.7500,0.5000,0.0000,0.0000,-2.5000,-4.5000,24,-3.2500,2.5000,8,1.0000,1.7500,20.0000,20.0000,-2.5000,20.0000,-2.5000,23.0000,-3.2500,,0.0000,,0.0000
2006-07-27,2006,1,1508.5000,0.5000,-1.5000,-1.5000,0.0000,-4.5000,29,-4.2500,7.7500,11,2.0000,-0.5000,21.0000,29.0000,-4.0000,29.0000,-4.0000,29.0000,-4.0000,29.0000,-4.0000,,-1.5000
2006-07-28,2006,-1,1496.0000,0.5000,-6.5000,-6.5000,-3.0000,-10.2500,14,-9.5000,1.5000,7,1.0000,1.0000,8.0000,8.0000,-3.0000,8.0000,-3.0000,9.0000,-3.5000,10.0000,-6.0000,12.0000,-6.7500
2006-07-31,2006,-1,1513.7500,0.2500,0.0000,-0.2500,-1.5000,-2.5000,30,-1.7500,4.0000,14,1.0000,0.5000,5.0000,5.0000,-1.5000,5.0000,-1.5000,7.0000,-1.5000,,0.0000,,0.0000
2006-08-01,2006,-1,1504.7500,0.8750,9.2500,9.2500,9.2500,-0.5000,3,0.0000,9.7500,30,8.0000,-1.0000,,,9.2500,,9.2500,,9.2500,,9.2500,,9.2500
2006-08-03,2006,-1,1493.7500,0.5000,-5.5000,-5.2500,-5.5000,-6.5000,30,-5.5000,0.2500,1,,,,4.0000,-1.7500,5.0000,-2.5000,6.0000,-3.0000,15.0000,-5.0000,,-5.5000
2006-08-04,2006,-1,1531.0000,0.8750,-0.7500,-0.5000,-0.7500,-8.2500,12,-7.2500,2.7500,24,14.0000,6.5000,,8.0000,-2.2500,9.0000,-4.5000,10.0000,-5.5000,12.0000,-7.2500,,-0.7500
2006-08-09,2006,1,1512.2500,0.5000,-2.5000,-2.7500,-0.2500,-3.7500,20,-3.0000,2.7500,5,2.0000,-0.2500,10.0000,11.0000,-2.2500,11.0000,-2.2500,,-2.5000,,-2.5000,,-2.5000
2006-08-10,2006,1,1489.5000,0.5000,-1.0000,-1.2500,-1.2500,-5.5000,7,-3.2500,6.5000,25,1.0000,0.7500,5.0000,5.0000,-1.2500,6.0000,-2.7500,7.0000,-3.0000,,-1.0000,,-1.0000
2006-08-15,2006,-1,1521.7500,0.5000,6.5000,6.7500,6.5000,-0.7500,2,0.0000,6.7500,23,4.0000,-0.5000,,,6.5000,,6.5000,,6.5000,,6.5000,,6.5000
2006-08-16,2006,-1,1550.5000,0.7500,2.5000,2.5000,-0.7500,-1.2500,8,-1.0000,5.5000,28,1.0000,0.2500,7.0000,,2.5000,,2.5000,,2.5000,,2.5000,,2.5000
2006-08-24,2006,-1,1561.2500,0.5000,4.0000,4.2500,4.0000,-1.7500,3,-1.0000,7.7500,29,6.0000,0.5000,,,4.0000,,4.0000,,4.0000,,4.0000,,4.0000
2006-09-01,2006,1,1593.2500,0.5000,-2.5000,-2.5000,-0.2500,-3.2500,21,-2.7500,4.0000,3,2.0000,-0.2500,10.0000,13.0000,-1.5000,18.0000,-2.5000,,-2.5000,,-2.5000,,-2.5000
2006-09-05,2006,-1,1591.2500,0.2500,5.2500,5.0000,5.2500,-0.2500,1,0.7500,9.0000,10,5.0000,-2.0000,,,5.2500,,5.2500,,5.2500,,5.2500,,5.2500
2006-09-06,2006,-1,1591.7500,0.5000,-1.7500,-1.5000,-1.7500,-2.7500,3,-2.5000,3.2500,14,9.0000,1.5000,11.0000,2.0000,-1.2500,3.0000,-2.5000,,-1.7500,,-1.7500,,-1.7500
2006-09-14,2006,1,1641.7500,0.5000,-1.2500,-1.5000,-1.2500,-5.0000,6,-4.5000,1.7500,24,12.0000,3.2500,,1.0000,-1.7500,2.0000,-2.7500,4.0000,-3.7500,5.0000,-4.5000,,-1.2500
2006-09-15,2006,-1,1658.5000,0.5000,2.7500,3.0000,2.7500,-2.7500,1,-1.7500,5.0000,14,5.0000,0.7500,,2.0000,-1.5000,,2.7500,,2.7500,,2.7500,,2.7500
2006-09-18,2006,-1,1649.2500,0.5000,-6.2500,-6.2500,-5.5000,-9.0000,27,-8.2500,0.5000,1,16.0000,5.2500,21.0000,2.0000,-1.5000,4.0000,-3.2500,4.0000,-3.2500,8.0000,-5.0000,24.0000,-6.7500
2006-09-19,2006,-1,1653.0000,0.2500,3.0000,3.0000,1.2500,-0.5000,2,-0.2500,5.2500,7,6.0000,-2.0000,18.0000,,3.0000,,3.0000,,3.0000,,3.0000,,3.0000
2006-09-20,2006,1,1657.0000,0.5000,1.2500,1.0000,1.2500,-3.5000,11,-3.2500,4.0000,19,13.0000,2.7500,,2.0000,-1.5000,8.0000,-2.5000,11.0000,-3.2500,,1.2500,,1.2500
2006-09-21,2006,-1,1667.0000,0.2500,5.5000,5.5000,5.5000,-4.5000,7,-3.7500,5.7500,30,15.0000,1.5000,,3.0000,-1.5000,3.0000,-1.5000,3.0000,-1.5000,4.0000,-3.5000,4.0000,-3.5000
2006-09-25,2006,1,1648.7500,0.5000,-5.5000,-5.5000,-0.7500,-6.7500,30,-5.7500,3.0000,9,8.0000,-0.5000,12.0000,14.0000,-1.2500,16.0000,-2.2500,17.0000,-3.2500,23.0000,-5.0000,,-5.5000
2006-09-27,2006,1,1673.7500,0.5000,6.7500,6.7500,-1.0000,-2.7500,7,-1.0000,9.5000,28,1.0000,0.7500,7.0000,,6.7500,,6.7500,,6.7500,,6.7500,,6.7500
2006-09-29,2006,-1,1679.5000,0.5000,1.0000,1.2500,2.0000,-0.2500,1,1.2500,9.0000,21,10.0000,-2.7500,29.0000,,1.0000,,1.0000,,1.0000,,1.0000,,1.0000
2006-10-02,2006,-1,1667.5000,0.3750,2.7500,2.7500,0.2500,-0.2500,2,0.0000,6.0000,21,3.0000,-0.5000,8.0000,,2.7500,,2.7500,,2.7500,,2.7500,,2.7500
2006-10-03,2006,1,1644.0000,0.5000,-3.7500,-3.7500,-3.7500,-6.0000,7,-5.2500,0.0000,1,,,,2.0000,-2.0000,3.0000,-2.2500,5.0000,-3.7500,6.0000,-4.7500,,-3.7500
2006-10-05,2006,-1,1691.5000,0.5000,-4.7500,-4.5000,-6.2500,-9.2500,28,-7.7500,0.2500,1,18.0000,5.7500,24.0000,1.0000,-1.5000,3.0000,-3.2500,3.0000,-3.2500,4.0000,-3.7500,12.0000,-6.2500
2006-10-06,2006,1,1696.5000,0.5000,-1.0000,-1.2500,-1.7500,-4.0000,13,-3.0000,1.2500,28,8.0000,1.5000,12.0000,2.0000,-1.5000,3.0000,-2.2500,,-1.0000,,-1.0000,,-1.0000
2006-10-11,2006,-1,1698.7500,0.2500,-0.5000,-0.2500,-1.2500,-2.7500,4,-2.2500,1.2500,1,1.0000,0.5000,3.0000,3.0000,-1.2500,3.0000,-1.2500,4.0000,-2.2500,4.0000,-2.2500,,-0.5000
2006-10-12,2006,1,1714.5000,0.5000,0.7500,0.5000,0.7500,-4.0000,22,-4.0000,1.0000,1,25.0000,2.7500,,6.0000,-1.5000,8.0000,-2.7500,21.0000,-3.2500,,0.7500,,0.7500
2006-10-17,2006,-1,1729.2500,0.5000,8.0000,8.2500,8.0000,-1.5000,2,-1.5000,11.2500,19,5.0000,-0.7500,,2.0000,-1.2500,,8.0000,,8.0000,,8.0000,,8.0000
2006-10-18,2006,-1,1731.2500,0.5000,5.2500,5.2500,-2.0000,-3.0000,5,-2.7500,7.5000,29,17.0000,1.7500,18.0000,3.0000,-2.5000,3.0000,-2.5000,,5.2500,,5.2500,,5.2500
2006-10-19,2006,-1,1709.5000,0.5000,-6.7500,-6.7500,-1.2500,-7.7500,26,-7.7500,5.0000,5,2.0000,0.2500,13.0000,14.0000,-1.7500,19.0000,-3.0000,20.0000,-3.7500,21.0000,-4.2500,26.0000,-7.5000
2006-10-20,2006,-1,1720.5000,0.5000,9.5000,9.7500,9.5000,-0.2500,1,1.7500,14.2500,20,1.0000,0.5000,,,9.5000,,9.5000,,9.5000,,9.5000,,9.5000
2006-10-23,2006,1,1717.0000,0.3750,6.7500,7.0000,6.7500,-3.7500,5,-3.0000,7.5000,29,8.0000,1.7500,,4.0000,-2.0000,4.0000,-2.0000,5.0000,-3.2500,,6.7500,,6.7500
2006-10-25,2006,1,1726.7500,0.2500,4.0000,4.2500,4.0000,-0.2500,1,0.0000,7.2500,21,3.0000,0.0000,,,4.0000,,4.0000,,4.0000,,4.0000,,4.0000
2006-10-26,2006,-1,1742.7500,0.2500,5.7500,5.7500,5.7500,-0.5000,1,-0.2500,6.7500,30,8.0000,-0.2500,,,5.7500,,5.7500,,5.7500,,5.7500,,5.7500
2006-11-01,2006,-1,1747.5000,0.2500,3.0000,2.7500,-0.2500,-1.7500,15,-1.2500,5.5000,29,5.0000,0.2500,13.0000,14.0000,-1.2500,14.0000,-1.2500,,3.0000,,3.0000,,3.0000
2006-11-02,2006,1,1713.2500,0.5000,0.5000,0.2500,-1.2500,-6.0000,21,-6.0000,1.5000,7,1.0000,0.7500,2.0000,2.0000,-1.2500,10.0000,-2.5000,13.0000,-3.7500,14.0000,-4.2500,,0.5000
2006-11-03,2006,1,1723.5000,0.6250,-5.0000,-4.7500,-2.0000,-8.5000,23,-8.2500,1.5000,1,1.0000,1.0000,3.0000,3.0000,-2.0000,4.0000,-3.0000,5.0000,-3.7500,15.0000,-5.2500,22.0000,-8.0000
2006-11-07,2006,1,1739.2500,0.2500,9.0000,9.2500,9.0000,-3.2500,2,-2.2500,9.2500,30,5.0000,1.5000,,1.0000,-2.5000,1.0000,-2.5000,1.0000,-2.5000,1.0000,-2.5000,,9.0000
2006-11-08,2006,-1,1738.7500,0.5000,-10.5000,-10.2500,-1.2500,-10.7500,30,-10.2500,3.2500,5,4.0000,0.5000,9.0000,9.0000,-1.2500,10.0000,-2.7500,12.0000,-5.0000,12.0000,-5.0000,13.0000,-6.5000
2006-11-09,2006,-1,1765.0000,0.6250,2.7500,2.7500,-1.0000,-5.7500,16,-5.2500,3.0000,30,2.0000,0.2500,4.0000,5.0000,-2.5000,15.0000,-4.7500,15.0000,-4.7500,16.0000,-5.2500,,2.7500
2006-11-14,2006,-1,1777.5000,0.5000,1.2500,1.5000,2.7500,-1.7500,2,-1.2500,5.2500,16,22.0000,-3.0000,28.0000,1.0000,-1.2500,,1.2500,,1.2500,,1.2500,,1.2500
2006-11-16,2006,-1,1806.0000,0.5000,4.0000,4.0000,0.2500,-1.5000,6,-0.7500,9.2500,14,2.0000,-0.5000,5.0000,,4.0000,,4.0000,,4.0000,,4.0000,,4.0000
2006-11-17,2006,-1,1798.2500,0.5000,-4.5000,-4.5000,-4.5000,-6.0000,24,-5.7500,1.5000,6,,,,11.0000,-1.7500,19.0000,-3.2500,19.0000,-3.2500,21.0000,-4.7500,,-4.5000
2006-11-20,2006,1,1801.7500,0.2500,3.5000,3.5000,-1.2500,-6.2500,13,-5.7500,6.5000,29,3.0000,0.0000,7.0000,7.0000,-1.2500,7.0000,-1.2500,8.0000,-2.7500,8.0000,-2.7500,9.0000,-3.5000
2006-11-24,2006,1,1811.5000,0.2500,6.0000,6.2500,-0.2500,-1.2500,13,-0.5000,7.0000,30,4.0000,-0.2500,8.0000,,6.0000,,6.0000,,6.0000,,6.0000,,6.0000
2006-11-28,2006,1,1776.0000,0.5000,1.0000,1.0000,-0.2500,-9.5000,9,-8.2500,2.7500,3,2.0000,-0.5000,6.0000,8.0000,-3.5000,8.0000,-3.5000,8.0000,-3.5000,9.0000,-7.7500,9.0000,-7.7500
2006-11-29,2006,1,1793.5000,0.5000,-1.5000,-1.5000,-1.5000,-3.0000,28,-2.0000,2.5000,5,,,,25.0000,-1.7500,,-1.5000,,-1.5000,,-1.5000,,-1.5000
2006-11-30,2006,-1,1795.2500,0.5000,2.7500,3.0000,-2.7500,-3.7500,24,-3.7500,5.0000,13,7.0000,2.5000,23.0000,1.0000,-2.0000,1.0000,-2.0000,24.0000,-3.5000,,2.7500,,2.7500
2006-12-01,2006,1,1793.7500,0.5000,-14.2500,-14.0000,-14.2500,-14.2500,30,-14.0000,2.5000,6,,,,8.0000,-3.0000,8.0000,-3.0000,13.0000,-3.2500,21.0000,-5.0000,22.0000,-6.2500
2006-12-08,2006,-1,1793.2500,1.0000,1.0000,1.0000,1.0000,-11.5000,10,-11.2500,1.2500,30,19.0000,8.5000,,2.0000,-3.7500,3.0000,-4.2500,8.0000,-7.7500,9.0000,-10.0000,,1.0000
2006-12-13,2006,-1,1813.5000,0.5000,7.0000,7.0000,7.0000,0.0000,1,1.0000,8.0000,30,2.0000,-1.0000,,,7.0000,,7.0000,,7.0000,,7.0000,,7.0000
2006-12-14,2006,1,1811.5000,0.2500,14.7500,15.0000,14.7500,-3.0000,4,-1.2500,18.2500,24,7.0000,0.7500,,1.0000,-0.7500,3.0000,-1.2500,,14.7500,,14.7500,,14.7500
2006-12-15,2006,-1,1841.0000,0.5000,3.0000,3.0000,3.0000,-3.5000,3,-3.0000,8.0000,18,5.0000,1.5000,,1.0000,-1.5000,2.0000,-3.0000,,3.0000,,3.0000,,3.0000
2006-12-18,2006,-1,1838.2500,0.3750,-3.0000,-3.0000,0.2500,-5.2500,28,-5.0000,4.2500,10,5.0000,-0.7500,19.0000,20.0000,-1.2500,23.0000,-1.7500,24.0000,-2.7500,26.0000,-3.2500,28.0000,-4.5000
2006-12-19,2006,-1,1794.2500,0.5000,-1.5000,-1.5000,-2.0000,-3.0000,29,-3.0000,7.7500,8,1.0000,1.0000,21.0000,21.0000,-2.0000,23.0000,-2.5000,,-1.5000,,-1.5000,,-1.5000
2007-01-03,2007,1,1788.0000,0.5000,4.7500,4.5000,4.7500,-2.2500,3,-1.7500,8.5000,11,5.0000,1.2500,,2.0000,-1.7500,,4.7500,,4.7500,,4.7500,,4.7500
2007-01-05,2007,-1,1799.5000,0.5000,-0.2500,-0.2500,-1.2500,-4.0000,21,-4.0000,4.5000,14,9.0000,0.2500,16.0000,1.0000,-1.7500,2.0000,-2.2500,21.0000,-4.0000,,-0.2500,,-0.2500
2007-01-08,2007,-1,1803.0000,0.5000,-2.0000,-2.0000,-2.7500,-5.0000,17,-4.7500,7.5000,4,1.0000,0.7500,12.0000,12.0000,-2.7500,12.0000,-2.7500,13.0000,-3.5000,17.0000,-4.7500,,-2.0000
2007-01-09,2007,-1,1806.7500,0.5000,3.7500,4.0000,-2.5000,-4.2500,8,-3.2500,5.7500,18,1.0000,1.0000,6.0000,6.0000,-2.5000,6.0000,-2.5000,8.0000,-3.2500,,3.7500,,3.7500
2007-01-10,2007,1,1806.2500,0.5000,3.7500,3.7500,-6.7500,-8.2500,11,-7.0000,5.7500,30,6.0000,4.0000,10.0000,1.0000,-1.7500,2.0000,-4.2500,2.0000,-4.2500,2.0000,-4.2500,10.0000,-6.7500
2007-01-11,2007,-1,1834.0000,0.5000,-4.5000,-4.5000,-4.5000,-8.0000,14,-7.2500,0.5000,1,,,,3.0000,-2.0000,4.0000,-3.5000,4.0000,-3.5000,5.0000,-4.5000,11.0000,-6.2500
2007-01-12,2007,1,1850.0000,0.5000,6.0000,6.2500,-0.7500,-2.7500,8,-1.2500,9.5000,26,2.0000,-0.7500,6.0000,7.0000,-1.5000,,6.0000,,6.0000,,6.0000,,6.0000
2007-01-16,2007,-1,1859.7500,0.5000,2.2500,2.0000,-0.7500,-3.0000,26,-2.5000,3.0000,8,18.0000,0.5000,22.0000,14.0000,-1.0000,23.0000,-2.7500,,2.2500,,2.2500,,2.2500
2007-01-17,2007,1,1852.5000,0.5000,-2.2500,-2.2500,-2.2500,-3.5000,30,-2.2500,4.2500,21,1.0000,1.5000,8.0000,8.0000,-2.2500,9.0000,-2.2500,,-2.2500,,-2.2500,,-2.2500
2007-01-18,2007,-1,1836.5000,0.5000,7.2500,7.2500,7.2500,-2.5000,4,-2.2500,8.2500,29,7.0000,1.0000,,4.0000,-2.2500,4.0000,-2.2500,,7.2500,,7.2500,,7.2500
2007-01-19,2007,-1,1803.2500,0.5000,-1.2500,-1.2500,-3.5000,-5.7500,7,-5.5000,1.7500,26,19.0000,3.2500,28.0000,3.0000,-1.2500,5.0000,-2.2500,6.0000,-4.5000,6.0000,-4.5000,,-1.2500
2007-01-25,2007,-1,1816.5000,0.2500,1.0000,1.0000,1.0000,-5.0000,19,-4.7500,2.0000,13,22.0000,4.0000,,16.0000,-2.0000,16.0000,-2.0000,16.0000,-2.0000,17.0000,-3.0000,18.0000,-5.0000
2007-01-26,2007,-1,1792.7500,0.5000,13.0000,13.0000,13.0000,-1.5000,1,-1.2500,14.7500,24,4.0000,0.0000,,1.0000,-1.5000,,13.0000,,13.0000,,13.0000,,13.0000
2007-01-29,2007,1,1781.7500,0.2500,2.2500,2.0000,1.7500,-1.2500,3,-1.0000,5.0000,11,11.0000,-2.0000,14.0000,1.0000,-0.7500,,2.2500,,2.2500,,2.2500,,2.2500
2007-01-30,2007,-1,1787.2500,0.5000,1.5000,1.5000,-1.2500,-2.7500,4,-2.0000,4.7500,25,6.0000,0.7500,12.0000,3.0000,-2.0000,,1.5000,,1.5000,,1.5000,,1.5000
2007-02-01,2007,-1,1809.7500,0.5000,-3.0000,-3.0000,-3.0000,-7.2500,23,-6.7500,0.0000,1,27.0000,6.0000,,1.0000,-1.5000,2.0000,-2.0000,13.0000,-3.7500,14.0000,-4.5000,22.0000,-6.7500
2007-02-02,2007,-1,1805.2500,0.5000,6.0000,5.7500,-1.0000,-2.0000,2,-1.0000,7.7500,28,5.0000,0.2500,13.0000,,6.0000,,6.0000,,6.0000,,6.0000,,6.0000
2007-02-06,2007,-1,1806.0000,0.3750,4.2500,4.2500,-1.5000,-3.5000,10,-3.0000,4.2500,30,1.0000,1.5000,5.0000,4.0000,-1.0000,5.0000,-1.5000,9.0000,-2.7500,,4.2500,,4.2500
2007-02-07,2007,1,1812.0000,0.3750,-6.2500,-6.2500,-7.0000,-8.0000,25,-7.5000,0.0000,1,19.0000,6.0000,24.0000,2.0000,-0.7500,4.0000,-2.0000,6.0000,-2.5000,8.0000,-3.7500,12.0000,-4.7500
2007-02-08,2007,-1,1815.0000,0.5000,-1.0000,-0.7500,-0.7500,-3.7500,8,-3.5000,6.2500,14,2.0000,0.2500,3.0000,4.0000,-2.0000,4.0000,-2.0000,8.0000,-3.2500,,-1.0000,,-1.0000
2007-02-09,2007,1,1822.5000,0.2500,-0.5000,-0.5000,0.2500,-2.7500,29,-1.2500,5.5000,5,4.0000,-0.5000,17.0000,28.0000,-1.5000,28.0000,-1.5000,,-0.5000,,-0.5000,,-0.5000
2007-02-12,2007,-1,1791.5000,0.2500,6.7500,6.7500,6.7500,-1.2500,1,-0.7500,7.7500,29,12.0000,-0.5000,,2.0000,-0.7500,,6.7500,,6.7500,,6.7500,,6.7500
2007-02-14,2007,1,1799.5000,0.3750,10.2500,10.5000,10.2500,-0.5000,1,0.0000,10.5000,30,3.0000,0.0000,,,10.2500,,10.2500,,10.2500,,10.2500,,10.2500
2007-02-15,2007,1,1823.7500,0.5000,3.5000,3.5000,-2.0000,-4.2500,10,-4.0000,3.7500,30,4.0000,1.0000,9.0000,1.0000,-1.0000,10.0000,-4.0000,10.0000,-4.0000,,3.5000,,3.5000
2007-02-20,2007,1,1824.0000,0.5000,-7.2500,-7.2500,-5.2500,-7.7500,30,-7.2500,1.5000,2,14.0000,4.5000,22.0000,5.0000,-1.7500,6.0000,-3.7500,6.0000,-3.7500,8.0000,-5.2500,30.0000,-7.2500
2007-02-21,2007,-1,1830.2500,0.5000,-5.5000,-5.2500,-4.0000,-7.0000,29,-6.0000,0.2500,1,16.0000,3.5000,17.0000,1.0000,-1.0000,4.0000,-2.7500,6.0000,-4.5000,6.0000,-4.5000,,-5.5000
2007-02-22,2007,1,1851.5000,0.2500,2.7500,2.7500,2.7500,-2.5000,4,-2.0000,6.0000,21,13.0000,1.0000,,3.0000,-1.5000,3.0000,-1.5000,4.0000,-2.2500,,2.7500,,2.7500
2007-02-23,2007,-1,1849.7500,0.5000,3.7500,3.7500,3.7500,-2.5000,5,-2.0000,5.2500,28,9.0000,1.2500,,5.0000,-1.5000,,3.7500,,3.7500,,3.7500,,3.7500
2007-02-27,2007,1,1806.0000,1.0000,1.7500,1.7500,1.7500,-9.5000,6,-8.5000,4.7500,28,9.0000,5.5000,,4.0000,-4.5000,4.0000,-4.5000,5.0000,-8.2500,5.0000,-8.2500,,1.7500
2007-02-28,2007,1,1762.5000,1.1250,-2.5000,-2.5000,-3.0000,-13.7500,16,-13.0000,5.2500,4,1.0000,2.5000,12.0000,12.0000,-3.0000,14.0000,-10.0000,14.0000,-10.0000,14.0000,-10.0000,,-2.5000
2007-03-01,2007,-1,1725.5000,1.2500,-21.5000,-21.5000,-7.7500,-24.5000,30,-21.5000,5.5000,14,1.0000,7.0000,4.0000,2.0000,-3.5000,4.0000,-7.7500,5.0000,-8.0000,24.0000,-13.5000,28.0000,-16.7500
2007-03-02,2007,1,1749.0000,0.7500,1.2500,1.2500,-1.7500,-3.7500,3,-3.5000,6.5000,10,5.0000,1.7500,28.0000,2.0000,-2.0000,3.0000,-3.5000,,1.2500,,1.2500,,1.2500
2007-03-05,2007,1,1715.7500,1.0000,8.7500,9.0000,8.7500,-2.7500,2,-2.2500,15.5000,27,4.0000,1.2500,,2.0000,-2.0000,,8.7500,,8.7500,,8.7500,,8.7500
2007-03-07,2007,1,1743.2500,0.5000,-4.2500,-4.2500,-1.7500,-5.2500,25,-4.7500,4.7500,15,1.0000,1.2500,23.0000,23.0000,-1.7500,24.0000,-4.0000,24.0000,-4.0000,25.0000,-4.5000,,-4.2500
2007-03-09,2007,-1,1781.7500,0.5000,11.0000,11.2500,11.0000,-1.7500,3,-1.0000,12.2500,30,7.0000,-1.0000,,,11.0000,,11.0000,,11.0000,,11.0000,,11.0000
2007-03-12,2007,1,1765.5000,0.5000,3.2500,3.2500,3.2500,-0.2500,26,0.7500,7.7500,5,2.0000,0.2500,,,3.2500,,3.2500,,3.2500,,3.2500,,3.2500
2007-03-13,2007,1,1769.5000,1.0000,4.7500,4.7500,4.7500,-2.2500,4,-1.2500,9.7500,22,7.0000,0.2500,,,4.7500,,4.7500,,4.7500,,4.7500,,4.7500
2007-03-14,2007,1,1748.5000,0.7500,-6.0000,-6.0000,-1.0000,-7.0000,19,-6.7500,2.2500,8,1.0000,0.7500,3.0000,4.0000,-2.0000,15.0000,-3.2500,18.0000,-5.7500,19.0000,-6.7500,,-6.0000
2007-03-15,2007,1,1763.5000,0.7500,4.5000,4.5000,1.2500,-3.0000,10,-1.0000,6.5000,27,2.0000,-1.5000,8.0000,,4.5000,,4.5000,,4.5000,,4.5000,,4.5000
2007-03-16,2007,-1,1765.5000,1.0000,-0.5000,-0.2500,-2.5000,-3.5000,24,-3.0000,5.0000,4,2.0000,0.2500,22.0000,22.0000,-2.5000,,-0.5000,,-0.5000,,-0.5000,,-0.5000
2007-03-19,2007,1,1773.5000,0.5000,-3.0000,-2.7500,-0.5000,-3.5000,21,-3.2500,1.0000,4,4.0000,0.2500,5.0000,8.0000,-1.2500,20.0000,-3.0000,25.0000,-3.2500,,-3.0000,,-3.0000
2007-03-21,2007,-1,1793.2500,0.5000,10.0000,10.0000,10.0000,-0.2500,1,0.7500,11.0000,30,7.0000,-1.0000,,,10.0000,,10.0000,,10.0000,,10.0000,,10.0000
2007-03-22,2007,-1,1823.5000,0.5000,5.0000,5.0000,5.0000,-1.5000,2,-1.0000,8.5000,28,10.0000,-1.2500,,,5.0000,,5.0000,,5.0000,,5.0000,,5.0000
2007-03-23,2007,1,1819.5000,0.5000,1.0000,0.7500,-0.7500,-3.7500,25,-3.7500,3.5000,6,5.0000,0.2500,8.0000,10.0000,-2.7500,10.0000,-2.7500,25.0000,-3.5000,,1.0000,,1.0000
2007-03-28,2007,1,1800.5000,0.7500,-0.2500,0.0000,-0.2500,-3.0000,4,-2.5000,4.0000,16,12.0000,0.0000,,4.0000,-2.5000,,-0.2500,,-0.2500,,-0.2500,,-0.2500
2007-03-29,2007,1,1800.7500,0.5000,-6.5000,-6.5000,-6.5000,-7.5000,22,-7.2500,0.2500,1,,,,2.0000,-2.5000,2.0000,-2.5000,5.0000,-3.2500,13.0000,-4.5000,21.0000,-7.2500
2007-04-03,2007,-1,1799.5000,0.2500,-8.2500,-8.0000,0.0000,-8.2500,29,-8.0000,2.0000,5,5.0000,0.0000,7.0000,1.0000,-0.7500,16.0000,-2.7500,16.0000,-2.7500,16.0000,-2.7500,20.0000,-3.5000
2007-04-04,2007,-1,1812.5000,0.8750,-0.2500,0.0000,-0.2500,-5.0000,7,-4.5000,1.0000,30,29.0000,3.0000,,5.0000,-3.0000,6.0000,-4.5000,,-0.2500,,-0.2500,,-0.2500
2007-04-09,2007,-1,1832.7500,0.5000,3.7500,3.7500,3.7500,-0.2500,1,0.7500,6.2500,14,3.0000,-0.7500,,,3.7500,,3.7500,,3.7500,,3.7500,,3.7500
2007-04-11,2007,-1,1828.7500,0.2500,5.2500,5.2500,5.2500,0.0000,1,1.0000,6.0000,24,8.0000,-1.7500,,,5.2500,,5.2500,,5.2500,,5.2500,,5.2500
2007-04-12,2007,1,1810.5000,0.5000,-2.0000,-2.2500,-2.0000,-8.2500,14,-7.5000,0.2500,1,16.0000,7.0000,,2.0000,-1.2500,8.0000,-2.2500,11.0000,-3.5000,12.0000,-6.2500,12.0000,-6.2500
2007-04-17,2007,-1,1848.5000,0.5000,1.0000,1.2500,1.0000,-0.5000,5,0.0000,5.7500,20,9.0000,-1.2500,,,1.0000,,1.0000,,1.0000,,1.0000,,1.0000
2007-04-18,2007,1,1842.2500,0.2500,-1.7500,-1.7500,-0.2500,-3.0000,16,-2.7500,2.5000,4,5.0000,-0.7500,7.0000,9.0000,-1.2500,9.0000,-1.2500,15.0000,-2.7500,15.0000,-2.7500,,-1.7500
2007-04-19,2007,-1,1835.7500,0.5000,-4.2500,-4.2500,0.5000,-5.2500,19,-4.5000,4.0000,2,2.0000,-1.2500,5.0000,6.0000,-1.2500,16.0000,-2.5000,18.0000,-3.2500,19.0000,-4.5000,,-4.2500
2007-04-20,2007,1,1866.0000,0.5000,-6.2500,-6.5000,0.5000,-6.5000,30,-6.5000,4.2500,3,2.0000,-0.7500,8.0000,21.0000,-3.2500,21.0000,-3.2500,21.0000,-3.2500,22.0000,-5.0000,30.0000,-6.2500
2007-04-23,2007,1,1861.7500,0.2500,-1.0000,-0.7500,1.0000,-2.2500,2,-1.0000,4.2500,19,10.0000,-1.2500,12.0000,1.0000,-0.7500,,-1.0000,,-1.0000,,-1.0000,,-1.0000
2007-04-24,2007,-1,1867.2500,0.5000,4.5000,4.5000,4.5000,-1.5000,4,-1.2500,5.7500,28,6.0000,0.5000,,3.0000,-1.2500,,4.5000,,4.5000,,4.5000,,4.5000
2007-04-25,2007,-1,1876.2500,0.5000,-0.7500,-0.7500,-0.7500,-2.5000,4,-1.7500,2.7500,28,6.0000,1.5000,,2.0000,-1.0000,,-0.7500,,-0.7500,,-0.7500,,-0.7500
2007-04-26,2007,-1,1900.0000,0.5000,1.7500,2.0000,1.7500,-3.7500,9,-3.2500,3.5000,24,14.0000,1.7500,,1.0000,-1.5000,6.0000,-2.2500,8.0000,-3.2500,,1.7500,,1.7500
2007-04-27,2007,1,1899.0000,0.5000,3.2500,3.2500,-0.7500,-1.2500,6,-0.7500,4.2500,30,1.0000,0.5000,6.0000,,3.2500,,3.2500,,3.2500,,3.2500,,3.2500
2007-04-30,2007,-1,1898.5000,0.5000,2.5000,2.2500,2.5000,-1.7500,1,-0.7500,5.5000,18,8.0000,-0.7500,,,2.5000,,2.5000,,2.5000,,2.5000,,2.5000
2007-05-02,2007,1,1885.7500,0.3750,7.0000,7.0000,7.0000,0.0000,1,1.0000,7.0000,30,1.0000,0.2500,,,7.0000,,7.0000,,7.0000,,7.0000,,7.0000
2007-05-04,2007,-1,1910.5000,0.5000,0.5000,0.5000,-1.5000,-1.7500,28,-1.5000,3.0000,7,1.0000,1.2500,25.0000,25.0000,-1.5000,,0.5000,,0.5000,,0.5000,,0.5000
2007-05-07,2007,-1,1907.2500,0.5000,-1.0000,-1.2500,-1.0000,-4.7500,9,-3.5000,1.7500,1,11.0000,3.5000,,2.0000,-1.2500,3.0000,-2.7500,5.0000,-3.5000,,-1.0000,,-1.0000
2007-05-08,2007,-1,1898.0000,0.3750,0.2500,0.2500,0.2500,-2.7500,10,-2.0000,3.2500,3,,,,8.0000,-1.2500,9.0000,-1.7500,,0.2500,,0.2500,,0.2500
2007-05-10,2007,-1,1905.2500,0.5000,-3.2500,-3.5000,-2.0000,-4.0000,27,-3.5000,2.0000,18,9.0000,1.5000,21.0000,3.0000,-1.2500,4.0000,-2.2500,30.0000,-3.2500,,-3.2500,,-3.2500
2007-05-11,2007,1,1888.5000,0.5000,0.5000,0.7500,2.0000,-1.2500,1,-0.2500,5.0000,16,16.0000,-2.2500,19.0000,,0.5000,,0.5000,,0.5000,,0.5000,,0.5000
2007-05-15,2007,1,1896.7500,0.5000,-2.0000,-1.7500,-2.0000,-9.2500,20,-8.7500,2.0000,2,26.0000,6.2500,,4.0000,-2.5000,4.0000,-2.5000,5.0000,-4.0000,11.0000,-4.2500,14.0000,-6.7500
2007-05-16,2007,1,1888.0000,0.5000,-3.5000,-3.7500,-0.5000,-4.0000,30,-3.7500,2.5000,7,6.0000,0.2500,10.0000,12.0000,-1.2500,30.0000,-3.5000,30.0000,-3.5000,,-3.5000,,-3.5000
2007-05-18,2007,1,1898.2500,0.5000,-1.7500,-1.7500,-1.7500,-6.0000,18,-5.7500,1.0000,2,21.0000,5.0000,,5.0000,-1.7500,9.0000,-2.2500,14.0000,-4.0000,15.0000,-4.5000,,-1.7500
2007-05-22,2007,1,1919.7500,0.2500,-1.7500,-1.7500,-1.2500,-4.7500,19,-4.2500,1.5000,10,1.0000,0.7500,6.0000,2.0000,-0.5000,6.0000,-1.2500,17.0000,-2.7500,17.0000,-2.7500,18.0000,-3.5000
2007-05-23,2007,-1,1925.5000,0.2500,-3.2500,-3.2500,1.5000,-3.7500,30,-3.2500,5.5000,5,5.0000,-1.7500,17.0000,23.0000,-1.2500,23.0000,-1.2500,24.0000,-2.5000,24.0000,-2.5000,30.0000,-3.2500
2007-05-24,2007,-1,1908.0000,0.5000,-7.2500,-7.2500,-1.7500,-8.2500,30,-7.2500,6.7500,7,1.0000,1.2500,18.0000,18.0000,-1.7500,23.0000,-3.0000,27.0000,-3.5000,29.0000,-4.7500,30.0000,-7.2500
2007-05-30,2007,-1,1888.2500,0.5000,-10.2500,-10.2500,-6.5000,-11.7500,27,-10.5000,0.7500,1,7.0000,6.0000,14.0000,1.0000,-2.2500,1.0000,-2.2500,3.0000,-3.2500,4.0000,-6.2500,4.0000,-6.2500
2007-05-31,2007,1,1927.7500,0.2500,3.2500,3.5000,3.2500,-1.5000,2,-1.2500,6.5000,29,6.0000,-0.2500,,2.0000,-1.5000,2.0000,-1.5000,,3.2500,,3.2500,,3.2500
2007-06-01,2007,-1,1937.5000,0.5000,-4.2500,-4.0000,-3.5000,-5.5000,7,-5.0000,0.5000,1,19.0000,3.0000,21.0000,1.0000,-1.5000,2.0000,-2.7500,4.0000,-3.5000,5.0000,-4.5000,,-4.2500
2007-06-04,2007,1,1924.2500,0.5000,6.2500,6.2500,6.2500,-0.2500,1,1.7500,8.7500,20,2.0000,-0.2500,,,6.2500,,6.2500,,6.2500,,6.2500,,6.2500
2007-06-05,2007,-1,1929.2500,0.5000,0.5000,0.5000,-2.7500,-4.5000,28,-3.2500,2.5000,4,4.0000,1.5000,10.0000,1.0000,-2.2500,1.0000,-2.2500,11.0000,-3.2500,,0.5000,,0.5000
2007-06-06,2007,1,1927.5000,0.6250,-4.0000,-4.0000,-4.0000,-8.5000,18,-8.0000,0.0000,1,25.0000,3.5000,30.0000,2.0000,-1.7500,3.0000,-3.7500,4.0000,-4.2500,14.0000,-8.0000,14.0000,-8.0000
2007-06-08,2007,1,1915.2500,0.7500,0.5000,0.2500,-4.5000,-13.0000,10,-12.2500,2.7500,22,1.0000,1.5000,3.0000,3.0000,-4.5000,3.0000,-4.5000,4.0000,-6.0000,5.0000,-6.2500,9.0000,-10.2500
2007-06-11,2007,-1,1931.5000,0.6250,-3.7500,-4.2500,-3.7500,-8.5000,15,-8.2500,1.7500,4,28.0000,6.2500,,8.0000,-2.5000,8.0000,-2.5000,10.0000,-4.0000,12.0000,-5.7500,15.0000,-8.2500
2007-06-12,2007,-1,1917.7500,0.6250,-2.7500,-2.7500,-2.7500,-8.2500,13,-7.7500,0.0000,1,19.0000,6.0000,,2.0000,-4.5000,2.0000,-4.5000,2.0000,-4.5000,10.0000,-6.0000,12.0000,-7.7500
2007-06-13,2007,-1,1922.7500,0.6250,-1.2500,-1.2500,-0.7500,-3.2500,22,-2.7500,2.2500,12,10.0000,0.0000,16.0000,4.0000,-1.7500,26.0000,-2.7500,,-1.2500,,-1.2500,,-1.2500
2007-06-14,2007,-1,1939.7500,0.5000,-11.2500,-11.0000,-11.2500,-13.0000,27,-11.5000,0.2500,1,,,,1.0000,-1.5000,2.0000,-3.2500,2.0000,-3.2500,3.0000,-5.2500,9.0000,-6.5000
2007-06-15,2007,1,1971.5000,0.5000,-6.0000,-5.7500,-6.0000,-7.5000,29,-6.5000,1.5000,3,,,,7.0000,-1.0000,9.0000,-3.0000,10.0000,-4.0000,18.0000,-5.2500,24.0000,-6.2500
2007-06-19,2007,1,1964.0000,0.5000,-2.7500,-2.5000,-2.7500,-5.0000,22,-4.2500,1.2500,5,,,,8.0000,-1.5000,11.0000,-2.2500,19.0000,-3.5000,20.0000,-4.2500,,-2.7500
2007-06-20,2007,-1,1967.2500,0.5000,7.2500,7.5000,-1.2500,-2.0000,9,-1.5000,8.2500,29,1.0000,0.7500,9.0000,9.0000,-1.2500,,7.2500,,7.2500,,7.2500,,7.2500
2007-06-21,2007,1,1947.7500,0.7500,-7.0000,-6.7500,0.2500,-7.7500,26,-6.7500,3.5000,3,2.0000,-0.5000,5.0000,6.0000,-2.7500,9.0000,-4.2500,13.0000,-5.0000,26.0000,-5.7500,,-7.0000
2007-06-22,2007,-1,1958.2500,0.5000,2.0000,2.0000,2.0000,-5.7500,7,-4.7500,3.2500,14,9.0000,4.2500,,2.0000,-2.2500,5.0000,-4.0000,5.0000,-4.0000,6.0000,-4.5000,,2.0000
2007-06-25,2007,1,1948.2500,0.7500,-4.0000,-4.0000,-12.0000,-14.0000,12,-12.0000,0.0000,1,14.0000,11.0000,18.0000,1.0000,-1.5000,4.0000,-4.0000,6.0000,-5.2500,7.0000,-7.0000,11.0000,-11.0000
2007-06-26,2007,-1,1944.7500,0.5000,1.0000,1.0000,-1.2500,-1.5000,29,-1.0000,3.7500,15,1.0000,0.7500,29.0000,,1.0000,,1.0000,,1.0000,,1.0000,,1.0000
2007-06-27,2007,-1,1921.7500,0.8750,-8.2500,-8.2500,-2.2500,-12.7500,25,-12.2500,0.2500,1,1.0000,1.7500,2.0000,2.0000,-2.2500,3.0000,-6.5000,3.0000,-6.5000,4.0000,-7.0000,20.0000,-11.5000
2007-06-28,2007,-1,1953.5000,0.7500,-6.2500,-6.2500,-3.0000,-6.5000,30,-6.2500,1.2500,13,13.0000,0.5000,16.0000,8.0000,-2.2500,23.0000,-3.2500,29.0000,-5.2500,30.0000,-6.2500,,-6.2500
2007-06-29,2007,-1,1962.7500,0.5000,-3.7500,-4.0000,-3.7500,-5.0000,29,-4.7500,1.2500,4,,,,11.0000,-1.5000,17.0000,-2.2500,28.0000,-3.7500,29.0000,-4.5000,,-3.7500
2007-07-02,2007,1,1965.5000,0.5000,5.5000,5.7500,5.5000,-5.2500,8,-5.2500,6.5000,29,18.0000,2.0000,,5.0000,-1.5000,6.0000,-2.7500,9.0000,-4.2500,9.0000,-4.2500,,5.5000
2007-07-03,2007,-1,1975.2500,0.2500,-5.7500,-5.7500,-5.7500,-6.2500,30,-5.7500,1.2500,3,,,,6.0000,-1.0000,7.0000,-1.2500,8.0000,-1.7500,9.0000,-2.2500,11.0000,-3.2500
2007-07-05,2007,-1,1985.7500,0.5000,-3.2500,-3.2500,-3.2500,-6.0000,28,-5.2500,1.5000,2,,,,8.0000,-2.0000,15.0000,-2.7500,19.0000,-3.5000,20.0000,-5.0000,,-3.2500
2007-07-06,2007,-1,2001.0000,0.5000,3.7500,4.0000,3.7500,-0.2500,1,2.2500,8.5000,25,2.0000,0.0000,,,3.7500,,3.7500,,3.7500,,3.7500,,3.7500
2007-07-09,2007,1,2009.7500,0.5000,-2.2500,-2.2500,-2.2500,-4.5000,26,-3.5000,1.0000,4,28.0000,3.5000,,14.0000,-1.7500,16.0000,-2.7500,20.0000,-3.2500,,-2.2500,,-2.2500
2007-07-10,2007,-1,1998.0000,0.7500,-5.0000,-5.0000,-2.2500,-6.7500,24,-6.2500,1.2500,9,9.0000,1.7500,19.0000,2.0000,-1.7500,4.0000,-3.5000,21.0000,-4.7500,24.0000,-6.0000,,-5.0000
2007-07-11,2007,1,1991.2500,0.5000,-4.7500,-4.7500,-3.7500,-7.5000,23,-6.7500,2.5000,2,1.0000,2.5000,20.0000,11.0000,-1.5000,19.0000,-2.5000,20.0000,-3.7500,21.0000,-4.7500,22.0000,-6.5000
2007-07-12,2007,-1,2010.5000,0.5000,-2.7500,-2.7500,-1.5000,-5.0000,28,-4.7500,2.2500,8,5.0000,0.7500,14.0000,2.0000,-2.0000,17.0000,-2.0000,18.0000,-3.2500,28.0000,-4.7500,,-2.7500
2007-07-13,2007,1,2037.7500,0.5000,0.7500,0.5000,-1.7500,-2.5000,25,-2.0000,4.5000,16,8.0000,-0.2500,23.0000,23.0000,-1.7500,,0.7500,,0.7500,,0.7500,,0.7500
2007-07-16,2007,-1,2046.2500,0.5000,-1.5000,-1.2500,-3.0000,-5.0000,14,-4.5000,0.0000,1,5.0000,2.5000,9.0000,1.0000,-1.2500,2.0000,-2.5000,10.0000,-4.0000,10.0000,-4.0000,,-1.5000
2007-07-18,2007,-1,2046.2500,0.6250,-4.5000,-4.5000,-4.2500,-6.5000,30,-5.5000,1.2500,4,19.0000,4.2500,28.0000,6.0000,-1.5000,9.0000,-2.7500,15.0000,-4.0000,16.0000,-5.5000,,-4.5000
2007-07-19,2007,1,2070.0000,0.5000,-2.5000,-2.7500,-2.5000,-3.5000,15,-3.5000,1.0000,4,21.0000,1.7500,29.0000,11.0000,-1.5000,14.0000,-2.5000,15.0000,-3.2500,,-2.5000,,-2.5000
2007-07-20,2007,1,2062.2500,0.6250,-10.5000,-10.5000,-1.5000,-11.0000,26,-10.7500,3.2500,3,3.0000,-0.5000,12.0000,12.0000,-1.5000,21.0000,-3.5000,22.0000,-5.5000,22.0000,-5.5000,24.0000,-8.0000
2007-07-23,2007,1,2059.5000,0.5000,-3.2500,-3.2500,-3.7500,-7.0000,15,-6.5000,0.5000,1,8.0000,3.2500,11.0000,2.0000,-1.2500,3.0000,-2.5000,5.0000,-3.5000,13.0000,-6.0000,14.0000,-6.7500
2007-07-24,2007,-1,2037.2500,0.7500,-3.5000,-3.5000,-1.7500,-4.2500,29,-4.0000,2.7500,9,1.0000,0.7500,3.0000,4.0000,-2.2500,19.0000,-4.0000,,-3.5000,,-3.5000,,-3.5000
2007-07-25,2007,-1,2031.0000,0.5000,-0.7500,-0.7500,-0.7500,-5.0000,20,-3.7500,3.2500,5,3.0000,0.0000,9.0000,17.0000,-1.2500,20.0000,-3.5000,20.0000,-3.5000,,-0.7500,,-0.7500
2007-07-26,2007,1,2012.7500,1.1250,2.5000,2.5000,2.5000,-6.7500,9,-6.2500,6.0000,24,12.0000,3.5000,,3.0000,-3.0000,9.0000,-6.0000,,2.5000,,2.5000,,2.5000
2007-07-27,2007,-1,1998.2500,1.3750,-1.2500,-1.5000,-0.5000,-7.5000,25,-6.7500,11.7500,11,8.0000,-0.5000,17.0000,2.0000,-3.5000,23.0000,-6.5000,,-1.2500,,-1.2500,,-1.2500
2007-07-30,2007,1,1977.5000,0.7500,-0.5000,-0.5000,-1.0000,-9.7500,10,-9.0000,4.7500,26,1.0000,0.7500,2.0000,3.0000,-4.5000,3.0000,-4.5000,7.0000,-5.0000,9.0000,-9.0000,,-0.5000
2007-07-31,2007,-1,2003.5000,1.0000,-2.0000,-2.0000,-0.2500,-2.7500,28,-2.0000,5.5000,19,3.0000,-0.2500,8.0000,,-2.0000,,-2.0000,,-2.0000,,-2.0000,,-2.0000
2007-08-01,2007,1,1949.0000,1.0000,-6.7500,-6.7500,-7.0000,-23.0000,17,-21.5000,8.5000,1,1.0000,4.0000,9.0000,7.0000,-2.7500,9.0000,-7.0000,9.0000,-7.0000,10.0000,-9.0000,11.0000,-14.0000
2007-08-02,2007,-1,1961.5000,0.7500,-4.0000,-4.2500,-4.0000,-11.2500,10,-10.5000,0.5000,1,13.0000,7.7500,,1.0000,-4.5000,1.0000,-4.5000,2.0000,-5.7500,3.0000,-7.5000,9.0000,-9.5000
2007-08-03,2007,-1,1973.5000,0.7500,8.7500,9.0000,8.7500,-3.5000,7,-3.2500,11.0000,29,10.0000,2.0000,,6.0000,-2.5000,7.0000,-3.5000,,8.7500,,8.7500,,8.7500
2007-08-06,2007,1,1943.7500,0.5000,-4.2500,-4.2500,-4.2500,-17.7500,19,-16.7500,3.2500,1,24.0000,12.5000,,5.0000,-2.5000,5.0000,-2.5000,7.0000,-4.7500,7.0000,-4.7500,12.0000,-7.0000
2007-08-07,2007,-1,1954.0000,0.6250,-10.7500,-10.7500,-10.7500,-11.7500,30,-10.7500,1.2500,1,,,,2.0000,-2.0000,5.0000,-2.7500,6.0000,-4.7500,9.0000,-5.2500,23.0000,-9.0000
2007-08-08,2007,1,1986.2500,0.8750,2.0000,2.0000,0.5000,-2.2500,4,-1.0000,4.0000,20,11.0000,-1.0000,21.0000,,2.0000,,2.0000,,2.0000,,2.0000,,2.0000
2007-08-09,2007,1,1971.0000,2.0000,15.7500,15.7500,15.7500,-2.2500,2,-1.7500,17.2500,29,4.0000,0.5000,,,15.7500,,15.7500,,15.7500,,15.7500,,15.7500
2007-08-10,2007,-1,1925.0000,1.6250,-4.2500,-4.2500,-6.2500,-9.2500,21,-9.0000,2.2500,10,8.0000,5.0000,17.0000,1.0000,-4.0000,5.0000,-7.2500,,-4.2500,,-4.2500,,-4.2500
2007-08-13,2007,1,1950.7500,1.0000,-2.0000,-2.0000,-3.2500,-7.5000,27,-6.2500,0.2500,6,5.0000,2.5000,11.0000,2.0000,-2.7500,19.0000,-5.2500,26.0000,-6.0000,,-2.0000,,-2.0000
2007-08-14,2007,1,1949.0000,1.0000,-2.7500,-2.7500,-4.0000,-6.0000,4,-5.0000,2.7500,11,8.0000,3.7500,16.0000,2.0000,-3.0000,3.0000,-4.2500,,-2.7500,,-2.7500,,-2.7500
2007-08-15,2007,1,1907.0000,1.0000,5.7500,6.0000,5.7500,-4.2500,9,-3.5000,15.0000,24,13.0000,-0.5000,,7.0000,-2.0000,,5.7500,,5.7500,,5.7500,,5.7500
2007-08-16,2007,-1,1861.2500,1.1250,5.0000,5.0000,5.0000,-14.0000,14,-11.2500,6.2500,30,16.0000,10.7500,,3.0000,-4.0000,7.0000,-4.7500,12.0000,-10.2500,12.0000,-10.2500,,5.0000
2007-08-17,2007,-1,1887.2500,2.5000,10.0000,10.0000,10.0000,-15.2500,8,-14.2500,12.7500,30,10.0000,13.0000,,4.0000,-8.2500,6.0000,-11.2500,,10.0000,,10.0000,,10.0000
2007-08-20,2007,-1,1897.7500,0.6250,1.7500,1.2500,-1.5000,-2.5000,29,-1.5000,7.0000,17,5.0000,-0.2500,28.0000,28.0000,-1.5000,,1.7500,,1.7500,,1.7500,,1.7500
2007-08-21,2007,-1,1894.2500,1.5000,-9.0000,-9.0000,-10.5000,-13.0000,24,-11.7500,0.0000,1,15.0000,9.7500,23.0000,1.0000,-3.0000,7.0000,-6.5000,12.0000,-9.7500,,-9.0000,,-9.0000
2007-08-22,2007,1,1935.5000,0.7500,0.7500,1.0000,0.0000,-1.2500,1,-0.2500,5.5000,4,4.0000,-0.5000,18.0000,,0.7500,,0.7500,,0.7500,,0.7500,,0.7500
2007-08-23,2007,1,1952.2500,0.7500,-8.0000,-8.0000,-8.0000,-11.2500,24,-10.0000,0.2500,1,27.0000,8.7500,,1.0000,-1.7500,2.0000,-4.2500,5.0000,-6.2500,5.0000,-6.2500,22.0000,-10.0000
2007-08-24,2007,-1,1934.5000,0.7500,-6.5000,-6.5000,-6.5000,-9.7500,29,-8.5000,3.5000,7,,,,14.0000,-2.2500,20.0000,-3.5000,28.0000,-6.0000,29.0000,-8.7500,,-6.5000
2007-08-28,2007,1,1942.2500,0.5000,-1.5000,-1.2500,-1.5000,-5.2500,26,-4.5000,3.7500,5,29.0000,3.2500,,15.0000,-1.5000,21.0000,-3.5000,21.0000,-3.5000,26.0000,-4.7500,,-1.5000
2007-08-29,2007,1,1919.7500,0.5000,0.5000,0.5000,0.2500,-1.2500,1,-1.0000,5.0000,3,2.0000,-0.7500,22.0000,,0.5000,,0.5000,,0.5000,,0.5000,,0.5000
2007-08-30,2007,-1,1948.0000,0.7500,-15.5000,-15.2500,-15.5000,-19.5000,25,-18.7500,0.5000,2,,,,2.0000,-2.5000,6.0000,-3.7500,7.0000,-4.7500,11.0000,-6.2500,15.0000,-10.7500
2007-08-31,2007,-1,1992.5000,0.7500,8.0000,8.2500,8.0000,-0.7500,28,0.7500,9.0000,30,3.0000,-1.2500,,,8.0000,,8.0000,,8.0000,,8.0000,,8.0000
2007-09-04,2007,1,1996.7500,0.5000,16.0000,16.2500,16.0000,-0.7500,1,0.7500,16.5000,29,4.0000,-1.0000,,,16.0000,,16.0000,,16.0000,,16.0000,,16.0000
2007-09-05,2007,-1,2017.7500,0.7500,6.0000,6.2500,0.5000,-5.0000,16,-4.0000,6.7500,30,10.0000,-0.7500,12.0000,15.0000,-3.5000,15.0000,-3.5000,,6.0000,,6.0000,,6.0000
2007-09-06,2007,1,2010.0000,1.0000,-12.7500,-12.7500,-9.5000,-14.5000,29,-13.2500,0.0000,1,12.0000,7.2500,14.0000,2.0000,-2.2500,6.0000,-5.5000,8.0000,-7.2500,14.0000,-9.5000,22.0000,-12.2500
2007-09-07,2007,-1,1970.7500,1.5000,-5.0000,-5.0000,-5.0000,-9.0000,23,-8.5000,0.5000,1,1.0000,3.5000,4.0000,2.0000,-3.5000,18.0000,-7.2500,,-5.0000,,-5.0000,,-5.0000
2007-09-10,2007,1,1982.7500,1.0000,-14.7500,-14.7500,-0.7500,-15.5000,29,-14.7500,3.2500,2,2.0000,-0.7500,3.0000,5.0000,-3.0000,10.0000,-4.5000,12.0000,-6.5000,14.0000,-8.2500,26.0000,-12.5000
2007-09-11,2007,1,1976.7500,0.7500,1.5000,1.5000,1.5000,-4.5000,5,-3.7500,3.5000,29,12.0000,1.7500,,5.0000,-3.7500,5.0000,-3.7500,,1.5000,,1.5000,,1.5000
2007-09-12,2007,1,1988.5000,0.7500,7.2500,7.2500,7.2500,-2.7500,4,-1.5000,9.5000,28,13.0000,-3.0000,,,7.2500,,7.2500,,7.2500,,7.2500,,7.2500
2007-09-14,2007,1,2009.5000,0.7500,8.7500,8.7500,8.7500,-2.7500,4,-2.0000,10.0000,29,6.0000,2.0000,,3.0000,-2.0000,,8.7500,,8.7500,,8.7500,,8.7500
2007-09-18,2007,-1,2020.2500,0.5000,7.2500,7.2500,7.2500,-1.0000,3,-0.7500,9.7500,19,6.0000,-0.7500,,,7.2500,,7.2500,,7.2500,,7.2500,,7.2500
2007-09-19,2007,1,2071.5000,0.5000,-1.5000,-1.2500,-1.2500,-3.5000,8,-2.2500,2.5000,14,14.0000,0.7500,29.0000,5.0000,-1.5000,7.0000,-2.2500,,-1.5000,,-1.5000,,-1.5000
2007-09-20,2007,1,2060.5000,0.7500,1.0000,1.0000,1.0000,-5.0000,10,-4.7500,3.5000,22,15.0000,3.5000,,9.0000,-3.5000,9.0000,-3.5000,10.0000,-4.5000,,1.0000,,1.0000
2007-09-21,2007,-1,2065.0000,0.6250,-3.0000,-3.2500,-3.0000,-6.2500,8,-6.0000,0.5000,1,11.0000,5.2500,,2.0000,-1.7500,4.0000,-2.7500,5.0000,-4.0000,6.0000,-5.2500,,-3.0000
2007-09-24,2007,1,2079.2500,0.3750,-2.0000,-2.2500,-2.2500,-5.2500,24,-5.0000,1.7500,16,1.0000,2.0000,7.0000,1.0000,-1.0000,6.0000,-1.5000,22.0000,-4.0000,22.0000,-4.0000,24.0000,-4.7500
2007-09-25,2007,-1,2072.5000,0.6250,-5.2500,-5.5000,-1.7500,-7.5000,20,-6.5000,1.2500,2,11.0000,1.2500,14.0000,5.0000,-1.2500,16.0000,-5.7500,16.0000,-5.7500,16.0000,-5.7500,,-5.2500
2007-09-26,2007,-1,2110.0000,0.5000,2.2500,2.2500,-0.7500,-2.0000,7,-1.2500,5.5000,18,3.0000,-0.7500,6.0000,7.0000,-1.2500,,2.2500,,2.2500,,2.2500,,2.2500
2007-09-27,2007,-1,2119.5000,0.5000,4.0000,4.0000,-1.7500,-2.7500,6,-1.7500,6.5000,28,1.0000,1.2500,6.0000,6.0000,-1.7500,,4.0000,,4.0000,,4.0000,,4.0000
2007-09-28,2007,-1,2118.5000,0.3750,-4.2500,-4.2500,-4.2500,-5.5000,16,-5.2500,1.0000,1,,,,4.0000,-2.0000,4.0000,-2.0000,12.0000,-3.2500,12.0000,-3.2500,15.0000,-4.7500
2007-10-01,2007,1,2117.2500,0.5000,3.7500,3.7500,3.7500,-1.0000,2,-0.2500,5.7500,29,5.0000,-0.2500,,,3.7500,,3.7500,,3.7500,,3.7500,,3.7500
2007-10-02,2007,-1,2135.0000,0.5000,3.0000,2.5000,3.0000,-3.7500,6,-3.5000,5.0000,28,9.0000,2.2500,,4.0000,-1.5000,5.0000,-2.5000,6.0000,-3.5000,,3.0000,,3.0000
2007-10-03,2007,-1,2129.0000,0.5000,3.5000,3.5000,3.5000,-2.2500,4,-1.7500,7.2500,25,12.0000,-1.5000,,4.0000,-1.7500,,3.5000,,3.5000,,3.5000,,3.5000
2007-10-04,2007,-1,2124.5000,0.5000,12.0000,11.7500,12.0000,0.0000,1,3.5000,16.0000,24,1.0000,0.7500,,,12.0000,,12.0000,,12.0000,,12.0000,,12.0000
2007-10-05,2007,1,2142.5000,0.8750,-1.2500,-1.2500,0.0000,-4.5000,19,-4.0000,3.5000,8,2.0000,-0.2500,11.0000,14.0000,-3.5000,14.0000,-3.5000,,-1.2500,,-1.2500,,-1.2500
2007-10-09,2007,1,2188.2500,0.5000,-3.7500,-3.7500,-2.7500,-4.0000,30,-3.7500,1.5000,8,6.0000,2.0000,21.0000,1.0000,-1.2500,2.0000,-2.7500,30.0000,-3.7500,,-3.7500,,-3.7500
2007-10-10,2007,-1,2190.2500,0.5000,1.0000,1.0000,-0.5000,-1.0000,4,-0.7500,2.7500,15,10.0000,-0.2500,16.0000,,1.0000,,1.0000,,1.0000,,1.0000,,1.0000
2007-10-11,2007,1,2208.5000,0.6250,1.2500,1.2500,1.2500,-5.0000,16,-4.7500,2.5000,28,18.0000,4.0000,,2.0000,-1.7500,4.0000,-3.0000,14.0000,-4.7500,,1.2500,,1.2500
2007-10-12,2007,-1,2168.2500,0.6250,-7.7500,-7.7500,-2.2500,-11.7500,27,-11.0000,1.5000,6,4.0000,0.7500,8.0000,1.0000,-2.0000,9.0000,-3.7500,10.0000,-4.5000,13.0000,-5.7500,18.0000,-9.5000
2007-10-15,2007,1,2199.7500,0.5000,-4.7500,-4.7500,-0.7500,-7.2500,15,-6.5000,4.2500,3,2.0000,-0.2500,11.0000,13.0000,-2.2500,13.0000,-2.2500,14.0000,-5.2500,14.0000,-5.2500,15.0000,-6.5000
2007-10-16,2007,-1,2167.0000,0.6250,-4.0000,-4.0000,0.0000,-5.5000,27,-5.5000,5.5000,17,12.0000,-0.2500,20.0000,4.0000,-1.2500,23.0000,-3.0000,24.0000,-3.7500,27.0000,-5.0000,,-4.0000
2007-10-17,2007,-1,2196.5000,1.0000,3.7500,3.7500,3.7500,-1.2500,1,-1.0000,5.7500,23,1.0000,1.7500,,,3.7500,,3.7500,,3.7500,,3.7500,,3.7500
2007-10-18,2007,1,2189.5000,0.5000,-9.5000,-9.5000,-1.0000,-9.5000,30,-9.5000,2.5000,8,1.0000,0.5000,3.0000,3.0000,-1.0000,18.0000,-3.5000,18.0000,-3.5000,20.0000,-8.0000,20.0000,-8.0000
2007-10-19,2007,-1,2202.5000,0.8750,13.7500,13.7500,13.7500,-1.2500,3,-0.7500,14.0000,30,1.0000,0.7500,,,13.7500,,13.7500,,13.7500,,13.7500,,13.7500
2007-10-22,2007,-1,2132.2500,1.0000,-25.5000,-25.7500,-22.0000,-29.2500,23,-28.7500,0.2500,1,15.0000,20.2500,17.0000,1.0000,-7.2500,1.0000,-7.2500,1.0000,-7.2500,2.0000,-8.7500,7.0000,-12.2500
2007-10-23,2007,1,2199.5000,0.7500,-2.2500,-2.5000,-2.2500,-9.7500,18,-8.5000,0.2500,1,20.0000,7.7500,,2.0000,-1.5000,3.0000,-3.5000,5.0000,-5.0000,13.0000,-6.2500,,-2.2500
2007-10-24,2007,-1,2195.5000,0.7500,-0.7500,-1.0000,-5.0000,-13.7500,21,-12.7500,1.0000,1,1.0000,3.2500,3.0000,2.0000,-1.7500,3.0000,-5.0000,3.0000,-5.0000,7.0000,-6.5000,15.0000,-11.2500
2007-10-25,2007,-1,2199.0000,1.0000,8.2500,8.2500,8.2500,-2.0000,1,-0.2500,16.7500,26,1.0000,2.7500,,,8.2500,,8.2500,,8.2500,,8.2500,,8.2500
2007-10-26,2007,1,2215.7500,1.0000,-24.2500,-24.2500,-13.0000,-24.7500,30,-24.2500,0.5000,1,18.0000,12.7500,19.0000,2.0000,-2.2500,5.0000,-6.5000,5.0000,-6.5000,7.0000,-8.2500,12.0000,-12.2500
2007-10-29,2007,1,2218.2500,0.5000,-5.0000,-4.7500,-5.0000,-5.7500,29,-5.7500,3.7500,2,,,,26.0000,-1.2500,28.0000,-2.7500,29.0000,-5.5000,29.0000,-5.5000,,-5.0000
2007-10-30,2007,1,2211.0000,0.5000,0.7500,0.5000,0.7500,-4.2500,2,-3.2500,5.2500,19,7.0000,1.5000,,1.0000,-3.5000,1.0000,-3.5000,1.0000,-3.5000,,0.7500,,0.7500
2007-10-31,2007,-1,2224.5000,0.5000,-3.7500,-3.7500,-1.2500,-4.2500,28,-3.7500,4.0000,10,9.0000,1.0000,16.0000,4.0000,-1.2500,6.0000,-1.7500,30.0000,-3.7500,,-3.7500,,-3.7500
2007-11-01,2007,1,2238.0000,0.5000,-6.2500,-6.5000,-11.0000,-12.5000,7,-12.5000,2.0000,2,9.0000,9.2500,13.0000,1.0000,-1.7500,4.0000,-2.5000,5.0000,-7.0000,5.0000,-7.0000,5.0000,-7.0000
2007-11-02,2007,-1,2222.2500,1.0000,17.5000,17.5000,-0.2500,-1.5000,12,-0.2500,25.7500,23,3.0000,-2.2500,9.0000,,17.5000,,17.5000,,17.5000,,17.5000,,17.5000
2007-11-05,2007,-1,2195.5000,0.7500,-20.0000,-20.2500,-20.0000,-21.0000,30,-20.2500,2.5000,1,,,,2.0000,-4.2500,2.0000,-4.2500,4.0000,-7.5000,4.0000,-7.5000,23.0000,-12.5000
2007-11-06,2007,-1,2222.5000,0.7500,0.5000,0.7500,1.5000,-1.0000,2,-0.5000,5.5000,22,5.0000,-1.7500,9.0000,,0.5000,,0.5000,,0.5000,,0.5000,,0.5000
2007-11-07,2007,-1,2217.2500,1.0000,-3.5000,-3.7500,-3.5000,-7.0000,18,-5.7500,3.0000,11,,,,12.0000,-3.0000,16.0000,-5.0000,,-3.5000,,-3.5000,,-3.5000
2007-11-08,2007,-1,2171.7500,1.0000,16.7500,16.5000,16.7500,-7.2500,3,-7.0000,22.7500,16,6.0000,3.7500,,2.0000,-5.5000,2.0000,-5.5000,3.0000,-6.7500,,16.7500,,16.7500
2007-11-09,2007,-1,2072.0000,1.0000,0.5000,0.7500,-3.2500,-5.0000,17,-3.2500,18.0000,7,5.0000,0.0000,17.0000,17.0000,-3.2500,,0.5000,,0.5000,,0.5000,,0.5000
2007-11-12,2007,-1,2035.5000,1.0000,-1.2500,-1.2500,-1.2500,-16.2500,9,-15.7500,9.5000,3,2.0000,-1.5000,5.0000,6.0000,-6.2500,6.0000,-6.2500,6.0000,-6.2500,8.0000,-13.5000,8.0000,-13.5000
2007-11-13,2007,1,2019.2500,1.0000,5.5000,5.5000,0.2500,-0.7500,23,-0.5000,9.0000,10,3.0000,-0.5000,19.0000,,5.5000,,5.5000,,5.5000,,5.5000,,5.5000
2007-11-14,2007,-1,2097.0000,1.5000,12.5000,12.5000,12.5000,-0.5000,1,1.5000,23.0000,21,2.0000,-0.2500,,,12.5000,,12.5000,,12.5000,,12.5000,,12.5000
2007-11-15,2007,1,2050.5000,1.0000,-1.5000,-1.2500,-5.2500,-8.7500,6,-5.5000,6.2500,11,8.0000,3.5000,17.0000,2.0000,-4.0000,4.0000,-5.5000,,-1.5000,,-1.5000,,-1.5000
2007-11-16,2007,-1,2045.5000,1.5000,26.5000,26.2500,26.5000,-1.2500,1,-0.2500,26.5000,30,3.0000,-1.5000,,,26.5000,,26.5000,,26.5000,,26.5000,,26.5000
2007-11-19,2007,-1,2046.0000,0.7500,-5.5000,-5.2500,0.2500,-12.5000,16,-11.5000,5.2500,4,2.0000,-1.0000,6.0000,11.0000,-4.7500,11.0000,-4.7500,13.0000,-7.5000,13.0000,-7.5000,15.0000,-11.5000
2007-11-20,2007,1,2040.7500,1.0000,16.5000,16.5000,16.5000,-2.0000,1,2.0000,17.5000,30,1.0000,2.2500,,,16.5000,,16.5000,,16.5000,,16.5000,,16.5000
2007-11-21,2007,-1,2013.5000,0.5000,-6.2500,-6.7500,-2.7500,-11.0000,28,-10.0000,1.5000,1,6.0000,1.7500,9.0000,2.0000,-2.2500,2.0000,-2.2500,4.0000,-4.7500,4.0000,-4.7500,13.0000,-6.0000
2007-11-23,2007,1,2025.2500,0.8750,-8.0000,-8.2500,-9.0000,-12.5000,21,-11.2500,0.2500,1,17.0000,8.7500,19.0000,2.0000,-2.0000,10.0000,-5.0000,12.0000,-6.5000,14.0000,-9.0000,20.0000,-11.2500
2007-11-26,2007,-1,2036.0000,0.6250,-14.5000,-14.2500,0.5000,-17.7500,28,-17.2500,4.0000,3,2.0000,-1.0000,3.0000,5.0000,-3.5000,5.0000,-3.5000,6.0000,-7.0000,6.0000,-7.0000,8.0000,-8.0000
2007-11-27,2007,-1,2011.2500,0.7500,-8.0000,-8.0000,-2.5000,-16.2500,5,-13.5000,2.2500,1,1.0000,2.7500,2.0000,2.0000,-2.5000,3.0000,-8.0000,3.0000,-8.0000,3.0000,-8.0000,4.0000,-11.7500
2007-11-28,2007,1,2065.0000,0.8750,4.0000,3.7500,4.0000,-3.7500,11,-3.0000,7.5000,19,15.0000,1.0000,,1.0000,-2.0000,,4.0000,,4.0000,,4.0000,,4.0000
2007-11-29,2007,1,2090.2500,0.7500,4.2500,4.2500,3.0000,-1.0000,2,0.2500,16.2500,12,4.0000,-3.0000,27.0000,,4.2500,,4.2500,,4.2500,,4.2500,,4.2500
2007-11-30,2007,-1,2125.2500,1.0000,4.2500,4.0000,4.2500,-3.5000,9,-3.0000,10.2500,23,12.0000,1.5000,,3.0000,-3.0000,,4.2500,,4.2500,,4.2500,,4.2500
2007-12-03,2007,1,2088.7500,1.0000,-0.2500,0.2500,1.0000,-5.5000,10,-4.0000,4.2500,22,22.0000,-2.0000,25.0000,9.0000,-3.7500,,-0.2500,,-0.2500,,-0.2500,,-0.2500
2007-12-04,2007,-1,2053.2500,1.0000,-15.0000,-15.0000,-10.5000,-16.2500,29,-15.2500,0.2500,1,22.0000,8.2500,24.0000,1.0000,-4.2500,1.0000,-4.2500,7.0000,-6.5000,8.0000,-9.0000,27.0000,-14.5000
2007-12-05,2007,-1,2084.7500,0.7500,-5.5000,-5.2500,-4.7500,-6.2500,10,-5.5000,1.7500,3,12.0000,4.2500,23.0000,7.0000,-2.0000,8.0000,-3.5000,9.0000,-5.5000,,-5.5000,,-5.5000
2007-12-06,2007,1,2102.0000,0.8750,11.5000,12.0000,11.5000,-0.2500,1,1.0000,13.5000,24,3.0000,-1.2500,,,11.5000,,11.5000,,11.5000,,11.5000,,11.5000
2007-12-07,2007,-1,2129.0000,0.7500,2.2500,2.0000,1.7500,-0.5000,1,1.7500,8.7500,21,3.0000,-2.5000,8.0000,,2.2500,,2.2500,,2.2500,,2.2500,,2.2500
2007-12-10,2007,-1,2132.7500,0.8750,-1.0000,-1.0000,-1.0000,-5.5000,14,-3.7500,3.0000,23,18.0000,1.5000,,11.0000,-3.5000,11.0000,-3.5000,,-1.0000,,-1.0000,,-1.0000
2007-12-11,2007,1,2142.5000,0.3750,-0.5000,-0.5000,-0.5000,-3.0000,6,-2.7500,2.0000,20,9.0000,1.7500,,4.0000,-2.0000,4.0000,-2.0000,5.0000,-2.7500,,-0.5000,,-0.5000
2007-12-12,2007,1,2128.2500,1.7500,-7.2500,-7.2500,-0.5000,-7.7500,30,-7.2500,5.0000,3,4.0000,-1.5000,6.0000,9.0000,-3.7500,30.0000,-7.2500,,-7.2500,,-7.2500,,-7.2500
2007-12-14,2007,1,2101.5000,1.0000,3.7500,3.7500,1.5000,-2.2500,4,-1.5000,6.5000,14,13.0000,-2.0000,27.0000,,3.7500,,3.7500,,3.7500,,3.7500,,3.7500
2007-12-17,2007,-1,2087.7500,0.5000,5.7500,6.0000,-0.7500,-5.0000,9,-5.0000,7.0000,30,15.0000,-0.7500,17.0000,5.0000,-2.7500,5.0000,-2.7500,9.0000,-4.7500,9.0000,-4.7500,,5.7500
2007-12-18,2007,-1,2063.0000,1.1250,6.2500,6.2500,6.2500,-0.7500,3,-0.2500,11.0000,16,4.0000,-1.0000,,,6.2500,,6.2500,,6.2500,,6.2500,,6.2500
2007-12-19,2007,1,2054.5000,0.7500,2.0000,2.0000,2.0000,-9.2500,5,-8.0000,6.0000,19,7.0000,6.7500,,2.0000,-4.2500,2.0000,-4.2500,3.0000,-7.5000,3.0000,-7.5000,,2.0000
2007-12-20,2007,-1,2074.0000,1.0000,8.7500,8.7500,8.7500,-5.0000,9,-3.5000,8.7500,30,11.0000,2.5000,,6.0000,-3.2500,,8.7500,,8.7500,,8.7500,,8.7500
2007-12-21,2007,-1,2121.5000,0.7500,1.5000,1.2500,-0.5000,-3.2500,16,-2.5000,4.7500,4,2.0000,0.0000,12.0000,15.0000,-2.5000,,1.5000,,1.5000,,1.5000,,1.5000
2007-12-26,2007,-1,2140.5000,0.5000,-0.7500,-0.7500,-0.7500,-4.5000,11,-4.5000,2.2500,23,15.0000,3.7500,,1.0000,-2.0000,1.0000,-2.0000,10.0000,-3.5000,11.0000,-4.2500,,-0.7500
2007-12-28,2007,1,2140.7500,0.7500,-9.7500,-10.0000,-9.7500,-10.0000,30,-10.0000,1.0000,1,,,,3.0000,-4.5000,3.0000,-4.5000,3.0000,-4.5000,28.0000,-7.0000,30.0000,-9.7500
2008-01-02,2008,1,2107.7500,0.7500,-7.7500,-7.7500,-0.7500,-9.5000,29,-8.7500,5.0000,11,3.0000,-0.2500,4.0000,28.0000,-5.0000,28.0000,-5.0000,28.0000,-5.0000,29.0000,-9.0000,,-7.7500
2008-01-04,2008,1,2041.0000,1.2500,-5.7500,-5.7500,-5.7500,-10.0000,5,-9.2500,0.2500,1,,,,2.0000,-4.2500,3.0000,-7.7500,4.0000,-9.2500,,-5.7500,,-5.7500
2008-01-07,2008,1,1988.0000,0.7500,-4.7500,-4.7500,-4.0000,-11.7500,7,-10.2500,2.2500,13,1.0000,0.7500,3.0000,3.0000,-4.0000,3.0000,-4.0000,4.0000,-7.5000,4.0000,-7.5000,6.0000,-10.2500
2008-01-08,2008,1,1981.7500,1.0000,3.2500,3.2500,3.2500,-6.2500,6,-5.2500,4.2500,29,8.0000,4.7500,,1.0000,-2.2500,5.0000,-5.2500,,3.2500,,3.2500,,3.2500
2008-01-09,2008,1,1927.5000,1.5000,18.7500,19.0000,18.7500,-6.7500,4,-6.2500,20.5000,29,7.0000,3.7500,,3.0000,-4.0000,4.0000,-6.2500,,18.7500,,18.7500,,18.7500
2008-01-10,2008,-1,1940.0000,1.2500,-5.0000,-4.7500,-4.2500,-9.7500,16,-9.0000,2.2500,1,8.0000,4.5000,12.0000,4.0000,-3.7500,13.0000,-6.2500,16.0000,-9.0000,,-5.0000,,-5.0000
2008-01-11,2008,-1,1950.2500,1.0000,4.2500,4.5000,-0.7500,-5.0000,18,-4.0000,7.5000,29,4.0000,0.2500,7.0000,10.0000,-2.7500,,4.2500,,4.2500,,4.2500,,4.2500
2008-01-14,2008,-1,1950.7500,0.8750,10.7500,10.7500,10.7500,-0.5000,1,2.2500,14.7500,9,1.0000,1.2500,,,10.7500,,10.7500,,10.7500,,10.7500,,10.7500
2008-01-16,2008,1,1894.5000,1.7500,-5.5000,-5.5000,-3.5000,-7.5000,28,-6.7500,13.7500,11,1.0000,2.7500,24.0000,25.0000,-4.0000,,-5.5000,,-5.5000,,-5.5000,,-5.5000
2008-01-17,2008,-1,1895.5000,1.2500,0.7500,0.5000,0.7500,-9.5000,20,-9.0000,3.0000,2,28.0000,6.5000,,11.0000,-4.5000,15.0000,-6.2500,19.0000,-8.0000,,0.7500,,0.7500
2008-01-18,2008,-1,1859.5000,1.2500,-7.7500,-7.7500,-6.7500,-15.7500,4,-14.5000,2.2500,1,1.0000,4.7500,2.0000,2.0000,-6.7500,2.0000,-6.7500,3.0000,-9.2500,4.0000,-12.7500,,-7.7500
2008-01-22,2008,-1,1754.0000,3.7500,-42.7500,-42.5000,-42.7500,-52.0000,20,-47.2500,1.0000,1,22.0000,45.0000,,3.0000,-14.5000,4.0000,-18.7500,5.0000,-23.0000,9.0000,-32.5000,19.0000,-46.5000
2008-01-23,2008,1,1744.7500,2.5000,10.2500,10.5000,-3.7500,-4.5000,13,-3.5000,14.2500,28,1.0000,2.7500,13.0000,,10.2500,,10.2500,,10.2500,,10.2500,,10.2500
2008-01-24,2008,-1,1805.5000,1.5000,-23.5000,-23.5000,-23.5000,-26.7500,23,-25.7500,3.0000,4,,,,9.0000,-7.2500,9.0000,-7.2500,12.0000,-11.0000,15.0000,-12.0000,19.0000,-20.5000
2008-01-25,2008,-1,1868.5000,1.2500,22.7500,22.7500,22.7500,-1.2500,1,0.2500,24.5000,30,3.0000,-0.5000,,,22.7500,,22.7500,,22.7500,,22.7500,,22.7500
2008-01-28,2008,-1,1794.5000,1.0000,8.5000,8.5000,-2.5000,-3.7500,19,-2.2500,15.5000,9,1.0000,1.7500,19.0000,19.0000,-2.5000,,8.5000,,8.5000,,8.5000,,8.5000
2008-01-29,2008,-1,1817.7500,1.0000,16.0000,15.7500,16.0000,-5.5000,7,-4.7500,20.2500,30,11.0000,2.7500,,6.0000,-4.2500,7.0000,-4.7500,,16.0000,,16.0000,,16.0000
2008-01-30,2008,1,1810.7500,0.7500,2.5000,2.2500,-3.2500,-6.0000,6,-5.2500,5.5000,23,11.0000,3.0000,15.0000,5.0000,-5.0000,5.0000,-5.0000,5.0000,-5.0000,,2.5000,,2.5000
2008-01-31,2008,1,1788.2500,1.0000,8.7500,8.5000,-0.2500,-1.0000,14,-0.2500,12.0000,27,2.0000,-1.2500,14.0000,,8.7500,,8.7500,,8.7500,,8.7500,,8.7500
2008-02-01,2008,-1,1854.0000,1.7500,-4.0000,-4.0000,-0.5000,-7.0000,28,-6.2500,7.0000,4,4.0000,0.0000,14.0000,15.0000,-3.5000,,-4.0000,,-4.0000,,-4.0000,,-4.0000
2008-02-04,2008,-1,1857.0000,0.7500,7.0000,6.7500,-1.2500,-3.7500,3,-2.7500,7.0000,30,8.0000,0.2500,9.0000,2.0000,-3.0000,,7.0000,,7.0000,,7.0000,,7.0000
2008-02-05,2008,1,1805.7500,1.5000,6.2500,6.2500,-2.7500,-3.5000,6,-2.7500,11.2500,26,1.0000,2.0000,7.0000,,6.2500,,6.2500,,6.2500,,6.2500,,6.2500
2008-02-06,2008,-1,1789.0000,0.7500,-5.2500,-5.5000,0.2500,-5.5000,30,-5.5000,10.7500,13,2.0000,-0.7500,29.0000,30.0000,-5.2500,30.0000,-5.2500,30.0000,-5.2500,,-5.2500,,-5.2500
2008-02-07,2008,1,1731.5000,1.5000,0.0000,0.0000,-1.7500,-13.0000,27,-10.5000,7.7500,4,3.0000,-0.2500,10.0000,19.0000,-4.5000,20.0000,-8.0000,23.0000,-10.2500,,0.0000,,0.0000
2008-02-08,2008,-1,1756.5000,1.0000,-16.0000,-16.2500,-12.0000,-19.2500,3,-16.5000,0.2500,1,9.0000,11.7500,13.0000,1.0000,-2.2500,2.0000,-12.2500,2.0000,-12.2500,2.0000,-12.2500,3.0000,-16.2500
2008-02-11,2008,-1,1786.0000,1.0000,3.0000,2.7500,3.0000,-3.7500,4,-2.7500,8.2500,26,6.0000,1.7500,,3.0000,-2.7500,,3.0000,,3.0000,,3.0000,,3.0000
2008-02-12,2008,-1,1805.2500,0.7500,-2.0000,-1.7500,-2.2500,-4.2500,16,-3.5000,1.7500,3,1.0000,1.2500,10.0000,10.0000,-2.2500,16.0000,-3.2500,,-2.0000,,-2.0000,,-2.0000
2008-02-13,2008,1,1810.5000,0.7500,-5.0000,-5.0000,-5.0000,-9.5000,18,-9.2500,2.2500,2,21.0000,7.0000,,9.0000,-3.5000,9.0000,-3.5000,10.0000,-8.7500,10.0000,-8.7500,18.0000,-9.2500
2008-02-14,2008,-1,1820.5000,1.0000,3.0000,3.2500,-0.2500,-1.0000,24,0.0000,11.0000,2,2.0000,-1.5000,23.0000,,3.0000,,3.0000,,3.0000,,3.0000,,3.0000
2008-02-15,2008,-1,1779.5000,0.8750,-2.0000,-2.0000,-4.2500,-9.5000,17,-8.2500,2.7500,23,5.0000,3.5000,8.0000,1.0000,-2.0000,2.0000,-4.0000,3.0000,-5.5000,16.0000,-8.5000,,-2.0000
2008-02-19,2008,-1,1809.7500,1.0000,8.7500,8.7500,8.7500,-2.7500,1,-1.0000,10.2500,27,5.0000,-1.5000,,,8.7500,,8.7500,,8.7500,,8.7500,,8.7500
2008-02-20,2008,1,1764.2500,0.8750,1.7500,1.5000,1.7500,-3.0000,3,-2.0000,7.7500,22,7.0000,0.5000,,2.0000,-2.0000,,1.7500,,1.7500,,1.7500,,1.7500
2008-02-21,2008,-1,1806.7500,0.7500,5.5000,5.7500,1.0000,-3.2500,10,-2.2500,5.7500,28,3.0000,-1.0000,5.0000,9.0000,-2.2500,,5.5000,,5.5000,,5.5000,,5.5000
2008-02-22,2008,-1,1774.5000,0.5000,4.7500,4.7500,0.0000,-4.0000,5,-3.7500,6.0000,30,10.0000,-0.2500,16.0000,3.0000,-1.0000,5.0000,-3.7500,5.0000,-3.7500,,4.7500,,4.7500
2008-02-26,2008,-1,1776.5000,1.0000,4.0000,3.7500,-4.0000,-9.2500,15,-8.7500,5.0000,30,5.0000,3.0000,8.0000,1.0000,-3.2500,2.0000,-4.2500,13.0000,-7.7500,14.0000,-8.5000,,4.0000
2008-02-27,2008,-1,1780.2500,1.0000,-6.7500,-6.7500,-6.7500,-10.5000,18,-9.5000,2.0000,6,20.0000,8.5000,,9.0000,-2.5000,10.0000,-5.7500,12.0000,-7.0000,16.0000,-8.5000,,-6.7500
2008-02-28,2008,1,1795.2500,0.8750,6.0000,6.0000,-0.5000,-0.7500,13,-0.7500,9.5000,22,4.0000,-0.7500,13.0000,,6.0000,,6.0000,,6.0000,,6.0000,,6.0000
2008-02-29,2008,1,1777.7500,0.8750,-2.2500,-2.0000,-2.5000,-8.5000,13,-6.7500,3.0000,7,1.0000,0.5000,10.0000,10.0000,-2.5000,11.0000,-5.5000,12.0000,-6.7500,,-2.2500,,-2.2500
2008-03-03,2008,1,1747.5000,0.7500,-3.0000,-3.2500,-3.0000,-13.5000,16,-12.2500,0.7500,3,29.0000,8.7500,,4.0000,-2.5000,7.0000,-3.7500,8.0000,-6.2500,8.0000,-6.2500,9.0000,-9.7500
2008-03-04,2008,1,1728.0000,0.8750,-3.5000,-3.2500,-1.5000,-6.0000,15,-5.5000,1.7500,25,21.0000,1.2500,22.0000,2.0000,-2.5000,11.0000,-3.5000,15.0000,-5.7500,,-3.5000,,-3.5000
2008-03-05,2008,-1,1747.2500,0.6250,-13.7500,-13.7500,-13.7500,-16.2500,29,-15.5000,0.2500,1,,,,1.0000,-1.7500,2.0000,-5.0000,2.0000,-5.0000,2.0000,-5.0000,4.0000,-8.0000
2008-03-06,2008,1,1755.2500,1.2500,-8.0000,-7.7500,-8.0000,-8.5000,29,-7.7500,4.5000,15,,,,26.0000,-2.5000,28.0000,-7.7500,28.0000,-7.7500,,-8.0000,,-8.0000
2008-03-07,2008,-1,1702.2500,1.5000,-23.7500,-23.5000,-3.2500,-27.5000,29,-27.2500,2.7500,2,1.0000,2.5000,3.0000,3.0000,-3.2500,7.0000,-7.2500,13.0000,-10.5000,19.0000,-12.2500,23.0000,-18.0000
2008-03-10,2008,-1,1704.5000,0.6250,-6.5000,-6.7500,-3.2500,-8.7500,28,-7.0000,3.7500,4,1.0000,1.7500,8.0000,8.0000,-3.2500,8.0000,-3.2500,11.0000,-4.0000,12.0000,-6.0000,,-6.5000
2008-03-11,2008,1,1714.2500,1.5000,-14.2500,-14.0000,-5.5000,-14.2500,30,-14.0000,1.2500,1,1.0000,4.7500,3.0000,2.0000,-4.0000,15.0000,-9.0000,21.0000,-10.5000,30.0000,-14.2500,,-14.2500
2008-03-12,2008,-1,1746.0000,1.0000,6.2500,6.2500,6.2500,-3.7500,5,-3.0000,7.0000,20,9.0000,2.0000,,5.0000,-2.5000,,6.2500,,6.2500,,6.2500,,6.2500
2008-03-13,2008,-1,1721.0000,1.0000,0.7500,0.7500,-1.7500,-5.5000,4,-4.0000,6.0000,29,11.0000,1.2500,17.0000,3.0000,-3.7500,,0.7500,,0.7500,,0.7500,,0.7500
2008-03-14,2008,-1,1762.2500,2.3750,52.2500,52.5000,52.2500,-8.7500,9,-6.2500,54.0000,30,14.0000,2.7500,,5.0000,-5.5000,,52.2500,,52.2500,,52.2500,,52.2500
2008-03-17,2008,1,1692.2500,1.2500,3.0000,3.0000,-0.5000,-2.7500,14,-1.7500,14.7500,20,4.0000,-0.5000,12.0000,,3.0000,,3.0000,,3.0000,,3.0000,,3.0000
2008-03-18,2008,1,1724.5000,1.0000,3.2500,3.2500,3.2500,-3.5000,22,-2.7500,5.7500,3,24.0000,2.0000,,21.0000,-2.7500,,3.2500,,3.2500,,3.2500,,3.2500
2008-03-19,2008,-1,1771.7500,1.7500,0.7500,0.7500,0.7500,-6.5000,12,-5.7500,5.7500,27,18.0000,4.7500,,2.0000,-4.2500,,0.7500,,0.7500,,0.7500,,0.7500
2008-03-20,2008,1,1725.5000,1.2500,6.2500,6.0000,6.2500,-8.0000,10,-6.7500,7.5000,28,20.0000,2.2500,,1.0000,-4.2500,6.0000,-5.2500,,6.2500,,6.2500,,6.2500
2008-03-24,2008,1,1769.7500,1.0000,20.7500,21.0000,20.7500,-1.7500,3,-0.2500,23.2500,30,6.0000,-1.5000,,,20.7500,,20.7500,,20.7500,,20.7500,,20.7500
2008-03-25,2008,-1,1819.0000,1.0000,11.2500,11.5000,-0.7500,-10.2500,10,-9.2500,12.5000,30,2.0000,-0.5000,4.0000,5.0000,-3.5000,7.0000,-5.5000,8.0000,-8.0000,9.0000,-8.7500,,11.2500
2008-03-26,2008,1,1823.0000,0.7500,-6.2500,-6.2500,-3.0000,-10.2500,23,-9.0000,2.0000,8,8.0000,1.7500,10.0000,3.0000,-4.0000,3.0000,-4.0000,13.0000,-4.5000,19.0000,-7.7500,,-6.2500
2008-03-27,2008,1,1814.0000,0.7500,-2.7500,-2.5000,-4.7500,-8.5000,20,-7.7500,1.2500,1,10.0000,3.5000,13.0000,2.0000,-4.0000,2.0000,-4.0000,4.0000,-7.5000,4.0000,-7.5000,,-2.7500
2008-03-28,2008,1,1801.5000,0.7500,6.0000,6.0000,-5.2500,-8.0000,14,-6.7500,6.2500,30,1.0000,4.0000,8.0000,1.0000,-2.5000,3.0000,-3.2500,8.0000,-5.2500,13.0000,-7.0000,,6.0000
2008-03-31,2008,-1,1780.7500,0.8750,-5.0000,-5.0000,-5.0000,-12.5000,26,-12.0000,4.5000,5,28.0000,10.7500,,9.0000,-3.7500,9.0000,-3.7500,10.0000,-6.7500,11.0000,-9.7500,23.0000,-11.0000
2008-04-01,2008,-1,1814.0000,0.8750,-10.7500,-11.0000,-3.0000,-13.2500,29,-12.2500,0.2500,21,19.0000,1.5000,23.0000,3.0000,-2.7500,8.0000,-4.0000,25.0000,-7.0000,28.0000,-9.0000,29.0000,-12.2500
2008-04-02,2008,-1,1858.0000,0.7500,1.5000,1.7500,-4.2500,-5.0000,5,-4.7500,3.5000,28,1.0000,1.2500,4.0000,4.0000,-4.2500,4.0000,-4.2500,5.0000,-4.5000,,1.5000,,1.5000
2008-04-03,2008,1,1849.0000,0.7500,6.5000,6.7500,-0.7500,-5.5000,12,-5.0000,7.5000,29,3.0000,0.0000,5.0000,6.0000,-2.2500,9.0000,-4.0000,12.0000,-5.2500,,6.5000,,6.5000
2008-04-04,2008,-1,1863.7500,0.8750,-4.2500,-4.2500,-1.5000,-8.2500,26,-7.5000,3.5000,8,6.0000,0.5000,11.0000,4.0000,-2.0000,13.0000,-4.7500,24.0000,-5.7500,25.0000,-7.7500,,-4.2500
2008-04-07,2008,-1,1882.2500,0.5000,-2.7500,-2.7500,-0.2500,-6.2500,29,-5.5000,4.5000,11,5.0000,-0.2500,19.0000,2.0000,-1.5000,25.0000,-2.0000,27.0000,-5.0000,27.0000,-5.0000,,-2.7500
2008-04-08,2008,-1,1852.2500,0.7500,-1.2500,-1.2500,-3.0000,-4.2500,23,-4.0000,2.0000,8,15.0000,2.2500,21.0000,10.0000,-1.7500,22.0000,-4.0000,,-1.2500,,-1.2500,,-1.2500
2008-04-09,2008,-1,1854.7500,0.5000,16.2500,16.5000,16.2500,-1.2500,1,-0.7500,16.7500,26,8.0000,-2.0000,,,16.2500,,16.2500,,16.2500,,16.2500,,16.2500
2008-04-10,2008,1,1840.0000,0.7500,-4.2500,-3.7500,-3.5000,-5.5000,27,-5.0000,5.0000,2,1.0000,3.5000,18.0000,12.0000,-2.5000,16.0000,-3.2500,26.0000,-5.2500,,-4.2500,,-4.2500
2008-04-11,2008,1,1837.7500,0.7500,-7.2500,-7.0000,-1.2500,-8.7500,30,-8.0000,1.7500,2,18.0000,1.0000,22.0000,5.0000,-2.2500,6.0000,-3.2500,29.0000,-8.0000,29.0000,-8.0000,,-7.2500
2008-04-14,2008,-1,1800.7500,0.7500,0.5000,0.5000,0.5000,-2.0000,29,-1.0000,8.2500,11,1.0000,1.5000,,,0.5000,,0.5000,,0.5000,,0.5000,,0.5000
2008-04-15,2008,1,1806.7500,0.5000,-5.2500,-5.2500,-5.2500,-8.5000,27,-7.7500,1.7500,5,,,,6.0000,-1.2500,9.0000,-2.5000,12.0000,-3.5000,14.0000,-4.5000,18.0000,-6.5000
2008-04-16,2008,-1,1823.0000,1.0000,1.2500,1.2500,1.2500,-2.2500,18,-1.7500,2.5000,6,21.0000,1.0000,,,1.2500,,1.2500,,1.2500,,1.2500,,1.2500
2008-04-17,2008,-1,1852.0000,0.5000,9.5000,9.5000,9.5000,-2.7500,3,-2.5000,10.2500,30,5.0000,0.2500,,1.0000,-1.2500,2.0000,-2.2500,,9.5000,,9.5000,,9.5000
2008-04-18,2008,1,1895.7500,1.0000,-8.7500,-8.7500,-7.7500,-9.5000,28,-9.2500,1.0000,4,21.0000,7.0000,27.0000,11.0000,-3.5000,14.0000,-4.2500,15.0000,-6.2500,28.0000,-9.2500,,-8.7500
2008-04-21,2008,1,1901.2500,0.5000,2.7500,2.7500,2.7500,-0.2500,1,0.5000,6.0000,24,1.0000,1.5000,,,2.7500,,2.7500,,2.7500,,2.7500,,2.7500
2008-04-22,2008,-1,1905.5000,0.6250,3.5000,3.5000,3.5000,-1.0000,3,0.0000,6.0000,18,6.0000,-0.5000,,,3.5000,,3.5000,,3.5000,,3.5000,,3.5000
2008-04-23,2008,-1,1902.2500,0.7500,2.2500,2.5000,0.0000,-1.5000,26,-0.2500,8.7500,14,3.0000,0.0000,25.0000,,2.2500,,2.2500,,2.2500,,2.2500,,2.2500
2008-04-24,2008,1,1913.2500,1.1250,-15.5000,-15.5000,-16.5000,-17.2500,28,-16.5000,0.7500,1,23.0000,14.2500,28.0000,2.0000,-2.7500,3.0000,-7.0000,3.0000,-7.0000,8.0000,-12.0000,18.0000,-14.5000
2008-04-25,2008,-1,1928.7500,0.7500,19.2500,19.7500,19.2500,-0.5000,8,0.2500,20.7500,24,1.0000,0.5000,,,19.2500,,19.2500,,19.2500,,19.2500,,19.2500
2008-04-28,2008,1,1929.2500,0.7500,-1.7500,-2.0000,-1.7500,-7.5000,7,-6.2500,1.2500,23,20.0000,2.7500,,1.0000,-1.5000,2.0000,-4.2500,4.0000,-5.2500,13.0000,-6.2500,,-1.7500
2008-04-29,2008,1,1922.2500,0.5000,6.2500,6.2500,6.2500,-0.2500,1,0.7500,10.0000,28,3.0000,-1.2500,,,6.2500,,6.2500,,6.2500,,6.2500,,6.2500
2008-04-30,2008,1,1943.5000,0.5000,1.7500,1.7500,1.5000,-1.7500,1,-1.2500,4.2500,13,13.0000,-2.0000,14.0000,25.0000,-1.2500,,1.7500,,1.7500,,1.7500,,1.7500
2008-05-01,2008,1,1930.5000,0.7500,15.7500,15.7500,-3.5000,-4.7500,6,-3.5000,16.5000,30,1.0000,3.2500,5.0000,4.0000,-2.7500,5.0000,-3.5000,,15.7500,,15.7500,,15.7500
2008-05-02,2008,-1,1995.7500,1.0000,-1.5000,-1.2500,-1.5000,-2.0000,1,-1.2500,8.5000,22,7.0000,-0.5000,30.0000,,-1.5000,,-1.5000,,-1.5000,,-1.5000,,-1.5000
2008-05-05,2008,1,1985.7500,0.7500,1.5000,1.2500,1.5000,-6.5000,10,-6.2500,7.0000,28,14.0000,4.5000,,4.0000,-1.5000,8.0000,-3.7500,10.0000,-6.0000,10.0000,-6.0000,,1.5000
2008-05-06,2008,-1,1972.0000,0.7500,4.5000,4.5000,4.5000,-4.7500,3,-4.0000,10.0000,23,6.0000,1.7500,,3.0000,-4.0000,3.0000,-4.0000,,4.5000,,4.5000,,4.5000
2008-05-07,2008,-1,1990.7500,0.5000,-0.5000,-0.5000,-0.5000,-7.0000,19,-6.2500,3.7500,1,5.0000,0.0000,6.0000,16.0000,-3.2500,16.0000,-3.2500,16.0000,-3.2500,17.0000,-5.0000,20.0000,-6.5000
2008-05-08,2008,1,1967.2500,0.7500,-4.2500,-4.2500,-3.7500,-6.5000,4,-6.0000,3.2500,23,7.0000,3.2500,11.0000,1.0000,-2.2500,3.0000,-6.0000,3.0000,-6.0000,,-4.2500,,-4.2500
2008-05-09,2008,-1,1952.5000,0.5000,-5.5000,-5.5000,-5.5000,-6.0000,11,-5.7500,1.2500,1,16.0000,4.7500,30.0000,2.0000,-1.2500,6.0000,-2.7500,7.0000,-4.2500,10.0000,-4.5000,,-5.5000
2008-05-12,2008,-1,1964.7500,0.5000,-0.5000,-0.5000,-4.0000,-5.7500,5,-4.2500,0.7500,2,9.0000,3.2500,10.0000,4.0000,-2.7500,4.0000,-2.7500,5.0000,-4.2500,5.0000,-4.2500,,-0.5000
2008-05-13,2008,-1,1996.0000,0.5000,0.2500,0.2500,-2.7500,-3.5000,6,-3.0000,3.0000,22,1.0000,2.2500,5.0000,5.0000,-2.7500,5.0000,-2.7500,,0.2500,,0.2500,,0.2500
2008-05-15,2008,-1,1997.2500,0.7500,-3.2500,-3.2500,0.0000,-11.0000,28,-8.2500,3.0000,7,2.0000,-0.5000,3.0000,8.0000,-3.2500,9.0000,-3.5000,16.0000,-6.5000,16.0000,-6.5000,,-3.2500
2008-05-16,2008,-1,2036.7500,0.7500,9.5000,9.2500,9.5000,0.0000,1,1.0000,11.0000,30,5.0000,-2.0000,,,9.5000,,9.5000,,9.5000,,9.5000,,9.5000
2008-05-20,2008,-1,2009.7500,0.7500,7.5000,7.5000,1.2500,-4.2500,16,-3.5000,8.7500,29,3.0000,-2.0000,9.0000,15.0000,-2.7500,16.0000,-3.5000,,7.5000,,7.5000,,7.5000
2008-05-21,2008,1,2007.5000,0.7500,-0.7500,-0.7500,-0.7500,-2.0000,1,-1.5000,11.7500,8,5.0000,0.5000,30.0000,,-0.7500,,-0.7500,,-0.7500,,-0.7500,,-0.7500
2008-05-22,2008,1,1966.7500,0.7500,4.2500,4.2500,-1.7500,-8.0000,18,-7.7500,6.0000,1,1.0000,1.2500,7.0000,7.0000,-1.7500,13.0000,-5.2500,13.0000,-5.2500,17.0000,-7.7500,,4.2500
2008-05-23,2008,1,1961.2500,0.5000,0.5000,0.7500,0.2500,-3.5000,29,-3.0000,4.5000,7,2.0000,-0.5000,3.0000,23.0000,-1.0000,28.0000,-3.0000,,0.5000,,0.5000,,0.5000
2008-05-27,2008,1,1968.0000,0.7500,14.2500,14.2500,14.2500,-3.0000,2,-2.7500,14.7500,30,4.0000,1.5000,,2.0000,-2.5000,,14.2500,,14.2500,,14.2500,,14.2500
2008-05-28,2008,-1,2004.0000,0.7500,10.5000,10.2500,-1.5000,-3.2500,7,-2.0000,10.7500,29,4.0000,0.5000,5.0000,7.0000,-2.0000,,10.5000,,10.5000,,10.5000,,10.5000
2008-05-29,2008,1,2006.2500,0.8750,7.0000,7.0000,-0.5000,-1.2500,7,-0.5000,10.0000,19,4.0000,-0.2500,6.0000,,7.0000,,7.0000,,7.0000,,7.0000,,7.0000
2008-05-30,2008,-1,2026.5000,0.5000,-5.0000,-5.0000,-1.2500,-6.0000,23,-5.2500,3.0000,5,5.0000,0.0000,6.0000,9.0000,-1.0000,10.0000,-2.0000,16.0000,-3.2500,20.0000,-4.5000,,-5.0000
2008-06-02,2008,1,2029.7500,0.5000,-6.5000,-6.5000,-6.5000,-10.7500,23,-10.0000,0.5000,1,,,,2.0000,-1.5000,8.0000,-5.0000,8.0000,-5.0000,8.0000,-5.0000,14.0000,-6.5000
2008-06-03,2008,1,2016.5000,0.7500,5.2500,5.2500,-4.0000,-5.2500,8,-4.2500,8.2500,29,12.0000,3.0000,14.0000,4.0000,-2.0000,7.0000,-3.0000,,5.2500,,5.2500,,5.2500
2008-06-04,2008,1,1991.2500,0.7500,13.7500,13.7500,13.7500,-0.7500,1,0.5000,19.5000,18,4.0000,-1.5000,,,13.7500,,13.7500,,13.7500,,13.7500,,13.7500
2008-06-05,2008,-1,2025.5000,1.2500,-11.0000,-11.0000,-1.0000,-14.5000,19,-13.0000,5.0000,3,3.0000,-0.2500,6.0000,8.0000,-3.5000,9.0000,-5.7500,13.0000,-8.5000,18.0000,-12.0000,,-11.0000
2008-06-06,2008,-1,2032.5000,1.3750,2.2500,2.0000,-5.2500,-9.2500,15,-8.2500,3.2500,3,1.0000,4.7500,11.0000,9.0000,-3.0000,14.0000,-7.7500,,2.2500,,2.2500,,2.2500
2008-06-09,2008,-1,1992.5000,0.7500,13.2500,13.2500,13.2500,-1.2500,1,1.0000,24.2500,19,1.0000,3.5000,,,13.2500,,13.2500,,13.2500,,13.2500,,13.2500
2008-06-10,2008,1,1961.7500,1.0000,1.0000,1.0000,1.0000,-1.0000,14,0.0000,9.2500,19,17.0000,-1.2500,30.0000,,1.0000,,1.0000,,1.0000,,1.0000,,1.0000
2008-06-11,2008,1,1972.0000,0.7500,-13.0000,-12.7500,-10.0000,-16.2500,28,-14.5000,0.5000,1,15.0000,7.2500,19.0000,1.0000,-4.2500,1.0000,-4.2500,4.0000,-6.5000,4.0000,-6.5000,19.0000,-10.0000
2008-06-12,2008,1,1950.0000,0.7500,7.0000,7.2500,7.0000,-1.5000,5,-1.0000,14.5000,15,7.0000,-0.7500,,,7.0000,,7.0000,,7.0000,,7.0000,,7.0000
2008-06-13,2008,1,1950.5000,1.2500,6.2500,6.0000,-5.7500,-13.0000,11,-11.2500,7.2500,30,6.0000,5.5000,8.0000,2.0000,-5.2500,2.0000,-5.2500,3.0000,-10.7500,3.0000,-10.7500,,6.2500
2008-06-16,2008,1,1965.2500,1.0000,3.0000,3.0000,0.5000,-2.2500,14,-0.5000,8.7500,9,6.0000,-1.7500,13.0000,,3.0000,,3.0000,,3.0000,,3.0000,,3.0000
2008-06-17,2008,-1,1998.0000,0.7500,1.5000,1.5000,1.5000,-2.5000,2,-2.2500,12.7500,12,4.0000,1.0000,,2.0000,-2.2500,,1.5000,,1.5000,,1.5000,,1.5000
2008-06-18,2008,1,1973.0000,0.8750,-9.2500,-9.7500,-9.2500,-9.7500,29,-9.7500,2.2500,7,,,,2.0000,-2.2500,18.0000,-4.0000,23.0000,-6.0000,26.0000,-8.0000,,-9.2500
2008-06-19,2008,-1,1958.5000,0.7500,5.0000,5.2500,5.0000,-8.2500,5,-6.7500,9.2500,29,10.0000,6.2500,,2.0000,-1.5000,4.0000,-5.2500,4.0000,-5.2500,5.0000,-7.0000,,5.0000
2008-06-20,2008,-1,1971.2500,1.0000,15.7500,16.0000,15.7500,-0.2500,1,2.2500,16.2500,30,2.0000,-0.7500,,,15.7500,,15.7500,,15.7500,,15.7500,,15.7500
2008-06-23,2008,-1,1947.0000,1.0000,12.0000,12.2500,-1.5000,-3.5000,8,-2.0000,14.7500,28,2.0000,-1.2500,3.0000,,12.0000,,12.0000,,12.0000,,12.0000,,12.0000
2008-06-24,2008,1,1914.2500,1.0000,-11.2500,-11.2500,0.5000,-14.0000,29,-11.2500,5.0000,3,3.0000,-2.0000,5.0000,9.0000,-3.7500,13.0000,-4.2500,27.0000,-9.5000,27.0000,-9.5000,,-11.2500
2008-06-25,2008,1,1922.2500,1.0000,5.0000,5.0000,5.0000,-4.5000,2,-4.2500,10.7500,13,7.0000,0.2500,,1.0000,-4.2500,1.0000,-4.2500,,5.0000,,5.0000,,5.0000
2008-06-26,2008,-1,1901.7500,1.2500,1.7500,1.7500,1.7500,-5.5000,8,-4.7500,7.2500,21,13.0000,1.0000,,3.0000,-3.2500,,1.7500,,1.7500,,1.7500,,1.7500
2008-06-27,2008,1,1866.2500,1.2500,4.7500,4.7500,4.7500,-17.5000,13,-16.2500,8.0000,29,17.0000,13.5000,,3.0000,-3.7500,4.0000,-5.5000,6.0000,-9.7500,8.0000,-11.7500,12.0000,-16.2500
2008-06-30,2008,-1,1858.5000,0.7500,5.2500,5.0000,-6.7500,-9.2500,3,-8.7500,7.2500,29,8.0000,6.5000,12.0000,2.0000,-3.5000,2.0000,-3.5000,3.0000,-7.2500,3.0000,-7.2500,,5.2500
2008-07-01,2008,1,1829.0000,1.2500,12.7500,12.7500,-3.0000,-3.2500,3,-2.7500,19.2500,29,1.0000,2.0000,3.0000,3.0000,-3.0000,,12.7500,,12.7500,,12.7500,,12.7500
2008-07-02,2008,-1,1873.0000,1.0000,-0.7500,-0.7500,-5.5000,-9.0000,16,-6.7500,5.7500,26,10.0000,3.5000,14.0000,5.0000,-2.2500,6.0000,-4.2500,15.0000,-6.2500,,-0.7500,,-0.7500
2008-07-03,2008,-1,1832.7500,1.2500,25.2500,25.5000,25.2500,-0.5000,1,2.5000,26.2500,30,2.0000,-0.5000,,,25.2500,,25.2500,,25.2500,,25.2500,,25.2500
2008-07-07,2008,1,1844.0000,1.3750,6.0000,5.7500,6.0000,-0.5000,1,0.5000,10.5000,28,1.0000,1.2500,,,6.0000,,6.0000,,6.0000,,6.0000,,6.0000
2008-07-08,2008,-1,1830.0000,1.3750,-6.2500,-6.0000,-3.0000,-21.5000,10,-19.5000,4.0000,3,1.0000,3.0000,4.0000,4.0000,-3.0000,5.0000,-7.7500,7.0000,-9.7500,8.0000,-18.2500,8.0000,-18.2500
2008-07-09,2008,-1,1867.7500,0.7500,5.5000,5.2500,5.5000,-3.0000,2,-2.0000,9.0000,22,1.0000,2.5000,,1.0000,-1.7500,,5.5000,,5.5000,,5.5000,,5.5000
2008-07-10,2008,1,1837.5000,1.5000,-6.2500,-6.2500,-6.2500,-10.5000,7,-9.5000,10.2500,12,12.0000,4.7500,30.0000,4.0000,-4.2500,5.0000,-6.0000,7.0000,-9.5000,,-6.2500,,-6.2500
2008-07-11,2008,-1,1816.7500,2.0000,-10.2500,-10.0000,-5.5000,-16.2500,24,-15.7500,5.7500,2,1.0000,2.5000,12.0000,12.0000,-5.5000,14.0000,-9.7500,22.0000,-14.7500,,-10.2500,,-10.2500
2008-07-14,2008,-1,1837.0000,1.2500,22.7500,22.5000,22.7500,-0.5000,1,0.7500,23.5000,30,1.0000,3.0000,,,22.7500,,22.7500,,22.7500,,22.7500,,22.7500
2008-07-15,2008,-1,1789.5000,1.3750,16.5000,16.7500,-3.5000,-5.7500,15,-5.0000,18.5000,30,1.0000,3.2500,9.0000,9.0000,-3.5000,,16.5000,,16.5000,,16.5000,,16.5000
2008-07-16,2008,-1,1803.5000,2.0000,-6.7500,-6.7500,0.7500,-9.5000,26,-8.5000,13.0000,17,11.0000,-1.5000,20.0000,3.0000,-4.7500,26.0000,-8.5000,,-6.7500,,-6.7500,,-6.7500
2008-07-17,2008,1,1859.0000,0.7500,-7.2500,-7.2500,-4.5000,-9.2500,27,-9.2500,7.7500,13,1.0000,1.5000,20.0000,20.0000,-4.5000,20.0000,-4.5000,23.0000,-5.0000,25.0000,-7.2500,27.0000,-8.7500
2008-07-18,2008,-1,1834.7500,1.0000,9.0000,9.2500,2.2500,-1.5000,3,-0.2500,11.2500,23,10.0000,-2.5000,14.0000,,9.0000,,9.0000,,9.0000,,9.0000,,9.0000
2008-07-21,2008,-1,1835.5000,0.7500,-1.7500,-1.7500,-1.7500,-7.5000,28,-4.7500,2.2500,3,30.0000,4.0000,,4.0000,-4.2500,4.0000,-4.2500,6.0000,-4.7500,,-1.7500,,-1.7500
2008-07-22,2008,-1,1791.0000,0.7500,-8.0000,-8.0000,-3.2500,-10.5000,23,-9.5000,2.2500,15,14.0000,2.0000,16.0000,2.0000,-1.7500,16.0000,-3.2500,19.0000,-4.7500,21.0000,-6.7500,23.0000,-9.2500
2008-07-23,2008,-1,1824.7500,0.8750,-8.0000,-8.0000,-8.0000,-11.5000,15,-9.7500,2.5000,2,,,,10.0000,-2.5000,11.0000,-4.2500,13.0000,-7.2500,13.0000,-7.2500,,-8.0000
2008-07-24,2008,-1,1854.2500,1.0000,9.0000,9.0000,3.2500,-0.7500,14,0.0000,11.2500,29,9.0000,-4.0000,10.0000,,9.0000,,9.0000,,9.0000,,9.0000,,9.0000
2008-07-25,2008,1,1830.5000,1.0000,9.2500,9.0000,-2.7500,-6.7500,11,-6.2500,13.2500,28,5.0000,0.5000,8.0000,8.0000,-2.7500,10.0000,-4.5000,14.0000,-6.2500,,9.2500,,9.2500
2008-07-28,2008,1,1843.7500,0.7500,-1.7500,-2.0000,0.5000,-4.7500,26,-4.0000,10.7500,9,3.0000,-0.7500,20.0000,24.0000,-2.0000,26.0000,-4.0000,,-1.7500,,-1.7500,,-1.7500
2008-07-29,2008,1,1822.5000,0.7500,9.7500,10.0000,-4.5000,-6.7500,7,-5.7500,11.7500,29,1.0000,3.7500,5.0000,2.0000,-3.0000,5.0000,-4.5000,6.0000,-4.5000,,9.7500,,9.7500
2008-07-30,2008,-1,1852.7500,0.7500,-2.2500,-2.2500,-2.2500,-7.5000,4,-7.0000,4.0000,27,15.0000,4.7500,,1.0000,-3.0000,2.0000,-5.5000,2.0000,-5.5000,4.0000,-6.7500,,-2.2500
2008-07-31,2008,1,1839.5000,1.2500,22.7500,22.5000,22.7500,-1.0000,2,0.0000,29.0000,21,6.0000,-1.5000,,,22.7500,,22.7500,,22.7500,,22.7500,,22.7500
2008-08-01,2008,-1,1846.0000,1.0000,27.7500,28.0000,27.7500,-1.5000,1,-0.7500,39.2500,20,1.0000,4.5000,,,27.7500,,27.7500,,27.7500,,27.7500,,27.7500
2008-08-04,2008,-1,1817.5000,0.7500,1.2500,1.2500,1.2500,-7.2500,6,-5.7500,3.0000,17,8.0000,4.2500,,1.0000,-1.7500,3.0000,-5.0000,3.0000,-5.0000,,1.2500,,1.2500
2008-08-05,2008,1,1830.2500,0.7500,5.7500,6.0000,5.7500,-4.0000,15,-3.2500,8.7500,28,25.0000,1.2500,,10.0000,-1.7500,15.0000,-3.5000,,5.7500,,5.7500,,5.7500
2008-08-06,2008,-1,1870.0000,0.7500,4.5000,4.2500,4.5000,-2.7500,1,-2.0000,9.2500,16,4.0000,1.0000,,1.0000,-2.0000,,4.5000,,4.5000,,4.5000,,4.5000
2008-08-07,2008,1,1887.5000,0.7500,3.7500,3.7500,3.7500,-11.0000,4,-8.5000,4.5000,30,6.0000,7.0000,,1.0000,-3.2500,1.0000,-3.2500,2.0000,-6.2500,3.0000,-7.2500,,3.7500
2008-08-08,2008,-1,1880.2500,0.7500,-22.7500,-23.0000,-6.2500,-24.0000,29,-23.2500,0.2500,1,1.0000,3.7500,2.0000,1.0000,-2.7500,2.0000,-6.2500,2.0000,-6.2500,2.0000,-6.2500,4.0000,-11.0000
2008-08-11,2008,-1,1920.5000,0.7500,-13.0000,-13.0000,-8.2500,-16.2500,26,-14.5000,0.5000,1,20.0000,6.2500,21.0000,2.0000,-2.7500,3.0000,-5.7500,3.0000,-5.7500,8.0000,-6.5000,24.0000,-9.5000
2008-08-12,2008,-1,1937.7500,0.7500,-7.7500,-7.5000,-4.2500,-9.7500,15,-8.2500,3.2500,8,8.0000,3.7500,13.0000,4.0000,-3.2500,4.0000,-3.2500,14.0000,-8.2500,14.0000,-8.2500,,-7.7500
2008-08-13,2008,1,1947.5000,0.7500,-0.5000,-0.5000,-4.7500,-9.0000,10,-8.7500,3.0000,1,1.0000,1.5000,7.0000,7.0000,-4.7500,7.0000,-4.7500,7.0000,-4.7500,9.0000,-7.7500,,-0.5000
2008-08-14,2008,1,1936.2500,0.7500,17.0000,17.2500,17.0000,-0.7500,1,1.0000,19.5000,29,4.0000,-1.2500,,,17.0000,,17.0000,,17.0000,,17.0000,,17.0000
2008-08-15,2008,-1,1968.5000,1.0000,7.5000,7.0000,-5.7500,-8.7500,11,-8.0000,8.5000,30,7.0000,5.0000,8.0000,2.0000,-5.0000,2.0000,-5.0000,3.0000,-6.5000,,7.5000,,7.5000
2008-08-18,2008,-1,1963.5000,1.0000,7.2500,7.2500,-3.0000,-3.2500,2,-3.0000,13.0000,20,1.0000,2.2500,2.0000,2.0000,-3.0000,,7.2500,,7.2500,,7.2500,,7.2500
2008-08-19,2008,-1,1927.2500,1.0000,2.2500,2.0000,2.2500,-10.7500,6,-9.2500,3.5000,18,15.0000,5.7500,,1.0000,-3.2500,5.0000,-6.2500,5.0000,-6.2500,6.0000,-9.2500,,2.2500
2008-08-20,2008,-1,1923.5000,0.7500,11.7500,11.5000,11.7500,-2.7500,7,-1.5000,13.5000,17,8.0000,-1.2500,,,11.7500,,11.7500,,11.7500,,11.7500,,11.7500
2008-08-21,2008,1,1901.2500,1.0000,9.5000,9.2500,-0.7500,-3.0000,6,-2.2500,10.7500,30,2.0000,-0.2500,3.0000,17.0000,-2.2500,,9.5000,,9.5000,,9.5000,,9.5000
2008-08-22,2008,1,1925.5000,1.0000,-1.2500,-1.2500,-1.2500,-4.2500,8,-3.2500,4.5000,28,1.0000,4.0000,,1.0000,-2.5000,,-1.2500,,-1.2500,,-1.2500,,-1.2500
2008-08-25,2008,-1,1915.2500,0.7500,3.0000,3.0000,-2.0000,-3.7500,3,-2.2500,3.7500,13,4.0000,1.5000,11.0000,1.0000,-1.7500,,3.0000,,3.0000,,3.0000,,3.0000
2008-08-26,2008,-1,1892.5000,0.7500,-3.7500,-4.0000,-2.0000,-6.7500,12,-6.2500,3.7500,4,2.0000,-0.2500,10.0000,10.0000,-2.0000,11.0000,-6.0000,11.0000,-6.0000,12.0000,-6.2500,,-3.7500
2008-08-27,2008,-1,1888.0000,0.8750,-3.5000,-3.5000,0.7500,-6.5000,8,-4.2500,4.5000,19,16.0000,-0.7500,27.0000,5.0000,-2.5000,7.0000,-4.2500,,-3.5000,,-3.5000,,-3.5000
2008-08-28,2008,-1,1907.0000,0.7500,-5.7500,-5.5000,-6.5000,-9.0000,3,-8.5000,0.2500,1,13.0000,4.5000,15.0000,1.0000,-5.7500,1.0000,-5.7500,1.0000,-5.7500,3.0000,-8.5000,,-5.7500
2008-08-29,2008,-1,1897.0000,0.7500,5.2500,5.2500,5.2500,-4.5000,15,-4.2500,5.2500,30,25.0000,1.0000,,12.0000,-1.7500,16.0000,-4.2500,,5.2500,,5.2500,,5.2500
2008-09-02,2008,-1,1904.7500,1.1250,-5.5000,-5.5000,-8.2500,-10.7500,14,-10.2500,4.0000,4,19.0000,8.2500,23.0000,8.0000,-5.2500,8.0000,-5.2500,13.0000,-9.0000,14.0000,-10.0000,,-5.5000
2008-09-03,2008,1,1850.5000,0.7500,5.5000,5.5000,-4.7500,-10.2500,15,-9.0000,5.7500,30,1.0000,3.0000,4.0000,3.0000,-1.7500,4.0000,-4.7500,4.0000,-4.7500,7.0000,-6.7500,,5.5000
2008-09-04,2008,1,1823.0000,1.0000,-5.7500,-5.5000,-5.7500,-8.0000,15,-6.5000,1.7500,3,,,,1.0000,-2.7500,14.0000,-6.2500,14.0000,-6.2500,,-5.7500,,-5.7500
2008-09-05,2008,1,1766.5000,1.3750,3.2500,3.2500,-3.0000,-7.2500,4,-5.7500,4.0000,11,1.0000,1.7500,2.0000,3.0000,-5.5000,8.0000,-5.7500,,3.2500,,3.2500,,3.2500
2008-09-08,2008,1,1797.0000,1.0000,-26.2500,-26.2500,-12.0000,-33.0000,29,-32.0000,0.5000,1,8.0000,11.0000,10.0000,2.0000,-5.7500,2.0000,-5.7500,3.0000,-11.2500,3.0000,-11.2500,11.0000,-15.5000
2008-09-09,2008,1,1765.2500,1.0000,8.0000,8.0000,8.0000,-4.7500,5,-3.2500,15.0000,23,8.0000,1.2500,,5.0000,-3.2500,,8.0000,,8.0000,,8.0000,,8.0000
2008-09-10,2008,-1,1738.7500,0.7500,-2.7500,-2.5000,0.5000,-3.5000,21,-2.5000,9.0000,8,3.0000,-0.5000,11.0000,20.0000,-2.2500,,-2.7500,,-2.7500,,-2.7500,,-2.7500
2008-09-11,2008,1,1723.7500,0.7500,13.0000,13.0000,-0.5000,-2.5000,9,-2.0000,13.2500,30,2.0000,0.2500,6.0000,9.0000,-1.7500,,13.0000,,13.0000,,13.0000,,13.0000
2008-09-12,2008,1,1765.0000,0.6250,-12.5000,-12.5000,-5.7500,-15.0000,29,-14.7500,0.2500,1,1.0000,3.0000,4.0000,1.0000,-2.2500,3.0000,-3.0000,4.0000,-5.7500,4.0000,-5.7500,7.0000,-8.2500
2008-09-15,2008,1,1734.7500,1.2500,7.7500,7.7500,-4.0000,-6.7500,7,-6.0000,15.0000,15,1.0000,2.0000,3.0000,3.0000,-4.0000,5.0000,-5.2500,,7.7500,,7.7500,,7.7500
2008-09-16,2008,1,1701.0000,1.7500,0.7500,0.7500,-2.7500,-10.0000,6,-9.7500,3.7500,14,1.0000,1.0000,3.0000,4.0000,-6.0000,5.0000,-7.7500,,0.7500,,0.7500,,0.7500
2008-09-17,2008,-1,1694.5000,1.7500,-16.2500,-16.5000,-18.0000,-21.2500,24,-20.0000,0.2500,3,26.0000,17.5000,29.0000,2.0000,-6.2500,7.0000,-7.2500,9.0000,-12.2500,11.0000,-14.5000,,-16.2500
2008-09-18,2008,1,1679.7500,2.8750,-2.5000,-2.5000,-2.5000,-28.2500,17,-28.0000,2.0000,30,20.0000,25.5000,,4.0000,-7.7500,7.0000,-12.7500,12.0000,-18.0000,15.0000,-23.7500,,-2.5000
2008-09-19,2008,-1,1776.5000,3.6250,43.0000,43.0000,43.0000,-2.7500,1,-1.2500,45.5000,30,4.0000,-0.5000,,,43.0000,,43.0000,,43.0000,,43.0000,,43.0000
2008-09-22,2008,-1,1741.5000,1.5000,11.2500,11.2500,11.2500,-4.0000,2,0.0000,12.2500,10,8.0000,-4.2500,,,11.2500,,11.2500,,11.2500,,11.2500,,11.2500
2008-09-23,2008,1,1681.0000,1.2500,3.0000,3.2500,3.0000,-5.0000,3,-3.7500,10.7500,23,10.0000,2.0000,,2.0000,-3.7500,,3.0000,,3.0000,,3.0000,,3.0000
2008-09-24,2008,-1,1660.2500,1.2500,-1.7500,-1.7500,-3.2500,-4.5000,7,-3.2500,8.5000,13,2.0000,-0.2500,7.0000,7.0000,-3.2500,,-1.7500,,-1.7500,,-1.7500,,-1.7500
2008-09-25,2008,-1,1676.0000,1.8750,-13.0000,-13.2500,-4.2500,-15.5000,29,-14.0000,2.0000,4,4.0000,2.2500,8.0000,8.0000,-4.2500,9.0000,-8.7500,14.0000,-12.2500,,-13.0000,,-13.0000
2008-09-26,2008,-1,1640.7500,2.1250,-18.7500,-18.7500,-19.7500,-23.0000,25,-21.7500,3.2500,3,28.0000,19.5000,29.0000,5.0000,-5.5000,6.0000,-9.5000,24.0000,-17.2500,24.0000,-17.2500,,-18.7500
2008-09-29,2008,-1,1641.2500,1.5000,37.2500,37.7500,37.2500,-1.5000,1,1.7500,45.7500,23,1.0000,3.5000,,,37.2500,,37.2500,,37.2500,,37.2500,,37.2500
2008-09-30,2008,1,1542.2500,1.5000,1.0000,1.2500,-1.2500,-9.0000,18,-7.2500,9.0000,6,4.0000,-2.2500,13.0000,16.0000,-3.7500,17.0000,-6.0000,,1.0000,,1.0000,,1.0000
2008-10-01,2008,-1,1584.0000,1.0000,8.2500,8.5000,3.0000,-7.5000,14,-7.0000,8.5000,30,7.0000,-3.2500,9.0000,13.0000,-3.2500,14.0000,-6.7500,14.0000,-6.7500,,8.2500,,8.2500
2008-10-02,2008,-1,1558.2500,1.2500,23.2500,23.0000,23.2500,0.0000,1,1.7500,25.2500,30,1.0000,1.2500,,,23.2500,,23.2500,,23.2500,,23.2500,,23.2500
2008-10-03,2008,1,1525.7500,1.5000,2.2500,2.2500,-1.2500,-12.5000,17,-6.7500,13.5000,10,5.0000,0.0000,15.0000,16.0000,-7.0000,16.0000,-7.0000,,2.2500,,2.2500,,2.2500
2008-10-06,2008,-1,1436.5000,1.3750,15.5000,15.5000,15.5000,-12.7500,4,-12.2500,24.2500,26,12.0000,9.5000,,1.0000,-3.0000,2.0000,-6.2500,4.0000,-12.2500,4.0000,-12.2500,,15.5000
2008-10-07,2008,1,1428.5000,4.1250,-28.2500,-27.7500,-8.7500,-28.2500,30,-27.7500,3.0000,9,6.0000,5.2500,15.0000,3.0000,-11.2500,21.0000,-19.0000,30.0000,-28.2500,,-28.2500,,-28.2500
2008-10-08,2008,1,1318.5000,4.7500,50.0000,50.0000,50.0000,-4.7500,3,-0.2500,60.0000,19,1.0000,8.7500,,,50.0000,,50.0000,,50.0000,,50.0000,,50.0000
2008-10-09,2008,1,1355.0000,1.5000,-5.5000,-5.7500,-5.7500,-9.5000,6,-6.7500,18.0000,11,1.0000,5.0000,5.0000,4.0000,-3.7500,6.0000,-6.7500,,-5.5000,,-5.5000,,-5.5000
2008-10-10,2008,-1,1236.0000,4.2500,-36.2500,-36.0000,-26.0000,-49.0000,13,-48.0000,30.5000,4,1.0000,9.5000,8.0000,7.0000,-9.0000,8.0000,-26.0000,8.0000,-26.0000,12.0000,-48.0000,,-36.2500
2008-10-13,2008,-1,1334.0000,1.7500,7.0000,7.0000,7.0000,-4.0000,3,-1.7500,11.0000,22,1.0000,5.7500,,,7.0000,,7.0000,,7.0000,,7.0000,,7.0000
2008-10-14,2008,-1,1464.5000,2.1250,42.5000,42.7500,42.5000,-2.7500,3,4.0000,58.2500,28,1.0000,6.2500,,,42.5000,,42.5000,,42.5000,,42.5000,,42.5000
2008-10-15,2008,-1,1350.5000,1.8750,9.0000,9.2500,-5.0000,-7.5000,4,-4.7500,17.0000,8,1.0000,2.7500,3.0000,3.0000,-5.0000,,9.0000,,9.0000,,9.0000,,9.0000
2008-10-16,2008,-1,1253.0000,3.1250,-7.0000,-6.5000,0.7500,-23.5000,19,-22.0000,15.2500,3,2.0000,-2.0000,8.0000,12.0000,-5.7500,13.0000,-14.5000,18.0000,-20.7500,,-7.0000,,-7.0000
2008-10-17,2008,-1,1286.0000,2.6250,-30.5000,-30.2500,-13.5000,-34.0000,28,-32.7500,2.7500,2,7.0000,11.5000,8.0000,2.0000,-6.2500,4.0000,-11.5000,12.0000,-19.7500,13.0000,-27.5000,27.0000,-31.7500
2008-10-20,2008,-1,1333.5000,1.6250,-2.5000,-2.2500,6.5000,-9.2500,30,-9.0000,16.2500,13,11.0000,-10.0000,15.0000,28.0000,-7.2500,28.0000,-7.2500,,-2.5000,,-2.5000,,-2.5000
2008-10-22,2008,1,1274.0000,2.1250,-13.7500,-14.0000,2.2500,-14.2500,30,-14.0000,7.5000,3,2.0000,-2.5000,4.0000,19.0000,-6.0000,28.0000,-9.5000,30.0000,-13.7500,,-13.7500,,-13.7500
2008-10-23,2008,1,1244.0000,2.2500,-13.0000,-12.5000,-13.0000,-28.7500,19,-26.0000,9.5000,3,21.0000,24.2500,,6.0000,-6.0000,10.0000,-10.5000,11.0000,-16.2500,13.0000,-18.7500,,-13.0000
2008-10-27,2008,-1,1181.5000,3.2500,-19.2500,-19.0000,-12.0000,-21.2500,30,-19.0000,7.2500,3,14.0000,10.5000,24.0000,9.0000,-10.5000,11.0000,-14.0000,,-19.2500,,-19.2500,,-19.2500
2008-10-28,2008,1,1207.5000,1.7500,1.2500,1.2500,1.2500,-9.2500,4,-8.2500,12.5000,17,14.0000,1.7500,,2.0000,-3.5000,4.0000,-7.7500,,1.2500,,1.2500,,1.2500
2008-10-29,2008,-1,1283.7500,1.5000,-2.0000,-2.2500,-4.5000,-8.7500,26,-7.2500,11.5000,5,1.0000,3.2500,9.0000,9.0000,-4.5000,10.0000,-7.5000,,-2.0000,,-2.0000,,-2.0000
2008-10-30,2008,-1,1326.5000,1.5000,-2.7500,-2.7500,-6.2500,-19.7500,14,-16.7500,0.2500,1,1.0000,4.2500,2.0000,1.0000,-4.2500,2.0000,-6.2500,11.0000,-12.2500,11.0000,-12.2500,,-2.7500
2008-10-31,2008,-1,1314.0000,1.7500,-5.7500,-5.7500,-2.7500,-7.5000,30,-5.7500,8.7500,14,4.0000,0.5000,5.0000,7.0000,-5.0000,,-5.7500,,-5.7500,,-5.7500,,-5.7500
2008-11-03,2008,-1,1333.2500,1.0000,-5.5000,-5.2500,-5.5000,-13.7500,17,-13.0000,5.2500,1,24.0000,11.0000,,5.0000,-4.5000,5.0000,-4.5000,6.0000,-6.7500,8.0000,-9.5000,17.0000,-12.7500
2008-11-04,2008,-1,1357.5000,1.2500,13.2500,13.0000,13.2500,-3.7500,3,-2.2500,16.0000,28,8.0000,-0.7500,,,13.2500,,13.2500,,13.2500,,13.2500,,13.2500
2008-11-05,2008,-1,1358.0000,0.7500,0.2500,0.2500,-5.0000,-6.0000,8,-5.2500,4.5000,14,1.0000,4.0000,7.0000,6.0000,-4.0000,6.0000,-4.0000,7.0000,-5.0000,,0.2500,,0.2500
2008-11-06,2008,1,1284.7500,1.2500,-21.2500,-21.2500,-4.5000,-24.2500,30,-21.2500,10.5000,4,1.0000,1.2500,16.0000,16.0000,-4.5000,18.0000,-8.5000,18.0000,-8.5000,20.0000,-13.5000,21.0000,-16.0000
2008-11-07,2008,1,1257.2500,2.2500,2.5000,2.2500,2.5000,-14.0000,19,-12.5000,5.5000,30,24.0000,6.7500,,9.0000,-7.2500,15.0000,-10.5000,,2.5000,,2.5000,,2.5000
2008-11-10,2008,-1,1297.7500,1.2500,19.5000,19.5000,19.5000,-0.2500,1,1.2500,21.7500,24,3.0000,-2.2500,,,19.5000,,19.5000,,19.5000,,19.5000,,19.5000
2008-11-11,2008,-1,1232.7500,1.0000,13.2500,13.2500,13.2500,-1.7500,7,-0.5000,18.5000,28,1.0000,3.5000,,,13.2500,,13.2500,,13.2500,,13.2500,,13.2500
2008-11-12,2008,-1,1202.5000,1.5000,-6.2500,-6.0000,-3.2500,-9.0000,21,-8.2500,6.5000,10,10.0000,1.0000,18.0000,2.0000,-3.2500,21.0000,-8.2500,,-6.2500,,-6.2500,,-6.2500
2008-11-13,2008,1,1171.7500,1.7500,-17.7500,-17.7500,-17.7500,-24.0000,27,-23.2500,3.7500,1,,,,8.0000,-5.2500,12.0000,-8.0000,14.0000,-14.0000,15.0000,-15.0000,25.0000,-23.0000
2008-11-14,2008,-1,1210.7500,1.2500,-2.7500,-2.7500,-5.0000,-11.2500,24,-10.5000,6.2500,6,5.0000,2.0000,11.0000,11.0000,-5.0000,11.0000,-5.0000,23.0000,-8.5000,24.0000,-10.5000,,-2.7500
2008-11-17,2008,1,1160.5000,1.2500,4.0000,4.0000,4.0000,-7.5000,8,-6.5000,11.5000,26,4.0000,5.7500,,1.0000,-6.7500,1.0000,-6.7500,,4.0000,,4.0000,,4.0000
2008-11-18,2008,1,1161.2500,1.2500,-8.2500,-8.5000,-2.2500,-12.2500,24,-10.7500,7.5000,9,4.0000,1.7500,20.0000,1.0000,-3.0000,21.0000,-5.5000,22.0000,-8.2500,24.0000,-10.7500,,-8.2500
2008-11-19,2008,-1,1154.0000,1.7500,-1.7500,-1.7500,-1.7500,-10.2500,8,-8.2500,3.7500,22,10.0000,7.0000,,5.0000,-6.5000,6.0000,-8.2500,,-1.7500,,-1.7500,,-1.7500
2008-11-20,2008,1,1083.0000,1.5000,-16.5000,-16.7500,-13.0000,-18.0000,13,-17.5000,1.7500,1,18.0000,11.5000,23.0000,2.0000,-3.5000,3.0000,-7.0000,4.0000,-9.0000,8.0000,-12.7500,,-16.5000
2008-11-21,2008,-1,1053.2500,1.6250,4.7500,4.7500,-1.7500,-12.5000,16,-11.0000,8.2500,30,6.0000,1.0000,12.0000,2.0000,-5.2500,14.0000,-8.5000,16.0000,-11.2500,,4.7500,,4.7500
2008-11-24,2008,-1,1109.5000,1.2500,-4.5000,-4.2500,0.7500,-5.2500,30,-4.2500,14.0000,16,5.0000,-2.5000,26.0000,28.0000,-3.2500,,-4.5000,,-4.5000,,-4.5000,,-4.5000
2008-11-25,2008,-1,1157.7500,1.5000,9.5000,9.5000,9.5000,-0.7500,1,1.0000,18.7500,24,12.0000,-4.7500,,,9.5000,,9.5000,,9.5000,,9.5000,,9.5000
2008-11-26,2008,1,1134.5000,1.5000,16.5000,16.2500,0.2500,-1.5000,6,-0.7500,18.0000,23,10.0000,-1.2500,12.0000,,16.5000,,16.5000,,16.5000,,16.5000,,16.5000
2008-11-28,2008,1,1181.7500,0.7500,-2.0000,-2.0000,-2.0000,-7.0000,23,-6.2500,4.5000,8,29.0000,5.2500,,15.0000,-1.7500,18.0000,-4.0000,22.0000,-6.0000,22.0000,-6.0000,,-2.0000
2008-12-01,2008,-1,1152.2500,1.0000,14.2500,14.5000,14.2500,-0.7500,1,1.7500,18.2500,28,2.0000,-0.7500,,,14.2500,,14.2500,,14.2500,,14.2500,,14.2500
2008-12-02,2008,-1,1102.5000,1.0000,3.2500,3.0000,0.5000,-2.0000,5,0.2500,12.2500,17,9.0000,-2.0000,20.0000,,3.2500,,3.2500,,3.2500,,3.2500,,3.2500
2008-12-03,2008,1,1102.0000,1.2500,9.7500,9.5000,9.7500,-0.2500,1,3.7500,14.5000,16,3.0000,-3.7500,,,9.7500,,9.7500,,9.7500,,9.7500,,9.7500
2008-12-04,2008,1,1149.0000,1.2500,13.7500,13.5000,13.7500,-5.0000,1,-3.2500,14.0000,30,8.0000,2.0000,,1.0000,-3.5000,,13.7500,,13.7500,,13.7500,,13.7500
2008-12-05,2008,1,1119.7500,2.0000,-12.7500,-13.0000,-12.7500,-15.7500,28,-15.2500,5.2500,8,,,,13.0000,-4.7500,17.0000,-10.2500,27.0000,-14.0000,,-12.7500,,-12.7500
2008-12-08,2008,-1,1200.5000,1.5000,0.0000,-0.2500,0.0000,-9.5000,12,-8.5000,5.2500,3,20.0000,5.5000,,5.0000,-3.5000,10.0000,-7.5000,,0.0000,,0.0000,,0.0000
2008-12-09,2008,-1,1202.7500,1.0000,-18.7500,-18.7500,-19.0000,-20.0000,19,-19.5000,0.2500,1,22.0000,17.0000,29.0000,1.0000,-2.7500,3.0000,-4.2500,4.0000,-7.5000,5.0000,-10.0000,11.0000,-12.2500
2008-12-10,2008,-1,1216.7500,1.0000,-5.0000,-4.7500,-2.5000,-5.2500,30,-4.7500,8.2500,12,1.0000,0.5000,2.0000,3.0000,-3.5000,30.0000,-5.0000,,-5.0000,,-5.0000,,-5.0000
2008-12-11,2008,-1,1205.0000,0.7500,-12.2500,-12.0000,-2.0000,-14.0000,28,-12.7500,3.2500,2,1.0000,1.5000,6.0000,6.0000,-2.0000,7.0000,-5.2500,7.0000,-5.2500,15.0000,-7.7500,19.0000,-10.2500
2008-12-12,2008,-1,1162.7500,2.7500,-23.7500,-23.5000,-14.7500,-25.0000,26,-24.2500,0.5000,1,15.0000,9.5000,18.0000,1.0000,-5.7500,7.0000,-11.2500,22.0000,-18.0000,25.0000,-24.2500,,-23.7500
2008-12-15,2008,-1,1206.7500,1.0000,17.2500,17.2500,17.2500,-1.7500,1,1.5000,19.7500,28,3.0000,-1.5000,,,17.2500,,17.2500,,17.2500,,17.2500,,17.2500
2008-12-16,2008,-1,1199.5000,1.2500,-5.7500,-5.7500,-1.5000,-8.0000,25,-7.2500,3.5000,5,1.0000,0.7500,2.0000,3.0000,-3.2500,23.0000,-7.5000,,-5.7500,,-5.7500,,-5.7500
2008-12-17,2008,-1,1228.0000,1.2500,3.2500,3.2500,-2.2500,-6.2500,17,-6.0000,5.5000,2,2.0000,-1.0000,5.0000,15.0000,-3.5000,16.0000,-5.2500,,3.2500,,3.2500,,3.2500
2008-12-18,2008,-1,1227.0000,1.0000,-4.7500,-4.7500,-4.0000,-7.7500,6,-6.7500,7.2500,22,16.0000,1.7500,29.0000,3.0000,-3.7500,4.0000,-4.2500,5.0000,-6.7500,,-4.7500,,-4.7500
2008-12-19,2008,1,1227.7500,1.0000,-1.2500,-1.2500,-1.2500,-8.5000,15,-6.7500,3.0000,1,17.0000,6.0000,,7.0000,-2.5000,10.0000,-4.7500,15.0000,-7.0000,,-1.2500,,-1.2500
2008-12-22,2008,-1,1213.2500,1.1250,13.0000,13.0000,13.0000,0.0000,1,0.7500,14.7500,13,1.0000,1.5000,,,13.0000,,13.0000,,13.0000,,13.0000,,13.0000
2008-12-23,2008,1,1197.5000,0.7500,5.5000,5.7500,5.5000,-6.2500,8,-5.2500,6.0000,27,14.0000,2.0000,,4.0000,-2.7500,6.0000,-3.2500,8.0000,-5.2500,,5.5000,,5.5000
2008-12-29,2008,-1,1188.2500,0.5000,7.7500,7.7500,7.7500,-0.2500,1,0.7500,8.0000,29,2.0000,-0.5000,,,7.7500,,7.7500,,7.7500,,7.7500,,7.7500
2008-12-31,2008,-1,1200.5000,0.6250,-11.7500,-11.7500,-11.5000,-13.0000,30,-12.2500,0.0000,1,15.0000,10.0000,28.0000,1.0000,-2.0000,2.0000,-3.5000,3.0000,-5.5000,3.0000,-5.5000,8.0000,-8.2500
2009-01-02,2009,1,1210.5000,0.8750,3.5000,3.5000,0.0000,-2.2500,1,-1.2500,7.0000,9,3.0000,0.0000,22.0000,,3.5000,,3.5000,,3.5000,,3.5000,,3.5000
2009-01-05,2009,-1,1253.0000,0.7500,4.7500,4.7500,4.7500,-5.5000,4,-4.0000,8.0000,23,18.0000,-3.2500,,1.0000,-1.7500,3.0000,-4.2500,,4.7500,,4.7500,,4.7500
2009-01-06,2009,-1,1270.2500,0.7500,-10.2500,-10.2500,-4.5000,-14.7500,28,-13.0000,1.0000,1,1.0000,3.0000,8.0000,7.0000,-2.2500,8.0000,-4.5000,15.0000,-5.5000,16.0000,-7.2500,18.0000,-9.2500
2009-01-07,2009,1,1252.5000,1.0000,-1.5000,-1.2500,-1.5000,-5.0000,17,-3.7500,4.5000,23,18.0000,1.7500,,6.0000,-2.5000,,-1.5000,,-1.5000,,-1.5000,,-1.5000
2009-01-08,2009,-1,1233.7500,0.7500,7.7500,7.7500,0.7500,-0.7500,1,0.2500,9.7500,26,8.0000,-1.5000,11.0000,,7.7500,,7.7500,,7.7500,,7.7500,,7.7500
2009-01-09,2009,-1,1248.5000,1.2500,25.0000,25.0000,25.0000,0.0000,1,1.2500,32.5000,24,2.0000,0.0000,,,25.0000,,25.0000,,25.0000,,25.0000,,25.0000
2009-01-12,2009,-1,1222.0000,0.7500,6.2500,6.2500,6.2500,-1.0000,6,-0.7500,10.5000,20,1.0000,0.7500,,,6.2500,,6.2500,,6.2500,,6.2500,,6.2500
2009-01-13,2009,-1,1197.7500,0.7500,-15.5000,-15.5000,-2.0000,-20.7500,23,-19.5000,0.5000,1,1.0000,1.5000,3.0000,3.0000,-2.0000,4.0000,-5.5000,4.0000,-5.5000,6.0000,-6.0000,12.0000,-12.0000
2009-01-14,2009,1,1184.2500,1.2500,-6.2500,-6.0000,-2.5000,-11.7500,13,-11.0000,5.0000,3,9.0000,1.7500,10.0000,11.0000,-4.7500,12.0000,-10.2500,12.0000,-10.2500,12.0000,-10.2500,,-6.2500
2009-01-15,2009,1,1159.2500,1.2500,-8.0000,-8.2500,-4.5000,-15.2500,17,-14.0000,1.5000,1,6.0000,3.2500,8.0000,2.0000,-3.0000,9.0000,-8.7500,9.0000,-8.7500,15.0000,-12.7500,,-8.0000
2009-01-16,2009,-1,1192.7500,1.3750,0.5000,0.5000,-5.0000,-7.7500,13,-6.5000,5.5000,6,1.0000,1.5000,11.0000,11.0000,-5.0000,12.0000,-6.2500,,0.5000,,0.5000,,0.5000
2009-01-20,2009,-1,1190.0000,1.0000,28.2500,27.7500,28.2500,-3.5000,4,-2.7500,28.5000,30,6.0000,1.5000,,4.0000,-2.7500,,28.2500,,28.2500,,28.2500,,28.2500
2009-01-21,2009,1,1158.7500,1.0000,1.5000,1.7500,-3.5000,-8.5000,12,-8.2500,4.0000,24,1.0000,2.7500,6.0000,4.0000,-2.0000,8.0000,-6.5000,8.0000,-6.5000,12.0000,-8.0000,,1.5000
2009-01-22,2009,-1,1157.7500,1.7500,-6.7500,-7.0000,-4.2500,-9.5000,29,-8.2500,3.0000,14,13.0000,3.0000,20.0000,3.0000,-3.7500,22.0000,-7.5000,,-6.7500,,-6.7500,,-6.7500
2009-01-23,2009,1,1149.7500,0.7500,9.0000,9.0000,-3.5000,-8.2500,3,-7.2500,11.0000,30,6.0000,3.0000,7.0000,2.0000,-2.0000,3.0000,-7.5000,3.0000,-7.5000,3.0000,-7.5000,,9.0000
2009-01-26,2009,-1,1172.5000,1.0000,-21.7500,-21.7500,-19.7500,-23.5000,30,-21.7500,0.0000,1,20.0000,12.2500,28.0000,2.0000,-2.2500,5.0000,-5.0000,8.0000,-8.0000,9.0000,-8.7500,11.0000,-14.7500
2009-01-27,2009,-1,1184.5000,1.0000,-4.2500,-4.2500,-4.2500,-12.2500,13,-11.5000,0.2500,1,26.0000,9.5000,,2.0000,-2.7500,4.0000,-7.2500,4.0000,-7.2500,6.0000,-8.5000,,-4.2500
2009-01-28,2009,1,1212.2500,0.7500,2.7500,2.7500,-0.2500,-1.7500,2,-0.5000,6.2500,5,5.0000,0.0000,15.0000,,2.7500,,2.7500,,2.7500,,2.7500,,2.7500
2009-01-29,2009,-1,1217.0000,0.7500,5.0000,5.0000,5.0000,-2.5000,3,-1.0000,9.0000,28,6.0000,-1.0000,,,5.0000,,5.0000,,5.0000,,5.0000,,5.0000
2009-01-30,2009,1,1210.7500,1.2500,-13.2500,-13.5000,-0.5000,-14.5000,30,-13.5000,3.5000,5,5.0000,-0.2500,10.0000,17.0000,-2.7500,24.0000,-8.2500,24.0000,-8.2500,26.0000,-11.5000,,-13.2500
2009-02-02,2009,1,1169.5000,1.0000,9.7500,9.7500,9.7500,-2.5000,2,-1.2500,12.0000,29,4.0000,0.7500,,,9.7500,,9.7500,,9.7500,,9.7500,,9.7500
2009-02-03,2009,-1,1196.2500,1.0000,11.7500,11.5000,11.7500,-0.7500,1,2.5000,18.7500,19,2.0000,0.0000,,,11.7500,,11.7500,,11.7500,,11.7500,,11.7500
2009-02-04,2009,-1,1212.2500,1.0000,-22.7500,-23.0000,-22.7500,-25.0000,29,-24.0000,1.0000,4,,,,5.0000,-3.0000,7.0000,-5.5000,8.0000,-7.5000,9.0000,-8.7500,10.0000,-13.0000
2009-02-05,2009,1,1200.0000,0.7500,2.2500,2.0000,-0.5000,-3.0000,3,-2.2500,7.7500,12,8.0000,0.2500,23.0000,3.0000,-2.2500,,2.2500,,2.2500,,2.2500,,2.2500
2009-02-06,2009,-1,1244.2500,1.1250,-19.5000,-19.7500,-20.5000,-22.5000,6,-22.0000,0.2500,1,11.0000,19.2500,25.0000,2.0000,-4.7500,2.0000,-4.7500,3.0000,-10.7500,3.0000,-10.7500,4.0000,-16.7500
2009-02-09,2009,-1,1271.7500,0.8750,2.0000,2.0000,0.7500,-3.2500,21,-2.5000,3.7500,5,2.0000,-1.0000,8.0000,17.0000,-2.5000,,2.0000,,2.0000,,2.0000,,2.0000
2009-02-10,2009,1,1273.7500,1.0000,6.2500,6.5000,-1.7500,-2.5000,2,-1.7500,12.2500,19,1.0000,1.5000,2.0000,,6.2500,,6.2500,,6.2500,,6.2500,,6.2500
2009-02-11,2009,1,1232.2500,1.2500,-0.2500,-0.2500,-2.2500,-4.0000,14,-3.0000,7.0000,23,5.0000,1.5000,10.0000,13.0000,-3.2500,,-0.2500,,-0.2500,,-0.2500,,-0.2500
2009-02-12,2009,-1,1207.7500,1.3750,1.0000,1.2500,-3.2500,-10.5000,13,-10.0000,5.2500,29,1.0000,1.2500,3.0000,3.0000,-3.2500,12.0000,-7.7500,13.0000,-9.7500,,1.0000,,1.0000
2009-02-13,2009,1,1241.2500,1.0000,-1.7500,-1.5000,-1.7500,-11.5000,15,-10.7500,1.7500,1,26.0000,8.7500,,4.0000,-4.2500,4.0000,-4.2500,13.0000,-7.5000,14.0000,-10.2500,,-1.7500
2009-02-17,2009,1,1198.7500,1.3750,-10.2500,-10.0000,-4.2500,-19.7500,18,-19.5000,2.7500,1,1.0000,1.5000,7.0000,7.0000,-4.2500,16.0000,-9.7500,16.0000,-9.7500,17.0000,-15.5000,18.0000,-19.2500
2009-02-18,2009,-1,1191.2500,1.0000,5.7500,5.5000,5.7500,-4.7500,13,-3.7500,8.5000,28,19.0000,-1.7500,,12.0000,-3.5000,,5.7500,,5.7500,,5.7500,,5.7500
2009-02-19,2009,1,1197.7500,1.0000,0.5000,0.7500,-1.5000,-5.5000,20,-4.5000,3.7500,9,4.0000,1.2500,7.0000,2.0000,-2.2500,20.0000,-4.7500,,0.5000,,0.5000,,0.5000
2009-02-20,2009,1,1155.7500,1.1250,5.7500,5.5000,0.0000,-2.0000,1,-0.5000,11.2500,20,3.0000,-0.7500,8.0000,,5.7500,,5.7500,,5.7500,,5.7500,,5.7500
2009-02-23,2009,-1,1174.5000,1.0000,15.2500,15.0000,15.2500,0.0000,1,1.2500,15.2500,30,3.0000,-1.7500,,,15.2500,,15.2500,,15.2500,,15.2500,,15.2500
2009-02-24,2009,-1,1136.5000,1.0000,-4.2500,-4.5000,-11.2500,-13.7500,19,-13.0000,1.0000,29,12.0000,10.7500,13.0000,2.0000,-5.0000,2.0000,-5.0000,4.0000,-6.7500,5.0000,-9.2500,9.0000,-12.2500
2009-02-25,2009,-1,1157.5000,1.0000,4.5000,4.5000,-4.0000,-6.2500,8,-5.7500,4.5000,30,13.0000,4.2500,22.0000,1.0000,-2.0000,2.0000,-4.5000,,4.5000,,4.5000,,4.5000
2009-02-26,2009,-1,1164.5000,1.0000,-1.0000,-1.2500,-1.0000,-3.2500,2,-2.0000,10.7500,14,1.0000,2.7500,,,-1.0000,,-1.0000,,-1.0000,,-1.0000,,-1.0000
2009-02-27,2009,1,1117.5000,1.2500,11.5000,11.5000,-5.0000,-5.5000,6,-4.7500,13.5000,29,4.0000,0.2500,5.0000,5.0000,-5.0000,,11.5000,,11.5000,,11.5000,,11.5000
2009-03-02,2009,1,1101.2500,1.1250,11.2500,11.2500,11.2500,-2.2500,2,-1.0000,14.7500,22,5.0000,-1.0000,,,11.2500,,11.2500,,11.2500,,11.2500,,11.2500
2009-03-03,2009,-1,1091.0000,1.0000,3.5000,3.7500,0.2500,-1.2500,1,-1.0000,6.7500,28,3.0000,-0.7500,6.0000,,3.5000,,3.5000,,3.5000,,3.5000,,3.5000
2009-03-04,2009,-1,1095.0000,1.2500,-5.7500,-5.2500,-5.5000,-9.5000,10,-8.7500,2.7500,2,20.0000,3.7500,24.0000,4.0000,-4.5000,5.0000,-6.7500,10.0000,-8.5000,,-5.7500,,-5.7500
2009-03-05,2009,1,1095.2500,1.0000,7.5000,7.5000,7.5000,-5.0000,2,-3.0000,10.0000,15,4.0000,1.5000,,1.0000,-3.0000,,7.5000,,7.5000,,7.5000,,7.5000
2009-03-06,2009,-1,1080.2500,1.5000,8.5000,8.5000,1.0000,-8.0000,13,-6.2500,8.7500,29,2.0000,-2.2500,6.0000,10.0000,-4.7500,12.0000,-6.2500,,8.5000,,8.5000,,8.5000
2009-03-09,2009,-1,1057.7500,1.0000,-16.0000,-16.0000,-15.0000,-25.0000,22,-24.2500,0.2500,1,11.0000,14.5000,14.0000,1.0000,-3.5000,2.0000,-5.5000,3.0000,-8.0000,6.0000,-10.2500,7.0000,-12.2500
2009-03-10,2009,1,1065.0000,0.7500,15.2500,15.2500,15.2500,-2.5000,2,-1.7500,20.0000,22,6.0000,-0.5000,,1.0000,-2.0000,,15.2500,,15.2500,,15.2500,,15.2500
2009-03-11,2009,-1,1114.2500,0.7500,-13.5000,-13.5000,-1.7500,-17.0000,28,-16.0000,8.0000,5,1.0000,1.2500,7.0000,8.0000,-3.2500,8.0000,-3.2500,12.0000,-6.0000,13.0000,-8.5000,14.0000,-13.5000
2009-03-12,2009,1,1122.5000,1.3750,-2.7500,-3.0000,-2.7500,-10.2500,14,-9.0000,3.2500,3,25.0000,7.2500,,8.0000,-2.5000,13.0000,-8.2500,14.0000,-8.5000,,-2.7500,,-2.7500
2009-03-13,2009,-1,1156.2500,0.6250,-8.2500,-8.2500,-7.5000,-9.5000,8,-8.2500,3.0000,11,10.0000,6.5000,22.0000,3.0000,-6.2500,3.0000,-6.2500,3.0000,-6.2500,3.0000,-6.2500,8.0000,-7.5000
2009-03-16,2009,-1,1166.0000,0.7500,5.7500,5.5000,-3.5000,-5.2500,9,-4.5000,9.5000,25,1.0000,3.0000,6.0000,6.0000,-3.5000,6.0000,-3.5000,,5.7500,,5.7500,,5.7500
2009-03-17,2009,1,1152.2500,0.7500,8.5000,8.0000,-3.2500,-4.7500,14,-4.0000,9.5000,30,1.0000,1.5000,11.0000,11.0000,-3.2500,11.0000,-3.2500,,8.5000,,8.5000,,8.5000
2009-03-18,2009,1,1185.5000,0.7500,3.2500,3.7500,3.2500,-0.7500,2,0.2500,7.2500,13,1.0000,1.2500,,,3.2500,,3.2500,,3.2500,,3.2500,,3.2500
2009-03-19,2009,-1,1216.5000,1.0000,12.0000,12.0000,12.0000,-0.5000,1,1.0000,13.7500,30,2.0000,0.0000,,,12.0000,,12.0000,,12.0000,,12.0000,,12.0000
2009-03-20,2009,1,1211.0000,0.7500,2.0000,2.2500,2.0000,-5.0000,10,-4.2500,9.0000,20,15.0000,2.2500,,3.0000,-1.7500,9.0000,-4.2500,,2.0000,,2.0000,,2.0000
2009-03-23,2009,-1,1204.5000,1.1250,-9.2500,-8.7500,-9.2500,-10.5000,27,-10.5000,1.5000,20,,,,5.0000,-4.5000,6.0000,-7.2500,6.0000,-7.2500,27.0000,-9.7500,,-9.2500
2009-03-24,2009,-1,1244.5000,0.7500,-3.0000,-3.0000,-0.7500,-6.5000,29,-4.5000,5.0000,16,9.0000,-0.5000,10.0000,11.0000,-3.2500,11.0000,-3.2500,,-3.0000,,-3.0000,,-3.0000
2009-03-25,2009,1,1247.7500,0.8750,11.2500,11.0000,11.2500,-3.7500,10,-3.0000,11.5000,30,1.0000,3.2500,,1.0000,-2.5000,,11.2500,,11.2500,,11.2500,,11.2500
2009-03-26,2009,1,1254.7500,0.8750,3.0000,2.7500,-1.7500,-2.7500,27,-1.7500,8.2500,11,1.0000,1.2500,26.0000,,3.0000,,3.0000,,3.0000,,3.0000,,3.0000
2009-03-30,2009,-1,1227.5000,0.5000,8.0000,8.0000,8.0000,-0.2500,1,0.7500,14.5000,19,4.0000,-1.5000,,,8.0000,,8.0000,,8.0000,,8.0000,,8.0000
2009-03-31,2009,1,1235.2500,0.7500,0.7500,0.7500,-3.7500,-4.7500,11,-4.0000,3.0000,7,16.0000,2.5000,28.0000,10.0000,-3.7500,10.0000,-3.7500,,0.7500,,0.7500,,0.7500
2009-04-01,2009,-1,1212.7500,0.7500,-4.2500,-4.0000,-3.7500,-8.2500,28,-6.2500,2.7500,19,12.0000,3.2500,26.0000,3.0000,-1.7500,9.0000,-3.5000,28.0000,-6.5000,28.0000,-6.5000,,-4.2500
2009-04-02,2009,1,1272.5000,0.8750,11.5000,11.5000,11.5000,-4.5000,4,-3.2500,13.2500,28,6.0000,2.5000,,3.0000,-3.5000,,11.5000,,11.5000,,11.5000,,11.5000
2009-04-03,2009,1,1302.0000,1.2500,-4.7500,-5.0000,0.5000,-5.7500,29,-5.0000,7.2500,11,6.0000,-1.5000,15.0000,18.0000,-2.7500,,-4.7500,,-4.7500,,-4.7500,,-4.7500
2009-04-06,2009,-1,1298.2500,1.0000,2.0000,2.0000,-1.5000,-2.7500,3,-1.5000,8.0000,21,1.0000,0.7500,3.0000,,2.0000,,2.0000,,2.0000,,2.0000,,2.0000
2009-04-07,2009,-1,1290.0000,0.7500,5.5000,5.5000,5.5000,-1.7500,3,0.0000,10.0000,13,6.0000,-2.5000,,,5.5000,,5.5000,,5.5000,,5.5000,,5.5000
2009-04-08,2009,1,1291.7500,0.7500,3.0000,3.0000,3.0000,-0.7500,8,0.2500,6.5000,13,1.0000,1.2500,,,3.0000,,3.0000,,3.0000,,3.0000,,3.0000
2009-04-09,2009,-1,1319.0000,0.8750,-20.2500,-20.2500,-5.5000,-21.0000,28,-20.2500,0.0000,1,8.0000,3.5000,9.0000,2.0000,-3.2500,5.0000,-4.5000,9.0000,-5.5000,12.0000,-8.7500,18.0000,-12.0000
2009-04-13,2009,-1,1331.2500,0.5000,1.2500,1.2500,-0.5000,-4.0000,8,-3.2500,4.5000,24,2.0000,-0.2500,5.0000,6.0000,-3.2500,6.0000,-3.2500,6.0000,-3.2500,,1.2500,,1.2500
2009-04-14,2009,-1,1322.2500,0.8750,-8.7500,-8.7500,-4.2500,-9.7500,29,-8.7500,0.5000,5,1.0000,3.5000,6.0000,1.0000,-2.5000,6.0000,-4.2500,7.0000,-6.7500,17.0000,-7.5000,,-8.7500
2009-04-15,2009,-1,1306.0000,0.8750,-3.7500,-3.7500,-3.7500,-4.7500,3,-4.5000,2.7500,24,6.0000,3.5000,30.0000,3.0000,-4.2500,3.0000,-4.2500,,-3.7500,,-3.7500,,-3.7500
2009-04-16,2009,-1,1331.2500,0.7500,-2.2500,-2.2500,-0.7500,-3.7500,28,-2.2500,6.2500,16,10.0000,-1.0000,25.0000,30.0000,-2.2500,,-2.2500,,-2.2500,,-2.2500,,-2.2500
2009-04-20,2009,1,1329.2500,0.7500,-8.2500,-8.2500,-8.2500,-9.5000,29,-8.7500,3.7500,8,,,,9.0000,-2.0000,11.0000,-3.2500,12.0000,-5.0000,15.0000,-6.2500,,-8.2500
2009-04-21,2009,1,1305.2500,0.7500,12.5000,13.0000,12.5000,-0.5000,1,-0.5000,21.2500,20,3.0000,-0.5000,,,12.5000,,12.5000,,12.5000,,12.5000,,12.5000
2009-04-22,2009,1,1319.5000,0.7500,22.2500,22.0000,22.2500,-0.2500,1,3.5000,22.5000,30,1.0000,1.0000,,,22.2500,,22.2500,,22.2500,,22.2500,,22.2500
2009-04-23,2009,-1,1338.7500,1.2500,12.5000,12.5000,12.5000,-4.5000,9,-3.5000,13.0000,30,16.0000,0.5000,,9.0000,-3.2500,,12.5000,,12.5000,,12.5000,,12.5000
2009-04-24,2009,-1,1348.2500,0.7500,-8.0000,-7.7500,-0.5000,-9.0000,30,-7.7500,5.2500,4,2.0000,0.0000,6.0000,10.0000,-3.5000,10.0000,-3.5000,27.0000,-5.2500,29.0000,-6.0000,,-8.0000
2009-04-27,2009,1,1360.0000,0.6250,10.5000,10.2500,10.5000,-1.0000,3,-0.2500,13.7500,20,1.0000,0.5000,,,10.5000,,10.5000,,10.5000,,10.5000,,10.5000
2009-04-28,2009,-1,1358.0000,1.0000,-11.0000,-11.0000,-11.0000,-11.7500,30,-11.0000,3.7500,4,,,,18.0000,-3.0000,19.0000,-4.7500,27.0000,-7.5000,28.0000,-8.2500,,-11.0000
2009-04-29,2009,1,1371.7500,0.7500,6.5000,6.5000,-0.7500,-3.5000,4,-2.2500,7.5000,28,8.0000,0.0000,9.0000,3.0000,-2.2500,,6.5000,,6.5000,,6.5000,,6.5000
2009-04-30,2009,-1,1395.7500,0.7500,-12.7500,-12.5000,-9.5000,-13.0000,30,-12.5000,2.7500,2,14.0000,9.2500,22.0000,3.0000,-2.0000,7.0000,-5.2500,7.0000,-5.2500,8.0000,-6.5000,10.0000,-10.2500
2009-05-01,2009,-1,1392.2500,0.5000,3.0000,3.2500,-0.7500,-1.5000,4,-0.7500,8.2500,15,1.0000,0.2500,4.0000,,3.0000,,3.0000,,3.0000,,3.0000,,3.0000
2009-05-04,2009,-1,1405.5000,0.5000,-9.7500,-9.7500,-0.5000,-10.7500,29,-10.5000,3.5000,2,2.0000,0.0000,8.0000,10.0000,-1.5000,11.0000,-2.2500,12.0000,-4.0000,12.0000,-4.0000,28.0000,-6.2500
2009-05-05,2009,-1,1419.5000,0.5000,4.0000,4.0000,4.0000,-4.2500,7,-3.2500,6.7500,20,9.0000,1.7500,,3.0000,-1.7500,6.0000,-3.2500,6.0000,-3.2500,,4.0000,,4.0000
2009-05-06,2009,-1,1432.7500,0.7500,13.2500,13.5000,7.0000,-0.7500,3,0.7500,14.0000,30,14.0000,-7.5000,15.0000,,13.2500,,13.2500,,13.2500,,13.2500,,13.2500
2009-05-07,2009,-1,1428.7500,1.0000,23.5000,23.5000,-0.5000,-0.7500,2,-0.5000,24.7500,27,1.0000,0.2500,2.0000,,23.5000,,23.5000,,23.5000,,23.5000,,23.5000
2009-05-08,2009,-1,1395.2500,1.2500,-2.5000,-2.5000,-4.7500,-15.0000,16,-14.2500,0.7500,1,5.0000,3.2500,10.0000,1.0000,-3.0000,11.0000,-5.7500,12.0000,-8.7500,13.0000,-13.7500,,-2.5000
2009-05-11,2009,1,1375.5000,1.0000,2.0000,2.0000,-3.5000,-8.2500,13,-7.5000,2.7500,1,1.0000,2.0000,10.0000,10.0000,-3.5000,11.0000,-6.5000,11.0000,-6.5000,,2.0000,,2.0000
2009-05-12,2009,-1,1399.0000,0.5000,16.5000,16.5000,16.5000,0.0000,1,2.7500,22.0000,18,2.0000,-1.7500,,,16.5000,,16.5000,,16.5000,,16.5000,,16.5000
2009-05-13,2009,-1,1363.7500,0.7500,9.2500,9.2500,1.7500,-0.2500,1,0.5000,9.7500,30,7.0000,-2.2500,18.0000,,9.2500,,9.2500,,9.2500,,9.2500,,9.2500
2009-05-14,2009,1,1348.5000,1.0000,4.5000,4.2500,-2.0000,-5.2500,23,-4.5000,5.2500,11,2.0000,-0.5000,7.0000,17.0000,-3.0000,22.0000,-4.5000,,4.5000,,4.5000,,4.5000
2009-05-15,2009,1,1353.0000,0.7500,9.0000,9.0000,9.0000,-0.2500,9,0.7500,14.5000,26,2.0000,-0.7500,,,9.0000,,9.0000,,9.0000,,9.0000,,9.0000
2009-05-18,2009,1,1367.5000,0.7500,-7.7500,-7.5000,-3.7500,-7.7500,30,-7.5000,1.7500,20,13.0000,2.5000,24.0000,3.0000,-1.7500,4.0000,-3.7500,8.0000,-4.7500,29.0000,-7.0000,,-7.7500
2009-05-19,2009,-1,1380.5000,0.8750,-3.5000,-3.2500,-3.5000,-11.2500,7,-11.2500,0.5000,1,21.0000,5.2500,,2.0000,-3.7500,2.0000,-3.7500,4.0000,-7.0000,5.0000,-7.7500,7.0000,-11.2500
2009-05-20,2009,1,1403.0000,0.5000,13.7500,13.7500,13.7500,-1.0000,7,0.0000,14.7500,30,1.0000,1.7500,,,13.7500,,13.7500,,13.7500,,13.7500,,13.7500
2009-05-21,2009,-1,1377.0000,0.7500,-4.2500,-4.2500,-1.7500,-13.5000,19,-11.5000,3.5000,2,1.0000,1.5000,2.0000,2.0000,-1.7500,10.0000,-5.7500,10.0000,-5.7500,15.0000,-8.7500,18.0000,-10.7500
2009-05-22,2009,-1,1371.0000,0.7500,12.2500,12.2500,12.2500,0.0000,1,1.7500,18.7500,21,2.0000,-0.2500,,,12.2500,,12.2500,,12.2500,,12.2500,,12.2500
2009-05-26,2009,1,1354.2500,0.6250,36.5000,36.5000,36.5000,-0.5000,1,3.0000,50.7500,28,2.0000,0.5000,,,36.5000,,36.5000,,36.5000,,36.5000,,36.5000
2009-05-27,2009,-1,1406.5000,0.7500,-7.7500,-8.0000,-1.0000,-15.2500,28,-14.2500,2.2500,2,10.0000,0.7500,11.0000,4.0000,-2.2500,5.0000,-3.5000,16.0000,-4.7500,17.0000,-7.2500,19.0000,-9.5000
2009-05-28,2009,1,1416.7500,0.7500,-15.7500,-16.0000,-4.0000,-16.5000,30,-16.0000,0.7500,1,8.0000,3.5000,22.0000,2.0000,-2.2500,5.0000,-4.2500,6.0000,-5.0000,24.0000,-8.5000,25.0000,-9.2500
2009-05-29,2009,-1,1419.0000,0.7500,-3.2500,-3.2500,-3.5000,-12.2500,9,-9.7500,4.7500,3,1.0000,2.2500,6.0000,5.0000,-1.7500,6.0000,-3.5000,8.0000,-8.0000,8.0000,-8.0000,9.0000,-9.7500
2009-06-01,2009,-1,1447.5000,0.8750,-17.7500,-18.0000,-17.7500,-20.0000,29,-19.0000,0.0000,1,,,,1.0000,-3.7500,1.0000,-3.7500,8.0000,-6.0000,10.0000,-8.7500,12.0000,-10.5000
2009-06-02,2009,-1,1467.7500,0.7500,-25.7500,-25.7500,-25.7500,-26.5000,30,-25.7500,1.2500,2,,,,3.0000,-3.7500,3.0000,-3.7500,7.0000,-6.5000,7.0000,-6.5000,19.0000,-9.2500
2009-06-03,2009,1,1473.0000,0.7500,-7.2500,-7.2500,-4.2500,-8.7500,29,-8.5000,2.0000,19,14.0000,4.2500,15.0000,2.0000,-2.0000,3.0000,-3.5000,8.0000,-4.7500,22.0000,-6.2500,,-7.2500
2009-06-04,2009,1,1480.2500,0.7500,4.5000,4.5000,4.5000,-2.0000,2,-1.5000,8.7500,12,3.0000,-0.2500,,,4.5000,,4.5000,,4.5000,,4.5000,,4.5000
2009-06-05,2009,-1,1503.7500,1.0000,13.5000,13.5000,-0.5000,-2.0000,6,-0.5000,19.2500,17,3.0000,-0.7500,6.0000,,13.5000,,13.5000,,13.5000,,13.5000,,13.5000
2009-06-08,2009,1,1483.5000,0.5000,-12.0000,-12.2500,-10.0000,-13.5000,28,-13.0000,2.0000,1,19.0000,8.7500,21.0000,2.0000,-2.0000,3.0000,-4.5000,3.0000,-4.5000,3.0000,-4.5000,7.0000,-7.5000
2009-06-09,2009,-1,1493.7500,0.7500,-2.7500,-3.0000,-5.0000,-8.5000,13,-7.5000,0.2500,1,19.0000,4.7500,21.0000,1.0000,-1.7500,7.0000,-3.2500,9.0000,-7.5000,9.0000,-7.5000,,-2.7500
2009-06-10,2009,-1,1508.5000,0.7500,15.0000,14.7500,15.0000,-0.7500,1,0.0000,15.0000,30,4.0000,-1.5000,,,15.0000,,15.0000,,15.0000,,15.0000,,15.0000
2009-06-11,2009,1,1495.0000,1.0000,8.7500,9.0000,-2.5000,-2.7500,6,-2.5000,13.2500,16,2.0000,-0.2500,5.0000,5.0000,-2.5000,,8.7500,,8.7500,,8.7500,,8.7500
2009-06-12,2009,-1,1483.7500,0.5000,15.0000,14.7500,15.0000,-1.7500,8,-1.0000,15.2500,30,1.0000,3.2500,,,15.0000,,15.0000,,15.0000,,15.0000,,15.0000
2009-06-15,2009,-1,1465.0000,0.7500,4.2500,4.2500,-3.0000,-6.7500,7,-6.0000,6.0000,15,1.0000,2.7500,5.0000,4.0000,-2.2500,6.0000,-5.7500,6.0000,-5.7500,,4.2500,,4.2500
2009-06-16,2009,-1,1458.5000,0.8750,-4.5000,-4.2500,-2.2500,-7.7500,21,-6.7500,2.0000,8,1.0000,1.7500,3.0000,3.0000,-2.2500,13.0000,-4.0000,17.0000,-5.7500,,-4.5000,,-4.5000
2009-06-17,2009,-1,1446.2500,0.7500,5.5000,5.5000,5.5000,-5.0000,6,-4.7500,7.2500,28,9.0000,2.0000,,1.0000,-3.5000,1.0000,-3.5000,5.0000,-4.7500,,5.5000,,5.5000
2009-06-18,2009,-1,1450.5000,0.5000,-8.2500,-8.2500,-1.0000,-9.0000,30,-8.2500,7.5000,7,5.0000,-0.7500,21.0000,27.0000,-5.0000,27.0000,-5.0000,27.0000,-5.0000,27.0000,-5.0000,28.0000,-6.2500
2009-06-22,2009,1,1456.5000,0.5000,-18.0000,-18.0000,-14.2500,-19.0000,30,-18.2500,0.5000,1,16.0000,12.7500,23.0000,1.0000,-1.2500,2.0000,-2.5000,3.0000,-4.7500,3.0000,-4.7500,8.0000,-7.0000
2009-06-23,2009,-1,1427.0000,0.7500,8.2500,8.2500,8.2500,-4.7500,4,-3.2500,8.7500,13,6.0000,2.7500,,3.0000,-3.2500,3.0000,-3.2500,,8.2500,,8.2500,,8.2500
2009-06-24,2009,-1,1433.2500,0.5000,-6.5000,-6.5000,-6.5000,-8.5000,26,-8.0000,0.2500,2,,,,3.0000,-2.5000,3.0000,-2.5000,4.0000,-6.0000,4.0000,-6.0000,19.0000,-7.2500
2009-06-25,2009,1,1441.0000,0.7500,19.5000,19.7500,19.5000,-8.2500,6,-7.5000,20.7500,30,8.0000,4.7500,,2.0000,-2.0000,3.0000,-4.0000,4.0000,-4.7500,5.0000,-7.7500,,19.5000
2009-06-26,2009,1,1467.0000,0.7500,5.2500,5.2500,5.2500,-1.5000,1,-0.7500,11.7500,12,4.0000,-0.7500,,,5.2500,,5.2500,,5.2500,,5.2500,,5.2500
2009-06-30,2009,1,1485.7500,0.5000,-4.0000,-3.7500,-2.5000,-4.2500,30,-3.7500,6.0000,8,1.0000,1.0000,29.0000,29.0000,-2.5000,29.0000,-2.5000,30.0000,-4.0000,,-4.0000,,-4.0000
2009-07-01,2009,-1,1484.5000,0.5000,-2.0000,-2.0000,-2.0000,-5.2500,25,-4.7500,2.5000,3,29.0000,4.5000,,4.0000,-1.2500,18.0000,-3.0000,19.0000,-4.0000,20.0000,-4.2500,,-2.0000
2009-07-02,2009,-1,1458.5000,0.7500,11.7500,11.7500,11.7500,-0.2500,1,2.7500,13.0000,23,1.0000,0.5000,,,11.7500,,11.7500,,11.7500,,11.7500,,11.7500
2009-07-06,2009,-1,1432.2500,0.5000,-5.2500,-5.2500,-5.2500,-10.5000,18,-10.2500,0.2500,1,20.0000,9.5000,,1.0000,-1.0000,2.0000,-3.5000,2.0000,-3.5000,5.0000,-4.2500,9.0000,-7.7500
2009-07-07,2009,-1,1437.7500,0.7500,11.0000,11.0000,11.0000,-3.0000,2,-2.2500,11.7500,30,6.0000,0.7500,,1.0000,-2.2500,,11.0000,,11.0000,,11.0000,,11.0000
2009-07-08,2009,-1,1411.0000,0.5000,2.7500,2.5000,-0.2500,-3.2500,13,-2.7500,7.2500,25,2.0000,-0.5000,3.0000,4.0000,-1.5000,13.0000,-2.7500,,2.7500,,2.7500,,2.7500
2009-07-09,2009,-1,1412.2500,0.7500,3.2500,3.2500,3.2500,-6.0000,2,-5.5000,5.7500,18,8.0000,3.0000,,1.0000,-2.0000,2.0000,-5.5000,2.0000,-5.5000,,3.2500,,3.2500
2009-07-10,2009,1,1414.0000,0.5000,4.0000,4.0000,4.0000,-1.0000,1,1.0000,12.5000,20,1.0000,2.2500,,,4.0000,,4.0000,,4.0000,,4.0000,,4.0000
2009-07-13,2009,-1,1418.7500,0.7500,16.2500,16.5000,16.2500,-3.0000,1,-1.7500,17.2500,22,6.0000,-0.7500,,1.0000,-1.5000,,16.2500,,16.2500,,16.2500,,16.2500
2009-07-14,2009,1,1441.7500,0.8750,2.2500,2.2500,-1.0000,-3.7500,21,-2.2500,10.5000,3,2.0000,0.0000,12.0000,20.0000,-2.2500,,2.2500,,2.2500,,2.2500,,2.2500
2009-07-15,2009,1,1472.7500,0.5000,8.2500,8.0000,8.2500,-1.5000,2,-0.5000,11.7500,12,1.0000,2.2500,,,8.2500,,8.2500,,8.2500,,8.2500,,8.2500
2009-07-16,2009,1,1496.7500,0.6250,4.7500,5.0000,4.7500,-1.2500,3,-1.0000,11.0000,20,1.0000,3.2500,,,4.7500,,4.7500,,4.7500,,4.7500,,4.7500
2009-07-17,2009,-1,1515.5000,0.7500,4.7500,4.7500,4.7500,-3.0000,3,-2.7500,5.7500,18,6.0000,1.0000,,3.0000,-2.7500,,4.7500,,4.7500,,4.7500,,4.7500
2009-07-20,2009,-1,1527.5000,0.5000,-12.2500,-12.2500,-12.2500,-14.2500,28,-13.5000,0.2500,1,,,,1.0000,-2.0000,2.0000,-3.7500,2.0000,-3.7500,3.0000,-6.0000,4.0000,-6.5000
2009-07-21,2009,-1,1543.2500,0.7500,9.0000,9.2500,9.0000,-2.2500,5,-2.0000,9.5000,16,13.0000,-3.5000,,5.0000,-1.5000,,9.0000,,9.0000,,9.0000,,9.0000
2009-07-22,2009,-1,1549.7500,0.5000,-14.0000,-14.2500,-14.0000,-15.2500,28,-14.2500,1.5000,2,26.0000,11.5000,28.0000,2.0000,-2.2500,5.0000,-2.5000,7.0000,-5.5000,7.0000,-5.5000,8.0000,-6.7500
2009-07-23,2009,1,1563.7500,0.7500,12.2500,11.7500,12.2500,-0.5000,3,-0.2500,15.7500,28,1.0000,1.0000,,,12.2500,,12.2500,,12.2500,,12.2500,,12.2500
2009-07-24,2009,1,1583.2500,0.5000,-6.0000,-6.2500,-2.0000,-8.5000,26,-7.7500,8.0000,11,1.0000,1.5000,19.0000,19.0000,-2.0000,23.0000,-5.5000,23.0000,-5.5000,23.0000,-5.5000,24.0000,-6.5000
2009-07-27,2009,1,1597.0000,0.8750,2.7500,2.7500,-5.5000,-7.2500,5,-6.2500,4.0000,30,8.0000,5.0000,23.0000,3.0000,-4.2500,3.0000,-4.2500,4.0000,-6.2500,,2.7500,,2.7500
2009-07-28,2009,1,1592.2500,1.0000,1.5000,1.5000,1.5000,-2.5000,2,-1.5000,8.7500,27,6.0000,0.0000,,,1.5000,,1.5000,,1.5000,,1.5000,,1.5000
2009-07-29,2009,1,1596.0000,0.7500,-0.7500,-0.5000,-0.7500,-8.0000,11,-7.2500,3.0000,15,12.0000,6.5000,,3.0000,-4.2500,3.0000,-4.2500,5.0000,-5.2500,6.0000,-6.5000,,-0.7500
2009-07-30,2009,-1,1613.2500,0.7500,-10.5000,-10.5000,-10.5000,-14.7500,28,-13.2500,1.0000,1,30.0000,12.5000,,1.0000,-2.0000,8.0000,-3.2500,20.0000,-6.0000,22.0000,-6.2500,25.0000,-11.0000
2009-07-31,2009,1,1610.7500,0.7500,-5.5000,-5.0000,-4.5000,-7.7500,29,-7.2500,8.0000,15,1.0000,1.2500,28.0000,28.0000,-4.5000,28.0000,-4.5000,29.0000,-7.2500,29.0000,-7.2500,,-5.5000
2009-08-03,2009,-1,1617.0000,0.5000,-1.7500,-1.7500,-4.2500,-6.5000,4,-4.7500,7.0000,11,9.0000,1.0000,28.0000,1.0000,-2.2500,1.0000,-2.2500,3.0000,-3.5000,4.0000,-4.7500,,-1.7500
2009-08-04,2009,-1,1618.0000,0.5000,-3.7500,-3.7500,-3.7500,-5.7500,29,-4.7500,2.7500,1,,,,3.0000,-1.2500,8.0000,-2.0000,27.0000,-3.5000,28.0000,-4.7500,,-3.7500
2009-08-05,2009,-1,1625.2500,0.5000,14.0000,14.0000,-2.5000,-4.5000,11,-4.0000,14.0000,30,1.0000,2.5000,4.0000,3.0000,-1.2500,4.0000,-2.5000,7.0000,-3.0000,,14.0000,,14.0000
2009-08-06,2009,-1,1616.2500,0.7500,14.7500,14.7500,-3.7500,-5.5000,4,-5.2500,16.0000,30,5.0000,3.5000,8.0000,1.0000,-5.0000,1.0000,-5.0000,1.0000,-5.0000,,14.7500,,14.7500
2009-08-07,2009,1,1625.0000,1.0000,-13.0000,-12.7500,-5.7500,-14.0000,29,-12.7500,1.2500,1,1.0000,4.5000,5.0000,2.0000,-3.2500,5.0000,-5.7500,6.0000,-7.0000,11.0000,-9.7500,28.0000,-12.2500
2009-08-10,2009,1,1612.7500,0.5000,1.0000,0.7500,1.0000,-1.2500,17,-1.0000,6.0000,24,1.0000,1.2500,,,1.0000,,1.0000,,1.0000,,1.0000,,1.0000
2009-08-11,2009,-1,1599.2500,0.5000,6.7500,6.5000,6.7500,-5.2500,3,-4.7500,8.2500,29,11.0000,2.7500,,1.0000,-3.0000,1.0000,-3.0000,2.0000,-3.5000,4.0000,-4.7500,,6.7500
2009-08-12,2009,1,1595.2500,0.7500,24.2500,24.2500,24.2500,0.0000,1,0.7500,26.5000,29,1.0000,0.5000,,,24.2500,,24.2500,,24.2500,,24.2500,,24.2500
2009-08-13,2009,-1,1627.7500,0.7500,13.5000,13.7500,1.2500,-0.7500,1,-0.2500,17.7500,24,5.0000,-3.2500,7.0000,,13.5000,,13.5000,,13.5000,,13.5000,,13.5000
2009-08-14,2009,-1,1620.0000,0.7500,16.7500,16.7500,16.7500,-2.5000,2,-1.2500,19.0000,28,1.0000,1.7500,,,16.7500,,16.7500,,16.7500,,16.7500,,16.7500
2009-08-17,2009,-1,1578.5000,1.0000,1.2500,1.0000,1.2500,-4.5000,2,-2.5000,8.5000,13,5.0000,0.2500,,2.0000,-2.5000,,1.2500,,1.2500,,1.2500,,1.2500
2009-08-18,2009,1,1574.0000,0.7500,-1.7500,-1.7500,-4.0000,-6.0000,20,-5.0000,4.0000,4,23.0000,2.7500,26.0000,9.0000,-2.7500,14.0000,-3.2500,15.0000,-4.7500,,-1.7500,,-1.7500
2009-08-19,2009,1,1569.7500,0.5000,12.0000,12.0000,12.0000,-1.7500,6,-0.5000,13.0000,29,9.0000,-1.0000,,,12.0000,,12.0000,,12.0000,,12.0000,,12.0000
2009-08-20,2009,1,1597.0000,0.7500,14.0000,14.0000,14.0000,-0.5000,1,1.0000,16.0000,28,1.0000,1.2500,,,14.0000,,14.0000,,14.0000,,14.0000,,14.0000
2009-08-21,2009,-1,1623.7500,0.7500,-0.7500,-0.7500,-3.2500,-4.0000,28,-3.2500,9.5000,21,1.0000,1.0000,28.0000,28.0000,-3.2500,28.0000,-3.2500,,-0.7500,,-0.7500,,-0.7500
2009-08-24,2009,-1,1638.7500,0.5000,-4.0000,-4.2500,-3.2500,-6.2500,7,-5.7500,2.7500,22,16.0000,3.0000,26.0000,1.0000,-1.7500,2.0000,-3.0000,3.0000,-3.2500,6.0000,-4.2500,,-4.0000
2009-08-25,2009,1,1641.5000,0.7500,13.2500,13.0000,-4.0000,-6.2500,5,-4.5000,14.0000,30,1.0000,1.2500,4.0000,4.0000,-4.0000,4.0000,-4.0000,,13.2500,,13.2500,,13.2500
2009-08-26,2009,1,1637.0000,0.7500,3.0000,3.0000,3.0000,-4.5000,20,-3.7500,6.2500,28,23.0000,3.0000,,3.0000,-3.0000,21.0000,-3.5000,,3.0000,,3.0000,,3.0000
2009-08-27,2009,-1,1633.5000,0.5000,20.2500,20.5000,20.2500,-1.0000,6,-1.0000,20.5000,30,1.0000,1.7500,,,20.2500,,20.2500,,20.2500,,20.2500,,20.2500
2009-08-28,2009,1,1660.5000,1.1250,-9.2500,-9.2500,-1.7500,-10.2500,27,-9.5000,8.0000,4,4.0000,-0.2500,8.0000,10.0000,-2.7500,12.0000,-5.2500,24.0000,-7.2500,28.0000,-9.2500,,-9.2500
2009-09-01,2009,1,1622.7500,0.5000,21.0000,21.2500,21.0000,-0.2500,1,2.7500,21.7500,29,1.0000,0.7500,,,21.0000,,21.0000,,21.0000,,21.0000,,21.0000
2009-09-02,2009,1,1591.7500,0.7500,4.2500,4.2500,4.2500,-3.7500,8,-2.7500,10.5000,20,10.0000,1.0000,,7.0000,-2.7500,,4.2500,,4.2500,,4.2500,,4.2500
2009-09-03,2009,-1,1599.2500,0.7500,7.0000,6.7500,7.0000,-4.7500,1,-4.5000,9.2500,26,4.0000,1.0000,,1.0000,-4.5000,1.0000,-4.5000,,7.0000,,7.0000,,7.0000
2009-09-04,2009,-1,1606.0000,0.8750,-3.5000,-3.2500,-3.5000,-11.0000,10,-10.2500,0.0000,1,14.0000,8.5000,,1.0000,-3.0000,2.0000,-5.0000,3.0000,-6.7500,8.0000,-7.2500,,-3.5000
2009-09-08,2009,1,1653.7500,0.7500,-7.5000,-7.0000,-3.2500,-8.7500,13,-7.2500,2.2500,1,1.0000,2.7500,5.0000,5.0000,-3.2500,5.0000,-3.2500,10.0000,-6.5000,10.0000,-6.5000,,-7.5000
2009-09-09,2009,-1,1650.7500,0.5000,-10.2500,-10.2500,-5.7500,-11.2500,24,-10.5000,2.0000,1,1.0000,4.0000,13.0000,5.0000,-1.5000,9.0000,-2.2500,12.0000,-3.2500,13.0000,-5.7500,14.0000,-7.0000
2009-09-10,2009,1,1667.2500,0.5000,6.5000,6.5000,-0.2500,-2.2500,14,-1.5000,6.5000,4,2.0000,0.2500,7.0000,13.0000,-1.0000,,6.5000,,6.5000,,6.5000,,6.5000
2009-09-11,2009,-1,1680.7500,0.7500,-3.5000,-3.7500,-2.2500,-6.7500,28,-5.0000,1.2500,11,10.0000,1.2500,15.0000,3.0000,-1.7500,4.0000,-4.0000,22.0000,-5.0000,,-3.5000,,-3.5000
2009-09-14,2009,1,1677.2500,0.5000,2.2500,2.2500,2.2500,-5.5000,6,-5.5000,5.5000,29,9.0000,4.2500,,3.0000,-1.0000,5.0000,-4.7500,5.0000,-4.7500,5.0000,-4.7500,,2.2500
2009-09-15,2009,1,1690.5000,0.7500,-3.7500,-3.7500,-3.7500,-3.7500,30,-3.7500,8.2500,8,1.0000,1.7500,30.0000,30.0000,-3.7500,30.0000,-3.7500,,-3.7500,,-3.7500,,-3.7500
2009-09-16,2009,1,1704.7500,0.7500,-1.0000,-0.7500,-1.5000,-7.2500,22,-7.0000,0.7500,1,1.0000,1.0000,3.0000,5.0000,-2.2500,19.0000,-3.5000,21.0000,-6.0000,22.0000,-7.0000,,-1.0000
2009-09-17,2009,1,1718.7500,0.7500,5.7500,5.7500,-0.7500,-1.7500,12,-0.7500,10.2500,28,2.0000,-0.2500,11.0000,,5.7500,,5.7500,,5.7500,,5.7500,,5.7500
2009-09-18,2009,-1,1726.5000,0.5000,6.0000,5.7500,6.0000,-2.5000,4,-1.7500,6.7500,30,19.0000,-2.5000,,2.0000,-1.5000,,6.0000,,6.0000,,6.0000,,6.0000
2009-09-21,2009,1,1715.2500,0.7500,1.2500,1.2500,-0.7500,-3.5000,28,-2.5000,6.2500,13,9.0000,-1.0000,23.0000,28.0000,-2.5000,,1.2500,,1.2500,,1.2500,,1.2500
2009-09-22,2009,-1,1734.5000,0.5000,6.7500,6.5000,1.0000,-1.7500,10,-0.7500,6.5000,30,14.0000,-1.5000,19.0000,,6.7500,,6.7500,,6.7500,,6.7500,,6.7500
2009-09-23,2009,-1,1736.5000,0.5000,1.5000,1.5000,1.5000,-4.0000,11,-3.5000,3.2500,29,21.0000,2.7500,,1.0000,-1.7500,6.0000,-2.7500,7.0000,-3.5000,,1.5000,,1.5000
2009-09-24,2009,-1,1731.7500,0.5000,13.7500,13.7500,13.7500,-1.7500,2,-0.7500,13.7500,30,4.0000,0.5000,,,13.7500,,13.7500,,13.7500,,13.7500,,13.7500
2009-09-25,2009,-1,1696.0000,0.5000,-7.5000,-7.7500,-5.2500,-13.0000,25,-10.2500,0.2500,1,8.0000,2.5000,10.0000,2.0000,-2.5000,2.0000,-2.5000,10.0000,-5.2500,10.0000,-5.2500,11.0000,-6.5000
2009-09-28,2009,1,1704.5000,0.5000,15.7500,15.7500,-1.2500,-1.7500,6,-1.2500,16.2500,29,1.0000,1.0000,2.0000,2.0000,-1.2500,,15.7500,,15.7500,,15.7500,,15.7500
2009-09-29,2009,-1,1722.2500,0.7500,10.5000,10.5000,-6.7500,-8.5000,25,-7.5000,11.0000,30,16.0000,2.5000,24.0000,1.0000,-2.2500,3.0000,-3.7500,10.0000,-4.5000,24.0000,-6.7500,,10.5000
2009-09-30,2009,-1,1721.5000,0.5000,26.5000,26.7500,26.5000,-0.7500,7,-0.5000,32.7500,25,1.0000,1.5000,,,26.5000,,26.5000,,26.5000,,26.5000,,26.5000
2009-10-01,2009,-1,1705.7500,0.8750,4.5000,4.0000,-3.0000,-3.7500,2,-2.7500,12.2500,28,4.0000,1.0000,17.0000,2.0000,-2.7500,,4.5000,,4.5000,,4.5000,,4.5000
2009-10-02,2009,1,1656.5000,1.0000,11.5000,11.5000,11.5000,-0.2500,1,1.2500,12.5000,30,3.0000,-1.7500,,,11.5000,,11.5000,,11.5000,,11.5000,,11.5000
2009-10-05,2009,-1,1668.0000,0.5000,0.0000,0.0000,-2.0000,-6.0000,28,-4.2500,5.2500,5,4.0000,0.5000,8.0000,8.0000,-2.0000,9.0000,-3.0000,10.0000,-3.2500,11.0000,-4.5000,,0.0000
2009-10-06,2009,1,1685.5000,0.5000,17.5000,17.2500,17.5000,-2.7500,6,-1.5000,17.5000,30,9.0000,-1.7500,,5.0000,-1.5000,,17.5000,,17.5000,,17.5000,,17.5000
2009-10-07,2009,1,1700.0000,0.5000,1.2500,1.0000,-3.0000,-3.7500,16,-2.7500,5.7500,7,1.0000,1.5000,16.0000,15.0000,-1.2500,16.0000,-3.0000,,1.2500,,1.2500,,1.2500
2009-10-08,2009,1,1719.5000,0.8750,-4.2500,-4.2500,-2.0000,-5.0000,28,-4.2500,4.7500,12,4.0000,1.7500,20.0000,1.0000,-2.0000,2.0000,-3.5000,,-4.2500,,-4.2500,,-4.2500
2009-10-09,2009,-1,1709.7500,0.5000,-10.5000,-10.5000,-10.5000,-13.2500,25,-13.0000,2.0000,1,,,,1.0000,-1.2500,3.0000,-2.5000,7.0000,-3.2500,8.0000,-5.7500,10.0000,-8.0000
2009-10-12,2009,1,1733.2500,0.5000,6.2500,6.0000,6.2500,-1.2500,2,-0.5000,6.5000,29,1.0000,1.2500,,,6.2500,,6.2500,,6.2500,,6.2500,,6.2500
2009-10-13,2009,1,1729.5000,0.5000,-7.0000,-7.0000,-2.0000,-7.7500,30,-7.0000,3.7500,4,1.0000,1.5000,10.0000,10.0000,-2.0000,12.0000,-3.2500,12.0000,-3.2500,22.0000,-4.7500,29.0000,-6.2500
2009-10-14,2009,-1,1746.5000,0.5000,4.2500,4.2500,-0.7500,-3.7500,2,-2.7500,6.7500,19,6.0000,0.5000,11.0000,1.0000,-1.5000,2.0000,-3.0000,,4.2500,,4.2500,,4.2500
2009-10-15,2009,1,1744.2500,0.5000,5.0000,5.0000,5.0000,-1.0000,2,0.2500,6.5000,27,14.0000,-2.2500,,,5.0000,,5.0000,,5.0000,,5.0000,,5.0000
2009-10-16,2009,-1,1740.0000,0.7500,9.5000,9.5000,-1.7500,-3.2500,3,-2.7500,10.0000,29,1.0000,1.7500,3.0000,2.0000,-1.7500,,9.5000,,9.5000,,9.5000,,9.5000
2009-10-19,2009,-1,1735.5000,0.5000,4.0000,4.0000,-3.5000,-6.5000,9,-5.0000,6.0000,29,1.0000,1.5000,3.0000,3.0000,-3.5000,3.0000,-3.5000,3.0000,-3.5000,4.0000,-4.7500,,4.0000
2009-10-20,2009,-1,1758.0000,0.5000,-3.0000,-3.2500,-2.2500,-3.7500,29,-3.7500,5.5000,8,1.0000,2.0000,22.0000,3.0000,-2.0000,22.0000,-2.2500,29.0000,-3.7500,,-3.0000,,-3.0000
2009-10-21,2009,1,1756.7500,0.5000,14.7500,14.7500,14.7500,-0.5000,3,0.0000,15.0000,30,1.0000,1.2500,,,14.7500,,14.7500,,14.7500,,14.7500,,14.7500
2009-10-22,2009,-1,1744.7500,0.5000,5.5000,5.2500,-4.2500,-10.2500,5,-9.5000,5.7500,30,1.0000,3.0000,2.0000,2.0000,-4.2500,2.0000,-4.2500,2.0000,-4.2500,3.0000,-7.2500,3.0000,-7.2500
2009-10-23,2009,-1,1773.0000,0.7500,4.0000,4.0000,-0.5000,-2.5000,1,-1.2500,7.5000,14,4.0000,-0.2500,29.0000,,4.0000,,4.0000,,4.0000,,4.0000,,4.0000
2009-10-26,2009,1,1759.2500,0.7500,17.0000,16.7500,17.0000,-1.0000,3,-0.5000,18.0000,30,1.0000,1.0000,,,17.0000,,17.0000,,17.0000,,17.0000,,17.0000
2009-10-27,2009,1,1748.2500,0.7500,-21.0000,-21.2500,-5.0000,-30.2500,30,-21.2500,2.2500,3,18.0000,4.2500,25.0000,9.0000,-3.2500,9.0000,-3.2500,12.0000,-4.7500,26.0000,-6.2500,28.0000,-16.2500
2009-10-28,2009,1,1713.0000,1.2500,-5.7500,-5.7500,-5.0000,-7.5000,28,-5.7500,4.7500,13,1.0000,3.0000,28.0000,28.0000,-5.0000,30.0000,-5.7500,,-5.7500,,-5.7500,,-5.7500
2009-10-29,2009,1,1695.0000,0.7500,2.2500,2.2500,-3.7500,-8.2500,15,-7.2500,2.7500,30,1.0000,2.7500,2.0000,2.0000,-3.7500,2.0000,-3.7500,3.0000,-5.2500,12.0000,-6.2500,,2.2500
2009-10-30,2009,1,1707.2500,0.7500,3.5000,3.2500,-4.2500,-8.7500,21,-7.7500,4.5000,11,11.0000,4.0000,15.0000,8.0000,-5.2500,8.0000,-5.2500,8.0000,-5.2500,9.0000,-6.2500,,3.5000
2009-11-02,2009,1,1669.5000,0.5000,4.7500,4.5000,4.7500,-14.0000,15,-13.2500,7.0000,28,21.0000,11.7500,,2.0000,-3.5000,2.0000,-3.5000,2.0000,-3.5000,3.0000,-6.2500,4.0000,-8.0000
2009-11-03,2009,-1,1659.0000,1.0000,-8.0000,-7.7500,-8.0000,-9.0000,24,-8.5000,1.0000,1,29.0000,6.7500,30.0000,2.0000,-3.0000,3.0000,-5.2500,9.0000,-6.2500,25.0000,-8.0000,,-8.0000
2009-11-04,2009,1,1685.2500,0.5000,3.7500,3.7500,-0.7500,-5.2500,13,-4.5000,4.7500,30,1.0000,0.7500,3.0000,4.0000,-1.2500,8.0000,-2.2500,12.0000,-4.0000,17.0000,-4.2500,,3.7500
2009-11-05,2009,1,1699.5000,0.5000,10.7500,10.7500,10.7500,-3.5000,7,-2.7500,12.7500,28,14.0000,0.5000,,2.0000,-1.7500,6.0000,-2.5000,,10.7500,,10.7500,,10.7500
2009-11-06,2009,1,1715.2500,1.0000,13.7500,13.7500,13.7500,-2.0000,3,-1.7500,16.7500,24,1.0000,2.0000,,,13.7500,,13.7500,,13.7500,,13.7500,,13.7500
2009-11-09,2009,-1,1741.0000,0.7500,-11.5000,-11.5000,-11.5000,-12.7500,29,-12.2500,0.2500,3,,,,4.0000,-1.7500,5.0000,-4.2500,7.0000,-6.7500,7.0000,-6.7500,21.0000,-9.2500
2009-11-10,2009,1,1765.5000,0.5000,8.5000,8.5000,8.5000,0.0000,1,1.7500,11.0000,19,1.0000,0.2500,,,8.5000,,8.5000,,8.5000,,8.5000,,8.5000
2009-11-11,2009,-1,1782.7500,0.5000,-2.7500,-2.7500,-0.2500,-6.5000,28,-4.5000,2.2500,13,14.0000,-0.2500,18.0000,1.0000,-1.5000,23.0000,-3.5000,23.0000,-3.5000,26.0000,-4.5000,,-2.7500
2009-11-12,2009,1,1782.7500,0.7500,7.2500,7.2500,7.2500,-3.7500,8,-2.5000,10.7500,28,15.0000,1.0000,,1.0000,-1.7500,,7.2500,,7.2500,,7.2500,,7.2500
2009-11-13,2009,1,1778.2500,0.5000,-2.2500,-2.2500,-3.5000,-6.2500,25,-6.0000,3.7500,20,14.0000,1.2500,23.0000,1.0000,-2.2500,1.0000,-2.2500,3.0000,-3.5000,24.0000,-4.2500,,-2.2500
2009-11-16,2009,-1,1793.5000,0.5000,-13.2500,-13.2500,-13.2500,-16.0000,24,-15.2500,2.0000,1,,,,2.0000,-2.0000,4.0000,-3.7500,4.0000,-3.7500,5.0000,-4.0000,8.0000,-6.5000
2009-11-17,2009,1,1802.0000,0.5000,4.7500,4.5000,4.7500,-2.0000,2,-1.0000,7.2500,19,5.0000,0.2500,,,4.7500,,4.7500,,4.7500,,4.7500,,4.7500
2009-11-18,2009,-1,1803.7500,0.5000,10.7500,10.7500,-2.0000,-2.2500,11,-2.0000,11.5000,30,1.0000,1.2500,11.0000,11.0000,-2.0000,,10.7500,,10.7500,,10.7500,,10.7500
2009-11-19,2009,-1,1788.0000,0.5000,19.0000,19.0000,19.0000,0.0000,1,1.2500,24.0000,22,4.0000,-2.0000,,,19.0000,,19.0000,,19.0000,,19.0000,,19.0000
2009-11-20,2009,-1,1761.5000,0.6250,2.2500,2.2500,2.2500,-6.7500,8,-5.7500,4.0000,29,14.0000,2.5000,,2.0000,-2.7500,2.0000,-2.7500,7.0000,-5.5000,7.0000,-5.5000,,2.2500
2009-11-23,2009,1,1783.5000,0.5000,17.0000,17.0000,17.0000,-1.2500,3,-0.2500,17.5000,27,5.0000,-1.0000,,,17.0000,,17.0000,,17.0000,,17.0000,,17.0000
2009-11-24,2009,-1,1788.7500,0.5000,10.2500,10.0000,10.2500,-2.7500,10,-2.0000,12.5000,24,13.0000,1.2500,,3.0000,-1.0000,,10.2500,,10.2500,,10.2500,,10.2500
2009-11-25,2009,-1,1788.0000,1.0000,-3.2500,-3.0000,-3.2500,-5.5000,28,-3.7500,1.5000,21,10.0000,3.0000,,4.0000,-2.2500,,-3.2500,,-3.2500,,-3.2500,,-3.2500
2009-11-27,2009,-1,1746.2500,1.0000,-20.0000,-20.2500,-11.2500,-20.2500,30,-20.2500,0.2500,1,12.0000,11.2500,20.0000,1.0000,-4.7500,1.0000,-4.7500,2.0000,-7.5000,8.0000,-11.0000,9.0000,-13.0000
2009-11-30,2009,-1,1759.7500,0.7500,-3.2500,-3.5000,-1.5000,-5.7500,12,-5.0000,4.0000,1,1.0000,1.2500,4.0000,4.0000,-1.5000,10.0000,-3.7500,12.0000,-5.0000,,-3.2500,,-3.2500
2009-12-01,2009,1,1787.0000,0.5000,6.0000,6.2500,6.0000,-2.2500,2,-1.5000,6.2500,30,4.0000,1.0000,,1.0000,-1.2500,,6.0000,,6.0000,,6.0000,,6.0000
2009-12-02,2009,1,1792.0000,0.5000,6.5000,6.2500,6.5000,-0.2500,1,0.5000,7.2500,8,2.0000,0.2500,,,6.5000,,6.5000,,6.5000,,6.5000,,6.5000
2009-12-03,2009,1,1798.2500,1.0000,0.2500,0.2500,-1.2500,-2.0000,29,-1.0000,8.5000,15,2.0000,-0.7500,29.0000,,0.2500,,0.2500,,0.2500,,0.2500,,0.2500
2009-12-04,2009,-1,1803.5000,1.0000,-10.5000,-10.5000,-4.2500,-12.7500,18,-12.0000,1.5000,2,1.0000,3.2500,4.0000,4.0000,-4.2500,4.0000,-4.2500,8.0000,-7.5000,11.0000,-9.0000,,-10.5000
2009-12-07,2009,1,1794.5000,0.5000,0.5000,0.2500,0.5000,-6.2500,9,-5.7500,3.5000,21,13.0000,4.0000,,1.0000,-2.7500,1.0000,-2.7500,6.0000,-5.0000,6.0000,-5.0000,,0.5000
2009-12-08,2009,-1,1769.7500,0.6250,3.7500,3.7500,3.7500,-0.7500,2,-0.5000,9.7500,13,4.0000,0.2500,,,3.7500,,3.7500,,3.7500,,3.7500,,3.7500
2009-12-09,2009,1,1771.2500,0.7500,-1.5000,-1.5000,-1.5000,-12.5000,15,-11.5000,0.0000,1,19.0000,9.2500,,1.0000,-2.0000,3.0000,-5.0000,3.0000,-5.0000,4.0000,-7.5000,8.0000,-9.2500
2009-12-10,2009,1,1800.7500,0.7500,-2.5000,-2.5000,-1.2500,-2.5000,30,-2.5000,6.0000,4,2.0000,-0.2500,21.0000,30.0000,-2.5000,,-2.5000,,-2.5000,,-2.5000,,-2.5000
2009-12-11,2009,1,1807.0000,0.7500,-2.7500,-2.7500,-2.7500,-9.2500,19,-8.2500,0.7500,26,,,,1.0000,-2.2500,2.0000,-4.0000,15.0000,-5.0000,17.0000,-6.2500,,-2.7500
2009-12-14,2009,-1,1801.2500,0.5000,4.2500,4.0000,4.2500,-1.5000,20,-0.7500,4.2500,30,27.0000,-1.2500,,,4.2500,,4.2500,,4.2500,,4.2500,,4.2500
2009-12-15,2009,-1,1800.7500,0.6250,3.2500,3.2500,3.2500,-2.0000,4,-1.0000,5.0000,21,6.0000,0.2500,,,3.2500,,3.2500,,3.2500,,3.2500,,3.2500
2009-12-16,2009,1,1805.5000,0.3750,6.0000,5.7500,0.5000,-0.5000,1,0.2500,7.2500,21,5.0000,-1.0000,10.0000,,6.0000,,6.0000,,6.0000,,6.0000,,6.0000
2009-12-17,2009,-1,1787.7500,0.5000,6.7500,6.7500,6.7500,-5.2500,9,-4.7500,13.7500,25,14.0000,3.5000,,3.0000,-1.0000,4.0000,-3.2500,4.0000,-3.2500,8.0000,-4.5000,,6.7500
2009-12-18,2009,-1,1790.2500,0.5000,-9.7500,-9.7500,-2.5000,-12.5000,13,-10.7500,2.0000,5,1.0000,2.0000,7.0000,7.0000,-2.5000,7.0000,-2.5000,12.0000,-6.0000,12.0000,-6.0000,13.0000,-9.2500
2009-12-21,2009,1,1820.2500,0.5000,6.2500,6.2500,6.2500,-0.2500,1,1.2500,7.5000,30,1.0000,1.0000,,,6.2500,,6.2500,,6.2500,,6.2500,,6.2500
2009-12-22,2009,-1,1831.5000,0.2500,-5.7500,-6.0000,-6.2500,-8.0000,28,-7.0000,0.2500,1,21.0000,5.5000,29.0000,1.0000,-2.0000,1.0000,-2.0000,1.0000,-2.0000,4.0000,-2.5000,5.0000,-4.7500
2009-12-23,2009,-1,1840.0000,0.5000,0.0000,0.2500,-5.0000,-5.7500,7,-5.7500,3.0000,29,9.0000,4.5000,17.0000,1.0000,-1.7500,2.0000,-2.5000,4.0000,-4.2500,4.0000,-4.2500,,0.0000
2009-12-24,2009,1,1855.2500,0.2500,6.2500,6.5000,6.2500,-0.7500,5,-0.2500,7.2500,29,1.0000,0.5000,,,6.2500,,6.2500,,6.2500,,6.2500,,6.2500
2009-12-28,2009,1,1873.2500,0.2500,3.2500,3.0000,3.2500,0.0000,1,2.5000,8.2500,15,1.0000,0.7500,,,3.2500,,3.2500,,3.2500,,3.2500,,3.2500
2009-12-29,2009,1,1878.7500,0.2500,-4.2500,-4.2500,-3.7500,-4.7500,24,-4.5000,0.5000,1,27.0000,3.5000,28.0000,6.0000,-0.7500,7.0000,-2.0000,7.0000,-2.0000,8.0000,-3.2500,8.0000,-3.2500
2009-12-30,2009,1,1871.0000,0.2500,7.0000,7.2500,-2.2500,-2.2500,4,-2.0000,9.2500,23,1.0000,0.7500,4.0000,3.0000,-0.5000,4.0000,-2.2500,4.0000,-2.2500,,7.0000,,7.0000
2010-01-04,2010,-1,1881.7500,0.5000,-2.5000,-2.2500,-4.2500,-5.7500,13,-4.2500,1.2500,1,16.0000,4.0000,17.0000,3.0000,-2.5000,3.0000,-2.5000,13.0000,-4.2500,13.0000,-4.2500,,-2.5000
2010-01-05,2010,1,1886.2500,0.5000,-2.2500,-2.0000,-4.7500,-6.2500,28,-6.0000,1.2500,1,14.0000,4.2500,27.0000,2.0000,-2.5000,2.0000,-2.5000,4.0000,-3.7500,8.0000,-4.5000,,-2.2500
2010-01-06,2010,1,1887.0000,0.5000,0.0000,0.0000,0.5000,-3.0000,19,-2.0000,4.7500,4,4.0000,-1.2500,9.0000,12.0000,-1.2500,,0.0000,,0.0000,,0.0000,,0.0000
2010-01-07,2010,1,1879.0000,0.5000,-9.7500,-9.7500,-1.7500,-11.2500,27,-10.7500,1.0000,1,1.0000,1.0000,4.0000,4.0000,-1.7500,5.0000,-2.7500,6.0000,-3.2500,9.0000,-4.5000,16.0000,-6.7500
2010-01-08,2010,1,1872.7500,0.7500,5.7500,5.5000,-4.0000,-6.2500,10,-4.2500,6.0000,30,15.0000,3.7500,23.0000,7.0000,-2.2500,10.0000,-4.0000,,5.7500,,5.7500,,5.7500
2010-01-11,2010,-1,1892.2500,0.5000,7.7500,7.5000,7.7500,-0.7500,3,0.5000,9.7500,27,1.0000,1.7500,,,7.7500,,7.7500,,7.7500,,7.7500,,7.7500
2010-01-12,2010,-1,1872.5000,0.5000,4.5000,4.5000,4.5000,-2.5000,3,-1.5000,11.0000,15,6.0000,0.7500,,3.0000,-1.5000,,4.5000,,4.5000,,4.5000,,4.5000
2010-01-13,2010,1,1871.2500,0.5000,-11.0000,-11.0000,-4.0000,-11.5000,30,-11.0000,1.0000,1,1.0000,3.0000,4.0000,3.0000,-2.0000,4.0000,-4.0000,4.0000,-4.0000,4.0000,-4.0000,7.0000,-7.0000
2010-01-14,2010,1,1881.5000,0.6250,3.0000,3.0000,3.0000,-2.2500,6,-2.2500,4.2500,18,10.0000,1.2500,,6.0000,-2.2500,,3.0000,,3.0000,,3.0000,,3.0000
2010-01-15,2010,1,1891.0000,0.7500,-17.0000,-17.0000,-17.0000,-18.7500,29,-17.0000,0.2500,1,,,,2.0000,-1.7500,6.0000,-3.7500,7.0000,-5.0000,12.0000,-8.5000,15.0000,-10.0000
2010-01-19,2010,1,1870.7500,0.5000,11.7500,11.7500,11.7500,-0.2500,3,0.2500,12.0000,30,1.0000,2.5000,,,11.7500,,11.7500,,11.7500,,11.7500,,11.7500
2010-01-20,2010,-1,1873.2500,0.7500,2.5000,2.7500,-1.7500,-4.5000,6,-3.7500,3.7500,30,13.0000,1.5000,20.0000,2.0000,-2.5000,5.0000,-3.5000,,2.5000,,2.5000,,2.5000
2010-01-21,2010,1,1879.0000,0.7500,-2.7500,-2.5000,-4.0000,-9.2500,15,-9.0000,1.7500,2,1.0000,3.0000,11.0000,10.0000,-1.7500,11.0000,-4.0000,12.0000,-5.5000,14.0000,-6.5000,,-2.7500
2010-01-22,2010,-1,1837.0000,1.0000,-1.2500,-1.5000,-5.5000,-10.5000,5,-9.0000,0.7500,1,20.0000,5.2500,26.0000,1.0000,-3.7500,2.0000,-6.7500,2.0000,-6.7500,5.0000,-9.2500,,-1.2500
2010-01-25,2010,-1,1802.0000,0.6250,-7.0000,-7.2500,-4.5000,-7.5000,30,-7.2500,0.5000,1,1.0000,2.5000,3.0000,2.0000,-2.5000,3.0000,-4.5000,3.0000,-4.5000,6.0000,-5.2500,,-7.0000
2010-01-26,2010,-1,1793.7500,1.0000,-1.0000,-1.2500,-0.5000,-4.5000,13,-4.2500,4.0000,23,22.0000,-0.7500,27.0000,4.0000,-2.2500,13.0000,-4.2500,,-1.0000,,-1.0000,,-1.0000
2010-01-27,2010,1,1799.7500,1.1250,0.2500,0.2500,0.2500,-0.2500,1,0.2500,9.7500,16,1.0000,0.5000,,,0.2500,,0.2500,,0.2500,,0.2500,,0.2500
2010-01-28,2010,-1,1799.7500,0.7500,9.5000,9.5000,9.5000,-0.2500,1,1.2500,12.0000,8,1.0000,2.5000,,,9.5000,,9.5000,,9.5000,,9.5000,,9.5000
2010-01-29,2010,-1,1783.5000,1.0000,3.5000,3.2500,0.2500,-4.7500,23,-4.0000,4.7500,8,8.0000,-1.2500,14.0000,19.0000,-3.7500,,3.5000,,3.5000,,3.5000,,3.5000
2010-02-01,2010,-1,1744.2500,0.7500,-6.0000,-6.0000,-6.0000,-9.2500,18,-8.5000,0.5000,5,21.0000,8.2500,,1.0000,-2.7500,14.0000,-4.2500,15.0000,-6.0000,16.0000,-7.0000,,-6.0000
2010-02-02,2010,-1,1758.0000,0.5000,6.5000,6.7500,-2.2500,-4.5000,5,-3.5000,6.7500,30,7.0000,2.2500,15.0000,4.0000,-3.2500,4.0000,-3.2500,4.0000,-3.2500,,6.5000,,6.5000
2010-02-03,2010,1,1765.7500,0.7500,9.5000,9.5000,9.5000,-1.7500,1,-1.5000,11.0000,27,3.0000,-0.2500,,,9.5000,,9.5000,,9.5000,,9.5000,,9.5000
2010-02-04,2010,-1,1768.0000,1.0000,13.7500,13.5000,13.7500,-5.2500,8,-5.0000,16.2500,26,9.0000,2.2500,,4.0000,-2.5000,7.0000,-5.0000,,13.7500,,13.7500,,13.7500
2010-02-05,2010,1,1739.2500,1.2500,-8.7500,-9.0000,-9.0000,-15.7500,23,-14.5000,0.2500,1,10.0000,6.7500,17.0000,3.0000,-4.2500,4.0000,-6.5000,5.0000,-8.5000,22.0000,-12.7500,,-8.7500
2010-02-08,2010,-1,1741.0000,0.8750,-0.2500,-0.5000,0.0000,-3.5000,28,-3.0000,9.2500,19,3.0000,-0.2500,5.0000,9.0000,-2.2500,,-0.2500,,-0.2500,,-0.2500,,-0.2500
2010-02-09,2010,1,1753.2500,0.7500,-5.2500,-5.2500,-5.2500,-7.2500,17,-6.2500,3.0000,2,21.0000,4.5000,30.0000,5.0000,-2.2500,7.0000,-3.5000,10.0000,-5.7500,17.0000,-6.2500,,-5.2500
2010-02-10,2010,1,1754.2500,1.0000,-7.0000,-7.0000,-2.2500,-7.2500,30,-7.0000,4.5000,6,1.0000,2.0000,11.0000,11.0000,-2.2500,28.0000,-5.2500,30.0000,-7.0000,,-7.0000,,-7.0000
2010-02-11,2010,-1,1742.7500,1.7500,4.5000,4.5000,1.7500,-3.5000,5,-1.5000,6.0000,13,13.0000,-2.5000,18.0000,,4.5000,,4.5000,,4.5000,,4.5000,,4.5000
2010-02-12,2010,-1,1757.2500,1.0000,-0.7500,-0.7500,-1.5000,-4.7500,24,-3.7500,3.0000,8,4.0000,1.0000,6.0000,23.0000,-2.5000,,-0.7500,,-0.7500,,-0.7500,,-0.7500
2010-02-16,2010,-1,1787.5000,1.0000,0.5000,0.5000,0.5000,-3.5000,1,-3.2500,6.7500,14,4.0000,1.5000,,1.0000,-3.0000,,0.5000,,0.5000,,0.5000,,0.5000
2010-02-17,2010,-1,1806.7500,0.7500,1.7500,1.7500,1.7500,-2.2500,3,-1.5000,6.5000,11,5.0000,0.7500,,,1.7500,,1.7500,,1.7500,,1.7500,,1.7500
2010-02-18,2010,1,1808.2500,0.7500,3.2500,3.2500,3.2500,-2.5000,12,-2.2500,3.7500,30,18.0000,1.2500,,11.0000,-1.7500,,3.2500,,3.2500,,3.2500,,3.2500
2010-02-19,2010,-1,1816.7500,0.5000,3.2500,3.2500,3.2500,-3.7500,9,-3.7500,4.7500,29,27.0000,-1.7500,,7.0000,-3.0000,7.0000,-3.0000,7.0000,-3.0000,,3.2500,,3.2500
2010-02-22,2010,-1,1825.0000,0.7500,11.2500,11.5000,11.2500,-1.5000,3,-0.5000,14.7500,29,1.0000,2.5000,,,11.2500,,11.2500,,11.2500,,11.2500,,11.2500
2010-02-23,2010,1,1816.5000,0.7500,-8.5000,-8.5000,-1.0000,-9.2500,30,-8.5000,1.0000,22,1.0000,0.5000,2.0000,3.0000,-2.5000,5.0000,-4.2500,6.0000,-5.5000,28.0000,-6.5000,,-8.5000
2010-02-24,2010,1,1808.0000,0.5000,2.7500,2.7500,2.7500,-2.0000,6,-2.0000,6.0000,22,14.0000,-0.2500,,6.0000,-2.0000,,2.7500,,2.7500,,2.7500,,2.7500
2010-02-25,2010,-1,1785.2500,1.2500,2.0000,2.2500,-1.0000,-3.0000,6,-2.0000,4.7500,13,4.0000,0.7500,5.0000,,2.0000,,2.0000,,2.0000,,2.0000,,2.0000
2010-02-26,2010,-1,1808.0000,0.7500,2.5000,2.7500,-3.5000,-4.0000,12,-3.5000,4.5000,10,6.0000,0.2500,11.0000,11.0000,-3.5000,11.0000,-3.5000,,2.5000,,2.5000,,2.5000
2010-03-01,2010,1,1832.5000,0.5000,0.7500,0.7500,0.7500,-5.5000,28,-2.7500,2.0000,30,1.0000,3.2500,,1.0000,-1.2500,3.0000,-2.5000,,0.7500,,0.7500,,0.7500
2010-03-02,2010,1,1855.7500,0.5000,0.5000,0.7500,0.5000,-3.5000,8,-2.5000,1.2500,27,25.0000,1.2500,,4.0000,-1.2500,6.0000,-2.5000,,0.5000,,0.5000,,0.5000
2010-03-03,2010,-1,1854.2500,0.5000,-3.2500,-3.5000,0.2500,-5.2500,29,-4.7500,2.7500,9,4.0000,-0.5000,13.0000,16.0000,-2.2500,16.0000,-2.2500,18.0000,-3.7500,21.0000,-4.2500,,-3.2500
2010-03-04,2010,-1,1853.0000,0.5000,-1.2500,-1.5000,-0.5000,-6.0000,25,-5.5000,2.7500,7,5.0000,-0.2500,11.0000,13.0000,-1.5000,21.0000,-3.5000,21.0000,-3.5000,23.0000,-4.7500,,-1.2500
2010-03-05,2010,-1,1871.0000,0.5000,-4.5000,-4.5000,-4.5000,-6.7500,24,-6.5000,2.5000,8,,,,14.0000,-1.7500,15.0000,-2.7500,16.0000,-3.2500,17.0000,-4.5000,23.0000,-6.5000
2010-03-08,2010,1,1889.2500,0.5000,-0.7500,-0.7500,0.2500,-2.0000,28,-1.5000,2.5000,12,3.0000,-0.2500,9.0000,18.0000,-1.7500,,-0.7500,,-0.7500,,-0.7500,,-0.7500
2010-03-09,2010,1,1888.2500,0.5000,4.5000,4.5000,4.5000,-0.2500,1,1.0000,6.5000,27,1.0000,0.7500,,,4.5000,,4.5000,,4.5000,,4.5000,,4.5000
2010-03-10,2010,1,1905.0000,0.5000,5.7500,5.7500,5.7500,-0.7500,3,-0.2500,6.5000,30,1.0000,1.7500,,,5.7500,,5.7500,,5.7500,,5.7500,,5.7500
2010-03-11,2010,1,1910.5000,0.5000,0.7500,0.7500,-3.7500,-4.2500,7,-4.0000,1.5000,29,9.0000,2.7500,19.0000,1.0000,-2.2500,1.0000,-2.2500,4.0000,-4.0000,,0.7500,,0.7500
2010-03-12,2010,-1,1922.2500,0.5000,2.5000,2.5000,-0.2500,-4.5000,22,-4.2500,2.5000,30,9.0000,0.0000,14.0000,1.0000,-2.0000,16.0000,-2.5000,20.0000,-4.0000,21.0000,-4.2500,,2.5000
2010-03-15,2010,-1,1916.7500,0.5000,3.0000,3.0000,-3.2500,-5.7500,16,-4.7500,4.2500,28,11.0000,1.5000,13.0000,7.0000,-1.5000,13.0000,-3.2500,13.0000,-3.2500,14.0000,-4.7500,,3.0000
2010-03-16,2010,-1,1921.7500,0.5000,0.5000,0.5000,0.5000,-0.2500,1,0.5000,4.7500,19,2.0000,-0.7500,30.0000,,0.5000,,0.5000,,0.5000,,0.5000,,0.5000
2010-03-17,2010,1,1933.5000,0.2500,2.7500,2.5000,2.7500,-1.5000,4,-1.2500,4.5000,13,8.0000,-0.2500,,4.0000,-1.2500,4.0000,-1.2500,,2.7500,,2.7500,,2.7500
2010-03-18,2010,1,1935.5000,0.3750,2.2500,2.2500,-0.5000,-1.7500,11,-1.2500,3.0000,30,21.0000,0.2500,24.0000,11.0000,-1.2500,,2.2500,,2.2500,,2.2500,,2.2500
2010-03-19,2010,-1,1945.2500,0.5000,9.0000,9.0000,9.0000,-0.7500,3,-0.2500,9.2500,30,5.0000,-0.2500,,,9.0000,,9.0000,,9.0000,,9.0000,,9.0000
2010-03-22,2010,1,1922.7500,0.6250,17.0000,17.0000,17.0000,-0.7500,1,0.2500,17.5000,26,1.0000,1.5000,,,17.0000,,17.0000,,17.0000,,17.0000,,17.0000
2010-03-23,2010,-1,1950.2500,0.5000,2.2500,2.2500,-0.2500,-1.7500,28,-0.2500,5.7500,14,2.0000,-0.2500,29.0000,,2.2500,,2.2500,,2.2500,,2.2500,,2.2500
2010-03-24,2010,-1,1955.2500,0.5000,4.5000,4.5000,0.2500,-1.2500,3,0.0000,5.5000,29,5.0000,-1.0000,13.0000,,4.5000,,4.5000,,4.5000,,4.5000,,4.5000
2010-03-25,2010,1,1966.7500,0.7500,-3.0000,-2.7500,-1.2500,-6.2500,18,-6.2500,1.5000,1,1.0000,1.0000,2.0000,3.0000,-1.7500,16.0000,-3.5000,17.0000,-5.0000,18.0000,-6.0000,,-3.0000
2010-03-26,2010,1,1955.5000,0.6250,4.0000,4.0000,4.0000,-3.5000,11,-2.7500,5.5000,23,18.0000,-0.7500,,9.0000,-1.2500,11.0000,-2.5000,,4.0000,,4.0000,,4.0000
2010-03-29,2010,1,1960.2500,0.7500,-0.2500,-0.2500,0.2500,-0.2500,1,-0.2500,5.5000,13,2.0000,-0.5000,27.0000,,-0.2500,,-0.2500,,-0.2500,,-0.2500,,-0.2500
2010-03-30,2010,1,1966.7500,0.3750,4.5000,4.5000,4.5000,-2.7500,9,-2.2500,5.2500,30,18.0000,0.2500,,4.0000,-1.0000,5.0000,-1.7500,,4.5000,,4.5000,,4.5000
2010-03-31,2010,1,1960.2500,0.5000,-2.0000,-2.0000,-4.7500,-6.5000,23,-6.2500,4.5000,9,19.0000,4.2500,21.0000,12.0000,-2.0000,13.0000,-4.2500,13.0000,-4.2500,16.0000,-4.7500,24.0000,-6.2500
2010-04-01,2010,1,1969.2500,0.5000,5.5000,5.7500,5.5000,-0.5000,1,0.5000,8.0000,29,1.0000,1.7500,,,5.5000,,5.5000,,5.5000,,5.5000,,5.5000
2010-04-05,2010,-1,1960.5000,0.5000,-7.7500,-7.7500,-2.0000,-11.0000,25,-9.7500,5.2500,5,1.0000,1.2500,10.0000,10.0000,-2.0000,11.0000,-3.5000,11.0000,-3.5000,12.0000,-5.0000,13.0000,-7.5000
2010-04-06,2010,-1,1966.7500,0.5000,-0.5000,-0.5000,-1.5000,-4.5000,17,-4.2500,1.5000,1,9.0000,1.2500,12.0000,5.0000,-1.2500,16.0000,-2.7500,17.0000,-4.2500,17.0000,-4.2500,,-0.5000
2010-04-08,2010,-1,1966.5000,0.7500,3.5000,3.7500,3.5000,-1.2500,3,-1.0000,7.2500,9,5.0000,0.0000,,,3.5000,,3.5000,,3.5000,,3.5000,,3.5000
2010-04-09,2010,1,1982.0000,0.5000,0.7500,0.7500,0.7500,-7.0000,17,-6.5000,1.0000,29,25.0000,4.7500,,1.0000,-1.7500,4.0000,-3.7500,4.0000,-3.7500,12.0000,-4.7500,16.0000,-6.5000
2010-04-12,2010,-1,1992.0000,0.5000,1.2500,1.2500,1.2500,-5.5000,13,-5.2500,4.2500,28,17.0000,3.7500,,3.0000,-1.7500,5.0000,-2.5000,9.0000,-4.0000,12.0000,-4.7500,,1.2500
2010-04-14,2010,-1,2012.5000,0.5000,-0.2500,-0.5000,-0.2500,-3.5000,16,-3.0000,2.7500,6,23.0000,1.7500,,14.0000,-1.2500,15.0000,-2.2500,,-0.2500,,-0.2500,,-0.2500
2010-04-16,2010,1,2029.7500,0.7500,-2.7500,-2.7500,-0.5000,-8.2500,23,-7.2500,2.0000,3,2.0000,0.0000,5.0000,11.0000,-2.2500,13.0000,-3.2500,16.0000,-4.5000,22.0000,-7.2500,,-2.7500
2010-04-19,2010,1,2005.7500,0.5000,9.2500,9.2500,9.2500,-0.2500,1,2.2500,10.7500,23,2.0000,-0.5000,,,9.2500,,9.2500,,9.2500,,9.2500,,9.2500
2010-04-20,2010,1,2021.0000,0.5000,-6.0000,-6.0000,-6.0000,-8.0000,16,-7.5000,1.0000,1,22.0000,7.2500,,2.0000,-1.2500,3.0000,-3.5000,3.0000,-3.5000,4.0000,-4.7500,9.0000,-7.0000
2010-04-21,2010,-1,2032.2500,0.5000,-0.5000,-0.7500,-3.2500,-5.7500,18,-5.5000,1.7500,1,11.0000,2.2500,12.0000,5.0000,-2.7500,5.0000,-2.7500,6.0000,-3.2500,8.0000,-4.2500,,-0.5000
2010-04-22,2010,-1,2009.7500,0.5000,2.5000,2.5000,0.2500,-1.2500,6,-0.2500,9.2500,15,8.0000,-1.0000,28.0000,,2.5000,,2.5000,,2.5000,,2.5000,,2.5000
2010-04-23,2010,-1,2041.5000,0.5000,-6.5000,-6.2500,-2.0000,-9.0000,30,-8.0000,2.5000,2,13.0000,1.2500,17.0000,5.0000,-3.5000,5.0000,-3.5000,5.0000,-3.5000,22.0000,-5.2500,28.0000,-7.0000
2010-04-26,2010,1,2054.2500,0.7500,-6.7500,-6.7500,-3.0000,-7.7500,27,-7.0000,3.0000,6,1.0000,2.2500,14.0000,13.0000,-2.0000,15.0000,-4.7500,15.0000,-4.7500,27.0000,-7.0000,,-6.7500
2010-04-27,2010,1,2040.5000,0.5000,0.7500,0.7500,-1.2500,-5.0000,20,-4.5000,3.0000,9,1.0000,1.0000,3.0000,3.0000,-1.2500,6.0000,-2.2500,19.0000,-4.5000,19.0000,-4.5000,,0.7500
2010-04-28,2010,-1,2011.5000,1.0000,13.0000,13.0000,13.0000,-2.0000,5,-1.0000,13.5000,30,1.0000,2.7500,,,13.0000,,13.0000,,13.0000,,13.0000,,13.0000
2010-04-29,2010,1,2017.0000,0.6250,3.5000,3.7500,3.5000,-0.2500,1,1.0000,7.5000,21,5.0000,-2.7500,,,3.5000,,3.5000,,3.5000,,3.5000,,3.5000
2010-04-30,2010,-1,2038.2500,0.5000,8.7500,9.0000,8.7500,-3.7500,10,-3.5000,9.5000,30,19.0000,1.7500,,10.0000,-2.5000,10.0000,-2.5000,11.0000,-3.5000,,8.7500,,8.7500
2010-05-03,2010,1,2009.7500,0.5000,0.5000,0.5000,0.5000,-1.5000,2,-0.2500,4.5000,8,4.0000,0.0000,,,0.5000,,0.5000,,0.5000,,0.5000,,0.5000
2010-05-04,2010,-1,1991.0000,1.0000,6.0000,6.2500,6.0000,-0.2500,1,3.2500,12.5000,7,1.0000,1.2500,,,6.0000,,6.0000,,6.0000,,6.0000,,6.0000
2010-05-05,2010,-1,1942.5000,1.6250,-6.0000,-5.7500,3.7500,-6.0000,30,-5.7500,8.0000,7,7.0000,-5.0000,8.0000,25.0000,-4.5000,,-6.0000,,-6.0000,,-6.0000,,-6.0000
2010-05-06,2010,1,1948.5000,1.7500,10.5000,10.2500,10.5000,-0.5000,1,0.0000,11.0000,30,1.0000,1.0000,,,10.5000,,10.5000,,10.5000,,10.5000,,10.5000
2010-05-07,2010,-1,1869.2500,2.0000,3.5000,3.2500,3.5000,-31.0000,13,-28.5000,4.7500,30,14.0000,28.2500,,2.0000,-6.0000,5.0000,-11.0000,6.0000,-20.0000,6.0000,-20.0000,9.0000,-25.5000
2010-05-10,2010,1,1926.0000,2.1250,5.2500,5.0000,4.7500,-2.7500,1,1.2500,14.5000,9,7.0000,-5.2500,25.0000,,5.2500,,5.2500,,5.2500,,5.2500,,5.2500
2010-05-11,2010,-1,1917.7500,1.0000,-10.7500,-10.7500,-13.2500,-18.5000,20,-18.0000,0.0000,1,25.0000,12.7500,28.0000,1.0000,-4.7500,1.0000,-4.7500,6.0000,-8.5000,6.0000,-8.5000,14.0000,-12.2500
2010-05-12,2010,-1,1945.7500,1.0000,-13.0000,-13.0000,-5.2500,-14.7500,29,-13.7500,1.2500,2,1.0000,2.5000,6.0000,3.0000,-2.5000,6.0000,-5.2500,7.0000,-7.7500,18.0000,-8.2500,27.0000,-13.2500
2010-05-13,2010,1,1970.5000,1.0000,7.2500,7.2500,7.2500,-8.2500,4,-6.5000,8.0000,26,6.0000,4.2500,,1.0000,-3.0000,2.0000,-6.5000,2.0000,-6.5000,,7.2500,,7.2500
2010-05-14,2010,-1,1927.7500,1.2500,27.5000,27.7500,27.5000,-1.2500,1,0.2500,30.0000,30,3.0000,-0.2500,,,27.5000,,27.5000,,27.5000,,27.5000,,27.5000
2010-05-17,2010,1,1912.5000,1.0000,-7.0000,-7.2500,1.0000,-10.2500,26,-9.2500,7.0000,7,5.0000,-1.2500,11.0000,13.0000,-2.5000,14.0000,-4.5000,21.0000,-6.5000,24.0000,-8.7500,,-7.0000
2010-05-18,2010,1,1929.0000,0.7500,-5.7500,-5.7500,-5.0000,-7.2500,3,-6.2500,3.0000,15,6.0000,3.7500,27.0000,2.0000,-4.2500,2.0000,-4.2500,3.0000,-6.5000,3.0000,-6.5000,,-5.7500
2010-05-19,2010,1,1883.0000,1.3750,-5.7500,-5.7500,-5.5000,-7.7500,29,-5.7500,10.7500,19,1.0000,3.0000,29.0000,29.0000,-5.5000,30.0000,-5.7500,,-5.7500,,-5.7500,,-5.7500
2010-05-20,2010,1,1835.7500,1.2500,-0.5000,-0.2500,-6.0000,-9.5000,12,-7.2500,2.7500,20,1.0000,3.7500,3.0000,2.0000,-2.7500,3.0000,-6.0000,,-0.5000,,-0.5000,,-0.5000
2010-05-21,2010,-1,1775.0000,2.1250,-30.0000,-30.0000,-30.0000,-39.0000,26,-36.0000,6.0000,2,28.0000,34.7500,,4.0000,-5.0000,6.0000,-9.5000,8.0000,-16.5000,13.0000,-19.2500,20.0000,-26.7500
2010-05-24,2010,1,1825.7500,1.3750,-1.2500,-1.2500,-9.2500,-10.2500,12,-9.0000,7.0000,6,1.0000,3.7500,12.0000,9.0000,-3.5000,12.0000,-9.2500,12.0000,-9.2500,,-1.2500,,-1.2500
2010-05-25,2010,-1,1766.2500,1.2500,-5.2500,-5.2500,-5.2500,-7.2500,1,-7.2500,12.0000,10,4.0000,5.0000,30.0000,1.0000,-7.0000,1.0000,-7.0000,,-5.2500,,-5.2500,,-5.2500
2010-05-26,2010,1,1834.0000,1.3750,13.5000,13.5000,13.5000,-2.0000,3,-0.5000,13.7500,30,1.0000,1.5000,,,13.5000,,13.5000,,13.5000,,13.5000,,13.5000
2010-05-27,2010,1,1841.0000,1.0000,-9.2500,-9.2500,-8.5000,-10.2500,7,-10.0000,1.0000,1,11.0000,7.2500,19.0000,1.0000,-2.5000,2.0000,-4.7500,4.0000,-6.5000,6.0000,-8.5000,,-9.2500
2010-05-28,2010,-1,1862.2500,1.0000,0.5000,0.5000,0.5000,-1.7500,28,-1.0000,9.2500,12,1.0000,1.0000,,,0.5000,,0.5000,,0.5000,,0.5000,,0.5000
2010-06-01,2010,-1,1843.7500,1.0000,-15.0000,-14.7500,-1.2500,-16.0000,30,-14.7500,2.7500,1,5.0000,0.5000,7.0000,8.0000,-5.0000,8.0000,-5.0000,12.0000,-6.7500,15.0000,-8.2500,19.0000,-13.0000
2010-06-02,2010,-1,1843.7500,0.7500,4.2500,4.0000,4.2500,-2.2500,4,-1.5000,11.5000,21,5.0000,-1.0000,,,4.2500,,4.2500,,4.2500,,4.2500,,4.2500
2010-06-03,2010,1,1887.5000,1.0000,0.5000,0.5000,-3.7500,-6.2500,5,-4.0000,7.0000,27,1.0000,1.2500,4.0000,4.0000,-3.7500,,0.5000,,0.5000,,0.5000,,0.5000
2010-06-04,2010,1,1858.7500,1.6250,12.2500,12.2500,12.2500,0.0000,1,2.7500,17.2500,24,1.0000,1.2500,,,12.2500,,12.2500,,12.2500,,12.2500,,12.2500
2010-06-07,2010,1,1843.7500,1.3750,-4.5000,-4.2500,-4.5000,-17.5000,13,-15.7500,0.2500,1,15.0000,15.0000,,1.0000,-4.2500,2.0000,-6.0000,6.0000,-9.7500,8.0000,-11.0000,,-4.5000
2010-06-08,2010,-1,1797.7500,1.1250,5.2500,5.2500,5.2500,-8.2500,4,-7.7500,14.2500,26,13.0000,4.0000,,1.0000,-3.7500,2.0000,-5.2500,4.0000,-7.7500,,5.2500,,5.2500
2010-06-09,2010,-1,1805.7500,0.7500,7.5000,7.5000,7.5000,-3.2500,3,-3.2500,8.5000,30,5.0000,1.7500,,2.0000,-2.7500,3.0000,-3.0000,,7.5000,,7.5000,,7.5000
2010-06-10,2010,1,1807.0000,1.3750,8.2500,8.5000,8.2500,-12.7500,9,-11.0000,10.0000,29,15.0000,8.0000,,1.0000,-3.0000,5.0000,-5.7500,7.0000,-9.0000,,8.2500,,8.2500
2010-06-11,2010,1,1813.7500,1.2500,10.5000,10.5000,10.5000,-1.5000,1,-0.7500,13.7500,27,1.0000,1.7500,,,10.5000,,10.5000,,10.5000,,10.5000,,10.5000
2010-06-14,2010,1,1862.7500,0.7500,3.0000,3.0000,3.0000,-4.0000,6,-3.2500,5.2500,18,18.0000,-3.2500,20.0000,3.0000,-2.0000,6.0000,-3.2500,,3.0000,,3.0000,,3.0000
2010-06-15,2010,1,1858.2500,1.0000,10.5000,10.5000,10.5000,-1.7500,3,-1.0000,17.7500,25,5.0000,0.5000,,,10.5000,,10.5000,,10.5000,,10.5000,,10.5000
2010-06-16,2010,1,1889.0000,0.8750,7.5000,7.5000,7.5000,0.0000,1,1.5000,9.2500,17,2.0000,-0.2500,,,7.5000,,7.5000,,7.5000,,7.5000,,7.5000
2010-06-17,2010,-1,1912.5000,1.0000,4.2500,4.0000,1.0000,-2.0000,2,-1.5000,8.5000,13,9.0000,-1.5000,25.0000,,4.2500,,4.2500,,4.2500,,4.2500,,4.2500
2010-06-18,2010,1,1911.5000,0.7500,-2.7500,-3.0000,-2.7500,-4.7500,27,-4.2500,3.0000,11,,,,20.0000,-2.7500,23.0000,-4.0000,,-2.7500,,-2.7500,,-2.7500
2010-06-21,2010,-1,1933.0000,0.7500,-4.0000,-3.7500,-1.5000,-5.7500,29,-5.2500,7.2500,15,8.0000,0.2500,20.0000,2.0000,-1.7500,26.0000,-3.2500,28.0000,-5.0000,,-4.0000,,-4.0000
2010-06-22,2010,1,1904.2500,0.7500,1.0000,0.7500,1.0000,-1.2500,1,-0.5000,12.5000,17,3.0000,-0.2500,,,1.0000,,1.0000,,1.0000,,1.0000,,1.0000
2010-06-23,2010,-1,1880.0000,1.0000,12.7500,12.7500,12.7500,-0.5000,1,1.7500,15.0000,29,1.0000,1.0000,,,12.7500,,12.7500,,12.7500,,12.7500,,12.7500
2010-06-24,2010,1,1865.0000,1.2500,-9.7500,-9.7500,0.2500,-16.2500,27,-14.0000,5.0000,4,2.0000,-0.5000,6.0000,8.0000,-2.7500,18.0000,-6.2500,23.0000,-10.5000,23.0000,-10.5000,,-9.7500
2010-06-25,2010,-1,1845.7500,0.7500,2.0000,1.7500,2.0000,0.0000,1,1.2500,14.2500,20,2.0000,-0.7500,,,2.0000,,2.0000,,2.0000,,2.0000,,2.0000
2010-06-28,2010,-1,1837.5000,0.7500,6.0000,5.7500,6.0000,-2.2500,4,-1.2500,10.7500,24,1.0000,3.7500,,,6.0000,,6.0000,,6.0000,,6.0000,,6.0000
2010-06-29,2010,-1,1801.2500,1.0000,21.5000,21.5000,21.5000,-3.2500,2,-2.5000,25.7500,28,8.0000,0.5000,,2.0000,-2.5000,,21.5000,,21.5000,,21.5000,,21.5000
2010-06-30,2010,-1,1758.2500,1.0000,-12.0000,-11.7500,-12.0000,-15.2500,20,-15.0000,1.7500,1,24.0000,13.2500,,2.0000,-2.5000,4.0000,-4.7500,10.0000,-7.2500,11.0000,-9.7500,14.0000,-12.7500
2010-07-01,2010,-1,1737.5000,1.0000,14.5000,14.7500,14.5000,-8.2500,6,-7.7500,17.0000,30,9.0000,6.0000,,1.0000,-2.5000,5.0000,-7.7500,5.0000,-7.7500,,14.5000,,14.5000
2010-07-02,2010,-1,1734.7500,1.3750,3.7500,3.7500,3.7500,-5.2500,10,-4.2500,7.0000,29,12.0000,3.0000,,4.0000,-3.5000,,3.7500,,3.7500,,3.7500,,3.7500
2010-07-06,2010,1,1752.7500,0.7500,2.5000,2.5000,2.5000,-7.2500,28,-6.5000,2.7500,30,18.0000,3.5000,,2.0000,-2.0000,7.0000,-5.0000,7.0000,-5.0000,12.0000,-6.5000,,2.5000
2010-07-07,2010,1,1739.7500,1.0000,9.0000,9.0000,9.0000,-2.0000,15,-1.7500,10.0000,29,1.0000,2.5000,,,9.0000,,9.0000,,9.0000,,9.0000,,9.0000
2010-07-08,2010,-1,1796.2500,0.7500,-0.7500,-0.7500,-0.7500,-7.0000,7,-6.0000,5.7500,23,9.0000,5.2500,,2.0000,-2.2500,3.0000,-3.7500,5.0000,-5.0000,,-0.7500,,-0.7500
2010-07-09,2010,-1,1793.0000,0.7500,-10.7500,-10.7500,-4.2500,-11.2500,30,-10.7500,2.0000,1,1.0000,1.2500,2.0000,2.0000,-4.2500,2.0000,-4.2500,3.0000,-5.5000,5.0000,-7.5000,30.0000,-10.7500
2010-07-12,2010,-1,1810.7500,0.5000,-17.2500,-17.2500,-17.2500,-19.0000,14,-18.0000,0.2500,1,19.0000,17.5000,,1.0000,-4.2500,1.0000,-4.2500,1.0000,-4.2500,1.0000,-4.2500,3.0000,-9.5000
2010-07-13,2010,-1,1831.2500,0.7500,2.5000,2.5000,-4.0000,-5.0000,8,-3.7500,10.7500,18,1.0000,0.7500,3.0000,3.0000,-4.0000,3.0000,-4.0000,,2.5000,,2.5000,,2.5000
2010-07-14,2010,1,1848.7500,1.0000,-6.7500,-6.7500,-3.5000,-8.2500,29,-7.5000,3.2500,3,12.0000,1.7500,21.0000,21.0000,-3.5000,24.0000,-4.0000,28.0000,-6.0000,,-6.7500,,-6.7500
2010-07-15,2010,-1,1844.0000,1.0000,-0.2500,-0.5000,-5.0000,-6.7500,6,-6.0000,2.0000,30,8.0000,4.0000,22.0000,2.0000,-2.2500,5.0000,-5.2500,,-0.2500,,-0.2500,,-0.2500
2010-07-16,2010,1,1847.0000,1.1250,-16.0000,-16.5000,-4.7500,-17.5000,23,-16.5000,2.2500,4,4.0000,2.5000,7.0000,1.0000,-3.5000,7.0000,-4.7500,12.0000,-8.0000,14.0000,-10.0000,24.0000,-16.0000
2010-07-19,2010,1,1809.0000,0.5000,3.0000,3.2500,3.0000,-2.0000,8,-1.2500,9.2500,20,11.0000,-1.7500,,7.0000,-1.5000,,3.0000,,3.0000,,3.0000,,3.0000
2010-07-20,2010,-1,1789.2500,0.7500,-0.5000,-0.5000,-0.5000,-4.0000,23,-3.5000,6.7500,5,5.0000,-0.5000,19.0000,21.0000,-1.7500,23.0000,-3.5000,,-0.5000,,-0.5000,,-0.5000
2010-07-21,2010,-1,1854.7500,0.7500,20.7500,20.5000,20.7500,-0.5000,1,2.7500,24.7500,24,2.0000,-1.2500,,,20.7500,,20.7500,,20.7500,,20.7500,,20.7500
2010-07-22,2010,1,1844.5000,0.7500,10.5000,10.5000,0.2500,-1.2500,1,-1.0000,10.5000,28,9.0000,-1.0000,11.0000,,10.5000,,10.5000,,10.5000,,10.5000,,10.5000
2010-07-23,2010,-1,1848.5000,1.3750,2.2500,2.5000,2.2500,-11.0000,11,-9.2500,4.0000,28,17.0000,6.5000,,3.0000,-3.2500,6.0000,-5.7500,10.0000,-9.2500,,2.2500,,2.2500
2010-07-26,2010,-1,1873.2500,1.0000,-4.2500,-4.5000,-2.7500,-6.0000,30,-4.5000,7.2500,10,1.0000,1.5000,29.0000,29.0000,-2.7500,30.0000,-4.2500,,-4.2500,,-4.2500,,-4.2500
2010-07-27,2010,-1,1895.7500,0.8750,1.7500,1.7500,-1.0000,-3.0000,7,-2.7500,8.2500,28,12.0000,0.7500,29.0000,7.0000,-2.7500,,1.7500,,1.7500,,1.7500,,1.7500
2010-07-28,2010,1,1888.7500,0.7500,2.5000,2.5000,-2.0000,-3.7500,23,-3.0000,4.5000,5,1.0000,1.5000,21.0000,21.0000,-2.0000,,2.5000,,2.5000,,2.5000,,2.5000
2010-07-29,2010,1,1883.7500,0.5000,-10.5000,-10.2500,-2.0000,-11.5000,30,-10.2500,2.7500,5,4.0000,1.5000,12.0000,1.0000,-1.7500,2.0000,-2.2500,15.0000,-3.7500,19.0000,-6.2500,20.0000,-7.7500
2010-07-30,2010,-1,1839.7500,1.0000,-7.0000,-7.0000,-1.7500,-7.2500,29,-7.0000,8.2500,8,4.0000,0.0000,13.0000,24.0000,-3.0000,28.0000,-4.2500,29.0000,-6.5000,,-7.0000,,-7.0000
2010-08-02,2010,-1,1879.2500,0.7500,-11.0000,-11.2500,-3.5000,-14.7500,28,-12.7500,1.2500,11,1.0000,3.5000,16.0000,2.0000,-3.2500,16.0000,-3.5000,18.0000,-5.0000,28.0000,-12.5000,28.0000,-12.5000
2010-08-03,2010,-1,1892.7500,0.5000,9.0000,9.2500,-1.5000,-3.2500,9,-2.5000,13.0000,28,4.0000,1.2500,6.0000,1.0000,-2.0000,8.0000,-2.5000,,9.0000,,9.0000,,9.0000
2010-08-04,2010,1,1899.0000,0.6250,4.5000,4.5000,0.0000,-1.0000,4,0.0000,8.5000,29,2.0000,-0.2500,4.0000,,4.5000,,4.5000,,4.5000,,4.5000,,4.5000
2010-08-05,2010,-1,1900.0000,0.7500,-2.5000,-2.2500,0.0000,-6.5000,14,-6.0000,4.0000,1,2.0000,-0.2500,4.0000,7.0000,-2.0000,9.0000,-4.0000,13.0000,-4.7500,,-2.5000,,-2.5000
2010-08-06,2010,-1,1882.7500,1.0000,-20.0000,-20.0000,-20.0000,-21.7500,28,-20.2500,0.2500,1,,,,1.0000,-5.0000,1.0000,-5.0000,2.0000,-7.0000,8.0000,-13.5000,8.0000,-13.5000
2010-08-09,2010,-1,1910.0000,0.5000,3.5000,3.2500,-2.2500,-3.2500,7,-2.2500,8.2500,25,1.0000,1.5000,6.0000,6.0000,-2.2500,6.0000,-2.2500,,3.5000,,3.5000,,3.5000
2010-08-10,2010,-1,1898.2500,0.7500,13.2500,13.0000,13.2500,-2.2500,3,-0.5000,17.5000,20,7.0000,-2.5000,,,13.2500,,13.2500,,13.2500,,13.2500,,13.2500
2010-08-11,2010,-1,1857.5000,0.7500,3.7500,3.7500,3.7500,0.0000,1,3.5000,10.2500,3,2.0000,-1.2500,,,3.7500,,3.7500,,3.7500,,3.7500,,3.7500
2010-08-12,2010,-1,1811.0000,1.2500,-15.0000,-14.7500,-12.5000,-16.2500,26,-15.7500,0.0000,1,20.0000,12.5000,23.0000,1.0000,-3.7500,2.0000,-6.0000,8.0000,-7.7500,12.0000,-11.5000,25.0000,-15.5000
2010-08-13,2010,1,1825.2500,0.8750,0.5000,0.7500,-2.2500,-5.5000,12,-4.7500,5.7500,2,2.0000,0.2500,9.0000,9.0000,-2.2500,11.0000,-4.7500,,0.5000,,0.5000,,0.5000
2010-08-16,2010,-1,1802.0000,1.0000,-14.7500,-14.7500,-14.7500,-18.7500,17,-18.2500,0.0000,1,19.0000,17.5000,,1.0000,-3.7500,3.0000,-5.2500,4.0000,-7.2500,6.0000,-8.2500,9.0000,-13.0000
2010-08-17,2010,1,1837.0000,0.7500,0.7500,0.5000,-4.2500,-7.0000,10,-6.5000,2.5000,29,1.0000,3.5000,5.0000,3.0000,-2.7500,5.0000,-4.2500,9.0000,-5.0000,10.0000,-6.5000,,0.7500
2010-08-18,2010,-1,1836.2500,0.5000,-6.5000,-6.2500,-1.5000,-7.7500,30,-6.2500,3.5000,8,13.0000,-0.5000,16.0000,1.0000,-1.2500,22.0000,-2.2500,26.0000,-4.7500,26.0000,-4.7500,28.0000,-6.5000
2010-08-19,2010,-1,1841.2500,0.7500,13.7500,14.0000,13.7500,-5.7500,5,-5.2500,15.5000,30,19.0000,0.0000,,3.0000,-2.7500,4.0000,-5.0000,4.0000,-5.0000,,13.7500,,13.7500
2010-08-20,2010,-1,1816.7500,0.7500,-5.5000,-5.7500,-4.5000,-7.2500,3,-6.2500,4.0000,17,5.0000,4.5000,8.0000,2.0000,-4.7500,2.0000,-4.7500,3.0000,-6.2500,3.0000,-6.2500,,-5.5000
2010-08-23,2010,-1,1833.5000,0.7500,-1.0000,-1.0000,-1.0000,-9.2500,18,-8.0000,0.5000,1,25.0000,6.0000,,2.0000,-2.5000,3.0000,-4.0000,6.0000,-5.0000,13.0000,-6.5000,,-1.0000
2010-08-24,2010,-1,1783.5000,1.0000,11.2500,11.2500,-1.0000,-3.5000,11,-2.5000,17.5000,29,1.0000,0.7500,10.0000,11.0000,-2.5000,,11.2500,,11.2500,,11.2500,,11.2500
2010-08-25,2010,1,1767.0000,0.7500,0.2500,0.5000,-1.2500,-8.5000,28,-7.7500,5.2500,8,6.0000,0.0000,17.0000,19.0000,-3.5000,19.0000,-3.5000,24.0000,-6.0000,28.0000,-7.7500,,0.2500
2010-08-26,2010,-1,1796.0000,0.7500,-1.0000,-1.2500,-0.2500,-3.2500,11,-1.2500,8.0000,22,3.0000,-0.5000,4.0000,,-1.0000,,-1.0000,,-1.0000,,-1.0000,,-1.0000
2010-08-27,2010,-1,1781.2500,1.0000,31.2500,31.5000,31.2500,-0.2500,1,2.7500,32.7500,30,2.0000,-0.7500,,,31.2500,,31.2500,,31.2500,,31.2500,,31.2500
2010-08-30,2010,1,1785.5000,0.5000,10.0000,9.7500,10.0000,-2.5000,1,-2.0000,12.2500,26,4.0000,-0.5000,,1.0000,-2.2500,,10.0000,,10.0000,,10.0000,,10.0000
2010-08-31,2010,-1,1761.5000,1.0000,-13.2500,-13.5000,-2.0000,-15.2500,28,-13.5000,7.0000,9,4.0000,-1.0000,14.0000,17.0000,-6.7500,17.0000,-6.7500,17.0000,-6.7500,19.0000,-8.5000,28.0000,-13.0000
2010-09-01,2010,1,1796.7500,0.7500,16.0000,16.0000,-0.5000,-6.0000,12,-5.5000,16.5000,30,2.0000,0.2500,4.0000,5.0000,-2.7500,9.0000,-3.7500,10.0000,-5.0000,,16.0000,,16.0000
2010-09-02,2010,1,1821.5000,0.5000,3.7500,4.0000,3.7500,-4.2500,10,-3.5000,9.0000,28,12.0000,3.0000,,5.0000,-1.2500,9.0000,-3.5000,9.0000,-3.5000,,3.7500,,3.7500
2010-09-03,2010,1,1860.7500,1.0000,5.7500,5.7500,5.7500,-1.2500,1,-0.5000,9.2500,10,4.0000,-0.7500,,,5.7500,,5.7500,,5.7500,,5.7500,,5.7500
2010-09-07,2010,-1,1861.0000,0.5000,5.0000,5.0000,5.0000,-9.5000,13,-8.7500,5.0000,30,17.0000,6.0000,,1.0000,-1.5000,7.0000,-2.5000,8.0000,-4.5000,8.0000,-4.5000,11.0000,-6.5000
2010-09-08,2010,1,1867.0000,0.7500,5.0000,4.7500,-0.2500,-2.5000,3,-1.7500,5.7500,13,6.0000,0.0000,19.0000,4.0000,-1.7500,,5.0000,,5.0000,,5.0000,,5.0000
2010-09-09,2010,1,1892.7500,0.7500,-3.2500,-3.2500,-3.0000,-5.2500,18,-4.5000,1.0000,11,28.0000,2.7500,29.0000,5.0000,-1.7500,15.0000,-3.5000,,-3.2500,,-3.2500,,-3.2500
2010-09-10,2010,-1,1884.5000,0.5000,-2.7500,-2.7500,-5.2500,-8.0000,25,-6.5000,4.2500,6,1.0000,2.5000,18.0000,17.0000,-2.0000,18.0000,-5.2500,18.0000,-5.2500,18.0000,-5.2500,21.0000,-6.0000
2010-09-13,2010,1,1907.2500,0.5000,5.7500,6.0000,5.7500,-0.7500,1,-0.5000,9.7500,9,7.0000,-0.7500,,,5.7500,,5.7500,,5.7500,,5.7500,,5.7500
2010-09-14,2010,1,1919.0000,0.5000,-3.0000,-3.0000,-3.0000,-8.2500,12,-7.7500,0.0000,1,15.0000,6.5000,,1.0000,-2.0000,2.0000,-3.0000,2.0000,-3.0000,3.0000,-4.2500,5.0000,-7.2500
2010-09-15,2010,-1,1918.2500,0.7500,-3.7500,-4.0000,-2.7500,-8.0000,28,-6.7500,3.0000,14,8.0000,1.7500,16.0000,2.0000,-2.7500,3.0000,-4.5000,3.0000,-4.5000,28.0000,-6.7500,,-3.7500
2010-09-16,2010,1,1936.2500,0.6250,-1.0000,-0.7500,-1.5000,-6.7500,28,-5.5000,1.7500,6,1.0000,0.5000,4.0000,4.0000,-1.5000,9.0000,-3.2500,10.0000,-4.2500,13.0000,-5.7500,,-1.0000
2010-09-17,2010,-1,1956.2500,0.7500,10.7500,11.0000,-1.0000,-2.2500,5,-1.2500,13.7500,24,1.0000,0.5000,3.0000,,10.7500,,10.7500,,10.7500,,10.7500,,10.7500
2010-09-20,2010,-1,1958.2500,0.5000,-5.0000,-5.2500,-5.0000,-7.5000,26,-7.0000,0.5000,3,29.0000,5.2500,,4.0000,-1.5000,7.0000,-3.5000,7.0000,-3.5000,18.0000,-4.5000,22.0000,-6.2500
2010-09-21,2010,-1,1984.5000,0.7500,-1.0000,-0.7500,-0.2500,-2.5000,1,-1.5000,3.5000,9,10.0000,-0.5000,13.0000,,-1.0000,,-1.0000,,-1.0000,,-1.0000,,-1.0000
2010-09-22,2010,1,1977.2500,0.5000,3.0000,3.0000,3.0000,-0.2500,1,2.5000,17.5000,13,2.0000,-0.7500,,,3.0000,,3.0000,,3.0000,,3.0000,,3.0000
2010-09-23,2010,1,1968.2500,0.7500,11.7500,11.5000,11.7500,-1.7500,3,-1.0000,13.7500,28,8.0000,-1.7500,,,11.7500,,11.7500,,11.7500,,11.7500,,11.7500
2010-09-24,2010,-1,2001.0000,0.7500,-8.0000,-8.2500,-8.2500,-10.0000,13,-9.0000,0.2500,1,16.0000,8.0000,26.0000,3.0000,-3.7500,3.0000,-3.7500,6.0000,-4.7500,7.0000,-6.2500,,-8.0000
2010-09-27,2010,-1,2016.5000,0.5000,0.5000,0.5000,0.5000,-4.7500,6,-3.2500,3.7500,18,7.0000,1.7500,,3.0000,-1.2500,5.0000,-3.2500,5.0000,-3.2500,,0.5000,,0.5000
2010-09-28,2010,-1,2002.7500,0.7500,19.2500,19.5000,19.2500,-8.7500,2,-5.7500,22.5000,30,4.0000,4.2500,,1.0000,-4.7500,1.0000,-4.7500,2.0000,-5.7500,,19.2500,,19.2500
2010-09-29,2010,-1,2005.0000,1.0000,-4.2500,-4.2500,-4.2500,-10.5000,10,-9.5000,0.2500,1,16.0000,8.0000,,1.0000,-2.2500,3.0000,-4.2500,5.0000,-8.2500,5.0000,-8.2500,,-4.2500
2010-09-30,2010,1,2020.2500,0.7500,-4.7500,-5.0000,-2.2500,-6.7500,29,-5.7500,8.0000,12,1.0000,0.7500,4.0000,4.0000,-2.2500,8.0000,-3.5000,9.0000,-5.5000,,-4.7500,,-4.7500
2010-10-01,2010,-1,2011.0000,0.6250,9.2500,9.5000,-2.0000,-3.5000,4,-2.2500,9.5000,30,1.0000,1.7500,3.0000,3.0000,-2.0000,,9.2500,,9.2500,,9.2500,,9.2500
2010-10-04,2010,1,1991.0000,0.7500,-5.0000,-5.0000,-3.2500,-9.7500,29,-7.0000,5.0000,12,7.0000,3.0000,9.0000,1.0000,-2.0000,4.0000,-3.5000,24.0000,-4.5000,29.0000,-7.2500,,-5.0000
2010-10-05,2010,1,1999.0000,0.7500,12.5000,12.7500,12.5000,-2.5000,8,-2.0000,13.0000,30,1.0000,2.5000,,8.0000,-2.0000,,12.5000,,12.5000,,12.5000,,12.5000
2010-10-06,2010,-1,2015.5000,0.7500,-4.7500,-4.5000,-4.7500,-7.0000,5,-7.0000,2.2500,16,10.0000,4.0000,30.0000,1.0000,-3.2500,1.0000,-3.2500,5.0000,-6.7500,5.0000,-6.7500,,-4.7500
2010-10-07,2010,-1,2011.7500,0.7500,14.2500,14.0000,14.2500,-1.7500,1,-0.7500,18.0000,29,7.0000,-2.7500,,,14.2500,,14.2500,,14.2500,,14.2500,,14.2500
2010-10-08,2010,1,2011.7500,1.5000,-4.0000,-4.0000,-4.0000,-7.5000,5,-5.2500,2.2500,1,1.0000,1.0000,2.0000,2.0000,-4.0000,,-4.0000,,-4.0000,,-4.0000,,-4.0000
2010-10-11,2010,1,2025.2500,0.5000,3.7500,4.0000,3.7500,-2.0000,2,-0.5000,6.5000,9,3.0000,0.0000,,,3.7500,,3.7500,,3.7500,,3.7500,,3.7500
2010-10-12,2010,-1,2020.0000,0.5000,10.0000,10.0000,-1.0000,-3.2500,5,-2.7500,15.7500,18,8.0000,0.2500,11.0000,4.0000,-2.0000,5.0000,-3.0000,,10.0000,,10.0000,,10.0000
2010-10-13,2010,-1,2048.2500,0.7500,-3.7500,-3.7500,-3.7500,-5.0000,17,-4.5000,2.5000,9,19.0000,4.0000,,13.0000,-1.7500,15.0000,-3.7500,,-3.7500,,-3.7500,,-3.7500
2010-10-14,2010,1,2056.7500,0.7500,-2.0000,-2.0000,-5.7500,-8.2500,27,-6.7500,2.0000,13,7.0000,5.2500,23.0000,2.0000,-2.5000,3.0000,-5.5000,3.0000,-5.5000,26.0000,-6.2500,,-2.0000
2010-10-15,2010,1,2075.5000,1.1250,-3.2500,-3.2500,-3.2500,-10.2500,23,-9.7500,1.7500,1,,,,8.0000,-3.7500,9.0000,-4.7500,17.0000,-7.2500,23.0000,-9.7500,,-3.2500
2010-10-18,2010,-1,2093.5000,1.0000,-4.0000,-4.0000,-1.5000,-6.2500,21,-5.2500,5.2500,3,1.0000,1.5000,10.0000,13.0000,-2.5000,20.0000,-4.5000,,-4.0000,,-4.0000,,-4.0000
2010-10-19,2010,-1,2062.2500,1.0000,-1.5000,-1.5000,-1.5000,-9.7500,8,-8.5000,10.7500,22,11.0000,7.2500,,3.0000,-3.0000,4.0000,-4.7500,5.0000,-7.0000,6.0000,-8.2500,,-1.5000
2010-10-20,2010,1,2078.5000,0.7500,-1.2500,-1.5000,-4.5000,-5.5000,5,-4.5000,4.2500,13,1.0000,4.0000,4.0000,3.0000,-2.0000,4.0000,-4.5000,,-1.2500,,-1.2500,,-1.2500
2010-10-21,2010,-1,2093.7500,0.7500,-1.0000,-1.0000,-1.0000,-7.5000,12,-5.7500,3.0000,3,29.0000,5.2500,,4.0000,-1.7500,7.0000,-4.0000,8.0000,-4.7500,,-1.0000,,-1.0000
2010-10-22,2010,-1,2085.0000,0.7500,-3.7500,-3.7500,-2.0000,-11.7500,16,-11.5000,1.2500,1,1.0000,0.5000,2.0000,2.0000,-2.0000,4.0000,-4.5000,5.0000,-6.7500,5.0000,-6.7500,12.0000,-9.5000
2010-10-25,2010,-1,2111.2500,0.5000,-9.5000,-9.5000,-9.5000,-14.2500,28,-13.5000,0.0000,1,15.0000,8.5000,16.0000,1.0000,-3.5000,1.0000,-3.5000,1.0000,-3.5000,3.0000,-4.7500,6.0000,-6.7500
2010-10-26,2010,-1,2095.2500,0.7500,-8.0000,-8.2500,-1.0000,-8.7500,30,-8.2500,2.7500,4,4.0000,0.7500,14.0000,2.0000,-2.2500,28.0000,-6.0000,28.0000,-6.0000,28.0000,-6.0000,,-8.0000
2010-10-27,2010,1,2109.2500,0.7500,6.0000,6.2500,6.0000,-0.2500,1,2.0000,11.7500,28,1.0000,2.7500,,,6.0000,,6.0000,,6.0000,,6.0000,,6.0000
2010-10-28,2010,-1,2127.7500,0.7500,0.2500,0.2500,-3.5000,-5.0000,7,-3.7500,3.7500,27,1.0000,2.5000,5.0000,2.0000,-2.7500,5.0000,-3.5000,,0.2500,,0.2500,,0.2500
2010-10-29,2010,1,2128.0000,0.6250,2.5000,2.5000,2.5000,-2.0000,1,-2.0000,6.5000,17,3.0000,0.0000,,1.0000,-1.7500,,2.5000,,2.5000,,2.5000,,2.5000
2010-11-01,2010,1,2133.5000,0.5000,9.0000,8.7500,9.0000,-1.5000,1,-1.5000,11.0000,28,7.0000,-0.5000,,1.0000,-1.2500,,9.0000,,9.0000,,9.0000,,9.0000
2010-11-02,2010,1,2145.7500,0.6250,-0.7500,-0.7500,-0.7500,-1.7500,9,-1.5000,4.7500,21,21.0000,0.0000,30.0000,2.0000,-1.5000,,-0.7500,,-0.7500,,-0.7500,,-0.7500
2010-11-03,2010,-1,2150.2500,0.5000,3.0000,3.2500,0.2500,-1.5000,3,-1.2500,4.2500,24,5.0000,-0.5000,8.0000,3.0000,-1.5000,,3.0000,,3.0000,,3.0000,,3.0000
2010-11-04,2010,1,2182.5000,0.5000,-5.2500,-5.2500,-1.5000,-5.2500,30,-5.2500,4.7500,8,1.0000,0.5000,4.0000,4.0000,-1.5000,29.0000,-3.2500,29.0000,-3.2500,30.0000,-5.2500,,-5.2500
2010-11-05,2010,-1,2181.7500,0.7500,-0.2500,0.0000,-3.0000,-5.0000,8,-4.2500,3.2500,18,11.0000,2.7500,14.0000,2.0000,-2.5000,4.0000,-3.2500,,-0.2500,,-0.2500,,-0.2500
2010-11-08,2010,-1,2177.5000,0.5000,0.0000,0.0000,0.0000,-5.2500,9,-4.5000,4.0000,19,13.0000,3.7500,,1.0000,-1.7500,2.0000,-3.2500,2.0000,-3.2500,10.0000,-4.5000,,0.0000
2010-11-09,2010,-1,2190.7500,0.5000,1.2500,1.2500,1.2500,-1.0000,1,-0.2500,7.0000,14,5.0000,-1.2500,,,1.2500,,1.2500,,1.2500,,1.2500,,1.2500
2010-11-10,2010,-1,2175.7500,0.7500,9.7500,9.7500,9.7500,-0.5000,1,1.7500,14.0000,19,1.0000,1.5000,,,9.7500,,9.7500,,9.7500,,9.7500,,9.7500
2010-11-11,2010,-1,2142.2500,0.7500,-10.0000,-9.7500,-7.7500,-12.7500,27,-11.7500,0.0000,1,9.0000,6.5000,11.0000,1.0000,-3.7500,1.0000,-3.7500,3.0000,-5.5000,4.0000,-6.2500,22.0000,-10.5000
2010-11-12,2010,1,2162.5000,0.8750,2.0000,2.0000,-3.0000,-4.5000,8,-3.2500,6.5000,25,1.0000,2.5000,6.0000,4.0000,-2.2500,,2.0000,,2.0000,,2.0000,,2.0000
2010-11-15,2010,-1,2145.5000,0.7500,10.0000,10.0000,10.0000,-5.5000,9,-2.5000,11.7500,30,16.0000,-1.0000,,5.0000,-2.5000,,10.0000,,10.0000,,10.0000,,10.0000
2010-11-16,2010,1,2113.7500,0.7500,0.7500,0.7500,0.7500,-2.0000,2,-1.2500,10.7500,11,4.0000,0.2500,,,0.7500,,0.7500,,0.7500,,0.7500,,0.7500
2010-11-17,2010,-1,2090.0000,0.7500,-10.0000,-10.2500,-6.5000,-11.0000,29,-10.2500,0.7500,1,10.0000,6.2500,15.0000,1.0000,-3.0000,1.0000,-3.0000,3.0000,-7.5000,3.0000,-7.5000,28.0000,-9.5000
2010-11-18,2010,1,2126.0000,0.7500,4.2500,4.2500,-1.7500,-2.2500,5,-2.0000,10.0000,28,1.0000,1.2500,4.0000,4.0000,-1.7500,,4.2500,,4.2500,,4.2500,,4.2500
2010-11-19,2010,-1,2128.0000,0.5000,5.2500,5.2500,5.2500,-2.5000,2,-1.7500,7.5000,22,14.0000,-1.7500,,1.0000,-1.7500,,5.2500,,5.2500,,5.2500,,5.2500
2010-11-22,2010,-1,2123.7500,0.8750,-23.5000,-23.5000,-23.5000,-26.2500,29,-24.2500,0.7500,1,,,,2.0000,-2.7500,3.0000,-5.0000,5.0000,-7.0000,6.0000,-9.7500,10.0000,-11.0000
2010-11-23,2010,-1,2129.2500,0.7500,8.5000,8.5000,-2.2500,-3.2500,11,-2.2500,13.0000,28,14.0000,1.2500,15.0000,4.0000,-2.0000,,8.5000,,8.5000,,8.5000,,8.5000
2010-11-24,2010,1,2144.7500,0.8750,1.7500,2.0000,-0.5000,-1.7500,5,-1.2500,4.5000,24,13.0000,0.0000,18.0000,,1.7500,,1.7500,,1.7500,,1.7500,,1.7500
2010-11-26,2010,-1,2142.5000,1.0000,-10.2500,-10.2500,-13.5000,-13.7500,22,-13.5000,0.2500,1,24.0000,12.2500,28.0000,2.0000,-5.5000,2.0000,-5.5000,5.0000,-8.2500,5.0000,-8.2500,19.0000,-12.7500
2010-11-29,2010,-1,2139.0000,1.0000,18.2500,18.2500,-2.2500,-7.7500,11,-6.7500,19.5000,29,1.0000,0.7500,3.0000,3.0000,-2.2500,9.0000,-4.2500,10.0000,-6.7500,,18.2500,,18.2500
2010-11-30,2010,1,2121.5000,1.0000,2.7500,2.7500,2.7500,-12.2500,9,-11.0000,3.5000,29,11.0000,8.0000,,3.0000,-2.5000,4.0000,-6.0000,5.0000,-7.5000,8.0000,-11.0000,,2.7500
2010-12-01,2010,1,2154.5000,1.0000,10.2500,10.0000,10.2500,-0.2500,1,4.5000,13.0000,28,1.0000,0.5000,,,10.2500,,10.2500,,10.2500,,10.2500,,10.2500
2010-12-02,2010,1,2167.5000,1.2500,8.0000,8.2500,8.0000,-0.2500,1,0.2500,9.5000,29,1.0000,0.5000,,,8.0000,,8.0000,,8.0000,,8.0000,,8.0000
2010-12-03,2010,1,2182.0000,1.6250,7.5000,7.2500,7.5000,-2.2500,3,-0.7500,8.5000,30,1.0000,3.7500,,,7.5000,,7.5000,,7.5000,,7.5000,,7.5000
2010-12-06,2010,1,2190.5000,0.7500,-0.7500,-0.5000,0.0000,-6.2500,20,-6.0000,2.2500,2,2.0000,-0.5000,5.0000,9.0000,-1.7500,19.0000,-4.0000,20.0000,-6.2500,,-0.7500,,-0.7500
2010-12-07,2010,-1,2212.7500,0.7500,7.2500,7.2500,7.2500,-0.2500,10,0.0000,8.7500,29,13.0000,-0.2500,,,7.2500,,7.2500,,7.2500,,7.2500,,7.2500
2010-12-08,2010,1,2197.7500,0.7500,-3.2500,-3.0000,-0.5000,-3.5000,30,-3.0000,4.2500,13,1.0000,0.2500,3.0000,6.0000,-1.7500,,-3.2500,,-3.2500,,-3.2500,,-3.2500
2010-12-09,2010,-1,2208.7500,0.5000,2.2500,2.2500,1.5000,-1.0000,26,0.2500,7.2500,17,4.0000,-2.0000,22.0000,,2.2500,,2.2500,,2.2500,,2.2500,,2.2500
2010-12-10,2010,-1,2203.5000,0.5000,1.7500,2.0000,-1.7500,-4.2500,23,-3.2500,2.5000,5,1.0000,1.5000,21.0000,18.0000,-1.5000,22.0000,-3.0000,23.0000,-3.2500,,1.7500,,1.7500
2010-12-13,2010,-1,2220.2500,0.5000,0.2500,0.0000,-0.5000,-2.0000,3,-1.5000,5.0000,8,5.0000,0.2500,16.0000,2.0000,-1.7500,,0.2500,,0.2500,,0.2500,,0.2500
2010-12-14,2010,1,2210.7500,0.5000,4.0000,4.0000,0.0000,-4.2500,18,-3.7500,4.7500,5,3.0000,0.0000,9.0000,16.0000,-2.2500,18.0000,-4.0000,18.0000,-4.0000,,4.0000,,4.0000
2010-12-15,2010,-1,2208.7500,0.7500,-3.2500,-3.2500,-3.2500,-4.5000,28,-3.2500,2.0000,15,6.0000,2.2500,27.0000,2.0000,-2.2500,27.0000,-3.2500,,-3.2500,,-3.2500,,-3.2500
2010-12-16,2010,-1,2202.7500,0.7500,1.5000,1.2500,1.5000,-6.0000,14,-5.7500,5.0000,28,18.0000,4.2500,,4.0000,-4.2500,4.0000,-4.2500,6.0000,-4.7500,,1.5000,,1.5000
2010-12-17,2010,-1,2220.2500,0.5000,4.2500,4.2500,-0.2500,-1.0000,4,-0.7500,4.5000,30,9.0000,0.0000,17.0000,,4.2500,,4.2500,,4.2500,,4.2500,,4.2500
2010-12-21,2010,1,2230.5000,0.5000,-1.0000,-1.2500,-2.2500,-6.2500,2,-6.0000,1.7500,10,9.0000,2.0000,17.0000,2.0000,-6.0000,2.0000,-6.0000,2.0000,-6.0000,2.0000,-6.0000,,-1.0000
2010-12-22,2010,-1,2233.5000,0.2500,-0.2500,-0.2500,-1.5000,-2.5000,7,-2.2500,1.7500,18,1.0000,1.2500,5.0000,5.0000,-1.5000,5.0000,-1.5000,6.0000,-1.7500,7.0000,-2.2500,,-0.2500
2010-12-23,2010,1,2231.5000,0.2500,1.5000,1.2500,1.5000,-1.7500,1,-1.0000,3.0000,10,4.0000,1.0000,,1.0000,-1.2500,,1.5000,,1.5000,,1.5000,,1.5000
2010-12-28,2010,1,2235.5000,0.3750,-6.2500,-6.2500,-8.2500,-9.2500,9,-8.7500,0.0000,1,17.0000,7.5000,27.0000,1.0000,-2.7500,1.0000,-2.7500,1.0000,-2.7500,5.0000,-5.2500,5.0000,-5.2500
2010-12-29,2010,1,2232.5000,0.2500,-0.7500,-0.5000,-1.7500,-3.5000,5,-3.5000,0.2500,1,1.0000,1.0000,3.0000,2.0000,-0.5000,3.0000,-1.7500,3.0000,-1.7500,4.0000,-2.5000,6.0000,-3.5000
2010-12-30,2010,-1,2227.7500,0.5000,2.0000,2.0000,-0.2500,-3.7500,13,-3.5000,2.0000,30,4.0000,0.0000,7.0000,10.0000,-2.0000,10.0000,-2.0000,12.0000,-3.2500,,2.0000,,2.0000
2011-01-03,2011,1,2242.5000,0.5000,10.5000,10.5000,10.5000,-0.7500,3,-0.2500,12.5000,23,6.0000,-0.5000,,,10.5000,,10.5000,,10.5000,,10.5000,,10.5000
2011-01-04,2011,1,2261.7500,0.5000,-8.2500,-8.2500,-6.5000,-8.2500,22,-8.2500,0.2500,1,15.0000,6.0000,17.0000,2.0000,-1.0000,6.0000,-2.2500,8.0000,-3.2500,9.0000,-4.5000,12.0000,-6.5000
2011-01-05,2011,-1,2243.0000,0.7500,-7.0000,-7.0000,-7.0000,-7.2500,28,-7.0000,0.2500,1,,,,1.0000,-2.5000,7.0000,-3.5000,9.0000,-4.7500,26.0000,-6.2500,,-7.0000
2011-01-06,2011,-1,2271.2500,0.5000,-3.2500,-3.5000,-0.2500,-3.7500,30,-3.5000,3.5000,8,3.0000,-0.2500,13.0000,16.0000,-1.2500,30.0000,-3.2500,30.0000,-3.2500,,-3.2500,,-3.2500
2011-01-07,2011,-1,2276.0000,1.0000,1.0000,1.0000,1.0000,-6.0000,4,-5.7500,6.2500,19,6.0000,3.5000,,2.0000,-2.7500,3.0000,-4.5000,,1.0000,,1.0000,,1.0000
2011-01-10,2011,-1,2268.7500,0.5000,3.7500,3.7500,-1.2500,-6.5000,13,-6.5000,5.5000,29,2.0000,-0.5000,8.0000,8.0000,-1.2500,9.0000,-2.7500,11.0000,-4.5000,11.0000,-4.5000,13.0000,-6.5000
2011-01-11,2011,-1,2291.7500,0.5000,4.0000,4.2500,1.2500,-2.7500,1,-2.2500,7.7500,28,7.0000,-1.5000,10.0000,1.0000,-2.5000,1.0000,-2.5000,,4.0000,,4.0000,,4.0000
2011-01-12,2011,-1,2294.5000,0.5000,2.5000,2.5000,2.5000,0.0000,1,1.5000,6.7500,4,3.0000,-2.0000,,,2.5000,,2.5000,,2.5000,,2.5000,,2.5000
2011-01-13,2011,1,2303.2500,0.6250,-2.7500,-2.7500,-2.5000,-5.2500,14,-4.0000,1.0000,1,1.0000,0.7500,2.0000,2.0000,-2.5000,8.0000,-3.2500,13.0000,-4.0000,,-2.7500,,-2.7500
2011-01-14,2011,-1,2300.5000,0.6250,-5.0000,-4.7500,-2.2500,-6.5000,28,-6.5000,2.5000,23,23.0000,2.0000,27.0000,2.0000,-1.7500,3.0000,-3.0000,4.0000,-4.7500,28.0000,-6.2500,,-5.0000
2011-01-18,2011,1,2307.7500,0.5000,3.5000,3.7500,3.5000,-0.2500,1,0.2500,11.2500,10,1.0000,0.7500,,,3.5000,,3.5000,,3.5000,,3.5000,,3.5000
2011-01-19,2011,-1,2328.7500,0.6250,8.7500,8.5000,8.7500,-1.0000,1,-0.5000,9.5000,28,3.0000,0.0000,,,8.7500,,8.7500,,8.7500,,8.7500,,8.7500
2011-01-20,2011,1,2294.0000,1.0000,-5.2500,-5.2500,-5.2500,-12.5000,6,-11.5000,0.2500,1,8.0000,10.5000,,2.0000,-5.0000,2.0000,-5.0000,4.0000,-6.0000,5.0000,-11.7500,,-5.2500
2011-01-21,2011,-1,2294.5000,0.5000,-3.0000,-3.0000,-0.7500,-5.2500,23,-5.0000,1.7500,7,6.0000,0.7500,16.0000,4.0000,-1.2500,20.0000,-3.7500,20.0000,-3.7500,23.0000,-4.7500,,-3.0000
2011-01-24,2011,-1,2267.7500,0.7500,0.0000,0.0000,-5.2500,-11.5000,6,-11.0000,0.5000,1,1.0000,3.0000,2.0000,1.0000,-2.2500,2.0000,-5.2500,2.0000,-5.2500,3.0000,-7.0000,6.0000,-11.0000
2011-01-25,2011,1,2288.0000,0.7500,6.7500,6.5000,6.7500,-4.5000,6,-3.5000,10.0000,28,16.0000,1.7500,,3.0000,-2.5000,6.0000,-3.5000,,6.7500,,6.7500,,6.7500
2011-01-26,2011,1,2306.5000,0.5000,-4.0000,-4.2500,-4.0000,-8.2500,22,-8.0000,0.2500,1,26.0000,6.7500,,1.0000,-2.0000,4.0000,-3.0000,5.0000,-3.7500,7.0000,-4.2500,21.0000,-7.0000
2011-01-27,2011,1,2322.5000,0.7500,1.5000,1.7500,1.5000,-3.2500,6,-3.0000,7.2500,28,10.0000,0.0000,,2.0000,-1.7500,,1.5000,,1.5000,,1.5000,,1.5000
2011-01-28,2011,-1,2326.5000,0.5000,7.7500,7.7500,-1.0000,-3.0000,16,-1.7500,9.2500,29,1.0000,1.0000,3.0000,3.0000,-1.0000,,7.7500,,7.7500,,7.7500,,7.7500
2011-01-31,2011,-1,2273.5000,0.5000,10.7500,10.5000,10.7500,-0.2500,1,1.5000,18.7500,27,3.0000,-1.5000,,,10.7500,,10.7500,,10.7500,,10.7500,,10.7500
2011-02-01,2011,-1,2295.2500,0.5000,-9.5000,-9.5000,-9.5000,-11.5000,4,-10.2500,0.0000,1,7.0000,8.5000,27.0000,1.0000,-2.2500,1.0000,-2.2500,2.0000,-4.0000,3.0000,-7.5000,3.0000,-7.5000
2011-02-02,2011,1,2319.2500,0.7500,-1.5000,-1.5000,-1.5000,-3.2500,9,-2.7500,3.7500,24,14.0000,0.0000,30.0000,8.0000,-2.5000,,-1.5000,,-1.5000,,-1.5000,,-1.5000
2011-02-03,2011,1,2315.7500,0.7500,1.0000,1.0000,0.0000,-1.2500,25,-1.0000,4.2500,7,4.0000,-0.2500,24.0000,,1.0000,,1.0000,,1.0000,,1.0000,,1.0000
2011-02-04,2011,1,2325.5000,0.7500,3.7500,3.5000,-2.0000,-9.0000,14,-8.2500,4.5000,30,1.0000,1.2500,4.0000,4.0000,-2.0000,7.0000,-3.2500,8.0000,-5.0000,13.0000,-7.5000,,3.7500
2011-02-07,2011,-1,2340.0000,0.5000,-4.7500,-4.5000,-2.7500,-5.5000,15,-4.7500,3.2500,2,23.0000,2.5000,27.0000,9.0000,-1.7500,10.0000,-2.5000,15.0000,-4.7500,15.0000,-4.7500,,-4.7500
2011-02-08,2011,1,2347.0000,0.7500,6.5000,6.2500,-1.7500,-3.7500,14,-3.5000,7.5000,28,1.0000,0.5000,8.0000,8.0000,-1.7500,13.0000,-3.2500,,6.5000,,6.5000,,6.5000
2011-02-09,2011,1,2358.2500,0.5000,3.2500,3.2500,0.7500,-1.2500,17,-0.7500,4.5000,10,3.0000,-1.2500,5.0000,,3.2500,,3.2500,,3.2500,,3.2500,,3.2500
2011-02-10,2011,1,2343.5000,0.8750,-1.0000,-1.0000,-1.7500,-3.5000,29,-2.2500,3.5000,8,4.0000,0.7500,16.0000,29.0000,-2.5000,,-1.0000,,-1.0000,,-1.0000,,-1.0000
2011-02-11,2011,1,2356.5000,0.5000,3.0000,3.0000,-1.0000,-5.0000,13,-4.2500,6.7500,28,3.0000,0.0000,10.0000,1.0000,-1.0000,12.0000,-3.0000,13.0000,-4.0000,14.0000,-4.2500,,3.0000
2011-02-14,2011,-1,2377.7500,0.5000,-5.2500,-5.2500,-3.2500,-5.5000,24,-5.5000,1.5000,1,10.0000,2.7500,13.0000,3.0000,-1.2500,4.0000,-2.7500,5.0000,-3.2500,16.0000,-4.5000,,-5.2500
2011-02-15,2011,1,2381.0000,0.5000,0.5000,0.7500,0.5000,-6.7500,7,-6.0000,3.0000,26,9.0000,4.0000,,1.0000,-1.5000,4.0000,-3.2500,4.0000,-3.2500,6.0000,-4.5000,,0.5000
2011-02-16,2011,1,2388.2500,0.5000,2.5000,2.5000,-0.2500,-1.0000,19,-0.2500,4.7500,5,3.0000,-0.7500,19.0000,,2.5000,,2.5000,,2.5000,,2.5000,,2.5000
2011-02-17,2011,-1,2385.7500,0.7500,-7.0000,-7.0000,-7.0000,-9.0000,28,-7.5000,2.2500,3,,,,10.0000,-2.0000,14.0000,-4.7500,14.0000,-4.7500,21.0000,-6.2500,,-7.0000
2011-02-18,2011,-1,2395.7500,0.5000,-1.0000,-1.0000,-0.2500,-2.0000,19,-1.7500,3.0000,14,3.0000,0.0000,7.0000,17.0000,-1.0000,,-1.0000,,-1.0000,,-1.0000,,-1.0000
2011-02-22,2011,-1,2348.7500,0.6250,-8.7500,-8.7500,2.5000,-10.7500,28,-10.0000,7.5000,4,4.0000,-3.7500,5.0000,16.0000,-3.0000,16.0000,-3.0000,18.0000,-5.7500,18.0000,-5.7500,21.0000,-8.2500
2011-02-23,2011,-1,2319.7500,0.7500,2.0000,2.0000,2.0000,-9.5000,12,-8.2500,2.7500,29,13.0000,7.0000,,1.0000,-3.5000,1.0000,-3.5000,2.0000,-6.5000,2.0000,-6.5000,,2.0000
2011-02-24,2011,-1,2302.5000,1.5000,-4.2500,-4.0000,-4.2500,-9.5000,13,-8.7500,0.5000,1,17.0000,8.0000,,5.0000,-3.5000,10.0000,-6.5000,,-4.2500,,-4.2500,,-4.2500
2011-02-25,2011,1,2327.5000,0.7500,11.5000,11.7500,11.5000,0.0000,1,0.2500,13.0000,30,3.0000,-0.5000,,,11.5000,,11.5000,,11.5000,,11.5000,,11.5000
2011-02-28,2011,1,2357.0000,0.5000,3.7500,3.7500,3.7500,0.0000,1,0.7500,6.0000,7,1.0000,0.7500,,,3.7500,,3.7500,,3.7500,,3.7500,,3.7500
2011-03-01,2011,-1,2356.5000,0.7500,3.5000,3.2500,3.5000,-1.7500,1,-0.5000,9.0000,14,4.0000,0.0000,,,3.5000,,3.5000,,3.5000,,3.5000,,3.5000
2011-03-02,2011,1,2319.0000,0.8750,5.5000,5.5000,5.5000,-7.7500,3,-7.2500,7.2500,28,5.0000,5.7500,,1.0000,-3.0000,2.0000,-6.2500,2.0000,-6.2500,3.0000,-7.2500,,5.5000
2011-03-03,2011,1,2356.7500,1.1250,4.5000,4.7500,-1.2500,-2.7500,12,-1.2500,7.7500,29,1.0000,0.7500,7.0000,,4.5000,,4.5000,,4.5000,,4.5000,,4.5000
2011-03-04,2011,-1,2368.5000,1.2500,-0.2500,-0.2500,-0.7500,-3.0000,8,-1.7500,6.7500,19,11.0000,0.0000,28.0000,,-0.2500,,-0.2500,,-0.2500,,-0.2500,,-0.2500
2011-03-07,2011,1,2369.5000,0.7500,-6.7500,-7.0000,-1.2500,-10.7500,22,-9.5000,1.7500,7,7.0000,1.0000,8.0000,2.0000,-2.0000,13.0000,-4.0000,14.0000,-6.0000,15.0000,-7.5000,21.0000,-9.5000
2011-03-08,2011,1,2325.7500,0.7500,2.0000,2.0000,2.0000,-15.2500,16,-15.0000,2.7500,30,19.0000,12.0000,,3.0000,-5.0000,3.0000,-5.0000,3.0000,-5.0000,4.0000,-7.7500,12.0000,-10.0000
2011-03-09,2011,-1,2324.5000,1.1250,9.0000,8.7500,1.7500,-1.2500,1,0.7500,16.2500,9,4.0000,-2.7500,20.0000,,9.0000,,9.0000,,9.0000,,9.0000,,9.0000
2011-03-10,2011,-1,2286.0000,1.1250,4.7500,5.0000,0.5000,-3.7500,1,-1.5000,9.0000,10,4.0000,-1.5000,15.0000,,4.7500,,4.7500,,4.7500,,4.7500,,4.7500
2011-03-11,2011,1,2281.0000,1.0000,-1.7500,-1.7500,-1.7500,-7.0000,24,-5.5000,6.0000,8,1.0000,5.5000,,22.0000,-3.7500,22.0000,-3.7500,,-1.7500,,-1.7500,,-1.7500
2011-03-14,2011,1,2288.7500,0.8750,11.7500,11.7500,11.7500,-2.2500,13,0.0000,12.0000,30,1.0000,2.2500,,,11.7500,,11.7500,,11.7500,,11.7500,,11.7500
2011-03-15,2011,1,2228.5000,2.0000,-3.5000,-3.5000,-3.5000,-9.5000,5,-7.5000,8.7500,18,7.0000,6.7500,,3.0000,-7.5000,,-3.5000,,-3.5000,,-3.5000,,-3.5000
2011-03-16,2011,-1,2241.5000,1.1250,-2.2500,-2.2500,-0.5000,-5.0000,21,-4.0000,7.5000,8,8.0000,0.0000,13.0000,19.0000,-3.0000,,-2.2500,,-2.2500,,-2.2500,,-2.2500
2011-03-17,2011,-1,2234.7500,1.5000,6.2500,6.2500,6.2500,-4.0000,7,-2.5000,8.2500,13,9.0000,-0.2500,,,6.2500,,6.2500,,6.2500,,6.2500,,6.2500
2011-03-18,2011,-1,2244.2500,1.2500,11.5000,11.7500,11.5000,-1.5000,2,-0.2500,11.7500,30,16.0000,-1.7500,,,11.5000,,11.5000,,11.5000,,11.5000,,11.5000
2011-03-21,2011,-1,2247.5000,0.7500,-14.0000,-14.0000,-14.0000,-17.7500,15,-16.5000,0.0000,1,,,,1.0000,-3.5000,1.0000,-3.5000,2.0000,-4.7500,5.0000,-6.7500,9.0000,-10.5000
2011-03-22,2011,1,2262.7500,0.7500,-3.7500,-4.0000,-3.7500,-8.7500,15,-7.7500,1.0000,1,19.0000,7.2500,,6.0000,-2.0000,9.0000,-3.2500,10.0000,-5.0000,13.0000,-7.0000,,-3.7500
2011-03-23,2011,-1,2247.5000,0.7500,4.2500,4.2500,-1.0000,-3.5000,24,-2.5000,8.5000,9,21.0000,-2.5000,23.0000,24.0000,-2.5000,,4.2500,,4.2500,,4.2500,,4.2500
2011-03-24,2011,-1,2281.5000,0.7500,4.2500,4.2500,-1.5000,-2.5000,6,-1.2500,9.0000,20,9.0000,0.5000,11.0000,,4.2500,,4.2500,,4.2500,,4.2500,,4.2500
2011-03-25,2011,1,2316.0000,0.7500,1.7500,1.5000,-2.0000,-4.7500,9,-4.2500,2.7500,28,17.0000,1.7500,24.0000,1.0000,-2.0000,9.0000,-4.0000,,1.7500,,1.7500,,1.7500
2011-03-28,2011,-1,2321.0000,0.6250,4.2500,4.2500,-1.0000,-1.5000,23,-1.0000,7.0000,12,4.0000,-1.2500,23.0000,,4.2500,,4.2500,,4.2500,,4.2500,,4.2500
2011-03-29,2011,-1,2294.5000,0.7500,-9.2500,-9.5000,-3.7500,-9.5000,30,-9.5000,5.0000,9,1.0000,2.5000,18.0000,18.0000,-3.7500,18.0000,-3.7500,19.0000,-6.2500,19.0000,-6.2500,30.0000,-9.2500
2011-03-30,2011,1,2337.2500,0.7500,-5.5000,-5.2500,-4.2500,-9.7500,17,-8.5000,0.0000,1,7.0000,4.0000,10.0000,2.0000,-2.0000,4.0000,-4.0000,11.0000,-5.7500,13.0000,-6.5000,,-5.5000
2011-03-31,2011,1,2332.5000,0.7500,-2.2500,-2.2500,1.5000,-2.5000,30,-2.2500,6.5000,11,9.0000,-2.5000,19.0000,30.0000,-2.2500,,-2.2500,,-2.2500,,-2.2500,,-2.2500
2011-04-01,2011,-1,2347.2500,0.7500,2.0000,2.2500,-1.2500,-2.2500,8,-1.5000,7.2500,17,1.0000,0.7500,7.0000,,2.0000,,2.0000,,2.0000,,2.0000,,2.0000
2011-04-05,2011,1,2328.7500,0.7500,-0.7500,-0.7500,-2.0000,-5.5000,10,-3.5000,3.2500,4,4.0000,0.2500,7.0000,1.0000,-2.2500,10.0000,-3.2500,,-0.7500,,-0.7500,,-0.7500
2011-04-06,2011,1,2341.5000,0.7500,4.0000,4.2500,4.0000,-1.7500,3,-1.2500,8.5000,13,5.0000,-0.5000,,,4.0000,,4.0000,,4.0000,,4.0000,,4.0000
2011-04-07,2011,1,2328.5000,0.7500,13.7500,13.7500,13.7500,-0.2500,1,0.2500,15.7500,21,4.0000,-1.7500,,,13.7500,,13.7500,,13.7500,,13.7500,,13.7500
2011-04-08,2011,1,2340.0000,0.5000,-8.0000,-7.7500,-6.7500,-12.0000,19,-11.0000,0.7500,5,11.0000,4.7500,15.0000,1.0000,-2.0000,7.0000,-5.5000,7.0000,-5.5000,7.0000,-5.5000,9.0000,-6.2500
2011-04-11,2011,1,2330.0000,0.5000,-8.7500,-8.7500,-6.5000,-10.2500,11,-9.7500,0.5000,1,17.0000,6.2500,20.0000,1.0000,-1.7500,4.0000,-2.2500,6.0000,-4.5000,6.0000,-4.5000,8.0000,-8.7500
2011-04-12,2011,1,2298.7500,0.7500,-3.7500,-3.7500,-0.2500,-7.7500,28,-7.7500,6.0000,14,3.0000,-0.5000,22.0000,23.0000,-3.2500,23.0000,-3.2500,25.0000,-5.0000,28.0000,-7.5000,,-3.7500
2011-04-13,2011,1,2310.2500,0.7500,-2.5000,-2.7500,-1.2500,-4.2500,3,-3.2500,2.0000,8,9.0000,1.0000,10.0000,1.0000,-1.5000,3.0000,-3.2500,,-2.5000,,-2.5000,,-2.5000
2011-04-14,2011,1,2296.0000,0.7500,-0.7500,-0.5000,-3.5000,-8.5000,18,-6.5000,3.7500,8,7.0000,1.5000,12.0000,4.0000,-2.5000,12.0000,-3.5000,17.0000,-6.5000,17.0000,-6.5000,,-0.7500
2011-04-15,2011,-1,2301.5000,1.0000,0.0000,0.0000,0.0000,-0.5000,30,0.0000,12.2500,18,2.0000,-0.5000,30.0000,,0.0000,,0.0000,,0.0000,,0.0000,,0.0000
2011-04-18,2011,-1,2275.7500,2.6250,18.5000,18.2500,-0.2500,-1.2500,10,-0.5000,20.2500,29,2.0000,-2.2500,9.0000,,18.5000,,18.5000,,18.5000,,18.5000,,18.5000
2011-04-19,2011,1,2294.0000,0.5000,-4.0000,-3.7500,-1.2500,-6.5000,22,-5.7500,3.0000,13,9.0000,0.7500,15.0000,6.0000,-1.5000,18.0000,-2.5000,19.0000,-4.5000,19.0000,-4.5000,,-4.0000
2011-04-20,2011,1,2347.2500,0.6250,1.2500,1.5000,-2.2500,-7.0000,20,-6.5000,1.5000,30,1.0000,2.0000,2.0000,2.0000,-2.2500,3.0000,-3.2500,11.0000,-6.0000,11.0000,-6.0000,,1.2500
2011-04-21,2011,-1,2375.2500,0.7500,5.2500,5.5000,0.7500,-1.0000,1,-0.2500,6.7500,14,11.0000,-2.0000,20.0000,,5.2500,,5.2500,,5.2500,,5.2500,,5.2500
2011-04-25,2011,-1,2375.7500,0.3750,-3.7500,-3.7500,-1.2500,-5.2500,18,-4.2500,2.2500,9,9.0000,0.5000,13.0000,4.0000,-1.2500,5.0000,-2.2500,15.0000,-4.2500,15.0000,-4.2500,,-3.7500
2011-04-26,2011,-1,2382.7500,0.5000,-5.5000,-5.7500,-2.5000,-7.0000,21,-6.2500,2.0000,8,7.0000,1.7500,16.0000,1.0000,-2.0000,2.0000,-2.5000,3.0000,-3.2500,18.0000,-4.5000,21.0000,-6.0000
2011-04-27,2011,-1,2397.5000,0.5000,1.2500,1.2500,-0.7500,-4.5000,22,-4.0000,2.5000,8,7.0000,0.2500,14.0000,1.0000,-2.7500,1.0000,-2.7500,20.0000,-3.5000,,1.2500,,1.2500
2011-04-28,2011,1,2404.5000,0.5000,0.7500,0.7500,-2.2500,-3.7500,17,-2.7500,3.2500,24,1.0000,1.5000,13.0000,11.0000,-1.2500,13.0000,-2.2500,,0.7500,,0.7500,,0.7500
2011-04-29,2011,-1,2402.5000,0.5000,0.5000,0.5000,0.5000,-6.7500,15,-6.5000,2.5000,30,25.0000,2.7500,,2.0000,-1.2500,3.0000,-2.5000,8.0000,-4.0000,9.0000,-4.2500,15.0000,-6.2500
2011-05-02,2011,-1,2407.5000,0.5000,2.2500,2.2500,0.7500,-1.0000,1,0.0000,7.0000,17,10.0000,-2.2500,28.0000,,2.2500,,2.2500,,2.2500,,2.2500,,2.2500
2011-05-03,2011,1,2398.5000,0.5000,0.5000,0.7500,0.5000,-7.2500,13,-6.2500,3.0000,2,18.0000,4.5000,,9.0000,-1.2500,11.0000,-4.5000,11.0000,-4.5000,11.0000,-4.5000,13.0000,-6.2500
2011-05-04,2011,-1,2389.0000,0.7500,3.7500,3.7500,-3.7500,-7.0000,17,-6.7500,6.5000,28,10.0000,3.5000,14.0000,4.0000,-2.0000,7.0000,-5.2500,7.0000,-5.2500,16.0000,-6.2500,,3.7500
2011-05-05,2011,1,2374.0000,0.7500,13.5000,13.5000,13.5000,-1.0000,1,0.5000,14.2500,29,5.0000,-2.2500,,,13.5000,,13.5000,,13.5000,,13.5000,,13.5000
2011-05-06,2011,-1,2397.5000,1.2500,4.7500,4.7500,4.7500,-4.5000,4,-3.2500,10.0000,17,9.0000,0.0000,,3.0000,-3.2500,,4.7500,,4.7500,,4.7500,,4.7500
2011-05-09,2011,-1,2380.7500,0.7500,2.7500,2.7500,2.7500,-2.0000,2,-1.5000,5.2500,12,5.0000,0.7500,,,2.7500,,2.7500,,2.7500,,2.7500,,2.7500
2011-05-10,2011,-1,2394.2500,0.7500,-7.2500,-7.2500,-7.2500,-10.5000,28,-10.0000,3.0000,5,,,,16.0000,-3.0000,17.0000,-3.5000,19.0000,-5.0000,23.0000,-7.7500,27.0000,-9.2500
2011-05-11,2011,1,2406.5000,0.6250,2.2500,2.2500,2.2500,-4.5000,3,-3.5000,7.0000,21,11.0000,0.5000,,2.0000,-3.5000,2.0000,-3.5000,,2.2500,,2.2500,,2.2500
2011-05-12,2011,-1,2378.5000,0.7500,1.7500,1.7500,1.7500,-2.7500,28,-2.0000,9.5000,12,1.0000,2.7500,,28.0000,-1.7500,,1.7500,,1.7500,,1.7500,,1.7500
2011-05-13,2011,-1,2400.5000,1.2500,7.2500,7.0000,7.2500,-1.0000,24,0.2500,7.7500,30,1.0000,0.5000,,,7.2500,,7.2500,,7.2500,,7.2500,,7.2500
2011-05-16,2011,-1,2361.7500,0.5000,-8.0000,-8.0000,-7.0000,-8.2500,8,-8.2500,1.7500,1,17.0000,6.0000,29.0000,2.0000,-2.0000,3.0000,-4.0000,3.0000,-4.0000,4.0000,-4.2500,6.0000,-7.0000
2011-05-17,2011,-1,2324.0000,1.5000,-0.2500,-0.5000,-2.5000,-5.7500,24,-5.2500,3.5000,8,6.0000,1.5000,13.0000,23.0000,-3.5000,,-0.2500,,-0.2500,,-0.2500,,-0.2500
2011-05-18,2011,-1,2336.7500,0.7500,-3.2500,-2.7500,-3.2500,-7.5000,16,-6.7500,1.5000,1,20.0000,5.2500,,4.0000,-1.7500,9.0000,-3.2500,11.0000,-5.5000,15.0000,-6.5000,,-3.2500
2011-05-19,2011,-1,2367.7500,0.5000,3.0000,2.7500,-0.7500,-3.7500,23,-2.2500,5.5000,28,6.0000,0.2500,16.0000,20.0000,-1.2500,23.0000,-2.2500,,3.0000,,3.0000,,3.0000
2011-05-20,2011,1,2367.5000,0.6250,-9.7500,-10.0000,-1.0000,-12.5000,28,-10.2500,0.7500,10,8.0000,0.7500,12.0000,3.0000,-1.7500,15.0000,-3.0000,17.0000,-4.7500,19.0000,-6.7500,21.0000,-8.0000
2011-05-23,2011,-1,2309.7500,0.5000,-1.2500,-1.5000,0.7500,-5.2500,10,-4.2500,5.0000,1,2.0000,-1.2500,3.0000,5.0000,-1.0000,6.0000,-3.0000,7.0000,-4.0000,9.0000,-4.2500,,-1.2500
2011-05-24,2011,-1,2318.5000,0.7500,2.0000,1.7500,2.0000,-0.5000,5,0.7500,6.0000,18,1.0000,0.5000,,,2.0000,,2.0000,,2.0000,,2.0000,,2.0000
2011-05-25,2011,1,2300.7500,1.0000,5.7500,6.0000,-1.7500,-3.0000,4,-2.0000,7.5000,16,1.0000,1.5000,3.0000,,5.7500,,5.7500,,5.7500,,5.7500,,5.7500
2011-05-26,2011,1,2306.7500,0.8750,2.2500,2.2500,-0.5000,-1.5000,25,-0.5000,8.0000,21,3.0000,-0.5000,25.0000,,2.2500,,2.2500,,2.2500,,2.2500,,2.2500
2011-05-27,2011,1,2329.5000,0.7500,-1.5000,-1.5000,-0.2500,-2.0000,10,-1.5000,3.0000,27,23.0000,-0.5000,28.0000,,-1.5000,,-1.5000,,-1.5000,,-1.5000,,-1.5000
2011-05-31,2011,1,2360.7500,0.5000,-5.7500,-6.0000,-0.2500,-6.2500,30,-6.0000,1.7500,2,2.0000,0.2500,7.0000,10.0000,-1.2500,13.0000,-2.7500,27.0000,-4.0000,28.0000,-5.0000,,-5.7500
2011-06-01,2011,1,2368.0000,0.7500,-1.2500,-1.0000,-1.2500,-3.7500,29,-2.7500,6.2500,9,2.0000,-0.2500,28.0000,29.0000,-3.0000,,-1.2500,,-1.2500,,-1.2500,,-1.2500
2011-06-02,2011,-1,2323.7500,0.7500,-4.0000,-4.0000,-3.7500,-7.7500,28,-6.5000,5.2500,15,6.0000,3.2500,19.0000,1.0000,-4.2500,1.0000,-4.2500,23.0000,-5.2500,25.0000,-6.7500,,-4.0000
2011-06-03,2011,1,2303.5000,1.5000,7.7500,7.5000,7.7500,-1.5000,1,-0.2500,8.5000,28,3.0000,-0.5000,,,7.7500,,7.7500,,7.7500,,7.7500,,7.7500
2011-06-06,2011,1,2295.0000,0.5000,1.2500,1.2500,1.2500,-2.7500,19,-2.7500,1.7500,12,1.0000,3.2500,,2.0000,-1.7500,19.0000,-2.5000,,1.2500,,1.2500,,1.2500
2011-06-07,2011,-1,2280.0000,0.5000,0.7500,1.0000,0.7500,-1.0000,1,-0.7500,7.0000,21,4.0000,0.0000,,,0.7500,,0.7500,,0.7500,,0.7500,,0.7500
2011-06-08,2011,1,2264.5000,0.7500,-5.7500,-5.7500,-0.5000,-9.0000,27,-8.5000,3.7500,10,5.0000,0.0000,13.0000,14.0000,-2.0000,19.0000,-3.0000,22.0000,-5.5000,25.0000,-7.2500,,-5.7500
2011-06-09,2011,-1,2245.5000,0.6250,-5.0000,-4.7500,-5.0000,-6.2500,28,-6.0000,3.0000,14,,,,1.0000,-1.2500,23.0000,-2.7500,27.0000,-4.7500,28.0000,-5.7500,,-5.0000
2011-06-10,2011,1,2246.2500,0.7500,-7.7500,-7.7500,-6.5000,-8.0000,30,-7.7500,1.0000,3,10.0000,4.0000,21.0000,5.0000,-1.7500,6.0000,-3.5000,21.0000,-6.5000,21.0000,-6.5000,,-7.7500
2011-06-13,2011,-1,2218.5000,0.5000,-7.0000,-7.0000,-2.7500,-10.2500,28,-10.0000,0.5000,1,1.0000,1.2500,2.0000,2.0000,-2.7500,2.0000,-2.7500,3.0000,-3.2500,4.0000,-5.2500,5.0000,-6.5000
2011-06-14,2011,1,2239.2500,0.5000,3.7500,4.0000,3.7500,-3.2500,8,-2.0000,4.7500,19,15.0000,-0.5000,,2.0000,-1.5000,,3.7500,,3.7500,,3.7500,,3.7500
2011-06-15,2011,-1,2223.2500,0.8750,-8.5000,-8.5000,-8.5000,-11.0000,23,-10.5000,0.7500,1,26.0000,10.5000,,1.0000,-2.2500,10.0000,-4.2500,12.0000,-5.2500,20.0000,-7.7500,,-8.5000
2011-06-16,2011,-1,2205.0000,1.2500,3.5000,3.5000,-0.7500,-2.2500,21,-1.7500,7.0000,28,1.0000,0.2500,8.0000,,3.5000,,3.5000,,3.5000,,3.5000,,3.5000
2011-06-17,2011,1,2216.5000,0.7500,-10.2500,-10.2500,-10.0000,-11.5000,23,-11.2500,0.5000,1,14.0000,7.0000,16.0000,1.0000,-3.0000,2.0000,-5.0000,2.0000,-5.0000,7.0000,-6.5000,16.0000,-10.0000
2011-06-20,2011,1,2186.5000,1.0000,5.7500,5.7500,0.0000,-1.2500,6,-1.0000,9.2500,23,2.0000,-0.2500,4.0000,,5.7500,,5.7500,,5.7500,,5.7500,,5.7500
2011-06-21,2011,-1,2201.7500,0.5000,-19.2500,-19.5000,-3.2500,-20.0000,30,-19.5000,3.2500,3,1.0000,2.2500,9.0000,7.0000,-1.2500,9.0000,-3.2500,9.0000,-3.2500,11.0000,-5.2500,13.0000,-6.5000
2011-06-22,2011,-1,2238.5000,0.6250,-4.7500,-4.7500,-7.0000,-8.2500,16,-7.7500,0.7500,1,21.0000,5.7500,24.0000,1.0000,-2.7500,1.0000,-2.7500,8.0000,-4.5000,10.0000,-5.7500,16.0000,-7.7500
2011-06-23,2011,-1,2204.7500,1.0000,-0.2500,-0.2500,-0.7500,-6.0000,8,-5.0000,5.2500,22,1.0000,0.5000,3.0000,4.0000,-3.2500,7.0000,-4.2500,,-0.2500,,-0.2500,,-0.2500
2011-06-24,2011,-1,2239.7500,1.0000,5.0000,5.0000,-0.7500,-3.7500,6,-2.5000,8.5000,20,1.0000,0.5000,2.0000,6.0000,-2.5000,,5.0000,,5.0000,,5.0000,,5.0000
2011-06-27,2011,1,2216.7500,0.7500,8.0000,7.7500,8.0000,-6.5000,9,-5.5000,9.0000,29,10.0000,4.7500,,1.0000,-1.5000,3.0000,-4.2500,4.0000,-5.2500,,8.0000,,8.0000
2011-06-28,2011,-1,2254.0000,0.7500,-9.0000,-9.0000,-9.2500,-10.0000,13,-9.7500,1.2500,3,28.0000,8.5000,29.0000,4.0000,-2.7500,5.0000,-5.0000,5.0000,-5.0000,10.0000,-8.5000,12.0000,-9.2500
2011-06-29,2011,-1,2283.5000,2.1250,8.0000,8.0000,8.0000,-2.2500,1,-0.7500,8.5000,30,3.0000,0.0000,,,8.0000,,8.0000,,8.0000,,8.0000,,8.0000
2011-06-30,2011,1,2301.5000,0.5000,9.2500,9.2500,9.2500,-1.2500,6,-0.2500,10.7500,30,10.0000,-1.0000,,,9.2500,,9.2500,,9.2500,,9.2500,,9.2500
2011-07-01,2011,-1,2320.0000,0.5000,-17.5000,-17.7500,-2.0000,-18.2500,30,-17.7500,3.2500,3,1.0000,1.5000,10.0000,10.0000,-2.0000,12.0000,-2.5000,18.0000,-3.7500,20.0000,-4.7500,23.0000,-6.7500
2011-07-05,2011,1,2359.7500,0.5000,0.7500,1.0000,0.7500,-3.0000,8,-2.5000,1.7500,29,30.0000,0.0000,,1.0000,-1.2500,9.0000,-2.2500,,0.7500,,0.7500,,0.7500
2011-07-06,2011,-1,2365.0000,0.7500,1.5000,1.5000,-2.7500,-5.7500,15,-5.0000,2.2500,30,1.0000,2.0000,2.0000,2.0000,-2.7500,15.0000,-5.2500,15.0000,-5.2500,,1.5000,,1.5000
2011-07-07,2011,-1,2392.5000,0.8750,-4.0000,-4.0000,-3.5000,-5.2500,20,-4.7500,1.5000,2,14.0000,1.2500,19.0000,7.0000,-2.0000,21.0000,-4.5000,,-4.0000,,-4.0000,,-4.0000
2011-07-08,2011,1,2393.7500,1.5000,-0.5000,-0.5000,-0.5000,-0.7500,1,-0.5000,5.2500,13,3.0000,0.0000,30.0000,,-0.5000,,-0.5000,,-0.5000,,-0.5000,,-0.5000
2011-07-11,2011,1,2378.7500,1.0000,7.0000,7.0000,1.7500,-0.7500,9,-0.7500,10.7500,21,3.0000,-2.0000,4.0000,,7.0000,,7.0000,,7.0000,,7.0000,,7.0000
2011-07-12,2011,-1,2359.7500,1.5000,5.2500,5.0000,5.2500,-0.2500,1,2.5000,19.5000,23,2.0000,-0.2500,,,5.2500,,5.2500,,5.2500,,5.2500,,5.2500
2011-07-13,2011,1,2361.0000,0.7500,-2.7500,-2.7500,-1.0000,-10.5000,26,-9.5000,1.0000,14,14.0000,1.0000,16.0000,5.0000,-2.0000,6.0000,-3.5000,19.0000,-5.5000,24.0000,-8.5000,25.0000,-9.5000
2011-07-14,2011,-1,2352.0000,1.0000,-13.7500,-13.7500,-3.0000,-16.2500,28,-15.5000,1.7500,4,13.0000,2.2500,15.0000,6.0000,-2.2500,9.0000,-4.0000,18.0000,-7.2500,19.0000,-9.0000,22.0000,-12.5000
2011-07-15,2011,1,2351.7500,0.7500,-3.0000,-3.2500,-3.2500,-15.0000,26,-14.0000,0.5000,1,1.0000,2.7500,4.0000,2.0000,-2.5000,4.0000,-3.2500,6.0000,-5.5000,8.0000,-7.0000,11.0000,-10.0000
2011-07-18,2011,-1,2342.2500,0.7500,-2.7500,-2.2500,-1.5000,-9.5000,8,-8.7500,4.0000,25,1.0000,0.7500,3.0000,5.0000,-4.5000,5.0000,-4.5000,6.0000,-5.7500,8.0000,-9.0000,,-2.7500
2011-07-19,2011,1,2371.7500,1.1250,9.2500,9.2500,9.2500,-0.7500,1,2.2500,11.2500,10,9.0000,-4.2500,,,9.2500,,9.2500,,9.2500,,9.2500,,9.2500
2011-07-20,2011,-1,2403.2500,0.5000,8.0000,8.0000,8.0000,-1.7500,2,-0.7500,12.5000,20,1.0000,1.5000,,,8.0000,,8.0000,,8.0000,,8.0000,,8.0000
2011-07-21,2011,-1,2383.2500,1.0000,-11.2500,-11.0000,-6.7500,-12.5000,17,-11.2500,8.5000,4,1.0000,3.5000,15.0000,14.0000,-3.5000,15.0000,-6.7500,15.0000,-6.7500,16.0000,-8.7500,,-11.2500
2011-07-22,2011,1,2403.7500,0.7500,-2.0000,-2.0000,-2.0000,-3.5000,28,-2.0000,8.2500,4,1.0000,1.7500,30.0000,27.0000,-2.0000,,-2.0000,,-2.0000,,-2.0000,,-2.0000
2011-07-25,2011,-1,2404.0000,1.0000,-12.7500,-12.7500,-5.7500,-13.5000,29,-13.0000,0.0000,1,9.0000,5.2500,12.0000,1.0000,-3.0000,3.0000,-5.2500,7.0000,-6.5000,15.0000,-10.5000,28.0000,-12.7500
2011-07-26,2011,1,2426.7500,0.7500,-4.2500,-4.2500,-4.7500,-10.2500,23,-10.0000,4.5000,10,5.0000,3.2500,20.0000,2.0000,-3.5000,2.0000,-3.5000,20.0000,-4.7500,22.0000,-6.5000,23.0000,-10.2500
2011-07-27,2011,-1,2411.7500,0.7500,14.5000,14.2500,14.5000,-0.2500,2,0.5000,16.7500,29,7.0000,-2.2500,,,14.5000,,14.5000,,14.5000,,14.5000,,14.5000
2011-07-28,2011,-1,2364.2500,1.0000,-4.0000,-4.0000,-1.7500,-9.0000,28,-8.5000,7.7500,8,3.0000,-1.0000,15.0000,16.0000,-2.5000,20.0000,-6.0000,20.0000,-6.0000,21.0000,-8.5000,,-4.0000
2011-07-29,2011,1,2350.2500,1.0000,-0.7500,-0.7500,-5.5000,-12.2500,14,-9.7500,5.7500,26,1.0000,3.7500,6.0000,4.0000,-2.7500,6.0000,-5.5000,12.0000,-6.5000,13.0000,-10.0000,,-0.7500
2011-08-01,2011,1,2391.0000,1.0000,-41.5000,-41.5000,-41.5000,-42.0000,30,-41.5000,1.5000,1,,,,2.0000,-4.7500,2.0000,-4.7500,3.0000,-7.5000,8.0000,-11.2500,13.0000,-13.0000
2011-08-02,2011,1,2338.5000,1.1250,9.5000,9.5000,9.5000,-2.2500,1,-2.2500,10.7500,28,7.0000,0.5000,,,9.5000,,9.5000,,9.5000,,9.5000,,9.5000
2011-08-03,2011,-1,2293.5000,0.8750,-4.2500,-4.2500,-0.7500,-10.0000,28,-9.7500,9.0000,16,6.0000,0.7500,22.0000,1.0000,-2.2500,25.0000,-3.5000,26.0000,-5.7500,28.0000,-9.5000,,-4.2500
2011-08-04,2011,-1,2277.7500,3.0000,1.2500,1.2500,1.2500,-4.2500,10,-3.2500,11.7500,19,17.0000,0.0000,,,1.2500,,1.2500,,1.2500,,1.2500,,1.2500
2011-08-05,2011,1,2234.2500,2.3750,-55.7500,-55.5000,-55.7500,-65.5000,28,-59.5000,4.7500,3,,,,5.0000,-6.7500,9.0000,-12.2500,10.0000,-17.0000,11.0000,-20.5000,17.0000,-29.0000
2011-08-08,2011,-1,2131.2500,2.1250,-7.7500,-8.0000,-7.7500,-30.5000,11,-27.7500,0.2500,1,13.0000,25.5000,,1.0000,-5.5000,2.0000,-13.2500,2.0000,-13.2500,5.0000,-22.0000,8.0000,-25.7500
2011-08-09,2011,1,2082.0000,2.6250,26.5000,26.2500,0.7500,-20.2500,12,-17.7500,32.7500,30,4.0000,-0.7500,7.0000,9.0000,-6.2500,10.0000,-12.0000,12.0000,-17.2500,,26.5000,,26.5000
2011-08-10,2011,-1,2101.5000,3.3750,10.0000,10.0000,3.7500,-12.2500,16,-10.0000,12.5000,29,3.0000,-4.7500,4.0000,13.0000,-7.2500,,10.0000,,10.0000,,10.0000,,10.0000
2011-08-11,2011,1,2102.0000,5.2500,6.5000,6.5000,-4.0000,-14.0000,24,-13.2500,16.5000,4,15.0000,1.5000,17.0000,23.0000,-13.2500,,6.5000,,6.5000,,6.5000,,6.5000
2011-08-12,2011,1,2177.2500,1.6250,-21.7500,-21.7500,-12.0000,-23.7500,24,-23.2500,3.0000,2,14.0000,10.5000,22.0000,4.0000,-4.5000,5.0000,-9.7500,6.0000,-11.7500,23.0000,-17.2500,24.0000,-23.5000
2011-08-15,2011,1,2189.5000,1.0000,10.5000,10.5000,10.5000,0.0000,1,1.5000,16.0000,12,2.0000,-0.5000,,,10.5000,,10.5000,,10.5000,,10.5000,,10.5000
2011-08-16,2011,1,2188.2500,1.3750,4.5000,4.2500,-0.7500,-5.5000,19,-4.7500,7.5000,5,4.0000,-1.2500,13.0000,19.0000,-4.7500,,4.5000,,4.5000,,4.5000,,4.5000
2011-08-17,2011,-1,2192.7500,1.0000,-18.5000,-18.5000,-18.5000,-21.2500,21,-20.2500,1.0000,1,26.0000,19.7500,,3.0000,-2.2500,5.0000,-5.2500,13.0000,-7.2500,14.0000,-11.0000,16.0000,-13.2500
2011-08-18,2011,-1,2112.5000,2.2500,37.5000,37.5000,37.5000,-1.5000,1,-0.2500,39.5000,30,1.0000,2.5000,,,37.5000,,37.5000,,37.5000,,37.5000,,37.5000
2011-08-19,2011,1,2062.5000,1.2500,20.5000,20.2500,20.5000,-3.0000,1,-2.2500,21.7500,30,1.0000,4.5000,,,20.5000,,20.5000,,20.5000,,20.5000,,20.5000
2011-08-22,2011,-1,2080.7500,1.0000,12.0000,12.0000,12.0000,-0.7500,1,0.7500,15.0000,24,3.0000,-1.5000,,,12.0000,,12.0000,,12.0000,,12.0000,,12.0000
2011-08-23,2011,-1,2053.2500,1.5000,-21.7500,-21.5000,-5.2500,-21.7500,30,-21.5000,5.2500,8,1.0000,3.7500,4.0000,4.0000,-5.2500,17.0000,-11.7500,17.0000,-11.7500,21.0000,-13.2500,30.0000,-21.7500
2011-08-24,2011,-1,2120.7500,1.2500,-22.5000,-22.7500,-2.7500,-24.0000,30,-22.7500,3.2500,8,8.0000,0.5000,10.0000,1.0000,-4.2500,12.0000,-5.2500,16.0000,-8.0000,22.0000,-13.2500,26.0000,-19.0000
2011-08-25,2011,1,2150.5000,2.7500,-23.2500,-23.5000,-4.5000,-24.5000,30,-23.5000,1.5000,1,1.0000,3.0000,4.0000,7.0000,-8.2500,20.0000,-14.0000,28.0000,-19.5000,30.0000,-23.2500,,-23.2500
2011-08-26,2011,1,2105.0000,1.7500,-9.7500,-10.0000,1.2500,-18.2500,29,-13.0000,6.2500,3,3.0000,-2.0000,4.0000,7.0000,-4.5000,11.0000,-7.2500,28.0000,-12.7500,,-9.7500,,-9.7500
2011-08-29,2011,1,2191.5000,1.0000,6.7500,6.5000,6.7500,-1.0000,1,1.2500,13.2500,20,1.0000,1.7500,,,6.7500,,6.7500,,6.7500,,6.7500,,6.7500
2011-08-30,2011,1,2213.2500,1.1250,-5.0000,-5.0000,-1.5000,-6.5000,30,-5.0000,11.0000,14,2.0000,-0.7500,28.0000,29.0000,-3.0000,30.0000,-5.0000,,-5.0000,,-5.0000,,-5.0000
2011-08-31,2011,1,2253.2500,0.8750,5.7500,5.7500,-3.2500,-9.7500,9,-8.5000,9.2500,28,1.0000,2.0000,4.0000,4.0000,-3.2500,6.0000,-4.5000,8.0000,-8.5000,8.0000,-8.5000,,5.7500
2011-09-01,2011,-1,2244.0000,1.0000,-16.7500,-17.0000,-16.5000,-18.5000,29,-17.0000,6.2500,22,8.0000,5.0000,28.0000,4.0000,-3.2500,5.0000,-6.5000,5.0000,-6.5000,28.0000,-16.5000,28.0000,-16.5000
2011-09-02,2011,1,2186.2500,1.6250,-3.7500,-3.7500,-3.7500,-15.7500,9,-14.7500,0.0000,1,16.0000,10.5000,,2.0000,-4.7500,4.0000,-8.2500,5.0000,-10.5000,8.0000,-14.7500,,-3.7500
2011-09-06,2011,-1,2122.0000,1.8750,-8.0000,-7.7500,-3.7500,-13.7500,28,-10.7500,3.5000,1,5.0000,0.0000,6.0000,12.0000,-5.0000,28.0000,-10.5000,,-8.0000,,-8.0000,,-8.0000
2011-09-07,2011,-1,2193.7500,1.2500,-5.5000,-5.7500,-6.7500,-10.2500,13,-9.7500,1.5000,3,20.0000,6.0000,27.0000,1.0000,-3.5000,9.0000,-6.2500,12.0000,-9.7500,,-5.5000,,-5.5000
2011-09-09,2011,-1,2185.5000,1.7500,-4.5000,-4.7500,-4.5000,-7.2500,29,-6.5000,6.5000,10,1.0000,7.2500,,2.0000,-5.0000,,-4.5000,,-4.5000,,-4.5000,,-4.5000
2011-09-12,2011,1,2142.7500,1.2500,22.7500,23.0000,22.7500,-1.0000,1,-0.2500,27.5000,26,7.0000,-1.7500,,,22.7500,,22.7500,,22.7500,,22.7500,,22.7500
2011-09-13,2011,1,2193.2500,2.0000,7.2500,7.5000,-2.7500,-9.0000,13,-7.2500,10.0000,28,1.0000,0.7500,3.0000,6.0000,-4.5000,,7.2500,,7.2500,,7.2500,,7.2500
2011-09-14,2011,1,2232.0000,1.2500,-7.0000,-7.2500,-7.0000,-10.0000,10,-8.7500,3.0000,3,12.0000,7.0000,30.0000,4.0000,-5.0000,5.0000,-6.5000,10.0000,-8.7500,,-7.0000,,-7.0000
2011-09-15,2011,-1,2265.5000,3.0000,-3.0000,-3.0000,-4.5000,-6.0000,29,-4.2500,9.7500,9,1.0000,2.0000,29.0000,,-3.0000,,-3.0000,,-3.0000,,-3.0000,,-3.0000
2011-09-16,2011,1,2290.7500,1.2500,0.7500,0.5000,1.5000,-2.2500,6,-2.0000,8.2500,22,17.0000,-1.7500,27.0000,,0.7500,,0.7500,,0.7500,,0.7500,,0.7500
2011-09-19,2011,1,2272.2500,1.5000,-12.5000,-12.5000,-5.0000,-18.0000,28,-16.7500,1.5000,1,1.0000,3.7500,6.0000,2.0000,-3.7500,8.0000,-6.7500,14.0000,-9.2500,18.0000,-13.2500,,-12.5000
2011-09-20,2011,-1,2314.0000,2.0000,2.5000,2.5000,2.5000,-1.5000,2,-0.5000,15.7500,12,3.0000,-1.2500,,,2.5000,,2.5000,,2.5000,,2.5000,,2.5000
2011-09-21,2011,1,2309.0000,1.2500,-2.2500,-2.2500,-4.5000,-8.7500,20,-8.0000,6.5000,3,1.0000,3.5000,9.0000,9.0000,-4.5000,18.0000,-5.2500,20.0000,-7.7500,,-2.2500,,-2.2500
2011-09-22,2011,1,2196.5000,2.0000,-10.0000,-10.0000,1.7500,-21.2500,25,-20.2500,8.0000,8,7.0000,-3.0000,9.0000,16.0000,-5.0000,17.0000,-11.0000,18.0000,-12.2500,24.0000,-16.5000,,-10.0000
2011-09-23,2011,-1,2159.5000,3.0000,-24.0000,-24.2500,-17.7500,-28.5000,24,-27.5000,0.0000,1,17.0000,17.2500,19.0000,1.0000,-6.7500,2.0000,-12.7500,14.0000,-19.0000,22.0000,-24.5000,,-24.0000
2011-09-26,2011,-1,2209.5000,2.1250,24.2500,24.5000,24.2500,-0.7500,1,1.7500,29.2500,29,1.0000,2.7500,,,24.2500,,24.2500,,24.2500,,24.2500,,24.2500
2011-09-27,2011,-1,2257.5000,1.5000,-2.0000,-2.2500,-7.2500,-10.7500,28,-7.2500,8.0000,12,1.0000,4.7500,19.0000,19.0000,-7.2500,19.0000,-7.2500,,-2.0000,,-2.0000,,-2.0000
2011-09-28,2011,1,2260.5000,1.5000,6.7500,6.7500,6.7500,-4.5000,6,-3.7500,15.2500,22,,,,3.0000,-4.0000,,6.7500,,6.7500,,6.7500,,6.7500
2011-09-29,2011,-1,2250.0000,1.7500,12.5000,12.7500,-2.2500,-4.2500,17,-2.0000,14.5000,30,2.0000,-0.7500,3.0000,,12.5000,,12.5000,,12.5000,,12.5000,,12.5000
2011-09-30,2011,-1,2154.7500,1.2500,-0.7500,-0.5000,-5.2500,-11.0000,11,-8.5000,7.5000,16,15.0000,4.5000,23.0000,10.0000,-8.0000,10.0000,-8.0000,10.0000,-8.0000,,-0.7500,,-0.7500
2011-10-03,2011,1,2119.2500,1.5000,6.0000,6.0000,-0.7500,-14.2500,23,-13.5000,9.2500,30,9.0000,0.0000,16.0000,2.0000,-3.2500,20.0000,-9.2500,21.0000,-12.0000,22.0000,-13.5000,,6.0000
2011-10-04,2011,1,2060.2500,1.7500,-9.2500,-9.5000,-1.5000,-16.2500,24,-14.0000,5.7500,5,5.0000,-1.0000,7.0000,11.0000,-5.5000,20.0000,-8.5000,24.0000,-14.0000,,-9.2500,,-9.2500
2011-10-05,2011,-1,2105.0000,1.1250,-13.7500,-13.7500,-0.7500,-15.7500,29,-14.5000,5.7500,21,1.0000,0.5000,2.0000,7.0000,-4.2500,9.0000,-5.7500,10.0000,-7.5000,28.0000,-10.7500,29.0000,-14.2500
2011-10-06,2011,1,2177.5000,2.6250,-4.7500,-4.7500,-5.0000,-14.5000,20,-13.0000,4.2500,3,1.0000,2.7500,5.0000,14.0000,-5.5000,18.0000,-12.5000,,-4.7500,,-4.7500,,-4.7500
2011-10-07,2011,-1,2211.5000,1.7500,5.2500,5.2500,6.0000,-0.2500,1,0.2500,12.5000,8,8.0000,-7.0000,10.0000,,5.2500,,5.2500,,5.2500,,5.2500,,5.2500
2011-10-10,2011,1,2238.0000,0.8750,12.2500,12.5000,12.2500,-6.0000,4,-5.0000,14.5000,29,6.0000,4.2500,,2.0000,-2.7500,3.0000,-4.7500,,12.2500,,12.2500,,12.2500
2011-10-11,2011,1,2271.0000,1.2500,2.2500,2.7500,2.2500,-4.5000,3,-2.2500,10.0000,19,16.0000,-2.0000,,,2.2500,,2.2500,,2.2500,,2.2500,,2.2500
2011-10-12,2011,-1,2308.7500,1.2500,-0.7500,-0.7500,-4.0000,-8.2500,22,-7.7500,2.2500,3,15.0000,3.7500,19.0000,9.0000,-3.5000,10.0000,-5.7500,22.0000,-8.0000,,-0.7500,,-0.7500
2011-10-13,2011,1,2298.7500,1.0000,0.0000,-0.2500,0.7500,-3.2500,5,-2.0000,6.5000,17,14.0000,-2.2500,19.0000,,0.0000,,0.0000,,0.0000,,0.0000,,0.0000
2011-10-14,2011,1,2355.2500,1.0000,-0.7500,-1.0000,-1.0000,-3.0000,29,-2.5000,5.2500,26,3.0000,-2.5000,4.0000,29.0000,-2.5000,,-0.7500,,-0.7500,,-0.7500,,-0.7500
2011-10-17,2011,1,2355.0000,1.2500,-2.0000,-1.7500,-2.5000,-4.0000,28,-3.0000,7.7500,15,4.0000,0.7500,23.0000,23.0000,-2.5000,,-2.0000,,-2.0000,,-2.0000,,-2.0000
2011-10-18,2011,-1,2329.5000,1.3750,20.5000,20.5000,0.0000,-2.5000,7,-1.5000,21.7500,30,2.0000,-0.5000,4.0000,,20.5000,,20.5000,,20.5000,,20.5000,,20.5000
2011-10-19,2011,1,2349.2500,1.2500,-14.5000,-14.2500,-14.5000,-15.5000,30,-14.2500,2.5000,6,,,,10.0000,-4.7500,11.0000,-5.0000,14.0000,-7.7500,29.0000,-12.0000,,-14.5000
2011-10-20,2011,-1,2308.2500,2.3750,3.7500,4.0000,-3.0000,-5.2500,29,-4.5000,12.7500,10,1.0000,2.0000,14.0000,,3.7500,,3.7500,,3.7500,,3.7500,,3.7500
2011-10-21,2011,-1,2325.5000,1.2500,-5.0000,-5.0000,-0.2500,-12.5000,24,-9.5000,4.2500,2,3.0000,-1.0000,14.0000,15.0000,-3.5000,18.0000,-5.5000,24.0000,-9.2500,,-5.0000,,-5.0000
2011-10-24,2011,1,2344.0000,0.7500,3.5000,3.2500,3.5000,-2.7500,3,-2.0000,12.5000,18,1.0000,5.7500,,2.0000,-2.0000,,3.5000,,3.5000,,3.5000,,3.5000
2011-10-25,2011,-1,2365.7500,1.5000,4.2500,4.2500,4.2500,-2.2500,1,-1.2500,15.5000,5,3.0000,0.0000,,,4.2500,,4.2500,,4.2500,,4.2500,,4.2500
2011-10-26,2011,1,2349.2500,1.5000,-14.2500,-14.5000,-14.2500,-14.7500,30,-14.5000,1.0000,1,,,,4.0000,-3.5000,5.0000,-6.2500,16.0000,-9.7500,30.0000,-14.2500,,-14.2500
2011-10-27,2011,-1,2383.0000,1.5000,9.5000,9.2500,9.5000,-2.7500,9,-0.5000,10.0000,30,1.0000,3.2500,,,9.5000,,9.5000,,9.5000,,9.5000,,9.5000
2011-10-28,2011,1,2387.7500,1.0000,3.7500,3.7500,-2.2500,-6.0000,24,-5.5000,8.2500,6,1.0000,1.0000,15.0000,15.0000,-2.2500,24.0000,-5.7500,,3.7500,,3.7500,,3.7500
2011-10-31,2011,-1,2372.5000,1.0000,3.5000,3.7500,3.5000,-0.2500,1,2.5000,8.0000,14,1.0000,0.5000,,,3.5000,,3.5000,,3.5000,,3.5000,,3.5000
2011-11-01,2011,-1,2297.5000,1.7500,-9.0000,-8.7500,-7.5000,-10.7500,16,-10.0000,7.2500,28,12.0000,6.7500,15.0000,4.0000,-5.0000,9.0000,-9.2500,,-9.0000,,-9.0000,,-9.0000
2011-11-02,2011,1,2319.0000,1.2500,-12.2500,-12.2500,-12.5000,-14.5000,26,-14.0000,0.2500,1,22.0000,11.0000,25.0000,4.0000,-3.0000,7.0000,-6.5000,15.0000,-8.2500,18.0000,-10.5000,,-12.2500
2011-11-03,2011,1,2333.0000,1.8750,-16.5000,-16.0000,-16.5000,-20.5000,29,-17.5000,2.2500,1,,,,6.0000,-4.5000,16.0000,-8.2500,19.0000,-12.0000,28.0000,-15.2500,,-16.5000
2011-11-04,2011,1,2355.2500,1.7500,-15.0000,-15.0000,-5.7500,-16.5000,27,-15.2500,0.2500,7,5.0000,4.0000,9.0000,1.0000,-4.0000,20.0000,-7.2500,25.0000,-14.5000,25.0000,-14.5000,,-15.0000
2011-11-07,2011,1,2351.2500,1.3750,2.2500,2.5000,0.0000,-3.2500,1,-1.0000,11.0000,23,4.0000,-2.2500,10.0000,,2.2500,,2.2500,,2.2500,,2.2500,,2.2500
2011-11-08,2011,-1,2385.0000,1.0000,-8.0000,-7.7500,-6.0000,-9.7500,28,-9.2500,3.5000,3,17.0000,3.7500,24.0000,11.0000,-3.5000,13.0000,-4.7500,25.0000,-7.0000,27.0000,-9.0000,,-8.0000
2011-11-09,2011,-1,2345.2500,1.7500,7.5000,7.2500,1.2500,-3.5000,4,-2.2500,13.7500,23,14.0000,-1.0000,17.0000,,7.5000,,7.5000,,7.5000,,7.5000,,7.5000
2011-11-10,2011,-1,2333.0000,1.2500,23.0000,23.0000,23.0000,-1.0000,1,2.2500,26.0000,29,2.0000,-0.5000,,,23.0000,,23.0000,,23.0000,,23.0000,,23.0000
2011-11-11,2011,1,2336.7500,1.0000,1.2500,1.5000,-4.7500,-10.0000,19,-9.2500,2.2500,30,1.0000,1.7500,2.0000,2.0000,-4.7500,2.0000,-4.7500,18.0000,-9.2500,18.0000,-9.2500,,1.2500
2011-11-14,2011,-1,2345.7500,1.2500,-5.2500,-5.0000,-5.2500,-6.2500,9,-5.2500,6.5000,18,12.0000,4.2500,30.0000,4.0000,-3.5000,9.0000,-5.0000,,-5.2500,,-5.2500,,-5.2500
2011-11-15,2011,1,2332.5000,1.0000,10.7500,10.7500,10.7500,-3.5000,2,-2.7500,16.7500,16,5.0000,-0.2500,,1.0000,-2.7500,,10.7500,,10.7500,,10.7500,,10.7500
2011-11-16,2011,-1,2342.5000,1.2500,-7.5000,-7.2500,-8.5000,-14.2500,24,-14.0000,1.7500,3,15.0000,7.5000,16.0000,3.0000,-3.7500,6.0000,-6.7500,9.0000,-8.7500,13.0000,-10.5000,,-7.5000
2011-11-17,2011,-1,2314.7500,1.7500,8.2500,8.2500,8.2500,-1.7500,1,1.0000,14.5000,17,2.0000,-0.5000,,,8.2500,,8.2500,,8.2500,,8.2500,,8.2500
2011-11-18,2011,-1,2267.0000,1.2500,5.7500,6.0000,5.7500,-2.0000,4,-0.5000,8.5000,16,1.0000,1.0000,,,5.7500,,5.7500,,5.7500,,5.7500,,5.7500
2011-11-21,2011,1,2225.0000,1.2500,-20.7500,-20.7500,-20.7500,-24.7500,29,-21.5000,0.0000,1,,,,1.0000,-3.5000,2.0000,-6.0000,4.0000,-8.2500,6.0000,-13.0000,10.0000,-15.2500
2011-11-22,2011,-1,2203.2500,0.8750,-10.7500,-10.7500,-6.2500,-16.5000,14,-16.2500,1.5000,1,1.0000,1.0000,2.0000,2.0000,-6.2500,2.0000,-6.2500,2.0000,-6.2500,5.0000,-9.7500,7.0000,-12.5000
2011-11-23,2011,-1,2196.2500,1.5000,10.0000,9.7500,10.0000,-6.7500,4,-5.5000,13.0000,29,10.0000,2.7500,,1.0000,-4.2500,,10.0000,,10.0000,,10.0000,,10.0000
2011-11-25,2011,1,2162.0000,1.5000,14.0000,13.5000,14.0000,0.0000,1,3.0000,20.5000,12,3.0000,-3.0000,,,14.0000,,14.0000,,14.0000,,14.0000,,14.0000
2011-11-28,2011,1,2209.5000,1.0000,11.5000,11.7500,11.5000,-3.2500,3,-2.7500,13.7500,24,6.0000,1.2500,,3.0000,-3.0000,,11.5000,,11.5000,,11.5000,,11.5000
2011-11-29,2011,-1,2218.2500,1.5000,-14.0000,-14.5000,-14.0000,-19.5000,29,-17.2500,2.0000,1,,,,4.0000,-3.2500,9.0000,-6.7500,17.0000,-9.5000,21.0000,-12.7500,,-14.0000
2011-11-30,2011,-1,2269.5000,1.3750,-8.0000,-8.0000,-8.0000,-9.0000,30,-8.0000,5.5000,6,,,,12.0000,-3.7500,28.0000,-7.2500,,-8.0000,,-8.0000,,-8.0000
2011-12-01,2011,1,2294.5000,1.0000,15.5000,15.5000,15.5000,-2.2500,5,-2.0000,19.0000,30,9.0000,0.5000,,,15.5000,,15.5000,,15.5000,,15.5000,,15.5000
2011-12-02,2011,-1,2324.2500,1.2500,-4.0000,-4.0000,-1.0000,-5.5000,30,-4.0000,6.5000,20,6.0000,0.0000,24.0000,29.0000,-2.7500,,-4.0000,,-4.0000,,-4.0000,,-4.0000
2011-12-05,2011,-1,2329.2500,1.0000,-1.7500,-2.0000,-0.5000,-3.0000,30,-2.0000,8.0000,17,6.0000,0.2500,25.0000,,-1.7500,,-1.7500,,-1.7500,,-1.7500,,-1.7500
2011-12-06,2011,1,2333.0000,0.7500,0.0000,0.0000,0.0000,-7.5000,16,-7.0000,3.7500,3,24.0000,5.2500,,9.0000,-2.2500,10.0000,-3.5000,13.0000,-5.7500,14.0000,-6.5000,,0.0000
2011-12-07,2011,-1,2307.7500,1.2500,10.2500,10.2500,10.2500,-0.2500,1,2.2500,15.5000,11,1.0000,1.7500,,,10.2500,,10.2500,,10.2500,,10.2500,,10.2500
2011-12-08,2011,-1,2300.2500,3.0000,-12.5000,-12.2500,-16.0000,-20.5000,19,-18.7500,0.0000,1,11.0000,12.5000,13.0000,2.0000,-6.0000,6.0000,-12.2500,19.0000,-18.7500,,-12.5000,,-12.5000
2011-12-09,2011,1,2292.0000,1.0000,6.2500,6.2500,0.0000,-6.5000,13,-6.0000,7.7500,19,5.0000,-0.7500,8.0000,9.0000,-3.7500,12.0000,-5.0000,,6.2500,,6.2500,,6.2500
2011-12-12,2011,-1,2287.2500,1.3750,9.7500,9.7500,9.7500,-0.7500,1,0.2500,10.5000,26,1.0000,2.7500,,,9.7500,,9.7500,,9.7500,,9.7500,,9.7500
2011-12-13,2011,1,2312.2500,1.0000,-1.2500,-1.2500,-2.7500,-7.2500,27,-6.2500,2.5000,13,1.0000,2.5000,20.0000,20.0000,-2.7500,25.0000,-4.7500,26.0000,-6.0000,,-1.2500,,-1.2500
2011-12-14,2011,-1,2255.2500,1.0000,9.5000,9.7500,9.5000,-2.5000,10,-1.7500,16.7500,19,13.0000,0.7500,,,9.5000,,9.5000,,9.5000,,9.5000,,9.5000
2011-12-15,2011,-1,2245.7500,1.1250,5.0000,5.0000,5.0000,-2.7500,7,-1.7500,8.0000,27,8.0000,1.5000,,,5.0000,,5.0000,,5.0000,,5.0000,,5.0000
2011-12-16,2011,1,2240.0000,1.0000,15.2500,15.2500,15.2500,-1.2500,1,0.0000,15.2500,30,3.0000,0.0000,,,15.2500,,15.2500,,15.2500,,15.2500,,15.2500
2011-12-19,2011,1,2245.2500,1.0000,-4.2500,-4.2500,-2.2500,-8.7500,19,-8.2500,1.7500,1,1.0000,1.2500,4.0000,4.0000,-2.2500,5.0000,-4.0000,19.0000,-8.2500,19.0000,-8.2500,,-4.2500
2011-12-20,2011,1,2254.7500,0.7500,4.5000,5.0000,4.5000,-2.2500,3,-1.5000,7.5000,11,6.0000,1.0000,,,4.5000,,4.5000,,4.5000,,4.5000,,4.5000
2011-12-21,2011,-1,2259.2500,1.2500,21.5000,21.7500,21.5000,-0.5000,1,0.0000,23.5000,29,1.0000,3.0000,,,21.5000,,21.5000,,21.5000,,21.5000,,21.5000
2011-12-22,2011,1,2249.5000,0.8750,8.0000,8.0000,8.0000,-2.0000,1,-1.5000,11.0000,23,1.0000,2.2500,,,8.0000,,8.0000,,8.0000,,8.0000,,8.0000
2011-12-23,2011,-1,2267.2500,0.5000,-2.2500,-2.2500,-1.2500,-3.7500,23,-3.2500,2.2500,7,1.0000,0.7500,4.0000,4.0000,-1.2500,20.0000,-3.0000,23.0000,-3.0000,,-2.2500,,-2.2500
2011-12-27,2011,-1,2276.7500,0.6250,-13.5000,-13.2500,-2.5000,-16.7500,28,-14.7500,0.5000,2,1.0000,1.2500,7.0000,7.0000,-2.5000,8.0000,-5.5000,8.0000,-5.5000,8.0000,-5.5000,11.0000,-8.0000
2011-12-28,2011,-1,2285.7500,0.8750,12.0000,11.7500,12.0000,-1.2500,4,-0.5000,13.7500,23,1.0000,2.0000,,,12.0000,,12.0000,,12.0000,,12.0000,,12.0000
2011-12-29,2011,1,2267.2500,0.5000,-5.7500,-5.7500,-5.7500,-8.0000,24,-7.5000,0.2500,1,,,,2.0000,-1.0000,6.0000,-2.5000,15.0000,-3.2500,17.0000,-5.5000,23.0000,-6.2500
2011-12-30,2011,1,2276.5000,0.5000,6.2500,6.0000,0.7500,-0.5000,1,0.5000,6.5000,29,3.0000,-1.0000,12.0000,,6.2500,,6.2500,,6.2500,,6.2500,,6.2500
2012-01-03,2012,1,2319.5000,1.0000,5.2500,5.0000,5.2500,0.0000,1,1.0000,8.5000,8,2.0000,-0.2500,,,5.2500,,5.2500,,5.2500,,5.2500,,5.2500
2012-01-04,2012,1,2313.7500,0.8750,-3.0000,-3.2500,-3.0000,-9.0000,10,-8.0000,0.2500,1,16.0000,6.5000,,3.0000,-7.0000,3.0000,-7.0000,3.0000,-7.0000,9.0000,-7.7500,,-3.0000
2012-01-05,2012,-1,2320.7500,1.1250,3.5000,3.2500,3.5000,-8.2500,2,-7.7500,8.2500,16,7.0000,5.7500,,1.0000,-3.7500,2.0000,-7.2500,2.0000,-7.2500,,3.5000,,3.5000
2012-01-06,2012,-1,2344.5000,1.2500,3.2500,3.5000,3.2500,-4.2500,6,-3.0000,7.0000,20,8.0000,2.0000,,5.0000,-3.0000,,3.2500,,3.2500,,3.2500,,3.2500
2012-01-09,2012,-1,2356.0000,0.8750,6.0000,6.0000,6.0000,-1.0000,2,-0.5000,6.7500,17,1.0000,1.2500,,,6.0000,,6.0000,,6.0000,,6.0000,,6.0000
2012-01-10,2012,1,2370.7500,0.5000,2.5000,2.2500,0.0000,-1.2500,24,-1.2500,4.5000,4,2.0000,-0.5000,22.0000,24.0000,-1.2500,,2.5000,,2.5000,,2.5000,,2.5000
2012-01-11,2012,-1,2360.2500,0.7500,3.0000,3.0000,3.0000,-8.5000,14,-6.5000,6.0000,29,17.0000,6.2500,,1.0000,-2.2500,3.0000,-4.2500,10.0000,-4.7500,14.0000,-6.7500,,3.0000
2012-01-12,2012,-1,2374.7500,0.7500,5.5000,5.5000,5.5000,-1.0000,1,-0.5000,10.5000,17,8.0000,-2.5000,,,5.5000,,5.5000,,5.5000,,5.5000,,5.5000
2012-01-13,2012,-1,2363.5000,1.5000,0.0000,0.0000,-2.7500,-6.2500,23,-5.2500,6.0000,9,9.0000,1.7500,15.0000,19.0000,-4.0000,,0.0000,,0.0000,,0.0000,,0.0000
2012-01-17,2012,-1,2390.7500,1.0000,0.2500,0.5000,0.2500,-5.2500,10,-5.0000,1.5000,3,26.0000,3.2500,,4.0000,-3.2500,10.0000,-5.0000,,0.2500,,0.2500,,0.2500
2012-01-18,2012,1,2395.0000,0.7500,7.0000,6.7500,7.0000,-2.2500,1,-1.5000,7.2500,22,3.0000,-0.2500,,,7.0000,,7.0000,,7.0000,,7.0000,,7.0000
2012-01-19,2012,1,2433.0000,0.7500,-0.7500,-0.5000,-0.7500,-3.0000,4,-2.7500,4.2500,25,13.0000,0.5000,,3.0000,-2.0000,,-0.7500,,-0.7500,,-0.7500,,-0.7500
2012-01-20,2012,1,2429.0000,0.7500,-1.0000,-1.2500,-2.7500,-3.2500,24,-2.7500,2.2500,9,1.0000,2.0000,23.0000,20.0000,-1.5000,,-1.0000,,-1.0000,,-1.0000,,-1.0000
2012-01-23,2012,-1,2434.2500,0.6250,-16.5000,-16.2500,-16.5000,-16.5000,30,-16.2500,0.2500,1,,,,1.0000,-2.7500,1.0000,-2.7500,3.0000,-4.2500,4.0000,-6.2500,10.0000,-8.2500
2012-01-24,2012,1,2425.2500,0.7500,-1.0000,-1.0000,-2.5000,-5.7500,5,-5.5000,1.5000,2,25.0000,2.0000,27.0000,3.0000,-3.7500,3.0000,-3.7500,5.0000,-5.2500,,-1.0000,,-1.0000
2012-01-25,2012,-1,2448.2500,0.7500,4.2500,4.0000,4.2500,-1.7500,1,-1.5000,9.5000,28,3.0000,0.0000,,,4.2500,,4.2500,,4.2500,,4.2500,,4.2500
2012-01-26,2012,-1,2466.7500,0.5000,-4.7500,-4.7500,-0.2500,-9.2500,26,-8.7500,2.7500,5,5.0000,-0.2500,9.0000,10.0000,-2.0000,12.0000,-2.2500,15.0000,-3.5000,16.0000,-4.2500,21.0000,-6.2500
2012-01-27,2012,1,2450.0000,0.7500,1.5000,1.2500,1.5000,0.0000,1,0.5000,9.2500,25,1.0000,0.5000,,,1.5000,,1.5000,,1.5000,,1.5000,,1.5000
2012-01-30,2012,-1,2436.7500,0.7500,0.5000,0.5000,0.5000,-6.0000,13,-5.0000,4.7500,6,18.0000,2.7500,,9.0000,-2.2500,10.0000,-3.7500,11.0000,-4.7500,,0.5000,,0.5000
2012-01-31,2012,-1,2473.2500,0.7500,4.5000,4.5000,4.5000,-5.2500,7,-4.7500,6.7500,18,10.0000,3.2500,,3.0000,-2.5000,5.0000,-3.2500,7.0000,-4.7500,,4.5000,,4.5000
2012-02-01,2012,1,2480.5000,0.8750,-8.2500,-8.2500,-7.2500,-10.0000,29,-9.5000,0.5000,1,19.0000,5.2500,21.0000,4.0000,-2.2500,7.0000,-4.0000,10.0000,-5.7500,11.0000,-7.7500,,-8.2500
2012-02-02,2012,1,2492.2500,0.7500,3.5000,3.2500,3.5000,-3.2500,18,-1.7500,3.5000,28,26.0000,0.7500,,18.0000,-1.7500,,3.5000,,3.5000,,3.5000,,3.5000
2012-02-03,2012,-1,2514.0000,1.2500,-5.2500,-5.2500,-5.2500,-8.5000,28,-7.2500,2.0000,4,,,,18.0000,-3.0000,27.0000,-5.7500,,-5.2500,,-5.2500,,-5.2500
2012-02-06,2012,-1,2515.2500,0.7500,-3.5000,-3.7500,0.2500,-4.2500,25,-4.0000,4.0000,11,2.0000,-0.7500,16.0000,18.0000,-2.0000,25.0000,-4.0000,,-3.5000,,-3.5000,,-3.5000
2012-02-07,2012,-1,2522.2500,1.0000,4.2500,3.7500,2.2500,-1.0000,1,0.0000,8.7500,25,7.0000,-3.0000,9.0000,,4.2500,,4.2500,,4.2500,,4.2500,,4.2500
2012-02-08,2012,1,2534.0000,0.5000,3.0000,3.0000,3.0000,-5.7500,8,-5.5000,3.2500,30,14.0000,2.5000,,1.0000,-1.5000,4.0000,-3.2500,4.0000,-3.2500,7.0000,-5.5000,,3.0000
2012-02-09,2012,1,2554.0000,1.2500,-5.5000,-5.5000,-5.5000,-10.5000,17,-9.2500,0.0000,1,23.0000,6.5000,,1.0000,-2.7500,7.0000,-5.2500,8.0000,-7.7500,,-5.5000,,-5.5000
2012-02-10,2012,-1,2540.7500,0.7500,1.0000,1.0000,1.0000,-7.0000,13,-7.0000,2.7500,1,23.0000,5.5000,,6.0000,-3.0000,7.0000,-3.2500,10.0000,-4.7500,13.0000,-7.0000,,1.0000
2012-02-13,2012,-1,2563.0000,0.5000,-2.2500,-2.2500,-0.2500,-3.7500,30,-2.7500,4.0000,14,15.0000,-0.7500,17.0000,23.0000,-2.0000,26.0000,-2.7500,,-2.2500,,-2.2500,,-2.2500
2012-02-14,2012,1,2562.0000,0.7500,3.5000,3.5000,3.5000,-1.7500,4,-1.2500,6.7500,18,18.0000,-4.2500,22.0000,,3.5000,,3.5000,,3.5000,,3.5000,,3.5000
2012-02-15,2012,-1,2585.2500,1.0000,-5.5000,-5.7500,-5.5000,-7.2500,29,-6.5000,3.5000,8,,,,20.0000,-3.2500,28.0000,-4.5000,29.0000,-6.2500,,-5.5000,,-5.5000
2012-02-16,2012,-1,2557.0000,0.8750,-2.5000,-2.7500,-1.0000,-4.7500,28,-4.5000,6.0000,23,4.0000,-0.7500,12.0000,19.0000,-2.2500,28.0000,-4.5000,,-2.5000,,-2.5000,,-2.5000
2012-02-17,2012,-1,2587.2500,0.5000,0.7500,0.5000,-2.7500,-6.5000,13,-5.5000,4.2500,5,4.0000,2.5000,10.0000,1.0000,-2.5000,1.0000,-2.5000,12.0000,-4.2500,12.0000,-4.2500,,0.7500
2012-02-21,2012,1,2587.2500,0.5000,1.2500,1.2500,-2.5000,-4.5000,20,-3.7500,6.5000,11,5.0000,-0.5000,17.0000,17.0000,-2.5000,17.0000,-2.5000,19.0000,-4.0000,,1.2500,,1.2500
2012-02-22,2012,-1,2584.7500,0.5000,-0.2500,-0.5000,-1.2500,-5.0000,16,-4.5000,4.2500,7,6.0000,0.0000,9.0000,2.0000,-2.7500,2.0000,-2.7500,10.0000,-3.0000,16.0000,-4.7500,,-0.2500
2012-02-23,2012,-1,2577.7500,0.7500,-1.0000,-0.7500,-1.0000,-1.2500,2,-1.0000,8.5000,13,1.0000,1.5000,,,-1.0000,,-1.0000,,-1.0000,,-1.0000,,-1.0000
2012-02-24,2012,1,2604.5000,0.5000,-1.0000,-1.0000,-1.0000,-5.5000,12,-5.0000,0.2500,1,15.0000,4.5000,,2.0000,-1.7500,4.0000,-3.2500,4.0000,-3.2500,10.0000,-5.0000,,-1.0000
2012-02-27,2012,-1,2589.2500,0.5000,1.5000,1.5000,1.5000,-0.5000,1,1.2500,10.5000,13,2.0000,-0.5000,,,1.5000,,1.5000,,1.5000,,1.5000,,1.5000
2012-02-28,2012,-1,2609.2500,0.7500,-10.5000,-10.5000,-0.5000,-14.0000,28,-12.5000,1.7500,2,2.0000,0.2500,3.0000,4.0000,-2.5000,6.0000,-7.0000,6.0000,-7.0000,6.0000,-7.0000,27.0000,-12.5000
2012-02-29,2012,-1,2636.0000,0.5000,-5.5000,-5.5000,-5.5000,-9.2500,29,-9.0000,0.0000,1,,,,1.0000,-1.7500,2.0000,-2.2500,3.0000,-4.2500,3.0000,-4.2500,17.0000,-6.5000
2012-03-01,2012,1,2636.0000,0.5000,-5.2500,-5.2500,-2.7500,-9.0000,29,-8.7500,4.0000,22,5.0000,2.2500,7.0000,2.0000,-3.5000,2.0000,-3.5000,2.0000,-3.5000,10.0000,-4.5000,11.0000,-6.5000
2012-03-02,2012,1,2640.5000,0.5000,2.2500,2.2500,2.2500,-1.2500,3,-0.7500,4.5000,22,22.0000,-1.0000,,,2.2500,,2.2500,,2.2500,,2.2500,,2.2500
2012-03-05,2012,-1,2636.5000,0.5000,-2.2500,-2.5000,-2.2500,-3.2500,20,-3.0000,1.0000,4,,,,8.0000,-1.7500,18.0000,-3.0000,,-2.2500,,-2.2500,,-2.2500
2012-03-06,2012,1,2590.7500,1.0000,-5.5000,-5.7500,-0.5000,-8.0000,18,-7.2500,4.0000,2,2.0000,-0.2500,6.0000,9.0000,-3.7500,12.0000,-4.5000,18.0000,-7.2500,,-5.5000,,-5.5000
2012-03-07,2012,-1,2600.7500,0.5000,-0.7500,-0.7500,-0.7500,-4.0000,23,-3.0000,4.0000,17,7.0000,0.2500,11.0000,15.0000,-1.0000,22.0000,-3.0000,,-0.7500,,-0.7500,,-0.7500
2012-03-08,2012,1,2621.0000,0.5000,-4.0000,-4.0000,-4.0000,-5.5000,18,-4.0000,1.0000,1,20.0000,4.0000,,1.0000,-1.7500,2.0000,-3.2500,2.0000,-3.2500,,-4.0000,,-4.0000
2012-03-09,2012,1,2636.7500,0.8750,1.7500,1.7500,-0.5000,-2.2500,26,-1.7500,6.0000,13,2.0000,-0.2500,3.0000,,1.7500,,1.7500,,1.7500,,1.7500,,1.7500
2012-03-12,2012,-1,2640.2500,0.5000,-0.7500,-0.7500,-5.0000,-6.2500,10,-6.0000,1.2500,1,15.0000,4.7500,26.0000,6.0000,-3.5000,6.0000,-3.5000,6.0000,-3.5000,9.0000,-5.7500,,-0.7500
2012-03-13,2012,1,2659.0000,0.5000,-1.2500,-1.5000,1.5000,-3.7500,1,-1.7500,3.7500,7,7.0000,-1.5000,13.0000,29.0000,-1.5000,,-1.2500,,-1.2500,,-1.2500,,-1.2500
2012-03-14,2012,1,2700.2500,0.5000,2.2500,2.5000,2.2500,-5.0000,7,-4.7500,4.7500,19,14.0000,1.2500,,5.0000,-2.5000,5.0000,-2.5000,6.0000,-4.7500,6.0000,-4.7500,,2.2500
2012-03-15,2012,1,2712.0000,0.5000,-3.5000,-3.5000,-3.5000,-8.7500,13,-8.0000,0.2500,1,15.0000,7.5000,,1.0000,-3.7500,1.0000,-3.7500,1.0000,-3.7500,2.0000,-6.0000,7.0000,-7.2500
2012-03-16,2012,-1,2713.0000,0.6250,4.2500,4.2500,2.2500,-1.7500,1,1.0000,8.7500,16,5.0000,-2.5000,7.0000,,4.2500,,4.2500,,4.2500,,4.2500,,4.2500
2012-03-19,2012,-1,2707.5000,0.7500,-6.5000,-6.5000,-6.2500,-10.7500,18,-10.0000,0.2500,1,11.0000,4.5000,15.0000,2.0000,-2.7500,3.0000,-3.2500,7.0000,-5.5000,16.0000,-8.0000,18.0000,-10.0000
2012-03-20,2012,-1,2711.2500,0.5000,2.2500,2.0000,-2.7500,-3.7500,7,-2.7500,4.0000,14,1.0000,1.2500,6.0000,6.0000,-2.7500,6.0000,-2.7500,,2.2500,,2.2500,,2.2500
2012-03-22,2012,1,2721.0000,0.7500,8.0000,8.0000,8.0000,-3.7500,4,-3.2500,8.5000,30,6.0000,1.7500,,3.0000,-2.2500,4.0000,-3.2500,,8.0000,,8.0000,,8.0000
2012-03-23,2012,-1,2727.5000,0.5000,9.0000,9.0000,9.0000,-2.5000,2,-2.0000,11.0000,29,4.0000,2.0000,,1.0000,-2.0000,,9.0000,,9.0000,,9.0000,,9.0000
2012-03-26,2012,-1,2744.0000,0.7500,-2.2500,-2.2500,-2.2500,-4.0000,27,-3.5000,1.5000,22,6.0000,1.5000,7.0000,4.0000,-2.2500,26.0000,-3.2500,,-2.2500,,-2.2500,,-2.2500
2012-03-27,2012,-1,2776.2500,0.7500,0.5000,0.5000,0.5000,-4.2500,21,-4.0000,1.7500,4,23.0000,3.5000,,10.0000,-2.2500,14.0000,-3.5000,,0.5000,,0.5000,,0.5000
2012-03-28,2012,1,2783.0000,0.7500,3.2500,3.2500,0.2500,-2.0000,14,-1.5000,7.2500,8,5.0000,-1.0000,12.0000,,3.2500,,3.2500,,3.2500,,3.2500,,3.2500
2012-03-29,2012,1,2755.5000,0.7500,2.5000,2.5000,-2.5000,-3.5000,25,-2.7500,11.0000,16,10.0000,1.7500,25.0000,4.0000,-2.2500,,2.5000,,2.5000,,2.5000,,2.5000
2012-03-30,2012,-1,2768.5000,0.5000,11.0000,11.0000,11.0000,-1.5000,1,-0.5000,13.5000,28,3.0000,0.0000,,,11.0000,,11.0000,,11.0000,,11.0000,,11.0000
2012-04-02,2012,-1,2746.0000,0.5000,-6.2500,-6.2500,-1.0000,-8.0000,15,-7.2500,2.5000,4,4.0000,0.0000,5.0000,7.0000,-2.5000,7.0000,-2.5000,10.0000,-3.5000,11.0000,-5.0000,13.0000,-6.5000
2012-04-03,2012,1,2785.0000,0.7500,1.7500,1.5000,-3.0000,-5.2500,10,-4.2500,3.2500,6,4.0000,1.7500,9.0000,1.0000,-1.7500,9.0000,-3.0000,,1.7500,,1.7500,,1.7500
2012-04-04,2012,-1,2752.2500,0.8750,1.7500,1.7500,1.7500,-7.2500,7,-7.2500,3.7500,29,18.0000,4.7500,,2.0000,-3.5000,4.0000,-3.7500,6.0000,-5.5000,7.0000,-7.0000,,1.7500
2012-04-05,2012,1,2739.2500,0.7500,3.0000,2.7500,-3.0000,-6.0000,5,-6.0000,4.7500,18,1.0000,1.0000,3.0000,3.0000,-3.0000,4.0000,-4.5000,4.0000,-4.5000,,3.0000,,3.0000
2012-04-09,2012,1,2724.7500,0.5000,-0.2500,-0.2500,-2.7500,-6.0000,21,-5.2500,6.2500,4,1.0000,2.0000,18.0000,18.0000,-2.7500,18.0000,-2.7500,19.0000,-4.0000,20.0000,-4.5000,,-0.2500
2012-04-10,2012,1,2741.2500,0.7500,-1.2500,-1.2500,-1.2500,-1.2500,30,-1.2500,4.7500,29,1.0000,1.5000,,,-1.2500,,-1.2500,,-1.2500,,-1.2500,,-1.2500
2012-04-11,2012,-1,2712.0000,0.8750,-4.5000,-4.5000,-4.5000,-5.0000,30,-4.5000,5.7500,8,,,,24.0000,-2.2500,30.0000,-4.5000,,-4.5000,,-4.5000,,-4.5000
2012-04-12,2012,-1,2709.7500,0.7500,-11.7500,-11.5000,-2.5000,-15.7500,23,-13.7500,2.5000,2,1.0000,0.7500,3.0000,3.0000,-2.5000,5.0000,-3.5000,8.0000,-6.0000,10.0000,-7.5000,13.0000,-10.0000
2012-04-13,2012,-1,2724.2500,0.7500,5.7500,5.7500,-2.0000,-2.5000,15,-2.0000,9.2500,7,2.0000,-0.2500,15.0000,15.0000,-2.0000,,5.7500,,5.7500,,5.7500,,5.7500
2012-04-16,2012,-1,2705.5000,0.7500,36.2500,36.2500,36.2500,-1.5000,4,0.0000,42.0000,29,7.0000,-1.0000,,,36.2500,,36.2500,,36.2500,,36.2500,,36.2500
2012-04-17,2012,1,2677.5000,0.8750,8.5000,8.2500,8.5000,-1.2500,2,-0.5000,15.2500,28,4.0000,-1.0000,,,8.5000,,8.5000,,8.5000,,8.5000,,8.5000
2012-04-18,2012,-1,2709.0000,0.7500,-12.0000,-12.0000,-12.0000,-14.0000,28,-13.0000,0.7500,1,,,,1.0000,-2.2500,3.0000,-4.0000,4.0000,-7.5000,4.0000,-7.5000,6.0000,-9.7500
2012-04-19,2012,1,2703.5000,1.0000,8.0000,7.7500,8.0000,-3.0000,3,-2.0000,19.7500,17,5.0000,-0.2500,,,8.0000,,8.0000,,8.0000,,8.0000,,8.0000
2012-04-20,2012,-1,2695.2500,0.8750,-3.7500,-4.0000,-1.0000,-10.0000,28,-9.2500,9.0000,13,11.0000,-0.7500,18.0000,20.0000,-3.5000,21.0000,-4.2500,25.0000,-5.7500,27.0000,-9.2500,,-3.7500
2012-04-23,2012,-1,2643.7500,0.7500,6.0000,6.0000,6.0000,-9.2500,8,-8.2500,7.2500,24,13.0000,6.5000,,4.0000,-1.7500,6.0000,-5.5000,6.0000,-5.5000,7.0000,-7.0000,,6.0000
2012-04-24,2012,1,2648.2500,1.0000,-6.7500,-6.5000,-7.5000,-10.0000,9,-7.7500,1.7500,1,15.0000,6.0000,24.0000,3.0000,-4.0000,4.0000,-6.0000,6.0000,-6.2500,,-6.7500,,-6.7500
2012-04-25,2012,1,2692.5000,0.7500,11.2500,11.5000,11.2500,-5.0000,3,-4.5000,14.2500,19,6.0000,3.2500,,2.0000,-2.2500,3.0000,-4.0000,,11.2500,,11.2500,,11.2500
2012-04-26,2012,1,2705.2500,0.7500,5.2500,5.0000,5.2500,-0.7500,26,-0.5000,9.0000,8,1.0000,1.0000,,,5.2500,,5.2500,,5.2500,,5.2500,,5.2500
2012-04-27,2012,-1,2732.2500,0.7500,11.0000,10.7500,11.0000,-2.5000,2,-1.7500,12.2500,30,3.0000,-0.2500,,1.0000,-1.7500,,11.0000,,11.0000,,11.0000,,11.0000
2012-04-30,2012,1,2731.0000,0.6250,-11.0000,-11.0000,-2.2500,-13.7500,29,-13.0000,3.2500,5,4.0000,1.0000,11.0000,1.0000,-1.5000,12.0000,-5.7500,12.0000,-5.7500,12.0000,-5.7500,24.0000,-9.2500
2012-05-01,2012,-1,2714.0000,0.5000,-16.7500,-17.0000,-14.7500,-18.0000,30,-17.0000,0.5000,1,16.0000,10.2500,28.0000,1.0000,-2.7500,1.0000,-2.7500,2.0000,-4.0000,3.0000,-6.0000,3.0000,-6.0000
2012-05-02,2012,-1,2705.5000,0.7500,-5.2500,-5.2500,-5.2500,-12.7500,28,-11.7500,0.7500,3,30.0000,10.5000,,2.0000,-2.5000,5.0000,-4.7500,5.0000,-4.7500,6.0000,-7.2500,8.0000,-11.0000
2012-05-03,2012,-1,2730.7500,0.7500,8.2500,8.0000,8.2500,-1.0000,2,0.2500,9.0000,30,1.0000,1.5000,,,8.2500,,8.2500,,8.2500,,8.2500,,8.2500
2012-05-04,2012,-1,2677.5000,1.1250,15.7500,16.0000,15.7500,0.0000,1,0.7500,16.5000,30,4.0000,-2.0000,,,15.7500,,15.7500,,15.7500,,15.7500,,15.7500
2012-05-07,2012,1,2623.0000,0.7500,16.0000,16.2500,16.0000,-0.5000,1,0.2500,16.2500,30,1.0000,2.0000,,,16.0000,,16.0000,,16.0000,,16.0000,,16.0000
2012-05-08,2012,1,2625.2500,1.1250,-12.7500,-12.7500,-7.5000,-15.0000,28,-14.2500,0.2500,1,17.0000,5.2500,19.0000,2.0000,-5.5000,2.0000,-5.5000,3.0000,-7.2500,7.0000,-12.0000,28.0000,-14.0000
2012-05-09,2012,-1,2596.0000,1.2500,-11.7500,-11.7500,-7.2500,-15.5000,28,-14.2500,0.2500,1,6.0000,4.2500,7.0000,1.0000,-3.5000,7.0000,-7.2500,8.0000,-9.0000,9.0000,-10.5000,,-11.7500
2012-05-10,2012,-1,2626.0000,1.2500,8.2500,8.2500,1.2500,-1.0000,2,-0.7500,10.5000,11,5.0000,-2.2500,20.0000,,8.2500,,8.2500,,8.2500,,8.2500,,8.2500
2012-05-11,2012,1,2604.0000,1.0000,21.5000,21.7500,21.5000,-0.2500,1,1.7500,23.2500,30,1.0000,0.5000,,,21.5000,,21.5000,,21.5000,,21.5000,,21.5000
2012-05-14,2012,1,2592.7500,1.0000,-1.5000,-1.7500,-3.5000,-4.5000,15,-3.7500,4.7500,10,1.0000,3.2500,15.0000,15.0000,-3.5000,,-1.5000,,-1.5000,,-1.5000,,-1.5000
2012-05-15,2012,-1,2592.5000,2.0000,-0.2500,-0.2500,-5.2500,-8.5000,4,-7.0000,3.7500,12,7.0000,5.0000,21.0000,3.0000,-5.5000,,-0.2500,,-0.2500,,-0.2500,,-0.2500
2012-05-16,2012,-1,2588.5000,1.5000,-2.7500,-2.7500,-2.7500,-7.5000,21,-7.0000,9.2500,13,27.0000,5.7500,,19.0000,-3.7500,20.0000,-6.0000,,-2.7500,,-2.7500,,-2.7500
2012-05-17,2012,1,2565.0000,1.0000,-21.5000,-21.5000,-11.0000,-23.2500,28,-21.5000,1.5000,1,10.0000,9.5000,13.0000,1.0000,-2.2500,3.0000,-6.2500,3.0000,-6.2500,7.0000,-10.0000,14.0000,-12.5000
2012-05-18,2012,1,2517.0000,1.1250,-16.0000,-16.0000,-13.0000,-18.7500,11,-17.0000,0.2500,1,17.0000,12.7500,18.0000,2.0000,-6.0000,2.0000,-6.0000,3.0000,-8.0000,5.0000,-10.0000,8.0000,-13.5000
2012-05-21,2012,1,2484.7500,1.2500,1.7500,1.7500,0.0000,-8.5000,22,-7.0000,6.0000,7,6.0000,-1.0000,10.0000,20.0000,-4.2500,21.0000,-5.0000,,1.7500,,1.7500,,1.7500
2012-05-22,2012,1,2548.2500,0.7500,3.0000,2.7500,3.0000,-8.5000,8,-7.7500,6.0000,21,10.0000,4.0000,,5.0000,-3.2500,5.0000,-3.2500,7.0000,-8.0000,7.0000,-8.0000,,3.0000
2012-05-23,2012,1,2521.5000,1.2500,1.5000,1.2500,-10.2500,-12.0000,18,-11.7500,8.5000,28,14.0000,9.0000,15.0000,2.0000,-3.7500,3.0000,-8.7500,3.0000,-8.7500,8.0000,-10.7500,,1.5000
2012-05-24,2012,-1,2547.2500,1.5000,18.5000,18.7500,18.5000,-0.2500,1,4.2500,21.0000,23,2.0000,-1.2500,,,18.5000,,18.5000,,18.5000,,18.5000,,18.5000
2012-05-25,2012,1,2531.2500,1.2500,-2.7500,-3.0000,0.7500,-3.5000,1,-3.2500,5.2500,7,4.0000,-1.2500,9.0000,1.0000,-3.2500,,-2.7500,,-2.7500,,-2.7500,,-2.7500
2012-05-29,2012,1,2548.7500,0.7500,-6.2500,-6.2500,-4.5000,-9.0000,2,-7.7500,0.2500,1,24.0000,3.7500,27.0000,1.0000,-4.7500,1.0000,-4.7500,1.0000,-4.7500,2.0000,-7.5000,,-6.2500
2012-05-30,2012,-1,2528.5000,1.0000,3.7500,3.7500,3.7500,-3.5000,2,-2.5000,8.2500,8,1.0000,3.2500,,2.0000,-2.5000,,3.7500,,3.7500,,3.7500,,3.7500
2012-05-31,2012,-1,2533.7500,1.0000,15.2500,15.2500,15.2500,-1.2500,1,-0.2500,19.5000,22,6.0000,-3.2500,,,15.2500,,15.2500,,15.2500,,15.2500,,15.2500
2012-06-01,2012,1,2488.5000,2.0000,-1.0000,-1.0000,-4.5000,-6.2500,23,-5.7500,7.0000,7,1.0000,2.5000,14.0000,14.0000,-4.5000,,-1.0000,,-1.0000,,-1.0000,,-1.0000
2012-06-04,2012,1,2471.2500,1.1250,-19.5000,-19.5000,-4.2500,-21.0000,30,-19.5000,9.0000,5,1.0000,1.7500,13.0000,13.0000,-4.2500,14.0000,-7.5000,14.0000,-7.5000,15.0000,-10.0000,20.0000,-14.2500
2012-06-05,2012,1,2471.0000,1.2500,16.0000,15.7500,16.0000,-0.5000,1,0.2500,18.5000,29,3.0000,-1.5000,,,16.0000,,16.0000,,16.0000,,16.0000,,16.0000
2012-06-06,2012,1,2510.5000,1.2500,15.0000,15.0000,-0.7500,-3.5000,3,-2.2500,17.2500,30,5.0000,0.2500,7.0000,,15.0000,,15.0000,,15.0000,,15.0000,,15.0000
2012-06-07,2012,-1,2560.5000,1.0000,6.5000,6.5000,6.5000,-1.2500,10,-0.5000,9.5000,29,1.0000,2.0000,,,6.5000,,6.5000,,6.5000,,6.5000,,6.5000
2012-06-08,2012,-1,2519.5000,1.3750,-7.7500,-7.5000,-4.0000,-8.7500,30,-7.5000,3.5000,11,8.0000,1.7500,21.0000,21.0000,-4.0000,23.0000,-6.0000,,-7.7500,,-7.7500,,-7.7500
2012-06-11,2012,-1,2567.2500,1.0000,9.0000,9.0000,9.0000,-0.2500,1,0.7500,17.0000,28,1.0000,2.2500,,,9.0000,,9.0000,,9.0000,,9.0000,,9.0000
2012-06-12,2012,-1,2522.2500,1.1250,-2.7500,-2.5000,-2.7500,-6.7500,3,-5.5000,5.5000,10,5.0000,4.5000,,1.0000,-4.0000,3.0000,-5.5000,,-2.7500,,-2.7500,,-2.7500
2012-06-13,2012,-1,2529.5000,1.0000,-2.7500,-3.0000,-2.7500,-11.7500,12,-10.2500,4.2500,24,19.0000,4.5000,,4.0000,-3.2500,5.0000,-4.7500,9.0000,-8.2500,9.0000,-8.2500,,-2.7500
2012-06-14,2012,1,2524.5000,1.2500,4.2500,4.0000,4.2500,-15.5000,13,-14.2500,6.0000,30,15.0000,12.5000,,1.0000,-5.2500,1.0000,-5.2500,2.0000,-8.2500,7.0000,-11.7500,,4.2500
2012-06-15,2012,1,2542.7500,1.0000,7.5000,7.5000,1.0000,-4.2500,7,-3.5000,9.2500,29,20.0000,-1.2500,23.0000,7.0000,-3.5000,,7.5000,,7.5000,,7.5000,,7.5000
2012-06-18,2012,-1,2550.7500,0.7500,-19.2500,-19.2500,-1.7500,-20.7500,13,-20.5000,1.5000,1,1.0000,1.2500,2.0000,2.0000,-1.7500,4.0000,-6.2500,4.0000,-6.2500,5.0000,-8.2500,6.0000,-11.7500
2012-06-19,2012,1,2604.0000,0.8750,8.5000,8.2500,8.5000,-1.2500,1,-1.0000,9.5000,28,1.0000,3.5000,,,8.5000,,8.5000,,8.5000,,8.5000,,8.5000
2012-06-20,2012,-1,2617.5000,0.7500,-0.2500,-0.5000,-0.2500,-2.7500,29,-1.7500,6.0000,10,1.0000,2.7500,,29.0000,-1.7500,,-0.2500,,-0.2500,,-0.2500,,-0.2500
2012-06-21,2012,1,2615.2500,1.2500,-14.5000,-14.2500,-7.5000,-14.5000,30,-14.2500,2.7500,2,20.0000,7.5000,24.0000,6.0000,-5.2500,6.0000,-5.2500,17.0000,-9.2500,28.0000,-11.7500,,-14.5000
2012-06-22,2012,-1,2559.2500,1.1250,-6.2500,-6.2500,-3.2500,-7.0000,29,-6.2500,6.0000,16,6.0000,1.5000,28.0000,3.0000,-3.2500,29.0000,-5.2500,,-6.2500,,-6.2500,,-6.2500
2012-06-25,2012,-1,2550.0000,0.5000,1.7500,1.7500,1.7500,-2.2500,15,-1.5000,6.5000,10,1.0000,1.7500,,15.0000,-1.2500,,1.7500,,1.7500,,1.7500,,1.7500
2012-06-26,2012,1,2537.7500,0.8750,7.0000,6.7500,7.0000,-2.7500,2,-1.7500,8.5000,10,4.0000,1.7500,,,7.0000,,7.0000,,7.0000,,7.0000,,7.0000
2012-06-27,2012,1,2557.0000,0.7500,-1.5000,-1.7500,0.0000,-5.7500,19,-5.0000,5.5000,4,4.0000,-1.0000,13.0000,14.0000,-2.0000,16.0000,-3.7500,18.0000,-4.7500,,-1.5000,,-1.5000
2012-06-28,2012,-1,2527.5000,0.7500,-8.7500,-8.7500,-8.7500,-10.5000,26,-10.2500,4.2500,2,1.0000,11.2500,,5.0000,-1.5000,9.0000,-3.7500,11.0000,-6.0000,16.0000,-6.7500,20.0000,-9.7500
2012-06-29,2012,-1,2576.0000,0.7500,-5.0000,-5.0000,-4.0000,-5.2500,30,-5.0000,4.0000,17,1.0000,3.2500,29.0000,27.0000,-2.2500,28.0000,-3.5000,30.0000,-5.0000,,-5.0000,,-5.0000
2012-07-02,2012,-1,2609.7500,0.8750,6.2500,6.2500,6.2500,-10.5000,16,-10.2500,9.2500,29,19.0000,9.0000,,3.0000,-2.0000,4.0000,-4.2500,8.0000,-5.5000,13.0000,-8.0000,,6.2500
2012-07-03,2012,1,2621.2500,0.5000,4.2500,4.5000,4.2500,-5.5000,3,-4.0000,5.5000,29,6.0000,2.5000,,1.0000,-1.5000,2.0000,-2.0000,3.0000,-3.7500,,4.2500,,4.2500
2012-07-05,2012,-1,2636.7500,1.1250,8.2500,8.2500,8.2500,-5.7500,9,-5.2500,8.2500,30,10.0000,3.0000,,2.0000,-2.5000,8.0000,-5.5000,,8.2500,,8.2500,,8.2500
2012-07-06,2012,-1,2631.5000,1.2500,17.5000,17.2500,17.5000,0.0000,1,3.0000,20.2500,24,2.0000,-1.5000,,,17.5000,,17.5000,,17.5000,,17.5000,,17.5000
2012-07-09,2012,1,2610.0000,0.7500,-11.7500,-11.5000,-5.7500,-16.0000,28,-14.7500,5.5000,7,1.0000,4.2500,13.0000,9.0000,-2.7500,11.0000,-4.0000,13.0000,-5.7500,14.0000,-8.5000,16.0000,-9.5000
2012-07-10,2012,1,2623.0000,1.0000,-2.0000,-2.0000,-3.7500,-5.2500,16,-4.7500,2.5000,9,21.0000,3.5000,27.0000,5.0000,-2.2500,16.0000,-4.2500,,-2.0000,,-2.0000,,-2.0000
2012-07-11,2012,-1,2574.2500,0.7500,2.0000,2.0000,-1.0000,-2.7500,20,-2.2500,8.2500,13,2.0000,-0.7500,19.0000,20.0000,-2.2500,,2.0000,,2.0000,,2.0000,,2.0000
2012-07-12,2012,-1,2541.5000,0.7500,12.5000,12.7500,-2.2500,-3.0000,2,-2.2500,17.5000,29,1.0000,1.7500,2.0000,2.0000,-2.2500,,12.5000,,12.5000,,12.5000,,12.5000
2012-07-13,2012,1,2551.2500,0.7500,6.5000,6.5000,-1.7500,-3.5000,23,-2.0000,8.0000,13,6.0000,-0.2500,21.0000,21.0000,-1.7500,,6.5000,,6.5000,,6.5000,,6.5000
2012-07-16,2012,-1,2574.2500,0.7500,7.5000,7.5000,7.5000,-3.2500,3,-2.0000,12.5000,26,4.0000,1.0000,,1.0000,-1.7500,,7.5000,,7.5000,,7.5000,,7.5000
2012-07-17,2012,1,2588.7500,0.7500,-15.5000,-15.7500,-1.5000,-16.7500,28,-16.5000,4.2500,7,6.0000,0.2500,8.0000,8.0000,-1.5000,9.0000,-6.7500,9.0000,-6.7500,9.0000,-6.7500,14.0000,-9.7500
2012-07-18,2012,1,2582.7500,0.8750,25.0000,24.7500,25.0000,-1.0000,1,1.5000,25.2500,24,2.0000,-1.0000,,,25.0000,,25.0000,,25.0000,,25.0000,,25.0000
2012-07-19,2012,1,2640.7500,0.7500,-0.5000,-0.2500,1.7500,-1.7500,29,-0.7500,7.0000,10,3.0000,-2.5000,15.0000,,-0.5000,,-0.5000,,-0.5000,,-0.5000,,-0.5000
2012-07-20,2012,-1,2644.0000,1.0000,5.7500,5.5000,5.7500,-2.7500,8,-2.0000,10.5000,24,9.0000,0.5000,,,5.7500,,5.7500,,5.7500,,5.7500,,5.7500
2012-07-23,2012,-1,2552.0000,1.0000,1.0000,1.0000,1.0000,-3.0000,4,-3.0000,8.7500,16,8.0000,2.7500,,4.0000,-2.0000,,1.0000,,1.0000,,1.0000,,1.0000
2012-07-24,2012,-1,2585.5000,1.0000,6.7500,6.5000,6.7500,-2.2500,1,-0.7500,10.5000,21,3.0000,-0.2500,,,6.7500,,6.7500,,6.7500,,6.7500,,6.7500
2012-07-25,2012,1,2544.7500,1.0000,1.5000,1.2500,1.5000,-0.2500,1,1.2500,14.0000,8,2.0000,-0.5000,,,1.5000,,1.5000,,1.5000,,1.5000,,1.5000
2012-07-26,2012,1,2589.0000,1.0000,-6.2500,-6.0000,-4.7500,-11.2500,28,-9.0000,4.5000,8,23.0000,3.7500,25.0000,13.0000,-4.5000,13.0000,-4.5000,26.0000,-7.5000,28.0000,-9.0000,,-6.2500
2012-07-27,2012,1,2597.5000,1.5000,4.2500,4.2500,-5.0000,-8.2500,8,-7.7500,5.5000,30,4.0000,2.2500,6.0000,6.0000,-5.0000,8.0000,-6.7500,,4.2500,,4.2500,,4.2500
2012-07-30,2012,1,2651.0000,0.7500,6.5000,6.2500,6.5000,-3.2500,22,-2.2500,6.7500,30,1.0000,3.2500,,20.0000,-2.2500,,6.5000,,6.5000,,6.5000,,6.5000
2012-07-31,2012,-1,2641.5000,1.2500,1.7500,1.7500,1.7500,-11.0000,11,-9.0000,3.7500,25,21.0000,3.5000,,2.0000,-2.7500,6.0000,-5.5000,11.0000,-8.2500,,1.7500,,1.7500
2012-08-01,2012,-1,2652.0000,1.0000,11.5000,11.5000,11.5000,-0.2500,1,0.0000,12.0000,28,3.0000,0.0000,,,11.5000,,11.5000,,11.5000,,11.5000,,11.5000
2012-08-02,2012,-1,2602.2500,2.2500,-26.5000,-26.5000,-26.5000,-29.2500,25,-28.2500,0.2500,1,,,,1.0000,-6.2500,4.0000,-9.0000,10.0000,-14.5000,13.0000,-21.0000,24.0000,-27.0000
2012-08-03,2012,1,2662.0000,1.5000,7.7500,7.7500,7.7500,-9.5000,6,-9.0000,11.5000,29,10.0000,6.5000,,3.0000,-6.5000,3.0000,-6.5000,,7.7500,,7.7500,,7.7500
2012-08-06,2012,-1,2678.5000,0.7500,-10.2500,-10.2500,-10.2500,-11.7500,18,-10.2500,1.0000,2,,,,3.0000,-3.2500,3.0000,-3.2500,5.0000,-4.5000,12.0000,-6.7500,14.0000,-9.2500
2012-08-07,2012,1,2702.0000,0.7500,1.0000,0.7500,0.2500,-5.2500,22,-4.7500,4.5000,15,9.0000,-0.5000,10.0000,16.0000,-2.7500,18.0000,-3.2500,21.0000,-5.0000,,1.0000,,1.0000
2012-08-08,2012,-1,2704.2500,0.7500,-0.7500,-0.5000,-0.7500,-8.2500,9,-5.5000,2.0000,4,11.0000,5.0000,,6.0000,-4.2500,6.0000,-4.2500,8.0000,-5.5000,,-0.7500,,-0.7500
2012-08-09,2012,1,2715.2500,0.7500,1.2500,1.5000,1.2500,-2.2500,1,-1.7500,6.2500,9,4.0000,1.7500,,1.0000,-2.0000,,1.2500,,1.2500,,1.2500,,1.2500
2012-08-10,2012,-1,2709.5000,0.7500,4.0000,4.0000,0.0000,-2.5000,9,-2.2500,7.2500,20,3.0000,0.0000,5.0000,9.0000,-1.5000,,4.0000,,4.0000,,4.0000,,4.0000
2012-08-13,2012,-1,2716.7500,0.7500,-5.5000,-5.5000,-6.5000,-8.2500,14,-8.0000,0.0000,1,27.0000,5.0000,28.0000,1.0000,-2.7500,4.0000,-3.7500,6.0000,-5.7500,8.0000,-7.2500,,-5.5000
2012-08-14,2012,-1,2738.0000,0.7500,1.0000,1.0000,0.0000,-2.0000,17,-1.2500,6.7500,8,3.0000,-0.7500,14.0000,,1.0000,,1.0000,,1.0000,,1.0000,,1.0000
2012-08-15,2012,1,2732.5000,0.7500,1.5000,1.7500,-5.5000,-5.5000,11,-5.5000,3.5000,24,1.0000,4.2500,11.0000,1.0000,-1.7500,2.0000,-3.7500,11.0000,-5.5000,,1.5000,,1.5000
2012-08-16,2012,1,2746.2500,0.5000,-2.5000,-2.7500,-2.5000,-3.7500,30,-3.2500,1.7500,1,,,,3.0000,-1.7500,14.0000,-3.2500,14.0000,-3.2500,,-2.5000,,-2.5000
2012-08-17,2012,-1,2768.5000,0.6250,-4.5000,-4.7500,-4.5000,-8.2500,28,-7.2500,0.5000,1,1.0000,4.2500,10.0000,4.0000,-2.5000,8.0000,-3.2500,9.0000,-3.7500,22.0000,-5.0000,,-4.5000
2012-08-20,2012,-1,2776.7500,0.7500,7.2500,7.5000,-1.0000,-1.7500,13,-1.2500,8.7500,27,4.0000,0.0000,12.0000,,7.2500,,7.2500,,7.2500,,7.2500,,7.2500
2012-08-21,2012,1,2794.0000,0.5000,4.0000,3.7500,0.0000,-4.5000,20,-3.2500,5.5000,30,2.0000,-0.5000,5.0000,19.0000,-2.7500,19.0000,-2.7500,21.0000,-3.5000,,4.0000,,4.0000
2012-08-22,2012,-1,2765.0000,0.7500,-8.2500,-8.0000,-2.5000,-8.5000,18,-8.2500,6.0000,8,1.0000,1.7500,13.0000,13.0000,-2.5000,15.0000,-4.2500,17.0000,-5.2500,18.0000,-8.2500,,-8.2500
2012-08-23,2012,-1,2767.2500,0.7500,2.5000,2.5000,-2.0000,-5.5000,9,-4.5000,7.0000,25,4.0000,1.0000,6.0000,1.0000,-1.7500,9.0000,-4.5000,,2.5000,,2.5000,,2.5000
2012-08-24,2012,1,2756.2500,0.7500,-0.5000,-0.7500,-4.0000,-5.7500,6,-5.2500,1.2500,20,14.0000,3.7500,27.0000,2.0000,-2.0000,4.0000,-3.2500,5.0000,-4.7500,,-0.5000,,-0.5000
2012-08-27,2012,-1,2787.2500,0.5000,4.7500,4.5000,4.7500,-2.7500,4,-2.5000,9.5000,28,12.0000,-2.0000,,4.0000,-2.5000,4.0000,-2.5000,,4.7500,,4.7500,,4.7500
2012-08-28,2012,-1,2778.0000,1.0000,3.7500,4.0000,3.7500,-7.7500,11,-7.2500,7.0000,30,20.0000,5.2500,,6.0000,-3.5000,8.0000,-6.5000,8.0000,-6.5000,,3.7500,,3.7500
2012-08-29,2012,1,2786.5000,0.7500,-1.0000,-1.2500,-1.0000,-5.0000,28,-3.7500,3.0000,7,30.0000,3.2500,,22.0000,-2.5000,23.0000,-3.5000,,-1.0000,,-1.0000,,-1.0000
2012-08-30,2012,-1,2765.2500,0.7500,0.7500,0.7500,-2.0000,-6.5000,13,-6.2500,3.0000,28,1.0000,2.0000,6.0000,6.0000,-2.0000,11.0000,-3.0000,13.0000,-5.0000,15.0000,-6.0000,,0.7500
2012-08-31,2012,-1,2777.0000,1.0000,15.0000,15.0000,0.0000,-0.5000,1,-0.2500,19.0000,29,2.0000,0.0000,5.0000,,15.0000,,15.0000,,15.0000,,15.0000,,15.0000
2012-09-04,2012,-1,2766.7500,0.7500,-3.5000,-3.5000,-4.2500,-5.7500,4,-5.0000,5.7500,13,6.0000,3.7500,29.0000,2.0000,-4.2500,2.0000,-4.2500,3.0000,-5.0000,,-3.5000,,-3.5000
2012-09-05,2012,1,2769.2500,0.7500,3.5000,3.5000,3.5000,-9.7500,9,-9.0000,7.0000,29,15.0000,7.7500,,4.0000,-3.0000,4.0000,-3.0000,8.0000,-7.0000,8.0000,-7.0000,,3.5000
2012-09-06,2012,1,2794.0000,1.2500,12.2500,12.2500,12.2500,-2.5000,11,-2.0000,12.7500,30,17.0000,0.2500,,,12.2500,,12.2500,,12.2500,,12.2500,,12.2500
2012-09-07,2012,-1,2820.0000,1.0000,-1.7500,-2.0000,-1.7500,-8.0000,14,-6.5000,3.0000,5,16.0000,5.2500,,10.0000,-3.0000,11.0000,-4.7500,13.0000,-6.5000,,-1.7500,,-1.7500
2012-09-10,2012,1,2820.2500,0.6250,-3.5000,-3.2500,-1.2500,-7.7500,10,-7.2500,3.5000,1,1.0000,0.7500,7.0000,8.0000,-3.0000,8.0000,-3.0000,9.0000,-5.0000,9.0000,-5.0000,,-3.5000
2012-09-11,2012,-1,2787.2500,0.7500,-5.7500,-5.5000,-7.2500,-11.5000,23,-10.0000,3.0000,12,5.0000,5.2500,19.0000,2.0000,-5.2500,2.0000,-5.2500,2.0000,-5.2500,3.0000,-6.5000,22.0000,-9.7500
2012-09-12,2012,1,2796.0000,0.7500,-8.0000,-7.7500,0.0000,-9.5000,30,-8.0000,3.5000,6,6.0000,-0.2500,8.0000,16.0000,-1.7500,22.0000,-5.7500,22.0000,-5.7500,24.0000,-7.2500,,-8.0000
2012-09-14,2012,1,2833.5000,0.7500,15.7500,16.0000,15.7500,-0.7500,1,0.7500,17.5000,19,3.0000,-1.0000,,,15.7500,,15.7500,,15.7500,,15.7500,,15.7500
2012-09-17,2012,-1,2846.2500,0.5000,0.7500,0.7500,-2.2500,-5.0000,5,-4.7500,5.7500,27,1.0000,1.2500,4.0000,4.0000,-2.2500,4.0000,-2.2500,5.0000,-4.7500,5.0000,-4.7500,,0.7500
2012-09-18,2012,1,2844.7500,0.5000,6.7500,6.5000,6.7500,-1.7500,5,-1.5000,9.5000,28,9.0000,-1.2500,,5.0000,-1.2500,,6.7500,,6.7500,,6.7500,,6.7500
2012-09-19,2012,-1,2848.5000,0.5000,-7.0000,-7.0000,-0.5000,-7.5000,30,-7.0000,2.5000,5,6.0000,0.2500,10.0000,1.0000,-1.7500,14.0000,-2.5000,22.0000,-3.7500,29.0000,-5.0000,30.0000,-7.0000
2012-09-20,2012,-1,2843.7500,0.5000,1.7500,1.7500,1.7500,-4.5000,7,-3.7500,6.5000,25,15.0000,0.2500,,1.0000,-2.7500,1.0000,-2.7500,7.0000,-3.7500,,1.7500,,1.7500
2012-09-21,2012,-1,2868.7500,0.7500,0.0000,0.0000,0.0000,-3.0000,5,-2.7500,2.5000,11,10.0000,2.0000,,5.0000,-2.5000,,0.0000,,0.0000,,0.0000,,0.0000
2012-09-24,2012,-1,2829.5000,0.7500,-10.7500,-11.0000,-10.2500,-11.2500,28,-11.0000,2.2500,1,21.0000,8.5000,23.0000,2.0000,-2.0000,6.0000,-5.5000,6.0000,-5.5000,7.0000,-6.7500,23.0000,-10.2500
2012-09-25,2012,-1,2845.7500,0.5000,3.7500,3.7500,3.7500,-1.7500,9,-0.5000,7.5000,23,1.0000,0.7500,,,3.7500,,3.7500,,3.7500,,3.7500,,3.7500
2012-09-26,2012,1,2795.7500,0.5000,-10.5000,-10.7500,-10.5000,-13.7500,30,-13.5000,1.2500,3,,,,3.0000,-3.0000,3.0000,-3.0000,4.0000,-3.5000,8.0000,-7.0000,8.0000,-7.0000
2012-09-27,2012,1,2783.5000,0.7500,-3.2500,-3.0000,-3.2500,-5.2500,10,-4.2500,2.0000,29,12.0000,3.7500,,2.0000,-2.2500,3.0000,-4.2500,,-3.2500,,-3.2500,,-3.2500
2012-09-28,2012,-1,2803.2500,0.7500,1.5000,1.2500,1.5000,-10.5000,9,-10.0000,7.5000,23,11.0000,8.5000,,2.0000,-2.7500,3.0000,-3.7500,4.0000,-6.0000,4.0000,-6.0000,8.0000,-10.0000
2012-10-01,2012,1,2808.7500,0.5000,8.5000,8.2500,-1.2500,-8.2500,22,-7.5000,9.2500,30,2.0000,0.2500,4.0000,5.0000,-1.5000,6.0000,-3.0000,8.0000,-5.0000,8.0000,-5.0000,22.0000,-7.0000
2012-10-02,2012,1,2806.2500,0.6250,-14.5000,-14.5000,-3.2500,-15.0000,30,-14.5000,1.5000,1,1.0000,2.7500,4.0000,3.0000,-2.5000,4.0000,-3.2500,5.0000,-4.5000,6.0000,-11.7500,6.0000,-11.7500
2012-10-03,2012,1,2805.0000,0.7500,-12.0000,-12.0000,-4.7500,-12.0000,30,-12.0000,0.7500,3,1.0000,2.2500,7.0000,4.0000,-2.0000,7.0000,-4.7500,7.0000,-4.7500,10.0000,-6.2500,24.0000,-10.2500
2012-10-04,2012,-1,2817.2500,1.0000,3.7500,4.0000,1.7500,-0.7500,2,0.0000,9.5000,8,4.0000,-2.2500,17.0000,,3.7500,,3.7500,,3.7500,,3.7500,,3.7500
2012-10-05,2012,-1,2834.2500,1.0000,0.5000,0.5000,-2.7500,-4.7500,4,-3.7500,4.2500,12,10.0000,1.7500,23.0000,3.0000,-2.7500,,0.5000,,0.5000,,0.5000,,0.5000
2012-10-08,2012,-1,2781.7500,0.5000,-12.5000,-12.5000,-12.5000,-14.7500,29,-13.5000,1.7500,3,,,,1.0000,-2.0000,3.0000,-3.5000,3.0000,-3.5000,7.0000,-4.7500,9.0000,-7.0000
2012-10-09,2012,-1,2767.5000,0.7500,7.0000,6.7500,7.0000,-3.0000,9,-2.2500,13.2500,18,17.0000,-1.5000,,9.0000,-2.2500,,7.0000,,7.0000,,7.0000,,7.0000
2012-10-10,2012,-1,2734.5000,0.7500,-5.5000,-5.7500,2.7500,-6.2500,19,-5.7500,7.0000,8,7.0000,-3.2500,10.0000,15.0000,-3.5000,15.0000,-3.5000,18.0000,-5.7500,,-5.5000,,-5.5000
2012-10-11,2012,-1,2741.0000,1.0000,-0.5000,-0.2500,1.2500,-2.7500,3,-1.2500,5.5000,22,13.0000,-1.5000,17.0000,,-0.5000,,-0.5000,,-0.5000,,-0.5000,,-0.5000
2012-10-12,2012,-1,2713.5000,0.7500,-14.5000,-14.5000,-4.5000,-14.7500,30,-14.5000,3.5000,13,8.0000,3.0000,22.0000,2.0000,-2.0000,4.0000,-5.5000,4.0000,-5.5000,25.0000,-7.5000,26.0000,-9.2500
2012-10-15,2012,1,2727.5000,0.7500,-11.0000,-10.7500,-3.5000,-12.2500,29,-11.7500,0.7500,2,1.0000,2.5000,6.0000,4.0000,-2.2500,6.0000,-3.5000,12.0000,-5.5000,14.0000,-7.0000,20.0000,-9.7500
2012-10-16,2012,-1,2739.2500,0.7500,-4.2500,-4.2500,-1.7500,-7.0000,27,-6.0000,3.2500,8,8.0000,0.7500,14.0000,3.0000,-2.2500,19.0000,-3.0000,25.0000,-6.2500,,-4.2500,,-4.2500
2012-10-17,2012,1,2758.5000,0.7500,13.7500,13.7500,13.7500,-5.0000,3,-4.0000,15.2500,30,8.0000,2.2500,,1.0000,-2.0000,3.0000,-3.7500,,13.7500,,13.7500,,13.7500
2012-10-18,2012,1,2762.5000,0.7500,1.0000,1.2500,-0.7500,-7.0000,11,-6.0000,5.2500,29,5.0000,-0.2500,6.0000,3.0000,-1.7500,10.0000,-5.2500,10.0000,-5.2500,,1.0000,,1.0000
2012-10-19,2012,-1,2730.5000,0.7500,11.5000,11.5000,11.5000,-0.2500,1,1.7500,16.0000,12,1.0000,1.2500,,,11.5000,,11.5000,,11.5000,,11.5000,,11.5000
2012-10-22,2012,1,2673.0000,0.7500,9.7500,9.7500,-0.5000,-2.0000,1,-0.7500,9.7500,30,3.0000,-0.2500,16.0000,,9.7500,,9.7500,,9.7500,,9.7500,,9.7500
2012-10-23,2012,1,2663.0000,1.0000,2.5000,2.5000,-3.2500,-6.5000,6,-5.7500,4.5000,18,11.0000,3.0000,13.0000,3.0000,-3.7500,5.0000,-5.0000,,2.5000,,2.5000,,2.5000
2012-10-24,2012,-1,2676.0000,0.7500,11.7500,11.7500,11.7500,-3.2500,5,-2.0000,11.7500,30,6.0000,0.7500,,3.0000,-2.0000,,11.7500,,11.7500,,11.7500,,11.7500
2012-10-25,2012,1,2673.2500,0.5000,-14.0000,-14.0000,-9.5000,-16.5000,29,-15.5000,0.0000,1,12.0000,8.5000,15.0000,1.0000,-3.0000,1.0000,-3.0000,1.0000,-3.0000,3.0000,-5.7500,5.0000,-7.5000
2012-10-26,2012,-1,2647.5000,0.7500,-8.7500,-8.5000,-4.2500,-19.2500,18,-18.2500,1.0000,1,1.0000,3.5000,3.0000,3.0000,-4.2500,3.0000,-4.2500,4.0000,-6.5000,4.0000,-6.5000,5.0000,-9.7500
2012-10-31,2012,1,2657.5000,1.0000,-6.2500,-6.2500,-1.5000,-10.0000,28,-8.0000,2.0000,2,1.0000,1.2500,5.0000,7.0000,-2.5000,8.0000,-4.7500,11.0000,-8.2500,,-6.2500,,-6.2500
2012-11-01,2012,1,2653.2500,0.7500,13.7500,13.7500,0.7500,-1.2500,1,0.2500,14.2500,28,3.0000,-1.5000,9.0000,,13.7500,,13.7500,,13.7500,,13.7500,,13.7500
2012-11-02,2012,-1,2689.2500,0.8750,6.5000,6.2500,6.5000,-0.2500,1,2.0000,11.5000,18,2.0000,-1.2500,,,6.5000,,6.5000,,6.5000,,6.5000,,6.5000
2012-11-05,2012,1,2651.0000,0.7500,2.7500,2.7500,-2.0000,-5.5000,22,-4.0000,6.7500,9,1.0000,1.2500,14.0000,14.0000,-2.0000,21.0000,-4.2500,,2.7500,,2.7500,,2.7500
2012-11-06,2012,-1,2669.0000,0.5000,0.7500,0.7500,-1.0000,-3.7500,7,-3.0000,4.5000,19,1.0000,0.5000,2.0000,4.0000,-2.5000,4.0000,-2.5000,,0.7500,,0.7500,,0.7500
2012-11-07,2012,-1,2642.2500,1.1250,2.5000,2.5000,1.7500,-5.7500,17,-5.0000,6.2500,5,5.0000,-2.2500,11.0000,15.0000,-2.7500,17.0000,-4.7500,,2.5000,,2.5000,,2.5000
2012-11-08,2012,1,2619.5000,1.2500,-2.0000,-2.0000,-2.0000,-9.0000,5,-8.0000,3.7500,17,7.0000,5.5000,,3.0000,-5.7500,3.0000,-5.7500,4.0000,-8.0000,,-2.0000,,-2.0000
2012-11-09,2012,1,2572.5000,1.0000,7.5000,7.7500,-2.2500,-3.7500,20,-2.5000,8.5000,30,2.0000,-0.5000,19.0000,19.0000,-2.2500,,7.5000,,7.5000,,7.5000,,7.5000
2012-11-12,2012,-1,2593.7500,0.7500,2.7500,2.5000,-1.5000,-3.5000,12,-3.2500,4.2500,29,4.0000,0.2500,6.0000,7.0000,-2.0000,16.0000,-3.2500,,2.7500,,2.7500,,2.7500
2012-11-13,2012,-1,2553.7500,1.0000,-19.0000,-19.0000,-19.0000,-22.5000,30,-21.7500,0.7500,1,,,,2.0000,-2.7500,3.0000,-5.5000,4.0000,-6.5000,8.0000,-9.0000,13.0000,-13.5000
2012-11-14,2012,1,2574.2500,1.0000,-4.7500,-4.7500,-4.0000,-9.7500,25,-8.2500,1.7500,6,14.0000,2.5000,21.0000,3.0000,-2.5000,21.0000,-4.0000,23.0000,-7.5000,25.0000,-8.2500,,-4.7500
2012-11-15,2012,-1,2533.2500,1.0000,5.2500,5.2500,5.2500,-7.7500,7,-6.2500,11.2500,28,9.0000,6.2500,,4.0000,-3.5000,5.0000,-5.2500,6.0000,-6.2500,,5.2500,,5.2500
2012-11-16,2012,-1,2516.7500,1.0000,11.7500,11.7500,-0.7500,-4.5000,8,-4.0000,12.2500,30,2.0000,0.2500,3.0000,6.0000,-2.7500,,11.7500,,11.7500,,11.7500,,11.7500
2012-11-19,2012,1,2560.2500,0.7500,4.0000,4.0000,4.0000,-0.5000,1,0.7500,11.7500,23,4.0000,-1.5000,,,4.0000,,4.0000,,4.0000,,4.0000,,4.0000
2012-11-20,2012,-1,2589.2500,0.7500,0.2500,0.2500,1.5000,-2.5000,17,-2.0000,7.5000,9,9.0000,-3.7500,13.0000,17.0000,-1.7500,,0.2500,,0.2500,,0.2500,,0.2500
2012-11-21,2012,1,2597.0000,0.7500,0.7500,0.7500,0.7500,-2.0000,22,-1.0000,5.0000,11,1.0000,1.5000,,,0.7500,,0.7500,,0.7500,,0.7500,,0.7500
2012-11-23,2012,1,2616.0000,0.7500,1.7500,1.7500,1.7500,-4.2500,8,-3.7500,2.7500,17,16.0000,2.5000,,6.0000,-2.0000,7.0000,-3.7500,,1.7500,,1.7500,,1.7500
2012-11-26,2012,1,2631.5000,0.5000,5.2500,5.2500,5.2500,-5.0000,7,-4.5000,7.7500,26,9.0000,3.0000,,4.0000,-2.7500,4.0000,-2.7500,6.0000,-4.2500,6.0000,-4.2500,,5.2500
2012-11-27,2012,1,2647.7500,1.0000,-1.0000,-1.2500,-0.7500,-2.0000,2,-2.0000,7.5000,18,6.0000,0.2500,11.0000,,-1.0000,,-1.0000,,-1.0000,,-1.0000,,-1.0000
2012-11-28,2012,-1,2627.0000,0.7500,9.7500,9.7500,9.7500,-2.2500,3,-1.7500,10.7500,30,14.0000,-1.2500,,9.0000,-1.5000,,9.7500,,9.7500,,9.7500,,9.7500
2012-11-29,2012,1,2681.2500,0.7500,5.2500,5.2500,5.2500,-0.2500,1,0.7500,7.2500,12,2.0000,0.2500,,,5.2500,,5.2500,,5.2500,,5.2500,,5.2500
2012-11-30,2012,-1,2679.2500,0.6250,2.0000,2.2500,0.0000,-2.7500,11,-1.7500,5.7500,19,4.0000,-0.5000,9.0000,11.0000,-2.0000,,2.0000,,2.0000,,2.0000,,2.0000
2012-12-03,2012,-1,2695.7500,0.8750,8.7500,8.5000,-1.5000,-2.7500,6,-2.5000,9.2500,30,1.0000,0.7500,3.0000,6.0000,-2.2500,,8.7500,,8.7500,,8.7500,,8.7500
2012-12-04,2012,-1,2665.0000,0.8750,2.2500,2.2500,2.2500,-6.0000,10,-5.2500,3.2500,28,12.0000,4.7500,,2.0000,-2.0000,4.0000,-4.0000,,2.2500,,2.2500,,2.2500
2012-12-05,2012,-1,2661.7500,0.7500,14.5000,14.2500,-1.0000,-1.5000,5,-1.0000,18.5000,26,3.0000,-1.2500,5.0000,,14.5000,,14.5000,,14.5000,,14.5000,,14.5000
2012-12-06,2012,-1,2624.0000,1.0000,-14.2500,-14.0000,-10.7500,-20.5000,24,-19.2500,1.5000,1,13.0000,10.2500,14.0000,2.0000,-7.0000,2.0000,-7.0000,2.0000,-7.0000,4.0000,-11.5000,7.0000,-14.5000
2012-12-07,2012,1,2670.7500,1.1250,-19.5000,-19.5000,-13.2500,-23.7500,25,-23.2500,0.2500,1,12.0000,12.5000,14.0000,1.0000,-3.2500,2.0000,-5.2500,5.0000,-8.7500,7.0000,-10.0000,15.0000,-15.2500
2012-12-10,2012,1,2634.0000,0.7500,14.0000,13.7500,0.7500,-1.7500,9,-0.7500,17.2500,19,3.0000,-2.0000,7.0000,,14.0000,,14.0000,,14.0000,,14.0000,,14.0000
2012-12-11,2012,1,2665.0000,0.7500,14.0000,14.2500,14.0000,-1.7500,1,-0.5000,16.2500,30,3.0000,-0.2500,,,14.0000,,14.0000,,14.0000,,14.0000,,14.0000
2012-12-12,2012,-1,2691.5000,0.7500,9.5000,9.2500,9.5000,-2.7500,8,-2.2500,9.5000,30,11.0000,0.5000,,8.0000,-2.5000,,9.5000,,9.5000,,9.5000,,9.5000
2012-12-14,2012,-1,2627.5000,1.1250,-5.7500,-5.5000,-5.7500,-12.5000,15,-10.7500,4.5000,3,23.0000,5.0000,30.0000,8.0000,-4.2500,10.0000,-4.7500,12.0000,-10.7500,12.0000,-10.7500,,-5.7500
2012-12-17,2012,-1,2623.7500,0.7500,-10.5000,-10.5000,-13.7500,-18.0000,13,-16.5000,0.5000,1,17.0000,13.0000,22.0000,1.0000,-2.0000,2.0000,-4.7500,2.0000,-4.7500,3.0000,-8.5000,4.0000,-11.0000
2012-12-18,2012,-1,2667.2500,0.7500,-4.0000,-3.7500,-2.7500,-8.2500,15,-7.2500,1.2500,5,1.0000,2.0000,5.0000,5.0000,-2.7500,6.0000,-3.7500,9.0000,-5.5000,15.0000,-7.2500,,-4.0000
2012-12-19,2012,1,2710.0000,0.7500,-8.2500,-8.5000,-3.7500,-10.2500,28,-9.2500,1.5000,7,14.0000,3.0000,18.0000,2.0000,-2.0000,12.0000,-3.2500,20.0000,-4.5000,21.0000,-6.5000,28.0000,-9.2500
2012-12-20,2012,-1,2694.0000,0.7500,7.2500,7.2500,7.2500,-1.0000,1,1.5000,15.7500,12,2.0000,0.5000,,,7.2500,,7.2500,,7.2500,,7.2500,,7.2500
2012-12-21,2012,-1,2637.5000,1.0000,-13.7500,-13.7500,-13.7500,-15.5000,21,-15.2500,0.5000,1,,,,2.0000,-6.0000,2.0000,-6.0000,2.0000,-6.0000,7.0000,-10.0000,19.0000,-12.2500
2012-12-24,2012,-1,2653.5000,0.7500,2.5000,2.7500,-2.0000,-3.7500,13,-2.7500,3.2500,30,5.0000,1.7500,10.0000,2.0000,-2.0000,,2.5000,,2.5000,,2.5000,,2.5000
2012-12-26,2012,-1,2653.0000,0.5000,-3.2500,-3.0000,-3.0000,-5.7500,9,-5.0000,1.2500,19,12.0000,2.5000,25.0000,1.0000,-1.5000,5.0000,-2.7500,8.0000,-5.0000,8.0000,-5.0000,,-3.2500
2012-12-27,2012,-1,2627.5000,0.5000,-0.5000,-0.2500,-5.0000,-6.7500,11,-5.7500,2.2500,1,1.0000,2.7500,9.0000,8.0000,-2.7500,8.0000,-2.7500,9.0000,-5.0000,9.0000,-5.0000,,-0.5000
2012-12-28,2012,1,2612.2500,0.5000,1.5000,1.2500,-1.7500,-3.0000,23,-1.7500,5.7500,9,1.0000,1.5000,23.0000,22.0000,-1.2500,,1.5000,,1.5000,,1.5000,,1.5000
2012-12-31,2012,1,2598.0000,1.2500,21.2500,21.2500,21.2500,-0.7500,1,1.5000,26.2500,26,1.0000,2.0000,,,21.2500,,21.2500,,21.2500,,21.2500,,21.2500
2013-01-02,2013,1,2727.5000,1.0000,2.5000,2.5000,0.5000,-7.5000,13,-5.7500,9.5000,3,3.0000,-2.5000,8.0000,10.0000,-2.5000,11.0000,-5.0000,,2.5000,,2.5000,,2.5000
2013-01-03,2013,-1,2735.7500,0.5000,-6.0000,-5.7500,-6.0000,-7.5000,29,-7.2500,2.7500,4,,,,15.0000,-1.5000,25.0000,-3.0000,26.0000,-4.5000,26.0000,-4.5000,29.0000,-7.2500
2013-01-04,2013,-1,2726.2500,1.0000,5.2500,5.2500,0.0000,-1.5000,28,-0.5000,6.2500,7,2.0000,-0.5000,19.0000,,5.2500,,5.2500,,5.2500,,5.2500,,5.2500
2013-01-07,2013,-1,2706.2500,0.7500,-1.5000,-1.7500,0.2500,-3.7500,13,-3.2500,3.7500,5,6.0000,-0.2500,9.0000,13.0000,-3.2500,13.0000,-3.2500,,-1.5000,,-1.5000,,-1.5000
2013-01-08,2013,1,2717.5000,0.7500,-6.0000,-5.7500,-0.2500,-7.7500,29,-7.0000,7.2500,7,4.0000,-0.5000,19.0000,20.0000,-2.0000,25.0000,-5.0000,25.0000,-5.0000,28.0000,-7.0000,,-6.0000
2013-01-09,2013,1,2720.2500,0.6250,2.5000,2.5000,2.5000,-6.0000,12,-5.5000,4.2500,28,14.0000,4.2500,,7.0000,-2.0000,8.0000,-3.0000,9.0000,-5.0000,11.0000,-5.0000,,2.5000
2013-01-10,2013,-1,2740.7500,0.7500,6.2500,6.5000,-2.2500,-2.2500,2,-2.0000,7.2500,30,1.0000,0.2500,2.0000,2.0000,-2.2500,,6.2500,,6.2500,,6.2500,,6.2500
2013-01-11,2013,-1,2736.5000,1.0000,0.7500,1.0000,0.7500,-7.5000,15,-6.7500,1.5000,2,17.0000,5.5000,,3.0000,-4.5000,3.0000,-4.5000,13.0000,-6.2500,,0.7500,,0.7500
2013-01-14,2013,1,2730.0000,0.5000,-5.7500,-5.7500,-0.7500,-8.5000,29,-7.7500,8.5000,8,4.0000,-0.5000,19.0000,2.0000,-1.5000,20.0000,-2.7500,21.0000,-3.7500,22.0000,-5.7500,28.0000,-6.2500
2013-01-15,2013,-1,2714.7500,0.7500,7.2500,7.2500,7.2500,-2.5000,5,-1.5000,9.5000,22,9.0000,0.2500,,,7.2500,,7.2500,,7.2500,,7.2500,,7.2500
2013-01-16,2013,1,2720.2500,0.7500,3.5000,3.2500,3.5000,-4.5000,10,-3.7500,5.2500,25,13.0000,2.7500,,3.0000,-1.7500,6.0000,-3.2500,,3.5000,,3.5000,,3.5000
2013-01-17,2013,1,2740.5000,0.5000,-1.0000,-1.0000,-1.0000,-5.7500,14,-4.7500,2.2500,2,17.0000,4.5000,,4.0000,-1.5000,6.0000,-2.7500,9.0000,-3.2500,13.0000,-4.7500,,-1.0000
2013-01-18,2013,1,2733.5000,0.5000,1.7500,1.7500,-3.0000,-4.5000,7,-3.7500,4.2500,16,1.0000,2.2500,4.0000,4.0000,-3.0000,4.0000,-3.0000,5.0000,-3.5000,,1.7500,,1.7500
2013-01-22,2013,1,2741.2500,0.5000,-11.0000,-11.0000,-11.0000,-11.7500,29,-11.0000,0.0000,1,,,,1.0000,-2.5000,1.0000,-2.5000,6.0000,-4.0000,7.0000,-5.2500,8.0000,-8.0000
2013-01-23,2013,1,2755.5000,0.7500,2.2500,2.2500,2.2500,-5.2500,5,-4.0000,3.5000,29,7.0000,3.7500,,2.0000,-2.2500,3.0000,-4.0000,,2.2500,,2.2500,,2.2500
2013-01-24,2013,1,2722.5000,0.7500,10.5000,10.5000,-0.7500,-1.7500,6,-1.0000,13.2500,26,2.0000,-1.0000,5.0000,,10.5000,,10.5000,,10.5000,,10.5000,,10.5000
2013-01-25,2013,-1,2723.2500,0.7500,-10.7500,-11.0000,-10.7500,-16.2500,24,-15.7500,2.2500,3,28.0000,14.7500,,6.0000,-2.0000,8.0000,-5.2500,8.0000,-5.2500,9.0000,-8.0000,10.0000,-10.7500
2013-01-28,2013,-1,2732.2500,0.5000,-7.2500,-7.2500,-7.2500,-8.2500,13,-7.7500,0.0000,1,,,,1.0000,-1.7500,2.0000,-2.7500,3.0000,-3.5000,6.0000,-5.5000,9.0000,-6.2500
2013-01-29,2013,-1,2730.2500,0.7500,4.7500,4.7500,-0.5000,-3.5000,24,-3.0000,4.7500,5,6.0000,-1.7500,18.0000,21.0000,-2.2500,,4.7500,,4.7500,,4.7500,,4.7500
2013-01-30,2013,-1,2738.2500,0.5000,-8.7500,-8.7500,-8.7500,-13.5000,26,-13.0000,0.7500,1,28.0000,11.0000,,1.0000,-1.7500,2.0000,-3.7500,2.0000,-3.7500,3.0000,-6.7500,3.0000,-6.7500
2013-01-31,2013,1,2731.7500,0.6250,11.5000,11.7500,11.5000,-2.5000,2,-1.7500,14.5000,14,6.0000,0.5000,,2.0000,-1.5000,,11.5000,,11.5000,,11.5000,,11.5000
2013-02-01,2013,1,2746.2500,0.7500,-6.5000,-6.2500,-6.5000,-11.7500,18,-11.2500,0.2500,1,29.0000,9.2500,,2.0000,-2.2500,4.0000,-3.7500,11.0000,-5.0000,13.0000,-6.2500,18.0000,-11.2500
2013-02-04,2013,1,2743.2500,0.5000,3.5000,3.5000,-0.5000,-3.7500,14,-1.0000,7.2500,25,6.0000,-0.2500,8.0000,,3.5000,,3.5000,,3.5000,,3.5000,,3.5000
2013-02-05,2013,-1,2717.5000,0.5000,-10.5000,-10.5000,-10.5000,-14.7500,24,-14.2500,0.2500,1,27.0000,13.7500,,1.0000,-2.5000,1.0000,-2.5000,2.0000,-4.2500,2.0000,-4.2500,3.0000,-7.5000
2013-02-06,2013,1,2741.5000,0.5000,3.0000,3.5000,3.0000,-3.0000,2,-2.0000,7.7500,25,5.0000,1.0000,,2.0000,-2.0000,,3.0000,,3.0000,,3.0000,,3.0000
2013-02-07,2013,-1,2743.0000,0.7500,3.2500,3.0000,-1.7500,-3.5000,4,-2.2500,6.2500,22,6.0000,1.2500,15.0000,3.0000,-2.0000,,3.2500,,3.2500,,3.2500,,3.2500
2013-02-08,2013,1,2759.5000,0.5000,15.5000,15.7500,15.5000,-2.0000,1,-1.5000,16.7500,24,7.0000,0.2500,,1.0000,-1.5000,,15.5000,,15.5000,,15.5000,,15.5000
2013-02-11,2013,-1,2772.2500,0.2500,4.2500,4.2500,4.2500,-1.0000,1,-0.2500,8.0000,24,5.0000,-1.5000,,,4.2500,,4.2500,,4.2500,,4.2500,,4.2500
2013-02-12,2013,1,2770.5000,0.5000,-3.0000,-3.2500,-3.2500,-5.2500,17,-4.5000,0.2500,1,19.0000,3.0000,24.0000,1.0000,-1.5000,4.0000,-3.5000,4.0000,-3.5000,17.0000,-4.7500,,-3.0000
2013-02-13,2013,1,2769.5000,0.5000,8.0000,8.2500,8.0000,-6.0000,18,-4.7500,11.0000,28,20.0000,4.2500,,1.0000,-1.2500,13.0000,-2.2500,14.0000,-3.0000,17.0000,-4.5000,,8.0000
2013-02-14,2013,-1,2758.7500,0.5000,-4.0000,-4.0000,-3.2500,-6.5000,10,-5.2500,0.7500,25,24.0000,2.7500,29.0000,3.0000,-4.5000,3.0000,-4.5000,3.0000,-4.5000,3.0000,-4.5000,,-4.0000
2013-02-15,2013,1,2770.0000,0.5000,5.7500,5.7500,-0.5000,-1.7500,4,-1.2500,6.7500,29,8.0000,-0.5000,15.0000,4.0000,-1.2500,,5.7500,,5.7500,,5.7500,,5.7500
2013-02-19,2013,1,2771.5000,0.5000,3.5000,3.2500,3.5000,-5.0000,12,-4.0000,5.7500,20,17.0000,2.0000,,1.0000,-2.0000,6.0000,-2.5000,9.0000,-3.5000,,3.5000,,3.5000
2013-02-20,2013,-1,2781.2500,0.5000,6.0000,6.2500,6.0000,-1.7500,3,-1.0000,7.0000,27,5.0000,0.7500,,,6.0000,,6.0000,,6.0000,,6.0000,,6.0000
2013-02-21,2013,-1,2729.2500,0.7500,15.2500,15.2500,15.2500,-2.5000,7,-1.5000,17.0000,29,13.0000,-0.5000,,,15.2500,,15.2500,,15.2500,,15.2500,,15.2500
2013-02-22,2013,-1,2725.5000,0.7500,6.2500,6.5000,6.2500,-4.2500,4,-3.5000,11.2500,21,6.0000,2.7500,,3.0000,-3.5000,3.0000,-3.5000,,6.2500,,6.2500,,6.2500
2013-02-25,2013,1,2761.0000,0.7500,0.7500,0.5000,0.7500,-7.5000,8,-6.2500,3.5000,29,29.0000,0.2500,,2.0000,-3.0000,3.0000,-3.2500,6.0000,-5.2500,8.0000,-6.0000,,0.7500
2013-02-26,2013,-1,2705.2500,0.6250,-9.0000,-9.0000,-5.2500,-11.7500,29,-11.2500,3.7500,16,1.0000,3.2500,3.0000,2.0000,-2.0000,3.0000,-5.2500,3.0000,-5.2500,3.0000,-5.2500,28.0000,-8.5000
2013-02-27,2013,-1,2711.7500,0.7500,-6.0000,-6.0000,-3.7500,-9.5000,29,-8.2500,2.2500,1,15.0000,3.2500,16.0000,6.0000,-1.7500,10.0000,-4.5000,11.0000,-4.7500,21.0000,-8.0000,,-6.0000
2013-02-28,2013,-1,2740.2500,0.6250,-10.5000,-10.5000,-10.5000,-16.7500,16,-15.5000,0.2500,1,19.0000,14.5000,,1.0000,-1.7500,3.0000,-5.2500,3.0000,-5.2500,3.0000,-5.2500,4.0000,-8.2500
2013-03-01,2013,-1,2722.5000,0.7500,-0.7500,-1.0000,0.7500,-3.2500,29,-1.7500,10.7500,8,5.0000,-1.2500,28.0000,29.0000,-1.7500,,-0.7500,,-0.7500,,-0.7500,,-0.7500
2013-03-04,2013,-1,2736.7500,0.7500,-4.5000,-4.5000,-7.5000,-9.7500,10,-7.7500,0.5000,1,5.0000,3.0000,8.0000,2.0000,-3.5000,2.0000,-3.5000,8.0000,-7.5000,8.0000,-7.5000,,-4.5000
2013-03-05,2013,-1,2775.5000,0.5000,-10.5000,-10.5000,-11.5000,-13.7500,9,-12.0000,0.0000,1,11.0000,11.0000,29.0000,1.0000,-1.2500,2.0000,-2.7500,3.0000,-3.7500,4.0000,-5.0000,5.0000,-10.0000
2013-03-06,2013,-1,2802.7500,0.5000,4.2500,4.2500,4.2500,-3.0000,1,-1.2500,7.7500,13,4.0000,0.0000,,1.0000,-1.5000,,4.2500,,4.2500,,4.2500,,4.2500
2013-03-07,2013,1,2792.2500,0.7500,-3.5000,-3.5000,-2.5000,-4.0000,30,-3.5000,2.2500,4,1.0000,1.2500,7.0000,7.0000,-2.5000,30.0000,-3.5000,,-3.5000,,-3.5000,,-3.5000
2013-03-08,2013,-1,2806.5000,0.7500,13.2500,13.2500,13.2500,0.0000,1,1.0000,15.0000,29,2.0000,-1.0000,,,13.2500,,13.2500,,13.2500,,13.2500,,13.2500
2013-03-11,2013,-1,2794.7500,0.5000,-0.2500,0.0000,0.7500,-2.5000,20,-2.5000,3.2500,9,9.0000,-1.5000,11.0000,20.0000,-2.5000,20.0000,-2.5000,,-0.2500,,-0.2500,,-0.2500
2013-03-12,2013,-1,2798.5000,0.5000,-3.7500,-3.7500,0.0000,-6.5000,25,-6.0000,4.0000,2,2.0000,-0.7500,5.0000,10.0000,-2.2500,10.0000,-2.2500,17.0000,-5.0000,17.0000,-5.0000,,-3.7500
2013-03-13,2013,-1,2795.0000,0.3750,11.5000,11.5000,11.5000,-2.5000,5,-1.7500,12.5000,30,7.0000,1.5000,,4.0000,-1.7500,4.0000,-1.7500,,11.5000,,11.5000,,11.5000
2013-03-14,2013,1,2803.5000,0.5000,2.2500,2.2500,-0.5000,-2.0000,11,-1.0000,4.0000,5,4.0000,-0.7500,10.0000,,2.2500,,2.2500,,2.2500,,2.2500,,2.2500
2013-03-15,2013,-1,2800.0000,0.5000,8.0000,8.2500,8.0000,-1.5000,4,-1.2500,12.7500,28,6.0000,0.7500,,3.0000,-1.0000,,8.0000,,8.0000,,8.0000,,8.0000
2013-03-18,2013,-1,2762.5000,0.5000,-15.7500,-15.7500,-15.7500,-16.0000,30,-15.7500,2.7500,1,,,,2.0000,-1.2500,3.0000,-3.0000,4.0000,-4.5000,4.0000,-4.5000,7.0000,-7.0000
2013-03-19,2013,1,2797.0000,0.5000,1.2500,1.2500,-2.2500,-6.2500,8,-6.0000,3.0000,29,1.0000,1.7500,2.0000,1.0000,-1.5000,2.0000,-2.2500,3.0000,-4.2500,3.0000,-4.2500,,1.2500
2013-03-20,2013,-1,2801.5000,0.5000,4.7500,4.5000,4.7500,-1.7500,8,0.0000,8.2500,17,1.0000,2.2500,,,4.7500,,4.7500,,4.7500,,4.7500,,4.7500
2013-03-21,2013,-1,2776.2500,0.7500,-1.0000,-0.7500,-2.5000,-4.0000,6,-3.5000,1.2500,11,10.0000,2.2500,12.0000,3.0000,-2.0000,16.0000,-3.7500,,-1.0000,,-1.0000,,-1.0000
2013-03-22,2013,1,2781.0000,0.5000,2.0000,2.0000,-2.2500,-4.5000,15,-3.7500,3.5000,30,1.0000,0.2500,8.0000,8.0000,-2.2500,8.0000,-2.2500,10.0000,-3.7500,,2.0000,,2.0000
2013-03-25,2013,-1,2802.5000,0.6250,-5.2500,-5.2500,-2.2500,-5.2500,28,-5.2500,2.2500,3,1.0000,1.7500,14.0000,14.0000,-2.2500,16.0000,-3.0000,28.0000,-5.0000,30.0000,-5.2500,,-5.2500
2013-03-26,2013,1,2796.2500,0.5000,-2.5000,-2.7500,1.5000,-3.0000,28,-2.7500,4.5000,13,9.0000,-1.5000,13.0000,28.0000,-2.2500,28.0000,-2.2500,,-2.5000,,-2.5000,,-2.5000
2013-03-27,2013,-1,2778.5000,0.7500,-7.7500,-7.7500,-4.5000,-9.2500,23,-9.0000,2.0000,2,19.0000,4.0000,20.0000,4.0000,-1.7500,10.0000,-4.0000,16.0000,-5.0000,22.0000,-7.2500,,-7.7500
2013-03-28,2013,-1,2803.0000,0.5000,-2.2500,-2.5000,-2.2500,-2.5000,30,-2.5000,4.7500,10,27.0000,0.7500,30.0000,4.0000,-1.2500,30.0000,-2.2500,,-2.2500,,-2.2500,,-2.2500
2013-04-01,2013,-1,2812.2500,0.5000,8.2500,8.2500,8.2500,-3.5000,9,-3.0000,9.2500,28,18.0000,1.2500,,3.0000,-2.2500,3.0000,-2.2500,,8.2500,,8.2500,,8.2500
2013-04-02,2013,1,2805.7500,0.5000,10.2500,10.2500,10.2500,-1.2500,1,0.2500,14.0000,28,3.0000,-0.2500,,,10.2500,,10.2500,,10.2500,,10.2500,,10.2500
2013-04-03,2013,1,2817.5000,0.2500,-7.7500,-7.7500,-1.7500,-8.0000,30,-7.7500,1.7500,3,1.0000,1.2500,7.0000,4.0000,-1.0000,4.0000,-1.0000,7.0000,-1.7500,8.0000,-3.7500,8.0000,-3.7500
2013-04-04,2013,-1,2786.2500,1.0000,-8.2500,-8.2500,-3.5000,-8.5000,30,-8.2500,4.7500,4,4.0000,-0.7500,8.0000,8.0000,-3.5000,14.0000,-4.5000,29.0000,-6.7500,30.0000,-8.2500,,-8.2500
2013-04-05,2013,-1,2739.5000,1.2500,-2.7500,-3.2500,-2.7500,-10.5000,16,-9.7500,0.7500,1,19.0000,9.5000,,2.0000,-3.2500,5.0000,-5.5000,12.0000,-9.7500,,-2.7500,,-2.7500
2013-04-08,2013,-1,2764.2500,0.6250,2.0000,1.7500,-2.0000,-4.2500,10,-3.2500,3.2500,22,13.0000,1.5000,23.0000,2.0000,-2.0000,4.0000,-3.2500,,2.0000,,2.0000,,2.0000
2013-04-09,2013,-1,2787.2500,0.7500,7.7500,7.7500,7.7500,-1.0000,2,-0.5000,12.0000,26,4.0000,0.0000,,,7.7500,,7.7500,,7.7500,,7.7500,,7.7500
2013-04-10,2013,1,2812.7500,0.7500,12.0000,12.0000,12.0000,-1.5000,10,-1.0000,14.0000,29,17.0000,-1.5000,,,12.0000,,12.0000,,12.0000,,12.0000,,12.0000
2013-04-11,2013,-1,2844.5000,0.5000,-2.7500,-2.7500,-1.2500,-5.5000,20,-5.2500,1.2500,2,1.0000,1.0000,4.0000,4.0000,-1.2500,16.0000,-2.5000,17.0000,-3.2500,20.0000,-4.7500,,-2.7500
2013-04-12,2013,1,2846.0000,0.7500,0.0000,-0.2500,-0.7500,-2.2500,28,-1.7500,5.5000,8,4.0000,-0.2500,22.0000,28.0000,-1.7500,,0.0000,,0.0000,,0.0000,,0.0000
2013-04-15,2013,-1,2837.0000,0.8750,4.0000,4.0000,4.0000,-7.0000,5,-5.7500,5.0000,18,15.0000,3.0000,,3.0000,-4.7500,3.0000,-4.7500,5.0000,-5.7500,,4.0000,,4.0000
2013-04-16,2013,-1,2808.5000,1.0000,3.5000,3.5000,3.5000,-6.5000,8,-5.7500,4.0000,24,14.0000,3.2500,,4.0000,-4.0000,5.0000,-4.0000,,3.5000,,3.5000,,3.5000
2013-04-17,2013,-1,2802.7500,1.1250,7.0000,7.0000,1.5000,-3.2500,18,-1.5000,8.0000,8,7.0000,-2.2500,13.0000,,7.0000,,7.0000,,7.0000,,7.0000,,7.0000
2013-04-18,2013,-1,2775.7500,0.5000,30.5000,30.5000,30.5000,0.0000,1,0.7500,32.2500,30,1.0000,4.0000,,,30.5000,,30.5000,,30.5000,,30.5000,,30.5000
2013-04-19,2013,-1,2742.5000,1.1250,-16.2500,-16.2500,-5.5000,-18.0000,30,-16.2500,1.7500,15,9.0000,5.0000,25.0000,2.0000,-2.7500,6.0000,-5.7500,27.0000,-10.5000,27.0000,-10.5000,29.0000,-15.7500
2013-04-22,2013,1,2790.2500,1.0000,-5.0000,-4.7500,-6.2500,-12.0000,18,-11.7500,3.2500,1,1.0000,5.5000,9.0000,4.0000,-2.7500,8.0000,-5.7500,11.0000,-7.5000,14.0000,-9.0000,,-5.0000
2013-04-23,2013,1,2821.7500,0.7500,7.7500,7.7500,7.7500,-4.0000,10,-2.5000,9.5000,30,13.0000,2.5000,,1.0000,-2.5000,,7.7500,,7.7500,,7.7500,,7.7500
2013-04-24,2013,1,2827.5000,1.0000,4.7500,4.5000,4.7500,-2.2500,2,-1.2500,10.7500,15,1.0000,2.7500,,,4.7500,,4.7500,,4.7500,,4.7500,,4.7500
2013-04-25,2013,1,2841.0000,0.7500,5.0000,5.0000,5.0000,-1.0000,16,-0.2500,6.5000,9,1.0000,3.2500,,,5.0000,,5.0000,,5.0000,,5.0000,,5.0000
2013-04-26,2013,-1,2835.2500,0.7500,-1.5000,-1.5000,-4.0000,-5.5000,28,-4.7500,2.0000,11,17.0000,1.7500,20.0000,6.0000,-2.0000,20.0000,-4.0000,24.0000,-4.5000,,-1.5000,,-1.5000
2013-04-29,2013,1,2845.5000,0.7500,8.7500,8.5000,8.7500,-3.0000,4,-1.7500,8.7500,20,12.0000,-0.5000,,2.0000,-2.0000,,8.7500,,8.7500,,8.7500,,8.7500
2013-04-30,2013,-1,2858.7500,0.6250,3.7500,3.7500,-4.5000,-6.5000,8,-5.7500,5.5000,30,10.0000,4.5000,16.0000,2.0000,-2.5000,4.0000,-3.0000,7.0000,-4.7500,17.0000,-5.7500,,3.7500
2013-05-01,2013,1,2883.7500,0.7500,-4.2500,-4.0000,-5.5000,-7.2500,26,-5.7500,3.2500,14,12.0000,4.2500,23.0000,2.0000,-2.2500,4.0000,-4.7500,9.0000,-5.2500,,-4.2500,,-4.2500
2013-05-02,2013,1,2874.7500,1.5000,10.2500,10.0000,10.2500,-1.0000,1,1.0000,13.7500,29,2.0000,0.0000,,,10.2500,,10.2500,,10.2500,,10.2500,,10.2500
2013-05-03,2013,1,2932.7500,1.0000,5.0000,5.0000,5.0000,-0.2500,1,1.5000,11.2500,21,2.0000,-0.7500,,,5.0000,,5.0000,,5.0000,,5.0000,,5.0000
2013-05-06,2013,1,2945.7500,0.5000,-1.0000,-1.0000,-1.0000,-2.7500,20,-1.7500,3.7500,8,1.0000,3.0000,,19.0000,-1.5000,,-1.0000,,-1.0000,,-1.0000,,-1.0000
2013-05-07,2013,-1,2952.7500,0.5000,-0.7500,-0.7500,-2.2500,-4.0000,18,-3.2500,2.2500,11,1.0000,2.0000,5.0000,3.0000,-1.5000,5.0000,-2.2500,18.0000,-3.5000,,-0.7500,,-0.7500
2013-05-08,2013,-1,2944.0000,0.6250,-9.2500,-9.2500,-9.2500,-11.0000,28,-10.0000,2.2500,4,,,,11.0000,-1.7500,13.0000,-3.0000,15.0000,-4.2500,22.0000,-6.0000,25.0000,-8.2500
2013-05-09,2013,1,2957.0000,0.5000,4.2500,4.5000,4.2500,-1.2500,1,0.2500,7.7500,8,3.0000,-0.2500,,,4.2500,,4.2500,,4.2500,,4.2500,,4.2500
2013-05-10,2013,1,2966.7500,0.7500,7.7500,7.7500,7.7500,-2.7500,13,-1.5000,9.2500,29,1.0000,3.2500,,,7.7500,,7.7500,,7.7500,,7.7500,,7.7500
2013-05-13,2013,1,2971.5000,0.6250,0.5000,0.7500,1.2500,-3.2500,28,-2.5000,6.0000,10,3.0000,-2.2500,18.0000,28.0000,-2.2500,,0.5000,,0.5000,,0.5000,,0.5000
2013-05-14,2013,1,2983.5000,0.7500,6.0000,5.7500,6.0000,-1.0000,1,1.2500,8.2500,25,17.0000,-3.5000,,,6.0000,,6.0000,,6.0000,,6.0000,,6.0000
2013-05-15,2013,1,2995.2500,0.6250,-1.2500,-1.2500,-2.0000,-4.2500,15,-3.7500,5.2500,3,1.0000,1.5000,10.0000,10.0000,-2.0000,13.0000,-2.7500,,-1.2500,,-1.2500,,-1.2500
2013-05-16,2013,-1,3005.7500,1.0000,-1.7500,-2.0000,-2.7500,-8.7500,25,-8.5000,1.5000,12,8.0000,2.5000,14.0000,4.0000,-3.0000,15.0000,-5.0000,24.0000,-8.5000,24.0000,-8.5000,,-1.7500
2013-05-17,2013,1,3016.5000,0.5000,-0.2500,-0.5000,-0.2500,-12.7500,13,-11.7500,1.2500,1,17.0000,10.0000,,1.0000,-1.5000,5.0000,-2.5000,6.0000,-3.5000,7.0000,-6.2500,9.0000,-8.7500
2013-05-20,2013,1,3021.2500,0.6250,5.5000,5.2500,5.5000,0.0000,1,0.2500,6.2500,29,1.0000,0.7500,,,5.5000,,5.5000,,5.5000,,5.5000,,5.5000
2013-05-21,2013,1,3024.5000,0.6250,0.2500,0.2500,0.2500,-5.7500,10,-5.0000,3.0000,3,13.0000,3.5000,,8.0000,-2.0000,9.0000,-2.5000,10.0000,-5.2500,,0.2500,,0.2500
2013-05-22,2013,-1,3025.5000,0.5000,-13.7500,-13.7500,-4.0000,-16.2500,28,-14.7500,0.7500,2,11.0000,3.7500,14.0000,1.0000,-2.2500,1.0000,-2.2500,4.0000,-3.5000,9.0000,-4.5000,16.0000,-6.5000
2013-05-23,2013,1,2974.2500,1.7500,-1.5000,-1.2500,-5.2500,-7.2500,29,-5.5000,7.2500,3,1.0000,3.0000,20.0000,20.0000,-5.2500,,-1.5000,,-1.5000,,-1.5000,,-1.5000
2013-05-24,2013,1,2974.0000,1.2500,-5.2500,-5.2500,-0.7500,-8.0000,30,-7.2500,6.0000,5,2.0000,-0.5000,17.0000,18.0000,-5.0000,29.0000,-7.5000,,-5.2500,,-5.2500,,-5.2500
2013-05-28,2013,1,3023.5000,0.8750,9.5000,9.7500,9.5000,-2.7500,2,-0.7500,12.7500,30,4.0000,0.2500,,,9.5000,,9.5000,,9.5000,,9.5000,,9.5000
2013-05-29,2013,-1,2992.2500,1.0000,-7.2500,-7.5000,-6.7500,-8.0000,3,-8.0000,3.2500,13,9.0000,4.5000,29.0000,1.0000,-4.0000,2.0000,-5.2500,3.0000,-6.2500,,-7.2500,,-7.2500
2013-05-30,2013,1,2999.2500,1.0000,13.2500,13.2500,13.2500,-2.0000,1,0.0000,16.7500,29,4.0000,-2.0000,,,13.2500,,13.2500,,13.2500,,13.2500,,13.2500
2013-05-31,2013,-1,2997.5000,0.7500,-14.7500,-14.5000,-14.7500,-16.7500,18,-15.7500,1.0000,1,22.0000,15.5000,,2.0000,-5.2500,2.0000,-5.2500,2.0000,-5.2500,4.0000,-6.5000,7.0000,-10.2500
2013-06-03,2013,-1,2983.0000,0.7500,11.0000,10.7500,11.0000,-3.5000,3,-2.0000,14.0000,30,10.0000,-2.2500,,2.0000,-2.0000,,11.0000,,11.0000,,11.0000,,11.0000
2013-06-04,2013,1,2996.7500,0.7500,4.0000,4.5000,4.0000,-1.5000,1,-1.0000,7.5000,28,1.0000,2.7500,,,4.0000,,4.0000,,4.0000,,4.0000,,4.0000
2013-06-05,2013,-1,2961.0000,1.0000,-7.0000,-6.7500,-7.0000,-13.7500,18,-13.0000,0.0000,1,25.0000,12.2500,,1.0000,-3.2500,2.0000,-4.2500,6.0000,-7.0000,12.0000,-10.0000,17.0000,-12.5000
2013-06-06,2013,-1,2937.7500,1.5000,-5.5000,-5.5000,-6.2500,-10.5000,8,-10.2500,2.5000,24,19.0000,5.7500,29.0000,2.0000,-4.7500,3.0000,-7.0000,6.0000,-9.2500,,-5.5000,,-5.5000
2013-06-07,2013,-1,2958.7500,1.7500,-6.0000,-6.0000,-0.5000,-10.0000,28,-9.2500,6.0000,11,9.0000,-1.0000,14.0000,23.0000,-4.2500,28.0000,-9.2500,,-6.0000,,-6.0000,,-6.0000
2013-06-10,2013,-1,2991.5000,0.7500,1.5000,1.7500,-0.2500,-4.0000,20,-3.5000,4.5000,14,13.0000,-1.5000,15.0000,8.0000,-1.7500,19.0000,-3.2500,,1.5000,,1.5000,,1.5000
2013-06-11,2013,-1,2955.5000,1.2500,-14.2500,-14.2500,-9.5000,-14.2500,30,-14.2500,6.0000,4,24.0000,7.0000,26.0000,10.0000,-3.0000,15.0000,-5.7500,19.0000,-7.7500,28.0000,-11.0000,,-14.2500
2013-06-12,2013,-1,2976.0000,0.8750,16.7500,16.7500,16.7500,-2.0000,1,-1.5000,18.2500,30,6.0000,-1.5000,,,16.7500,,16.7500,,16.7500,,16.7500,,16.7500
2013-06-13,2013,-1,2917.5000,1.0000,-6.0000,-6.2500,-1.0000,-6.7500,30,-6.2500,9.2500,6,2.0000,0.0000,11.0000,13.0000,-2.7500,26.0000,-5.0000,30.0000,-6.0000,,-6.0000,,-6.0000
2013-06-14,2013,-1,2954.5000,1.2500,-6.0000,-6.2500,-1.2500,-7.0000,30,-6.2500,1.5000,7,7.0000,0.7500,10.0000,15.0000,-3.7500,17.0000,-6.0000,,-6.0000,,-6.0000,,-6.0000
2013-06-17,2013,1,2967.0000,0.8750,5.2500,5.2500,5.2500,-3.0000,5,-2.7500,7.0000,30,13.0000,-0.7500,,5.0000,-2.7500,,5.2500,,5.2500,,5.2500,,5.2500
2013-06-18,2013,1,2976.5000,0.6250,0.2500,0.5000,0.2500,-2.7500,14,-2.0000,5.2500,17,16.0000,1.0000,,13.0000,-1.7500,,0.2500,,0.2500,,0.2500,,0.2500
2013-06-19,2013,-1,2992.2500,0.5000,2.0000,2.2500,2.0000,-0.5000,6,0.0000,6.7500,18,1.0000,0.7500,,,2.0000,,2.0000,,2.0000,,2.0000,,2.0000
2013-06-20,2013,-1,2923.5000,1.0000,-7.2500,-7.5000,2.2500,-8.5000,17,-8.2500,5.2500,8,9.0000,-2.2500,10.0000,14.0000,-7.0000,14.0000,-7.0000,14.0000,-7.0000,21.0000,-8.0000,,-7.2500
2013-06-21,2013,1,2888.0000,1.0000,-7.7500,-8.0000,-1.7500,-14.5000,28,-13.5000,1.5000,1,1.0000,1.0000,2.0000,3.0000,-6.0000,3.0000,-6.0000,7.0000,-7.5000,8.0000,-9.0000,27.0000,-13.5000
2013-06-24,2013,-1,2841.5000,1.0000,19.0000,19.2500,19.0000,-2.0000,1,0.0000,21.7500,30,5.0000,-2.2500,,,19.0000,,19.0000,,19.0000,,19.0000,,19.0000
2013-06-25,2013,1,2870.0000,1.5000,-13.0000,-13.0000,-6.5000,-15.7500,23,-14.5000,3.7500,11,8.0000,4.7500,17.0000,4.0000,-6.0000,17.0000,-6.5000,21.0000,-11.7500,22.0000,-12.5000,,-13.0000
2013-06-26,2013,1,2888.2500,1.0000,-1.0000,-1.0000,-8.2500,-9.5000,11,-9.0000,2.0000,1,14.0000,7.7500,16.0000,7.0000,-3.0000,9.0000,-6.0000,10.0000,-7.7500,11.0000,-8.7500,,-1.0000
2013-06-27,2013,1,2904.7500,0.7500,4.0000,4.0000,-2.0000,-3.2500,3,-3.0000,8.5000,28,6.0000,1.5000,10.0000,3.0000,-2.7500,,4.0000,,4.0000,,4.0000,,4.0000
2013-06-28,2013,1,2893.7500,1.2500,-2.2500,-2.2500,-2.2500,-6.2500,27,-5.2500,7.0000,13,,,,25.0000,-3.5000,27.0000,-5.0000,,-2.2500,,-2.2500,,-2.2500
2013-07-01,2013,1,2929.2500,0.7500,15.0000,15.0000,15.0000,-1.0000,15,-0.5000,17.0000,30,17.0000,-1.7500,,,15.0000,,15.0000,,15.0000,,15.0000,,15.0000
2013-07-02,2013,1,2921.5000,0.7500,7.2500,7.2500,7.2500,0.0000,1,1.0000,16.0000,23,11.0000,-5.5000,,,7.2500,,7.2500,,7.2500,,7.2500,,7.2500
2013-07-03,2013,1,2915.2500,1.0000,10.2500,10.2500,10.2500,-2.2500,3,-1.2500,12.0000,25,4.0000,0.0000,,,10.2500,,10.2500,,10.2500,,10.2500,,10.2500
2013-07-05,2013,1,2952.5000,1.7500,-7.2500,-7.2500,-4.5000,-9.7500,29,-8.5000,4.2500,16,13.0000,2.5000,24.0000,2.0000,-6.5000,29.0000,-8.5000,,-7.2500,,-7.2500,,-7.2500
2013-07-08,2013,1,2973.0000,0.7500,-2.2500,-2.5000,-2.2500,-8.5000,10,-7.7500,0.2500,18,13.0000,7.0000,,1.0000,-2.0000,4.0000,-3.2500,8.0000,-6.2500,8.0000,-6.2500,,-2.2500
2013-07-09,2013,-1,2972.0000,0.7500,8.0000,8.0000,8.0000,-0.5000,1,0.7500,10.7500,29,2.0000,-0.5000,,,8.0000,,8.0000,,8.0000,,8.0000,,8.0000
2013-07-10,2013,1,2976.7500,0.7500,10.5000,10.2500,10.5000,-0.2500,1,1.0000,12.2500,28,3.0000,-1.0000,,,10.5000,,10.5000,,10.5000,,10.5000,,10.5000
2013-07-16,2013,-1,3076.7500,0.5000,1.0000,1.0000,0.5000,-2.5000,1,-2.5000,3.2500,24,4.0000,-0.5000,8.0000,1.0000,-2.2500,1.0000,-2.2500,,1.0000,,1.0000,,1.0000
2013-07-17,2013,-1,3078.0000,0.7500,-0.5000,-0.2500,-0.5000,-6.5000,10,-5.5000,3.0000,19,12.0000,4.7500,,2.0000,-2.2500,8.0000,-5.0000,8.0000,-5.0000,,-0.5000,,-0.5000
2013-07-18,2013,-1,3077.2500,0.5000,2.2500,2.2500,1.2500,-0.5000,1,0.5000,4.7500,21,4.0000,-2.0000,7.0000,,2.2500,,2.2500,,2.2500,,2.2500,,2.2500
2013-07-19,2013,1,3042.5000,0.7500,-5.7500,-5.7500,-5.7500,-7.5000,21,-7.5000,1.2500,5,13.0000,5.0000,17.0000,3.0000,-1.5000,8.0000,-4.7500,8.0000,-4.7500,18.0000,-6.2500,,-5.7500
2013-07-22,2013,1,3049.0000,0.5000,-8.2500,-8.0000,0.2500,-10.5000,24,-9.5000,3.5000,4,2.0000,-0.2500,6.0000,7.0000,-1.5000,8.0000,-3.7500,8.0000,-3.7500,10.0000,-4.5000,11.0000,-6.7500
2013-07-23,2013,-1,3051.0000,0.6250,7.5000,7.7500,-1.7500,-2.7500,6,-2.5000,8.0000,30,1.0000,1.2500,4.0000,4.0000,-1.7500,,7.5000,,7.5000,,7.5000,,7.5000
2013-07-24,2013,-1,3054.0000,0.7500,13.5000,13.2500,13.5000,-0.7500,1,-0.5000,15.0000,28,6.0000,-1.5000,,,13.5000,,13.5000,,13.5000,,13.5000,,13.5000
2013-07-25,2013,-1,3047.7500,0.7500,-3.0000,-2.7500,-0.5000,-5.0000,28,-3.2500,10.7500,12,5.0000,-1.5000,22.0000,26.0000,-3.0000,28.0000,-3.2500,,-3.0000,,-3.0000,,-3.0000
2013-07-26,2013,1,3041.5000,0.6250,10.5000,10.5000,10.5000,-0.2500,1,0.0000,12.0000,29,4.0000,-1.7500,,,10.5000,,10.5000,,10.5000,,10.5000,,10.5000
2013-07-29,2013,1,3066.5000,0.6250,6.2500,6.2500,6.2500,0.0000,1,0.2500,12.0000,16,1.0000,0.2500,,,6.2500,,6.2500,,6.2500,,6.2500,,6.2500
2013-07-30,2013,-1,3076.0000,0.5000,0.7500,0.7500,1.2500,-1.0000,1,0.0000,3.5000,10,11.0000,-1.7500,14.0000,,0.7500,,0.7500,,0.7500,,0.7500,,0.7500
2013-07-31,2013,1,3092.7500,0.7500,-0.2500,-0.2500,1.2500,-1.5000,30,-0.2500,4.7500,6,4.0000,-1.5000,10.0000,,-0.2500,,-0.2500,,-0.2500,,-0.2500,,-0.2500
2013-08-01,2013,1,3109.5000,0.7500,1.2500,1.0000,-0.5000,-4.2500,16,-2.7500,3.5000,6,5.0000,-0.2500,10.0000,2.0000,-1.7500,,1.2500,,1.2500,,1.2500,,1.2500
2013-08-02,2013,-1,3118.0000,0.8750,3.2500,3.2500,1.5000,-1.7500,2,-1.2500,5.7500,19,14.0000,-2.2500,23.0000,,3.2500,,3.2500,,3.2500,,3.2500,,3.2500
2013-08-05,2013,1,3134.2500,0.2500,0.2500,0.2500,0.2500,-4.5000,13,-4.0000,1.5000,28,15.0000,3.2500,,1.0000,-1.2500,2.0000,-1.2500,2.0000,-1.2500,11.0000,-2.2500,12.0000,-3.2500
2013-08-06,2013,-1,3133.0000,0.5000,4.2500,4.2500,4.2500,-3.2500,3,-3.0000,7.7500,24,9.0000,1.0000,,1.0000,-1.5000,2.0000,-2.5000,,4.2500,,4.2500,,4.2500
2013-08-07,2013,-1,3109.7500,0.6250,8.2500,8.5000,-2.5000,-9.7500,15,-9.2500,10.0000,30,1.0000,1.0000,3.0000,3.0000,-2.5000,4.0000,-3.5000,12.0000,-5.7500,12.0000,-5.7500,14.0000,-9.2500
2013-08-08,2013,-1,3129.0000,0.5000,9.5000,9.7500,9.5000,-2.5000,4,-1.0000,10.2500,29,6.0000,0.5000,,,9.5000,,9.5000,,9.5000,,9.5000,,9.5000
2013-08-09,2013,-1,3123.7500,0.6250,-7.2500,-7.2500,-7.2500,-11.0000,18,-10.5000,0.0000,1,20.0000,10.0000,,1.0000,-2.5000,2.0000,-4.0000,2.0000,-4.0000,3.0000,-6.2500,11.0000,-7.7500
2013-08-12,2013,1,3106.0000,0.5000,17.2500,17.2500,17.2500,-1.0000,1,0.0000,18.0000,29,4.0000,-1.2500,,,17.2500,,17.2500,,17.2500,,17.2500,,17.2500
2013-08-13,2013,-1,3127.2500,0.7500,8.7500,8.7500,8.7500,-4.7500,4,-3.7500,10.2500,29,8.0000,2.7500,,1.0000,-1.7500,4.0000,-3.5000,,8.7500,,8.7500,,8.7500
2013-08-14,2013,1,3143.2500,0.6250,-1.2500,-1.2500,-3.0000,-9.7500,9,-8.2500,0.2500,1,1.0000,2.7500,2.0000,2.0000,-3.0000,2.0000,-3.0000,3.0000,-4.7500,5.0000,-5.2500,8.0000,-8.5000
2013-08-15,2013,-1,3087.5000,0.7500,8.0000,8.0000,-1.7500,-4.2500,13,-4.0000,11.5000,24,9.0000,1.0000,11.0000,4.0000,-2.5000,13.0000,-3.7500,,8.0000,,8.0000,,8.0000
2013-08-16,2013,-1,3075.2500,0.7500,-5.0000,-5.0000,-3.5000,-6.7500,21,-6.5000,6.7500,3,11.0000,2.2500,15.0000,8.0000,-2.2500,15.0000,-3.5000,18.0000,-4.7500,22.0000,-6.2500,,-5.0000
2013-08-19,2013,-1,3072.7500,0.7500,-22.2500,-22.2500,-22.2500,-23.5000,29,-22.5000,1.2500,1,,,,2.0000,-5.2500,2.0000,-5.2500,2.0000,-5.2500,3.0000,-7.7500,5.0000,-9.5000
2013-08-20,2013,1,3076.7500,0.7500,4.2500,4.5000,4.2500,-4.5000,3,-3.7500,5.2500,16,6.0000,2.7500,,2.0000,-1.7500,3.0000,-3.7500,,4.2500,,4.2500,,4.2500
2013-08-21,2013,1,3076.2500,0.5000,10.7500,11.0000,10.7500,-0.7500,1,2.5000,11.7500,14,2.0000,-0.7500,,,10.7500,,10.7500,,10.7500,,10.7500,,10.7500
2013-08-22,2013,1,3088.0000,0.7500,7.5000,7.5000,7.5000,-1.7500,1,0.5000,9.7500,10,3.0000,-0.7500,,,7.5000,,7.5000,,7.5000,,7.5000,,7.5000
2013-08-23,2013,1,3121.7500,1.2500,-8.2500,-8.2500,-4.7500,-10.0000,29,-8.2500,2.0000,7,7.0000,3.2500,12.0000,3.0000,-3.5000,13.0000,-5.5000,29.0000,-8.2500,,-8.2500,,-8.2500
2013-08-26,2013,-1,3125.0000,0.6250,-9.0000,-9.0000,-0.7500,-11.0000,19,-10.2500,3.0000,3,1.0000,0.5000,5.0000,7.0000,-1.7500,10.0000,-3.7500,11.0000,-4.7500,12.0000,-6.7500,13.0000,-8.5000
2013-08-27,2013,1,3091.0000,1.0000,6.0000,6.2500,6.0000,-2.0000,3,-1.5000,10.7500,20,1.0000,2.2500,,,6.0000,,6.0000,,6.0000,,6.0000,,6.0000
2013-08-28,2013,1,3064.2500,1.0000,3.0000,3.0000,3.0000,-4.2500,4,-2.7500,8.5000,9,6.0000,-0.2500,,3.0000,-3.0000,,3.0000,,3.0000,,3.0000,,3.0000
2013-08-29,2013,1,3075.2500,2.0000,14.5000,14.5000,14.5000,-1.5000,1,0.2500,17.7500,29,2.0000,0.0000,,,14.5000,,14.5000,,14.5000,,14.5000,,14.5000
2013-08-30,2013,-1,3092.7500,0.7500,11.5000,11.7500,2.0000,-0.5000,1,0.5000,14.0000,29,6.0000,-3.5000,15.0000,,11.5000,,11.5000,,11.5000,,11.5000,,11.5000
2013-09-03,2013,1,3109.7500,0.7500,-3.7500,-3.5000,-4.2500,-5.5000,30,-4.0000,1.5000,8,1.0000,3.0000,11.0000,9.0000,-3.0000,11.0000,-4.2500,,-3.7500,,-3.7500,,-3.7500
2013-09-04,2013,1,3101.7500,0.7500,7.2500,7.2500,7.2500,-10.0000,4,-8.0000,7.7500,29,9.0000,6.2500,,1.0000,-2.0000,2.0000,-3.2500,3.0000,-6.2500,3.0000,-6.2500,,7.2500
2013-09-05,2013,-1,3126.7500,1.2500,-6.0000,-5.7500,-7.0000,-11.0000,14,-10.5000,0.2500,1,10.0000,6.2500,12.0000,3.0000,-5.5000,3.0000,-5.5000,13.0000,-9.2500,15.0000,-10.7500,,-6.0000
2013-09-06,2013,-1,3137.0000,0.8750,28.7500,29.0000,28.7500,-5.0000,4,-4.2500,30.0000,15,6.0000,4.0000,,3.0000,-4.0000,3.0000,-4.0000,,28.7500,,28.7500,,28.7500
2013-09-09,2013,1,3150.2500,0.6250,5.2500,5.0000,2.0000,-1.2500,1,0.2500,6.7500,4,4.0000,-2.5000,15.0000,,5.2500,,5.2500,,5.2500,,5.2500,,5.2500
2013-09-10,2013,-1,3183.7500,0.8750,0.5000,0.2500,-2.0000,-2.7500,24,-2.2500,4.5000,8,1.0000,1.2500,23.0000,23.0000,-2.0000,,0.5000,,0.5000,,0.5000,,0.5000
2013-09-11,2013,1,3170.7500,1.2500,-3.7500,-4.0000,-3.2500,-8.5000,28,-7.0000,3.0000,13,4.0000,2.5000,20.0000,1.0000,-4.0000,24.0000,-5.2500,,-3.7500,,-3.7500,,-3.7500
2013-09-12,2013,-1,3178.0000,0.5000,-2.7500,-2.7500,-0.7500,-4.5000,26,-3.7500,7.7500,10,5.0000,0.7500,21.0000,3.0000,-1.0000,26.0000,-3.7500,26.0000,-3.7500,,-2.7500,,-2.7500
2013-09-13,2013,-1,3172.2500,0.7500,4.7500,4.5000,-2.5000,-3.0000,22,-2.7500,5.2500,29,1.0000,2.0000,15.0000,11.0000,-1.7500,,4.7500,,4.7500,,4.7500,,4.7500
2013-09-16,2013,-1,3196.7500,0.5000,16.7500,16.7500,16.7500,-0.7500,1,1.2500,17.0000,30,8.0000,-3.0000,,,16.7500,,16.7500,,16.7500,,16.7500,,16.7500
2013-09-17,2013,1,3173.2500,1.0000,1.7500,2.0000,-1.7500,-3.5000,11,-2.2500,4.5000,22,4.0000,1.0000,5.0000,6.0000,-2.0000,,1.7500,,1.7500,,1.7500,,1.7500
2013-09-18,2013,-1,3189.7500,0.6250,0.7500,1.0000,0.7500,-4.0000,6,-3.5000,1.5000,30,26.0000,2.2500,,4.0000,-3.2500,4.0000,-3.2500,,0.7500,,0.7500,,0.7500
2013-09-19,2013,1,3234.0000,0.7500,2.0000,1.7500,-1.7500,-7.5000,11,-6.7500,3.7500,2,1.0000,0.5000,6.0000,6.0000,-1.7500,10.0000,-3.2500,11.0000,-6.7500,11.0000,-6.7500,,2.0000
2013-09-20,2013,-1,3236.7500,0.7500,0.0000,0.0000,-0.5000,-1.5000,7,-1.0000,5.7500,25,3.0000,-0.5000,5.0000,,0.0000,,0.0000,,0.0000,,0.0000,,0.0000
2013-09-23,2013,1,3232.7500,1.0000,-11.7500,-12.0000,-3.2500,-13.0000,30,-12.2500,4.2500,8,7.0000,1.7500,11.0000,3.0000,-2.2500,15.0000,-5.5000,20.0000,-6.2500,22.0000,-10.0000,29.0000,-12.2500
2013-09-24,2013,-1,3215.7500,0.7500,4.5000,4.5000,-3.0000,-5.2500,16,-4.7500,7.0000,30,5.0000,2.0000,13.0000,2.0000,-2.2500,13.0000,-3.0000,16.0000,-4.7500,,4.5000,,4.5000
2013-09-25,2013,-1,3213.5000,0.5000,5.5000,5.2500,5.5000,-0.2500,1,2.0000,16.0000,28,2.0000,-0.7500,,,5.5000,,5.5000,,5.5000,,5.5000,,5.5000
2013-09-26,2013,1,3220.0000,0.7500,10.5000,10.5000,0.7500,-0.5000,2,-0.2500,11.5000,30,4.0000,-1.0000,7.0000,,10.5000,,10.5000,,10.5000,,10.5000,,10.5000
2013-09-27,2013,-1,3208.5000,0.7500,1.5000,1.2500,1.5000,-5.0000,11,-5.0000,2.2500,30,26.0000,1.0000,,4.0000,-1.7500,11.0000,-5.0000,11.0000,-5.0000,,1.5000,,1.5000
2013-09-30,2013,-1,3184.7500,0.5000,-14.2500,-14.2500,-5.5000,-15.0000,30,-14.2500,0.0000,1,5.0000,4.5000,6.0000,1.0000,-4.0000,1.0000,-4.0000,1.0000,-4.0000,2.0000,-6.2500,2.0000,-6.2500
2013-10-01,2013,1,3223.2500,1.0000,-3.5000,-3.5000,-6.5000,-7.5000,25,-6.5000,5.0000,6,1.0000,5.0000,25.0000,18.0000,-2.7500,24.0000,-5.0000,25.0000,-6.5000,,-3.5000,,-3.5000
2013-10-02,2013,1,3228.7500,1.1250,4.2500,4.0000,4.2500,-2.0000,1,-1.2500,8.7500,22,3.0000,-0.5000,,,4.2500,,4.2500,,4.2500,,4.2500,,4.2500
2013-10-03,2013,1,3242.2500,1.0000,-16.0000,-16.0000,-1.0000,-16.5000,30,-16.0000,5.7500,4,2.0000,-0.5000,5.0000,6.0000,-2.5000,8.0000,-5.5000,16.0000,-6.5000,18.0000,-10.0000,29.0000,-12.7500
2013-10-04,2013,-1,3206.7500,0.7500,-11.5000,-11.5000,-5.0000,-16.0000,23,-15.5000,2.7500,1,1.0000,2.5000,3.0000,3.0000,-5.0000,3.0000,-5.0000,3.0000,-5.0000,16.0000,-7.7500,17.0000,-11.2500
2013-10-07,2013,-1,3206.2500,0.7500,-12.0000,-12.0000,-12.0000,-19.2500,18,-17.7500,1.0000,1,30.0000,13.0000,,1.0000,-3.0000,2.0000,-4.0000,3.0000,-5.2500,5.0000,-6.7500,12.0000,-12.2500
2013-10-08,2013,1,3208.7500,0.7500,-9.5000,-9.2500,-9.2500,-13.7500,19,-12.0000,2.2500,1,12.0000,8.2500,18.0000,1.0000,-2.2500,4.0000,-3.2500,5.0000,-6.5000,5.0000,-6.5000,8.0000,-9.7500
2013-10-09,2013,-1,3153.5000,1.0000,17.7500,17.5000,17.7500,0.0000,1,3.5000,23.0000,22,2.0000,0.2500,,,17.7500,,17.7500,,17.7500,,17.7500,,17.7500
2013-10-10,2013,1,3176.7500,1.0000,5.5000,5.5000,5.5000,-1.0000,4,0.5000,10.7500,21,6.0000,-1.2500,,,5.5000,,5.5000,,5.5000,,5.5000,,5.5000
2013-10-11,2013,1,3196.0000,0.7500,17.2500,17.2500,17.2500,-1.2500,1,0.7500,18.0000,30,8.0000,-3.0000,,,17.2500,,17.2500,,17.2500,,17.2500,,17.2500
2013-10-14,2013,1,3208.2500,0.6250,12.5000,12.5000,12.5000,-0.7500,1,1.0000,14.0000,30,1.0000,2.0000,,,12.5000,,12.5000,,12.5000,,12.5000,,12.5000
2013-10-15,2013,-1,3246.0000,1.5000,-7.5000,-7.5000,-4.7500,-8.0000,26,-7.5000,6.0000,12,1.0000,3.5000,18.0000,18.0000,-4.7500,25.0000,-7.0000,,-7.5000,,-7.5000,,-7.5000
2013-10-16,2013,1,3256.0000,1.0000,11.2500,11.2500,0.5000,-5.2500,11,-4.7500,14.7500,28,3.0000,-1.0000,7.0000,10.0000,-2.0000,11.0000,-5.0000,,11.2500,,11.2500,,11.2500
2013-10-17,2013,-1,3257.7500,0.7500,-7.2500,-7.0000,-7.2500,-12.0000,15,-10.5000,1.0000,1,17.0000,10.0000,,2.0000,-2.7500,3.0000,-4.7500,3.0000,-4.7500,6.0000,-6.2500,8.0000,-9.2500
2013-10-18,2013,-1,3318.2500,0.8750,-11.7500,-11.5000,-2.2500,-13.0000,29,-12.5000,4.5000,6,4.0000,0.5000,12.0000,12.0000,-2.2500,19.0000,-6.2500,19.0000,-6.2500,22.0000,-8.7500,25.0000,-11.0000
2013-10-21,2013,1,3355.7500,0.5000,4.0000,4.2500,-0.2500,-9.0000,9,-7.5000,5.0000,1,2.0000,-0.2500,3.0000,6.0000,-2.2500,6.0000,-2.2500,7.0000,-3.2500,8.0000,-6.0000,9.0000,-7.5000
2013-10-22,2013,1,3368.0000,0.7500,1.5000,1.5000,-0.2500,-1.7500,12,-0.7500,4.0000,22,2.0000,-1.0000,4.0000,,1.5000,,1.5000,,1.5000,,1.5000,,1.5000
2013-10-23,2013,1,3343.2500,0.7500,-11.2500,-11.2500,0.5000,-15.0000,29,-14.0000,5.7500,11,2.0000,-0.7500,3.0000,5.0000,-2.5000,14.0000,-3.5000,19.0000,-6.0000,23.0000,-6.7500,25.0000,-9.7500
2013-10-24,2013,-1,3342.0000,1.0000,-1.7500,-2.0000,-2.0000,-4.2500,6,-3.2500,6.5000,8,8.0000,1.7500,25.0000,5.0000,-3.0000,,-1.7500,,-1.7500,,-1.7500,,-1.7500
2013-10-25,2013,-1,3381.0000,0.8750,-10.5000,-10.2500,1.0000,-11.0000,28,-10.7500,4.7500,5,5.0000,-1.2500,6.0000,10.0000,-2.5000,11.0000,-3.5000,13.0000,-5.7500,25.0000,-9.2500,28.0000,-10.7500
2013-10-29,2013,1,3391.5000,0.7500,-14.2500,-14.2500,-14.2500,-18.2500,28,-16.2500,0.7500,4,,,,2.0000,-1.5000,6.0000,-7.0000,6.0000,-7.0000,6.0000,-7.0000,10.0000,-9.7500
2013-10-30,2013,-1,3394.7500,0.7500,1.7500,1.7500,1.7500,-7.0000,20,-5.5000,2.7500,30,26.0000,3.7500,,4.0000,-2.5000,5.0000,-4.2500,19.0000,-5.5000,,1.7500,,1.7500
2013-10-31,2013,-1,3372.0000,1.0000,9.2500,9.0000,9.2500,-13.7500,13,-11.2500,10.7500,30,20.0000,2.7500,,7.0000,-4.5000,7.0000,-4.5000,8.0000,-6.7500,12.0000,-9.0000,,9.2500
2013-11-01,2013,1,3385.2500,0.7500,-1.0000,-0.7500,-2.0000,-4.0000,2,-2.5000,1.7500,4,10.0000,1.2500,26.0000,2.0000,-2.0000,,-1.0000,,-1.0000,,-1.0000,,-1.0000
2013-11-04,2013,-1,3382.2500,0.5000,11.7500,11.7500,11.7500,-1.0000,2,0.2500,15.5000,25,10.0000,-5.5000,,,11.7500,,11.7500,,11.7500,,11.7500,,11.7500
2013-11-05,2013,-1,3361.7500,0.8750,2.7500,2.7500,-2.2500,-9.0000,10,-7.5000,6.0000,30,1.0000,2.2500,3.0000,3.0000,-2.2500,4.0000,-4.7500,5.0000,-5.2500,9.0000,-7.7500,,2.7500
2013-11-06,2013,-1,3392.2500,0.7500,-1.7500,-1.5000,-1.5000,-5.7500,23,-5.2500,6.7500,2,3.0000,-1.0000,16.0000,16.0000,-1.5000,23.0000,-5.5000,23.0000,-5.5000,,-1.7500,,-1.7500
2013-11-07,2013,1,3381.0000,0.7500,-10.7500,-10.7500,-0.2500,-15.0000,28,-14.2500,5.2500,9,9.0000,-0.5000,15.0000,1.0000,-1.7500,3.0000,-3.5000,18.0000,-7.2500,18.0000,-7.2500,19.0000,-12.5000
2013-11-08,2013,1,3335.5000,1.3750,-5.5000,-5.7500,-9.0000,-15.2500,27,-12.7500,0.7500,1,12.0000,7.0000,20.0000,3.0000,-3.2500,6.0000,-9.2500,6.0000,-9.2500,26.0000,-12.5000,,-5.5000
2013-11-11,2013,-1,3353.5000,0.6250,-9.7500,-9.7500,-9.7500,-12.0000,23,-11.5000,4.7500,2,,,,5.0000,-1.7500,9.0000,-3.2500,10.0000,-5.2500,17.0000,-6.5000,19.0000,-9.0000
2013-11-12,2013,1,3347.2500,0.7500,7.5000,7.7500,7.5000,-1.0000,1,1.5000,13.7500,16,2.0000,-0.2500,,,7.5000,,7.5000,,7.5000,,7.5000,,7.5000
2013-11-13,2013,1,3345.0000,0.7500,12.0000,12.0000,12.0000,-0.5000,2,0.7500,13.7500,28,1.0000,0.7500,,,12.0000,,12.0000,,12.0000,,12.0000,,12.0000
2013-11-14,2013,-1,3388.0000,0.7500,-6.7500,-6.7500,-8.2500,-11.7500,27,-10.7500,1.2500,1,10.0000,8.2500,21.0000,1.0000,-3.0000,2.0000,-4.0000,3.0000,-6.2500,3.0000,-6.2500,8.0000,-9.7500
2013-11-15,2013,-1,3410.7500,0.5000,0.0000,0.0000,-1.5000,-3.2500,29,-2.7500,5.5000,8,1.0000,1.2500,14.0000,14.0000,-1.5000,28.0000,-2.7500,,0.0000,,0.0000,,0.0000
2013-11-18,2013,1,3421.0000,0.5000,-13.7500,-13.5000,-4.2500,-14.5000,30,-13.5000,4.7500,8,1.0000,1.5000,10.0000,9.0000,-1.5000,10.0000,-4.2500,10.0000,-4.2500,10.0000,-4.2500,23.0000,-7.2500
2013-11-19,2013,1,3390.5000,0.7500,4.5000,4.5000,4.5000,-13.2500,14,-12.7500,5.2500,28,18.0000,9.5000,,1.0000,-3.2500,2.0000,-4.0000,8.0000,-7.2500,8.0000,-7.2500,13.0000,-11.2500
2013-11-20,2013,1,3387.0000,0.5000,-4.5000,-4.2500,-0.2500,-7.7500,23,-6.7500,7.2500,6,2.0000,-1.0000,10.0000,13.0000,-1.7500,14.0000,-2.2500,21.0000,-3.5000,22.0000,-5.5000,23.0000,-6.7500
2013-11-21,2013,1,3385.2500,0.7500,6.7500,6.7500,6.7500,-2.5000,9,-1.5000,9.5000,27,1.0000,3.7500,,,6.7500,,6.7500,,6.7500,,6.7500,,6.7500
2013-11-22,2013,1,3410.2500,0.5000,2.7500,2.5000,2.7500,-4.0000,12,-3.0000,5.2500,20,15.0000,1.5000,,5.0000,-1.5000,11.0000,-2.2500,,2.7500,,2.7500,,2.7500
2013-11-25,2013,1,3436.2500,0.5000,-11.5000,-11.5000,-3.0000,-13.0000,30,-11.5000,1.0000,1,6.0000,2.7500,8.0000,3.0000,-4.7500,3.0000,-4.7500,3.0000,-4.7500,3.0000,-4.7500,21.0000,-7.2500
2013-11-26,2013,1,3430.2500,0.6250,-5.0000,-4.7500,-1.2500,-5.5000,29,-5.0000,4.2500,4,3.0000,0.0000,13.0000,14.0000,-2.2500,15.0000,-2.7500,26.0000,-4.0000,,-5.0000,,-5.0000
2013-11-27,2013,1,3455.2500,0.5000,8.0000,8.0000,-1.7500,-2.7500,4,-1.7500,12.2500,23,1.0000,1.2500,4.0000,4.0000,-1.7500,,8.0000,,8.0000,,8.0000,,8.0000
2013-11-29,2013,1,3483.5000,0.3750,3.2500,3.0000,-0.2500,-1.2500,14,-0.7500,5.0000,5,2.0000,-0.5000,13.0000,,3.2500,,3.2500,,3.2500,,3.2500,,3.2500
2013-12-02,2013,-1,3494.7500,0.5000,8.0000,8.2500,8.0000,-6.5000,7,-4.5000,11.5000,29,9.0000,4.0000,,1.0000,-2.2500,2.0000,-2.2500,3.0000,-3.5000,4.0000,-4.5000,,8.0000
2013-12-03,2013,1,3480.5000,1.0000,2.2500,2.5000,1.2500,-5.2500,15,-5.0000,6.0000,28,3.0000,-1.5000,5.0000,8.0000,-2.2500,15.0000,-5.2500,,2.2500,,2.2500,,2.2500
2013-12-04,2013,-1,3463.5000,0.7500,-14.2500,-14.0000,-9.2500,-14.7500,30,-14.0000,0.0000,1,19.0000,9.2500,25.0000,1.0000,-3.2500,3.0000,-4.5000,4.0000,-6.7500,4.0000,-6.7500,7.0000,-9.7500
2013-12-05,2013,1,3485.2500,1.2500,2.0000,1.7500,-4.5000,-9.0000,14,-7.7500,4.2500,7,1.0000,2.2500,12.0000,12.0000,-4.5000,13.0000,-7.7500,13.0000,-7.7500,,2.0000,,2.0000
2013-12-06,2013,-1,3507.2500,1.0000,3.5000,3.2500,1.7500,-0.5000,1,1.5000,8.7500,18,7.0000,-2.0000,25.0000,,3.5000,,3.5000,,3.5000,,3.5000,,3.5000
2013-12-09,2013,-1,3513.7500,0.6250,-7.7500,-8.0000,-0.7500,-9.5000,28,-8.2500,2.2500,5,4.0000,0.2500,10.0000,2.0000,-1.5000,13.0000,-4.2500,13.0000,-4.2500,16.0000,-6.2500,23.0000,-8.2500
2013-12-10,2013,-1,3509.2500,0.5000,-3.7500,-3.7500,-3.7500,-7.2500,8,-6.2500,1.5000,25,14.0000,5.0000,,1.0000,-1.5000,5.0000,-4.5000,5.0000,-4.5000,5.0000,-4.5000,7.0000,-6.5000
2013-12-13,2013,1,3471.7500,0.5000,-13.7500,-14.0000,-16.5000,-17.5000,28,-16.7500,0.7500,1,21.0000,13.5000,26.0000,1.0000,-1.2500,2.0000,-2.5000,8.0000,-3.2500,9.0000,-4.2500,12.0000,-7.2500
2013-12-16,2013,1,3470.0000,0.5000,19.2500,19.0000,19.2500,-0.7500,1,3.2500,21.2500,29,2.0000,-0.5000,,,19.2500,,19.2500,,19.2500,,19.2500,,19.2500
2013-12-17,2013,-1,3468.0000,0.7500,3.2500,3.2500,3.2500,-2.0000,1,-1.2500,9.0000,19,7.0000,-1.0000,,,3.2500,,3.2500,,3.2500,,3.2500,,3.2500
2013-12-18,2013,-1,3465.7500,0.5000,10.2500,10.2500,10.2500,-3.7500,10,-3.2500,13.7500,29,12.0000,1.2500,,1.0000,-1.7500,3.0000,-2.0000,10.0000,-3.2500,,10.2500,,10.2500
2013-12-19,2013,1,3496.0000,1.0000,-10.5000,-10.2500,-6.7500,-12.2500,29,-10.2500,2.0000,12,25.0000,6.5000,26.0000,1.0000,-4.5000,1.0000,-4.5000,21.0000,-6.2500,29.0000,-8.7500,,-10.5000
2013-12-20,2013,1,3501.7500,0.5000,10.2500,10.0000,10.2500,-0.2500,1,1.0000,13.7500,19,1.0000,1.7500,,,10.2500,,10.2500,,10.2500,,10.2500,,10.2500
2013-12-23,2013,-1,3553.5000,0.7500,3.7500,3.7500,3.7500,-6.2500,11,-5.5000,5.7500,30,15.0000,4.0000,,7.0000,-3.0000,9.0000,-3.7500,10.0000,-5.5000,,3.7500,,3.7500
2013-12-24,2013,1,3569.2500,0.2500,-2.7500,-3.0000,-2.7500,-5.7500,10,-5.2500,1.5000,4,25.0000,4.7500,,2.0000,-1.7500,2.0000,-1.7500,2.0000,-1.7500,7.0000,-3.2500,7.0000,-3.2500
2013-12-30,2013,1,3565.5000,0.5000,-4.0000,-4.0000,-4.0000,-9.5000,17,-9.5000,1.0000,1,20.0000,8.7500,,2.0000,-2.2500,2.0000,-2.2500,5.0000,-4.2500,5.0000,-4.2500,10.0000,-6.2500
2014-01-02,2014,-1,3571.5000,0.7500,14.2500,14.2500,14.2500,-1.5000,1,0.2500,16.7500,24,3.0000,-0.2500,,,14.2500,,14.2500,,14.2500,,14.2500,,14.2500
2014-01-03,2014,-1,3556.2500,0.3750,-4.5000,-4.5000,-4.5000,-6.2500,9,-6.0000,3.5000,1,13.0000,5.0000,,3.0000,-1.7500,3.0000,-1.7500,4.0000,-4.0000,4.0000,-4.0000,5.0000,-5.2500
2014-01-06,2014,1,3534.2500,0.7500,-18.7500,-19.0000,-17.5000,-20.0000,30,-19.0000,0.5000,1,21.0000,15.0000,28.0000,1.0000,-3.5000,1.0000,-3.5000,4.0000,-5.7500,6.0000,-6.2500,8.0000,-12.0000
2014-01-07,2014,-1,3530.7500,0.5000,-15.5000,-15.2500,-15.5000,-17.2500,29,-16.2500,1.5000,1,,,,1.0000,-2.2500,1.0000,-2.2500,3.0000,-7.5000,3.0000,-7.5000,3.0000,-7.5000
2014-01-08,2014,1,3551.5000,0.5000,4.5000,4.7500,-4.0000,-6.5000,18,-4.5000,5.2500,30,1.0000,1.2500,16.0000,16.0000,-4.0000,16.0000,-4.0000,16.0000,-4.0000,18.0000,-4.2500,,4.5000
2014-01-09,2014,-1,3571.2500,0.5000,0.5000,0.7500,0.5000,-2.2500,2,-1.7500,6.5000,20,7.0000,-1.0000,29.0000,3.0000,-1.7500,,0.5000,,0.5000,,0.5000,,0.5000
2014-01-10,2014,1,3560.5000,1.0000,-13.0000,-13.0000,-5.7500,-13.7500,29,-13.5000,1.7500,7,5.0000,3.0000,10.0000,1.0000,-2.2500,2.0000,-4.2500,12.0000,-6.2500,14.0000,-9.2500,28.0000,-13.5000
2014-01-13,2014,1,3556.5000,1.0000,4.5000,4.2500,-3.0000,-3.5000,13,-3.0000,5.7500,30,1.0000,1.5000,13.0000,13.0000,-3.0000,,4.5000,,4.5000,,4.5000,,4.5000
2014-01-14,2014,1,3522.7500,0.7500,8.0000,8.0000,-0.5000,-4.0000,19,-3.7500,9.2500,30,11.0000,0.2500,14.0000,19.0000,-2.7500,21.0000,-3.7500,,8.0000,,8.0000,,8.0000
2014-01-15,2014,-1,3587.0000,0.7500,-11.5000,-11.5000,-7.7500,-12.7500,28,-11.7500,0.5000,1,10.0000,7.2500,14.0000,1.0000,-3.5000,1.0000,-3.5000,2.0000,-5.0000,3.0000,-6.7500,5.0000,-9.7500
2014-01-16,2014,1,3601.2500,0.7500,-1.2500,-1.2500,-1.2500,-7.2500,10,-5.7500,3.7500,1,1.0000,0.5000,3.0000,4.0000,-3.7500,4.0000,-3.7500,5.0000,-5.2500,,-1.2500,,-1.2500
2014-01-17,2014,-1,3593.2500,0.5000,3.5000,3.5000,3.5000,-6.2500,8,-6.2500,8.0000,23,11.0000,5.7500,,4.0000,-1.5000,5.0000,-3.0000,6.0000,-3.0000,8.0000,-6.2500,8.0000,-6.2500
2014-01-21,2014,1,3606.7500,0.5000,1.7500,1.7500,1.2500,-2.7500,9,-2.7500,5.2500,19,4.0000,-1.7500,6.0000,9.0000,-2.7500,9.0000,-2.7500,,1.7500,,1.7500,,1.7500
2014-01-22,2014,-1,3616.0000,0.5000,0.0000,0.0000,-0.2500,-3.0000,2,-2.2500,5.2500,9,4.0000,0.0000,6.0000,1.0000,-2.2500,1.0000,-2.2500,,0.0000,,0.0000,,0.0000
2014-01-23,2014,-1,3598.5000,1.0000,1.0000,1.0000,-3.2500,-4.2500,15,-3.2500,7.7500,8,1.0000,2.5000,14.0000,13.0000,-2.5000,,1.0000,,1.0000,,1.0000,,1.0000
2014-01-24,2014,-1,3589.2500,1.0000,9.2500,9.5000,9.2500,-5.2500,4,-4.7500,16.7500,13,6.0000,1.7500,,1.0000,-4.5000,1.0000,-4.5000,,9.2500,,9.2500,,9.2500
2014-02-03,2014,1,3517.2500,1.1250,-24.5000,-24.2500,-2.0000,-26.7500,29,-26.2500,7.7500,5,4.0000,-0.5000,9.0000,10.0000,-4.7500,10.0000,-4.7500,12.0000,-7.2500,13.0000,-10.0000,16.0000,-17.2500
2014-02-04,2014,1,3454.0000,1.2500,3.7500,3.7500,3.7500,-12.2500,15,-11.0000,7.0000,28,17.0000,11.0000,,3.0000,-6.0000,3.0000,-6.0000,10.0000,-9.2500,14.0000,-11.0000,,3.7500
2014-02-05,2014,1,3454.2500,1.5000,1.2500,1.2500,-0.5000,-18.2500,26,-17.0000,5.5000,4,4.0000,-0.7500,7.0000,10.0000,-6.2500,11.0000,-6.0000,15.0000,-9.2500,17.0000,-13.7500,,1.2500
2014-02-06,2014,1,3470.5000,1.5000,12.5000,12.0000,12.5000,-1.7500,1,1.7500,13.0000,23,4.0000,-1.7500,,,12.5000,,12.5000,,12.5000,,12.5000,,12.5000
2014-02-07,2014,1,3515.2500,1.7500,5.7500,5.5000,-0.2500,-3.2500,1,-0.5000,11.7500,9,3.0000,0.0000,22.0000,,5.7500,,5.7500,,5.7500,,5.7500,,5.7500
2014-02-10,2014,1,3558.7500,1.0000,9.5000,9.2500,9.5000,-0.2500,2,1.5000,13.7500,17,1.0000,1.5000,,,9.5000,,9.5000,,9.5000,,9.5000,,9.5000
2014-02-11,2014,-1,3585.2500,1.0000,-3.5000,-3.2500,-0.5000,-8.7500,21,-7.5000,4.0000,3,4.0000,-0.2500,6.0000,10.0000,-3.5000,11.0000,-4.2500,16.0000,-6.5000,,-3.5000,,-3.5000
2014-02-12,2014,1,3629.2500,0.7500,1.5000,1.2500,-4.0000,-5.5000,10,-4.2500,4.2500,28,1.0000,2.7500,10.0000,2.0000,-2.2500,10.0000,-4.0000,,1.5000,,1.5000,,1.5000
2014-02-13,2014,1,3606.2500,1.0000,19.2500,19.2500,19.2500,-0.5000,2,1.0000,19.2500,30,1.0000,1.5000,,,19.2500,,19.2500,,19.2500,,19.2500,,19.2500
2014-02-14,2014,-1,3646.2500,0.8750,1.7500,1.7500,1.7500,-6.7500,5,-5.2500,4.7500,30,9.0000,3.2500,,4.0000,-2.7500,5.0000,-5.2500,,1.7500,,1.7500,,1.7500
2014-02-18,2014,1,3671.0000,0.7500,-7.2500,-7.2500,-1.7500,-10.0000,28,-8.7500,4.0000,14,7.0000,0.2500,8.0000,2.0000,-2.7500,3.0000,-3.7500,23.0000,-5.2500,24.0000,-6.7500,,-7.2500
2014-02-19,2014,1,3672.2500,0.5000,-9.5000,-9.5000,-1.5000,-10.0000,30,-9.5000,6.0000,8,5.0000,0.0000,14.0000,3.0000,-1.5000,17.0000,-3.0000,18.0000,-3.5000,20.0000,-5.7500,23.0000,-6.5000
2014-02-20,2014,1,3664.0000,1.2500,-16.0000,-16.0000,-2.7500,-24.2500,28,-22.5000,1.0000,1,1.0000,1.5000,2.0000,2.0000,-2.7500,4.0000,-5.5000,6.0000,-9.0000,7.0000,-12.2500,15.0000,-16.5000
2014-02-21,2014,-1,3675.5000,0.7500,-7.0000,-7.0000,-9.0000,-11.2500,21,-10.2500,1.0000,1,26.0000,8.5000,27.0000,1.0000,-5.0000,1.0000,-5.0000,1.0000,-5.0000,16.0000,-6.2500,19.0000,-9.7500
2014-02-24,2014,1,3673.0000,0.7500,17.0000,17.0000,17.0000,-0.2500,1,3.0000,19.7500,28,1.0000,1.0000,,,17.0000,,17.0000,,17.0000,,17.0000,,17.0000
2014-02-25,2014,-1,3689.2500,0.6250,18.0000,17.7500,18.0000,-0.5000,1,1.7500,18.7500,30,1.0000,0.7500,,,18.0000,,18.0000,,18.0000,,18.0000,,18.0000
2014-02-26,2014,1,3695.5000,0.7500,-7.0000,-7.0000,-3.7500,-17.2500,20,-17.2500,0.7500,1,9.0000,2.5000,10.0000,1.0000,-2.0000,2.0000,-5.0000,2.0000,-5.0000,13.0000,-6.5000,18.0000,-12.0000
2014-02-27,2014,1,3680.0000,1.0000,2.5000,2.5000,1.5000,-8.2500,21,-6.7500,5.0000,15,4.0000,-1.5000,5.0000,18.0000,-2.2500,20.0000,-7.0000,20.0000,-7.0000,,2.5000,,2.5000
2014-02-28,2014,1,3703.0000,1.0000,13.2500,13.2500,13.2500,-2.2500,1,-2.0000,13.7500,28,6.0000,-1.2500,,,13.2500,,13.2500,,13.2500,,13.2500,,13.2500
2014-03-03,2014,1,3661.2500,1.7500,10.0000,10.2500,10.0000,-4.5000,1,0.0000,18.5000,28,3.0000,0.0000,,,10.0000,,10.0000,,10.0000,,10.0000,,10.0000
2014-03-04,2014,1,3710.2500,1.0000,5.0000,4.7500,-2.0000,-4.2500,8,-2.2500,8.5000,28,4.0000,1.7500,8.0000,2.0000,-2.0000,,5.0000,,5.0000,,5.0000,,5.0000
2014-03-05,2014,-1,3720.7500,0.7500,5.7500,5.7500,-3.7500,-4.0000,21,-3.7500,6.5000,30,14.0000,2.0000,21.0000,3.0000,-2.0000,21.0000,-3.7500,,5.7500,,5.7500,,5.7500
2014-03-06,2014,1,3734.2500,0.7500,-4.2500,-4.5000,-4.2500,-5.2500,29,-5.2500,3.0000,20,,,,28.0000,-1.7500,29.0000,-5.0000,29.0000,-5.0000,,-4.2500,,-4.2500
2014-03-07,2014,-1,3732.0000,1.2500,26.5000,26.5000,26.5000,0.0000,1,4.5000,34.7500,19,1.0000,1.2500,,,26.5000,,26.5000,,26.5000,,26.5000,,26.5000
2014-03-10,2014,-1,3698.7500,1.0000,-7.2500,-7.2500,-7.2500,-11.2500,17,-10.5000,1.7500,1,6.0000,6.2500,15.0000,2.0000,-3.7500,3.0000,-6.7500,3.0000,-6.7500,16.0000,-9.5000,,-7.2500
2014-03-11,2014,-1,3714.5000,0.7500,5.7500,5.7500,5.7500,-3.5000,3,-1.2500,12.5000,20,11.0000,-1.2500,,,5.7500,,5.7500,,5.7500,,5.7500,,5.7500
2014-03-12,2014,-1,3675.5000,1.0000,-1.5000,-1.5000,-1.5000,-5.2500,4,-5.0000,14.0000,15,9.0000,-0.2500,30.0000,3.0000,-2.7500,4.0000,-5.0000,,-1.5000,,-1.5000,,-1.5000
2014-03-14,2014,1,3642.5000,1.3750,-1.7500,-1.7500,-2.5000,-11.2500,27,-10.7500,8.5000,13,8.0000,1.2500,20.0000,1.0000,-3.2500,21.0000,-5.7500,27.0000,-10.7500,,-1.7500,,-1.7500
2014-03-17,2014,1,3647.5000,1.2500,22.7500,22.7500,22.7500,-3.7500,1,-1.0000,23.2500,30,4.0000,0.0000,,,22.7500,,22.7500,,22.7500,,22.7500,,22.7500
2014-03-18,2014,1,3660.0000,1.1250,16.0000,16.0000,16.0000,-1.5000,2,-0.2500,19.0000,28,6.0000,-3.7500,,,16.0000,,16.0000,,16.0000,,16.0000,,16.0000
2014-03-19,2014,-1,3695.7500,0.5000,-4.7500,-4.7500,-1.7500,-6.5000,27,-5.0000,7.5000,7,4.0000,-0.5000,23.0000,2.0000,-1.5000,24.0000,-2.2500,26.0000,-4.7500,26.0000,-4.7500,,-4.7500
2014-03-20,2014,1,3673.7500,1.0000,-4.2500,-4.2500,-1.7500,-16.5000,18,-15.7500,1.7500,1,1.0000,1.0000,2.0000,6.0000,-2.2500,10.0000,-5.7500,11.0000,-6.2500,13.0000,-8.5000,16.0000,-12.2500
2014-03-21,2014,-1,3705.0000,0.8750,27.2500,27.2500,27.2500,-2.2500,1,-1.7500,29.0000,29,5.0000,-1.2500,,,27.2500,,27.2500,,27.2500,,27.2500,,27.2500
2014-03-24,2014,1,3655.0000,0.7500,-30.2500,-30.2500,-30.2500,-34.2500,19,-31.7500,1.0000,1,23.0000,31.2500,,1.0000,-2.5000,2.0000,-7.5000,2.0000,-7.5000,2.0000,-7.5000,5.0000,-16.7500
2014-03-25,2014,1,3635.7500,0.7500,4.2500,4.0000,4.2500,-7.7500,12,-7.5000,12.7500,29,14.0000,5.0000,,7.0000,-1.7500,10.0000,-5.2500,10.0000,-5.2500,12.0000,-7.5000,,4.2500
2014-03-26,2014,1,3643.2500,0.5000,-9.7500,-9.7500,-11.7500,-15.7500,4,-12.2500,2.7500,13,6.0000,10.5000,7.0000,1.0000,-4.0000,1.0000,-4.0000,1.0000,-4.0000,2.0000,-8.7500,2.0000,-8.7500
2014-03-27,2014,1,3568.2500,1.7500,-6.7500,-6.7500,-6.2500,-33.0000,10,-32.2500,2.7500,2,1.0000,2.2500,2.0000,2.0000,-6.2500,3.0000,-15.2500,3.0000,-15.2500,3.0000,-15.2500,5.0000,-22.0000
2014-03-28,2014,-1,3566.5000,1.0000,-26.5000,-26.2500,-3.7500,-28.5000,30,-27.0000,6.2500,2,2.0000,-1.2500,3.0000,3.0000,-3.7500,4.0000,-5.2500,6.0000,-9.0000,6.0000,-9.0000,7.0000,-14.0000
2014-03-31,2014,1,3599.0000,0.8750,8.2500,8.2500,8.2500,-14.2500,15,-13.5000,8.5000,30,19.0000,6.5000,,2.0000,-3.0000,3.0000,-7.5000,3.0000,-7.5000,3.0000,-7.5000,13.0000,-11.0000
2014-04-01,2014,1,3611.2500,0.7500,23.2500,23.5000,23.2500,-0.2500,1,1.2500,24.2500,30,1.0000,1.0000,,,23.2500,,23.2500,,23.2500,,23.2500,,23.2500
2014-04-02,2014,1,3662.7500,0.7500,-7.7500,-7.7500,-4.0000,-12.7500,27,-11.5000,5.7500,17,7.0000,3.0000,10.0000,1.0000,-5.0000,1.0000,-5.0000,2.0000,-6.7500,2.0000,-6.7500,26.0000,-9.7500
2014-04-03,2014,-1,3658.7500,1.2500,-6.2500,-6.2500,-2.0000,-10.2500,30,-8.7500,6.2500,3,2.0000,-1.2500,5.0000,6.0000,-4.0000,13.0000,-7.0000,14.0000,-8.7500,,-6.2500,,-6.2500
2014-04-04,2014,-1,3646.0000,1.1250,27.5000,27.2500,27.5000,-0.7500,1,1.2500,45.5000,23,1.0000,4.0000,,,27.5000,,27.5000,,27.5000,,27.5000,,27.5000
2014-04-07,2014,1,3514.0000,1.2500,18.2500,18.2500,-0.2500,-15.0000,13,-13.2500,18.5000,28,2.0000,-1.0000,3.0000,4.0000,-2.5000,10.0000,-5.7500,11.0000,-8.5000,12.0000,-13.0000,,18.2500
2014-04-08,2014,-1,3504.2500,1.2500,-8.7500,-8.7500,-8.7500,-16.0000,6,-15.0000,11.0000,19,13.0000,12.2500,,1.0000,-6.7500,1.0000,-6.7500,2.0000,-8.5000,3.0000,-13.0000,,-8.7500
2014-04-09,2014,-1,3545.5000,0.7500,-2.7500,-2.5000,3.0000,-5.0000,8,-3.7500,10.5000,19,19.0000,-4.7500,21.0000,1.0000,-2.5000,25.0000,-3.7500,,-2.7500,,-2.7500,,-2.7500
2014-04-10,2014,-1,3584.5000,1.0000,17.7500,17.2500,0.5000,-3.0000,1,-1.2500,23.0000,25,3.0000,-0.7500,5.0000,,17.7500,,17.7500,,17.7500,,17.7500,,17.7500
2014-04-11,2014,1,3456.2500,1.7500,8.2500,8.0000,8.2500,-15.5000,3,-12.5000,28.2500,23,8.0000,-1.2500,,1.0000,-5.2500,2.0000,-9.5000,3.0000,-12.2500,,8.2500,,8.2500
2014-04-14,2014,-1,3466.2500,1.0000,14.2500,14.5000,14.2500,-4.0000,1,-3.2500,20.5000,28,14.0000,-4.2500,,1.0000,-3.2500,,14.2500,,14.2500,,14.2500,,14.2500
2014-04-15,2014,-1,3474.7500,1.0000,-8.2500,-8.2500,-8.2500,-23.7500,18,-21.0000,3.2500,2,21.0000,19.2500,,4.0000,-7.5000,4.0000,-7.5000,4.0000,-7.5000,7.0000,-11.5000,8.0000,-13.0000
2014-04-16,2014,-1,3508.5000,1.3750,15.2500,15.2500,-0.5000,-3.2500,1,-0.5000,23.2500,19,3.0000,-0.2500,10.0000,,15.2500,,15.2500,,15.2500,,15.2500,,15.2500
2014-04-17,2014,-1,3506.7500,1.0000,-8.2500,-8.0000,-8.2500,-20.0000,10,-19.5000,4.7500,22,14.0000,15.5000,,2.0000,-4.0000,6.0000,-7.7500,6.0000,-7.7500,7.0000,-11.2500,8.0000,-15.5000
2014-04-21,2014,-1,3527.7500,0.7500,-12.7500,-12.7500,-9.2500,-14.7500,30,-13.2500,1.7500,6,5.0000,5.2500,9.0000,1.0000,-1.7500,2.0000,-5.7500,2.0000,-5.7500,3.0000,-6.5000,9.0000,-9.2500
2014-04-22,2014,1,3565.0000,0.7500,6.2500,6.2500,6.2500,-8.0000,12,-6.7500,7.2500,30,15.0000,2.7500,,10.0000,-3.7500,10.0000,-3.7500,11.0000,-5.0000,12.0000,-6.5000,,6.2500
2014-04-23,2014,-1,3573.2500,0.7500,17.2500,17.2500,-0.7500,-2.5000,2,-1.0000,18.7500,30,4.0000,0.0000,9.0000,,17.2500,,17.2500,,17.2500,,17.2500,,17.2500
2014-04-24,2014,-1,3598.7500,1.5000,40.7500,40.7500,40.7500,0.0000,1,2.0000,43.0000,17,1.0000,0.7500,,,40.7500,,40.7500,,40.7500,,40.7500,,40.7500
2014-04-25,2014,1,3560.7500,1.3750,-15.2500,-15.5000,-3.0000,-17.5000,28,-17.2500,4.7500,2,1.0000,3.0000,4.0000,4.0000,-3.0000,6.0000,-6.0000,24.0000,-9.0000,28.0000,-17.2500,28.0000,-17.2500
2014-04-28,2014,-1,3540.0000,1.5000,-2.2500,-2.2500,1.2500,-8.0000,30,-5.7500,19.2500,17,6.0000,-6.7500,22.0000,28.0000,-4.5000,,-2.2500,,-2.2500,,-2.2500,,-2.2500
2014-04-29,2014,1,3553.2500,1.5000,-2.2500,-2.0000,-2.7500,-15.5000,5,-13.2500,6.7500,23,1.0000,1.7500,2.0000,3.0000,-12.5000,3.0000,-12.5000,3.0000,-12.5000,3.0000,-12.5000,,-2.2500
2014-04-30,2014,-1,3548.7500,1.0000,6.0000,6.0000,6.0000,-10.5000,15,-9.7500,9.7500,23,17.0000,6.2500,,2.0000,-2.5000,13.0000,-7.5000,13.0000,-7.5000,14.0000,-9.7500,,6.0000
2014-05-02,2014,-1,3593.0000,1.7500,10.0000,9.7500,-8.7500,-10.7500,8,-9.2500,15.0000,26,1.0000,3.2500,3.0000,3.0000,-8.7500,3.0000,-8.7500,,10.0000,,10.0000,,10.0000
2014-05-05,2014,-1,3552.0000,1.0000,-19.0000,-19.0000,-19.0000,-23.5000,28,-23.0000,4.0000,3,,,,6.0000,-3.2500,7.0000,-4.7500,11.0000,-8.2500,12.0000,-9.0000,22.0000,-14.5000
2014-05-06,2014,-1,3588.2500,1.0000,1.7500,1.5000,-1.2500,-3.7500,1,-3.5000,9.2500,9,5.0000,0.5000,15.0000,2.0000,-2.0000,,1.7500,,1.7500,,1.7500,,1.7500
2014-05-07,2014,-1,3553.2500,1.2500,24.7500,25.0000,24.7500,-7.7500,2,-6.5000,30.5000,27,5.0000,5.0000,,1.0000,-5.0000,2.0000,-6.2500,,24.7500,,24.7500,,24.7500
2014-05-08,2014,-1,3525.5000,1.5000,-31.0000,-31.0000,-23.2500,-32.0000,30,-31.0000,7.0000,1,23.0000,22.7500,24.0000,3.0000,-4.5000,5.0000,-11.2500,5.0000,-11.2500,6.0000,-14.7500,11.0000,-21.5000
2014-05-09,2014,-1,3522.2500,1.2500,-6.0000,-6.0000,-11.2500,-12.0000,4,-11.2500,11.7500,12,6.0000,7.5000,24.0000,1.0000,-6.7500,1.0000,-6.7500,2.0000,-10.2500,2.0000,-10.2500,,-6.0000
2014-05-12,2014,1,3572.5000,0.7500,17.7500,17.7500,17.7500,-4.2500,7,-2.7500,22.2500,28,8.0000,1.2500,,6.0000,-2.7500,,17.7500,,17.7500,,17.7500,,17.7500
2014-05-13,2014,-1,3610.2500,1.0000,-1.7500,-1.5000,-0.5000,-10.5000,16,-9.0000,6.0000,5,5.0000,0.5000,7.0000,8.0000,-3.7500,9.0000,-5.0000,13.0000,-6.7500,16.0000,-9.0000,,-1.7500
2014-05-14,2014,1,3601.5000,0.7500,10.5000,10.2500,-2.2500,-5.5000,5,-5.0000,12.0000,30,9.0000,-0.7500,17.0000,2.0000,-3.0000,3.0000,-4.7500,3.0000,-4.7500,,10.5000,,10.5000
2014-05-15,2014,-1,3591.7500,1.2500,21.7500,21.7500,21.7500,-6.0000,4,-5.0000,28.5000,30,8.0000,-0.2500,,3.0000,-3.2500,,21.7500,,21.7500,,21.7500,,21.7500
2014-05-16,2014,-1,3563.5000,1.2500,5.7500,5.7500,-0.7500,-3.5000,28,-2.7500,14.2500,9,4.0000,-1.0000,27.0000,1.0000,-2.7500,,5.7500,,5.7500,,5.7500,,5.7500
2014-05-19,2014,1,3575.5000,0.8750,9.5000,10.0000,9.5000,-0.5000,1,4.2500,21.5000,13,1.0000,1.5000,,,9.5000,,9.5000,,9.5000,,9.5000,,9.5000
2014-05-20,2014,1,3613.5000,1.0000,-8.2500,-8.2500,-8.2500,-15.2500,25,-14.0000,0.2500,1,30.0000,12.0000,,2.0000,-5.5000,2.0000,-5.5000,3.0000,-8.0000,12.0000,-9.2500,23.0000,-12.7500
2014-05-21,2014,1,3606.7500,1.0000,12.0000,12.0000,12.0000,-0.7500,1,0.0000,18.7500,21,4.0000,-1.5000,,,12.0000,,12.0000,,12.0000,,12.0000,,12.0000
2014-05-22,2014,1,3639.7500,0.8750,0.7500,0.7500,0.7500,-6.7500,3,-5.7500,8.2500,23,14.0000,1.5000,,1.0000,-5.2500,1.0000,-5.2500,3.0000,-6.0000,,0.7500,,0.7500
2014-05-23,2014,1,3654.7500,0.7500,2.0000,2.2500,-1.5000,-9.5000,18,-9.0000,4.7500,3,1.0000,0.5000,9.0000,9.0000,-1.5000,15.0000,-3.0000,16.0000,-5.7500,17.0000,-7.7500,,2.0000
2014-05-27,2014,1,3695.0000,0.7500,0.7500,0.7500,-0.5000,-4.5000,5,-4.2500,5.7500,20,13.0000,0.5000,27.0000,4.0000,-4.0000,4.0000,-4.0000,,0.7500,,0.7500,,0.7500
2014-05-28,2014,1,3722.5000,0.7500,-8.2500,-8.2500,-5.0000,-11.0000,29,-9.7500,1.0000,1,11.0000,4.7500,22.0000,2.0000,-4.0000,2.0000,-4.0000,3.0000,-8.0000,3.0000,-8.0000,29.0000,-9.7500
2014-05-29,2014,1,3724.2500,0.7500,1.0000,1.2500,-1.7500,-7.2500,19,-7.0000,3.5000,3,9.0000,0.5000,16.0000,17.0000,-3.0000,18.0000,-4.7500,19.0000,-7.0000,19.0000,-7.0000,,1.0000
2014-05-30,2014,1,3735.0000,0.7500,-3.0000,-3.2500,-3.0000,-8.5000,28,-7.2500,0.0000,1,30.0000,5.5000,,2.0000,-5.5000,2.0000,-5.5000,2.0000,-5.5000,3.0000,-7.2500,,-3.0000
2014-06-02,2014,-1,3736.2500,0.5000,18.0000,18.2500,18.0000,-2.2500,2,-0.2500,19.7500,28,1.0000,1.5000,,,18.0000,,18.0000,,18.0000,,18.0000,,18.0000
2014-06-03,2014,1,3719.5000,0.6250,12.2500,12.0000,12.2500,-5.5000,4,-4.0000,13.0000,30,6.0000,2.5000,,3.0000,-4.2500,3.0000,-4.2500,3.0000,-4.2500,,12.2500,,12.2500
2014-06-04,2014,-1,3719.0000,0.6250,-8.7500,-9.2500,-1.0000,-12.7500,28,-11.7500,5.0000,9,4.0000,0.7500,7.0000,1.0000,-1.7500,2.0000,-3.7500,15.0000,-4.0000,18.0000,-7.0000,21.0000,-9.0000
2014-06-05,2014,1,3752.0000,1.2500,-5.7500,-5.7500,-6.5000,-11.7500,25,-9.7500,3.0000,4,1.0000,2.2500,8.0000,8.0000,-6.5000,8.0000,-6.5000,9.0000,-8.2500,,-5.7500,,-5.7500
2014-06-06,2014,-1,3786.5000,0.7500,-2.5000,-2.7500,-2.2500,-4.7500,28,-4.2500,5.2500,15,12.0000,0.7500,17.0000,7.0000,-2.7500,8.0000,-4.0000,,-2.5000,,-2.5000,,-2.5000
2014-06-09,2014,-1,3793.5000,0.5000,3.5000,3.7500,3.5000,-3.7500,1,-3.5000,6.2500,13,5.0000,0.5000,,1.0000,-3.2500,1.0000,-3.2500,1.0000,-3.2500,,3.5000,,3.5000
2014-06-10,2014,1,3792.0000,0.5000,-2.0000,-2.0000,-1.2500,-3.0000,28,-2.0000,8.0000,4,2.0000,0.0000,28.0000,28.0000,-1.2500,,-2.0000,,-2.0000,,-2.0000,,-2.0000
2014-06-12,2014,-1,3784.5000,0.5000,-1.7500,-1.7500,-1.5000,-2.5000,22,-1.7500,8.7500,5,1.0000,1.2500,21.0000,21.0000,-1.5000,,-1.7500,,-1.7500,,-1.7500,,-1.7500
2014-06-13,2014,-1,3770.2500,0.7500,12.2500,12.2500,12.2500,-4.2500,5,-3.2500,12.5000,30,7.0000,1.2500,,1.0000,-2.0000,3.0000,-3.0000,,12.2500,,12.2500,,12.2500
2014-06-16,2014,1,3762.5000,0.7500,13.2500,13.5000,13.2500,-2.5000,2,-0.7500,15.0000,14,5.0000,-0.5000,,,13.2500,,13.2500,,13.2500,,13.2500,,13.2500
2014-06-17,2014,-1,3764.7500,0.7500,-13.5000,-13.2500,-13.5000,-15.0000,23,-14.0000,0.2500,1,,,,1.0000,-2.7500,2.0000,-5.0000,2.0000,-5.0000,8.0000,-7.7500,12.0000,-9.2500
2014-06-18,2014,-1,3776.5000,0.5000,5.2500,5.0000,5.2500,-3.2500,7,-2.7500,6.7500,29,11.0000,0.5000,,7.0000,-2.7500,7.0000,-2.7500,,5.2500,,5.2500,,5.2500
2014-06-19,2014,-1,3799.0000,0.5000,7.2500,7.5000,7.2500,-3.5000,5,-3.0000,8.5000,30,14.0000,1.5000,,1.0000,-1.5000,3.0000,-2.0000,,7.2500,,7.2500,,7.2500
2014-06-20,2014,-1,3792.5000,0.7500,-3.0000,-3.2500,-3.0000,-7.0000,22,-6.2500,2.5000,3,25.0000,5.5000,,2.0000,-1.5000,18.0000,-4.0000,19.0000,-5.0000,23.0000,-6.0000,,-3.0000
2014-06-23,2014,-1,3791.5000,0.5000,-1.2500,-1.2500,-3.0000,-5.2500,9,-4.2500,4.2500,6,1.0000,0.7500,8.0000,8.0000,-3.0000,8.0000,-3.0000,9.0000,-4.5000,9.0000,-4.5000,,-1.2500
2014-06-24,2014,1,3798.5000,0.5000,6.5000,6.7500,6.5000,0.0000,1,1.2500,11.0000,13,2.0000,-0.7500,,,6.5000,,6.5000,,6.5000,,6.5000,,6.5000
2014-06-25,2014,1,3786.5000,1.2500,4.7500,4.7500,4.7500,-0.2500,1,0.2500,15.2500,21,4.0000,-1.7500,,,4.7500,,4.7500,,4.7500,,4.7500,,4.7500
2014-06-26,2014,-1,3815.5000,0.7500,20.5000,20.2500,20.5000,-0.7500,4,0.7500,26.5000,19,9.0000,-4.7500,,,20.5000,,20.5000,,20.5000,,20.5000,,20.5000
2014-06-27,2014,1,3818.2500,0.7500,4.0000,4.0000,0.2500,-1.5000,2,-0.7500,6.2500,5,4.0000,-0.7500,24.0000,,4.0000,,4.0000,,4.0000,,4.0000,,4.0000
2014-06-30,2014,-1,3834.5000,0.2500,-9.5000,-9.5000,-9.5000,-9.5000,29,-9.5000,1.0000,1,,,,1.0000,-1.5000,1.0000,-1.5000,2.0000,-2.5000,2.0000,-2.5000,3.0000,-4.5000
2014-07-01,2014,1,3857.7500,0.5000,9.0000,8.7500,9.0000,-1.2500,1,-0.2500,11.5000,29,8.0000,-1.2500,,,9.0000,,9.0000,,9.0000,,9.0000,,9.0000
2014-07-02,2014,1,3889.0000,0.7500,2.2500,2.0000,2.2500,-1.2500,1,0.0000,4.2500,28,25.0000,-0.7500,,,2.2500,,2.2500,,2.2500,,2.2500,,2.2500
2014-07-03,2014,-1,3901.0000,0.7500,1.5000,1.5000,0.5000,-2.5000,10,-1.5000,8.2500,16,6.0000,-1.0000,7.0000,,1.5000,,1.5000,,1.5000,,1.5000,,1.5000
2014-07-07,2014,-1,3908.2500,0.5000,-1.5000,-1.5000,-2.7500,-4.0000,7,-3.5000,1.2500,9,9.0000,2.2500,24.0000,1.0000,-1.5000,4.0000,-2.5000,7.0000,-3.5000,,-1.5000,,-1.5000
2014-07-08,2014,-1,3897.7500,0.7500,23.2500,23.2500,23.2500,0.0000,1,3.0000,23.7500,30,2.0000,-0.2500,,,23.2500,,23.2500,,23.2500,,23.2500,,23.2500
2014-07-09,2014,1,3872.5000,0.7500,-7.7500,-7.7500,-4.7500,-12.2500,27,-11.7500,6.0000,15,1.0000,2.5000,19.0000,18.0000,-2.2500,19.0000,-4.7500,19.0000,-4.7500,21.0000,-6.2500,27.0000,-11.2500
2014-07-10,2014,-1,3835.0000,1.7500,-7.0000,-7.2500,-7.0000,-12.7500,10,-12.2500,2.7500,20,12.0000,10.5000,,4.0000,-5.5000,5.0000,-9.0000,9.0000,-10.5000,,-7.0000,,-7.0000
2014-07-11,2014,1,3887.5000,1.0000,-7.2500,-7.2500,-7.2500,-15.7500,15,-14.5000,1.2500,1,19.0000,13.2500,,2.0000,-3.0000,3.0000,-5.7500,5.0000,-8.5000,5.0000,-8.5000,14.0000,-13.2500
2014-07-14,2014,-1,3915.2500,0.5000,-3.0000,-3.0000,1.5000,-4.5000,30,-3.2500,5.7500,7,4.0000,-2.0000,7.0000,13.0000,-1.0000,14.0000,-3.0000,19.0000,-3.0000,,-3.0000,,-3.0000
2014-07-15,2014,1,3929.5000,0.5000,-0.2500,-0.2500,-0.2500,-7.5000,25,-6.5000,4.0000,14,27.0000,5.0000,,2.0000,-1.2500,20.0000,-3.7500,20.0000,-3.7500,21.0000,-6.2500,21.0000,-6.2500
2014-07-16,2014,-1,3935.5000,0.5000,-2.7500,-3.0000,-0.2500,-5.5000,18,-4.5000,6.7500,5,6.0000,-1.2500,12.0000,13.0000,-3.7500,13.0000,-3.7500,13.0000,-3.7500,28.0000,-4.2500,,-2.7500
2014-07-17,2014,1,3917.7500,1.0000,7.5000,7.7500,7.5000,-3.2500,3,-1.2500,9.7500,29,5.0000,0.2500,,,7.5000,,7.5000,,7.5000,,7.5000,,7.5000
2014-07-18,2014,1,3892.5000,0.7500,4.2500,4.0000,-1.7500,-5.0000,14,-2.7500,11.2500,5,3.0000,0.0000,12.0000,12.0000,-1.7500,,4.2500,,4.2500,,4.2500,,4.2500
2014-07-21,2014,1,3926.0000,1.0000,-7.2500,-7.5000,-3.7500,-8.0000,9,-7.5000,4.2500,1,15.0000,3.5000,17.0000,3.0000,-2.2500,6.0000,-4.7500,9.0000,-6.7500,,-7.2500,,-7.2500
2014-07-22,2014,-1,3944.2500,0.7500,-6.7500,-6.7500,-6.5000,-8.5000,21,-7.5000,2.0000,12,9.0000,3.7500,18.0000,1.0000,-2.0000,2.0000,-3.7500,3.0000,-5.5000,18.0000,-6.5000,,-6.7500
2014-07-23,2014,1,3971.0000,0.5000,-5.0000,-5.0000,-2.2500,-11.0000,10,-10.5000,2.2500,22,1.0000,2.0000,2.0000,2.0000,-2.2500,2.0000,-2.2500,3.0000,-4.0000,6.0000,-4.7500,8.0000,-7.7500
2014-07-24,2014,1,3988.5000,0.7500,-14.7500,-14.7500,-5.0000,-17.5000,28,-17.5000,1.5000,1,1.0000,2.7500,5.0000,4.0000,-1.7500,5.0000,-5.0000,5.0000,-5.0000,9.0000,-8.0000,12.0000,-9.5000
2014-07-25,2014,-1,3952.5000,0.6250,-6.2500,-6.0000,1.0000,-7.5000,22,-7.0000,6.5000,3,2.0000,-1.5000,4.0000,10.0000,-1.5000,19.0000,-2.7500,20.0000,-4.0000,22.0000,-7.0000,,-6.2500
2014-07-28,2014,-1,3956.2500,0.7500,12.5000,12.7500,12.5000,-5.7500,4,-4.7500,15.2500,19,7.0000,2.7500,,1.0000,-2.7500,2.0000,-3.5000,3.0000,-5.0000,,12.5000,,12.5000
2014-07-29,2014,-1,3966.2500,0.7500,-4.5000,-4.7500,-7.2500,-8.5000,22,-7.5000,4.2500,9,26.0000,5.7500,28.0000,13.0000,-2.2500,14.0000,-3.5000,15.0000,-5.0000,16.0000,-7.2500,,-4.5000
2014-07-30,2014,1,3978.5000,1.0000,-13.2500,-13.5000,-2.0000,-14.5000,30,-13.5000,4.5000,18,6.0000,0.5000,7.0000,2.0000,-2.2500,26.0000,-6.7500,26.0000,-6.7500,29.0000,-11.2500,30.0000,-13.2500
2014-07-31,2014,-1,3934.5000,1.2500,10.7500,11.0000,10.7500,-7.5000,7,-6.5000,15.5000,29,22.0000,0.2500,,4.0000,-4.5000,6.0000,-6.2500,,10.7500,,10.7500,,10.7500
2014-08-01,2014,1,3882.5000,1.8750,17.2500,17.5000,17.2500,-1.2500,2,0.7500,18.7500,28,4.0000,-2.0000,,,17.2500,,17.2500,,17.2500,,17.2500,,17.2500
2014-08-04,2014,-1,3878.7500,1.0000,-14.5000,-14.2500,-12.0000,-15.7500,22,-14.7500,1.2500,1,8.0000,10.5000,18.0000,2.0000,-5.0000,2.0000,-5.0000,3.0000,-9.5000,3.0000,-9.5000,20.0000,-12.2500
2014-08-05,2014,-1,3878.5000,0.8750,6.2500,6.5000,6.2500,-14.5000,8,-12.7500,10.0000,23,11.0000,10.5000,,1.0000,-4.7500,1.0000,-4.7500,2.0000,-6.0000,3.0000,-9.2500,6.0000,-11.7500
2014-08-06,2014,1,3848.5000,1.2500,14.0000,14.0000,14.0000,-2.5000,2,1.0000,17.5000,17,4.0000,-1.0000,,,14.0000,,14.0000,,14.0000,,14.0000,,14.0000
2014-08-07,2014,1,3884.5000,1.2500,0.0000,0.2500,0.0000,-6.7500,17,-6.0000,6.2500,28,19.0000,4.2500,,9.0000,-3.0000,15.0000,-5.5000,,0.0000,,0.0000,,0.0000
2014-08-08,2014,1,3862.0000,1.2500,-5.2500,-5.0000,-5.2500,-11.5000,13,-9.5000,2.2500,20,12.0000,8.7500,,1.0000,-3.2500,4.0000,-7.2500,8.0000,-8.0000,,-5.2500,,-5.2500
2014-08-11,2014,1,3898.5000,1.0000,7.7500,7.7500,-2.7500,-3.7500,12,-3.2500,10.7500,27,6.0000,0.2500,10.0000,10.0000,-2.7500,,7.7500,,7.7500,,7.7500,,7.7500
2014-08-12,2014,1,3901.5000,1.2500,8.2500,8.0000,8.2500,-1.0000,3,0.2500,11.5000,17,5.0000,-1.0000,,,8.2500,,8.2500,,8.2500,,8.2500,,8.2500
2014-08-13,2014,1,3922.0000,0.6250,3.0000,2.7500,0.0000,-4.2500,25,-3.2500,4.7500,4,5.0000,-1.2500,8.0000,24.0000,-2.5000,24.0000,-2.5000,,3.0000,,3.0000,,3.0000
2014-08-14,2014,1,3951.5000,0.7500,-2.7500,-2.7500,-1.5000,-6.2500,21,-5.7500,3.0000,3,1.0000,0.7500,8.0000,8.0000,-1.5000,10.0000,-3.7500,21.0000,-6.0000,,-2.7500,,-2.7500
2014-08-15,2014,1,3988.5000,0.7500,-0.5000,-0.5000,-1.7500,-4.2500,10,-3.5000,3.5000,22,5.0000,1.2500,7.0000,3.0000,-2.5000,12.0000,-3.2500,,-0.5000,,-0.5000,,-0.5000
2014-08-18,2014,-1,4003.7500,0.7500,-7.2500,-7.2500,0.2500,-10.0000,29,-8.2500,3.5000,16,16.0000,-0.7500,18.0000,21.0000,-3.2500,21.0000,-3.2500,22.0000,-5.5000,25.0000,-6.5000,,-7.2500
2014-08-19,2014,-1,4024.5000,0.7500,-3.0000,-3.0000,-3.0000,-5.5000,26,-5.5000,1.5000,4,,,,1.0000,-1.7500,22.0000,-3.2500,26.0000,-5.2500,,-3.0000,,-3.0000
2014-08-20,2014,1,4036.0000,0.7500,0.2500,0.2500,0.2500,-3.0000,13,-2.5000,2.7500,25,,,,13.0000,-2.5000,,0.2500,,0.2500,,0.2500,,0.2500
2014-08-21,2014,1,4042.0000,0.7500,3.0000,3.0000,-1.5000,-3.0000,6,-1.7500,5.5000,24,1.0000,0.2500,5.0000,6.0000,-1.7500,,3.0000,,3.0000,,3.0000,,3.0000
2014-08-22,2014,1,4049.5000,0.5000,-0.7500,-0.5000,-0.7500,-10.2500,13,-8.5000,1.5000,28,19.0000,7.0000,,1.0000,-2.0000,1.0000,-2.0000,3.0000,-4.2500,4.0000,-4.2500,9.0000,-6.5000
2014-08-25,2014,-1,4070.7500,0.5000,-1.2500,-1.2500,-1.7500,-5.0000,25,-4.2500,0.7500,9,9.0000,2.0000,10.0000,1.0000,-2.0000,5.0000,-2.2500,18.0000,-4.0000,24.0000,-4.2500,,-1.2500
2014-08-26,2014,1,4073.5000,0.5000,-8.5000,-8.5000,-8.5000,-10.7500,9,-10.2500,0.2500,1,14.0000,8.2500,30.0000,1.0000,-2.0000,2.0000,-2.0000,6.0000,-7.5000,6.0000,-7.5000,6.0000,-7.5000
2014-08-27,2014,-1,4072.2500,0.7500,7.5000,7.2500,7.5000,-1.5000,2,-0.5000,8.7500,20,14.0000,-2.2500,,,7.5000,,7.5000,,7.5000,,7.5000,,7.5000
2014-08-28,2014,1,4059.5000,0.7500,1.2500,1.5000,1.2500,-5.0000,4,-4.5000,5.0000,21,5.0000,2.7500,,2.0000,-3.2500,3.0000,-4.7500,,1.2500,,1.2500,,1.2500
2014-08-29,2014,1,4079.0000,0.5000,-8.7500,-8.7500,-3.2500,-11.0000,20,-10.5000,0.2500,1,6.0000,1.5000,8.0000,1.0000,-2.7500,1.0000,-2.7500,8.0000,-3.2500,14.0000,-5.5000,17.0000,-7.2500
2014-09-02,2014,1,4094.5000,0.7500,-9.5000,-9.2500,-9.5000,-11.2500,13,-9.2500,1.0000,2,29.0000,8.2500,30.0000,3.0000,-3.5000,3.0000,-3.5000,5.0000,-5.0000,6.0000,-6.2500,30.0000,-9.5000
2014-09-03,2014,-1,4102.2500,0.6250,8.0000,8.2500,8.0000,-1.5000,2,-1.2500,12.7500,25,7.0000,-0.7500,,,8.0000,,8.0000,,8.0000,,8.0000,,8.0000
2014-09-04,2014,-1,4076.5000,1.5000,-16.5000,-16.2500,-13.5000,-21.5000,26,-20.2500,1.7500,2,16.0000,12.5000,17.0000,3.0000,-7.0000,3.0000,-7.0000,11.0000,-9.7500,13.0000,-14.0000,19.0000,-18.5000
2014-09-05,2014,-1,4072.2500,1.5000,2.0000,2.2500,1.0000,-1.5000,26,-0.5000,19.7500,9,3.0000,-2.7500,15.0000,,2.0000,,2.0000,,2.0000,,2.0000,,2.0000
2014-09-08,2014,1,4092.0000,0.7500,12.5000,12.2500,12.5000,-1.2500,1,-0.2500,13.0000,30,1.0000,1.7500,,,12.5000,,12.5000,,12.5000,,12.5000,,12.5000
2014-09-09,2014,-1,4086.5000,1.1250,5.0000,5.0000,-2.0000,-6.7500,16,-5.0000,7.7500,6,4.0000,0.2500,14.0000,15.0000,-3.5000,16.0000,-5.2500,,5.0000,,5.0000,,5.0000
2014-09-10,2014,1,4067.5000,0.7500,-8.2500,-8.2500,-1.7500,-10.7500,29,-9.5000,6.2500,4,3.0000,-0.2500,6.0000,6.0000,-1.7500,7.0000,-3.5000,8.0000,-5.2500,9.0000,-6.0000,23.0000,-9.5000
2014-09-11,2014,1,4072.7500,0.7500,4.5000,5.0000,0.5000,-3.0000,13,-2.7500,8.5000,27,4.0000,-0.2500,12.0000,13.0000,-2.7500,,4.5000,,4.5000,,4.5000,,4.5000
2014-09-12,2014,-1,4078.5000,0.5000,15.0000,15.0000,15.0000,-0.2500,1,0.5000,15.2500,30,1.0000,0.5000,,,15.0000,,15.0000,,15.0000,,15.0000,,15.0000
2014-09-15,2014,-1,4059.5000,0.7500,27.0000,27.2500,27.0000,0.0000,1,4.2500,34.0000,29,1.0000,2.0000,,,27.0000,,27.0000,,27.0000,,27.0000,,27.0000
2014-09-16,2014,-1,4009.7500,1.0000,-13.5000,-13.2500,-13.5000,-17.2500,20,-16.7500,0.0000,1,,,,1.0000,-3.5000,3.0000,-4.7500,12.0000,-9.5000,12.0000,-9.5000,14.0000,-12.2500
2014-09-17,2014,1,4064.2500,0.7500,-2.0000,-2.0000,-2.5000,-8.2500,20,-7.5000,3.2500,5,5.0000,2.0000,7.0000,1.0000,-2.5000,9.0000,-4.2500,18.0000,-5.2500,20.0000,-7.2500,,-2.0000
2014-09-18,2014,1,4080.0000,0.7500,5.7500,6.0000,5.7500,-7.2500,7,-6.0000,7.2500,30,9.0000,3.2500,,1.0000,-2.0000,5.0000,-4.0000,6.0000,-6.0000,,5.7500,,5.7500
2014-09-19,2014,-1,4109.5000,0.7500,-0.7500,-0.7500,0.5000,-1.5000,1,-0.7500,6.0000,3,2.0000,-0.5000,6.0000,,-0.7500,,-0.7500,,-0.7500,,-0.7500,,-0.7500
2014-09-22,2014,1,4080.0000,1.0000,-7.2500,-7.5000,-6.2500,-12.2500,29,-9.2500,1.5000,1,15.0000,6.0000,17.0000,3.0000,-2.7500,8.0000,-6.0000,11.0000,-6.7500,12.0000,-8.5000,,-7.2500
2014-09-23,2014,1,4041.2500,0.7500,16.7500,16.5000,16.7500,-0.5000,1,1.0000,18.5000,30,1.0000,4.7500,,,16.7500,,16.7500,,16.7500,,16.7500,,16.7500
2014-09-24,2014,1,4051.0000,0.7500,-8.0000,-8.0000,-0.2500,-11.0000,14,-9.0000,7.5000,5,2.0000,-0.2500,10.0000,12.0000,-2.5000,13.0000,-8.2500,13.0000,-8.2500,13.0000,-8.2500,,-8.0000
2014-09-25,2014,-1,4072.5000,0.7500,27.7500,27.5000,27.7500,-6.5000,4,-6.0000,30.7500,23,8.0000,1.2500,,2.0000,-1.7500,3.0000,-4.5000,4.0000,-6.0000,,27.7500,,27.7500
2014-09-26,2014,1,4011.2500,1.8750,12.7500,12.7500,-0.7500,-3.0000,15,-2.7500,13.0000,30,18.0000,-1.0000,24.0000,,12.7500,,12.7500,,12.7500,,12.7500,,12.7500
2014-09-29,2014,-1,4002.7500,1.6250,-11.5000,-11.2500,-11.5000,-16.0000,13,-15.7500,2.5000,1,17.0000,13.5000,,3.0000,-5.7500,5.0000,-7.5000,12.0000,-12.0000,13.0000,-15.7500,,-11.5000
2014-09-30,2014,-1,4048.2500,1.5000,18.2500,18.2500,18.2500,-3.2500,2,-1.7500,23.2500,29,1.0000,3.2500,,,18.2500,,18.2500,,18.2500,,18.2500,,18.2500
2014-10-01,2014,-1,4031.5000,1.2500,26.7500,26.7500,-3.0000,-3.7500,3,-2.7500,27.0000,29,1.0000,1.5000,2.0000,2.0000,-3.0000,,26.7500,,26.7500,,26.7500,,26.7500
2014-10-02,2014,1,3980.5000,2.5000,-4.0000,-3.7500,-4.5000,-8.7500,16,-6.2500,6.5000,20,11.0000,0.2500,13.0000,15.0000,-6.5000,,-4.0000,,-4.0000,,-4.0000,,-4.0000
2014-10-03,2014,-1,3998.7500,1.2500,-20.2500,-20.0000,4.0000,-20.7500,30,-20.0000,11.2500,6,6.0000,-6.5000,8.0000,12.0000,-3.2500,14.0000,-6.5000,15.0000,-8.2500,16.0000,-10.0000,26.0000,-15.5000
2014-10-06,2014,1,4032.0000,1.0000,-0.7500,-0.5000,-0.7500,-0.5000,30,-0.5000,8.5000,13,2.0000,-0.7500,30.0000,,-0.7500,,-0.7500,,-0.7500,,-0.7500,,-0.7500
2014-10-07,2014,-1,3982.0000,1.6250,-1.5000,-1.5000,-2.2500,-4.7500,9,-4.2500,8.7500,13,1.0000,2.0000,7.0000,8.0000,-4.2500,,-1.5000,,-1.5000,,-1.5000,,-1.5000
2014-10-08,2014,-1,3953.7500,1.7500,7.2500,7.0000,-1.5000,-12.0000,12,-11.5000,8.7500,30,2.0000,0.2500,3.0000,4.0000,-6.0000,6.0000,-8.5000,11.0000,-11.7500,,7.2500,,7.2500
2014-10-09,2014,1,4030.7500,2.0000,-9.0000,-8.7500,-9.0000,-18.0000,27,-17.2500,3.5000,12,6.0000,6.5000,18.0000,2.0000,-5.2500,3.0000,-8.5000,24.0000,-15.2500,26.0000,-17.2500,,-9.0000
2014-10-10,2014,-1,3931.2500,2.0000,-2.2500,-2.5000,-2.2500,-31.0000,13,-29.7500,5.7500,2,15.0000,27.5000,,4.0000,-4.5000,5.0000,-16.0000,5.0000,-16.0000,6.0000,-22.0000,7.0000,-25.5000
2014-10-13,2014,1,3862.2500,1.6250,-14.5000,-14.5000,-8.0000,-28.2500,23,-27.2500,12.7500,6,1.0000,5.5000,15.0000,11.0000,-3.7500,15.0000,-8.0000,16.0000,-9.7500,18.0000,-14.0000,20.0000,-21.2500
2014-10-14,2014,-1,3825.5000,1.8750,23.2500,23.0000,-14.0000,-15.2500,12,-14.2500,31.2500,29,8.0000,11.5000,10.0000,1.0000,-6.5000,2.0000,-8.2500,3.0000,-13.0000,,23.2500,,23.2500
2014-10-15,2014,-1,3750.5000,3.2500,-31.5000,-31.7500,3.2500,-33.5000,30,-31.7500,19.2500,11,6.0000,-3.7500,7.0000,15.0000,-9.7500,17.0000,-17.5000,28.0000,-23.2500,30.0000,-31.5000,,-31.5000
2014-10-16,2014,1,3714.7500,3.7500,15.2500,15.0000,15.2500,-7.0000,1,0.0000,26.0000,20,3.0000,-1.7500,,,15.2500,,15.2500,,15.2500,,15.2500,,15.2500
2014-10-17,2014,-1,3802.0000,1.2500,-2.7500,-2.5000,0.2500,-4.7500,26,-3.2500,21.2500,10,2.0000,-1.7500,23.0000,25.0000,-3.7500,,-2.7500,,-2.7500,,-2.7500,,-2.7500
2014-10-20,2014,-1,3797.5000,2.6250,-28.2500,-28.5000,-8.2500,-30.0000,28,-28.5000,2.0000,1,1.0000,3.0000,2.0000,2.0000,-8.2500,5.0000,-12.7500,7.0000,-16.7500,12.0000,-24.7500,,-28.2500
2014-10-21,2014,-1,3903.2500,1.5000,-2.5000,-2.7500,-3.5000,-12.0000,18,-10.7500,4.5000,9,8.0000,3.5000,11.0000,1.0000,-4.7500,2.0000,-7.2500,18.0000,-9.7500,,-2.5000,,-2.5000
2014-10-22,2014,-1,3969.5000,1.2500,-2.7500,-2.5000,2.2500,-9.0000,21,-8.2500,15.0000,8,3.0000,-3.5000,15.0000,19.0000,-3.0000,21.0000,-6.5000,22.0000,-8.2500,,-2.7500,,-2.7500
2014-10-23,2014,1,3982.0000,1.2500,7.2500,7.0000,-6.0000,-7.2500,5,-6.2500,10.2500,29,8.0000,3.0000,15.0000,1.0000,-5.7500,1.0000,-5.7500,,7.2500,,7.2500,,7.2500
2014-10-24,2014,-1,4002.7500,1.7500,0.0000,0.2500,-4.2500,-17.5000,12,-15.5000,1.2500,5,4.0000,4.0000,5.0000,1.0000,-5.7500,6.0000,-11.0000,6.0000,-11.0000,12.0000,-15.2500,,0.0000
2014-10-27,2014,1,4024.7500,1.5000,-12.7500,-12.5000,3.7500,-13.7500,29,-12.5000,10.0000,11,7.0000,-4.7500,8.0000,18.0000,-4.5000,20.0000,-7.2500,26.0000,-9.5000,29.0000,-12.2500,,-12.7500
2014-10-28,2014,1,4059.2500,1.1250,11.5000,11.2500,11.5000,-1.7500,1,0.2500,14.5000,18,3.0000,-0.2500,,,11.5000,,11.5000,,11.5000,,11.5000,,11.5000
2014-10-29,2014,-1,4086.5000,1.0000,-6.2500,-6.2500,-6.2500,-9.7500,7,-9.2500,4.0000,1,,,,4.0000,-5.5000,4.0000,-5.5000,7.0000,-7.7500,9.0000,-8.5000,,-6.2500
2014-10-30,2014,1,4070.2500,1.5000,-10.7500,-11.0000,1.2500,-14.0000,29,-12.7500,12.7500,11,3.0000,-3.7500,23.0000,26.0000,-5.5000,27.0000,-6.2500,28.0000,-9.5000,29.0000,-12.5000,,-10.7500
2014-10-31,2014,-1,4153.2500,1.1250,12.2500,12.2500,12.2500,-1.2500,1,1.2500,13.5000,30,1.0000,4.5000,,,12.2500,,12.2500,,12.2500,,12.2500,,12.2500
2014-11-03,2014,-1,4154.5000,1.0000,-17.2500,-17.5000,-17.2500,-19.2500,28,-17.5000,2.0000,1,,,,2.0000,-2.7500,12.0000,-5.2500,18.0000,-10.0000,18.0000,-10.0000,23.0000,-13.2500
2014-11-04,2014,1,4148.0000,1.2500,6.0000,5.7500,0.0000,-2.5000,11,-1.7500,9.7500,28,2.0000,-0.2500,5.0000,,6.0000,,6.0000,,6.0000,,6.0000,,6.0000
2014-11-05,2014,-1,4167.2500,0.7500,25.0000,25.0000,25.0000,-3.2500,2,-2.0000,25.0000,30,4.0000,0.2500,,2.0000,-1.7500,,25.0000,,25.0000,,25.0000,,25.0000
2014-11-06,2014,1,4150.7500,1.7500,-8.0000,-8.0000,-9.2500,-11.2500,6,-10.7500,3.2500,19,9.0000,8.7500,10.0000,5.0000,-8.7500,5.0000,-8.7500,6.0000,-10.7500,,-8.0000,,-8.0000
2014-11-07,2014,1,4167.0000,2.0000,-17.5000,-17.5000,-12.7500,-17.5000,23,-17.5000,1.2500,1,17.0000,12.0000,20.0000,1.0000,-7.0000,6.0000,-10.0000,8.0000,-14.0000,22.0000,-16.0000,,-17.5000
2014-11-10,2014,1,4160.0000,0.7500,-2.0000,-2.0000,-9.0000,-11.0000,12,-10.7500,0.0000,1,16.0000,7.7500,21.0000,1.0000,-4.2500,1.0000,-4.2500,8.0000,-7.5000,8.0000,-7.5000,12.0000,-10.7500
2014-11-11,2014,-1,4172.2500,0.7500,5.5000,5.2500,4.7500,-1.5000,1,-1.0000,10.2500,24,16.0000,-5.2500,20.0000,,5.5000,,5.5000,,5.5000,,5.5000,,5.5000
2014-11-12,2014,1,4174.0000,0.7500,2.2500,2.7500,-0.2500,-2.7500,2,-2.5000,4.5000,10,18.0000,0.0000,24.0000,2.0000,-2.5000,,2.2500,,2.2500,,2.2500,,2.2500
2014-11-13,2014,1,4202.2500,1.0000,14.5000,14.2500,14.5000,-0.7500,1,0.0000,18.0000,27,3.0000,-0.7500,,,14.5000,,14.5000,,14.5000,,14.5000,,14.5000
2014-11-14,2014,-1,4208.0000,1.2500,-3.7500,-3.7500,-2.0000,-6.0000,8,-5.5000,9.7500,17,1.0000,1.5000,3.0000,4.0000,-3.7500,9.0000,-5.7500,,-3.7500,,-3.7500,,-3.7500
2014-11-17,2014,1,4216.5000,1.0000,5.0000,5.0000,-1.2500,-6.0000,3,-5.5000,7.2500,28,6.0000,0.5000,8.0000,1.0000,-4.0000,2.0000,-5.2500,,5.0000,,5.0000,,5.0000
2014-11-18,2014,1,4218.2500,0.6250,17.7500,17.7500,17.7500,-1.5000,1,-0.5000,20.0000,30,4.0000,-1.7500,,,17.7500,,17.7500,,17.7500,,17.7500,,17.7500
2014-11-19,2014,-1,4232.0000,0.7500,16.2500,16.0000,3.2500,-0.7500,1,1.5000,18.5000,29,4.0000,-4.0000,6.0000,,16.2500,,16.2500,,16.2500,,16.2500,,16.2500
2014-11-20,2014,1,4206.7500,1.0000,20.5000,21.0000,20.5000,-4.0000,2,-1.5000,25.2500,28,4.0000,0.5000,,,20.5000,,20.5000,,20.5000,,20.5000,,20.5000
2014-11-21,2014,-1,4278.0000,1.1250,8.7500,8.7500,8.7500,-3.2500,2,-2.2500,9.0000,16,1.0000,2.5000,,,8.7500,,8.7500,,8.7500,,8.7500,,8.7500
2014-11-24,2014,-1,4259.7500,0.7500,-13.0000,-12.7500,-9.5000,-13.0000,30,-12.7500,1.0000,1,10.0000,6.2500,18.0000,1.0000,-3.2500,1.0000,-3.2500,2.0000,-4.7500,4.0000,-7.2500,18.0000,-9.5000
2014-11-25,2014,1,4294.0000,0.5000,-1.2500,-1.2500,-1.2500,-3.0000,30,-1.5000,9.2500,6,1.0000,2.2500,,20.0000,-1.2500,,-1.2500,,-1.2500,,-1.2500,,-1.2500
2014-11-26,2014,-1,4293.0000,0.6250,-4.5000,-4.5000,-2.2500,-9.0000,18,-8.0000,2.5000,3,1.0000,1.2500,4.0000,4.0000,-2.2500,6.0000,-4.7500,6.0000,-4.7500,8.0000,-6.0000,19.0000,-7.7500
2014-11-28,2014,-1,4329.5000,0.5000,-5.5000,-5.2500,-3.0000,-7.7500,29,-7.0000,2.5000,20,4.0000,1.7500,9.0000,1.0000,-1.7500,2.0000,-3.2500,2.0000,-3.2500,10.0000,-4.2500,27.0000,-6.7500
2014-12-01,2014,1,4331.5000,0.8750,-28.2500,-28.5000,-2.2500,-58.0000,18,-44.7500,3.2500,1,1.0000,2.0000,3.0000,3.0000,-2.2500,4.0000,-4.5000,5.0000,-5.7500,7.0000,-9.0000,8.0000,-11.2500
2014-12-02,2014,-1,4291.2500,1.0000,-7.2500,-7.2500,-7.7500,-10.2500,13,-9.0000,6.2500,2,1.0000,2.5000,3.0000,3.0000,-7.7500,3.0000,-7.7500,3.0000,-7.7500,11.0000,-8.7500,,-7.2500
2014-12-03,2014,-1,4307.7500,1.0000,14.7500,14.5000,14.7500,-10.7500,8,-10.5000,14.7500,30,16.0000,7.7500,,1.0000,-2.5000,3.0000,-4.2500,4.0000,-6.5000,6.0000,-8.5000,,14.7500
2014-12-04,2014,-1,4306.7500,1.6250,-14.5000,-14.5000,-14.5000,-16.2500,15,-16.2500,1.5000,1,18.0000,14.0000,28.0000,2.0000,-4.7500,7.0000,-7.2500,12.0000,-11.7500,15.0000,-16.2500,,-14.5000
2014-12-05,2014,1,4320.0000,1.5000,-7.7500,-7.7500,-1.5000,-11.5000,14,-10.2500,5.5000,3,1.0000,0.7500,6.0000,7.0000,-3.2500,10.0000,-6.7500,11.0000,-9.5000,,-7.7500,,-7.7500
2014-12-08,2014,1,4302.0000,0.7500,15.5000,15.5000,15.5000,-0.7500,1,1.0000,18.2500,16,1.0000,1.5000,,,15.5000,,15.5000,,15.5000,,15.5000,,15.5000
2014-12-09,2014,1,4240.0000,1.5000,2.0000,2.0000,2.0000,-19.2500,4,-17.0000,5.2500,29,7.0000,13.7500,,2.0000,-7.7500,2.0000,-7.7500,3.0000,-12.7500,3.0000,-12.7500,,2.0000
2014-12-10,2014,1,4292.5000,1.0000,-8.5000,-8.5000,-3.5000,-17.2500,19,-14.0000,5.7500,10,6.0000,3.5000,11.0000,2.0000,-3.2500,3.0000,-6.2500,3.0000,-6.2500,13.0000,-8.2500,19.0000,-14.2500
2014-12-11,2014,1,4238.5000,1.2500,24.2500,24.5000,24.2500,0.0000,1,3.0000,29.2500,19,3.0000,-3.2500,,,24.2500,,24.2500,,24.2500,,24.2500,,24.2500
2014-12-12,2014,1,4217.2500,1.5000,24.5000,24.2500,24.5000,-0.7500,1,4.5000,34.0000,27,1.0000,10.2500,,,24.5000,,24.5000,,24.5000,,24.5000,,24.5000
2014-12-15,2014,1,4223.2500,1.7500,-13.0000,-13.2500,-1.5000,-16.0000,29,-13.5000,10.7500,9,9.0000,0.5000,12.0000,13.0000,-4.5000,23.0000,-7.7500,24.0000,-11.5000,,-13.0000,,-13.0000
2014-12-16,2014,-1,4124.0000,2.2500,-1.5000,-1.2500,-1.5000,-22.5000,19,-21.7500,1.7500,1,22.0000,19.7500,,2.0000,-6.2500,8.0000,-10.7500,14.0000,-13.5000,17.0000,-19.5000,,-1.5000
2014-12-17,2014,1,4095.5000,1.8750,14.7500,14.7500,14.7500,-11.0000,2,-8.7500,17.7500,30,4.0000,5.5000,,1.0000,-5.5000,2.0000,-8.5000,,14.7500,,14.7500,,14.7500
2014-12-18,2014,-1,4213.5000,1.2500,-14.2500,-14.0000,-4.7500,-19.5000,28,-16.0000,4.7500,3,1.0000,3.7500,6.0000,5.0000,-3.2500,11.0000,-8.2500,11.0000,-8.2500,26.0000,-11.0000,27.0000,-16.2500
2014-12-19,2014,-1,4258.2500,2.0000,-11.7500,-12.0000,-10.2500,-14.5000,28,-14.0000,0.7500,13,10.0000,8.0000,26.0000,3.0000,-8.2500,3.0000,-8.2500,27.0000,-14.0000,,-11.7500,,-11.7500
2014-12-22,2014,1,4284.0000,1.0000,7.5000,7.2500,7.5000,-4.7500,4,-2.2500,14.0000,18,6.0000,1.5000,,3.0000,-2.0000,,7.5000,,7.5000,,7.5000,,7.5000
2014-12-23,2014,-1,4305.7500,1.0000,13.0000,13.0000,13.0000,-0.7500,1,1.2500,20.5000,23,5.0000,-1.7500,,,13.0000,,13.0000,,13.0000,,13.0000,,13.0000
2014-12-24,2014,1,4284.2500,0.7500,7.5000,7.2500,-1.2500,-1.7500,10,-1.2500,10.7500,23,4.0000,-3.0000,10.0000,,7.5000,,7.5000,,7.5000,,7.5000,,7.5000
2014-12-26,2014,1,4295.2500,0.5000,7.5000,7.5000,7.5000,-1.0000,2,-0.7500,8.7500,18,4.0000,0.5000,,,7.5000,,7.5000,,7.5000,,7.5000,,7.5000
2014-12-29,2014,1,4308.7500,0.7500,0.7500,0.7500,-0.2500,-1.0000,14,-0.5000,7.7500,4,2.0000,-0.7500,14.0000,,0.7500,,0.7500,,0.7500,,0.7500,,0.7500
2014-12-30,2014,1,4303.2500,0.7500,-10.0000,-10.2500,-3.7500,-11.7500,25,-10.2500,3.0000,12,1.0000,3.2500,23.0000,1.0000,-2.0000,23.0000,-3.7500,24.0000,-6.0000,24.0000,-6.0000,28.0000,-9.2500
2014-12-31,2014,-1,4286.0000,0.6250,-3.7500,-3.7500,-3.7500,-7.0000,3,-7.0000,0.5000,1,6.0000,5.5000,,2.0000,-1.7500,3.0000,-7.0000,3.0000,-7.0000,3.0000,-7.0000,,-3.7500
2015-01-02,2015,1,4262.7500,1.1250,-12.5000,-12.5000,-6.2500,-15.5000,30,-13.0000,10.0000,8,1.0000,3.5000,22.0000,21.0000,-3.2500,22.0000,-6.2500,28.0000,-7.5000,29.0000,-12.7500,,-12.5000
2015-01-05,2015,-1,4201.2500,1.2500,15.2500,15.0000,-5.2500,-6.0000,13,-5.5000,25.0000,28,5.0000,2.0000,12.0000,2.0000,-3.2500,12.0000,-5.2500,,15.2500,,15.2500,,15.2500
2015-01-06,2015,1,4165.5000,1.2500,-13.0000,-12.7500,-2.0000,-17.0000,30,-15.7500,5.2500,2,2.0000,-0.2500,5.0000,7.0000,-7.0000,7.0000,-7.0000,8.0000,-9.7500,9.0000,-10.7500,29.0000,-16.0000
2015-01-07,2015,-1,4122.5000,1.0000,-26.2500,-26.2500,-14.2500,-29.0000,30,-28.0000,5.0000,1,8.0000,12.0000,12.0000,3.0000,-5.0000,3.0000,-5.0000,4.0000,-8.7500,4.0000,-8.7500,5.0000,-12.7500
2015-01-08,2015,-1,4185.2500,1.0000,-25.7500,-25.7500,-25.7500,-26.2500,30,-25.7500,0.7500,1,,,,1.0000,-3.2500,2.0000,-6.2500,2.0000,-6.2500,5.0000,-9.0000,8.0000,-14.5000
2015-01-09,2015,-1,4239.0000,1.7500,4.5000,4.2500,0.7500,-9.5000,13,-7.5000,16.2500,25,3.0000,-2.2500,7.0000,8.0000,-4.0000,12.0000,-7.0000,,4.5000,,4.5000,,4.5000
2015-01-12,2015,-1,4213.2500,1.5000,57.7500,57.7500,57.7500,-0.2500,1,2.7500,61.0000,30,1.0000,2.0000,,,57.7500,,57.7500,,57.7500,,57.7500,,57.7500
2015-01-13,2015,1,4215.2500,1.7500,25.5000,25.2500,25.5000,-1.5000,1,4.0000,30.0000,28,1.0000,2.5000,,,25.5000,,25.5000,,25.5000,,25.5000,,25.5000
2015-01-14,2015,1,4130.2500,2.2500,9.7500,9.5000,9.7500,-2.2500,7,0.2500,16.7500,28,1.0000,5.2500,,,9.7500,,9.7500,,9.7500,,9.7500,,9.7500
2015-01-15,2015,1,4156.7500,2.7500,-49.0000,-49.0000,-49.0000,-59.2500,29,-57.0000,3.7500,1,,,,2.0000,-14.7500,2.0000,-14.7500,3.0000,-17.5000,5.0000,-23.7500,10.0000,-37.5000
2015-01-16,2015,1,4085.0000,2.1250,5.2500,5.2500,5.2500,-7.7500,27,-6.0000,20.2500,10,1.0000,6.7500,,26.0000,-6.0000,,5.2500,,5.2500,,5.2500,,5.2500
2015-01-20,2015,1,4162.2500,1.6250,-30.7500,-30.5000,-36.0000,-39.7500,25,-37.7500,3.2500,4,27.0000,34.5000,29.0000,5.0000,-4.7500,7.0000,-8.5000,8.0000,-13.2500,8.0000,-13.2500,15.0000,-21.0000
2015-01-21,2015,-1,4148.0000,1.7500,-13.0000,-13.2500,-13.0000,-33.0000,9,-31.2500,11.0000,3,11.0000,26.5000,,4.0000,-4.5000,5.0000,-15.5000,5.0000,-15.5000,5.0000,-15.5000,7.0000,-22.5000
2015-01-22,2015,1,4208.0000,4.0000,-22.7500,-22.7500,-22.7500,-43.5000,15,-41.2500,1.5000,1,20.0000,35.0000,,2.0000,-8.7500,7.0000,-16.5000,8.0000,-29.7500,14.0000,-36.5000,,-22.7500
2015-01-23,2015,-1,4254.5000,1.8750,-19.0000,-19.2500,-19.0000,-20.0000,29,-19.2500,1.2500,3,,,,2.0000,-7.5000,2.0000,-7.5000,21.0000,-12.5000,28.0000,-16.7500,,-19.0000
2015-01-26,2015,-1,4255.5000,1.1250,2.2500,2.0000,-0.2500,-3.5000,28,-2.2500,9.5000,14,12.0000,-0.7500,21.0000,,2.2500,,2.2500,,2.2500,,2.2500,,2.2500
2015-01-27,2015,-1,4186.7500,1.8750,11.5000,11.7500,-4.0000,-7.5000,2,-5.5000,13.7500,28,4.0000,3.2500,7.0000,1.0000,-4.5000,,11.5000,,11.5000,,11.5000,,11.5000
2015-01-28,2015,-1,4222.2500,1.5000,4.0000,4.0000,0.5000,-3.5000,20,-2.7500,17.7500,4,2.0000,-1.5000,18.0000,,4.0000,,4.0000,,4.0000,,4.0000,,4.0000
2015-01-29,2015,-1,4121.0000,2.0000,1.5000,1.5000,1.5000,-17.0000,4,-14.7500,25.2500,19,6.0000,9.5000,,1.0000,-12.2500,1.0000,-12.2500,1.0000,-12.2500,,1.5000,,1.5000
2015-01-30,2015,1,4182.5000,1.8750,-1.2500,-1.2500,-1.2500,-3.5000,28,-2.2500,20.7500,13,1.0000,7.7500,,,-1.2500,,-1.2500,,-1.2500,,-1.2500,,-1.2500
2015-02-02,2015,-1,4148.0000,1.7500,53.0000,53.2500,53.0000,-0.2500,1,3.5000,55.0000,30,1.0000,3.7500,,,53.0000,,53.0000,,53.0000,,53.0000,,53.0000
2015-02-03,2015,1,4201.0000,1.7500,-6.5000,-6.5000,-1.0000,-8.0000,30,-6.5000,11.0000,14,7.0000,0.5000,10.0000,30.0000,-6.5000,,-6.5000,,-6.5000,,-6.5000,,-6.5000
2015-02-04,2015,1,4207.5000,1.6250,5.2500,5.2500,5.2500,-10.2500,4,-9.5000,7.7500,30,17.0000,5.5000,,2.0000,-7.0000,2.0000,-7.0000,,5.2500,,5.2500,,5.2500
2015-02-05,2015,-1,4219.2500,1.2500,-15.5000,-15.2500,-15.5000,-20.5000,18,-18.7500,0.5000,1,21.0000,16.7500,,2.0000,-3.0000,5.0000,-5.7500,6.0000,-9.0000,7.0000,-11.0000,14.0000,-15.2500
2015-02-06,2015,-1,4248.7500,1.5000,0.5000,0.5000,0.5000,-6.5000,8,-5.5000,11.0000,13,10.0000,3.5000,,2.0000,-3.2500,,0.5000,,0.5000,,0.5000,,0.5000
2015-02-09,2015,1,4214.7500,1.0000,3.0000,2.7500,-1.7500,-5.7500,6,-4.0000,11.0000,19,8.0000,0.7500,12.0000,2.0000,-2.7500,,3.0000,,3.0000,,3.0000,,3.0000
2015-02-10,2015,-1,4233.5000,1.2500,-5.2500,-5.0000,-6.5000,-12.2500,18,-11.0000,4.0000,2,12.0000,4.5000,14.0000,4.0000,-6.5000,4.0000,-6.5000,16.0000,-10.7500,16.0000,-10.7500,,-5.2500
2015-02-11,2015,1,4283.5000,0.7500,7.7500,7.7500,4.2500,-1.7500,1,0.5000,10.7500,28,10.0000,-4.7500,12.0000,,7.7500,,7.7500,,7.7500,,7.7500,,7.7500
2015-02-12,2015,-1,4320.5000,1.6250,-4.0000,-3.7500,-2.2500,-9.0000,24,-8.7500,5.5000,11,10.0000,-0.2500,14.0000,6.0000,-4.2500,19.0000,-7.0000,,-4.0000,,-4.0000,,-4.0000
2015-02-13,2015,1,4358.5000,1.0000,-3.0000,-3.0000,0.5000,-4.0000,19,-3.2500,5.5000,11,8.0000,-1.0000,13.0000,18.0000,-3.0000,,-3.0000,,-3.0000,,-3.0000,,-3.0000
2015-02-17,2015,-1,4380.0000,1.0000,3.5000,3.0000,1.5000,-2.2500,1,1.2500,9.7500,13,3.0000,-1.7500,29.0000,,3.5000,,3.5000,,3.5000,,3.5000,,3.5000
2015-02-18,2015,1,4381.7500,0.7500,0.2500,0.5000,0.2500,-4.2500,3,-3.2500,4.2500,9,5.0000,1.5000,,1.0000,-2.2500,2.0000,-3.0000,,0.2500,,0.2500,,0.2500
2015-02-19,2015,1,4390.5000,1.0000,7.5000,7.5000,7.5000,-3.0000,2,-1.5000,11.5000,25,12.0000,-3.2500,,,7.5000,,7.5000,,7.5000,,7.5000,,7.5000
2015-02-20,2015,1,4413.2500,1.0000,-13.0000,-13.0000,-15.2500,-17.2500,10,-15.7500,1.2500,1,12.0000,13.7500,18.0000,1.0000,-2.5000,6.0000,-6.7500,6.0000,-6.7500,7.0000,-8.7500,8.0000,-14.2500
2015-02-23,2015,-1,4434.7500,0.5000,-2.2500,-2.2500,-2.2500,-9.0000,10,-8.7500,0.0000,1,12.0000,7.0000,,1.0000,-2.5000,1.0000,-2.5000,3.0000,-4.2500,3.0000,-4.2500,8.0000,-7.7500
2015-02-24,2015,1,4440.7500,0.5000,-7.5000,-7.5000,-5.2500,-13.7500,29,-12.0000,0.7500,19,13.0000,4.5000,21.0000,1.0000,-4.5000,1.0000,-4.5000,1.0000,-4.5000,1.0000,-4.5000,3.0000,-8.0000
2015-02-25,2015,-1,4442.5000,0.5000,-3.2500,-3.5000,-0.2500,-5.5000,29,-4.7500,4.5000,2,2.0000,0.0000,5.0000,7.0000,-1.2500,16.0000,-2.0000,28.0000,-4.2500,28.0000,-4.2500,,-3.2500
2015-02-26,2015,-1,4442.0000,0.8750,9.0000,9.0000,-1.2500,-7.7500,10,-6.5000,11.0000,27,2.0000,0.2500,4.0000,5.0000,-4.2500,5.0000,-4.2500,7.0000,-6.0000,,9.0000,,9.0000
2015-02-27,2015,1,4460.2500,0.5000,0.0000,0.2500,-2.5000,-13.7500,15,-12.0000,2.5000,6,1.0000,0.7500,9.0000,9.0000,-2.5000,9.0000,-2.5000,10.0000,-5.2500,10.0000,-5.2500,11.0000,-8.7500
2015-03-02,2015,1,4452.7500,0.7500,18.5000,18.2500,18.5000,-3.0000,1,-1.0000,21.0000,29,3.0000,-0.2500,,,18.5000,,18.5000,,18.5000,,18.5000,,18.5000
2015-03-03,2015,1,4467.0000,0.5000,-7.5000,-7.5000,-7.5000,-13.5000,22,-12.7500,5.5000,5,30.0000,9.5000,,9.0000,-6.5000,9.0000,-6.5000,9.0000,-6.5000,9.0000,-6.5000,9.0000,-6.5000
2015-03-04,2015,-1,4441.5000,0.7500,11.5000,11.5000,11.5000,-2.5000,1,-1.2500,20.0000,19,3.0000,-1.2500,,,11.5000,,11.5000,,11.5000,,11.5000,,11.5000
2015-03-05,2015,-1,4451.7500,1.0000,-4.7500,-4.5000,-0.7500,-9.0000,20,-8.5000,2.7500,14,5.0000,0.0000,6.0000,1.0000,-3.2500,16.0000,-5.7500,17.0000,-7.2500,19.0000,-8.2500,,-4.7500
2015-03-06,2015,1,4445.7500,2.0000,0.5000,0.5000,0.5000,-11.7500,19,-9.7500,6.7500,29,22.0000,8.7500,,5.0000,-4.5000,18.0000,-9.7500,,0.5000,,0.5000,,0.5000
2015-03-09,2015,-1,4406.5000,0.7500,2.5000,2.5000,2.5000,-1.0000,1,0.0000,14.7500,14,1.0000,2.7500,,,2.5000,,2.5000,,2.5000,,2.5000,,2.5000
2015-03-10,2015,1,4382.2500,1.0000,-18.2500,-18.0000,-18.2500,-23.5000,18,-22.5000,1.0000,3,,,,1.0000,-4.7500,1.0000,-4.7500,4.0000,-9.0000,4.0000,-9.0000,12.0000,-12.5000
2015-03-11,2015,-1,4334.7500,1.0000,-2.2500,-2.2500,-0.7500,-3.7500,28,-3.2500,11.5000,8,17.0000,-0.5000,18.0000,23.0000,-2.2500,,-2.2500,,-2.2500,,-2.2500,,-2.2500
2015-03-12,2015,1,4298.7500,1.5000,15.7500,15.5000,15.7500,-1.5000,1,3.5000,26.0000,22,2.0000,-0.7500,,,15.7500,,15.7500,,15.7500,,15.7500,,15.7500
2015-03-13,2015,-1,4318.5000,1.5000,-12.2500,-12.2500,-12.2500,-23.2500,15,-22.5000,1.5000,2,20.0000,19.7500,,2.0000,-5.2500,4.0000,-6.7500,5.0000,-11.7500,6.0000,-16.0000,12.0000,-19.2500
2015-03-16,2015,-1,4323.0000,1.0000,-17.7500,-17.5000,-6.2500,-22.5000,29,-21.0000,3.7500,1,1.0000,2.7500,3.0000,3.0000,-6.2500,3.0000,-6.2500,3.0000,-6.2500,10.0000,-9.5000,18.0000,-13.2500
2015-03-17,2015,1,4351.5000,0.7500,4.7500,4.5000,2.5000,-5.2500,19,-3.2500,9.5000,5,5.0000,-2.7500,11.0000,17.0000,-3.0000,19.0000,-3.0000,,4.7500,,4.7500,,4.7500
2015-03-18,2015,1,4359.2500,1.0000,-3.7500,-3.5000,-7.7500,-12.2500,16,-10.5000,0.5000,1,20.0000,7.0000,25.0000,2.0000,-3.2500,8.0000,-5.7500,9.0000,-7.7500,12.0000,-8.7500,,-3.7500
2015-03-19,2015,1,4421.2500,0.7500,2.5000,2.7500,-3.5000,-8.2500,14,-7.2500,6.5000,7,1.0000,2.7500,12.0000,12.0000,-3.5000,12.0000,-3.5000,13.0000,-6.5000,13.0000,-6.5000,,2.5000
2015-03-20,2015,-1,4456.0000,1.0000,-0.5000,-0.2500,0.7500,-2.2500,3,-1.5000,7.7500,17,10.0000,-2.2500,14.0000,,-0.5000,,-0.5000,,-0.5000,,-0.5000,,-0.5000
2015-03-23,2015,1,4448.0000,0.7500,-3.2500,-3.2500,-3.2500,-7.5000,4,-6.7500,5.2500,10,6.0000,5.2500,,3.0000,-6.2500,3.0000,-6.2500,3.0000,-6.2500,4.0000,-6.5000,,-3.2500
2015-03-24,2015,1,4442.5000,1.2500,5.0000,4.7500,5.0000,-10.5000,10,-9.7500,7.5000,29,12.0000,9.0000,,3.0000,-6.7500,3.0000,-6.7500,8.0000,-8.2500,,5.0000,,5.0000
2015-03-25,2015,-1,4434.2500,1.0000,33.5000,33.2500,33.5000,-0.2500,1,3.5000,38.5000,28,2.0000,-0.7500,,,33.5000,,33.5000,,33.5000,,33.5000,,33.5000
2015-03-26,2015,-1,4277.0000,1.7500,-13.5000,-13.2500,-13.5000,-35.7500,18,-34.2500,5.0000,1,23.0000,29.2500,,4.0000,-10.2500,4.0000,-10.2500,7.0000,-12.0000,8.0000,-16.0000,14.0000,-22.7500
2015-03-27,2015,1,4314.7500,1.2500,8.0000,8.2500,3.7500,-3.5000,1,0.5000,10.2500,4,4.0000,-4.2500,6.0000,,8.0000,,8.0000,,8.0000,,8.0000,,8.0000
2015-03-30,2015,1,4356.5000,0.7500,15.0000,14.7500,15.0000,-2.2500,4,-0.5000,21.2500,28,7.0000,-3.0000,,,15.0000,,15.0000,,15.0000,,15.0000,,15.0000
2015-03-31,2015,1,4361.7500,1.0000,-3.2500,-3.0000,-3.2500,-17.0000,18,-16.0000,2.7500,4,22.0000,12.7500,,2.0000,-3.0000,11.0000,-8.2500,11.0000,-8.2500,11.0000,-8.2500,18.0000,-16.0000
2015-04-01,2015,1,4323.5000,1.2500,-36.0000,-36.0000,-36.0000,-47.7500,28,-45.7500,4.5000,2,,,,2.0000,-5.0000,2.0000,-5.0000,3.0000,-8.2500,6.0000,-15.7500,6.0000,-15.7500
2015-04-02,2015,1,4307.0000,0.7500,12.2500,12.0000,-5.5000,-14.0000,9,-10.2500,13.5000,29,3.0000,-0.7500,4.0000,4.0000,-5.5000,4.0000,-5.5000,4.0000,-5.5000,7.0000,-7.5000,8.0000,-10.5000
2015-04-06,2015,1,4281.0000,1.0000,31.7500,31.5000,31.7500,-0.5000,1,5.5000,38.2500,17,1.0000,3.0000,,,31.7500,,31.7500,,31.7500,,31.7500,,31.7500
2015-04-07,2015,1,4350.7500,1.2500,2.7500,2.7500,2.7500,-2.2500,1,0.5000,12.7500,14,2.0000,0.2500,,,2.7500,,2.7500,,2.7500,,2.7500,,2.7500
2015-04-08,2015,1,4347.5000,1.5000,16.2500,16.5000,16.2500,-3.5000,1,0.0000,22.5000,28,8.0000,-3.7500,,,16.2500,,16.2500,,16.2500,,16.2500,,16.2500
2015-04-09,2015,1,4381.0000,1.0000,-1.5000,-1.0000,-9.2500,-13.0000,22,-9.7500,9.0000,3,1.0000,5.2500,18.0000,12.0000,-3.2500,18.0000,-9.2500,18.0000,-9.2500,18.0000,-9.2500,,-1.5000
2015-04-10,2015,1,4398.2500,0.7500,2.7500,3.0000,2.7500,-12.5000,13,-11.5000,4.5000,30,16.0000,8.7500,,4.0000,-3.7500,4.0000,-3.7500,6.0000,-5.7500,8.0000,-6.7500,12.0000,-9.5000
2015-04-13,2015,1,4422.0000,0.8750,13.2500,13.5000,13.2500,-0.2500,1,5.0000,16.7500,25,2.0000,-1.5000,,,13.2500,,13.2500,,13.2500,,13.2500,,13.2500
2015-04-14,2015,1,4407.2500,1.5000,-33.0000,-33.5000,-18.5000,-34.2500,30,-33.5000,5.7500,8,18.0000,13.7500,21.0000,11.0000,-5.5000,13.0000,-10.2500,13.0000,-10.2500,14.0000,-15.5000,21.0000,-18.5000
2015-04-15,2015,1,4406.0000,1.0000,-0.2500,-0.2500,-0.2500,-7.5000,4,-6.5000,6.5000,23,18.0000,1.0000,,1.0000,-3.7500,2.0000,-5.0000,3.0000,-6.7500,,-0.2500,,-0.2500
2015-04-16,2015,-1,4408.2500,1.0000,-5.5000,-5.2500,-5.0000,-10.7500,12,-9.5000,3.7500,1,20.0000,4.5000,24.0000,3.0000,-7.2500,3.0000,-7.2500,3.0000,-7.2500,10.0000,-8.7500,,-5.5000
2015-04-17,2015,1,4374.2500,1.5000,-18.7500,-18.7500,-5.2500,-23.5000,13,-19.7500,8.5000,5,1.0000,2.5000,10.0000,10.0000,-5.2500,11.0000,-11.2500,11.0000,-11.2500,13.0000,-19.7500,13.0000,-19.7500
2015-04-20,2015,1,4368.5000,0.7500,21.0000,21.2500,-0.5000,-3.0000,2,-2.5000,27.7500,29,4.0000,-1.2500,5.0000,2.0000,-2.0000,,21.0000,,21.0000,,21.0000,,21.0000
2015-04-21,2015,1,4439.5000,0.7500,-8.7500,-8.5000,-6.5000,-16.2500,10,-15.0000,1.0000,1,6.0000,5.7500,7.0000,2.0000,-4.7500,2.0000,-4.7500,2.0000,-4.7500,4.0000,-7.2500,10.0000,-15.2500
2015-04-22,2015,-1,4436.5000,0.7500,17.7500,17.7500,17.7500,-3.2500,1,-2.2500,17.7500,30,12.0000,-3.2500,,1.0000,-2.2500,,17.7500,,17.7500,,17.7500,,17.7500
2015-04-23,2015,1,4441.5000,1.1250,18.2500,17.7500,2.5000,-2.5000,1,1.0000,19.7500,30,7.0000,-3.5000,13.0000,,18.2500,,18.2500,,18.2500,,18.2500,,18.2500
2015-04-24,2015,-1,4517.5000,1.2500,-0.5000,-0.2500,-0.5000,-4.5000,20,-3.2500,6.5000,10,1.0000,3.2500,,27.0000,-3.2500,,-0.5000,,-0.5000,,-0.5000,,-0.5000
2015-04-27,2015,1,4546.0000,0.7500,7.7500,8.0000,-2.5000,-5.7500,2,-4.0000,9.5000,30,10.0000,2.0000,16.0000,1.0000,-2.5000,3.0000,-4.0000,,7.7500,,7.7500,,7.7500
2015-04-28,2015,-1,4516.2500,1.0000,23.0000,23.0000,10.2500,-9.0000,5,-8.2500,23.0000,30,17.0000,-10.5000,19.0000,1.0000,-5.2500,1.0000,-5.2500,4.0000,-8.2500,4.0000,-8.2500,,23.0000
2015-04-29,2015,1,4494.2500,2.2500,2.2500,2.5000,2.2500,-0.7500,1,1.2500,16.7500,15,1.0000,2.5000,,,2.2500,,2.2500,,2.2500,,2.2500,,2.2500
2015-04-30,2015,1,4459.5000,1.5000,-14.0000,-14.0000,-6.0000,-18.2500,29,-15.7500,15.0000,10,1.0000,4.0000,23.0000,20.0000,-4.0000,26.0000,-6.5000,27.0000,-12.2500,28.0000,-12.5000,,-14.0000
2015-05-01,2015,1,4435.7500,1.2500,3.5000,3.7500,3.5000,-9.7500,6,-8.0000,10.5000,16,9.0000,3.5000,,1.0000,-4.2500,5.0000,-8.0000,5.0000,-8.0000,,3.5000,,3.5000
2015-05-04,2015,1,4487.2500,0.7500,12.5000,12.5000,12.5000,-1.0000,2,0.5000,16.2500,27,1.0000,0.7500,,,12.5000,,12.5000,,12.5000,,12.5000,,12.5000
2015-05-05,2015,-1,4457.0000,1.5000,25.0000,24.7500,25.0000,-9.0000,4,-6.5000,26.2500,30,6.0000,5.2500,,1.0000,-5.7500,4.0000,-6.5000,,25.0000,,25.0000,,25.0000
2015-05-06,2015,1,4417.0000,1.1250,-45.0000,-45.0000,-42.5000,-46.7500,30,-45.0000,0.2500,1,24.0000,42.0000,29.0000,1.0000,-4.2500,2.0000,-5.0000,3.0000,-8.7500,4.0000,-10.2500,6.0000,-14.0000
2015-05-07,2015,-1,4370.2500,2.2500,-6.7500,-6.7500,-24.2500,-27.5000,10,-27.2500,3.5000,3,13.0000,23.5000,17.0000,1.0000,-5.0000,5.0000,-9.5000,8.0000,-19.5000,8.0000,-19.5000,11.0000,-27.0000
2015-05-08,2015,1,4446.2500,1.7500,3.7500,3.7500,3.7500,-6.2500,8,-4.0000,10.5000,13,10.0000,2.5000,,8.0000,-4.0000,,3.7500,,3.7500,,3.7500,,3.7500
2015-05-11,2015,1,4459.5000,1.2500,0.5000,0.5000,-8.0000,-13.5000,23,-11.0000,5.0000,4,1.0000,4.7500,9.0000,8.0000,-3.0000,9.0000,-8.0000,9.0000,-8.0000,24.0000,-10.7500,,0.5000
2015-05-12,2015,-1,4399.2500,1.3750,14.7500,15.0000,14.7500,-3.2500,3,-2.0000,24.7500,14,8.0000,-4.2500,,,14.7500,,14.7500,,14.7500,,14.7500,,14.7500
2015-05-13,2015,1,4445.0000,1.6250,-1.2500,-0.7500,-1.2500,-3.7500,29,-1.2500,12.7500,5,1.0000,2.5000,,,-1.2500,,-1.2500,,-1.2500,,-1.2500,,-1.2500
2015-05-14,2015,-1,4456.0000,0.8750,5.2500,5.2500,5.2500,-4.2500,2,-3.0000,12.0000,13,11.0000,-1.7500,,6.0000,-2.7500,,5.2500,,5.2500,,5.2500,,5.2500
2015-05-15,2015,1,4505.5000,1.0000,-22.5000,-22.7500,-13.7500,-25.2500,29,-22.7500,1.2500,1,15.0000,12.7500,21.0000,2.0000,-2.7500,4.0000,-9.0000,4.0000,-9.0000,4.0000,-9.0000,6.0000,-12.0000
2015-05-18,2015,-1,4480.2500,0.8750,-11.5000,-11.2500,-4.2500,-12.7500,30,-12.0000,2.0000,1,12.0000,4.2500,15.0000,2.0000,-3.0000,6.0000,-3.7500,17.0000,-5.5000,18.0000,-9.7500,29.0000,-11.7500
2015-05-19,2015,1,4517.7500,1.0000,-3.0000,-3.0000,-3.0000,-9.7500,6,-8.5000,1.7500,1,11.0000,6.7500,,3.0000,-5.7500,3.0000,-5.7500,4.0000,-6.7500,5.0000,-8.5000,,-3.0000
2015-05-20,2015,-1,4501.7500,0.7500,12.7500,12.7500,12.7500,0.0000,1,2.7500,19.5000,13,2.0000,-1.7500,,,12.7500,,12.7500,,12.7500,,12.7500,,12.7500
2015-05-21,2015,1,4498.5000,0.8750,6.0000,6.2500,6.0000,-2.2500,1,-0.2500,9.0000,29,27.0000,-4.5000,,,6.0000,,6.0000,,6.0000,,6.0000,,6.0000
2015-05-22,2015,1,4531.2500,0.7500,2.5000,2.2500,2.5000,-5.7500,2,-3.5000,6.7500,11,5.0000,1.7500,,2.0000,-3.7500,2.0000,-3.7500,,2.5000,,2.5000,,2.5000
2015-05-26,2015,1,4517.5000,1.0000,-27.5000,-27.5000,-13.0000,-33.7500,29,-32.7500,4.2500,1,11.0000,9.2500,12.0000,2.0000,-6.0000,2.0000,-6.0000,3.0000,-11.2500,3.0000,-11.2500,12.0000,-13.0000
2015-05-27,2015,-1,4482.2500,0.7500,-25.7500,-26.0000,-25.7500,-32.5000,23,-31.5000,5.2500,1,25.0000,29.0000,,3.0000,-3.0000,4.0000,-4.2500,5.0000,-5.2500,8.0000,-8.2500,10.0000,-10.5000
2015-05-28,2015,1,4540.0000,1.0000,-14.7500,-15.0000,-5.0000,-17.5000,29,-16.5000,7.5000,4,1.0000,1.7500,18.0000,18.0000,-5.0000,18.0000,-5.0000,20.0000,-7.5000,23.0000,-12.5000,23.0000,-12.5000
2015-05-29,2015,1,4536.0000,1.0000,-2.0000,-2.0000,-6.7500,-10.7500,14,-10.2500,1.0000,9,6.0000,6.2500,10.0000,1.0000,-2.2500,3.0000,-7.0000,3.0000,-7.0000,13.0000,-10.2500,,-2.0000
2015-06-01,2015,-1,4529.2500,0.7500,17.0000,16.7500,17.0000,-0.2500,1,3.2500,33.0000,20,1.0000,1.5000,,,17.0000,,17.0000,,17.0000,,17.0000,,17.0000
2015-06-02,2015,-1,4503.2500,2.0000,7.0000,7.0000,7.0000,-5.5000,1,-2.0000,19.5000,18,4.0000,-3.0000,,,7.0000,,7.0000,,7.0000,,7.0000,,7.0000
2015-06-03,2015,-1,4528.5000,1.6250,5.2500,5.2500,5.2500,-0.7500,28,0.7500,14.7500,4,1.0000,1.0000,,,5.2500,,5.2500,,5.2500,,5.2500,,5.2500
2015-06-04,2015,1,4500.7500,1.3750,24.2500,24.5000,24.2500,-7.5000,3,-5.5000,24.5000,30,6.0000,2.2500,,3.0000,-5.5000,,24.2500,,24.2500,,24.2500,,24.2500
2015-06-05,2015,-1,4479.7500,1.7500,0.0000,-0.2500,0.0000,-1.2500,30,-0.2500,30.5000,9,1.0000,2.2500,,,0.0000,,0.0000,,0.0000,,0.0000,,0.0000
2015-06-08,2015,-1,4469.2500,1.2500,13.7500,13.2500,13.7500,-9.2500,3,-6.0000,14.7500,30,6.0000,3.0000,,2.0000,-3.7500,3.0000,-6.0000,,13.7500,,13.7500,,13.7500
2015-06-09,2015,1,4428.0000,1.2500,-24.5000,-24.7500,-6.0000,-31.0000,29,-29.7500,0.5000,1,1.0000,4.7500,5.0000,2.0000,-4.0000,5.0000,-6.0000,6.0000,-10.5000,6.0000,-10.5000,10.0000,-17.5000
2015-06-10,2015,-1,4435.5000,1.0000,-15.2500,-15.2500,-16.5000,-19.2500,23,-18.0000,2.0000,1,26.0000,16.2500,28.0000,1.0000,-6.0000,1.0000,-6.0000,2.0000,-7.5000,3.0000,-12.2500,3.0000,-12.2500
2015-06-11,2015,1,4500.0000,1.2500,0.7500,0.5000,0.7500,-9.2500,10,-8.0000,5.7500,19,15.0000,3.0000,,2.0000,-3.7500,8.0000,-7.7500,8.0000,-7.7500,,0.7500,,0.7500
2015-06-12,2015,1,4460.7500,1.2500,3.7500,3.5000,-3.5000,-9.2500,13,-7.7500,8.7500,2,2.0000,0.2500,6.0000,6.0000,-3.5000,12.0000,-6.5000,13.0000,-7.7500,,3.7500,,3.7500
2015-06-15,2015,-1,4400.2500,1.0000,1.2500,1.2500,1.2500,-9.0000,9,-7.2500,13.7500,18,11.0000,6.0000,,5.0000,-4.0000,6.0000,-3.7500,8.0000,-7.0000,,1.2500,,1.2500
2015-06-16,2015,1,4421.7500,1.2500,11.5000,11.2500,11.5000,-2.0000,2,-0.7500,18.0000,7,4.0000,0.2500,,,11.5000,,11.5000,,11.5000,,11.5000,,11.5000
2015-06-17,2015,1,4460.2500,0.7500,0.5000,0.5000,-1.0000,-3.7500,24,-3.0000,5.2500,3,1.0000,0.7500,5.0000,21.0000,-2.7500,,0.5000,,0.5000,,0.5000,,0.5000
2015-06-18,2015,1,4484.5000,1.0000,16.7500,16.5000,16.7500,-1.0000,1,0.5000,19.5000,15,3.0000,-1.5000,,,16.7500,,16.7500,,16.7500,,16.7500,,16.7500
2015-06-19,2015,1,4532.2500,1.0000,-15.0000,-15.0000,-15.0000,-20.0000,18,-19.5000,0.2500,1,25.0000,16.7500,,1.0000,-3.5000,2.0000,-4.5000,4.0000,-8.2500,5.0000,-9.2500,7.0000,-12.5000
2015-06-22,2015,1,4541.2500,1.3750,-3.0000,-3.0000,-3.2500,-9.5000,12,-7.0000,4.7500,3,1.0000,2.2500,5.0000,5.0000,-3.2500,6.0000,-6.5000,,-3.0000,,-3.0000,,-3.0000
2015-06-23,2015,1,4543.2500,1.0000,-10.0000,-10.2500,-8.5000,-10.7500,30,-10.2500,0.2500,1,13.0000,7.5000,21.0000,2.0000,-3.0000,5.0000,-6.5000,5.0000,-6.5000,21.0000,-8.5000,,-10.0000
2015-06-24,2015,1,4533.7500,1.0000,8.7500,8.7500,3.2500,-0.2500,1,1.7500,11.0000,29,4.0000,-3.7500,15.0000,,8.7500,,8.7500,,8.7500,,8.7500,,8.7500
2015-06-25,2015,-1,4530.5000,0.7500,5.2500,5.0000,5.2500,-1.7500,1,-0.7500,12.2500,10,1.0000,3.2500,,,5.2500,,5.2500,,5.2500,,5.2500,,5.2500
2015-06-26,2015,-1,4499.7500,1.5000,-12.2500,-12.2500,-4.5000,-17.2500,29,-15.2500,10.2500,8,1.0000,2.7500,22.0000,22.0000,-4.5000,23.0000,-7.7500,26.0000,-11.0000,28.0000,-14.7500,,-12.2500
2015-06-29,2015,-1,4424.7500,1.2500,-15.2500,-15.0000,-15.2500,-26.7500,14,-25.5000,3.0000,1,24.0000,19.7500,,2.0000,-7.2500,2.0000,-7.2500,3.0000,-8.5000,8.0000,-13.5000,11.0000,-15.7500
2015-06-30,2015,-1,4398.2500,1.8750,8.7500,8.5000,2.0000,-4.5000,1,-3.0000,15.0000,28,10.0000,-3.2500,13.0000,,8.7500,,8.7500,,8.7500,,8.7500,,8.7500
2015-07-01,2015,-1,4425.2500,1.0000,-10.2500,-10.2500,-7.0000,-13.2500,30,-11.7500,3.2500,14,14.0000,5.2500,21.0000,2.0000,-3.7500,3.0000,-6.7500,3.0000,-6.7500,6.0000,-9.5000,,-10.2500
2015-07-02,2015,1,4434.0000,1.6250,-7.5000,-7.5000,-7.2500,-9.0000,30,-8.0000,2.7500,16,11.0000,4.7500,19.0000,8.0000,-5.2500,19.0000,-7.2500,,-7.5000,,-7.5000,,-7.5000
2015-07-06,2015,-1,4391.2500,1.2500,-15.5000,-15.0000,-2.7500,-20.7500,29,-20.5000,6.5000,1,1.0000,1.5000,3.0000,3.0000,-2.7500,4.0000,-5.7500,5.0000,-12.0000,5.0000,-12.0000,16.0000,-16.0000
2015-07-07,2015,-1,4411.2500,1.6250,26.0000,25.7500,26.0000,0.0000,1,2.2500,28.0000,28,3.0000,-2.2500,,,26.0000,,26.0000,,26.0000,,26.0000,,26.0000
2015-07-08,2015,-1,4385.5000,1.2500,20.2500,20.2500,20.2500,-10.7500,5,-9.0000,23.7500,29,9.0000,3.5000,,1.0000,-5.2500,2.0000,-8.7500,2.0000,-8.7500,,20.2500,,20.2500
2015-07-09,2015,1,4404.0000,1.2500,-8.5000,-8.5000,-8.5000,-15.7500,16,-13.0000,3.2500,3,18.0000,12.5000,,4.0000,-4.7500,5.0000,-5.2500,8.0000,-8.7500,13.0000,-10.5000,,-8.5000
2015-07-10,2015,1,4399.7500,0.7500,-4.7500,-4.7500,-2.0000,-8.5000,10,-8.0000,2.5000,1,5.0000,1.5000,6.0000,1.0000,-2.2500,7.0000,-3.7500,10.0000,-6.5000,10.0000,-6.5000,,-4.7500
2015-07-13,2015,1,4451.7500,0.7500,18.5000,18.7500,1.7500,-1.5000,1,0.7500,22.0000,18,4.0000,-1.7500,6.0000,,18.5000,,18.5000,,18.5000,,18.5000,,18.5000
2015-07-14,2015,1,4494.0000,0.7500,9.7500,9.7500,2.5000,-1.5000,2,-0.7500,10.5000,19,4.0000,-2.5000,8.0000,,9.7500,,9.7500,,9.7500,,9.7500,,9.7500
2015-07-15,2015,1,4526.2500,0.7500,7.5000,7.5000,-4.7500,-6.7500,9,-4.7500,8.7500,26,1.0000,3.0000,7.0000,5.0000,-1.2500,7.0000,-4.7500,7.0000,-4.7500,,7.5000,,7.5000
2015-07-16,2015,-1,4555.2500,0.7500,-5.2500,-5.2500,-5.2500,-9.7500,18,-9.2500,4.2500,8,,,,1.0000,-1.7500,16.0000,-5.2500,16.0000,-5.2500,18.0000,-9.5000,18.0000,-9.5000
2015-07-17,2015,1,4623.2500,1.1250,4.2500,4.0000,-2.0000,-7.7500,11,-6.5000,4.2500,30,5.0000,0.7500,8.0000,9.0000,-6.2500,9.0000,-6.2500,,4.2500,,4.2500,,4.2500
2015-07-20,2015,-1,4660.2500,0.5000,3.2500,3.2500,2.7500,-3.7500,22,-3.7500,10.0000,13,4.0000,-3.2500,7.0000,20.0000,-2.2500,20.0000,-2.2500,22.0000,-3.2500,,3.2500,,3.2500
2015-07-21,2015,-1,4667.5000,1.0000,-9.5000,-9.2500,0.0000,-11.0000,28,-10.0000,7.2500,7,4.0000,-1.7500,11.0000,12.0000,-2.5000,19.0000,-4.2500,26.0000,-6.5000,27.0000,-8.7500,,-9.5000
2015-07-22,2015,1,4613.0000,1.3750,18.2500,18.0000,18.2500,-3.2500,18,-1.7500,19.0000,27,1.0000,6.5000,,,18.2500,,18.2500,,18.2500,,18.2500,,18.2500
2015-07-23,2015,1,4621.0000,1.0000,-2.7500,-2.5000,-6.5000,-11.2500,12,-9.5000,5.0000,3,17.0000,6.2500,19.0000,5.0000,-4.7500,5.0000,-4.7500,8.0000,-7.7500,9.0000,-9.5000,,-2.7500
2015-07-24,2015,-1,4608.7500,0.8750,2.2500,2.2500,-8.0000,-9.5000,24,-8.7500,8.2500,4,1.0000,5.7500,22.0000,13.0000,-2.5000,18.0000,-4.5000,22.0000,-8.0000,22.0000,-8.0000,,2.2500
2015-07-27,2015,-1,4519.0000,1.5000,-7.5000,-7.0000,1.5000,-14.7500,25,-12.7500,11.7500,5,4.0000,-2.0000,12.0000,18.0000,-4.7500,19.0000,-6.2500,20.0000,-10.2500,24.0000,-12.5000,,-7.5000
2015-07-28,2015,-1,4525.5000,1.0000,7.0000,6.7500,7.0000,-0.7500,1,2.5000,24.2500,18,1.0000,1.2500,,,7.0000,,7.0000,,7.0000,,7.0000,,7.0000
2015-07-29,2015,1,4565.7500,1.0000,-19.2500,-19.2500,-19.2500,-20.2500,30,-19.2500,2.7500,2,,,,3.0000,-3.0000,6.0000,-4.5000,13.0000,-7.0000,14.0000,-9.2500,17.0000,-13.0000
2015-07-30,2015,1,4564.7500,1.5000,-29.0000,-29.0000,-18.0000,-34.0000,29,-32.5000,1.5000,1,11.0000,16.2500,14.0000,1.0000,-5.2500,4.0000,-7.7500,5.0000,-12.2500,5.0000,-12.2500,15.0000,-20.0000
2015-07-31,2015,-1,4599.2500,1.5000,9.7500,9.7500,9.7500,-3.7500,1,0.5000,15.7500,27,17.0000,-4.0000,,,9.7500,,9.7500,,9.7500,,9.7500,,9.7500
2015-08-03,2015,1,4589.7500,1.0000,3.7500,3.7500,3.7500,-9.5000,13,-7.2500,9.5000,24,17.0000,3.7500,,1.0000,-3.5000,3.0000,-4.2500,12.0000,-7.5000,,3.7500,,3.7500
2015-08-04,2015,1,4573.2500,1.2500,-11.0000,-11.2500,-11.0000,-20.7500,9,-18.7500,1.2500,22,11.0000,16.5000,,1.0000,-7.5000,1.0000,-7.5000,2.0000,-11.2500,2.0000,-11.2500,6.0000,-17.5000
2015-08-05,2015,-1,4585.2500,0.7500,-25.5000,-25.2500,-17.5000,-31.7500,22,-29.7500,1.0000,1,11.0000,12.5000,14.0000,1.0000,-4.2500,1.0000,-4.2500,3.0000,-9.0000,3.0000,-9.0000,4.0000,-13.2500
2015-08-06,2015,1,4604.2500,0.7500,-34.5000,-34.2500,-22.7500,-39.2500,29,-36.5000,0.2500,1,14.0000,21.5000,15.0000,1.0000,-2.2500,2.0000,-8.7500,2.0000,-8.7500,2.0000,-8.7500,3.0000,-13.0000
2015-08-07,2015,-1,4505.7500,1.8750,-14.5000,-14.7500,-14.5000,-23.0000,27,-21.2500,7.5000,17,29.0000,18.5000,,5.0000,-5.0000,9.0000,-7.7500,21.0000,-14.5000,22.0000,-16.0000,,-14.5000
2015-08-10,2015,1,4559.2500,0.8750,3.7500,4.0000,3.5000,-3.0000,1,-3.0000,13.7500,18,12.0000,-5.0000,23.0000,1.0000,-2.7500,,3.7500,,3.7500,,3.7500,,3.7500
2015-08-11,2015,-1,4538.2500,1.7500,-13.0000,-13.5000,-10.5000,-25.0000,17,-23.7500,4.2500,1,1.0000,4.7500,2.0000,2.0000,-10.5000,2.0000,-10.5000,3.0000,-14.2500,3.0000,-14.2500,12.0000,-23.7500
2015-08-12,2015,-1,4465.5000,1.5000,9.7500,9.7500,9.7500,-4.2500,2,-2.7500,16.5000,19,1.0000,4.7500,,,9.7500,,9.7500,,9.7500,,9.7500,,9.7500
2015-08-13,2015,1,4536.0000,1.5000,-16.7500,-16.2500,-9.7500,-23.2500,18,-22.2500,8.0000,2,1.0000,7.5000,7.0000,6.0000,-5.0000,7.0000,-9.7500,7.0000,-9.7500,8.0000,-13.5000,15.0000,-19.5000
2015-08-14,2015,-1,4506.7500,1.1250,-16.7500,-16.7500,-5.0000,-18.2500,30,-16.7500,1.0000,14,14.0000,4.5000,16.0000,1.0000,-6.5000,1.0000,-6.5000,3.0000,-9.2500,3.0000,-9.2500,19.0000,-14.0000
2015-08-17,2015,-1,4504.7500,1.0000,-4.0000,-4.0000,-4.0000,-10.0000,25,-8.2500,1.5000,1,,,,1.0000,-2.5000,2.0000,-4.0000,7.0000,-8.2500,7.0000,-8.2500,,-4.0000
2015-08-18,2015,-1,4547.7500,1.1250,2.5000,2.7500,-2.5000,-8.7500,2,-8.0000,5.2500,9,10.0000,2.0000,17.0000,1.0000,-5.2500,1.0000,-5.2500,3.0000,-8.2500,,2.5000,,2.5000
2015-08-19,2015,-1,4521.2500,1.5000,7.0000,6.7500,7.0000,0.0000,1,1.7500,20.7500,18,4.0000,-3.7500,,,7.0000,,7.0000,,7.0000,,7.0000,,7.0000
2015-08-20,2015,-1,4465.0000,1.8750,9.7500,10.0000,9.7500,-17.2500,9,-16.5000,11.5000,30,14.0000,11.2500,,5.0000,-9.7500,5.0000,-9.7500,7.0000,-12.7500,9.0000,-16.5000,,9.7500
2015-08-21,2015,-1,4309.5000,2.1250,-39.0000,-38.7500,-25.0000,-42.0000,30,-40.0000,0.7500,1,11.0000,20.2500,17.0000,1.0000,-4.7500,3.0000,-11.0000,4.0000,-14.0000,6.0000,-21.0000,21.0000,-27.5000
2015-08-25,2015,1,4165.5000,4.8750,-3.7500,-4.2500,-3.7500,-31.0000,11,-27.0000,8.0000,20,15.0000,17.2500,,4.0000,-11.7500,11.0000,-23.7500,,-3.7500,,-3.7500,,-3.7500
2015-08-26,2015,1,4145.7500,4.2500,-30.2500,-30.7500,-19.2500,-45.2500,21,-41.0000,4.0000,1,1.0000,7.7500,3.0000,3.0000,-19.2500,3.0000,-19.2500,5.0000,-30.7500,9.0000,-40.0000,,-30.2500
2015-08-27,2015,1,4284.0000,2.0000,-6.2500,-6.5000,-4.7500,-19.7500,28,-18.2500,15.5000,13,7.0000,2.7500,17.0000,2.0000,-10.7500,2.0000,-10.7500,24.0000,-18.0000,24.0000,-18.0000,,-6.2500
2015-08-28,2015,1,4311.2500,2.2500,6.2500,5.7500,-2.7500,-12.7500,17,-10.5000,13.0000,3,1.0000,2.5000,13.0000,15.0000,-6.7500,16.0000,-10.2500,,6.2500,,6.2500,,6.2500
2015-08-31,2015,1,4309.7500,1.6250,-25.7500,-26.2500,-25.7500,-29.2500,28,-27.2500,6.0000,2,,,,3.0000,-4.0000,8.0000,-8.7500,13.0000,-10.7500,17.0000,-16.7500,27.0000,-21.5000
2015-09-01,2015,1,4180.0000,4.6250,12.7500,13.2500,8.0000,-3.0000,1,0.5000,43.0000,14,4.0000,-7.7500,10.0000,,12.7500,,12.7500,,12.7500,,12.7500,,12.7500
2015-09-02,2015,-1,4203.0000,2.7500,6.2500,6.2500,5.0000,-4.2500,8,0.5000,22.5000,13,4.0000,-8.0000,5.0000,,6.2500,,6.2500,,6.2500,,6.2500,,6.2500
2015-09-03,2015,-1,4261.0000,3.1250,2.2500,2.5000,-7.5000,-26.0000,10,-24.5000,3.7500,1,1.0000,4.0000,2.0000,2.0000,-7.5000,6.0000,-13.7500,8.0000,-20.0000,,2.2500,,2.2500
2015-09-04,2015,1,4180.7500,4.8750,4.2500,4.2500,-2.0000,-9.5000,22,-7.5000,22.7500,13,4.0000,-4.2500,18.0000,,4.2500,,4.2500,,4.2500,,4.2500,,4.2500
2015-09-08,2015,-1,4264.7500,1.6250,-4.7500,-4.7500,-12.0000,-26.7500,18,-24.2500,0.5000,3,8.0000,6.7500,9.0000,1.0000,-6.0000,5.0000,-7.0000,9.0000,-12.0000,10.0000,-16.2500,17.0000,-23.0000
2015-09-09,2015,-1,4347.0000,1.5000,13.0000,12.7500,13.0000,-5.2500,5,-2.5000,20.0000,21,8.0000,1.2500,,,13.0000,,13.0000,,13.0000,,13.0000,,13.0000
2015-09-10,2015,1,4245.5000,2.3750,7.5000,7.2500,-7.0000,-10.7500,4,-7.5000,16.5000,9,1.0000,5.2500,4.0000,4.0000,-7.0000,,7.5000,,7.5000,,7.5000,,7.5000
2015-09-11,2015,1,4271.2500,1.6250,-9.7500,-9.7500,-6.5000,-16.5000,28,-15.5000,7.0000,9,1.0000,3.7500,2.0000,2.0000,-6.5000,2.0000,-6.5000,27.0000,-11.0000,28.0000,-15.5000,,-9.7500
2015-09-14,2015,-1,4322.2500,1.5000,23.5000,23.7500,23.5000,-0.2500,1,4.0000,31.5000,18,3.0000,-4.0000,,,23.5000,,23.5000,,23.5000,,23.5000,,23.5000
2015-09-15,2015,-1,4301.7500,1.8750,-9.0000,-9.0000,-5.2500,-9.5000,30,-9.0000,9.2500,17,1.0000,4.5000,23.0000,23.0000,-5.2500,30.0000,-9.0000,,-9.0000,,-9.0000,,-9.0000
2015-09-16,2015,1,4351.2500,1.2500,-12.2500,-12.5000,-5.0000,-16.0000,28,-14.7500,7.5000,1,2.0000,0.2500,8.0000,8.0000,-5.0000,11.0000,-7.2500,12.0000,-10.2500,16.0000,-11.0000,,-12.2500
2015-09-17,2015,1,4370.5000,1.2500,4.7500,4.7500,4.7500,-6.2500,6,-5.2500,5.7500,30,12.0000,4.0000,,5.0000,-3.5000,9.0000,-5.0000,,4.7500,,4.7500,,4.7500
2015-09-18,2015,1,4322.5000,3.8750,2.5000,2.2500,-1.7500,-4.5000,19,-3.0000,14.2500,14,1.0000,1.2500,3.0000,,2.5000,,2.5000,,2.5000,,2.5000,,2.5000
2015-09-21,2015,-1,4333.2500,1.6250,-2.2500,-2.2500,-5.2500,-13.2500,20,-11.0000,6.5000,9,7.0000,4.2500,13.0000,3.0000,-5.0000,15.0000,-7.7500,18.0000,-11.0000,,-2.2500,,-2.2500
2015-09-22,2015,1,4265.0000,2.1250,1.0000,1.2500,-8.2500,-13.2500,20,-11.5000,8.5000,12,6.0000,5.5000,17.0000,3.0000,-7.2500,20.0000,-11.5000,,1.0000,,1.0000,,1.0000
2015-09-23,2015,-1,4262.7500,2.6250,0.2500,0.0000,-8.5000,-10.2500,4,-8.5000,15.2500,19,1.0000,5.7500,3.0000,3.0000,-8.5000,,0.2500,,0.2500,,0.2500,,0.2500
2015-09-24,2015,1,4229.2500,2.2500,-14.7500,-14.5000,-14.7500,-29.0000,18,-25.7500,4.5000,1,20.0000,25.0000,,5.0000,-5.2500,8.0000,-12.2500,11.0000,-14.2500,13.0000,-19.7500,,-14.7500
2015-09-25,2015,-1,4290.5000,2.0000,9.5000,9.7500,-2.2500,-5.5000,18,-2.5000,14.7500,8,2.0000,0.0000,18.0000,,9.5000,,9.5000,,9.5000,,9.5000,,9.5000
2015-09-28,2015,-1,4177.0000,2.5000,16.0000,16.0000,16.0000,-19.2500,11,-17.0000,23.7500,28,13.0000,15.5000,,4.0000,-6.5000,5.0000,-12.5000,10.0000,-17.0000,,16.0000,,16.0000
2015-09-29,2015,-1,4095.0000,1.8750,-15.7500,-15.5000,-11.7500,-25.0000,28,-18.7500,22.2500,18,1.0000,8.5000,25.0000,24.0000,-6.0000,25.0000,-11.7500,25.0000,-11.7500,27.0000,-17.5000,,-15.7500
2015-09-30,2015,1,4133.2500,1.5000,2.0000,1.7500,1.0000,-2.5000,2,0.0000,19.2500,9,4.0000,-1.7500,14.0000,,2.0000,,2.0000,,2.0000,,2.0000,,2.0000
2015-10-01,2015,-1,4172.0000,1.6250,40.2500,40.0000,40.2500,-1.0000,1,9.5000,51.0000,29,2.0000,0.2500,,,40.2500,,40.2500,,40.2500,,40.2500,,40.2500
2015-10-02,2015,-1,4121.2500,4.8750,-6.2500,-6.2500,-7.0000,-15.7500,10,-15.5000,9.7500,19,19.0000,2.5000,23.0000,8.0000,-15.2500,,-6.2500,,-6.2500,,-6.2500,,-6.2500
2015-10-05,2015,-1,4280.0000,1.5000,-4.0000,-4.0000,-4.0000,-14.2500,28,-12.2500,1.0000,11,30.0000,9.7500,,1.0000,-4.2500,3.0000,-8.2500,4.0000,-11.0000,28.0000,-12.5000,,-4.0000
2015-10-06,2015,1,4310.0000,1.2500,3.2500,3.2500,0.2500,-5.7500,5,-4.7500,12.0000,26,2.0000,-1.5000,3.0000,4.0000,-3.7500,,3.2500,,3.2500,,3.2500,,3.2500
2015-10-07,2015,-1,4319.2500,1.5000,-11.0000,-10.7500,-11.0000,-13.5000,29,-12.2500,10.7500,3,,,,13.0000,-4.5000,14.0000,-7.7500,25.0000,-10.0000,28.0000,-12.2500,,-11.0000
2015-10-08,2015,-1,4300.5000,1.5000,0.7500,1.0000,-6.5000,-8.7500,14,-6.7500,8.5000,7,5.0000,3.2500,13.0000,1.0000,-3.5000,13.0000,-6.5000,,0.7500,,0.7500,,0.7500
2015-10-09,2015,-1,4340.0000,1.5000,-5.0000,-5.2500,3.7500,-16.2500,22,-14.7500,8.7500,4,4.0000,-4.0000,5.0000,10.0000,-4.0000,12.0000,-7.7500,13.0000,-9.5000,20.0000,-13.0000,,-5.0000
2015-10-12,2015,-1,4364.0000,1.0000,6.0000,6.2500,-2.7500,-10.7500,14,-10.5000,8.7500,5,4.0000,-1.0000,9.0000,9.0000,-2.7500,13.0000,-8.7500,13.0000,-8.7500,13.0000,-8.7500,,6.0000
2015-10-13,2015,1,4348.5000,1.2500,18.2500,18.0000,18.2500,-6.0000,1,-5.2500,19.2500,30,8.0000,-5.0000,,1.0000,-5.2500,1.0000,-5.2500,,18.2500,,18.2500,,18.2500
2015-10-14,2015,1,4345.2500,1.5000,9.2500,9.2500,9.2500,-3.5000,2,-3.0000,19.7500,27,6.0000,-2.2500,,,9.2500,,9.2500,,9.2500,,9.2500,,9.2500
2015-10-15,2015,-1,4352.0000,1.5000,-7.2500,-7.2500,-7.2500,-23.7500,13,-21.2500,3.5000,1,16.0000,19.7500,,3.0000,-10.0000,3.0000,-10.0000,3.0000,-10.0000,8.0000,-12.5000,11.0000,-18.5000
2015-10-16,2015,-1,4412.2500,1.0000,-3.0000,-3.2500,-0.5000,-4.2500,30,-3.2500,7.5000,9,2.0000,-0.7500,13.0000,29.0000,-2.7500,,-3.0000,,-3.0000,,-3.0000,,-3.0000
2015-10-19,2015,1,4419.7500,1.0000,13.7500,13.7500,13.7500,-8.7500,8,-8.0000,15.5000,29,11.0000,6.2500,,5.0000,-3.7500,6.0000,-5.0000,8.0000,-8.2500,,13.7500,,13.7500
2015-10-20,2015,1,4447.2500,1.0000,-3.7500,-4.0000,-7.7500,-14.2500,7,-12.7500,1.2500,28,16.0000,7.0000,22.0000,2.0000,-3.2500,3.0000,-12.5000,3.0000,-12.5000,3.0000,-12.5000,3.0000,-12.5000
2015-10-21,2015,-1,4448.7500,0.7500,14.2500,14.5000,5.7500,-7.5000,13,-4.7500,15.5000,30,8.0000,-7.0000,9.0000,12.0000,-4.5000,12.0000,-4.5000,12.0000,-4.5000,,14.2500,,14.2500
2015-10-22,2015,1,4443.7500,2.0000,16.2500,16.0000,16.2500,-14.5000,5,-13.2500,21.7500,23,6.0000,9.5000,,2.0000,-5.7500,3.0000,-10.7500,4.0000,-13.0000,,16.2500,,16.2500
2015-10-23,2015,-1,4601.0000,1.5000,-4.5000,-4.7500,-6.0000,-20.2500,26,-18.5000,10.5000,6,1.0000,3.5000,12.0000,12.0000,-6.0000,12.0000,-6.0000,18.0000,-9.0000,22.0000,-14.2500,26.0000,-18.5000
2015-10-26,2015,-1,4607.2500,1.2500,5.5000,5.5000,-3.0000,-6.5000,8,-5.7500,8.5000,18,10.0000,1.5000,14.0000,2.0000,-5.0000,6.0000,-5.7500,,5.5000,,5.5000,,5.5000
2015-10-27,2015,1,4615.5000,0.7500,8.0000,8.0000,8.0000,-5.7500,1,-3.2500,13.5000,23,6.0000,-0.2500,,2.0000,-3.0000,4.0000,-2.7500,,8.0000,,8.0000,,8.0000
2015-10-28,2015,-1,4628.7500,1.0000,-1.7500,-2.0000,-5.7500,-8.2500,28,-6.0000,7.2500,8,1.0000,5.0000,27.0000,19.0000,-2.5000,27.0000,-5.7500,,-1.7500,,-1.7500,,-1.7500
2015-10-29,2015,1,4649.7500,1.2500,-2.2500,-2.7500,-1.5000,-6.0000,28,-4.2500,9.7500,6,4.0000,1.0000,21.0000,1.0000,-3.7500,,-2.2500,,-2.2500,,-2.2500,,-2.2500
2015-10-30,2015,-1,4665.2500,1.0000,1.2500,1.0000,-5.2500,-7.2500,14,-5.0000,4.5000,20,9.0000,4.7500,13.0000,4.0000,-3.2500,6.0000,-5.0000,,1.2500,,1.2500,,1.2500
2015-11-02,2015,-1,4650.0000,1.0000,-11.2500,-11.0000,-3.2500,-13.0000,27,-11.5000,5.7500,3,11.0000,-0.7500,13.0000,13.0000,-3.2500,15.0000,-4.5000,17.0000,-8.0000,24.0000,-8.7500,,-11.2500
2015-11-03,2015,-1,4679.7500,1.0000,-5.2500,-5.5000,-5.2500,-11.0000,10,-10.7500,0.7500,1,13.0000,6.7500,,3.0000,-5.5000,3.0000,-5.5000,4.0000,-6.7500,6.0000,-9.0000,,-5.2500
2015-11-04,2015,1,4726.0000,1.0000,-16.0000,-16.0000,-0.5000,-22.7500,29,-20.2500,3.5000,5,4.0000,0.0000,7.0000,9.0000,-2.5000,12.0000,-6.7500,12.0000,-6.7500,13.0000,-9.5000,17.0000,-14.0000
2015-11-05,2015,-1,4714.0000,0.7500,-10.5000,-10.7500,-2.0000,-12.5000,30,-10.7500,5.0000,9,1.0000,0.7500,2.0000,2.0000,-2.0000,5.0000,-3.5000,6.0000,-7.0000,6.0000,-7.0000,27.0000,-9.2500
2015-11-06,2015,1,4693.5000,2.5000,-16.5000,-16.7500,0.0000,-19.7500,29,-18.2500,10.7500,9,9.0000,-2.2500,12.0000,18.0000,-5.7500,22.0000,-11.7500,23.0000,-15.5000,,-16.5000,,-16.5000
2015-11-09,2015,-1,4677.2500,0.8750,3.5000,3.7500,3.5000,-12.2500,8,-11.5000,8.2500,29,18.0000,7.5000,,3.0000,-4.7500,3.0000,-4.7500,4.0000,-6.2500,6.0000,-9.5000,7.0000,-11.7500
2015-11-10,2015,1,4631.2500,1.5000,-0.2500,-0.2500,-3.5000,-16.7500,13,-13.7500,4.5000,25,7.0000,2.5000,8.0000,1.0000,-3.2500,4.0000,-8.0000,9.0000,-10.5000,12.0000,-13.7500,,-0.2500
2015-11-11,2015,-1,4644.2500,1.0000,12.2500,12.2500,-3.5000,-4.0000,5,-3.5000,12.2500,30,1.0000,2.0000,5.0000,5.0000,-3.5000,,12.2500,,12.2500,,12.2500,,12.2500
2015-11-12,2015,1,4616.0000,2.0000,1.5000,1.2500,-10.2500,-11.7500,12,-10.0000,6.5000,27,5.0000,7.0000,11.0000,2.0000,-7.7500,11.0000,-10.2500,,1.5000,,1.5000,,1.5000
2015-11-13,2015,-1,4570.2500,1.5000,13.0000,13.0000,13.0000,-4.5000,4,-2.7500,17.5000,15,6.0000,1.7500,,,13.0000,,13.0000,,13.0000,,13.0000,,13.0000
2015-11-16,2015,1,4492.2500,1.5000,8.5000,8.5000,8.5000,-0.5000,1,5.5000,27.2500,16,2.0000,-0.7500,,,8.5000,,8.5000,,8.5000,,8.5000,,8.5000
2015-11-17,2015,-1,4563.7500,1.2500,-3.5000,-3.2500,-3.5000,-9.5000,28,-8.0000,5.5000,20,16.0000,2.2500,25.0000,3.0000,-4.2500,27.0000,-5.2500,28.0000,-8.0000,,-3.5000,,-3.5000
2015-11-18,2015,-1,4583.5000,1.0000,-9.5000,-9.2500,-9.5000,-15.0000,23,-14.0000,4.7500,1,26.0000,11.7500,,3.0000,-3.5000,4.0000,-3.7500,15.0000,-7.0000,16.0000,-8.7500,22.0000,-12.2500
2015-11-19,2015,1,4657.0000,1.3750,-0.7500,-0.7500,-0.7500,-10.2500,6,-8.7500,7.5000,22,9.0000,6.7500,,3.0000,-4.5000,4.0000,-5.7500,5.0000,-8.2500,,-0.7500,,-0.7500
2015-11-20,2015,1,4675.0000,1.1250,6.7500,6.7500,5.0000,-1.5000,1,0.7500,12.5000,19,17.0000,-5.7500,24.0000,,6.7500,,6.7500,,6.7500,,6.7500,,6.7500
2015-11-23,2015,-1,4686.7500,1.0000,-8.5000,-8.5000,-8.5000,-12.0000,18,-11.5000,4.5000,3,20.0000,9.5000,,6.0000,-3.0000,8.0000,-5.2500,14.0000,-8.2500,14.0000,-8.2500,,-8.5000
2015-11-24,2015,1,4652.5000,1.2500,2.2500,1.7500,2.2500,-2.7500,17,-1.2500,6.7500,23,1.0000,2.7500,,,2.2500,,2.2500,,2.2500,,2.2500,,2.2500
2015-11-25,2015,-1,4674.2500,1.0000,-3.2500,-3.2500,-3.7500,-5.2500,24,-4.5000,10.2500,14,9.0000,1.7500,23.0000,7.0000,-4.2500,27.0000,-4.5000,,-3.2500,,-3.2500,,-3.2500
2015-11-27,2015,-1,4682.7500,1.1250,17.2500,17.2500,-0.2500,-2.7500,1,-1.7500,17.2500,30,4.0000,-0.5000,7.0000,,17.2500,,17.2500,,17.2500,,17.2500,,17.2500
2015-11-30,2015,1,4694.2500,0.7500,-17.2500,-17.2500,-17.2500,-19.0000,28,-18.0000,0.2500,1,,,,1.0000,-3.5000,1.0000,-3.5000,2.0000,-6.2500,2.0000,-6.2500,6.0000,-9.7500
2015-12-01,2015,-1,4684.2500,1.0000,-23.5000,-23.7500,-4.0000,-25.2500,27,-25.2500,2.7500,5,4.0000,1.2500,5.0000,1.0000,-2.5000,6.0000,-7.2500,6.0000,-7.2500,9.0000,-9.0000,15.0000,-14.5000
2015-12-02,2015,-1,4716.7500,0.8750,-18.5000,-18.7500,-13.7500,-21.7500,29,-21.0000,0.5000,3,15.0000,13.5000,16.0000,3.0000,-3.0000,4.0000,-7.7500,4.0000,-7.7500,4.0000,-7.7500,8.0000,-11.5000
2015-12-03,2015,-1,4698.7500,3.1250,19.2500,19.2500,19.2500,-1.2500,6,0.0000,22.0000,18,1.0000,2.0000,,,19.2500,,19.2500,,19.2500,,19.2500,,19.2500
2015-12-04,2015,1,4618.5000,3.2500,33.7500,34.2500,33.7500,-8.5000,1,-4.5000,44.0000,23,6.0000,-0.5000,,,33.7500,,33.7500,,33.7500,,33.7500,,33.7500
2015-12-07,2015,-1,4708.2500,1.2500,8.0000,8.0000,-12.5000,-12.7500,6,-12.2500,13.7500,23,1.0000,7.7500,5.0000,4.0000,-6.0000,4.0000,-6.0000,5.0000,-12.5000,5.0000,-12.5000,,8.0000
2015-12-08,2015,-1,4644.0000,1.5000,-22.2500,-22.2500,-22.2500,-23.7500,17,-22.2500,2.5000,5,19.0000,19.7500,30.0000,6.0000,-4.7500,7.0000,-8.7500,9.0000,-12.0000,9.0000,-12.0000,12.0000,-18.2500
2015-12-09,2015,-1,4670.5000,2.0000,-3.5000,-3.7500,-4.0000,-16.0000,18,-14.0000,10.0000,3,1.0000,3.2500,4.0000,5.0000,-6.0000,8.0000,-9.5000,17.0000,-13.7500,,-3.5000,,-3.5000
2015-12-10,2015,-1,4616.5000,1.5000,-7.0000,-7.2500,-12.2500,-24.5000,15,-22.7500,3.5000,2,1.0000,4.0000,4.0000,3.0000,-4.2500,4.0000,-12.2500,4.0000,-12.2500,6.0000,-13.0000,10.0000,-19.0000
2015-12-11,2015,-1,4585.7500,3.1250,8.7500,8.5000,8.7500,-9.2500,3,-6.2500,19.5000,20,18.0000,-9.5000,30.0000,,8.7500,,8.7500,,8.7500,,8.7500,,8.7500
2015-12-14,2015,-1,4528.0000,2.1250,1.0000,1.5000,1.0000,-18.0000,5,-12.0000,9.5000,12,7.0000,10.7500,,2.0000,-11.5000,2.0000,-11.5000,,1.0000,,1.0000,,1.0000
2015-12-15,2015,1,4610.0000,1.7500,13.7500,13.7500,13.7500,-7.0000,6,-6.0000,20.2500,18,1.0000,7.0000,,1.0000,-4.2500,,13.7500,,13.7500,,13.7500,,13.7500
2015-12-16,2015,1,4629.0000,1.2500,-16.5000,-16.7500,-14.2500,-18.7500,27,-18.2500,2.5000,5,22.0000,12.7500,24.0000,3.0000,-3.0000,15.0000,-7.7500,16.0000,-13.5000,16.0000,-13.5000,17.0000,-16.0000
2015-12-17,2015,-1,4674.5000,1.2500,14.7500,14.7500,14.7500,-2.5000,2,-1.5000,21.0000,19,12.0000,-6.5000,,,14.7500,,14.7500,,14.7500,,14.7500,,14.7500
2015-12-18,2015,-1,4572.0000,2.8750,2.7500,2.2500,-10.5000,-14.7500,19,-11.7500,11.7500,4,12.0000,3.7500,16.0000,16.0000,-10.5000,18.0000,-11.7500,,2.7500,,2.7500,,2.7500
2015-12-21,2015,1,4551.2500,1.6250,-13.5000,-13.7500,-16.2500,-21.2500,25,-20.2500,0.7500,1,16.0000,14.0000,19.0000,1.0000,-4.5000,5.0000,-7.7500,7.0000,-11.7500,8.0000,-16.0000,24.0000,-20.5000
2015-12-22,2015,-1,4565.7500,1.7500,3.5000,3.5000,3.5000,-2.7500,1,-2.7500,12.2500,18,8.0000,-1.7500,,,3.5000,,3.5000,,3.5000,,3.5000,,3.5000
2015-12-23,2015,-1,4605.0000,1.0000,-8.2500,-8.5000,-8.2500,-10.7500,30,-8.7500,4.7500,8,,,,3.0000,-2.5000,18.0000,-5.0000,19.0000,-6.2500,29.0000,-8.7500,,-8.2500
2015-12-24,2015,1,4623.2500,0.7500,-4.2500,-4.5000,-4.0000,-6.2500,15,-5.2500,4.5000,4,17.0000,3.5000,25.0000,8.0000,-3.2500,8.0000,-3.2500,15.0000,-4.7500,,-4.2500,,-4.2500
2015-12-28,2015,-1,4602.0000,1.0000,9.5000,9.2500,0.7500,-5.5000,15,-5.0000,9.5000,30,4.0000,-1.2500,7.0000,10.0000,-2.5000,14.0000,-4.7500,,9.5000,,9.5000,,9.5000
2015-12-29,2015,1,4643.0000,0.7500,19.2500,19.0000,19.2500,0.0000,1,3.0000,21.7500,29,2.0000,-2.2500,,,19.2500,,19.2500,,19.2500,,19.2500,,19.2500
2015-12-30,2015,-1,4678.7500,1.0000,14.0000,14.2500,14.0000,-0.7500,1,2.0000,17.0000,18,1.0000,2.2500,,,14.0000,,14.0000,,14.0000,,14.0000,,14.0000
2015-12-31,2015,-1,4624.0000,1.2500,8.2500,8.5000,6.5000,-2.0000,1,-1.5000,13.0000,19,19.0000,-6.7500,27.0000,,8.2500,,8.2500,,8.2500,,8.2500,,8.2500
2016-01-04,2016,-1,4479.5000,1.7500,25.2500,25.0000,25.2500,-4.7500,5,-2.7500,25.5000,30,10.0000,-4.5000,,,25.2500,,25.2500,,25.2500,,25.2500,,25.2500
2016-01-05,2016,1,4512.7500,1.6250,-31.0000,-31.2500,-17.0000,-31.7500,30,-31.2500,0.2500,1,11.0000,15.5000,18.0000,1.0000,-5.2500,2.0000,-11.7500,2.0000,-11.7500,3.0000,-14.2500,22.0000,-20.5000
2016-01-06,2016,1,4408.2500,1.3750,18.2500,18.0000,18.2500,-5.5000,3,-1.2500,25.2500,19,5.0000,0.0000,,,18.2500,,18.2500,,18.2500,,18.2500,,18.2500
2016-01-07,2016,-1,4336.2500,2.7500,-14.5000,-14.5000,-20.5000,-30.2500,19,-27.7500,4.2500,1,12.0000,20.0000,14.0000,3.0000,-6.2500,4.0000,-11.7500,6.0000,-23.7500,6.0000,-23.7500,,-14.5000
2016-01-08,2016,1,4338.0000,4.8750,5.7500,5.7500,5.7500,-8.0000,13,-5.0000,16.5000,27,15.0000,2.2500,,,5.7500,,5.7500,,5.7500,,5.7500,,5.7500
2016-01-11,2016,1,4300.7500,2.2500,-23.0000,-22.7500,-23.0000,-36.5000,24,-34.5000,0.7500,1,30.0000,29.7500,,3.0000,-10.5000,3.0000,-10.5000,4.0000,-14.5000,9.0000,-19.0000,18.0000,-27.5000
2016-01-12,2016,1,4317.7500,2.0000,14.2500,14.2500,14.2500,-3.0000,1,1.0000,28.0000,18,3.0000,-1.0000,,,14.2500,,14.2500,,14.2500,,14.2500,,14.2500
2016-01-13,2016,-1,4341.0000,2.1250,17.5000,17.7500,17.5000,-11.0000,8,-9.7500,18.0000,30,13.0000,0.5000,,6.0000,-4.5000,7.0000,-9.5000,,17.5000,,17.5000,,17.5000
2016-01-14,2016,-1,4187.5000,2.3750,61.0000,61.0000,9.0000,-2.5000,1,1.7500,61.7500,30,7.0000,-10.5000,13.0000,,61.0000,,61.0000,,61.0000,,61.0000,,61.0000
2016-01-15,2016,1,4135.2500,4.0000,1.0000,1.2500,1.0000,-0.2500,30,1.2500,40.5000,16,1.0000,6.7500,,,1.0000,,1.0000,,1.0000,,1.0000,,1.0000
2016-01-19,2016,-1,4188.7500,2.1250,23.5000,23.7500,23.5000,0.0000,1,4.0000,35.0000,20,2.0000,-3.2500,,,23.5000,,23.5000,,23.5000,,23.5000,,23.5000
2016-01-20,2016,1,4089.7500,2.3750,-52.2500,-52.0000,-7.0000,-53.7500,29,-52.2500,0.7500,1,1.0000,7.0000,3.0000,3.0000,-7.0000,5.0000,-15.0000,5.0000,-15.0000,9.0000,-27.7500,21.0000,-31.5000
2016-01-21,2016,-1,4117.0000,4.5000,-5.5000,-5.0000,-5.5000,-26.0000,5,-22.2500,28.7500,19,7.0000,20.2500,,1.0000,-9.5000,2.0000,-19.7500,,-5.5000,,-5.5000,,-5.5000
2016-01-22,2016,1,4211.0000,2.2500,19.5000,19.2500,19.5000,-10.7500,8,-10.5000,22.2500,28,11.0000,5.0000,,6.0000,-7.7500,8.0000,-10.0000,,19.5000,,19.5000,,19.5000
2016-01-25,2016,1,4235.5000,2.2500,12.0000,12.2500,-2.5000,-6.7500,25,-6.0000,13.0000,30,6.0000,0.2500,14.0000,25.0000,-5.7500,,12.0000,,12.0000,,12.0000,,12.0000
2016-01-26,2016,-1,4198.7500,2.5000,19.2500,19.2500,19.2500,-13.0000,3,-7.7500,30.5000,21,5.0000,6.2500,,2.0000,-7.7500,,19.2500,,19.2500,,19.2500,,19.2500
2016-01-27,2016,1,4203.2500,1.5000,-29.5000,-29.2500,-29.5000,-30.2500,30,-29.2500,7.5000,3,,,,2.0000,-3.0000,10.0000,-10.7500,10.0000,-10.7500,12.0000,-13.2500,28.0000,-23.2500
2016-01-28,2016,-1,4179.5000,4.3750,22.2500,22.2500,22.2500,-10.2500,6,-7.0000,23.7500,30,8.0000,1.5000,,,22.2500,,22.2500,,22.2500,,22.2500,,22.2500
2016-01-29,2016,1,4180.5000,2.7500,34.5000,34.2500,34.5000,-5.0000,2,-1.0000,39.5000,19,4.0000,-0.2500,,,34.5000,,34.5000,,34.5000,,34.5000,,34.5000
2016-02-01,2016,-1,4242.7500,2.0000,10.2500,10.2500,3.2500,-14.5000,8,-11.2500,12.0000,30,3.0000,-3.5000,4.0000,6.0000,-11.0000,6.0000,-11.0000,,10.2500,,10.2500,,10.2500
2016-02-02,2016,-1,4251.7500,1.8750,7.0000,7.2500,7.0000,-5.0000,1,-3.0000,25.5000,23,4.0000,-1.7500,,,7.0000,,7.0000,,7.0000,,7.0000,,7.0000
2016-02-03,2016,-1,4204.7500,2.0000,43.7500,43.7500,43.7500,-1.7500,1,2.5000,48.5000,30,2.0000,-0.2500,,,43.7500,,43.7500,,43.7500,,43.7500,,43.7500
2016-02-04,2016,1,4163.0000,3.5000,-40.2500,-40.0000,-44.2500,-49.5000,14,-47.2500,0.5000,1,17.0000,39.7500,29.0000,1.0000,-9.7500,2.0000,-15.5000,4.0000,-22.5000,5.0000,-32.5000,13.0000,-47.2500
2016-02-05,2016,-1,4138.0000,4.2500,33.0000,32.7500,33.0000,-1.5000,1,4.5000,41.5000,19,2.0000,-1.2500,,,33.0000,,33.0000,,33.0000,,33.0000,,33.0000
2016-02-08,2016,-1,3940.5000,2.7500,-4.7500,-5.0000,1.2500,-13.0000,12,-10.0000,18.2500,6,3.0000,-2.5000,9.0000,10.0000,-8.2500,,-4.7500,,-4.7500,,-4.7500,,-4.7500
2016-02-09,2016,-1,3898.2500,3.1250,-80.5000,-80.5000,-80.5000,-89.7500,30,-85.0000,0.0000,1,,,,1.0000,-10.2500,3.0000,-20.0000,3.0000,-20.0000,4.0000,-29.5000,6.0000,-38.7500
2016-02-10,2016,1,3993.2500,3.7500,18.5000,18.5000,-18.0000,-21.0000,12,-20.7500,23.2500,28,9.0000,13.0000,11.0000,2.0000,-15.0000,3.0000,-17.0000,,18.5000,,18.5000,,18.5000
2016-02-12,2016,1,3996.0000,2.6250,-31.2500,-31.2500,-10.2500,-35.2500,28,-34.0000,2.0000,1,9.0000,9.0000,10.0000,4.0000,-7.5000,6.0000,-10.5000,13.0000,-16.0000,18.0000,-25.0000,26.0000,-32.5000
2016-02-16,2016,1,4073.5000,1.6250,4.2500,4.2500,5.0000,-3.0000,1,-0.7500,19.5000,13,11.0000,-7.7500,18.0000,,4.2500,,4.2500,,4.2500,,4.2500,,4.2500
2016-02-17,2016,1,4141.7500,1.8750,3.0000,3.0000,3.0000,-18.7500,19,-17.2500,6.5000,28,22.0000,12.5000,,1.0000,-4.5000,9.0000,-11.7500,9.0000,-11.7500,15.0000,-16.7500,,3.0000
2016-02-18,2016,-1,4201.7500,1.5000,22.0000,22.0000,22.0000,0.0000,1,6.2500,23.0000,29,1.0000,0.7500,,,22.0000,,22.0000,,22.0000,,22.0000,,22.0000
2016-02-19,2016,1,4138.2500,2.5000,-4.2500,-4.0000,-8.5000,-18.0000,9,-16.0000,10.2500,24,14.0000,8.2500,17.0000,6.0000,-5.7500,7.0000,-15.5000,7.0000,-15.5000,,-4.2500,,-4.2500
2016-02-22,2016,-1,4200.2500,1.2500,-22.0000,-21.7500,-22.0000,-24.7500,29,-22.5000,3.5000,2,,,,3.0000,-9.5000,3.0000,-9.5000,3.0000,-9.5000,10.0000,-12.5000,12.0000,-15.0000
2016-02-23,2016,-1,4203.2500,2.2500,-1.2500,-1.2500,-1.2500,-13.2500,4,-12.2500,2.5000,2,28.0000,7.0000,,3.0000,-7.7500,4.0000,-10.5000,,-1.2500,,-1.2500,,-1.2500
2016-02-24,2016,-1,4105.7500,1.5000,11.7500,12.0000,-3.2500,-9.0000,12,-8.2500,18.2500,28,1.0000,3.0000,5.0000,5.0000,-3.2500,11.0000,-8.0000,,11.7500,,11.7500,,11.7500
2016-02-25,2016,-1,4210.0000,2.3750,35.0000,34.7500,35.0000,-5.7500,3,-2.7500,34.7500,30,5.0000,1.7500,,,35.0000,,35.0000,,35.0000,,35.0000,,35.0000
2016-02-26,2016,-1,4269.2500,2.0000,14.7500,14.7500,14.7500,-4.5000,4,-3.5000,15.7500,29,10.0000,-3.5000,,,14.7500,,14.7500,,14.7500,,14.7500,,14.7500
2016-02-29,2016,-1,4229.7500,1.5000,-7.7500,-7.7500,-15.7500,-18.0000,19,-18.0000,5.0000,2,11.0000,12.0000,18.0000,3.0000,-8.7500,3.0000,-8.7500,4.0000,-10.5000,8.0000,-13.0000,,-7.7500
2016-03-01,2016,1,4238.0000,1.5000,14.5000,14.5000,14.5000,-14.0000,9,-12.2500,18.2500,30,11.0000,10.0000,,3.0000,-4.7500,5.0000,-6.2500,7.0000,-9.5000,8.0000,-12.5000,,14.5000
2016-03-02,2016,-1,4325.0000,1.5000,3.5000,3.7500,-3.2500,-7.7500,5,-5.2500,14.2500,23,7.0000,2.2500,8.0000,1.0000,-4.0000,,3.5000,,3.5000,,3.5000,,3.5000
2016-03-03,2016,-1,4320.0000,0.7500,10.0000,10.0000,10.0000,-10.5000,6,-8.5000,12.7500,30,11.0000,4.2500,,1.0000,-2.7500,2.0000,-5.7500,2.0000,-5.7500,3.0000,-7.2500,,10.0000
2016-03-04,2016,-1,4323.7500,2.5000,22.2500,22.0000,22.2500,-0.5000,1,1.2500,25.7500,23,1.0000,6.2500,,,22.2500,,22.2500,,22.2500,,22.2500,,22.2500
2016-03-07,2016,1,4304.0000,1.2500,-10.5000,-10.7500,0.0000,-19.0000,28,-16.2500,7.7500,10,8.0000,-1.5000,18.0000,19.0000,-5.5000,19.0000,-5.5000,21.0000,-8.2500,24.0000,-11.2500,28.0000,-16.5000
2016-03-08,2016,-1,4264.5000,1.5000,-19.5000,-19.5000,-19.5000,-29.5000,25,-28.5000,5.7500,8,28.0000,20.5000,,4.0000,-3.7500,11.0000,-7.7500,15.0000,-11.2500,16.0000,-13.7500,18.0000,-19.5000
2016-03-09,2016,-1,4280.0000,1.2500,15.2500,15.0000,15.2500,-1.5000,1,2.0000,23.2500,20,3.0000,-3.0000,,,15.2500,,15.2500,,15.2500,,15.2500,,15.2500
2016-03-10,2016,1,4306.5000,3.3750,18.7500,18.7500,18.7500,-10.0000,4,-7.2500,19.7500,30,7.0000,3.7500,,4.0000,-6.5000,,18.7500,,18.7500,,18.7500,,18.7500
2016-03-11,2016,-1,4315.5000,1.1250,-7.0000,-7.2500,-7.0000,-15.5000,22,-14.0000,0.5000,1,,,,1.0000,-3.0000,3.0000,-5.0000,7.0000,-8.5000,11.0000,-10.5000,22.0000,-13.7500
2016-03-14,2016,1,4339.0000,0.7500,2.7500,2.7500,3.2500,-1.2500,3,-0.5000,9.5000,25,6.0000,-3.7500,26.0000,,2.7500,,2.7500,,2.7500,,2.7500,,2.7500
2016-03-15,2016,-1,4343.5000,1.3750,8.5000,8.2500,0.0000,-4.0000,16,-3.7500,11.0000,24,3.0000,-0.2500,11.0000,14.0000,-3.5000,,8.5000,,8.5000,,8.5000,,8.5000
2016-03-16,2016,1,4351.5000,1.0000,9.2500,9.2500,1.0000,-3.2500,3,-1.0000,13.7500,26,6.0000,-1.7500,10.0000,,9.2500,,9.2500,,9.2500,,9.2500,,9.2500
2016-03-17,2016,1,4381.0000,1.2500,-9.5000,-9.5000,0.0000,-14.5000,29,-13.5000,13.5000,4,2.0000,-0.7500,8.0000,9.0000,-5.0000,10.0000,-6.2500,28.0000,-13.5000,28.0000,-13.5000,,-9.5000
2016-03-18,2016,1,4402.5000,1.0000,-17.0000,-17.0000,-23.5000,-26.7500,23,-23.7500,1.2500,1,25.0000,22.2500,26.0000,2.0000,-2.7500,5.0000,-5.2500,6.0000,-7.5000,10.0000,-9.7500,12.0000,-15.0000
2016-03-21,2016,1,4398.0000,1.0000,9.7500,10.0000,9.7500,-0.7500,1,0.5000,14.2500,20,1.0000,1.0000,,,9.7500,,9.7500,,9.7500,,9.7500,,9.7500
2016-03-22,2016,1,4394.0000,1.5000,21.7500,22.0000,21.7500,-1.2500,1,2.7500,22.0000,27,2.0000,-1.5000,,,21.7500,,21.7500,,21.7500,,21.7500,,21.7500
2016-03-23,2016,-1,4417.2500,1.3750,4.0000,4.0000,4.0000,-7.7500,4,-6.7500,10.7500,18,6.0000,5.2500,,3.0000,-6.2500,3.0000,-6.2500,,4.0000,,4.0000,,4.0000
2016-03-24,2016,-1,4366.0000,1.3750,-15.7500,-15.5000,-9.5000,-18.5000,28,-16.2500,0.5000,16,12.0000,9.0000,20.0000,1.0000,-3.2500,3.0000,-7.2500,5.0000,-12.2500,5.0000,-12.2500,,-15.7500
2016-03-28,2016,-1,4403.2500,1.0000,14.5000,14.2500,14.5000,0.0000,1,4.5000,21.7500,17,1.0000,1.7500,,,14.5000,,14.5000,,14.5000,,14.5000,,14.5000
2016-03-29,2016,-1,4381.5000,1.1250,-7.0000,-7.0000,1.2500,-9.7500,28,-7.0000,7.5000,19,4.0000,-1.2500,5.0000,25.0000,-4.2500,28.0000,-7.0000,28.0000,-7.0000,,-7.0000,,-7.0000
2016-03-30,2016,-1,4484.0000,1.0000,-19.5000,-19.5000,-19.5000,-25.5000,18,-21.5000,0.5000,1,,,,3.0000,-4.2500,3.0000,-4.2500,4.0000,-7.5000,7.0000,-12.5000,7.0000,-12.5000
2016-03-31,2016,1,4481.2500,1.2500,1.5000,1.2500,-4.7500,-7.7500,10,-5.5000,5.7500,18,13.0000,3.0000,23.0000,3.0000,-3.0000,10.0000,-5.5000,,1.5000,,1.5000,,1.5000
2016-04-01,2016,1,4447.7500,1.8750,15.2500,15.0000,15.2500,-6.2500,3,-3.7500,18.2500,28,6.0000,0.5000,,,15.2500,,15.2500,,15.2500,,15.2500,,15.2500
2016-04-04,2016,-1,4517.7500,1.0000,-1.5000,-1.7500,-0.2500,-5.2500,29,-4.2500,8.7500,19,18.0000,0.0000,23.0000,7.0000,-4.2500,7.0000,-4.2500,,-1.5000,,-1.5000,,-1.5000
2016-04-05,2016,1,4471.7500,1.5000,4.0000,3.7500,-2.2500,-14.0000,14,-13.0000,5.7500,29,4.0000,-0.2500,5.0000,10.0000,-4.0000,12.0000,-6.7500,14.0000,-13.2500,14.0000,-13.2500,,4.0000
2016-04-06,2016,1,4472.2500,1.0000,11.0000,11.2500,11.0000,-4.7500,6,-3.2500,11.2500,25,15.0000,1.0000,,6.0000,-2.5000,,11.0000,,11.0000,,11.0000,,11.0000
2016-04-07,2016,-1,4512.5000,1.2500,6.2500,6.0000,6.2500,-5.0000,8,-3.7500,12.7500,17,14.0000,2.0000,,7.0000,-3.7500,,6.2500,,6.2500,,6.2500,,6.2500
2016-04-08,2016,-1,4494.5000,1.2500,-4.5000,-4.7500,-1.5000,-10.2500,28,-8.2500,9.7500,17,11.0000,1.0000,13.0000,26.0000,-4.0000,27.0000,-7.7500,28.0000,-7.7500,,-4.5000,,-4.5000
2016-04-11,2016,-1,4488.7500,1.2500,-8.5000,-8.2500,-3.7500,-10.0000,28,-8.5000,8.7500,9,1.0000,2.7500,18.0000,18.0000,-3.7500,22.0000,-6.5000,28.0000,-8.5000,,-8.5000,,-8.5000
2016-04-12,2016,-1,4453.5000,1.5000,0.2500,0.0000,-2.0000,-6.5000,19,-4.2500,10.2500,11,1.0000,1.7500,5.0000,13.0000,-3.7500,,0.2500,,0.2500,,0.2500,,0.2500
2016-04-13,2016,1,4523.0000,1.2500,15.0000,14.7500,15.0000,-5.5000,2,-4.7500,20.2500,20,4.0000,3.0000,,1.0000,-4.7500,,15.0000,,15.0000,,15.0000,,15.0000
2016-04-14,2016,-1,4546.7500,0.8750,10.0000,9.7500,10.0000,0.0000,1,0.5000,12.2500,23,1.0000,0.2500,,,10.0000,,10.0000,,10.0000,,10.0000,,10.0000
2016-04-15,2016,1,4544.0000,1.0000,-4.7500,-4.7500,-4.7500,-10.7500,16,-9.5000,0.7500,1,17.0000,8.5000,,3.0000,-3.2500,4.0000,-5.5000,9.0000,-6.7500,12.0000,-9.5000,,-4.7500
2016-04-18,2016,1,4523.5000,1.0000,22.2500,22.2500,22.2500,-1.5000,1,0.0000,23.0000,29,4.0000,-0.5000,,,22.2500,,22.2500,,22.2500,,22.2500,,22.2500
2016-04-19,2016,-1,4562.2500,1.0000,23.2500,23.5000,23.2500,-0.7500,1,2.2500,28.7500,24,2.0000,-1.7500,,,23.2500,,23.2500,,23.2500,,23.2500,,23.2500
2016-04-20,2016,-1,4527.7500,1.0000,-9.7500,-9.7500,-5.7500,-16.5000,23,-15.2500,12.2500,10,1.0000,5.2500,19.0000,19.0000,-5.7500,19.0000,-5.7500,20.0000,-7.7500,21.0000,-10.7500,23.0000,-15.0000
2016-04-21,2016,-1,4531.5000,1.5000,11.0000,11.0000,-1.0000,-4.0000,2,-2.0000,17.2500,21,4.0000,0.5000,7.0000,,11.0000,,11.0000,,11.0000,,11.0000,,11.0000
2016-04-22,2016,1,4481.7500,1.5000,-2.7500,-3.0000,-2.2500,-5.5000,25,-3.7500,15.2500,4,1.0000,0.7500,9.0000,22.0000,-4.0000,,-2.7500,,-2.7500,,-2.7500,,-2.7500
2016-04-25,2016,1,4455.2500,1.2500,6.0000,6.0000,6.0000,-2.5000,18,-0.7500,12.0000,7,1.0000,1.7500,,,6.0000,,6.0000,,6.0000,,6.0000,,6.0000
2016-04-26,2016,-1,4471.7500,1.0000,-8.2500,-8.2500,-5.5000,-12.5000,26,-11.5000,5.7500,10,8.0000,0.2500,13.0000,5.0000,-3.0000,13.0000,-5.5000,17.0000,-8.7500,17.0000,-8.7500,,-8.2500
2016-04-27,2016,1,4407.2500,0.7500,-11.7500,-11.7500,2.5000,-17.2500,28,-13.7500,11.2500,4,3.0000,-4.2500,10.0000,16.0000,-3.0000,17.0000,-4.7500,17.0000,-4.7500,19.0000,-6.7500,20.0000,-9.2500
2016-04-28,2016,1,4412.0000,1.2500,17.5000,17.5000,17.5000,-4.0000,3,-2.7500,18.0000,30,6.0000,-1.0000,,2.0000,-3.0000,,17.5000,,17.5000,,17.5000,,17.5000
2016-04-29,2016,-1,4347.7500,1.2500,16.2500,16.2500,16.2500,-16.0000,7,-16.0000,22.0000,29,10.0000,12.7500,,2.0000,-8.2500,2.0000,-8.2500,2.0000,-8.2500,5.0000,-11.2500,7.0000,-15.7500
2016-05-02,2016,-1,4330.7500,0.7500,3.2500,3.0000,3.2500,-12.5000,10,-11.7500,5.5000,30,14.0000,9.2500,,6.0000,-5.7500,6.0000,-5.7500,6.0000,-5.7500,7.0000,-6.5000,8.0000,-10.7500
2016-05-03,2016,1,4346.5000,1.2500,-18.7500,-18.5000,-17.2500,-21.5000,29,-18.5000,5.0000,12,22.0000,16.7500,28.0000,1.0000,-5.0000,14.0000,-6.2500,15.0000,-9.2500,17.0000,-14.7500,18.0000,-16.2500
2016-05-04,2016,1,4313.0000,1.0000,3.0000,2.5000,3.0000,-13.0000,12,-11.0000,6.0000,28,24.0000,3.0000,,1.0000,-4.2500,4.0000,-5.5000,5.0000,-6.7500,7.0000,-8.7500,,3.0000
2016-05-05,2016,-1,4317.5000,1.2500,7.2500,7.2500,1.5000,-3.2500,1,-3.2500,15.2500,26,9.0000,-1.7500,10.0000,7.0000,-3.2500,,7.2500,,7.2500,,7.2500,,7.2500
2016-05-06,2016,1,4287.7500,2.5000,4.0000,4.2500,4.0000,-1.2500,1,-0.7500,23.0000,10,1.0000,2.5000,,,4.0000,,4.0000,,4.0000,,4.0000,,4.0000
2016-05-09,2016,1,4328.2500,1.0000,16.0000,16.0000,16.0000,-1.5000,1,3.5000,22.2500,29,1.0000,3.7500,,,16.0000,,16.0000,,16.0000,,16.0000,,16.0000
2016-05-10,2016,1,4352.5000,1.0000,9.0000,9.0000,9.0000,-9.0000,8,-7.7500,10.2500,18,12.0000,4.0000,,5.0000,-1.7500,6.0000,-6.0000,7.0000,-8.0000,,9.0000,,9.0000
2016-05-11,2016,1,4390.0000,0.7500,-1.2500,-1.5000,-3.7500,-8.5000,12,-8.2500,2.0000,26,7.0000,1.7500,9.0000,4.0000,-6.0000,4.0000,-6.0000,4.0000,-6.0000,10.0000,-6.7500,,-1.2500
2016-05-12,2016,-1,4363.7500,0.7500,22.0000,21.7500,22.0000,-8.0000,3,-6.2500,22.0000,30,5.0000,6.0000,,1.0000,-3.0000,2.0000,-6.2500,2.0000,-6.2500,2.0000,-6.2500,,22.0000
2016-05-13,2016,1,4343.7500,1.2500,2.7500,2.7500,-1.7500,-5.0000,3,-4.0000,12.2500,9,6.0000,1.2500,20.0000,1.0000,-3.7500,,2.7500,,2.7500,,2.7500,,2.7500
2016-05-16,2016,1,4329.5000,0.7500,9.7500,9.7500,9.7500,-2.7500,1,-1.2500,16.2500,30,3.0000,-0.2500,,,9.7500,,9.7500,,9.7500,,9.7500,,9.7500
2016-05-17,2016,1,4378.0000,1.0000,-17.7500,-17.7500,-3.5000,-20.5000,14,-18.2500,6.7500,1,1.0000,1.2500,4.0000,4.0000,-3.5000,5.0000,-11.7500,5.0000,-11.7500,5.0000,-11.7500,9.0000,-16.2500
2016-05-18,2016,1,4317.0000,1.3750,11.2500,11.2500,11.2500,-3.2500,3,-2.2500,13.5000,27,9.0000,-0.7500,,,11.2500,,11.2500,,11.2500,,11.2500,,11.2500
2016-05-19,2016,1,4319.7500,1.2500,-21.0000,-21.0000,-21.0000,-24.0000,28,-23.2500,9.7500,11,,,,18.0000,-4.5000,20.0000,-8.7500,20.0000,-8.7500,22.0000,-10.5000,27.0000,-22.2500
2016-05-20,2016,1,4337.5000,1.2500,21.0000,21.0000,21.0000,-2.2500,1,-1.0000,25.2500,28,1.0000,2.5000,,,21.0000,,21.0000,,21.0000,,21.0000,,21.0000
2016-05-23,2016,1,4369.5000,1.0000,9.5000,9.0000,9.5000,-3.5000,1,-1.7500,10.5000,10,1.0000,4.5000,,,9.5000,,9.5000,,9.5000,,9.5000,,9.5000
2016-05-24,2016,-1,4380.0000,0.7500,-26.2500,-26.5000,-26.2500,-28.0000,30,-26.5000,0.7500,1,,,,1.0000,-2.7500,2.0000,-4.7500,2.0000,-4.7500,3.0000,-8.2500,4.0000,-10.0000
2016-05-25,2016,1,4463.2500,1.2500,7.2500,7.2500,7.2500,-11.0000,10,-10.2500,9.7500,24,12.0000,9.2500,,2.0000,-3.0000,8.0000,-6.2500,9.0000,-9.2500,10.0000,-10.0000,,7.2500
2016-05-26,2016,1,4483.2500,1.2500,-10.2500,-10.2500,-8.2500,-13.2500,22,-13.0000,2.7500,1,8.0000,7.5000,16.0000,3.0000,-6.5000,3.0000,-6.5000,5.0000,-7.5000,20.0000,-10.2500,,-10.2500
2016-05-27,2016,1,4493.7500,0.8750,8.7500,8.7500,8.7500,-2.7500,1,0.5000,9.7500,19,14.0000,-4.5000,,,8.7500,,8.7500,,8.7500,,8.7500,,8.7500
2016-05-31,2016,-1,4515.5000,0.7500,-5.2500,-5.2500,-6.5000,-8.5000,20,-7.2500,1.5000,9,22.0000,6.5000,23.0000,3.0000,-3.5000,3.0000,-3.5000,16.0000,-5.7500,18.0000,-6.7500,,-5.2500
2016-06-01,2016,-1,4508.2500,1.0000,-1.2500,-0.7500,-1.7500,-4.7500,28,-2.0000,5.5000,29,4.0000,0.7500,16.0000,,-1.2500,,-1.2500,,-1.2500,,-1.2500,,-1.2500
2016-06-02,2016,-1,4507.0000,1.2500,11.2500,11.2500,-3.0000,-3.7500,5,-3.0000,20.7500,18,1.0000,2.2500,2.0000,2.0000,-3.0000,,11.2500,,11.2500,,11.2500,,11.2500
2016-06-03,2016,1,4517.5000,2.2500,-23.0000,-23.2500,-23.0000,-26.5000,29,-25.0000,2.5000,3,,,,6.0000,-6.5000,11.0000,-9.7500,18.0000,-17.0000,28.0000,-22.2500,,-23.0000
2016-06-06,2016,-1,4513.2500,0.7500,-9.2500,-9.2500,-9.2500,-15.0000,20,-14.5000,2.2500,3,27.0000,12.2500,,6.0000,-2.0000,7.0000,-3.5000,12.0000,-5.0000,14.0000,-7.5000,18.0000,-14.2500
2016-06-07,2016,-1,4524.2500,0.7500,-6.0000,-5.7500,-3.2500,-7.7500,19,-7.0000,1.2500,6,12.0000,2.2500,13.0000,2.0000,-2.5000,16.0000,-4.5000,17.0000,-7.2500,17.0000,-7.2500,,-6.0000
2016-06-08,2016,-1,4522.0000,0.7500,-2.5000,-2.7500,-2.5000,-8.2500,19,-7.5000,3.5000,5,22.0000,6.5000,,8.0000,-4.0000,8.0000,-4.0000,9.0000,-5.5000,15.0000,-7.0000,,-2.5000
2016-06-10,2016,1,4468.5000,0.5000,-7.0000,-6.7500,-8.2500,-12.0000,20,-11.5000,0.7500,1,12.0000,6.0000,18.0000,1.0000,-1.0000,4.0000,-3.5000,4.0000,-3.5000,5.0000,-7.2500,5.0000,-7.2500
2016-06-13,2016,1,4436.0000,1.2500,10.2500,10.0000,-4.7500,-9.0000,13,-7.2500,16.2500,29,1.0000,1.5000,5.0000,5.0000,-4.7500,7.0000,-7.0000,,10.2500,,10.2500,,10.2500
2016-06-14,2016,1,4419.2500,1.2500,8.5000,8.2500,8.5000,-1.0000,1,-0.5000,13.5000,29,1.0000,1.7500,,,8.5000,,8.5000,,8.5000,,8.5000,,8.5000
2016-06-15,2016,1,4427.0000,0.7500,0.5000,0.5000,-1.5000,-6.0000,3,-5.0000,3.7500,20,8.0000,1.2500,11.0000,1.0000,-4.2500,1.0000,-4.2500,3.0000,-5.2500,,0.5000,,0.5000
2016-06-16,2016,-1,4382.0000,1.0000,20.5000,20.5000,20.5000,-1.0000,1,-0.5000,21.2500,30,4.0000,-2.7500,,,20.5000,,20.5000,,20.5000,,20.5000,,20.5000
2016-06-17,2016,-1,4397.7500,1.3750,16.0000,16.0000,16.0000,-2.2500,1,-1.2500,21.7500,25,3.0000,-1.2500,,,16.0000,,16.0000,,16.0000,,16.0000,,16.0000
2016-06-20,2016,1,4419.5000,1.0000,8.2500,8.0000,1.2500,-4.2500,1,-2.7500,9.0000,30,8.0000,-2.2500,15.0000,1.0000,-2.7500,,8.2500,,8.2500,,8.2500,,8.2500
2016-06-21,2016,1,4402.7500,1.2500,1.0000,1.0000,4.5000,-2.0000,1,-1.0000,8.5000,23,11.0000,-4.7500,13.0000,,1.0000,,1.0000,,1.0000,,1.0000,,1.0000
2016-06-22,2016,1,4408.7500,0.7500,-7.2500,-7.0000,-4.2500,-10.2500,29,-9.2500,2.2500,9,9.0000,2.2500,13.0000,3.0000,-2.7500,13.0000,-4.2500,23.0000,-5.0000,26.0000,-6.2500,29.0000,-9.2500
2016-06-23,2016,-1,4427.0000,1.5000,1.7500,1.7500,1.7500,0.0000,1,1.7500,16.2500,23,2.0000,0.2500,,,1.7500,,1.7500,,1.7500,,1.7500,,1.7500
2016-06-24,2016,1,4302.7500,3.0000,52.5000,52.5000,52.5000,-1.2500,1,3.5000,57.2500,30,4.0000,-8.2500,,,52.5000,,52.5000,,52.5000,,52.5000,,52.5000
2016-06-27,2016,-1,4231.0000,1.7500,12.0000,12.2500,12.0000,-6.5000,2,-6.0000,19.2500,17,6.0000,-0.2500,,2.0000,-5.7500,,12.0000,,12.0000,,12.0000,,12.0000
2016-06-28,2016,1,4237.5000,1.5000,24.2500,24.2500,24.2500,-3.2500,2,-2.5000,26.7500,23,7.0000,-2.5000,,,24.2500,,24.2500,,24.2500,,24.2500,,24.2500
2016-06-29,2016,1,4318.0000,1.0000,14.5000,14.5000,14.5000,-3.5000,5,-1.5000,14.7500,30,16.0000,-2.7500,,,14.5000,,14.5000,,14.5000,,14.5000,,14.5000
2016-06-30,2016,-1,4361.5000,1.0000,5.7500,6.0000,-4.7500,-9.7500,3,-7.0000,10.2500,26,1.0000,3.2500,2.0000,2.0000,-4.7500,2.0000,-4.7500,3.0000,-7.0000,,5.7500,,5.7500
2016-07-01,2016,1,4407.0000,0.7500,27.5000,27.7500,27.5000,-1.0000,1,0.5000,29.2500,29,3.0000,-1.0000,,,27.5000,,27.5000,,27.5000,,27.5000,,27.5000
2016-07-05,2016,1,4411.2500,1.0000,-15.5000,-15.7500,-15.5000,-22.5000,18,-22.2500,0.2500,1,20.0000,20.2500,,1.0000,-2.7500,2.0000,-5.5000,3.0000,-7.5000,6.0000,-10.5000,10.0000,-14.0000
2016-07-06,2016,1,4383.7500,1.0000,15.7500,15.5000,15.7500,-16.7500,13,-16.2500,18.2500,29,15.0000,12.0000,,2.0000,-9.2500,2.0000,-9.2500,2.0000,-9.2500,2.0000,-9.2500,5.0000,-14.5000
2016-07-07,2016,1,4446.7500,1.0000,6.2500,6.5000,6.2500,-0.5000,2,0.5000,14.5000,20,1.0000,0.7500,,,6.2500,,6.2500,,6.2500,,6.2500,,6.2500
2016-07-08,2016,-1,4470.2500,2.0000,-23.0000,-23.0000,-21.5000,-25.7500,18,-25.0000,3.0000,3,24.0000,21.0000,27.0000,4.0000,-7.2500,5.0000,-11.5000,8.0000,-15.2500,11.0000,-19.0000,18.0000,-25.0000
2016-07-11,2016,1,4542.2500,1.0000,4.7500,4.7500,4.7500,-0.7500,1,1.5000,12.2500,14,2.0000,-0.2500,,,4.7500,,4.7500,,4.7500,,4.7500,,4.7500
2016-07-12,2016,1,4575.2500,0.7500,1.0000,1.0000,0.2500,-2.5000,25,-1.7500,6.7500,12,10.0000,-1.5000,24.0000,25.0000,-1.7500,,1.0000,,1.0000,,1.0000,,1.0000
2016-07-13,2016,-1,4573.0000,0.7500,-5.0000,-5.0000,-2.7500,-7.0000,29,-6.7500,6.5000,8,1.0000,2.2500,28.0000,15.0000,-2.0000,29.0000,-6.5000,29.0000,-6.5000,29.0000,-6.5000,,-5.0000
2016-07-14,2016,-1,4588.2500,1.0000,1.7500,1.7500,3.7500,-1.5000,3,-0.7500,9.2500,14,12.0000,-4.2500,22.0000,,1.7500,,1.7500,,1.7500,,1.7500,,1.7500
2016-07-15,2016,1,4598.2500,1.1250,-5.0000,-5.0000,-5.0000,-8.2500,23,-7.5000,3.0000,3,27.0000,6.5000,,6.0000,-2.7500,7.0000,-4.5000,10.0000,-7.0000,,-5.0000,,-5.0000
2016-07-18,2016,-1,4586.5000,1.0000,-14.2500,-14.5000,-14.2500,-14.7500,30,-14.5000,1.7500,1,,,,6.0000,-2.7500,23.0000,-4.2500,27.0000,-6.7500,28.0000,-11.7500,29.0000,-14.0000
2016-07-19,2016,1,4601.2500,0.7500,-8.7500,-8.7500,-0.5000,-11.7500,18,-10.5000,9.5000,5,3.0000,-0.2500,10.0000,1.0000,-1.7500,13.0000,-3.0000,14.0000,-7.2500,14.0000,-7.2500,17.0000,-9.7500
2016-07-20,2016,-1,4616.7500,0.7500,-11.5000,-11.5000,-3.7500,-14.7500,29,-13.5000,1.2500,3,1.0000,3.5000,8.0000,3.0000,-1.7500,8.0000,-3.7500,9.0000,-4.7500,14.0000,-6.5000,18.0000,-10.2500
2016-07-21,2016,-1,4650.5000,1.0000,-2.2500,-2.2500,-3.5000,-11.7500,13,-10.5000,1.7500,1,1.0000,2.2500,3.0000,3.0000,-3.5000,8.0000,-5.0000,9.0000,-7.7500,11.0000,-9.5000,,-2.2500
2016-07-22,2016,-1,4638.2500,0.5000,-8.5000,-8.5000,-2.2500,-10.2500,30,-8.5000,9.7500,4,1.0000,1.2500,20.0000,20.0000,-2.2500,20.0000,-2.2500,29.0000,-8.2500,29.0000,-8.2500,29.0000,-8.2500
2016-07-25,2016,1,4659.0000,0.5000,-4.7500,-5.0000,-5.0000,-9.5000,27,-8.2500,1.5000,15,13.0000,4.7500,17.0000,1.0000,-1.5000,2.0000,-2.0000,3.0000,-6.5000,3.0000,-6.5000,3.0000,-6.5000
2016-07-26,2016,1,4661.7500,0.5000,16.5000,16.5000,16.5000,-3.0000,1,-2.7500,20.2500,30,5.0000,0.0000,,1.0000,-2.5000,1.0000,-2.5000,,16.5000,,16.5000,,16.5000
2016-07-27,2016,-1,4700.7500,1.0000,-3.0000,-3.2500,-2.0000,-4.2500,24,-3.2500,9.0000,12,1.0000,1.2500,7.0000,24.0000,-2.5000,,-3.0000,,-3.0000,,-3.0000,,-3.0000
2016-07-28,2016,1,4711.2500,0.7500,-2.0000,-2.0000,-2.0000,-21.7500,8,-21.5000,1.0000,22,10.0000,19.5000,,1.0000,-2.5000,2.0000,-4.2500,3.0000,-11.7500,3.0000,-11.7500,3.0000,-11.7500
2016-07-29,2016,1,4728.0000,0.7500,-12.0000,-12.2500,-7.2500,-12.7500,30,-12.2500,2.2500,14,9.0000,6.0000,22.0000,1.0000,-2.5000,3.0000,-3.7500,5.0000,-7.0000,5.0000,-7.0000,26.0000,-9.5000
2016-08-01,2016,-1,4727.2500,0.7500,-7.2500,-7.2500,-0.7500,-8.7500,29,-8.2500,6.2500,9,3.0000,-0.5000,4.0000,14.0000,-3.5000,14.0000,-3.5000,19.0000,-7.0000,19.0000,-7.0000,,-7.2500
2016-08-02,2016,1,4738.5000,0.6250,-12.5000,-12.5000,-0.5000,-13.7500,8,-12.5000,7.5000,4,2.0000,0.2500,5.0000,6.0000,-8.0000,6.0000,-8.0000,6.0000,-8.0000,6.0000,-8.0000,6.0000,-8.0000
2016-08-03,2016,1,4709.0000,0.8750,6.2500,6.5000,6.2500,-3.0000,1,-2.2500,12.5000,17,5.0000,0.7500,,3.0000,-2.2500,,6.2500,,6.2500,,6.2500,,6.2500
2016-08-04,2016,-1,4726.2500,0.7500,2.2500,2.2500,2.2500,-12.0000,19,-11.7500,3.7500,29,24.0000,7.5000,,3.0000,-4.7500,3.0000,-4.7500,3.0000,-4.7500,11.0000,-6.0000,13.0000,-9.7500
2016-08-05,2016,-1,4763.7500,1.0000,-26.5000,-26.5000,-26.5000,-27.5000,30,-26.5000,2.0000,1,,,,1.0000,-3.0000,2.0000,-6.0000,4.0000,-8.2500,4.0000,-8.2500,8.0000,-14.2500
2016-08-08,2016,1,4787.7500,0.5000,-10.2500,-10.5000,-4.0000,-12.0000,30,-11.0000,2.7500,3,9.0000,3.7500,13.0000,4.0000,-1.5000,5.0000,-3.7500,5.0000,-3.7500,7.0000,-4.7500,14.0000,-7.2500
2016-08-09,2016,1,4788.7500,0.6250,4.5000,4.7500,4.5000,-2.0000,1,0.2500,9.7500,23,3.0000,-0.2500,,,4.5000,,4.5000,,4.5000,,4.5000,,4.5000
2016-08-10,2016,-1,4792.5000,0.5000,4.7500,4.5000,-0.2500,-1.5000,3,-1.5000,8.0000,28,4.0000,-0.2500,7.0000,23.0000,-1.5000,,4.7500,,4.7500,,4.7500,,4.7500
2016-08-11,2016,1,4800.2500,0.5000,-0.7500,-0.7500,-0.2500,-2.2500,29,-1.7500,10.7500,9,3.0000,-2.0000,27.0000,28.0000,-2.0000,,-0.7500,,-0.7500,,-0.7500,,-0.7500
2016-08-12,2016,-1,4791.5000,0.5000,-2.7500,-3.0000,-2.7500,-6.2500,3,-5.0000,1.7500,18,,,,1.0000,-3.2500,1.0000,-3.2500,1.0000,-3.2500,9.0000,-5.0000,,-2.7500
2016-08-15,2016,-1,4808.5000,0.5000,-14.2500,-14.2500,-14.2500,-17.7500,20,-16.5000,0.0000,1,26.0000,15.2500,,1.0000,-4.0000,1.0000,-4.0000,1.0000,-4.0000,2.0000,-4.5000,3.0000,-9.0000
2016-08-16,2016,-1,4812.0000,0.6250,3.7500,4.0000,3.7500,-1.5000,1,-0.7500,15.5000,12,1.0000,2.2500,,,3.7500,,3.7500,,3.7500,,3.7500,,3.7500
2016-08-17,2016,-1,4792.7500,0.7500,11.7500,11.7500,11.7500,-1.7500,2,-0.7500,12.5000,30,1.0000,2.2500,,,11.7500,,11.7500,,11.7500,,11.7500,,11.7500
2016-08-18,2016,1,4808.7500,0.5000,-3.2500,-3.5000,-3.2500,-13.2500,11,-12.7500,0.7500,1,25.0000,7.0000,,3.0000,-2.0000,3.0000,-2.0000,4.0000,-5.0000,4.0000,-5.0000,7.0000,-6.5000
2016-08-19,2016,-1,4794.5000,0.7500,2.7500,3.0000,2.7500,-0.5000,1,-0.2500,9.5000,18,8.0000,-1.0000,,,2.7500,,2.7500,,2.7500,,2.7500,,2.7500
2016-08-22,2016,-1,4796.0000,0.5000,-3.5000,-3.5000,1.7500,-6.7500,16,-5.7500,6.5000,3,3.0000,-2.7500,4.0000,7.0000,-2.0000,9.0000,-2.7500,15.0000,-4.7500,15.0000,-4.7500,,-3.5000
2016-08-23,2016,1,4829.2500,0.5000,5.5000,5.5000,5.5000,-3.2500,2,-2.5000,7.5000,23,4.0000,1.5000,,1.0000,-2.2500,1.0000,-2.2500,,5.5000,,5.5000,,5.5000
2016-08-24,2016,-1,4813.7500,0.7500,-2.0000,-2.2500,-2.0000,-7.5000,3,-6.5000,2.2500,19,19.0000,1.7500,22.0000,1.0000,-3.5000,1.0000,-3.5000,3.0000,-6.2500,5.0000,-6.5000,,-2.0000
2016-08-25,2016,1,4775.0000,0.7500,4.2500,4.2500,4.2500,-6.7500,3,-5.0000,7.7500,11,5.0000,2.2500,,1.0000,-2.0000,2.0000,-5.0000,2.0000,-5.0000,,4.2500,,4.2500
2016-08-26,2016,1,4788.2500,0.7500,-2.0000,-2.2500,0.2500,-14.7500,29,-10.2500,12.7500,6,4.0000,-1.2500,26.0000,28.0000,-9.2500,28.0000,-9.2500,28.0000,-9.2500,28.0000,-9.2500,28.0000,-9.2500
2016-08-29,2016,-1,4789.5000,0.7500,-5.2500,-5.2500,-7.0000,-10.0000,15,-8.5000,3.0000,2,18.0000,6.7500,19.0000,4.0000,-2.5000,5.0000,-4.5000,6.0000,-6.7500,6.0000,-6.7500,,-5.2500
2016-08-30,2016,1,4790.7500,0.6250,2.5000,2.5000,-2.5000,-3.2500,19,-2.2500,7.7500,3,2.0000,-1.0000,9.0000,9.0000,-2.5000,,2.5000,,2.5000,,2.5000,,2.5000
2016-08-31,2016,-1,4766.5000,0.5000,-9.2500,-9.0000,-9.2500,-10.5000,30,-9.0000,1.7500,3,,,,2.0000,-1.7500,8.0000,-3.2500,8.0000,-3.2500,10.0000,-4.5000,17.0000,-6.2500
2016-09-01,2016,1,4782.0000,0.7500,-7.0000,-7.2500,-7.0000,-10.2500,28,-7.2500,4.7500,16,24.0000,4.7500,28.0000,19.0000,-2.2500,20.0000,-4.5000,20.0000,-4.5000,28.0000,-7.0000,,-7.0000
2016-09-02,2016,1,4807.2500,1.6250,9.7500,9.7500,0.2500,-8.0000,4,-6.7500,10.0000,30,14.0000,-0.7500,15.0000,4.0000,-6.7500,4.0000,-6.7500,,9.7500,,9.7500,,9.7500
2016-09-06,2016,-1,4802.0000,0.5000,-12.0000,-11.7500,-12.0000,-15.0000,28,-14.7500,3.0000,2,,,,3.0000,-5.2500,3.0000,-5.2500,3.0000,-5.2500,3.0000,-5.2500,8.0000,-7.0000
2016-09-07,2016,-1,4829.2500,0.5000,-5.7500,-5.7500,-5.5000,-8.7500,9,-8.2500,1.0000,18,19.0000,4.2500,29.0000,1.0000,-2.0000,1.0000,-2.0000,5.0000,-3.7500,6.0000,-5.5000,8.0000,-8.0000
2016-09-08,2016,-1,4807.5000,1.2500,6.0000,5.5000,6.0000,-3.2500,3,-2.0000,12.5000,26,17.0000,0.7500,,,6.0000,,6.0000,,6.0000,,6.0000,,6.0000
2016-09-09,2016,1,4762.7500,1.1250,-5.0000,-5.2500,-1.0000,-6.2500,24,-5.2500,6.7500,11,6.0000,-0.5000,18.0000,3.0000,-2.7500,23.0000,-5.2500,,-5.0000,,-5.0000,,-5.0000
2016-09-12,2016,1,4669.0000,1.2500,27.0000,27.0000,27.0000,-3.0000,1,3.7500,30.0000,29,1.0000,7.0000,,,27.0000,,27.0000,,27.0000,,27.0000,,27.0000
2016-09-13,2016,1,4739.7500,1.3750,-20.0000,-20.0000,-0.2500,-21.7500,30,-21.0000,12.5000,7,6.0000,0.2500,13.0000,3.0000,-3.2500,18.0000,-5.5000,21.0000,-10.2500,26.0000,-12.2500,29.0000,-21.2500
2016-09-14,2016,1,4732.7500,1.8750,8.2500,8.0000,-0.5000,-6.2500,19,-5.2500,11.5000,7,3.0000,-2.2500,17.0000,19.0000,-5.5000,,8.2500,,8.2500,,8.2500,,8.2500
2016-09-15,2016,-1,4745.5000,1.5000,-10.2500,-10.5000,-8.2500,-17.7500,25,-16.7500,2.5000,13,13.0000,7.0000,17.0000,1.0000,-7.2500,1.0000,-7.2500,3.0000,-13.7500,3.0000,-13.7500,,-10.2500
2016-09-16,2016,-1,4806.2500,2.0000,11.0000,11.0000,11.0000,-8.0000,17,-5.0000,13.5000,30,30.0000,-7.0000,,8.0000,-5.0000,,11.0000,,11.0000,,11.0000,,11.0000
2016-09-19,2016,1,4827.2500,1.0000,12.0000,11.7500,-3.0000,-3.2500,12,-3.0000,12.7500,29,4.0000,0.2500,12.0000,12.0000,-3.0000,,12.0000,,12.0000,,12.0000,,12.0000
2016-09-20,2016,-1,4805.7500,0.8750,-12.2500,-12.2500,-12.2500,-14.7500,28,-14.2500,2.2500,15,,,,1.0000,-4.5000,1.0000,-4.5000,3.0000,-6.0000,18.0000,-7.7500,20.0000,-10.7500
2016-09-21,2016,-1,4819.2500,0.7500,-5.2500,-5.0000,-3.0000,-7.0000,28,-6.2500,3.5000,2,13.0000,2.5000,15.0000,7.0000,-2.0000,8.0000,-4.0000,18.0000,-4.7500,27.0000,-6.2500,,-5.2500
2016-09-22,2016,1,4876.7500,0.7500,-0.5000,-0.5000,-0.5000,-3.2500,12,-2.2500,4.5000,3,1.0000,2.2500,,12.0000,-2.2500,,-0.5000,,-0.5000,,-0.5000,,-0.5000
2016-09-23,2016,-1,4877.7500,0.7500,8.0000,8.0000,0.7500,-1.0000,1,0.0000,10.5000,28,5.0000,-1.2500,8.0000,,8.0000,,8.0000,,8.0000,,8.0000,,8.0000
2016-09-26,2016,-1,4821.2500,0.5000,7.5000,7.5000,7.5000,-3.5000,2,-2.5000,9.5000,13,4.0000,1.2500,,1.0000,-2.2500,1.0000,-2.2500,,7.5000,,7.5000,,7.5000
2016-09-27,2016,-1,4811.5000,1.3750,-37.2500,-37.2500,-15.0000,-37.7500,30,-37.2500,4.5000,1,12.0000,14.7500,14.0000,2.0000,-4.0000,3.0000,-11.0000,3.0000,-11.0000,6.0000,-14.0000,9.0000,-17.2500
2016-09-28,2016,1,4867.5000,1.0000,0.5000,0.5000,-4.0000,-6.0000,21,-5.7500,3.5000,29,14.0000,2.7500,18.0000,3.0000,-3.0000,8.0000,-4.7500,,0.5000,,0.5000,,0.5000
2016-09-29,2016,1,4865.0000,0.8750,3.0000,2.7500,3.0000,-5.2500,10,-3.7500,5.7500,30,22.0000,2.2500,,1.0000,-2.7500,17.0000,-3.5000,,3.0000,,3.0000,,3.0000
2016-09-30,2016,1,4855.0000,1.1250,-2.7500,-2.7500,-2.7500,-8.5000,22,-7.2500,2.2500,2,,,,6.0000,-3.2500,15.0000,-5.7500,22.0000,-7.2500,,-2.7500,,-2.7500
2016-10-03,2016,-1,4859.2500,0.7500,3.7500,4.0000,3.7500,-5.0000,3,-4.7500,11.2500,26,6.0000,2.2500,,2.0000,-2.7500,3.0000,-4.5000,3.0000,-4.5000,,3.7500,,3.7500
2016-10-04,2016,1,4879.0000,0.7500,2.0000,2.0000,2.0000,-1.5000,5,0.2500,9.0000,14,8.0000,-1.5000,,,2.0000,,2.0000,,2.0000,,2.0000,,2.0000
2016-10-05,2016,1,4869.0000,1.0000,5.2500,5.0000,5.2500,-1.7500,1,-0.2500,9.2500,28,4.0000,-1.0000,,,5.2500,,5.2500,,5.2500,,5.2500,,5.2500
2016-10-06,2016,-1,4865.2500,0.7500,8.7500,8.7500,8.7500,-2.7500,2,-1.2500,12.5000,23,1.0000,2.2500,,,8.7500,,8.7500,,8.7500,,8.7500,,8.7500
2016-10-07,2016,-1,4872.2500,1.8750,13.0000,13.0000,-0.5000,-2.5000,1,-1.2500,20.2500,17,3.0000,-1.0000,7.0000,,13.0000,,13.0000,,13.0000,,13.0000,,13.0000
2016-10-10,2016,1,4885.0000,0.7500,12.2500,12.2500,12.2500,-0.7500,1,1.7500,13.5000,23,2.0000,-0.5000,,,12.2500,,12.2500,,12.2500,,12.2500,,12.2500
2016-10-11,2016,-1,4880.5000,1.0000,19.7500,19.7500,19.7500,-0.5000,1,1.0000,23.0000,22,2.0000,0.2500,,,19.7500,,19.7500,,19.7500,,19.7500,,19.7500
2016-10-12,2016,-1,4815.5000,1.2500,1.7500,1.7500,1.7500,-2.2500,24,-1.2500,15.2500,8,1.0000,3.0000,,,1.7500,,1.7500,,1.7500,,1.7500,,1.7500
2016-10-13,2016,1,4782.2500,1.0000,-27.5000,-27.7500,-24.5000,-27.7500,30,-27.7500,1.5000,2,27.0000,23.0000,28.0000,4.0000,-3.5000,5.0000,-6.0000,8.0000,-8.5000,8.0000,-8.5000,10.0000,-12.0000
2016-10-14,2016,1,4827.7500,1.0000,3.0000,3.0000,-4.0000,-5.5000,7,-4.2500,13.2500,16,4.0000,2.2500,7.0000,1.0000,-3.5000,2.0000,-4.0000,,3.0000,,3.0000,,3.0000
2016-10-17,2016,1,4803.0000,1.0000,-13.5000,-13.5000,-10.2500,-18.7500,23,-17.0000,2.2500,1,19.0000,8.7500,21.0000,2.0000,-2.0000,4.0000,-8.0000,4.0000,-8.0000,6.0000,-8.0000,7.0000,-12.0000
2016-10-18,2016,-1,4844.0000,0.7500,2.5000,2.7500,-0.5000,-3.5000,16,-2.2500,7.0000,27,4.0000,-1.7500,9.0000,14.0000,-1.7500,,2.5000,,2.5000,,2.5000,,2.5000
2016-10-19,2016,1,4831.0000,0.7500,-2.2500,-2.0000,-3.0000,-6.7500,24,-4.2500,3.7500,19,8.0000,1.7500,9.0000,1.0000,-2.0000,6.0000,-3.5000,,-2.2500,,-2.2500,,-2.2500
2016-10-20,2016,-1,4823.0000,1.0000,-6.7500,-6.7500,-3.0000,-8.0000,30,-6.7500,15.7500,7,6.0000,1.2500,15.0000,1.0000,-3.5000,28.0000,-4.7500,30.0000,-6.7500,,-6.7500,,-6.7500
2016-10-21,2016,-1,4826.7500,1.2500,-2.5000,-2.2500,-3.5000,-8.0000,25,-7.0000,12.0000,4,1.0000,2.0000,21.0000,21.0000,-3.5000,23.0000,-7.0000,,-2.5000,,-2.5000,,-2.5000
2016-10-24,2016,1,4880.5000,0.7500,8.7500,8.7500,8.7500,-4.7500,10,-4.5000,11.7500,28,13.0000,1.5000,,6.0000,-2.2500,9.0000,-4.2500,,8.7500,,8.7500,,8.7500
2016-10-25,2016,-1,4903.7500,1.0000,0.0000,0.2500,0.7500,-2.7500,13,-2.5000,6.7500,4,3.0000,-1.0000,5.0000,13.0000,-2.5000,,0.0000,,0.0000,,0.0000,,0.0000
2016-10-26,2016,-1,4856.7500,0.8750,9.0000,9.2500,9.0000,-3.0000,8,-3.0000,15.2500,19,13.0000,0.0000,,8.0000,-2.7500,,9.0000,,9.0000,,9.0000,,9.0000
2016-10-27,2016,-1,4875.5000,1.0000,5.5000,5.5000,5.5000,-1.5000,1,-0.7500,10.7500,17,8.0000,-2.5000,,,5.5000,,5.5000,,5.5000,,5.5000,,5.5000
2016-10-28,2016,-1,4806.2500,1.1250,-15.7500,-15.7500,-2.5000,-26.0000,18,-24.7500,6.7500,2,3.0000,-0.2500,4.0000,4.0000,-2.5000,5.0000,-7.0000,5.0000,-7.0000,10.0000,-10.0000,12.0000,-17.0000
2016-10-31,2016,-1,4815.2500,1.0000,7.2500,7.2500,7.2500,-3.7500,17,-1.7500,10.5000,27,22.0000,-3.0000,,,7.2500,,7.2500,,7.2500,,7.2500,,7.2500
2016-11-01,2016,-1,4801.5000,0.8750,9.7500,9.7500,4.2500,-2.0000,3,-0.2500,12.2500,22,10.0000,-5.5000,13.0000,,9.7500,,9.7500,,9.7500,,9.7500,,9.7500
2016-11-02,2016,-1,4755.5000,1.0000,-6.0000,-5.7500,-6.0000,-10.5000,16,-9.5000,4.7500,1,23.0000,6.7500,,3.0000,-2.7500,4.0000,-4.2500,6.0000,-6.7500,13.0000,-8.0000,,-6.0000
2016-11-03,2016,1,4726.7500,1.0000,-16.7500,-17.0000,-9.7500,-21.0000,30,-19.2500,2.7500,6,1.0000,5.0000,12.0000,9.0000,-3.2500,12.0000,-9.7500,12.0000,-9.7500,12.0000,-9.7500,18.0000,-12.2500
2016-11-04,2016,-1,4656.0000,1.2500,-14.2500,-14.5000,-14.2500,-28.2500,6,-25.5000,2.0000,1,11.0000,20.5000,,1.0000,-8.2500,1.0000,-8.2500,1.0000,-8.2500,2.0000,-12.5000,3.0000,-18.2500
2016-11-07,2016,-1,4726.7500,1.0000,-12.7500,-13.0000,-4.2500,-14.5000,28,-13.2500,0.5000,1,1.0000,3.7500,3.0000,2.0000,-2.5000,4.0000,-7.2500,4.0000,-7.2500,8.0000,-10.0000,28.0000,-13.0000
2016-11-08,2016,-1,4763.2500,1.1250,4.0000,3.7500,0.2500,-4.2500,8,-3.7500,10.5000,23,3.0000,-1.2500,6.0000,8.0000,-3.5000,,4.0000,,4.0000,,4.0000,,4.0000
2016-11-09,2016,1,4784.0000,3.7500,-3.2500,-3.0000,-3.2500,-42.5000,9,-38.2500,17.5000,18,13.0000,30.5000,,2.0000,-15.0000,5.0000,-16.7500,6.0000,-24.0000,7.0000,-32.2500,,-3.2500
2016-11-10,2016,-1,4837.2500,2.1250,24.7500,24.5000,24.7500,-14.2500,13,-12.5000,25.0000,30,19.0000,6.7500,,8.0000,-5.7500,10.0000,-10.5000,,24.7500,,24.7500,,24.7500
2016-11-11,2016,1,4725.5000,2.3750,-2.7500,-3.0000,-10.0000,-19.5000,24,-16.5000,13.2500,11,8.0000,7.5000,21.0000,2.0000,-13.5000,2.0000,-13.5000,25.0000,-16.5000,,-2.7500,,-2.7500
2016-11-14,2016,-1,4728.7500,2.2500,21.0000,21.0000,21.0000,-12.7500,3,-7.7500,22.0000,30,1.0000,10.0000,,1.0000,-6.0000,,21.0000,,21.0000,,21.0000,,21.0000
2016-11-15,2016,-1,4729.7500,1.7500,-28.7500,-28.7500,-19.2500,-29.7500,30,-28.7500,2.5000,2,12.0000,19.0000,23.0000,4.0000,-15.5000,4.0000,-15.5000,4.0000,-15.5000,4.0000,-15.5000,27.0000,-22.7500
2016-11-16,2016,1,4747.7500,1.7500,13.2500,13.0000,13.2500,-2.7500,1,-0.2500,30.5000,13,3.0000,-1.2500,,,13.2500,,13.2500,,13.2500,,13.2500,,13.2500
2016-11-17,2016,1,4792.2500,1.2500,2.2500,2.2500,2.2500,-8.0000,7,-6.5000,7.7500,18,1.0000,6.5000,,6.0000,-3.2500,15.0000,-6.5000,,2.2500,,2.2500,,2.2500
2016-11-18,2016,1,4836.0000,1.2500,-11.0000,-11.2500,-4.7500,-16.2500,28,-13.7500,4.5000,2,1.0000,2.0000,3.0000,3.0000,-4.7500,9.0000,-5.7500,25.0000,-8.2500,27.0000,-13.2500,,-11.0000
2016-11-21,2016,-1,4818.5000,0.8750,-26.2500,-26.2500,-26.2500,-32.2500,23,-31.7500,0.7500,1,,,,1.0000,-5.0000,1.0000,-5.0000,2.0000,-5.7500,3.0000,-10.0000,4.0000,-11.5000
2016-11-22,2016,1,4877.0000,1.0000,0.0000,0.0000,-1.7500,-5.2500,10,-4.0000,7.7500,18,2.0000,0.0000,3.0000,9.0000,-3.7500,,0.0000,,0.0000,,0.0000,,0.0000
2016-11-23,2016,-1,4854.5000,1.3750,8.5000,8.5000,8.5000,-1.5000,1,4.2500,18.0000,23,2.0000,-1.7500,,,8.5000,,8.5000,,8.5000,,8.5000,,8.5000
2016-11-25,2016,1,4858.5000,0.7500,3.2500,3.0000,3.2500,-6.5000,5,-5.0000,5.0000,17,7.0000,4.2500,,2.0000,-4.7500,2.0000,-4.7500,2.0000,-4.7500,,3.2500,,3.2500
2016-11-28,2016,-1,4859.2500,0.5000,-6.0000,-6.0000,-5.5000,-10.7500,26,-10.0000,7.5000,15,6.0000,1.0000,21.0000,1.0000,-3.0000,1.0000,-3.0000,4.0000,-3.5000,21.0000,-5.5000,22.0000,-7.2500
2016-11-29,2016,-1,4860.2500,1.0000,4.7500,5.0000,4.7500,-6.5000,7,-5.2500,12.7500,18,13.0000,1.7500,,4.0000,-2.7500,5.0000,-4.7500,,4.7500,,4.7500,,4.7500
2016-11-30,2016,-1,4871.2500,1.0000,10.5000,10.2500,10.5000,-10.2500,10,-8.7500,10.5000,30,16.0000,2.7500,,3.0000,-3.2500,8.0000,-5.7500,8.0000,-5.7500,10.0000,-9.0000,,10.5000
2016-12-01,2016,-1,4805.5000,1.2500,15.5000,15.5000,15.5000,-1.5000,1,4.7500,29.7500,23,2.0000,0.2500,,,15.5000,,15.5000,,15.5000,,15.5000,,15.5000
2016-12-02,2016,-1,4729.5000,1.5000,-16.5000,-16.5000,-16.5000,-29.5000,8,-28.2500,2.5000,1,13.0000,21.0000,,1.0000,-3.7500,2.0000,-11.2500,2.0000,-11.2500,3.0000,-13.5000,5.0000,-24.5000
2016-12-05,2016,-1,4758.0000,0.7500,-27.2500,-27.5000,-5.7500,-28.0000,30,-27.5000,16.2500,7,1.0000,2.0000,18.0000,15.0000,-2.0000,18.0000,-5.7500,18.0000,-5.7500,19.0000,-6.7500,20.0000,-9.2500
2016-12-06,2016,-1,4783.2500,0.7500,-10.5000,-10.5000,-2.7500,-12.2500,30,-10.5000,15.0000,5,1.0000,2.0000,18.0000,18.0000,-2.7500,19.0000,-4.2500,22.0000,-5.5000,28.0000,-6.5000,30.0000,-10.5000
2016-12-07,2016,1,4779.5000,1.0000,-11.2500,-11.2500,-3.5000,-16.0000,27,-15.7500,5.0000,7,1.0000,2.2500,8.0000,8.0000,-3.5000,16.0000,-7.5000,16.0000,-7.5000,18.0000,-10.5000,23.0000,-13.0000
2016-12-08,2016,-1,4843.0000,1.1250,-6.7500,-6.0000,-6.7500,-21.0000,20,-20.2500,1.7500,3,24.0000,14.7500,,2.0000,-4.7500,4.0000,-7.5000,4.0000,-7.5000,6.0000,-10.7500,9.0000,-15.0000
2016-12-09,2016,-1,4876.7500,0.8750,-9.5000,-9.2500,-9.5000,-15.7500,21,-14.7500,1.5000,1,30.0000,13.5000,,3.0000,-5.2500,3.0000,-5.2500,5.0000,-6.7500,7.0000,-7.0000,14.0000,-11.0000
2016-12-12,2016,-1,4872.7500,0.7500,-9.0000,-8.7500,2.5000,-9.7500,29,-8.7500,9.5000,5,10.0000,-3.0000,15.0000,18.0000,-2.7500,20.0000,-5.5000,20.0000,-5.5000,28.0000,-7.5000,,-9.0000
2016-12-13,2016,1,4889.2500,0.8750,45.0000,45.2500,45.0000,-1.2500,1,2.5000,50.5000,23,2.0000,-0.7500,,,45.0000,,45.0000,,45.0000,,45.0000,,45.0000
2016-12-14,2016,1,4946.0000,1.0000,-2.0000,-1.7500,-2.0000,-5.2500,6,-3.5000,4.7500,25,20.0000,1.7500,,14.0000,-2.7500,,-2.0000,,-2.0000,,-2.0000,,-2.0000
2016-12-15,2016,1,4933.7500,1.5000,7.5000,7.7500,7.5000,-6.0000,1,-3.2500,13.5000,27,14.0000,1.7500,,9.0000,-3.2500,,7.5000,,7.5000,,7.5000,,7.5000
2016-12-16,2016,1,4947.0000,1.0000,-10.0000,-9.7500,-6.2500,-14.2500,22,-13.0000,4.7500,3,3.0000,-0.5000,4.0000,4.0000,-6.2500,4.0000,-6.2500,4.0000,-6.2500,9.0000,-10.0000,16.0000,-12.7500
2016-12-19,2016,-1,4920.0000,0.5000,-21.0000,-20.7500,2.5000,-22.5000,24,-21.7500,7.5000,4,4.0000,-3.0000,9.0000,10.0000,-6.5000,10.0000,-6.5000,10.0000,-6.5000,10.0000,-6.5000,10.0000,-6.5000
2016-12-20,2016,1,4951.0000,1.0000,2.5000,2.5000,4.5000,-2.5000,4,0.0000,12.2500,18,12.0000,-5.2500,24.0000,,2.5000,,2.5000,,2.5000,,2.5000,,2.5000
2016-12-21,2016,1,4954.2500,0.5000,-5.0000,-5.0000,-2.7500,-7.0000,12,-6.5000,5.5000,3,1.0000,0.5000,6.0000,6.0000,-2.7500,6.0000,-2.7500,8.0000,-5.5000,8.0000,-5.5000,12.0000,-6.7500
2016-12-22,2016,-1,4941.7500,0.7500,-1.0000,-1.2500,0.0000,-2.2500,1,-1.7500,13.7500,10,4.0000,-0.5000,28.0000,1.0000,-1.5000,,-1.0000,,-1.0000,,-1.0000,,-1.0000
2016-12-23,2016,1,4932.0000,0.6250,7.5000,7.7500,-0.5000,-1.7500,11,-0.5000,8.7500,23,3.0000,-0.2500,10.0000,,7.5000,,7.5000,,7.5000,,7.5000,,7.5000
2016-12-27,2016,1,4951.2500,0.5000,39.7500,39.5000,39.7500,0.0000,1,1.7500,43.2500,23,1.0000,0.7500,,,39.7500,,39.7500,,39.7500,,39.7500,,39.7500
2016-12-28,2016,1,4977.7500,0.7500,-34.0000,-33.7500,-34.0000,-34.2500,28,-33.7500,1.0000,1,,,,3.0000,-4.0000,3.0000,-4.0000,4.0000,-7.0000,4.0000,-7.0000,7.0000,-9.7500
2016-12-29,2016,1,4927.7500,0.7500,-5.7500,-5.5000,-3.7500,-12.5000,17,-12.2500,5.7500,4,3.0000,-0.2500,11.0000,1.0000,-2.0000,11.0000,-3.7500,12.0000,-6.0000,14.0000,-7.0000,17.0000,-12.2500
2016-12-30,2016,-1,4921.2500,0.7500,39.0000,38.7500,39.0000,0.0000,1,2.7500,45.5000,28,2.0000,-0.5000,,,39.0000,,39.0000,,39.0000,,39.0000,,39.0000
2017-01-03,2017,-1,4894.0000,1.2500,-14.0000,-14.0000,-10.0000,-14.0000,4,-14.0000,8.2500,10,6.0000,9.7500,27.0000,2.0000,-7.2500,2.0000,-7.2500,3.0000,-9.7500,4.0000,-11.0000,,-14.0000
2017-01-04,2017,1,4923.0000,0.7500,5.2500,5.5000,5.2500,-0.7500,1,1.0000,10.7500,3,3.0000,-1.0000,,,5.2500,,5.2500,,5.2500,,5.2500,,5.2500
2017-01-05,2017,1,4939.0000,1.0000,12.0000,12.2500,12.0000,-1.2500,1,2.2500,18.2500,24,1.0000,4.0000,,,12.0000,,12.0000,,12.0000,,12.0000,,12.0000
2017-01-06,2017,-1,4958.5000,0.6250,-18.0000,-17.7500,-18.0000,-21.2500,28,-20.0000,6.0000,5,,,,1.0000,-5.2500,1.0000,-5.2500,1.0000,-5.2500,9.0000,-6.5000,10.0000,-8.2500
2017-01-09,2017,1,5011.0000,1.0000,1.2500,1.2500,1.2500,-3.5000,1,-2.2500,8.5000,25,17.0000,-0.7500,,1.0000,-2.2500,,1.2500,,1.2500,,1.2500,,1.2500
2017-01-10,2017,1,5025.0000,0.7500,-4.5000,-4.2500,-10.2500,-14.0000,20,-10.7500,2.0000,1,15.0000,5.5000,20.0000,6.0000,-2.5000,7.0000,-6.7500,7.0000,-6.7500,7.0000,-6.7500,9.0000,-9.5000
2017-01-11,2017,1,5036.2500,0.7500,-2.0000,-2.2500,-2.0000,-8.2500,21,-7.0000,1.5000,2,23.0000,5.5000,,2.0000,-2.0000,4.0000,-3.5000,13.0000,-6.2500,13.0000,-6.2500,,-2.0000
2017-01-12,2017,-1,5024.7500,1.0000,12.2500,12.0000,12.2500,-2.2500,1,-0.2500,13.5000,19,8.0000,-3.5000,,,12.2500,,12.2500,,12.2500,,12.2500,,12.2500
2017-01-13,2017,-1,5042.7500,0.7500,-10.2500,-10.2500,-10.2500,-17.0000,13,-15.2500,1.2500,1,23.0000,13.7500,,1.0000,-4.7500,1.0000,-4.7500,1.0000,-4.7500,3.0000,-8.0000,9.0000,-10.5000
2017-01-17,2017,-1,5039.0000,1.2500,5.2500,5.5000,0.7500,-3.2500,1,-2.0000,14.0000,14,4.0000,-1.2500,24.0000,,5.2500,,5.2500,,5.2500,,5.2500,,5.2500
2017-01-18,2017,-1,5044.5000,0.7500,-8.2500,-8.5000,-1.5000,-8.5000,30,-8.5000,7.2500,3,2.0000,0.2500,7.0000,8.0000,-3.0000,10.0000,-6.0000,10.0000,-6.0000,11.0000,-7.0000,,-8.2500
2017-01-19,2017,1,5059.0000,1.0000,10.7500,10.5000,10.7500,-1.0000,1,0.7500,15.7500,27,4.0000,-2.2500,,,10.7500,,10.7500,,10.7500,,10.7500,,10.7500
2017-01-20,2017,1,5070.0000,0.7500,5.2500,5.0000,5.2500,-0.7500,1,0.5000,13.0000,8,3.0000,-2.5000,,,5.2500,,5.2500,,5.2500,,5.2500,,5.2500
2017-01-23,2017,-1,5051.5000,1.1250,-6.2500,-6.0000,-14.0000,-18.2500,8,-16.5000,0.2500,1,10.0000,14.0000,15.0000,1.0000,-5.7500,1.0000,-5.7500,2.0000,-9.5000,2.0000,-9.5000,3.0000,-14.5000
2017-01-24,2017,-1,5072.2500,0.5000,8.7500,8.5000,8.7500,-7.0000,4,-5.2500,8.5000,30,12.0000,1.5000,,1.0000,-3.7500,1.0000,-3.7500,1.0000,-3.7500,3.0000,-4.7500,,8.7500
2017-01-25,2017,1,5128.7500,0.7500,-0.2500,0.0000,-0.2500,-5.2500,2,-3.5000,2.0000,3,,,,1.0000,-3.0000,8.0000,-3.5000,,-0.2500,,-0.2500,,-0.2500
2017-01-26,2017,1,5158.2500,1.0000,-2.7500,-2.7500,-2.7500,-9.0000,15,-7.5000,5.0000,2,1.0000,0.5000,8.0000,8.0000,-2.7500,9.0000,-5.2500,13.0000,-7.0000,,-2.7500,,-2.7500
2017-01-27,2017,1,5166.5000,1.1250,-11.7500,-12.0000,-14.5000,-18.0000,24,-17.5000,1.0000,1,20.0000,13.2500,21.0000,1.0000,-3.5000,2.0000,-6.2500,6.0000,-7.0000,8.0000,-9.2500,17.0000,-15.0000
2017-01-30,2017,-1,5136.2500,0.5000,25.2500,25.2500,25.2500,-2.0000,2,-1.2500,29.0000,18,1.0000,2.5000,,1.0000,-1.2500,,25.2500,,25.2500,,25.2500,,25.2500
2017-01-31,2017,1,5109.2500,0.7500,-13.5000,-13.5000,-13.5000,-13.5000,30,-13.5000,2.5000,5,,,,1.0000,-2.5000,2.0000,-3.7500,8.0000,-5.0000,9.0000,-6.5000,10.0000,-9.7500
2017-02-01,2017,1,5150.7500,1.0000,-4.2500,-4.2500,1.2500,-6.2500,21,-5.5000,7.5000,3,4.0000,-1.7500,9.0000,14.0000,-5.2500,14.0000,-5.2500,,-4.2500,,-4.2500,,-4.2500
2017-02-02,2017,-1,5126.5000,1.0000,-21.0000,-21.0000,-5.7500,-26.0000,27,-25.7500,3.0000,3,1.0000,5.2500,4.0000,4.0000,-5.7500,4.0000,-5.7500,7.0000,-7.2500,9.0000,-8.2500,12.0000,-13.0000
2017-02-03,2017,1,5148.7500,1.0000,3.2500,3.2500,-1.7500,-3.7500,1,-1.7500,7.0000,8,4.0000,-0.7500,11.0000,,3.2500,,3.2500,,3.2500,,3.2500,,3.2500
2017-02-06,2017,-1,5147.0000,0.7500,-4.0000,-4.0000,-1.2500,-6.2500,23,-5.0000,4.2500,4,4.0000,0.2500,6.0000,1.0000,-1.7500,7.0000,-4.2500,22.0000,-5.0000,,-4.0000,,-4.0000
2017-02-07,2017,-1,5170.2500,0.7500,-8.2500,-8.5000,-6.0000,-10.5000,13,-9.2500,1.0000,1,10.0000,5.2500,11.0000,2.0000,-2.0000,4.0000,-4.7500,5.0000,-5.5000,7.0000,-6.7500,13.0000,-9.2500
2017-02-08,2017,1,5172.5000,0.7500,0.7500,0.7500,0.7500,-9.0000,18,-8.7500,2.5000,6,22.0000,6.5000,,3.0000,-1.5000,13.0000,-3.0000,16.0000,-4.5000,17.0000,-8.7500,,0.7500
2017-02-09,2017,1,5196.7500,0.7500,1.5000,1.5000,1.5000,-2.2500,1,0.2500,5.7500,12,3.0000,-0.5000,,,1.5000,,1.5000,,1.5000,,1.5000,,1.5000
2017-02-10,2017,-1,5218.2500,0.5000,4.0000,4.0000,0.0000,-3.2500,1,-2.7500,7.2500,29,4.0000,-0.2500,6.0000,1.0000,-2.7500,1.0000,-2.7500,,4.0000,,4.0000,,4.0000
2017-02-13,2017,1,5243.0000,0.7500,3.5000,3.7500,3.5000,-2.7500,4,-1.5000,3.7500,13,10.0000,-0.5000,,,3.5000,,3.5000,,3.5000,,3.5000,,3.5000
2017-02-14,2017,-1,5250.0000,0.5000,-0.7500,-0.5000,-4.7500,-6.7500,8,-5.2500,0.7500,1,12.0000,3.7500,19.0000,1.0000,-4.7500,1.0000,-4.7500,1.0000,-4.7500,1.0000,-4.7500,,-0.7500
2017-02-15,2017,1,5271.7500,0.7500,5.7500,5.5000,5.7500,-2.0000,5,-1.5000,5.7500,27,10.0000,-1.0000,,,5.7500,,5.7500,,5.7500,,5.7500,,5.7500
2017-02-16,2017,1,5309.0000,0.7500,-8.0000,-8.0000,-3.7500,-10.2500,29,-9.5000,8.0000,11,1.0000,2.5000,18.0000,18.0000,-3.7500,18.0000,-3.7500,19.0000,-6.7500,19.0000,-6.7500,29.0000,-9.5000
2017-02-17,2017,1,5297.0000,1.2500,10.0000,10.0000,10.0000,-3.5000,2,-2.0000,11.2500,30,12.0000,-2.7500,,,10.0000,,10.0000,,10.0000,,10.0000,,10.0000
2017-02-21,2017,-1,5333.5000,0.5000,-9.2500,-9.2500,-9.2500,-13.5000,26,-13.0000,0.2500,1,27.0000,11.7500,,1.0000,-2.0000,4.0000,-4.2500,4.0000,-4.2500,4.0000,-4.2500,10.0000,-6.7500
2017-02-22,2017,1,5345.7500,0.5000,-2.5000,-2.5000,-8.0000,-9.5000,11,-8.5000,3.2500,3,16.0000,7.5000,21.0000,1.0000,-1.2500,6.0000,-2.0000,7.0000,-6.5000,7.0000,-6.5000,7.0000,-6.5000
2017-02-23,2017,-1,5355.5000,0.7500,9.7500,10.0000,9.7500,-0.7500,1,-0.5000,16.0000,13,5.0000,-2.0000,,,9.7500,,9.7500,,9.7500,,9.7500,,9.7500
2017-02-24,2017,1,5307.7500,1.1250,9.5000,9.2500,9.5000,-0.7500,1,-0.5000,16.7500,28,4.0000,-0.7500,,,9.5000,,9.5000,,9.5000,,9.5000,,9.5000
2017-02-27,2017,-1,5327.7500,0.7500,-6.2500,-6.2500,-0.5000,-8.2500,27,-8.2500,4.5000,10,7.0000,-0.5000,14.0000,1.0000,-1.7500,19.0000,-3.2500,26.0000,-5.2500,27.0000,-8.0000,,-6.2500
2017-02-28,2017,-1,5346.2500,0.7500,3.5000,3.2500,3.5000,-1.0000,4,0.2500,7.7500,24,18.0000,-2.2500,,,3.5000,,3.5000,,3.5000,,3.5000,,3.5000
2017-03-01,2017,-1,5365.5000,1.0000,-8.2500,-8.2500,-0.7500,-8.5000,30,-8.2500,10.5000,21,2.0000,-0.5000,28.0000,29.0000,-4.0000,30.0000,-8.2500,30.0000,-8.2500,30.0000,-8.2500,,-8.2500
2017-03-02,2017,-1,5383.7500,0.5000,-0.7500,-1.0000,0.7500,-4.0000,9,-3.0000,5.7500,4,4.0000,-1.0000,6.0000,7.0000,-1.5000,9.0000,-3.0000,,-0.7500,,-0.7500,,-0.7500
2017-03-03,2017,1,5360.2500,0.7500,1.0000,0.7500,-2.5000,-3.7500,28,-2.7500,4.2500,11,1.0000,2.5000,27.0000,23.0000,-1.7500,,1.0000,,1.0000,,1.0000,,1.0000
2017-03-06,2017,1,5355.0000,1.0000,-5.2500,-5.0000,-5.2500,-10.0000,13,-9.7500,0.5000,1,16.0000,8.5000,,1.0000,-2.5000,4.0000,-5.0000,12.0000,-7.0000,13.0000,-9.5000,,-5.2500
2017-03-07,2017,1,5353.0000,0.5000,0.2500,0.2500,-3.2500,-9.0000,11,-7.5000,4.0000,3,1.0000,1.5000,5.0000,5.0000,-3.2500,5.0000,-3.2500,5.0000,-3.2500,6.0000,-4.5000,8.0000,-7.5000
2017-03-08,2017,-1,5351.2500,1.0000,-17.5000,-17.2500,-17.0000,-17.7500,15,-17.2500,1.5000,1,19.0000,15.5000,27.0000,5.0000,-5.0000,5.0000,-5.0000,6.0000,-7.7500,10.0000,-8.0000,13.0000,-13.7500
2017-03-10,2017,1,5392.0000,1.2500,4.5000,4.5000,4.5000,-9.7500,13,-8.5000,7.0000,30,19.0000,4.2500,,1.0000,-2.7500,12.0000,-6.5000,13.0000,-8.2500,,4.5000,,4.5000
2017-03-13,2017,1,5390.5000,0.7500,-0.7500,-1.0000,1.2500,-1.7500,27,-1.0000,5.5000,4,4.0000,-1.5000,8.0000,,-0.7500,,-0.7500,,-0.7500,,-0.7500,,-0.7500
2017-03-14,2017,-1,5385.7500,0.7500,7.2500,7.5000,7.2500,-2.7500,7,-1.5000,11.2500,25,19.0000,-2.5000,,,7.2500,,7.2500,,7.2500,,7.2500,,7.2500
2017-03-15,2017,-1,5393.7500,0.7500,7.5000,7.7500,7.5000,0.0000,1,1.7500,9.2500,9,6.0000,-3.7500,,,7.5000,,7.5000,,7.5000,,7.5000,,7.5000
2017-03-16,2017,-1,5426.2500,0.8750,2.0000,2.2500,2.0000,-2.5000,3,-2.0000,7.5000,24,4.0000,-0.2500,,2.0000,-2.0000,,2.0000,,2.0000,,2.0000,,2.0000
2017-03-17,2017,-1,5415.5000,1.0000,2.0000,2.2500,-2.0000,-5.5000,19,-5.0000,3.7500,10,10.0000,-1.2500,12.0000,18.0000,-4.7500,18.0000,-4.7500,,2.0000,,2.0000,,2.0000
2017-03-20,2017,-1,5407.7500,0.5000,-8.0000,-7.7500,-1.2500,-9.0000,30,-7.7500,2.5000,1,1.0000,1.2500,8.0000,8.0000,-1.2500,9.0000,-2.5000,13.0000,-3.2500,16.0000,-5.0000,29.0000,-6.2500
2017-03-21,2017,1,5435.0000,0.7500,-8.2500,-8.2500,0.0000,-9.0000,30,-8.2500,6.0000,4,3.0000,-0.2500,19.0000,28.0000,-1.5000,29.0000,-7.0000,29.0000,-7.0000,29.0000,-7.0000,,-8.2500
2017-03-22,2017,1,5339.0000,0.7500,6.0000,6.0000,-1.7500,-3.0000,28,-1.7500,14.5000,5,3.0000,-0.2500,27.0000,27.0000,-1.7500,,6.0000,,6.0000,,6.0000,,6.0000
2017-03-23,2017,-1,5355.7500,1.2500,-2.0000,-2.2500,-2.0000,-13.0000,5,-9.7500,4.5000,15,7.0000,9.0000,,2.0000,-3.7500,4.0000,-9.2500,4.0000,-9.2500,,-2.0000,,-2.0000
2017-03-24,2017,1,5377.7500,0.8750,11.2500,11.2500,11.2500,-0.2500,1,0.2500,15.0000,18,13.0000,-5.5000,,,11.2500,,11.2500,,11.2500,,11.2500,,11.2500
2017-03-27,2017,1,5333.5000,1.2500,4.5000,4.5000,-11.7500,-16.2500,10,-13.5000,6.7500,27,1.0000,5.2500,4.0000,3.0000,-3.7500,4.0000,-11.7500,4.0000,-11.7500,4.0000,-11.7500,,4.5000
2017-03-28,2017,1,5375.0000,0.7500,-2.0000,-2.2500,-0.2500,-11.5000,19,-10.7500,10.2500,9,2.0000,-0.7500,14.0000,15.0000,-3.2500,15.0000,-3.2500,18.0000,-4.7500,19.0000,-10.5000,19.0000,-10.5000
2017-03-29,2017,-1,5409.2500,0.7500,-12.2500,-12.2500,-7.7500,-13.5000,28,-12.2500,2.7500,3,13.0000,7.2500,23.0000,5.0000,-1.7500,6.0000,-3.2500,8.0000,-8.2500,8.0000,-8.2500,27.0000,-12.2500
2017-03-30,2017,1,5436.7500,0.7500,4.7500,4.7500,4.7500,-10.2500,5,-9.2500,7.2500,29,11.0000,5.0000,,2.0000,-4.0000,2.0000,-4.0000,4.0000,-9.2500,4.0000,-9.2500,4.0000,-9.2500
2017-03-31,2017,-1,5429.5000,0.7500,-9.5000,-9.5000,-9.5000,-11.2500,29,-11.0000,0.7500,1,,,,4.0000,-1.7500,5.0000,-4.2500,14.0000,-5.5000,16.0000,-7.0000,24.0000,-9.0000
2017-04-03,2017,-1,5442.2500,0.5000,-7.2500,-7.5000,-7.2500,-12.7500,11,-11.2500,1.0000,1,15.0000,10.7500,,1.0000,-2.2500,2.0000,-5.0000,2.0000,-5.0000,2.0000,-5.0000,3.0000,-6.7500
2017-04-04,2017,1,5423.2500,0.7500,0.0000,-0.2500,4.2500,-3.0000,5,-1.7500,12.2500,12,10.0000,-4.2500,19.0000,5.0000,-1.5000,,0.0000,,0.0000,,0.0000,,0.0000
2017-04-05,2017,-1,5446.7500,0.7500,-13.7500,-13.7500,-13.7500,-16.0000,18,-14.7500,0.7500,1,,,,3.0000,-2.5000,4.0000,-3.5000,9.0000,-6.5000,9.0000,-6.5000,13.0000,-10.0000
2017-04-06,2017,-1,5424.5000,1.0000,-2.7500,-2.7500,-5.0000,-10.5000,28,-8.0000,14.2500,17,11.0000,3.7500,23.0000,3.0000,-3.5000,6.0000,-5.0000,9.0000,-6.2500,,-2.7500,,-2.7500
2017-04-07,2017,-1,5419.7500,1.7500,13.5000,13.5000,13.5000,-11.7500,5,-11.0000,19.7500,28,8.0000,9.0000,,4.0000,-7.0000,5.0000,-10.2500,6.0000,-11.0000,,13.5000,,13.5000
2017-04-10,2017,1,5430.2500,0.5000,4.7500,5.0000,4.2500,-3.5000,1,-1.5000,8.5000,9,7.0000,-4.2500,18.0000,1.0000,-2.0000,,4.7500,,4.7500,,4.7500,,4.7500
2017-04-11,2017,1,5419.0000,1.0000,-28.2500,-28.2500,-2.7500,-37.2500,25,-36.0000,5.5000,3,2.0000,-0.7500,4.0000,4.0000,-2.7500,6.0000,-6.7500,6.0000,-6.7500,8.0000,-13.7500,8.0000,-13.7500
2017-04-12,2017,1,5395.0000,1.0000,-0.2500,-0.2500,-0.2500,-8.2500,3,-5.7500,5.7500,8,5.0000,4.2500,,2.0000,-4.2500,3.0000,-6.0000,,-0.2500,,-0.2500,,-0.2500
2017-04-13,2017,1,5371.5000,0.8750,22.7500,22.7500,22.7500,-6.2500,1,-5.7500,24.5000,30,19.0000,-7.2500,,1.0000,-5.7500,1.0000,-5.7500,1.0000,-5.7500,,22.7500,,22.7500
2017-04-17,2017,1,5373.5000,0.5000,0.2500,0.5000,-3.2500,-5.0000,12,-4.5000,5.5000,4,1.0000,2.5000,10.0000,8.0000,-1.0000,9.0000,-2.0000,10.0000,-3.2500,20.0000,-4.5000,,0.2500
2017-04-18,2017,-1,5378.2500,1.0000,-23.5000,-23.5000,-23.5000,-27.0000,28,-26.0000,0.0000,1,30.0000,24.7500,,1.0000,-6.0000,1.0000,-6.0000,2.0000,-10.0000,2.0000,-10.0000,7.0000,-14.5000
2017-04-19,2017,1,5419.5000,0.6250,6.0000,6.0000,6.0000,-4.2500,15,-3.0000,9.2500,27,17.0000,1.5000,,2.0000,-2.7500,2.0000,-2.7500,,6.0000,,6.0000,,6.0000
2017-04-20,2017,1,5423.5000,0.7500,-6.5000,-6.5000,-7.2500,-12.5000,26,-10.7500,3.7500,3,13.0000,6.5000,17.0000,8.0000,-5.7500,8.0000,-5.7500,8.0000,-5.7500,10.0000,-6.5000,24.0000,-10.2500
2017-04-21,2017,-1,5439.5000,1.0000,2.5000,2.5000,-3.5000,-5.2500,12,-3.5000,6.2500,22,1.0000,3.2500,12.0000,7.0000,-2.5000,,2.5000,,2.5000,,2.5000,,2.5000
2017-04-24,2017,-1,5496.7500,1.0000,-8.5000,-8.7500,0.2500,-10.0000,30,-8.7500,4.5000,4,5.0000,-0.7500,6.0000,1.0000,-2.7500,7.0000,-4.5000,9.0000,-6.2500,29.0000,-8.0000,,-8.5000
2017-04-25,2017,-1,5523.2500,0.8750,-5.5000,-5.7500,-5.5000,-6.0000,15,-5.7500,1.7500,6,,,,7.0000,-3.2500,10.0000,-4.5000,30.0000,-5.5000,,-5.5000,,-5.5000
2017-04-26,2017,1,5552.5000,0.6250,-3.5000,-3.7500,-4.7500,-8.2500,13,-6.7500,10.0000,2,1.0000,2.5000,10.0000,10.0000,-4.7500,10.0000,-4.7500,10.0000,-4.7500,13.0000,-5.5000,,-3.5000
2017-04-27,2017,1,5551.0000,1.2500,9.7500,9.5000,9.7500,-3.0000,6,-1.5000,10.0000,30,11.0000,-0.5000,,,9.7500,,9.7500,,9.7500,,9.7500,,9.7500
2017-04-28,2017,1,5593.5000,0.7500,-12.0000,-12.0000,-12.0000,-16.2500,27,-15.5000,2.0000,1,,,,2.0000,-2.2500,3.0000,-4.5000,4.0000,-5.2500,5.0000,-9.7500,5.0000,-9.7500
2017-05-01,2017,1,5602.2500,0.7500,3.5000,3.5000,0.2500,-2.5000,2,-2.0000,6.2500,25,6.0000,-0.2500,7.0000,1.0000,-1.7500,,3.5000,,3.5000,,3.5000,,3.5000
2017-05-02,2017,-1,5632.7500,0.5000,8.2500,8.0000,-2.0000,-3.5000,3,-2.2500,9.0000,28,1.0000,1.0000,2.0000,2.0000,-2.0000,3.0000,-2.2500,,8.2500,,8.2500,,8.2500
2017-05-03,2017,-1,5622.2500,0.7500,4.5000,4.2500,4.5000,-1.2500,1,0.0000,6.0000,7,2.0000,0.2500,,,4.5000,,4.5000,,4.5000,,4.5000,,4.5000
2017-05-04,2017,1,5625.5000,1.0000,-17.0000,-17.2500,-16.0000,-21.7500,22,-20.7500,0.0000,1,11.0000,15.5000,20.0000,1.0000,-3.2500,2.0000,-8.5000,2.0000,-8.5000,2.0000,-8.5000,6.0000,-16.5000
2017-05-05,2017,-1,5636.2500,0.7500,10.5000,10.7500,10.5000,-1.0000,1,0.2500,12.2500,30,7.0000,-1.7500,,,10.5000,,10.5000,,10.5000,,10.5000,,10.5000
2017-05-08,2017,1,5648.0000,0.5000,-7.5000,-7.7500,-6.0000,-10.2500,30,-8.7500,4.0000,3,12.0000,4.7500,20.0000,5.0000,-4.5000,5.0000,-4.5000,5.0000,-4.5000,5.0000,-4.5000,6.0000,-6.5000
2017-05-09,2017,1,5665.5000,0.5000,18.5000,18.5000,18.5000,-1.2500,1,1.2500,21.0000,30,1.0000,3.5000,,,18.5000,,18.5000,,18.5000,,18.5000,,18.5000
2017-05-10,2017,-1,5674.5000,0.5000,9.0000,9.0000,9.0000,-1.0000,1,-0.2500,12.5000,28,4.0000,-1.7500,,,9.0000,,9.0000,,9.0000,,9.0000,,9.0000
2017-05-11,2017,1,5663.7500,0.5000,-20.7500,-21.0000,-1.2500,-21.7500,25,-21.2500,4.5000,6,6.0000,-0.2500,8.0000,3.0000,-2.2500,3.0000,-2.2500,14.0000,-7.5000,14.0000,-7.5000,14.0000,-7.5000
2017-05-12,2017,1,5680.0000,0.7500,-5.5000,-5.7500,-3.5000,-7.7500,20,-6.2500,2.7500,14,14.0000,0.0000,17.0000,4.0000,-3.7500,4.0000,-3.7500,20.0000,-5.2500,25.0000,-6.0000,,-5.5000
2017-05-15,2017,1,5685.7500,0.5000,14.0000,14.0000,14.0000,-0.7500,1,1.0000,14.2500,30,2.0000,-0.2500,,,14.0000,,14.0000,,14.0000,,14.0000,,14.0000
2017-05-16,2017,-1,5712.2500,0.7500,-4.0000,-4.0000,-4.0000,-6.5000,22,-5.2500,3.7500,7,,,,16.0000,-2.2500,19.0000,-3.7500,21.0000,-5.0000,,-4.0000,,-4.0000
2017-05-17,2017,1,5684.5000,2.2500,-24.5000,-24.2500,1.5000,-28.2500,30,-26.5000,8.0000,10,4.0000,-1.7500,6.0000,20.0000,-6.2500,22.0000,-11.2500,23.0000,-14.7500,26.0000,-18.7500,,-24.5000
2017-05-18,2017,-1,5576.7500,1.5000,-35.0000,-35.2500,-29.0000,-36.5000,30,-35.2500,0.0000,1,11.0000,20.5000,14.0000,1.0000,-7.5000,1.0000,-7.5000,2.0000,-14.2500,2.0000,-14.2500,5.0000,-20.7500
2017-05-19,2017,1,5655.0000,1.2500,6.2500,6.0000,6.2500,-5.7500,3,-5.0000,13.2500,20,5.0000,0.7500,,1.0000,-4.0000,,6.2500,,6.2500,,6.2500,,6.2500
2017-05-22,2017,1,5672.0000,0.7500,13.5000,13.5000,13.5000,-1.0000,1,1.7500,14.5000,29,1.0000,1.2500,,,13.5000,,13.5000,,13.5000,,13.5000,,13.5000
2017-05-23,2017,-1,5711.7500,0.6250,11.2500,11.0000,11.2500,-2.2500,1,-0.7500,17.5000,20,11.0000,-1.5000,,,11.2500,,11.2500,,11.2500,,11.2500,,11.2500
2017-05-24,2017,-1,5719.5000,0.7500,6.7500,6.7500,6.7500,-3.0000,1,-1.7500,9.2500,6,3.0000,-0.2500,,1.0000,-1.7500,,6.7500,,6.7500,,6.7500,,6.7500
2017-05-25,2017,-1,5748.7500,0.5000,-4.2500,-4.2500,0.0000,-6.0000,22,-4.7500,7.7500,10,3.0000,-0.5000,15.0000,16.0000,-2.0000,21.0000,-4.0000,21.0000,-4.0000,22.0000,-4.2500,,-4.2500
2017-05-26,2017,-1,5777.2500,0.7500,-10.7500,-10.7500,-4.2500,-12.2500,29,-10.7500,3.5000,11,1.0000,1.2500,4.0000,4.0000,-4.2500,4.0000,-4.2500,15.0000,-5.0000,19.0000,-7.0000,28.0000,-10.2500
2017-05-30,2017,1,5789.0000,0.5000,11.0000,11.2500,11.0000,-1.2500,1,2.7500,13.2500,14,1.0000,1.7500,,,11.0000,,11.0000,,11.0000,,11.0000,,11.0000
2017-05-31,2017,-1,5814.5000,0.6250,44.5000,44.7500,3.2500,-1.2500,1,1.5000,50.7500,30,8.0000,-3.7500,10.0000,,44.5000,,44.5000,,44.5000,,44.5000,,44.5000
2017-06-01,2017,1,5806.2500,0.7500,-6.7500,-7.0000,-8.2500,-10.7500,29,-8.5000,6.7500,18,11.0000,1.2500,22.0000,3.0000,-5.2500,3.0000,-5.2500,3.0000,-5.2500,22.0000,-8.2500,,-6.7500
2017-06-02,2017,-1,5833.5000,1.7500,-2.2500,-2.0000,-2.2500,-8.5000,3,-6.5000,7.2500,16,5.0000,5.2500,,2.0000,-5.2500,,-2.2500,,-2.2500,,-2.2500,,-2.2500
2017-06-05,2017,-1,5876.0000,0.5000,-10.7500,-10.7500,-3.7500,-12.7500,18,-12.0000,3.2500,2,1.0000,2.7500,3.0000,3.0000,-3.7500,3.0000,-3.7500,3.0000,-3.7500,13.0000,-6.5000,13.0000,-6.5000
2017-06-06,2017,1,5872.7500,0.6250,7.0000,7.0000,7.0000,-0.7500,3,0.7500,15.0000,19,5.0000,-3.2500,,,7.0000,,7.0000,,7.0000,,7.0000,,7.0000
2017-06-07,2017,-1,5873.5000,0.7500,-4.0000,-4.0000,-4.0000,-9.0000,6,-8.0000,8.7500,19,10.0000,7.0000,,1.0000,-3.2500,3.0000,-6.0000,3.0000,-6.0000,4.0000,-7.0000,,-4.0000
2017-06-08,2017,-1,5895.2500,1.0000,16.2500,16.2500,16.2500,-3.5000,2,-1.2500,27.0000,20,1.0000,3.7500,,,16.2500,,16.2500,,16.2500,,16.2500,,16.2500
2017-06-09,2017,1,5899.2500,0.7500,-1.5000,-1.5000,-1.5000,-12.0000,7,-11.0000,2.2500,15,11.0000,7.2500,,2.0000,-2.2500,5.0000,-5.0000,5.0000,-5.0000,6.0000,-7.0000,7.0000,-11.0000
2017-06-12,2017,-1,5676.0000,1.8750,7.2500,7.0000,7.2500,-32.7500,3,-31.7500,32.7500,20,6.0000,22.2500,,2.0000,-19.0000,2.0000,-19.0000,2.0000,-19.0000,2.0000,-19.0000,3.0000,-31.5000
2017-06-13,2017,1,5753.5000,0.7500,1.0000,1.0000,4.5000,-5.7500,6,-1.2500,14.5000,14,12.0000,-6.5000,23.0000,,1.0000,,1.0000,,1.0000,,1.0000,,1.0000
2017-06-14,2017,-1,5776.7500,1.0000,3.0000,3.0000,1.0000,-2.5000,27,0.0000,19.0000,9,7.0000,-7.0000,14.0000,,3.0000,,3.0000,,3.0000,,3.0000,,3.0000
2017-06-15,2017,-1,5675.2500,1.7500,3.5000,3.5000,3.5000,-9.2500,7,-6.0000,28.7500,14,10.0000,4.7500,,3.0000,-6.0000,,3.5000,,3.5000,,3.5000,,3.5000
2017-06-16,2017,-1,5690.2500,2.3750,3.0000,3.0000,-0.5000,-11.2500,27,-10.7500,12.2500,12,13.0000,-2.0000,14.0000,21.0000,-5.0000,24.0000,-9.7500,,3.0000,,3.0000,,3.0000
2017-06-19,2017,-1,5730.5000,0.7500,-28.7500,-28.7500,-28.7500,-29.7500,30,-28.7500,2.2500,1,,,,3.0000,-7.7500,3.0000,-7.7500,3.0000,-7.7500,3.0000,-7.7500,4.0000,-11.0000
2017-06-20,2017,-1,5765.5000,0.7500,11.0000,10.7500,11.0000,-8.7500,10,-6.5000,13.5000,30,18.0000,3.2500,,8.0000,-2.5000,9.0000,-6.2500,9.0000,-6.2500,9.0000,-6.2500,,11.0000
2017-06-21,2017,1,5748.5000,1.5000,5.2500,5.0000,-3.0000,-8.5000,21,-7.7500,8.0000,30,6.0000,0.0000,10.0000,2.0000,-4.2500,21.0000,-7.5000,,5.2500,,5.2500,,5.2500
2017-06-22,2017,-1,5788.0000,1.0000,14.5000,14.5000,14.5000,-3.5000,2,-1.0000,17.2500,29,1.0000,3.2500,,,14.5000,,14.5000,,14.5000,,14.5000,,14.5000
2017-06-23,2017,-1,5781.2500,1.0000,9.0000,8.7500,9.0000,-3.2500,1,0.2500,18.2500,14,3.0000,-1.0000,,,9.0000,,9.0000,,9.0000,,9.0000,,9.0000
2017-06-26,2017,-1,5839.2500,1.1250,4.7500,4.7500,4.7500,-12.7500,3,-10.0000,5.0000,29,17.0000,7.0000,,1.0000,-4.7500,2.0000,-9.0000,2.0000,-9.0000,3.0000,-9.2500,,4.7500
2017-06-27,2017,-1,5741.2500,1.2500,-12.5000,-12.7500,-12.5000,-16.5000,11,-13.7500,6.5000,1,12.0000,12.0000,30.0000,5.0000,-7.7500,5.0000,-7.7500,5.0000,-7.7500,9.0000,-13.2500,,-12.5000
2017-06-28,2017,-1,5692.5000,1.6250,18.5000,18.5000,18.5000,-6.5000,3,-2.7500,30.0000,27,4.0000,-0.7500,,,18.5000,,18.5000,,18.5000,,18.5000,,18.5000
2017-06-29,2017,-1,5717.0000,2.2500,14.5000,14.2500,14.5000,-4.0000,9,-1.2500,25.7500,14,1.0000,4.0000,,,14.5000,,14.5000,,14.5000,,14.5000,,14.5000
2017-06-30,2017,1,5672.0000,2.5000,-10.2500,-10.2500,-1.5000,-13.2500,23,-11.0000,14.5000,18,7.0000,-3.2500,20.0000,23.0000,-11.0000,23.0000,-11.0000,,-10.2500,,-10.2500,,-10.2500
2017-07-03,2017,-1,5686.0000,1.6250,18.7500,19.2500,18.7500,-1.2500,2,1.2500,21.0000,12,4.0000,-2.0000,,,18.7500,,18.7500,,18.7500,,18.7500,,18.7500
2017-07-05,2017,-1,5609.0000,2.0000,-0.7500,-0.7500,-0.7500,-23.0000,4,-20.5000,4.7500,14,9.0000,17.0000,,2.0000,-9.7500,2.0000,-9.7500,3.0000,-15.0000,4.0000,-17.0000,,-0.7500
2017-07-06,2017,1,5614.2500,2.2500,-16.0000,-15.5000,-16.5000,-24.0000,17,-18.7500,6.0000,4,20.0000,16.0000,24.0000,6.0000,-5.0000,7.0000,-15.0000,7.0000,-15.0000,8.0000,-19.0000,,-16.0000
2017-07-07,2017,1,5625.7500,2.1250,16.7500,16.2500,5.2500,-2.7500,2,-1.7500,20.2500,27,8.0000,-5.5000,9.0000,,16.7500,,16.7500,,16.7500,,16.7500,,16.7500
2017-07-10,2017,1,5670.2500,1.7500,-8.5000,-8.7500,-7.0000,-20.2500,27,-16.2500,10.7500,4,1.0000,6.7500,18.0000,18.0000,-7.0000,18.0000,-7.0000,19.0000,-11.0000,22.0000,-15.7500,,-8.5000
2017-07-11,2017,1,5691.2500,0.7500,3.5000,3.5000,3.5000,-10.2500,6,-9.0000,7.7500,24,12.0000,6.5000,,1.0000,-2.0000,2.0000,-3.0000,3.0000,-6.0000,5.0000,-6.2500,,3.5000
2017-07-12,2017,-1,5762.2500,2.1250,1.2500,1.0000,-0.2500,-5.0000,3,-1.7500,11.2500,21,5.0000,-1.0000,9.0000,,1.2500,,1.2500,,1.2500,,1.2500,,1.2500
2017-07-13,2017,1,5789.7500,1.2500,14.5000,14.7500,14.5000,-4.2500,10,-2.5000,18.7500,27,1.0000,5.5000,,,14.5000,,14.5000,,14.5000,,14.5000,,14.5000
2017-07-14,2017,-1,5811.2500,1.8750,2.5000,2.7500,2.5000,-11.5000,15,-9.7500,4.5000,30,17.0000,8.0000,,1.0000,-4.0000,9.0000,-9.5000,,2.5000,,2.5000,,2.5000
2017-07-17,2017,-1,5843.2500,1.0000,-13.5000,-13.2500,-3.5000,-14.5000,29,-13.5000,3.0000,9,10.0000,2.0000,11.0000,2.0000,-3.2500,4.0000,-4.7500,5.0000,-6.0000,13.0000,-10.0000,16.0000,-12.5000
2017-07-18,2017,-1,5827.7500,1.2500,-13.7500,-13.7500,-2.0000,-17.0000,25,-16.2500,7.5000,3,1.0000,1.5000,8.0000,9.0000,-4.0000,13.0000,-7.2500,14.0000,-10.0000,15.0000,-12.5000,25.0000,-16.2500
2017-07-19,2017,1,5903.7500,1.1250,5.5000,5.5000,-2.0000,-6.2500,22,-4.7500,9.5000,7,5.0000,0.2500,18.0000,19.0000,-2.5000,21.0000,-5.0000,,5.5000,,5.5000,,5.5000
2017-07-20,2017,-1,5931.7500,1.5000,5.5000,5.7500,5.5000,-3.7500,2,-1.2500,14.0000,13,3.0000,-0.5000,,,5.5000,,5.5000,,5.5000,,5.5000,,5.5000
2017-07-21,2017,1,5907.0000,1.5000,2.2500,2.2500,-10.5000,-16.5000,19,-14.2500,4.5000,12,22.0000,9.5000,23.0000,2.0000,-3.5000,3.0000,-6.5000,19.0000,-14.0000,19.0000,-14.0000,,2.2500
2017-07-24,2017,1,5920.2500,0.7500,2.7500,2.7500,2.7500,-4.7500,10,-3.7500,6.2500,27,27.0000,-2.5000,,7.0000,-3.5000,7.0000,-3.5000,,2.7500,,2.7500,,2.7500
2017-07-25,2017,1,5930.0000,1.3750,1.2500,1.0000,-5.2500,-14.2500,5,-13.7500,6.0000,28,1.0000,3.0000,3.0000,3.0000,-5.2500,4.0000,-13.7500,4.0000,-13.7500,4.0000,-13.7500,,1.2500
2017-07-26,2017,-1,5947.5000,0.8750,-4.0000,-4.0000,-3.2500,-6.2500,29,-5.5000,5.7500,12,20.0000,2.2500,25.0000,6.0000,-2.5000,28.0000,-3.7500,29.0000,-5.7500,,-4.0000,,-4.0000
2017-07-27,2017,-1,5988.2500,1.2500,6.2500,6.0000,6.2500,-1.5000,3,0.2500,15.2500,5,4.0000,-1.7500,,,6.2500,,6.2500,,6.2500,,6.2500,,6.2500
2017-07-28,2017,-1,5870.7500,2.6250,-23.0000,-22.7500,-23.0000,-34.5000,12,-33.0000,2.5000,1,14.0000,33.0000,,3.0000,-12.5000,3.0000,-12.5000,6.0000,-17.0000,8.0000,-25.7500,11.0000,-33.0000
2017-07-31,2017,-1,5924.2500,1.2500,29.7500,29.7500,-4.7500,-8.0000,3,-5.7500,33.5000,30,8.0000,4.0000,11.0000,2.0000,-4.7500,5.0000,-5.7500,,29.7500,,29.7500,,29.7500
2017-08-01,2017,-1,5897.2500,1.2500,2.2500,2.0000,-2.7500,-4.5000,9,-2.5000,10.7500,1,1.0000,1.0000,6.0000,,2.2500,,2.2500,,2.2500,,2.2500,,2.2500
2017-08-02,2017,-1,5930.0000,1.0000,18.0000,17.7500,18.0000,-3.0000,3,0.0000,24.0000,15,9.0000,-4.7500,,,18.0000,,18.0000,,18.0000,,18.0000,,18.0000
2017-08-03,2017,-1,5913.0000,1.0000,20.0000,20.2500,0.0000,-3.7500,8,-2.7500,25.0000,25,4.0000,-1.2500,7.0000,10.0000,-2.5000,,20.0000,,20.0000,,20.0000,,20.0000
2017-08-04,2017,-1,5893.2500,1.2500,6.0000,6.0000,-9.5000,-18.7500,16,-15.7500,9.5000,27,1.0000,2.0000,4.0000,4.0000,-9.5000,4.0000,-9.5000,4.0000,-9.5000,10.0000,-13.0000,14.0000,-15.2500
2017-08-07,2017,-1,5907.5000,1.0000,-5.7500,-5.7500,-5.7500,-9.2500,28,-7.5000,7.0000,5,,,,3.0000,-3.0000,15.0000,-4.2500,28.0000,-7.5000,,-5.7500,,-5.7500
2017-08-08,2017,1,5922.7500,0.7500,3.5000,3.2500,3.5000,-10.7500,7,-9.0000,4.7500,30,,,,3.0000,-6.7500,3.0000,-6.7500,3.0000,-6.7500,3.0000,-6.7500,,3.5000
2017-08-09,2017,1,5880.0000,1.2500,5.5000,5.7500,-3.2500,-18.2500,11,-16.7500,13.0000,27,1.0000,2.7500,6.0000,6.0000,-3.2500,9.0000,-8.7500,9.0000,-8.7500,10.0000,-16.7500,10.0000,-16.7500
2017-08-10,2017,1,5885.5000,1.5000,-31.7500,-32.0000,-31.7500,-34.2500,30,-32.5000,0.7500,1,,,,3.0000,-4.0000,8.0000,-14.2500,8.0000,-14.2500,8.0000,-14.2500,13.0000,-23.2500
2017-08-11,2017,1,5805.7500,2.2500,6.2500,6.2500,-12.7500,-22.2500,17,-15.5000,8.7500,29,11.0000,11.7500,13.0000,5.0000,-8.7500,7.0000,-11.7500,14.0000,-15.2500,,6.2500,,6.2500
2017-08-14,2017,1,5885.5000,1.6250,11.5000,11.2500,0.5000,-3.7500,20,-2.0000,12.0000,30,3.0000,-0.7500,5.0000,,11.5000,,11.5000,,11.5000,,11.5000,,11.5000
2017-08-15,2017,-1,5918.0000,1.1250,6.0000,6.0000,6.0000,-5.0000,2,-3.7500,19.2500,18,5.0000,1.5000,,2.0000,-3.7500,,6.0000,,6.0000,,6.0000,,6.0000
2017-08-16,2017,1,5924.7500,1.0000,-12.2500,-12.2500,-12.2500,-17.2500,19,-15.5000,3.2500,1,24.0000,11.0000,29.0000,3.0000,-3.2500,6.0000,-7.2500,6.0000,-7.2500,8.0000,-12.7500,8.0000,-12.7500
2017-08-17,2017,1,5900.7500,1.2500,-21.7500,-21.7500,-7.0000,-22.7500,29,-21.7500,6.7500,13,13.0000,0.0000,25.0000,3.0000,-7.0000,3.0000,-7.0000,27.0000,-9.7500,28.0000,-19.2500,28.0000,-19.2500
2017-08-18,2017,-1,5800.0000,2.6250,17.2500,17.0000,17.2500,-9.5000,3,-8.5000,27.5000,27,12.0000,0.0000,,1.0000,-6.5000,,17.2500,,17.2500,,17.2500,,17.2500
2017-08-21,2017,-1,5788.0000,1.2500,10.0000,9.5000,-5.7500,-19.5000,9,-18.5000,10.7500,30,1.0000,4.5000,2.0000,2.0000,-5.7500,2.0000,-5.7500,4.0000,-7.2500,5.0000,-11.7500,8.0000,-18.2500
2017-08-22,2017,1,5824.2500,0.7500,18.2500,18.0000,18.2500,-4.5000,1,-2.2500,23.0000,18,3.0000,-0.5000,,1.0000,-2.5000,,18.2500,,18.2500,,18.2500,,18.2500
2017-08-23,2017,1,5849.0000,1.5000,3.2500,3.5000,0.2500,-7.0000,3,-6.0000,13.0000,25,7.0000,-1.7500,10.0000,2.0000,-4.2500,,3.2500,,3.2500,,3.2500,,3.2500
2017-08-24,2017,-1,5866.7500,0.7500,27.7500,27.7500,27.7500,-7.5000,3,-7.2500,33.5000,27,6.0000,4.0000,,2.0000,-3.5000,2.0000,-3.5000,3.0000,-7.2500,3.0000,-7.2500,,27.7500
2017-08-25,2017,-1,5853.7500,1.3750,-17.2500,-17.5000,-14.5000,-20.2500,29,-17.5000,8.5000,17,26.0000,10.5000,28.0000,19.0000,-2.7500,21.0000,-7.2500,22.0000,-9.5000,23.0000,-12.5000,29.0000,-16.7500
2017-08-28,2017,-1,5837.5000,0.7500,9.2500,9.2500,1.5000,-1.7500,1,-1.0000,12.0000,23,3.0000,-2.0000,12.0000,,9.2500,,9.2500,,9.2500,,9.2500,,9.2500
2017-08-29,2017,1,5804.0000,1.5000,18.2500,18.5000,18.2500,-4.2500,1,-1.7500,23.2500,28,1.0000,7.0000,,,18.2500,,18.2500,,18.2500,,18.2500,,18.2500
2017-08-30,2017,1,5875.0000,1.5000,13.5000,13.5000,13.5000,-9.5000,3,-6.5000,20.0000,26,5.0000,2.7500,,2.0000,-6.2500,2.0000,-6.2500,,13.5000,,13.5000,,13.5000
2017-08-31,2017,1,5951.2500,1.2500,14.7500,14.5000,14.7500,0.0000,1,3.7500,18.7500,16,1.0000,1.5000,,,14.7500,,14.7500,,14.7500,,14.7500,,14.7500
2017-09-01,2017,1,6008.2500,1.5000,-23.7500,-23.7500,-4.0000,-28.2500,29,-26.2500,5.2500,1,2.0000,-0.5000,3.0000,3.0000,-4.0000,5.0000,-8.5000,8.0000,-12.0000,8.0000,-12.0000,22.0000,-23.2500
2017-09-05,2017,1,5979.2500,1.0000,-4.7500,-5.0000,-4.7500,-28.5000,8,-27.0000,1.7500,1,16.0000,20.7500,,2.0000,-6.7500,2.0000,-6.7500,2.0000,-6.7500,3.0000,-13.0000,3.0000,-13.0000
2017-09-06,2017,1,5959.5000,0.8750,-9.0000,-9.2500,-9.0000,-21.7500,18,-20.2500,0.5000,1,26.0000,17.2500,,1.0000,-3.5000,2.0000,-11.5000,2.0000,-11.5000,2.0000,-11.5000,2.0000,-11.5000
2017-09-07,2017,-1,5966.5000,0.7500,10.2500,10.2500,0.0000,-6.7500,13,-6.7500,13.5000,29,3.0000,-0.7500,6.0000,1.0000,-3.5000,1.0000,-3.5000,13.0000,-6.2500,13.0000,-6.2500,,10.2500
2017-09-08,2017,-1,5960.5000,0.7500,3.2500,3.0000,-3.2500,-4.5000,3,-3.5000,9.7500,21,1.0000,3.0000,3.0000,2.0000,-2.2500,3.0000,-3.2500,,3.2500,,3.2500,,3.2500
2017-09-11,2017,1,5973.5000,1.0000,25.5000,25.5000,25.5000,-1.2500,2,0.7500,26.0000,30,4.0000,-1.7500,,,25.5000,,25.5000,,25.5000,,25.5000,,25.5000
2017-09-12,2017,1,6006.2500,1.0000,-16.7500,-17.0000,-18.0000,-19.7500,24,-17.7500,6.0000,3,21.0000,16.2500,23.0000,5.0000,-4.5000,5.0000,-4.5000,10.0000,-10.0000,10.0000,-10.0000,15.0000,-14.2500
2017-09-13,2017,-1,5990.7500,0.8750,-8.2500,-8.2500,-5.2500,-11.5000,27,-10.7500,7.2500,17,11.0000,3.0000,23.0000,5.0000,-3.0000,9.0000,-3.7500,24.0000,-6.5000,25.0000,-9.5000,27.0000,-11.0000
2017-09-14,2017,1,5986.0000,1.0000,1.2500,1.5000,-12.0000,-15.7500,4,-14.2500,1.7500,25,10.0000,11.5000,11.0000,1.0000,-4.0000,2.0000,-7.7500,2.0000,-7.7500,3.0000,-14.2500,3.0000,-14.2500
2017-09-15,2017,1,5972.5000,1.0000,-1.0000,-1.0000,-1.0000,-11.2500,15,-10.0000,1.7500,1,16.0000,7.5000,,3.0000,-5.0000,3.0000,-5.0000,9.0000,-9.0000,9.0000,-9.0000,,-1.0000
2017-09-18,2017,-1,5997.2500,0.7500,-13.5000,-13.5000,-13.5000,-21.0000,19,-20.0000,1.5000,1,22.0000,18.5000,,3.0000,-2.0000,4.0000,-6.5000,4.0000,-6.5000,4.0000,-6.5000,9.0000,-9.5000
2017-09-19,2017,1,5994.5000,0.5000,-8.5000,-8.5000,-15.0000,-19.5000,13,-17.7500,4.0000,1,14.0000,14.7500,18.0000,3.0000,-2.7500,3.0000,-2.7500,5.0000,-5.2500,5.0000,-5.2500,6.0000,-7.0000
2017-09-20,2017,-1,5991.2500,0.7500,1.2500,1.7500,1.2500,-9.2500,14,-7.7500,5.7500,25,17.0000,7.2500,,7.0000,-2.7500,8.0000,-4.7500,8.0000,-4.7500,11.0000,-6.7500,,1.2500
2017-09-21,2017,-1,5967.7500,0.7500,29.5000,30.0000,29.5000,-0.7500,2,0.7500,34.7500,24,4.0000,-3.7500,,,29.5000,,29.5000,,29.5000,,29.5000,,29.5000
2017-09-22,2017,1,5927.2500,1.0000,3.0000,3.0000,3.0000,-2.0000,1,0.0000,13.2500,13,1.0000,4.5000,,,3.0000,,3.0000,,3.0000,,3.0000,,3.0000
2017-09-25,2017,-1,5907.2500,1.1250,18.5000,18.5000,18.5000,-4.0000,1,1.0000,20.7500,7,3.0000,-1.0000,,,18.5000,,18.5000,,18.5000,,18.5000,,18.5000
2017-09-26,2017,1,5905.5000,1.0000,-2.5000,-2.5000,-6.5000,-8.7500,24,-6.7500,7.0000,9,1.0000,3.7500,22.0000,20.0000,-2.5000,22.0000,-6.5000,22.0000,-6.5000,,-2.5000,,-2.5000
2017-09-27,2017,1,5922.0000,1.2500,7.7500,7.5000,4.2500,-0.5000,1,2.7500,14.7500,10,4.0000,-5.2500,25.0000,,7.7500,,7.7500,,7.7500,,7.7500,,7.7500
2017-09-28,2017,1,5929.7500,1.0000,-2.7500,-3.0000,-2.7500,-18.5000,6,-17.5000,4.0000,28,9.0000,12.2500,,3.0000,-4.0000,4.0000,-9.7500,4.0000,-9.7500,4.0000,-9.7500,5.0000,-17.7500
2017-09-29,2017,1,5951.7500,0.6250,-13.2500,-13.2500,-11.0000,-18.7500,29,-16.5000,5.5000,3,1.0000,4.2500,19.0000,14.0000,-3.2500,14.0000,-3.2500,19.0000,-11.0000,19.0000,-11.0000,19.0000,-11.0000
2017-10-02,2017,-1,5991.2500,0.7500,-7.5000,-7.5000,-10.0000,-13.7500,27,-12.5000,1.2500,1,6.0000,6.7500,26.0000,1.0000,-2.5000,2.0000,-3.5000,3.0000,-7.0000,3.0000,-7.0000,26.0000,-10.0000
2017-10-03,2017,1,5992.2500,0.7500,6.7500,6.5000,6.7500,-4.2500,1,-3.7500,12.5000,17,14.0000,1.2500,,1.0000,-3.5000,1.0000,-3.5000,,6.7500,,6.7500,,6.7500
2017-10-04,2017,1,5987.7500,1.0000,3.2500,3.2500,-4.7500,-8.2500,16,-7.0000,9.0000,7,4.0000,-2.0000,11.0000,11.0000,-4.7500,11.0000,-4.7500,15.0000,-7.0000,,3.2500,,3.2500
2017-10-05,2017,1,6030.2500,0.8750,-3.5000,-3.5000,-4.5000,-11.0000,27,-8.5000,10.2500,3,1.0000,2.7500,21.0000,15.0000,-2.2500,21.0000,-4.5000,27.0000,-8.0000,27.0000,-8.0000,,-3.5000
2017-10-06,2017,1,6048.0000,1.5000,9.7500,9.5000,-4.5000,-6.2500,4,-4.2500,11.7500,28,1.0000,3.5000,3.0000,2.0000,-3.2500,,9.7500,,9.7500,,9.7500,,9.7500
2017-10-09,2017,-1,6073.2500,0.7500,-2.5000,-3.0000,-1.5000,-6.2500,26,-4.5000,4.7500,6,5.0000,-0.2500,10.0000,1.0000,-2.5000,25.0000,-4.5000,,-2.5000,,-2.5000,,-2.5000
2017-10-10,2017,-1,6079.7500,0.5000,13.5000,13.5000,13.5000,-8.7500,10,-7.5000,13.7500,30,13.0000,5.5000,,1.0000,-1.7500,4.0000,-2.2500,7.0000,-5.5000,7.0000,-5.5000,10.0000,-7.7500
2017-10-11,2017,1,6068.0000,0.5000,-3.0000,-3.0000,-9.2500,-12.0000,22,-11.2500,1.5000,1,10.0000,6.2500,21.0000,1.0000,-2.0000,2.0000,-5.7500,2.0000,-5.7500,2.0000,-5.7500,3.0000,-8.0000
2017-10-12,2017,1,6078.2500,0.7500,4.5000,4.5000,4.5000,-10.0000,13,-8.0000,4.5000,30,16.0000,7.2500,,9.0000,-3.5000,9.0000,-3.5000,10.0000,-7.0000,10.0000,-7.0000,,4.5000
2017-10-13,2017,1,6097.0000,1.0000,-2.7500,-2.7500,-2.7500,-7.0000,9,-6.2500,0.7500,22,,,,1.0000,-3.0000,6.0000,-4.5000,10.0000,-6.0000,,-2.7500,,-2.7500
2017-10-16,2017,1,6113.7500,0.7500,2.5000,2.7500,0.7500,-0.7500,2,-0.2500,4.5000,11,11.0000,-1.0000,22.0000,,2.5000,,2.5000,,2.5000,,2.5000,,2.5000
2017-10-17,2017,-1,6113.0000,0.7500,0.0000,0.0000,1.2500,-2.0000,2,-1.5000,4.0000,4,4.0000,-1.5000,7.0000,,0.0000,,0.0000,,0.0000,,0.0000,,0.0000
2017-10-18,2017,-1,6129.0000,0.7500,13.0000,13.2500,13.0000,-0.7500,1,0.0000,16.0000,16,9.0000,-3.7500,,,13.0000,,13.0000,,13.0000,,13.0000,,13.0000
2017-10-19,2017,1,6087.0000,1.0000,-35.0000,-35.2500,-8.2500,-35.7500,30,-35.2500,2.0000,1,1.0000,4.7500,2.0000,1.0000,-3.2500,2.0000,-8.2500,2.0000,-8.2500,2.0000,-8.2500,5.0000,-12.0000
2017-10-20,2017,-1,6116.0000,1.2500,-6.0000,-5.7500,-4.7500,-6.0000,30,-5.7500,4.5000,6,21.0000,2.2500,29.0000,18.0000,-3.0000,30.0000,-6.0000,,-6.0000,,-6.0000,,-6.0000
2017-10-23,2017,-1,6117.7500,0.5000,9.7500,9.7500,9.7500,-2.5000,3,-2.2500,14.0000,28,6.0000,-1.2500,,3.0000,-2.0000,3.0000,-2.0000,,9.7500,,9.7500,,9.7500
2017-10-24,2017,1,6079.0000,0.7500,-9.7500,-9.7500,-15.2500,-22.0000,11,-20.0000,0.5000,1,19.0000,15.0000,24.0000,1.0000,-3.2500,3.0000,-3.2500,4.0000,-5.7500,5.0000,-8.0000,6.0000,-10.5000
2017-10-25,2017,1,6078.5000,1.0000,-5.2500,-5.2500,-5.7500,-15.5000,23,-13.7500,9.0000,10,1.0000,5.5000,20.0000,2.0000,-2.2500,19.0000,-4.5000,22.0000,-13.7500,22.0000,-13.7500,22.0000,-13.7500
2017-10-26,2017,-1,6050.7500,1.2500,3.0000,3.0000,-6.5000,-12.2500,9,-9.5000,4.5000,30,14.0000,5.2500,15.0000,1.0000,-6.0000,1.0000,-6.0000,3.0000,-7.5000,,3.0000,,3.0000
2017-10-27,2017,-1,6131.7500,1.2500,-29.0000,-29.0000,-13.7500,-31.7500,30,-29.0000,3.7500,7,17.0000,10.2500,18.0000,3.0000,-3.2500,10.0000,-5.2500,12.0000,-8.7500,13.0000,-13.0000,19.0000,-16.2500
2017-10-30,2017,1,6215.0000,1.2500,17.2500,17.2500,17.2500,-0.2500,1,2.0000,19.2500,22,1.0000,1.7500,,,17.2500,,17.2500,,17.2500,,17.2500,,17.2500
2017-10-31,2017,-1,6243.7500,1.0000,10.0000,10.0000,-0.2500,-5.2500,10,-5.0000,15.2500,24,2.0000,-1.0000,8.0000,9.0000,-3.0000,10.0000,-5.0000,,10.0000,,10.0000,,10.0000
2017-11-01,2017,1,6273.7500,1.0000,-13.5000,-13.5000,-3.5000,-15.2500,23,-14.2500,3.5000,3,15.0000,3.5000,21.0000,8.0000,-5.5000,8.0000,-5.5000,22.0000,-11.5000,22.0000,-11.5000,25.0000,-13.0000
2017-11-02,2017,-1,6236.0000,1.2500,6.2500,6.2500,-2.2500,-6.5000,18,-5.0000,10.2500,7,2.0000,0.2500,16.0000,17.0000,-5.2500,,6.2500,,6.2500,,6.2500,,6.2500
2017-11-03,2017,-1,6254.2500,1.5000,5.0000,5.0000,6.5000,-1.2500,1,0.2500,16.0000,24,13.0000,-7.0000,15.0000,,5.0000,,5.0000,,5.0000,,5.0000,,5.0000
2017-11-06,2017,1,6296.2500,0.7500,11.5000,11.0000,11.5000,-0.7500,1,2.7500,13.7500,30,1.0000,2.7500,,,11.5000,,11.5000,,11.5000,,11.5000,,11.5000
2017-11-07,2017,1,6316.0000,1.0000,3.2500,3.2500,3.2500,-1.0000,1,1.0000,10.7500,16,1.0000,3.2500,,,3.2500,,3.2500,,3.2500,,3.2500,,3.2500
2017-11-08,2017,-1,6318.0000,0.7500,1.5000,1.5000,1.5000,-2.5000,11,-0.7500,10.2500,20,1.0000,3.2500,,,1.5000,,1.5000,,1.5000,,1.5000,,1.5000
2017-11-09,2017,1,6301.5000,1.5000,-7.2500,-7.5000,-7.2500,-29.2500,18,-27.5000,0.0000,1,20.0000,25.5000,,1.0000,-6.5000,1.0000,-6.5000,8.0000,-11.7500,9.0000,-16.5000,11.0000,-21.7500
2017-11-10,2017,-1,6296.0000,1.0000,0.5000,0.7500,-5.2500,-10.5000,9,-8.2500,6.0000,4,14.0000,4.7500,23.0000,1.0000,-3.5000,7.0000,-7.7500,7.0000,-7.7500,8.0000,-8.2500,,0.5000
2017-11-13,2017,1,6293.0000,1.2500,12.7500,13.0000,12.7500,-7.5000,5,-6.0000,14.5000,28,7.0000,4.7500,,1.0000,-3.7500,5.0000,-6.0000,,12.7500,,12.7500,,12.7500
2017-11-14,2017,-1,6291.5000,1.5000,18.5000,18.7500,-1.5000,-6.0000,2,-3.7500,19.5000,30,4.0000,1.2500,15.0000,2.0000,-3.7500,,18.5000,,18.5000,,18.5000,,18.5000
2017-11-15,2017,-1,6263.0000,1.2500,12.2500,12.2500,12.2500,-1.0000,1,4.0000,32.2500,8,4.0000,-4.7500,,,12.2500,,12.2500,,12.2500,,12.2500,,12.2500
2017-11-16,2017,1,6306.0000,1.1250,6.7500,6.7500,-0.2500,-2.2500,17,-0.7500,8.2500,30,3.0000,-1.5000,5.0000,,6.7500,,6.7500,,6.7500,,6.7500,,6.7500
2017-11-17,2017,-1,6343.7500,1.0000,8.0000,8.2500,8.0000,-3.0000,3,-2.2500,12.2500,30,7.0000,1.0000,,2.0000,-2.0000,,8.0000,,8.0000,,8.0000,,8.0000
2017-11-20,2017,-1,6320.7500,0.7500,-5.5000,-5.7500,-6.0000,-8.5000,8,-8.2500,4.0000,22,19.0000,4.2500,28.0000,3.0000,-2.0000,6.0000,-3.5000,7.0000,-6.7500,7.0000,-6.7500,,-5.5000
2017-11-21,2017,1,6345.0000,1.0000,27.0000,27.2500,27.0000,-0.2500,1,1.2500,30.0000,25,1.0000,1.0000,,,27.0000,,27.0000,,27.0000,,27.0000,,27.0000
2017-11-22,2017,-1,6386.7500,0.7500,3.2500,3.2500,3.2500,-6.0000,2,-6.0000,11.5000,18,5.0000,4.0000,,1.0000,-3.0000,2.0000,-5.7500,2.0000,-5.7500,,3.2500,,3.2500
2017-11-24,2017,-1,6396.5000,0.7500,-3.2500,-3.2500,-1.7500,-4.5000,27,-3.7500,4.0000,1,2.0000,0.2500,4.0000,4.0000,-1.7500,8.0000,-3.0000,,-3.2500,,-3.2500,,-3.2500
2017-11-27,2017,-1,6409.0000,0.7500,-6.7500,-6.7500,-7.5000,-10.7500,18,-9.7500,5.2500,3,27.0000,6.2500,29.0000,8.0000,-3.0000,10.0000,-4.5000,12.0000,-5.2500,14.0000,-6.5000,17.0000,-9.7500
2017-11-28,2017,1,6422.5000,0.7500,-8.5000,-8.7500,-9.5000,-12.2500,16,-11.2500,2.0000,13,12.0000,6.2500,15.0000,3.0000,-2.7500,4.0000,-3.7500,5.0000,-4.7500,9.0000,-6.5000,15.0000,-9.5000
2017-11-29,2017,-1,6411.0000,0.7500,35.2500,35.5000,35.2500,-0.2500,1,6.2500,40.7500,28,2.0000,-2.7500,,,35.2500,,35.2500,,35.2500,,35.2500,,35.2500
2017-11-30,2017,-1,6337.2500,1.3750,-2.5000,-2.2500,-2.5000,-14.7500,3,-11.2500,13.0000,6,5.0000,10.5000,,2.0000,-10.7500,2.0000,-10.7500,2.0000,-10.7500,3.0000,-11.2500,,-2.5000
2017-12-01,2017,1,6347.7500,2.0000,-3.2500,-3.5000,-14.5000,-19.5000,16,-18.2500,8.0000,6,1.0000,7.5000,11.0000,11.0000,-14.5000,11.0000,-14.5000,11.0000,-14.5000,15.0000,-17.2500,,-3.2500
2017-12-04,2017,-1,6378.2500,1.0000,38.2500,38.0000,38.2500,-1.5000,11,-0.5000,38.2500,30,1.0000,1.7500,,,38.2500,,38.2500,,38.2500,,38.2500,,38.2500
2017-12-05,2017,1,6257.0000,1.8750,55.7500,56.0000,55.7500,-1.0000,1,12.2500,58.7500,30,2.0000,-5.7500,,,55.7500,,55.7500,,55.7500,,55.7500,,55.7500
2017-12-06,2017,1,6252.0000,1.7500,35.2500,35.5000,35.2500,-5.0000,1,-1.2500,40.2500,29,3.0000,-0.7500,,,35.2500,,35.2500,,35.2500,,35.2500,,35.2500
2017-12-07,2017,-1,6313.5000,1.6250,-9.2500,-9.2500,-9.2500,-21.0000,7,-20.0000,2.5000,1,10.0000,17.7500,,1.0000,-9.0000,1.0000,-9.0000,3.0000,-13.0000,3.0000,-13.0000,6.0000,-20.5000
2017-12-08,2017,1,6390.0000,0.5000,-1.2500,-1.2500,-7.0000,-9.5000,8,-7.0000,8.0000,4,1.0000,2.7500,8.0000,7.0000,-2.5000,7.0000,-2.5000,8.0000,-7.0000,8.0000,-7.0000,8.0000,-7.0000
2017-12-11,2017,1,6379.2500,1.0000,1.7500,1.7500,-1.0000,-9.0000,24,-7.0000,7.5000,8,6.0000,-2.2500,8.0000,14.0000,-4.0000,18.0000,-4.5000,24.0000,-6.7500,,1.7500,,1.7500
2017-12-12,2017,-1,6404.2500,1.0000,-6.2500,-6.2500,-1.0000,-9.5000,29,-7.7500,14.2500,5,4.0000,-1.7500,11.0000,1.0000,-2.0000,26.0000,-4.2500,28.0000,-7.7500,,-6.2500,,-6.2500
2017-12-13,2017,1,6432.2500,1.2500,-1.2500,-1.5000,-2.2500,-5.7500,14,-4.5000,5.5000,9,9.0000,0.5000,11.0000,5.0000,-4.2500,,-1.2500,,-1.2500,,-1.2500,,-1.2500
2017-12-14,2017,-1,6426.0000,0.7500,0.2500,0.2500,-5.2500,-8.2500,3,-6.2500,7.2500,5,5.0000,4.2500,13.0000,2.0000,-6.5000,2.0000,-6.5000,2.0000,-6.5000,2.0000,-6.5000,,0.2500
2017-12-15,2017,1,6431.7500,1.2500,-1.2500,-1.0000,-4.5000,-8.2500,6,-7.7500,2.0000,2,10.0000,4.2500,12.0000,3.0000,-4.7500,5.0000,-6.5000,6.0000,-7.7500,,-1.2500,,-1.2500
2017-12-18,2017,1,6526.0000,1.0000,2.2500,2.5000,-11.2500,-13.0000,5,-11.2500,5.0000,13,1.0000,6.0000,4.0000,1.0000,-3.2500,4.0000,-11.2500,4.0000,-11.2500,4.0000,-11.2500,,2.2500
2017-12-19,2017,1,6530.2500,1.0000,-15.7500,-15.5000,-20.5000,-26.5000,18,-25.2500,1.2500,1,24.0000,19.7500,26.0000,2.0000,-7.0000,2.0000,-7.0000,2.0000,-7.0000,4.0000,-8.7500,6.0000,-12.7500
2017-12-20,2017,-1,6517.0000,1.0000,38.7500,38.7500,38.7500,-2.5000,1,-1.2500,49.0000,22,4.0000,-1.5000,,,38.7500,,38.7500,,38.7500,,38.7500,,38.7500
2017-12-21,2017,1,6498.5000,1.0000,-7.2500,-7.5000,-7.2500,-16.5000,23,-14.0000,9.2500,6,25.0000,12.7500,,19.0000,-7.2500,19.0000,-7.2500,19.0000,-7.2500,21.0000,-11.0000,22.0000,-13.0000
2017-12-22,2017,-1,6478.7500,0.7500,-3.5000,-3.2500,0.0000,-9.5000,27,-7.5000,11.2500,8,6.0000,0.2500,18.0000,1.0000,-1.5000,21.0000,-3.2500,27.0000,-7.2500,27.0000,-7.2500,,-3.5000
2017-12-26,2017,-1,6454.0000,0.7500,11.7500,12.0000,11.7500,-4.0000,1,1.7500,21.7500,20,6.0000,-7.5000,,,11.7500,,11.7500,,11.7500,,11.7500,,11.7500
2017-12-27,2017,1,6462.7500,0.7500,7.5000,7.5000,7.5000,-10.0000,4,-6.0000,9.7500,28,6.0000,4.0000,,1.0000,-3.0000,3.0000,-6.0000,3.0000,-6.0000,,7.5000,,7.5000
2017-12-28,2017,-1,6462.2500,0.6250,7.0000,7.0000,2.2500,-3.0000,1,-0.2500,7.0000,26,9.0000,-2.2500,13.0000,,7.0000,,7.0000,,7.0000,,7.0000,,7.0000
2017-12-29,2017,-1,6449.0000,0.7500,10.2500,10.0000,10.2500,-1.2500,1,-0.2500,11.2500,22,16.0000,-3.5000,,,10.2500,,10.2500,,10.2500,,10.2500,,10.2500
2018-01-02,2018,-1,6434.0000,1.5000,-50.5000,-50.5000,-40.7500,-51.5000,30,-50.5000,7.7500,2,24.0000,37.2500,26.0000,5.0000,-5.7500,6.0000,-10.7500,6.0000,-10.7500,7.0000,-14.0000,9.0000,-21.2500
2018-01-03,2018,1,6536.0000,0.7500,29.2500,29.0000,29.2500,-2.5000,1,-0.7500,31.7500,30,3.0000,-1.2500,,,29.2500,,29.2500,,29.2500,,29.2500,,29.2500
2018-01-04,2018,1,6613.7500,1.0000,-19.5000,-19.5000,-14.7500,-27.2500,16,-25.2500,2.0000,4,21.0000,14.2500,25.0000,2.0000,-2.7500,3.0000,-5.7500,6.0000,-10.7500,6.0000,-10.7500,8.0000,-17.0000
2018-01-05,2018,1,6629.7500,1.2500,-5.7500,-6.0000,-5.7500,-15.5000,3,-13.5000,2.0000,1,,,,1.0000,-4.2500,2.0000,-10.0000,2.0000,-10.0000,3.0000,-11.2500,,-5.7500
2018-01-08,2018,1,6666.7500,0.7500,3.2500,3.0000,-4.5000,-6.7500,6,-4.7500,9.0000,25,1.0000,4.0000,6.0000,5.0000,-3.5000,5.0000,-3.5000,7.0000,-4.7500,,3.2500,,3.2500
2018-01-09,2018,1,6703.0000,0.8750,-28.7500,-28.7500,-27.2500,-35.7500,21,-34.2500,1.5000,1,15.0000,22.2500,19.0000,2.0000,-3.5000,3.0000,-8.7500,3.0000,-8.7500,3.0000,-8.7500,4.0000,-13.0000
2018-01-10,2018,1,6665.5000,1.2500,-29.0000,-29.2500,-1.5000,-37.2500,30,-33.7500,3.5000,5,6.0000,0.0000,7.0000,1.0000,-6.5000,1.0000,-6.5000,9.0000,-8.5000,15.0000,-10.5000,19.0000,-18.5000
2018-01-11,2018,-1,6681.5000,1.5000,-11.5000,-11.5000,-2.7500,-13.2500,30,-11.5000,4.7500,8,8.0000,1.5000,10.0000,3.0000,-4.7500,12.0000,-6.5000,28.0000,-10.5000,,-11.5000,,-11.5000
2018-01-12,2018,-1,6711.5000,2.5000,-19.0000,-19.2500,-15.0000,-20.0000,30,-19.2500,3.7500,1,15.0000,12.5000,16.0000,2.0000,-5.2500,5.0000,-10.2500,11.0000,-15.5000,,-19.0000,,-19.0000
2018-01-16,2018,1,6822.7500,1.2500,11.2500,11.0000,11.2500,-6.2500,1,-0.7500,23.0000,16,6.0000,-4.5000,,,11.2500,,11.2500,,11.2500,,11.2500,,11.2500
2018-01-17,2018,-1,6772.7500,1.5000,3.7500,3.7500,1.5000,-3.7500,1,-0.5000,21.2500,16,3.0000,-2.2500,4.0000,,3.7500,,3.7500,,3.7500,,3.7500,,3.7500
2018-01-18,2018,1,6817.7500,1.6250,-11.7500,-12.0000,0.2500,-12.7500,30,-12.0000,8.7500,6,5.0000,-1.5000,11.0000,2.0000,-6.7500,29.0000,-8.2500,30.0000,-11.7500,,-11.7500,,-11.7500
2018-01-19,2018,1,6845.0000,2.3750,-13.7500,-13.7500,-2.0000,-18.2500,29,-15.7500,12.0000,8,7.0000,-2.5000,18.0000,20.0000,-7.7500,21.0000,-11.7500,24.0000,-14.7500,,-13.7500,,-13.7500
2018-01-22,2018,-1,6834.7500,1.1250,-21.2500,-21.2500,-10.2500,-23.2500,27,-21.7500,0.5000,1,8.0000,9.2500,11.0000,1.0000,-4.0000,2.0000,-5.5000,3.0000,-7.5000,4.0000,-10.5000,13.0000,-13.5000
2018-01-23,2018,1,6942.0000,1.0000,3.0000,2.7500,-1.2500,-3.2500,25,-1.7500,22.0000,21,9.0000,-3.2500,25.0000,,3.0000,,3.0000,,3.0000,,3.0000,,3.0000
2018-01-24,2018,1,6989.7500,1.5000,-0.2500,0.0000,-14.5000,-24.2500,20,-22.5000,4.0000,1,11.0000,11.5000,15.0000,3.0000,-7.0000,3.0000,-7.0000,4.0000,-11.2500,5.0000,-14.5000,18.0000,-21.5000
2018-01-25,2018,-1,6966.7500,2.0000,34.7500,34.7500,34.7500,-11.0000,5,-9.0000,50.5000,27,7.0000,7.5000,,2.0000,-5.2500,5.0000,-9.0000,,34.7500,,34.7500,,34.7500
2018-01-26,2018,-1,6952.5000,1.5000,-14.5000,-14.2500,-6.5000,-20.5000,29,-19.2500,3.2500,1,10.0000,5.7500,11.0000,2.0000,-4.2500,3.0000,-10.7500,3.0000,-10.7500,23.0000,-14.2500,29.0000,-19.2500
2018-01-29,2018,-1,7005.7500,1.5000,1.7500,1.5000,-1.2500,-15.5000,11,-14.5000,13.2500,3,2.0000,-1.7500,4.0000,5.0000,-5.7500,7.0000,-6.7500,8.0000,-10.7500,10.0000,-14.5000,,1.7500
2018-01-30,2018,1,6940.5000,3.2500,-20.7500,-21.2500,-5.2500,-25.2500,28,-21.5000,9.2500,4,1.0000,4.5000,8.0000,14.0000,-11.2500,17.0000,-15.0000,20.0000,-20.0000,,-20.7500,,-20.7500
2018-01-31,2018,1,6986.7500,1.7500,-14.5000,-14.2500,-3.5000,-15.5000,30,-14.2500,4.2500,12,5.0000,2.2500,9.0000,17.0000,-3.7500,26.0000,-9.2500,29.0000,-12.2500,30.0000,-14.5000,,-14.5000
2018-02-01,2018,1,6930.2500,4.0000,28.0000,28.0000,5.2500,-7.7500,16,-6.2500,28.5000,30,4.0000,-7.0000,8.0000,,28.0000,,28.0000,,28.0000,,28.0000,,28.0000
2018-02-02,2018,1,6875.7500,3.5000,-44.5000,-44.5000,0.5000,-50.7500,29,-49.0000,20.0000,5,3.0000,-2.2500,9.0000,15.0000,-8.0000,18.0000,-25.0000,18.0000,-25.0000,21.0000,-28.2500,29.0000,-49.0000
2018-02-05,2018,1,6709.5000,2.8750,36.0000,36.0000,36.0000,-4.7500,11,-2.0000,37.0000,28,1.0000,4.7500,,,36.0000,,36.0000,,36.0000,,36.0000,,36.0000
2018-02-06,2018,1,6467.5000,8.3750,100.5000,101.2500,100.5000,-21.5000,1,-4.7500,132.2500,23,1.0000,39.5000,,,100.5000,,100.5000,,100.5000,,100.5000,,100.5000
2018-02-07,2018,-1,6634.7500,3.6250,-21.2500,-21.7500,-26.5000,-33.5000,10,-31.2500,11.2500,2,11.0000,25.5000,27.0000,4.0000,-17.2500,4.0000,-17.2500,8.0000,-27.5000,9.0000,-30.7500,,-21.2500
2018-02-08,2018,-1,6597.5000,3.3750,33.2500,33.7500,33.2500,-2.0000,1,3.2500,51.7500,18,2.0000,-2.5000,,,33.2500,,33.2500,,33.2500,,33.2500,,33.2500
2018-02-09,2018,1,6416.7500,7.0000,-9.2500,-10.0000,-9.2500,-65.5000,8,-57.5000,7.2500,25,10.0000,51.5000,,2.0000,-16.2500,5.0000,-39.2500,7.0000,-54.2500,8.0000,-57.5000,,-9.2500
2018-02-12,2018,1,6484.7500,5.3750,3.2500,3.2500,-0.5000,-14.2500,27,-8.5000,32.0000,13,2.0000,0.5000,5.0000,,3.2500,,3.2500,,3.2500,,3.2500,,3.2500
2018-02-13,2018,1,6503.2500,3.5000,9.5000,9.5000,-9.7500,-27.2500,3,-20.7500,19.7500,29,5.0000,7.2500,13.0000,2.0000,-9.0000,3.0000,-20.5000,,9.5000,,9.5000,,9.5000
2018-02-14,2018,1,6532.7500,6.6250,16.2500,16.0000,8.7500,-1.5000,1,4.0000,42.5000,21,11.0000,-17.2500,13.0000,,16.2500,,16.2500,,16.2500,,16.2500,,16.2500
2018-02-15,2018,-1,6722.2500,2.5000,-25.5000,-25.7500,-1.7500,-32.2500,24,-30.7500,19.5000,4,3.0000,-2.7500,6.0000,7.0000,-7.0000,15.0000,-15.5000,15.0000,-15.5000,20.0000,-24.7500,26.0000,-30.5000
2018-02-16,2018,1,6792.5000,5.1250,9.7500,9.2500,9.7500,-8.5000,2,-5.7500,33.2500,22,4.0000,-5.7500,,,9.7500,,9.7500,,9.7500,,9.7500,,9.7500
2018-02-20,2018,1,6761.7500,3.2500,24.0000,24.0000,24.0000,-0.7500,1,2.2500,36.0000,18,1.0000,3.7500,,,24.0000,,24.0000,,24.0000,,24.0000,,24.0000
2018-02-21,2018,1,6826.7500,2.2500,-13.2500,-13.0000,-10.0000,-14.2500,23,-13.0000,6.0000,16,1.0000,8.5000,10.0000,5.0000,-5.5000,10.0000,-10.0000,,-13.2500,,-13.2500,,-13.2500
2018-02-22,2018,1,6811.2500,2.3750,-24.7500,-25.0000,-9.0000,-30.7500,30,-25.0000,9.2500,9,1.0000,7.7500,4.0000,4.0000,-9.0000,18.0000,-16.0000,18.0000,-16.0000,25.0000,-22.5000,,-24.7500
2018-02-23,2018,1,6819.7500,2.0000,-10.5000,-10.2500,-2.5000,-17.7500,18,-13.2500,6.0000,9,1.0000,2.7500,4.0000,5.0000,-12.5000,5.0000,-12.5000,5.0000,-12.5000,,-10.5000,,-10.5000
2018-02-26,2018,1,6937.0000,1.5000,23.7500,24.0000,23.7500,-2.2500,1,5.2500,27.7500,8,2.0000,-2.7500,,,23.7500,,23.7500,,23.7500,,23.7500,,23.7500
2018-02-27,2018,1,6994.5000,2.0000,-23.5000,-23.7500,-23.5000,-27.5000,27,-23.7500,4.0000,7,,,,1.0000,-4.5000,2.0000,-9.0000,20.0000,-14.2500,21.0000,-17.2500,,-23.5000
2018-02-28,2018,-1,6942.0000,1.7500,-12.7500,-12.7500,-7.2500,-18.7500,29,-16.0000,15.5000,14,1.0000,4.7500,21.0000,20.0000,-3.7500,21.0000,-7.2500,25.0000,-12.7500,27.0000,-16.0000,,-12.7500
2018-03-01,2018,1,6887.5000,2.8750,-61.5000,-61.2500,-61.5000,-90.7500,28,-82.5000,1.2500,1,,,,1.0000,-12.0000,1.0000,-12.0000,3.0000,-23.7500,3.0000,-23.7500,6.0000,-35.5000
2018-03-02,2018,1,6692.5000,3.5000,1.7500,1.5000,1.7500,-46.5000,13,-43.2500,11.7500,1,28.0000,12.7500,,4.0000,-9.5000,5.0000,-21.2500,7.0000,-24.2500,11.0000,-31.7500,12.0000,-43.5000
2018-03-05,2018,1,6794.2500,3.2500,-22.0000,-22.0000,-6.7500,-32.2500,19,-30.5000,7.5000,1,8.0000,6.5000,9.0000,4.0000,-7.0000,10.0000,-19.2500,17.0000,-24.7500,18.0000,-29.2500,,-22.0000
2018-03-06,2018,-1,6914.7500,2.3750,-11.2500,-11.0000,7.0000,-21.2500,28,-20.5000,16.7500,14,13.0000,-9.0000,15.0000,2.0000,-7.2500,23.0000,-10.5000,24.0000,-16.0000,28.0000,-20.5000,,-11.2500
2018-03-07,2018,1,6879.0000,2.3750,9.7500,9.7500,3.0000,-5.2500,22,-3.2500,20.0000,9,7.0000,-6.2500,15.0000,,9.7500,,9.7500,,9.7500,,9.7500,,9.7500
2018-03-08,2018,1,6986.5000,2.2500,-2.2500,-1.2500,-0.7500,-7.0000,26,-7.0000,10.2500,4,2.0000,-0.5000,8.0000,26.0000,-5.2500,,-2.2500,,-2.2500,,-2.2500,,-2.2500
2018-03-09,2018,-1,7041.5000,1.8750,-9.0000,-9.2500,-6.7500,-12.5000,29,-11.2500,7.2500,8,1.0000,6.5000,18.0000,3.0000,-3.7500,19.0000,-8.0000,,-9.0000,,-9.0000,,-9.0000
2018-03-12,2018,-1,7146.5000,1.0000,-23.7500,-23.7500,-23.7500,-23.7500,30,-23.7500,4.0000,2,,,,4.0000,-5.2500,4.0000,-5.2500,5.0000,-9.5000,5.0000,-9.5000,7.0000,-13.0000
2018-03-13,2018,1,7195.7500,2.0000,-6.0000,-5.7500,-6.0000,-6.7500,30,-5.7500,18.7500,16,,,,30.0000,-6.0000,,-6.0000,,-6.0000,,-6.0000,,-6.0000
2018-03-14,2018,-1,7099.5000,2.6250,-3.0000,-3.0000,-3.0000,-4.0000,30,-3.0000,24.2500,18,2.0000,-1.2500,29.0000,,-3.0000,,-3.0000,,-3.0000,,-3.0000,,-3.0000
2018-03-15,2018,1,7071.7500,1.5000,-10.2500,-10.2500,-10.2500,-33.2500,17,-31.5000,0.5000,1,20.0000,27.7500,,1.0000,-8.7500,1.0000,-8.7500,2.0000,-11.2500,3.0000,-15.7500,8.0000,-20.5000
2018-03-16,2018,1,7071.5000,3.3750,0.2500,0.5000,-0.5000,-6.7500,1,-5.2500,13.0000,13,10.0000,0.5000,19.0000,,0.2500,,0.2500,,0.2500,,0.2500,,0.2500
2018-03-19,2018,-1,6961.0000,2.1250,9.0000,9.5000,1.2500,-9.7500,21,-7.5000,18.2500,6,2.0000,-2.5000,14.0000,20.0000,-7.7500,,9.0000,,9.0000,,9.0000,,9.0000
2018-03-20,2018,-1,6892.0000,2.6250,-8.0000,-8.0000,-12.5000,-26.5000,13,-23.5000,8.7500,6,5.0000,3.7500,8.0000,2.0000,-6.7500,8.0000,-12.5000,10.0000,-20.5000,13.0000,-22.0000,,-8.0000
2018-03-21,2018,1,6892.2500,2.0000,13.7500,13.7500,13.7500,-14.0000,8,-12.2500,14.5000,30,10.0000,7.2500,,3.0000,-11.0000,3.0000,-11.0000,8.0000,-12.2500,,13.7500,,13.7500
2018-03-22,2018,-1,6771.7500,3.6250,-18.5000,-18.0000,-28.7500,-40.2500,17,-36.2500,3.2500,1,11.0000,26.7500,14.0000,1.0000,-11.2500,4.0000,-19.5000,6.0000,-24.7500,8.0000,-30.7500,,-18.5000
2018-03-23,2018,1,6719.0000,4.7500,-29.2500,-29.2500,-29.2500,-67.5000,16,-65.7500,2.2500,2,19.0000,53.0000,,3.0000,-15.5000,6.0000,-22.7500,7.0000,-31.2500,9.0000,-41.5000,14.0000,-65.7500
2018-03-26,2018,1,6669.5000,2.6250,-1.2500,-1.0000,-8.0000,-15.5000,20,-11.2500,10.5000,9,7.0000,5.7500,18.0000,3.0000,-6.7500,19.0000,-11.2500,,-1.2500,,-1.2500,,-1.2500
2018-03-27,2018,-1,6798.2500,2.3750,1.0000,0.7500,-6.0000,-10.2500,9,-6.2500,23.7500,17,1.0000,5.0000,9.0000,9.0000,-6.0000,,1.0000,,1.0000,,1.0000,,1.0000
2018-03-28,2018,1,6531.2500,5.7500,16.2500,16.2500,-29.0000,-87.0000,10,-81.0000,17.2500,30,1.0000,13.0000,4.0000,4.0000,-29.0000,4.0000,-29.0000,5.0000,-37.2500,6.0000,-63.5000,7.0000,-70.7500
2018-03-29,2018,-1,6503.7500,3.2500,35.2500,35.0000,35.2500,-3.7500,2,1.0000,60.0000,21,1.0000,2.2500,,,35.2500,,35.2500,,35.2500,,35.2500,,35.2500
2018-04-02,2018,1,6548.5000,2.5000,-59.7500,-59.2500,-2.0000,-59.7500,30,-59.2500,21.7500,7,4.0000,-3.0000,10.0000,11.0000,-8.5000,12.0000,-13.2500,13.0000,-21.7500,13.0000,-21.7500,16.0000,-35.7500
2018-04-03,2018,-1,6448.7500,2.6250,43.5000,43.7500,43.5000,-18.5000,8,-18.2500,51.2500,30,18.0000,0.5000,,7.0000,-12.2500,7.0000,-12.2500,8.0000,-18.2500,,43.5000,,43.5000
2018-04-04,2018,1,6372.2500,4.8750,-1.5000,-2.2500,-1.5000,-6.5000,18,-3.7500,26.7500,5,1.0000,7.0000,,,-1.5000,,-1.5000,,-1.5000,,-1.5000,,-1.5000
2018-04-05,2018,-1,6625.7500,2.8750,15.2500,15.0000,15.2500,-20.0000,3,-19.5000,33.7500,18,4.0000,13.7500,,1.0000,-15.0000,1.0000,-15.0000,2.0000,-19.2500,,15.2500,,15.2500
2018-04-06,2018,1,6554.2500,4.3750,21.0000,21.2500,21.0000,-3.2500,1,0.7500,45.0000,22,1.0000,4.0000,,,21.0000,,21.0000,,21.0000,,21.0000,,21.0000
2018-04-09,2018,1,6498.5000,2.3750,39.2500,39.2500,39.2500,-16.0000,6,-12.7500,48.2500,26,9.0000,10.0000,,6.0000,-12.0000,6.0000,-12.0000,,39.2500,,39.2500,,39.2500
2018-04-10,2018,-1,6582.0000,2.7500,19.0000,19.2500,19.0000,-2.7500,1,4.0000,38.5000,25,1.0000,4.0000,,,19.0000,,19.0000,,19.0000,,19.0000,,19.0000
2018-04-11,2018,1,6609.0000,2.7500,-1.0000,-1.2500,-1.0000,-18.0000,14,-14.0000,12.5000,28,27.0000,1.5000,,3.0000,-8.7500,8.0000,-11.5000,,-1.0000,,-1.0000,,-1.0000
2018-04-12,2018,-1,6630.0000,2.5000,-44.5000,-44.7500,-44.5000,-49.5000,28,-48.7500,0.0000,1,,,,1.0000,-9.2500,3.0000,-13.5000,10.0000,-23.5000,10.0000,-23.5000,12.0000,-30.5000
2018-04-13,2018,1,6705.7500,2.0000,-29.7500,-29.5000,-10.0000,-32.7500,30,-29.5000,7.2500,10,9.0000,6.5000,16.0000,4.0000,-5.2500,5.0000,-10.0000,18.0000,-12.5000,20.0000,-16.0000,24.0000,-27.2500
2018-04-16,2018,-1,6679.0000,2.0000,15.5000,15.2500,15.5000,-1.0000,3,2.5000,34.2500,24,5.0000,-6.5000,,,15.5000,,15.5000,,15.5000,,15.5000,,15.5000
2018-04-17,2018,-1,6743.7500,1.5000,-29.7500,-29.7500,-29.7500,-32.5000,30,-30.0000,3.0000,4,,,,5.0000,-4.0000,7.0000,-12.7500,7.0000,-12.7500,7.0000,-12.7500,8.0000,-18.5000
2018-04-18,2018,1,6836.7500,1.8750,-23.2500,-23.0000,-7.5000,-27.5000,30,-23.0000,5.0000,4,1.0000,5.5000,6.0000,2.0000,-4.2500,6.0000,-7.5000,7.0000,-14.0000,8.0000,-16.7500,30.0000,-23.2500
2018-04-19,2018,-1,6805.0000,2.5000,-4.0000,-4.0000,-1.7500,-9.5000,1,-5.7500,17.5000,16,3.0000,-0.7500,5.0000,1.0000,-5.2500,,-4.0000,,-4.0000,,-4.0000,,-4.0000
2018-04-20,2018,-1,6753.2500,2.3750,30.0000,29.7500,30.0000,-0.5000,1,4.2500,34.2500,24,3.0000,-5.2500,,,30.0000,,30.0000,,30.0000,,30.0000,,30.0000
2018-04-23,2018,1,6699.2500,1.2500,-21.2500,-21.2500,-6.5000,-40.5000,22,-38.2500,4.7500,1,6.0000,6.5000,7.0000,1.0000,-4.0000,2.0000,-5.5000,3.0000,-9.2500,10.0000,-12.7500,11.0000,-17.7500
2018-04-24,2018,1,6686.5000,1.7500,-13.7500,-13.7500,-5.5000,-38.7500,23,-32.2500,9.2500,14,6.0000,4.0000,7.0000,1.0000,-7.0000,1.0000,-7.0000,3.0000,-12.5000,18.0000,-14.7500,21.0000,-21.7500
2018-04-25,2018,-1,6516.0000,2.8750,85.0000,84.7500,85.0000,-9.7500,2,-6.5000,85.7500,30,3.0000,0.0000,,1.0000,-6.2500,,85.0000,,85.0000,,85.0000,,85.0000
2018-04-26,2018,1,6613.0000,2.7500,-2.5000,-2.7500,-16.2500,-31.2500,5,-27.2500,2.7500,1,1.0000,11.7500,3.0000,1.0000,-8.5000,2.0000,-12.0000,4.0000,-27.5000,4.0000,-27.5000,,-2.5000
2018-04-27,2018,-1,6741.0000,2.2500,53.5000,53.2500,53.5000,-1.2500,2,2.5000,67.5000,26,1.0000,2.7500,,,53.5000,,53.5000,,53.5000,,53.5000,,53.5000
2018-04-30,2018,1,6683.5000,2.0000,20.2500,20.2500,20.2500,-11.7500,2,-10.7500,24.5000,23,8.0000,0.0000,,2.0000,-10.7500,2.0000,-10.7500,,20.2500,,20.2500,,20.2500
2018-05-01,2018,1,6604.2500,2.3750,12.0000,11.7500,12.0000,-25.5000,8,-23.0000,15.7500,25,15.0000,18.7500,,3.0000,-8.7500,5.0000,-10.7500,6.0000,-21.5000,6.0000,-21.5000,,12.0000
2018-05-02,2018,-1,6690.0000,2.3750,-6.0000,-6.0000,12.7500,-8.0000,21,-6.0000,24.7500,5,5.0000,-13.7500,11.0000,21.0000,-5.7500,,-6.0000,,-6.0000,,-6.0000,,-6.0000
2018-05-03,2018,-1,6611.5000,2.7500,-11.5000,-11.5000,0.5000,-27.0000,26,-24.2500,21.5000,12,8.0000,-4.5000,15.0000,18.0000,-6.2500,22.0000,-12.7500,24.0000,-22.2500,24.0000,-22.2500,,-11.5000
2018-05-04,2018,-1,6626.5000,3.8750,-28.7500,-28.5000,-28.7500,-37.5000,27,-34.0000,16.0000,1,19.0000,26.7500,21.0000,3.0000,-12.2500,6.0000,-19.7500,12.0000,-25.5000,13.0000,-31.5000,,-28.7500
2018-05-07,2018,-1,6805.2500,1.8750,-25.2500,-24.7500,-31.5000,-36.5000,24,-35.7500,2.0000,1,18.0000,30.5000,20.0000,1.0000,-5.2500,2.0000,-9.0000,3.0000,-13.2500,5.0000,-17.7500,9.0000,-27.7500
2018-05-08,2018,1,6817.7500,1.1250,-20.7500,-20.7500,-20.7500,-35.2500,22,-34.0000,5.2500,2,,,,3.0000,-8.7500,3.0000,-8.7500,3.0000,-8.7500,4.0000,-12.7500,5.0000,-16.0000
2018-05-09,2018,1,6840.5000,1.6250,-12.5000,-12.2500,-17.0000,-23.0000,28,-22.0000,5.0000,17,1.0000,9.7500,7.0000,1.0000,-7.2500,1.0000,-7.2500,7.0000,-17.0000,7.0000,-17.0000,28.0000,-21.7500
2018-05-10,2018,1,6919.5000,1.2500,-2.2500,-2.0000,-1.2500,-7.2500,2,-5.0000,13.0000,23,4.0000,0.2500,17.0000,2.0000,-4.7500,,-2.2500,,-2.2500,,-2.2500,,-2.2500
2018-05-11,2018,-1,6951.7500,1.7500,-7.2500,-7.2500,-6.7500,-10.7500,5,-9.5000,14.2500,19,7.0000,5.7500,27.0000,1.0000,-5.7500,5.0000,-7.2500,,-7.2500,,-7.2500,,-7.2500
2018-05-14,2018,1,6983.5000,1.3750,7.7500,8.0000,-1.5000,-6.7500,3,-3.5000,16.0000,13,6.0000,1.5000,7.0000,3.0000,-2.7500,,7.7500,,7.7500,,7.7500,,7.7500
2018-05-15,2018,-1,6898.0000,2.2500,26.7500,27.0000,26.7500,-0.7500,1,3.0000,38.0000,28,1.0000,8.0000,,,26.7500,,26.7500,,26.7500,,26.7500,,26.7500
2018-05-16,2018,1,6902.0000,1.7500,20.5000,20.5000,-0.5000,-5.5000,12,-3.2500,23.2500,28,7.0000,-3.7500,9.0000,,20.5000,,20.5000,,20.5000,,20.5000,,20.5000
2018-05-17,2018,1,6913.5000,1.5000,14.0000,13.7500,-0.5000,-7.2500,9,-3.5000,14.5000,30,2.0000,0.2500,8.0000,9.0000,-3.5000,,14.0000,,14.0000,,14.0000,,14.0000
2018-05-18,2018,1,6887.2500,2.7500,-16.5000,-16.5000,-16.5000,-17.5000,30,-16.5000,8.0000,16,,,,2.0000,-10.0000,3.0000,-11.7500,,-16.5000,,-16.5000,,-16.5000
2018-05-21,2018,1,6947.5000,1.2500,3.7500,3.7500,3.7500,-6.0000,21,-5.0000,9.5000,12,1.0000,8.0000,,1.0000,-5.0000,,3.7500,,3.7500,,3.7500,,3.7500
2018-05-22,2018,1,6945.7500,1.0000,-15.5000,-15.2500,2.2500,-17.5000,30,-15.2500,9.0000,4,4.0000,-3.0000,5.0000,1.0000,-2.7500,13.0000,-4.5000,14.0000,-7.5000,22.0000,-8.2500,24.0000,-14.2500
2018-05-23,2018,1,6858.0000,1.7500,12.2500,12.0000,12.2500,-4.0000,1,-2.2500,22.5000,15,4.0000,-0.2500,,,12.2500,,12.2500,,12.2500,,12.2500,,12.2500
2018-05-24,2018,1,6957.5000,1.7500,-35.2500,-35.0000,-35.2500,-45.7500,28,-40.7500,11.0000,11,,,,12.0000,-7.2500,13.0000,-18.2500,13.0000,-18.2500,13.0000,-18.2500,17.0000,-27.5000
2018-05-25,2018,1,6960.7500,2.7500,8.0000,8.0000,8.0000,-18.2500,2,-16.7500,14.0000,26,14.0000,8.5000,,2.0000,-16.5000,2.0000,-16.5000,2.0000,-16.5000,,8.0000,,8.0000
2018-05-29,2018,1,6933.0000,2.7500,27.0000,26.7500,27.0000,-17.5000,2,-10.7500,31.5000,27,10.0000,2.7500,,2.0000,-10.0000,,27.0000,,27.0000,,27.0000,,27.0000
2018-05-30,2018,-1,6958.0000,2.0000,14.2500,14.0000,14.2500,-14.0000,15,-10.0000,15.5000,30,21.0000,4.7500,,3.0000,-5.5000,14.0000,-9.7500,,14.2500,,14.2500,,14.2500
2018-05-31,2018,-1,6975.2500,4.0000,-20.7500,-20.7500,-21.7500,-24.5000,9,-22.5000,0.2500,1,11.0000,21.0000,29.0000,1.0000,-11.5000,6.0000,-16.2500,,-20.7500,,-20.7500,,-20.7500
2018-06-01,2018,-1,7010.5000,1.5000,-24.5000,-24.2500,-24.5000,-27.7500,25,-27.0000,1.2500,1,,,,2.0000,-7.7500,2.0000,-7.7500,3.0000,-20.5000,3.0000,-20.5000,3.0000,-20.5000
2018-06-04,2018,1,7109.7500,1.2500,3.0000,3.0000,3.0000,0.0000,1,3.0000,18.5000,16,2.0000,-0.5000,,,3.0000,,3.0000,,3.0000,,3.0000,,3.0000
2018-06-05,2018,-1,7159.7500,1.2500,-18.5000,-18.5000,-7.2500,-19.0000,30,-18.5000,4.2500,1,1.0000,5.5000,14.0000,2.0000,-3.0000,14.0000,-7.2500,17.0000,-8.2500,26.0000,-11.0000,29.0000,-15.7500
2018-06-06,2018,1,7179.7500,1.2500,-28.0000,-28.2500,-1.2500,-28.5000,30,-28.2500,7.5000,3,9.0000,0.2500,14.0000,6.0000,-3.7500,17.0000,-5.2500,26.0000,-14.0000,26.0000,-14.0000,27.0000,-19.0000
2018-06-07,2018,-1,7227.2500,1.0000,0.5000,0.7500,-4.7500,-7.2500,14,-5.2500,11.0000,5,1.0000,3.2500,13.0000,13.0000,-4.7500,13.0000,-4.7500,,0.5000,,0.5000,,0.5000
2018-06-08,2018,1,7147.0000,1.7500,9.7500,9.5000,-6.5000,-12.7500,2,-9.0000,11.7500,27,8.0000,4.5000,10.0000,1.0000,-9.5000,1.0000,-9.5000,,9.7500,,9.7500,,9.7500
2018-06-11,2018,1,7177.0000,0.7500,9.0000,8.7500,9.0000,-3.5000,5,-0.5000,18.2500,14,1.0000,1.5000,,,9.0000,,9.0000,,9.0000,,9.0000,,9.0000
2018-06-12,2018,1,7215.7500,1.2500,-10.7500,-10.7500,-4.5000,-17.0000,26,-15.0000,3.5000,10,8.0000,4.2500,16.0000,1.0000,-3.0000,4.0000,-5.2500,18.0000,-8.0000,20.0000,-10.7500,,-10.7500
2018-06-13,2018,-1,7243.5000,1.2500,-10.0000,-9.7500,-7.2500,-11.7500,26,-11.2500,0.0000,1,11.0000,6.7500,12.0000,1.0000,-3.5000,2.0000,-6.2500,8.0000,-7.7500,26.0000,-10.5000,,-10.0000
2018-06-14,2018,1,7270.2500,2.0000,22.5000,22.7500,1.2500,-6.2500,23,-3.2500,23.2500,29,2.0000,-1.5000,22.0000,,22.5000,,22.5000,,22.5000,,22.5000,,22.5000
2018-06-15,2018,-1,7268.2500,3.7500,-1.5000,-1.7500,-0.7500,-13.7500,3,-5.5000,23.2500,13,5.0000,0.2500,24.0000,,-1.5000,,-1.5000,,-1.5000,,-1.5000,,-1.5000
2018-06-18,2018,-1,7221.2500,1.2500,-9.5000,-9.5000,1.5000,-23.2500,25,-20.2500,12.5000,4,8.0000,-4.0000,9.0000,10.0000,-3.7500,12.0000,-8.2500,12.0000,-8.2500,15.0000,-13.5000,16.0000,-16.5000
2018-06-19,2018,1,7202.7500,2.0000,-18.5000,-18.5000,0.0000,-22.5000,29,-20.0000,20.0000,15,6.0000,-0.5000,20.0000,22.0000,-4.5000,25.0000,-12.0000,28.0000,-17.2500,28.0000,-17.2500,,-18.5000
2018-06-20,2018,1,7290.0000,1.5000,10.5000,10.5000,2.5000,-2.7500,16,0.2500,16.5000,26,4.0000,-3.2500,6.0000,,10.5000,,10.5000,,10.5000,,10.5000,,10.5000
2018-06-21,2018,1,7325.5000,1.5000,-20.5000,-20.7500,-20.7500,-28.0000,13,-27.2500,1.7500,1,16.0000,19.0000,28.0000,1.0000,-6.0000,3.0000,-9.0000,4.0000,-11.5000,5.0000,-17.5000,12.0000,-19.5000
2018-06-22,2018,-1,7251.0000,1.1250,26.2500,26.2500,26.2500,-2.0000,1,0.5000,36.2500,25,4.0000,-3.5000,,,26.2500,,26.2500,,26.2500,,26.2500,,26.2500
2018-06-25,2018,1,7159.7500,1.2500,-45.7500,-45.7500,-4.0000,-48.2500,16,-46.2500,9.7500,2,2.0000,0.0000,3.0000,3.0000,-4.0000,4.0000,-14.5000,4.0000,-14.5000,4.0000,-14.5000,6.0000,-26.0000
2018-06-26,2018,1,7090.7500,2.0000,13.2500,13.0000,13.2500,-29.5000,5,-26.7500,18.5000,17,10.0000,11.7500,,1.0000,-8.0000,2.0000,-18.5000,2.0000,-18.5000,2.0000,-18.5000,5.0000,-27.0000
2018-06-27,2018,1,7119.7500,3.0000,12.7500,13.0000,-2.5000,-13.5000,10,-11.7500,22.2500,23,4.0000,-0.7500,6.0000,8.0000,-8.0000,,12.7500,,12.7500,,12.7500,,12.7500
2018-06-28,2018,1,6986.2500,2.3750,28.0000,27.7500,-2.5000,-14.2500,17,-12.7500,38.2500,24,4.0000,-8.7500,13.0000,14.0000,-5.7500,16.0000,-13.0000,,28.0000,,28.0000,,28.0000
2018-06-29,2018,1,7094.7500,2.0000,19.2500,19.5000,19.2500,-5.2500,1,-2.0000,22.0000,29,10.0000,-3.0000,,,19.2500,,19.2500,,19.2500,,19.2500,,19.2500
2018-07-02,2018,-1,6995.0000,2.1250,-43.0000,-42.7500,-38.2500,-48.7500,30,-44.0000,1.5000,1,19.0000,33.5000,22.0000,2.0000,-5.7500,3.0000,-14.7500,3.0000,-14.7500,4.0000,-17.7500,15.0000,-32.5000
2018-07-03,2018,-1,7131.2500,1.2500,32.2500,32.5000,32.2500,-0.2500,1,3.5000,41.7500,24,2.0000,-2.2500,,,32.2500,,32.2500,,32.2500,,32.2500,,32.2500
2018-07-05,2018,1,7085.0000,2.0000,-4.7500,-4.5000,2.7500,-9.0000,27,-7.7500,14.7500,10,7.0000,-3.5000,14.0000,27.0000,-7.5000,,-4.7500,,-4.7500,,-4.7500,,-4.7500
2018-07-06,2018,-1,7130.0000,2.5000,-31.0000,-30.7500,-9.2500,-36.2500,28,-33.7500,6.5000,1,1.0000,3.0000,3.0000,3.0000,-9.2500,4.0000,-13.2500,6.0000,-18.7500,7.0000,-20.2500,26.0000,-31.0000
2018-07-09,2018,1,7272.5000,1.3750,-12.7500,-12.7500,-3.5000,-16.0000,22,-15.5000,9.5000,16,2.0000,-0.7500,18.0000,18.0000,-3.5000,21.0000,-6.5000,22.0000,-15.5000,22.0000,-15.5000,,-12.7500
2018-07-10,2018,-1,7295.5000,1.7500,-1.2500,-1.2500,-9.2500,-11.5000,7,-9.7500,7.2500,20,1.0000,8.5000,5.0000,4.0000,-7.5000,4.0000,-7.5000,,-1.2500,,-1.2500,,-1.2500
2018-07-11,2018,1,7261.7500,2.0000,15.2500,15.2500,-0.2500,-8.7500,14,-5.0000,18.7500,30,4.0000,0.0000,8.0000,14.0000,-5.0000,,15.2500,,15.2500,,15.2500,,15.2500
2018-07-12,2018,1,7296.5000,1.2500,25.7500,26.0000,25.7500,-4.0000,1,1.0000,26.5000,30,3.0000,-1.0000,,,25.7500,,25.7500,,25.7500,,25.7500,,25.7500
2018-07-13,2018,1,7391.5000,1.3750,-12.2500,-12.2500,-1.5000,-24.5000,25,-22.5000,4.5000,2,2.0000,0.2500,4.0000,6.0000,-4.7500,13.0000,-8.5000,13.0000,-8.5000,20.0000,-12.0000,22.0000,-18.0000
2018-07-16,2018,1,7403.2500,1.5000,0.7500,1.0000,-2.2500,-21.0000,14,-15.7500,4.0000,5,1.0000,1.7500,3.0000,8.0000,-4.7500,9.0000,-6.5000,13.0000,-15.7500,13.0000,-15.7500,,0.7500
2018-07-17,2018,1,7312.2500,2.2500,28.0000,28.0000,28.0000,-1.7500,1,2.2500,35.7500,28,7.0000,-4.0000,,,28.0000,,28.0000,,28.0000,,28.0000,,28.0000
2018-07-18,2018,1,7421.5000,1.2500,-16.0000,-16.0000,-12.0000,-29.7500,24,-29.5000,5.2500,1,7.0000,10.5000,8.0000,2.0000,-2.7500,3.0000,-5.0000,4.0000,-10.7500,4.0000,-10.7500,9.0000,-16.5000
2018-07-19,2018,1,7390.5000,1.2500,-22.0000,-22.2500,2.0000,-29.5000,24,-27.0000,11.2500,6,4.0000,-4.0000,9.0000,16.0000,-4.7500,17.0000,-7.5000,18.0000,-11.0000,18.0000,-11.0000,20.0000,-23.2500
2018-07-20,2018,1,7391.7500,3.1250,1.7500,1.7500,-5.5000,-14.0000,7,-11.0000,5.2500,29,15.0000,4.2500,16.0000,2.0000,-10.2500,,1.7500,,1.7500,,1.7500,,1.7500
2018-07-23,2018,1,7348.7500,1.5000,-6.5000,-7.0000,-32.5000,-37.2500,25,-33.7500,5.2500,2,11.0000,27.7500,17.0000,3.0000,-10.5000,3.0000,-10.5000,3.0000,-10.5000,4.0000,-13.2500,5.0000,-18.7500
2018-07-24,2018,1,7465.0000,1.5000,6.5000,6.2500,-1.2500,-4.0000,26,-1.5000,22.2500,8,4.0000,-0.7500,25.0000,,6.5000,,6.5000,,6.5000,,6.5000,,6.5000
2018-07-25,2018,1,7428.2500,1.5000,5.2500,5.0000,7.7500,-2.7500,1,2.7500,17.0000,21,16.0000,-8.2500,28.0000,,5.2500,,5.2500,,5.2500,,5.2500,,5.2500
2018-07-26,2018,1,7432.2500,2.1250,-14.2500,-14.2500,-10.7500,-36.7500,21,-33.7500,6.5000,10,9.0000,5.7500,11.0000,4.0000,-5.5000,11.0000,-10.7500,14.0000,-18.0000,14.0000,-18.0000,19.0000,-27.2500
2018-07-27,2018,-1,7444.7500,1.7500,48.0000,48.2500,48.0000,-2.7500,1,0.7500,49.0000,30,1.0000,6.5000,,,48.0000,,48.0000,,48.0000,,48.0000,,48.0000
2018-07-30,2018,1,7303.2500,1.8750,-71.2500,-71.2500,-71.2500,-92.5000,23,-90.5000,0.7500,1,30.0000,80.0000,,1.0000,-15.2500,1.0000,-15.2500,1.0000,-15.2500,1.0000,-15.2500,3.0000,-30.7500
2018-07-31,2018,1,7245.5000,2.2500,-18.7500,-18.7500,3.0000,-26.2500,21,-24.5000,25.2500,4,3.0000,-4.5000,11.0000,14.0000,-10.2500,14.0000,-10.2500,18.0000,-14.7500,19.0000,-18.7500,,-18.7500
2018-08-01,2018,-1,7258.5000,1.6250,-23.5000,-23.2500,-23.5000,-31.5000,28,-29.0000,1.2500,1,,,,1.0000,-15.5000,1.0000,-15.5000,1.0000,-15.5000,1.0000,-15.5000,3.0000,-21.7500
2018-08-02,2018,1,7230.0000,1.5000,39.0000,39.2500,39.0000,-1.5000,1,2.7500,43.5000,29,3.0000,-2.7500,,,39.0000,,39.0000,,39.0000,,39.0000,,39.0000
2018-08-03,2018,1,7396.0000,1.8750,-13.2500,-13.2500,-30.0000,-33.7500,14,-31.2500,3.7500,1,8.0000,21.7500,14.0000,2.0000,-17.7500,2.0000,-17.7500,2.0000,-17.7500,2.0000,-17.7500,6.0000,-23.2500
2018-08-06,2018,-1,7390.2500,0.7500,-18.5000,-18.2500,-18.5000,-23.2500,24,-22.5000,2.7500,1,,,,1.0000,-3.2500,1.0000,-3.2500,2.0000,-12.0000,2.0000,-12.0000,2.0000,-12.0000
2018-08-07,2018,1,7473.5000,1.0000,-1.5000,-1.5000,-4.5000,-20.2500,17,-18.7500,13.2500,3,1.0000,2.2500,13.0000,13.0000,-4.5000,13.0000,-4.5000,16.0000,-7.0000,17.0000,-18.7500,17.0000,-18.7500
2018-08-08,2018,-1,7445.7500,1.5000,-16.7500,-16.5000,-12.2500,-24.7500,17,-24.5000,1.0000,1,1.0000,12.0000,4.0000,2.0000,-9.0000,2.0000,-9.0000,4.0000,-12.2500,4.0000,-12.2500,5.0000,-18.5000
2018-08-09,2018,1,7482.5000,1.2500,-3.2500,-3.5000,-3.2500,-17.7500,3,-13.5000,6.7500,11,8.0000,8.0000,,1.0000,-4.5000,2.0000,-10.2500,2.0000,-10.2500,2.0000,-10.2500,,-3.2500
2018-08-10,2018,1,7432.5000,2.6250,-17.7500,-17.7500,-5.5000,-19.2500,28,-19.0000,14.2500,13,1.0000,4.0000,22.0000,23.0000,-11.5000,23.0000,-11.5000,28.0000,-16.7500,,-17.7500,,-17.7500
2018-08-13,2018,1,7436.5000,1.6250,22.2500,22.2500,4.0000,-2.7500,2,-1.2500,24.2500,24,3.0000,-4.0000,8.0000,,22.2500,,22.2500,,22.2500,,22.2500,,22.2500
2018-08-14,2018,1,7440.2500,1.5000,-25.0000,-24.7500,-6.0000,-30.7500,21,-30.0000,1.2500,1,6.0000,5.2500,7.0000,2.0000,-4.2500,4.0000,-9.2500,4.0000,-9.2500,9.0000,-12.2500,17.0000,-24.5000
2018-08-15,2018,1,7398.5000,1.7500,-39.0000,-39.0000,-2.7500,-46.2500,30,-39.0000,19.7500,8,4.0000,0.7500,13.0000,14.0000,-6.2500,15.0000,-12.2500,15.0000,-12.2500,18.0000,-15.7500,26.0000,-23.2500
2018-08-16,2018,1,7415.2500,2.2500,-4.5000,-4.7500,-11.2500,-18.5000,27,-17.0000,5.7500,2,9.0000,8.7500,12.0000,6.0000,-12.7500,6.0000,-12.7500,26.0000,-16.7500,,-4.5000,,-4.5000
2018-08-17,2018,-1,7353.7500,1.7500,-3.5000,-3.5000,-12.7500,-28.5000,7,-27.0000,4.7500,2,1.0000,2.2500,4.0000,4.0000,-12.7500,4.0000,-12.7500,4.0000,-12.7500,5.0000,-18.7500,6.0000,-23.7500
2018-08-20,2018,-1,7394.0000,1.2500,24.7500,24.7500,-9.2500,-12.2500,4,-9.5000,33.5000,25,1.0000,6.2500,3.0000,2.0000,-4.7500,3.0000,-9.2500,3.0000,-9.2500,,24.7500,,24.7500
2018-08-21,2018,1,7412.7500,1.2500,12.7500,12.5000,-11.0000,-12.5000,8,-11.0000,16.2500,22,1.0000,9.5000,8.0000,3.0000,-4.5000,4.0000,-6.2500,8.0000,-11.0000,8.0000,-11.0000,,12.7500
2018-08-22,2018,1,7398.5000,1.5000,-12.0000,-11.5000,-4.0000,-17.2500,30,-11.5000,17.7500,5,1.0000,1.7500,21.0000,21.0000,-4.0000,28.0000,-7.2500,30.0000,-12.0000,,-12.0000,,-12.0000
2018-08-23,2018,1,7431.5000,1.0000,29.2500,29.0000,29.2500,-0.2500,1,3.0000,37.5000,21,1.0000,1.2500,,,29.2500,,29.2500,,29.2500,,29.2500,,29.2500
2018-08-24,2018,1,7454.2500,1.1250,14.7500,14.7500,14.7500,-4.0000,5,0.0000,20.7500,29,29.0000,-2.2500,,,14.7500,,14.7500,,14.7500,,14.7500,,14.7500
2018-08-27,2018,1,7537.5000,1.0000,7.7500,8.0000,7.7500,-19.7500,7,-13.5000,8.7500,30,27.0000,2.0000,,1.0000,-2.7500,4.0000,-12.2500,4.0000,-12.2500,4.0000,-12.2500,4.0000,-12.2500
2018-08-28,2018,-1,7586.0000,1.5000,-3.7500,-4.0000,-3.7500,-11.2500,3,-9.2500,11.0000,21,6.0000,7.0000,,2.0000,-4.5000,3.0000,-9.2500,3.0000,-9.2500,,-3.7500,,-3.7500
2018-08-29,2018,1,7594.2500,1.2500,12.0000,11.5000,7.5000,-2.0000,1,-1.5000,19.5000,10,9.0000,-8.2500,14.0000,,12.0000,,12.0000,,12.0000,,12.0000,,12.0000
2018-08-30,2018,1,7661.2500,1.7500,-6.0000,-6.2500,-13.7500,-18.7500,7,-17.2500,0.2500,1,13.0000,13.5000,18.0000,1.0000,-5.2500,4.0000,-7.2500,6.0000,-15.7500,6.0000,-15.7500,,-6.0000
2018-08-31,2018,1,7655.2500,1.3750,11.2500,11.5000,11.2500,-1.0000,3,-0.2500,16.7500,21,1.0000,4.2500,,,11.2500,,11.2500,,11.2500,,11.2500,,11.2500
2018-09-04,2018,1,7642.2500,1.2500,-27.0000,-27.0000,-27.0000,-55.5000,10,-53.5000,1.0000,1,24.0000,41.0000,,2.0000,-8.7500,2.0000,-8.7500,2.0000,-8.7500,3.0000,-24.7500,3.0000,-24.7500
2018-09-05,2018,-1,7609.5000,2.0000,63.0000,63.0000,63.0000,0.0000,1,4.7500,72.0000,30,2.0000,-0.7500,,,63.0000,,63.0000,,63.0000,,63.0000,,63.0000
2018-09-06,2018,-1,7521.7500,2.0000,15.0000,14.7500,15.0000,-15.2500,2,-12.0000,34.7500,10,4.0000,4.0000,,1.0000,-11.7500,1.0000,-11.7500,,15.0000,,15.0000,,15.0000
2018-09-07,2018,-1,7402.5000,3.5000,-70.5000,-70.5000,-42.2500,-79.7500,25,-74.5000,0.0000,1,11.0000,32.2500,16.0000,1.0000,-9.2500,2.0000,-20.5000,7.0000,-26.0000,8.0000,-35.7500,16.0000,-42.2500
2018-09-10,2018,-1,7454.0000,1.3750,15.0000,15.2500,15.0000,-5.7500,3,-0.7500,21.5000,21,1.0000,5.7500,,,15.0000,,15.0000,,15.0000,,15.0000,,15.0000
2018-09-11,2018,-1,7410.2500,1.7500,-46.7500,-46.2500,-21.2500,-56.0000,25,-54.5000,5.7500,2,1.0000,13.5000,6.0000,2.0000,-4.2500,3.0000,-7.2500,6.0000,-21.2500,6.0000,-21.2500,6.0000,-21.2500
2018-09-12,2018,1,7502.0000,1.5000,-19.5000,-19.5000,-24.5000,-37.5000,28,-36.2500,4.2500,1,1.0000,7.5000,3.0000,3.0000,-24.5000,3.0000,-24.5000,3.0000,-24.5000,3.0000,-24.5000,3.0000,-24.5000
2018-09-13,2018,1,7574.7500,1.2500,25.7500,25.7500,25.7500,-4.5000,2,-0.2500,32.7500,14,1.0000,2.0000,,,25.7500,,25.7500,,25.7500,,25.7500,,25.7500
2018-09-14,2018,-1,7589.2500,1.5000,-14.0000,-14.0000,-14.0000,-23.5000,10,-22.0000,6.2500,1,13.0000,21.7500,,2.0000,-4.5000,3.0000,-8.7500,4.0000,-11.2500,5.0000,-14.2500,10.0000,-21.7500
2018-09-17,2018,-1,7554.5000,1.0000,37.2500,37.2500,37.2500,-12.0000,1,-8.5000,42.7500,29,3.0000,0.0000,,1.0000,-8.5000,1.0000,-8.5000,1.0000,-8.5000,1.0000,-8.5000,,37.2500
2018-09-18,2018,1,7494.5000,2.8750,33.7500,33.7500,33.7500,-2.5000,1,5.2500,35.2500,25,1.0000,8.0000,,,33.7500,,33.7500,,33.7500,,33.7500,,33.7500
2018-09-19,2018,1,7544.7500,1.5000,-38.2500,-37.7500,-8.5000,-52.5000,24,-50.7500,1.2500,2,1.0000,7.7500,2.0000,2.0000,-8.5000,2.0000,-8.5000,4.0000,-14.2500,4.0000,-14.2500,6.0000,-28.2500
2018-09-20,2018,-1,7571.5000,1.5000,-24.2500,-24.7500,-5.7500,-28.2500,30,-24.7500,18.7500,2,3.0000,-1.2500,9.0000,1.0000,-4.7500,11.0000,-8.5000,12.0000,-9.7500,29.0000,-24.2500,29.0000,-24.2500
2018-09-21,2018,-1,7620.2500,1.8750,8.5000,8.5000,8.5000,-14.2500,9,-12.7500,13.7500,28,20.0000,4.2500,,2.0000,-4.2500,7.0000,-12.2500,7.0000,-12.2500,,8.5000,,8.5000
2018-09-24,2018,-1,7485.0000,2.0000,-40.2500,-39.7500,-12.2500,-51.7500,25,-49.5000,11.2500,1,1.0000,9.0000,5.0000,3.0000,-4.5000,5.0000,-12.2500,7.0000,-17.5000,7.0000,-17.5000,12.0000,-28.0000
2018-09-25,2018,1,7581.7500,1.7500,-3.0000,-3.5000,-3.0000,-22.0000,14,-19.5000,0.5000,29,24.0000,10.7500,,1.0000,-6.2500,2.0000,-19.2500,2.0000,-19.2500,2.0000,-19.2500,,-3.0000
2018-09-26,2018,1,7614.0000,1.5000,0.5000,0.7500,-8.5000,-18.0000,7,-14.2500,4.0000,1,1.0000,6.0000,5.0000,3.0000,-3.5000,5.0000,-8.5000,6.0000,-10.2500,7.0000,-14.2500,,0.5000
2018-09-27,2018,1,7633.2500,1.7500,35.7500,35.5000,35.7500,-6.0000,2,-5.2500,35.7500,30,8.0000,2.0000,,2.0000,-5.2500,,35.7500,,35.7500,,35.7500,,35.7500
2018-09-28,2018,1,7642.2500,1.7500,1.2500,1.5000,3.5000,-19.0000,16,-16.5000,10.2500,4,5.0000,-3.7500,6.0000,13.0000,-5.5000,14.0000,-15.0000,14.0000,-15.0000,14.0000,-15.0000,,1.2500
2018-10-01,2018,1,7702.5000,1.6250,16.5000,16.0000,16.5000,-0.5000,1,6.7500,23.0000,15,1.0000,3.7500,,,16.5000,,16.5000,,16.5000,,16.5000,,16.5000
2018-10-02,2018,1,7668.2500,1.7500,9.7500,9.7500,9.7500,-33.0000,8,-30.0000,14.5000,27,14.0000,12.7500,,3.0000,-13.7500,3.0000,-13.7500,3.0000,-13.7500,5.0000,-16.2500,6.0000,-26.0000
2018-10-03,2018,-1,7683.0000,1.0000,-11.2500,-11.0000,-2.5000,-15.0000,3,-12.7500,6.7500,10,26.0000,2.0000,28.0000,2.0000,-9.0000,2.0000,-9.0000,2.0000,-9.0000,2.0000,-9.0000,3.0000,-13.0000
2018-10-04,2018,-1,7611.0000,2.0000,34.5000,34.5000,34.5000,-3.7500,2,0.2500,39.5000,30,1.0000,3.7500,,,34.5000,,34.5000,,34.5000,,34.5000,,34.5000
2018-10-05,2018,-1,7489.0000,4.0000,5.0000,4.7500,-16.5000,-45.7500,13,-43.2500,16.2500,26,1.0000,15.0000,3.0000,1.0000,-10.5000,3.0000,-16.5000,4.0000,-34.2500,4.0000,-34.2500,,5.0000
2018-10-08,2018,-1,7362.7500,2.5000,-48.5000,-48.2500,-17.7500,-60.0000,22,-59.5000,3.5000,1,1.0000,11.0000,4.0000,2.0000,-10.7500,2.0000,-10.7500,4.0000,-17.7500,10.0000,-38.0000,10.0000,-38.0000
2018-10-09,2018,-1,7364.7500,2.6250,-42.7500,-43.0000,-38.2500,-53.0000,28,-51.0000,0.0000,1,9.0000,38.2500,12.0000,1.0000,-14.0000,1.0000,-14.0000,2.0000,-30.7500,2.0000,-30.7500,3.0000,-41.0000
2018-10-10,2018,1,7349.7500,3.5000,-100.5000,-100.7500,-42.2500,-104.7500,26,-100.7500,0.5000,1,10.0000,36.2500,12.0000,1.0000,-18.7500,1.0000,-18.7500,3.0000,-25.2500,5.0000,-29.2500,12.0000,-42.2500
2018-10-11,2018,1,7067.0000,6.6250,44.2500,44.2500,44.2500,-65.0000,10,-62.0000,71.0000,26,14.0000,39.5000,,2.0000,-15.2500,6.0000,-34.5000,7.0000,-45.2500,9.0000,-62.0000,,44.2500
2018-10-12,2018,-1,7141.0000,4.0000,-27.2500,-27.2500,-27.2500,-29.7500,30,-27.2500,23.2500,12,,,,1.0000,-8.0000,29.0000,-19.5000,30.0000,-27.2500,,-27.2500,,-27.2500
2018-10-15,2018,-1,7140.0000,2.8750,51.0000,51.5000,51.0000,-7.7500,1,7.2500,51.7500,30,2.0000,-1.0000,,,51.0000,,51.0000,,51.0000,,51.0000,,51.0000
2018-10-16,2018,1,7162.5000,2.7500,26.2500,26.0000,26.2500,-9.2500,4,-7.2500,30.7500,29,21.0000,-0.5000,,3.0000,-7.2500,,26.2500,,26.2500,,26.2500,,26.2500
2018-10-17,2018,-1,7312.2500,2.7500,54.0000,53.5000,54.0000,0.0000,1,12.2500,59.7500,30,2.0000,-4.2500,,,54.0000,,54.0000,,54.0000,,54.0000,,54.0000
2018-10-18,2018,-1,7242.2500,2.5000,16.5000,17.0000,16.5000,-14.7500,16,-11.0000,24.2500,28,1.0000,11.0000,,7.0000,-5.0000,16.0000,-11.0000,,16.5000,,16.5000,,16.5000
2018-10-19,2018,1,7182.7500,3.1250,40.7500,41.0000,40.7500,-4.5000,3,-2.7500,50.2500,19,5.0000,-6.2500,,,40.7500,,40.7500,,40.7500,,40.7500,,40.7500
2018-10-22,2018,1,7168.5000,2.2500,-53.5000,-53.5000,-2.5000,-67.2500,26,-64.5000,14.5000,3,2.0000,-5.5000,3.0000,5.0000,-4.7500,6.0000,-14.0000,6.0000,-14.0000,7.0000,-24.7500,9.0000,-27.5000
2018-10-23,2018,1,7035.2500,5.3750,-61.2500,-61.5000,-11.7500,-61.5000,30,-61.5000,14.0000,5,5.0000,6.5000,7.0000,1.0000,-17.5000,25.0000,-21.7500,29.0000,-40.7500,30.0000,-61.2500,,-61.2500
2018-10-24,2018,-1,7118.2500,3.3750,42.5000,42.5000,42.5000,-9.7500,10,-6.7500,46.0000,30,12.0000,0.0000,,,42.5000,,42.5000,,42.5000,,42.5000,,42.5000
2018-10-25,2018,1,6909.2500,5.5000,75.7500,75.7500,75.7500,-36.5000,9,-31.7500,75.7500,30,11.0000,29.7500,,6.0000,-14.7500,8.0000,-31.2500,,75.7500,,75.7500,,75.7500
2018-10-26,2018,1,6808.2500,6.7500,16.2500,16.2500,16.2500,-11.2500,1,-9.0000,87.0000,17,3.0000,-0.5000,,,16.2500,,16.2500,,16.2500,,16.2500,,16.2500
2018-10-29,2018,-1,6942.0000,3.2500,-26.0000,-26.0000,-0.5000,-27.5000,30,-26.0000,21.0000,23,10.0000,-4.5000,15.0000,1.0000,-9.7500,6.0000,-14.5000,29.0000,-21.2500,,-26.0000,,-26.0000
2018-10-30,2018,1,6717.7500,8.0000,51.2500,51.2500,51.2500,-44.7500,5,-29.2500,87.2500,26,9.0000,15.7500,,4.0000,-29.5000,,51.2500,,51.2500,,51.2500,,51.2500
2018-10-31,2018,1,6946.2500,3.6250,43.2500,43.0000,43.2500,-18.0000,4,-13.7500,46.2500,30,7.0000,4.7500,,1.0000,-12.7500,,43.2500,,43.2500,,43.2500,,43.2500
2018-11-01,2018,1,6995.0000,3.0000,-26.0000,-25.5000,-36.5000,-50.7500,18,-40.2500,18.5000,5,20.0000,33.7500,29.0000,11.0000,-13.5000,11.0000,-13.5000,14.0000,-31.0000,14.0000,-31.0000,17.0000,-40.2500
2018-11-02,2018,1,7047.5000,6.0000,-15.7500,-16.2500,10.2500,-22.0000,29,-19.5000,45.0000,12,8.0000,-15.0000,20.0000,29.0000,-19.7500,,-15.7500,,-15.7500,,-15.7500,,-15.7500
2018-11-05,2018,-1,6938.0000,1.8750,40.7500,40.7500,40.7500,-16.2500,4,-9.5000,45.0000,30,6.0000,5.7500,,2.0000,-7.2500,3.0000,-8.5000,,40.7500,,40.7500,,40.7500
2018-11-06,2018,1,6974.7500,2.3750,41.0000,41.2500,41.0000,-4.2500,1,6.5000,60.0000,26,1.0000,8.7500,,,41.0000,,41.0000,,41.0000,,41.0000,,41.0000
2018-11-07,2018,1,7070.2500,3.1250,43.7500,44.0000,43.7500,-0.7500,1,6.0000,44.2500,30,2.0000,-3.5000,,,43.7500,,43.7500,,43.7500,,43.7500,,43.7500
2018-11-08,2018,1,7181.7500,2.6250,14.5000,14.2500,-24.7500,-28.2500,4,-25.0000,17.5000,29,7.0000,22.0000,11.0000,1.0000,-16.2500,1.0000,-16.2500,2.0000,-17.5000,3.0000,-22.5000,,14.5000
2018-11-09,2018,1,7107.2500,3.0000,-26.2500,-26.0000,-34.7500,-38.5000,11,-34.7500,6.7500,1,25.0000,29.0000,26.0000,2.0000,-6.7500,4.0000,-16.7500,5.0000,-24.2500,5.0000,-24.2500,,-26.2500
2018-11-12,2018,-1,6976.0000,2.7500,60.2500,60.2500,60.2500,-2.2500,1,10.0000,61.7500,30,1.0000,17.7500,,,60.2500,,60.2500,,60.2500,,60.2500,,60.2500
2018-11-13,2018,1,6896.7500,3.5000,-52.2500,-52.0000,-5.7500,-53.7500,30,-52.0000,23.7500,8,16.0000,0.0000,17.0000,11.0000,-8.0000,20.0000,-19.5000,24.0000,-28.2500,24.0000,-28.2500,28.0000,-46.2500
2018-11-14,2018,-1,6897.5000,4.3750,25.0000,25.0000,-17.0000,-32.0000,13,-27.0000,26.7500,30,6.0000,15.5000,10.0000,3.0000,-15.5000,4.0000,-18.7500,13.0000,-27.0000,,25.0000,,25.0000
2018-11-15,2018,-1,6746.5000,6.1250,-17.2500,-18.0000,-17.2500,-64.7500,12,-61.0000,1.2500,1,20.0000,40.0000,,2.0000,-25.5000,2.0000,-25.5000,4.0000,-39.0000,12.0000,-60.7500,,-17.2500
2018-11-16,2018,-1,6833.2500,5.0000,-41.7500,-41.5000,3.2500,-43.7500,30,-41.5000,25.7500,8,3.0000,-4.7500,13.0000,14.0000,-15.0000,16.0000,-21.5000,19.0000,-34.0000,30.0000,-41.7500,,-41.7500
2018-11-19,2018,1,6844.0000,3.0000,-55.5000,-55.5000,-30.7500,-66.0000,25,-59.7500,1.2500,1,16.0000,21.7500,17.0000,1.0000,-6.2500,2.0000,-15.0000,3.0000,-27.5000,3.0000,-27.5000,18.0000,-38.7500
2018-11-20,2018,1,6520.0000,5.2500,-9.0000,-8.5000,-8.0000,-43.5000,24,-38.0000,38.0000,14,5.0000,-6.2500,18.0000,20.0000,-16.2500,21.0000,-30.5000,24.0000,-37.7500,,-9.0000,,-9.0000
2018-11-21,2018,1,6639.0000,3.2500,-6.5000,-6.2500,-46.7500,-68.0000,19,-63.2500,5.7500,1,13.0000,37.0000,17.0000,2.0000,-7.5000,4.0000,-27.2500,4.0000,-27.2500,4.0000,-27.2500,9.0000,-44.5000
2018-11-23,2018,1,6555.7500,2.5000,26.5000,26.7500,26.5000,-7.2500,1,-0.7500,45.7500,25,3.0000,-3.0000,,,26.5000,,26.5000,,26.5000,,26.5000,,26.5000
2018-11-26,2018,-1,6617.5000,2.2500,-45.5000,-45.2500,-45.5000,-48.5000,30,-45.2500,18.7500,6,,,,1.0000,-4.7500,10.0000,-10.2500,17.0000,-15.2500,18.0000,-17.7500,24.0000,-29.2500
2018-11-27,2018,1,6662.5000,2.7500,-7.2500,-7.0000,-7.2500,-49.2500,9,-38.0000,8.5000,28,21.0000,21.2500,,1.0000,-6.7500,5.0000,-22.0000,5.0000,-22.0000,6.0000,-28.7500,8.0000,-37.2500
2018-11-28,2018,-1,6744.2500,1.5000,-13.7500,-13.5000,-8.5000,-15.5000,30,-13.5000,11.0000,14,9.0000,7.2500,18.0000,2.0000,-5.5000,5.0000,-8.2500,6.0000,-11.5000,30.0000,-13.7500,,-13.7500
2018-11-29,2018,1,6906.7500,2.2500,-22.7500,-22.7500,-25.0000,-31.7500,17,-29.2500,4.5000,1,6.0000,15.7500,8.0000,1.0000,-5.2500,2.0000,-16.7500,2.0000,-16.7500,4.0000,-22.2500,16.0000,-29.5000
2018-11-30,2018,-1,6890.5000,2.3750,4.2500,4.7500,4.2500,-11.0000,17,-8.0000,18.0000,10,1.0000,11.2500,,15.0000,-5.2500,,4.2500,,4.2500,,4.2500,,4.2500
2018-12-03,2018,-1,7084.0000,1.7500,28.2500,28.5000,28.2500,-6.0000,3,2.2500,49.7500,25,7.0000,-9.2500,,,28.2500,,28.2500,,28.2500,,28.2500,,28.2500
2018-12-04,2018,1,7038.0000,2.0000,-4.5000,-4.5000,-13.0000,-26.7500,22,-23.5000,7.5000,7,5.0000,10.0000,15.0000,2.0000,-11.2500,2.0000,-11.2500,15.0000,-13.0000,21.0000,-23.2500,,-4.5000
2018-12-06,2018,-1,6658.7500,5.5000,-33.2500,-33.2500,-59.5000,-72.5000,13,-62.5000,15.0000,1,9.0000,51.7500,12.0000,2.0000,-19.7500,3.0000,-29.5000,4.0000,-45.5000,4.0000,-45.5000,,-33.2500
2018-12-07,2018,1,6812.7500,3.1250,23.0000,22.7500,22.7500,-5.7500,2,-4.7500,39.2500,10,10.0000,-26.5000,12.0000,,23.0000,,23.0000,,23.0000,,23.0000,,23.0000
2018-12-10,2018,1,6642.0000,3.7500,-41.2500,-41.2500,-13.7500,-60.0000,22,-54.2500,30.5000,12,1.0000,7.2500,17.0000,17.0000,-13.7500,18.0000,-16.7500,19.0000,-23.5000,20.0000,-39.2500,21.0000,-55.0000
2018-12-11,2018,-1,6774.2500,2.5000,-8.7500,-9.2500,-13.2500,-15.5000,13,-13.5000,10.7500,8,15.0000,6.5000,24.0000,5.0000,-7.0000,12.0000,-13.0000,,-8.7500,,-8.7500,,-8.7500
2018-12-12,2018,-1,6803.7500,3.1250,-5.7500,-6.0000,4.5000,-10.0000,28,-6.5000,24.7500,15,15.0000,-5.7500,20.0000,27.0000,-6.7500,,-5.7500,,-5.7500,,-5.7500,,-5.7500
2018-12-13,2018,1,6833.5000,2.6250,-5.5000,-6.0000,-11.7500,-28.7500,23,-27.0000,23.7500,9,4.0000,11.7500,20.0000,1.0000,-12.0000,1.0000,-12.0000,21.0000,-16.7500,22.0000,-24.5000,,-5.5000
2018-12-14,2018,-1,6701.5000,2.6250,-16.5000,-16.5000,0.2500,-21.5000,26,-19.2500,22.0000,5,5.0000,-5.7500,10.0000,14.0000,-7.7500,15.0000,-12.7500,26.0000,-19.2500,,-16.5000,,-16.5000
2018-12-17,2018,-1,6581.7500,3.2500,26.2500,26.2500,26.2500,-12.0000,1,-5.5000,58.7500,21,4.0000,5.2500,,,26.2500,,26.2500,,26.2500,,26.2500,,26.2500
2018-12-18,2018,-1,6521.5000,2.7500,-7.0000,-7.0000,-11.2500,-28.0000,23,-25.5000,13.7500,6,7.0000,-0.5000,10.0000,10.0000,-11.2500,11.0000,-17.2500,11.0000,-17.2500,21.0000,-22.0000,,-7.0000
2018-12-19,2018,1,6522.5000,2.2500,55.7500,56.0000,55.7500,-7.2500,2,-4.2500,64.5000,27,1.0000,14.0000,,,55.7500,,55.7500,,55.7500,,55.7500,,55.7500
2018-12-20,2018,1,6353.7500,5.0000,14.0000,13.7500,-12.2500,-34.7500,21,-27.7500,31.2500,29,1.0000,5.5000,8.0000,8.0000,-12.2500,10.0000,-22.0000,,14.0000,,14.0000,,14.0000
2018-12-21,2018,-1,6291.0000,5.5000,35.0000,35.2500,17.2500,-16.2500,4,-9.0000,44.2500,30,23.0000,-23.7500,26.0000,,35.0000,,35.0000,,35.0000,,35.0000,,35.0000
2018-12-24,2018,1,6047.5000,6.2500,-67.0000,-67.2500,-67.0000,-106.2500,25,-95.7500,19.2500,3,28.0000,87.0000,,3.0000,-16.7500,4.0000,-28.5000,10.0000,-40.7500,11.0000,-50.5000,15.0000,-86.0000
2018-12-26,2018,1,6015.2500,4.8750,-8.2500,-8.2500,-14.7500,-26.0000,28,-22.7500,36.5000,7,1.0000,11.5000,26.0000,25.0000,-9.7500,27.0000,-22.7500,,-8.2500,,-8.2500,,-8.2500
2018-12-27,2018,-1,6181.7500,5.2500,-10.5000,-10.0000,-14.2500,-46.5000,6,-39.5000,35.0000,23,1.0000,6.0000,2.0000,2.0000,-14.2500,5.0000,-32.2500,5.0000,-32.2500,,-10.5000,,-10.5000
2018-12-28,2018,-1,6320.7500,4.0000,7.5000,7.5000,-24.5000,-28.0000,15,-25.7500,35.7500,4,1.0000,18.0000,14.0000,12.0000,-11.5000,14.0000,-24.5000,14.0000,-24.5000,,7.5000,,7.5000
2018-12-31,2018,-1,6352.5000,2.3750,-1.7500,-1.5000,-1.7500,-24.2500,8,-20.5000,22.7500,21,14.0000,11.0000,,1.0000,-6.2500,2.0000,-12.2500,4.0000,-17.7500,5.0000,-20.0000,,-1.7500
2019-01-02,2019,1,6232.0000,3.5000,14.7500,14.7500,2.5000,-10.0000,3,-3.7500,38.0000,25,5.0000,-6.2500,6.0000,,14.7500,,14.7500,,14.7500,,14.7500,,14.7500
2019-01-03,2019,1,6300.2500,3.6250,-76.0000,-76.0000,-68.0000,-76.5000,30,-76.0000,3.7500,1,25.0000,52.0000,28.0000,3.0000,-8.5000,4.0000,-22.0000,4.0000,-22.0000,7.0000,-35.7500,16.0000,-45.2500
2019-01-04,2019,-1,6248.5000,4.2500,-61.0000,-61.0000,-49.2500,-70.2500,30,-66.2500,2.0000,3,23.0000,45.5000,24.0000,1.0000,-10.2500,5.0000,-19.2500,9.0000,-29.5000,11.0000,-35.0000,25.0000,-55.0000
2019-01-07,2019,1,6440.7500,3.2500,-4.7500,-5.2500,-4.7500,-18.5000,22,-15.2500,21.2500,16,,,,3.0000,-9.5000,22.0000,-15.2500,,-4.7500,,-4.7500,,-4.7500
2019-01-08,2019,1,6575.0000,2.0000,-30.2500,-30.0000,-0.2500,-39.0000,26,-37.7500,11.2500,3,2.0000,0.0000,5.0000,7.0000,-4.0000,15.0000,-14.0000,15.0000,-14.0000,16.0000,-23.2500,19.0000,-30.7500
2019-01-09,2019,-1,6575.7500,2.6250,-30.5000,-30.5000,-22.7500,-39.0000,28,-34.2500,1.7500,16,15.0000,18.5000,18.0000,1.0000,-9.7500,2.0000,-11.7500,3.0000,-21.0000,4.0000,-29.7500,21.0000,-31.7500
2019-01-10,2019,-1,6560.2500,1.7500,11.5000,11.2500,16.2500,-2.5000,6,-1.2500,32.7500,23,21.0000,-20.7500,28.0000,,11.5000,,11.5000,,11.5000,,11.5000,,11.5000
2019-01-11,2019,-1,6588.5000,2.1250,-5.7500,-6.0000,3.7500,-11.7500,4,-7.0000,16.5000,19,19.0000,-7.5000,26.0000,2.0000,-7.0000,,-5.7500,,-5.7500,,-5.7500,,-5.7500
2019-01-14,2019,-1,6539.5000,1.5000,8.7500,8.7500,-5.7500,-8.2500,21,-5.2500,18.0000,3,1.0000,5.0000,21.0000,20.0000,-4.0000,,8.7500,,8.7500,,8.7500,,8.7500
2019-01-15,2019,1,6583.0000,2.1250,77.5000,77.7500,77.5000,-0.2500,1,12.2500,86.0000,30,2.0000,-2.5000,,,77.5000,,77.5000,,77.5000,,77.5000,,77.5000
2019-01-16,2019,1,6697.2500,1.7500,25.0000,25.0000,25.0000,-2.5000,1,1.5000,40.0000,14,1.0000,4.5000,,,25.0000,,25.0000,,25.0000,,25.0000,,25.0000
2019-01-17,2019,1,6654.0000,1.5000,28.5000,28.2500,28.5000,0.0000,1,2.5000,39.7500,25,2.0000,-1.0000,,,28.5000,,28.5000,,28.5000,,28.5000,,28.5000
2019-01-18,2019,-1,6769.2500,2.2500,30.7500,30.7500,30.7500,-8.5000,2,-6.7500,32.0000,30,7.0000,-1.5000,,1.0000,-6.7500,,30.7500,,30.7500,,30.7500,,30.7500
2019-01-22,2019,1,6743.5000,2.1250,-19.0000,-19.0000,-19.0000,-28.5000,21,-27.2500,2.7500,3,23.0000,25.0000,,8.0000,-10.7500,8.0000,-10.7500,15.0000,-18.0000,15.0000,-18.0000,18.0000,-26.0000
2019-01-23,2019,-1,6691.7500,2.7500,-24.5000,-24.7500,-18.0000,-31.2500,18,-29.5000,0.0000,1,6.0000,17.0000,13.0000,1.0000,-5.7500,3.0000,-19.0000,3.0000,-19.0000,15.0000,-22.5000,,-24.5000
2019-01-24,2019,-1,6677.7500,2.3750,-4.5000,-4.5000,-10.2500,-32.5000,14,-29.0000,5.0000,9,9.0000,7.2500,11.0000,1.0000,-5.2500,2.0000,-13.0000,3.0000,-16.2500,13.0000,-26.7500,15.0000,-28.7500
2019-01-25,2019,-1,6739.5000,2.2500,-34.2500,-34.0000,-34.2500,-35.0000,30,-34.0000,0.0000,1,,,,2.0000,-5.2500,7.0000,-10.0000,15.0000,-15.0000,18.0000,-19.0000,27.0000,-28.5000
2019-01-28,2019,-1,6690.2500,4.6250,23.0000,23.0000,23.0000,0.0000,1,9.7500,38.2500,23,1.0000,3.7500,,,23.0000,,23.0000,,23.0000,,23.0000,,23.0000
2019-01-29,2019,-1,6702.0000,1.7500,4.0000,4.2500,4.0000,-7.7500,2,-4.5000,24.7500,13,4.0000,0.5000,,2.0000,-4.7500,,4.0000,,4.0000,,4.0000,,4.0000
2019-01-30,2019,1,6725.0000,2.0000,-20.2500,-20.2500,-9.2500,-21.7500,30,-20.2500,11.7500,8,1.0000,6.7500,16.0000,12.0000,-4.2500,16.0000,-9.2500,27.0000,-15.0000,28.0000,-17.0000,,-20.2500
2019-01-31,2019,-1,6846.5000,2.7500,-29.5000,-29.5000,-16.2500,-33.0000,23,-31.2500,6.2500,4,1.0000,6.2500,13.0000,12.0000,-6.0000,13.0000,-16.2500,14.0000,-17.2500,19.0000,-26.5000,,-29.5000
2019-02-01,2019,-1,6878.0000,2.3750,-9.2500,-9.2500,-9.2500,-35.5000,13,-34.0000,6.7500,1,17.0000,24.7500,,3.0000,-14.7500,3.0000,-14.7500,3.0000,-14.7500,4.0000,-21.2500,8.0000,-30.0000
2019-02-04,2019,1,6887.0000,1.0000,9.5000,9.2500,-8.0000,-13.5000,7,-9.7500,23.7500,23,1.0000,1.0000,5.0000,5.0000,-8.0000,5.0000,-8.0000,5.0000,-8.0000,8.0000,-9.7500,,9.5000
2019-02-05,2019,1,6993.5000,1.7500,10.5000,10.2500,10.5000,-1.0000,1,1.5000,20.7500,22,1.0000,5.2500,,,10.5000,,10.5000,,10.5000,,10.5000,,10.5000
2019-02-06,2019,1,7035.0000,2.0000,-29.0000,-29.0000,-16.5000,-32.5000,30,-29.0000,3.7500,1,14.0000,13.0000,26.0000,3.0000,-5.5000,4.0000,-11.7500,5.0000,-16.7500,5.0000,-16.7500,29.0000,-28.0000
2019-02-07,2019,-1,6930.5000,2.2500,4.2500,4.2500,7.5000,-5.5000,1,-2.7500,18.0000,18,6.0000,-8.7500,10.0000,,4.2500,,4.2500,,4.2500,,4.2500,,4.2500
2019-02-08,2019,1,6861.7500,2.5000,-14.5000,-14.2500,-7.0000,-20.2500,28,-15.5000,15.2500,5,3.0000,0.0000,13.0000,13.0000,-7.0000,14.0000,-10.7500,28.0000,-15.7500,,-14.5000,,-14.5000
2019-02-11,2019,-1,6940.5000,2.2500,4.7500,5.0000,4.7500,-24.0000,4,-21.7500,18.7500,24,6.0000,18.2500,,1.0000,-8.7500,2.0000,-15.7500,2.0000,-15.7500,3.0000,-21.7500,,4.7500
2019-02-12,2019,-1,6961.5000,1.7500,-31.0000,-31.0000,-23.7500,-33.0000,30,-31.0000,2.7500,2,27.0000,22.5000,28.0000,4.0000,-9.2500,4.0000,-9.2500,6.0000,-11.5000,9.0000,-16.7500,10.0000,-21.5000
2019-02-13,2019,1,7052.2500,1.7500,1.0000,1.0000,1.0000,-4.0000,24,0.0000,17.5000,8,1.0000,2.2500,,,1.0000,,1.0000,,1.0000,,1.0000,,1.0000
2019-02-14,2019,1,6987.2500,3.7500,25.7500,26.0000,25.7500,-10.2500,14,-7.0000,26.5000,30,24.0000,-9.0000,,,25.7500,,25.7500,,25.7500,,25.7500,,25.7500
2019-02-15,2019,-1,7068.0000,2.3750,20.5000,20.7500,20.5000,-2.2500,2,-0.2500,30.2500,20,1.0000,5.5000,,,20.5000,,20.5000,,20.5000,,20.5000,,20.5000
2019-02-19,2019,1,7047.0000,1.6250,24.2500,24.2500,24.2500,0.0000,1,8.0000,25.0000,30,2.0000,-2.2500,,,24.2500,,24.2500,,24.2500,,24.2500,,24.2500
2019-02-20,2019,-1,7080.5000,1.5000,-13.5000,-13.0000,-9.0000,-16.2500,26,-13.0000,1.5000,13,11.0000,7.7500,18.0000,1.0000,-5.2500,8.0000,-9.0000,9.0000,-11.7500,26.0000,-12.5000,,-13.5000
2019-02-21,2019,1,7058.5000,2.3750,-39.0000,-38.7500,-39.0000,-48.7500,30,-45.0000,7.7500,1,25.0000,37.5000,28.0000,3.0000,-6.7500,5.0000,-14.7500,5.0000,-14.7500,10.0000,-20.0000,15.0000,-31.7500
2019-02-22,2019,-1,7057.2500,1.7500,-24.7500,-24.7500,-11.0000,-25.2500,30,-24.7500,3.0000,11,8.0000,10.5000,21.0000,2.0000,-5.7500,3.0000,-8.0000,4.0000,-11.5000,24.0000,-14.5000,29.0000,-22.7500
2019-02-25,2019,1,7154.0000,1.5000,-7.0000,-7.2500,3.0000,-9.7500,28,-7.2500,13.7500,13,8.0000,-4.7500,20.0000,27.0000,-5.7500,28.0000,-6.7500,,-7.0000,,-7.0000,,-7.0000
2019-02-26,2019,-1,7094.0000,1.5000,-38.5000,-38.7500,-38.5000,-39.0000,30,-38.7500,1.0000,3,,,,1.0000,-6.5000,1.0000,-6.5000,5.0000,-12.0000,7.0000,-12.7500,11.0000,-21.0000
2019-02-27,2019,1,7110.5000,1.7500,-31.0000,-31.0000,-31.0000,-32.5000,30,-31.0000,8.5000,10,,,,18.0000,-4.5000,20.0000,-10.7500,20.0000,-10.7500,23.0000,-16.5000,24.0000,-21.2500
2019-02-28,2019,1,7104.2500,2.0000,-2.7500,-3.0000,11.0000,-6.7500,30,-3.0000,17.7500,15,14.0000,-11.7500,25.0000,,-2.7500,,-2.7500,,-2.7500,,-2.7500,,-2.7500
2019-03-01,2019,-1,7153.5000,1.6250,12.0000,12.2500,1.2500,-4.2500,13,-3.0000,17.7500,30,5.0000,-5.0000,7.0000,,12.0000,,12.0000,,12.0000,,12.0000,,12.0000
2019-03-04,2019,1,7201.7500,1.2500,5.0000,5.0000,5.0000,-7.5000,19,-4.2500,9.7500,12,26.0000,-2.2500,,18.0000,-4.2500,,5.0000,,5.0000,,5.0000,,5.0000
2019-03-05,2019,-1,7148.7500,1.8750,1.0000,1.2500,1.0000,-13.7500,4,-8.2500,24.5000,21,8.0000,6.5000,,3.0000,-8.2500,3.0000,-8.2500,,1.0000,,1.0000,,1.0000
2019-03-06,2019,-1,7160.7500,1.7500,7.5000,7.2500,7.5000,-5.7500,1,-2.5000,18.7500,21,15.0000,0.2500,,,7.5000,,7.5000,,7.5000,,7.5000,,7.5000
2019-03-08,2019,1,6987.7500,3.0000,-10.5000,-10.2500,-4.7500,-15.7500,5,-11.7500,17.0000,18,14.0000,1.7500,28.0000,2.0000,-11.7500,,-10.5000,,-10.5000,,-10.5000,,-10.5000
2019-03-11,2019,1,7087.5000,1.7500,47.0000,47.0000,47.0000,-0.2500,1,5.5000,48.5000,30,1.0000,2.2500,,,47.0000,,47.0000,,47.0000,,47.0000,,47.0000
2019-03-12,2019,-1,7197.7500,1.8750,-9.7500,-9.7500,-14.7500,-21.2500,25,-18.0000,5.7500,15,12.0000,13.2500,20.0000,3.0000,-4.7500,5.0000,-9.5000,6.0000,-17.0000,6.0000,-17.0000,,-9.7500
2019-03-13,2019,-1,7262.0000,1.6250,-16.0000,-16.2500,-16.0000,-21.7500,24,-20.5000,4.0000,1,28.0000,15.5000,30.0000,3.0000,-4.7500,6.0000,-9.7500,6.0000,-9.7500,21.0000,-15.0000,23.0000,-20.7500
2019-03-14,2019,-1,7282.0000,2.0000,-4.2500,-4.0000,-3.0000,-11.5000,24,-10.5000,10.7500,12,1.0000,2.2500,4.0000,18.0000,-6.7500,23.0000,-10.5000,,-4.2500,,-4.2500,,-4.2500
2019-03-15,2019,1,7296.7500,3.5000,25.2500,25.0000,25.2500,-2.7500,5,-1.0000,35.7500,24,9.0000,-3.2500,,,25.2500,,25.2500,,25.2500,,25.2500,,25.2500
2019-03-18,2019,1,7347.5000,2.0000,24.7500,24.5000,24.7500,-4.7500,7,-3.2500,27.7500,30,1.0000,4.0000,,,24.7500,,24.7500,,24.7500,,24.7500,,24.7500
2019-03-19,2019,1,7398.7500,1.5000,-10.0000,-10.0000,-4.5000,-23.2500,10,-22.5000,0.0000,1,4.0000,3.5000,6.0000,1.0000,-3.7500,2.0000,-6.7500,7.0000,-9.7500,9.0000,-16.5000,10.0000,-22.5000
2019-03-20,2019,1,7378.2500,2.0000,-1.7500,-1.7500,-1.7500,-19.0000,7,-17.2500,2.0000,21,9.0000,14.0000,,1.0000,-5.2500,3.0000,-9.5000,4.0000,-13.7500,6.0000,-17.2500,,-1.7500
2019-03-21,2019,1,7396.7500,1.8750,41.0000,41.0000,41.0000,-3.7500,2,0.0000,51.2500,26,3.0000,0.0000,,,41.0000,,41.0000,,41.0000,,41.0000,,41.0000
2019-03-22,2019,1,7501.7500,3.0000,-42.0000,-42.0000,-3.0000,-60.7500,23,-59.5000,11.5000,9,1.0000,0.7500,12.0000,13.0000,-8.7500,14.0000,-18.5000,14.0000,-18.5000,16.0000,-32.0000,21.0000,-45.2500
2019-03-25,2019,-1,7328.5000,3.1250,20.5000,20.2500,20.5000,-43.0000,6,-40.0000,26.0000,23,11.0000,26.5000,,3.0000,-17.2500,3.0000,-17.2500,4.0000,-26.0000,4.0000,-26.0000,7.0000,-39.7500
2019-03-26,2019,1,7414.7500,2.5000,28.2500,28.7500,-7.7500,-8.2500,2,-7.7500,31.0000,29,1.0000,6.2500,2.0000,2.0000,-7.7500,,28.2500,,28.2500,,28.2500,,28.2500
2019-03-27,2019,1,7402.0000,1.8750,-30.2500,-30.5000,-32.7500,-39.5000,28,-39.2500,2.7500,1,19.0000,25.7500,24.0000,2.0000,-9.0000,2.0000,-9.0000,5.0000,-17.0000,5.0000,-17.0000,8.0000,-24.5000
2019-03-28,2019,1,7345.7500,2.8750,13.7500,13.7500,13.7500,-23.2500,10,-16.7500,14.7500,30,12.0000,11.0000,,2.0000,-15.0000,2.0000,-15.0000,,13.7500,,13.7500,,13.7500
2019-03-29,2019,-1,7396.2500,1.8750,7.5000,7.2500,7.5000,-3.2500,1,-1.0000,25.7500,18,15.0000,-9.5000,30.0000,,7.5000,,7.5000,,7.5000,,7.5000,,7.5000
2019-04-01,2019,1,7480.7500,1.5000,-8.7500,-9.0000,-8.7500,-25.2500,23,-24.7500,2.2500,1,29.0000,16.0000,,1.0000,-4.2500,4.0000,-7.0000,6.0000,-13.0000,6.0000,-13.0000,11.0000,-19.0000
2019-04-02,2019,-1,7498.0000,1.2500,8.7500,8.7500,8.7500,-10.5000,7,-9.0000,10.2500,29,22.0000,4.5000,,5.0000,-9.0000,5.0000,-9.0000,5.0000,-9.0000,,8.7500,,8.7500
2019-04-03,2019,-1,7556.5000,1.6250,-4.0000,-3.7500,-14.2500,-16.0000,16,-14.2500,2.2500,2,20.0000,12.0000,22.0000,4.0000,-3.5000,8.0000,-10.7500,8.0000,-10.7500,15.0000,-13.5000,,-4.0000
2019-04-04,2019,1,7576.0000,2.0000,15.5000,15.7500,15.5000,-2.7500,3,0.5000,22.0000,14,8.0000,-7.7500,,,15.5000,,15.5000,,15.5000,,15.5000,,15.5000
2019-04-05,2019,1,7591.0000,1.5000,6.0000,5.5000,-3.2500,-13.7500,20,-7.7500,8.2500,4,4.0000,0.2500,5.0000,1.0000,-6.0000,1.0000,-6.0000,,6.0000,,6.0000,,6.0000
2019-04-08,2019,-1,7587.2500,1.6250,14.5000,14.5000,14.5000,-2.7500,1,-2.2500,26.0000,12,3.0000,-1.5000,,,14.5000,,14.5000,,14.5000,,14.5000,,14.5000
2019-04-09,2019,-1,7593.2500,1.7500,-6.0000,-6.0000,-6.0000,-16.5000,13,-16.0000,8.7500,3,,,,6.0000,-8.2500,6.0000,-8.2500,9.0000,-13.0000,12.0000,-15.7500,,-6.0000
2019-04-10,2019,-1,7597.5000,1.5000,-12.7500,-12.7500,-8.7500,-18.2500,14,-16.5000,1.5000,1,7.0000,7.2500,10.0000,1.0000,-5.0000,2.0000,-6.5000,11.0000,-14.2500,11.0000,-14.2500,,-12.7500
2019-04-11,2019,-1,7635.7500,1.6250,14.5000,14.2500,14.5000,-7.0000,2,-5.2500,21.2500,23,4.0000,0.7500,,2.0000,-5.5000,,14.5000,,14.5000,,14.5000,,14.5000
2019-04-12,2019,-1,7648.0000,1.7500,4.7500,4.7500,4.7500,-5.2500,9,-4.0000,12.0000,16,12.0000,2.2500,,9.0000,-4.0000,,4.7500,,4.7500,,4.7500,,4.7500
2019-04-15,2019,-1,7651.5000,1.2500,13.0000,13.0000,-4.0000,-7.5000,3,-5.2500,14.0000,28,5.0000,3.7500,7.0000,1.0000,-2.5000,3.0000,-5.2500,,13.0000,,13.0000,,13.0000
2019-04-16,2019,-1,7674.2500,1.2500,-10.0000,-10.0000,-2.7500,-10.2500,29,-10.0000,6.0000,2,15.0000,2.7500,22.0000,10.0000,-3.5000,28.0000,-7.2500,29.0000,-9.7500,,-10.0000,,-10.0000
2019-04-17,2019,1,7728.2500,1.5000,-45.0000,-45.2500,-14.7500,-48.5000,30,-45.2500,2.0000,1,13.0000,12.5000,16.0000,2.0000,-3.5000,5.0000,-6.5000,6.0000,-9.2500,8.0000,-12.7500,24.0000,-20.2500
2019-04-18,2019,-1,7699.7500,2.0000,20.0000,20.0000,-6.0000,-9.7500,3,-8.0000,20.2500,30,7.0000,3.2500,9.0000,1.0000,-4.2500,,20.0000,,20.0000,,20.0000,,20.0000
2019-04-22,2019,1,7679.2500,1.5000,23.5000,23.5000,23.5000,-6.7500,3,-3.7500,24.5000,30,5.0000,-0.2500,,3.0000,-3.7500,,23.5000,,23.5000,,23.5000,,23.5000
2019-04-23,2019,-1,7744.2500,1.7500,-41.2500,-41.5000,-29.5000,-41.5000,30,-41.5000,2.2500,1,15.0000,26.5000,19.0000,5.0000,-7.5000,5.0000,-7.5000,6.0000,-12.2500,8.0000,-20.2500,11.0000,-24.5000
2019-04-24,2019,-1,7835.7500,1.7500,14.5000,14.2500,-2.0000,-3.5000,6,-2.0000,23.5000,19,2.0000,-0.2500,6.0000,,14.5000,,14.5000,,14.5000,,14.5000,,14.5000
2019-04-25,2019,-1,7856.5000,1.6250,2.2500,2.2500,0.5000,-2.0000,1,-0.5000,25.7500,4,3.0000,-2.0000,18.0000,,2.2500,,2.2500,,2.2500,,2.2500,,2.2500
2019-04-26,2019,-1,7805.5000,2.6250,43.7500,44.0000,43.7500,-5.2500,4,-3.7500,50.0000,30,6.0000,-5.2500,,,43.7500,,43.7500,,43.7500,,43.7500,,43.7500
2019-04-29,2019,1,7846.5000,1.6250,-13.2500,-13.2500,-9.5000,-16.0000,19,-15.0000,5.2500,4,24.0000,8.5000,28.0000,10.0000,-3.7500,18.0000,-11.7500,18.0000,-11.7500,19.0000,-15.2500,,-13.2500
2019-04-30,2019,1,7792.0000,2.3750,-2.7500,-2.7500,-2.7500,-4.5000,8,-2.7500,14.7500,3,1.0000,2.7500,,,-2.7500,,-2.7500,,-2.7500,,-2.7500,,-2.7500
2019-05-01,2019,-1,7843.7500,1.7500,1.2500,1.5000,1.2500,-4.5000,8,-1.0000,19.0000,28,4.0000,-2.7500,7.0000,,1.2500,,1.2500,,1.2500,,1.2500,,1.2500
2019-05-02,2019,1,7769.0000,2.5000,14.5000,14.5000,14.5000,-15.2500,2,-10.5000,17.2500,24,4.0000,6.7500,,1.0000,-10.5000,1.0000,-10.5000,,14.5000,,14.5000,,14.5000
2019-05-03,2019,1,7796.5000,2.5000,19.2500,19.2500,-7.0000,-14.0000,13,-10.5000,24.0000,30,1.0000,4.2500,2.0000,2.0000,-7.0000,13.0000,-10.7500,,19.2500,,19.2500,,19.2500
2019-05-06,2019,1,7710.5000,3.5000,24.5000,24.5000,24.5000,-0.5000,1,11.2500,42.5000,27,1.0000,2.7500,,,24.5000,,24.5000,,24.5000,,24.5000,,24.5000
2019-05-07,2019,1,7733.2500,4.6250,-41.2500,-41.0000,2.0000,-46.2500,30,-41.0000,19.2500,7,3.0000,-2.2500,10.0000,16.0000,-28.5000,16.0000,-28.5000,16.0000,-28.5000,29.0000,-38.7500,,-41.2500
2019-05-08,2019,-1,7632.7500,6.0000,-14.7500,-14.7500,-1.2500,-28.2500,17,-21.5000,32.7500,8,2.0000,-1.5000,9.0000,14.0000,-17.0000,,-14.7500,,-14.7500,,-14.7500,,-14.7500
2019-05-09,2019,1,7558.5000,4.1250,-55.5000,-55.5000,-23.0000,-59.7500,29,-55.7500,3.5000,1,7.0000,17.0000,10.0000,3.0000,-12.7500,4.0000,-20.5000,12.0000,-28.5000,14.0000,-34.7500,21.0000,-53.5000
2019-05-10,2019,1,7565.7500,4.7500,-24.7500,-24.7500,3.7500,-29.7500,29,-28.0000,22.5000,16,14.0000,-11.5000,18.0000,1.0000,-9.5000,28.0000,-25.2500,,-24.7500,,-24.7500,,-24.7500
2019-05-13,2019,1,7417.7500,3.8750,-49.2500,-49.2500,1.0000,-56.7500,30,-49.2500,27.2500,9,7.0000,-6.7500,17.0000,18.0000,-17.5000,18.0000,-17.5000,20.0000,-29.5000,22.0000,-32.5000,30.0000,-49.2500
2019-05-14,2019,1,7379.7500,3.3750,2.7500,2.5000,-1.2500,-34.0000,18,-32.2500,15.2500,12,6.0000,0.2500,14.0000,3.0000,-11.2500,16.0000,-18.0000,17.0000,-26.2500,18.0000,-32.2500,,2.7500
2019-05-15,2019,1,7375.0000,3.7500,38.5000,38.7500,3.0000,-3.5000,1,1.5000,44.7500,28,3.0000,-6.2500,10.0000,,38.5000,,38.5000,,38.5000,,38.5000,,38.5000
2019-05-16,2019,1,7525.5000,3.2500,52.5000,52.2500,52.5000,-4.7500,1,2.7500,58.7500,27,5.0000,-6.5000,,,52.5000,,52.5000,,52.5000,,52.5000,,52.5000
2019-05-17,2019,1,7536.5000,5.0000,13.2500,13.2500,6.7500,-5.0000,4,-2.0000,32.2500,15,8.0000,-7.5000,19.0000,,13.2500,,13.2500,,13.2500,,13.2500,,13.2500
2019-05-20,2019,1,7405.0000,3.7500,-21.2500,-21.2500,-30.5000,-43.5000,6,-37.0000,6.2500,1,14.0000,27.7500,19.0000,3.0000,-15.2500,4.0000,-24.5000,4.0000,-24.5000,6.0000,-37.2500,,-21.2500
2019-05-21,2019,1,7459.2500,3.0000,-9.2500,-9.2500,-9.2500,-22.2500,23,-18.7500,5.5000,3,29.0000,12.0000,,5.0000,-10.7500,13.0000,-12.5000,23.0000,-18.7500,,-9.2500,,-9.2500
2019-05-22,2019,1,7438.5000,2.8750,8.2500,8.2500,-4.7500,-8.0000,15,-5.0000,14.5000,26,1.0000,4.2500,5.0000,,8.2500,,8.2500,,8.2500,,8.2500,,8.2500
2019-05-23,2019,1,7341.5000,3.7500,-10.7500,-10.7500,-24.5000,-33.5000,19,-32.7500,1.0000,1,16.0000,20.5000,18.0000,1.0000,-11.7500,9.0000,-17.0000,11.0000,-23.5000,19.0000,-33.0000,,-10.7500
2019-05-24,2019,1,7370.0000,2.2500,-2.2500,-2.0000,-2.2500,-16.2500,24,-11.0000,9.7500,11,26.0000,10.2500,,16.0000,-5.5000,17.0000,-9.2500,,-2.2500,,-2.2500,,-2.2500
2019-05-28,2019,1,7348.2500,2.5000,7.5000,7.7500,7.5000,-3.5000,1,1.0000,23.5000,10,1.0000,11.5000,,,7.5000,,7.5000,,7.5000,,7.5000,,7.5000
2019-05-29,2019,-1,7229.7500,3.0000,6.7500,6.5000,-4.0000,-13.0000,13,-10.2500,17.2500,8,4.0000,-0.5000,12.0000,13.0000,-10.2500,,6.7500,,6.7500,,6.7500,,6.7500
2019-05-30,2019,1,7254.5000,2.2500,9.0000,9.0000,-4.7500,-7.7500,10,-4.5000,14.7500,19,1.0000,2.5000,9.0000,,9.0000,,9.0000,,9.0000,,9.0000,,9.0000
2019-05-31,2019,-1,7162.0000,2.2500,7.7500,7.7500,3.0000,-3.0000,4,3.0000,28.5000,20,3.0000,-3.5000,4.0000,,7.7500,,7.7500,,7.7500,,7.7500,,7.7500
2019-06-03,2019,1,7121.2500,2.2500,-92.2500,-92.0000,-92.2500,-92.7500,30,-92.0000,11.2500,2,,,,8.0000,-7.7500,10.0000,-9.5000,12.0000,-17.0000,13.0000,-25.7500,15.0000,-48.2500
2019-06-04,2019,-1,7047.0000,3.1250,0.0000,0.2500,3.7500,-16.2500,3,-9.2500,19.7500,19,8.0000,-5.7500,10.0000,1.0000,-9.2500,,0.0000,,0.0000,,0.0000,,0.0000
2019-06-05,2019,-1,7224.2500,3.2500,25.2500,25.0000,25.2500,-11.7500,6,-10.0000,36.7500,22,9.0000,1.5000,,3.0000,-7.2500,,25.2500,,25.2500,,25.2500,,25.2500
2019-06-06,2019,-1,7223.5000,2.7500,5.0000,5.0000,5.0000,-24.0000,7,-21.0000,13.2500,27,11.0000,13.2500,,3.0000,-9.5000,5.0000,-18.2500,5.0000,-18.2500,,5.0000,,5.0000
2019-06-07,2019,1,7318.5000,3.6250,61.2500,61.5000,61.2500,-4.0000,2,-1.0000,64.2500,29,4.0000,-4.2500,,,61.2500,,61.2500,,61.2500,,61.2500,,61.2500
2019-06-10,2019,1,7489.7500,1.7500,20.2500,20.2500,20.2500,-0.7500,1,3.0000,31.0000,13,1.0000,7.0000,,,20.2500,,20.2500,,20.2500,,20.2500,,20.2500
2019-06-11,2019,1,7599.5000,1.7500,-25.0000,-25.2500,-31.0000,-45.5000,7,-42.7500,0.5000,1,11.0000,30.5000,12.0000,1.0000,-6.0000,2.0000,-8.5000,4.0000,-19.7500,4.0000,-19.7500,5.0000,-30.5000
2019-06-12,2019,-1,7487.2500,1.7500,-15.5000,-15.5000,-6.5000,-24.5000,10,-21.0000,7.5000,2,1.0000,2.7500,5.0000,5.0000,-6.5000,6.0000,-10.0000,8.0000,-16.5000,8.0000,-16.5000,,-15.5000
2019-06-14,2019,-1,7496.7500,2.2500,9.2500,8.7500,2.5000,-9.2500,18,-8.7500,14.7500,7,5.0000,-5.0000,9.0000,18.0000,-8.5000,,9.2500,,9.2500,,9.2500,,9.2500
2019-06-17,2019,-1,7522.2500,1.7500,-38.7500,-38.7500,-11.5000,-51.7500,23,-49.7500,3.5000,1,1.0000,5.0000,2.0000,2.0000,-11.5000,2.0000,-11.5000,2.0000,-11.5000,5.0000,-14.7500,8.0000,-22.7500
2019-06-18,2019,-1,7632.7500,2.7500,-76.7500,-76.7500,-76.7500,-79.2500,29,-76.7500,4.0000,5,,,,1.0000,-8.5000,7.0000,-27.0000,7.0000,-27.0000,7.0000,-27.0000,9.0000,-37.0000
2019-06-19,2019,-1,7675.7500,1.3750,18.5000,18.2500,18.5000,-4.0000,1,3.2500,36.2500,9,4.0000,-5.5000,,,18.5000,,18.5000,,18.5000,,18.5000,,18.5000
2019-06-20,2019,-1,7789.5000,2.1250,-3.7500,-3.7500,-4.7500,-6.5000,27,-5.2500,15.0000,4,1.0000,3.0000,22.0000,22.0000,-4.7500,,-3.7500,,-3.7500,,-3.7500,,-3.7500
2019-06-21,2019,-1,7743.7500,3.0000,-10.5000,-10.7500,-7.2500,-17.7500,25,-15.2500,6.7500,2,13.0000,5.7500,22.0000,3.0000,-6.0000,10.0000,-13.5000,,-10.5000,,-10.5000,,-10.5000
2019-06-24,2019,-1,7766.0000,1.6250,7.7500,7.7500,7.7500,-10.7500,8,-7.7500,16.5000,26,17.0000,-2.0000,,5.0000,-4.2500,8.0000,-7.5000,,7.7500,,7.7500,,7.7500
2019-06-25,2019,-1,7741.5000,1.8750,17.7500,17.7500,17.7500,-6.5000,2,-3.7500,28.0000,16,5.0000,1.2500,,,17.7500,,17.7500,,17.7500,,17.7500,,17.7500
2019-06-26,2019,1,7688.2500,2.1250,13.5000,13.5000,13.5000,-5.7500,1,-4.5000,30.7500,8,4.0000,0.0000,,1.0000,-4.5000,,13.5000,,13.5000,,13.5000,,13.5000
2019-06-27,2019,1,7687.2500,2.0000,1.0000,1.0000,0.5000,-12.5000,8,-12.0000,14.5000,24,2.0000,-2.0000,3.0000,6.0000,-5.2500,7.0000,-12.2500,,1.0000,,1.0000,,1.0000
2019-06-28,2019,1,7704.5000,1.2500,-36.0000,-35.7500,-36.5000,-40.5000,22,-37.0000,2.5000,1,24.0000,32.7500,26.0000,3.0000,-9.7500,3.0000,-9.7500,3.0000,-9.7500,4.0000,-11.0000,7.0000,-16.0000
2019-07-01,2019,-1,7836.0000,1.7500,-0.5000,-0.7500,-0.5000,-13.7500,9,-8.2500,18.5000,18,11.0000,6.2500,,6.0000,-5.0000,8.0000,-8.0000,,-0.5000,,-0.5000,,-0.5000
2019-07-02,2019,-1,7782.5000,1.7500,-9.2500,-9.0000,-9.2500,-14.7500,8,-13.5000,5.5000,3,,,,6.0000,-6.0000,7.0000,-13.7500,7.0000,-13.7500,,-9.2500,,-9.2500
2019-07-03,2019,-1,7843.5000,1.6250,-1.5000,-1.2500,-1.5000,-7.7500,16,-6.5000,8.5000,3,18.0000,3.7500,,12.0000,-4.0000,,-1.5000,,-1.5000,,-1.5000,,-1.5000
2019-07-05,2019,1,7833.7500,3.5000,-26.2500,-26.0000,-4.0000,-27.2500,29,-26.5000,7.2500,1,14.0000,3.0000,19.0000,22.0000,-7.2500,24.0000,-16.5000,27.0000,-25.0000,,-26.2500,,-26.2500
2019-07-08,2019,-1,7800.7500,2.0000,16.5000,16.2500,16.5000,-5.7500,2,-3.0000,23.2500,24,6.0000,-4.2500,,,16.5000,,16.5000,,16.5000,,16.5000,,16.5000
2019-07-09,2019,1,7782.7500,1.7500,22.0000,22.0000,22.0000,-0.2500,1,2.5000,25.2500,30,1.0000,4.0000,,,22.0000,,22.0000,,22.0000,,22.0000,,22.0000
2019-07-10,2019,1,7912.0000,2.8750,30.7500,30.5000,30.7500,-5.5000,2,-1.5000,37.5000,22,4.0000,-5.7500,,,30.7500,,30.7500,,30.7500,,30.7500,,30.7500
2019-07-11,2019,-1,7936.2500,2.2500,-13.5000,-13.5000,-10.7500,-17.7500,29,-15.2500,4.7500,1,8.0000,7.7500,25.0000,2.0000,-7.2500,6.0000,-9.5000,28.0000,-14.0000,,-13.5000,,-13.5000
2019-07-12,2019,1,7934.2500,1.5000,8.2500,8.5000,8.2500,-7.2500,3,-2.5000,13.2500,14,8.0000,-1.2500,,,8.2500,,8.2500,,8.2500,,8.2500,,8.2500
2019-07-15,2019,-1,7976.0000,1.5000,2.7500,2.7500,2.7500,-4.0000,1,0.0000,13.7500,18,6.0000,-2.0000,,,2.7500,,2.7500,,2.7500,,2.7500,,2.7500
2019-07-16,2019,-1,7975.7500,1.6250,-6.7500,-6.7500,-6.7500,-11.5000,17,-10.7500,0.5000,1,,,,2.0000,-4.2500,9.0000,-7.0000,17.0000,-10.0000,,-6.7500,,-6.7500
2019-07-17,2019,1,7948.2500,2.0000,10.0000,9.7500,1.7500,-2.0000,1,-0.5000,14.2500,8,3.0000,-3.5000,4.0000,,10.0000,,10.0000,,10.0000,,10.0000,,10.0000
2019-07-18,2019,1,7874.5000,2.0000,8.7500,8.7500,8.7500,-0.2500,1,5.5000,27.2500,7,2.0000,-3.0000,,,8.7500,,8.7500,,8.7500,,8.7500,,8.7500
2019-07-19,2019,-1,7959.2500,2.0000,9.2500,9.5000,0.7500,-3.0000,3,-0.2500,17.7500,23,6.0000,-1.5000,10.0000,,9.2500,,9.2500,,9.2500,,9.2500,,9.2500
2019-07-22,2019,1,7882.5000,1.5000,33.7500,33.7500,33.7500,-4.5000,4,0.7500,37.2500,28,9.0000,-8.5000,,,33.7500,,33.7500,,33.7500,,33.7500,,33.7500
2019-07-23,2019,-1,7955.2500,1.5000,22.2500,22.2500,22.2500,-3.5000,1,-2.2500,27.0000,29,6.0000,-4.2500,,,22.2500,,22.2500,,22.2500,,22.2500,,22.2500
2019-07-24,2019,1,7948.0000,2.0000,17.5000,17.5000,17.5000,-1.5000,1,4.7500,32.7500,21,2.0000,-2.0000,,,17.5000,,17.5000,,17.5000,,17.5000,,17.5000
2019-07-25,2019,-1,7985.7500,4.2500,22.0000,21.7500,22.0000,-9.0000,2,-5.5000,40.5000,22,4.0000,2.2500,,,22.0000,,22.0000,,22.0000,,22.0000,,22.0000
2019-07-26,2019,1,8011.0000,2.0000,11.2500,11.0000,11.2500,-0.5000,1,5.2500,22.7500,4,1.0000,5.5000,,,11.2500,,11.2500,,11.2500,,11.2500,,11.2500
2019-07-29,2019,-1,8010.5000,1.5000,38.2500,38.2500,38.2500,-2.7500,2,3.0000,44.5000,27,1.0000,8.0000,,,38.2500,,38.2500,,38.2500,,38.2500,,38.2500
2019-07-30,2019,-1,7937.7500,2.8750,-33.2500,-33.2500,-26.7500,-39.2500,30,-38.0000,4.2500,1,15.0000,25.0000,25.0000,2.0000,-10.0000,3.0000,-15.2500,4.0000,-25.5000,4.0000,-25.5000,29.0000,-38.0000
2019-07-31,2019,-1,7974.7500,1.5000,-4.0000,-4.0000,-5.0000,-9.7500,11,-7.5000,6.7500,4,14.0000,4.7500,27.0000,9.0000,-4.0000,10.0000,-7.0000,,-4.0000,,-4.0000,,-4.0000
2019-08-01,2019,1,7894.7500,2.7500,36.7500,37.0000,36.7500,-2.2500,1,12.2500,44.7500,29,2.0000,-5.7500,,,36.7500,,36.7500,,36.7500,,36.7500,,36.7500
2019-08-02,2019,-1,7754.0000,9.2500,31.7500,31.7500,17.2500,-11.7500,7,-7.0000,35.0000,17,16.0000,-18.0000,20.0000,,31.7500,,31.7500,,31.7500,,31.7500,,31.7500
2019-08-05,2019,-1,7526.5000,4.0000,33.7500,33.7500,-2.5000,-11.7500,2,-6.0000,45.0000,18,4.0000,-1.5000,7.0000,,33.7500,,33.7500,,33.7500,,33.7500,,33.7500
2019-08-06,2019,1,7526.5000,4.7500,0.7500,0.7500,0.7500,-41.0000,15,-36.0000,1.2500,1,29.0000,10.0000,,4.0000,-13.0000,5.0000,-20.7500,14.0000,-33.2500,,0.7500,,0.7500
2019-08-07,2019,-1,7435.5000,8.1250,11.0000,10.7500,-1.2500,-28.0000,7,-21.7500,48.0000,14,13.0000,-1.5000,26.0000,6.0000,-21.7500,,11.0000,,11.0000,,11.0000,,11.0000
2019-08-08,2019,-1,7607.7500,4.3750,-15.5000,-15.2500,2.0000,-20.2500,29,-18.5000,29.7500,19,3.0000,-2.0000,7.0000,24.0000,-12.7500,29.0000,-18.7500,,-15.5000,,-15.5000,,-15.5000
2019-08-09,2019,1,7701.0000,2.2500,-27.2500,-27.5000,-3.2500,-38.0000,25,-35.2500,19.0000,5,3.0000,-0.5000,10.0000,12.0000,-6.2500,15.0000,-13.2500,16.0000,-14.2500,17.0000,-22.5000,18.0000,-35.2500
2019-08-12,2019,-1,7600.5000,4.2500,-4.7500,-4.7500,1.5000,-15.7500,29,-11.5000,20.0000,4,3.0000,-1.0000,13.0000,29.0000,-11.5000,,-4.7500,,-4.7500,,-4.7500,,-4.7500
2019-08-13,2019,1,7557.0000,3.3750,182.5000,182.5000,182.5000,-0.5000,1,5.7500,217.2500,23,3.0000,-6.7500,,,182.5000,,182.5000,,182.5000,,182.5000,,182.5000
2019-08-14,2019,1,7621.7500,5.6250,-25.0000,-25.2500,-20.5000,-35.7500,13,-30.0000,12.7500,7,23.0000,14.2500,29.0000,13.0000,-29.5000,13.0000,-29.5000,,-25.0000,,-25.0000,,-25.0000
2019-08-15,2019,-1,7514.2500,7.3750,5.7500,6.0000,-0.7500,-17.5000,2,-10.2500,53.2500,9,5.0000,-4.0000,16.0000,,5.7500,,5.7500,,5.7500,,5.7500,,5.7500
2019-08-16,2019,1,7573.7500,4.6250,-1.0000,-1.2500,-3.7500,-12.0000,25,-8.7500,8.7500,3,3.0000,-1.5000,7.0000,,-1.0000,,-1.0000,,-1.0000,,-1.0000,,-1.0000
2019-08-19,2019,1,7727.2500,2.2500,-13.0000,-13.2500,-0.7500,-15.7500,30,-13.2500,17.5000,6,4.0000,-3.7500,15.0000,18.0000,-7.2500,20.0000,-10.0000,,-13.0000,,-13.0000,,-13.0000
2019-08-20,2019,-1,7709.0000,4.3750,17.2500,17.0000,17.2500,-0.2500,1,5.5000,28.5000,20,1.0000,1.7500,,,17.2500,,17.2500,,17.2500,,17.2500,,17.2500
2019-08-21,2019,-1,7739.2500,2.5000,-19.2500,-19.0000,-23.5000,-26.5000,10,-24.0000,8.2500,2,17.0000,20.0000,19.0000,6.0000,-5.2500,8.0000,-17.7500,8.0000,-17.7500,10.0000,-24.0000,,-19.2500
2019-08-22,2019,-1,7755.5000,2.3750,-1.5000,-1.5000,-1.5000,-18.0000,12,-15.2500,4.5000,1,14.0000,13.5000,,3.0000,-5.5000,5.0000,-10.5000,10.0000,-15.5000,,-1.5000,,-1.5000
2019-08-23,2019,-1,7659.5000,4.8750,-24.7500,-25.0000,-24.7500,-38.0000,30,-25.0000,31.5000,18,14.0000,7.5000,30.0000,1.0000,-10.7500,30.0000,-24.7500,,-24.7500,,-24.7500,,-24.7500
2019-08-26,2019,-1,7555.2500,5.0000,0.0000,-0.2500,0.2500,-7.5000,4,-1.5000,30.0000,17,6.0000,-2.5000,29.0000,,0.0000,,0.0000,,0.0000,,0.0000,,0.0000
2019-08-27,2019,-1,7627.0000,2.7500,-8.2500,-8.0000,-8.2500,-21.5000,16,-20.0000,8.0000,19,19.0000,13.0000,,3.0000,-9.7500,6.0000,-12.0000,16.0000,-19.7500,,-8.2500,,-8.2500
2019-08-28,2019,-1,7522.2500,3.8750,-31.2500,-31.7500,-10.2500,-38.7500,30,-35.0000,18.0000,7,1.0000,9.2500,12.0000,12.0000,-10.2500,16.0000,-18.0000,22.0000,-25.2500,24.0000,-34.7500,,-31.2500
2019-08-29,2019,1,7708.2500,2.1250,3.0000,2.7500,3.0000,-8.0000,10,-3.7500,17.7500,22,1.0000,14.0000,,,3.0000,,3.0000,,3.0000,,3.0000,,3.0000
2019-08-30,2019,-1,7738.5000,1.7500,3.5000,3.5000,3.7500,-7.5000,8,-4.7500,17.7500,26,13.0000,-4.0000,18.0000,7.0000,-4.7500,,3.5000,,3.5000,,3.5000,,3.5000
2019-09-03,2019,-1,7630.5000,3.8750,-6.5000,-6.7500,-30.2500,-46.2500,23,-44.2500,1.7500,29,10.0000,27.0000,11.0000,2.0000,-16.7500,2.0000,-16.7500,3.0000,-26.2500,4.0000,-31.7500,,-6.5000
2019-09-04,2019,-1,7683.2500,2.0000,-4.7500,-4.5000,-8.0000,-22.2500,14,-16.2500,2.5000,28,20.0000,6.7500,29.0000,2.0000,-4.5000,3.0000,-9.5000,11.0000,-13.2500,13.0000,-16.7500,,-4.7500
2019-09-05,2019,1,7817.0000,2.7500,41.2500,41.0000,41.2500,-0.7500,2,1.0000,44.7500,30,1.0000,2.7500,,,41.2500,,41.2500,,41.2500,,41.2500,,41.2500
2019-09-06,2019,-1,7860.7500,3.0000,12.2500,12.2500,3.2500,-10.2500,17,-6.7500,20.2500,6,4.0000,-7.0000,15.0000,17.0000,-6.5000,,12.2500,,12.2500,,12.2500,,12.2500
2019-09-09,2019,-1,7875.7500,1.6250,22.0000,22.0000,7.0000,-0.2500,1,0.7500,26.2500,30,6.0000,-11.7500,8.0000,,22.0000,,22.0000,,22.0000,,22.0000,,22.0000
2019-09-10,2019,-1,7779.7500,3.0000,17.0000,16.7500,17.0000,-4.0000,1,-1.2500,35.5000,24,1.0000,9.7500,,,17.0000,,17.0000,,17.0000,,17.0000,,17.0000
2019-09-11,2019,1,7827.5000,2.2500,23.2500,22.7500,23.2500,-16.0000,2,-12.0000,29.2500,30,6.0000,3.5000,,1.0000,-12.0000,1.0000,-12.0000,,23.2500,,23.2500,,23.2500
2019-09-12,2019,1,7968.5000,2.1250,-15.7500,-14.2500,-2.2500,-38.0000,19,-34.0000,8.7500,3,1.0000,1.7500,4.0000,10.0000,-5.5000,11.0000,-16.0000,11.0000,-16.0000,11.0000,-16.0000,15.0000,-25.7500
2019-09-13,2019,-1,7917.0000,2.8750,-11.2500,-11.2500,-11.2500,-24.0000,22,-23.0000,9.2500,7,25.0000,18.7500,,11.0000,-10.0000,18.0000,-19.2500,18.0000,-19.2500,,-11.2500,,-11.2500
2019-09-16,2019,1,7863.0000,2.1250,22.0000,22.5000,22.0000,-3.0000,1,5.0000,30.7500,27,2.0000,-1.2500,,,22.0000,,22.0000,,22.0000,,22.0000,,22.0000
2019-09-17,2019,1,7877.5000,2.5000,-3.2500,-2.7500,-3.2500,-15.0000,5,-11.7500,15.5000,9,7.0000,7.7500,,3.0000,-5.7500,4.0000,-11.7500,,-3.2500,,-3.2500,,-3.2500
2019-09-18,2019,-1,7892.0000,1.7500,-1.0000,-1.2500,0.7500,-9.0000,7,-5.2500,9.5000,14,13.0000,-1.2500,23.0000,7.0000,-5.2500,,-1.0000,,-1.0000,,-1.0000,,-1.0000
2019-09-19,2019,1,7944.0000,2.2500,21.2500,21.2500,21.2500,-3.7500,2,1.0000,22.2500,30,1.0000,11.5000,,,21.2500,,21.2500,,21.2500,,21.2500,,21.2500
2019-09-20,2019,-1,7934.2500,2.6250,3.2500,3.5000,3.2500,-8.0000,12,-6.0000,9.5000,28,15.0000,5.0000,,7.0000,-5.7500,,3.2500,,3.2500,,3.2500,,3.2500
2019-09-23,2019,-1,7826.5000,2.6250,-6.7500,-6.7500,-4.7500,-21.5000,18,-19.2500,7.7500,4,8.0000,4.2500,9.0000,5.0000,-5.5000,12.0000,-11.2500,18.0000,-19.5000,,-6.7500,,-6.7500
2019-09-24,2019,-1,7871.2500,1.3750,-11.5000,-11.7500,-11.5000,-22.7500,24,-21.7500,2.5000,1,26.0000,18.5000,,5.0000,-6.2500,5.0000,-6.2500,6.0000,-9.2500,8.0000,-14.0000,18.0000,-17.5000
2019-09-25,2019,1,7732.7500,2.2500,-56.2500,-56.0000,-56.2500,-69.7500,29,-59.0000,6.7500,1,,,,10.0000,-5.7500,11.0000,-14.2500,11.0000,-14.2500,13.0000,-21.0000,18.0000,-36.7500
2019-09-26,2019,-1,7806.5000,3.0000,28.5000,28.5000,28.5000,0.0000,1,9.5000,40.0000,24,2.0000,-6.5000,,,28.5000,,28.5000,,28.5000,,28.5000,,28.5000
2019-09-27,2019,-1,7791.5000,1.7500,34.0000,34.0000,34.0000,-6.2500,4,-4.0000,39.2500,30,1.0000,5.2500,,4.0000,-3.7500,,34.0000,,34.0000,,34.0000,,34.0000
2019-09-30,2019,1,7722.5000,2.7500,16.0000,16.5000,16.0000,-12.0000,8,-7.7500,22.5000,20,9.0000,6.5000,,3.0000,-5.5000,,16.0000,,16.0000,,16.0000,,16.0000
2019-10-01,2019,1,7813.2500,1.6250,0.2500,0.2500,0.2500,-6.2500,28,0.2500,28.2500,16,1.0000,2.5000,,,0.2500,,0.2500,,0.2500,,0.2500,,0.2500
2019-10-02,2019,-1,7633.7500,2.8750,44.0000,44.0000,44.0000,-3.2500,1,3.0000,52.2500,29,3.0000,-3.0000,,,44.0000,,44.0000,,44.0000,,44.0000,,44.0000
2019-10-03,2019,1,7579.7500,2.8750,-78.7500,-78.7500,-16.0000,-87.7500,29,-86.5000,5.2500,4,1.0000,15.0000,6.0000,5.0000,-6.7500,6.0000,-16.0000,8.0000,-18.0000,28.0000,-68.7500,28.0000,-68.7500
2019-10-04,2019,-1,7695.0000,4.0000,-29.0000,-28.7500,-29.0000,-30.0000,30,-28.7500,13.0000,1,,,,4.0000,-12.2500,25.0000,-16.2500,28.0000,-28.0000,,-29.0000,,-29.0000
2019-10-07,2019,1,7756.0000,2.0000,-24.0000,-24.0000,-11.2500,-31.7500,16,-30.2500,0.7500,1,1.0000,6.2500,3.0000,2.0000,-4.7500,3.0000,-11.2500,4.0000,-20.5000,4.0000,-20.5000,10.0000,-24.5000
2019-10-08,2019,-1,7681.5000,3.3750,44.5000,44.2500,44.5000,-12.2500,1,-9.5000,46.7500,30,6.0000,-2.7500,,1.0000,-9.7500,,44.5000,,44.5000,,44.5000,,44.5000
2019-10-09,2019,1,7684.2500,2.2500,-7.7500,-7.5000,-10.7500,-22.5000,21,-16.2500,13.2500,10,7.0000,6.2500,20.0000,2.0000,-11.2500,2.0000,-11.2500,21.0000,-14.2500,,-7.7500,,-7.7500
2019-10-10,2019,1,7702.0000,3.3750,54.5000,54.7500,54.5000,-4.7500,6,0.0000,60.0000,26,1.0000,2.0000,,,54.5000,,54.5000,,54.5000,,54.5000,,54.5000
2019-10-11,2019,1,7851.5000,1.7500,28.5000,28.5000,28.5000,-2.2500,1,-1.5000,37.5000,17,5.0000,-2.5000,,,28.5000,,28.5000,,28.5000,,28.5000,,28.5000
2019-10-14,2019,1,7854.2500,2.0000,4.0000,4.0000,-4.7500,-18.2500,8,-17.7500,6.7500,25,17.0000,2.5000,20.0000,2.0000,-5.2500,5.0000,-14.7500,5.0000,-14.7500,8.0000,-17.5000,,4.0000
2019-10-15,2019,1,7887.5000,1.7500,14.2500,14.2500,-1.2500,-2.0000,5,-1.0000,16.0000,30,3.0000,-2.2500,4.0000,,14.2500,,14.2500,,14.2500,,14.2500,,14.2500
2019-10-16,2019,-1,7920.0000,1.6250,3.0000,3.0000,-7.0000,-15.2500,9,-11.7500,6.2500,30,4.0000,6.2500,5.0000,1.0000,-9.0000,1.0000,-9.0000,8.0000,-10.7500,,3.0000,,3.0000
2019-10-17,2019,1,7989.2500,1.6250,-13.5000,-13.2500,-13.5000,-22.2500,7,-19.5000,3.0000,19,10.0000,15.7500,,1.0000,-5.2500,2.0000,-7.7500,3.0000,-15.5000,3.0000,-15.5000,,-13.5000
2019-10-18,2019,1,7946.2500,2.1250,0.5000,0.5000,-1.2500,-3.7500,12,-1.7500,12.2500,16,2.0000,0.2500,14.0000,,0.5000,,0.5000,,0.5000,,0.5000,,0.5000
2019-10-21,2019,-1,7919.2500,1.6250,9.2500,8.7500,9.2500,-17.0000,5,-15.0000,16.0000,26,11.0000,7.0000,,4.0000,-14.2500,4.0000,-14.2500,4.0000,-14.2500,4.0000,-14.2500,,9.2500
2019-10-22,2019,1,7981.2500,1.5000,-8.5000,-9.0000,-7.2500,-21.0000,18,-18.7500,7.5000,13,10.0000,5.2500,15.0000,3.0000,-7.5000,3.0000,-7.5000,16.0000,-15.0000,16.0000,-15.0000,20.0000,-18.5000
2019-10-23,2019,-1,7858.2500,1.7500,-20.7500,-20.5000,-14.7500,-29.2500,14,-28.7500,5.2500,4,1.0000,6.2500,6.0000,5.0000,-4.7500,6.0000,-14.7500,6.0000,-14.7500,6.0000,-14.7500,11.0000,-23.0000
2019-10-24,2019,1,7952.5000,1.3750,-29.5000,-29.5000,-12.7500,-32.0000,30,-29.5000,5.0000,5,13.0000,5.0000,21.0000,9.0000,-4.7500,21.0000,-12.7500,21.0000,-12.7500,21.0000,-12.7500,23.0000,-19.7500
2019-10-25,2019,1,7947.7500,2.0000,21.7500,21.7500,21.7500,-2.2500,9,-1.2500,24.7500,30,18.0000,-8.0000,,,21.7500,,21.7500,,21.7500,,21.7500,,21.7500
2019-10-28,2019,1,8088.0000,1.5000,6.0000,6.2500,6.0000,-6.7500,19,-6.0000,10.5000,4,22.0000,2.5000,,19.0000,-6.0000,,6.0000,,6.0000,,6.0000,,6.0000
2019-10-29,2019,1,8104.7500,1.3750,-20.5000,-20.2500,-17.5000,-23.0000,29,-20.5000,4.0000,1,12.0000,13.2500,16.0000,3.0000,-4.5000,4.0000,-9.7500,4.0000,-9.7500,8.0000,-13.2500,16.0000,-17.5000
2019-10-30,2019,-1,8058.7500,1.2500,12.2500,12.2500,12.2500,-3.7500,1,-1.0000,19.2500,10,3.0000,-1.2500,,,12.2500,,12.2500,,12.2500,,12.2500,,12.2500
2019-10-31,2019,-1,8097.2500,1.8750,15.7500,15.7500,15.7500,-20.2500,9,-17.5000,20.0000,30,11.0000,14.7500,,1.0000,-11.2500,1.0000,-11.2500,1.0000,-11.2500,5.0000,-15.5000,,15.7500
2019-11-01,2019,-1,8121.0000,2.3750,-32.2500,-32.2500,-32.2500,-33.0000,30,-32.2500,3.5000,1,,,,3.0000,-5.2500,18.0000,-12.0000,21.0000,-16.7500,22.0000,-23.7500,30.0000,-32.2500
2019-11-04,2019,-1,8217.0000,1.3750,6.7500,7.0000,-9.5000,-16.7500,10,-13.5000,7.5000,30,13.0000,8.0000,16.0000,1.0000,-6.5000,1.0000,-6.5000,7.0000,-9.0000,8.0000,-12.2500,,6.7500
2019-11-05,2019,-1,8219.2500,1.7500,-9.5000,-9.7500,-0.5000,-15.5000,29,-13.7500,11.0000,5,5.0000,-0.5000,18.0000,28.0000,-6.5000,29.0000,-13.7500,29.0000,-13.7500,,-9.5000,,-9.5000
2019-11-06,2019,-1,8197.2500,1.5000,-3.0000,-3.0000,-3.0000,-5.5000,26,-4.0000,8.2500,4,1.0000,4.7500,,25.0000,-4.2500,,-3.0000,,-3.0000,,-3.0000,,-3.0000
2019-11-07,2019,1,8242.0000,1.2500,10.7500,10.7500,10.7500,-8.0000,1,-6.0000,19.0000,10,5.0000,-0.7500,,1.0000,-5.7500,1.0000,-5.7500,,10.7500,,10.7500,,10.7500
2019-11-08,2019,-1,8208.7500,1.6250,1.5000,1.2500,1.5000,-25.0000,18,-22.7500,18.7500,29,27.0000,19.0000,,2.0000,-5.2500,4.0000,-12.7500,4.0000,-12.7500,5.0000,-14.7500,8.0000,-20.2500
2019-11-11,2019,-1,8213.2500,1.2500,-14.0000,-14.0000,-4.2500,-18.5000,28,-15.2500,6.7500,11,8.0000,2.2500,14.0000,1.0000,-3.0000,2.0000,-6.0000,15.0000,-10.5000,15.0000,-10.5000,27.0000,-15.2500
2019-11-12,2019,1,8260.2500,1.2500,13.0000,13.2500,13.0000,-0.5000,1,1.2500,16.2500,28,5.0000,-4.5000,,,13.0000,,13.0000,,13.0000,,13.0000,,13.0000
2019-11-13,2019,1,8248.2500,1.5000,10.7500,10.7500,0.7500,-10.5000,18,-7.2500,15.7500,4,3.0000,-3.0000,16.0000,17.0000,-3.7500,18.0000,-6.2500,,10.7500,,10.7500,,10.7500
2019-11-14,2019,1,8250.0000,1.2500,4.2500,4.0000,-2.2500,-8.5000,13,-6.7500,8.0000,5,4.0000,0.0000,11.0000,1.0000,-4.2500,12.0000,-6.7500,,4.2500,,4.2500,,4.2500
2019-11-15,2019,-1,8310.5000,1.5000,15.5000,15.5000,15.5000,-1.0000,1,4.0000,21.5000,27,2.0000,-1.7500,,,15.5000,,15.5000,,15.5000,,15.5000,,15.5000
2019-11-18,2019,-1,8304.7500,2.0000,6.0000,6.0000,6.0000,-2.0000,1,0.5000,25.5000,12,3.0000,-1.7500,,,6.0000,,6.0000,,6.0000,,6.0000,,6.0000
2019-11-19,2019,-1,8355.5000,1.2500,18.2500,18.5000,18.2500,-2.7500,4,-0.7500,18.5000,30,1.0000,1.2500,,,18.2500,,18.2500,,18.2500,,18.2500,,18.2500
2019-11-20,2019,1,8321.2500,1.7500,14.0000,14.0000,-1.7500,-3.7500,12,-1.7500,14.5000,30,2.0000,-1.2500,11.0000,,14.0000,,14.0000,,14.0000,,14.0000,,14.0000
2019-11-21,2019,-1,8276.2500,2.1250,5.5000,5.5000,2.0000,-4.5000,22,-3.0000,15.2500,13,3.0000,-5.0000,4.0000,,5.5000,,5.5000,,5.5000,,5.5000,,5.5000
2019-11-22,2019,-1,8281.2500,1.6250,-6.5000,-6.5000,-6.5000,-17.5000,5,-15.7500,3.7500,23,9.0000,11.5000,,1.0000,-3.7500,2.0000,-8.7500,3.0000,-11.2500,4.0000,-15.7500,,-6.5000
2019-11-25,2019,1,8333.0000,1.1250,17.0000,16.7500,17.0000,-0.2500,1,2.5000,20.2500,19,1.0000,3.7500,,,17.0000,,17.0000,,17.0000,,17.0000,,17.0000
2019-11-26,2019,-1,8372.7500,1.7500,-10.5000,-10.5000,-10.5000,-18.2500,29,-16.5000,4.0000,14,30.0000,13.7500,,2.0000,-6.2500,5.0000,-7.7500,20.0000,-11.5000,26.0000,-16.7500,,-10.5000
2019-11-27,2019,-1,8409.7500,1.2500,-4.7500,-5.0000,0.2500,-8.0000,22,-7.0000,7.2500,10,9.0000,-1.0000,11.0000,3.0000,-4.5000,18.0000,-5.7500,,-4.7500,,-4.7500,,-4.7500
2019-11-29,2019,-1,8426.2500,1.1250,-10.2500,-10.2500,-4.7500,-12.7500,27,-11.7500,4.7500,11,9.0000,3.0000,21.0000,6.0000,-3.7500,7.0000,-4.7500,26.0000,-9.5000,26.0000,-9.5000,,-10.2500
2019-12-02,2019,-1,8398.5000,1.7500,87.5000,87.5000,87.5000,-3.7500,2,0.2500,90.2500,30,4.0000,-3.2500,,,87.5000,,87.5000,,87.5000,,87.5000,,87.5000
2019-12-03,2019,-1,8197.5000,4.1250,-6.7500,-6.7500,-6.7500,-26.5000,4,-19.5000,29.2500,18,6.0000,15.5000,,1.0000,-10.7500,2.0000,-17.7500,,-6.7500,,-6.7500,,-6.7500
2019-12-04,2019,-1,8289.5000,2.1250,-22.0000,-22.2500,-19.2500,-28.5000,5,-26.7500,2.0000,1,9.0000,18.2500,16.0000,3.0000,-6.7500,4.0000,-21.7500,4.0000,-21.7500,4.0000,-21.7500,23.0000,-26.5000
2019-12-05,2019,-1,8309.7500,1.6250,6.7500,7.0000,6.7500,-11.5000,15,-10.0000,12.5000,28,17.0000,8.5000,,1.0000,-3.7500,4.0000,-9.5000,15.0000,-10.0000,,6.7500,,6.7500
2019-12-06,2019,-1,8368.7500,2.2500,-18.0000,-18.2500,-20.0000,-23.7500,15,-22.5000,0.0000,1,20.0000,18.2500,28.0000,1.0000,-8.2500,3.0000,-9.2500,10.0000,-15.5000,13.0000,-20.7500,,-18.0000
2019-12-09,2019,1,8397.0000,1.0000,27.2500,27.2500,27.2500,-2.7500,2,-1.7500,30.2500,13,4.0000,-1.2500,,,27.2500,,27.2500,,27.2500,,27.2500,,27.2500
2019-12-10,2019,-1,8357.2500,2.2500,-8.2500,-8.5000,0.0000,-11.5000,30,-9.7500,18.7500,6,7.0000,-0.7500,13.0000,1.0000,-4.7500,22.0000,-9.7500,,-8.2500,,-8.2500,,-8.2500
2019-12-11,2019,-1,8369.2500,1.5000,-26.2500,-26.2500,-26.2500,-26.7500,30,-26.2500,5.7500,8,,,,2.0000,-4.0000,12.0000,-6.2500,16.0000,-9.7500,18.0000,-12.7500,27.0000,-19.7500
2019-12-12,2019,-1,8414.2500,1.5000,-86.7500,-86.2500,-86.7500,-91.7500,29,-89.7500,8.5000,3,,,,3.0000,-16.7500,3.0000,-16.7500,3.0000,-16.7500,3.0000,-16.7500,4.0000,-30.0000
2019-12-13,2019,-1,8478.2500,8.1250,-60.0000,-59.2500,-9.2500,-64.0000,30,-59.2500,12.5000,2,2.0000,0.0000,3.0000,7.0000,-19.7500,29.0000,-38.0000,30.0000,-60.0000,,-60.0000,,-60.0000
2019-12-16,2019,1,8580.0000,1.2500,19.7500,19.7500,5.0000,-0.2500,1,3.5000,24.0000,16,6.0000,-5.5000,7.0000,,19.7500,,19.7500,,19.7500,,19.7500,,19.7500
2019-12-17,2019,-1,8609.7500,1.2500,7.5000,7.5000,-5.5000,-15.5000,4,-14.2500,13.5000,26,1.0000,4.0000,2.0000,2.0000,-5.5000,2.0000,-5.5000,3.0000,-13.7500,3.0000,-13.7500,,7.5000
2019-12-18,2019,1,8623.5000,1.0000,-10.5000,-10.7500,-2.2500,-15.0000,29,-13.0000,5.5000,12,12.0000,-1.0000,15.0000,15.0000,-2.2500,16.0000,-6.5000,16.0000,-6.5000,26.0000,-11.0000,28.0000,-13.0000
2019-12-19,2019,1,8633.5000,1.2500,-3.7500,-3.7500,-5.0000,-6.2500,4,-4.7500,2.7500,1,1.0000,2.2500,4.0000,4.0000,-5.0000,,-3.7500,,-3.7500,,-3.7500,,-3.7500
2019-12-20,2019,-1,8703.0000,1.6250,11.5000,11.5000,11.5000,-9.7500,3,-7.2500,16.7500,27,5.0000,3.7500,,2.0000,-4.7500,3.0000,-7.2500,,11.5000,,11.5000,,11.5000
2019-12-23,2019,-1,8728.2500,1.5000,-0.5000,-0.5000,-2.0000,-7.0000,4,-4.7500,3.7500,1,10.0000,1.2500,15.0000,2.0000,-3.7500,,-0.5000,,-0.5000,,-0.5000,,-0.5000
2019-12-24,2019,1,8731.7500,0.7500,-12.0000,-12.2500,-12.0000,-24.7500,18,-23.2500,0.2500,1,24.0000,20.2500,,1.0000,-5.5000,1.0000,-5.5000,1.0000,-5.5000,2.0000,-8.7500,3.0000,-11.7500
2019-12-26,2019,1,8742.7500,1.2500,17.7500,17.7500,17.7500,-0.7500,1,2.0000,19.2500,29,7.0000,-3.5000,,,17.7500,,17.7500,,17.7500,,17.7500,,17.7500
2019-12-27,2019,-1,8827.0000,1.2500,37.2500,37.0000,37.2500,-5.5000,2,-3.7500,47.0000,28,5.0000,-1.7500,,1.0000,-3.7500,,37.2500,,37.2500,,37.2500,,37.2500
2019-12-30,2019,-1,8781.2500,1.1250,64.0000,63.7500,64.0000,-2.2500,1,6.5000,77.5000,18,2.0000,0.2500,,,64.0000,,64.0000,,64.0000,,64.0000,,64.0000
2019-12-31,2019,1,8723.7500,2.2500,3.0000,3.0000,3.0000,-9.5000,2,-5.5000,23.0000,17,1.0000,22.2500,,2.0000,-5.5000,,3.0000,,3.0000,,3.0000,,3.0000
2020-01-02,2020,-1,8821.5000,1.7500,-14.2500,-14.2500,-26.5000,-31.0000,8,-26.5000,0.2500,1,10.0000,25.5000,27.0000,1.0000,-10.0000,1.0000,-10.0000,2.0000,-13.0000,3.0000,-20.7500,4.0000,-24.5000
2020-01-03,2020,1,8811.2500,2.8750,0.0000,0.0000,0.0000,-4.7500,28,0.0000,29.5000,12,1.0000,1.5000,,,0.0000,,0.0000,,0.0000,,0.0000,,0.0000
2020-01-06,2020,1,8760.5000,2.5000,39.2500,39.2500,39.2500,-8.7500,6,-1.2500,40.5000,30,1.0000,7.0000,,,39.2500,,39.2500,,39.2500,,39.2500,,39.2500
2020-01-07,2020,-1,8859.2500,2.0000,-2.2500,-2.2500,-2.2500,-18.7500,3,-16.2500,24.7500,13,7.0000,9.2500,,2.0000,-7.7500,3.0000,-16.2500,3.0000,-16.2500,3.0000,-16.2500,,-2.2500
2020-01-08,2020,1,8873.7500,2.1250,17.5000,17.2500,2.2500,-6.2500,5,-4.7500,22.2500,23,13.0000,-7.2500,14.0000,4.0000,-5.0000,,17.5000,,17.5000,,17.5000,,17.5000
2020-01-09,2020,1,9013.5000,1.7500,-15.2500,-15.2500,-10.5000,-21.2500,30,-17.5000,8.7500,6,6.0000,6.2500,14.0000,3.0000,-6.2500,4.0000,-9.5000,15.0000,-14.7500,15.0000,-14.7500,,-15.2500
2020-01-10,2020,-1,9029.0000,3.1250,-3.7500,-3.7500,1.5000,-4.0000,30,-3.7500,24.5000,7,2.0000,-2.2500,21.0000,,-3.7500,,-3.7500,,-3.7500,,-3.7500,,-3.7500
2020-01-13,2020,1,9019.7500,1.7500,13.5000,13.2500,-0.7500,-16.0000,10,-8.5000,18.0000,27,5.0000,-0.2500,7.0000,9.0000,-8.5000,9.0000,-8.5000,,13.5000,,13.5000,,13.5000
2020-01-14,2020,-1,9071.2500,2.3750,17.7500,17.7500,17.7500,-8.0000,1,-6.7500,36.0000,28,4.0000,3.0000,,1.0000,-6.5000,,17.7500,,17.7500,,17.7500,,17.7500
2020-01-15,2020,1,9063.7500,2.0000,18.7500,19.0000,18.7500,-1.7500,13,-1.0000,23.0000,27,1.0000,3.0000,,,18.7500,,18.7500,,18.7500,,18.7500,,18.7500
2020-01-16,2020,1,9101.5000,1.7500,10.5000,10.2500,10.5000,-5.5000,4,-2.2500,16.5000,13,1.0000,5.7500,,,10.5000,,10.5000,,10.5000,,10.5000,,10.5000
2020-01-17,2020,-1,9160.2500,2.2500,1.5000,1.5000,1.5000,-3.2500,3,-2.0000,20.2500,8,1.0000,4.0000,,,1.5000,,1.5000,,1.5000,,1.5000,,1.5000
2020-01-21,2020,1,9167.7500,1.7500,11.7500,12.0000,-5.2500,-12.5000,11,-9.7500,12.2500,30,1.0000,5.0000,3.0000,2.0000,-4.7500,7.0000,-9.5000,,11.7500,,11.7500,,11.7500
2020-01-22,2020,-1,9220.0000,1.6250,-20.7500,-20.7500,-20.7500,-24.5000,27,-20.7500,3.7500,1,,,,3.0000,-8.0000,3.0000,-8.0000,6.0000,-10.7500,7.0000,-14.0000,10.0000,-20.0000
2020-01-23,2020,-1,9171.2500,2.6250,-14.2500,-14.2500,-15.0000,-18.5000,27,-18.5000,19.5000,3,1.0000,10.5000,26.0000,18.0000,-6.5000,26.0000,-15.0000,27.0000,-18.0000,,-14.2500,,-14.2500
2020-01-24,2020,-1,9272.5000,1.5000,9.2500,9.5000,9.2500,-3.2500,1,-0.7500,16.5000,22,14.0000,-1.7500,,,9.2500,,9.2500,,9.2500,,9.2500,,9.2500
2020-01-27,2020,1,8960.0000,5.5000,11.2500,11.0000,11.2500,-13.7500,3,-4.0000,30.5000,20,,,,,11.2500,,11.2500,,11.2500,,11.2500,,11.2500
2020-01-28,2020,1,9032.2500,2.8750,-9.0000,-9.2500,-9.0000,-31.2500,10,-28.0000,7.5000,1,17.0000,24.5000,,2.0000,-10.7500,3.0000,-17.2500,3.0000,-17.2500,6.0000,-25.2500,,-9.0000
2020-01-29,2020,-1,9143.2500,2.0000,55.2500,55.2500,55.2500,-15.5000,4,-11.2500,61.7500,30,6.0000,9.0000,,2.0000,-6.2500,3.0000,-9.7500,,55.2500,,55.2500,,55.2500
2020-01-30,2020,1,9070.2500,3.7500,17.0000,17.0000,17.0000,-4.5000,1,14.0000,44.5000,8,2.0000,0.2500,,,17.0000,,17.0000,,17.0000,,17.0000,,17.0000
2020-01-31,2020,-1,9147.7500,4.2500,35.7500,35.7500,35.7500,-6.2500,7,-2.7500,45.0000,20,1.0000,11.2500,,,35.7500,,35.7500,,35.7500,,35.7500,,35.7500
2020-02-03,2020,1,9060.5000,2.7500,78.5000,78.7500,78.5000,-2.5000,1,4.7500,88.2500,28,3.0000,-4.7500,,,78.5000,,78.5000,,78.5000,,78.5000,,78.5000
2020-02-04,2020,-1,9241.5000,3.7500,-22.2500,-22.2500,-0.5000,-34.5000,18,-30.2500,14.5000,7,7.0000,-6.2500,8.0000,10.0000,-12.2500,11.0000,-15.5000,16.0000,-23.2500,17.0000,-30.2500,,-22.2500
2020-02-05,2020,-1,9433.0000,3.1250,32.2500,32.2500,32.2500,-6.2500,1,-3.2500,60.5000,12,4.0000,-6.7500,,,32.2500,,32.2500,,32.2500,,32.2500,,32.2500
2020-02-06,2020,-1,9381.7500,3.8750,-23.7500,-23.7500,8.7500,-33.2500,28,-32.2500,19.2500,9,9.0000,-9.7500,10.0000,17.0000,-8.0000,22.0000,-16.0000,27.0000,-32.2500,27.0000,-32.2500,,-23.7500
2020-02-07,2020,1,9413.0000,3.7500,-14.7500,-15.0000,-14.0000,-28.0000,3,-22.7500,1.5000,21,17.0000,13.2500,27.0000,1.0000,-18.5000,1.0000,-18.5000,2.0000,-22.7500,,-14.7500,,-14.7500
2020-02-10,2020,1,9406.7500,3.8750,39.2500,39.7500,39.2500,-8.7500,1,1.0000,46.0000,28,3.0000,-1.0000,,,39.2500,,39.2500,,39.2500,,39.2500,,39.2500
2020-02-11,2020,-1,9568.2500,2.1250,-8.2500,-8.2500,2.0000,-11.2500,30,-8.2500,29.5000,8,3.0000,-2.5000,12.0000,29.0000,-6.5000,,-8.2500,,-8.2500,,-8.2500,,-8.2500
2020-02-12,2020,1,9596.0000,2.0000,-10.0000,-10.2500,-3.5000,-35.0000,24,-32.7500,8.0000,8,1.0000,2.0000,3.0000,11.0000,-6.2500,12.0000,-9.5000,16.0000,-13.2500,18.0000,-20.7500,19.0000,-27.0000
2020-02-13,2020,1,9572.0000,3.1250,-11.2500,-11.0000,-4.5000,-15.7500,30,-12.2500,20.7500,23,4.0000,2.0000,7.0000,29.0000,-12.5000,,-11.2500,,-11.2500,,-11.2500,,-11.2500
2020-02-14,2020,1,9632.5000,2.3750,-24.5000,-24.7500,-15.2500,-30.2500,24,-27.0000,7.5000,3,1.0000,8.2500,4.0000,4.0000,-15.2500,4.0000,-15.2500,4.0000,-15.2500,12.0000,-21.5000,,-24.5000
2020-02-18,2020,1,9598.7500,2.2500,20.5000,20.5000,-1.7500,-8.5000,5,-1.7500,27.5000,28,2.0000,-0.5000,5.0000,,20.5000,,20.5000,,20.5000,,20.5000,,20.5000
2020-02-19,2020,1,9702.0000,2.2500,7.5000,7.5000,-0.5000,-18.5000,1,-17.0000,15.2500,23,8.0000,-0.7500,12.0000,1.0000,-17.2500,1.0000,-17.2500,1.0000,-17.2500,,7.5000,,7.5000
2020-02-20,2020,1,9715.0000,2.2500,-4.7500,-5.0000,-4.7500,-29.0000,5,-21.5000,4.2500,1,19.0000,13.7500,,3.0000,-5.7500,4.0000,-21.7500,4.0000,-21.7500,4.0000,-21.7500,,-4.7500
2020-02-21,2020,1,9597.0000,3.3750,-88.2500,-88.7500,-86.5000,-115.2500,17,-113.7500,2.5000,1,25.0000,84.7500,29.0000,2.0000,-19.0000,2.0000,-19.0000,3.0000,-35.0000,3.0000,-35.0000,7.0000,-50.0000
2020-02-24,2020,1,9139.2500,7.7500,46.0000,45.7500,-1.2500,-14.7500,2,-4.7500,57.7500,29,5.0000,0.0000,10.0000,,46.0000,,46.0000,,46.0000,,46.0000,,46.0000
2020-02-25,2020,-1,9144.0000,5.1250,7.2500,7.7500,7.2500,-33.7500,7,-22.2500,50.2500,14,1.0000,23.7500,,6.0000,-22.2500,6.0000,-22.2500,,7.2500,,7.2500,,7.2500
2020-02-26,2020,1,8927.2500,8.7500,20.0000,19.2500,20.0000,-22.0000,2,-12.7500,88.2500,11,5.0000,-2.0000,,,20.0000,,20.0000,,20.0000,,20.0000,,20.0000
2020-02-27,2020,-1,8640.5000,11.6250,-7.5000,-7.2500,-7.5000,-82.0000,7,-73.0000,34.7500,16,11.0000,52.0000,,5.0000,-40.7500,6.0000,-69.5000,7.0000,-72.5000,,-7.5000,,-7.5000
2020-02-28,2020,1,8264.5000,22.1250,-114.5000,-113.5000,22.5000,-116.5000,30,-113.5000,57.5000,4,4.0000,-22.5000,5.0000,13.0000,-48.0000,23.0000,-89.2500,,-114.5000,,-114.5000,,-114.5000
2020-03-02,2020,1,8556.5000,13.7500,-55.5000,-56.0000,-25.7500,-71.5000,5,-63.0000,25.7500,1,14.0000,11.5000,19.0000,3.0000,-39.2500,5.0000,-60.7500,,-55.5000,,-55.5000,,-55.5000
2020-03-03,2020,-1,8860.0000,11.5000,-109.2500,-106.2500,-112.0000,-139.0000,29,-112.0000,115.2500,25,3.0000,-3.7500,28.0000,1.0000,-23.7500,28.0000,-112.0000,28.0000,-112.0000,28.0000,-112.0000,,-109.2500
2020-03-04,2020,1,8771.5000,8.7500,-55.0000,-54.7500,-55.0000,-106.2500,26,-101.5000,11.0000,1,28.0000,95.0000,,3.0000,-49.5000,3.0000,-49.5000,5.0000,-71.2500,5.0000,-71.2500,,-55.0000
2020-03-05,2020,1,8724.2500,7.7500,15.7500,16.0000,12.7500,-18.0000,26,-13.2500,57.5000,5,3.0000,-15.5000,18.0000,,15.7500,,15.7500,,15.7500,,15.7500,,15.7500
2020-03-06,2020,1,8447.2500,13.1250,-11.7500,-11.5000,-42.7500,-83.7500,21,-75.2500,13.7500,6,1.0000,30.5000,16.0000,9.0000,-26.5000,17.0000,-53.2500,,-11.7500,,-11.7500,,-11.7500
2020-03-10,2020,-1,8212.0000,11.0000,7.5000,7.2500,7.5000,-30.0000,1,-13.5000,77.0000,16,4.0000,7.2500,,,7.5000,,7.5000,,7.5000,,7.5000,,7.5000
2020-03-11,2020,1,8183.5000,10.2500,2.2500,2.2500,-23.0000,-55.2500,9,-45.2500,33.2500,2,1.0000,16.5000,7.0000,7.0000,-23.0000,18.0000,-46.7500,,2.2500,,2.2500,,2.2500
2020-03-17,2020,1,7222.0000,13.3750,-276.5000,-276.5000,-193.5000,-290.7500,28,-276.5000,0.0000,1,14.0000,187.7500,18.0000,1.0000,-70.7500,1.0000,-70.7500,3.0000,-79.5000,5.0000,-136.5000,8.0000,-163.7500
2020-03-19,2020,-1,7113.5000,14.0000,-111.5000,-111.2500,-20.0000,-127.2500,30,-112.0000,103.5000,9,1.0000,13.7500,22.0000,23.0000,-54.5000,23.0000,-54.5000,27.0000,-112.2500,,-111.5000,,-111.5000
2020-03-20,2020,1,7433.0000,16.6250,-36.7500,-37.7500,-28.0000,-144.7500,14,-131.7500,36.7500,4,4.0000,-1.2500,5.0000,7.0000,-63.2500,9.0000,-79.0000,12.0000,-110.0000,,-36.7500,,-36.7500
2020-03-23,2020,-1,6978.5000,21.6250,-8.2500,-6.5000,6.0000,-64.2500,28,-52.0000,144.0000,7,6.0000,-31.0000,19.0000,25.0000,-52.2500,,-8.2500,,-8.2500,,-8.2500,,-8.2500
2020-03-24,2020,1,7374.2500,4.1250,-26.7500,-26.7500,-22.7500,-60.5000,29,-45.7500,61.2500,4,1.0000,15.2500,9.0000,9.0000,-22.7500,9.0000,-22.7500,10.0000,-44.7500,10.0000,-44.7500,,-26.7500
2020-03-25,2020,1,7544.5000,14.0000,-104.7500,-104.2500,-10.2500,-117.5000,30,-104.2500,119.7500,7,2.0000,0.2500,20.0000,21.0000,-42.5000,26.0000,-56.7500,28.0000,-87.5000,,-104.7500,,-104.7500
2020-03-26,2020,1,7557.7500,19.1250,60.7500,60.5000,2.2500,-26.0000,1,-11.2500,88.2500,28,5.0000,-24.7500,14.0000,,60.7500,,60.7500,,60.7500,,60.7500,,60.7500
2020-03-27,2020,1,7656.0000,10.7500,-22.2500,-23.7500,-22.2500,-78.0000,16,-71.2500,36.5000,4,19.0000,54.0000,,8.0000,-32.0000,10.0000,-59.0000,15.0000,-70.7500,,-22.2500,,-22.2500
2020-03-30,2020,1,7698.7500,8.6250,-3.5000,-4.0000,-3.5000,-68.7500,11,-57.0000,13.5000,3,16.0000,41.2500,,5.0000,-34.5000,5.0000,-34.5000,10.0000,-56.2500,,-3.5000,,-3.5000
2020-03-31,2020,1,7834.7500,8.3750,11.7500,12.0000,-1.5000,-37.7500,21,-30.7500,40.0000,11,3.0000,-2.5000,6.0000,17.0000,-18.7500,,11.7500,,11.7500,,11.7500,,11.7500
2020-04-01,2020,1,7598.5000,7.6250,-23.2500,-23.0000,-8.0000,-32.5000,14,-30.0000,33.5000,5,5.0000,1.5000,13.0000,14.0000,-29.5000,,-23.2500,,-23.2500,,-23.2500,,-23.2500
2020-04-02,2020,1,7470.7500,14.5000,13.5000,13.5000,13.7500,-62.0000,14,-57.7500,50.0000,3,3.0000,-19.0000,9.0000,12.0000,-30.0000,,13.5000,,13.5000,,13.5000,,13.5000
2020-04-03,2020,1,7616.2500,9.8750,19.5000,20.0000,-7.0000,-22.0000,1,-15.7500,44.0000,9,8.0000,-2.0000,19.0000,,19.5000,,19.5000,,19.5000,,19.5000,,19.5000
2020-04-06,2020,-1,7779.2500,5.0000,-80.0000,-80.7500,-0.5000,-84.7500,30,-80.7500,29.2500,7,2.0000,-1.0000,10.0000,13.0000,-13.0000,15.0000,-20.0000,18.0000,-47.5000,18.0000,-47.5000,21.0000,-61.7500
2020-04-07,2020,-1,8261.0000,6.7500,23.5000,23.7500,19.2500,-17.2500,23,-8.7500,60.2500,8,7.0000,-27.0000,13.0000,,23.5000,,23.5000,,23.5000,,23.5000,,23.5000
2020-04-08,2020,-1,8129.0000,8.1250,40.0000,40.2500,-6.0000,-22.5000,8,-8.0000,64.7500,27,5.0000,1.0000,8.0000,,40.0000,,40.0000,,40.0000,,40.0000,,40.0000
2020-04-09,2020,-1,8251.7500,10.7500,-50.5000,-50.5000,-50.7500,-74.5000,12,-70.5000,14.2500,2,19.0000,47.7500,24.0000,7.0000,-31.7500,9.0000,-44.5000,11.0000,-65.5000,,-50.5000,,-50.5000
2020-04-13,2020,-1,8184.2500,6.3750,-12.2500,-12.5000,-12.2500,-59.2500,6,-53.7500,22.5000,27,10.0000,45.2500,,4.0000,-16.5000,5.0000,-39.5000,5.0000,-39.5000,6.0000,-53.5000,,-12.2500
2020-04-14,2020,1,8480.5000,6.0000,100.7500,100.5000,100.7500,-8.0000,1,5.2500,112.7500,27,3.0000,-5.2500,,,100.7500,,100.7500,,100.7500,,100.7500,,100.7500
2020-04-15,2020,1,8555.2500,8.3750,-43.2500,-43.2500,-43.2500,-68.7500,14,-62.7500,11.7500,5,26.0000,54.7500,,10.0000,-25.2500,11.0000,-44.7500,12.0000,-54.2500,,-43.2500,,-43.2500
2020-04-16,2020,1,8694.5000,6.3750,-71.5000,-71.7500,-33.7500,-72.5000,30,-71.7500,3.5000,2,9.0000,31.0000,16.0000,2.0000,-23.5000,3.0000,-34.5000,5.0000,-44.5000,27.0000,-51.5000,,-71.5000
2020-04-17,2020,-1,8822.2500,8.8750,-6.2500,-6.0000,-6.2500,-12.2500,29,-6.0000,58.2500,9,1.0000,17.5000,,,-6.2500,,-6.2500,,-6.2500,,-6.2500,,-6.2500
2020-04-20,2020,1,8762.2500,6.1250,-25.5000,-25.7500,-17.0000,-32.0000,27,-27.5000,22.5000,6,1.0000,15.5000,12.0000,12.0000,-17.0000,26.0000,-26.7500,,-25.5000,,-25.5000,,-25.5000
2020-04-21,2020,1,8638.0000,5.7500,-69.7500,-69.5000,-85.0000,-107.7500,13,-97.7500,0.0000,1,15.0000,82.0000,19.0000,1.0000,-13.5000,2.0000,-31.0000,3.0000,-46.5000,3.0000,-46.5000,5.0000,-69.0000
2020-04-22,2020,-1,8545.2500,5.2500,-20.0000,-21.2500,-26.7500,-52.7500,8,-47.5000,11.5000,16,15.0000,18.7500,26.0000,3.0000,-35.7500,3.0000,-35.7500,3.0000,-35.7500,8.0000,-47.7500,,-20.0000
2020-04-23,2020,1,8697.7500,3.8750,19.0000,19.0000,19.0000,-2.2500,1,13.2500,45.5000,5,1.0000,21.0000,,,19.0000,,19.0000,,19.0000,,19.0000,,19.0000
2020-04-24,2020,-1,8648.0000,4.8750,49.0000,49.0000,49.0000,-7.5000,1,1.0000,65.0000,27,3.0000,-1.0000,,,49.0000,,49.0000,,49.0000,,49.0000,,49.0000
2020-04-27,2020,-1,8853.0000,4.0000,-13.2500,-12.7500,6.0000,-16.0000,29,-13.2500,33.7500,9,3.0000,-6.7500,10.0000,26.0000,-11.7500,,-13.2500,,-13.2500,,-13.2500,,-13.2500
2020-04-28,2020,-1,8876.0000,4.2500,54.2500,54.0000,54.2500,-13.0000,3,-10.5000,66.5000,29,5.0000,2.5000,,2.0000,-10.7500,,54.2500,,54.2500,,54.2500,,54.2500
2020-04-29,2020,-1,8849.7500,6.3750,-25.5000,-25.7500,7.5000,-49.2500,25,-44.7500,33.7500,5,6.0000,-11.2500,8.0000,11.0000,-16.0000,15.0000,-26.7500,19.0000,-44.2500,,-25.5000,,-25.5000
2020-04-30,2020,-1,8983.2500,7.7500,-14.2500,-14.5000,-7.0000,-25.7500,25,-22.5000,45.5000,6,1.0000,2.5000,16.0000,21.0000,-18.2500,,-14.2500,,-14.2500,,-14.2500,,-14.2500
2020-05-01,2020,1,8823.5000,5.2500,33.2500,33.2500,-8.5000,-23.7500,11,-23.0000,43.5000,30,1.0000,4.7500,6.0000,7.0000,-12.5000,11.0000,-23.0000,,33.2500,,33.2500,,33.2500
2020-05-04,2020,-1,8660.2500,5.1250,-75.0000,-75.0000,-75.0000,-78.0000,30,-75.0000,9.7500,1,,,,2.0000,-20.2500,13.0000,-21.5000,18.0000,-32.2500,19.0000,-41.5000,29.0000,-65.5000
2020-05-05,2020,1,8934.0000,4.6250,31.7500,32.0000,31.7500,-10.0000,7,-9.5000,38.5000,29,1.0000,29.2500,,7.0000,-9.5000,,31.7500,,31.7500,,31.7500,,31.7500
2020-05-06,2020,1,9003.5000,4.6250,-14.5000,-14.5000,-9.5000,-34.5000,25,-28.5000,25.5000,9,1.0000,9.2500,22.0000,22.0000,-9.5000,24.0000,-23.7500,25.0000,-28.7500,,-14.5000,,-14.5000
2020-05-07,2020,1,9103.0000,4.2500,-25.5000,-25.0000,-23.5000,-45.0000,5,-42.0000,2.0000,1,1.0000,15.7500,3.0000,2.0000,-11.0000,3.0000,-23.5000,4.0000,-42.2500,4.0000,-42.2500,,-25.5000
2020-05-08,2020,-1,9140.2500,5.5000,-12.2500,-12.2500,10.0000,-17.7500,19,-16.5000,24.2500,4,4.0000,-14.2500,5.0000,16.0000,-13.0000,,-12.2500,,-12.2500,,-12.2500,,-12.2500
2020-05-11,2020,1,9167.2500,4.2500,57.7500,57.5000,57.7500,-2.7500,1,2.5000,60.2500,30,1.0000,9.7500,,,57.7500,,57.7500,,57.7500,,57.7500,,57.7500
2020-05-12,2020,1,9334.5000,3.8750,-72.5000,-72.5000,-52.7500,-97.7500,20,-93.5000,1.0000,1,10.0000,45.2500,14.0000,1.0000,-20.0000,1.0000,-20.0000,2.0000,-31.0000,3.0000,-40.7500,4.0000,-62.5000
2020-05-13,2020,1,9118.0000,7.8750,29.5000,29.5000,29.5000,-75.2500,5,-67.7500,31.5000,30,7.0000,48.7500,,1.0000,-21.2500,2.0000,-44.7500,3.0000,-52.5000,4.0000,-67.5000,,29.5000
2020-05-14,2020,1,8938.0000,7.0000,-66.2500,-65.7500,0.2500,-84.2500,22,-80.7500,37.7500,5,4.0000,-6.7500,7.0000,12.0000,-15.7500,16.0000,-34.5000,19.0000,-49.7500,20.0000,-57.7500,,-66.2500
2020-05-15,2020,1,8990.2500,7.3750,23.0000,23.0000,-22.5000,-46.7500,4,-38.0000,42.7500,28,1.0000,11.2500,2.0000,2.0000,-22.5000,3.0000,-31.2500,,23.0000,,23.0000,,23.0000
2020-05-18,2020,-1,9260.7500,5.2500,1.2500,1.2500,1.2500,-36.2500,15,-32.0000,24.2500,23,17.0000,24.5000,,4.0000,-19.5000,10.0000,-22.0000,14.0000,-32.2500,,1.2500,,1.2500
2020-05-19,2020,1,9343.5000,4.7500,38.0000,37.5000,-9.2500,-16.0000,2,-9.5000,41.2500,29,1.0000,7.5000,2.0000,,38.0000,,38.0000,,38.0000,,38.0000,,38.0000
2020-05-20,2020,1,9422.5000,3.1250,40.5000,40.2500,40.5000,-12.5000,1,-6.2500,49.2500,29,26.0000,-27.2500,,,40.5000,,40.5000,,40.5000,,40.5000,,40.5000
2020-05-21,2020,-1,9475.0000,3.5000,15.5000,15.2500,15.5000,-35.7500,11,-32.7500,19.7500,27,14.0000,30.0000,,2.0000,-8.0000,4.0000,-15.2500,7.0000,-21.2500,10.0000,-32.5000,,15.5000
2020-05-22,2020,-1,9349.0000,4.0000,-30.2500,-29.7500,-10.0000,-49.7500,27,-44.7500,29.2500,7,1.0000,5.0000,16.0000,16.0000,-10.0000,20.0000,-16.2500,21.0000,-27.0000,23.0000,-33.2500,,-30.2500
2020-05-26,2020,-1,9534.7500,3.2500,23.7500,23.7500,-2.7500,-12.5000,10,-7.2500,52.0000,25,4.0000,2.5000,9.0000,1.0000,-6.7500,,23.7500,,23.7500,,23.7500,,23.7500
2020-05-27,2020,-1,9377.7500,5.7500,99.7500,99.0000,99.7500,-0.2500,1,21.7500,115.2500,29,2.0000,-3.0000,,,99.7500,,99.7500,,99.7500,,99.7500,,99.7500
2020-05-28,2020,1,9410.0000,6.6250,27.0000,27.0000,27.0000,-19.5000,2,-8.5000,52.7500,12,4.0000,1.5000,,,27.0000,,27.0000,,27.0000,,27.0000,,27.0000
2020-05-29,2020,1,9453.5000,7.0000,0.2500,0.2500,-24.5000,-33.2500,5,-24.2500,29.5000,20,1.0000,18.7500,5.0000,3.0000,-17.2500,,0.2500,,0.2500,,0.2500,,0.2500
2020-06-01,2020,1,9541.0000,4.5000,16.5000,16.7500,16.5000,-31.7500,7,-22.5000,29.0000,30,9.0000,17.0000,,4.0000,-22.2500,4.0000,-22.2500,,16.5000,,16.5000,,16.5000
2020-06-02,2020,-1,9580.5000,3.3750,-14.0000,-13.7500,1.2500,-15.2500,30,-13.7500,22.2500,16,16.0000,-1.7500,20.0000,4.0000,-7.5000,30.0000,-14.0000,,-14.0000,,-14.0000,,-14.0000
2020-06-03,2020,-1,9663.5000,3.6250,-31.0000,-31.0000,-22.5000,-40.2500,29,-38.5000,12.7500,7,4.0000,16.0000,10.0000,1.0000,-21.2500,1.0000,-21.2500,10.0000,-22.5000,18.0000,-29.2500,,-31.0000
2020-06-04,2020,1,9685.2500,3.2500,36.0000,36.2500,36.0000,-6.2500,3,0.2500,57.2500,25,9.0000,-7.2500,,,36.0000,,36.0000,,36.0000,,36.0000,,36.0000
2020-06-05,2020,-1,9661.2500,9.7500,-102.5000,-102.5000,-102.5000,-117.7500,22,-114.2500,8.0000,1,24.0000,110.5000,,2.0000,-28.5000,3.0000,-51.7500,4.0000,-66.5000,9.0000,-80.2500,,-102.5000
2020-06-08,2020,-1,9803.2500,3.0000,40.7500,40.7500,40.7500,-26.2500,4,-21.2500,42.5000,30,9.0000,8.5000,,3.0000,-13.5000,3.0000,-13.5000,4.0000,-21.5000,,40.7500,,40.7500
2020-06-09,2020,1,9863.0000,3.3750,27.0000,26.7500,12.7500,-2.5000,1,4.2500,47.2500,22,4.0000,-13.5000,7.0000,,27.0000,,27.0000,,27.0000,,27.0000,,27.0000
2020-06-10,2020,1,10047.2500,3.3750,17.7500,18.0000,17.7500,-23.7500,3,-19.0000,23.2500,29,5.0000,11.0000,,1.0000,-7.2500,2.0000,-19.2500,,17.7500,,17.7500,,17.7500
2020-06-11,2020,1,9926.7500,4.1250,-19.5000,-16.5000,-19.5000,-64.0000,7,-56.0000,3.2500,28,16.0000,43.2500,,1.0000,-17.7500,1.0000,-17.7500,5.0000,-30.2500,6.0000,-57.5000,6.0000,-57.5000
2020-06-12,2020,1,9775.5000,5.7500,38.5000,38.5000,5.0000,-4.7500,1,5.5000,61.5000,13,2.0000,-6.0000,6.0000,,38.5000,,38.5000,,38.5000,,38.5000,,38.5000
2020-06-15,2020,-1,9513.5000,5.3750,-69.0000,-69.5000,-19.5000,-74.5000,27,-71.0000,42.2500,2,2.0000,0.2500,4.0000,4.0000,-19.5000,5.0000,-34.7500,5.0000,-34.7500,23.0000,-47.0000,27.0000,-70.5000
2020-06-16,2020,-1,9957.2500,4.2500,-19.7500,-19.5000,-28.5000,-39.5000,13,-37.2500,16.7500,8,18.0000,26.7500,24.0000,10.0000,-14.7500,11.0000,-18.0000,13.0000,-36.7500,13.0000,-36.7500,,-19.7500
2020-06-17,2020,-1,9983.7500,3.8750,-2.5000,-2.7500,-2.5000,-34.2500,13,-32.7500,20.7500,26,22.0000,16.2500,,1.0000,-20.0000,1.0000,-20.0000,12.0000,-28.2500,15.0000,-32.5000,,-2.5000
2020-06-18,2020,1,9971.0000,5.2500,-4.0000,-4.0000,-4.0000,-29.2500,5,-22.2500,17.0000,18,8.0000,12.7500,,5.0000,-22.5000,5.0000,-22.5000,,-4.0000,,-4.0000,,-4.0000
2020-06-19,2020,-1,10091.0000,4.1250,3.7500,3.7500,3.7500,-18.2500,19,-16.5000,15.7500,5,25.0000,11.5000,,16.0000,-9.7500,,3.7500,,3.7500,,3.7500,,3.7500
2020-06-22,2020,1,10001.0000,3.2500,35.0000,35.2500,35.0000,-25.2500,10,-24.2500,35.7500,30,21.0000,7.5000,,2.0000,-8.7500,7.0000,-24.5000,7.0000,-24.5000,,35.0000,,35.0000
2020-06-23,2020,-1,10175.0000,2.6250,-9.5000,-9.5000,-2.0000,-25.7500,15,-24.2500,16.2500,3,2.0000,-2.7500,4.0000,6.0000,-10.2500,7.0000,-13.0000,8.0000,-16.2500,9.0000,-23.7500,,-9.5000
2020-06-24,2020,1,10183.0000,4.6250,-85.7500,-85.5000,1.0000,-101.0000,29,-96.2500,38.5000,10,4.0000,-7.0000,16.0000,17.0000,-11.5000,18.0000,-23.5000,19.0000,-40.5000,19.0000,-40.5000,21.0000,-56.2500
2020-06-25,2020,-1,9993.7500,4.5000,29.0000,29.2500,29.0000,-20.5000,3,-9.5000,108.2500,18,6.0000,-2.2500,,4.0000,-9.5000,,29.0000,,29.0000,,29.0000,,29.0000
2020-06-26,2020,-1,10047.0000,3.5000,58.5000,58.7500,58.5000,-30.0000,4,-26.5000,60.2500,30,8.0000,24.0000,,1.0000,-20.7500,1.0000,-20.7500,3.0000,-22.0000,,58.5000,,58.5000
2020-06-29,2020,1,9830.2500,4.2500,-15.0000,-15.0000,-15.0000,-101.5000,16,-94.2500,9.2500,1,24.0000,69.5000,,2.0000,-18.2500,2.0000,-18.2500,3.0000,-30.0000,5.0000,-34.7500,7.0000,-55.2500
2020-06-30,2020,1,9979.5000,4.1250,58.0000,57.5000,58.0000,-13.7500,2,-7.2500,60.0000,30,1.0000,22.2500,,,58.0000,,58.0000,,58.0000,,58.0000,,58.0000
2020-07-01,2020,1,10176.5000,4.3750,-14.5000,-14.5000,-28.5000,-51.0000,23,-48.0000,16.7500,2,1.0000,16.7500,5.0000,4.0000,-13.7500,5.0000,-28.5000,5.0000,-28.5000,21.0000,-37.0000,,-14.5000
2020-07-02,2020,1,10391.2500,3.5000,27.0000,26.7500,-10.7500,-13.0000,6,-11.0000,31.0000,30,1.0000,9.5000,6.0000,6.0000,-10.7500,,27.0000,,27.0000,,27.0000,,27.0000
2020-07-06,2020,1,10489.0000,2.5000,43.7500,43.5000,43.7500,-12.7500,8,-9.2500,50.5000,28,23.0000,-5.0000,,7.0000,-9.2500,,43.7500,,43.7500,,43.7500,,43.7500
2020-07-07,2020,1,10598.2500,2.3750,13.7500,13.7500,-37.0000,-41.0000,7,-37.5000,35.0000,15,1.0000,21.0000,7.0000,5.0000,-6.0000,6.0000,-19.2500,6.0000,-19.2500,6.0000,-19.2500,7.0000,-37.0000
2020-07-08,2020,1,10582.0000,3.0000,43.2500,43.7500,43.2500,-5.0000,1,10.0000,50.5000,28,1.0000,5.7500,,,43.2500,,43.2500,,43.2500,,43.2500,,43.2500
2020-07-09,2020,1,10741.7500,2.5000,-4.7500,-4.7500,-13.7500,-52.7500,5,-50.7500,5.5000,3,1.0000,10.0000,3.0000,3.0000,-13.7500,3.0000,-13.7500,4.0000,-33.7500,4.0000,-33.7500,4.0000,-33.7500
2020-07-10,2020,-1,10735.5000,4.3750,95.5000,95.7500,95.5000,-5.0000,1,20.0000,97.0000,29,2.0000,0.0000,,,95.5000,,95.5000,,95.5000,,95.5000,,95.5000
2020-07-13,2020,1,10955.7500,3.0000,-9.0000,-9.7500,-9.0000,-16.2500,2,-9.7500,41.2500,11,1.0000,9.7500,,2.0000,-7.2500,,-9.0000,,-9.0000,,-9.0000,,-9.0000
2020-07-14,2020,1,10554.0000,14.0000,-134.5000,-134.0000,-49.2500,-167.2500,21,-144.2500,75.2500,11,1.0000,44.0000,17.0000,16.0000,-33.7500,18.0000,-67.7500,19.0000,-96.0000,20.0000,-144.0000,,-134.5000
2020-07-15,2020,1,10719.2500,5.2500,-21.5000,-21.5000,-30.0000,-42.0000,8,-29.7500,47.2500,12,10.0000,22.0000,26.0000,3.0000,-11.0000,4.0000,-28.2500,,-21.5000,,-21.5000,,-21.5000
2020-07-16,2020,-1,10576.2500,5.0000,38.2500,38.2500,-16.0000,-23.5000,8,-16.7500,62.5000,30,1.0000,12.5000,7.0000,7.0000,-16.0000,,38.2500,,38.2500,,38.2500,,38.2500
2020-07-17,2020,1,10644.7500,4.5000,-50.0000,-49.7500,-50.0000,-77.5000,16,-73.7500,5.2500,1,19.0000,62.0000,,1.0000,-13.0000,8.0000,-24.7500,10.0000,-29.7500,11.0000,-43.0000,12.0000,-59.7500
2020-07-20,2020,1,10669.5000,2.8750,11.2500,11.7500,11.2500,-63.7500,5,-48.2500,25.5000,24,13.0000,42.2500,,3.0000,-34.7500,3.0000,-34.7500,3.0000,-34.7500,3.0000,-34.7500,4.0000,-47.7500
2020-07-21,2020,-1,10981.7500,5.7500,44.5000,43.7500,44.5000,-12.5000,2,-3.5000,76.0000,8,4.0000,-3.7500,,,44.5000,,44.5000,,44.5000,,44.5000,,44.5000
2020-07-22,2020,1,10856.5000,5.3750,29.7500,30.0000,-20.2500,-31.5000,6,-25.0000,39.2500,24,1.0000,7.0000,3.0000,3.0000,-20.2500,4.0000,-24.0000,,29.7500,,29.7500,,29.7500
2020-07-23,2020,-1,10820.5000,3.7500,-28.7500,-29.0000,-7.5000,-51.2500,18,-42.5000,21.5000,2,1.0000,3.7500,4.0000,4.0000,-7.5000,8.0000,-20.5000,13.0000,-28.0000,14.0000,-35.5000,,-28.7500
2020-07-24,2020,-1,10401.7500,7.8750,13.2500,14.0000,13.2500,-30.5000,2,-19.0000,100.7500,8,4.0000,1.7500,,1.0000,-19.0000,,13.2500,,13.2500,,13.2500,,13.2500
2020-07-27,2020,-1,10527.5000,3.6250,-96.5000,-96.5000,-96.5000,-108.2500,29,-103.2500,4.7500,1,,,,1.0000,-19.2500,1.0000,-19.2500,2.0000,-34.0000,2.0000,-34.0000,5.0000,-50.5000
2020-07-28,2020,-1,10606.2500,4.1250,17.0000,17.5000,-0.5000,-23.0000,3,-20.0000,49.0000,22,6.0000,0.0000,7.0000,4.0000,-11.2500,14.0000,-19.2500,,17.0000,,17.0000,,17.0000
2020-07-29,2020,-1,10591.2500,3.8750,-29.2500,-29.2500,-29.2500,-32.7500,30,-29.2500,20.2500,17,,,,1.0000,-9.0000,29.0000,-20.7500,30.0000,-29.2500,,-29.2500,,-29.2500
2020-07-30,2020,1,10578.7500,5.0000,-18.5000,-18.5000,-6.0000,-57.5000,28,-40.0000,42.5000,15,2.0000,0.0000,21.0000,22.0000,-18.0000,23.0000,-27.0000,25.0000,-39.5000,,-18.5000,,-18.5000
2020-07-31,2020,-1,10839.5000,4.3750,52.2500,52.7500,52.2500,-7.0000,2,-3.0000,59.5000,7,1.0000,12.2500,,,52.2500,,52.2500,,52.2500,,52.2500,,52.2500
2020-08-03,2020,1,11017.0000,3.0000,47.2500,47.0000,-10.0000,-12.7500,7,-10.0000,50.7500,30,1.0000,7.2500,5.0000,5.0000,-10.0000,,47.2500,,47.2500,,47.2500,,47.2500
2020-08-04,2020,1,11030.0000,2.7500,36.7500,37.0000,36.7500,-23.7500,7,-18.0000,41.2500,30,12.0000,-3.0000,,5.0000,-9.5000,6.0000,-17.7500,6.0000,-17.7500,,36.7500,,36.7500
2020-08-05,2020,-1,11070.2500,3.7500,-43.5000,-43.7500,-43.5000,-47.2500,28,-43.7500,5.5000,8,,,,3.0000,-16.0000,3.0000,-16.0000,17.0000,-23.0000,19.0000,-35.0000,,-43.5000
2020-08-06,2020,1,11111.7500,3.0000,0.0000,0.0000,0.0000,-38.7500,18,-36.5000,10.2500,28,21.0000,31.0000,,2.0000,-8.7500,3.0000,-19.7500,3.0000,-19.7500,17.0000,-25.0000,18.0000,-36.0000
2020-08-07,2020,1,11232.0000,3.2500,0.7500,0.0000,0.7500,-21.2500,9,-20.2500,20.2500,25,10.0000,7.2500,,4.0000,-7.7500,7.0000,-14.2500,8.0000,-20.2500,,0.7500,,0.7500
2020-08-10,2020,-1,11133.2500,2.6250,64.7500,64.2500,-4.7500,-13.5000,11,-10.0000,69.5000,29,2.0000,-3.0000,3.0000,8.0000,-6.5000,,64.7500,,64.7500,,64.7500,,64.7500
2020-08-11,2020,-1,11002.2500,6.3750,17.0000,17.2500,-7.7500,-40.0000,15,-35.5000,46.2500,4,2.0000,-2.2500,7.0000,13.0000,-27.5000,13.0000,-27.5000,,17.0000,,17.0000,,17.0000
2020-08-12,2020,1,10995.7500,4.5000,66.2500,66.2500,66.2500,-12.5000,7,-7.7500,73.0000,28,1.0000,11.7500,,,66.2500,,66.2500,,66.2500,,66.2500,,66.2500
2020-08-13,2020,1,11196.0000,5.0000,8.7500,8.7500,-4.5000,-24.5000,22,-19.0000,33.5000,8,7.0000,-0.7500,16.0000,2.0000,-17.2500,,8.7500,,8.7500,,8.7500,,8.7500
2020-08-14,2020,1,11192.2500,4.3750,-21.0000,-21.0000,-11.0000,-56.7500,18,-52.5000,14.5000,7,5.0000,10.0000,13.0000,1.0000,-10.5000,2.0000,-25.7500,14.0000,-34.2500,15.0000,-35.5000,,-21.0000
2020-08-17,2020,1,11244.2500,2.1250,24.7500,24.5000,-4.2500,-16.2500,2,-8.7500,32.5000,29,4.0000,4.2500,5.0000,1.0000,-8.0000,2.0000,-8.7500,,24.7500,,24.7500,,24.7500
2020-08-18,2020,1,11345.7500,3.2500,-4.5000,-4.5000,6.5000,-22.5000,23,-21.7500,36.2500,7,6.0000,-8.2500,21.0000,2.0000,-6.7500,22.0000,-21.5000,22.0000,-21.5000,,-4.5000,,-4.5000
2020-08-19,2020,-1,11376.2500,2.3750,13.7500,13.7500,13.7500,-38.7500,4,-37.0000,43.7500,25,8.0000,27.5000,,1.0000,-12.7500,1.0000,-12.7500,2.0000,-18.5000,3.0000,-25.7500,4.0000,-32.0000
2020-08-20,2020,-1,11284.0000,4.5000,-81.2500,-81.5000,-81.2500,-94.0000,26,-89.2500,5.7500,1,29.0000,81.5000,,2.0000,-22.0000,2.0000,-22.0000,4.0000,-34.2500,5.0000,-44.2500,12.0000,-54.2500
2020-08-21,2020,1,11478.2500,6.2500,6.5000,6.5000,6.5000,-22.7500,8,-22.0000,26.7500,13,12.0000,10.5000,,3.0000,-14.7500,,6.5000,,6.5000,,6.5000,,6.5000
2020-08-24,2020,-1,11692.2500,2.8750,62.5000,62.7500,62.5000,-30.2500,9,-29.2500,78.2500,23,13.0000,19.7500,,3.0000,-6.2500,5.0000,-12.0000,7.0000,-22.0000,9.0000,-29.0000,,62.5000
2020-08-25,2020,-1,11578.0000,5.5000,-39.0000,-38.7500,-41.7500,-54.2500,11,-50.7500,0.5000,1,7.0000,31.5000,9.0000,1.0000,-20.2500,2.0000,-27.0000,3.0000,-39.0000,10.0000,-50.7500,,-39.0000
2020-08-26,2020,1,11775.5000,3.1250,3.5000,3.5000,1.2500,-12.7500,1,-8.7500,21.2500,4,3.0000,-1.5000,6.0000,1.0000,-9.2500,,3.5000,,3.5000,,3.5000,,3.5000
2020-08-27,2020,-1,11960.7500,11.7500,5.0000,5.2500,-34.2500,-46.0000,24,-39.5000,48.7500,7,1.0000,32.7500,20.0000,20.0000,-34.2500,,5.0000,,5.0000,,5.0000,,5.0000
2020-08-28,2020,1,11986.7500,4.0000,23.5000,23.5000,23.5000,-39.0000,18,-34.5000,23.7500,30,21.0000,22.0000,,7.0000,-9.2500,14.0000,-21.2500,18.0000,-34.7500,18.0000,-34.7500,,23.5000
2020-08-31,2020,1,12024.5000,6.3750,17.2500,17.0000,-12.7500,-30.7500,4,-28.2500,24.5000,18,1.0000,2.7500,2.0000,4.0000,-28.0000,4.0000,-28.0000,,17.2500,,17.2500,,17.2500
2020-09-01,2020,-1,12171.0000,6.1250,-65.5000,-65.2500,7.5000,-68.7500,30,-65.2500,46.0000,3,2.0000,-14.5000,4.0000,10.0000,-15.2500,14.0000,-27.0000,20.0000,-40.5000,28.0000,-50.5000,,-65.5000
2020-09-02,2020,-1,12394.5000,4.2500,93.5000,93.0000,0.0000,-15.5000,12,-9.5000,152.0000,26,4.0000,-0.5000,11.0000,12.0000,-9.7500,,93.5000,,93.5000,,93.5000,,93.5000
2020-09-03,2020,-1,12220.2500,9.0000,14.7500,15.0000,15.0000,-20.2500,2,-13.5000,87.2500,12,3.0000,-15.2500,6.0000,,14.7500,,14.7500,,14.7500,,14.7500,,14.7500
2020-09-04,2020,1,11811.7500,12.7500,-222.5000,-221.5000,-39.0000,-310.7500,25,-294.2500,31.2500,4,1.0000,35.2500,8.0000,6.0000,-26.5000,9.0000,-66.7500,10.0000,-89.7500,12.0000,-115.2500,13.0000,-165.0000
2020-09-08,2020,1,11187.7500,15.3750,65.7500,65.7500,65.7500,-70.7500,11,-59.7500,115.5000,28,14.0000,27.7500,,9.0000,-45.0000,,65.7500,,65.7500,,65.7500,,65.7500
2020-09-09,2020,1,11270.2500,7.8750,23.5000,23.0000,-36.2500,-82.0000,19,-71.7500,30.5000,29,10.0000,27.2500,16.0000,6.0000,-35.7500,6.0000,-35.7500,7.0000,-48.7500,19.0000,-72.7500,,23.5000
2020-09-10,2020,1,11505.5000,8.8750,13.5000,16.7500,13.5000,-61.2500,11,-48.0000,44.5000,24,14.0000,46.0000,,8.0000,-30.0000,10.0000,-49.7500,,13.5000,,13.5000,,13.5000
2020-09-11,2020,-1,11207.5000,8.6250,101.7500,101.2500,101.7500,-44.7500,9,-37.5000,122.5000,30,15.0000,9.7500,,7.0000,-24.5000,8.0000,-37.0000,,101.7500,,101.7500,,101.7500
2020-09-14,2020,1,11233.2500,5.1250,66.7500,67.0000,66.7500,-38.5000,3,-36.7500,76.5000,30,9.0000,3.5000,,2.0000,-23.5000,2.0000,-23.5000,3.0000,-37.0000,,66.7500,,66.7500
2020-09-15,2020,1,11415.7500,4.7500,50.7500,50.5000,50.7500,-14.7500,3,-8.2500,57.0000,30,5.0000,2.5000,,,50.7500,,50.7500,,50.7500,,50.7500,,50.7500
2020-09-16,2020,1,11461.0000,4.8750,-17.2500,-17.0000,-38.5000,-65.5000,18,-57.5000,16.7500,8,7.0000,15.7500,12.0000,2.0000,-11.5000,4.0000,-20.5000,12.0000,-38.5000,17.0000,-45.7500,,-17.2500
2020-09-17,2020,1,10990.5000,9.8750,58.7500,59.0000,6.0000,-19.0000,3,-9.2500,85.7500,28,4.0000,-11.2500,7.0000,,58.7500,,58.7500,,58.7500,,58.7500,,58.7500
2020-09-18,2020,-1,11098.5000,6.8750,22.2500,21.7500,22.2500,-11.0000,1,1.5000,80.2500,18,14.0000,-10.5000,,,22.2500,,22.2500,,22.2500,,22.2500,,22.2500
2020-09-21,2020,1,10800.0000,9.0000,-29.0000,-28.5000,-29.0000,-95.7500,8,-82.0000,40.5000,21,10.0000,65.5000,,2.0000,-20.0000,3.0000,-36.0000,5.0000,-66.5000,8.0000,-81.7500,,-29.0000
2020-09-22,2020,-1,11046.5000,5.1250,37.5000,37.5000,37.5000,-11.2500,1,-9.7500,96.0000,19,3.0000,-0.5000,,,37.5000,,37.5000,,37.5000,,37.5000,,37.5000
2020-09-23,2020,-1,11127.5000,5.8750,31.0000,31.0000,31.0000,-18.2500,11,-11.2500,54.5000,26,19.0000,1.7500,,,31.0000,,31.0000,,31.0000,,31.0000,,31.0000
2020-09-24,2020,1,10761.2500,8.8750,141.2500,141.5000,141.2500,-57.2500,9,-49.2500,146.0000,30,10.0000,39.5000,,1.0000,-23.7500,2.0000,-45.7500,,141.2500,,141.2500,,141.2500
2020-09-25,2020,-1,10894.7500,6.7500,4.5000,5.0000,1.7500,-22.0000,28,-9.2500,64.2500,18,13.0000,-17.0000,26.0000,,4.5000,,4.5000,,4.5000,,4.5000,,4.5000
2020-09-28,2020,-1,11310.2500,5.1250,37.7500,37.7500,-6.7500,-18.5000,9,-7.0000,58.7500,19,5.0000,-4.0000,8.0000,,37.7500,,37.7500,,37.7500,,37.7500,,37.7500
2020-09-29,2020,-1,11343.2500,5.3750,-13.5000,-13.0000,-25.7500,-36.7500,8,-26.2500,14.2500,12,10.0000,24.2500,18.0000,1.0000,-15.5000,3.0000,-24.0000,,-13.5000,,-13.5000,,-13.5000
2020-09-30,2020,1,11349.5000,5.5000,66.7500,67.2500,66.7500,-34.2500,6,-28.2500,85.0000,28,13.0000,22.5000,,3.0000,-15.0000,4.0000,-22.2500,,66.7500,,66.7500,,66.7500
2020-10-01,2020,-1,11541.5000,5.0000,9.5000,8.7500,9.5000,-27.0000,3,-25.5000,37.0000,29,14.0000,0.5000,,2.0000,-25.0000,2.0000,-25.0000,,9.5000,,9.5000,,9.5000
2020-10-02,2020,1,11353.2500,7.2500,74.2500,74.2500,74.2500,-7.7500,4,4.5000,81.2500,29,6.0000,-12.5000,,,74.2500,,74.2500,,74.2500,,74.2500,,74.2500
2020-10-05,2020,1,11343.0000,4.2500,43.2500,43.2500,43.2500,-10.7500,3,-8.0000,46.0000,30,7.0000,-4.0000,,,43.2500,,43.2500,,43.2500,,43.2500,,43.2500
2020-10-06,2020,1,11470.0000,4.0000,5.2500,4.5000,-34.0000,-52.0000,22,-46.0000,9.0000,1,12.0000,21.0000,13.0000,6.0000,-10.5000,8.0000,-21.5000,9.0000,-25.5000,13.0000,-34.0000,,5.2500
2020-10-07,2020,1,11409.2500,4.3750,-7.2500,-7.2500,7.7500,-9.7500,29,-7.2500,28.5000,23,10.0000,-8.5000,15.0000,,-7.2500,,-7.2500,,-7.2500,,-7.2500,,-7.2500
2020-10-08,2020,-1,11566.0000,3.7500,30.0000,29.5000,30.0000,-3.5000,1,7.5000,54.0000,18,3.0000,-7.5000,,,30.0000,,30.0000,,30.0000,,30.0000,,30.0000
2020-10-09,2020,-1,11597.0000,2.7500,-34.7500,-35.0000,-34.7500,-42.5000,20,-40.2500,4.2500,1,,,,1.0000,-9.7500,2.0000,-16.5000,6.0000,-18.0000,10.0000,-26.0000,17.0000,-35.5000
2020-10-12,2020,-1,11893.0000,5.7500,4.7500,5.0000,4.7500,-53.2500,5,-40.5000,25.7500,20,12.0000,13.7500,,3.0000,-23.2500,3.0000,-23.2500,4.0000,-35.2500,,4.7500,,4.7500
2020-10-13,2020,-1,12103.7500,8.3750,14.7500,14.7500,10.7500,-8.2500,1,3.5000,71.7500,13,7.0000,-22.7500,27.0000,,14.7500,,14.7500,,14.7500,,14.7500,,14.7500
2020-10-14,2020,-1,12076.2500,5.1250,-38.0000,-38.5000,-38.0000,-76.7500,15,-73.7500,5.0000,1,19.0000,62.5000,,2.0000,-12.0000,3.0000,-23.2500,4.0000,-47.7500,4.0000,-47.7500,10.0000,-71.0000
2020-10-15,2020,1,11830.0000,5.6250,19.5000,19.5000,19.5000,-19.5000,8,-13.5000,50.0000,23,1.0000,19.2500,,2.0000,-13.0000,,19.5000,,19.5000,,19.5000,,19.5000
2020-10-16,2020,-1,11939.7500,4.2500,-44.2500,-44.5000,-22.7500,-46.5000,30,-44.5000,10.7500,19,14.0000,16.2500,15.0000,3.0000,-14.2500,9.0000,-19.5000,28.0000,-32.2500,30.0000,-44.2500,,-44.2500
2020-10-19,2020,-1,11730.0000,2.7500,10.5000,9.5000,10.5000,-3.5000,1,-1.2500,27.0000,17,4.0000,0.5000,,,10.5000,,10.5000,,10.5000,,10.5000,,10.5000
2020-10-20,2020,1,11730.7500,3.7500,-9.5000,-8.5000,-14.2500,-17.5000,5,-14.2500,0.5000,1,7.0000,10.7500,19.0000,2.0000,-11.2500,,-9.5000,,-9.5000,,-9.5000,,-9.5000
2020-10-21,2020,1,11622.0000,5.1250,11.7500,13.2500,11.7500,-2.0000,1,0.0000,15.0000,6,3.0000,0.0000,,,11.7500,,11.7500,,11.7500,,11.7500,,11.7500
2020-10-22,2020,-1,11643.2500,3.7500,1.7500,0.2500,-4.7500,-16.5000,11,-14.7500,17.2500,20,7.0000,3.5000,9.0000,10.0000,-9.7500,,1.7500,,1.7500,,1.7500,,1.7500
2020-10-26,2020,1,11615.2500,3.0000,71.5000,71.2500,71.5000,-6.7500,1,-2.5000,72.7500,30,1.0000,21.2500,,,71.5000,,71.5000,,71.5000,,71.5000,,71.5000
2020-10-27,2020,-1,11516.0000,4.7500,-39.0000,-38.5000,-39.0000,-62.0000,14,-53.2500,17.7500,2,15.0000,40.7500,,3.0000,-14.0000,4.0000,-30.0000,4.0000,-30.0000,12.0000,-42.5000,,-39.0000
2020-10-28,2020,-1,11379.2500,5.0000,98.7500,99.0000,98.7500,-0.5000,6,4.5000,113.0000,22,1.0000,12.5000,,,98.7500,,98.7500,,98.7500,,98.7500,,98.7500
2020-10-29,2020,1,11222.7500,6.3750,46.0000,46.2500,46.0000,-52.2500,11,-49.0000,51.2500,30,15.0000,19.7500,,6.0000,-21.7500,7.0000,-26.0000,8.0000,-38.2500,,46.0000,,46.0000
2020-10-30,2020,1,11273.5000,6.1250,-118.5000,-118.5000,-124.2500,-141.7500,21,-130.0000,4.0000,1,27.0000,113.5000,28.0000,2.0000,-25.2500,2.0000,-25.2500,8.0000,-47.2500,9.0000,-64.0000,11.0000,-74.7500
2020-11-02,2020,1,11144.7500,5.0000,35.2500,35.7500,5.7500,-23.2500,3,-18.7500,67.2500,23,8.0000,-13.2500,15.0000,1.0000,-13.2500,,35.2500,,35.2500,,35.2500,,35.2500
2020-11-03,2020,-1,11117.2500,5.2500,-100.5000,-99.7500,-22.2500,-102.5000,30,-99.7500,16.0000,3,1.0000,15.2500,10.0000,5.0000,-15.0000,10.0000,-22.2500,13.0000,-37.0000,16.0000,-44.5000,19.0000,-67.7500
2020-11-04,2020,1,11662.0000,11.7500,-24.2500,-24.5000,-32.5000,-105.0000,10,-96.7500,8.7500,2,1.0000,14.2500,3.0000,3.0000,-32.5000,4.0000,-54.2500,5.0000,-91.0000,10.0000,-98.0000,,-24.2500
2020-11-05,2020,-1,11990.2500,6.3750,-105.2500,-105.5000,-6.0000,-108.0000,30,-105.5000,17.5000,2,1.0000,2.0000,2.0000,3.0000,-20.0000,6.0000,-46.0000,6.0000,-46.0000,7.0000,-54.0000,18.0000,-87.5000
2020-11-06,2020,-1,11985.2500,11.8750,87.2500,87.2500,87.2500,-10.0000,1,-5.5000,102.0000,25,1.0000,31.2500,,,87.2500,,87.2500,,87.2500,,87.2500,,87.2500
2020-11-09,2020,1,12200.7500,18.1250,-20.7500,-20.2500,-95.5000,-158.7500,10,-155.0000,0.2500,1,5.0000,82.2500,6.0000,1.0000,-77.7500,1.0000,-77.7500,9.0000,-122.2500,10.0000,-155.7500,,-20.7500
2020-11-10,2020,1,11730.5000,8.5000,-93.2500,-93.0000,-101.0000,-118.0000,16,-117.2500,19.0000,2,11.0000,82.2500,13.0000,3.0000,-54.0000,3.0000,-54.0000,3.0000,-54.0000,6.0000,-69.2500,15.0000,-116.5000
2020-11-11,2020,1,11723.7500,5.7500,64.0000,63.2500,64.0000,-19.7500,1,-6.2500,104.5000,13,3.0000,-3.5000,,,64.0000,,64.0000,,64.0000,,64.0000,,64.0000
2020-11-12,2020,-1,11898.7500,4.5000,-33.7500,-33.5000,-33.7500,-65.5000,7,-57.0000,12.7500,1,15.0000,36.2500,,2.0000,-23.2500,2.0000,-23.2500,4.0000,-31.2500,5.0000,-47.7500,6.0000,-57.0000
2020-11-13,2020,-1,11888.7500,3.8750,21.0000,21.2500,21.0000,-35.0000,9,-28.7500,25.7500,29,17.0000,22.2500,,5.0000,-22.5000,5.0000,-22.5000,6.0000,-26.5000,,21.0000,,21.0000
2020-11-16,2020,-1,11896.5000,6.3750,-80.5000,-79.5000,-73.2500,-92.5000,18,-84.2500,2.5000,1,20.0000,72.5000,29.0000,1.0000,-20.7500,3.0000,-40.7500,3.0000,-40.7500,5.0000,-62.5000,11.0000,-80.5000
2020-11-17,2020,1,12040.2500,4.0000,-54.5000,-54.5000,-64.0000,-78.7500,27,-76.0000,1.5000,1,23.0000,55.5000,26.0000,1.0000,-11.5000,3.0000,-20.2500,5.0000,-30.7500,6.0000,-37.7500,13.0000,-57.7500
2020-11-18,2020,-1,11964.0000,4.3750,39.5000,39.2500,39.5000,-24.5000,10,-19.5000,53.7500,29,17.0000,10.7500,,3.0000,-8.7500,9.0000,-19.7500,,39.5000,,39.5000,,39.5000
2020-11-19,2020,1,11878.5000,3.3750,39.2500,39.2500,-27.7500,-36.7500,3,-27.7500,48.0000,28,5.0000,20.0000,8.0000,1.0000,-17.7500,1.0000,-17.7500,2.0000,-23.0000,8.0000,-27.7500,,39.2500
2020-11-20,2020,-1,11971.7500,3.6250,8.2500,8.5000,5.0000,-11.2500,18,-7.2500,25.7500,24,6.0000,-9.2500,9.0000,,8.2500,,8.2500,,8.2500,,8.2500,,8.2500
2020-11-23,2020,1,11965.2500,3.0000,7.2500,7.0000,7.2500,-8.7500,4,-2.2500,36.5000,13,6.0000,0.0000,,,7.2500,,7.2500,,7.2500,,7.2500,,7.2500
2020-11-24,2020,-1,11940.7500,2.8750,17.5000,17.5000,17.5000,-15.5000,1,-5.2500,68.0000,15,3.0000,-0.2500,,,17.5000,,17.5000,,17.5000,,17.5000,,17.5000
2020-11-25,2020,1,12122.2500,2.5000,-10.7500,-10.7500,6.2500,-17.7500,30,-14.5000,23.0000,23,6.0000,-8.2500,7.0000,25.0000,-7.5000,29.0000,-14.2500,,-10.7500,,-10.7500,,-10.7500
2020-11-27,2020,1,12234.5000,3.0000,12.7500,12.2500,-8.0000,-13.7500,8,-8.7500,24.7500,28,1.0000,5.7500,8.0000,8.0000,-8.0000,,12.7500,,12.7500,,12.7500,,12.7500
2020-11-30,2020,1,12292.7500,4.0000,-55.0000,-55.2500,-55.0000,-69.2500,18,-67.2500,7.2500,1,20.0000,59.0000,,2.0000,-10.5000,3.0000,-31.2500,3.0000,-31.2500,4.0000,-40.0000,13.0000,-48.7500
2020-12-01,2020,-1,12362.0000,3.7500,-47.2500,-47.2500,0.2500,-50.7500,30,-47.2500,27.7500,4,2.0000,-0.5000,8.0000,9.0000,-8.2500,13.0000,-17.7500,20.0000,-25.2500,26.0000,-31.7500,30.0000,-47.2500
2020-12-02,2020,-1,12363.2500,4.5000,-13.0000,-13.2500,-7.0000,-23.2500,28,-13.2500,50.7500,18,1.0000,6.2500,25.0000,27.0000,-12.0000,,-13.0000,,-13.0000,,-13.0000,,-13.0000
2020-12-03,2020,1,12487.7500,2.5000,12.0000,12.0000,-0.7500,-12.7500,13,-10.5000,16.2500,3,18.0000,-1.0000,21.0000,13.0000,-10.7500,13.0000,-10.7500,,12.0000,,12.0000,,12.0000
2020-12-04,2020,-1,12468.2500,3.6250,-36.5000,-36.7500,-2.5000,-41.7500,28,-38.5000,19.7500,3,3.0000,-5.0000,5.0000,10.0000,-10.2500,11.0000,-15.0000,15.0000,-27.7500,19.0000,-31.7500,,-36.5000
2020-12-07,2020,1,12537.0000,1.7500,53.0000,53.0000,53.0000,-4.7500,1,4.7500,57.0000,29,3.0000,-4.7500,,,53.0000,,53.0000,,53.0000,,53.0000,,53.0000
2020-12-08,2020,-1,12558.2500,2.7500,8.0000,8.0000,-15.0000,-20.0000,3,-15.0000,34.2500,17,1.0000,12.7500,2.0000,2.0000,-15.0000,2.0000,-15.0000,,8.0000,,8.0000,,8.0000
2020-12-09,2020,-1,12608.5000,1.7500,-17.0000,-17.0000,-17.0000,-33.0000,25,-28.2500,20.7500,3,29.0000,26.0000,,10.0000,-9.0000,10.0000,-9.0000,11.0000,-11.2500,13.0000,-15.0000,19.0000,-22.5000
2020-12-10,2020,1,12279.2500,6.3750,86.0000,84.7500,86.0000,-62.2500,2,-55.0000,103.2500,27,6.0000,25.7500,,1.0000,-17.2500,2.0000,-56.5000,2.0000,-56.5000,2.0000,-56.5000,,86.0000
2020-12-11,2020,-1,12310.7500,3.1250,-24.0000,-24.5000,-24.0000,-27.2500,30,-26.5000,37.0000,13,1.0000,27.0000,,3.0000,-20.0000,3.0000,-20.0000,3.0000,-20.0000,29.0000,-26.5000,,-24.0000
2020-12-14,2020,1,12443.0000,2.7500,70.2500,70.2500,70.2500,-6.0000,1,-4.0000,87.0000,28,4.0000,-7.2500,,,70.2500,,70.2500,,70.2500,,70.2500,,70.2500
2020-12-15,2020,1,12568.5000,3.2500,7.0000,7.0000,-11.5000,-26.5000,4,-18.0000,16.5000,1,8.0000,7.5000,10.0000,3.0000,-14.5000,3.0000,-14.5000,,7.0000,,7.0000,,7.0000
2020-12-16,2020,-1,12616.0000,2.8750,8.7500,8.7500,8.7500,-1.5000,1,6.5000,44.0000,12,2.0000,-6.0000,,,8.7500,,8.7500,,8.7500,,8.7500,,8.7500
2020-12-17,2020,1,12755.5000,2.7500,-21.7500,-22.0000,-15.0000,-27.2500,24,-25.0000,7.0000,1,1.0000,12.5000,12.0000,1.0000,-6.5000,12.0000,-15.0000,13.0000,-19.0000,24.0000,-24.5000,,-21.7500
2020-12-18,2020,1,12781.0000,3.8750,-70.2500,-70.0000,-55.7500,-76.5000,29,-70.2500,0.5000,1,23.0000,54.5000,27.0000,1.0000,-11.5000,2.0000,-23.7500,2.0000,-23.7500,10.0000,-32.5000,14.0000,-48.0000
2020-12-21,2020,1,12626.0000,5.1250,-57.5000,-57.5000,-1.7500,-61.0000,18,-57.5000,22.7500,5,6.0000,-7.0000,10.0000,12.0000,-18.7500,15.0000,-25.0000,16.0000,-42.5000,16.0000,-42.5000,,-57.5000
2020-12-22,2020,-1,12701.7500,2.8750,-15.7500,-15.5000,-15.7500,-52.5000,27,-51.0000,23.2500,4,29.0000,44.5000,,10.0000,-8.2500,12.0000,-12.0000,16.0000,-22.2500,17.0000,-24.0000,22.0000,-39.0000
2020-12-23,2020,-1,12701.7500,3.1250,15.7500,15.5000,0.0000,-10.7500,4,0.5000,52.5000,15,2.0000,-7.5000,3.0000,,15.7500,,15.7500,,15.7500,,15.7500,,15.7500
2020-12-24,2020,1,12673.5000,2.0000,30.2500,30.0000,30.2500,-1.7500,1,6.0000,44.0000,13,6.0000,-18.0000,,,30.2500,,30.2500,,30.2500,,30.2500,,30.2500
2020-12-28,2020,-1,12800.5000,2.7500,10.7500,10.7500,-7.0000,-16.5000,10,-8.0000,17.7500,20,1.0000,2.5000,2.0000,2.0000,-7.0000,,10.7500,,10.7500,,10.7500,,10.7500
2020-12-29,2020,1,12892.2500,1.8750,-36.0000,-36.0000,-1.7500,-53.0000,30,-47.5000,26.0000,10,2.0000,-2.5000,22.0000,23.0000,-16.5000,23.0000,-16.5000,23.0000,-16.5000,23.0000,-16.5000,24.0000,-39.0000
2020-12-30,2020,-1,12899.2500,2.0000,41.5000,41.7500,41.5000,-2.0000,1,10.0000,49.5000,22,2.0000,-0.5000,,,41.5000,,41.5000,,41.5000,,41.5000,,41.5000
2020-12-31,2020,-1,12839.2500,1.7500,-9.2500,-8.7500,-9.2500,-18.2500,8,-16.7500,16.7500,24,10.0000,11.5000,,7.0000,-11.5000,7.0000,-11.5000,7.0000,-11.5000,8.0000,-17.5000,,-9.2500
2021-01-04,2021,-1,12908.7500,2.7500,29.0000,28.5000,29.0000,-1.7500,15,2.2500,50.5000,8,2.0000,-1.7500,,,29.0000,,29.0000,,29.0000,,29.0000,,29.0000
2021-01-05,2021,1,12682.2500,4.2500,64.2500,64.7500,64.2500,-10.0000,1,-0.2500,89.2500,28,3.0000,-5.7500,,,64.2500,,64.2500,,64.2500,,64.2500,,64.2500
2021-01-06,2021,-1,12572.0000,8.7500,-63.5000,-63.2500,-47.5000,-96.0000,21,-91.7500,20.7500,1,9.0000,39.5000,10.0000,4.0000,-29.7500,5.0000,-50.0000,15.0000,-76.5000,15.0000,-76.5000,,-63.5000
2021-01-07,2021,1,12766.5000,3.7500,84.2500,84.2500,84.2500,-10.2500,2,-5.2500,89.7500,29,1.0000,16.2500,,,84.2500,,84.2500,,84.2500,,84.2500,,84.2500
2021-01-08,2021,-1,12996.5000,3.2500,-42.2500,-42.5000,-33.0000,-55.5000,11,-52.7500,10.7500,1,15.0000,31.0000,28.0000,1.0000,-18.7500,1.0000,-18.7500,2.0000,-24.2500,4.0000,-30.5000,9.0000,-48.7500
2021-01-11,2021,-1,12964.5000,6.1250,20.2500,19.5000,7.7500,-9.2500,1,4.0000,72.2500,6,2.0000,-8.7500,24.0000,,20.2500,,20.2500,,20.2500,,20.2500,,20.2500
2021-01-12,2021,1,12918.2500,5.6250,-31.5000,-31.2500,7.2500,-75.2500,20,-68.0000,29.7500,6,4.0000,-11.5000,8.0000,14.0000,-13.7500,15.0000,-23.5000,18.0000,-59.0000,18.0000,-59.0000,20.0000,-68.5000
2021-01-13,2021,1,12898.5000,4.2500,-9.7500,-10.0000,-9.7500,-34.0000,12,-30.2500,47.0000,20,15.0000,20.2500,,7.0000,-23.2500,7.0000,-23.2500,12.0000,-30.2500,,-9.7500,,-9.7500
2021-01-14,2021,1,12993.7500,3.7500,9.7500,9.7500,-16.0000,-25.0000,14,-19.0000,21.2500,4,18.0000,11.0000,19.0000,10.0000,-9.5000,14.0000,-19.2500,,9.7500,,9.7500,,9.7500
2021-01-15,2021,1,12923.5000,5.0000,-30.5000,-31.0000,-30.5000,-41.5000,30,-36.0000,7.7500,6,,,,2.0000,-12.5000,11.0000,-21.0000,23.0000,-31.5000,,-30.5000,,-30.5000
2021-01-19,2021,1,12918.5000,3.0000,-54.5000,-54.2500,-6.5000,-60.7500,30,-54.2500,11.7500,1,1.0000,6.2500,5.0000,5.0000,-6.5000,7.0000,-19.5000,7.0000,-19.5000,15.0000,-36.0000,15.0000,-36.0000
2021-01-20,2021,1,13140.0000,3.3750,31.7500,31.7500,31.7500,-13.7500,1,-6.7500,55.0000,18,4.0000,-9.7500,,,31.7500,,31.7500,,31.7500,,31.7500,,31.7500
2021-01-21,2021,-1,13310.0000,3.7500,-10.7500,-10.7500,-17.0000,-22.0000,17,-18.2500,26.7500,10,1.0000,11.5000,6.0000,3.0000,-10.0000,6.0000,-17.0000,,-10.7500,,-10.7500,,-10.7500
2021-01-22,2021,-1,13332.2500,3.2500,-55.7500,-56.2500,-15.5000,-59.5000,28,-56.2500,4.5000,1,1.0000,12.7500,2.0000,2.0000,-15.5000,2.0000,-15.5000,3.0000,-24.5000,13.0000,-38.7500,14.0000,-46.0000
2021-01-25,2021,1,13514.5000,3.3750,33.0000,32.5000,33.0000,-1.7500,1,5.7500,40.0000,6,2.0000,0.2500,,,33.0000,,33.0000,,33.0000,,33.0000,,33.0000
2021-01-26,2021,1,13495.7500,4.3750,-7.0000,-7.2500,-7.0000,-69.0000,13,-60.0000,13.2500,3,23.0000,38.5000,,3.0000,-12.7500,5.0000,-21.2500,10.0000,-31.7500,11.0000,-59.7500,11.0000,-59.7500
2021-01-27,2021,-1,13266.7500,7.2500,-44.5000,-44.5000,-44.5000,-45.5000,30,-44.5000,95.5000,21,1.0000,46.2500,,28.0000,-22.0000,29.0000,-33.0000,30.0000,-44.5000,,-44.5000,,-44.5000
2021-01-28,2021,-1,13157.0000,9.7500,-50.7500,-52.0000,-36.5000,-91.7500,11,-79.7500,28.7500,8,7.0000,13.2500,10.0000,1.0000,-21.5000,11.0000,-72.7500,11.0000,-72.7500,12.0000,-80.5000,,-50.7500
2021-01-29,2021,-1,13095.5000,9.0000,13.0000,13.5000,13.0000,-39.7500,2,-24.5000,97.5000,11,4.0000,13.0000,,1.0000,-17.2500,,13.0000,,13.0000,,13.0000,,13.0000
2021-02-01,2021,-1,13051.2500,6.5000,36.0000,35.7500,36.0000,-52.7500,2,-41.0000,81.0000,22,14.0000,4.7500,,1.0000,-30.2500,1.0000,-30.2500,5.0000,-41.2500,,36.0000,,36.0000
2021-02-02,2021,1,13370.5000,5.0000,17.5000,17.7500,17.5000,-5.2500,1,-1.5000,52.7500,16,4.0000,-3.7500,,,17.5000,,17.5000,,17.5000,,17.5000,,17.5000
2021-02-03,2021,-1,13477.5000,4.7500,-44.5000,-43.5000,-42.7500,-56.0000,30,-49.0000,16.0000,8,5.0000,35.2500,26.0000,1.0000,-13.5000,2.0000,-35.2500,2.0000,-35.2500,26.0000,-42.7500,,-44.5000
2021-02-04,2021,1,13458.5000,4.5000,-55.0000,-54.5000,-27.0000,-60.2500,30,-54.5000,5.5000,1,21.0000,24.2500,23.0000,1.0000,-19.5000,1.0000,-19.5000,3.0000,-27.7500,30.0000,-55.0000,30.0000,-55.0000
2021-02-05,2021,-1,13581.5000,3.6250,51.0000,51.2500,7.0000,-11.0000,1,4.2500,51.5000,30,3.0000,-7.5000,15.0000,,51.0000,,51.0000,,51.0000,,51.0000,,51.0000
2021-02-08,2021,-1,13653.2500,2.7500,-7.5000,-7.2500,-5.2500,-17.5000,26,-14.5000,20.5000,8,1.0000,4.0000,9.0000,10.0000,-11.2500,10.0000,-11.2500,,-7.5000,,-7.5000,,-7.5000
2021-02-09,2021,1,13661.2500,3.7500,47.7500,47.2500,-4.0000,-6.5000,9,-3.5000,56.2500,29,2.0000,-1.0000,8.0000,,47.7500,,47.7500,,47.7500,,47.7500,,47.7500
2021-02-10,2021,-1,13729.0000,2.5000,-20.0000,-20.2500,-20.0000,-24.2500,28,-20.7500,14.7500,9,1.0000,21.0000,,1.0000,-11.7500,1.0000,-11.7500,28.0000,-20.7500,28.0000,-20.7500,,-20.0000
2021-02-11,2021,1,13726.5000,2.7500,-30.0000,-30.5000,-14.5000,-44.5000,20,-42.5000,12.2500,6,6.0000,4.7500,8.0000,2.0000,-8.5000,3.0000,-15.5000,12.0000,-17.2500,18.0000,-25.2500,19.0000,-42.5000
2021-02-12,2021,-1,13674.2500,3.0000,-28.7500,-28.5000,-1.2500,-33.7500,30,-29.2500,28.2500,3,3.0000,-7.5000,5.0000,8.0000,-8.7500,10.0000,-15.5000,12.0000,-21.2500,14.0000,-29.7500,,-28.7500
2021-02-16,2021,-1,13836.7500,5.0000,-17.0000,-16.5000,-3.2500,-31.7500,16,-25.0000,25.2500,6,5.0000,-1.5000,9.0000,1.0000,-11.2500,13.0000,-21.7500,,-17.0000,,-17.0000,,-17.0000
2021-02-17,2021,-1,13649.2500,9.8750,-29.0000,-29.0000,4.5000,-43.2500,19,-39.5000,38.5000,6,6.0000,-17.5000,7.0000,18.0000,-34.2500,,-29.0000,,-29.0000,,-29.0000,,-29.0000
2021-02-18,2021,-1,13534.5000,8.5000,-26.0000,-26.7500,-30.7500,-49.0000,24,-40.7500,7.0000,8,8.0000,17.7500,11.0000,2.0000,-18.0000,14.0000,-35.7500,,-26.0000,,-26.0000,,-26.0000
2021-02-19,2021,-1,13679.2500,4.6250,7.7500,7.7500,10.7500,-1.0000,1,0.5000,38.2500,18,14.0000,-16.0000,24.0000,,7.7500,,7.7500,,7.7500,,7.7500,,7.7500
2021-02-22,2021,1,13411.5000,4.6250,26.7500,26.7500,-33.5000,-53.0000,4,-43.0000,34.5000,29,5.0000,23.0000,9.0000,1.0000,-32.7500,1.0000,-32.7500,1.0000,-32.7500,2.0000,-42.5000,,26.7500
2021-02-23,2021,-1,12980.5000,7.7500,79.7500,79.2500,79.7500,-12.5000,1,15.2500,223.2500,18,2.0000,-0.5000,,,79.7500,,79.7500,,79.7500,,79.7500,,79.7500
2021-02-24,2021,1,13092.2500,17.7500,-92.0000,-91.7500,-60.0000,-96.0000,29,-91.7500,10.2500,1,7.0000,44.2500,8.0000,3.0000,-39.0000,4.0000,-79.0000,,-92.0000,,-92.0000,,-92.0000
2021-02-25,2021,1,13227.0000,8.6250,-47.0000,-47.0000,-15.2500,-47.7500,30,-47.0000,63.0000,6,1.0000,13.5000,28.0000,29.0000,-25.5000,30.0000,-47.0000,,-47.0000,,-47.0000,,-47.0000
2021-02-26,2021,1,12978.5000,10.0000,-139.5000,-139.5000,-9.2500,-144.2500,29,-139.5000,53.5000,8,7.0000,-0.5000,10.0000,3.0000,-21.0000,18.0000,-58.7500,19.0000,-88.2500,19.0000,-88.2500,28.0000,-134.0000
2021-03-01,2021,-1,13086.7500,8.3750,-17.0000,-17.0000,7.7500,-33.2500,30,-23.5000,46.2500,4,5.0000,-9.2500,12.0000,29.0000,-23.2500,,-17.0000,,-17.0000,,-17.0000,,-17.0000
2021-03-02,2021,-1,13265.7500,5.2500,41.7500,42.2500,41.7500,-13.5000,2,-5.0000,86.5000,19,1.0000,14.5000,,,41.7500,,41.7500,,41.7500,,41.7500,,41.7500
2021-03-03,2021,1,13045.7500,10.1250,-150.2500,-150.2500,-114.5000,-153.0000,27,-150.2500,6.2500,1,17.0000,105.7500,25.0000,3.0000,-25.0000,4.0000,-47.2500,6.0000,-63.5000,10.0000,-89.7500,26.0000,-137.0000
2021-03-04,2021,1,12736.7500,9.1250,-126.2500,-126.2500,-50.0000,-177.0000,28,-159.5000,28.2500,3,1.0000,38.0000,14.0000,12.0000,-19.0000,13.0000,-37.7500,15.0000,-88.2500,15.0000,-88.2500,17.0000,-121.7500
2021-03-05,2021,-1,12564.7500,12.8750,127.0000,127.0000,127.0000,-10.0000,1,16.5000,206.2500,25,3.0000,-16.5000,,,127.0000,,127.0000,,127.0000,,127.0000,,127.0000
2021-03-08,2021,-1,12579.5000,10.2500,2.0000,1.5000,11.5000,-119.2500,14,-111.0000,52.7500,4,3.0000,-18.5000,6.0000,8.0000,-48.2500,8.0000,-48.2500,10.0000,-83.0000,10.0000,-83.0000,,2.0000
2021-03-09,2021,1,12610.7500,5.7500,115.7500,115.0000,-3.7500,-23.7500,11,-16.0000,122.2500,30,3.0000,-4.2500,9.0000,1.0000,-15.0000,,115.7500,,115.7500,,115.7500,,115.7500
2021-03-10,2021,1,12947.7500,12.7500,-30.5000,-30.0000,-23.2500,-77.2500,10,-73.7500,31.7500,21,19.0000,12.7500,25.0000,2.0000,-26.0000,6.0000,-53.0000,,-30.5000,,-30.5000,,-30.5000
2021-03-11,2021,-1,12944.2500,7.1250,-42.0000,-41.2500,-26.7500,-52.7500,2,-43.5000,21.7500,12,10.0000,26.2500,28.0000,1.0000,-38.5000,1.0000,-38.5000,2.0000,-43.0000,,-42.0000,,-42.0000
2021-03-12,2021,-1,12832.0000,7.2500,-35.0000,-35.2500,-11.5000,-55.0000,28,-48.7500,42.7500,5,4.0000,5.5000,12.0000,13.0000,-23.0000,19.0000,-40.5000,24.0000,-47.0000,,-35.0000,,-35.0000
2021-03-15,2021,-1,12908.2500,4.2500,-53.7500,-53.2500,-30.0000,-65.7500,24,-53.2500,20.7500,9,6.0000,16.0000,18.0000,3.0000,-16.7500,4.0000,-23.7500,18.0000,-30.0000,20.0000,-48.0000,23.0000,-54.0000
2021-03-16,2021,1,13170.0000,4.0000,68.2500,68.0000,68.2500,-17.2500,6,-6.5000,69.2500,30,1.0000,21.7500,,,68.2500,,68.2500,,68.2500,,68.2500,,68.2500
2021-03-17,2021,-1,12992.2500,5.2500,-37.7500,-37.2500,-2.2500,-51.7500,29,-49.2500,58.0000,8,3.0000,-13.5000,12.0000,16.0000,-18.7500,17.0000,-27.0000,18.0000,-32.5000,27.0000,-42.7500,,-37.7500
2021-03-18,2021,1,12995.5000,9.2500,-26.5000,-26.5000,-34.5000,-62.2500,14,-52.2500,26.7500,2,25.0000,16.5000,28.0000,11.0000,-20.2500,13.0000,-47.5000,,-26.5000,,-26.5000,,-26.5000
2021-03-19,2021,1,12824.2500,15.7500,-86.5000,-86.2500,-75.7500,-99.5000,10,-90.7500,9.2500,1,16.0000,68.7500,17.0000,7.0000,-34.0000,8.0000,-75.0000,,-86.5000,,-86.5000,,-86.5000
2021-03-22,2021,1,12978.7500,3.7500,21.2500,20.7500,21.2500,-32.7500,9,-20.0000,48.0000,29,1.0000,20.5000,,5.0000,-10.2500,8.0000,-20.0000,,21.2500,,21.2500,,21.2500
2021-03-23,2021,-1,13078.0000,4.5000,-11.0000,-11.0000,-11.0000,-35.0000,3,-34.2500,27.5000,25,7.0000,21.2500,,1.0000,-18.5000,1.0000,-18.5000,3.0000,-34.5000,,-11.0000,,-11.0000
2021-03-24,2021,-1,13057.2500,4.7500,88.7500,88.5000,88.7500,-2.2500,1,6.2500,119.7500,28,3.0000,-9.7500,,,88.7500,,88.7500,,88.7500,,88.7500,,88.7500
2021-03-25,2021,1,12730.5000,8.6250,93.5000,94.0000,0.0000,-16.5000,3,-7.5000,98.7500,30,5.0000,-10.5000,18.0000,,93.5000,,93.5000,,93.5000,,93.5000,,93.5000
2021-03-26,2021,1,12786.5000,6.0000,54.0000,54.0000,3.7500,-19.5000,4,-10.5000,54.5000,30,6.0000,-10.0000,10.0000,,54.0000,,54.0000,,54.0000,,54.0000,,54.0000
2021-03-29,2021,1,12928.7500,6.7500,-95.5000,-95.7500,-4.5000,-96.2500,30,-95.7500,49.2500,5,3.0000,-5.7500,12.0000,21.0000,-16.0000,22.0000,-34.5000,23.0000,-48.0000,24.0000,-57.0000,28.0000,-86.0000
2021-03-30,2021,-1,12847.7500,4.7500,28.7500,29.0000,28.7500,-10.5000,1,-2.5000,42.5000,19,11.0000,-3.2500,,,28.7500,,28.7500,,28.7500,,28.7500,,28.7500
2021-03-31,2021,1,12967.7500,3.0000,102.2500,102.5000,102.2500,-8.7500,1,-5.7500,111.0000,30,4.0000,-4.7500,,,102.2500,,102.2500,,102.2500,,102.2500,,102.2500
2021-04-01,2021,1,13264.5000,3.2500,13.2500,12.7500,13.2500,-4.7500,1,2.5000,37.5000,19,,,,,13.2500,,13.2500,,13.2500,,13.2500,,13.2500
2021-04-05,2021,-1,13420.0000,3.5000,-60.0000,-59.2500,-21.5000,-65.5000,18,-62.5000,0.7500,1,4.0000,14.0000,5.0000,1.0000,-17.2500,1.0000,-17.2500,5.0000,-21.5000,13.0000,-36.0000,15.0000,-45.5000
2021-04-06,2021,-1,13559.2500,4.2500,-45.2500,-45.5000,-45.2500,-47.5000,30,-45.5000,20.5000,4,,,,6.0000,-17.5000,6.0000,-17.5000,22.0000,-31.0000,27.0000,-37.5000,,-45.2500
2021-04-07,2021,1,13550.2500,3.5000,35.5000,35.2500,35.5000,-37.7500,2,-29.2500,45.5000,30,10.0000,19.0000,,1.0000,-13.0000,2.0000,-29.2500,2.0000,-29.2500,2.0000,-29.2500,,35.5000
2021-04-08,2021,1,13732.5000,4.2500,4.5000,5.0000,4.5000,-28.2500,16,-23.5000,22.5000,28,19.0000,18.2500,,11.0000,-14.7500,15.0000,-23.0000,,4.5000,,4.5000,,4.5000
2021-04-09,2021,1,13685.5000,6.0000,41.5000,41.5000,41.5000,-27.2500,9,-20.5000,44.5000,30,12.0000,4.0000,,6.0000,-20.5000,,41.5000,,41.5000,,41.5000,,41.5000
2021-04-12,2021,-1,13786.0000,3.5000,4.0000,4.2500,4.0000,-23.5000,7,-19.7500,43.5000,19,9.0000,14.7500,,5.0000,-7.7500,6.0000,-19.2500,,4.0000,,4.0000,,4.0000
2021-04-13,2021,1,13880.2500,4.7500,56.7500,56.7500,56.7500,-10.0000,2,-2.7500,68.5000,28,3.0000,-4.2500,,,56.7500,,56.7500,,56.7500,,56.7500,,56.7500
2021-04-14,2021,-1,13958.5000,3.5000,6.0000,5.7500,-12.7500,-16.5000,27,-16.0000,20.0000,30,1.0000,9.2500,11.0000,11.0000,-12.7500,12.0000,-14.2500,,6.0000,,6.0000,,6.0000
2021-04-15,2021,1,13953.2500,3.6250,-15.7500,-15.7500,-11.0000,-17.0000,30,-15.7500,24.5000,8,1.0000,5.2500,29.0000,29.0000,-11.0000,30.0000,-15.7500,,-15.7500,,-15.7500,,-15.7500
2021-04-16,2021,-1,13986.2500,4.6250,14.2500,14.2500,-4.7500,-14.7500,10,-8.5000,32.5000,26,1.0000,4.5000,9.0000,,14.2500,,14.2500,,14.2500,,14.2500,,14.2500
2021-04-19,2021,1,13993.0000,4.8750,-4.5000,-4.5000,-4.5000,-15.0000,30,-4.7500,20.2500,5,1.0000,9.7500,,,-4.5000,,-4.5000,,-4.5000,,-4.5000,,-4.5000
2021-04-20,2021,1,13886.5000,3.3750,11.2500,11.0000,11.2500,-34.5000,3,-23.2500,43.2500,21,5.0000,20.5000,,1.0000,-14.2500,1.0000,-14.2500,2.0000,-22.7500,,11.2500,,11.2500
2021-04-21,2021,1,13755.2500,5.5000,35.2500,35.2500,35.2500,-54.7500,8,-45.7500,49.7500,27,15.0000,26.5000,,1.0000,-18.7500,7.0000,-44.0000,7.0000,-44.0000,8.0000,-45.7500,,35.2500
2021-04-22,2021,-1,13883.0000,3.8750,5.5000,6.0000,5.5000,-18.0000,5,-17.5000,27.5000,19,9.0000,6.2500,,2.0000,-8.0000,5.0000,-17.0000,,5.5000,,5.5000,,5.5000
2021-04-23,2021,1,13806.7500,3.0000,22.2500,22.2500,22.2500,-21.0000,15,-12.7500,27.7500,22,18.0000,0.5000,,14.0000,-12.0000,14.0000,-12.0000,,22.2500,,22.2500,,22.2500
2021-04-26,2021,-1,13931.0000,3.2500,-11.7500,-11.5000,-9.2500,-20.0000,11,-15.0000,28.7500,20,14.0000,6.0000,28.0000,9.0000,-8.0000,10.0000,-14.7500,,-11.7500,,-11.7500,,-11.7500
2021-04-27,2021,-1,14015.7500,2.8750,67.0000,66.5000,67.0000,-15.2500,3,-5.7500,91.5000,29,8.0000,-8.2500,,,67.0000,,67.0000,,67.0000,,67.0000,,67.0000
2021-04-28,2021,-1,13921.7500,2.6250,-46.2500,-46.7500,-10.2500,-53.7500,28,-50.5000,36.2500,8,1.0000,5.7500,14.0000,14.0000,-10.2500,15.0000,-15.0000,16.0000,-19.5000,17.0000,-22.7500,23.0000,-34.0000
2021-04-29,2021,-1,14020.0000,4.2500,61.0000,61.2500,61.0000,-18.0000,2,-12.7500,77.5000,28,14.0000,0.7500,,1.0000,-13.0000,,61.0000,,61.0000,,61.0000,,61.0000
2021-04-30,2021,1,13865.7500,5.2500,39.5000,39.5000,39.5000,-7.7500,2,-1.5000,45.0000,29,7.0000,-4.5000,,,39.5000,,39.5000,,39.5000,,39.5000,,39.5000
2021-05-03,2021,-1,13896.2500,3.0000,14.0000,14.5000,14.0000,-11.0000,2,-5.7500,45.2500,14,4.0000,-4.2500,,,14.0000,,14.0000,,14.0000,,14.0000,,14.0000
2021-05-04,2021,-1,13634.0000,5.2500,97.2500,97.0000,97.2500,-21.2500,5,-12.5000,119.7500,29,1.0000,42.5000,,5.0000,-12.0000,,97.2500,,97.2500,,97.2500,,97.2500
2021-05-05,2021,1,13661.7500,5.3750,-85.5000,-85.5000,-41.0000,-91.0000,30,-88.7500,3.7500,1,12.0000,38.5000,20.0000,1.0000,-14.5000,3.0000,-52.0000,3.0000,-52.0000,3.0000,-52.0000,27.0000,-65.2500
2021-05-06,2021,-1,13448.0000,5.5000,21.5000,21.2500,-47.7500,-61.0000,8,-59.7500,33.0000,30,10.0000,42.7500,19.0000,5.0000,-32.5000,5.0000,-32.5000,6.0000,-49.0000,6.0000,-49.0000,,21.5000
2021-05-07,2021,-1,13677.2500,11.5000,-47.5000,-47.7500,-47.5000,-77.2500,18,-71.5000,15.7500,2,23.0000,52.7500,,4.0000,-40.0000,5.0000,-54.2500,17.0000,-69.2500,,-47.5000,,-47.5000
2021-05-10,2021,-1,13595.7500,5.7500,79.7500,80.2500,79.7500,-0.7500,1,10.5000,90.2500,29,1.0000,6.7500,,,79.7500,,79.7500,,79.7500,,79.7500,,79.7500
2021-05-11,2021,1,13128.0000,8.1250,118.7500,119.2500,118.7500,-28.0000,2,-20.0000,144.7500,28,4.0000,3.0000,,2.0000,-19.5000,,118.7500,,118.7500,,118.7500,,118.7500
2021-05-12,2021,1,13177.5000,14.7500,-50.0000,-49.7500,-14.5000,-62.2500,30,-49.7500,54.0000,16,11.0000,7.5000,25.0000,28.0000,-42.0000,,-50.0000,,-50.0000,,-50.0000,,-50.0000
2021-05-13,2021,1,13161.7500,8.2500,24.2500,24.0000,24.2500,-75.0000,17,-71.7500,29.2500,30,21.0000,52.5000,,1.0000,-28.0000,7.0000,-41.2500,14.0000,-52.2500,17.0000,-71.7500,,24.2500
2021-05-14,2021,1,13245.7500,6.7500,26.2500,25.5000,26.2500,-37.0000,12,-35.2500,29.2500,28,20.0000,22.5000,,5.0000,-15.2500,9.0000,-27.5000,,26.2500,,26.2500,,26.2500
2021-05-17,2021,-1,13278.5000,4.8750,35.2500,35.0000,35.2500,-64.5000,15,-56.2500,37.7500,30,20.0000,37.2500,,2.0000,-12.7500,3.0000,-22.2500,5.0000,-42.7500,5.0000,-42.7500,,35.2500
2021-05-18,2021,-1,13322.2500,5.6250,-1.7500,-2.0000,-12.2500,-39.7500,7,-38.2500,22.2500,19,1.0000,11.5000,5.0000,5.0000,-12.2500,7.0000,-37.0000,7.0000,-37.0000,,-1.7500,,-1.7500
2021-05-19,2021,1,13023.2500,10.0000,-7.5000,-8.2500,-7.5000,-43.2500,9,-29.2500,54.2500,19,11.0000,22.7500,,8.0000,-26.2500,,-7.5000,,-7.5000,,-7.5000,,-7.5000
2021-05-20,2021,1,13322.2500,4.3750,86.2500,86.0000,86.2500,-3.7500,1,0.2500,88.5000,30,4.0000,-7.7500,,,86.2500,,86.2500,,86.2500,,86.2500,,86.2500
2021-05-21,2021,-1,13540.7500,5.1250,7.5000,7.2500,7.5000,-8.7500,3,-5.7500,56.2500,14,1.0000,8.0000,,,7.5000,,7.5000,,7.5000,,7.5000,,7.5000
2021-05-24,2021,1,13527.5000,3.8750,65.5000,65.5000,65.5000,-6.2500,2,1.7500,68.0000,29,1.0000,10.0000,,,65.5000,,65.5000,,65.5000,,65.5000,,65.5000
2021-05-25,2021,1,13727.2500,3.7500,-73.0000,-72.7500,-70.0000,-82.7500,30,-77.7500,2.5000,1,23.0000,66.7500,26.0000,1.0000,-10.5000,2.0000,-35.2500,2.0000,-35.2500,2.0000,-35.2500,5.0000,-47.7500
2021-05-26,2021,1,13699.5000,4.6250,-40.0000,-39.7500,-40.0000,-43.5000,30,-39.7500,5.2500,8,,,,2.0000,-9.7500,11.0000,-20.0000,13.0000,-29.2500,30.0000,-40.0000,,-40.0000
2021-05-27,2021,-1,13674.5000,5.5000,5.0000,4.5000,5.0000,-10.0000,7,-5.7500,30.5000,16,9.0000,-0.2500,,,5.0000,,5.0000,,5.0000,,5.0000,,5.0000
2021-05-28,2021,1,13710.0000,3.3750,2.5000,2.5000,2.5000,-14.2500,2,-10.0000,29.7500,9,4.0000,4.5000,,1.0000,-10.2500,,2.5000,,2.5000,,2.5000,,2.5000
2021-06-01,2021,-1,13747.0000,2.6250,36.0000,35.5000,36.0000,-26.0000,9,-20.0000,41.5000,23,11.0000,16.5000,,3.0000,-7.7500,8.0000,-20.2500,8.0000,-20.2500,,36.0000,,36.0000
2021-06-02,2021,1,13676.0000,2.7500,-9.5000,-9.2500,-9.5000,-17.5000,6,-13.5000,32.5000,23,1.0000,15.5000,,5.0000,-9.7500,6.0000,-13.5000,,-9.5000,,-9.5000,,-9.5000
2021-06-03,2021,-1,13556.5000,4.1250,50.7500,50.2500,50.7500,-13.2500,2,-2.7500,94.2500,18,4.0000,-0.2500,,,50.7500,,50.7500,,50.7500,,50.7500,,50.7500
2021-06-04,2021,1,13641.0000,4.3750,103.5000,103.7500,103.5000,-3.2500,1,1.5000,103.7500,30,4.0000,-1.5000,,,103.5000,,103.5000,,103.5000,,103.5000,,103.5000
2021-06-07,2021,-1,13739.7500,4.1250,3.2500,3.7500,-16.2500,-24.7500,4,-19.0000,19.0000,8,7.0000,10.5000,17.0000,3.0000,-19.0000,3.0000,-19.0000,,3.2500,,3.2500,,3.2500
2021-06-08,2021,-1,13869.0000,3.5000,40.5000,40.5000,40.5000,-48.2500,12,-44.5000,46.2500,30,16.0000,40.7500,,2.0000,-11.0000,4.0000,-15.5000,7.0000,-30.0000,7.0000,-30.0000,11.0000,-44.2500
2021-06-09,2021,1,13875.5000,3.5000,-15.5000,-15.5000,-6.5000,-32.2500,21,-29.0000,28.7500,14,5.0000,-2.0000,7.0000,1.0000,-8.0000,18.0000,-20.5000,20.0000,-29.2500,20.0000,-29.2500,,-15.5000
2021-06-10,2021,-1,13815.0000,4.3750,-134.0000,-131.2500,-134.7500,-139.2500,24,-136.7500,0.7500,1,26.0000,130.0000,29.0000,1.0000,-25.0000,1.0000,-25.0000,2.0000,-44.7500,2.0000,-44.7500,3.0000,-58.0000
2021-06-11,2021,-1,13952.0000,3.1250,-13.5000,-13.2500,-1.2500,-26.0000,21,-25.0000,17.2500,3,6.0000,1.0000,9.0000,11.0000,-9.2500,17.0000,-14.2500,18.0000,-20.0000,,-13.5000,,-13.5000
2021-06-14,2021,-1,13962.5000,2.8750,-34.0000,-34.0000,-34.0000,-75.0000,18,-69.5000,5.5000,1,20.0000,61.7500,,1.0000,-9.2500,4.0000,-12.5000,6.0000,-23.2500,6.0000,-23.2500,9.0000,-38.2500
2021-06-15,2021,-1,14067.2500,4.6250,-16.7500,-16.5000,-13.7500,-55.2500,22,-51.7500,3.5000,2,1.0000,8.7500,3.0000,3.0000,-13.7500,6.0000,-19.5000,10.0000,-29.5000,13.0000,-46.7500,,-16.7500
2021-06-16,2021,1,14061.5000,2.8750,15.5000,15.5000,15.5000,-17.5000,5,-16.5000,26.0000,24,11.0000,-2.7500,,1.0000,-8.0000,5.0000,-16.5000,,15.5000,,15.5000,,15.5000
2021-06-17,2021,1,13969.5000,5.6250,66.0000,66.0000,66.0000,-4.7500,1,0.2500,67.0000,30,4.0000,-9.7500,,,66.0000,,66.0000,,66.0000,,66.0000,,66.0000
2021-06-18,2021,-1,14066.7500,7.1250,-21.7500,-21.7500,-42.0000,-64.7500,12,-54.2500,11.2500,21,18.0000,39.5000,25.0000,1.0000,-52.7500,1.0000,-52.7500,1.0000,-52.7500,,-21.7500,,-21.7500
2021-06-21,2021,-1,14002.2500,4.2500,-60.2500,-60.5000,-40.2500,-65.2500,27,-60.5000,43.7500,6,1.0000,23.0000,22.0000,12.0000,-8.7500,21.0000,-21.7500,22.0000,-40.2500,22.0000,-40.2500,26.0000,-58.5000
2021-06-22,2021,1,14131.7500,4.7500,22.7500,22.7500,-7.2500,-17.0000,19,-7.5000,45.0000,6,2.0000,0.5000,11.0000,,22.7500,,22.7500,,22.7500,,22.7500,,22.7500
2021-06-23,2021,1,14281.0000,2.7500,18.7500,19.0000,18.7500,-12.0000,22,-4.2500,34.7500,28,24.0000,1.7500,,,18.7500,,18.7500,,18.7500,,18.7500,,18.7500
2021-06-24,2021,1,14363.0000,2.5000,11.0000,10.7500,3.7500,-13.2500,1,-11.5000,23.2500,5,4.0000,-5.0000,14.0000,1.0000,-11.7500,1.0000,-11.7500,,11.0000,,11.0000,,11.0000
2021-06-25,2021,-1,14374.5000,2.7500,40.0000,40.2500,-7.0000,-16.0000,2,-12.5000,50.7500,29,5.0000,5.7500,7.0000,1.0000,-8.5000,2.0000,-12.5000,,40.0000,,40.0000,,40.0000
2021-06-28,2021,1,14436.7500,2.7500,25.2500,25.0000,-2.5000,-9.5000,21,-7.7500,29.5000,28,3.0000,-1.5000,10.0000,20.0000,-8.0000,,25.2500,,25.2500,,25.2500,,25.2500
2021-06-29,2021,-1,14480.7500,2.8750,-36.2500,-36.0000,-40.7500,-48.7500,13,-43.0000,10.2500,1,18.0000,40.0000,20.0000,2.0000,-18.0000,2.0000,-18.0000,2.0000,-18.0000,5.0000,-36.7500,5.0000,-36.7500
2021-06-30,2021,-1,14542.5000,2.8750,1.5000,1.5000,-14.5000,-30.0000,15,-23.2500,22.7500,27,9.0000,12.7500,12.0000,4.0000,-9.2500,6.0000,-13.5000,15.0000,-22.0000,16.0000,-23.2500,,1.5000
2021-07-01,2021,1,14548.7500,4.0000,0.7500,0.5000,0.7500,-20.0000,23,-14.2500,21.2500,14,1.0000,14.2500,,22.0000,-13.2500,,0.7500,,0.7500,,0.7500,,0.7500
2021-07-02,2021,-1,14633.0000,4.3750,-15.2500,-15.0000,-15.2500,-32.2500,18,-31.7500,6.2500,1,,,,4.0000,-15.0000,5.0000,-22.7500,17.0000,-31.5000,,-15.2500,,-15.2500
2021-07-06,2021,1,14766.0000,3.3750,-6.2500,-6.0000,-3.7500,-24.7500,13,-20.2500,6.5000,5,5.0000,1.5000,7.0000,8.0000,-6.5000,11.0000,-14.7500,,-6.2500,,-6.2500,,-6.2500
2021-07-07,2021,-1,14848.0000,2.8750,21.2500,21.5000,21.2500,-5.0000,13,-4.0000,30.5000,3,1.0000,7.2500,,,21.2500,,21.2500,,21.2500,,21.2500,,21.2500
2021-07-08,2021,-1,14593.2500,6.0000,-23.2500,-24.0000,-44.5000,-53.0000,28,-45.2500,52.7500,17,10.0000,36.5000,27.0000,1.0000,-22.5000,3.0000,-28.0000,7.0000,-38.2500,,-23.2500,,-23.2500
2021-07-09,2021,1,14708.2500,5.0000,1.5000,0.7500,1.5000,-40.2500,6,-32.7500,16.7500,17,13.0000,17.0000,,4.0000,-28.2500,4.0000,-28.2500,5.0000,-32.5000,,1.5000,,1.5000
2021-07-12,2021,-1,14873.0000,2.7500,52.0000,52.2500,52.0000,-2.7500,1,-0.5000,68.5000,29,7.0000,-15.2500,,,52.0000,,52.0000,,52.0000,,52.0000,,52.0000
2021-07-13,2021,1,14877.5000,5.3750,54.7500,54.5000,54.7500,-35.2500,7,-27.0000,62.7500,29,9.0000,22.7500,,2.0000,-12.5000,6.0000,-24.0000,,54.7500,,54.7500,,54.7500
2021-07-14,2021,1,14983.5000,3.3750,-9.2500,-9.0000,-13.0000,-48.5000,17,-43.7500,8.0000,2,1.0000,8.2500,3.0000,3.0000,-13.0000,4.0000,-29.7500,4.0000,-29.7500,4.0000,-29.7500,8.0000,-42.7500
2021-07-15,2021,-1,14876.5000,4.7500,-6.5000,-6.5000,7.7500,-19.2500,25,-16.5000,80.7500,8,2.0000,-18.2500,17.0000,24.0000,-13.2500,,-6.5000,,-6.5000,,-6.5000,,-6.5000
2021-07-16,2021,1,14858.2500,3.5000,-47.2500,-47.5000,-54.7500,-56.0000,29,-54.7500,11.2500,3,28.0000,47.2500,29.0000,4.0000,-9.0000,8.0000,-17.7500,12.0000,-27.5000,14.0000,-33.7500,19.0000,-47.0000
2021-07-19,2021,-1,14507.5000,6.3750,39.7500,39.7500,-25.7500,-66.0000,14,-60.7500,51.2500,29,1.0000,20.0000,4.0000,4.0000,-25.7500,4.0000,-25.7500,12.0000,-61.0000,12.0000,-61.0000,,39.7500
2021-07-20,2021,-1,14554.7500,5.7500,-10.0000,-10.0000,-4.0000,-35.7500,27,-31.0000,38.0000,8,6.0000,2.2500,14.0000,15.0000,-14.2500,27.0000,-31.0000,,-10.0000,,-10.0000,,-10.0000
2021-07-21,2021,-1,14704.0000,4.3750,-42.0000,-42.2500,-28.5000,-53.5000,27,-52.0000,1.7500,1,9.0000,25.0000,12.0000,1.0000,-15.0000,3.0000,-35.7500,3.0000,-35.7500,3.0000,-35.7500,,-42.0000
2021-07-22,2021,1,14865.0000,3.3750,25.5000,25.0000,8.0000,-7.7500,19,-6.2500,34.0000,28,11.0000,-11.2500,15.0000,,25.5000,,25.5000,,25.5000,,25.5000,,25.5000
2021-07-23,2021,-1,14957.0000,3.0000,-29.0000,-29.2500,-2.7500,-30.7500,21,-29.2500,22.7500,3,3.0000,-5.2500,13.0000,14.0000,-10.0000,15.0000,-14.2500,16.0000,-24.2500,16.0000,-24.2500,,-29.0000
2021-07-26,2021,-1,15045.2500,3.2500,-66.7500,-66.7500,-66.7500,-67.2500,30,-66.7500,5.0000,2,,,,3.0000,-11.5000,4.0000,-24.0000,4.0000,-24.0000,5.0000,-42.0000,5.0000,-42.0000
2021-07-27,2021,-1,15083.2500,3.7500,36.0000,35.7500,36.0000,-3.5000,5,0.7500,56.5000,28,1.0000,5.2500,,,36.0000,,36.0000,,36.0000,,36.0000,,36.0000
2021-07-28,2021,-1,14998.2500,3.7500,7.5000,7.2500,7.5000,-1.5000,30,4.5000,96.7500,10,1.0000,12.2500,,,7.5000,,7.5000,,7.5000,,7.5000,,7.5000
2021-07-29,2021,1,15013.7500,3.7500,23.2500,23.0000,23.2500,-10.2500,2,-5.7500,65.7500,14,1.0000,10.2500,,,23.2500,,23.2500,,23.2500,,23.2500,,23.2500
2021-07-30,2021,-1,14883.2500,4.5000,-89.2500,-89.5000,-12.2500,-90.7500,30,-89.5000,6.5000,1,1.0000,9.7500,2.0000,2.0000,-12.2500,4.0000,-32.0000,4.0000,-32.0000,13.0000,-38.5000,18.0000,-54.5000
2021-08-02,2021,1,15031.5000,3.1250,-60.7500,-60.5000,-76.7500,-95.7500,20,-93.2500,3.2500,1,15.0000,74.7500,16.0000,1.0000,-11.0000,3.0000,-27.0000,3.0000,-27.0000,3.0000,-27.0000,5.0000,-52.0000
2021-08-03,2021,-1,14964.2500,3.0000,35.5000,35.2500,35.5000,-44.5000,15,-34.2500,62.7500,28,18.0000,30.2500,,7.0000,-16.0000,7.0000,-16.0000,10.0000,-27.7500,10.0000,-27.7500,,35.5000
2021-08-04,2021,1,15043.7500,4.2500,3.0000,2.7500,-0.2500,-25.2500,20,-21.0000,25.7500,14,13.0000,-2.7500,17.0000,20.0000,-21.0000,20.0000,-21.0000,,3.0000,,3.0000,,3.0000
2021-08-05,2021,-1,15084.5000,2.6250,-43.0000,-43.2500,-37.0000,-47.0000,28,-43.2500,2.0000,1,25.0000,33.2500,26.0000,1.0000,-8.0000,2.0000,-15.2500,3.0000,-26.0000,3.0000,-26.0000,15.0000,-37.7500
2021-08-06,2021,1,15122.0000,4.2500,-21.2500,-21.2500,3.0000,-26.5000,28,-21.5000,28.0000,6,3.0000,-6.7500,9.0000,13.0000,-11.0000,28.0000,-21.5000,,-21.2500,,-21.2500,,-21.2500
2021-08-09,2021,1,15134.2500,3.0000,-34.7500,-34.7500,-34.7500,-65.2500,8,-60.7500,2.7500,1,10.0000,48.5000,,2.0000,-16.7500,2.0000,-16.7500,3.0000,-31.0000,3.0000,-31.0000,4.0000,-47.7500
2021-08-10,2021,-1,15132.0000,2.0000,-16.0000,-16.0000,-9.5000,-25.2500,28,-23.0000,15.2500,8,1.0000,9.0000,13.0000,12.0000,-8.5000,13.0000,-9.5000,15.0000,-13.5000,26.0000,-19.2500,,-16.0000
2021-08-11,2021,-1,15087.7500,4.2500,15.0000,14.7500,15.0000,-31.2500,2,-22.2500,40.5000,14,4.0000,15.0000,,1.0000,-19.5000,1.0000,-19.5000,,15.0000,,15.0000,,15.0000
2021-08-12,2021,-1,14990.0000,2.7500,33.5000,33.0000,33.5000,-9.5000,1,-3.0000,43.5000,13,4.0000,-5.0000,,,33.5000,,33.5000,,33.5000,,33.5000,,33.5000
2021-08-13,2021,-1,15074.5000,2.2500,-13.7500,-13.5000,-13.7500,-36.7500,28,-30.7500,6.2500,9,30.0000,23.7500,,2.0000,-6.0000,13.0000,-15.0000,13.0000,-15.0000,14.0000,-20.7500,16.0000,-27.2500
2021-08-16,2021,1,15098.2500,2.7500,-61.5000,-61.2500,-1.2500,-76.5000,23,-69.2500,14.0000,9,7.0000,-0.2500,11.0000,1.0000,-11.5000,1.0000,-11.5000,15.0000,-18.5000,16.0000,-26.5000,18.0000,-42.7500
2021-08-17,2021,-1,14985.2500,5.8750,1.7500,2.2500,1.7500,-57.0000,15,-51.7500,37.0000,28,19.0000,45.7500,,2.0000,-23.7500,4.0000,-37.7500,4.0000,-37.7500,14.0000,-51.2500,,1.7500
2021-08-18,2021,1,14996.0000,4.2500,13.5000,13.7500,-6.0000,-21.0000,4,-16.5000,40.0000,24,6.0000,0.7500,9.0000,2.0000,-11.5000,,13.5000,,13.5000,,13.5000,,13.5000
2021-08-19,2021,1,14810.2500,5.1250,25.5000,26.0000,-14.2500,-37.0000,8,-36.0000,43.2500,29,15.0000,9.5000,17.0000,5.0000,-14.7500,6.0000,-23.5000,8.0000,-35.7500,,25.5000,,25.5000
2021-08-20,2021,1,14984.5000,5.6250,58.0000,58.0000,-18.7500,-24.5000,5,-18.5000,64.5000,29,1.0000,7.2500,4.0000,4.0000,-18.7500,,58.0000,,58.0000,,58.0000,,58.0000
2021-08-23,2021,1,15158.7500,2.3750,68.7500,68.2500,-9.5000,-16.0000,2,-9.0000,71.7500,30,1.0000,7.7500,2.0000,2.0000,-9.5000,,68.7500,,68.7500,,68.7500,,68.7500
2021-08-24,2021,-1,15328.5000,3.2500,-15.0000,-15.0000,-15.0000,-21.7500,13,-16.0000,15.5000,4,1.0000,17.2500,,1.0000,-7.5000,12.0000,-16.2500,,-15.0000,,-15.0000,,-15.0000
2021-08-25,2021,1,15374.5000,2.5000,-4.2500,-4.2500,7.2500,-10.5000,22,-9.0000,22.5000,5,5.0000,-9.5000,13.0000,22.0000,-9.0000,,-4.2500,,-4.2500,,-4.2500,,-4.2500
2021-08-26,2021,1,15353.7500,3.3750,-13.7500,-13.7500,-13.7500,-22.5000,28,-18.7500,8.5000,13,,,,3.0000,-11.7500,27.0000,-19.0000,,-13.7500,,-13.7500,,-13.7500
2021-08-27,2021,1,15321.7500,3.2500,42.5000,42.7500,42.5000,-41.7500,28,-32.5000,44.2500,30,29.0000,14.7500,,2.0000,-8.5000,6.0000,-17.5000,7.0000,-32.7500,7.0000,-32.7500,,42.5000
2021-08-30,2021,1,15481.2500,1.8750,53.0000,53.5000,53.0000,-4.7500,2,2.2500,54.2500,28,1.0000,5.7500,,,53.0000,,53.0000,,53.0000,,53.0000,,53.0000
2021-08-31,2021,-1,15572.0000,3.3750,41.0000,40.7500,41.0000,-1.0000,1,8.7500,54.2500,28,3.0000,-9.5000,,,41.0000,,41.0000,,41.0000,,41.0000,,41.0000
2021-09-01,2021,1,15652.0000,3.6250,27.7500,27.5000,27.7500,-2.0000,5,-1.2500,47.0000,18,9.0000,-2.7500,,,27.7500,,27.7500,,27.7500,,27.7500,,27.7500
2021-09-02,2021,1,15675.0000,2.2500,-31.7500,-32.0000,-31.7500,-32.0000,27,-32.0000,7.0000,13,29.0000,24.5000,30.0000,1.0000,-5.7500,4.0000,-16.2500,4.0000,-16.2500,23.0000,-21.0000,30.0000,-31.7500
2021-09-03,2021,1,15597.0000,5.6250,57.5000,57.5000,57.5000,-42.5000,6,-36.7500,62.5000,28,8.0000,25.7500,,1.0000,-19.5000,2.0000,-32.5000,5.0000,-36.5000,,57.5000,,57.5000
2021-09-07,2021,-1,15645.7500,3.0000,4.5000,4.0000,-14.2500,-19.2500,10,-14.2500,32.2500,23,1.0000,12.5000,9.0000,6.0000,-7.7500,9.0000,-14.2500,,4.5000,,4.5000,,4.5000
2021-09-08,2021,1,15661.0000,2.5000,-29.7500,-30.2500,-37.7500,-49.0000,25,-42.7500,0.2500,1,14.0000,37.5000,20.0000,1.0000,-15.7500,1.0000,-15.7500,1.0000,-15.7500,2.0000,-32.5000,2.0000,-32.5000
2021-09-09,2021,-1,15615.7500,2.7500,-41.0000,-39.2500,-41.0000,-51.5000,13,-45.2500,1.2500,1,15.0000,41.7500,,1.0000,-14.0000,1.0000,-14.0000,2.0000,-21.7500,3.0000,-24.2500,5.0000,-37.0000
2021-09-10,2021,1,15653.7500,1.6250,-28.5000,-28.7500,-28.5000,-30.2500,30,-28.7500,3.5000,6,,,,3.0000,-7.7500,3.0000,-7.7500,18.0000,-13.2500,19.0000,-14.2500,30.0000,-28.5000
2021-09-13,2021,1,15554.0000,3.1250,-135.0000,-135.5000,-119.0000,-166.5000,29,-147.7500,3.5000,1,19.0000,103.5000,23.0000,1.0000,-12.0000,2.0000,-24.0000,2.0000,-24.0000,3.0000,-34.7500,4.0000,-41.5000
2021-09-14,2021,1,15507.0000,3.7500,-89.0000,-89.2500,-89.0000,-102.2500,30,-99.5000,11.0000,4,,,,2.0000,-16.5000,2.0000,-16.5000,7.0000,-38.7500,7.0000,-38.7500,19.0000,-59.5000
2021-09-15,2021,-1,15383.7500,3.7500,17.7500,18.0000,17.7500,-7.7500,1,-1.5000,52.5000,11,1.0000,19.5000,,,17.7500,,17.7500,,17.7500,,17.7500,,17.7500
2021-09-16,2021,1,15440.5000,3.3750,-45.2500,-45.0000,-3.2500,-53.2500,22,-45.0000,32.2500,2,2.0000,-0.2500,7.0000,8.0000,-11.5000,10.0000,-17.2500,14.0000,-23.0000,17.0000,-28.2500,21.0000,-43.5000
2021-09-17,2021,-1,15459.7500,4.3750,69.0000,67.7500,69.0000,-12.0000,1,15.2500,75.7500,25,3.0000,-16.2500,,,69.0000,,69.0000,,69.0000,,69.0000,,69.0000
2021-09-20,2021,1,15141.5000,5.2500,-54.7500,-55.0000,-52.7500,-61.0000,24,-58.2500,9.7500,13,1.0000,34.0000,2.0000,1.0000,-20.7500,2.0000,-52.7500,2.0000,-52.7500,2.0000,-52.7500,,-54.7500
2021-09-21,2021,-1,15045.2500,6.6250,-17.5000,-17.7500,-36.2500,-86.5000,16,-79.5000,16.5000,2,9.0000,25.2500,12.0000,5.0000,-14.5000,6.0000,-39.5000,13.0000,-67.2500,13.0000,-67.2500,,-17.5000
2021-09-22,2021,-1,15028.5000,6.0000,-66.5000,-67.0000,-4.5000,-77.0000,30,-73.0000,13.7500,11,12.0000,2.7500,15.0000,1.0000,-12.0000,23.0000,-29.2500,24.0000,-37.7500,28.0000,-52.2500,29.0000,-73.2500
2021-09-23,2021,1,15220.0000,7.2500,83.5000,83.2500,83.5000,-38.0000,3,-26.5000,83.7500,30,5.0000,26.5000,,1.0000,-18.2500,,83.5000,,83.5000,,83.5000,,83.5000
2021-09-24,2021,1,15203.2500,4.1250,51.5000,51.7500,12.7500,-13.5000,1,-5.5000,58.2500,28,6.0000,-18.7500,14.0000,,51.5000,,51.5000,,51.5000,,51.5000,,51.5000
2021-09-27,2021,-1,15174.7500,6.2500,57.5000,57.7500,57.5000,-7.5000,1,11.5000,90.7500,10,1.0000,20.0000,,,57.5000,,57.5000,,57.5000,,57.5000,,57.5000
2021-09-28,2021,1,15015.7500,8.8750,-117.2500,-116.5000,-86.7500,-118.7500,29,-116.5000,2.7500,1,25.0000,78.5000,28.0000,1.0000,-28.7500,3.0000,-44.7500,8.0000,-63.0000,11.0000,-76.2500,19.0000,-107.0000
2021-09-29,2021,1,14843.5000,6.2500,28.0000,27.7500,28.0000,-56.0000,12,-49.5000,62.7500,28,16.0000,41.5000,,1.0000,-15.0000,6.0000,-33.2500,11.0000,-45.0000,,28.0000,,28.0000
2021-09-30,2021,1,14846.7500,6.0000,3.0000,2.2500,-12.2500,-29.5000,14,-26.2500,32.0000,18,4.0000,-10.7500,6.0000,6.0000,-12.2500,13.0000,-26.2500,,3.0000,,3.0000,,3.0000
2021-10-01,2021,-1,14688.7500,5.0000,57.2500,57.5000,-11.5000,-19.7500,4,-11.2500,82.0000,24,2.0000,0.0000,3.0000,3.0000,-11.5000,,57.2500,,57.2500,,57.2500,,57.2500
2021-10-04,2021,-1,14687.5000,5.0000,140.7500,140.7500,140.7500,-3.7500,1,4.2500,143.0000,30,1.0000,8.7500,,,140.7500,,140.7500,,140.7500,,140.7500,,140.7500
2021-10-05,2021,1,14549.0000,4.5000,43.2500,43.0000,43.2500,-51.5000,6,-35.2500,54.0000,30,8.0000,28.5000,,1.0000,-9.2500,2.0000,-19.7500,5.0000,-31.2500,,43.2500,,43.2500
2021-10-06,2021,1,14544.5000,6.5000,-46.2500,-46.2500,11.7500,-57.0000,30,-46.2500,94.0000,12,4.0000,-12.7500,22.0000,28.0000,-21.2500,29.0000,-34.7500,30.0000,-46.2500,,-46.2500,,-46.2500
2021-10-07,2021,1,14912.2500,5.3750,63.0000,62.5000,63.0000,-11.0000,20,-6.2500,63.2500,30,1.0000,9.5000,,,63.0000,,63.0000,,63.0000,,63.0000,,63.0000
2021-10-08,2021,-1,14926.7500,9.2500,39.0000,39.2500,9.5000,-1.2500,1,9.2500,81.0000,27,3.0000,-17.2500,9.0000,,39.0000,,39.0000,,39.0000,,39.0000,,39.0000
2021-10-11,2021,1,14766.2500,4.3750,102.7500,103.0000,102.7500,-17.0000,1,2.7500,113.7500,28,1.0000,19.2500,,,102.7500,,102.7500,,102.7500,,102.7500,,102.7500
2021-10-12,2021,-1,14715.0000,5.2500,23.5000,23.5000,23.5000,-64.0000,2,-56.2500,57.5000,13,11.0000,22.2500,,1.0000,-47.0000,1.0000,-47.0000,1.0000,-47.0000,1.0000,-47.0000,,23.5000
2021-10-13,2021,1,14725.0000,8.2500,-2.7500,-2.7500,7.5000,-32.0000,24,-27.0000,53.7500,4,3.0000,-11.7500,16.0000,19.0000,-19.5000,,-2.7500,,-2.7500,,-2.7500,,-2.7500
2021-10-14,2021,-1,14911.2500,4.5000,-58.7500,-58.5000,-44.0000,-59.5000,30,-58.5000,20.7500,5,25.0000,34.5000,28.0000,8.0000,-20.5000,8.0000,-20.5000,14.0000,-31.5000,15.0000,-37.7500,29.0000,-55.7500
2021-10-15,2021,-1,15065.0000,5.6250,-0.7500,-0.2500,-9.2500,-22.5000,24,-16.5000,15.7500,2,11.0000,6.2500,15.0000,6.0000,-12.5000,,-0.7500,,-0.7500,,-0.7500,,-0.7500
2021-10-18,2021,1,15086.2500,4.7500,49.0000,49.0000,49.0000,-34.2500,3,-32.0000,61.5000,25,7.0000,19.5000,,2.0000,-25.0000,2.0000,-25.0000,3.0000,-32.0000,,49.0000,,49.0000
2021-10-19,2021,1,15327.7500,4.0000,-1.2500,-1.5000,-1.2500,-25.7500,3,-21.7500,30.0000,16,7.0000,14.2500,,1.0000,-12.2500,3.0000,-21.5000,,-1.2500,,-1.2500,,-1.2500
2021-10-20,2021,-1,15413.0000,3.2500,28.7500,28.7500,-3.7500,-26.0000,18,-21.0000,29.0000,30,4.0000,-1.7500,5.0000,1.0000,-8.5000,8.0000,-13.5000,17.0000,-20.7500,,28.7500,,28.7500
2021-10-21,2021,-1,15346.7500,3.6250,-37.5000,-37.2500,-39.5000,-47.5000,20,-45.0000,4.0000,1,17.0000,29.5000,18.0000,3.0000,-8.7500,5.0000,-18.5000,9.0000,-25.0000,13.0000,-29.2500,19.0000,-44.2500
2021-10-22,2021,-1,15419.0000,4.0000,-8.2500,-8.2500,-8.2500,-39.2500,7,-34.5000,33.5000,19,15.0000,24.7500,,1.0000,-13.0000,2.0000,-16.7500,3.0000,-25.2500,4.0000,-33.7500,,-8.2500
2021-10-25,2021,1,15422.7500,3.1250,-31.7500,-31.7500,-16.2500,-100.5000,9,-86.2500,11.2500,1,1.0000,5.2500,4.0000,4.0000,-16.2500,4.0000,-16.2500,5.0000,-37.2500,5.0000,-37.2500,6.0000,-50.5000
2021-10-26,2021,1,15612.7500,3.0000,31.7500,31.5000,31.7500,-6.0000,3,-0.7500,51.0000,29,1.0000,15.0000,,,31.7500,,31.7500,,31.7500,,31.7500,,31.7500
2021-10-27,2021,1,15588.7500,4.1250,32.0000,31.7500,32.0000,-30.0000,5,-22.0000,59.2500,28,7.0000,10.7500,,2.0000,-14.2500,4.0000,-22.2500,,32.0000,,32.0000,,32.0000
2021-10-28,2021,-1,15669.7500,5.2500,5.2500,5.2500,14.7500,-23.2500,14,-21.7500,34.2500,4,5.0000,-16.7500,10.0000,13.0000,-12.7500,14.0000,-21.5000,,5.2500,,5.2500,,5.2500
2021-10-29,2021,1,15648.5000,6.0000,26.7500,27.2500,26.7500,-19.7500,4,-8.5000,51.0000,24,6.0000,-1.7500,,,26.7500,,26.7500,,26.7500,,26.7500,,26.7500
2021-11-01,2021,-1,15844.2500,3.5000,59.2500,60.0000,59.2500,-8.7500,1,4.0000,64.5000,30,4.0000,-14.5000,,,59.2500,,59.2500,,59.2500,,59.2500,,59.2500
2021-11-02,2021,1,15880.7500,2.3750,74.7500,75.2500,74.7500,-12.7500,2,-5.0000,87.5000,21,4.0000,-2.5000,,1.0000,-5.0000,,74.7500,,74.7500,,74.7500,,74.7500
2021-11-03,2021,-1,15965.2500,2.2500,9.0000,9.2500,-3.5000,-19.5000,11,-15.5000,22.0000,4,1.0000,3.0000,2.0000,7.0000,-9.5000,7.0000,-9.5000,18.0000,-15.2500,,9.0000,,9.0000
2021-11-04,2021,-1,16167.5000,3.0000,-91.2500,-91.2500,-91.2500,-93.2500,30,-91.2500,4.7500,2,29.0000,76.2500,30.0000,1.0000,-11.7500,6.0000,-17.0000,9.0000,-21.2500,11.0000,-28.5000,13.0000,-41.0000
2021-11-05,2021,1,16422.5000,5.1250,5.0000,4.7500,-10.0000,-47.7500,19,-44.0000,26.0000,6,4.0000,-0.5000,10.0000,16.0000,-22.0000,16.0000,-22.0000,18.0000,-44.0000,18.0000,-44.0000,,5.0000
2021-11-08,2021,1,16359.2500,4.7500,-27.7500,-27.5000,11.5000,-42.0000,21,-34.5000,34.7500,4,4.0000,-17.2500,6.0000,10.0000,-16.5000,20.0000,-24.5000,21.0000,-30.0000,,-27.7500,,-27.7500
2021-11-09,2021,-1,16375.5000,2.8750,168.2500,168.2500,168.2500,-5.5000,8,3.7500,177.7500,27,16.0000,-11.2500,,,168.2500,,168.2500,,168.2500,,168.2500,,168.2500
2021-11-10,2021,-1,16048.0000,6.2500,-112.5000,-112.5000,-55.0000,-136.5000,28,-128.7500,6.2500,1,1.0000,26.0000,3.0000,2.0000,-16.7500,3.0000,-55.0000,3.0000,-55.0000,3.0000,-55.0000,13.0000,-78.5000
2021-11-11,2021,-1,16084.7500,3.3750,21.0000,21.2500,-3.0000,-22.2500,22,-20.2500,31.5000,12,1.0000,2.7500,2.0000,3.0000,-13.2500,22.0000,-20.2500,,21.0000,,21.0000,,21.0000
2021-11-12,2021,1,16073.2500,4.0000,-28.2500,-28.2500,-59.2500,-71.5000,16,-64.5000,4.7500,1,9.0000,56.0000,10.0000,1.0000,-14.5000,2.0000,-16.0000,3.0000,-26.7500,4.0000,-47.0000,5.0000,-56.2500
2021-11-15,2021,-1,16228.7500,3.5000,24.2500,24.5000,24.2500,-25.5000,6,-21.2500,40.5000,19,9.0000,15.7500,,1.0000,-13.2500,6.0000,-21.2500,6.0000,-21.2500,,24.2500,,24.2500
2021-11-16,2021,1,16184.0000,5.2500,55.0000,54.7500,55.0000,-5.2500,1,4.7500,67.7500,9,3.0000,-4.7500,,,55.0000,,55.0000,,55.0000,,55.0000,,55.0000
2021-11-17,2021,-1,16296.7500,2.8750,1.0000,0.7500,1.0000,-25.0000,13,-17.0000,26.7500,19,18.0000,12.0000,,1.0000,-10.7500,3.0000,-15.0000,,1.0000,,1.0000,,1.0000
2021-11-18,2021,-1,16369.0000,2.7500,-21.5000,-21.2500,-21.5000,-52.0000,16,-47.2500,15.7500,2,20.0000,39.7500,,6.0000,-6.2500,7.0000,-14.0000,11.0000,-19.7500,14.0000,-32.5000,15.0000,-47.2500
2021-11-19,2021,-1,16532.7500,8.1250,-76.0000,-75.7500,-76.0000,-84.2500,28,-79.7500,8.7500,2,29.0000,75.7500,,4.0000,-18.7500,13.0000,-41.5000,22.0000,-54.7500,25.0000,-70.7500,,-76.0000
2021-11-22,2021,1,16670.5000,5.0000,75.5000,75.2500,75.5000,-6.5000,2,-0.2500,80.5000,30,7.0000,-14.0000,,,75.5000,,75.5000,,75.5000,,75.5000,,75.5000
2021-11-23,2021,-1,16312.2500,5.7500,-56.5000,-56.7500,-4.0000,-106.5000,22,-103.7500,30.5000,3,3.0000,-10.2500,4.0000,5.0000,-17.5000,6.0000,-38.2500,6.0000,-38.2500,10.0000,-51.7500,14.0000,-78.2500
2021-11-24,2021,-1,16153.7500,9.7500,-78.7500,-79.5000,-8.2500,-85.5000,30,-79.5000,51.7500,14,1.0000,8.2500,3.0000,4.0000,-30.0000,28.0000,-52.2500,29.0000,-64.2500,30.0000,-78.7500,,-78.7500
2021-11-26,2021,1,16264.2500,6.0000,-76.5000,-76.2500,-17.5000,-96.0000,18,-88.2500,43.2500,3,3.0000,-15.0000,5.0000,5.0000,-17.5000,9.0000,-34.0000,10.0000,-43.2500,11.0000,-58.0000,13.0000,-83.0000
2021-11-29,2021,-1,16226.0000,4.3750,-82.7500,-82.5000,-35.5000,-86.5000,30,-82.5000,17.5000,14,1.0000,31.7500,7.0000,6.0000,-26.2500,6.0000,-26.2500,6.0000,-26.2500,7.0000,-35.5000,20.0000,-55.2500
2021-11-30,2021,1,16365.5000,7.7500,58.2500,58.2500,58.2500,-46.5000,4,-38.0000,70.5000,29,14.0000,9.7500,,4.0000,-37.7500,4.0000,-37.7500,,58.2500,,58.2500,,58.2500
2021-12-01,2021,-1,16302.0000,5.5000,-59.5000,-59.2500,2.2500,-65.5000,30,-59.2500,31.5000,3,3.0000,-3.0000,4.0000,13.0000,-13.0000,25.0000,-21.7500,28.0000,-39.0000,29.0000,-55.7500,,-59.5000
2021-12-02,2021,1,15867.0000,11.5000,119.2500,119.5000,-26.5000,-43.5000,3,-26.0000,137.0000,22,1.0000,19.2500,2.0000,2.0000,-26.5000,,119.2500,,119.2500,,119.2500,,119.2500
2021-12-03,2021,1,16079.2500,9.3750,-285.5000,-286.0000,-25.5000,-299.0000,29,-296.7500,6.2500,1,1.0000,18.5000,2.0000,2.0000,-25.5000,3.0000,-85.0000,3.0000,-85.0000,3.0000,-85.0000,11.0000,-134.0000
2021-12-06,2021,-1,15661.7500,7.0000,32.5000,31.5000,-7.5000,-41.5000,19,-32.2500,102.5000,6,3.0000,-3.2500,12.0000,14.0000,-14.2500,18.0000,-32.5000,,32.5000,,32.5000,,32.5000
2021-12-07,2021,1,16148.2500,5.5000,84.7500,84.7500,84.7500,-26.2500,7,-16.0000,92.7500,30,14.0000,-15.2500,,5.0000,-12.5000,,84.7500,,84.7500,,84.7500,,84.7500
2021-12-08,2021,-1,16272.5000,5.0000,-24.2500,-24.2500,-33.7500,-84.2500,19,-82.2500,21.0000,6,6.0000,27.7500,9.0000,1.0000,-14.7500,2.0000,-24.0000,3.0000,-31.2500,12.0000,-45.5000,16.0000,-60.5000
2021-12-09,2021,1,16372.5000,3.0000,-7.5000,-9.0000,-8.2500,-48.5000,24,-40.2500,44.5000,13,2.0000,3.2500,20.0000,20.0000,-8.2500,23.0000,-32.2500,23.0000,-32.2500,23.0000,-32.2500,24.0000,-39.0000
2021-12-10,2021,1,16291.2500,4.6250,-47.7500,-46.7500,-16.7500,-88.0000,26,-87.0000,37.0000,7,7.0000,-8.5000,9.0000,9.0000,-16.7500,10.0000,-26.0000,11.0000,-39.5000,11.0000,-39.5000,13.0000,-59.7500
2021-12-13,2021,-1,16289.0000,5.0000,25.2500,25.2500,-25.7500,-43.7500,5,-36.5000,37.0000,30,7.0000,17.5000,8.0000,3.0000,-24.2500,3.0000,-24.2500,4.0000,-36.5000,,25.2500,,25.2500
2021-12-14,2021,1,15919.2500,10.3750,-17.2500,-17.5000,-17.2500,-36.7500,2,-17.5000,79.5000,13,4.0000,10.2500,30.0000,,-17.2500,,-17.2500,,-17.2500,,-17.2500,,-17.2500
2021-12-15,2021,-1,15878.5000,5.7500,29.0000,29.5000,29.0000,-47.7500,4,-40.5000,71.2500,28,9.0000,26.7500,,3.0000,-39.7500,3.0000,-39.7500,3.0000,-39.7500,,29.0000,,29.0000
2021-12-16,2021,-1,16312.0000,7.3750,201.0000,201.5000,201.0000,-30.0000,3,1.0000,201.5000,30,5.0000,-3.0000,,,201.0000,,201.0000,,201.0000,,201.0000,,201.0000
2021-12-17,2021,1,15736.2500,11.7500,15.0000,14.7500,15.0000,-79.2500,10,-71.5000,106.7500,20,14.0000,60.2500,,4.0000,-50.2500,4.0000,-50.2500,6.0000,-71.0000,,15.0000,,15.0000
2021-12-20,2021,1,15592.5000,6.5000,34.5000,35.2500,-34.7500,-49.5000,2,-35.5000,66.2500,25,7.0000,-1.0000,8.0000,1.0000,-28.7500,1.0000,-28.7500,,34.5000,,34.5000,,34.5000
2021-12-21,2021,1,15780.5000,5.3750,-99.0000,-100.2500,-99.0000,-116.5000,27,-115.7500,17.7500,2,,,,2.0000,-26.5000,2.0000,-26.5000,8.0000,-36.2500,9.0000,-44.0000,13.0000,-74.7500
2021-12-22,2021,-1,15940.0000,5.7500,-58.5000,-58.0000,-58.5000,-104.7500,23,-103.5000,2.5000,1,25.0000,85.2500,,3.0000,-22.7500,6.0000,-31.0000,11.0000,-56.5000,11.0000,-56.5000,12.0000,-70.0000
2021-12-23,2021,1,16210.0000,4.6250,35.7500,36.2500,35.7500,-23.5000,14,-11.7500,43.2500,28,1.0000,17.0000,,9.0000,-11.0000,,35.7500,,35.7500,,35.7500,,35.7500
2021-12-27,2021,1,16401.2500,3.8750,51.5000,51.2500,51.5000,-1.7500,1,4.2500,54.0000,30,1.0000,8.0000,,,51.5000,,51.5000,,51.5000,,51.5000,,51.5000
2021-12-28,2021,-1,16571.5000,5.6250,-4.5000,-4.2500,13.2500,-24.2500,26,-16.7500,50.5000,7,16.0000,-15.5000,17.0000,23.0000,-14.0000,,-4.5000,,-4.5000,,-4.5000,,-4.5000
2021-12-29,2021,1,16526.2500,4.6250,-36.5000,-36.2500,-6.0000,-48.7500,16,-41.2500,23.2500,8,21.0000,4.5000,22.0000,4.0000,-13.2500,11.0000,-22.2500,13.0000,-31.5000,14.0000,-41.2500,,-36.5000
2021-12-30,2021,1,16494.2500,4.1250,13.0000,12.7500,-26.5000,-45.0000,11,-42.2500,23.7500,4,14.0000,21.5000,17.0000,9.0000,-23.5000,9.0000,-23.5000,10.0000,-42.5000,10.0000,-42.5000,,13.0000
2021-12-31,2021,1,16436.0000,4.0000,-67.0000,-67.0000,-12.0000,-82.0000,29,-75.2500,28.0000,3,8.0000,-2.7500,12.0000,12.0000,-12.0000,15.0000,-40.2500,15.0000,-40.2500,15.0000,-40.2500,29.0000,-75.5000
2022-01-03,2022,1,16430.0000,7.1250,-74.0000,-73.2500,14.5000,-138.0000,23,-126.5000,54.7500,5,5.0000,-15.0000,12.0000,14.0000,-17.5000,15.0000,-50.7500,15.0000,-50.7500,16.0000,-70.7500,18.0000,-111.0000
2022-01-04,2022,-1,16485.7500,4.7500,73.0000,72.7500,73.0000,-17.2500,6,-10.5000,76.5000,30,19.0000,-13.2500,,9.0000,-10.7500,,73.0000,,73.0000,,73.0000,,73.0000
2022-01-05,2022,-1,16126.0000,6.3750,-105.5000,-105.7500,-54.7500,-121.2500,29,-105.7500,23.0000,3,1.0000,54.2500,8.0000,4.0000,-24.0000,5.0000,-27.7500,8.0000,-54.7500,8.0000,-54.7500,19.0000,-77.5000
2022-01-06,2022,1,15749.7500,9.6250,-72.0000,-72.2500,-1.5000,-75.2500,30,-72.2500,100.7500,11,2.0000,-1.2500,18.0000,24.0000,-24.2500,28.0000,-66.7500,28.0000,-66.7500,,-72.0000,,-72.0000
2022-01-07,2022,1,15742.7500,12.3750,38.7500,38.5000,38.7500,-69.0000,5,-63.5000,85.0000,23,7.0000,52.7500,,1.0000,-29.2500,4.0000,-59.7500,,38.7500,,38.7500,,38.7500
2022-01-10,2022,-1,15330.5000,8.8750,100.5000,101.2500,100.5000,-15.2500,8,-1.2500,101.7500,30,1.0000,11.7500,,,100.5000,,100.5000,,100.5000,,100.5000,,100.5000
2022-01-11,2022,1,15550.7500,11.6250,23.2500,21.7500,-20.5000,-75.7500,11,-58.5000,42.7500,5,4.0000,18.0000,8.0000,9.0000,-55.2500,9.0000,-55.2500,,23.2500,,23.2500,,23.2500
2022-01-12,2022,1,15981.2500,9.5000,-11.7500,-12.2500,-44.2500,-96.7500,16,-91.2500,10.7500,2,1.0000,18.7500,3.0000,3.0000,-44.2500,3.0000,-44.2500,9.0000,-76.2500,9.0000,-76.2500,,-11.7500
2022-01-13,2022,1,15958.7500,5.5000,-36.7500,-36.7500,-10.2500,-47.7500,29,-40.5000,21.0000,8,1.0000,9.7500,2.0000,3.0000,-19.7500,4.0000,-35.5000,4.0000,-35.5000,,-36.7500,,-36.7500
2022-01-14,2022,1,15453.2500,12.2500,59.7500,59.5000,59.7500,-43.5000,2,-26.0000,141.7500,24,4.0000,11.5000,,2.0000,-26.2500,,59.7500,,59.7500,,59.7500,,59.7500
2022-01-18,2022,-1,15318.2500,10.0000,10.5000,11.0000,-19.2500,-56.7500,11,-50.0000,46.5000,4,3.0000,-7.0000,9.0000,10.0000,-49.7500,10.0000,-49.7500,,10.5000,,10.5000,,10.5000
2022-01-19,2022,1,15298.0000,6.3750,36.7500,36.2500,-14.2500,-46.7500,3,-31.7500,70.0000,26,5.0000,6.0000,10.0000,1.0000,-19.0000,2.0000,-31.7500,,36.7500,,36.7500,,36.7500
2022-01-20,2022,1,15209.0000,6.5000,78.2500,78.2500,78.2500,-34.0000,4,-27.2500,84.5000,30,10.0000,5.0000,,3.0000,-26.7500,3.0000,-26.7500,,78.2500,,78.2500,,78.2500
2022-01-21,2022,1,14781.7500,13.6250,-161.2500,-161.5000,-2.7500,-175.2500,30,-171.7500,36.7500,2,2.0000,0.2500,5.0000,7.0000,-33.0000,8.0000,-57.5000,11.0000,-86.7500,12.0000,-110.0000,29.0000,-172.2500
2022-01-24,2022,1,14187.5000,18.6250,-50.7500,-51.5000,13.5000,-136.2500,19,-118.2500,76.0000,8,7.0000,-32.7500,8.0000,11.0000,-59.0000,18.0000,-79.0000,19.0000,-118.2500,,-50.7500,,-50.7500
2022-01-25,2022,-1,14188.5000,14.6250,115.2500,116.0000,115.2500,-116.2500,5,-91.5000,133.0000,30,7.0000,88.0000,,1.0000,-64.2500,1.0000,-64.2500,4.0000,-90.7500,,115.2500,,115.2500
2022-01-26,2022,-1,14442.2500,11.7500,-44.2500,-44.2500,-16.2500,-50.7500,30,-46.7500,92.0000,12,1.0000,9.7500,21.0000,28.0000,-33.0000,,-44.2500,,-44.2500,,-44.2500,,-44.2500
2022-01-27,2022,1,14342.7500,10.7500,-20.2500,-20.0000,-20.2500,-110.7500,6,-84.7500,54.0000,22,9.0000,65.5000,,2.0000,-66.0000,2.0000,-66.0000,2.0000,-66.0000,,-20.2500,,-20.2500
2022-01-28,2022,-1,14011.2500,15.6250,140.0000,140.5000,140.0000,-12.0000,1,28.5000,151.0000,29,1.0000,32.2500,,,140.0000,,140.0000,,140.0000,,140.0000,,140.0000
2022-01-31,2022,-1,14426.5000,7.8750,-231.0000,-230.7500,-170.0000,-236.2500,30,-230.7500,0.2500,1,17.0000,128.0000,20.0000,1.0000,-30.0000,2.0000,-94.5000,2.0000,-94.5000,2.0000,-94.5000,3.0000,-99.7500
2022-02-01,2022,-1,14891.0000,7.3750,125.2500,126.2500,125.2500,-28.0000,3,-15.0000,130.5000,30,5.0000,4.7500,,3.0000,-15.7500,,125.2500,,125.2500,,125.2500,,125.2500
2022-02-02,2022,-1,15106.2500,9.2500,-30.2500,-29.5000,-30.2500,-71.7500,7,-68.5000,79.5000,17,9.0000,44.0000,,2.0000,-19.7500,4.0000,-48.5000,6.0000,-68.2500,,-30.2500,,-30.2500
2022-02-03,2022,1,14729.7500,11.2500,-8.7500,-8.7500,3.2500,-48.7500,29,-32.7500,69.2500,8,4.0000,-14.2500,13.0000,29.0000,-33.2500,,-8.7500,,-8.7500,,-8.7500,,-8.7500
2022-02-04,2022,1,14475.0000,18.5000,105.2500,104.7500,105.2500,-42.2500,4,-34.2500,144.0000,29,9.0000,0.5000,,,105.2500,,105.2500,,105.2500,,105.2500,,105.2500
2022-02-07,2022,1,14711.7500,8.6250,37.0000,37.2500,37.0000,-41.7500,2,-33.5000,94.5000,24,4.0000,16.7500,,1.0000,-31.5000,,37.0000,,37.0000,,37.0000,,37.0000
2022-02-08,2022,1,14542.5000,6.6250,-72.0000,-71.5000,-20.2500,-74.2500,30,-71.5000,45.5000,9,4.0000,12.0000,27.0000,1.0000,-15.7500,2.0000,-30.5000,28.0000,-48.0000,29.0000,-65.0000,,-72.0000
2022-02-09,2022,1,14916.5000,4.7500,-4.5000,-4.5000,-5.2500,-52.7500,25,-50.0000,34.7500,7,6.0000,1.5000,11.0000,3.0000,-15.5000,16.0000,-27.2500,18.0000,-33.7500,20.0000,-40.0000,,-4.5000
2022-02-10,2022,1,14776.0000,14.6250,178.0000,177.2500,178.0000,-8.2500,1,4.0000,180.0000,30,4.0000,-12.7500,,,178.0000,,178.0000,,178.0000,,178.0000,,178.0000
2022-02-11,2022,1,14740.2500,6.1250,-71.2500,-71.2500,-76.5000,-116.0000,26,-106.5000,26.5000,14,14.0000,50.2500,24.0000,2.0000,-24.5000,3.0000,-65.0000,3.0000,-65.0000,3.0000,-65.0000,9.0000,-78.7500
2022-02-14,2022,-1,14198.7500,10.5000,-25.5000,-25.5000,-34.2500,-136.0000,22,-132.7500,16.7500,1,1.0000,21.2500,2.0000,2.0000,-34.2500,4.0000,-43.5000,5.0000,-66.0000,17.0000,-89.2500,20.0000,-126.2500
2022-02-15,2022,-1,14475.0000,8.5000,-37.2500,-37.5000,-27.2500,-47.0000,5,-40.7500,30.0000,18,9.0000,22.0000,13.0000,2.0000,-27.2500,5.0000,-40.7500,,-37.2500,,-37.2500,,-37.2500
2022-02-16,2022,-1,14491.7500,8.1250,67.5000,68.0000,67.5000,-14.7500,2,-0.5000,110.7500,20,19.0000,-51.2500,,,67.5000,,67.5000,,67.5000,,67.5000,,67.5000
2022-02-17,2022,-1,14463.0000,9.6250,56.2500,56.0000,56.2500,-32.0000,8,-26.2500,87.0000,22,14.0000,13.5000,,7.0000,-25.5000,,56.2500,,56.2500,,56.2500,,56.2500
2022-02-18,2022,-1,14180.2500,10.3750,19.7500,20.0000,-18.7500,-40.5000,23,-25.7500,92.5000,10,1.0000,10.7500,21.0000,22.0000,-25.5000,,19.7500,,19.7500,,19.7500,,19.7500
2022-02-22,2022,-1,13893.7500,7.8750,-109.5000,-109.7500,-25.7500,-202.5000,21,-187.7500,31.7500,3,1.0000,13.7500,5.0000,5.0000,-25.7500,8.0000,-34.2500,10.0000,-85.2500,10.0000,-85.2500,13.0000,-99.2500
2022-02-23,2022,-1,13994.2500,7.0000,138.7500,138.7500,-22.2500,-36.7500,8,-22.7500,151.0000,30,4.0000,8.5000,7.0000,2.0000,-15.2500,,138.7500,,138.7500,,138.7500,,138.7500
2022-02-24,2022,1,13198.5000,14.1250,74.7500,74.7500,74.7500,-43.7500,3,-10.2500,166.2500,21,1.0000,34.7500,,,74.7500,,74.7500,,74.7500,,74.7500,,74.7500
2022-02-25,2022,-1,13927.5000,11.8750,84.7500,86.0000,84.7500,-86.0000,3,-63.0000,95.7500,30,5.0000,55.2500,,1.0000,-47.2500,2.0000,-63.2500,,84.7500,,84.7500,,84.7500
2022-02-28,2022,1,14086.2500,10.0000,27.7500,27.7500,27.7500,-59.0000,12,-57.2500,71.0000,28,22.0000,16.0000,,7.0000,-22.2500,8.0000,-48.2500,,27.7500,,27.7500,,27.7500
2022-03-01,2022,-1,14178.7500,8.6250,5.0000,4.2500,-38.2500,-81.2500,28,-60.5000,25.0000,1,1.0000,3.5000,2.0000,2.0000,-38.2500,2.0000,-38.2500,4.0000,-58.5000,,5.0000,,5.0000
2022-03-02,2022,1,14071.2500,8.5000,13.0000,13.5000,-3.5000,-60.2500,4,-53.2500,58.5000,16,12.0000,4.0000,24.0000,1.0000,-28.7500,2.0000,-45.7500,3.0000,-52.2500,,13.0000,,13.0000
2022-03-03,2022,-1,14322.7500,11.3750,47.7500,47.2500,18.2500,-6.0000,1,3.0000,89.2500,17,4.0000,-20.0000,14.0000,,47.7500,,47.7500,,47.7500,,47.7500,,47.7500
2022-03-04,2022,1,13964.7500,11.7500,-47.5000,-48.2500,-47.5000,-130.7500,18,-121.2500,30.7500,5,26.0000,104.2500,,8.0000,-40.7500,9.0000,-55.5000,13.0000,-81.0000,14.0000,-97.0000,,-47.5000
2022-03-07,2022,1,13848.0000,12.2500,-177.0000,-177.5000,-47.5000,-196.5000,30,-185.7500,24.0000,6,5.0000,33.0000,9.0000,2.0000,-35.0000,10.0000,-78.0000,10.0000,-78.0000,14.0000,-105.7500,27.0000,-174.7500
2022-03-08,2022,-1,13256.0000,13.0000,65.7500,66.2500,-97.5000,-118.0000,14,-109.0000,72.0000,30,1.0000,19.0000,3.0000,3.0000,-97.5000,3.0000,-97.5000,3.0000,-97.5000,11.0000,-109.5000,,65.7500
2022-03-09,2022,1,13595.7500,17.1250,30.0000,30.2500,-42.0000,-99.7500,21,-94.5000,36.7500,30,6.0000,37.7500,11.0000,1.0000,-40.5000,4.0000,-69.2500,,30.0000,,30.0000,,30.0000
2022-03-10,2022,-1,13499.5000,9.1250,-17.7500,-20.7500,-28.7500,-91.0000,26,-78.2500,14.2500,7,4.0000,28.7500,10.0000,1.0000,-48.7500,1.0000,-48.7500,25.0000,-77.2500,25.0000,-77.2500,,-17.7500
2022-03-11,2022,-1,13672.5000,8.7500,130.5000,131.0000,130.5000,-21.2500,5,-14.0000,140.5000,29,1.0000,25.0000,,,130.5000,,130.5000,,130.5000,,130.5000,,130.5000
2022-03-14,2022,-1,13248.2500,9.1250,-57.2500,-57.7500,-11.2500,-89.0000,16,-75.2500,48.2500,7,2.0000,-3.7500,4.0000,5.0000,-19.7500,11.0000,-53.2500,12.0000,-65.7500,18.0000,-75.5000,,-57.2500
2022-03-15,2022,1,13201.7500,9.8750,-29.7500,-29.2500,-29.7500,-114.2500,14,-108.7500,6.7500,1,18.0000,96.5000,,2.0000,-24.2500,5.0000,-61.2500,5.0000,-61.2500,9.0000,-82.0000,,-29.7500
2022-03-16,2022,-1,13629.7500,7.5000,-106.2500,-105.5000,-17.7500,-125.0000,29,-120.5000,17.5000,1,1.0000,4.5000,2.0000,2.0000,-17.7500,4.0000,-36.0000,6.0000,-54.5000,9.0000,-60.5000,14.0000,-107.0000
2022-03-17,2022,-1,13827.2500,6.8750,-144.7500,-145.5000,-41.7500,-162.5000,30,-152.0000,0.0000,1,4.0000,41.7500,5.0000,1.0000,-44.2500,1.0000,-44.2500,1.0000,-44.2500,7.0000,-66.2500,14.0000,-84.0000
2022-03-18,2022,1,14056.5000,7.0000,108.7500,108.5000,108.7500,-61.5000,2,-43.5000,116.2500,30,4.0000,36.0000,,1.0000,-36.0000,1.0000,-36.0000,2.0000,-43.2500,,108.7500,,108.7500
2022-03-21,2022,1,14386.2500,6.0000,-77.0000,-77.2500,-7.0000,-93.5000,23,-84.0000,80.5000,10,3.0000,-10.2500,16.0000,17.0000,-12.5000,20.0000,-58.0000,20.0000,-58.0000,20.0000,-58.0000,22.0000,-84.5000
2022-03-22,2022,1,14413.5000,5.6250,109.0000,108.7500,7.7500,-11.5000,19,5.2500,110.0000,30,4.0000,-9.5000,18.0000,,109.0000,,109.0000,,109.0000,,109.0000,,109.0000
2022-03-23,2022,-1,14510.2500,6.0000,37.0000,37.5000,-2.2500,-15.0000,12,-5.0000,49.5000,18,7.0000,-11.7500,11.0000,,37.0000,,37.0000,,37.0000,,37.0000,,37.0000
2022-03-24,2022,-1,14494.7500,6.8750,-34.2500,-34.0000,-13.2500,-56.2500,10,-45.7500,26.2500,18,18.0000,11.2500,19.0000,8.0000,-26.7500,9.0000,-45.7500,9.0000,-45.7500,,-34.2500,,-34.2500
2022-03-25,2022,-1,14774.0000,7.0000,69.2500,69.0000,69.2500,-10.5000,1,1.7500,73.0000,30,3.0000,-1.7500,,,69.2500,,69.2500,,69.2500,,69.2500,,69.2500
2022-03-28,2022,1,14787.0000,7.8750,58.5000,57.5000,58.5000,-14.5000,1,8.7500,125.2500,24,3.0000,-10.5000,,,58.5000,,58.5000,,58.5000,,58.5000,,58.5000
2022-03-29,2022,1,15209.0000,6.6250,-43.0000,-41.5000,-26.7500,-103.0000,18,-88.5000,10.5000,1,1.0000,21.2500,5.0000,4.0000,-17.0000,6.0000,-30.5000,7.0000,-48.5000,8.0000,-56.7500,17.0000,-83.5000
2022-03-30,2022,1,15181.2500,5.5000,-1.2500,-1.0000,-13.0000,-40.0000,6,-37.0000,27.7500,18,12.0000,12.5000,14.0000,5.0000,-22.0000,5.0000,-22.0000,6.0000,-35.7500,,-1.2500,,-1.2500
2022-03-31,2022,-1,15053.7500,7.2500,77.2500,76.2500,77.2500,0.0000,1,15.2500,83.7500,30,1.0000,11.7500,,,77.2500,,77.2500,,77.2500,,77.2500,,77.2500
2022-04-01,2022,1,14929.0000,6.0000,-108.2500,-107.7500,-105.5000,-120.7500,21,-120.7500,3.0000,1,27.0000,102.7500,29.0000,1.0000,-15.2500,2.0000,-43.5000,2.0000,-43.5000,7.0000,-60.0000,18.0000,-72.0000
2022-04-04,2022,1,14912.0000,4.5000,143.5000,143.0000,143.5000,-22.5000,2,-15.7500,149.5000,28,4.0000,-5.5000,,1.0000,-16.5000,,143.5000,,143.5000,,143.5000,,143.5000
2022-04-05,2022,1,15119.2500,5.3750,-28.5000,-29.0000,-28.5000,-72.0000,29,-62.7500,12.5000,3,30.0000,48.0000,,4.0000,-31.5000,4.0000,-31.5000,12.0000,-33.2500,19.0000,-49.2500,,-28.5000
2022-04-06,2022,-1,14607.7500,5.3750,131.7500,131.7500,131.7500,-8.2500,1,5.2500,142.5000,30,1.0000,13.5000,,,131.7500,,131.7500,,131.7500,,131.7500,,131.7500
2022-04-07,2022,1,14487.0000,7.0000,94.0000,94.5000,-2.2500,-25.0000,17,-14.5000,121.0000,29,2.0000,0.7500,16.0000,17.0000,-15.0000,,94.0000,,94.0000,,94.0000,,94.0000
2022-04-08,2022,-1,14440.7500,7.1250,94.0000,93.0000,94.0000,-1.5000,1,24.2500,128.2500,26,2.0000,-3.2500,,,94.0000,,94.0000,,94.0000,,94.0000,,94.0000
2022-04-11,2022,-1,14133.7500,7.6250,-17.7500,-51.0000,-27.2500,-63.2500,17,-51.0000,34.7500,8,1.0000,22.2500,12.0000,4.0000,-22.0000,14.0000,-30.7500,15.0000,-45.2500,,-17.7500,,-17.7500
2022-04-12,2022,-1,14159.5000,10.1250,-94.2500,-95.0000,10.5000,-110.5000,28,-99.5000,46.5000,4,5.0000,-19.2500,6.0000,14.0000,-32.2500,15.0000,-49.7500,18.0000,-78.5000,21.0000,-98.2500,,-94.2500
2022-04-13,2022,1,13966.2500,8.0000,45.7500,46.0000,45.7500,-40.0000,2,-30.2500,105.0000,16,4.0000,17.5000,,1.0000,-30.2500,,45.7500,,45.7500,,45.7500,,45.7500
2022-04-14,2022,1,14220.0000,7.1250,-96.5000,-96.5000,-96.5000,-116.0000,21,-112.7500,26.7500,3,29.0000,105.5000,,4.0000,-22.2500,5.0000,-30.2500,7.0000,-42.7500,9.0000,-57.2500,16.0000,-89.5000
2022-04-18,2022,1,13916.2500,6.2500,-9.7500,-9.7500,-31.5000,-89.2500,23,-80.7500,16.0000,5,5.0000,3.2500,7.0000,7.0000,-31.5000,7.0000,-31.5000,8.0000,-43.7500,14.0000,-50.0000,23.0000,-81.2500
2022-04-19,2022,-1,13876.7500,7.5000,-147.0000,-146.7500,-17.7500,-155.0000,30,-146.7500,43.2500,8,7.0000,0.7500,10.0000,1.0000,-15.7500,12.0000,-33.0000,15.0000,-65.0000,15.0000,-65.0000,21.0000,-100.0000
2022-04-20,2022,-1,14231.2500,7.3750,160.2500,159.2500,160.2500,-9.0000,1,14.7500,172.0000,30,1.0000,20.5000,,,160.2500,,160.2500,,160.2500,,160.2500,,160.2500
2022-04-21,2022,1,14241.2500,5.3750,-30.0000,-30.5000,-29.5000,-46.0000,30,-40.0000,41.7500,4,1.0000,16.2500,25.0000,24.0000,-14.5000,25.0000,-29.5000,26.0000,-34.0000,,-30.0000,,-30.0000
2022-04-22,2022,1,13724.7500,7.6250,-24.0000,-22.7500,-18.2500,-108.5000,12,-93.2500,53.0000,2,2.0000,-16.7500,3.0000,3.0000,-18.2500,7.0000,-53.2500,7.0000,-53.2500,8.0000,-80.2500,11.0000,-92.2500
2022-04-25,2022,1,13301.2500,9.5000,-43.2500,-43.2500,-35.5000,-65.2500,14,-56.0000,65.0000,5,4.0000,4.2500,12.0000,1.0000,-31.7500,13.0000,-52.0000,,-43.2500,,-43.2500,,-43.2500
2022-04-26,2022,-1,13388.2500,6.6250,164.7500,164.5000,164.7500,-4.5000,1,4.0000,165.0000,30,1.0000,13.0000,,,164.7500,,164.7500,,164.7500,,164.7500,,164.7500
2022-04-27,2022,1,13087.5000,11.2500,45.2500,44.7500,45.2500,-8.7500,1,0.2500,167.7500,18,1.0000,13.5000,,,45.2500,,45.2500,,45.2500,,45.2500,,45.2500
2022-04-28,2022,-1,13198.7500,10.0000,112.7500,112.2500,112.7500,-45.5000,2,-24.5000,124.7500,29,1.0000,51.2500,,1.0000,-24.0000,,112.7500,,112.7500,,112.7500,,112.7500
2022-04-29,2022,1,13309.7500,11.3750,68.7500,68.5000,-30.7500,-51.0000,14,-43.7500,123.2500,27,1.0000,26.7500,12.0000,12.0000,-30.7500,,68.7500,,68.7500,,68.7500,,68.7500
2022-05-02,2022,1,12877.7500,11.2500,42.2500,42.0000,42.2500,-135.0000,6,-109.2500,95.5000,25,10.0000,66.2500,,1.0000,-38.2500,2.0000,-57.5000,3.0000,-74.5000,4.0000,-99.2500,,42.2500
2022-05-03,2022,-1,13053.7500,8.2500,-78.7500,-78.5000,37.5000,-91.0000,30,-82.5000,85.2500,13,14.0000,-39.7500,18.0000,24.0000,-22.2500,27.0000,-56.5000,27.0000,-56.5000,28.0000,-73.2500,,-78.7500
2022-05-04,2022,-1,13080.5000,5.2500,65.5000,65.7500,65.5000,-29.5000,8,-15.2500,86.0000,29,22.0000,-10.5000,,4.0000,-14.5000,,65.5000,,65.5000,,65.5000,,65.5000
2022-05-05,2022,-1,13295.7500,10.1250,163.2500,163.2500,-20.0000,-24.5000,3,-19.5000,166.5000,30,1.0000,14.5000,3.0000,,163.2500,,163.2500,,163.2500,,163.2500,,163.2500
2022-05-06,2022,-1,12728.0000,11.5000,167.5000,168.0000,167.5000,-6.5000,1,33.5000,209.0000,25,1.0000,12.0000,,,167.5000,,167.5000,,167.5000,,167.5000,,167.5000
2022-05-09,2022,-1,12438.0000,12.6250,-1.5000,-2.0000,-36.2500,-117.7500,7,-94.0000,35.7500,28,1.0000,30.0000,2.0000,2.0000,-36.2500,3.0000,-61.7500,4.0000,-76.2500,,-1.5000,,-1.5000
2022-05-10,2022,-1,12510.7500,9.1250,24.5000,24.5000,24.5000,-20.5000,1,22.5000,174.5000,17,2.0000,-2.0000,,,24.5000,,24.5000,,24.5000,,24.5000,,24.5000
2022-05-11,2022,1,12296.0000,21.0000,30.0000,29.2500,30.0000,-150.0000,5,-138.7500,182.5000,19,10.0000,99.5000,,1.0000,-68.0000,2.0000,-94.7500,4.0000,-129.0000,,30.0000,,30.0000
2022-05-12,2022,-1,11785.0000,13.6250,10.5000,11.2500,-58.0000,-122.7500,16,-97.5000,91.7500,8,1.0000,56.5000,14.0000,14.0000,-58.0000,14.0000,-58.0000,15.0000,-88.5000,,10.5000,,10.5000
2022-05-13,2022,-1,12136.0000,8.2500,-168.2500,-169.0000,-1.2500,-169.7500,30,-169.0000,71.2500,3,3.0000,-11.2500,5.0000,10.0000,-40.2500,10.0000,-40.2500,12.0000,-59.0000,14.0000,-71.5000,20.0000,-109.7500
2022-05-16,2022,-1,12281.7500,8.8750,59.7500,60.2500,-22.5000,-76.2500,11,-66.5000,78.2500,29,1.0000,18.2500,6.0000,6.0000,-22.5000,7.0000,-45.7500,8.0000,-57.5000,,59.7500,,59.7500
2022-05-17,2022,1,12485.7500,8.2500,-13.5000,-13.7500,-9.5000,-53.7500,27,-40.0000,50.0000,11,2.0000,0.0000,3.0000,15.0000,-22.7500,22.0000,-36.7500,,-13.5000,,-13.5000,,-13.5000
2022-05-18,2022,1,12376.5000,6.8750,-40.7500,-41.0000,-42.0000,-86.7500,25,-83.7500,23.2500,4,21.0000,37.2500,22.0000,7.0000,-22.7500,8.0000,-33.2500,9.0000,-53.0000,10.0000,-56.5000,25.0000,-83.0000
2022-05-19,2022,1,11900.5000,10.6250,64.0000,64.2500,23.7500,-105.2500,18,-88.5000,78.2500,5,5.0000,-27.5000,10.0000,13.0000,-41.2500,14.0000,-52.7500,15.0000,-78.0000,17.0000,-86.5000,,64.0000
2022-05-20,2022,-1,11998.5000,7.8750,25.2500,25.5000,-30.7500,-47.2500,13,-34.5000,53.2500,4,4.0000,-1.7500,10.0000,1.0000,-16.2500,12.0000,-34.5000,,25.2500,,25.2500,,25.2500
2022-05-23,2022,-1,11877.0000,9.6250,83.7500,84.2500,83.7500,-100.5000,16,-86.5000,84.2500,30,22.0000,77.7500,,9.0000,-32.7500,11.0000,-50.2500,13.0000,-59.5000,15.0000,-79.7500,,83.7500
2022-05-24,2022,1,11838.5000,7.1250,-182.5000,-182.7500,-118.2500,-196.0000,30,-187.2500,0.0000,1,20.0000,111.7500,22.0000,1.0000,-19.7500,2.0000,-43.5000,4.0000,-54.0000,5.0000,-65.0000,11.0000,-89.0000
2022-05-25,2022,1,11766.7500,7.8750,36.0000,36.7500,-4.2500,-13.7500,17,-8.2500,91.0000,13,2.0000,0.5000,16.0000,,36.0000,,36.0000,,36.0000,,36.0000,,36.0000
2022-05-26,2022,1,11936.0000,8.7500,184.2500,184.5000,184.2500,-11.0000,1,11.0000,203.5000,29,3.0000,-21.0000,,,184.2500,,184.2500,,184.2500,,184.2500,,184.2500
2022-05-27,2022,1,12467.7500,7.2500,66.2500,67.0000,-13.7500,-23.2500,3,-21.2500,70.7500,30,5.0000,7.2500,12.0000,2.0000,-21.7500,,66.2500,,66.2500,,66.2500,,66.2500
2022-05-31,2022,-1,12635.7500,8.1250,98.2500,98.0000,98.2500,-1.5000,1,39.0000,116.5000,29,1.0000,25.0000,,,98.2500,,98.2500,,98.2500,,98.2500,,98.2500
2022-06-01,2022,1,12777.5000,9.5000,21.5000,20.7500,6.2500,-42.0000,28,-24.5000,46.0000,23,5.0000,-18.0000,6.0000,28.0000,-24.0000,,21.5000,,21.5000,,21.5000,,21.5000
2022-06-02,2022,-1,12480.5000,16.1250,-94.7500,-94.5000,-79.7500,-102.7500,29,-94.5000,21.5000,4,24.0000,60.0000,28.0000,10.0000,-46.5000,13.0000,-66.0000,,-94.7500,,-94.7500,,-94.7500
2022-06-03,2022,-1,12689.0000,11.3750,-24.7500,-25.5000,-9.5000,-42.2500,29,-34.0000,79.7500,13,5.0000,1.7500,24.0000,28.0000,-32.5000,,-24.7500,,-24.7500,,-24.7500,,-24.7500
2022-06-06,2022,1,12757.0000,6.6250,26.0000,26.2500,-42.0000,-83.5000,17,-74.2500,31.2500,29,10.0000,33.5000,13.0000,2.0000,-14.2500,4.0000,-56.2500,4.0000,-56.2500,4.0000,-56.2500,,26.0000
2022-06-07,2022,1,12454.5000,6.2500,82.7500,82.5000,82.7500,-10.5000,1,14.5000,126.5000,19,2.0000,-1.0000,,,82.7500,,82.7500,,82.7500,,82.7500,,82.7500
2022-06-08,2022,-1,12640.2500,6.6250,-98.7500,-99.5000,-98.7500,-142.7500,24,-136.5000,5.0000,1,29.0000,113.5000,,1.0000,-14.2500,3.0000,-44.7500,3.0000,-44.7500,6.0000,-61.7500,16.0000,-88.2500
2022-06-09,2022,-1,12569.7500,8.3750,-79.0000,-78.0000,-45.2500,-113.5000,22,-103.7500,34.2500,10,6.0000,31.7500,16.0000,1.0000,-24.5000,2.0000,-48.2500,18.0000,-55.5000,19.0000,-91.7500,21.0000,-105.7500
2022-06-10,2022,-1,12066.2500,16.6250,146.0000,145.7500,-11.5000,-25.5000,13,-10.7500,148.7500,30,2.0000,0.5000,12.0000,,146.0000,,146.0000,,146.0000,,146.0000,,146.0000
2022-06-13,2022,1,11562.5000,8.1250,-67.7500,-67.5000,-34.7500,-68.7500,30,-67.5000,42.0000,5,1.0000,16.0000,7.0000,7.0000,-34.7500,7.0000,-34.7500,8.0000,-52.0000,30.0000,-67.7500,,-67.7500
2022-06-14,2022,-1,11392.2500,10.5000,-38.7500,-37.7500,2.2500,-38.7500,30,-37.7500,97.2500,12,8.0000,-9.5000,26.0000,29.0000,-25.0000,,-38.7500,,-38.7500,,-38.7500,,-38.7500
2022-06-15,2022,1,11500.0000,8.6250,36.5000,36.5000,36.5000,-40.2500,4,-21.5000,49.0000,14,6.0000,14.0000,,3.0000,-21.5000,,36.5000,,36.5000,,36.5000,,36.5000
2022-06-16,2022,1,11343.5000,9.8750,-97.2500,-96.5000,-76.7500,-109.5000,29,-101.5000,4.5000,15,14.0000,63.0000,21.0000,1.0000,-47.5000,1.0000,-47.5000,6.0000,-71.7500,23.0000,-83.0000,,-97.2500
2022-06-17,2022,1,11259.2500,12.6250,19.7500,19.2500,-5.7500,-16.2500,7,-5.0000,89.2500,23,2.0000,-0.7500,7.0000,,19.7500,,19.7500,,19.7500,,19.7500,,19.7500
2022-06-21,2022,-1,11487.0000,5.7500,-139.5000,-139.5000,-99.0000,-150.2500,28,-142.0000,0.2500,1,14.0000,96.7500,15.0000,1.0000,-22.2500,2.0000,-40.2500,2.0000,-40.2500,3.0000,-72.5000,3.0000,-72.5000
2022-06-22,2022,1,11509.0000,10.6250,51.0000,51.2500,51.0000,-41.7500,9,-23.7500,110.0000,25,13.0000,-2.7500,,3.0000,-22.2500,,51.0000,,51.0000,,51.0000,,51.0000
2022-06-23,2022,-1,11645.5000,6.8750,-14.7500,-14.7500,3.2500,-23.0000,28,-19.2500,102.5000,20,3.0000,-10.0000,26.0000,28.0000,-19.0000,,-14.7500,,-14.7500,,-14.7500,,-14.7500
2022-06-24,2022,1,11903.2500,4.7500,141.0000,140.5000,141.0000,-16.2500,1,-1.0000,144.7500,30,1.0000,40.5000,,,141.0000,,141.0000,,141.0000,,141.0000,,141.0000
2022-06-27,2022,-1,12157.0000,5.7500,67.2500,67.7500,67.2500,-6.7500,1,17.7500,136.0000,16,1.0000,15.5000,,,67.2500,,67.2500,,67.2500,,67.2500,,67.2500
2022-06-28,2022,1,12142.2500,6.2500,-46.5000,-46.0000,-46.5000,-58.7500,26,-48.5000,32.0000,7,1.0000,50.5000,,14.0000,-21.7500,23.0000,-25.5000,26.0000,-47.5000,,-46.5000,,-46.5000
2022-06-29,2022,-1,11621.0000,9.3750,-120.7500,-121.0000,-16.2500,-121.5000,30,-121.0000,56.5000,13,1.0000,12.5000,5.0000,18.0000,-33.2500,19.0000,-76.7500,19.0000,-76.7500,19.0000,-76.7500,30.0000,-120.7500
2022-06-30,2022,-1,11522.7500,7.5000,154.2500,153.5000,154.2500,-40.2500,2,-24.0000,156.2500,30,5.0000,-8.0000,,1.0000,-25.0000,,154.2500,,154.2500,,154.2500,,154.2500
2022-07-01,2022,-1,11498.2500,7.7500,-72.7500,-72.7500,2.5000,-119.0000,28,-93.2500,81.2500,4,3.0000,-7.2500,9.0000,13.0000,-17.7500,14.0000,-44.7500,15.0000,-57.7500,20.0000,-74.2500,29.0000,-93.7500
2022-07-05,2022,-1,11396.2500,7.7500,-60.0000,-60.2500,-64.7500,-89.2500,16,-75.0000,6.2500,8,19.0000,58.2500,29.0000,1.0000,-21.2500,13.0000,-43.0000,14.0000,-46.2500,15.0000,-64.2500,,-60.0000
2022-07-06,2022,1,11865.0000,8.6250,-72.7500,-72.2500,-43.7500,-111.0000,15,-102.2500,13.7500,1,1.0000,23.0000,3.0000,2.0000,-20.2500,3.0000,-43.7500,4.0000,-63.5000,5.0000,-90.2500,,-72.7500
2022-07-07,2022,-1,11925.5000,6.5000,-72.2500,-73.2500,-72.2500,-123.5000,23,-121.2500,0.0000,1,27.0000,115.0000,,1.0000,-35.2500,1.0000,-35.2500,2.0000,-65.5000,2.0000,-65.5000,10.0000,-81.5000
2022-07-08,2022,1,12019.2500,10.8750,-9.7500,-10.0000,27.5000,-41.0000,21,-33.0000,71.7500,10,7.0000,-36.7500,14.0000,18.0000,-25.0000,,-9.7500,,-9.7500,,-9.7500,,-9.7500
2022-07-11,2022,1,12048.7500,6.2500,-179.0000,-179.5000,-179.0000,-195.7500,29,-191.7500,6.0000,1,,,,1.0000,-14.2500,2.0000,-37.5000,3.0000,-68.7500,3.0000,-68.7500,4.0000,-107.0000
2022-07-12,2022,1,11962.0000,7.6250,-127.5000,-127.5000,-7.2500,-141.5000,28,-140.2500,63.5000,7,4.0000,7.0000,13.0000,14.0000,-22.5000,17.0000,-49.0000,17.0000,-49.0000,26.0000,-70.7500,27.0000,-105.0000
2022-07-13,2022,-1,11536.5000,14.2500,-138.7500,-139.5000,-138.7500,-163.5000,18,-159.7500,14.0000,1,,,,1.0000,-36.7500,6.0000,-69.2500,7.0000,-118.7500,7.0000,-118.7500,,-138.7500
2022-07-14,2022,-1,11624.0000,8.3750,91.2500,90.7500,11.7500,-5.5000,18,12.2500,94.7500,30,5.0000,-34.5000,13.0000,,91.2500,,91.2500,,91.2500,,91.2500,,91.2500
2022-07-15,2022,1,11973.0000,9.8750,-26.2500,-27.0000,-26.2500,-119.5000,23,-115.7500,17.0000,28,24.0000,102.7500,,6.0000,-23.5000,9.0000,-42.2500,13.0000,-76.2500,14.0000,-87.0000,,-26.2500
2022-07-18,2022,1,12139.2500,5.3750,27.0000,26.7500,-21.7500,-46.7500,8,-39.5000,47.2500,23,1.0000,12.2500,7.0000,7.0000,-21.7500,7.0000,-21.7500,8.0000,-40.7500,,27.0000,,27.0000
2022-07-19,2022,1,12055.7500,6.2500,5.5000,5.7500,5.5000,-62.7500,15,-53.2500,19.0000,27,22.0000,37.2500,,2.0000,-12.7500,7.0000,-25.2500,10.0000,-48.5000,14.0000,-54.0000,,5.5000
2022-07-20,2022,-1,12273.5000,5.2500,-12.5000,-13.2500,-12.5000,-78.2500,19,-71.0000,2.0000,1,21.0000,62.2500,,1.0000,-17.5000,2.0000,-21.7500,5.0000,-49.5000,5.0000,-49.5000,14.0000,-66.0000
2022-07-21,2022,1,12505.7500,10.7500,-2.2500,-1.7500,-2.2500,-96.5000,4,-90.2500,35.5000,29,6.0000,82.0000,,1.0000,-38.2500,2.0000,-60.5000,3.0000,-89.2500,3.0000,-89.2500,,-2.2500
2022-07-22,2022,-1,12578.0000,5.3750,12.0000,11.7500,12.0000,-120.5000,19,-105.0000,26.0000,29,21.0000,90.0000,,1.0000,-17.2500,5.0000,-43.7500,5.0000,-43.7500,5.0000,-43.7500,17.0000,-79.5000
2022-07-25,2022,1,12438.5000,4.6250,-37.7500,-38.2500,-37.7500,-81.7500,7,-71.5000,4.2500,2,9.0000,67.2500,,2.0000,-24.0000,2.0000,-24.0000,3.0000,-55.7500,3.0000,-55.7500,5.0000,-61.2500
2022-07-26,2022,-1,12245.7500,7.1250,14.5000,14.2500,5.7500,-9.2500,8,-2.0000,49.7500,16,12.0000,-9.5000,19.0000,,14.5000,,14.5000,,14.5000,,14.5000,,14.5000
2022-07-27,2022,-1,12287.2500,4.2500,-94.2500,-94.5000,-94.2500,-114.0000,15,-106.2500,10.7500,2,,,,3.0000,-17.7500,3.0000,-17.7500,4.0000,-33.7500,5.0000,-45.2500,6.0000,-51.5000
2022-07-28,2022,1,12634.5000,9.6250,-116.0000,-115.7500,-116.0000,-180.7500,22,-167.2500,4.5000,3,24.0000,155.5000,,1.0000,-23.2500,6.0000,-44.0000,10.0000,-69.2500,11.0000,-89.0000,13.0000,-138.2500
2022-07-29,2022,-1,12788.7500,7.6250,-109.5000,-110.0000,-11.5000,-112.5000,30,-110.0000,44.5000,5,3.0000,-6.7500,7.0000,8.0000,-34.7500,8.0000,-34.7500,9.0000,-62.7500,9.0000,-62.7500,28.0000,-92.2500
2022-08-01,2022,-1,12858.0000,6.8750,-148.5000,-149.5000,-155.7500,-171.5000,28,-160.5000,6.2500,1,27.0000,151.0000,28.0000,2.0000,-25.2500,3.0000,-33.7500,7.0000,-62.5000,7.0000,-62.5000,9.0000,-89.0000
2022-08-02,2022,1,12893.5000,5.5000,-2.0000,-1.5000,-2.5000,-23.0000,23,-13.7500,63.2500,15,8.0000,-6.0000,21.0000,23.0000,-14.5000,,-2.0000,,-2.0000,,-2.0000,,-2.0000
2022-08-03,2022,1,13033.7500,5.0000,80.5000,80.2500,80.5000,-2.5000,2,6.5000,93.7500,25,1.0000,2.0000,,,80.5000,,80.5000,,80.5000,,80.5000,,80.5000
2022-08-04,2022,1,13286.2500,8.0000,42.2500,42.2500,-17.5000,-34.0000,7,-29.2500,52.7500,14,4.0000,-2.7500,6.0000,6.0000,-17.5000,,42.2500,,42.2500,,42.2500,,42.2500
2022-08-05,2022,1,13154.7500,11.6250,69.5000,69.0000,-0.2500,-8.7500,16,-0.5000,71.0000,30,2.0000,0.2500,15.0000,,69.5000,,69.5000,,69.5000,,69.5000,,69.5000
2022-08-08,2022,1,13301.0000,9.3750,112.2500,111.7500,112.2500,-16.0000,6,2.2500,116.5000,30,1.0000,20.0000,,,112.2500,,112.2500,,112.2500,,112.2500,,112.2500
2022-08-09,2022,-1,13055.0000,5.6250,51.0000,50.2500,51.0000,-37.5000,13,-31.5000,73.0000,29,17.0000,12.5000,,9.0000,-15.2500,10.0000,-25.5000,,51.0000,,51.0000,,51.0000
2022-08-10,2022,-1,13302.0000,9.5000,-22.5000,-22.0000,-22.5000,-46.0000,18,-39.7500,33.5000,8,20.0000,36.5000,,1.0000,-19.7500,17.0000,-39.5000,,-22.5000,,-22.5000,,-22.5000
2022-08-11,2022,1,13500.5000,5.3750,16.0000,15.5000,-17.7500,-45.0000,2,-41.0000,23.2500,28,15.0000,16.2500,25.0000,1.0000,-18.5000,2.0000,-40.5000,2.0000,-40.5000,,16.0000,,16.0000
2022-08-12,2022,-1,13389.2500,4.5000,-18.5000,-18.7500,-35.0000,-46.5000,13,-38.0000,30.0000,4,16.0000,32.5000,27.0000,8.0000,-36.0000,8.0000,-36.0000,8.0000,-36.0000,12.0000,-38.5000,,-18.5000
2022-08-15,2022,1,13578.0000,4.2500,14.0000,14.0000,-16.0000,-31.5000,10,-27.0000,56.5000,27,1.0000,11.7500,8.0000,8.0000,-16.0000,9.0000,-26.5000,9.0000,-26.5000,,14.0000,,14.0000
2022-08-16,2022,1,13652.0000,4.3750,-75.0000,-75.2500,-61.0000,-84.2500,30,-79.0000,6.2500,1,26.0000,44.0000,28.0000,2.0000,-11.7500,5.0000,-38.0000,5.0000,-38.0000,5.0000,-38.0000,17.0000,-53.0000
2022-08-17,2022,1,13538.2500,6.0000,-22.7500,-22.5000,-13.0000,-53.7500,11,-49.7500,27.5000,3,4.0000,-0.7500,6.0000,1.0000,-12.7500,8.0000,-36.5000,8.0000,-36.5000,11.0000,-50.0000,,-22.7500
2022-08-18,2022,-1,13489.5000,5.3750,60.0000,59.5000,9.5000,-12.7500,13,-7.5000,67.0000,29,2.0000,-21.0000,7.0000,,60.0000,,60.0000,,60.0000,,60.0000,,60.0000
2022-08-19,2022,1,13405.0000,6.0000,-101.0000,-101.0000,-96.5000,-109.7500,29,-108.5000,10.7500,2,26.0000,93.7500,27.0000,5.0000,-16.5000,6.0000,-34.0000,9.0000,-48.5000,9.0000,-48.5000,16.0000,-73.7500
2022-08-22,2022,-1,13071.2500,5.0000,56.5000,56.0000,3.5000,-3.0000,12,3.5000,65.7500,19,3.0000,-12.7500,11.0000,,56.5000,,56.5000,,56.5000,,56.5000,,56.5000
2022-08-23,2022,1,12938.2500,5.6250,-3.5000,-3.7500,-20.2500,-72.2500,12,-71.0000,47.0000,20,1.0000,15.2500,6.0000,6.0000,-20.2500,7.0000,-28.0000,10.0000,-39.5000,11.0000,-58.2500,12.0000,-70.7500
2022-08-24,2022,1,12894.0000,5.0000,12.7500,13.5000,-8.5000,-42.5000,3,-37.2500,35.0000,28,7.0000,8.0000,8.0000,2.0000,-37.2500,2.0000,-37.2500,2.0000,-37.2500,,12.7500,,12.7500
2022-08-25,2022,-1,12993.7500,5.6250,-64.7500,-65.2500,0.2500,-71.7500,30,-65.2500,31.7500,18,18.0000,-7.2500,21.0000,22.0000,-13.0000,25.0000,-32.0000,26.0000,-49.0000,26.0000,-49.0000,,-64.7500
2022-08-26,2022,-1,13123.2500,9.2500,119.2500,119.2500,119.2500,-37.7500,4,-32.5000,122.7500,30,5.0000,29.7500,,2.0000,-32.5000,,119.2500,,119.2500,,119.2500,,119.2500
2022-08-29,2022,1,12542.5000,7.0000,-15.5000,-15.5000,-13.0000,-20.2500,28,-15.5000,63.0000,10,1.0000,12.0000,29.0000,30.0000,-15.5000,,-15.5000,,-15.5000,,-15.5000,,-15.5000
2022-08-31,2022,-1,12432.7500,10.0000,-26.2500,-25.5000,-15.2500,-80.2500,21,-70.5000,42.0000,4,1.0000,8.7500,8.0000,12.0000,-52.0000,12.0000,-52.0000,15.0000,-60.7500,,-26.2500,,-26.2500
2022-09-01,2022,-1,12159.2500,7.1250,37.2500,37.0000,-24.7500,-64.7500,9,-55.7500,39.5000,30,18.0000,23.7500,25.0000,4.0000,-21.2500,8.0000,-55.5000,8.0000,-55.5000,,37.2500,,37.2500
2022-09-02,2022,-1,12347.0000,10.6250,56.2500,56.5000,56.2500,-15.7500,19,-15.7500,74.5000,29,1.0000,16.7500,,,56.2500,,56.2500,,56.2500,,56.2500,,56.2500
2022-09-06,2022,-1,12110.0000,7.5000,141.0000,141.2500,141.0000,-24.7500,3,-9.7500,147.2500,30,1.0000,16.2500,,,141.0000,,141.0000,,141.0000,,141.0000,,141.0000
2022-09-07,2022,1,12067.5000,6.1250,17.7500,17.5000,-0.5000,-20.7500,28,-1.0000,60.7500,16,3.0000,-3.5000,28.0000,,17.7500,,17.7500,,17.7500,,17.7500,,17.7500
2022-09-08,2022,-1,12222.2500,11.8750,-52.5000,-51.2500,-6.0000,-123.2500,23,-118.2500,30.5000,3,2.0000,7.5000,5.0000,9.0000,-41.7500,10.0000,-53.7500,15.0000,-72.5000,21.0000,-94.2500,,-52.5000
2022-09-09,2022,1,12532.5000,5.7500,65.7500,65.5000,65.7500,-28.5000,13,-9.2500,67.2500,30,1.0000,11.2500,,,65.7500,,65.7500,,65.7500,,65.7500,,65.7500
2022-09-12,2022,1,12752.5000,5.0000,54.0000,53.5000,-16.7500,-27.0000,6,-22.7500,70.7500,28,1.0000,9.2500,3.0000,3.0000,-16.7500,5.0000,-23.0000,,54.0000,,54.0000,,54.0000
2022-09-13,2022,1,12489.7500,11.7500,-120.7500,-120.2500,-60.2500,-131.0000,30,-122.0000,1.2500,2,10.0000,55.2500,11.0000,3.0000,-64.2500,3.0000,-64.2500,5.0000,-76.5000,27.0000,-100.7500,,-120.7500
2022-09-14,2022,-1,12143.2500,8.1250,-28.7500,-29.5000,-40.2500,-70.7500,14,-52.0000,44.5000,5,1.0000,7.0000,12.0000,12.0000,-40.2500,12.0000,-40.2500,13.0000,-52.2500,,-28.7500,,-28.7500
2022-09-15,2022,-1,12122.0000,7.8750,-84.0000,-84.0000,-84.0000,-112.0000,29,-103.2500,10.5000,7,,,,2.0000,-21.5000,8.0000,-38.5000,10.0000,-55.7500,17.0000,-81.0000,28.0000,-103.5000
2022-09-16,2022,-1,11833.0000,9.2500,19.2500,18.7500,8.0000,-25.2500,8,-18.2500,51.0000,27,10.0000,-9.5000,14.0000,,19.2500,,19.2500,,19.2500,,19.2500,,19.2500
2022-09-19,2022,1,11870.2500,6.2500,13.7500,14.2500,13.7500,-12.2500,3,-9.0000,60.5000,21,1.0000,17.5000,,,13.7500,,13.7500,,13.7500,,13.7500,,13.7500
2022-09-20,2022,-1,11924.0000,5.0000,4.0000,4.0000,-4.0000,-23.0000,2,-16.5000,37.0000,11,7.0000,-2.5000,16.0000,1.0000,-17.0000,,4.0000,,4.0000,,4.0000,,4.0000
2022-09-21,2022,-1,11960.2500,4.7500,-13.0000,-13.2500,-3.7500,-37.2500,18,-30.2500,22.2500,3,2.0000,1.2500,10.0000,15.0000,-18.5000,16.0000,-29.7500,16.0000,-29.7500,,-13.0000,,-13.0000
2022-09-22,2022,-1,11664.2500,7.5000,90.0000,89.7500,90.0000,-16.7500,1,-14.5000,98.0000,29,6.0000,-13.2500,,,90.0000,,90.0000,,90.0000,,90.0000,,90.0000
2022-09-23,2022,-1,11431.2500,12.0000,89.7500,89.2500,89.7500,-39.7500,2,-33.2500,93.0000,29,6.0000,5.0000,,2.0000,-34.0000,,89.7500,,89.7500,,89.7500,,89.7500
2022-09-26,2022,1,11397.7500,7.8750,94.5000,93.7500,94.5000,-4.0000,1,22.0000,122.0000,28,2.0000,-2.2500,,,94.5000,,94.5000,,94.5000,,94.5000,,94.5000
2022-09-27,2022,1,11501.0000,8.0000,-64.7500,-64.5000,-12.5000,-73.0000,30,-64.5000,67.2500,8,1.0000,3.2500,17.0000,18.0000,-30.2500,28.0000,-52.5000,28.0000,-52.5000,30.0000,-64.7500,,-64.7500
2022-09-28,2022,-1,11313.2500,10.8750,6.5000,5.7500,3.5000,-59.7500,28,-50.0000,47.2500,2,2.0000,-8.7500,9.0000,12.0000,-26.5000,28.0000,-50.0000,,6.5000,,6.5000,,6.5000
2022-09-29,2022,-1,11371.2500,9.0000,157.0000,156.5000,157.0000,-16.7500,1,-11.2500,160.7500,30,4.0000,1.2500,,,157.0000,,157.0000,,157.0000,,157.0000,,157.0000
2022-09-30,2022,-1,11196.0000,10.2500,-22.5000,-21.0000,-48.7500,-70.0000,25,-63.2500,53.0000,6,4.0000,33.2500,21.0000,1.0000,-40.7500,21.0000,-48.7500,25.0000,-62.7500,,-22.5000,,-22.5000
2022-10-03,2022,-1,11081.7500,7.2500,-81.5000,-81.5000,-29.2500,-82.5000,30,-81.5000,42.0000,8,1.0000,15.7500,13.0000,13.0000,-29.2500,13.0000,-29.2500,28.0000,-53.0000,30.0000,-81.5000,,-81.5000
2022-10-04,2022,1,11545.7500,5.8750,103.0000,103.2500,103.0000,-6.7500,6,-0.7500,117.2500,30,1.0000,13.2500,,,103.0000,,103.0000,,103.0000,,103.0000,,103.0000
2022-10-05,2022,1,11521.0000,7.1250,-80.2500,-80.0000,-29.0000,-87.5000,30,-80.0000,18.0000,1,1.0000,13.2500,5.0000,5.0000,-29.0000,5.0000,-29.0000,8.0000,-44.7500,28.0000,-64.2500,,-80.2500
2022-10-06,2022,1,11635.5000,7.7500,-52.0000,-51.7500,-25.2500,-67.5000,29,-61.0000,86.0000,11,1.0000,9.0000,28.0000,28.0000,-25.2500,29.0000,-61.0000,29.0000,-61.0000,,-52.0000,,-52.0000
2022-10-07,2022,-1,11301.5000,11.2500,88.5000,88.0000,-30.5000,-48.5000,4,-37.7500,92.2500,30,6.0000,25.0000,8.0000,1.0000,-35.7500,,88.5000,,88.5000,,88.5000,,88.5000
2022-10-10,2022,-1,11081.7500,6.3750,71.7500,73.2500,71.7500,0.0000,1,16.7500,84.7500,28,1.0000,28.5000,,,71.7500,,71.7500,,71.7500,,71.7500,,71.7500
2022-10-11,2022,1,10923.2500,7.3750,-120.0000,-119.5000,-120.0000,-122.2500,30,-119.5000,0.2500,1,,,,1.0000,-17.2500,3.0000,-52.0000,3.0000,-52.0000,15.0000,-63.7500,26.0000,-98.2500
2022-10-12,2022,-1,10817.7500,9.7500,-84.5000,-84.0000,-84.5000,-128.0000,13,-111.0000,12.2500,1,15.0000,95.2500,,3.0000,-50.2500,3.0000,-50.2500,4.0000,-69.2500,5.0000,-91.7500,,-84.5000
2022-10-13,2022,-1,10496.5000,13.1250,-114.5000,-113.7500,-118.7500,-133.2500,22,-131.7500,11.7500,1,23.0000,116.0000,27.0000,2.0000,-43.5000,10.0000,-54.7500,17.0000,-88.0000,20.0000,-119.0000,,-114.5000
2022-10-14,2022,-1,11172.2500,11.5000,213.5000,212.2500,9.7500,-28.7500,7,-18.7500,239.2500,28,2.0000,-22.0000,6.0000,,213.5000,,213.5000,,213.5000,,213.5000,,213.5000
2022-10-17,2022,1,11036.0000,8.5000,37.2500,37.2500,37.2500,-3.5000,2,2.7500,81.0000,19,4.0000,-18.7500,,,37.2500,,37.2500,,37.2500,,37.2500,,37.2500
2022-10-18,2022,1,11421.2500,7.8750,-94.2500,-94.0000,-94.2500,-128.7500,27,-126.2500,10.5000,1,29.0000,111.7500,,1.0000,-28.7500,2.0000,-44.2500,5.0000,-49.2500,8.0000,-73.7500,21.0000,-97.5000
2022-10-19,2022,1,11147.0000,9.1250,-2.5000,-2.2500,24.5000,-37.0000,10,-27.7500,66.2500,4,3.0000,-30.7500,6.0000,17.0000,-27.5000,,-2.5000,,-2.5000,,-2.5000,,-2.5000
2022-10-20,2022,1,11135.0000,10.2500,105.2500,105.5000,105.2500,-44.0000,9,-29.0000,109.7500,30,10.0000,23.7500,,4.0000,-28.7500,,105.2500,,105.2500,,105.2500,,105.2500
2022-10-21,2022,1,11083.0000,20.5000,64.7500,64.7500,-58.2500,-85.5000,3,-74.7500,89.5000,28,5.0000,52.0000,9.0000,2.0000,-52.7500,,64.7500,,64.7500,,64.7500,,64.7500
2022-10-24,2022,-1,11316.7500,10.0000,23.7500,24.0000,-44.7500,-109.2500,13,-93.7500,29.2500,30,1.0000,5.5000,3.0000,3.0000,-44.7500,3.0000,-44.7500,5.0000,-64.7500,13.0000,-93.0000,,23.7500
2022-10-25,2022,1,11565.2500,8.0000,84.7500,84.2500,84.7500,-42.7500,8,-26.5000,99.5000,24,10.0000,24.5000,,3.0000,-18.5000,,84.7500,,84.7500,,84.7500,,84.7500
2022-10-26,2022,1,11488.7500,7.0000,42.0000,41.2500,42.0000,-35.0000,3,-23.7500,75.0000,29,1.0000,26.7500,,1.0000,-22.7500,,42.0000,,42.0000,,42.0000,,42.0000
2022-10-27,2022,1,11444.0000,12.7500,-154.5000,-154.5000,-67.0000,-180.2500,24,-176.7500,16.2500,1,13.0000,49.5000,15.0000,4.0000,-41.7500,8.0000,-66.2500,16.0000,-82.2500,17.0000,-119.2500,19.0000,-166.2500
2022-10-28,2022,1,11268.0000,10.1250,31.0000,31.0000,31.0000,-2.0000,1,17.7500,96.2500,10,1.0000,3.0000,,,31.0000,,31.0000,,31.0000,,31.0000,,31.0000
2022-10-31,2022,-1,11463.5000,5.7500,15.7500,16.2500,-35.0000,-49.0000,6,-35.0000,50.5000,20,1.0000,33.2500,6.0000,2.0000,-22.2500,5.0000,-29.0000,6.0000,-35.0000,,15.7500,,15.7500
2022-11-01,2022,1,11598.7500,4.7500,-124.5000,-124.5000,-124.5000,-142.0000,29,-124.5000,15.5000,3,,,,3.0000,-12.2500,5.0000,-19.5000,13.0000,-59.2500,13.0000,-59.2500,13.0000,-59.2500
2022-11-02,2022,-1,11283.7500,5.5000,-11.0000,-10.7500,-21.5000,-44.5000,10,-35.7500,12.5000,1,1.0000,19.7500,5.0000,3.0000,-17.2500,8.0000,-35.5000,8.0000,-35.5000,,-11.0000,,-11.0000
2022-11-03,2022,-1,10799.2500,7.1250,59.2500,58.7500,59.2500,-49.2500,2,-44.0000,91.2500,29,13.0000,12.2500,,1.0000,-44.2500,1.0000,-44.2500,1.0000,-44.2500,,59.2500,,59.2500
2022-11-04,2022,-1,10879.7500,11.5000,27.7500,27.2500,27.7500,-19.5000,1,11.7500,155.2500,17,1.0000,36.5000,,,27.7500,,27.7500,,27.7500,,27.7500,,27.7500
2022-11-07,2022,-1,10923.5000,5.8750,-0.2500,0.0000,-0.2500,-8.2500,30,0.0000,76.2500,20,1.0000,12.5000,,,-0.2500,,-0.2500,,-0.2500,,-0.2500,,-0.2500
2022-11-08,2022,-1,11043.7500,4.1250,-22.2500,-22.0000,6.0000,-42.2500,27,-38.2500,37.0000,14,10.0000,-14.2500,11.0000,20.0000,-19.7500,20.0000,-19.7500,21.0000,-35.2500,21.0000,-35.2500,,-22.2500
2022-11-09,2022,-1,10975.2500,7.3750,-15.0000,-15.2500,-15.0000,-64.7500,13,-63.2500,13.7500,25,16.0000,54.5000,,3.0000,-23.2500,9.0000,-34.0000,13.0000,-63.2500,13.0000,-63.2500,,-15.0000
2022-11-10,2022,1,11363.7500,13.6250,100.0000,99.5000,100.0000,-94.5000,10,-83.5000,105.2500,30,12.0000,63.2500,,5.0000,-35.5000,8.0000,-62.7500,9.0000,-83.2500,,100.0000,,100.0000
2022-11-11,2022,-1,11588.7500,8.5000,-69.7500,-70.5000,-10.7500,-102.2500,20,-91.2500,19.5000,4,4.0000,-1.5000,6.0000,9.0000,-26.2500,12.0000,-36.2500,13.0000,-57.0000,14.0000,-76.0000,,-69.7500
2022-11-14,2022,-1,11755.5000,4.7500,-8.0000,-8.2500,15.5000,-23.0000,28,-17.5000,53.5000,16,12.0000,-18.5000,19.0000,7.0000,-12.7500,,-8.0000,,-8.0000,,-8.0000,,-8.0000
2022-11-15,2022,1,12055.7500,10.8750,-5.5000,-5.2500,-5.5000,-92.7500,17,-88.2500,4.0000,1,25.0000,68.5000,,2.0000,-36.2500,5.0000,-45.0000,16.0000,-76.7500,22.0000,-88.0000,,-5.5000
2022-11-16,2022,-1,11814.0000,9.6250,27.2500,27.7500,27.2500,-22.2500,2,-17.2500,64.5000,19,15.0000,-14.0000,,,27.2500,,27.2500,,27.2500,,27.2500,,27.2500
2022-11-17,2022,1,11581.7500,6.0000,-6.7500,-7.0000,-7.2500,-16.0000,5,-8.0000,53.5000,18,4.0000,-0.7500,5.0000,,-6.7500,,-6.7500,,-6.7500,,-6.7500,,-6.7500
2022-11-18,2022,-1,11775.0000,5.7500,62.0000,62.0000,12.5000,-13.7500,3,-8.2500,66.5000,30,17.0000,-16.2500,20.0000,,62.0000,,62.0000,,62.0000,,62.0000,,62.0000
2022-11-21,2022,1,11672.5000,5.2500,-30.2500,-30.0000,-30.2500,-44.2500,4,-37.5000,27.2500,20,9.0000,28.2500,30.0000,1.0000,-14.5000,2.0000,-33.2500,2.0000,-33.2500,,-30.2500,,-30.2500
2022-11-22,2022,-1,11611.7500,4.7500,41.5000,41.2500,41.5000,-3.2500,1,12.2500,84.5000,11,7.0000,-31.7500,,,41.5000,,41.5000,,41.5000,,41.5000,,41.5000
2022-11-23,2022,1,11765.0000,5.0000,75.0000,74.0000,75.0000,-9.5000,1,2.5000,88.0000,28,6.0000,-16.2500,,,75.0000,,75.0000,,75.0000,,75.0000,,75.0000
2022-11-25,2022,-1,11797.0000,4.6250,-8.0000,-8.2500,2.2500,-19.2500,30,-15.0000,30.7500,2,2.0000,-5.2500,4.0000,6.0000,-15.0000,,-8.0000,,-8.0000,,-8.0000,,-8.0000
2022-11-28,2022,1,11741.0000,4.7500,17.2500,17.5000,17.2500,-6.7500,1,-1.0000,47.5000,13,1.0000,7.5000,,,17.2500,,17.2500,,17.2500,,17.2500,,17.2500
2022-11-29,2022,-1,11605.5000,6.0000,21.7500,21.7500,-5.0000,-22.5000,2,-13.7500,40.2500,24,4.0000,3.0000,9.0000,2.0000,-14.0000,,21.7500,,21.7500,,21.7500,,21.7500
2022-11-30,2022,-1,11525.0000,5.1250,-8.0000,-8.0000,-39.7500,-56.5000,11,-49.7500,6.2500,1,6.0000,26.0000,10.0000,1.0000,-30.5000,1.0000,-30.5000,2.0000,-41.7500,12.0000,-50.0000,,-8.0000
2022-12-01,2022,1,12071.0000,7.5000,22.5000,22.2500,22.5000,-12.5000,7,-5.5000,74.0000,28,1.0000,18.2500,,,22.5000,,22.5000,,22.5000,,22.5000,,22.5000
2022-12-02,2022,1,11897.7500,9.3750,-17.2500,-17.2500,-17.2500,-60.5000,22,-46.5000,17.7500,1,24.0000,41.7500,,10.0000,-21.7500,17.0000,-43.0000,,-17.2500,,-17.2500,,-17.2500
2022-12-05,2022,-1,11928.2500,4.6250,45.0000,45.0000,45.0000,-44.0000,5,-38.5000,64.0000,28,24.0000,22.0000,,2.0000,-16.2500,3.0000,-30.0000,3.0000,-30.0000,17.0000,-38.7500,,45.0000
2022-12-06,2022,-1,11786.0000,5.5000,134.5000,134.5000,134.5000,-10.7500,1,3.5000,134.5000,30,2.0000,0.5000,,,134.5000,,134.5000,,134.5000,,134.5000,,134.5000
2022-12-07,2022,-1,11514.2500,8.3750,34.7500,34.5000,34.7500,-82.0000,5,-73.7500,73.7500,29,11.0000,53.0000,,1.0000,-25.7500,2.0000,-40.5000,3.0000,-55.2500,4.0000,-69.0000,,34.7500
2022-12-08,2022,-1,11537.7500,5.5000,-60.7500,-61.0000,-3.0000,-82.2500,28,-72.0000,60.5000,13,2.0000,0.2500,19.0000,21.0000,-19.5000,24.0000,-38.0000,24.0000,-38.0000,26.0000,-51.5000,28.0000,-72.0000
2022-12-09,2022,1,11591.7500,8.8750,34.2500,33.5000,5.0000,-17.5000,28,-3.2500,69.0000,13,5.0000,-12.5000,9.0000,,34.2500,,34.2500,,34.2500,,34.2500,,34.2500
2022-12-12,2022,1,11703.2500,4.2500,-2.2500,-2.2500,-2.2500,-44.5000,8,-41.0000,22.2500,18,17.0000,21.0000,,4.0000,-12.5000,5.0000,-29.0000,5.0000,-29.0000,6.0000,-36.5000,,-2.2500
2022-12-13,2022,-1,12235.0000,11.2500,4.5000,3.7500,-29.7500,-68.7500,16,-53.5000,51.2500,5,1.0000,17.7500,12.0000,12.0000,-29.7500,15.0000,-51.0000,,4.5000,,4.5000,,4.5000
2022-12-14,2022,1,11964.0000,5.5000,48.0000,47.7500,48.0000,-7.7500,1,6.0000,52.0000,30,2.0000,0.2500,,,48.0000,,48.0000,,48.0000,,48.0000,,48.0000
2022-12-15,2022,-1,11659.7500,8.0000,116.5000,116.7500,116.5000,-3.0000,1,3.7500,119.7500,30,1.0000,27.2500,,,116.5000,,116.5000,,116.5000,,116.5000,,116.5000
2022-12-16,2022,1,11444.0000,9.2500,-27.7500,-27.7500,-27.7500,-38.0000,8,-31.5000,47.5000,18,11.0000,29.0000,,7.0000,-26.2500,,-27.7500,,-27.7500,,-27.7500,,-27.7500
2022-12-19,2022,-1,11318.0000,4.8750,62.2500,62.2500,-1.5000,-13.7500,7,-2.2500,65.0000,30,1.0000,1.5000,6.0000,,62.2500,,62.2500,,62.2500,,62.2500,,62.2500
2022-12-20,2022,1,11129.2500,5.3750,59.0000,59.0000,-10.0000,-62.5000,14,-58.2500,59.5000,30,6.0000,7.7500,8.0000,3.0000,-13.2500,10.0000,-38.7500,10.0000,-38.7500,12.0000,-45.5000,,59.0000
2022-12-21,2022,-1,11192.0000,4.1250,-68.5000,-68.2500,-68.5000,-81.7500,20,-80.5000,11.0000,3,22.0000,69.5000,,4.0000,-8.2500,6.0000,-24.5000,6.0000,-24.5000,11.0000,-35.0000,15.0000,-53.5000
2022-12-22,2022,-1,11147.5000,5.5000,68.5000,69.7500,68.5000,-9.7500,2,-5.0000,75.7500,30,1.0000,30.7500,,,68.5000,,68.5000,,68.5000,,68.5000,,68.5000
2022-12-23,2022,1,11042.0000,10.7500,-94.0000,-93.2500,-91.7500,-119.7500,23,-118.7500,8.7500,1,10.0000,88.0000,15.0000,2.0000,-53.0000,2.0000,-53.0000,3.0000,-83.5000,4.0000,-116.2500,,-94.0000
2022-12-27,2022,-1,11027.7500,5.2500,130.0000,130.0000,130.0000,-5.5000,2,6.5000,130.2500,30,4.0000,-16.5000,,,130.0000,,130.0000,,130.0000,,130.0000,,130.0000
2022-12-28,2022,1,10942.5000,4.3750,14.2500,15.0000,14.2500,-21.2500,22,-14.0000,54.0000,4,1.0000,47.2500,,21.0000,-14.5000,,14.2500,,14.2500,,14.2500,,14.2500
2022-12-29,2022,-1,10862.5000,5.3750,-98.2500,-98.5000,-98.2500,-118.0000,29,-114.7500,6.0000,1,,,,1.0000,-19.2500,2.0000,-33.2500,2.0000,-33.2500,3.0000,-44.0000,8.0000,-84.2500
2022-12-30,2022,1,10908.0000,4.6250,-8.0000,-7.5000,-6.5000,-52.5000,17,-43.7500,39.7500,2,2.0000,-1.5000,8.0000,15.0000,-18.2500,16.0000,-44.5000,16.0000,-44.5000,16.0000,-44.5000,,-8.0000
2023-01-03,2023,-1,11102.5000,6.5000,108.2500,108.0000,108.2500,-79.5000,10,-68.7500,114.0000,30,13.0000,64.7500,,1.0000,-31.5000,1.0000,-31.5000,7.0000,-47.7500,8.0000,-59.5000,,108.2500
2023-01-04,2023,-1,10983.2500,6.0000,-3.7500,-3.7500,-24.7500,-63.2500,10,-60.7500,59.7500,28,1.0000,10.0000,3.0000,3.0000,-24.7500,3.0000,-24.7500,8.0000,-53.0000,8.0000,-53.0000,,-3.7500
2023-01-05,2023,-1,10878.5000,8.1250,-5.0000,-4.0000,-5.0000,-18.2500,30,-4.0000,63.7500,15,1.0000,5.2500,,,-5.0000,,-5.0000,,-5.0000,,-5.0000,,-5.0000
2023-01-06,2023,-1,10886.5000,10.8750,2.7500,2.7500,2.7500,-58.5000,3,-47.0000,120.2500,14,5.0000,36.5000,,1.0000,-34.0000,3.0000,-47.0000,,2.7500,,2.7500,,2.7500
2023-01-09,2023,1,11240.7500,5.5000,76.0000,75.5000,76.0000,-46.0000,4,-38.7500,79.2500,28,13.0000,16.0000,,1.0000,-20.5000,3.0000,-25.7500,4.0000,-37.5000,,76.0000,,76.0000
2023-01-10,2023,1,11200.7500,11.8750,-13.7500,-14.0000,-47.7500,-58.7500,15,-47.5000,45.2500,2,1.0000,19.2500,14.0000,14.0000,-47.7500,,-13.7500,,-13.7500,,-13.7500,,-13.7500
2023-01-11,2023,-1,11297.2500,5.5000,-31.0000,-31.0000,-47.2500,-66.0000,16,-57.2500,6.2500,1,22.0000,44.0000,24.0000,2.0000,-18.0000,3.0000,-25.0000,4.0000,-39.0000,5.0000,-55.2500,,-31.0000
2023-01-12,2023,-1,11458.2500,19.6250,63.5000,63.7500,63.5000,-12.0000,2,0.0000,147.0000,23,1.0000,37.2500,,,63.5000,,63.5000,,63.5000,,63.5000,,63.5000
2023-01-13,2023,-1,11425.0000,5.1250,-46.7500,-48.0000,-46.7500,-74.2500,28,-53.0000,16.2500,13,,,,1.0000,-12.0000,2.0000,-26.0000,18.0000,-32.5000,28.0000,-52.7500,,-46.7500
2023-01-17,2023,1,11608.0000,6.0000,53.2500,53.5000,53.2500,-58.5000,8,-45.7500,54.0000,30,10.0000,30.5000,,1.0000,-18.7500,5.0000,-26.5000,6.0000,-40.5000,,53.2500,,53.2500
2023-01-18,2023,-1,11681.0000,6.5000,-62.2500,-62.0000,-26.5000,-67.7500,30,-65.5000,8.7500,5,1.0000,24.2500,3.0000,1.0000,-16.5000,3.0000,-26.5000,19.0000,-39.7500,28.0000,-55.5000,,-62.2500
2023-01-19,2023,1,11436.2500,6.1250,-38.7500,-37.7500,-16.7500,-87.5000,17,-77.7500,10.2500,8,1.0000,9.0000,3.0000,3.0000,-16.7500,11.0000,-32.2500,12.0000,-49.0000,13.0000,-54.5000,16.0000,-78.0000
2023-01-20,2023,-1,11398.7500,5.7500,-46.0000,-45.7500,-46.0000,-74.2500,20,-69.0000,15.2500,4,23.0000,61.2500,,7.0000,-13.2500,9.0000,-27.0000,11.0000,-39.7500,19.0000,-55.0000,,-46.0000
2023-01-23,2023,-1,11692.2500,5.2500,-126.0000,-126.0000,-131.5000,-135.0000,29,-131.5000,8.2500,3,26.0000,114.7500,28.0000,3.0000,-25.2500,3.0000,-25.2500,8.0000,-46.0000,8.0000,-46.0000,15.0000,-88.2500
2023-01-24,2023,1,11881.7500,4.8750,-9.7500,-10.2500,-22.2500,-36.2500,5,-21.7500,69.7500,23,1.0000,21.5000,5.0000,2.0000,-10.2500,5.0000,-22.2500,,-9.7500,,-9.7500,,-9.7500
2023-01-25,2023,-1,11661.5000,5.1250,35.0000,34.5000,35.0000,-62.5000,9,-52.2500,46.7500,28,12.0000,43.2500,,1.0000,-19.2500,2.0000,-25.7500,6.0000,-40.7500,8.0000,-51.2500,,35.0000
2023-01-26,2023,1,12063.5000,6.2500,-82.5000,-83.0000,-25.0000,-116.5000,24,-115.5000,11.5000,4,4.0000,16.2500,8.0000,1.0000,-19.2500,2.0000,-27.2500,11.0000,-46.0000,12.0000,-50.2500,18.0000,-92.2500
2023-01-27,2023,1,12087.2500,5.6250,69.0000,69.0000,69.0000,-15.2500,6,-11.0000,69.0000,30,14.0000,-9.2500,,,69.0000,,69.0000,,69.0000,,69.0000,,69.0000
2023-01-30,2023,1,12099.0000,5.5000,32.2500,32.2500,-25.7500,-39.5000,4,-31.7500,39.2500,29,7.0000,23.0000,11.0000,2.0000,-26.7500,2.0000,-26.7500,,32.2500,,32.2500,,32.2500
2023-01-31,2023,1,11998.0000,5.7500,3.7500,3.0000,8.0000,-18.0000,29,-16.2500,57.2500,18,10.0000,-10.5000,12.0000,28.0000,-16.5000,,3.7500,,3.7500,,3.7500,,3.7500
2023-02-01,2023,-1,12131.5000,4.5000,-4.7500,-4.5000,3.2500,-26.5000,23,-20.7500,30.2500,3,2.0000,-3.5000,6.0000,21.0000,-15.5000,23.0000,-20.7500,,-4.7500,,-4.7500,,-4.7500
2023-02-02,2023,1,12701.7500,7.0000,-25.2500,-24.7500,-15.0000,-54.5000,28,-43.2500,46.5000,16,8.0000,8.2500,24.0000,4.0000,-27.2500,27.0000,-29.5000,28.0000,-43.0000,,-25.2500,,-25.2500
2023-02-03,2023,1,12634.5000,13.1250,54.0000,53.5000,54.0000,-38.2500,3,-26.2500,119.7500,25,8.0000,-16.0000,,,54.0000,,54.0000,,54.0000,,54.0000,,54.0000
2023-02-06,2023,1,12557.5000,6.1250,12.5000,13.0000,-33.5000,-44.5000,22,-40.5000,19.5000,30,1.0000,18.2500,5.0000,4.0000,-15.2500,5.0000,-33.5000,21.0000,-39.7500,,12.5000,,12.5000
2023-02-07,2023,1,12509.5000,5.7500,-7.2500,-7.2500,-12.0000,-25.2500,28,-23.2500,44.7500,19,6.0000,6.7500,27.0000,3.0000,-15.2500,28.0000,-23.0000,,-7.2500,,-7.2500,,-7.2500
2023-02-08,2023,-1,12707.0000,6.6250,28.0000,28.7500,28.0000,-45.0000,12,-36.0000,44.5000,24,18.0000,30.5000,,6.0000,-20.7500,10.0000,-33.7500,,28.0000,,28.0000,,28.0000
2023-02-09,2023,-1,12692.7500,5.0000,20.2500,19.5000,-4.2500,-15.2500,2,-6.7500,58.5000,13,4.0000,-0.2500,19.0000,,20.2500,,20.2500,,20.2500,,20.2500,,20.2500
2023-02-10,2023,1,12359.7500,7.1250,-51.0000,-50.5000,-46.5000,-53.7500,28,-50.5000,34.2500,4,14.0000,27.7500,28.0000,8.0000,-37.5000,8.0000,-37.5000,28.0000,-46.5000,,-51.0000,,-51.0000
2023-02-13,2023,-1,12380.5000,4.7500,-79.7500,-79.7500,-43.5000,-92.5000,28,-85.7500,28.5000,4,21.0000,39.5000,22.0000,7.0000,-13.5000,8.0000,-25.2500,11.0000,-44.2500,11.0000,-44.2500,25.0000,-62.0000
2023-02-14,2023,-1,12413.5000,16.8750,-212.7500,-213.0000,-212.7500,-220.0000,30,-213.0000,9.2500,1,,,,4.0000,-57.5000,7.0000,-67.7500,13.0000,-120.5000,15.0000,-136.7500,29.0000,-207.5000
2023-02-15,2023,1,12592.7500,8.6250,-29.2500,-29.5000,-29.2500,-49.2500,22,-41.7500,38.7500,18,29.0000,24.7500,30.0000,8.0000,-27.0000,22.0000,-35.7500,,-29.2500,,-29.2500,,-29.2500
2023-02-16,2023,1,12551.2500,8.2500,0.7500,1.7500,0.7500,-54.7500,5,-49.2500,40.7500,26,7.0000,33.5000,,3.0000,-20.2500,4.0000,-38.7500,,0.7500,,0.7500,,0.7500
2023-02-17,2023,-1,12391.7500,6.0000,56.5000,56.0000,56.5000,-32.0000,3,-23.0000,95.5000,23,5.0000,14.2500,,2.0000,-23.2500,,56.5000,,56.5000,,56.5000,,56.5000
2023-02-21,2023,1,12244.5000,5.2500,-20.7500,-20.5000,-25.0000,-30.5000,28,-25.2500,45.5000,13,1.0000,9.5000,26.0000,26.0000,-25.0000,26.0000,-25.0000,,-20.7500,,-20.7500,,-20.7500
2023-02-22,2023,1,12140.0000,4.8750,-37.0000,-36.7500,8.0000,-45.0000,30,-36.7500,34.5000,15,14.0000,-17.7500,18.0000,3.0000,-12.7500,28.0000,-24.7500,29.0000,-29.2500,,-37.0000,,-37.0000
2023-02-23,2023,-1,12234.7500,6.6250,12.5000,13.0000,4.2500,-20.5000,24,-14.7500,37.5000,6,4.0000,-5.7500,14.0000,23.0000,-15.2500,,12.5000,,12.5000,,12.5000,,12.5000
2023-02-24,2023,1,12013.5000,7.2500,-47.7500,-46.7500,-14.0000,-58.2500,15,-54.7500,29.5000,8,1.0000,6.5000,10.0000,11.0000,-15.0000,13.0000,-33.7500,14.0000,-55.2500,,-47.7500,,-47.7500
2023-02-27,2023,-1,12127.7500,5.0000,-15.0000,-15.0000,-7.7500,-24.0000,28,-19.2500,21.5000,17,7.0000,6.2500,25.0000,26.0000,-18.7500,,-15.0000,,-15.0000,,-15.0000,,-15.0000
2023-02-28,2023,-1,12061.7500,4.6250,-30.7500,-31.0000,-2.2500,-55.7500,29,-47.0000,20.2500,2,2.0000,0.5000,4.0000,7.0000,-11.7500,8.0000,-23.5000,11.0000,-30.2500,14.0000,-45.5000,,-30.7500
2023-03-01,2023,-1,12042.2500,5.3750,-2.2500,-2.0000,-5.7500,-37.2500,18,-32.7500,38.2500,5,2.0000,0.5000,13.0000,15.0000,-17.2500,17.0000,-32.5000,17.0000,-32.5000,,-2.2500,,-2.2500
2023-03-02,2023,1,11869.0000,5.6250,53.5000,53.5000,53.5000,-18.2500,7,-14.5000,57.5000,30,14.0000,-6.5000,,6.0000,-15.0000,,53.5000,,53.5000,,53.5000,,53.5000
2023-03-03,2023,-1,12118.7500,4.7500,-38.7500,-39.0000,-38.7500,-82.5000,28,-78.2500,7.2500,1,26.0000,72.7500,,5.0000,-11.7500,9.0000,-22.0000,13.0000,-39.7500,13.0000,-39.7500,20.0000,-57.2500
2023-03-06,2023,1,12372.0000,4.5000,-1.0000,-0.2500,-10.0000,-24.7500,16,-20.0000,24.5000,2,2.0000,0.2500,5.0000,5.0000,-10.0000,15.0000,-20.2500,,-1.0000,,-1.0000,,-1.0000
2023-03-07,2023,1,12330.5000,4.7500,-88.0000,-87.7500,-48.7500,-92.5000,30,-87.7500,32.2500,17,2.0000,-1.2500,28.0000,28.0000,-48.7500,28.0000,-48.7500,28.0000,-48.7500,28.0000,-48.7500,29.0000,-70.7500
2023-03-08,2023,1,12199.2500,5.3750,-52.7500,-53.2500,-62.0000,-91.0000,29,-81.0000,0.2500,1,25.0000,31.5000,28.0000,2.0000,-20.0000,4.0000,-22.7500,12.0000,-41.5000,28.0000,-62.0000,29.0000,-81.2500
2023-03-09,2023,-1,12248.0000,6.0000,-86.5000,-86.2500,-78.0000,-91.5000,19,-86.2500,4.0000,1,21.0000,76.5000,23.0000,1.0000,-18.0000,2.0000,-27.2500,7.0000,-39.7500,14.0000,-54.7500,17.0000,-73.5000
2023-03-10,2023,-1,12011.5000,12.7500,69.2500,68.5000,69.2500,-16.0000,1,27.7500,146.5000,16,3.0000,-27.7500,,,69.2500,,69.2500,,69.2500,,69.2500,,69.2500
2023-03-13,2023,-1,11890.5000,19.0000,-91.5000,-91.2500,23.0000,-149.5000,26,-139.2500,68.5000,6,6.0000,-28.0000,8.0000,16.0000,-65.2500,18.0000,-91.7500,24.0000,-130.0000,,-91.5000,,-91.5000
2023-03-14,2023,1,12226.5000,11.6250,40.7500,40.7500,40.7500,-20.7500,2,-15.0000,64.5000,16,6.0000,-5.2500,,,40.7500,,40.7500,,40.7500,,40.7500,,40.7500
2023-03-15,2023,1,12224.2500,14.8750,-29.0000,-29.5000,13.5000,-36.0000,29,-30.2500,52.0000,3,11.0000,-15.7500,16.0000,29.0000,-30.0000,,-29.0000,,-29.0000,,-29.0000,,-29.0000
2023-03-16,2023,-1,12328.5000,11.1250,-89.0000,-89.0000,-38.7500,-106.5000,29,-94.2500,14.5000,5,15.0000,35.2500,18.0000,7.0000,-31.2500,20.0000,-47.2500,24.0000,-75.5000,29.0000,-94.0000,,-89.0000
2023-03-17,2023,1,12722.2500,7.3750,67.5000,66.7500,-10.5000,-30.5000,4,-20.7500,74.2500,30,6.0000,5.7500,10.0000,3.0000,-20.2500,,67.5000,,67.5000,,67.5000,,67.5000
2023-03-20,2023,-1,12609.2500,8.5000,11.7500,10.7500,2.2500,-17.2500,2,-13.2500,79.7500,16,3.0000,-5.0000,9.0000,,11.7500,,11.7500,,11.7500,,11.7500,,11.7500
2023-03-21,2023,1,12796.0000,4.7500,21.2500,20.5000,21.2500,-32.5000,16,-23.5000,41.2500,29,23.0000,2.5000,,7.0000,-10.5000,16.0000,-23.5000,,21.2500,,21.2500,,21.2500
2023-03-22,2023,1,12866.7500,3.7500,16.5000,16.7500,-2.7500,-15.5000,2,-9.7500,29.0000,19,5.0000,-0.5000,10.0000,1.0000,-10.0000,,16.5000,,16.5000,,16.5000,,16.5000
2023-03-23,2023,1,12874.7500,5.6250,36.2500,36.2500,-16.7500,-27.5000,9,-25.5000,45.2500,30,12.0000,14.2500,18.0000,5.0000,-15.0000,8.0000,-25.2500,,36.2500,,36.2500,,36.2500
2023-03-24,2023,-1,12800.2500,9.0000,-8.5000,-8.7500,-18.2500,-39.7500,28,-21.0000,64.0000,15,1.0000,14.2500,24.0000,24.0000,-18.2500,,-8.5000,,-8.5000,,-8.5000,,-8.5000
2023-03-27,2023,-1,12903.7500,4.5000,-37.0000,-36.5000,-37.0000,-61.5000,18,-55.5000,23.0000,7,22.0000,47.2500,,9.0000,-16.0000,10.0000,-23.0000,11.0000,-29.2500,14.0000,-42.5000,19.0000,-55.5000
2023-03-28,2023,-1,12738.7500,4.3750,49.7500,49.7500,49.7500,-2.5000,1,0.5000,65.7500,28,1.0000,14.7500,,,49.7500,,49.7500,,49.7500,,49.7500,,49.7500
2023-03-29,2023,1,12907.2500,4.7500,12.5000,12.5000,12.5000,-12.0000,14,-6.7500,20.7500,16,1.0000,9.2500,,,12.5000,,12.5000,,12.5000,,12.5000,,12.5000
2023-03-30,2023,1,13071.0000,4.2500,5.5000,5.2500,-25.2500,-34.0000,5,-27.2500,25.0000,28,1.0000,15.5000,4.0000,2.0000,-9.2500,4.0000,-25.2500,4.0000,-25.2500,,5.5000,,5.5000
2023-03-31,2023,1,13106.7500,4.6250,35.5000,35.5000,35.5000,-2.5000,1,7.7500,51.7500,29,2.0000,0.2500,,,35.5000,,35.5000,,35.5000,,35.5000,,35.5000
2023-04-03,2023,1,13215.7500,3.5000,31.0000,31.0000,31.0000,-2.7500,1,6.2500,46.0000,18,2.0000,-2.7500,,,31.0000,,31.0000,,31.0000,,31.0000,,31.0000
2023-04-04,2023,-1,13280.0000,4.0000,-23.5000,-23.5000,-5.0000,-43.0000,29,-36.0000,50.0000,13,7.0000,0.0000,26.0000,28.0000,-34.0000,28.0000,-34.0000,28.0000,-34.0000,28.0000,-34.0000,,-23.5000
2023-04-05,2023,-1,13169.0000,3.8750,29.7500,30.0000,29.7500,-8.7500,1,-1.2500,49.0000,17,3.0000,-2.0000,,,29.7500,,29.7500,,29.7500,,29.7500,,29.7500
2023-04-06,2023,-1,12975.5000,4.7500,-40.2500,-40.5000,-25.5000,-41.5000,30,-40.5000,22.2500,25,1.0000,13.2500,28.0000,27.0000,-10.2500,28.0000,-25.5000,29.0000,-32.7500,30.0000,-40.2500,,-40.2500
2023-04-10,2023,-1,13020.7500,4.5000,35.2500,35.0000,35.2500,-13.0000,1,-11.0000,53.2500,20,4.0000,6.5000,,1.0000,-11.0000,,35.2500,,35.2500,,35.2500,,35.2500
2023-04-11,2023,-1,13129.5000,4.8750,22.7500,23.0000,22.7500,-31.0000,3,-22.5000,36.7500,21,5.0000,19.0000,,1.0000,-12.7500,3.0000,-22.2500,,22.7500,,22.7500,,22.7500
2023-04-12,2023,1,13169.7500,8.2500,-94.5000,-94.5000,-122.5000,-136.2500,16,-132.2500,10.7500,1,23.0000,111.0000,28.0000,2.0000,-20.0000,7.0000,-34.7500,8.0000,-50.5000,9.0000,-73.0000,14.0000,-113.0000
2023-04-13,2023,1,13051.0000,5.5000,10.0000,10.2500,3.0000,-7.7500,1,-2.7500,29.7500,6,7.0000,-5.7500,10.0000,,10.0000,,10.0000,,10.0000,,10.0000,,10.0000
2023-04-14,2023,1,13144.5000,5.2500,104.2500,103.7500,104.2500,-7.7500,1,-5.0000,107.2500,25,5.0000,-13.0000,,,104.2500,,104.2500,,104.2500,,104.2500,,104.2500
2023-04-17,2023,-1,13153.7500,5.5000,-19.5000,-19.0000,-19.5000,-52.2500,5,-50.0000,12.5000,25,11.0000,36.2500,,2.0000,-24.7500,2.0000,-24.7500,4.0000,-50.5000,4.0000,-50.5000,,-19.5000
2023-04-18,2023,-1,13273.5000,3.7500,43.7500,43.5000,43.7500,-24.2500,17,-20.5000,47.5000,30,19.0000,15.7500,,14.0000,-10.0000,16.0000,-20.5000,,43.7500,,43.7500,,43.7500
2023-04-19,2023,1,13101.7500,4.0000,13.2500,13.0000,-9.2500,-13.0000,22,-10.0000,31.0000,4,1.0000,5.0000,22.0000,22.0000,-9.2500,,13.2500,,13.2500,,13.2500,,13.2500
2023-04-20,2023,1,13082.7500,4.2500,34.5000,34.2500,34.5000,-5.5000,2,-2.5000,45.2500,28,1.0000,10.2500,,,34.5000,,34.5000,,34.5000,,34.5000,,34.5000
2023-04-21,2023,1,13068.0000,4.7500,-71.2500,-72.0000,-71.2500,-82.5000,30,-76.0000,5.5000,1,,,,2.0000,-17.0000,4.0000,-19.7500,18.0000,-35.5000,19.0000,-48.2500,27.0000,-72.0000
2023-04-24,2023,-1,13061.5000,3.6250,-24.2500,-24.5000,-24.2500,-72.5000,10,-68.7500,2.2500,1,16.0000,60.5000,,1.0000,-22.2500,1.0000,-22.2500,1.0000,-22.2500,2.0000,-29.7500,5.0000,-54.2500
2023-04-25,2023,1,13000.7500,4.5000,-12.0000,-12.2500,-12.0000,-34.7500,15,-28.7500,14.7500,13,29.0000,17.5000,,2.0000,-9.0000,14.0000,-28.2500,14.0000,-28.2500,,-12.0000,,-12.0000
2023-04-26,2023,-1,12919.7500,6.2500,-36.2500,-35.7500,-7.0000,-45.0000,27,-41.2500,20.5000,10,9.0000,2.0000,15.0000,4.0000,-14.2500,20.0000,-32.7500,26.0000,-42.0000,,-36.2500,,-36.2500
2023-04-27,2023,-1,13026.2500,5.8750,-5.0000,-5.0000,-20.5000,-36.2500,21,-25.5000,12.7500,1,11.0000,9.5000,20.0000,5.0000,-20.7500,21.0000,-25.5000,,-5.0000,,-5.0000,,-5.0000
2023-04-28,2023,-1,13224.0000,6.0000,16.0000,16.0000,18.2500,0.0000,1,6.0000,51.7500,10,10.0000,-23.5000,15.0000,,16.0000,,16.0000,,16.0000,,16.0000,,16.0000
2023-05-01,2023,-1,13299.5000,3.7500,-3.5000,-3.2500,-14.5000,-28.7500,21,-27.7500,16.2500,29,12.0000,10.0000,16.0000,7.0000,-8.2500,17.0000,-15.7500,20.0000,-27.5000,,-3.5000,,-3.5000
2023-05-02,2023,-1,13295.0000,3.7500,13.2500,13.7500,-7.7500,-18.2500,3,-11.7500,29.2500,9,4.0000,5.2500,19.0000,1.0000,-11.0000,,13.2500,,13.2500,,13.2500,,13.2500
2023-05-03,2023,1,13202.7500,3.8750,27.7500,28.0000,0.0000,-11.7500,2,-8.0000,39.2500,28,3.0000,-0.2500,8.0000,1.0000,-7.5000,,27.7500,,27.7500,,27.7500,,27.7500
2023-05-04,2023,-1,13047.5000,5.6250,-3.5000,-3.5000,-2.7500,-36.5000,5,-30.2500,20.5000,15,13.0000,1.0000,21.0000,2.0000,-24.0000,2.0000,-24.0000,,-3.5000,,-3.5000,,-3.5000
2023-05-05,2023,1,13152.5000,4.6250,44.5000,44.2500,44.5000,-5.7500,2,-0.7500,49.5000,30,17.0000,-13.0000,,,44.5000,,44.5000,,44.5000,,44.5000,,44.5000
2023-05-08,2023,1,13300.0000,3.7500,-11.5000,-11.5000,-11.5000,-38.7500,22,-38.2500,7.2500,1,29.0000,29.7500,,3.0000,-9.0000,6.0000,-19.5000,11.0000,-27.5000,21.0000,-32.0000,,-11.5000
2023-05-09,2023,1,13286.2500,3.6250,24.5000,24.7500,24.5000,-11.7500,6,-8.2500,31.2500,28,24.0000,3.7500,,5.0000,-8.2500,,24.5000,,24.5000,,24.5000,,24.5000
2023-05-10,2023,1,13403.5000,6.5000,6.5000,6.5000,-57.2500,-82.2500,10,-65.7500,13.5000,5,13.0000,57.5000,17.0000,7.0000,-23.0000,8.0000,-48.2500,8.0000,-48.2500,9.0000,-66.0000,,6.5000
2023-05-11,2023,-1,13394.7500,5.2500,-1.5000,-1.2500,-10.7500,-17.0000,13,-11.5000,22.5000,18,1.0000,10.5000,10.0000,10.0000,-10.7500,,-1.5000,,-1.5000,,-1.5000,,-1.5000
2023-05-12,2023,1,13482.5000,3.3750,-53.5000,-53.5000,-13.7500,-61.2500,29,-57.2500,4.7500,2,10.0000,13.0000,14.0000,4.0000,-9.7500,6.0000,-19.5000,16.0000,-30.2500,16.0000,-30.2500,28.0000,-40.7500
2023-05-15,2023,-1,13410.5000,3.6250,23.7500,24.2500,0.5000,-17.7500,13,-12.5000,36.2500,27,7.0000,-6.2500,10.0000,13.0000,-12.5000,,23.7500,,23.7500,,23.7500,,23.7500
2023-05-16,2023,1,13465.0000,4.3750,23.5000,23.0000,23.5000,-4.0000,3,0.5000,50.7500,14,10.0000,-3.0000,,,23.5000,,23.5000,,23.5000,,23.5000,,23.5000
2023-05-17,2023,1,13530.0000,3.7500,-41.0000,-41.5000,-41.0000,-54.5000,27,-51.0000,7.2500,1,,,,2.0000,-8.7500,14.0000,-19.2500,17.0000,-24.2500,18.0000,-34.5000,26.0000,-47.2500
2023-05-18,2023,1,13670.5000,4.1250,36.7500,36.5000,36.7500,-3.7500,1,4.7500,47.5000,26,2.0000,-1.2500,,,36.7500,,36.7500,,36.7500,,36.7500,,36.7500
2023-05-19,2023,-1,13896.5000,5.0000,25.2500,24.7500,25.2500,-32.5000,10,-27.7500,26.5000,30,14.0000,12.5000,,6.0000,-12.2500,9.0000,-23.5000,,25.2500,,25.2500,,25.2500
2023-05-22,2023,1,13858.7500,3.3750,60.0000,60.0000,60.0000,0.0000,1,17.0000,88.0000,20,2.0000,-3.5000,,,60.0000,,60.0000,,60.0000,,60.0000,,60.0000
2023-05-23,2023,1,13862.2500,5.1250,4.7500,4.7500,4.7500,-22.7500,7,-21.0000,15.7500,28,23.0000,1.7500,,1.0000,-11.7500,6.0000,-20.7500,,4.7500,,4.7500,,4.7500
2023-05-24,2023,-1,13630.7500,4.1250,0.7500,0.5000,0.7500,-44.2500,10,-40.2500,5.7500,1,13.0000,32.5000,,1.0000,-18.7500,1.0000,-18.7500,2.0000,-29.7500,3.0000,-33.2500,,0.7500
2023-05-25,2023,-1,13900.7500,4.8750,8.7500,9.0000,8.7500,-8.7500,1,2.2500,49.5000,19,2.0000,0.2500,,,8.7500,,8.7500,,8.7500,,8.7500,,8.7500
2023-05-26,2023,1,14027.0000,4.7500,111.0000,110.7500,111.0000,-4.2500,3,2.0000,117.0000,29,5.0000,-8.5000,,,111.0000,,111.0000,,111.0000,,111.0000,,111.0000
2023-05-30,2023,-1,14493.5000,4.5000,83.0000,83.2500,-27.2500,-66.0000,8,-51.5000,93.5000,29,4.0000,18.0000,5.0000,1.0000,-25.0000,1.0000,-25.0000,5.0000,-27.2500,7.0000,-47.0000,,83.0000
2023-05-31,2023,1,14338.7500,4.8750,34.0000,34.2500,34.0000,-2.5000,2,-0.2500,73.5000,15,7.0000,-18.0000,,,34.0000,,34.0000,,34.0000,,34.0000,,34.0000
2023-06-01,2023,-1,14294.0000,5.3750,-21.0000,-21.2500,6.2500,-39.0000,28,-33.5000,42.0000,5,3.0000,-9.5000,7.0000,24.0000,-15.5000,25.0000,-24.5000,28.0000,-33.5000,,-21.0000,,-21.0000
2023-06-02,2023,1,14596.5000,5.2500,-110.0000,-109.7500,-8.5000,-128.2500,29,-115.5000,31.2500,10,1.0000,6.5000,13.0000,14.0000,-41.5000,14.0000,-41.5000,14.0000,-41.5000,15.0000,-52.5000,18.0000,-73.2500
2023-06-05,2023,1,14592.7500,3.7500,18.5000,18.2500,-2.7500,-13.5000,25,-4.5000,59.5000,12,3.0000,-6.2500,20.0000,,18.5000,,18.5000,,18.5000,,18.5000,,18.5000
2023-06-06,2023,-1,14531.2500,3.6250,-13.0000,-13.0000,-13.0000,-30.5000,17,-26.7500,26.7500,4,19.0000,20.0000,,14.0000,-12.5000,15.0000,-18.7500,17.0000,-26.7500,,-13.0000,,-13.0000
2023-06-07,2023,1,14655.7500,3.2500,-46.7500,-46.7500,-30.2500,-47.2500,30,-46.7500,19.2500,3,1.0000,19.5000,22.0000,1.0000,-7.2500,22.0000,-30.2500,22.0000,-30.2500,22.0000,-30.2500,30.0000,-46.7500
2023-06-08,2023,1,14355.2500,6.0000,25.5000,26.0000,-0.7500,-27.2500,3,-19.2500,41.7500,10,5.0000,-1.2500,14.0000,2.0000,-19.2500,,25.5000,,25.5000,,25.5000,,25.5000
2023-06-09,2023,1,14583.5000,4.1250,82.2500,82.5000,82.2500,-13.0000,2,-4.0000,87.5000,30,10.0000,-24.0000,,,82.2500,,82.2500,,82.2500,,82.2500,,82.2500
2023-06-12,2023,-1,14788.2500,3.5000,-17.2500,-17.2500,-17.2500,-29.5000,13,-24.5000,5.0000,5,,,,1.0000,-15.0000,1.0000,-15.0000,6.0000,-21.7500,,-17.2500,,-17.2500
2023-06-13,2023,-1,15095.7500,7.5000,64.7500,64.5000,-22.7500,-34.2500,11,-22.5000,84.5000,28,5.0000,11.0000,10.0000,3.0000,-20.0000,,64.7500,,64.7500,,64.7500,,64.7500
2023-06-14,2023,-1,15074.5000,5.2500,-44.0000,-43.5000,-9.7500,-49.7500,28,-45.7500,22.0000,6,5.0000,-2.2500,8.0000,9.0000,-15.2500,10.0000,-24.5000,14.0000,-35.0000,18.0000,-41.7500,,-44.0000
2023-06-15,2023,-1,15133.2500,7.3750,-81.0000,-81.5000,-81.0000,-90.2500,30,-84.7500,18.7500,1,,,,7.0000,-18.0000,9.0000,-32.5000,12.0000,-50.5000,16.0000,-65.5000,,-81.0000
2023-06-16,2023,-1,15416.0000,9.3750,58.7500,58.2500,58.7500,-21.5000,2,-11.5000,83.0000,22,3.0000,-5.0000,,,58.7500,,58.7500,,58.7500,,58.7500,,58.7500
2023-06-20,2023,1,15260.2500,5.0000,-36.5000,-36.5000,12.0000,-56.2500,29,-41.2500,50.5000,16,8.0000,-19.2500,10.0000,23.0000,-16.5000,24.0000,-22.5000,27.0000,-35.7500,29.0000,-40.7500,,-36.5000
2023-06-21,2023,1,15203.5000,4.8750,-114.5000,-114.2500,-114.5000,-119.5000,30,-114.2500,11.5000,4,,,,12.0000,-19.5000,12.0000,-19.5000,13.0000,-41.5000,13.0000,-41.5000,22.0000,-65.2500
2023-06-22,2023,1,15008.7500,5.1250,74.5000,73.7500,74.5000,-10.2500,2,-2.7500,90.5000,28,1.0000,10.7500,,,74.5000,,74.5000,,74.5000,,74.5000,,74.5000
2023-06-23,2023,1,15063.7500,5.7500,-45.2500,-44.7500,-3.0000,-78.5000,20,-75.0000,24.0000,3,3.0000,-2.2500,5.0000,9.0000,-22.0000,10.0000,-38.7500,10.0000,-38.7500,13.0000,-68.0000,17.0000,-71.2500
2023-06-26,2023,-1,15025.5000,4.5000,-114.5000,-114.7500,-114.5000,-123.2500,30,-122.2500,0.7500,1,,,,1.0000,-24.7500,1.0000,-24.7500,2.0000,-38.5000,2.0000,-38.5000,8.0000,-55.5000
2023-06-27,2023,-1,14901.7500,5.0000,-54.0000,-53.2500,-50.5000,-77.2500,28,-65.7500,3.7500,1,8.0000,48.2500,18.0000,2.0000,-34.2500,2.0000,-34.2500,2.0000,-34.2500,3.0000,-58.2500,21.0000,-66.0000
2023-06-28,2023,1,15050.5000,4.5000,28.2500,28.2500,28.2500,-12.7500,14,-10.2500,57.5000,26,16.0000,-9.5000,,14.0000,-10.0000,,28.2500,,28.2500,,28.2500,,28.2500
2023-06-29,2023,1,15115.5000,8.2500,0.5000,0.5000,-1.5000,-35.7500,13,-34.7500,29.2500,3,2.0000,-1.0000,11.0000,12.0000,-28.0000,13.0000,-34.2500,,0.5000,,0.5000,,0.5000
2023-06-30,2023,1,15256.2500,6.5000,69.0000,68.7500,69.0000,-8.0000,1,0.7500,74.2500,18,9.0000,-12.7500,,,69.0000,,69.0000,,69.0000,,69.0000,,69.0000
2023-07-03,2023,1,15367.2500,4.2500,11.2500,11.2500,11.2500,-30.0000,5,-18.5000,22.7500,20,7.0000,16.0000,,4.0000,-18.7500,4.0000,-18.7500,,11.2500,,11.2500,,11.2500
2023-07-05,2023,1,15338.2500,3.6250,47.2500,47.0000,47.2500,-15.5000,3,-6.5000,60.2500,30,9.0000,-6.7500,,,47.2500,,47.2500,,47.2500,,47.2500,,47.2500
2023-07-06,2023,-1,15187.2500,6.1250,54.2500,54.7500,-5.2500,-16.0000,14,-6.7500,59.0000,29,2.0000,-2.7500,8.0000,,54.2500,,54.2500,,54.2500,,54.2500,,54.2500
2023-07-07,2023,1,15234.5000,13.0000,31.0000,30.5000,31.0000,-45.7500,5,-31.0000,42.2500,23,7.0000,26.2500,,4.0000,-31.7500,,31.0000,,31.0000,,31.0000,,31.0000
2023-07-10,2023,1,15202.7500,5.0000,-64.5000,-64.7500,-64.5000,-117.2500,24,-111.0000,9.0000,8,28.0000,96.0000,,2.0000,-18.2500,11.0000,-41.2500,11.0000,-41.2500,11.0000,-41.2500,16.0000,-60.2500
2023-07-11,2023,-1,15189.5000,4.0000,43.2500,43.0000,43.2500,-44.0000,6,-41.5000,48.0000,24,9.0000,33.5000,,2.0000,-23.7500,2.0000,-23.7500,3.0000,-35.5000,3.0000,-35.5000,,43.2500
2023-07-12,2023,-1,15419.5000,7.7500,-42.7500,-43.0000,-13.0000,-51.7500,30,-49.0000,11.0000,9,8.0000,6.2500,11.0000,3.0000,-22.0000,16.0000,-39.5000,25.0000,-46.2500,,-42.7500,,-42.7500
2023-07-13,2023,1,15583.7500,5.5000,15.7500,16.0000,12.5000,-2.7500,2,5.7500,37.7500,22,4.0000,-13.2500,5.0000,,15.7500,,15.7500,,15.7500,,15.7500,,15.7500
2023-07-14,2023,1,15765.5000,4.3750,45.2500,45.0000,2.5000,-12.7500,2,-7.7500,46.2500,19,7.0000,-6.0000,12.0000,,45.2500,,45.2500,,45.2500,,45.2500,,45.2500
2023-07-17,2023,1,15749.5000,4.5000,-10.0000,-10.0000,3.7500,-40.7500,20,-35.5000,32.0000,6,5.0000,-7.5000,11.0000,12.0000,-10.0000,13.0000,-26.0000,16.0000,-29.7500,,-10.0000,,-10.0000
2023-07-18,2023,-1,15780.5000,4.0000,1.2500,2.2500,1.2500,-7.0000,10,-2.0000,47.5000,19,1.0000,4.5000,,,1.2500,,1.2500,,1.2500,,1.2500,,1.2500
2023-07-19,2023,-1,16011.5000,3.2500,-0.5000,-0.7500,0.0000,-25.5000,9,-23.5000,34.0000,2,2.0000,-2.0000,6.0000,8.0000,-12.5000,9.0000,-23.2500,9.0000,-23.2500,,-0.5000,,-0.5000
2023-07-20,2023,1,15879.7500,6.5000,-35.7500,-36.2500,-18.2500,-49.5000,29,-41.2500,15.2500,19,1.0000,16.7500,27.0000,3.0000,-13.0000,28.0000,-36.5000,29.0000,-41.2500,,-35.7500,,-35.7500
2023-07-21,2023,-1,15672.7500,5.3750,77.5000,77.7500,77.5000,-46.5000,2,-34.0000,78.2500,30,6.0000,28.7500,,1.0000,-26.7500,1.0000,-26.7500,2.0000,-34.2500,,77.5000,,77.5000
2023-07-24,2023,1,15596.2500,4.3750,-86.0000,-86.0000,-37.5000,-112.5000,22,-108.2500,22.0000,4,9.0000,4.7500,14.0000,14.0000,-37.5000,14.0000,-37.5000,14.0000,-37.5000,14.0000,-37.5000,19.0000,-71.5000
2023-07-25,2023,1,15612.7500,3.8750,46.7500,46.7500,46.7500,-6.7500,7,-4.2500,59.5000,29,14.0000,-12.2500,,,46.7500,,46.7500,,46.7500,,46.7500,,46.7500
2023-07-26,2023,-1,15597.2500,4.8750,-18.0000,-17.7500,-11.5000,-36.7500,28,-33.0000,31.2500,4,1.0000,10.7500,11.0000,11.0000,-11.5000,21.0000,-24.2500,28.0000,-33.0000,,-18.0000,,-18.0000
2023-07-27,2023,1,15849.0000,5.7500,35.0000,35.0000,35.0000,-6.2500,1,2.2500,55.0000,14,1.0000,15.0000,,,35.0000,,35.0000,,35.0000,,35.0000,,35.0000
2023-07-28,2023,-1,15723.2500,6.1250,-98.2500,-99.0000,-91.0000,-104.0000,30,-99.0000,3.7500,6,25.0000,87.5000,29.0000,1.0000,-21.2500,7.0000,-41.2500,7.0000,-41.2500,8.0000,-61.7500,16.0000,-75.7500
2023-07-31,2023,1,15890.0000,4.5000,-76.0000,-76.2500,-20.0000,-84.7500,25,-81.5000,15.0000,14,7.0000,19.2500,16.0000,1.0000,-27.2500,1.0000,-27.2500,1.0000,-27.2500,2.0000,-39.5000,23.0000,-73.7500
2023-08-01,2023,-1,15775.7500,5.0000,-5.2500,-5.0000,-5.2500,-32.2500,13,-23.5000,11.5000,2,,,,2.0000,-18.2500,9.0000,-20.7500,,-5.2500,,-5.2500,,-5.2500
2023-08-02,2023,-1,15644.5000,6.2500,43.7500,44.0000,43.7500,-13.7500,1,1.7500,63.0000,22,3.0000,-4.0000,,,43.7500,,43.7500,,43.7500,,43.7500,,43.7500
2023-08-03,2023,1,15391.2500,6.7500,45.5000,45.5000,45.5000,-40.0000,1,-37.0000,75.5000,30,16.0000,-16.2500,,1.0000,-37.0000,1.0000,-37.0000,,45.5000,,45.5000,,45.5000
2023-08-04,2023,1,15532.5000,8.8750,-105.7500,-105.0000,-3.0000,-110.2500,30,-105.0000,51.0000,5,2.0000,0.2500,9.0000,12.0000,-29.5000,19.0000,-58.2500,19.0000,-58.2500,24.0000,-87.2500,,-105.7500
2023-08-07,2023,-1,15428.5000,4.8750,55.5000,55.5000,7.5000,-20.2500,5,-9.2500,71.5000,30,10.0000,-8.5000,20.0000,,55.5000,,55.5000,,55.5000,,55.5000,,55.5000
2023-08-08,2023,-1,15362.2500,5.5000,85.2500,85.5000,-3.2500,-12.5000,3,-5.5000,97.2500,29,6.0000,-2.7500,7.0000,,85.2500,,85.2500,,85.2500,,85.2500,,85.2500
2023-08-09,2023,-1,15342.2500,4.8750,54.0000,53.5000,54.0000,-23.7500,2,-12.0000,78.5000,20,4.0000,7.0000,,1.0000,-10.5000,,54.0000,,54.0000,,54.0000,,54.0000
2023-08-10,2023,-1,15295.2500,9.7500,-142.5000,-142.7500,-56.2500,-147.0000,30,-142.7500,11.2500,1,12.0000,41.2500,13.0000,2.0000,-23.7500,4.0000,-41.5000,14.0000,-76.2500,15.0000,-83.5000,26.0000,-118.2500
2023-08-11,2023,-1,15066.0000,8.5000,-53.5000,-53.2500,-53.5000,-56.2500,30,-53.2500,14.0000,14,7.0000,39.0000,30.0000,3.0000,-32.0000,4.0000,-49.2500,30.0000,-53.5000,,-53.5000,,-53.5000
2023-08-14,2023,-1,15057.7500,7.3750,-49.2500,-48.7500,-59.7500,-68.5000,21,-63.0000,16.2500,5,16.0000,48.0000,19.0000,6.0000,-23.2500,8.0000,-40.5000,10.0000,-48.2500,19.0000,-59.7500,,-49.2500
2023-08-15,2023,1,15237.2500,6.0000,-66.0000,-66.5000,-66.0000,-79.2500,29,-69.5000,22.0000,7,,,,9.0000,-14.7500,11.0000,-24.7500,13.0000,-43.0000,14.0000,-50.0000,,-66.0000
2023-08-16,2023,-1,15061.2500,5.3750,-21.0000,-20.7500,-21.0000,-66.5000,17,-59.7500,8.2500,3,29.0000,39.5000,,4.0000,-12.5000,5.0000,-27.0000,6.0000,-36.5000,15.0000,-49.0000,,-21.0000
2023-08-17,2023,-1,14987.5000,5.0000,69.7500,70.0000,22.7500,-1.0000,1,15.5000,79.5000,23,8.0000,-28.0000,9.0000,,69.7500,,69.7500,,69.7500,,69.7500,,69.7500
2023-08-18,2023,1,14662.0000,8.0000,-30.0000,-29.7500,-15.5000,-36.0000,29,-34.5000,35.0000,18,1.0000,5.5000,2.0000,3.0000,-16.7500,29.0000,-35.0000,,-30.0000,,-30.0000,,-30.0000
2023-08-21,2023,1,14821.0000,4.7500,88.7500,88.5000,88.7500,-6.2500,1,3.5000,97.5000,28,2.0000,-1.0000,,,88.7500,,88.7500,,88.7500,,88.7500,,88.7500
2023-08-22,2023,-1,15065.5000,4.7500,60.7500,60.7500,60.7500,-23.0000,2,-12.7500,67.7500,27,4.0000,11.0000,,1.0000,-13.0000,,60.7500,,60.7500,,60.7500,,60.7500
2023-08-23,2023,-1,15013.0000,5.8750,-81.7500,-81.5000,-61.7500,-92.2500,26,-81.5000,11.7500,7,22.0000,56.2500,23.0000,4.0000,-15.0000,13.0000,-32.5000,15.0000,-49.2500,15.0000,-49.2500,24.0000,-72.7500
2023-08-24,2023,-1,15279.5000,6.3750,69.5000,69.7500,69.5000,-1.7500,1,9.0000,94.5000,18,1.0000,8.7500,,,69.5000,,69.5000,,69.5000,,69.5000,,69.5000
2023-08-25,2023,1,14931.0000,5.7500,14.5000,14.7500,8.7500,-27.0000,7,-21.7500,31.5000,30,21.0000,-14.5000,22.0000,6.0000,-21.2500,,14.5000,,14.5000,,14.5000,,14.5000
2023-08-28,2023,-1,15065.7500,5.8750,2.7500,3.2500,2.7500,-60.7500,3,-57.0000,61.2500,20,5.0000,37.0000,,1.0000,-37.2500,1.0000,-37.2500,1.0000,-37.2500,3.0000,-57.0000,,2.7500
2023-08-29,2023,1,15088.0000,5.2500,129.2500,128.5000,129.2500,-2.7500,1,3.5000,131.5000,30,1.0000,4.0000,,,129.2500,,129.2500,,129.2500,,129.2500,,129.2500
2023-08-30,2023,1,15440.7500,5.7500,41.7500,41.5000,41.7500,-54.2500,5,-53.5000,44.0000,29,7.0000,39.7500,,1.0000,-18.5000,3.0000,-30.7500,4.0000,-53.5000,4.0000,-53.5000,,41.7500
2023-08-31,2023,1,15534.0000,5.6250,22.7500,23.2500,-7.0000,-23.2500,15,-18.5000,42.0000,30,7.0000,4.7500,10.0000,2.0000,-18.2500,,22.7500,,22.7500,,22.7500,,22.7500
2023-09-01,2023,-1,15619.7500,8.6250,65.5000,65.5000,65.5000,-25.5000,2,-10.5000,121.0000,17,3.0000,-0.7500,,,65.5000,,65.5000,,65.5000,,65.5000,,65.5000
2023-09-05,2023,-1,15466.5000,6.0000,1.0000,1.0000,1.0000,-40.5000,9,-36.7500,20.2500,26,23.0000,13.5000,,6.0000,-17.5000,8.0000,-36.5000,8.0000,-36.5000,,1.0000,,1.0000
2023-09-06,2023,-1,15487.7500,4.7500,60.0000,59.7500,-5.7500,-26.5000,13,-20.0000,70.5000,30,2.0000,0.2500,11.0000,13.0000,-18.5000,20.0000,-20.5000,,60.0000,,60.0000,,60.0000
2023-09-07,2023,-1,15169.2500,5.8750,-4.2500,-4.0000,-4.2500,-71.7500,10,-62.2500,5.2500,1,22.0000,26.2500,,1.0000,-15.2500,3.0000,-28.0000,7.0000,-37.5000,9.0000,-56.0000,,-4.2500
2023-09-08,2023,1,15327.2500,4.5000,23.7500,24.0000,23.7500,-13.2500,25,-6.5000,44.5000,20,1.0000,14.7500,,,23.7500,,23.7500,,23.7500,,23.7500,,23.7500
2023-09-11,2023,1,15633.5000,4.0000,-48.7500,-48.7500,-70.0000,-82.7500,14,-72.5000,13.2500,2,18.0000,67.7500,27.0000,4.0000,-13.5000,5.0000,-26.0000,5.0000,-26.0000,6.0000,-38.0000,8.0000,-54.0000
2023-09-12,2023,1,15614.5000,4.5000,24.0000,23.5000,24.0000,-13.2500,3,-8.0000,44.2500,25,1.0000,11.7500,,,24.0000,,24.0000,,24.0000,,24.0000,,24.0000
2023-09-13,2023,1,15543.7500,8.3750,-16.5000,-17.0000,-16.5000,-37.0000,23,-31.5000,17.7500,9,25.0000,23.0000,,1.0000,-19.5000,,-16.5000,,-16.5000,,-16.5000,,-16.5000
2023-09-14,2023,-1,15614.5000,9.0000,44.7500,45.5000,4.7500,-8.7500,8,-0.7500,78.2500,24,3.0000,-9.7500,5.0000,,44.7500,,44.7500,,44.7500,,44.7500,,44.7500
2023-09-15,2023,-1,15585.5000,5.6250,76.0000,75.5000,76.0000,-12.0000,3,-2.2500,96.5000,25,1.0000,28.2500,,,76.0000,,76.0000,,76.0000,,76.0000,,76.0000
2023-09-18,2023,1,15378.0000,5.2500,22.0000,21.7500,22.0000,-7.5000,15,0.5000,57.0000,5,2.0000,0.2500,,,22.0000,,22.0000,,22.0000,,22.0000,,22.0000
2023-09-19,2023,-1,15338.7500,5.5000,60.2500,59.7500,60.2500,-34.5000,9,-31.0000,63.2500,30,15.0000,10.7500,,2.0000,-16.5000,9.0000,-31.0000,,60.2500,,60.2500,,60.2500
2023-09-20,2023,-1,15386.7500,3.2500,-21.5000,-21.7500,-39.7500,-48.5000,25,-47.2500,5.5000,1,17.0000,39.0000,23.0000,3.0000,-10.2500,5.0000,-15.5000,6.0000,-21.5000,7.0000,-26.2500,9.0000,-39.5000
2023-09-21,2023,1,15001.5000,6.0000,-72.2500,-72.2500,-9.2500,-82.5000,29,-78.7500,18.7500,4,4.0000,5.2500,7.0000,1.0000,-19.0000,14.0000,-29.7500,17.0000,-37.5000,18.0000,-49.5000,29.0000,-78.7500
2023-09-22,2023,-1,14923.0000,4.6250,-4.7500,-4.7500,-4.7500,-28.0000,28,-26.7500,35.0000,9,,,,14.0000,-14.2500,15.0000,-19.5000,,-4.7500,,-4.7500,,-4.7500
2023-09-25,2023,-1,14794.2500,7.3750,-66.2500,-66.0000,-16.5000,-102.2500,25,-96.0000,11.7500,1,1.0000,10.0000,3.0000,3.0000,-16.5000,5.0000,-39.5000,7.0000,-47.0000,8.0000,-63.5000,24.0000,-96.2500
2023-09-26,2023,-1,14811.7500,5.5000,32.0000,31.2500,32.0000,-34.5000,6,-34.0000,47.7500,26,18.0000,-2.5000,,5.0000,-16.0000,6.0000,-34.0000,6.0000,-34.0000,,32.0000,,32.0000
2023-09-27,2023,-1,14766.7500,4.8750,24.5000,23.7500,24.5000,-39.2500,13,-29.0000,29.0000,30,17.0000,21.0000,,12.0000,-25.0000,12.0000,-25.0000,,24.5000,,24.5000,,24.5000
2023-09-28,2023,-1,14674.5000,8.7500,-92.7500,-92.2500,-21.7500,-96.0000,30,-92.2500,16.5000,12,5.0000,17.5000,10.0000,2.0000,-33.5000,20.0000,-37.7500,21.0000,-57.7500,28.0000,-89.2500,,-92.7500
2023-09-29,2023,-1,14994.0000,6.0000,-62.2500,-62.2500,-62.2500,-64.7500,30,-62.2500,17.2500,8,,,,13.0000,-16.0000,16.0000,-34.2500,26.0000,-41.2500,28.0000,-53.2500,,-62.2500
2023-10-02,2023,1,14883.7500,6.7500,92.7500,92.7500,92.7500,-2.5000,1,20.2500,97.2500,30,2.0000,-5.0000,,,92.7500,,92.7500,,92.7500,,92.7500,,92.7500
2023-10-03,2023,1,14900.0000,6.7500,-29.2500,-29.7500,-3.0000,-34.2500,30,-29.7500,74.7500,23,17.0000,-2.7500,28.0000,30.0000,-29.2500,30.0000,-29.2500,,-29.2500,,-29.2500,,-29.2500
2023-10-04,2023,1,14780.0000,6.1250,-14.7500,-15.0000,27.7500,-19.5000,30,-15.0000,54.5000,7,7.0000,-32.2500,8.0000,30.0000,-14.7500,,-14.7500,,-14.7500,,-14.7500,,-14.7500
2023-10-05,2023,-1,14893.7500,8.2500,102.2500,102.7500,102.2500,-32.7500,4,-25.5000,108.2500,30,7.0000,10.2500,,2.0000,-20.7500,,102.2500,,102.2500,,102.2500,,102.2500
2023-10-06,2023,1,14796.5000,13.8750,-52.5000,-52.2500,-55.2500,-94.2500,8,-87.2500,4.5000,1,14.0000,49.0000,17.0000,2.0000,-30.2500,7.0000,-69.7500,8.0000,-87.7500,,-52.5000,,-52.5000
2023-10-09,2023,-1,14981.0000,7.1250,-48.0000,-47.7500,-39.7500,-85.7500,28,-77.5000,31.5000,3,1.0000,19.2500,10.0000,9.0000,-15.0000,10.0000,-39.7500,11.0000,-46.0000,16.0000,-70.0000,,-48.0000
2023-10-10,2023,1,15208.7500,5.5000,54.0000,53.7500,-5.2500,-28.7500,4,-23.0000,54.2500,30,10.0000,4.0000,15.0000,4.0000,-23.0000,4.0000,-23.0000,,54.0000,,54.0000,,54.0000
2023-10-11,2023,1,15369.2500,7.6250,-55.5000,-55.7500,-9.5000,-61.2500,29,-56.7500,18.0000,5,1.0000,4.7500,9.0000,10.0000,-18.7500,18.0000,-35.7500,28.0000,-56.7500,,-55.5000,,-55.5000
2023-10-12,2023,1,15396.5000,7.1250,-16.5000,-16.5000,-8.5000,-30.5000,11,-27.5000,19.7500,4,4.0000,7.7500,8.0000,10.0000,-27.0000,,-16.5000,,-16.5000,,-16.5000,,-16.5000
2023-10-13,2023,-1,15343.2500,6.3750,28.5000,28.5000,5.7500,-19.2500,25,-16.2500,49.2500,28,4.0000,-11.0000,7.0000,24.0000,-16.0000,,28.5000,,28.5000,,28.5000,,28.5000
2023-10-16,2023,1,15200.0000,5.5000,26.2500,26.0000,0.7500,-17.2500,17,-10.0000,60.0000,5,2.0000,-11.0000,12.0000,,26.2500,,26.2500,,26.2500,,26.2500,,26.2500
2023-10-17,2023,-1,15135.2500,6.7500,46.7500,46.5000,46.7500,-4.7500,6,5.0000,85.0000,22,14.0000,-30.2500,,,46.7500,,46.7500,,46.7500,,46.7500,,46.7500
2023-10-18,2023,1,15146.7500,5.8750,0.0000,0.0000,-1.7500,-25.0000,29,-11.7500,52.0000,3,2.0000,-2.5000,8.0000,,0.0000,,0.0000,,0.0000,,0.0000,,0.0000
2023-10-19,2023,1,15107.2500,6.2500,-62.5000,-63.0000,-62.5000,-86.0000,12,-78.2500,1.7500,1,19.0000,65.7500,,1.0000,-18.5000,2.0000,-29.2500,4.0000,-50.2500,4.0000,-50.2500,10.0000,-75.2500
2023-10-20,2023,-1,14817.7500,6.1250,-33.5000,-33.7500,-49.0000,-68.2500,17,-67.7500,7.0000,2,13.0000,46.0000,14.0000,3.0000,-15.5000,5.0000,-27.2500,8.0000,-43.0000,9.0000,-54.7500,,-33.5000
2023-10-23,2023,-1,14600.0000,6.3750,-22.2500,-22.5000,15.7500,-42.7500,25,-36.5000,85.7500,11,8.0000,-43.7500,16.0000,20.0000,-17.2500,23.0000,-30.2500,,-22.2500,,-22.2500,,-22.2500
2023-10-24,2023,-1,14771.7500,5.5000,-35.2500,-35.5000,-45.2500,-66.2500,9,-57.0000,13.2500,19,14.0000,31.5000,26.0000,1.0000,-16.0000,2.0000,-40.5000,2.0000,-40.5000,8.0000,-57.0000,,-35.2500
2023-10-25,2023,-1,14689.5000,4.7500,65.0000,65.2500,65.0000,-5.7500,1,5.2500,84.2500,18,1.0000,10.7500,,,65.0000,,65.0000,,65.0000,,65.0000,,65.0000
2023-10-26,2023,1,14442.5000,8.7500,-128.2500,-128.5000,-16.0000,-141.2500,30,-129.5000,16.5000,1,1.0000,5.7500,2.0000,3.0000,-20.0000,6.0000,-44.7500,7.0000,-71.7500,7.0000,-71.7500,21.0000,-115.2500
2023-10-27,2023,1,14333.2500,6.5000,-32.5000,-32.2500,-11.5000,-42.2500,23,-41.0000,23.7500,13,13.0000,8.2500,15.0000,3.0000,-15.0000,17.0000,-36.2500,22.0000,-41.2500,,-32.5000,,-32.5000
2023-10-30,2023,1,14368.5000,5.2500,63.7500,63.7500,63.7500,-5.5000,1,8.7500,108.0000,19,1.0000,12.0000,,,63.7500,,63.7500,,63.7500,,63.7500,,63.7500
2023-10-31,2023,-1,14394.2500,6.3750,57.0000,56.5000,57.0000,-8.0000,1,7.7500,83.0000,21,3.0000,-9.2500,,,57.0000,,57.0000,,57.0000,,57.0000,,57.0000
2023-11-01,2023,1,14541.5000,6.3750,20.7500,20.2500,4.2500,-12.5000,1,-11.0000,40.0000,20,11.0000,-9.0000,26.0000,,20.7500,,20.7500,,20.7500,,20.7500,,20.7500
2023-11-02,2023,-1,14920.0000,5.2500,2.5000,2.5000,2.5000,-32.5000,8,-25.2500,19.2500,15,14.0000,15.5000,,6.0000,-20.7500,7.0000,-25.7500,,2.5000,,2.5000,,2.5000
2023-11-03,2023,1,15073.7500,7.0000,50.5000,49.7500,50.5000,-33.2500,7,-32.0000,89.5000,28,10.0000,13.2500,,2.0000,-17.2500,7.0000,-31.2500,,50.5000,,50.5000,,50.5000
2023-11-06,2023,1,15223.2500,3.3750,-20.2500,-20.2500,-8.0000,-26.2500,21,-22.2500,34.2500,7,5.0000,5.5000,11.0000,1.0000,-6.5000,16.0000,-19.5000,20.0000,-21.5000,,-20.2500,,-20.2500
2023-11-07,2023,1,15266.2500,4.3750,40.5000,41.0000,40.5000,-42.2500,5,-37.0000,53.7500,29,16.0000,12.5000,,1.0000,-18.2500,1.0000,-18.2500,2.0000,-28.2500,4.0000,-36.7500,,40.5000
2023-11-08,2023,1,15395.7500,3.3750,-32.7500,-33.2500,-5.0000,-34.5000,30,-33.2500,21.7500,23,3.0000,-9.2500,4.0000,12.0000,-8.7500,29.0000,-20.2500,29.0000,-20.2500,30.0000,-32.7500,,-32.7500
2023-11-09,2023,-1,15393.2500,3.6250,-5.0000,-5.5000,-5.0000,-39.5000,28,-29.7500,27.7500,8,29.0000,17.7500,,21.0000,-9.5000,25.0000,-19.2500,27.0000,-29.5000,27.0000,-29.5000,,-5.0000
2023-11-10,2023,1,15319.2500,4.0000,25.2500,24.7500,25.2500,-7.0000,1,1.5000,71.5000,24,9.0000,-30.7500,30.0000,,25.2500,,25.2500,,25.2500,,25.2500,,25.2500
2023-11-13,2023,1,15535.0000,4.1250,-47.0000,-47.0000,-51.7500,-69.7500,23,-60.5000,4.0000,1,18.0000,44.2500,20.0000,2.0000,-24.0000,2.0000,-24.0000,5.0000,-37.5000,5.0000,-37.5000,15.0000,-49.5000
2023-11-14,2023,-1,15812.0000,8.0000,-72.7500,-72.0000,-72.7500,-73.5000,30,-72.0000,21.7500,1,,,,5.0000,-18.5000,11.0000,-38.2500,26.0000,-52.7500,29.0000,-64.7500,,-72.7500
2023-11-15,2023,-1,15946.7500,6.2500,29.5000,29.5000,29.5000,-26.7500,7,-24.2500,40.7500,21,21.0000,-13.5000,,2.0000,-16.7500,,29.5000,,29.5000,,29.5000,,29.5000
2023-11-16,2023,-1,15828.2500,5.3750,-64.5000,-64.7500,-64.5000,-71.2500,29,-67.7500,2.0000,1,,,,1.0000,-13.0000,6.0000,-25.2500,15.0000,-35.5000,16.0000,-46.7500,24.0000,-67.7500
2023-11-17,2023,-1,15866.5000,4.1250,11.0000,10.7500,11.0000,-14.2500,20,-7.7500,35.0000,12,29.0000,1.0000,,,11.0000,,11.0000,,11.0000,,11.0000,,11.0000
2023-11-20,2023,1,15943.7500,4.1250,51.2500,51.2500,51.2500,-4.7500,1,-1.5000,55.7500,28,3.0000,-5.0000,,,51.2500,,51.2500,,51.2500,,51.2500,,51.2500
2023-11-21,2023,-1,15995.2500,4.6250,3.2500,3.2500,-11.5000,-25.5000,7,-19.7500,19.0000,29,14.0000,7.7500,22.0000,2.0000,-11.5000,10.0000,-19.5000,,3.2500,,3.2500,,3.2500
2023-11-22,2023,1,16118.2500,4.2500,-85.7500,-85.5000,6.0000,-101.5000,29,-85.5000,55.2500,5,3.0000,-6.7500,15.0000,19.0000,-12.7500,20.0000,-42.0000,20.0000,-42.0000,20.0000,-42.0000,21.0000,-55.2500
2023-11-24,2023,1,16037.0000,3.3750,-14.0000,-14.2500,-17.7500,-30.5000,18,-27.0000,16.5000,1,1.0000,17.0000,6.0000,6.0000,-17.7500,6.0000,-17.7500,11.0000,-24.0000,,-14.0000,,-14.0000
2023-11-27,2023,-1,15998.5000,3.7500,-17.2500,-17.0000,-17.2500,-23.7500,29,-17.0000,28.2500,4,1.0000,30.0000,,10.0000,-7.7500,28.0000,-15.7500,,-17.2500,,-17.2500,,-17.2500
2023-11-28,2023,1,15989.2500,4.0000,-10.5000,-10.0000,-10.5000,-30.7500,22,-29.0000,18.2500,2,,,,11.0000,-14.5000,12.0000,-20.5000,22.0000,-29.0000,,-10.5000,,-10.5000
2023-11-29,2023,1,16179.0000,4.5000,7.7500,7.5000,7.7500,-4.5000,1,3.0000,29.5000,6,1.0000,16.5000,,,7.7500,,7.7500,,7.7500,,7.7500,,7.7500
2023-11-30,2023,1,16046.7500,5.5000,-116.7500,-116.5000,-91.0000,-125.2500,30,-116.5000,4.0000,1,19.0000,84.2500,28.0000,3.0000,-26.7500,3.0000,-26.7500,6.0000,-48.2500,6.0000,-48.2500,9.0000,-70.5000
2023-12-01,2023,-1,15908.5000,5.0000,-40.5000,-41.0000,-15.0000,-55.0000,30,-41.0000,33.0000,3,1.0000,11.5000,8.0000,8.0000,-15.0000,11.0000,-26.2500,13.0000,-29.7500,30.0000,-40.5000,,-40.5000
2023-12-04,2023,-1,15848.7500,6.7500,17.0000,17.2500,-12.5000,-27.7500,2,-27.5000,25.7500,19,9.0000,10.7500,10.0000,2.0000,-27.0000,2.0000,-27.0000,,17.0000,,17.0000,,17.0000
2023-12-05,2023,1,15804.7500,5.8750,106.2500,106.2500,-1.5000,-17.7500,3,-14.7500,115.0000,30,5.0000,-3.2500,8.0000,2.0000,-14.7500,,106.2500,,106.2500,,106.2500,,106.2500
2023-12-06,2023,-1,15990.2500,4.7500,65.5000,66.0000,65.5000,-4.7500,1,9.0000,72.2500,29,3.0000,-10.7500,,,65.5000,,65.5000,,65.5000,,65.5000,,65.5000
2023-12-07,2023,1,15950.0000,5.1250,-33.0000,-33.2500,-20.5000,-62.5000,18,-52.0000,32.0000,6,1.0000,13.7500,14.0000,14.0000,-20.5000,14.0000,-20.5000,16.0000,-32.2500,18.0000,-51.7500,,-33.0000
2023-12-08,2023,1,15979.7500,7.3750,41.2500,40.5000,-0.2500,-24.2500,2,-13.5000,66.7500,28,9.0000,-2.2500,25.0000,,41.2500,,41.2500,,41.2500,,41.2500,,41.2500
2023-12-11,2023,-1,16290.7500,4.8750,-72.2500,-71.7500,-73.2500,-88.7500,29,-86.2500,0.0000,1,24.0000,72.5000,26.0000,1.0000,-39.5000,1.0000,-39.5000,1.0000,-39.5000,1.0000,-39.5000,9.0000,-60.7500
2023-12-12,2023,-1,16430.0000,7.2500,-27.5000,-26.7500,12.7500,-45.0000,29,-41.2500,33.5000,11,11.0000,-13.5000,13.0000,19.0000,-14.7500,27.0000,-37.5000,,-27.5000,,-27.5000,,-27.5000
2023-12-13,2023,1,16629.7500,3.0000,-23.7500,-24.2500,-1.0000,-32.5000,25,-26.7500,27.5000,6,3.0000,-6.0000,11.0000,1.0000,-7.5000,15.0000,-18.7500,15.0000,-18.7500,24.0000,-26.7500,,-23.7500
2023-12-14,2023,1,16847.5000,7.2500,-31.2500,-31.5000,-11.7500,-33.0000,30,-31.5000,29.7500,25,9.0000,10.7500,28.0000,4.0000,-22.5000,30.0000,-31.2500,,-31.2500,,-31.2500,,-31.2500
2023-12-15,2023,1,16802.2500,6.7500,23.5000,23.2500,4.5000,-15.2500,3,-9.2500,42.0000,13,4.0000,-4.7500,6.0000,,23.5000,,23.5000,,23.5000,,23.5000,,23.5000
2023-12-18,2023,1,16865.5000,4.2500,25.7500,25.5000,-5.2500,-21.7500,17,-17.2500,27.0000,30,5.0000,-0.5000,7.0000,13.0000,-10.0000,17.0000,-17.0000,,25.7500,,25.7500,,25.7500
2023-12-19,2023,1,16977.0000,3.3750,-16.0000,-16.2500,-14.0000,-24.0000,5,-19.0000,18.5000,11,7.0000,5.2500,14.0000,4.0000,-19.0000,4.0000,-19.0000,,-16.0000,,-16.0000,,-16.0000
2023-12-20,2023,1,16988.7500,2.5000,30.2500,30.2500,30.2500,-5.2500,1,-0.2500,43.5000,28,10.0000,-17.7500,,,30.2500,,30.2500,,30.2500,,30.2500,,30.2500
2023-12-21,2023,-1,16934.2500,5.2500,45.0000,44.5000,45.0000,-4.5000,7,0.7500,48.7500,27,1.0000,7.7500,,,45.0000,,45.0000,,45.0000,,45.0000,,45.0000
2023-12-22,2023,1,17014.2500,4.7500,1.2500,0.7500,1.2500,-25.0000,5,-18.2500,27.2500,19,8.0000,14.2500,,2.0000,-16.2500,,1.2500,,1.2500,,1.2500,,1.2500
2023-12-26,2023,-1,17017.7500,2.3750,-23.5000,-23.5000,-23.2500,-34.2500,12,-33.0000,6.5000,1,19.0000,22.7500,27.0000,2.0000,-13.5000,2.0000,-13.5000,3.0000,-18.7500,8.0000,-21.5000,11.0000,-33.2500
2023-12-27,2023,-1,17103.2500,2.5000,-13.2500,-13.5000,-6.2500,-21.5000,28,-19.5000,6.7500,15,7.0000,5.7500,21.0000,1.0000,-10.0000,3.0000,-14.0000,26.0000,-16.5000,,-13.2500,,-13.2500
2023-12-28,2023,-1,17143.7500,3.6250,21.0000,21.2500,21.0000,-1.2500,1,7.7500,29.0000,24,2.0000,-1.2500,,,21.0000,,21.0000,,21.0000,,21.0000,,21.0000
2023-12-29,2023,1,17092.7500,2.7500,-2.5000,-2.5000,-5.5000,-19.0000,5,-13.2500,14.7500,23,11.0000,3.2500,15.0000,3.0000,-7.7500,4.0000,-13.0000,,-2.5000,,-2.5000,,-2.5000
2024-01-02,2024,1,16863.5000,5.0000,-84.2500,-84.5000,-84.2500,-144.0000,24,-140.5000,0.0000,1,27.0000,128.7500,,1.0000,-15.5000,2.0000,-31.2500,2.0000,-31.2500,5.0000,-42.7500,6.0000,-60.0000
2024-01-03,2024,-1,16593.0000,6.1250,-39.2500,-39.0000,-41.2500,-60.5000,28,-48.5000,11.5000,1,25.0000,25.5000,28.0000,2.0000,-18.5000,3.0000,-37.2500,3.0000,-37.2500,,-39.2500,,-39.2500
2024-01-04,2024,1,16488.0000,6.5000,-11.2500,-11.2500,-29.7500,-42.2500,28,-29.7500,12.2500,4,20.0000,22.7500,26.0000,1.0000,-19.5000,16.0000,-28.0000,,-11.2500,,-11.2500,,-11.2500
2024-01-05,2024,1,16462.2500,8.2500,70.7500,70.7500,2.0000,-15.5000,8,-3.0000,71.0000,30,3.0000,-4.2500,7.0000,,70.7500,,70.7500,,70.7500,,70.7500,,70.7500
2024-01-08,2024,1,16540.2500,5.5000,80.5000,80.7500,80.5000,-2.2500,2,5.2500,93.7500,28,8.0000,-21.0000,,,80.5000,,80.5000,,80.5000,,80.5000,,80.5000
2024-01-09,2024,1,16702.2500,5.1250,0.0000,-0.2500,-26.5000,-41.7500,12,-29.0000,12.2500,2,21.0000,25.2500,22.0000,3.0000,-11.0000,11.0000,-26.2500,,0.0000,,0.0000,,0.0000
2024-01-10,2024,1,16866.0000,4.2500,-55.2500,-55.2500,-9.0000,-61.5000,30,-55.2500,8.0000,6,11.0000,8.7500,12.0000,8.0000,-11.5000,14.0000,-18.2500,18.0000,-34.0000,18.0000,-34.0000,30.0000,-55.2500
2024-01-11,2024,1,16980.2500,8.2500,-52.2500,-51.7500,11.0000,-53.5000,19,-51.7500,63.2500,4,3.0000,-23.2500,10.0000,16.0000,-29.2500,18.0000,-47.0000,30.0000,-52.2500,,-52.2500,,-52.2500
2024-01-12,2024,-1,16980.5000,7.2500,27.2500,27.5000,-24.0000,-62.0000,13,-59.7500,37.5000,30,1.0000,13.2500,4.0000,4.0000,-24.0000,6.0000,-30.2500,10.0000,-47.2500,13.0000,-59.2500,,27.2500
2024-01-16,2024,1,16930.5000,6.1250,-5.7500,-5.7500,-63.0000,-75.5000,19,-63.0000,15.7500,4,17.0000,58.7500,18.0000,6.0000,-18.7500,8.0000,-33.5000,9.0000,-46.7500,12.0000,-51.7500,,-5.7500
2024-01-17,2024,-1,16773.0000,7.0000,64.2500,64.0000,64.2500,-10.5000,1,-2.2500,83.7500,28,1.0000,12.5000,,,64.2500,,64.2500,,64.2500,,64.2500,,64.2500
2024-01-18,2024,1,17030.7500,7.2500,-30.5000,-30.2500,-1.2500,-33.7500,30,-30.2500,23.5000,9,8.0000,0.2500,12.0000,18.0000,-17.5000,30.0000,-30.5000,,-30.5000,,-30.5000,,-30.5000
2024-01-19,2024,-1,17178.7500,6.0000,-24.0000,-24.0000,-23.2500,-54.0000,28,-36.2500,4.7500,18,17.0000,18.7500,19.0000,4.0000,-14.7500,10.0000,-24.2500,28.0000,-36.0000,,-24.0000,,-24.0000
2024-01-22,2024,1,17559.7500,4.5000,-32.7500,-32.5000,-10.7500,-67.7500,12,-56.7500,25.2500,3,3.0000,-6.2500,4.0000,4.0000,-10.7500,8.0000,-25.7500,9.0000,-35.5000,10.0000,-46.0000,11.0000,-56.2500
2024-01-23,2024,-1,17430.0000,4.6250,-31.5000,-31.5000,-28.7500,-57.2500,23,-52.7500,20.5000,3,1.0000,19.2500,6.0000,4.0000,-18.7500,4.0000,-18.7500,6.0000,-28.7500,10.0000,-37.7500,,-31.5000
2024-01-24,2024,-1,17668.0000,3.6250,16.7500,16.7500,-0.2500,-13.5000,2,-7.2500,30.5000,7,3.0000,0.0000,21.0000,,16.7500,,16.7500,,16.7500,,16.7500,,16.7500
2024-01-25,2024,-1,17698.7500,6.2500,28.2500,28.0000,28.2500,-15.5000,2,-5.0000,38.2500,25,21.0000,-3.7500,,,28.2500,,28.2500,,28.2500,,28.2500,,28.2500
2024-01-26,2024,1,17559.0000,8.2500,-21.0000,-21.2500,-18.0000,-41.7500,21,-37.5000,12.0000,2,7.0000,16.2500,16.0000,4.0000,-23.7500,20.0000,-34.2500,,-21.0000,,-21.0000,,-21.0000
2024-01-29,2024,-1,17540.5000,4.0000,-5.0000,-4.7500,-26.2500,-43.0000,11,-38.7500,1.5000,1,16.0000,25.7500,17.0000,2.0000,-13.0000,4.0000,-30.0000,4.0000,-30.0000,5.0000,-33.0000,,-5.0000
2024-01-30,2024,1,17676.5000,5.1250,-37.0000,-37.2500,-37.0000,-60.0000,29,-54.2500,8.2500,1,,,,25.0000,-10.7500,28.0000,-31.5000,28.0000,-31.5000,29.0000,-54.0000,,-37.0000
2024-01-31,2024,1,17391.2500,6.7500,-13.7500,-13.2500,-6.2500,-44.0000,13,-36.5000,35.2500,2,2.0000,0.2500,6.0000,8.0000,-18.7500,12.0000,-34.5000,,-13.7500,,-13.7500,,-13.7500
2024-02-01,2024,-1,17306.5000,6.6250,20.5000,20.5000,-18.2500,-31.2500,3,-27.2500,36.5000,28,7.0000,17.2500,8.0000,2.0000,-26.7500,2.0000,-26.7500,,20.5000,,20.5000,,20.5000
2024-02-02,2024,-1,17476.5000,10.1250,-135.0000,-135.5000,-131.7500,-147.5000,15,-138.2500,11.0000,1,18.0000,131.2500,28.0000,1.0000,-20.7500,3.0000,-48.7500,5.0000,-67.0000,10.0000,-93.2500,13.0000,-123.0000
2024-02-05,2024,1,17719.2500,4.1250,-42.7500,-43.5000,-42.7500,-45.2500,29,-43.5000,18.0000,2,,,,6.0000,-16.0000,8.0000,-19.7500,17.0000,-27.7500,18.0000,-41.0000,,-42.7500
2024-02-06,2024,-1,17738.2500,3.8750,100.0000,99.7500,100.0000,-5.2500,1,-0.2500,101.0000,29,1.0000,20.5000,,,100.0000,,100.0000,,100.0000,,100.0000,,100.0000
2024-02-07,2024,-1,17758.2500,4.6250,19.7500,20.0000,1.0000,-10.0000,20,-8.2500,39.5000,24,7.0000,-6.7500,17.0000,,19.7500,,19.7500,,19.7500,,19.7500,,19.7500
2024-02-08,2024,-1,17826.7500,4.3750,-26.0000,-25.7500,-11.0000,-28.5000,28,-26.5000,18.7500,11,9.0000,10.5000,19.0000,3.0000,-20.2500,3.0000,-20.2500,29.0000,-26.2500,,-26.0000,,-26.0000
2024-02-09,2024,-1,17896.2500,4.6250,-39.0000,-39.2500,-4.0000,-55.5000,28,-46.2500,21.2500,4,4.0000,1.2500,12.0000,16.0000,-12.7500,23.0000,-22.0000,24.0000,-28.2500,27.0000,-43.7500,,-39.0000
2024-02-12,2024,1,18025.5000,3.2500,5.0000,5.0000,-5.2500,-8.7500,17,-6.0000,25.5000,3,1.0000,3.5000,16.0000,,5.0000,,5.0000,,5.0000,,5.0000,,5.0000
2024-02-13,2024,1,17633.2500,9.8750,29.7500,29.7500,0.7500,-13.5000,2,-6.7500,50.7500,22,4.0000,-1.7500,20.0000,,29.7500,,29.7500,,29.7500,,29.7500,,29.7500
2024-02-14,2024,-1,17789.0000,4.8750,7.0000,7.0000,-1.0000,-20.5000,1,-7.5000,46.0000,8,4.0000,-3.5000,15.0000,,7.0000,,7.0000,,7.0000,,7.0000,,7.0000
2024-02-15,2024,-1,17879.7500,5.7500,63.2500,63.0000,63.2500,-13.2500,1,-9.5000,69.2500,25,5.0000,-8.5000,,,63.2500,,63.2500,,63.2500,,63.2500,,63.2500
2024-02-16,2024,-1,17888.7500,7.3750,151.0000,151.2500,151.0000,-35.5000,5,-30.0000,171.7500,28,7.0000,25.0000,,1.0000,-15.0000,4.0000,-29.7500,,151.0000,,151.0000,,151.0000
2024-02-20,2024,1,17712.7500,5.7500,-178.0000,-178.5000,-178.0000,-179.7500,30,-178.5000,0.2500,1,,,,1.0000,-21.0000,2.0000,-28.2500,4.0000,-64.2500,4.0000,-64.2500,5.0000,-71.7500
2024-02-21,2024,1,17503.0000,5.1250,-12.0000,-13.0000,-12.0000,-54.7500,15,-47.7500,7.5000,5,21.0000,42.5000,,3.0000,-12.0000,10.0000,-27.0000,11.0000,-45.0000,11.0000,-45.0000,,-12.0000
2024-02-22,2024,-1,17883.7500,5.6250,-42.2500,-41.7500,-42.2500,-86.5000,18,-79.2500,19.7500,2,20.0000,61.7500,,8.0000,-22.5000,13.0000,-47.7500,13.0000,-47.7500,13.0000,-47.7500,18.0000,-79.5000
2024-02-23,2024,1,18134.2500,6.1250,-49.5000,-49.5000,-49.5000,-80.0000,28,-76.5000,10.5000,5,,,,10.0000,-13.7500,17.0000,-25.2500,24.0000,-46.5000,25.0000,-64.0000,28.0000,-76.7500
2024-02-26,2024,1,18029.5000,4.1250,-45.0000,-45.2500,-45.0000,-63.5000,15,-55.5000,9.0000,1,18.0000,51.0000,,2.0000,-13.0000,11.0000,-17.2500,12.0000,-37.0000,12.0000,-37.0000,15.0000,-56.5000
2024-02-27,2024,1,18018.2500,4.5000,-12.0000,-11.7500,-12.0000,-77.2500,11,-73.0000,9.0000,1,22.0000,47.2500,,5.0000,-15.5000,6.0000,-27.5000,6.0000,-27.5000,7.0000,-36.7500,8.0000,-57.7500
2024-02-28,2024,-1,17914.5000,5.6250,21.0000,21.2500,21.0000,-32.0000,10,-29.2500,38.5000,21,12.0000,15.2500,,2.0000,-11.5000,3.0000,-25.5000,,21.0000,,21.0000,,21.0000
2024-02-29,2024,1,18049.0000,6.3750,8.5000,8.2500,4.2500,-18.0000,12,-14.0000,23.5000,3,3.0000,-8.0000,4.0000,15.0000,-14.0000,,8.5000,,8.5000,,8.5000,,8.5000
2024-03-01,2024,1,18133.5000,4.6250,10.0000,9.5000,-23.2500,-38.2500,16,-23.2500,42.5000,28,11.0000,10.7500,15.0000,5.0000,-18.0000,15.0000,-23.2500,,10.0000,,10.0000,,10.0000
2024-03-04,2024,-1,18301.7500,4.2500,1.5000,1.5000,-4.2500,-27.0000,9,-26.0000,21.5000,28,18.0000,-0.2500,19.0000,3.0000,-13.2500,7.0000,-19.2500,8.0000,-26.0000,,1.5000,,1.5000
2024-03-05,2024,-1,18092.2500,5.3750,30.0000,30.2500,30.0000,-3.5000,1,9.2500,69.0000,16,1.0000,11.7500,,,30.0000,,30.0000,,30.0000,,30.0000,,30.0000
2024-03-06,2024,1,18108.5000,5.7500,-70.2500,-69.2500,-23.5000,-96.5000,28,-75.2500,9.2500,1,13.0000,7.2500,14.0000,2.0000,-12.7500,4.0000,-34.5000,6.0000,-35.2500,18.0000,-45.7500,29.0000,-75.0000
2024-03-07,2024,1,18177.7500,6.7500,14.0000,14.5000,3.5000,-59.0000,14,-50.0000,48.0000,6,4.0000,-12.2500,9.0000,12.0000,-14.5000,13.0000,-33.7500,14.0000,-50.2500,,14.0000,,14.0000
2024-03-08,2024,-1,18323.5000,11.7500,-63.2500,-63.0000,-63.2500,-74.5000,30,-70.5000,35.5000,6,,,,15.0000,-25.7500,23.0000,-52.0000,,-63.2500,,-63.2500,,-63.2500
2024-03-11,2024,-1,18183.2500,8.1250,41.0000,41.2500,41.0000,-65.2500,14,-55.0000,45.2500,30,16.0000,50.5000,,4.0000,-23.5000,5.0000,-40.2500,9.0000,-50.0000,,41.0000,,41.0000
2024-03-12,2024,1,18314.5000,13.7500,-17.2500,-17.0000,-17.2500,-140.5000,14,-134.5000,1.0000,1,21.0000,97.5000,,2.0000,-49.0000,3.0000,-65.0000,5.0000,-83.7500,12.0000,-112.0000,,-17.2500
2024-03-13,2024,-1,18391.7500,5.0000,71.7500,71.7500,71.7500,-16.0000,1,-10.2500,89.0000,30,12.0000,-8.7500,,1.0000,-10.2500,,71.7500,,71.7500,,71.7500,,71.7500
2024-03-14,2024,-1,18344.7500,9.0000,114.5000,114.2500,114.5000,-53.2500,5,-48.5000,141.5000,29,14.0000,13.5000,,2.0000,-30.0000,5.0000,-48.2500,,114.5000,,114.5000,,114.5000
2024-03-15,2024,-1,18145.7500,10.2500,60.7500,60.7500,60.7500,-18.2500,2,-4.0000,84.5000,29,6.0000,-12.5000,,,60.7500,,60.7500,,60.7500,,60.7500,,60.7500
2024-03-18,2024,1,18317.2500,5.6250,-19.5000,-19.5000,20.0000,-31.7500,27,-29.0000,44.5000,14,14.0000,-22.0000,15.0000,25.0000,-18.2500,26.0000,-24.0000,,-19.5000,,-19.5000,,-19.5000
2024-03-19,2024,1,18129.0000,6.2500,-30.0000,-30.0000,-30.0000,-75.7500,12,-74.0000,22.7500,2,20.0000,48.7500,,3.0000,-13.0000,5.0000,-32.2500,6.0000,-41.2500,7.0000,-50.5000,,-30.0000
2024-03-20,2024,1,18320.5000,5.2500,-55.2500,-55.2500,-55.2500,-74.7500,16,-70.2500,10.0000,1,,,,2.0000,-15.5000,3.0000,-21.2500,5.0000,-40.0000,7.0000,-46.0000,12.0000,-65.2500
2024-03-21,2024,-1,18670.0000,4.5000,21.2500,21.0000,-1.2500,-39.0000,9,-33.7500,44.0000,25,2.0000,-1.0000,3.0000,6.0000,-15.2500,8.0000,-33.7500,8.0000,-33.7500,,21.2500,,21.2500
2024-03-22,2024,-1,18528.0000,5.2500,-17.7500,-18.2500,-0.7500,-23.5000,30,-18.2500,28.0000,15,10.0000,0.7500,20.0000,23.0000,-11.5000,,-17.7500,,-17.7500,,-17.7500,,-17.7500
2024-03-25,2024,1,18469.0000,5.5000,7.0000,7.2500,-20.7500,-54.2500,11,-46.2500,18.5000,23,1.0000,8.0000,7.0000,7.0000,-20.7500,8.0000,-36.2500,8.0000,-36.2500,10.0000,-46.5000,,7.0000
2024-03-26,2024,1,18568.0000,5.2500,33.5000,33.0000,2.7500,-9.5000,1,1.2500,38.7500,29,3.0000,-9.5000,6.0000,,33.5000,,33.5000,,33.5000,,33.5000,,33.5000
2024-03-27,2024,-1,18536.0000,3.5000,136.0000,135.7500,136.0000,-3.7500,1,13.2500,141.7500,30,1.0000,9.0000,,,136.0000,,136.0000,,136.0000,,136.0000,,136.0000
2024-03-28,2024,-1,18467.5000,5.0000,-58.2500,-58.2500,-57.5000,-69.5000,23,-63.0000,6.7500,1,26.0000,56.7500,28.0000,2.0000,-9.7500,6.0000,-31.0000,6.0000,-31.0000,13.0000,-47.5000,19.0000,-63.0000
2024-04-01,2024,1,18515.7500,5.6250,59.2500,59.5000,59.2500,-0.7500,1,16.5000,91.2500,14,1.0000,20.5000,,,59.2500,,59.2500,,59.2500,,59.2500,,59.2500
2024-04-02,2024,-1,18283.0000,8.0000,19.7500,19.5000,-2.7500,-7.0000,5,-3.0000,69.7500,28,2.0000,0.2500,4.0000,,19.7500,,19.7500,,19.7500,,19.7500,,19.7500
2024-04-03,2024,1,18267.5000,6.7500,77.0000,77.2500,77.0000,-15.0000,13,-10.0000,84.2500,30,28.0000,1.5000,,,77.0000,,77.0000,,77.0000,,77.0000,,77.0000
2024-04-04,2024,-1,18539.2500,5.0000,15.7500,16.0000,15.7500,-28.7500,5,-24.5000,32.7500,26,7.0000,19.7500,,2.0000,-10.5000,4.0000,-20.5000,,15.7500,,15.7500,,15.7500
2024-04-05,2024,1,18156.5000,11.2500,39.2500,39.0000,39.2500,-54.0000,8,-49.5000,71.7500,25,9.0000,37.0000,,2.0000,-28.0000,5.0000,-47.2500,,39.2500,,39.2500,,39.2500
2024-04-08,2024,-1,18308.2500,5.8750,5.2500,5.5000,5.5000,-6.5000,29,-4.5000,70.7500,8,3.0000,-6.5000,24.0000,,5.2500,,5.2500,,5.2500,,5.2500,,5.2500
2024-04-09,2024,1,18399.5000,6.0000,-34.0000,-33.7500,-33.0000,-64.2500,18,-59.5000,3.5000,10,6.0000,28.5000,16.0000,1.0000,-27.0000,1.0000,-27.0000,2.0000,-46.0000,17.0000,-50.2500,,-34.0000
2024-04-10,2024,1,18166.7500,15.6250,-7.0000,-7.5000,-12.2500,-59.0000,15,-50.7500,41.2500,25,4.0000,11.5000,10.0000,13.0000,-34.0000,,-7.0000,,-7.0000,,-7.0000,,-7.0000
2024-04-11,2024,-1,18250.0000,9.8750,20.2500,20.2500,20.2500,-23.7500,27,-21.7500,27.2500,8,29.0000,4.5000,,20.0000,-20.5000,,20.2500,,20.2500,,20.2500,,20.2500
2024-04-12,2024,1,18320.5000,9.3750,-16.7500,-17.0000,-16.7500,-25.5000,6,-24.0000,22.7500,27,1.0000,9.2500,2.0000,6.0000,-24.2500,,-16.7500,,-16.7500,,-16.7500,,-16.7500
2024-04-15,2024,-1,18293.0000,6.3750,-28.2500,-28.5000,-17.2500,-33.2500,29,-29.5000,32.2500,3,2.0000,-0.7500,8.0000,8.0000,-17.2500,21.0000,-29.2500,,-28.2500,,-28.2500,,-28.2500
2024-04-16,2024,1,17879.7500,9.0000,18.5000,18.2500,18.5000,-57.7500,15,-50.5000,31.0000,26,18.0000,42.0000,,5.0000,-34.2500,13.0000,-42.0000,,18.5000,,18.5000,,18.5000
2024-04-17,2024,-1,17945.7500,8.1250,80.5000,81.0000,80.5000,-10.2500,6,-6.5000,81.5000,30,8.0000,4.2500,,,80.5000,,80.5000,,80.5000,,80.5000,,80.5000
2024-04-18,2024,-1,17637.0000,7.7500,32.7500,32.0000,3.0000,-10.7500,18,3.0000,85.0000,7,4.0000,-6.5000,17.0000,,32.7500,,32.7500,,32.7500,,32.7500,,32.7500
2024-04-19,2024,1,17490.5000,9.5000,-37.7500,-37.5000,-17.5000,-62.0000,20,-54.7500,26.5000,14,12.0000,12.5000,16.0000,3.0000,-26.2500,4.0000,-44.0000,,-37.7500,,-37.7500,,-37.7500
2024-04-22,2024,-1,17282.0000,5.7500,-13.5000,-12.7500,-2.7500,-49.5000,18,-45.7500,18.0000,3,3.0000,-2.0000,6.0000,1.0000,-19.2500,16.0000,-41.0000,16.0000,-41.0000,,-13.5000,,-13.5000
2024-04-23,2024,1,17459.5000,5.6250,27.2500,27.7500,27.2500,-38.2500,2,-33.0000,68.2500,24,10.0000,18.2500,,2.0000,-32.2500,2.0000,-32.2500,,27.2500,,27.2500,,27.2500
2024-04-24,2024,1,17723.0000,5.7500,18.7500,18.7500,-6.2500,-11.5000,24,-7.2500,72.5000,19,3.0000,-7.7500,24.0000,,18.7500,,18.7500,,18.7500,,18.7500,,18.7500
2024-04-25,2024,-1,17319.5000,10.1250,-21.2500,-21.0000,-21.2500,-62.0000,15,-58.0000,11.2500,3,17.0000,52.2500,,3.0000,-25.7500,11.0000,-49.2500,,-21.2500,,-21.2500,,-21.2500
2024-04-26,2024,-1,17668.5000,10.5000,-119.0000,-119.5000,-72.5000,-134.2500,25,-130.7500,0.2500,1,9.0000,69.0000,13.0000,1.0000,-43.2500,1.0000,-43.2500,2.0000,-65.5000,7.0000,-85.7500,25.0000,-130.2500
2024-04-29,2024,1,17943.0000,5.0000,-72.5000,-73.2500,-98.0000,-113.0000,22,-109.0000,6.0000,1,14.0000,97.5000,19.0000,4.0000,-19.5000,5.0000,-37.2500,5.0000,-37.2500,7.0000,-46.2500,8.0000,-65.5000
2024-04-30,2024,1,17834.0000,7.3750,41.5000,41.0000,3.2500,-9.0000,6,-5.2500,61.2500,30,2.0000,-4.7500,5.0000,,41.5000,,41.5000,,41.5000,,41.5000,,41.5000
2024-05-01,2024,-1,17488.5000,5.5000,10.2500,10.0000,10.2500,-22.7500,10,-18.0000,48.2500,28,23.0000,-1.7500,,9.0000,-11.2500,,10.2500,,10.2500,,10.2500,,10.2500
2024-05-02,2024,-1,17566.7500,6.1250,125.0000,125.7500,125.0000,-12.0000,1,4.0000,127.0000,30,3.0000,-6.7500,,,125.0000,,125.0000,,125.0000,,125.0000,,125.0000
2024-05-03,2024,-1,17933.0000,8.5000,-38.7500,-38.7500,-38.7500,-117.2500,28,-80.5000,13.7500,1,29.0000,63.0000,,8.0000,-20.2500,12.0000,-38.7500,13.0000,-56.7500,21.0000,-75.0000,,-38.7500
2024-05-06,2024,-1,18048.2500,4.1250,-57.2500,-56.5000,-50.7500,-65.2500,28,-61.5000,2.5000,1,8.0000,42.0000,16.0000,2.0000,-20.5000,2.0000,-20.5000,3.0000,-28.5000,4.0000,-34.0000,16.0000,-50.7500
2024-05-07,2024,1,18229.0000,5.3750,-31.5000,-31.7500,-8.7500,-47.2500,29,-39.7500,4.2500,16,15.0000,6.5000,16.0000,5.0000,-12.5000,17.0000,-24.7500,25.0000,-35.0000,,-31.5000,,-31.5000
2024-05-08,2024,1,18098.0000,4.2500,66.7500,67.0000,66.7500,-6.0000,3,-2.0000,79.5000,29,5.0000,-6.7500,,,66.7500,,66.7500,,66.7500,,66.7500,,66.7500
2024-05-09,2024,-1,18186.0000,5.2500,22.2500,22.5000,22.2500,-4.7500,2,6.2500,77.2500,17,5.0000,-13.7500,,,22.2500,,22.2500,,22.2500,,22.2500,,22.2500
2024-05-10,2024,1,18286.7500,3.7500,10.5000,9.7500,10.5000,-2.7500,29,6.7500,61.2500,17,1.0000,2.7500,,,10.5000,,10.5000,,10.5000,,10.5000,,10.5000
2024-05-13,2024,1,18321.2500,4.7500,-34.2500,-34.5000,-63.2500,-69.0000,15,-63.0000,0.2500,1,19.0000,53.2500,24.0000,1.0000,-11.0000,2.0000,-29.2500,2.0000,-29.2500,8.0000,-44.7500,14.0000,-62.0000
2024-05-14,2024,1,18288.7500,6.0000,8.2500,8.2500,0.7500,-23.2500,1,-20.7500,38.0000,14,9.0000,-10.5000,27.0000,1.0000,-20.7500,,8.2500,,8.2500,,8.2500,,8.2500
2024-05-15,2024,1,18519.0000,6.2500,-22.2500,-22.7500,-22.2500,-72.2500,19,-59.2500,13.0000,4,28.0000,41.2500,,5.0000,-21.5000,14.0000,-27.5000,17.0000,-43.2500,18.0000,-59.2500,,-22.2500
2024-05-16,2024,-1,18679.2500,4.0000,-29.0000,-29.0000,-29.0000,-37.2500,27,-33.0000,6.5000,4,,,,5.0000,-12.2500,9.0000,-16.7500,17.0000,-25.5000,23.0000,-33.2500,,-29.0000
2024-05-17,2024,-1,18655.2500,3.7500,6.5000,7.0000,-6.7500,-12.2500,6,-6.7500,34.7500,26,2.0000,-4.0000,5.0000,,6.5000,,6.5000,,6.5000,,6.5000,,6.5000
2024-05-20,2024,1,18665.7500,3.5000,78.0000,77.7500,78.0000,0.0000,1,12.0000,88.2500,28,1.0000,12.7500,,,78.0000,,78.0000,,78.0000,,78.0000,,78.0000
2024-05-21,2024,-1,18697.0000,7.5000,-21.7500,-21.7500,-15.7500,-22.7500,22,-21.7500,16.2500,14,14.0000,6.7500,20.0000,4.0000,-15.2500,,-21.7500,,-21.7500,,-21.7500,,-21.7500
2024-05-22,2024,1,18821.5000,3.7500,-2.5000,-2.5000,-2.5000,-32.7500,9,-25.5000,11.2500,28,12.0000,17.5000,,3.0000,-8.0000,8.0000,-20.2500,10.0000,-25.2500,,-2.5000,,-2.5000
2024-05-23,2024,-1,18945.2500,4.2500,84.5000,84.7500,84.5000,-10.2500,4,-6.0000,107.2500,25,9.0000,-4.0000,,,84.5000,,84.5000,,84.5000,,84.5000,,84.5000
2024-05-24,2024,-1,18750.2500,5.3750,-27.2500,-27.2500,-19.2500,-47.7500,29,-42.0000,17.7500,22,6.0000,13.5000,11.0000,2.0000,-22.7500,2.0000,-22.7500,28.0000,-42.2500,,-27.2500,,-27.2500
2024-05-28,2024,1,18920.0000,4.8750,-50.0000,-50.2500,-20.7500,-81.0000,15,-76.7500,0.5000,2,8.0000,17.5000,10.0000,1.0000,-11.5000,4.0000,-26.2500,12.0000,-47.7500,12.0000,-47.7500,13.0000,-63.0000
2024-05-29,2024,1,18796.7500,5.2500,29.0000,29.0000,0.2500,-17.5000,12,-10.5000,52.5000,23,6.0000,-4.2500,9.0000,,29.0000,,29.0000,,29.0000,,29.0000,,29.0000
2024-05-30,2024,-1,18758.0000,5.8750,25.2500,25.0000,14.2500,-11.5000,1,5.7500,61.0000,5,3.0000,-16.0000,10.0000,,25.2500,,25.2500,,25.2500,,25.2500,,25.2500
2024-05-31,2024,-1,18599.2500,7.5000,86.5000,86.5000,-5.2500,-32.2500,12,-27.7500,95.7500,29,2.0000,0.2500,4.0000,7.0000,-15.7500,,86.5000,,86.5000,,86.5000,,86.5000
2024-06-03,2024,1,18713.7500,4.8750,-27.5000,-28.0000,15.5000,-61.5000,24,-37.0000,41.7500,14,10.0000,-18.2500,12.0000,19.0000,-24.7500,19.0000,-24.7500,20.0000,-34.2500,,-27.5000,,-27.5000
2024-06-04,2024,1,18629.5000,6.1250,15.2500,15.0000,-35.5000,-50.0000,25,-45.2500,34.5000,29,5.0000,31.0000,24.0000,1.0000,-15.7500,2.0000,-34.7500,25.0000,-45.0000,,15.2500,,15.2500
2024-06-05,2024,1,18840.7500,4.3750,2.5000,2.5000,-20.7500,-40.7500,28,-22.7500,21.5000,30,6.0000,17.5000,7.0000,1.0000,-13.2500,3.0000,-23.0000,,2.5000,,2.5000,,2.5000
2024-06-06,2024,1,19110.5000,6.7500,-46.0000,-46.2500,-46.0000,-78.2500,27,-76.7500,5.2500,8,30.0000,63.0000,,13.0000,-24.2500,14.0000,-37.5000,16.0000,-41.7500,24.0000,-55.2500,,-46.0000
2024-06-07,2024,-1,19011.5000,10.2500,-26.2500,-26.0000,-26.2500,-53.5000,22,-46.7500,19.0000,2,24.0000,41.2500,,17.0000,-26.2500,19.0000,-46.7500,,-26.2500,,-26.2500,,-26.2500
2024-06-10,2024,1,19006.0000,5.0000,-4.2500,-4.2500,-7.2500,-21.7500,22,-17.0000,17.7500,4,3.0000,-0.7500,12.0000,14.0000,-16.0000,,-4.2500,,-4.2500,,-4.2500,,-4.2500
2024-06-11,2024,1,19060.7500,4.3750,-16.7500,-17.0000,-2.7500,-66.2500,22,-64.7500,26.7500,3,2.0000,0.2500,7.0000,14.0000,-12.7500,15.0000,-47.2500,15.0000,-47.2500,15.0000,-47.2500,22.0000,-65.2500
2024-06-12,2024,1,19418.2500,5.3750,77.7500,78.0000,77.7500,-3.5000,4,4.2500,86.5000,19,1.0000,11.2500,,,77.7500,,77.7500,,77.7500,,77.7500,,77.7500
2024-06-13,2024,1,19641.5000,6.8750,3.5000,4.0000,-2.7500,-26.7500,26,-18.7500,22.0000,8,6.0000,0.7500,10.0000,3.0000,-19.0000,,3.5000,,3.5000,,3.5000,,3.5000
2024-06-14,2024,-1,19560.7500,5.3750,-59.7500,-59.7500,-59.7500,-85.5000,27,-78.0000,3.5000,1,29.0000,67.2500,,1.0000,-12.2500,2.0000,-22.5000,6.0000,-32.0000,13.0000,-47.7500,19.0000,-65.7500
2024-06-17,2024,-1,19954.5000,4.0000,8.0000,8.0000,8.0000,-4.5000,7,0.0000,50.5000,17,1.0000,5.2500,,,8.0000,,8.0000,,8.0000,,8.0000,,8.0000
2024-06-18,2024,1,20211.5000,5.2500,-33.5000,-33.7500,-33.5000,-47.2500,20,-42.2500,7.5000,5,23.0000,33.5000,30.0000,6.0000,-12.5000,7.0000,-23.0000,17.0000,-36.2500,20.0000,-42.0000,,-33.5000
2024-06-20,2024,-1,20221.5000,5.6250,-7.2500,-7.2500,-7.2500,-41.7500,15,-39.0000,23.0000,2,19.0000,27.5000,,7.0000,-12.0000,10.0000,-25.2500,12.0000,-38.7500,,-7.2500,,-7.2500
2024-06-21,2024,1,20020.2500,8.0000,-52.7500,-52.7500,-52.7500,-106.0000,20,-103.5000,7.7500,3,26.0000,87.5000,,1.0000,-24.2500,6.0000,-33.2500,13.0000,-48.0000,18.0000,-78.5000,20.0000,-103.5000
2024-06-24,2024,1,19935.5000,7.7500,33.5000,33.7500,-19.7500,-68.7500,17,-65.5000,54.2500,30,1.0000,9.5000,8.0000,8.0000,-19.7500,10.0000,-38.2500,16.0000,-51.7500,17.0000,-65.2500,,33.5000
2024-06-25,2024,-1,19826.2500,5.2500,-31.7500,-31.7500,11.2500,-39.2500,29,-31.7500,34.0000,6,6.0000,-18.0000,8.0000,11.0000,-11.2500,28.0000,-23.0000,30.0000,-31.7500,,-31.7500,,-31.7500
2024-06-26,2024,1,19948.2500,8.8750,28.5000,27.5000,28.5000,-29.0000,2,-26.7500,51.5000,20,12.0000,8.2500,,2.0000,-26.2500,,28.5000,,28.5000,,28.5000,,28.5000
2024-06-27,2024,1,20026.0000,5.3750,50.7500,50.5000,-2.5000,-16.2500,20,-2.5000,75.5000,7,2.0000,0.2500,20.0000,,50.7500,,50.7500,,50.7500,,50.7500,,50.7500
2024-06-28,2024,-1,20053.2500,8.8750,-150.7500,-150.5000,-34.5000,-153.0000,30,-150.5000,12.7500,2,9.0000,31.7500,10.0000,4.0000,-25.7500,11.0000,-43.2500,13.0000,-57.7500,17.0000,-72.5000,28.0000,-115.2500
2024-07-01,2024,-1,19946.7500,7.5000,32.2500,31.7500,-22.5000,-27.7500,6,-22.5000,105.5000,18,1.0000,14.2500,6.0000,6.0000,-22.5000,,32.2500,,32.2500,,32.2500,,32.2500
2024-07-02,2024,1,20019.2500,7.2500,38.7500,38.5000,-12.0000,-16.7500,4,-11.7500,78.7500,14,1.0000,9.5000,4.0000,,38.7500,,38.7500,,38.7500,,38.7500,,38.7500
2024-07-03,2024,1,20262.2500,5.0000,4.2500,4.2500,4.2500,-28.0000,4,-20.5000,37.7500,28,,,,3.0000,-20.2500,3.0000,-20.2500,,4.2500,,4.2500,,4.2500
2024-07-05,2024,1,20462.7500,6.2500,77.2500,77.7500,-17.0000,-34.5000,14,-28.2500,81.5000,30,5.0000,0.0000,13.0000,13.0000,-17.0000,14.0000,-28.5000,,77.2500,,77.2500,,77.2500
2024-07-08,2024,1,20639.5000,3.1250,-26.5000,-26.2500,-14.7500,-42.7500,29,-34.0000,14.0000,19,1.0000,7.0000,2.0000,2.0000,-14.7500,2.0000,-14.7500,3.0000,-32.5000,3.0000,-32.5000,,-26.5000
2024-07-09,2024,1,20746.7500,3.2500,4.5000,4.2500,-20.7500,-27.5000,8,-21.0000,17.7500,3,1.0000,13.0000,6.0000,6.0000,-20.7500,6.0000,-20.7500,6.0000,-20.7500,,4.5000,,4.5000
2024-07-10,2024,-1,20748.5000,3.0000,-16.7500,-16.7500,-16.7500,-29.2500,17,-25.7500,27.0000,6,,,,12.0000,-6.0000,13.0000,-13.2500,17.0000,-25.7500,17.0000,-25.7500,,-16.7500
2024-07-11,2024,-1,20870.0000,8.7500,3.5000,3.5000,-21.5000,-27.5000,14,-21.2500,47.5000,22,8.0000,8.0000,12.0000,2.0000,-20.2500,,3.5000,,3.5000,,3.5000,,3.5000
2024-07-12,2024,-1,20440.5000,7.5000,-121.2500,-121.0000,-34.7500,-131.7500,29,-129.0000,15.2500,3,13.0000,20.5000,14.0000,7.0000,-16.2500,9.0000,-33.0000,17.0000,-55.0000,19.0000,-66.5000,25.0000,-96.2500
2024-07-15,2024,-1,20610.7500,5.5000,-31.7500,-31.2500,-31.7500,-55.5000,9,-53.0000,29.0000,15,12.0000,43.2500,,1.0000,-24.0000,1.0000,-24.0000,8.0000,-41.7500,9.0000,-52.2500,,-31.7500
2024-07-16,2024,1,20645.5000,5.5000,-102.0000,-102.0000,4.0000,-103.2500,30,-102.0000,39.0000,7,7.0000,-12.0000,11.0000,12.0000,-13.7500,16.0000,-25.0000,17.0000,-42.7500,24.0000,-46.7500,25.0000,-66.7500
2024-07-17,2024,-1,20248.7500,7.1250,86.5000,86.7500,86.5000,-32.7500,4,-27.7500,89.7500,30,6.0000,2.2500,,3.0000,-27.2500,,86.5000,,86.5000,,86.5000,,86.5000
2024-07-18,2024,-1,20109.5000,5.3750,60.0000,59.7500,60.0000,-10.7500,1,-5.0000,89.7500,22,9.0000,-17.0000,,,60.0000,,60.0000,,60.0000,,60.0000,,60.0000
2024-07-22,2024,-1,19898.0000,6.8750,-36.7500,-36.7500,-114.5000,-128.7500,18,-123.0000,15.2500,2,20.0000,113.2500,22.0000,4.0000,-36.0000,4.0000,-36.0000,5.0000,-46.7500,6.0000,-76.5000,14.0000,-99.5000
2024-07-23,2024,-1,19941.2500,6.8750,-31.0000,-30.2500,-75.5000,-94.7500,12,-90.2500,2.0000,1,15.0000,68.0000,16.0000,1.0000,-21.7500,2.0000,-35.7500,5.0000,-47.7500,7.0000,-59.5000,12.0000,-90.5000
2024-07-24,2024,-1,19629.0000,7.2500,134.2500,133.2500,134.2500,-4.0000,1,15.5000,144.2500,30,2.0000,-0.7500,,,134.2500,,134.2500,,134.2500,,134.2500,,134.2500
2024-07-25,2024,-1,19170.2500,10.2500,180.5000,180.7500,-23.7500,-35.7500,10,-24.0000,189.0000,30,1.0000,20.2500,10.0000,10.0000,-23.7500,,180.5000,,180.5000,,180.5000,,180.5000
2024-07-26,2024,-1,19147.0000,7.0000,2.0000,1.2500,21.7500,-26.7500,29,-17.0000,86.5000,17,2.0000,-22.7500,5.0000,28.0000,-17.5000,,2.0000,,2.0000,,2.0000,,2.0000
2024-07-29,2024,-1,19262.5000,6.2500,-94.2500,-94.7500,-94.2500,-114.7500,29,-113.2500,12.0000,4,,,,4.0000,-15.2500,5.0000,-29.0000,7.0000,-50.0000,11.0000,-55.2500,12.0000,-79.5000
2024-07-30,2024,1,19291.0000,4.6250,-116.2500,-116.0000,-3.0000,-126.7500,30,-116.0000,28.7500,10,9.0000,-1.7500,10.0000,1.0000,-10.0000,12.0000,-30.7500,12.0000,-30.7500,13.0000,-54.7500,19.0000,-57.5000
2024-07-31,2024,-1,19336.2500,6.2500,-78.7500,-79.0000,-61.7500,-91.2500,30,-85.0000,25.5000,2,11.0000,60.2500,23.0000,6.0000,-21.2500,7.0000,-25.5000,8.0000,-61.7500,8.0000,-61.7500,29.0000,-84.2500
2024-08-01,2024,-1,19542.5000,10.3750,-120.0000,-119.5000,-108.0000,-139.5000,25,-125.2500,37.5000,4,19.0000,107.2500,23.0000,7.0000,-20.7500,9.0000,-44.5000,10.0000,-65.5000,11.0000,-84.5000,24.0000,-125.2500
2024-08-02,2024,1,18612.5000,18.8750,-25.7500,-25.5000,-25.7500,-70.5000,2,-69.7500,148.5000,9,5.0000,54.5000,,1.0000,-49.2500,,-25.7500,,-25.7500,,-25.7500,,-25.7500
2024-08-05,2024,-1,17603.0000,39.2500,-468.7500,-466.0000,-468.7500,-509.5000,30,-500.5000,0.0000,1,,,,4.0000,-151.2500,5.0000,-177.2500,7.0000,-256.2500,17.0000,-317.5000,29.0000,-498.2500
2024-08-06,2024,1,18160.2500,18.0000,17.7500,18.2500,-49.2500,-194.2500,13,-184.0000,23.5000,30,1.0000,34.2500,2.0000,2.0000,-49.2500,4.0000,-98.5000,5.0000,-113.7500,10.0000,-183.5000,,17.7500
2024-08-07,2024,1,18479.2500,9.5000,64.7500,64.5000,64.7500,-23.0000,1,-3.2500,79.2500,18,28.0000,-22.2500,,,64.7500,,64.7500,,64.7500,,64.7500,,64.7500
2024-08-08,2024,-1,18190.7500,17.7500,-69.5000,-70.0000,-18.0000,-75.2500,30,-70.0000,126.5000,19,6.0000,4.7500,27.0000,30.0000,-69.5000,,-69.5000,,-69.5000,,-69.5000,,-69.5000
2024-08-09,2024,1,18495.2500,11.2500,-41.0000,-40.5000,-41.0000,-90.7500,28,-80.7500,33.5000,7,,,,3.0000,-28.5000,14.0000,-57.5000,28.0000,-81.2500,,-41.0000,,-41.0000
2024-08-12,2024,1,18653.2500,7.3750,-87.0000,-87.7500,-115.7500,-129.7500,26,-114.7500,19.2500,3,19.0000,101.2500,25.0000,6.0000,-14.7500,7.0000,-29.0000,9.0000,-46.7500,10.0000,-62.7500,12.0000,-90.0000
2024-08-13,2024,1,18854.0000,8.3750,50.0000,48.7500,50.0000,-28.0000,10,-16.0000,63.7500,29,12.0000,3.5000,,,50.0000,,50.0000,,50.0000,,50.0000,,50.0000
2024-08-14,2024,-1,19141.5000,8.0000,98.2500,99.0000,98.2500,-6.5000,1,13.0000,130.5000,27,1.0000,11.5000,,,98.2500,,98.2500,,98.2500,,98.2500,,98.2500
2024-08-15,2024,-1,19339.2500,10.5000,-134.2500,-135.0000,-35.7500,-143.5000,30,-136.2500,0.7500,1,9.0000,35.2500,12.0000,2.0000,-25.5000,7.0000,-47.5000,17.0000,-70.2500,22.0000,-86.7500,29.0000,-136.5000
2024-08-16,2024,1,19503.5000,8.2500,30.7500,30.7500,-2.0000,-29.5000,14,-22.5000,40.2500,30,19.0000,-1.0000,23.0000,13.0000,-23.5000,,30.7500,,30.7500,,30.7500,,30.7500
2024-08-19,2024,-1,19597.2500,5.1250,27.2500,27.2500,11.5000,-27.0000,17,-25.5000,52.7500,6,5.0000,-16.2500,8.0000,10.0000,-12.2500,16.0000,-25.7500,,27.2500,,27.2500,,27.2500
2024-08-20,2024,1,19842.5000,6.5000,47.0000,47.5000,8.0000,-0.7500,1,5.7500,82.5000,26,3.0000,-10.2500,7.0000,,47.0000,,47.0000,,47.0000,,47.0000,,47.0000
2024-08-21,2024,-1,19837.2500,5.2500,-52.7500,-52.2500,-52.7500,-71.2500,28,-59.2500,24.2500,3,,,,7.0000,-11.0000,13.0000,-23.7500,14.0000,-32.7500,28.0000,-59.0000,,-52.7500
2024-08-22,2024,-1,19992.0000,5.7500,31.7500,32.2500,-12.2500,-18.5000,2,-12.0000,47.7500,19,12.0000,2.5000,24.0000,24.0000,-12.2500,,31.7500,,31.7500,,31.7500,,31.7500
2024-08-23,2024,-1,19720.5000,5.1250,-144.2500,-144.2500,-34.2500,-148.0000,30,-144.2500,14.0000,2,26.0000,28.0000,27.0000,7.0000,-13.7500,16.0000,-32.5000,16.0000,-32.5000,28.0000,-98.2500,28.0000,-98.2500
2024-08-26,2024,1,19778.7500,6.3750,-67.0000,-67.7500,-11.5000,-84.5000,29,-71.2500,22.7500,2,1.0000,9.7500,9.0000,10.0000,-18.5000,11.0000,-28.5000,13.0000,-37.7500,22.0000,-61.2500,,-67.0000
2024-08-27,2024,1,19512.2500,12.0000,40.7500,42.0000,40.7500,-70.7500,13,-62.0000,58.5000,23,17.0000,35.0000,,6.0000,-33.7500,8.0000,-57.0000,,40.7500,,40.7500,,40.7500
2024-08-28,2024,1,19641.2500,8.1250,-92.2500,-92.7500,-92.2500,-117.2500,28,-103.5000,10.2500,2,,,,3.0000,-21.5000,4.0000,-36.0000,7.0000,-55.0000,13.0000,-65.7500,21.0000,-103.5000
2024-08-29,2024,1,19545.7500,8.0000,87.7500,88.5000,87.7500,-12.7500,10,-8.7500,139.2500,28,1.0000,11.5000,,,87.7500,,87.7500,,87.7500,,87.7500,,87.7500
2024-08-30,2024,-1,19537.2500,7.7500,-89.0000,-89.2500,-49.5000,-91.5000,30,-89.2500,23.2500,5,16.0000,40.7500,19.0000,9.0000,-27.2500,13.0000,-44.0000,19.0000,-49.5000,28.0000,-76.2500,,-89.0000
2024-09-03,2024,-1,19430.2500,7.7500,47.7500,47.0000,23.5000,-13.2500,1,6.0000,121.5000,28,4.0000,-25.2500,6.0000,,47.7500,,47.7500,,47.7500,,47.7500,,47.7500
2024-09-04,2024,1,18889.2500,6.3750,54.5000,54.0000,-2.5000,-51.0000,28,-35.5000,102.0000,17,2.0000,0.5000,5.0000,28.0000,-35.7500,28.0000,-35.7500,,54.5000,,54.5000,,54.5000
2024-09-05,2024,1,18916.0000,8.0000,190.0000,189.7500,190.0000,-9.0000,3,-3.7500,195.0000,30,4.0000,-22.7500,,,190.0000,,190.0000,,190.0000,,190.0000,,190.0000
2024-09-06,2024,-1,18892.0000,15.8750,144.2500,144.5000,144.2500,-54.5000,3,-27.0000,182.5000,28,1.0000,47.0000,,,144.2500,,144.2500,,144.2500,,144.2500,,144.2500
2024-09-09,2024,1,18639.0000,6.3750,44.2500,43.7500,44.2500,-4.5000,8,-0.2500,57.2500,27,2.0000,0.7500,,,44.2500,,44.2500,,44.2500,,44.2500,,44.2500
2024-09-10,2024,1,18820.0000,5.1250,-41.5000,-41.2500,-84.5000,-98.2500,11,-91.0000,1.7500,1,13.0000,73.2500,18.0000,1.0000,-27.0000,1.0000,-27.0000,2.0000,-42.7500,2.0000,-42.7500,4.0000,-76.5000
2024-09-11,2024,-1,18882.5000,9.3750,103.5000,103.0000,103.5000,-24.0000,1,-11.2500,140.7500,28,3.0000,-0.5000,,,103.5000,,103.5000,,103.5000,,103.5000,,103.5000
2024-09-12,2024,-1,19237.2500,9.0000,-27.5000,-28.5000,-24.2500,-51.5000,6,-48.5000,52.2500,18,15.0000,20.5000,22.0000,1.0000,-32.2500,5.0000,-48.2500,,-27.5000,,-27.5000,,-27.5000
2024-09-13,2024,-1,19421.0000,6.8750,-40.5000,-39.7500,-67.2500,-92.2500,28,-72.5000,6.7500,28,14.0000,63.2500,16.0000,1.0000,-15.7500,4.0000,-35.2500,5.0000,-55.7500,5.0000,-55.7500,,-40.5000
2024-09-16,2024,-1,19625.7500,5.6250,-46.0000,-45.7500,-14.7500,-71.7500,24,-59.2500,64.5000,3,1.0000,13.7500,16.0000,16.0000,-14.7500,18.0000,-23.2500,22.0000,-48.2500,22.0000,-48.2500,,-46.0000
2024-09-17,2024,1,19815.7500,6.1250,-44.0000,-44.2500,-66.7500,-106.7500,22,-87.0000,8.7500,1,27.0000,64.5000,28.0000,1.0000,-22.0000,2.0000,-43.2500,2.0000,-43.2500,17.0000,-66.5000,21.0000,-82.7500
2024-09-18,2024,-1,19717.7500,4.3750,25.7500,25.7500,25.7500,-9.2500,1,4.5000,50.7500,18,3.0000,-4.5000,,,25.7500,,25.7500,,25.7500,,25.7500,,25.7500
2024-09-19,2024,1,20033.7500,8.3750,-11.5000,-12.5000,-18.2500,-69.7500,20,-63.2500,39.2500,10,7.0000,12.0000,17.0000,4.0000,-23.7500,18.0000,-46.0000,19.0000,-61.5000,,-11.5000,,-11.5000
2024-09-20,2024,-1,20041.0000,8.2500,45.0000,45.5000,45.0000,-41.5000,6,-28.5000,57.5000,28,21.0000,9.5000,,2.0000,-16.7500,,45.0000,,45.0000,,45.0000,,45.0000
2024-09-23,2024,-1,20042.0000,5.5000,-48.2500,-47.5000,-40.5000,-63.0000,18,-58.2500,10.7500,3,1.0000,33.0000,16.0000,1.0000,-19.5000,13.0000,-23.0000,16.0000,-40.5000,17.0000,-58.2500,,-48.2500
2024-09-24,2024,-1,20117.7500,5.5000,92.7500,92.7500,-2.0000,-11.7500,7,-6.2500,92.7500,30,9.0000,-2.0000,14.0000,,92.7500,,92.7500,,92.7500,,92.7500,,92.7500
2024-09-25,2024,1,20164.0000,4.0000,73.2500,73.7500,-1.2500,-19.5000,10,-10.2500,80.7500,28,2.0000,-9.0000,9.0000,10.0000,-10.7500,,73.2500,,73.2500,,73.2500,,73.2500
2024-09-26,2024,-1,20458.5000,6.1250,39.5000,40.2500,-1.0000,-14.2500,2,-7.0000,53.5000,16,3.0000,-2.0000,6.0000,,39.5000,,39.5000,,39.5000,,39.5000,,39.5000
2024-09-27,2024,-1,20354.0000,6.7500,14.5000,14.0000,-5.5000,-15.0000,2,-13.2500,43.5000,5,4.0000,-2.0000,17.0000,,14.5000,,14.5000,,14.5000,,14.5000,,14.5000
2024-09-30,2024,1,20222.2500,5.2500,-6.7500,-6.5000,12.7500,-28.7500,28,-18.7500,40.2500,18,5.0000,-14.7500,9.0000,27.0000,-17.5000,,-6.7500,,-6.7500,,-6.7500,,-6.7500
2024-10-01,2024,-1,20200.0000,5.8750,168.0000,170.5000,168.0000,-23.2500,1,18.2500,221.5000,23,1.0000,43.7500,,,168.0000,,168.0000,,168.0000,,168.0000,,168.0000
2024-10-02,2024,1,19958.7500,8.8750,-3.5000,-3.7500,-3.5000,-125.2500,13,-122.7500,3.5000,30,15.0000,112.0000,,3.0000,-45.5000,3.0000,-45.5000,6.0000,-69.7500,9.0000,-86.7500,11.0000,-113.5000
2024-10-03,2024,1,19940.7500,8.5000,124.7500,124.5000,124.7500,-7.5000,1,17.2500,145.5000,30,1.0000,14.5000,,,124.7500,,124.7500,,124.7500,,124.7500,,124.7500
2024-10-04,2024,-1,20203.2500,8.1250,101.5000,101.7500,101.5000,-35.7500,4,-22.0000,135.0000,28,19.0000,0.2500,,3.0000,-21.2500,,101.5000,,101.5000,,101.5000,,101.5000
2024-10-07,2024,-1,20125.5000,5.6250,5.0000,5.2500,5.0000,-38.2500,6,-30.0000,37.0000,22,11.0000,21.7500,,1.0000,-17.0000,2.0000,-25.7500,,5.0000,,5.0000,,5.0000
2024-10-08,2024,1,20085.5000,5.3750,107.5000,107.7500,-0.2500,-15.7500,3,-9.0000,117.0000,30,4.0000,0.5000,8.0000,,107.5000,,107.5000,,107.5000,,107.5000,,107.5000
2024-10-09,2024,-1,20256.5000,5.6250,-12.7500,-13.7500,-12.7500,-43.0000,9,-33.2500,18.0000,12,11.0000,23.0000,,7.0000,-13.0000,8.0000,-33.5000,,-12.7500,,-12.7500,,-12.7500
2024-10-10,2024,1,20382.0000,7.3750,-17.7500,-17.2500,-20.0000,-80.5000,18,-70.5000,8.0000,1,11.0000,14.7500,14.0000,8.0000,-24.0000,15.0000,-50.5000,15.0000,-50.5000,16.0000,-66.0000,,-17.7500
2024-10-11,2024,-1,20338.0000,5.0000,-15.0000,-15.2500,1.5000,-42.0000,30,-26.5000,23.2500,8,4.0000,-10.5000,5.0000,13.0000,-11.2500,18.0000,-20.5000,,-15.0000,,-15.0000,,-15.0000
2024-10-14,2024,1,20568.5000,4.0000,94.7500,94.5000,94.7500,-5.0000,1,0.5000,111.5000,28,12.0000,-21.7500,,,94.7500,,94.7500,,94.7500,,94.7500,,94.7500
2024-10-15,2024,1,20633.5000,4.0000,-0.5000,-0.7500,-4.7500,-25.7500,18,-22.2500,25.7500,3,3.0000,-1.2500,6.0000,7.0000,-12.2500,18.0000,-22.5000,,-0.5000,,-0.5000,,-0.5000
2024-10-16,2024,-1,20312.0000,5.6250,91.5000,92.2500,91.5000,-15.7500,1,-14.0000,105.7500,29,4.0000,-11.7500,,1.0000,-14.0000,,91.5000,,91.5000,,91.5000,,91.5000
2024-10-17,2024,-1,20531.5000,5.6250,144.2500,144.7500,144.2500,-9.7500,1,23.5000,160.2500,30,2.0000,-2.0000,,,144.2500,,144.2500,,144.2500,,144.2500,,144.2500
2024-10-18,2024,-1,20453.2500,4.7500,-29.7500,-30.0000,-32.2500,-57.5000,13,-43.5000,20.2500,3,16.0000,31.7500,23.0000,6.0000,-11.5000,9.0000,-28.5000,9.0000,-28.5000,12.0000,-43.0000,,-29.7500
2024-10-21,2024,1,20440.0000,4.5000,53.2500,53.0000,53.2500,-1.5000,1,3.7500,62.5000,22,4.0000,-7.7500,,,53.2500,,53.2500,,53.2500,,53.2500,,53.2500
2024-10-22,2024,-1,20389.5000,6.1250,-55.5000,-55.2500,-73.0000,-90.0000,14,-79.2500,1.0000,1,19.0000,63.2500,22.0000,1.0000,-21.0000,3.0000,-24.5000,6.0000,-40.7500,10.0000,-63.0000,13.0000,-80.0000
2024-10-23,2024,-1,20423.5000,5.5000,20.2500,19.7500,-10.0000,-28.0000,8,-22.5000,25.0000,30,19.0000,7.2500,22.0000,4.0000,-16.2500,8.0000,-22.0000,,20.2500,,20.2500,,20.2500
2024-10-24,2024,-1,20321.2500,6.0000,-50.2500,-49.7500,-17.5000,-57.2500,30,-49.7500,25.0000,17,14.0000,16.2500,23.0000,1.0000,-12.0000,5.0000,-27.5000,30.0000,-50.2500,30.0000,-50.2500,,-50.2500
2024-10-25,2024,1,20537.0000,4.3750,154.0000,154.5000,154.0000,-5.7500,1,-1.2500,156.0000,30,4.0000,-9.7500,,,154.0000,,154.0000,,154.0000,,154.0000,,154.0000
2024-10-28,2024,-1,20590.2500,7.1250,25.2500,24.7500,11.7500,-14.0000,1,-0.7500,61.7500,22,10.0000,-11.7500,14.0000,,25.2500,,25.2500,,25.2500,,25.2500,,25.2500
2024-10-29,2024,-1,20455.5000,4.8750,-64.2500,-63.5000,-22.2500,-86.7500,28,-63.7500,23.2500,3,1.0000,20.2500,10.0000,10.0000,-22.2500,10.0000,-22.2500,12.0000,-33.7500,13.0000,-54.2500,25.0000,-62.5000
2024-10-30,2024,1,20654.7500,9.0000,-5.5000,-5.5000,-5.5000,-112.0000,11,-101.7500,4.5000,1,15.0000,92.2500,,2.0000,-37.5000,7.0000,-43.7500,8.0000,-68.5000,9.0000,-82.2500,,-5.5000
2024-10-31,2024,-1,20283.2500,7.1250,135.2500,135.0000,-19.0000,-22.5000,6,-18.7500,146.7500,30,1.0000,17.7500,5.0000,5.0000,-19.0000,,135.2500,,135.2500,,135.2500,,135.2500
2024-11-01,2024,1,20094.5000,7.5000,68.5000,69.5000,68.5000,-21.0000,4,-7.2500,93.2500,28,8.0000,-11.2500,,,68.5000,,68.5000,,68.5000,,68.5000,,68.5000
2024-11-04,2024,-1,20090.0000,7.5000,-41.5000,-41.7500,-10.5000,-61.5000,30,-54.2500,77.0000,5,2.0000,0.7500,11.0000,12.0000,-20.5000,13.0000,-35.5000,29.0000,-55.0000,,-41.5000,,-41.5000
2024-11-05,2024,1,20190.0000,5.7500,102.0000,102.0000,102.0000,-12.5000,1,9.7500,131.2500,28,6.0000,-21.7500,,,102.0000,,102.0000,,102.0000,,102.0000,,102.0000
2024-11-06,2024,1,20694.5000,10.3750,31.0000,30.0000,10.0000,-50.5000,18,-36.5000,110.7500,8,5.0000,-45.7500,14.0000,18.0000,-32.2500,,31.0000,,31.0000,,31.0000,,31.0000
2024-11-07,2024,1,21040.2500,6.1250,61.7500,61.2500,61.7500,-22.0000,3,-7.2500,72.5000,28,1.0000,9.2500,,,61.7500,,61.7500,,61.7500,,61.7500,,61.7500
2024-11-08,2024,1,21219.2500,5.8750,-4.2500,-4.5000,-8.2500,-43.0000,13,-29.7500,13.0000,1,1.0000,3.0000,2.0000,11.0000,-21.0000,12.0000,-30.5000,,-4.2500,,-4.2500,,-4.2500
2024-11-11,2024,-1,21261.0000,4.7500,89.5000,89.5000,89.5000,-31.5000,1,-23.0000,101.7500,30,7.0000,8.7500,,1.0000,-23.2500,1.0000,-23.2500,,89.5000,,89.5000,,89.5000
2024-11-12,2024,-1,21182.0000,5.0000,-38.2500,-39.0000,-39.7500,-69.7500,25,-64.5000,0.0000,1,11.0000,39.2500,18.0000,1.0000,-17.0000,2.0000,-28.0000,3.0000,-47.2500,3.0000,-47.2500,25.0000,-64.5000
2024-11-13,2024,-1,21170.5000,9.1250,44.2500,44.7500,16.2500,-14.0000,4,-8.7500,63.5000,29,17.0000,-19.7500,19.0000,,44.2500,,44.2500,,44.2500,,44.2500,,44.2500
2024-11-14,2024,-1,21144.0000,7.6250,56.2500,56.5000,56.2500,-30.7500,5,-23.0000,80.0000,15,7.0000,16.0000,,2.0000,-18.0000,,56.2500,,56.2500,,56.2500,,56.2500
2024-11-15,2024,-1,20754.7500,8.3750,74.0000,74.2500,74.0000,-7.5000,1,4.5000,83.0000,29,3.0000,-4.5000,,,74.0000,,74.0000,,74.0000,,74.0000,,74.0000
2024-11-18,2024,-1,20529.7500,6.3750,-36.0000,-36.0000,-36.0000,-41.7500,8,-36.5000,28.7500,22,10.0000,19.7500,30.0000,5.0000,-16.7500,7.0000,-36.0000,,-36.0000,,-36.0000,,-36.0000
2024-11-19,2024,1,20525.2500,14.0000,-0.2500,-0.2500,-1.0000,-17.2500,3,-5.2500,60.7500,11,4.0000,-1.7500,18.0000,,-0.2500,,-0.2500,,-0.2500,,-0.2500,,-0.2500
2024-11-20,2024,-1,20734.0000,6.8750,122.0000,121.7500,122.0000,-5.7500,1,11.2500,123.7500,30,5.0000,-28.7500,,,122.0000,,122.0000,,122.0000,,122.0000,,122.0000
2024-11-21,2024,-1,20857.5000,8.5000,242.0000,244.2500,242.0000,-5.5000,1,19.5000,252.2500,30,2.0000,-4.2500,,,242.0000,,242.0000,,242.0000,,242.0000,,242.0000
2024-11-22,2024,1,20812.0000,8.1250,29.0000,30.2500,-14.2500,-23.7500,6,-17.5000,61.0000,16,1.0000,11.7500,5.0000,20.0000,-16.2500,,29.0000,,29.0000,,29.0000,,29.0000
2024-11-25,2024,-1,20988.5000,7.1250,74.0000,74.5000,74.0000,-92.5000,10,-88.7500,89.0000,29,15.0000,69.5000,,4.0000,-13.2500,6.0000,-42.7500,6.0000,-42.7500,7.0000,-66.2500,10.0000,-89.0000
2024-11-26,2024,1,20981.0000,5.7500,-12.2500,-11.5000,-11.0000,-51.5000,28,-26.2500,43.7500,18,14.0000,-0.7500,22.0000,9.0000,-18.2500,28.0000,-26.2500,,-12.2500,,-12.2500,,-12.2500
2024-11-27,2024,-1,20885.0000,5.8750,35.2500,34.7500,35.2500,-14.2500,15,-11.5000,62.2500,30,20.0000,-9.0000,,,35.2500,,35.2500,,35.2500,,35.2500,,35.2500
2024-11-29,2024,-1,20826.7500,6.0000,-87.5000,-87.2500,-57.7500,-98.5000,29,-97.0000,17.0000,3,17.0000,47.7500,19.0000,4.0000,-18.7500,5.0000,-33.5000,7.0000,-38.2500,14.0000,-52.7500,25.0000,-72.7500
2024-12-02,2024,1,21097.5000,4.7500,69.7500,69.5000,69.7500,-8.0000,1,11.7500,81.5000,28,14.0000,-16.5000,,,69.7500,,69.7500,,69.7500,,69.7500,,69.7500
2024-12-03,2024,-1,21160.2500,9.8750,-62.2500,-62.5000,-62.2500,-65.0000,30,-62.5000,21.5000,1,,,,3.0000,-24.7500,13.0000,-42.2500,29.0000,-61.2500,,-62.2500,,-62.2500
2024-12-04,2024,-1,21415.5000,5.5000,4.2500,4.2500,-0.5000,-25.7500,23,-18.5000,27.2500,7,6.0000,-1.5000,12.0000,1.0000,-13.0000,,4.2500,,4.2500,,4.2500,,4.2500
2024-12-05,2024,1,21535.7500,3.6250,-14.7500,-14.2500,-14.7500,-38.0000,25,-35.0000,15.7500,3,28.0000,29.7500,,7.0000,-8.2500,9.0000,-15.0000,18.0000,-24.5000,24.0000,-34.7500,,-14.7500
2024-12-06,2024,1,21518.7500,6.7500,92.2500,92.2500,92.2500,-5.5000,1,2.0000,105.2500,30,11.0000,-11.2500,,,92.2500,,92.2500,,92.2500,,92.2500,,92.2500
2024-12-09,2024,1,21631.7500,4.3750,-13.7500,-13.5000,-11.2500,-44.2500,2,-40.5000,17.0000,18,14.0000,8.0000,25.0000,1.0000,-27.2500,1.0000,-27.2500,1.0000,-27.2500,2.0000,-41.2500,,-13.7500
2024-12-10,2024,1,21518.5000,4.7500,51.5000,51.5000,38.7500,-8.5000,1,-3.0000,70.7500,14,12.0000,-43.0000,18.0000,,51.5000,,51.5000,,51.5000,,51.5000,,51.5000
2024-12-11,2024,1,21584.5000,6.6250,109.7500,109.7500,109.7500,-0.5000,1,15.0000,114.7500,28,2.0000,-5.7500,,,109.7500,,109.7500,,109.7500,,109.7500,,109.7500
2024-12-12,2024,-1,21667.5000,8.0000,1.7500,1.2500,-9.7500,-24.7500,10,-21.0000,13.2500,30,1.0000,2.5000,2.0000,6.0000,-20.5000,,1.7500,,1.7500,,1.7500,,1.7500
2024-12-13,2024,1,21806.7500,8.0000,67.2500,67.0000,67.2500,-3.5000,3,6.0000,101.2500,17,5.0000,-13.2500,,,67.2500,,67.2500,,67.2500,,67.2500,,67.2500
2024-12-16,2024,1,22222.7500,6.2500,64.2500,64.5000,64.2500,-28.7500,6,-21.0000,65.7500,30,8.0000,15.7500,,1.0000,-14.7500,,64.2500,,64.2500,,64.2500,,64.2500
2024-12-17,2024,-1,22324.2500,6.6250,30.7500,30.5000,30.7500,-42.5000,13,-36.0000,56.7500,29,27.0000,14.5000,,12.0000,-35.5000,12.0000,-35.5000,,30.7500,,30.7500,,30.7500
2024-12-18,2024,-1,22254.5000,8.8750,-24.7500,-24.0000,2.5000,-46.5000,28,-38.7500,43.2500,3,3.0000,-5.5000,7.0000,21.0000,-18.0000,23.0000,-39.0000,,-24.7500,,-24.7500,,-24.7500
2024-12-19,2024,-1,21647.7500,9.2500,70.2500,68.5000,-12.5000,-48.0000,2,-39.2500,109.5000,30,5.0000,12.5000,10.0000,1.0000,-38.0000,1.0000,-38.0000,,70.2500,,70.2500,,70.2500
2024-12-20,2024,1,21211.7500,14.5000,59.5000,58.7500,-18.7500,-51.2500,18,-42.5000,97.2500,7,7.0000,-10.2500,16.0000,18.0000,-42.5000,,59.5000,,59.5000,,59.5000,,59.5000
2024-12-23,2024,1,21653.2500,10.5000,-68.7500,-69.5000,-68.7500,-100.2500,18,-86.0000,22.2500,4,23.0000,75.0000,,5.0000,-23.7500,14.0000,-60.2500,16.0000,-64.5000,20.0000,-85.0000,,-68.7500
2024-12-24,2024,1,21828.0000,6.5000,87.7500,87.7500,87.7500,-16.2500,3,-8.0000,96.0000,29,6.0000,3.5000,,,87.7500,,87.7500,,87.7500,,87.7500,,87.7500
2024-12-26,2024,1,21978.5000,6.6250,-19.5000,-19.5000,0.7500,-108.2500,22,-99.2500,29.5000,6,5.0000,-4.2500,11.0000,17.0000,-24.7500,18.0000,-37.7500,20.0000,-52.2500,21.0000,-98.7500,21.0000,-98.7500
2024-12-27,2024,-1,21814.2500,7.5000,182.7500,181.5000,182.7500,-9.0000,1,4.5000,198.5000,29,4.0000,-39.0000,,,182.7500,,182.7500,,182.7500,,182.7500,,182.7500
2024-12-30,2024,-1,21386.0000,12.3750,102.2500,103.0000,102.2500,-10.2500,1,8.5000,133.0000,29,2.0000,-7.5000,,,102.2500,,102.2500,,102.2500,,102.2500,,102.2500
2024-12-31,2024,-1,21434.0000,8.2500,-17.2500,-17.7500,-17.2500,-54.5000,1,-45.0000,66.0000,10,4.0000,23.2500,,1.0000,-44.5000,1.0000,-44.5000,,-17.2500,,-17.2500,,-17.2500
2025-01-02,2025,-1,21342.0000,13.2500,-39.0000,-38.2500,-6.0000,-75.5000,28,-54.7500,175.5000,8,2.0000,-3.2500,21.0000,22.0000,-37.7500,28.0000,-54.2500,,-39.0000,,-39.0000,,-39.0000
2025-01-03,2025,1,21338.7500,7.5000,34.0000,34.0000,-20.5000,-30.2500,19,-21.0000,95.7500,13,6.0000,4.7500,19.0000,19.0000,-20.5000,,34.0000,,34.0000,,34.0000,,34.0000
2025-01-06,2025,1,21743.7500,16.5000,84.2500,84.0000,84.2500,-5.2500,1,18.7500,105.0000,21,9.0000,-39.2500,,,84.2500,,84.2500,,84.2500,,84.2500,,84.2500
2025-01-07,2025,-1,21784.5000,6.7500,148.7500,148.7500,5.2500,-10.5000,21,-5.7500,185.7500,30,2.0000,-9.5000,13.0000,,148.7500,,148.7500,,148.7500,,148.7500,,148.7500
2025-01-08,2025,-1,21338.7500,12.3750,-53.7500,-54.5000,-30.7500,-58.2500,30,-54.5000,52.7500,22,21.0000,12.7500,28.0000,2.0000,-33.0000,30.0000,-53.7500,,-53.7500,,-53.7500,,-53.7500
2025-01-10,2025,-1,21150.7500,17.3750,201.2500,201.0000,16.0000,-39.5000,2,-30.7500,209.5000,29,6.0000,-19.7500,13.0000,,201.2500,,201.2500,,201.2500,,201.2500,,201.2500
2025-01-13,2025,-1,20762.0000,11.2500,-34.7500,-34.0000,-11.5000,-79.5000,24,-68.0000,60.0000,10,5.0000,-22.7500,11.0000,21.0000,-29.2500,22.0000,-46.5000,24.0000,-69.0000,,-34.7500,,-34.7500
2025-01-14,2025,-1,21027.2500,13.8750,19.0000,18.5000,19.0000,-102.5000,10,-92.2500,61.0000,27,15.0000,64.7500,,1.0000,-28.7500,3.0000,-58.2500,6.0000,-85.2500,,19.0000,,19.0000
2025-01-15,2025,1,21264.0000,11.8750,104.5000,104.5000,104.5000,-77.2500,6,-58.5000,108.0000,30,8.0000,35.7500,,5.0000,-59.0000,5.0000,-59.0000,,104.5000,,104.5000,,104.5000
2025-01-16,2025,-1,21435.7500,7.2500,40.5000,40.5000,-28.0000,-38.2500,8,-28.0000,99.5000,29,1.0000,14.7500,8.0000,8.0000,-28.0000,,40.5000,,40.5000,,40.5000,,40.5000
2025-01-17,2025,-1,21587.2500,15.8750,59.5000,59.7500,45.2500,-4.5000,1,5.0000,100.2500,27,27.0000,-54.5000,29.0000,,59.5000,,59.5000,,59.5000,,59.5000,,59.5000
2025-01-21,2025,-1,21695.5000,7.1250,101.5000,101.7500,101.5000,-17.7500,2,-6.2500,122.7500,22,5.0000,-7.2500,,,101.5000,,101.5000,,101.5000,,101.5000,,101.5000
2025-01-22,2025,1,21974.2500,5.1250,25.0000,25.2500,25.0000,-47.2500,4,-35.7500,53.7500,25,13.0000,23.7500,,1.0000,-18.0000,3.0000,-27.5000,6.0000,-33.7500,,25.0000,,25.0000
2025-01-23,2025,-1,21882.5000,5.8750,7.5000,7.0000,-15.5000,-35.5000,17,-33.0000,11.7500,30,24.0000,14.5000,27.0000,1.0000,-12.5000,3.0000,-22.5000,,7.5000,,7.5000,,7.5000
2025-01-24,2025,-1,22018.2500,7.5000,-20.2500,-20.0000,-20.2500,-60.0000,21,-53.0000,18.5000,6,,,,10.0000,-23.0000,13.0000,-30.2500,16.0000,-47.0000,,-20.2500,,-20.2500
2025-01-27,2025,1,21240.0000,12.2500,76.2500,76.5000,76.2500,-37.7500,2,-13.5000,101.0000,25,7.0000,-3.5000,,,76.2500,,76.2500,,76.2500,,76.2500,,76.2500
2025-01-28,2025,-1,21264.5000,9.7500,-70.0000,-69.2500,0.0000,-80.0000,30,-75.2500,105.0000,16,4.0000,-12.0000,22.0000,28.0000,-37.7500,29.0000,-75.0000,29.0000,-75.0000,,-70.0000,,-70.0000
2025-01-29,2025,-1,21554.5000,8.0000,-2.2500,-2.0000,-2.2500,-12.5000,3,-11.0000,60.5000,18,1.0000,17.0000,,,-2.2500,,-2.2500,,-2.2500,,-2.2500,,-2.2500
2025-01-30,2025,1,21655.7500,9.3750,-57.5000,-57.0000,-57.5000,-64.5000,30,-57.0000,93.0000,19,6.0000,34.7500,30.0000,2.0000,-36.0000,3.0000,-53.0000,30.0000,-57.5000,,-57.5000,,-57.5000
2025-01-31,2025,1,21811.5000,10.1250,89.5000,90.0000,-14.5000,-46.2500,4,-40.2500,95.0000,30,9.0000,12.0000,11.0000,3.0000,-20.7500,,89.5000,,89.5000,,89.5000,,89.5000
2025-02-03,2025,1,21237.7500,12.2500,-78.5000,-79.0000,-3.7500,-85.7500,30,-79.0000,76.7500,7,7.0000,-20.5000,13.0000,14.0000,-26.0000,21.0000,-57.0000,30.0000,-78.5000,,-78.5000,,-78.5000
2025-02-04,2025,1,21451.2500,9.8750,137.2500,137.2500,137.2500,-8.2500,1,-2.2500,155.0000,28,1.0000,17.2500,,,137.2500,,137.2500,,137.2500,,137.2500,,137.2500
2025-02-05,2025,-1,21524.0000,7.7500,-46.7500,-47.2500,-46.7500,-89.7500,28,-66.0000,0.5000,1,,,,1.0000,-18.0000,4.0000,-31.7500,6.0000,-52.2500,16.0000,-62.0000,,-46.7500
2025-02-06,2025,-1,21757.5000,5.5000,-21.5000,-21.7500,-21.5000,-66.2500,21,-61.2500,8.0000,6,23.0000,53.7500,,3.0000,-12.0000,12.0000,-30.7500,13.0000,-50.5000,13.0000,-50.5000,,-21.5000
2025-02-07,2025,1,21943.0000,7.5000,-159.0000,-159.0000,-12.2500,-175.0000,30,-159.0000,25.0000,4,1.0000,10.0000,23.0000,24.0000,-25.5000,25.0000,-37.5000,28.0000,-104.0000,28.0000,-104.0000,28.0000,-104.0000
2025-02-10,2025,-1,21751.2500,5.5000,-46.2500,-46.0000,-62.2500,-66.5000,29,-61.7500,7.2500,2,16.0000,44.0000,29.0000,3.0000,-15.2500,4.0000,-23.7500,11.0000,-40.5000,12.0000,-47.5000,,-46.2500
2025-02-11,2025,1,21748.7500,7.7500,58.2500,58.2500,58.2500,-0.5000,1,17.2500,71.0000,28,1.0000,8.7500,,,58.2500,,58.2500,,58.2500,,58.2500,,58.2500
2025-02-12,2025,1,21572.7500,10.6250,61.5000,61.5000,61.5000,-9.7500,1,1.0000,128.2500,21,1.0000,25.2500,,,61.5000,,61.5000,,61.5000,,61.5000,,61.5000
2025-02-13,2025,1,21919.0000,6.3750,32.0000,31.2500,-21.5000,-84.2500,7,-80.5000,45.5000,30,2.0000,-6.0000,5.0000,5.0000,-21.5000,6.0000,-81.0000,6.0000,-81.0000,6.0000,-81.0000,6.0000,-81.0000
2025-02-14,2025,-1,22111.0000,6.0000,-0.2500,0.5000,-0.2500,-30.5000,24,-26.7500,21.0000,5,22.0000,25.2500,,18.0000,-13.0000,19.0000,-27.5000,,-0.2500,,-0.2500,,-0.2500
2025-02-18,2025,-1,22245.7500,4.6250,83.0000,83.2500,83.0000,-22.2500,1,-14.5000,97.0000,30,12.0000,-3.0000,,1.0000,-14.5000,,83.0000,,83.0000,,83.0000,,83.0000
2025-02-19,2025,-1,22183.0000,5.5000,33.5000,33.7500,33.5000,-38.5000,5,-36.2500,35.7500,30,8.0000,27.2500,,2.0000,-14.2500,3.0000,-36.2500,3.0000,-36.2500,,33.5000,,33.5000
2025-02-20,2025,-1,22196.0000,4.8750,211.5000,210.5000,-3.0000,-17.2500,10,-12.2500,245.0000,29,2.0000,-2.0000,7.0000,10.0000,-12.5000,,211.5000,,211.5000,,211.5000,,211.5000
2025-02-21,2025,-1,22160.0000,6.5000,70.0000,70.0000,70.0000,-16.0000,3,-10.5000,113.0000,28,5.0000,-11.7500,,,70.0000,,70.0000,,70.0000,,70.0000,,70.0000
2025-02-24,2025,1,21780.7500,7.0000,-257.7500,-257.5000,-96.0000,-266.2500,29,-263.5000,0.7500,1,13.0000,83.0000,17.0000,1.0000,-35.5000,1.0000,-35.5000,3.0000,-53.7500,5.0000,-68.2500,10.0000,-84.2500
2025-02-25,2025,-1,21349.2500,9.0000,143.7500,144.0000,143.7500,-48.2500,4,-30.2500,163.2500,29,12.0000,-9.5000,,4.0000,-29.7500,,143.7500,,143.7500,,143.7500,,143.7500
2025-02-26,2025,-1,21213.2500,12.0000,-87.0000,-87.2500,-26.7500,-103.5000,29,-93.7500,24.2500,3,11.0000,27.0000,13.0000,5.0000,-38.0000,7.0000,-51.5000,20.0000,-85.0000,,-87.0000,,-87.0000
2025-02-27,2025,1,21357.0000,12.2500,-398.5000,-399.0000,-9.7500,-460.7500,29,-430.2500,24.0000,5,4.0000,-3.5000,5.0000,7.0000,-48.5000,8.0000,-82.7500,8.0000,-82.7500,9.0000,-114.2500,11.0000,-152.5000
2025-02-28,2025,-1,20477.2500,11.2500,-153.0000,-152.5000,-140.5000,-178.7500,30,-152.5000,16.7500,2,14.0000,128.2500,16.0000,3.0000,-59.5000,3.0000,-59.5000,4.0000,-104.2500,4.0000,-104.2500,11.0000,-151.0000
2025-03-03,2025,1,21095.2500,9.1250,-263.7500,-262.5000,-34.5000,-335.2500,28,-275.0000,25.7500,1,1.0000,31.2500,3.0000,3.0000,-34.5000,5.0000,-57.7500,5.0000,-57.7500,6.0000,-96.0000,7.0000,-112.2500
2025-03-04,2025,-1,20271.5000,15.0000,68.0000,68.0000,-89.7500,-158.5000,6,-142.5000,91.2500,28,11.0000,69.5000,14.0000,2.0000,-37.5000,4.0000,-114.7500,4.0000,-114.7500,5.0000,-129.0000,,68.0000
2025-03-05,2025,-1,20397.5000,15.7500,-22.7500,-23.5000,-26.5000,-89.2500,28,-59.2500,127.2500,25,5.0000,10.0000,8.0000,9.0000,-34.2500,,-22.7500,,-22.7500,,-22.7500,,-22.7500
2025-03-06,2025,-1,20257.0000,13.6250,-58.7500,-58.5000,-58.7500,-87.0000,19,-73.0000,28.7500,4,22.0000,58.5000,,5.0000,-34.5000,18.0000,-65.7500,,-58.7500,,-58.7500,,-58.7500
2025-03-07,2025,1,20070.2500,19.3750,74.7500,74.0000,74.7500,-39.0000,5,-24.2500,171.7500,23,7.0000,21.7500,,,74.7500,,74.7500,,74.7500,,74.7500,,74.7500
2025-03-10,2025,-1,19829.5000,11.5000,115.7500,114.2500,-19.7500,-75.0000,12,-52.2500,119.2500,30,1.0000,18.7500,3.0000,8.0000,-40.2500,12.0000,-53.7500,,115.7500,,115.7500,,115.7500
2025-03-11,2025,-1,19407.5000,14.7500,-50.5000,-51.2500,-129.0000,-206.5000,29,-180.0000,21.7500,1,10.0000,126.5000,12.0000,4.0000,-77.5000,4.0000,-77.5000,5.0000,-120.2500,5.0000,-120.2500,17.0000,-178.5000
2025-03-12,2025,1,19730.5000,15.1250,-110.7500,-110.2500,-110.7500,-140.7500,25,-134.5000,47.2500,8,27.0000,111.0000,,12.0000,-43.5000,16.0000,-81.5000,23.0000,-103.0000,24.0000,-134.2500,,-110.7500
2025-03-13,2025,-1,19551.7500,11.5000,176.5000,179.7500,176.5000,-17.5000,3,-11.2500,227.2500,28,12.0000,-26.5000,,,176.5000,,176.5000,,176.5000,,176.5000,,176.5000
2025-03-14,2025,1,19492.5000,8.5000,15.2500,14.2500,-1.0000,-55.7500,28,-2.5000,128.2500,19,2.0000,-22.7500,28.0000,,15.2500,,15.2500,,15.2500,,15.2500,,15.2500
2025-03-17,2025,1,19956.0000,9.2500,-6.0000,-5.7500,-6.0000,-20.7500,18,-5.7500,101.2500,9,1.0000,26.0000,,,-6.0000,,-6.0000,,-6.0000,,-6.0000,,-6.0000
2025-03-18,2025,-1,19872.2500,12.7500,207.7500,207.7500,207.7500,-16.5000,1,-5.5000,231.5000,28,3.0000,-3.5000,,,207.7500,,207.7500,,207.7500,,207.7500,,207.7500
2025-03-19,2025,1,19802.7500,8.1250,47.0000,47.7500,47.0000,-96.5000,12,-88.7500,56.2500,30,14.0000,77.0000,,2.0000,-32.5000,3.0000,-32.0000,9.0000,-55.7500,10.0000,-83.0000,,47.0000
2025-03-20,2025,1,19833.7500,10.6250,154.7500,154.5000,154.7500,-0.7500,1,24.0000,157.0000,30,1.0000,35.2500,,,154.7500,,154.7500,,154.7500,,154.7500,,154.7500
2025-03-21,2025,-1,19636.7500,14.3750,-58.2500,-58.0000,-34.7500,-115.5000,26,-98.5000,29.2500,4,4.0000,18.2500,8.0000,1.0000,-31.0000,10.0000,-59.0000,19.0000,-88.5000,,-58.2500,,-58.2500
2025-03-24,2025,-1,20251.5000,7.1250,-74.0000,-74.0000,-15.0000,-87.0000,25,-79.5000,22.2500,4,3.0000,-1.2500,5.0000,5.0000,-15.0000,6.0000,-32.5000,14.0000,-45.7500,17.0000,-62.5000,,-74.0000
2025-03-25,2025,1,20409.7500,6.3750,-29.5000,-30.0000,-35.0000,-48.0000,17,-42.0000,30.5000,28,9.0000,13.2500,11.0000,3.0000,-15.7500,11.0000,-35.0000,16.0000,-42.0000,,-29.5000,,-29.5000
2025-03-26,2025,-1,20436.5000,7.0000,96.2500,96.5000,-18.2500,-38.5000,7,-32.5000,130.5000,26,2.0000,0.2500,3.0000,3.0000,-18.2500,6.0000,-32.2500,,96.2500,,96.2500,,96.2500
2025-03-27,2025,-1,20002.7500,8.2500,-83.2500,-84.2500,-63.2500,-100.0000,29,-94.7500,65.5000,9,1.0000,26.7500,22.0000,18.0000,-24.5000,22.0000,-63.2500,22.0000,-63.2500,23.0000,-75.2500,,-83.2500
2025-03-28,2025,-1,19868.5000,15.0000,15.0000,14.7500,15.0000,-73.0000,11,-65.7500,54.5000,28,20.0000,34.0000,,6.0000,-40.7500,10.0000,-66.0000,,15.0000,,15.0000,,15.0000
2025-03-31,2025,-1,19088.7500,9.1250,-37.2500,-38.0000,-37.2500,-58.7500,30,-41.5000,112.0000,13,1.0000,43.0000,,28.0000,-29.0000,29.0000,-41.2500,,-37.2500,,-37.2500,,-37.2500
2025-04-01,2025,1,19406.5000,9.2500,-39.5000,-39.7500,15.5000,-68.2500,5,-65.5000,56.0000,16,16.0000,-16.7500,20.0000,1.0000,-21.0000,2.0000,-37.7500,3.0000,-65.5000,,-39.5000,,-39.5000
2025-04-02,2025,1,19348.5000,11.8750,259.7500,260.0000,259.7500,-3.0000,1,46.5000,263.0000,30,2.0000,-19.0000,,,259.7500,,259.7500,,259.7500,,259.7500,,259.7500
2025-04-03,2025,1,19018.0000,18.8750,-44.0000,-44.2500,-9.2500,-102.7500,28,-64.2500,56.2500,7,1.0000,5.7500,4.0000,11.0000,-54.2500,,-44.0000,,-44.0000,,-44.0000,,-44.0000
2025-04-04,2025,-1,18156.2500,29.7500,17.2500,18.0000,-41.2500,-82.2500,27,-58.0000,150.7500,13,1.0000,32.0000,25.0000,,17.2500,,17.2500,,17.2500,,17.2500,,17.2500
2025-04-07,2025,-1,16868.2500,34.0000,-326.2500,-327.2500,43.2500,-490.0000,28,-469.5000,194.7500,12,10.0000,-93.0000,14.0000,18.0000,-110.7500,20.0000,-198.5000,21.0000,-227.2500,24.0000,-297.0000,28.0000,-470.0000
2025-04-08,2025,1,18125.5000,27.2500,158.2500,157.0000,-22.5000,-66.2500,5,-46.2500,160.7500,28,11.0000,19.7500,18.0000,,158.2500,,158.2500,,158.2500,,158.2500,,158.2500
2025-04-09,2025,1,17346.0000,38.1250,210.7500,212.5000,210.7500,-113.0000,6,-101.0000,236.2500,30,7.0000,41.7500,,5.0000,-100.0000,,210.7500,,210.7500,,210.7500,,210.7500
2025-04-10,2025,1,18842.0000,27.5000,-187.0000,-185.7500,-115.5000,-257.0000,29,-235.0000,29.5000,2,14.0000,108.7500,23.0000,5.0000,-90.5000,10.0000,-136.5000,26.0000,-167.2500,29.0000,-232.0000,,-187.0000
2025-04-11,2025,-1,18369.0000,30.5000,-115.5000,-115.0000,-131.7500,-278.7500,22,-257.5000,15.0000,1,9.0000,100.5000,10.0000,4.0000,-66.2500,7.0000,-138.2500,13.0000,-191.5000,21.0000,-248.5000,,-115.5000
2025-04-14,2025,-1,19197.0000,10.5000,96.5000,96.2500,96.5000,-23.7500,1,13.5000,209.2500,15,4.0000,-24.2500,,,96.5000,,96.5000,,96.5000,,96.5000,,96.5000
2025-04-15,2025,1,19014.7500,9.3750,63.7500,63.7500,63.7500,-41.7500,3,-38.5000,102.7500,20,7.0000,3.2500,,3.0000,-38.2500,3.0000,-38.2500,,63.7500,,63.7500,,63.7500
2025-04-16,2025,1,18644.7500,12.2500,-115.7500,-115.5000,-38.5000,-135.5000,28,-120.7500,34.7500,10,5.0000,8.7500,13.0000,13.0000,-38.5000,17.0000,-50.7500,20.0000,-88.5000,23.0000,-100.5000,,-115.7500
2025-04-17,2025,-1,18434.2500,16.6250,-29.2500,-28.5000,-31.5000,-74.2500,22,-51.0000,58.0000,14,25.0000,33.0000,27.0000,18.0000,-41.5000,,-29.2500,,-29.2500,,-29.2500,,-29.2500
2025-04-21,2025,1,18150.0000,10.2500,-172.5000,-173.7500,-89.0000,-197.0000,30,-178.0000,8.5000,3,17.0000,77.5000,20.0000,3.0000,-29.0000,4.0000,-55.5000,12.0000,-66.2500,20.0000,-89.0000,26.0000,-138.0000
2025-04-22,2025,1,18138.7500,7.5000,115.5000,115.2500,115.5000,-38.2500,3,-27.7500,126.7500,29,6.0000,13.2500,,2.0000,-25.7500,,115.5000,,115.5000,,115.5000,,115.5000
2025-04-23,2025,1,18985.7500,10.3750,52.7500,53.2500,52.7500,-69.2500,5,-59.2500,158.7500,28,6.0000,27.7500,,3.0000,-32.0000,4.0000,-59.7500,,52.7500,,52.7500,,52.7500
2025-04-24,2025,1,18861.0000,10.6250,198.2500,198.7500,198.2500,-14.5000,4,1.0000,216.7500,29,9.0000,-40.2500,,,198.2500,,198.2500,,198.2500,,198.2500,,198.2500
2025-04-25,2025,-1,19263.5000,9.0000,-70.2500,-70.7500,-70.2500,-100.2500,8,-90.0000,27.7500,21,10.0000,71.0000,,1.0000,-46.2500,1.0000,-46.2500,2.0000,-63.5000,3.0000,-74.0000,,-70.2500
2025-04-28,2025,-1,19539.2500,6.7500,62.7500,62.0000,-18.7500,-83.7500,14,-83.0000,106.0000,28,2.0000,-2.2500,9.0000,9.0000,-18.7500,10.0000,-27.5000,11.0000,-41.0000,12.0000,-58.2500,14.0000,-82.0000
2025-04-29,2025,1,19470.5000,15.2500,64.0000,65.7500,64.0000,-66.7500,7,-59.5000,75.5000,18,9.0000,46.5000,,3.0000,-37.0000,,64.0000,,64.0000,,64.0000,,64.0000
2025-04-30,2025,-1,19266.7500,17.0000,93.0000,92.5000,93.0000,-37.7500,2,-28.7500,163.0000,28,5.0000,-2.7500,,,93.0000,,93.0000,,93.0000,,93.0000,,93.0000
2025-05-01,2025,-1,19943.0000,9.2500,25.0000,25.5000,0.7500,-53.2500,19,-45.0000,83.0000,27,7.0000,-3.7500,13.0000,14.0000,-20.5000,19.0000,-45.2500,,25.0000,,25.0000,,25.0000
2025-05-02,2025,-1,20105.7500,12.3750,1.0000,1.5000,2.0000,-19.2500,1,-4.0000,86.0000,20,3.0000,-3.2500,8.0000,,1.0000,,1.0000,,1.0000,,1.0000,,1.0000
2025-05-05,2025,1,20012.7500,7.3750,87.7500,88.0000,87.7500,-27.5000,10,-14.7500,98.2500,29,12.0000,4.0000,,,87.7500,,87.7500,,87.7500,,87.7500,,87.7500
2025-05-06,2025,1,19830.0000,8.1250,-46.0000,-46.0000,-72.5000,-91.0000,28,-80.2500,34.0000,12,25.0000,72.0000,27.0000,15.0000,-17.2500,18.0000,-43.5000,19.0000,-59.0000,21.0000,-76.0000,,-46.0000
2025-05-07,2025,1,19899.0000,10.7500,32.0000,32.0000,-24.0000,-41.5000,17,-24.7500,45.7500,27,9.0000,9.0000,17.0000,4.0000,-22.7500,,32.0000,,32.0000,,32.0000,,32.0000
2025-05-08,2025,-1,20126.7500,8.3750,10.5000,11.0000,-3.2500,-11.5000,1,-10.2500,65.7500,17,7.0000,-1.2500,9.0000,,10.5000,,10.5000,,10.5000,,10.5000,,10.5000
2025-05-09,2025,1,20246.0000,6.3750,17.5000,17.5000,2.0000,-41.2500,21,-38.0000,33.7500,6,3.0000,-2.5000,9.0000,12.0000,-18.5000,20.0000,-38.2500,,17.5000,,17.5000,,17.5000
2025-05-12,2025,-1,20837.5000,10.1250,42.0000,41.5000,4.7500,-17.0000,1,4.5000,91.0000,10,3.0000,-10.5000,21.0000,,42.0000,,42.0000,,42.0000,,42.0000,,42.0000
2025-05-13,2025,1,21020.5000,8.3750,119.2500,119.5000,119.2500,-3.7500,1,13.0000,122.0000,30,1.0000,17.0000,,,119.2500,,119.2500,,119.2500,,119.2500,,119.2500
2025-05-14,2025,1,21361.5000,7.0000,-39.2500,-40.0000,-20.0000,-87.7500,24,-73.5000,43.7500,4,1.0000,13.5000,12.0000,12.0000,-20.0000,13.0000,-29.5000,15.0000,-56.2500,15.0000,-56.2500,,-39.2500
2025-05-15,2025,1,21327.5000,9.3750,-5.5000,-5.0000,-25.2500,-79.7500,17,-68.0000,19.0000,29,1.0000,14.5000,4.0000,4.0000,-25.2500,14.0000,-59.5000,14.0000,-59.5000,,-5.5000,,-5.5000
2025-05-16,2025,-1,21430.7500,7.1250,1.2500,2.0000,-7.2500,-17.0000,18,-13.2500,42.5000,10,5.0000,-3.7500,7.0000,,1.2500,,1.2500,,1.2500,,1.2500,,1.2500
2025-05-19,2025,1,21246.2500,11.8750,150.0000,150.0000,150.0000,-15.5000,1,1.0000,158.2500,30,5.0000,-8.0000,,,150.0000,,150.0000,,150.0000,,150.0000,,150.0000
2025-05-20,2025,-1,21425.5000,7.6250,34.2500,34.0000,-2.0000,-14.2500,8,-6.5000,70.7500,19,4.0000,-4.7500,6.0000,,34.2500,,34.2500,,34.2500,,34.2500,,34.2500
2025-05-21,2025,1,21326.7500,7.5000,69.0000,69.2500,69.0000,-13.2500,5,-7.5000,114.5000,29,11.0000,-13.0000,,,69.0000,,69.0000,,69.0000,,69.0000,,69.0000
2025-05-22,2025,-1,21182.7500,11.6250,-112.5000,-113.2500,-15.7500,-125.2500,29,-117.5000,69.0000,3,2.0000,0.2500,9.0000,19.0000,-29.5000,20.0000,-56.0000,21.0000,-73.2500,25.0000,-101.2500,,-112.5000
2025-05-23,2025,1,20874.2500,15.1250,20.7500,21.2500,0.5000,-29.7500,16,-15.2500,79.5000,5,2.0000,-5.7500,13.0000,,20.7500,,20.7500,,20.7500,,20.7500,,20.7500
2025-05-27,2025,-1,21249.0000,6.2500,-83.0000,-82.5000,-0.5000,-84.0000,29,-82.5000,56.2500,5,3.0000,-3.0000,13.0000,15.0000,-13.5000,18.0000,-32.5000,24.0000,-40.2500,28.0000,-76.2500,28.0000,-76.2500
2025-05-28,2025,1,21516.0000,6.7500,-46.5000,-45.2500,5.0000,-64.5000,25,-53.5000,51.5000,8,8.0000,-15.2500,13.0000,16.0000,-24.5000,17.0000,-32.7500,18.0000,-41.5000,,-46.5000,,-46.5000
2025-05-29,2025,-1,21587.0000,9.0000,66.2500,66.2500,66.2500,-31.0000,2,-23.0000,101.7500,18,10.0000,-29.5000,,1.0000,-22.0000,,66.2500,,66.2500,,66.2500,,66.2500
2025-05-30,2025,-1,21340.7500,12.1250,27.2500,27.2500,10.5000,-13.2500,2,-2.0000,106.0000,20,4.0000,-12.7500,8.0000,,27.2500,,27.2500,,27.2500,,27.2500,,27.2500
2025-06-02,2025,1,21388.2500,8.3750,-110.0000,-109.2500,-48.5000,-153.5000,29,-145.7500,69.7500,7,1.0000,42.5000,19.0000,18.0000,-21.5000,19.0000,-48.5000,20.0000,-64.2500,21.0000,-69.5000,28.0000,-145.0000
2025-06-03,2025,-1,21541.2500,5.8750,-87.5000,-88.7500,-29.2500,-90.5000,30,-88.7500,31.5000,7,1.0000,22.7500,10.0000,9.0000,-17.5000,10.0000,-29.2500,15.0000,-50.0000,15.0000,-50.0000,29.0000,-73.2500
2025-06-04,2025,1,21741.0000,6.7500,-21.5000,-21.5000,16.7500,-51.0000,28,-21.5000,52.2500,10,5.0000,-18.2500,11.0000,28.0000,-17.2500,,-21.5000,,-21.5000,,-21.5000,,-21.5000
2025-06-05,2025,-1,21792.0000,10.1250,60.0000,59.7500,2.7500,-24.7500,2,-14.2500,100.5000,16,7.0000,-4.5000,9.0000,,60.0000,,60.0000,,60.0000,,60.0000,,60.0000
2025-06-06,2025,1,21790.2500,10.0000,32.7500,32.7500,32.7500,-22.0000,2,-11.5000,74.0000,17,6.0000,-10.5000,,,32.7500,,32.7500,,32.7500,,32.7500,,32.7500
2025-06-09,2025,-1,21781.0000,5.8750,-24.0000,-24.2500,-0.5000,-38.7500,23,-34.0000,30.2500,7,7.0000,-9.0000,9.0000,1.0000,-15.2500,19.0000,-29.2500,,-24.0000,,-24.0000,,-24.0000
2025-06-10,2025,1,21849.2500,5.2500,12.7500,13.5000,12.7500,-31.2500,2,-23.5000,44.0000,21,5.0000,16.5000,,2.0000,-24.2500,2.0000,-24.2500,,12.7500,,12.7500,,12.7500
2025-06-11,2025,-1,21988.0000,8.1250,-0.7500,0.2500,9.2500,-14.5000,7,-8.0000,72.2500,15,14.0000,-15.5000,19.0000,,-0.7500,,-0.7500,,-0.7500,,-0.7500,,-0.7500
2025-06-12,2025,-1,21843.2500,8.1250,-17.7500,-18.2500,-17.7500,-49.2500,18,-43.2500,14.2500,5,23.0000,37.7500,,6.0000,-24.5000,11.0000,-33.2500,,-17.7500,,-17.7500,,-17.7500
2025-06-13,2025,1,21760.5000,9.2500,-29.0000,-28.0000,-16.7500,-49.2500,26,-35.5000,34.2500,19,7.0000,6.2500,13.0000,22.0000,-26.7500,,-29.0000,,-29.0000,,-29.0000,,-29.0000
2025-06-16,2025,1,22066.5000,6.6250,105.2500,105.7500,105.2500,-15.7500,3,0.0000,112.7500,28,18.0000,-9.7500,,,105.2500,,105.2500,,105.2500,,105.2500,,105.2500
2025-06-17,2025,1,22083.2500,7.2500,1.7500,1.0000,1.7500,-57.2500,13,-48.2500,31.7500,28,15.0000,41.5000,,10.0000,-31.0000,10.0000,-31.0000,12.0000,-48.7500,,1.7500,,1.7500
2025-06-18,2025,-1,21948.2500,6.5000,-57.7500,-57.7500,-20.7500,-77.7500,22,-72.2500,22.0000,2,1.0000,17.2500,8.0000,8.0000,-20.7500,9.0000,-27.2500,15.0000,-46.2500,17.0000,-54.5000,,-57.7500
2025-06-20,2025,1,22084.2500,6.5000,-70.2500,-70.5000,-10.7500,-82.5000,29,-71.5000,46.2500,9,4.0000,-5.2500,16.0000,17.0000,-18.5000,18.0000,-32.2500,19.0000,-43.0000,26.0000,-59.0000,,-70.2500
2025-06-23,2025,-1,21810.5000,9.3750,-145.5000,-145.0000,-32.2500,-148.7500,30,-145.0000,52.0000,2,1.0000,10.2500,4.0000,4.0000,-32.2500,5.0000,-43.7500,7.0000,-57.0000,15.0000,-86.5000,27.0000,-114.7500
2025-06-24,2025,-1,22289.7500,7.3750,-4.5000,-4.0000,-4.5000,-43.7500,16,-39.7500,29.7500,1,18.0000,35.5000,,5.0000,-20.0000,10.0000,-31.5000,,-4.5000,,-4.5000,,-4.5000
2025-06-25,2025,1,22511.7500,4.3750,-9.2500,-9.2500,-9.2500,-26.0000,20,-13.2500,36.5000,12,22.0000,8.2500,30.0000,18.0000,-10.7500,,-9.2500,,-9.2500,,-9.2500,,-9.2500
2025-06-26,2025,-1,22537.7500,6.0000,-24.0000,-23.5000,-0.7500,-31.2500,28,-23.5000,61.7500,19,5.0000,-6.5000,26.0000,28.0000,-23.5000,,-24.0000,,-24.0000,,-24.0000,,-24.0000
2025-06-27,2025,-1,22701.2500,6.3750,-84.5000,-84.7500,-84.5000,-91.2500,28,-87.5000,2.5000,1,,,,1.0000,-24.5000,5.0000,-32.2500,21.0000,-39.2500,23.0000,-54.5000,28.0000,-87.5000
2025-06-30,2025,-1,22831.7500,4.3750,2.5000,2.2500,2.5000,-15.2500,7,-11.2500,37.5000,19,1.0000,16.2500,,6.0000,-10.7500,,2.5000,,2.5000,,2.5000,,2.5000
2025-07-01,2025,1,22814.7500,6.3750,-8.5000,-9.0000,-8.5000,-34.7500,12,-25.7500,19.5000,19,14.0000,22.0000,,5.0000,-12.7500,11.0000,-26.2500,,-8.5000,,-8.5000,,-8.5000
2025-07-02,2025,1,22683.0000,9.3750,42.7500,43.2500,-14.5000,-21.5000,3,-15.0000,47.0000,30,1.0000,8.7500,2.0000,,42.7500,,42.7500,,42.7500,,42.7500,,42.7500
2025-07-03,2025,1,22971.0000,6.2500,65.0000,64.7500,-9.5000,-39.5000,10,-31.2500,65.5000,30,4.0000,0.7500,6.0000,7.0000,-18.0000,8.0000,-29.7500,,65.0000,,65.0000,,65.0000
2025-07-07,2025,1,22951.7500,5.8750,-38.5000,-38.2500,-28.7500,-51.2500,2,-38.2500,25.7500,20,6.0000,18.0000,7.0000,1.0000,-29.7500,1.0000,-29.7500,30.0000,-38.5000,,-38.5000,,-38.5000
2025-07-08,2025,-1,22915.5000,5.0000,27.5000,26.7500,27.5000,-10.2500,1,-6.2500,43.2500,28,26.0000,0.5000,,,27.5000,,27.5000,,27.5000,,27.5000,,27.5000
2025-07-09,2025,1,23013.5000,5.2500,92.5000,91.5000,92.5000,-1.0000,1,8.5000,98.5000,30,3.0000,-9.5000,,,92.5000,,92.5000,,92.5000,,92.5000,,92.5000
2025-07-10,2025,-1,23043.5000,6.0000,102.5000,102.0000,102.5000,-3.0000,1,2.2500,128.0000,29,1.0000,14.5000,,,102.5000,,102.5000,,102.5000,,102.5000,,102.5000
2025-07-11,2025,1,22927.7500,6.6250,29.5000,29.0000,29.5000,-64.7500,13,-52.7500,42.2500,30,16.0000,35.2500,,5.0000,-32.7500,5.0000,-32.7500,8.0000,-41.0000,,29.5000,,29.5000
2025-07-14,2025,1,22948.0000,4.7500,-20.2500,-20.5000,-12.2500,-105.7500,13,-94.2500,16.7500,1,5.0000,8.5000,6.0000,2.0000,-12.7500,8.0000,-31.2500,8.0000,-31.2500,10.0000,-70.0000,10.0000,-70.0000
2025-07-15,2025,-1,23192.2500,5.5000,60.0000,60.2500,7.5000,-0.5000,1,8.0000,71.5000,28,3.0000,-21.5000,4.0000,,60.0000,,60.0000,,60.0000,,60.0000,,60.0000
2025-07-16,2025,-1,23041.0000,5.7500,67.0000,67.2500,67.0000,-15.7500,2,-12.2500,83.7500,27,9.0000,-9.7500,,1.0000,-12.5000,,67.0000,,67.0000,,67.0000,,67.0000
2025-07-17,2025,-1,23082.0000,5.2500,-90.0000,-90.0000,-8.2500,-93.2500,29,-90.0000,16.2500,2,1.0000,8.2500,3.0000,8.0000,-14.5000,9.0000,-31.7500,9.0000,-31.7500,14.0000,-44.7500,20.0000,-70.0000
2025-07-18,2025,1,23297.0000,4.7500,-28.2500,-28.2500,-35.0000,-44.5000,25,-41.5000,13.0000,2,15.0000,19.0000,20.0000,3.0000,-12.5000,4.0000,-24.2500,6.0000,-36.0000,25.0000,-41.2500,,-28.2500
2025-07-24,2025,-1,23357.7500,6.6250,8.5000,8.5000,-2.5000,-43.2500,16,-39.7500,23.5000,8,5.0000,0.7500,11.0000,14.0000,-16.5000,15.0000,-40.0000,,8.5000,,8.5000,,8.5000
2025-07-25,2025,-1,23357.5000,6.8750,-46.2500,-46.0000,-5.0000,-53.0000,30,-46.5000,26.7500,6,6.0000,4.2500,11.0000,3.0000,-17.7500,19.0000,-30.0000,23.0000,-46.2500,,-46.2500,,-46.2500
2025-07-28,2025,-1,23475.2500,7.2500,-42.0000,-42.0000,-36.0000,-49.7500,28,-47.7500,4.2500,8,16.0000,31.2500,19.0000,2.0000,-19.2500,13.0000,-37.2500,27.0000,-45.7500,,-42.0000,,-42.0000
2025-07-29,2025,1,23623.0000,4.3750,-48.0000,-48.0000,-3.2500,-67.2500,18,-62.5000,29.5000,6,2.0000,0.2500,11.0000,15.0000,-11.0000,17.0000,-33.0000,17.0000,-33.0000,18.0000,-62.7500,18.0000,-62.7500
2025-07-30,2025,-1,23459.0000,4.8750,-10.0000,-9.7500,-10.0000,-67.2500,14,-60.7500,7.2500,1,16.0000,52.7500,,1.0000,-21.5000,1.0000,-21.5000,3.0000,-39.0000,5.0000,-44.0000,13.0000,-60.7500
2025-07-31,2025,-1,23661.0000,5.8750,-26.5000,-26.2500,-25.0000,-44.0000,26,-37.2500,51.7500,14,4.0000,17.5000,21.0000,1.0000,-17.7500,21.0000,-25.0000,25.0000,-38.0000,,-26.5000,,-26.5000
2025-08-01,2025,-1,23034.2500,12.0000,224.5000,224.0000,224.5000,-4.7500,1,3.5000,229.7500,30,8.0000,-10.0000,,,224.5000,,224.5000,,224.5000,,224.5000,,224.5000
2025-08-04,2025,1,23105.7500,5.3750,149.5000,149.2500,149.5000,-1.7500,1,16.0000,158.5000,28,4.0000,-25.0000,,,149.5000,,149.5000,,149.5000,,149.5000,,149.5000
2025-08-05,2025,-1,23316.7500,6.0000,-35.7500,-35.5000,-72.7500,-80.5000,16,-76.5000,10.7500,2,18.0000,70.0000,22.0000,1.0000,-14.0000,5.0000,-29.0000,6.0000,-44.7500,13.0000,-62.7500,16.0000,-76.2500
2025-08-06,2025,1,23211.0000,5.1250,31.0000,31.5000,31.0000,-62.5000,8,-62.0000,46.0000,30,11.0000,42.2500,,1.0000,-13.2500,4.0000,-45.7500,4.0000,-45.7500,4.0000,-45.7500,8.0000,-61.0000
2025-08-07,2025,1,23617.2500,6.0000,21.2500,20.5000,-9.0000,-47.2500,14,-39.2500,53.7500,28,7.0000,8.5000,10.0000,4.0000,-17.0000,13.0000,-36.2500,13.0000,-36.2500,,21.2500,,21.2500
2025-08-08,2025,1,23550.5000,6.0000,91.0000,91.0000,91.0000,-20.5000,2,-3.7500,101.2500,29,5.0000,-11.7500,,,91.0000,,91.0000,,91.0000,,91.0000,,91.0000
2025-08-11,2025,-1,23696.7500,6.3750,-47.5000,-48.2500,-33.2500,-51.2500,30,-48.2500,16.0000,2,22.0000,28.2500,23.0000,7.0000,-16.0000,10.0000,-31.0000,11.0000,-39.0000,,-47.5000,,-47.5000
2025-08-12,2025,-1,23725.0000,10.2500,75.0000,74.5000,75.0000,-83.2500,11,-76.0000,103.0000,29,13.0000,63.2500,,1.0000,-35.5000,2.0000,-55.2500,6.0000,-62.7500,,75.0000,,75.0000
2025-08-13,2025,1,24059.0000,4.2500,-63.5000,-63.7500,-20.0000,-65.0000,30,-63.7500,9.5000,6,1.0000,9.0000,10.0000,8.0000,-8.2500,10.0000,-20.0000,13.0000,-27.2500,23.0000,-42.7500,28.0000,-55.2500
2025-08-14,2025,1,23880.5000,8.8750,46.7500,48.2500,46.7500,-16.0000,2,-11.7500,79.7500,21,3.0000,-4.7500,,,46.7500,,46.7500,,46.7500,,46.7500,,46.7500
2025-08-15,2025,-1,23867.2500,6.1250,40.2500,39.5000,40.2500,-19.2500,5,-10.0000,97.0000,21,8.0000,-2.2500,,,40.2500,,40.2500,,40.2500,,40.2500,,40.2500
2025-08-18,2025,1,23785.5000,5.2500,-22.5000,-22.2500,7.7500,-50.5000,26,-46.0000,31.7500,3,2.0000,-9.5000,6.0000,11.0000,-10.7500,19.0000,-33.5000,19.0000,-33.5000,26.0000,-45.0000,,-22.5000
2025-08-19,2025,-1,23691.2500,4.6250,12.2500,11.7500,12.2500,-40.0000,10,-27.7500,52.7500,16,1.0000,32.5000,,6.0000,-9.5000,9.0000,-27.5000,,12.2500,,12.2500,,12.2500
2025-08-20,2025,-1,23365.5000,6.0000,158.5000,159.0000,158.5000,-37.0000,2,-30.0000,219.5000,24,8.0000,5.2500,,1.0000,-31.7500,1.0000,-31.7500,,158.5000,,158.5000,,158.5000
2025-08-21,2025,1,23240.2500,7.8750,17.5000,17.5000,4.7500,-84.2500,28,-59.5000,50.0000,6,6.0000,-29.0000,8.0000,13.0000,-31.2500,14.0000,-58.7500,14.0000,-58.7500,,17.5000,,17.5000
2025-08-22,2025,1,23245.5000,6.2500,256.0000,253.7500,256.0000,-19.7500,1,-18.2500,281.7500,30,5.0000,-2.2500,,1.0000,-17.5000,,256.0000,,256.0000,,256.0000,,256.0000
2025-08-25,2025,-1,23466.2500,4.7500,-60.2500,-61.0000,-35.7500,-72.7500,28,-61.0000,23.0000,2,9.0000,32.7500,24.0000,3.0000,-21.7500,3.0000,-21.7500,5.0000,-32.2500,6.0000,-41.7500,30.0000,-60.2500
2025-08-26,2025,1,23500.2500,4.3750,-2.2500,-1.7500,-42.2500,-73.2500,17,-63.7500,18.2500,10,8.0000,19.7500,14.0000,4.0000,-16.5000,5.0000,-20.7500,6.0000,-27.2500,14.0000,-42.2500,15.0000,-55.5000
2025-08-27,2025,1,23556.7500,7.5000,-17.7500,-17.5000,-17.7500,-69.2500,17,-57.2500,8.5000,3,22.0000,42.0000,,9.0000,-15.0000,11.0000,-38.5000,13.0000,-55.0000,,-17.7500,,-17.7500
2025-08-28,2025,1,23714.5000,4.6250,-87.0000,-86.2500,-87.0000,-142.0000,25,-136.0000,27.7500,2,,,,3.0000,-20.5000,3.0000,-20.5000,13.0000,-41.2500,13.0000,-41.2500,17.0000,-56.7500
2025-08-29,2025,-1,23642.5000,5.7500,120.0000,120.0000,26.0000,-4.0000,2,4.2500,140.2500,28,8.0000,-25.5000,10.0000,,120.0000,,120.0000,,120.0000,,120.0000,,120.0000
2025-09-02,2025,-1,23068.0000,11.3750,-156.2500,-156.2500,-156.2500,-212.0000,28,-186.2500,18.7500,1,,,,3.0000,-47.7500,3.0000,-47.7500,4.0000,-70.2500,9.0000,-105.0000,18.0000,-154.5000
2025-09-03,2025,-1,23393.7500,6.5000,-25.5000,-25.2500,-21.0000,-37.2500,19,-30.0000,23.7500,17,22.0000,20.0000,28.0000,1.0000,-17.7500,19.0000,-30.5000,,-25.5000,,-25.5000,,-25.5000
2025-09-04,2025,1,23505.7500,5.7500,-49.5000,-50.0000,-23.7500,-59.5000,30,-50.0000,42.5000,3,1.0000,7.7500,6.0000,6.0000,-23.7500,6.0000,-23.7500,9.0000,-35.2500,30.0000,-49.5000,,-49.5000
2025-09-05,2025,-1,23855.2500,10.3750,28.7500,28.0000,28.7500,-38.0000,20,-36.5000,50.7500,29,21.0000,22.2500,,17.0000,-24.2500,,28.7500,,28.7500,,28.7500,,28.7500
2025-09-08,2025,1,23792.0000,5.0000,52.5000,52.5000,10.7500,-7.0000,1,9.2500,84.2500,24,3.0000,-15.0000,7.0000,,52.5000,,52.5000,,52.5000,,52.5000,,52.5000
2025-09-09,2025,1,23844.0000,7.3750,-48.2500,-47.2500,-9.5000,-59.5000,30,-56.7500,6.7500,2,12.0000,9.2500,14.0000,9.0000,-15.7500,19.0000,-34.0000,28.0000,-57.7500,,-48.2500,,-48.2500
2025-09-10,2025,-1,23938.0000,6.8750,-18.2500,-18.2500,-18.2500,-38.0000,4,-26.5000,37.7500,19,6.0000,14.2500,30.0000,1.0000,-15.5000,,-18.2500,,-18.2500,,-18.2500,,-18.2500
2025-09-11,2025,1,23981.5000,7.7500,-16.2500,-17.0000,-16.2500,-71.7500,13,-66.7500,15.2500,2,15.0000,49.0000,,4.0000,-30.0000,5.0000,-31.5000,9.0000,-58.2500,10.0000,-67.0000,,-16.2500
2025-09-12,2025,-1,24031.0000,3.2500,-14.5000,-15.0000,-14.5000,-18.7500,24,-15.0000,29.5000,6,,,,1.0000,-10.2500,30.0000,-14.5000,,-14.5000,,-14.5000,,-14.5000
2025-09-15,2025,1,24449.2500,5.1250,45.7500,46.5000,45.7500,-19.7500,2,-16.2500,58.7500,28,14.0000,-3.0000,,1.0000,-15.7500,,45.7500,,45.7500,,45.7500,,45.7500
2025-09-16,2025,-1,24587.2500,4.3750,52.0000,51.2500,52.0000,-5.7500,1,13.2500,63.5000,25,2.0000,-5.5000,,,52.0000,,52.0000,,52.0000,,52.0000,,52.0000
2025-09-17,2025,-1,24518.5000,4.0000,54.7500,55.2500,54.7500,-2.2500,1,0.7500,71.7500,30,2.0000,-0.7500,,,54.7500,,54.7500,,54.7500,,54.7500,,54.7500
2025-09-18,2025,1,24689.7500,9.7500,26.7500,26.2500,26.7500,-91.0000,14,-76.7500,28.0000,30,17.0000,67.2500,,7.0000,-21.2500,8.0000,-47.0000,12.0000,-65.0000,,26.7500,,26.7500
2025-09-19,2025,-1,24760.0000,5.1250,-26.5000,-26.5000,-26.5000,-57.5000,21,-50.5000,22.5000,7,25.0000,39.7500,,17.0000,-33.2500,17.0000,-33.2500,17.0000,-33.2500,19.0000,-43.0000,,-26.5000
2025-09-22,2025,1,24850.0000,4.5000,30.0000,29.7500,-11.2500,-28.5000,9,-20.7500,38.0000,30,1.0000,9.0000,3.0000,3.0000,-11.2500,8.0000,-20.5000,,30.0000,,30.0000,,30.0000
2025-09-23,2025,-1,24998.5000,3.5000,58.7500,59.2500,58.7500,-11.2500,2,-1.0000,69.0000,28,4.0000,-6.2500,,,58.7500,,58.7500,,58.7500,,58.7500,,58.7500
2025-09-24,2025,-1,24850.2500,4.3750,39.5000,38.7500,39.5000,-6.2500,3,0.5000,65.7500,19,1.0000,12.0000,,,39.5000,,39.5000,,39.5000,,39.5000,,39.5000
2025-09-25,2025,-1,24548.5000,8.7500,60.7500,60.7500,60.7500,-12.5000,1,-1.7500,126.0000,12,3.0000,-4.0000,,,60.7500,,60.7500,,60.7500,,60.7500,,60.7500
2025-09-26,2025,1,24688.2500,7.5000,20.2500,20.0000,20.2500,-44.7500,13,-26.0000,45.0000,29,1.0000,53.7500,,8.0000,-17.5000,,20.2500,,20.2500,,20.2500,,20.2500
2025-09-29,2025,1,24879.2500,5.6250,50.5000,50.2500,50.5000,-13.7500,4,-7.5000,80.0000,28,12.0000,-14.5000,,,50.5000,,50.5000,,50.5000,,50.5000,,50.5000
2025-09-30,2025,-1,24794.7500,5.7500,-5.2500,-4.5000,-3.0000,-11.5000,13,-5.2500,72.5000,23,2.0000,-2.2500,12.0000,,-5.2500,,-5.2500,,-5.2500,,-5.2500,,-5.2500
2025-10-01,2025,1,24819.2500,6.2500,-26.0000,-27.7500,-21.5000,-93.2500,18,-82.2500,22.2500,5,1.0000,15.0000,15.0000,15.0000,-21.5000,16.0000,-45.5000,16.0000,-45.5000,17.0000,-82.5000,17.0000,-82.5000
2025-10-02,2025,-1,25138.7500,4.2500,84.5000,85.0000,84.5000,-5.5000,1,6.0000,124.7500,20,3.0000,-8.2500,,,84.5000,,84.5000,,84.5000,,84.5000,,84.5000
2025-10-03,2025,1,25149.0000,5.5000,-73.5000,-74.0000,-24.5000,-84.2500,29,-74.0000,19.0000,21,6.0000,5.5000,9.0000,3.0000,-12.0000,9.0000,-24.5000,24.0000,-41.2500,26.0000,-45.2500,29.0000,-67.7500
2025-10-06,2025,-1,25173.2500,6.7500,12.5000,12.7500,12.5000,-21.0000,6,-10.7500,56.5000,12,1.0000,12.7500,,,12.5000,,12.5000,,12.5000,,12.5000,,12.5000
2025-10-07,2025,-1,25226.2500,6.2500,-6.2500,-5.5000,-20.7500,-38.5000,24,-34.5000,6.2500,1,27.0000,17.0000,28.0000,3.0000,-19.2500,8.0000,-28.7500,,-6.2500,,-6.2500,,-6.2500
2025-10-08,2025,1,25125.5000,4.8750,82.7500,82.7500,82.7500,-14.2500,3,-8.5000,85.7500,30,1.0000,10.2500,,,82.7500,,82.7500,,82.7500,,82.7500,,82.7500
2025-10-09,2025,-1,25310.7500,4.7500,44.7500,44.2500,44.7500,-6.0000,19,-1.0000,59.2500,23,1.0000,9.2500,,,44.7500,,44.7500,,44.7500,,44.7500,,44.7500
2025-10-10,2025,1,25335.5000,4.5000,8.5000,8.0000,-6.7500,-23.5000,29,-11.7500,52.5000,15,5.0000,0.5000,19.0000,1.0000,-11.5000,,8.5000,,8.5000,,8.5000,,8.5000
2025-10-13,2025,-1,24812.0000,13.8750,-62.5000,-61.7500,0.7500,-95.2500,28,-89.7500,87.5000,4,2.0000,-2.0000,11.0000,18.0000,-41.0000,25.0000,-67.5000,28.0000,-90.2500,,-62.5000,,-62.5000
2025-10-14,2025,-1,24611.5000,9.6250,30.0000,29.7500,30.0000,-3.0000,1,29.7500,190.5000,13,2.0000,-17.5000,,,30.0000,,30.0000,,30.0000,,30.0000,,30.0000
2025-10-15,2025,-1,24966.0000,6.2500,-69.5000,-68.7500,1.7500,-73.7500,29,-68.7500,69.0000,17,7.0000,-3.0000,9.0000,4.0000,-15.2500,23.0000,-43.2500,23.0000,-43.2500,26.0000,-55.5000,,-69.5000
2025-10-16,2025,1,25078.0000,7.3750,-10.7500,-10.2500,-35.7500,-51.2500,18,-37.0000,47.5000,14,11.0000,28.5000,19.0000,7.0000,-17.2500,8.0000,-37.5000,,-10.7500,,-10.7500,,-10.7500
2025-10-17,2025,1,24744.5000,14.8750,111.0000,111.5000,13.7500,-72.0000,12,-52.7500,145.2500,25,3.0000,-15.5000,6.0000,9.0000,-34.0000,,111.0000,,111.0000,,111.0000,,111.0000
2025-10-20,2025,1,25186.2500,7.0000,32.2500,31.7500,2.2500,-8.0000,3,-0.2500,53.7500,23,4.0000,-10.7500,12.0000,,32.2500,,32.2500,,32.2500,,32.2500,,32.2500
2025-10-22,2025,-1,25217.5000,4.8750,-35.7500,-36.0000,-8.2500,-71.7500,22,-62.7500,45.2500,3,2.0000,-7.7500,7.0000,9.0000,-27.2500,9.0000,-27.2500,11.0000,-34.2500,12.0000,-42.5000,22.0000,-63.0000
2025-10-23,2025,1,25029.0000,9.2500,121.0000,120.2500,121.0000,-12.0000,1,2.5000,150.7500,24,5.0000,-16.5000,,,121.0000,,121.0000,,121.0000,,121.0000,,121.0000
2025-10-24,2025,1,25463.5000,6.2500,44.2500,43.7500,44.2500,-1.7500,1,4.7500,71.5000,13,1.0000,5.0000,,,44.2500,,44.2500,,44.2500,,44.2500,,44.2500
2025-11-03,2025,1,26249.7500,8.3750,-132.0000,-131.2500,-132.0000,-148.7500,29,-138.7500,16.2500,1,,,,3.0000,-40.5000,3.0000,-40.5000,5.0000,-59.5000,6.0000,-68.0000,18.0000,-116.5000
2025-11-04,2025,-1,25714.7500,11.1250,-158.0000,-158.2500,-48.2500,-171.0000,30,-163.2500,51.7500,2,1.0000,14.0000,9.0000,9.0000,-48.2500,9.0000,-48.2500,18.0000,-79.2500,19.0000,-100.5000,22.0000,-137.7500
2025-11-05,2025,-1,25538.5000,10.1250,-121.5000,-121.2500,5.5000,-160.2500,28,-157.5000,50.5000,4,3.0000,-17.7500,5.0000,14.0000,-29.2500,15.0000,-61.7500,15.0000,-61.7500,18.0000,-85.2500,22.0000,-129.0000
2025-11-06,2025,-1,25664.7500,12.6250,221.7500,222.5000,9.7500,-8.5000,16,-3.5000,236.5000,30,9.0000,-21.0000,15.0000,,221.7500,,221.7500,,221.7500,,221.7500,,221.7500
2025-11-07,2025,1,25084.7500,11.2500,-112.0000,-111.2500,-112.0000,-167.0000,8,-159.5000,4.0000,1,,,,1.0000,-33.2500,3.0000,-53.0000,4.0000,-85.0000,5.0000,-133.0000,7.0000,-159.2500
2025-11-10,2025,1,25577.0000,8.0000,49.7500,49.0000,20.2500,-9.2500,2,-6.5000,80.2500,27,8.0000,-32.0000,18.0000,,49.7500,,49.7500,,49.7500,,49.7500,,49.7500
2025-11-11,2025,1,25629.5000,7.5000,-12.5000,-12.5000,-46.2500,-69.2500,18,-56.7500,16.5000,5,13.0000,26.0000,17.0000,5.0000,-17.2500,10.0000,-35.0000,17.0000,-46.2500,,-12.5000,,-12.5000
2025-11-12,2025,-1,25705.2500,4.7500,83.7500,84.5000,83.7500,-8.0000,1,9.5000,143.7500,25,9.0000,-31.5000,,,83.7500,,83.7500,,83.7500,,83.7500,,83.7500
2025-11-13,2025,-1,25452.7500,11.5000,111.2500,111.2500,111.2500,-24.0000,1,-3.0000,172.5000,13,3.0000,-2.7500,,,111.2500,,111.2500,,111.2500,,111.2500,,111.2500
2025-11-14,2025,-1,24647.2500,14.2500,-279.2500,-280.2500,-66.5000,-323.0000,24,-306.2500,21.2500,1,1.0000,45.7500,3.0000,3.0000,-66.5000,3.0000,-66.5000,4.0000,-128.0000,4.0000,-128.0000,9.0000,-188.0000
2025-11-17,2025,1,25068.0000,12.3750,106.5000,106.2500,106.5000,-10.5000,2,-8.5000,186.0000,23,1.0000,51.7500,,,106.5000,,106.5000,,106.5000,,106.5000,,106.5000
2025-11-18,2025,1,24793.0000,14.0000,-321.7500,-322.5000,-59.7500,-333.5000,30,-322.5000,39.0000,1,1.0000,56.2500,3.0000,2.0000,-49.2500,3.0000,-59.7500,9.0000,-89.0000,10.0000,-112.2500,17.0000,-168.5000
2025-11-19,2025,-1,24585.2500,11.8750,-318.0000,-316.7500,-318.0000,-330.5000,30,-316.7500,0.0000,1,,,,1.0000,-39.7500,3.0000,-86.7500,3.0000,-86.7500,9.0000,-114.2500,12.0000,-158.0000
2025-11-20,2025,-1,25194.2500,13.1250,-74.5000,-74.2500,-74.5000,-105.5000,28,-99.0000,48.2500,9,,,,11.0000,-36.2500,15.0000,-66.7500,24.0000,-93.2500,,-74.5000,,-74.5000
2025-11-21,2025,1,24245.7500,18.0000,-146.5000,-147.0000,-48.7500,-150.7500,30,-147.0000,52.2500,22,9.0000,43.2500,11.0000,1.0000,-43.7500,13.0000,-99.7500,14.0000,-133.2500,30.0000,-146.5000,,-146.5000
2025-11-24,2025,1,24637.5000,10.3750,93.7500,92.5000,93.7500,-58.5000,18,-37.0000,100.5000,30,1.0000,50.7500,,18.0000,-38.5000,,93.7500,,93.7500,,93.7500,,93.7500
2025-11-25,2025,-1,24844.2500,9.1250,139.0000,138.7500,139.0000,-34.2500,4,-24.0000,242.2500,18,8.0000,-5.5000,,3.0000,-23.7500,,139.0000,,139.0000,,139.0000,,139.0000
2025-11-26,2025,1,25265.0000,10.1250,-84.7500,-84.7500,-45.5000,-131.2500,28,-116.2500,15.2500,19,13.0000,34.7500,23.0000,2.0000,-24.5000,5.0000,-45.0000,24.0000,-64.5000,27.0000,-98.0000,,-84.7500
2025-11-28,2025,1,25377.7500,7.3750,6.0000,6.5000,-25.0000,-46.7500,9,-35.5000,44.2500,5,1.0000,7.2500,8.0000,8.0000,-25.0000,9.0000,-34.7500,,6.0000,,6.0000,,6.0000
2025-12-01,2025,-1,25262.7500,8.5000,-96.0000,-97.0000,-53.5000,-121.2500,28,-108.2500,53.5000,11,8.0000,44.0000,15.0000,1.0000,-20.5000,2.0000,-36.7500,5.0000,-52.0000,22.0000,-83.2500,27.0000,-103.0000
2025-12-02,2025,-1,25496.5000,5.7500,-141.2500,-140.7500,-102.0000,-149.5000,30,-145.2500,0.5000,1,22.0000,99.2500,26.0000,1.0000,-17.7500,2.0000,-29.7500,3.0000,-45.7500,4.0000,-89.0000,4.0000,-89.0000
2025-12-03,2025,1,25525.2500,26.8750,27.0000,26.5000,27.0000,-95.2500,21,-78.2500,30.2500,30,23.0000,53.5000,,7.0000,-62.2500,,27.0000,,27.0000,,27.0000,,27.0000
2025-12-04,2025,-1,25656.2500,9.7500,94.7500,94.7500,19.5000,-11.5000,1,18.2500,116.0000,26,2.0000,-18.7500,8.0000,,94.7500,,94.7500,,94.7500,,94.7500,,94.7500
2025-12-05,2025,1,25758.0000,7.3750,53.5000,53.0000,53.5000,-84.5000,9,-62.2500,56.0000,28,14.0000,49.5000,,7.0000,-27.0000,8.0000,-50.7500,8.0000,-50.7500,9.0000,-62.7500,,53.5000
2025-12-08,2025,1,25842.2500,6.0000,-77.0000,-78.0000,-60.0000,-120.7500,17,-105.5000,18.5000,1,12.0000,47.5000,15.0000,3.0000,-11.2500,4.0000,-26.5000,7.0000,-37.7500,9.0000,-49.7500,16.0000,-100.7500
2025-12-09,2025,-1,25569.7500,7.6250,-97.5000,-97.5000,-69.0000,-99.2500,30,-97.5000,9.7500,1,9.0000,63.5000,28.0000,1.0000,-19.0000,3.0000,-32.0000,5.0000,-55.5000,6.0000,-64.7500,30.0000,-97.5000
2025-12-10,2025,-1,25624.0000,6.6250,3.2500,3.2500,0.7500,-48.2500,15,-41.7500,57.0000,4,4.0000,-9.7500,5.0000,10.0000,-17.7500,13.0000,-30.2500,15.0000,-41.7500,,3.2500,,3.2500
2025-12-11,2025,-1,25603.5000,7.6250,167.7500,169.0000,4.0000,-27.2500,6,-4.0000,213.2500,28,8.0000,-9.2500,10.0000,,167.7500,,167.7500,,167.7500,,167.7500,,167.7500
2025-12-12,2025,-1,25552.7500,8.7500,37.0000,37.0000,37.0000,-66.7500,7,-56.2500,51.2500,18,10.0000,54.7500,,1.0000,-25.0000,4.0000,-38.5000,5.0000,-54.2500,,37.0000,,37.0000
2025-12-15,2025,-1,25636.5000,6.2500,174.7500,174.7500,174.7500,-1.7500,1,14.0000,199.7500,28,2.0000,0.5000,,,174.7500,,174.7500,,174.7500,,174.7500,,174.7500
2025-12-16,2025,1,25275.0000,12.2500,72.2500,73.2500,5.7500,-69.7500,14,-56.0000,134.0000,28,5.0000,-21.5000,8.0000,11.0000,-33.7500,13.0000,-55.7500,,72.2500,,72.2500,,72.2500
2025-12-17,2025,-1,25412.7500,9.2500,108.0000,107.5000,108.0000,-24.5000,1,-3.0000,167.2500,14,3.0000,-2.2500,,,108.0000,,108.0000,,108.0000,,108.0000,,108.0000
2025-12-18,2025,1,25304.7500,9.1250,-22.0000,-22.2500,-22.0000,-143.5000,17,-121.2500,5.2500,1,21.0000,94.2500,,1.0000,-30.2500,3.0000,-62.5000,3.0000,-62.5000,6.0000,-85.2500,9.0000,-117.7500
2025-12-19,2025,1,25444.5000,11.2500,123.5000,124.7500,-24.0000,-35.0000,6,-23.5000,155.7500,28,1.0000,21.7500,5.0000,5.0000,-24.0000,,123.5000,,123.5000,,123.5000,,123.5000
2025-12-22,2025,-1,25765.5000,5.0000,39.2500,39.0000,39.2500,-1.2500,1,14.7500,93.2500,10,2.0000,-0.2500,,,39.2500,,39.2500,,39.2500,,39.2500,,39.2500
2025-12-23,2025,1,25701.0000,7.2500,-52.2500,-51.5000,3.0000,-54.0000,30,-51.5000,50.2500,17,13.0000,-17.2500,22.0000,24.0000,-18.0000,29.0000,-37.2500,30.0000,-52.2500,,-52.2500,,-52.2500
2025-12-24,2025,1,25805.2500,4.0000,6.5000,6.5000,-14.5000,-18.7500,17,-14.2500,17.0000,3,10.0000,10.5000,14.0000,7.0000,-14.2500,,6.5000,,6.5000,,6.5000,,6.5000
2025-12-26,2025,-1,25883.5000,4.6250,40.2500,41.0000,40.2500,-51.7500,13,-46.2500,43.5000,30,17.0000,34.7500,,1.0000,-24.5000,1.0000,-24.5000,3.0000,-36.0000,4.0000,-40.0000,,40.2500
2025-12-29,2025,1,25709.0000,7.5000,14.7500,15.0000,14.7500,-7.0000,2,-0.5000,110.0000,5,1.0000,10.2500,,,14.7500,,14.7500,,14.7500,,14.7500,,14.7500
2025-12-30,2025,1,25724.5000,4.8750,18.7500,18.2500,18.7500,-50.2500,14,-43.7500,50.2500,25,17.0000,19.2500,,3.0000,-23.2500,3.0000,-23.2500,4.0000,-33.0000,13.0000,-44.0000,,18.7500
2025-12-31,2025,-1,25662.5000,4.8750,56.2500,56.2500,56.2500,-20.7500,3,-5.7500,81.0000,15,1.0000,15.7500,,,56.2500,,56.2500,,56.2500,,56.2500,,56.2500
2026-01-02,2026,-1,25670.0000,7.1250,-100.2500,-100.2500,-87.0000,-133.7500,18,-122.2500,31.7500,9,1.0000,35.0000,15.0000,4.0000,-27.5000,14.0000,-30.5000,15.0000,-87.0000,15.0000,-87.0000,15.0000,-87.0000
2026-01-05,2026,-1,25597.7500,7.8750,-17.2500,-16.7500,-17.2500,-34.7500,14,-26.5000,59.2500,9,25.0000,2.0000,29.0000,13.0000,-24.7500,,-17.2500,,-17.2500,,-17.2500,,-17.2500
2026-01-06,2026,1,25659.5000,6.6250,95.0000,95.0000,95.0000,-51.5000,10,-41.5000,113.2500,29,13.0000,16.2500,,6.0000,-24.7500,8.0000,-34.5000,9.0000,-41.0000,,95.0000,,95.0000
2026-01-07,2026,1,25795.0000,6.0000,33.5000,34.0000,33.5000,-0.5000,1,4.7500,85.0000,24,1.0000,4.0000,,,33.5000,,33.5000,,33.5000,,33.5000,,33.5000
2026-01-08,2026,-1,25747.0000,7.1250,163.5000,163.2500,163.5000,-13.2500,1,14.7500,175.0000,30,11.0000,-68.5000,,,163.5000,,163.5000,,163.5000,,163.5000,,163.5000
2026-01-09,2026,-1,25670.7500,11.7500,-77.0000,-77.7500,-78.5000,-119.5000,6,-93.7500,8.7500,2,17.0000,66.0000,21.0000,3.0000,-32.5000,4.0000,-52.2500,5.0000,-90.7500,,-77.0000,,-77.0000
2026-01-12,2026,1,25831.5000,8.0000,64.2500,64.7500,64.2500,-8.2500,1,4.0000,92.5000,19,3.0000,-14.2500,,,64.2500,,64.2500,,64.2500,,64.2500,,64.2500
2026-01-13,2026,-1,25949.5000,6.7500,43.7500,43.5000,43.7500,-93.2500,10,-90.2500,51.0000,30,12.0000,62.7500,,2.0000,-34.7500,2.0000,-34.7500,3.0000,-40.5000,7.0000,-59.0000,9.0000,-90.5000
2026-01-14,2026,-1,25690.2500,8.8750,144.0000,143.7500,144.0000,-100.0000,3,-89.5000,159.7500,28,5.0000,57.5000,,1.0000,-55.5000,1.0000,-55.5000,1.0000,-55.5000,2.0000,-89.2500,,144.0000
2026-01-15,2026,-1,25918.0000,8.3750,46.2500,45.5000,15.5000,-34.7500,13,-9.0000,75.0000,19,3.0000,-18.0000,11.0000,,46.2500,,46.2500,,46.2500,,46.2500,,46.2500
2026-01-16,2026,-1,25845.5000,8.1250,120.2500,120.2500,120.2500,-35.0000,4,-25.2500,134.5000,29,9.0000,12.5000,,1.0000,-20.5000,,120.2500,,120.2500,,120.2500,,120.2500
2026-01-26,2026,1,25755.5000,7.3750,87.5000,87.5000,87.5000,-23.0000,1,6.5000,98.0000,26,4.0000,-20.2500,,,87.5000,,87.5000,,87.5000,,87.5000,,87.5000
2026-01-27,2026,1,25994.0000,6.8750,65.0000,64.5000,65.0000,-76.7500,6,-74.2500,69.2500,30,9.0000,65.0000,,1.0000,-17.7500,2.0000,-32.0000,3.0000,-42.2500,4.0000,-60.2500,,65.0000
2026-01-28,2026,1,26282.5000,7.2500,-25.5000,-25.5000,-42.5000,-68.7500,4,-61.5000,18.5000,13,9.0000,33.5000,15.0000,1.0000,-20.0000,2.0000,-34.0000,3.0000,-47.5000,5.0000,-62.0000,,-25.5000
2026-01-29,2026,-1,26127.5000,9.0000,340.5000,340.0000,340.5000,-1.5000,1,18.0000,348.7500,30,2.0000,-10.0000,,,340.5000,,340.5000,,340.5000,,340.5000,,340.5000
2026-01-30,2026,-1,25838.2500,13.7500,16.2500,15.7500,16.2500,-101.7500,8,-89.7500,32.0000,27,11.0000,75.2500,,1.0000,-39.2500,3.0000,-57.2500,8.0000,-89.7500,,16.2500,,16.2500
2026-02-02,2026,1,25637.0000,9.8750,138.7500,138.2500,138.7500,-33.5000,2,-17.5000,162.5000,19,4.0000,-0.5000,,,138.7500,,138.7500,,138.7500,,138.7500,,138.7500
2026-02-03,2026,-1,25882.5000,8.2500,311.5000,311.0000,311.5000,-10.7500,3,7.2500,311.2500,30,6.0000,-31.0000,,,311.5000,,311.5000,,311.5000,,311.5000,,311.5000
2026-02-04,2026,-1,25268.2500,10.1250,134.7500,134.2500,-93.0000,-121.7500,11,-106.0000,160.2500,30,14.0000,62.2500,16.0000,3.0000,-75.2500,3.0000,-75.2500,3.0000,-75.2500,7.0000,-84.7500,,134.7500
2026-02-05,2026,-1,24720.2500,18.2500,6.5000,5.7500,6.5000,-240.5000,18,-212.2500,34.5000,30,24.0000,142.5000,,2.0000,-94.0000,2.0000,-94.0000,5.0000,-129.0000,6.0000,-164.7500,,6.5000
2026-02-06,2026,1,24834.0000,14.2500,-17.7500,-16.5000,-17.7500,-30.2500,30,-16.5000,150.0000,20,1.0000,58.0000,,,-17.7500,,-17.7500,,-17.7500,,-17.7500,,-17.7500
2026-02-10,2026,-1,25380.5000,6.1250,-19.7500,-21.2500,13.0000,-27.0000,26,-21.7500,124.7500,17,5.0000,-23.5000,22.0000,25.0000,-19.2500,,-19.7500,,-19.7500,,-19.7500,,-19.7500
2026-02-11,2026,-1,25428.5000,9.1250,149.0000,148.7500,149.0000,-8.2500,14,2.7500,150.5000,30,1.0000,3.7500,,,149.0000,,149.0000,,149.0000,,149.0000,,149.0000
2026-02-12,2026,1,25372.0000,6.7500,-132.5000,-133.0000,-132.5000,-193.7500,28,-184.0000,20.5000,6,30.0000,163.7500,,2.0000,-13.7500,11.0000,-29.5000,12.0000,-63.0000,12.0000,-63.0000,13.0000,-98.2500
2026-02-13,2026,1,24787.2500,16.7500,-21.5000,-19.5000,-21.5000,-208.5000,10,-187.5000,62.2500,16,12.0000,182.5000,,1.0000,-50.7500,2.0000,-68.0000,5.0000,-107.2500,8.0000,-166.2500,,-21.5000
2026-02-17,2026,1,24665.5000,13.1250,-154.2500,-152.5000,35.7500,-203.2500,28,-179.7500,150.2500,7,3.0000,-37.5000,12.0000,15.0000,-39.5000,18.0000,-81.2500,18.0000,-81.2500,21.0000,-139.0000,23.0000,-158.0000
2026-02-18,2026,-1,24783.5000,8.6250,-193.7500,-193.5000,-65.7500,-196.5000,30,-193.5000,27.7500,3,17.0000,50.5000,20.0000,1.0000,-20.0000,6.0000,-42.5000,10.0000,-59.0000,11.0000,-81.5000,23.0000,-121.2500
2026-02-19,2026,-1,24844.0000,8.0000,-65.7500,-66.0000,-3.0000,-76.0000,25,-66.0000,81.0000,4,4.0000,-10.2500,12.0000,20.0000,-27.7500,21.0000,-41.7500,23.0000,-63.0000,24.0000,-66.0000,,-65.7500
2026-02-20,2026,1,24782.0000,12.6250,216.2500,219.2500,216.2500,-8.5000,1,23.0000,301.0000,30,1.0000,42.0000,,,216.2500,,216.2500,,216.2500,,216.2500,,216.2500
2026-02-23,2026,1,25020.0000,8.1250,-106.5000,-105.2500,-111.7500,-162.2500,14,-151.5000,18.0000,1,19.0000,102.2500,26.0000,3.0000,-26.5000,8.0000,-91.0000,8.0000,-91.0000,8.0000,-91.0000,9.0000,-111.7500
2026-02-24,2026,-1,24768.2500,7.8750,-96.5000,-95.7500,-29.2500,-196.0000,16,-175.2500,73.7500,5,2.0000,-12.0000,6.0000,6.0000,-29.2500,7.0000,-35.5000,8.0000,-70.7500,8.0000,-70.7500,9.0000,-96.5000
2026-02-25,2026,1,25211.7500,7.3750,133.2500,133.0000,133.2500,-3.2500,1,11.2500,150.0000,28,12.0000,-52.5000,,,133.2500,,133.2500,,133.2500,,133.2500,,133.2500
2026-02-26,2026,-1,25283.2500,8.5000,126.2500,125.5000,22.7500,-12.5000,7,4.7500,149.0000,29,5.0000,-24.5000,6.0000,,126.2500,,126.2500,,126.2500,,126.2500,,126.2500
2026-02-27,2026,1,24880.5000,12.0000,47.2500,47.0000,-55.5000,-98.5000,11,-82.0000,73.0000,30,1.0000,41.0000,10.0000,5.0000,-37.0000,10.0000,-55.5000,11.0000,-81.7500,,47.2500,,47.2500
2026-03-02,2026,1,24781.5000,12.0000,92.0000,93.2500,92.0000,-3.2500,1,6.2500,117.0000,18,1.0000,36.0000,,,92.0000,,92.0000,,92.0000,,92.0000,,92.0000
2026-03-03,2026,1,24579.0000,20.8750,-104.0000,-103.5000,-27.0000,-105.0000,30,-103.5000,82.2500,7,5.0000,21.0000,10.0000,2.0000,-50.5000,26.0000,-90.0000,,-104.0000,,-104.0000,,-104.0000
2026-03-04,2026,1,24924.0000,14.1250,32.0000,29.2500,32.0000,-98.0000,13,-78.5000,59.2500,29,15.0000,73.7500,,4.0000,-39.5000,8.0000,-59.2500,,32.0000,,32.0000,,32.0000
2026-03-05,2026,1,25065.2500,13.3750,130.0000,129.2500,-1.7500,-29.2500,13,-20.7500,144.5000,28,2.0000,-6.0000,8.0000,,130.0000,,130.0000,,130.0000,,130.0000,,130.0000
2026-03-06,2026,1,24704.5000,18.1250,64.2500,65.0000,64.2500,-95.7500,4,-81.0000,72.7500,30,7.0000,60.0000,,3.0000,-53.0000,4.0000,-80.0000,,64.2500,,64.2500,,64.2500
2026-03-09,2026,1,24496.7500,15.3750,-96.7500,-97.2500,-96.7500,-183.7500,23,-172.5000,6.5000,1,24.0000,141.5000,,1.0000,-36.2500,4.0000,-66.5000,7.0000,-97.5000,10.0000,-136.0000,,-96.7500
2026-03-10,2026,1,25067.5000,12.8750,-112.2500,-113.0000,-82.7500,-147.5000,29,-136.7500,2.0000,1,13.0000,76.7500,23.0000,1.0000,-63.2500,1.0000,-63.2500,10.0000,-87.2500,11.0000,-103.0000,,-112.2500
2026-03-11,2026,1,25088.2500,12.1250,41.7500,43.0000,41.7500,-73.0000,19,-65.5000,91.7500,29,21.0000,57.7500,,15.0000,-32.5000,18.0000,-59.2500,,41.7500,,41.7500,,41.7500
2026-03-12,2026,-1,24773.2500,13.7500,48.5000,48.2500,48.5000,-61.2500,6,-44.0000,142.7500,24,11.0000,15.5000,,2.0000,-40.2500,,48.5000,,48.5000,,48.5000,,48.5000
2026-03-13,2026,1,24662.0000,11.8750,35.5000,35.7500,35.5000,-51.0000,4,-32.7500,143.2500,14,6.0000,26.0000,,3.0000,-28.5000,,35.5000,,35.5000,,35.5000,,35.5000
2026-03-16,2026,1,24900.5000,8.3750,41.7500,41.2500,41.7500,-20.5000,12,-15.0000,54.7500,26,14.0000,8.2500,,,41.7500,,41.7500,,41.7500,,41.7500,,41.7500
2026-03-17,2026,1,25059.0000,9.7500,4.5000,3.2500,4.5000,-14.0000,4,-9.5000,58.0000,15,1.0000,41.7500,,,4.5000,,4.5000,,4.5000,,4.5000,,4.5000
2026-03-18,2026,1,24940.2500,13.0000,-14.2500,-14.5000,0.2500,-17.0000,30,-14.5000,58.0000,14,4.0000,-4.0000,19.0000,,-14.2500,,-14.2500,,-14.2500,,-14.2500,,-14.2500
2026-03-19,2026,-1,24347.0000,18.1250,-173.2500,-172.5000,-173.2500,-182.7500,28,-182.5000,20.2500,4,,,,6.0000,-47.2500,9.0000,-99.5000,17.0000,-110.7500,19.0000,-149.7500,,-173.2500
2026-03-20,2026,-1,24414.0000,12.5000,127.2500,127.7500,127.2500,-56.0000,13,-43.5000,153.5000,29,15.0000,35.0000,,11.0000,-36.0000,,127.2500,,127.2500,,127.2500,,127.2500
2026-03-23,2026,-1,24465.7500,21.0000,-143.5000,-144.7500,-114.7500,-146.7500,30,-144.7500,21.2500,3,24.0000,114.2500,25.0000,6.0000,-63.2500,10.0000,-87.5000,20.0000,-128.0000,,-143.5000,,-143.5000
2026-03-24,2026,1,24289.5000,17.6250,-58.0000,-58.5000,-125.0000,-155.5000,20,-148.0000,24.2500,3,21.0000,122.5000,22.0000,4.0000,-42.5000,7.0000,-80.2500,8.0000,-111.0000,9.0000,-147.5000,,-58.0000
2026-03-25,2026,1,24460.2500,12.2500,-77.5000,-78.0000,13.7500,-132.7500,28,-118.0000,65.7500,6,5.0000,-19.0000,11.0000,17.0000,-41.2500,18.0000,-80.5000,18.0000,-80.5000,28.0000,-117.7500,,-77.5000
2026-03-26,2026,-1,24103.0000,10.0000,-105.5000,-106.2500,-112.7500,-130.2500,22,-128.7500,39.0000,7,26.0000,92.5000,27.0000,11.0000,-27.2500,12.0000,-54.5000,13.0000,-69.2500,15.0000,-82.7500,21.0000,-120.7500
2026-03-27,2026,-1,23607.0000,14.7500,91.7500,93.2500,-12.5000,-40.2500,16,-33.2500,154.0000,28,1.0000,5.7500,13.0000,16.0000,-32.7500,,91.7500,,91.7500,,91.7500,,91.7500
2026-03-30,2026,-1,23504.7500,9.6250,176.2500,176.5000,176.2500,-10.7500,1,12.0000,212.0000,26,2.0000,-3.2500,,,176.2500,,176.2500,,176.2500,,176.2500,,176.2500
2026-03-31,2026,-1,23389.5000,11.7500,-174.7500,-174.5000,-168.5000,-191.2500,28,-181.0000,7.5000,1,25.0000,159.0000,26.0000,1.0000,-35.7500,2.0000,-67.7500,14.0000,-89.7500,16.0000,-93.5000,21.0000,-152.2500
2026-04-01,2026,1,24123.7500,14.5000,28.0000,28.0000,-54.5000,-65.0000,16,-58.5000,71.0000,7,1.0000,38.7500,11.0000,11.0000,-54.5000,15.0000,-58.0000,,28.0000,,28.0000,,28.0000
2026-04-02,2026,1,23776.7500,13.8750,97.0000,98.0000,97.0000,-92.0000,8,-86.7500,144.5000,28,14.0000,66.0000,,3.0000,-42.0000,6.0000,-58.5000,7.0000,-87.7500,,97.0000,,97.0000
2026-04-06,2026,1,24316.5000,10.2500,39.5000,40.0000,39.5000,-70.7500,5,-61.5000,135.7500,28,10.0000,18.0000,,4.0000,-63.5000,4.0000,-63.5000,,39.5000,,39.5000,,39.5000
2026-04-07,2026,-1,24219.0000,11.1250,124.0000,122.7500,124.0000,-45.0000,5,-26.2500,138.5000,30,7.0000,22.5000,,4.0000,-23.5000,,124.0000,,124.0000,,124.0000,,124.0000
2026-04-08,2026,-1,25151.5000,8.6250,60.5000,61.0000,60.5000,-29.2500,4,-19.5000,87.5000,26,6.0000,15.2500,,3.0000,-19.7500,,60.5000,,60.5000,,60.5000,,60.5000
2026-04-09,2026,-1,25048.0000,7.7500,26.2500,26.2500,26.2500,-63.5000,13,-54.0000,42.5000,24,16.0000,46.0000,,9.0000,-27.0000,10.0000,-37.2500,11.0000,-54.5000,,26.2500,,26.2500
2026-04-10,2026,1,25357.7500,7.2500,-63.2500,-63.7500,-51.2500,-73.5000,29,-70.7500,11.5000,1,10.0000,44.0000,11.0000,2.0000,-20.7500,3.0000,-44.0000,3.0000,-44.0000,29.0000,-69.7500,,-63.2500
2026-04-13,2026,1,25203.2500,8.8750,100.2500,100.7500,100.2500,-43.2500,16,-37.2500,122.5000,29,17.0000,19.7500,,4.0000,-21.0000,15.0000,-36.7500,,100.2500,,100.2500,,100.2500
2026-04-14,2026,1,25705.0000,5.7500,24.2500,24.5000,24.2500,-3.2500,1,3.0000,58.7500,14,10.0000,-16.0000,,,24.2500,,24.2500,,24.2500,,24.2500,,24.2500
2026-04-15,2026,1,26022.7500,8.0000,50.7500,50.2500,50.7500,-40.5000,12,-32.0000,55.7500,30,15.0000,6.0000,,12.0000,-31.5000,,50.7500,,50.7500,,50.7500,,50.7500
2026-04-16,2026,-1,26392.0000,7.3750,80.5000,80.2500,80.5000,-16.7500,6,-8.7500,116.5000,23,19.0000,-28.5000,,,80.5000,,80.5000,,80.5000,,80.5000,,80.5000
2026-04-17,2026,-1,26681.0000,20.0000,-62.2500,-62.2500,-18.2500,-72.2500,29,-68.7500,51.5000,1,15.0000,11.2500,17.0000,19.0000,-51.7500,,-62.2500,,-62.2500,,-62.2500,,-62.2500
2026-04-20,2026,-1,26766.2500,9.7500,-2.2500,-3.0000,-37.0000,-50.0000,3,-46.0000,50.5000,17,7.0000,28.0000,24.0000,1.0000,-21.0000,2.0000,-44.2500,,-2.2500,,-2.2500,,-2.2500
2026-04-21,2026,-1,26749.7500,8.1250,-87.2500,-87.7500,-87.2500,-103.7500,28,-96.7500,23.0000,3,,,,11.0000,-20.0000,16.0000,-38.2500,21.0000,-50.5000,24.0000,-68.5000,,-87.2500
2026-04-22,2026,-1,26838.0000,10.0000,-47.2500,-47.0000,-24.2500,-61.7500,29,-58.2500,26.5000,19,1.0000,17.0000,13.0000,13.0000,-24.2500,28.0000,-48.7500,,-47.2500,,-47.2500,,-47.2500
2026-04-23,2026,1,27003.7500,8.2500,3.5000,3.0000,-19.7500,-33.7500,30,-20.7500,99.0000,16,4.0000,-5.7500,28.0000,28.0000,-19.7500,,3.5000,,3.5000,,3.5000,,3.5000
2026-04-24,2026,-1,27207.0000,9.0000,27.0000,26.5000,-33.0000,-53.0000,10,-41.2500,76.7500,24,12.0000,29.5000,17.0000,1.0000,-17.0000,7.0000,-39.7500,,27.0000,,27.0000,,27.0000
2026-04-27,2026,-1,27389.5000,9.7500,6.7500,6.5000,10.7500,-23.7500,6,-13.5000,91.0000,20,14.0000,-13.2500,22.0000,,6.7500,,6.7500,,6.7500,,6.7500,,6.7500
2026-04-28,2026,1,27136.7500,11.2500,51.0000,51.2500,51.0000,-11.7500,2,-2.7500,115.2500,17,1.0000,20.7500,,,51.0000,,51.0000,,51.0000,,51.0000,,51.0000
2026-04-29,2026,-1,27140.0000,9.5000,-66.2500,-65.7500,-66.2500,-95.7500,23,-88.7500,15.7500,3,29.0000,77.0000,,4.0000,-31.5000,5.0000,-39.5000,18.0000,-76.7500,18.0000,-76.7500,,-66.2500
2026-04-30,2026,-1,27401.2500,9.2500,106.5000,107.2500,106.5000,-17.5000,1,41.5000,198.2500,26,2.0000,-15.2500,,,106.5000,,106.5000,,106.5000,,106.5000,,106.5000
2026-05-01,2026,1,27702.7500,8.1250,182.5000,181.7500,182.5000,-6.7500,1,16.5000,188.2500,30,2.0000,0.2500,,,182.5000,,182.5000,,182.5000,,182.5000,,182.5000
